# barricade_stones_LOD0
v -0.596136808 1.25536239 -0.599329293
v -0.304685295 1.24617422 -0.596173763
v -0.600466788 0.96627444 -0.603578746
v -0.313816935 0.951352119 -0.610018194
v -0.290891498 0.632690191 -0.602555692
v -0.014464112 0.939016104 -0.600674033
v -0.577657521 0.647438884 -0.580687881
v -0.565922737 0.00960311666 -0.575788498
v -0.00980110187 1.24904656 -0.595515788
v -0.292383552 1.2693336 -0.595092416
v 0.28954038 1.24494517 -0.607742071
v -0.299976647 0.313733786 -0.596879601
v -0.000654525589 0.301295608 -0.601170897
v -0.00723068742 -0.0175654795 -0.585022032
v 0.568895757 -0.00374897313 -0.560850799
v 0.00836391561 0.620315969 -0.598207355
v 0.307577044 0.619971097 -0.605243504
v 0.298616201 0.300847203 -0.584258556
v 0.606926203 0.634188116 -0.572336733
v 0.583723187 0.953123212 -0.583765566
v 0.284713 0.938561916 -0.616066635
v 0.4061566 1.22482455 -0.603313982
v 0.406369805 1.25062644 -0.603340387
v 0.588002145 1.23936248 -0.595197797
v -0.304734766 1.2458564 -0.587012768
v -0.596240163 1.25522935 -0.590164185
v -0.600227654 0.96633929 -0.594415486
v -0.31385383 0.951246142 -0.600852251
v -0.290664047 0.632869184 -0.593393624
v -0.0143715376 0.938981771 -0.591507912
v -0.576940119 0.647851944 -0.571558714
v -0.565542877 0.00991494302 -0.566635013
v -0.00962796342 1.24888456 -0.58635217
v -0.292399883 1.26891446 -0.585935354
v 0.289550304 1.24473774 -0.598577738
v -0.299669802 0.314010829 -0.587722242
v -0.000760834024 0.301596224 -0.592009783
v -0.00734000979 -0.0170996096 -0.575867832
v 0.568360031 -0.00336763356 -0.551707804
v 0.00841035508 0.620309174 -0.589040875
v 0.307164431 0.620229542 -0.59608984
v 0.298254162 0.301322818 -0.575111389
v 0.605913639 0.634426892 -0.563229322
v 0.582828879 0.953316808 -0.574644744
v 0.284509659 0.938633502 -0.60690254
v 0.405646622 1.22484577 -0.59416157
v 0.406024128 1.25063872 -0.594180226
v 0.587564051 1.23973441 -0.586049199
v 0.568360031 -0.00336763356 -0.551707804
v 0.568895757 -0.00374897313 -0.560850799
v 0.606926203 0.634188116 -0.572336733
v 0.605913639 0.634426892 -0.563229322
v 0.583723187 0.953123212 -0.583765566
v 0.582828879 0.953316808 -0.574644744
v 0.588002145 1.23936248 -0.595197797
v 0.587564051 1.23973441 -0.586049199
v -0.00734000979 -0.0170996096 -0.575867832
v 0.568895757 -0.00374897313 -0.560850799
v 0.568360031 -0.00336763356 -0.551707804
v -0.00723068742 -0.0175654795 -0.585022032
v -0.565542877 0.00991494302 -0.566635013
v -0.565922737 0.00960311666 -0.575788498
v -0.576940119 0.647851944 -0.571558714
v -0.565922737 0.00960311666 -0.575788498
v -0.565542877 0.00991494302 -0.566635013
v -0.577657521 0.647438884 -0.580687881
v -0.600227654 0.96633929 -0.594415486
v -0.600466788 0.96627444 -0.603578746
v -0.596240163 1.25522935 -0.590164185
v -0.596136808 1.25536239 -0.599329293
v -0.304734766 1.2458564 -0.587012768
v -0.304685295 1.24617422 -0.596173763
v -0.596136808 1.25536239 -0.599329293
v -0.596240163 1.25522935 -0.590164185
v -0.00962796342 1.24888456 -0.58635217
v -0.292383552 1.2693336 -0.595092416
v -0.292399883 1.26891446 -0.585935354
v -0.00980110187 1.24904656 -0.595515788
v 0.289550304 1.24473774 -0.598577738
v 0.28954038 1.24494517 -0.607742071
v 0.406024128 1.25063872 -0.594180226
v 0.406369805 1.25062644 -0.603340387
v -0.292399883 1.26891446 -0.585935354
v -0.292383552 1.2693336 -0.595092416
v -0.304685295 1.24617422 -0.596173763
v -0.304734766 1.2458564 -0.587012768
v 0.405646622 1.22484577 -0.59416157
v 0.4061566 1.22482455 -0.603313982
v 0.406369805 1.25062644 -0.603340387
v 0.406024128 1.25063872 -0.594180226
v 0.587564051 1.23973441 -0.586049199
v 0.588002145 1.23936248 -0.595197797
v 0.4061566 1.22482455 -0.603313982
v 0.405646622 1.22484577 -0.59416157
v -0.589927673 1.19806933 0.425628036
v -0.589927673 1.19647789 0.592171907
v -0.479783475 1.2182219 0.592171907
v -0.355796874 1.22937477 0.315841019
v -0.589927673 1.2026211 0.297445089
v -0.33794567 1.18072021 0.600227475
v -0.475413203 1.2399888 0.211321533
v -0.592417717 1.21036339 -0.0766474605
v -0.475985199 1.26532388 0.0353461094
v -0.347064555 1.2537967 -0.0833361819
v -0.182698011 1.22521043 0.192820862
v -0.184862807 1.16412175 0.286691636
v -0.454985768 1.2580626 -0.182573721
v -0.597358167 1.21935475 -0.248729497
v -0.40286082 1.2382133 -0.26976043
v -0.598409295 1.19261813 -0.318718582
v -0.302563816 1.21017611 0.355144531
v -0.258632034 1.21689034 0.494633019
v -0.12584345 1.20711601 0.594217718
v -0.223330662 1.21405602 0.426590711
v -0.0950664282 1.2081151 0.525066137
v -0.0307077859 1.1570189 0.592171907
v -0.00271840091 1.20042121 0.309437454
v 0.0532263666 1.22477305 0.355288386
v 0.0143140191 1.18522286 0.592171907
v 0.331378132 1.15120971 0.592171907
v 0.358607858 1.16804636 0.409346431
v 0.378550649 1.16148889 0.592171907
v -0.13416855 1.23585451 0.252515435
v 0.0798674971 1.19491601 0.302184969
v 0.408450544 1.23700297 0.430240214
v 0.376042843 1.2033869 0.213035598
v 0.589927256 1.18823981 0.592171907
v 0.594511867 1.21668315 0.434110999
v 0.597840667 1.2062664 0.222845659
v 0.296156675 1.24423456 0.328828305
v 0.208446562 1.27409685 0.206028476
v 0.0655960217 1.20409691 0.245278522
v 0.302325517 1.25151372 0.203419089
v 0.245184571 1.24515629 0.161833152
v 0.324530721 1.19909883 0.0259394981
v 0.50172174 1.24382663 0.054944139
v 0.149572805 1.18593717 0.136746541
v 0.0516168624 1.18267131 0.20429939
v 0.532150686 1.24112785 -0.0864750296
v 0.589927256 1.14667404 -0.226680219
v 0.0106441202 1.27020121 0.131778345
v 0.0858054981 1.20692337 0.0853079557
v 0.333762974 1.22628236 -0.113315545
v 0.398234129 1.15154421 -0.191985905
v -0.0720259249 1.2734257 0.0852632672
v -0.011846263 1.25891709 0.0326430053
v 0.0855794474 1.29707694 0.0400584862
v 0.0873003826 1.30121243 -0.027365366
v -0.0143720405 1.21448112 -0.125011206
v -0.0836071223 1.19487906 0.0361906104
v 0.196551457 1.20244348 -0.137192801
v -0.104112566 1.20696795 -0.076309137
v -0.16760996 1.23391879 -0.0894161984
v -0.203083694 1.21490121 -0.19675605
v -0.28984946 1.20275867 -0.212731585
v 0.225902572 1.27887452 -0.225963622
v 0.0505009033 1.18781316 -0.219942853
v -0.0919048637 1.24352944 -0.284234971
v -0.268761963 1.32867455 -0.325803787
v -0.333310574 1.28109145 -0.329158992
v 0.263717473 1.25793386 -0.262785822
v 0.0745665655 1.25488746 -0.299798638
v 0.309977442 1.17671645 -0.316974908
v 0.00758734904 1.15665007 -0.33725819
v -0.0890746862 1.17338943 -0.440256178
v 0.0816543549 1.15829241 -0.373110205
v -0.179723054 1.30337536 -0.345141739
v -0.256725311 1.30862021 -0.430330902
v -0.29487446 1.19010842 -0.454408854
v 0.533693969 1.18064058 -0.351849437
v 0.589927256 1.16358078 -0.592171788
v 0.510287642 1.19192672 -0.592171788
v 0.371923715 1.17779803 -0.597917497
v 0.205359891 1.19004619 -0.597365737
v -0.017780466 1.1774224 -0.592171788
v -0.143359855 1.13176203 -0.592171788
v -0.178360611 1.16647828 -0.521794856
v -0.378795505 1.18576229 -0.592171788
v -0.466275901 1.22554147 -0.486254573
v -0.476811498 1.20839286 -0.592171788
v -0.589927673 1.18063128 -0.592171788
v -0.403610229 1.18907213 -0.366219819
v -0.514151812 1.19029856 -0.455737412
v -0.599329174 1.25536239 0.596136928
v -0.596173704 1.24617422 0.304685324
v -0.603578687 0.966274619 0.600466967
v -0.610018075 0.951352298 0.313817024
v -0.602555633 0.632690191 0.290891528
v -0.600674033 0.939016104 0.0144641325
v -0.580687761 0.647438884 0.57765764
v -0.575788319 0.00960311666 0.565922916
v -0.595515668 1.24904656 0.00980112143
v -0.595092356 1.2693336 0.292383552
v -0.607741892 1.24494517 -0.28954041
v -0.596879542 0.313733786 0.299976707
v -0.601170838 0.301295608 0.000654548814
v -0.585021913 -0.0175654814 0.00723070418
v -0.560850739 -0.0037489736 -0.568895876
v -0.598207355 0.620315909 -0.00836389791
v -0.605243504 0.619971097 -0.307577074
v -0.584258437 0.300847173 -0.298616201
v -0.572336733 0.634188175 -0.606926203
v -0.583765566 0.953123212 -0.583723307
v -0.616066515 0.938561916 -0.284713
v -0.603313982 1.22482455 -0.4061566
v -0.603340387 1.25062644 -0.406369835
v -0.595197678 1.23936248 -0.588002205
v -0.587012708 1.2458564 0.304734796
v -0.590164006 1.25522935 0.596240282
v -0.594415367 0.966339469 0.600227714
v -0.600852191 0.951246262 0.31385386
v -0.593393564 0.632869184 0.290664047
v -0.591507792 0.938981771 0.0143715609
v -0.571558654 0.647851944 0.576940298
v -0.566634834 0.00991494488 0.565543056
v -0.58635205 1.24888456 0.0096279867
v -0.585935295 1.26891446 0.292399883
v -0.598577678 1.24473774 -0.289550334
v -0.587722182 0.314010829 0.299669892
v -0.592009664 0.301596224 0.000760857365
v -0.575867772 -0.0170996096 0.00734003307
v -0.551707685 -0.00336763356 -0.568360031
v -0.589040756 0.620309174 -0.00841033831
v -0.59608984 0.620229483 -0.307164431
v -0.57511133 0.301322818 -0.298254162
v -0.563229322 0.634426951 -0.605913699
v -0.574644685 0.953316808 -0.582828939
v -0.606902361 0.938633502 -0.284509659
v -0.59416151 1.22484577 -0.405646652
v -0.594180226 1.25063872 -0.406024128
v -0.58604908 1.23973441 -0.587564051
v -0.551707685 -0.00336763356 -0.568360031
v -0.560850739 -0.0037489736 -0.568895876
v -0.572336733 0.634188175 -0.606926203
v -0.563229322 0.634426951 -0.605913699
v -0.583765566 0.953123212 -0.583723307
v -0.574644685 0.953316808 -0.582828939
v -0.595197678 1.23936248 -0.588002205
v -0.58604908 1.23973441 -0.587564051
v -0.575867772 -0.0170996096 0.00734003307
v -0.560850739 -0.0037489736 -0.568895876
v -0.551707685 -0.00336763356 -0.568360031
v -0.585021913 -0.0175654814 0.00723070418
v -0.566634834 0.00991494488 0.565543056
v -0.575788319 0.00960311666 0.565922916
v -0.571558654 0.647851944 0.576940298
v -0.575788319 0.00960311666 0.565922916
v -0.566634834 0.00991494488 0.565543056
v -0.580687761 0.647438884 0.57765764
v -0.594415367 0.966339469 0.600227714
v -0.603578687 0.966274619 0.600466967
v -0.590164006 1.25522935 0.596240282
v -0.599329174 1.25536239 0.596136928
v -0.587012708 1.2458564 0.304734796
v -0.596173704 1.24617422 0.304685324
v -0.599329174 1.25536239 0.596136928
v -0.590164006 1.25522935 0.596240282
v -0.58635205 1.24888456 0.0096279867
v -0.595092356 1.2693336 0.292383552
v -0.585935295 1.26891446 0.292399883
v -0.595515668 1.24904656 0.00980112143
v -0.598577678 1.24473774 -0.289550334
v -0.607741892 1.24494517 -0.28954041
v -0.594180226 1.25063872 -0.406024128
v -0.603340387 1.25062644 -0.406369835
v -0.585935295 1.26891446 0.292399883
v -0.595092356 1.2693336 0.292383552
v -0.596173704 1.24617422 0.304685324
v -0.587012708 1.2458564 0.304734796
v -0.59416151 1.22484577 -0.405646652
v -0.603313982 1.22482455 -0.4061566
v -0.603340387 1.25062644 -0.406369835
v -0.594180226 1.25063872 -0.406024128
v -0.58604908 1.23973441 -0.587564051
v -0.595197678 1.23936248 -0.588002205
v -0.603313982 1.22482455 -0.4061566
v -0.59416151 1.22484577 -0.405646652
v 0.596136868 1.25536239 0.599329293
v 0.304685384 1.24617422 0.596173763
v 0.600466967 0.966274619 0.603578746
v 0.313817114 0.951352298 0.610018313
v 0.290891618 0.632690132 0.602555692
v 0.0144642312 0.939016104 0.600674093
v 0.57765764 0.647438884 0.580687881
v 0.565922916 0.00960311573 0.575788438
v 0.00980122108 1.24904656 0.595515788
v 0.292383641 1.2693336 0.595092416
v -0.289540291 1.24494517 0.607742071
v 0.299976766 0.313733786 0.596879542
v 0.000654647767 0.301295608 0.601170838
v 0.00723080384 -0.0175654795 0.585022032
v -0.568895698 -0.0037489736 0.560850918
v -0.00836379547 0.620315969 0.598207474
v -0.307576925 0.619971097 0.605243564
v -0.298616111 0.300847203 0.584258556
v -0.606926024 0.634188116 0.572336912
v -0.583723068 0.953123271 0.583765745
v -0.284712911 0.938562095 0.616066694
v -0.40615648 1.22482455 0.603313982
v -0.406369776 1.25062644 0.603340447
v -0.588002026 1.23936248 0.595197916
v 0.304734886 1.2458564 0.587012768
v 0.596240282 1.25522935 0.590164185
v 0.600227714 0.966339469 0.594415367
v 0.313853979 0.951246262 0.600852251
v 0.290664166 0.632869124 0.593393624
v 0.0143716531 0.938981771 0.591507971
v 0.576940238 0.647851944 0.571558774
v 0.565543056 0.00991494488 0.566635013
v 0.0096280789 1.24888456 0.58635217
v 0.292400032 1.26891446 0.585935354
v -0.289550215 1.24473774 0.598577917
v 0.299669921 0.314010829 0.587722242
v 0.000760944618 0.301596195 0.592009783
v 0.00734012574 -0.0170996096 0.575867891
v -0.568359852 -0.00336763356 0.551707804
v -0.00841024239 0.620309174 0.589040935
v -0.307164341 0.620229483 0.596090019
v -0.298254073 0.301322818 0.575111389
v -0.60591352 0.634426951 0.563229501
v -0.58282876 0.953316867 0.574644864
v -0.284509569 0.938633621 0.60690254
v -0.405646533 1.22484577 0.59416157
v -0.406024039 1.25063872 0.594180346
v -0.587563932 1.23973441 0.586049318
v -0.568359852 -0.00336763356 0.551707804
v -0.568895698 -0.0037489736 0.560850918
v -0.606926024 0.634188116 0.572336912
v -0.60591352 0.634426951 0.563229501
v -0.583723068 0.953123271 0.583765745
v -0.58282876 0.953316867 0.574644864
v -0.588002026 1.23936248 0.595197916
v -0.587563932 1.23973441 0.586049318
v 0.00734012574 -0.0170996096 0.575867891
v -0.568895698 -0.0037489736 0.560850918
v -0.568359852 -0.00336763356 0.551707804
v 0.00723080384 -0.0175654795 0.585022032
v 0.565543056 0.00991494488 0.566635013
v 0.565922916 0.00960311573 0.575788438
v 0.576940238 0.647851944 0.571558774
v 0.565922916 0.00960311573 0.575788438
v 0.565543056 0.00991494488 0.566635013
v 0.57765764 0.647438884 0.580687881
v 0.600227714 0.966339469 0.594415367
v 0.600466967 0.966274619 0.603578746
v 0.596240282 1.25522935 0.590164185
v 0.596136868 1.25536239 0.599329293
v 0.304734886 1.2458564 0.587012768
v 0.304685384 1.24617422 0.596173763
v 0.596136868 1.25536239 0.599329293
v 0.596240282 1.25522935 0.590164185
v 0.0096280789 1.24888456 0.58635217
v 0.292383641 1.2693336 0.595092416
v 0.292400032 1.26891446 0.585935354
v 0.00980122108 1.24904656 0.595515788
v -0.289550215 1.24473774 0.598577917
v -0.289540291 1.24494517 0.607742071
v -0.406024039 1.25063872 0.594180346
v -0.406369776 1.25062644 0.603340447
v 0.292400032 1.26891446 0.585935354
v 0.292383641 1.2693336 0.595092416
v 0.304685384 1.24617422 0.596173763
v 0.304734886 1.2458564 0.587012768
v -0.405646533 1.22484577 0.59416157
v -0.40615648 1.22482455 0.603313982
v -0.406369776 1.25062644 0.603340447
v -0.406024039 1.25063872 0.594180346
v -0.587563932 1.23973441 0.586049318
v -0.588002026 1.23936248 0.595197916
v -0.40615648 1.22482455 0.603313982
v -0.405646533 1.22484577 0.59416157
v 0.599329233 1.25536239 -0.596136868
v 0.596173823 1.24617422 -0.304685295
v 0.603578687 0.96627444 -0.600466847
v 0.610018194 0.951352119 -0.313817024
v 0.602555692 0.632690132 -0.290891528
v 0.600674033 0.939016104 -0.0144641148
v 0.580687881 0.647438884 -0.57765764
v 0.575788498 0.00960311666 -0.565922856
v 0.595515728 1.24904656 -0.00980109815
v 0.595092356 1.2693336 -0.292383552
v 0.607742012 1.24494517 0.28954041
v 0.596879601 0.313733757 -0.299976677
v 0.601170897 0.301295608 -0.000654525589
v 0.585022032 -0.0175654795 -0.00723068463
v 0.560850799 -0.00374897313 0.568895876
v 0.598207355 0.620315909 0.00836391561
v 0.605243504 0.619971097 0.307577074
v 0.584258497 0.300847203 0.29861629
v 0.572336733 0.634188116 0.606926322
v 0.583765566 0.953123271 0.583723247
v 0.616066575 0.938562095 0.284713119
v 0.603313982 1.22482455 0.406156659
v 0.603340387 1.25062644 0.406369925
v 0.595197678 1.23936248 0.588002205
v 0.587012708 1.2458564 -0.304734766
v 0.590164185 1.25522935 -0.596240282
v 0.594415486 0.96633929 -0.600227714
v 0.600852311 0.951246142 -0.31385386
v 0.593393624 0.632869124 -0.290664047
v 0.591507912 0.938981771 -0.0143715404
v 0.571558714 0.647851944 -0.576940119
v 0.566634953 0.00991494302 -0.565542936
v 0.58635217 1.24888456 -0.00962795969
v 0.585935295 1.26891446 -0.292399883
v 0.598577738 1.24473774 0.289550334
v 0.587722242 0.314010829 -0.299669802
v 0.592009783 0.301596224 -0.000760834024
v 0.575867832 -0.0170996096 -0.00734000979
v 0.551707685 -0.00336763356 0.568360031
v 0.589040875 0.620309174 0.00841035508
v 0.5960899 0.620229542 0.30716446
v 0.57511133 0.301322818 0.298254281
v 0.563229322 0.634426951 0.605913818
v 0.574644744 0.953316867 0.582828939
v 0.60690248 0.938633621 0.284509778
v 0.59416151 1.22484577 0.405646652
v 0.594180226 1.25063872 0.406024158
v 0.586049199 1.23973441 0.587564051
v 0.551707685 -0.00336763356 0.568360031
v 0.560850799 -0.00374897313 0.568895876
v 0.572336733 0.634188116 0.606926322
v 0.563229322 0.634426951 0.605913818
v 0.583765566 0.953123271 0.583723247
v 0.574644744 0.953316867 0.582828939
v 0.595197678 1.23936248 0.588002205
v 0.586049199 1.23973441 0.587564051
v 0.575867832 -0.0170996096 -0.00734000979
v 0.560850799 -0.00374897313 0.568895876
v 0.551707685 -0.00336763356 0.568360031
v 0.585022032 -0.0175654795 -0.00723068463
v 0.566634953 0.00991494302 -0.565542936
v 0.575788498 0.00960311666 -0.565922856
v 0.571558714 0.647851944 -0.576940119
v 0.575788498 0.00960311666 -0.565922856
v 0.566634953 0.00991494302 -0.565542936
v 0.580687881 0.647438884 -0.57765764
v 0.594415486 0.96633929 -0.600227714
v 0.603578687 0.96627444 -0.600466847
v 0.590164185 1.25522935 -0.596240282
v 0.599329233 1.25536239 -0.596136868
v 0.587012708 1.2458564 -0.304734766
v 0.596173823 1.24617422 -0.304685295
v 0.599329233 1.25536239 -0.596136868
v 0.590164185 1.25522935 -0.596240282
v 0.58635217 1.24888456 -0.00962795969
v 0.595092356 1.2693336 -0.292383552
v 0.585935295 1.26891446 -0.292399883
v 0.595515728 1.24904656 -0.00980109815
v 0.598577738 1.24473774 0.289550334
v 0.607742012 1.24494517 0.28954041
v 0.594180226 1.25063872 0.406024158
v 0.603340387 1.25062644 0.406369925
v 0.585935295 1.26891446 -0.292399883
v 0.595092356 1.2693336 -0.292383552
v 0.596173823 1.24617422 -0.304685295
v 0.587012708 1.2458564 -0.304734766
v 0.59416151 1.22484577 0.405646652
v 0.603313982 1.22482455 0.406156659
v 0.603340387 1.25062644 0.406369925
v 0.594180226 1.25063872 0.406024158
v 0.586049199 1.23973441 0.587564051
v 0.595197678 1.23936248 0.588002205
v 0.603313982 1.22482455 0.406156659
v 0.59416151 1.22484577 0.405646652
v 0.575114131 9.19377356E-08 -0.572457612
v 0.575951576 0.00102225272 0.571091473
v -0.571254075 -8.09396852E-08 0.572457731
v -0.571254075 9.19377356E-08 -0.572457612
v -0.517037809 1.22065842 -0.614787102
v -0.508624673 1.21224475 -0.614866495
v -0.607764125 1.22065842 -0.613932967
v -0.508624732 -0.00183429441 -0.614866614
v -0.607764125 -0.0102479877 -0.613932848
v -0.517037928 -0.0102478545 -0.61478734
v -0.619314373 1.22065818 -0.602688074
v -0.619314373 -0.0102479896 -0.602687895
v -0.620247662 1.21224463 -0.503168404
v -0.620168805 1.22065818 -0.511581719
v -0.620247722 -0.00183444435 -0.503168523
v -0.620168865 -0.0102480035 -0.511581719
v -0.607764125 1.22065842 -0.613932967
v -0.516979098 1.22065818 -0.60256356
v -0.517037809 1.22065842 -0.614787102
v -0.603505909 1.22065818 -0.59821862
v -0.619314373 1.22065818 -0.602688074
v -0.620168805 1.22065818 -0.511581719
v -0.607949257 1.22065818 -0.511523187
v -0.517037928 -0.0102478545 -0.61478734
v -0.516979158 -0.0102478024 -0.602563739
v -0.603505909 -0.0102479886 -0.598218739
v -0.607764125 -0.0102479877 -0.613932848
v -0.619314373 -0.0102479896 -0.602687895
v -0.607949257 -0.0102480026 -0.511523306
v -0.620168865 -0.0102480035 -0.511581719
v -0.516979098 1.22065818 -0.60256356
v -0.508624673 1.21224475 -0.614866495
v -0.517037809 1.22065842 -0.614787102
v -0.508566022 1.21224463 -0.602648258
v -0.508624732 -0.00183429441 -0.614866614
v -0.508566022 -0.00183427997 -0.602648437
v -0.517037928 -0.0102478545 -0.61478734
v -0.516979158 -0.0102478024 -0.602563739
v -0.620168805 1.22065818 -0.511581719
v -0.608033419 1.21224463 -0.503109992
v -0.607949257 1.22065818 -0.511523187
v -0.620247662 1.21224463 -0.503168404
v -0.608033538 -0.00183444412 -0.503110111
v -0.620247722 -0.00183444435 -0.503168523
v -0.607949257 -0.0102480026 -0.511523306
v -0.620168865 -0.0102480035 -0.511581719
v -0.516979098 1.22065818 -0.60256356
v -0.603505909 1.22065818 -0.59821862
v -0.508566022 1.21224463 -0.602648258
v -0.508566022 -0.00183427997 -0.602648437
v -0.603505909 -0.0102479886 -0.598218739
v -0.516979158 -0.0102478024 -0.602563739
v -0.608033419 1.21224463 -0.503109992
v -0.607949257 1.22065818 -0.511523187
v -0.608033538 -0.00183444412 -0.503110111
v -0.607949257 -0.0102480026 -0.511523306
v 0.614787519 -0.0102476487 -0.517037809
v 0.613933384 -0.010247645 -0.607764125
v 0.614866734 -0.00183408929 -0.508624673
v 0.614866614 1.21224487 -0.508624792
v 0.613932848 1.22065854 -0.607764125
v 0.614787221 1.22065854 -0.517037928
v 0.602688491 -0.0102477772 -0.619314432
v 0.602687895 1.22065854 -0.619314432
v 0.503168762 -0.00183421641 -0.620247722
v 0.511582077 -0.0102477772 -0.620168865
v 0.503168523 1.21224487 -0.620247781
v 0.511581719 1.22065854 -0.620168924
v 0.613933384 -0.010247645 -0.607764125
v 0.614787519 -0.0102476487 -0.517037809
v 0.602563918 -0.0102475835 -0.516979098
v 0.598218977 -0.0102477791 -0.603505909
v 0.602688491 -0.0102477772 -0.619314432
v 0.511582077 -0.0102477772 -0.620168865
v 0.511523604 -0.0102477791 -0.607949257
v 0.614787221 1.22065854 -0.517037928
v 0.598218739 1.22065854 -0.603505969
v 0.602563739 1.22065854 -0.516979158
v 0.613932848 1.22065854 -0.607764125
v 0.602687895 1.22065854 -0.619314432
v 0.511523306 1.22065854 -0.607949376
v 0.511581719 1.22065854 -0.620168924
v 0.602563918 -0.0102475835 -0.516979098
v 0.614787519 -0.0102476487 -0.517037809
v 0.614866734 -0.00183408929 -0.508624673
v 0.602648616 -0.00183408929 -0.508566022
v 0.614866614 1.21224487 -0.508624792
v 0.602648437 1.21224475 -0.508566022
v 0.614787221 1.22065854 -0.517037928
v 0.602563739 1.22065854 -0.516979158
v 0.511582077 -0.0102477772 -0.620168865
v 0.511523604 -0.0102477791 -0.607949257
v 0.50311029 -0.00183421699 -0.608033478
v 0.503168762 -0.00183421641 -0.620247722
v 0.503110111 1.21224487 -0.608033657
v 0.503168523 1.21224487 -0.620247781
v 0.511523306 1.22065854 -0.607949376
v 0.511581719 1.22065854 -0.620168924
v 0.602563918 -0.0102475835 -0.516979098
v 0.602648616 -0.00183408929 -0.508566022
v 0.598218977 -0.0102477791 -0.603505909
v 0.602648437 1.21224475 -0.508566022
v 0.598218739 1.22065854 -0.603505969
v 0.602563739 1.22065854 -0.516979158
v 0.50311029 -0.00183421699 -0.608033478
v 0.511523604 -0.0102477791 -0.607949257
v 0.503110111 1.21224487 -0.608033657
v 0.511523306 1.22065854 -0.607949376
v -0.61478734 -0.0102476943 0.517037868
v -0.613933265 -0.010247699 0.607764244
v -0.614866734 -0.00183413387 0.508624792
v -0.614866555 1.21224487 0.508624852
v -0.613932788 1.22065854 0.607764125
v -0.614787221 1.22065854 0.517037988
v -0.602688313 -0.010247699 0.619314492
v -0.602687716 1.22065854 0.619314432
v -0.503168643 -0.00183413865 0.620247781
v -0.511581957 -0.010247699 0.620168865
v -0.503168464 1.21224499 0.620247841
v -0.511581659 1.22065854 0.620168924
v -0.613933265 -0.010247699 0.607764244
v -0.61478734 -0.0102476943 0.517037868
v -0.602563858 -0.0102476282 0.516979158
v -0.598218918 -0.010247699 0.603506088
v -0.602688313 -0.010247699 0.619314492
v -0.511581957 -0.010247699 0.620168865
v -0.511523426 -0.010247699 0.607949376
v -0.614787221 1.22065854 0.517037988
v -0.59821856 1.22065854 0.603506088
v -0.60256356 1.22065854 0.516979218
v -0.613932788 1.22065854 0.607764125
v -0.602687716 1.22065854 0.619314432
v -0.511523187 1.22065854 0.607949376
v -0.511581659 1.22065854 0.620168924
v -0.602563858 -0.0102476282 0.516979158
v -0.61478734 -0.0102476943 0.517037868
v -0.614866734 -0.00183413387 0.508624792
v -0.602648556 -0.00183413387 0.508566141
v -0.614866555 1.21224487 0.508624852
v -0.602648318 1.21224487 0.508566141
v -0.614787221 1.22065854 0.517037988
v -0.60256356 1.22065854 0.516979218
v -0.511581957 -0.010247699 0.620168865
v -0.511523426 -0.010247699 0.607949376
v -0.50311017 -0.00183413818 0.608033538
v -0.503168643 -0.00183413865 0.620247781
v -0.503109992 1.21224499 0.608033657
v -0.503168464 1.21224499 0.620247841
v -0.511523187 1.22065854 0.607949376
v -0.511581659 1.22065854 0.620168924
v -0.602563858 -0.0102476282 0.516979158
v -0.602648556 -0.00183413387 0.508566141
v -0.598218918 -0.010247699 0.603506088
v -0.602648318 1.21224487 0.508566141
v -0.59821856 1.22065854 0.603506088
v -0.60256356 1.22065854 0.516979218
v -0.50311017 -0.00183413818 0.608033538
v -0.511523426 -0.010247699 0.607949376
v -0.503109992 1.21224499 0.608033657
v -0.511523187 1.22065854 0.607949376
v 0.517037928 1.22065842 0.614786983
v 0.508624792 1.21224475 0.614866316
v 0.607764244 1.22065842 0.613932848
v 0.508624852 -0.00183429441 0.614866614
v 0.607764244 -0.0102479877 0.613932788
v 0.517037988 -0.0102478545 0.614787221
v 0.619314492 1.22065842 0.602687955
v 0.619314492 -0.0102479896 0.602687836
v 0.620247781 1.21224475 0.503168344
v 0.620168924 1.22065842 0.5115816
v 0.620247841 -0.00183444447 0.503168523
v 0.620168984 -0.0102480035 0.511581719
v 0.607764244 1.22065842 0.613932848
v 0.516979158 1.22065818 0.60256356
v 0.517037928 1.22065842 0.614786983
v 0.603505969 1.22065842 0.59821862
v 0.619314492 1.22065842 0.602687955
v 0.620168924 1.22065842 0.5115816
v 0.607949376 1.22065842 0.511523187
v 0.517037988 -0.0102478545 0.614787221
v 0.516979218 -0.0102478024 0.602563798
v 0.603505969 -0.0102479877 0.598218739
v 0.607764244 -0.0102479877 0.613932788
v 0.619314492 -0.0102479896 0.602687836
v 0.607949495 -0.0102480026 0.511523247
v 0.620168984 -0.0102480035 0.511581719
v 0.516979158 1.22065818 0.60256356
v 0.508624792 1.21224475 0.614866316
v 0.517037928 1.22065842 0.614786983
v 0.508566022 1.21224475 0.602648258
v 0.508624852 -0.00183429441 0.614866614
v 0.508566141 -0.00183427997 0.602648437
v 0.517037988 -0.0102478545 0.614787221
v 0.516979218 -0.0102478024 0.602563798
v 0.620168924 1.22065842 0.5115816
v 0.608033657 1.21224475 0.503109872
v 0.607949376 1.22065842 0.511523187
v 0.620247781 1.21224475 0.503168344
v 0.608033836 -0.00183444424 0.503110051
v 0.620247841 -0.00183444447 0.503168523
v 0.607949495 -0.0102480026 0.511523247
v 0.620168984 -0.0102480035 0.511581719
v 0.516979158 1.22065818 0.60256356
v 0.603505969 1.22065842 0.59821862
v 0.508566022 1.21224475 0.602648258
v 0.508566141 -0.00183427997 0.602648437
v 0.603505969 -0.0102479877 0.598218739
v 0.516979218 -0.0102478024 0.602563798
v 0.608033657 1.21224475 0.503109872
v 0.607949376 1.22065842 0.511523187
v 0.608033836 -0.00183444424 0.503110051
v 0.607949495 -0.0102480026 0.511523247
v -0.596596181 1.21656966 -0.594604075
v -0.300460219 1.21941888 -0.613416255
v -0.600703061 0.965980053 -0.598279357
v -0.313752741 0.951536894 -0.625984251
v -0.291375518 0.632352412 -0.618512034
v -0.0146055846 0.939081252 -0.616640627
v -0.578907192 0.646719277 -0.596589923
v -0.0106690805 1.21030378 -0.612127125
v -0.566585779 0.0153596466 -0.591733396
v 0.288993508 1.2063235 -0.624762893
v -0.300511092 0.313251197 -0.612830579
v -0.000327117363 0.300952017 -0.617131114
v -0.00704025803 -0.0120944381 -0.600967467
v 0.569725037 0.00204458623 -0.576789081
v 0.00828302093 0.62032783 -0.614174426
v 0.308313429 0.619188845 -0.621174693
v 0.299246907 0.300018698 -0.600191772
v 0.608689785 0.633772135 -0.588200808
v 0.585274398 0.952778459 -0.599653602
v 0.588288724 1.19968987 -0.609566927
v 0.285067171 0.938437164 -0.632029533
v -0.594603956 1.21656966 0.596596241
v -0.613416135 1.21941888 0.300460249
v -0.598279238 0.965980053 0.600703239
v -0.625984132 0.951537013 0.31375283
v -0.618511975 0.632352412 0.291375607
v -0.616640449 0.939081252 0.014605605
v -0.596589863 0.646719217 0.578907371
v -0.612127066 1.21030378 0.0106691029
v -0.591733217 0.0153596466 0.566585839
v -0.624762714 1.2063235 -0.288993508
v -0.61283052 0.313251197 0.300511152
v -0.617130935 0.300952017 0.000327140646
v -0.600967407 -0.0120944381 0.00704027759
v -0.576789021 0.00204458623 -0.569725156
v -0.614174426 0.620327771 -0.00828300323
v -0.621174634 0.619188786 -0.308313429
v -0.600191712 0.300018668 -0.299246877
v -0.588200808 0.633772135 -0.608689845
v -0.599653602 0.952778459 -0.585274398
v -0.609566748 1.19968987 -0.588288784
v -0.632029355 0.938437164 -0.285067171
v 0.596596241 1.21656966 0.594604075
v 0.300460339 1.21941888 0.613416255
v 0.60070312 0.965980053 0.598279357
v 0.31375289 0.951537013 0.625984311
v 0.291375637 0.632352412 0.618512154
v 0.0146057038 0.939081311 0.616640627
v 0.578907251 0.646719217 0.596589983
v 0.0106692016 1.21030378 0.612127125
v 0.566585839 0.0153596466 0.591733336
v -0.288993329 1.2063235 0.624762893
v 0.300511211 0.313251197 0.612830579
v 0.000327239512 0.300951958 0.617131114
v 0.00704037724 -0.0120944362 0.600967526
v -0.569724977 0.00204458623 0.576789141
v -0.00828290079 0.62032783 0.614174485
v -0.30831331 0.619188786 0.621174753
v -0.299246818 0.300018668 0.600191772
v -0.608689666 0.633772135 0.588200927
v -0.58527416 0.952778518 0.599653721
v -0.588288546 1.19968987 0.609566927
v -0.285067052 0.938437343 0.632029593
v 0.594604075 1.21656966 -0.596596241
v 0.613416195 1.21941888 -0.300460249
v 0.598279357 0.965980053 -0.600703061
v 0.625984192 0.951536894 -0.31375277
v 0.618512154 0.632352412 -0.291375607
v 0.616640449 0.939081252 -0.0146055846
v 0.596589983 0.646719217 -0.578907192
v 0.612127125 1.21030378 -0.0106690805
v 0.591733396 0.0153596466 -0.566585779
v 0.624762893 1.2063235 0.288993508
v 0.612830579 0.313251197 -0.300511152
v 0.617131114 0.300952017 -0.000327117363
v 0.600967407 -0.0120944381 -0.00704025803
v 0.575951576 0.00102225272 0.571091473
v 0.614174485 0.620327771 0.00828302093
v 0.621174753 0.619188845 0.308313489
v 0.600191772 0.300018668 0.299246997
v 0.588200808 0.633772135 0.608689904
v 0.599653602 0.952778518 0.585274398
v 0.609566808 1.19968987 0.588288784
v 0.632029414 0.938437343 0.28506726
vn 0.0112830764 0.0145280492 -0.999830842
vn 0.00543143693 0.0346918106 -0.99938333
vn -0.0269729421 -0.00789170898 -0.999605
vn -0.00940419454 0.00246283924 -0.999952793
vn -0.0241914988 -0.0194738004 -0.999517679
vn -0.0100957053 0.00386541197 -0.999941587
vn -0.061204087 -0.0323875584 -0.997599661
vn -0.0422463566 -0.033525072 -0.998544574
vn -0.0141482567 0.0272387378 -0.999528766
vn 0.00178380299 0.0456954986 -0.998953819
vn -0.00112489087 0.0226703901 -0.999742329
vn -0.0344827473 -0.0239824913 -0.999117434
vn 0.0114413332 -0.0321610905 -0.999417186
vn 0.0145278238 -0.0475390069 -0.99876368
vn 0.062598519 -0.0406012982 -0.997212589
vn -0.00046602104 -0.0177668985 -0.999842048
vn 0.0437510908 -0.0293607619 -0.998610973
vn 0.051721286 -0.0374452025 -0.997959375
vn 0.0948110074 -0.0320932716 -0.994977772
vn 0.0975789204 -0.0211282447 -0.995003521
vn 0.02742959 -0.00567280129 -0.999607623
vn 0.0556294248 -0.00232010288 -0.99844873
vn 0.0377142727 -0.00133252435 -0.999287665
vn 0.0477885827 -0.0405750982 -0.998032987
vn -0.00542667508 -0.0347001031 0.999382973
vn -0.01127702 -0.0145577965 0.999830365
vn 0.0269551501 0.00785625447 0.999605834
vn 0.00942815375 -0.00243701949 0.999952555
vn 0.0241927374 0.0194721054 0.999517679
vn 0.0101199336 -0.0038803427 0.99994123
vn 0.0612255856 0.0324342065 0.9975968
vn 0.0422444716 0.0335321277 0.998544455
vn 0.0141874151 -0.0272543933 0.999527812
vn -0.00176686223 -0.0457323268 0.99895215
vn 0.00107968925 -0.0226842351 0.999742091
vn 0.034483064 0.0239790622 0.999117553
vn -0.0114478171 0.0321577489 0.999417186
vn -0.0145310741 0.0475367792 0.9987638
vn -0.0625952184 0.0406020284 0.997212827
vn 0.00046918969 0.0177606437 0.999842167
vn -0.0437395126 0.02936293 0.998611331
vn -0.0517301112 0.0374442898 0.997958899
vn -0.0948622078 0.0321057513 0.994972587
vn -0.0976510271 0.0211173221 0.994996667
vn -0.0274608247 0.00566368317 0.999606907
vn -0.0556429923 0.00230983109 0.998448014
vn -0.037792962 0.001275833 0.999284804
vn -0.0478233024 0.0405298956 0.998033226
vn 0.994613349 -0.0573715121 0.0863293186
vn 0.994613349 -0.0573715195 0.0863293186
vn 0.995496035 0.00915147737 0.0943598151
vn 0.995496035 0.00915456936 0.0943601951
vn 0.995678484 0.0310757961 0.0875140727
vn 0.995631695 0.0318506137 0.0877668336
vn 0.99724102 -0.0127815111 0.0731226131
vn 0.99724102 -0.0127815111 0.0731226206
vn -0.0128981676 -0.998900056 0.0450821891
vn 0.021912327 -0.998653889 0.0470129438
vn 0.0219123289 -0.998653889 0.0470129438
vn -0.012904699 -0.998899937 0.0450818166
vn -0.0476994179 -0.9979316 0.0430962518
vn -0.0476994254 -0.9979316 0.0430962518
vn -0.997435391 -0.042955406 0.057249561
vn -0.998006761 -0.017629059 0.060595762
vn -0.998006761 -0.0176290553 0.060595762
vn -0.997437716 -0.0428902432 0.0572582297
vn -0.999139071 -0.0275487248 0.0310190693
vn -0.999190509 -0.0263882782 0.0303659309
vn -0.999870181 0.0142790247 0.00745953713
vn -0.999870181 0.0142790247 0.00745953713
vn 0.0315450653 0.99919349 0.0248473622
vn 0.0315450653 0.99919349 0.0248473622
vn 0.0315450653 0.99919349 0.0248473622
vn 0.0315450653 0.99919349 0.0248473622
vn 0.042914778 0.998752594 0.0255277976
vn 0.0711435229 0.996983707 0.0310153719
vn 0.0711435154 0.996983707 0.0310153719
vn 0.0428594165 0.998755217 0.0255170166
vn -0.017667504 0.999733269 0.0148755265
vn -0.0177049041 0.999732673 0.0148695642
vn -0.049946662 0.998704553 0.00972131453
vn -0.049946662 0.998704553 0.00972131453
vn -0.882649183 0.46976912 0.0157268699
vn -0.882649183 0.46976912 0.0157268681
vn -0.882649183 0.46976912 0.0157268699
vn -0.882649183 0.46976912 0.0157268699
vn 0.998844266 -0.0113949785 0.046693027
vn 0.998844266 -0.0113949785 0.046693027
vn 0.998844266 -0.0113949776 0.0466930233
vn 0.998844266 -0.0113949776 0.0466930233
vn -0.0794740915 0.996510088 -0.0255241189
vn -0.0794740841 0.996510088 -0.0255241208
vn -0.0794740766 0.996510088 -0.0255241189
vn -0.0794740766 0.996510088 -0.0255241189
vn -0.14498955 0.988780022 0.0359449461
vn -0.157123685 0.987456143 -0.0155731337
vn -0.0047477698 0.99882561 0.0482168607
vn 0.117786363 0.981601119 0.150285602
vn -0.175342396 0.979839206 0.0957613736
vn 0.0577381253 0.985337317 0.160551056
vn -0.123904839 0.988740623 0.0839015543
vn -0.259133607 0.965519249 -0.024945626
vn -0.207768232 0.975874007 0.0670998544
vn 0.059000589 0.99569881 -0.0714348182
vn -0.0794401988 0.986335158 0.144334093
vn 0.0833247826 0.977862597 0.191942275
vn -0.100962661 0.99102366 -0.0876277834
vn -0.180961594 0.960036099 -0.213503227
vn -0.172529951 0.983195901 -0.0596589036
vn -0.0768207386 0.965303063 -0.249576569
vn 0.216728091 0.969048619 0.118210249
vn -0.125597313 0.988848329 0.0800262019
vn 0.172158241 0.974746704 0.142233357
vn 0.149159387 0.976780772 -0.153788447
vn 0.380867541 0.917404056 -0.115367897
vn -0.0664211959 0.99428755 0.0835490003
vn -0.0829490125 0.988922 0.12309669
vn -0.0854315683 0.988431692 -0.12531729
vn -0.225245446 0.967418075 0.115615144
vn -0.239023149 0.961022615 0.138936549
vn -0.313571513 0.927265227 0.204577729
vn -0.400070369 0.894747913 0.198418334
vn -0.212685481 0.924722612 0.315678746
vn -0.0694340467 0.996122897 -0.0540186204
vn -0.327863336 0.939994931 0.0944199935
vn 0.163276613 0.98657763 -0.00233374978
vn -0.0183877572 0.951489151 0.307132274
vn 0.0140101193 0.994480252 0.103983894
vn 0.107958518 0.99401468 -0.0167257395
vn 0.168198362 0.886670828 0.430725157
vn -0.184619531 0.976881087 -0.107790902
vn -0.286047071 0.954430044 -0.0850897729
vn 0.431481421 0.848097265 -0.307497859
vn 0.00988525338 0.926676273 -0.375730395
vn 0.035850361 0.999189317 0.0183171369
vn 0.180882186 0.982165277 0.0513113476
vn -0.0465815775 0.998561084 0.0265711211
vn 0.089204222 0.995115757 0.0422746353
vn 0.271592438 0.936378539 -0.222335085
vn 0.185505882 0.973452151 -0.134084195
vn 0.291000903 0.949126542 0.120321952
vn 0.279580802 0.81556356 0.506646454
vn 0.151804626 0.98274833 -0.105646186
vn 0.206114694 0.945158184 -0.253362536
vn -0.328599781 0.880599558 -0.341418713
vn -0.309748173 0.937301457 -0.159756199
vn -0.0440954119 0.915832698 0.399131536
vn -0.0505841337 0.968268335 -0.244740129
vn -0.0535625033 0.985264063 -0.162437484
vn -0.227174863 0.939198554 -0.257483155
vn -0.073072046 0.992154419 0.101439558
vn 0.14345856 0.987753451 0.0613416433
vn 0.255830705 0.957389891 -0.133996964
vn 0.0421748124 0.982442081 0.181738481
vn 0.00271462626 0.981080949 0.193578765
vn 0.0378469937 0.994875014 0.0937617123
vn -0.0991866663 0.993989229 0.0463393368
vn 0.385289013 0.922767818 -0.00720183831
vn -0.136989176 0.96185559 0.236786172
vn -0.590216219 0.80706811 -0.0169062354
vn 0.413242668 0.785096228 -0.461361468
vn -0.40757826 0.881814778 -0.237239629
vn 0.203284502 0.955778301 -0.212516472
vn 0.0425247625 0.9727965 -0.227724865
vn 0.200998709 0.942535341 -0.266883045
vn -0.0503902957 0.95004642 -0.308013976
vn 0.441926867 0.897047698 0.00244637649
vn -0.0970520303 0.739474297 -0.666152239
vn -0.0865291804 0.877431929 -0.471832484
vn 0.178648263 0.980577946 0.080942072
vn 0.395715475 0.917963326 0.0274306517
vn 0.161082566 0.986646056 0.0241234209
vn -0.0374262705 0.998654604 0.0358906947
vn -0.0183195919 0.997533083 0.0677660108
vn -0.0627223104 0.997873902 -0.0177129209
vn -0.0370802172 0.975816548 -0.215423033
vn 0.0503253937 0.976861298 -0.207868323
vn 0.208029658 0.95978564 -0.188507974
vn -0.0480278283 0.996873736 0.0627378151
vn -0.088554889 0.993516684 -0.0712934509
vn -0.25785777 0.966181695 0.00153111794
vn -0.288736552 0.938869059 -0.187499851
vn -0.114334032 0.993442059 -0.000725319958
vn -0.999830842 0.0145281926 -0.0112829451
vn -0.99938333 0.0346918069 -0.00543148117
vn -0.999605 -0.00789170153 0.0269728582
vn -0.999952793 0.00246284925 0.0094042141
vn -0.999517679 -0.019473793 0.0241916198
vn -0.999941587 0.00386556028 0.0100957388
vn -0.997599661 -0.0323875323 0.0612041205
vn -0.998544574 -0.033525221 0.0422464497
vn -0.999528766 0.027238952 0.0141482111
vn -0.998953819 0.0456953458 -0.00178406294
vn -0.999742329 0.0226705 0.00112529111
vn -0.999117434 -0.0239826106 0.0344828367
vn -0.999417186 -0.0321612246 -0.0114413174
vn -0.99876368 -0.0475391001 -0.0145277977
vn -0.997212589 -0.0406013429 -0.0625983924
vn -0.999842048 -0.0177669488 0.000466061028
vn -0.998610973 -0.0293608215 -0.0437510498
vn -0.997959375 -0.0374453217 -0.0517212041
vn -0.994977772 -0.0320932977 -0.0948108435
vn -0.995003521 -0.0211281739 -0.0975787491
vn -0.999607623 -0.00567267323 -0.027429508
vn -0.998448849 -0.00232046004 -0.0556287505
vn -0.999287784 -0.00133404776 -0.0377130583
vn -0.998032987 -0.0405748114 -0.0477887541
vn 0.999382973 -0.0347001404 0.00542672072
vn 0.999830365 -0.014557939 0.0112767601
vn 0.999605834 0.00785617251 -0.0269552711
vn 0.999952555 -0.00243704859 -0.00942813884
vn 0.999517679 0.0194720794 -0.0241927039
vn 0.99994123 -0.00388036924 -0.0101198955
vn 0.9975968 0.0324341804 -0.0612256899
vn 0.998544455 0.0335322283 -0.0422445722
vn 0.999527812 -0.0272544511 -0.0141873434
vn 0.99895215 -0.0457321815 0.00176712184
vn 0.999742091 -0.0226840265 -0.00107972184
vn 0.999117553 0.023979092 -0.03448309
vn 0.999417186 0.0321577564 0.0114478003
vn 0.9987638 0.0475368761 0.0145310685
vn 0.997212827 0.0406021327 0.0625952184
vn 0.999842167 0.0177605953 -0.000469210936
vn 0.998611331 0.0293628797 0.0437393486
vn 0.997958899 0.037444368 0.0517300405
vn 0.994972587 0.0321056992 0.0948620662
vn 0.994996667 0.0211171899 0.0976507962
vn 0.999606907 0.00566362357 0.0274606589
vn 0.998448014 0.00231031072 0.0556428283
vn 0.999284804 0.00127725152 0.0377927162
vn 0.998033226 0.0405297466 0.047823295
vn 0.0863270983 -0.057371527 -0.994613588
vn 0.0863271058 -0.057371527 -0.994613588
vn 0.094358705 0.00915136468 -0.995496154
vn 0.0943590775 0.00915445574 -0.995496154
vn 0.0875171199 0.0310759787 -0.995678246
vn 0.0877698362 0.0318507738 -0.995631456
vn 0.0731286854 -0.0127809476 -0.997240663
vn 0.0731286779 -0.0127809476 -0.997240663
vn 0.0450824425 -0.998900056 0.0128981806
vn 0.047013063 -0.998653889 -0.0219123289
vn 0.0470130593 -0.998653889 -0.0219123289
vn 0.0450820774 -0.998899937 0.0129046701
vn 0.0430966467 -0.9979316 0.0476994067
vn 0.0430966429 -0.9979316 0.0476994105
vn 0.0572475418 -0.0429553799 0.99743551
vn 0.0605917163 -0.0176290311 0.998006999
vn 0.0605917126 -0.0176290292 0.998006999
vn 0.0572562069 -0.0428902023 0.997437835
vn 0.0310221408 -0.0275487863 0.999138951
vn 0.0303690787 -0.0263883341 0.99919039
vn 0.00746574719 0.0142788701 0.999870181
vn 0.00746574765 0.014278871 0.999870181
vn 0.024847243 0.99919349 -0.0315450579
vn 0.0248472411 0.99919349 -0.0315450579
vn 0.0248472393 0.99919349 -0.0315450616
vn 0.0248472374 0.99919349 -0.0315450579
vn 0.0255278666 0.998752594 -0.0429147854
vn 0.0310154147 0.996983707 -0.0711435229
vn 0.0310154147 0.996983707 -0.0711435229
vn 0.0255170874 0.998755217 -0.0428594127
vn 0.0148755126 0.999733269 0.0176674481
vn 0.0148695325 0.999732673 0.01770496
vn 0.00972116739 0.998704553 0.0499466583
vn 0.00972116739 0.998704553 0.049946662
vn 0.0157269072 0.469770253 0.882648528
vn 0.015726909 0.469770253 0.882648528
vn 0.0157269053 0.469770253 0.882648528
vn 0.0157269053 0.469770253 0.882648528
vn 0.046692837 -0.0113949114 -0.998844266
vn 0.0466928296 -0.0113949114 -0.998844266
vn 0.046692837 -0.0113949105 -0.998844266
vn 0.046692837 -0.0113949105 -0.998844266
vn -0.0255240668 0.996510088 0.0794740766
vn -0.0255240686 0.996510088 0.0794740915
vn -0.0255240649 0.996510088 0.0794740766
vn -0.0255240686 0.996510088 0.0794740766
vn -0.0112830764 0.0145280566 0.999830842
vn -0.00543137314 0.0346919894 0.99938333
vn 0.0269730706 -0.00789168477 0.999605
vn 0.00940435752 0.00246292423 0.999952793
vn 0.0241915975 -0.0194739979 0.999517679
vn 0.0100957351 0.00386549835 0.999941587
vn 0.0612041131 -0.0323876888 0.997599661
vn 0.0422463641 -0.0335250534 0.998544574
vn 0.0141482493 0.0272390489 0.999528766
vn -0.00178380322 0.0456954949 0.998953819
vn 0.00112487469 0.0226704516 0.999742329
vn 0.0344827771 -0.0239825901 0.999117434
vn -0.0114411814 -0.032161165 0.999417186
vn -0.014527658 -0.0475387983 0.99876368
vn -0.0625981838 -0.0406011939 0.997212589
vn 0.000466116151 -0.0177671369 0.999842048
vn -0.0437509082 -0.0293608811 0.998610973
vn -0.0517210029 -0.0374452174 0.997959375
vn -0.0948107094 -0.0320933089 0.994977891
vn -0.0975786 -0.0211281087 0.995003521
vn -0.0274295267 -0.00567264715 0.999607623
vn -0.0556290895 -0.00232081651 0.998448849
vn -0.0377137624 -0.00133558654 0.999287784
vn -0.0477879532 -0.0405749679 0.998033106
vn 0.00542657869 -0.0347001143 -0.999382973
vn 0.0112770125 -0.0145575413 -0.999830484
vn -0.0269552507 0.00785621535 -0.999605834
vn -0.00942832232 -0.00243709004 -0.999952555
vn -0.0241928045 0.0194721017 -0.999517679
vn -0.0101200612 -0.00388036389 -0.99994123
vn -0.0612255894 0.0324341245 -0.9975968
vn -0.0422444828 0.0335320607 -0.998544455
vn -0.0141875427 -0.0272544008 -0.999527812
vn 0.00176686223 -0.0457323305 -0.99895215
vn -0.00107916154 -0.0226837471 -0.999742091
vn -0.0344830789 0.0239790399 -0.999117553
vn 0.0114477444 0.0321577527 -0.999417186
vn 0.0145310489 0.0475366041 -0.9987638
vn 0.0625951514 0.0406020507 -0.997212827
vn -0.000469316234 0.0177607033 -0.999842167
vn 0.0437393375 0.0293629728 -0.998611331
vn 0.0517300181 0.0374443941 -0.997958899
vn 0.0948620141 0.0321057662 -0.994972587
vn 0.0976506025 0.0211171471 -0.994996667
vn 0.0274607018 0.00566360028 -0.999606907
vn 0.0556432828 0.00231080339 -0.998448014
vn 0.037793763 0.00127880042 -0.999284804
vn 0.0478224829 0.0405298844 -0.998033226
vn -0.994613051 -0.057371363 -0.0863332003
vn -0.994613051 -0.057371363 -0.0863332227
vn -0.995495915 0.00915112719 -0.0943615884
vn -0.995495796 0.00915491488 -0.0943620279
vn -0.995678484 0.0310757887 -0.0875140131
vn -0.995631814 0.0318506062 -0.087766774
vn -0.99724102 -0.0127813788 -0.0731227621
vn -0.99724102 -0.0127813797 -0.0731227696
vn 0.0128981592 -0.998900056 -0.0450823344
vn -0.0219123401 -0.998653889 -0.0470128842
vn -0.0219123401 -0.998653889 -0.0470128767
vn 0.0129046775 -0.998899937 -0.0450819619
vn 0.0476994067 -0.9979316 -0.043096602
vn 0.0476994105 -0.9979316 -0.043096602
vn 0.997435153 -0.0429551341 -0.0572538525
vn 0.998006523 -0.017628938 -0.0605981946
vn 0.998006523 -0.0176289398 -0.0605981983
vn 0.997437477 -0.0428899713 -0.0572625101
vn 0.999138951 -0.0275484975 -0.0310231913
vn 0.99919039 -0.0263880417 -0.0303699933
vn 0.999870181 0.0142790694 -0.0074615851
vn 0.999870181 0.0142790684 -0.0074615851
vn -0.0315450653 0.99919349 -0.0248474088
vn -0.0315450653 0.99919349 -0.0248474069
vn -0.0315450653 0.99919349 -0.0248474106
vn -0.0315450653 0.99919349 -0.0248474088
vn -0.0429147854 0.998752594 -0.0255279392
vn -0.0711435229 0.996983707 -0.0310154837
vn -0.0711435229 0.996983707 -0.0310154837
vn -0.0428594276 0.998755217 -0.0255171619
vn 0.0176674481 0.999733269 -0.0148755759
vn 0.0177049432 0.999732673 -0.0148696024
vn 0.0499466583 0.998704553 -0.00972122978
vn 0.0499466546 0.998704553 -0.00972122885
vn 0.882649183 0.469769239 -0.0157250091
vn 0.882649183 0.469769239 -0.0157250073
vn 0.882649183 0.469769299 -0.0157250091
vn 0.882649183 0.469769239 -0.0157250073
vn -0.998844266 -0.0113963159 -0.0466930233
vn -0.998844266 -0.0113963159 -0.0466930233
vn -0.998844266 -0.0113963168 -0.046693027
vn -0.998844266 -0.0113963177 -0.0466930196
vn 0.0794741362 0.996510088 0.0255239978
vn 0.0794741288 0.996510088 0.0255239997
vn 0.0794741288 0.996510088 0.0255239978
vn 0.0794741288 0.996510088 0.0255239978
vn 0.999830842 0.0145279262 0.0112826768
vn 0.999383211 0.0346933305 0.00543152541
vn 0.999605 -0.00789175276 -0.0269731767
vn 0.999952793 0.00246280921 -0.00940423645
vn 0.999517679 -0.0194737706 -0.024191523
vn 0.999941587 0.00386547181 -0.0100956038
vn 0.997599661 -0.0323875025 -0.0612041429
vn 0.998544574 -0.0335250758 -0.0422463566
vn 0.999528766 0.0272389855 -0.0141480882
vn 0.998953581 0.0457018241 0.00178425794
vn 0.999742329 0.0226705447 -0.0011251875
vn 0.999117434 -0.0239824988 -0.0344827399
vn 0.999417186 -0.0321610831 0.0114413882
vn 0.99876368 -0.0475389287 0.0145278666
vn 0.997212589 -0.0406012312 0.062598519
vn 0.999842048 -0.0177669134 -0.000465963618
vn 0.998610973 -0.0293607824 0.0437511019
vn 0.997959375 -0.0374451913 0.0517213047
vn 0.994977772 -0.0320932865 0.0948109627
vn 0.995003521 -0.0211282186 0.0975789502
vn 0.999607623 -0.00567272631 0.027429577
vn 0.998448849 -0.00232004374 0.0556291156
vn 0.999287784 -0.0013326304 0.0377136096
vn 0.998032987 -0.0405748449 0.0477889776
vn -0.999382973 -0.0347002782 -0.00542661455
vn -0.999830365 -0.0145577928 -0.011277278
vn -0.999605834 0.00785618089 0.0269551389
vn -0.999952555 -0.00243713218 0.00942820217
vn -0.999517679 0.0194721427 0.0241927467
vn -0.99994123 -0.00388039974 0.0101198955
vn -0.9975968 0.0324342623 0.0612256415
vn -0.998544455 0.0335321575 0.0422445238
vn -0.999527812 -0.0272544343 0.0141873891
vn -0.99895215 -0.0457324609 -0.00176660216
vn -0.999742091 -0.0226839632 0.00107932847
vn -0.999117553 0.0239790883 0.0344830975
vn -0.999417186 0.032157816 -0.0114478311
vn -0.9987638 0.0475368164 -0.0145311328
vn -0.997212827 0.0406021662 -0.0625953749
vn -0.999842167 0.0177606381 0.00046918614
vn -0.998611331 0.0293629151 -0.0437395275
vn -0.997958899 0.0374444462 -0.0517302155
vn -0.994972587 0.0321057439 -0.0948622748
vn -0.994996667 0.0211171601 -0.0976508632
vn -0.999606907 0.00566357747 -0.0274608545
vn -0.998448014 0.00231030467 -0.0556431375
vn -0.999284804 0.00127731671 -0.0377933532
vn -0.998033226 0.0405298807 -0.0478228815
vn -0.0863333941 -0.0573715419 0.994613051
vn -0.0863333866 -0.0573715419 0.994613051
vn -0.0943617672 0.00915121939 0.995495915
vn -0.0943621993 0.00915501546 0.995495796
vn -0.08751522 0.0310760494 0.995678365
vn -0.0877679735 0.031850867 0.995631695
vn -0.0731250048 -0.0127812289 0.997240901
vn -0.0731249973 -0.0127812298 0.997240901
vn -0.0450821221 -0.998900056 -0.0128981704
vn -0.047012724 -0.998653889 0.021912327
vn -0.047012724 -0.998653889 0.0219123308
vn -0.045081757 -0.998899937 -0.0129046906
vn -0.0430963486 -0.9979316 -0.0476994179
vn -0.0430963449 -0.9979316 -0.0476994179
vn -0.0572548024 -0.0429552533 -0.997435153
vn -0.0606018342 -0.0176289733 -0.998006284
vn -0.0606018342 -0.0176289733 -0.998006284
vn -0.0572634451 -0.0428900942 -0.997437358
vn -0.0310202911 -0.027548641 -0.999139071
vn -0.0303670559 -0.0263881981 -0.99919039
vn -0.00745750219 0.0142789911 -0.9998703
vn -0.00745750125 0.0142789893 -0.9998703
vn -0.0248472709 0.99919349 0.0315450616
vn -0.0248472728 0.99919349 0.0315450616
vn -0.0248472709 0.99919349 0.0315450579
vn -0.0248472709 0.99919349 0.0315450616
vn -0.0255279485 0.998752594 0.042914778
vn -0.0310155042 0.996983707 0.0711435303
vn -0.0310155042 0.996983707 0.0711435229
vn -0.0255171712 0.998755217 0.0428594239
vn -0.0148754967 0.999733269 -0.0176674481
vn -0.0148695214 0.999732673 -0.0177049413
vn -0.00972106773 0.998704553 -0.0499466397
vn -0.00972106773 0.998704553 -0.0499466434
vn -0.015726734 0.469769031 -0.882649183
vn -0.015726734 0.469769031 -0.882649183
vn -0.015726734 0.469769031 -0.882649302
vn -0.0157267358 0.469769031 -0.882649183
vn -0.046696879 -0.0113964137 0.998844028
vn -0.0466968752 -0.0113964137 0.998844028
vn -0.0466968827 -0.0113964137 0.998844028
vn -0.0466968827 -0.0113964146 0.998844028
vn 0.0255242791 0.996510088 -0.0794740841
vn 0.0255242754 0.996510088 -0.0794740766
vn 0.0255242754 0.996510088 -0.0794740766
vn 0.0255242754 0.996510088 -0.0794740766
vn 0.000446004095 -0.999999881 0.000446419144
vn 0.707921207 -0.70481956 0.0455724373
vn 0.000446004124 -0.999999881 0.000446419115
vn 0.000446004095 -0.999999881 0.000446419086
vn -0.00941415317 2.11013648E-05 -0.999955654
vn -0.00941608939 6.28679936E-06 -0.999955654
vn -0.380844623 5.84815268E-07 -0.924638987
vn -0.0094170915 -1.21696769E-06 -0.999955654
vn -0.380845964 -1.47714402E-07 -0.92463851
vn -0.0094175227 -4.1295425E-06 -0.999955654
vn -0.919462025 0 -0.393178731
vn -0.919462562 0 -0.393177658
vn -0.999956012 -4.75488207E-07 -0.00937799644
vn -0.999956012 -1.67173721E-06 -0.00937781483
vn -0.999956012 7.22921982E-07 -0.00937824976
vn -0.999956012 2.35600305E-06 -0.00937866699
vn -1.15256978E-06 1 1.0713924E-05
vn 0.376776993 0.926302254 -0.00179932709
vn 0.383643925 0.923479319 -0.00183233479
vn -5.41039924E-07 1 6.56058955E-06
vn -1.32403704E-06 1 4.68315784E-06
vn -0.00183577533 0.923482835 0.383635283
vn -0.00180235808 0.926353097 0.376651853
vn 0.383641154 -0.923480392 -0.00184289215
vn 0.376774549 -0.926303267 -0.00180987664
vn 7.79313098E-07 -1 5.15557588E-07
vn 1.06504342E-06 -1 8.10700101E-07
vn 1.08016096E-07 -1 -1.33866067E-07
vn -0.00180108089 -0.926354408 0.376648784
vn -0.00183450337 -0.923481822 0.383637726
vn 0.376776993 0.926302254 -0.00179932709
vn 0.924035549 0.382280976 -0.00443480117
vn 0.383643925 0.923479319 -0.00183233479
vn 0.923684597 0.383128136 -0.00443310244
vn 0.924034595 -0.382283092 -0.00444031786
vn 0.923682451 -0.383133024 -0.00443862658
vn 0.383641154 -0.923480392 -0.00184289215
vn 0.376774549 -0.926303267 -0.00180987664
vn -0.00183577533 0.923482835 0.383635283
vn -0.0044188858 0.383130223 0.923683763
vn -0.00180235808 0.926353097 0.376651853
vn -0.00442055939 0.382285327 0.924033821
vn -0.00441766204 -0.383131146 0.923683405
vn -0.00441933936 -0.382285208 0.924033821
vn -0.00180108089 -0.926354408 0.376648784
vn -0.00183450337 -0.923481822 0.383637726
vn 0.0501114912 0.0400636643 0.997939765
vn 0.706767976 0.00308565283 0.707438707
vn 0.0476526916 0.0118640149 0.998793483
vn 0.0476529673 -0.0118632158 0.998793483
vn 0.706768155 -0.00308503793 0.707438469
vn 0.0501124784 -0.0400608219 0.997939765
vn 0.998742878 0.0121931005 0.0486225486
vn 0.997842669 0.0411635935 0.0511419401
vn 0.998742878 -0.012187887 0.0486225523
vn 0.997843385 -0.0411458313 0.0511419959
vn 0.999955654 -2.96611915E-06 -0.00941415038
vn 0.924638689 2.16314774E-07 -0.380845577
vn 0.999955654 -6.96096492E-07 -0.00941554829
vn 0.999955654 4.35980519E-06 -0.00941630173
vn 0.924639106 7.0988574E-07 -0.380844593
vn 0.999955654 1.40339553E-05 -0.0094166873
vn 0.393177748 2.22586166E-07 -0.919462562
vn 0.393178493 0 -0.919462144
vn 0.00937825069 6.11231258E-07 -0.999956012
vn 0.00937822834 2.08385336E-06 -0.999956012
vn 0.00937850587 -2.18350579E-06 -0.999956012
vn 0.00937908608 -7.30893544E-06 -0.999956012
vn 5.53407835E-06 -1 1.68314637E-06
vn 0.00184335001 -0.92348063 0.383640707
vn 0.00181040703 -0.926303387 0.376774192
vn 3.05456547E-06 -1 9.20090827E-07
vn 4.089301E-06 -1 1.07522328E-06
vn -0.383632213 -0.923484206 -0.00183761516
vn -0.37664789 -0.926354706 -0.00180416158
vn 0.00184361532 0.923478186 0.383646697
vn 0 1 0
vn 0.00181061006 0.926301658 0.376778483
vn 0 1 0
vn 0 1 0
vn -0.376652062 0.926352978 -0.00180118508
vn -0.383641154 0.923480392 -0.0018346078
vn 0.00181040703 -0.926303387 0.376774192
vn 0.00184335001 -0.92348063 0.383640707
vn 0.00443855766 -0.382282495 0.924034834
vn 0.00443686079 -0.383133233 0.923682451
vn 0.0044401912 0.382278025 0.924036622
vn 0.00443850271 0.383126706 0.923685133
vn 0.00184361532 0.923478186 0.383646697
vn 0.00181061006 0.926301658 0.376778483
vn -0.383632213 -0.923484206 -0.00183761516
vn -0.37664789 -0.926354706 -0.00180416158
vn -0.923682392 -0.383133411 -0.00442322716
vn -0.924032092 -0.38228938 -0.00442489982
vn -0.923684835 0.38312763 -0.00442023808
vn -0.924035251 0.38228175 -0.00442192098
vn -0.376652062 0.926352978 -0.00180118508
vn -0.383641154 0.923480392 -0.0018346078
vn -0.997939646 -0.0400643498 0.0501115695
vn -0.998793483 -0.0118643092 0.0476526953
vn -0.707438767 -0.0030854505 0.706767857
vn -0.998793483 0.0118627986 0.0476529412
vn -0.707439244 0.0030846931 0.70676738
vn -0.997939885 0.0400595255 0.0501123741
vn -0.0486229546 -0.0121905748 0.998742878
vn -0.0511419848 -0.0411555655 0.997843027
vn -0.0486229658 0.0121864472 0.998742878
vn -0.0511420183 0.0411406457 0.997843623
vn -0.999955773 -2.2039445E-05 0.00941330101
vn -0.924637794 -2.88175272E-07 0.380847603
vn -0.999955654 -6.35701099E-06 0.00941570196
vn -0.999955654 2.77172103E-06 0.00941696018
vn -0.924637794 6.02980379E-07 0.380847722
vn -0.999955654 8.65520451E-06 0.00941753108
vn -0.39317587 1.15631323E-07 0.919463217
vn -0.393175781 2.62160256E-07 0.919463217
vn -0.00937814172 -9.74151476E-07 0.999956012
vn -0.0093773948 -3.2812934E-06 0.999956012
vn -0.00937864836 5.25017981E-07 0.999956012
vn -0.00937909726 1.75728871E-06 0.999956012
vn 1.25589725E-06 -1 -2.71142341E-07
vn -0.00183954916 -0.923478901 -0.38364467
vn -0.00180656719 -0.92630285 -0.376775384
vn 8.79283789E-07 -1 -1.89833258E-07
vn 0 -1 0
vn 0.38363272 -0.923483849 0.00183755008
vn 0.376649678 -0.926353991 0.00180410221
vn -0.00184419716 0.923478484 -0.383645833
vn 0 1 0
vn -0.00181118131 0.926302075 -0.376777589
vn 0 1 0
vn 0 1 0
vn 0.376649827 0.926353991 0.00180293282
vn 0.383636951 0.92348212 0.00183637848
vn -0.00180656719 -0.92630285 -0.376775384
vn -0.00183954916 -0.923478901 -0.38364467
vn -0.00443566358 -0.382278591 -0.924036443
vn -0.00443396298 -0.383131474 -0.923683167
vn -0.00443906896 0.382277399 -0.92403698
vn -0.00443737861 0.383129239 -0.92368412
vn -0.00184419716 0.923478484 -0.383645833
vn -0.00181118131 0.926302075 -0.376777589
vn 0.38363272 -0.923483849 0.00183755008
vn 0.376649678 -0.926353991 0.00180410221
vn 0.923682749 -0.383132726 0.00442320341
vn 0.924032807 -0.382287711 0.004424877
vn 0.923683405 0.383131146 0.00442201598
vn 0.92403388 0.38228488 0.00442369469
vn 0.376649827 0.926353991 0.00180293282
vn 0.383636951 0.92348212 0.00183637848
vn 0.997939765 -0.0400637947 -0.0501114801
vn 0.998793483 -0.0118642552 -0.0476528145
vn 0.707438588 -0.00308541697 -0.706768036
vn 0.998793483 0.0118614398 -0.0476530753
vn 0.707438231 0.00308439229 -0.706768453
vn 0.997940004 0.0400551297 -0.0501123592
vn 0.0486221276 -0.0121902693 -0.998742878
vn 0.0511410721 -0.0411542058 -0.997843146
vn 0.04862215 0.0121862283 -0.998742998
vn 0.0511411466 0.0411402583 -0.997843742
vn 0.00941414852 1.20381183E-05 0.999955654
vn 0.00941608474 3.63509707E-06 0.999955654
vn 0.380846441 3.53411053E-07 0.924638271
vn 0.00941708498 -3.87216187E-06 0.999955654
vn 0.380846769 -3.79455855E-07 0.924638212
vn 0.00941751618 -1.32045698E-05 0.999955654
vn 0.91946286 -2.10074091E-07 0.393176943
vn 0.91946286 0 0.393176794
vn 0.999956012 -1.92144216E-06 0.0093781203
vn 0.999956012 -6.53143525E-06 0.0093782302
vn 0.999956012 7.36802122E-07 0.00937825348
vn 0.999956012 2.40265877E-06 0.00937867444
vn -5.62089781E-07 1 -2.93346852E-06
vn -0.376775384 0.92630285 0.0018065148
vn -0.38364011 0.923480809 0.00183953356
vn -3.93536681E-07 1 -2.0538132E-06
vn 0 1 0
vn 0.00183578022 0.923482478 -0.383636296
vn 0.00180234259 0.926354408 -0.376648664
vn -0.383642972 -0.923479617 0.00184168783
vn -0.376776248 -0.926302552 0.00180869282
vn -8.07166487E-07 -1 -5.43719409E-07
vn -1.08814891E-06 -1 -8.61593946E-07
vn -1.58116976E-07 -1 1.10136213E-07
vn 0.00180284504 -0.926354527 -0.376648575
vn 0.00183629314 -0.923482656 -0.383635879
vn -0.376775384 0.92630285 0.0018065148
vn -0.924034894 0.382282287 0.00443901122
vn -0.38364011 0.923480809 0.00183953356
vn -0.92368257 0.383132845 0.00443731574
vn -0.924035609 -0.382280707 0.00443915324
vn -0.923682988 -0.383131772 0.0044374573
vn -0.383642972 -0.923479617 0.00184168783
vn -0.376776248 -0.926302552 0.00180869282
vn 0.00183578022 0.923482478 -0.383636296
vn 0.00442144787 0.383131504 -0.923683167
vn 0.00180234259 0.926354408 -0.376648664
vn 0.00442312751 0.382286131 -0.924033403
vn 0.00442204438 -0.38313216 -0.923682988
vn 0.00442372309 -0.382286012 -0.924033403
vn 0.00180284504 -0.926354527 -0.376648575
vn 0.00183629314 -0.923482656 -0.383635879
vn -0.0501115546 0.0400646925 -0.997939646
vn -0.706767619 0.00308480137 -0.707439005
vn -0.0476527065 0.0118641844 -0.998793483
vn -0.0476532467 -0.0118660741 -0.998793483
vn -0.706767857 -0.0030850817 -0.707438827
vn -0.0501133464 -0.0400702879 -0.997939408
vn -0.998742878 0.0121864695 -0.048623912
vn -0.997843623 0.0411414467 -0.0511419736
vn -0.998742878 -0.012185595 -0.0486242995
vn -0.997843742 -0.0411381163 -0.0511432849
vn -0.0635402352 0.0156763904 -0.997856081
vn -0.0291697197 0.0330465771 -0.999028087
vn -0.0820917413 0.00733159576 -0.996597826
vn -0.0368627794 0.0118291313 -0.999250233
vn -0.0323896781 -0.012372884 -0.999398708
vn -0.00977285951 0.00385069451 -0.999944806
vn -0.0798377991 -0.0160706118 -0.996678352
vn -0.0135096591 0.0268124379 -0.99954921
vn -0.0426534563 -0.0338498652 -0.998516381
vn 0.0162446536 0.00819801446 -0.999834418
vn -0.0344436318 -0.0244590882 -0.999107301
vn 0.0114325834 -0.032642737 -0.999401689
vn 0.0144897858 -0.0485035554 -0.998717904
vn 0.0629547164 -0.0411498323 -0.997167647
vn -0.000470283238 -0.0177764855 -0.999841809
vn 0.0438532531 -0.0294314604 -0.998604357
vn 0.0517699607 -0.03788222 -0.997940242
vn 0.0948740765 -0.0321979076 -0.994968474
vn 0.0941872746 -0.0163811538 -0.995419741
vn 0.0791811943 -0.00619241921 -0.996841073
vn 0.0244440623 -0.00857949164 -0.999664307
vn -0.997856081 0.0156764165 0.0635399669
vn -0.999028087 0.0330465958 0.0291696414
vn -0.996597826 0.00733166281 0.0820915699
vn -0.999250233 0.0118292477 0.0368627422
vn -0.999398708 -0.0123728942 0.0323896818
vn -0.999944806 0.00385081 0.00977282785
vn -0.996678352 -0.0160706379 0.0798377469
vn -0.99954921 0.0268123373 0.0135096293
vn -0.998516381 -0.0338498838 0.042653475
vn -0.999834418 0.0081980871 -0.016244581
vn -0.999107301 -0.0244591851 0.0344436504
vn -0.999401689 -0.0326428227 -0.0114325266
vn -0.998717904 -0.0485034585 -0.014489715
vn -0.997167647 -0.0411498137 -0.0629545674
vn -0.999841809 -0.017776452 0.000470283907
vn -0.998604357 -0.029431425 -0.0438531302
vn -0.997940242 -0.0378822722 -0.0517698377
vn -0.994968474 -0.0321978852 -0.0948737711
vn -0.995419741 -0.0163809601 -0.0941869467
vn -0.996841073 -0.00619213097 -0.0791809261
vn -0.999664426 -0.00857933518 -0.0244439691
vn 0.0635402501 0.0156763978 0.997856081
vn 0.0291697197 0.033046741 0.999028087
vn 0.0820918828 0.00733171823 0.996597826
vn 0.0368628278 0.0118293092 0.999250233
vn 0.0323896706 -0.0123729445 0.999398708
vn 0.00977283623 0.00385081628 0.999944806
vn 0.0798378885 -0.0160706714 0.996678352
vn 0.0135096572 0.0268125832 0.999549091
vn 0.0426535644 -0.0338499397 0.998516381
vn -0.0162445512 0.00819827057 0.999834418
vn 0.0344437025 -0.0244592112 0.999107301
vn -0.0114325574 -0.0326427706 0.999401689
vn -0.0144897131 -0.0485034063 0.998717904
vn -0.0629545823 -0.0411497988 0.997167647
vn 0.000470259052 -0.0177765414 0.999841809
vn -0.0438531116 -0.0294315275 0.998604357
vn -0.0517698601 -0.0378822461 0.997940242
vn -0.0948737934 -0.0321979709 0.994968474
vn -0.094187133 -0.0163809713 0.995419741
vn -0.0791811347 -0.00619205367 0.996841073
vn -0.0244439449 -0.00857934821 0.999664426
vn 0.997856081 0.0156763643 -0.0635399669
vn 0.999028087 0.0330464989 -0.0291695949
vn 0.996597826 0.00733176712 -0.0820916146
vn 0.999250233 0.0118293241 -0.0368626751
vn 0.999398708 -0.012372788 -0.0323895849
vn 0.999944806 0.00385081186 -0.00977283064
vn 0.996678352 -0.016070541 -0.0798376873
vn 0.99954921 0.0268121194 -0.0135096917
vn 0.998516381 -0.033850003 -0.0426533595
vn 0.999834418 0.00819780491 0.0162445698
vn 0.999107301 -0.024459267 -0.0344435722
vn 0.999392509 -0.0328502953 0.0116436193
vn 0.998691738 -0.0489093922 0.0149257621
vn 0.707921207 -0.70481956 0.0455724373
vn 0.999841928 -0.0177763347 -0.000470248953
vn 0.998589098 -0.0296299476 0.044066608
vn 0.997885764 -0.0384721756 0.0523820557
vn 0.994919598 -0.0325716995 0.095258221
vn 0.995419741 -0.0163810626 0.0941872299
vn 0.996841073 -0.00619241782 0.0791811869
vn 0.999664307 -0.00857940502 0.0244440027
vt 0.000853098405 0.487296343
vt 0.127354264 0.48957634
vt 0.000853098405 0.374325991
vt 0.125344068 0.374325991
vt 0.125344068 0.249835029
vt 0.249835029 0.374325991
vt 0.000853098405 0.249835029
vt 0.00790354703 0.00195285259
vt 0.249935016 0.495426983
vt 0.132327378 0.498816967
vt 0.374366879 0.494140506
vt 0.125344068 0.125344068
vt 0.249835029 0.125344068
vt 0.249835029 0.000853091478
vt 0.491140604 0.0022016936
vt 0.249835029 0.249835029
vt 0.374325991 0.249835029
vt 0.374325991 0.125344068
vt 0.498816967 0.249835029
vt 0.498816967 0.374325991
vt 0.374325991 0.374325991
vt 0.423079193 0.484048665
vt 0.422735423 0.494138181
vt 0.498816967 0.486270875
vt 0.127354264 0.48957634
vt 0.000853098405 0.487296343
vt 0.000853098405 0.374325991
vt 0.125344068 0.374325991
vt 0.125344068 0.249835029
vt 0.249835029 0.374325991
vt 0.000853098405 0.249835029
vt 0.00790354703 0.00195285259
vt 0.249935016 0.495426983
vt 0.132327378 0.498816967
vt 0.374366879 0.494140506
vt 0.125344068 0.125344068
vt 0.249835029 0.125344068
vt 0.249835029 0.000853091478
vt 0.491140604 0.0022016936
vt 0.249835029 0.249835029
vt 0.374325991 0.249835029
vt 0.374325991 0.125344068
vt 0.498816967 0.249835029
vt 0.498816967 0.374325991
vt 0.374325991 0.374325991
vt 0.423079193 0.484048665
vt 0.422735423 0.494138181
vt 0.498816967 0.486270875
vt 0.491140604 0.0022016936
vt 0.491140604 0.0022016936
vt 0.498816967 0.249835029
vt 0.498816967 0.249835029
vt 0.498816967 0.374325991
vt 0.498816967 0.374325991
vt 0.498816967 0.486270875
vt 0.498816967 0.486270875
vt 0.249835029 0.000853091478
vt 0.491140604 0.0022016936
vt 0.491140604 0.0022016936
vt 0.249835029 0.000853091478
vt 0.00790354703 0.00195285259
vt 0.00790354703 0.00195285259
vt 0.000853098405 0.249835029
vt 0.00790354703 0.00195285259
vt 0.00790354703 0.00195285259
vt 0.000853098405 0.249835029
vt 0.000853098405 0.374325991
vt 0.000853098405 0.374325991
vt 0.000853098405 0.487296343
vt 0.000853098405 0.487296343
vt 0.127354264 0.48957634
vt 0.127354264 0.48957634
vt 0.000853098405 0.487296343
vt 0.000853098405 0.487296343
vt 0.249935016 0.495426983
vt 0.132327378 0.498816967
vt 0.132327378 0.498816967
vt 0.249935016 0.495426983
vt 0.374366879 0.494140506
vt 0.374366879 0.494140506
vt 0.422735423 0.494138181
vt 0.422735423 0.494138181
vt 0.132327378 0.498816967
vt 0.132327378 0.498816967
vt 0.127354264 0.48957634
vt 0.127354264 0.48957634
vt 0.423079193 0.484048665
vt 0.423079193 0.484048665
vt 0.422735423 0.494138181
vt 0.422735423 0.494138181
vt 0.498816967 0.486270875
vt 0.498816967 0.486270875
vt 0.423079193 0.484048665
vt 0.423079193 0.484048665
vt 0.999548554 0.573760569
vt 0.999548554 0.500543237
vt 0.954311788 0.500543237
vt 0.902274787 0.612263858
vt 0.999548554 0.624230802
vt 0.897745252 0.500543237
vt 0.951888025 0.656290352
vt 0.999548554 0.775271833
vt 0.950957477 0.728235602
vt 0.903659642 0.773532867
vt 0.830514908 0.663152874
vt 0.828974843 0.620262682
vt 0.94403708 0.817121863
vt 0.999548554 0.848225594
vt 0.923431158 0.854940534
vt 0.999548554 0.881584764
vt 0.881379306 0.59678185
vt 0.864716053 0.540796399
vt 0.812609971 0.500543237
vt 0.85056442 0.562362254
vt 0.800321817 0.524586976
vt 0.763897061 0.500543237
vt 0.748865187 0.615262032
vt 0.726275265 0.595837533
vt 0.737896264 0.500543237
vt 0.60634011 0.500543237
vt 0.600215554 0.568618
vt 0.58249259 0.500543237
vt 0.803202987 0.641138792
vt 0.715322614 0.618946195
vt 0.566328764 0.569758475
vt 0.586756229 0.656507492
vt 0.500701547 0.500543237
vt 0.500701547 0.570986032
vt 0.500701547 0.660461128
vt 0.624825418 0.607128084
vt 0.651523173 0.652624965
vt 0.717579186 0.638267875
vt 0.623408794 0.656609178
vt 0.644288063 0.67281276
vt 0.61353606 0.733915687
vt 0.543458819 0.726896465
vt 0.687857091 0.685832202
vt 0.722163141 0.65385133
vt 0.535345793 0.779758751
vt 0.500701547 0.847741246
vt 0.750765204 0.691084206
vt 0.709406257 0.700103521
vt 0.615157604 0.793659389
vt 0.573628902 0.838125348
vt 0.776471436 0.705276906
vt 0.756101251 0.728386819
vt 0.719591856 0.737480879
vt 0.720239401 0.761573434
vt 0.765418291 0.804823518
vt 0.797286153 0.734848261
vt 0.673341811 0.806314707
vt 0.803020298 0.774704397
vt 0.832312644 0.777954042
vt 0.84328407 0.817008018
vt 0.879134595 0.820114732
vt 0.655411482 0.844717681
vt 0.737328887 0.836563468
vt 0.79844898 0.861766934
vt 0.866950393 0.876731694
vt 0.892420173 0.877035141
vt 0.643272817 0.855266511
vt 0.710314155 0.865426004
vt 0.617196739 0.889954329
vt 0.745901108 0.895264566
vt 0.782172084 0.947651386
vt 0.713776767 0.913370967
vt 0.836897612 0.881812513
vt 0.861035347 0.911154628
vt 0.881845534 0.952997506
vt 0.525498688 0.902979732
vt 0.500701547 0.999832451
vt 0.537841737 0.999832451
vt 0.593659401 0.999832451
vt 0.665242374 0.999832451
vt 0.757845104 0.999832451
vt 0.812909901 0.999832451
vt 0.826366484 0.970075846
vt 0.911074996 0.999832451
vt 0.951708138 0.95808655
vt 0.956218123 0.999832451
vt 0.999548554 0.999832451
vt 0.931728184 0.907459259
vt 0.971404612 0.941618264
vt 0.000853098405 0.487296343
vt 0.127354264 0.48957634
vt 0.000853098405 0.374325991
vt 0.125344068 0.374325991
vt 0.125344068 0.249835029
vt 0.249835029 0.374325991
vt 0.000853098405 0.249835029
vt 0.00790354703 0.00195285259
vt 0.249935016 0.495426983
vt 0.132327378 0.498816967
vt 0.374366879 0.494140506
vt 0.125344068 0.125344068
vt 0.249835029 0.125344068
vt 0.249835029 0.000853091478
vt 0.491140604 0.0022016936
vt 0.249835029 0.249835029
vt 0.374325991 0.249835029
vt 0.374325991 0.125344068
vt 0.498816967 0.249835029
vt 0.498816967 0.374325991
vt 0.374325991 0.374325991
vt 0.423079193 0.484048665
vt 0.422735423 0.494138181
vt 0.498816967 0.486270875
vt 0.127354264 0.48957634
vt 0.000853098405 0.487296343
vt 0.000853098405 0.374325991
vt 0.125344068 0.374325991
vt 0.125344068 0.249835029
vt 0.249835029 0.374325991
vt 0.000853098405 0.249835029
vt 0.00790354703 0.00195285259
vt 0.249935016 0.495426983
vt 0.132327378 0.498816967
vt 0.374366879 0.494140506
vt 0.125344068 0.125344068
vt 0.249835029 0.125344068
vt 0.249835029 0.000853091478
vt 0.491140604 0.0022016936
vt 0.249835029 0.249835029
vt 0.374325991 0.249835029
vt 0.374325991 0.125344068
vt 0.498816967 0.249835029
vt 0.498816967 0.374325991
vt 0.374325991 0.374325991
vt 0.423079193 0.484048665
vt 0.422735423 0.494138181
vt 0.498816967 0.486270875
vt 0.491140604 0.0022016936
vt 0.491140604 0.0022016936
vt 0.498816967 0.249835029
vt 0.498816967 0.249835029
vt 0.498816967 0.374325991
vt 0.498816967 0.374325991
vt 0.498816967 0.486270875
vt 0.498816967 0.486270875
vt 0.249835029 0.000853091478
vt 0.491140604 0.0022016936
vt 0.491140604 0.0022016936
vt 0.249835029 0.000853091478
vt 0.00790354703 0.00195285259
vt 0.00790354703 0.00195285259
vt 0.000853098405 0.249835029
vt 0.00790354703 0.00195285259
vt 0.00790354703 0.00195285259
vt 0.000853098405 0.249835029
vt 0.000853098405 0.374325991
vt 0.000853098405 0.374325991
vt 0.000853098405 0.487296343
vt 0.000853098405 0.487296343
vt 0.127354264 0.48957634
vt 0.127354264 0.48957634
vt 0.000853098405 0.487296343
vt 0.000853098405 0.487296343
vt 0.249935016 0.495426983
vt 0.132327378 0.498816967
vt 0.132327378 0.498816967
vt 0.249935016 0.495426983
vt 0.374366879 0.494140506
vt 0.374366879 0.494140506
vt 0.422735423 0.494138181
vt 0.422735423 0.494138181
vt 0.132327378 0.498816967
vt 0.132327378 0.498816967
vt 0.127354264 0.48957634
vt 0.127354264 0.48957634
vt 0.423079193 0.484048665
vt 0.423079193 0.484048665
vt 0.422735423 0.494138181
vt 0.422735423 0.494138181
vt 0.498816967 0.486270875
vt 0.498816967 0.486270875
vt 0.423079193 0.484048665
vt 0.423079193 0.484048665
vt 0.000853098405 0.487296343
vt 0.127354264 0.48957634
vt 0.000853098405 0.374325991
vt 0.125344068 0.374325991
vt 0.125344068 0.249835029
vt 0.249835029 0.374325991
vt 0.000853098405 0.249835029
vt 0.00790354703 0.00195285259
vt 0.249935016 0.495426983
vt 0.132327378 0.498816967
vt 0.374366879 0.494140506
vt 0.125344068 0.125344068
vt 0.249835029 0.125344068
vt 0.249835029 0.000853091478
vt 0.491140604 0.0022016936
vt 0.249835029 0.249835029
vt 0.374325991 0.249835029
vt 0.374325991 0.125344068
vt 0.498816967 0.249835029
vt 0.498816967 0.374325991
vt 0.374325991 0.374325991
vt 0.423079193 0.484048665
vt 0.422735423 0.494138181
vt 0.498816967 0.486270875
vt 0.127354264 0.48957634
vt 0.000853098405 0.487296343
vt 0.000853098405 0.374325991
vt 0.125344068 0.374325991
vt 0.125344068 0.249835029
vt 0.249835029 0.374325991
vt 0.000853098405 0.249835029
vt 0.00790354703 0.00195285259
vt 0.249935016 0.495426983
vt 0.132327378 0.498816967
vt 0.374366879 0.494140506
vt 0.125344068 0.125344068
vt 0.249835029 0.125344068
vt 0.249835029 0.000853091478
vt 0.491140604 0.0022016936
vt 0.249835029 0.249835029
vt 0.374325991 0.249835029
vt 0.374325991 0.125344068
vt 0.498816967 0.249835029
vt 0.498816967 0.374325991
vt 0.374325991 0.374325991
vt 0.423079193 0.484048665
vt 0.422735423 0.494138181
vt 0.498816967 0.486270875
vt 0.491140604 0.0022016936
vt 0.491140604 0.0022016936
vt 0.498816967 0.249835029
vt 0.498816967 0.249835029
vt 0.498816967 0.374325991
vt 0.498816967 0.374325991
vt 0.498816967 0.486270875
vt 0.498816967 0.486270875
vt 0.249835029 0.000853091478
vt 0.491140604 0.0022016936
vt 0.491140604 0.0022016936
vt 0.249835029 0.000853091478
vt 0.00790354703 0.00195285259
vt 0.00790354703 0.00195285259
vt 0.000853098405 0.249835029
vt 0.00790354703 0.00195285259
vt 0.00790354703 0.00195285259
vt 0.000853098405 0.249835029
vt 0.000853098405 0.374325991
vt 0.000853098405 0.374325991
vt 0.000853098405 0.487296343
vt 0.000853098405 0.487296343
vt 0.127354264 0.48957634
vt 0.127354264 0.48957634
vt 0.000853098405 0.487296343
vt 0.000853098405 0.487296343
vt 0.249935016 0.495426983
vt 0.132327378 0.498816967
vt 0.132327378 0.498816967
vt 0.249935016 0.495426983
vt 0.374366879 0.494140506
vt 0.374366879 0.494140506
vt 0.422735423 0.494138181
vt 0.422735423 0.494138181
vt 0.132327378 0.498816967
vt 0.132327378 0.498816967
vt 0.127354264 0.48957634
vt 0.127354264 0.48957634
vt 0.423079193 0.484048665
vt 0.423079193 0.484048665
vt 0.422735423 0.494138181
vt 0.422735423 0.494138181
vt 0.498816967 0.486270875
vt 0.498816967 0.486270875
vt 0.423079193 0.484048665
vt 0.423079193 0.484048665
vt 0.000853098405 0.487296343
vt 0.127354264 0.48957634
vt 0.000853098405 0.374325991
vt 0.125344068 0.374325991
vt 0.125344068 0.249835029
vt 0.249835029 0.374325991
vt 0.000853098405 0.249835029
vt 0.00790354703 0.00195285259
vt 0.249935016 0.495426983
vt 0.132327378 0.498816967
vt 0.374366879 0.494140506
vt 0.125344068 0.125344068
vt 0.249835029 0.125344068
vt 0.249835029 0.000853091478
vt 0.491140604 0.0022016936
vt 0.249835029 0.249835029
vt 0.374325991 0.249835029
vt 0.374325991 0.125344068
vt 0.498816967 0.249835029
vt 0.498816967 0.374325991
vt 0.374325991 0.374325991
vt 0.423079193 0.484048665
vt 0.422735423 0.494138181
vt 0.498816967 0.486270875
vt 0.127354264 0.48957634
vt 0.000853098405 0.487296343
vt 0.000853098405 0.374325991
vt 0.125344068 0.374325991
vt 0.125344068 0.249835029
vt 0.249835029 0.374325991
vt 0.000853098405 0.249835029
vt 0.00790354703 0.00195285259
vt 0.249935016 0.495426983
vt 0.132327378 0.498816967
vt 0.374366879 0.494140506
vt 0.125344068 0.125344068
vt 0.249835029 0.125344068
vt 0.249835029 0.000853091478
vt 0.491140604 0.0022016936
vt 0.249835029 0.249835029
vt 0.374325991 0.249835029
vt 0.374325991 0.125344068
vt 0.498816967 0.249835029
vt 0.498816967 0.374325991
vt 0.374325991 0.374325991
vt 0.423079193 0.484048665
vt 0.422735423 0.494138181
vt 0.498816967 0.486270875
vt 0.491140604 0.0022016936
vt 0.491140604 0.0022016936
vt 0.498816967 0.249835029
vt 0.498816967 0.249835029
vt 0.498816967 0.374325991
vt 0.498816967 0.374325991
vt 0.498816967 0.486270875
vt 0.498816967 0.486270875
vt 0.249835029 0.000853091478
vt 0.491140604 0.0022016936
vt 0.491140604 0.0022016936
vt 0.249835029 0.000853091478
vt 0.00790354703 0.00195285259
vt 0.00790354703 0.00195285259
vt 0.000853098405 0.249835029
vt 0.00790354703 0.00195285259
vt 0.00790354703 0.00195285259
vt 0.000853098405 0.249835029
vt 0.000853098405 0.374325991
vt 0.000853098405 0.374325991
vt 0.000853098405 0.487296343
vt 0.000853098405 0.487296343
vt 0.127354264 0.48957634
vt 0.127354264 0.48957634
vt 0.000853098405 0.487296343
vt 0.000853098405 0.487296343
vt 0.249935016 0.495426983
vt 0.132327378 0.498816967
vt 0.132327378 0.498816967
vt 0.249935016 0.495426983
vt 0.374366879 0.494140506
vt 0.374366879 0.494140506
vt 0.422735423 0.494138181
vt 0.422735423 0.494138181
vt 0.132327378 0.498816967
vt 0.132327378 0.498816967
vt 0.127354264 0.48957634
vt 0.127354264 0.48957634
vt 0.423079193 0.484048665
vt 0.423079193 0.484048665
vt 0.422735423 0.494138181
vt 0.422735423 0.494138181
vt 0.498816967 0.486270875
vt 0.498816967 0.486270875
vt 0.423079193 0.484048665
vt 0.423079193 0.484048665
vt -6.918357E-09 0
vt -6.918357E-09 0.498817027
vt 0.498817027 0.498817027
vt 0.498817027 0
vt 0.51045382 0.497964978
vt 0.507059813 0.49457103
vt 0.54705286 0.497964919
vt 0.507059813 0.00483152596
vt 0.54705286 0.00143768336
vt 0.51045382 0.00143768336
vt 0.553555489 0.497964919
vt 0.553555727 0.0014376319
vt 0.593701959 0.49457103
vt 0.59030807 0.497964978
vt 0.593702197 0.00483144866
vt 0.590308309 0.0014376319
vt 0.61571306 0.489713967
vt 0.657761037 0.484335363
vt 0.658195436 0.489925325
vt 0.616653323 0.483742863
vt 0.610089839 0.484233916
vt 0.609885991 0.441574156
vt 0.615472257 0.442007363
vt 0.601836801 0.450604439
vt 0.607426882 0.451035857
vt 0.607984304 0.492408395
vt 0.601620674 0.493087411
vt 0.607100248 0.498709917
vt 0.649326205 0.493323922
vt 0.649760008 0.498910069
vt 0.502195954 0.499370575
vt 0.507059813 0.49457103
vt 0.507027984 0.499370575
vt 0.502232313 0.49457103
vt 0.507059813 0.00483152596
vt 0.502232313 0.00483150035
vt 0.507027984 3.18866551E-05
vt 0.502195954 3.19123355E-05
vt 0.593734026 0.499370575
vt 0.598526478 0.494570911
vt 0.598562837 0.499370366
vt 0.593701959 0.49457103
vt 0.598526597 0.0048316028
vt 0.593702197 0.00483144866
vt 0.598563194 3.21691768E-05
vt 0.593734622 3.1758238E-05
vt 0.51045382 0.497964978
vt 0.550304174 0.497964919
vt 0.507059813 0.49457103
vt 0.507059813 0.00483152596
vt 0.550304294 0.00143765763
vt 0.51045382 0.00143768336
vt 0.593701959 0.49457103
vt 0.59030807 0.497964978
vt 0.593702197 0.00483144866
vt 0.590308309 0.0014376319
vt 0.51045382 0.497964978
vt 0.54705286 0.497964919
vt 0.507059813 0.49457103
vt 0.507059813 0.00483152596
vt 0.54705286 0.00143768336
vt 0.51045382 0.00143768336
vt 0.553555489 0.497964919
vt 0.553555727 0.0014376319
vt 0.593701959 0.49457103
vt 0.59030807 0.497964978
vt 0.593702197 0.00483144866
vt 0.590308309 0.0014376319
vt 0.61571306 0.489713967
vt 0.658195436 0.489925325
vt 0.657761037 0.484335363
vt 0.616653323 0.483742863
vt 0.610089839 0.484233916
vt 0.609885991 0.441574156
vt 0.615472257 0.442007363
vt 0.601836801 0.450604439
vt 0.607984304 0.492408395
vt 0.607426882 0.451035857
vt 0.601620674 0.493087411
vt 0.607100248 0.498709917
vt 0.649326205 0.493323922
vt 0.649760008 0.498910069
vt 0.502195954 0.499370575
vt 0.507027984 0.499370575
vt 0.507059813 0.49457103
vt 0.502232313 0.49457103
vt 0.507059813 0.00483152596
vt 0.502232313 0.00483150035
vt 0.507027984 3.18866551E-05
vt 0.502195954 3.19123355E-05
vt 0.593734026 0.499370575
vt 0.598562837 0.499370366
vt 0.598526478 0.494570911
vt 0.593701959 0.49457103
vt 0.598526597 0.0048316028
vt 0.593702197 0.00483144866
vt 0.598563194 3.21691768E-05
vt 0.593734622 3.1758238E-05
vt 0.51045382 0.497964978
vt 0.507059813 0.49457103
vt 0.550304174 0.497964919
vt 0.507059813 0.00483152596
vt 0.550304294 0.00143765763
vt 0.51045382 0.00143768336
vt 0.593701959 0.49457103
vt 0.59030807 0.497964978
vt 0.593702197 0.00483144866
vt 0.590308309 0.0014376319
vt 0.51045382 0.497964978
vt 0.54705286 0.497964919
vt 0.507059813 0.49457103
vt 0.507059813 0.00483152596
vt 0.54705286 0.00143768336
vt 0.51045382 0.00143768336
vt 0.553555489 0.497964919
vt 0.553555727 0.0014376319
vt 0.593701959 0.49457103
vt 0.59030807 0.497964978
vt 0.593702197 0.00483144866
vt 0.590308309 0.0014376319
vt 0.61571306 0.489713967
vt 0.658195436 0.489925325
vt 0.657761037 0.484335363
vt 0.616653323 0.483742863
vt 0.610089839 0.484233916
vt 0.609885991 0.441574156
vt 0.615472257 0.442007363
vt 0.601836801 0.450604439
vt 0.607984304 0.492408395
vt 0.607426882 0.451035857
vt 0.601620674 0.493087411
vt 0.607100248 0.498709917
vt 0.649326205 0.493323922
vt 0.649760008 0.498910069
vt 0.502195954 0.499370575
vt 0.507027984 0.499370575
vt 0.507059813 0.49457103
vt 0.502232313 0.49457103
vt 0.507059813 0.00483152596
vt 0.502232313 0.00483150035
vt 0.507027984 3.18866551E-05
vt 0.502195954 3.19123355E-05
vt 0.593734026 0.499370575
vt 0.598562837 0.499370366
vt 0.598526478 0.494570911
vt 0.593701959 0.49457103
vt 0.598526597 0.0048316028
vt 0.593702197 0.00483144866
vt 0.598563194 3.21691768E-05
vt 0.593734622 3.1758238E-05
vt 0.51045382 0.497964978
vt 0.507059813 0.49457103
vt 0.550304174 0.497964919
vt 0.507059813 0.00483152596
vt 0.550304294 0.00143765763
vt 0.51045382 0.00143768336
vt 0.593701959 0.49457103
vt 0.59030807 0.497964978
vt 0.593702197 0.00483144866
vt 0.590308309 0.0014376319
vt 0.51045382 0.497964978
vt 0.507059813 0.49457103
vt 0.54705286 0.497964919
vt 0.507059813 0.00483152596
vt 0.54705286 0.00143768336
vt 0.51045382 0.00143768336
vt 0.553555489 0.497964919
vt 0.553555727 0.0014376319
vt 0.593701959 0.49457103
vt 0.59030807 0.497964978
vt 0.593702197 0.00483144866
vt 0.590308309 0.0014376319
vt 0.61571306 0.489713967
vt 0.657761037 0.484335363
vt 0.658195436 0.489925325
vt 0.616653323 0.483742863
vt 0.610089839 0.484233916
vt 0.609885991 0.441574156
vt 0.615472257 0.442007363
vt 0.601836801 0.450604439
vt 0.607426882 0.451035857
vt 0.607984304 0.492408395
vt 0.601620674 0.493087411
vt 0.607100248 0.498709917
vt 0.649326205 0.493323922
vt 0.649760008 0.498910069
vt 0.502195954 0.499370575
vt 0.507059813 0.49457103
vt 0.507027984 0.499370575
vt 0.502232313 0.49457103
vt 0.507059813 0.00483152596
vt 0.502232313 0.00483150035
vt 0.507027984 3.18866551E-05
vt 0.502195954 3.19123355E-05
vt 0.593734026 0.499370575
vt 0.598526478 0.494570911
vt 0.598562837 0.499370366
vt 0.593701959 0.49457103
vt 0.598526597 0.0048316028
vt 0.593702197 0.00483144866
vt 0.598563194 3.21691768E-05
vt 0.593734622 3.1758238E-05
vt 0.51045382 0.497964978
vt 0.550304174 0.497964919
vt 0.507059813 0.49457103
vt 0.507059813 0.00483152596
vt 0.550304294 0.00143765763
vt 0.51045382 0.00143768336
vt 0.593701959 0.49457103
vt 0.59030807 0.497964978
vt 0.593702197 0.00483144866
vt 0.590308309 0.0014376319
vt 0.00239814818 0.994118214
vt 0.124589548 0.994118214
vt 0.00239814818 0.896878123
vt 0.118944012 0.890630603
vt 0.127673194 0.761829615
vt 0.242263541 0.885280073
vt 0.00239814818 0.767885029
vt 0.24423103 0.994118214
vt 0.00239787297 0.50403893
vt 0.368064702 0.994118214
vt 0.123479716 0.633062065
vt 0.247253031 0.627728641
vt 0.244064212 0.503861964
vt 0.494980752 0.503968179
vt 0.251277208 0.75655216
vt 0.374998361 0.755729139
vt 0.370966762 0.626727521
vt 0.495173812 0.760715067
vt 0.495173812 0.889712989
vt 0.495173812 0.994118214
vt 0.365924835 0.884586513
vt 0.00239814818 0.994118214
vt 0.124589548 0.994118214
vt 0.00239814818 0.896878123
vt 0.118944012 0.890630603
vt 0.127673194 0.761829615
vt 0.242263541 0.885280073
vt 0.00239814818 0.767885029
vt 0.24423103 0.994118214
vt 0.00239787297 0.50403893
vt 0.368064702 0.994118214
vt 0.123479716 0.633062065
vt 0.247253031 0.627728641
vt 0.244064212 0.503861964
vt 0.494980752 0.503968179
vt 0.251277208 0.75655216
vt 0.374998361 0.755729139
vt 0.370966762 0.626727521
vt 0.495173812 0.760715067
vt 0.495173812 0.889712989
vt 0.495173812 0.994118214
vt 0.365924835 0.884586513
vt 0.00239814818 0.994118214
vt 0.124589548 0.994118214
vt 0.00239814818 0.896878123
vt 0.118944012 0.890630603
vt 0.127673194 0.761829615
vt 0.242263541 0.885280073
vt 0.00239814818 0.767885029
vt 0.24423103 0.994118214
vt 0.00239787297 0.50403893
vt 0.368064702 0.994118214
vt 0.123479716 0.633062065
vt 0.247253031 0.627728641
vt 0.244064212 0.503861964
vt 0.494980752 0.503968179
vt 0.251277208 0.75655216
vt 0.374998361 0.755729139
vt 0.370966762 0.626727521
vt 0.495173812 0.760715067
vt 0.495173812 0.889712989
vt 0.495173812 0.994118214
vt 0.365924835 0.884586513
vt 0.00239814818 0.994118214
vt 0.124589548 0.994118214
vt 0.00239814818 0.896878123
vt 0.118944012 0.890630603
vt 0.127673194 0.761829615
vt 0.242263541 0.885280073
vt 0.00239814818 0.767885029
vt 0.24423103 0.994118214
vt 0.00239787297 0.50403893
vt 0.368064702 0.994118214
vt 0.123479716 0.633062065
vt 0.247253031 0.627728641
vt 0.244064212 0.503861964
vt 0.494980752 0.503968179
vt 0.251277208 0.75655216
vt 0.374998361 0.755729139
vt 0.370966762 0.626727521
vt 0.495173812 0.760715067
vt 0.495173812 0.889712989
vt 0.495173812 0.994118214
vt 0.365924835 0.884586513
g submesh0
f 1/1/1 2/2/2 3/3/3
f 3/3/3 2/2/2 4/4/4
f 5/5/5 3/3/3 4/4/4
f 6/6/6 4/4/4 2/2/2
f 6/6/6 5/5/5 4/4/4
f 5/5/5 7/7/7 3/3/3
f 8/8/8 7/7/7 5/5/5
f 6/6/6 2/2/2 9/9/9
f 2/2/2 10/10/10 9/9/9
f 6/6/6 9/9/9 11/11/11
f 8/8/8 5/5/5 12/12/12
f 13/13/13 8/8/8 12/12/12
f 5/5/5 13/13/13 12/12/12
f 13/13/13 14/14/14 8/8/8
f 15/15/15 14/14/14 13/13/13
f 6/6/6 16/16/16 5/5/5
f 5/5/5 16/16/16 13/13/13
f 17/17/17 16/16/16 6/6/6
f 13/13/13 16/16/16 17/17/17
f 15/15/15 13/13/13 18/18/18
f 13/13/13 17/17/17 18/18/18
f 17/17/17 15/15/15 18/18/18
f 17/17/17 19/19/19 15/15/15
f 20/20/20 19/19/19 17/17/17
f 17/17/17 6/6/6 21/21/21
f 6/6/6 11/11/11 21/21/21
f 20/20/20 17/17/17 21/21/21
f 11/11/11 22/22/22 21/21/21
f 21/21/21 22/22/22 20/20/20
f 23/23/23 22/22/22 11/11/11
f 20/20/20 22/22/22 24/24/24
f 25/25/25 26/26/26 27/27/27
f 25/25/25 27/27/27 28/28/28
f 27/27/27 29/29/29 28/28/28
f 25/25/25 28/28/28 30/30/30
f 29/29/29 30/30/30 28/28/28
f 27/27/27 31/31/31 29/29/29
f 29/29/29 31/31/31 32/32/32
f 25/25/25 30/30/30 33/33/33
f 34/34/34 25/25/25 33/33/33
f 35/35/35 33/33/33 30/30/30
f 29/29/29 32/32/32 36/36/36
f 32/32/32 37/37/37 36/36/36
f 37/37/37 29/29/29 36/36/36
f 32/32/32 38/38/38 37/37/37
f 37/37/37 38/38/38 39/39/39
f 29/29/29 40/40/40 30/30/30
f 37/37/37 40/40/40 29/29/29
f 30/30/30 40/40/40 41/41/41
f 41/41/41 40/40/40 37/37/37
f 37/37/37 39/39/39 42/42/42
f 41/41/41 37/37/37 42/42/42
f 39/39/39 41/41/41 42/42/42
f 39/39/39 43/43/43 41/41/41
f 41/41/41 43/43/43 44/44/44
f 30/30/30 41/41/41 45/45/45
f 35/35/35 30/30/30 45/45/45
f 41/41/41 44/44/44 45/45/45
f 46/46/46 35/35/35 45/45/45
f 46/46/46 45/45/45 44/44/44
f 46/46/46 47/47/47 35/35/35
f 46/46/46 44/44/44 48/48/48
f 49/49/49 50/50/50 51/51/51
f 49/49/49 51/51/51 52/52/52
f 52/52/52 51/51/51 53/53/53
f 52/52/52 53/53/53 54/54/54
f 54/54/54 53/53/53 55/55/55
f 54/54/54 55/55/55 56/56/56
f 57/57/57 58/58/58 59/59/59
f 57/57/57 60/60/60 58/58/58
f 61/61/61 60/60/60 57/57/57
f 61/61/61 62/62/62 60/60/60
f 63/63/63 64/64/64 65/65/65
f 63/63/63 66/66/66 64/64/64
f 67/67/67 66/66/66 63/63/63
f 67/67/67 68/68/68 66/66/66
f 69/69/69 68/68/68 67/67/67
f 69/69/69 70/70/70 68/68/68
f 71/71/71 72/72/72 73/73/73
f 71/71/71 73/73/73 74/74/74
f 75/75/75 76/76/76 77/77/77
f 75/75/75 78/78/78 76/76/76
f 79/79/79 78/78/78 75/75/75
f 79/79/79 80/80/80 78/78/78
f 81/81/81 80/80/80 79/79/79
f 81/81/81 82/82/82 80/80/80
f 83/83/83 84/84/84 85/85/85
f 83/83/83 85/85/85 86/86/86
f 87/87/87 88/88/88 89/89/89
f 87/87/87 89/89/89 90/90/90
f 91/91/91 92/92/92 93/93/93
f 91/91/91 93/93/93 94/94/94
f 95/95/95 96/96/96 97/97/97
f 95/95/95 97/97/97 98/98/98
f 99/99/99 95/95/95 98/98/98
f 98/98/98 97/97/97 100/100/100
f 99/99/99 98/98/98 101/101/101
f 99/99/99 101/101/101 102/102/102
f 101/101/101 103/103/103 102/102/102
f 103/103/103 101/101/101 98/98/98
f 103/103/103 98/98/98 104/104/104
f 105/105/105 104/104/104 98/98/98
f 98/98/98 106/106/106 105/105/105
f 103/103/103 107/107/107 102/102/102
f 103/103/103 104/104/104 107/107/107
f 108/108/108 102/102/102 107/107/107
f 108/108/108 107/107/107 109/109/109
f 104/104/104 109/109/109 107/107/107
f 110/110/110 108/108/108 109/109/109
f 98/98/98 100/100/100 111/111/111
f 98/98/98 111/111/111 106/106/106
f 111/111/111 100/100/100 112/112/112
f 113/113/113 112/112/112 100/100/100
f 111/111/111 112/112/112 114/114/114
f 113/113/113 114/114/114 112/112/112
f 106/106/106 111/111/111 114/114/114
f 113/113/113 115/115/115 114/114/114
f 115/115/115 106/106/106 114/114/114
f 116/116/116 115/115/115 113/113/113
f 115/115/115 116/116/116 106/106/106
f 117/117/117 106/106/106 116/116/116
f 118/118/118 117/117/117 116/116/116
f 118/118/118 116/116/116 119/119/119
f 118/118/118 119/119/119 120/120/120
f 118/118/118 120/120/120 121/121/121
f 122/122/122 121/121/121 120/120/120
f 117/117/117 123/123/123 106/106/106
f 106/106/106 123/123/123 105/105/105
f 117/117/117 118/118/118 124/124/124
f 124/124/124 118/118/118 121/121/121
f 122/122/122 125/125/125 121/121/121
f 121/121/121 125/125/125 126/126/126
f 127/127/127 125/125/125 122/122/122
f 127/127/127 128/128/128 125/125/125
f 125/125/125 128/128/128 129/129/129
f 125/125/125 129/129/129 126/126/126
f 130/130/130 124/124/124 121/121/121
f 126/126/126 130/130/130 121/121/121
f 124/124/124 130/130/130 131/131/131
f 132/132/132 117/117/117 124/124/124
f 124/124/124 131/131/131 132/132/132
f 130/130/130 126/126/126 133/133/133
f 131/131/131 130/130/130 133/133/133
f 131/131/131 133/133/133 134/134/134
f 126/126/126 134/134/134 133/133/133
f 126/126/126 135/135/135 134/134/134
f 136/136/136 135/135/135 126/126/126
f 136/136/136 126/126/126 129/129/129
f 137/137/137 131/131/131 134/134/134
f 132/132/132 131/131/131 137/137/137
f 137/137/137 134/134/134 135/135/135
f 132/132/132 138/138/138 117/117/117
f 132/132/132 137/137/137 138/138/138
f 129/129/129 139/139/139 136/136/136
f 129/129/129 140/140/140 139/139/139
f 141/141/141 117/117/117 138/138/138
f 141/141/141 123/123/123 117/117/117
f 142/142/142 138/138/138 137/137/137
f 142/142/142 137/137/137 135/135/135
f 142/142/142 141/141/141 138/138/138
f 136/136/136 139/139/139 143/143/143
f 136/136/136 143/143/143 135/135/135
f 139/139/139 140/140/140 144/144/144
f 139/139/139 144/144/144 143/143/143
f 145/145/145 123/123/123 141/141/141
f 145/145/145 105/105/105 123/123/123
f 141/141/141 142/142/142 146/146/146
f 141/141/141 146/146/146 145/145/145
f 142/142/142 135/135/135 147/147/147
f 146/146/146 142/142/142 147/147/147
f 135/135/135 148/148/148 147/147/147
f 146/146/146 147/147/147 148/148/148
f 146/146/146 148/148/148 149/149/149
f 150/150/150 145/145/145 146/146/146
f 105/105/105 145/145/145 150/150/150
f 149/149/149 150/150/150 146/146/146
f 135/135/135 151/151/151 148/148/148
f 135/135/135 143/143/143 151/151/151
f 149/149/149 148/148/148 151/151/151
f 152/152/152 105/105/105 150/150/150
f 150/150/150 149/149/149 152/152/152
f 152/152/152 153/153/153 105/105/105
f 105/105/105 153/153/153 104/104/104
f 152/152/152 154/154/154 153/153/153
f 154/154/154 104/104/104 153/153/153
f 154/154/154 152/152/152 149/149/149
f 154/154/154 155/155/155 104/104/104
f 104/104/104 155/155/155 109/109/109
f 156/156/156 151/151/151 143/143/143
f 149/149/149 151/151/151 157/157/157
f 156/156/156 157/157/157 151/151/151
f 154/154/154 149/149/149 158/158/158
f 158/158/158 149/149/149 157/157/157
f 155/155/155 154/154/154 159/159/159
f 159/159/159 154/154/154 158/158/158
f 160/160/160 109/109/109 155/155/155
f 160/160/160 155/155/155 159/159/159
f 143/143/143 161/161/161 156/156/156
f 143/143/143 144/144/144 161/161/161
f 156/156/156 162/162/162 157/157/157
f 162/162/162 156/156/156 161/161/161
f 161/161/161 144/144/144 163/163/163
f 163/163/163 162/162/162 161/161/161
f 162/162/162 164/164/164 157/157/157
f 158/158/158 157/157/157 164/164/164
f 165/165/165 158/158/158 164/164/164
f 166/166/166 165/165/165 164/164/164
f 162/162/162 166/166/166 164/164/164
f 163/163/163 166/166/166 162/162/162
f 159/159/159 158/158/158 167/167/167
f 165/165/165 167/167/167 158/158/158
f 159/159/159 167/167/167 168/168/168
f 159/159/159 168/168/168 160/160/160
f 167/167/167 165/165/165 168/168/168
f 169/169/169 160/160/160 168/168/168
f 165/165/165 169/169/169 168/168/168
f 170/170/170 163/163/163 144/144/144
f 170/170/170 144/144/144 140/140/140
f 171/171/171 170/170/170 140/140/140
f 171/171/171 172/172/172 170/170/170
f 170/170/170 172/172/172 173/173/173
f 170/170/170 173/173/173 163/163/163
f 174/174/174 163/163/163 173/173/173
f 174/174/174 166/166/166 163/163/163
f 175/175/175 166/166/166 174/174/174
f 175/175/175 165/165/165 166/166/166
f 176/176/176 165/165/165 175/175/175
f 176/176/176 177/177/177 165/165/165
f 165/165/165 177/177/177 169/169/169
f 176/176/176 169/169/169 177/177/177
f 176/176/176 178/178/178 169/169/169
f 178/178/178 179/179/179 169/169/169
f 178/178/178 180/180/180 179/179/179
f 181/181/181 179/179/179 180/180/180
f 179/179/179 182/182/182 169/169/169
f 169/169/169 182/182/182 160/160/160
f 160/160/160 182/182/182 109/109/109
f 110/110/110 109/109/109 182/182/182
f 181/181/181 183/183/183 179/179/179
f 183/183/183 181/181/181 110/110/110
f 179/179/179 183/183/183 182/182/182
f 110/110/110 182/182/182 183/183/183
f 184/184/184 185/185/185 186/186/186
f 186/186/186 185/185/185 187/187/187
f 188/188/188 186/186/186 187/187/187
f 189/189/189 187/187/187 185/185/185
f 189/189/189 188/188/188 187/187/187
f 188/188/188 190/190/190 186/186/186
f 191/191/191 190/190/190 188/188/188
f 189/189/189 185/185/185 192/192/192
f 185/185/185 193/193/193 192/192/192
f 189/189/189 192/192/192 194/194/194
f 191/191/191 188/188/188 195/195/195
f 196/196/196 191/191/191 195/195/195
f 188/188/188 196/196/196 195/195/195
f 196/196/196 197/197/197 191/191/191
f 198/198/198 197/197/197 196/196/196
f 189/189/189 199/199/199 188/188/188
f 188/188/188 199/199/199 196/196/196
f 200/200/200 199/199/199 189/189/189
f 196/196/196 199/199/199 200/200/200
f 198/198/198 196/196/196 201/201/201
f 196/196/196 200/200/200 201/201/201
f 200/200/200 198/198/198 201/201/201
f 200/200/200 202/202/202 198/198/198
f 203/203/203 202/202/202 200/200/200
f 200/200/200 189/189/189 204/204/204
f 189/189/189 194/194/194 204/204/204
f 203/203/203 200/200/200 204/204/204
f 194/194/194 205/205/205 204/204/204
f 204/204/204 205/205/205 203/203/203
f 206/206/206 205/205/205 194/194/194
f 203/203/203 205/205/205 207/207/207
f 208/208/208 209/209/209 210/210/210
f 208/208/208 210/210/210 211/211/211
f 210/210/210 212/212/212 211/211/211
f 208/208/208 211/211/211 213/213/213
f 212/212/212 213/213/213 211/211/211
f 210/210/210 214/214/214 212/212/212
f 212/212/212 214/214/214 215/215/215
f 208/208/208 213/213/213 216/216/216
f 217/217/217 208/208/208 216/216/216
f 218/218/218 216/216/216 213/213/213
f 212/212/212 215/215/215 219/219/219
f 215/215/215 220/220/220 219/219/219
f 220/220/220 212/212/212 219/219/219
f 215/215/215 221/221/221 220/220/220
f 220/220/220 221/221/221 222/222/222
f 212/212/212 223/223/223 213/213/213
f 220/220/220 223/223/223 212/212/212
f 213/213/213 223/223/223 224/224/224
f 224/224/224 223/223/223 220/220/220
f 220/220/220 222/222/222 225/225/225
f 224/224/224 220/220/220 225/225/225
f 222/222/222 224/224/224 225/225/225
f 222/222/222 226/226/226 224/224/224
f 224/224/224 226/226/226 227/227/227
f 213/213/213 224/224/224 228/228/228
f 218/218/218 213/213/213 228/228/228
f 224/224/224 227/227/227 228/228/228
f 229/229/229 218/218/218 228/228/228
f 229/229/229 228/228/228 227/227/227
f 229/229/229 230/230/230 218/218/218
f 229/229/229 227/227/227 231/231/231
f 232/232/232 233/233/233 234/234/234
f 232/232/232 234/234/234 235/235/235
f 235/235/235 234/234/234 236/236/236
f 235/235/235 236/236/236 237/237/237
f 237/237/237 236/236/236 238/238/238
f 237/237/237 238/238/238 239/239/239
f 240/240/240 241/241/241 242/242/242
f 240/240/240 243/243/243 241/241/241
f 244/244/244 243/243/243 240/240/240
f 244/244/244 245/245/245 243/243/243
f 246/246/246 247/247/247 248/248/248
f 246/246/246 249/249/249 247/247/247
f 250/250/250 249/249/249 246/246/246
f 250/250/250 251/251/251 249/249/249
f 252/252/252 251/251/251 250/250/250
f 252/252/252 253/253/253 251/251/251
f 254/254/254 255/255/255 256/256/256
f 254/254/254 256/256/256 257/257/257
f 258/258/258 259/259/259 260/260/260
f 258/258/258 261/261/261 259/259/259
f 262/262/262 261/261/261 258/258/258
f 262/262/262 263/263/263 261/261/261
f 264/264/264 263/263/263 262/262/262
f 264/264/264 265/265/265 263/263/263
f 266/266/266 267/267/267 268/268/268
f 266/266/266 268/268/268 269/269/269
f 270/270/270 271/271/271 272/272/272
f 270/270/270 272/272/272 273/273/273
f 274/274/274 275/275/275 276/276/276
f 274/274/274 276/276/276 277/277/277
f 278/278/278 279/279/279 280/280/280
f 280/280/280 279/279/279 281/281/281
f 282/282/282 280/280/280 281/281/281
f 283/283/283 281/281/281 279/279/279
f 283/283/283 282/282/282 281/281/281
f 282/282/282 284/284/284 280/280/280
f 285/285/285 284/284/284 282/282/282
f 283/283/283 279/279/279 286/286/286
f 279/279/279 287/287/287 286/286/286
f 283/283/283 286/286/286 288/288/288
f 285/285/285 282/282/282 289/289/289
f 290/290/290 285/285/285 289/289/289
f 282/282/282 290/290/290 289/289/289
f 290/290/290 291/291/291 285/285/285
f 292/292/292 291/291/291 290/290/290
f 283/283/283 293/293/293 282/282/282
f 282/282/282 293/293/293 290/290/290
f 294/294/294 293/293/293 283/283/283
f 290/290/290 293/293/293 294/294/294
f 292/292/292 290/290/290 295/295/295
f 290/290/290 294/294/294 295/295/295
f 294/294/294 292/292/292 295/295/295
f 294/294/294 296/296/296 292/292/292
f 297/297/297 296/296/296 294/294/294
f 294/294/294 283/283/283 298/298/298
f 283/283/283 288/288/288 298/298/298
f 297/297/297 294/294/294 298/298/298
f 288/288/288 299/299/299 298/298/298
f 298/298/298 299/299/299 297/297/297
f 300/300/300 299/299/299 288/288/288
f 297/297/297 299/299/299 301/301/301
f 302/302/302 303/303/303 304/304/304
f 302/302/302 304/304/304 305/305/305
f 304/304/304 306/306/306 305/305/305
f 302/302/302 305/305/305 307/307/307
f 306/306/306 307/307/307 305/305/305
f 304/304/304 308/308/308 306/306/306
f 306/306/306 308/308/308 309/309/309
f 302/302/302 307/307/307 310/310/310
f 311/311/311 302/302/302 310/310/310
f 312/312/312 310/310/310 307/307/307
f 306/306/306 309/309/309 313/313/313
f 309/309/309 314/314/314 313/313/313
f 314/314/314 306/306/306 313/313/313
f 309/309/309 315/315/315 314/314/314
f 314/314/314 315/315/315 316/316/316
f 306/306/306 317/317/317 307/307/307
f 314/314/314 317/317/317 306/306/306
f 307/307/307 317/317/317 318/318/318
f 318/318/318 317/317/317 314/314/314
f 314/314/314 316/316/316 319/319/319
f 318/318/318 314/314/314 319/319/319
f 316/316/316 318/318/318 319/319/319
f 316/316/316 320/320/320 318/318/318
f 318/318/318 320/320/320 321/321/321
f 307/307/307 318/318/318 322/322/322
f 312/312/312 307/307/307 322/322/322
f 318/318/318 321/321/321 322/322/322
f 323/323/323 312/312/312 322/322/322
f 323/323/323 322/322/322 321/321/321
f 323/323/323 324/324/324 312/312/312
f 323/323/323 321/321/321 325/325/325
f 326/326/326 327/327/327 328/328/328
f 326/326/326 328/328/328 329/329/329
f 329/329/329 328/328/328 330/330/330
f 329/329/329 330/330/330 331/331/331
f 331/331/331 330/330/330 332/332/332
f 331/331/331 332/332/332 333/333/333
f 334/334/334 335/335/335 336/336/336
f 334/334/334 337/337/337 335/335/335
f 338/338/338 337/337/337 334/334/334
f 338/338/338 339/339/339 337/337/337
f 340/340/340 341/341/341 342/342/342
f 340/340/340 343/343/343 341/341/341
f 344/344/344 343/343/343 340/340/340
f 344/344/344 345/345/345 343/343/343
f 346/346/346 345/345/345 344/344/344
f 346/346/346 347/347/347 345/345/345
f 348/348/348 349/349/349 350/350/350
f 348/348/348 350/350/350 351/351/351
f 352/352/352 353/353/353 354/354/354
f 352/352/352 355/355/355 353/353/353
f 356/356/356 355/355/355 352/352/352
f 356/356/356 357/357/357 355/355/355
f 358/358/358 357/357/357 356/356/356
f 358/358/358 359/359/359 357/357/357
f 360/360/360 361/361/361 362/362/362
f 360/360/360 362/362/362 363/363/363
f 364/364/364 365/365/365 366/366/366
f 364/364/364 366/366/366 367/367/367
f 368/368/368 369/369/369 370/370/370
f 368/368/368 370/370/370 371/371/371
f 372/372/372 373/373/373 374/374/374
f 374/374/374 373/373/373 375/375/375
f 376/376/376 374/374/374 375/375/375
f 377/377/377 375/375/375 373/373/373
f 377/377/377 376/376/376 375/375/375
f 376/376/376 378/378/378 374/374/374
f 379/379/379 378/378/378 376/376/376
f 377/377/377 373/373/373 380/380/380
f 373/373/373 381/381/381 380/380/380
f 377/377/377 380/380/380 382/382/382
f 379/379/379 376/376/376 383/383/383
f 384/384/384 379/379/379 383/383/383
f 376/376/376 384/384/384 383/383/383
f 384/384/384 385/385/385 379/379/379
f 386/386/386 385/385/385 384/384/384
f 377/377/377 387/387/387 376/376/376
f 376/376/376 387/387/387 384/384/384
f 388/388/388 387/387/387 377/377/377
f 384/384/384 387/387/387 388/388/388
f 386/386/386 384/384/384 389/389/389
f 384/384/384 388/388/388 389/389/389
f 388/388/388 386/386/386 389/389/389
f 388/388/388 390/390/390 386/386/386
f 391/391/391 390/390/390 388/388/388
f 388/388/388 377/377/377 392/392/392
f 377/377/377 382/382/382 392/392/392
f 391/391/391 388/388/388 392/392/392
f 382/382/382 393/393/393 392/392/392
f 392/392/392 393/393/393 391/391/391
f 394/394/394 393/393/393 382/382/382
f 391/391/391 393/393/393 395/395/395
f 396/396/396 397/397/397 398/398/398
f 396/396/396 398/398/398 399/399/399
f 398/398/398 400/400/400 399/399/399
f 396/396/396 399/399/399 401/401/401
f 400/400/400 401/401/401 399/399/399
f 398/398/398 402/402/402 400/400/400
f 400/400/400 402/402/402 403/403/403
f 396/396/396 401/401/401 404/404/404
f 405/405/405 396/396/396 404/404/404
f 406/406/406 404/404/404 401/401/401
f 400/400/400 403/403/403 407/407/407
f 403/403/403 408/408/408 407/407/407
f 408/408/408 400/400/400 407/407/407
f 403/403/403 409/409/409 408/408/408
f 408/408/408 409/409/409 410/410/410
f 400/400/400 411/411/411 401/401/401
f 408/408/408 411/411/411 400/400/400
f 401/401/401 411/411/411 412/412/412
f 412/412/412 411/411/411 408/408/408
f 408/408/408 410/410/410 413/413/413
f 412/412/412 408/408/408 413/413/413
f 410/410/410 412/412/412 413/413/413
f 410/410/410 414/414/414 412/412/412
f 412/412/412 414/414/414 415/415/415
f 401/401/401 412/412/412 416/416/416
f 406/406/406 401/401/401 416/416/416
f 412/412/412 415/415/415 416/416/416
f 417/417/417 406/406/406 416/416/416
f 417/417/417 416/416/416 415/415/415
f 417/417/417 418/418/418 406/406/406
f 417/417/417 415/415/415 419/419/419
f 420/420/420 421/421/421 422/422/422
f 420/420/420 422/422/422 423/423/423
f 423/423/423 422/422/422 424/424/424
f 423/423/423 424/424/424 425/425/425
f 425/425/425 424/424/424 426/426/426
f 425/425/425 426/426/426 427/427/427
f 428/428/428 429/429/429 430/430/430
f 428/428/428 431/431/431 429/429/429
f 432/432/432 431/431/431 428/428/428
f 432/432/432 433/433/433 431/431/431
f 434/434/434 435/435/435 436/436/436
f 434/434/434 437/437/437 435/435/435
f 438/438/438 437/437/437 434/434/434
f 438/438/438 439/439/439 437/437/437
f 440/440/440 439/439/439 438/438/438
f 440/440/440 441/441/441 439/439/439
f 442/442/442 443/443/443 444/444/444
f 442/442/442 444/444/444 445/445/445
f 446/446/446 447/447/447 448/448/448
f 446/446/446 449/449/449 447/447/447
f 450/450/450 449/449/449 446/446/446
f 450/450/450 451/451/451 449/449/449
f 452/452/452 451/451/451 450/450/450
f 452/452/452 453/453/453 451/451/451
f 454/454/454 455/455/455 456/456/456
f 454/454/454 456/456/456 457/457/457
f 458/458/458 459/459/459 460/460/460
f 458/458/458 460/460/460 461/461/461
f 462/462/462 463/463/463 464/464/464
f 462/462/462 464/464/464 465/465/465
f 466/466/466 467/467/467 468/468/468
f 466/466/466 468/468/468 469/469/469
f 470/470/470 471/471/471 472/472/472
f 473/473/473 472/472/472 471/471/471
f 473/473/473 474/474/474 472/472/472
f 473/473/473 475/475/475 474/474/474
f 474/474/474 476/476/476 472/472/472
f 474/474/474 477/477/477 476/476/476
f 477/477/477 478/478/478 476/476/476
f 476/476/476 478/478/478 479/479/479
f 477/477/477 480/480/480 478/478/478
f 477/477/477 481/481/481 480/480/480
f 482/482/482 483/483/483 484/484/484
f 482/482/482 485/485/485 483/483/483
f 485/485/485 482/482/482 486/486/486
f 487/487/487 485/485/485 486/486/486
f 487/487/487 488/488/488 485/485/485
f 489/489/489 490/490/490 491/491/491
f 489/489/489 491/491/491 492/492/492
f 492/492/492 491/491/491 493/493/493
f 493/493/493 491/491/491 494/494/494
f 493/493/493 494/494/494 495/495/495
f 496/496/496 497/497/497 498/498/498
f 496/496/496 499/499/499 497/497/497
f 499/499/499 500/500/500 497/497/497
f 499/499/499 501/501/501 500/500/500
f 501/501/501 502/502/502 500/500/500
f 501/501/501 503/503/503 502/502/502
f 504/504/504 505/505/505 506/506/506
f 504/504/504 507/507/507 505/505/505
f 508/508/508 505/505/505 507/507/507
f 508/508/508 507/507/507 509/509/509
f 510/510/510 508/508/508 509/509/509
f 510/510/510 509/509/509 511/511/511
f 512/512/512 513/513/513 514/514/514
f 515/515/515 514/514/514 513/513/513
f 515/515/515 513/513/513 516/516/516
f 515/515/515 516/516/516 517/517/517
f 516/516/516 513/513/513 518/518/518
f 513/513/513 519/519/519 518/518/518
f 516/516/516 518/518/518 520/520/520
f 516/516/516 520/520/520 521/521/521
f 522/522/522 523/523/523 524/524/524
f 525/525/525 524/524/524 523/523/523
f 525/525/525 523/523/523 526/526/526
f 525/525/525 526/526/526 527/527/527
f 526/526/526 523/523/523 528/528/528
f 526/526/526 528/528/528 529/529/529
f 529/529/529 528/528/528 530/530/530
f 528/528/528 531/531/531 530/530/530
f 529/529/529 530/530/530 532/532/532
f 529/529/529 532/532/532 533/533/533
f 534/534/534 535/535/535 536/536/536
f 534/534/534 536/536/536 537/537/537
f 537/537/537 538/538/538 534/534/534
f 539/539/539 538/538/538 537/537/537
f 539/539/539 537/537/537 540/540/540
f 541/541/541 542/542/542 543/543/543
f 541/541/541 544/544/544 542/542/542
f 544/544/544 545/545/545 542/542/542
f 545/545/545 546/546/546 542/542/542
f 545/545/545 547/547/547 546/546/546
f 548/548/548 549/549/549 550/550/550
f 548/548/548 550/550/550 551/551/551
f 551/551/551 550/550/550 552/552/552
f 551/551/551 552/552/552 553/553/553
f 553/553/553 552/552/552 554/554/554
f 553/553/553 554/554/554 555/555/555
f 556/556/556 557/557/557 558/558/558
f 556/556/556 558/558/558 559/559/559
f 560/560/560 559/559/559 558/558/558
f 560/560/560 561/561/561 559/559/559
f 562/562/562 561/561/561 560/560/560
f 562/562/562 563/563/563 561/561/561
f 564/564/564 565/565/565 566/566/566
f 567/567/567 566/566/566 565/565/565
f 567/567/567 568/568/568 566/566/566
f 567/567/567 569/569/569 568/568/568
f 568/568/568 570/570/570 566/566/566
f 566/566/566 570/570/570 571/571/571
f 568/568/568 572/572/572 570/570/570
f 568/568/568 573/573/573 572/572/572
f 574/574/574 575/575/575 576/576/576
f 577/577/577 576/576/576 575/575/575
f 577/577/577 575/575/575 578/578/578
f 577/577/577 578/578/578 579/579/579
f 578/578/578 575/575/575 580/580/580
f 578/578/578 580/580/580 581/581/581
f 581/581/581 580/580/580 582/582/582
f 580/580/580 583/583/583 582/582/582
f 581/581/581 582/582/582 584/584/584
f 581/581/581 584/584/584 585/585/585
f 586/586/586 587/587/587 588/588/588
f 586/586/586 588/588/588 589/589/589
f 589/589/589 590/590/590 586/586/586
f 591/591/591 590/590/590 589/589/589
f 591/591/591 589/589/589 592/592/592
f 593/593/593 594/594/594 595/595/595
f 593/593/593 596/596/596 594/594/594
f 596/596/596 597/597/597 594/594/594
f 597/597/597 598/598/598 594/594/594
f 597/597/597 599/599/599 598/598/598
f 600/600/600 601/601/601 602/602/602
f 600/600/600 602/602/602 603/603/603
f 603/603/603 602/602/602 604/604/604
f 603/603/603 604/604/604 605/605/605
f 605/605/605 604/604/604 606/606/606
f 605/605/605 606/606/606 607/607/607
f 608/608/608 609/609/609 610/610/610
f 608/608/608 610/610/610 611/611/611
f 612/612/612 611/611/611 610/610/610
f 612/612/612 613/613/613 611/611/611
f 614/614/614 613/613/613 612/612/612
f 614/614/614 615/615/615 613/613/613
f 616/616/616 617/617/617 618/618/618
f 619/619/619 618/618/618 617/617/617
f 619/619/619 620/620/620 618/618/618
f 619/619/619 621/621/621 620/620/620
f 620/620/620 622/622/622 618/618/618
f 618/618/618 622/622/622 623/623/623
f 620/620/620 624/624/624 622/622/622
f 620/620/620 625/625/625 624/624/624
f 626/626/626 627/627/627 628/628/628
f 629/629/629 628/628/628 627/627/627
f 629/629/629 630/630/630 628/628/628
f 629/629/629 631/631/631 630/630/630
f 630/630/630 632/632/632 628/628/628
f 630/630/630 633/633/633 632/632/632
f 633/633/633 634/634/634 632/632/632
f 632/632/632 634/634/634 635/635/635
f 633/633/633 636/636/636 634/634/634
f 633/633/633 637/637/637 636/636/636
f 638/638/638 639/639/639 640/640/640
f 638/638/638 641/641/641 639/639/639
f 641/641/641 638/638/638 642/642/642
f 643/643/643 641/641/641 642/642/642
f 643/643/643 644/644/644 641/641/641
f 645/645/645 646/646/646 647/647/647
f 645/645/645 647/647/647 648/648/648
f 648/648/648 647/647/647 649/649/649
f 649/649/649 647/647/647 650/650/650
f 649/649/649 650/650/650 651/651/651
f 652/652/652 653/653/653 654/654/654
f 652/652/652 655/655/655 653/653/653
f 655/655/655 656/656/656 653/653/653
f 655/655/655 657/657/657 656/656/656
f 657/657/657 658/658/658 656/656/656
f 657/657/657 659/659/659 658/658/658
f 660/660/660 661/661/661 662/662/662
f 660/660/660 663/663/663 661/661/661
f 664/664/664 661/661/661 663/663/663
f 664/664/664 663/663/663 665/665/665
f 666/666/666 664/664/664 665/665/665
f 666/666/666 665/665/665 667/667/667
f 668/668/668 669/669/669 670/670/670
f 671/671/671 670/670/670 669/669/669
f 671/671/671 669/669/669 672/672/672
f 671/671/671 672/672/672 673/673/673
f 672/672/672 669/669/669 674/674/674
f 669/669/669 675/675/675 674/674/674
f 672/672/672 674/674/674 676/676/676
f 672/672/672 676/676/676 677/677/677
g submesh1
f 678/678/678 679/679/679 680/680/680
f 680/680/680 679/679/679 681/681/681
f 680/680/680 681/681/681 682/682/682
f 679/679/679 683/683/683 681/681/681
f 682/682/682 681/681/681 683/683/683
f 680/680/680 682/682/682 684/684/684
f 679/679/679 685/685/685 683/683/683
f 682/682/682 686/686/686 684/684/684
f 687/687/687 683/683/683 685/685/685
f 682/682/682 688/688/688 686/686/686
f 686/686/686 688/688/688 689/689/689
f 689/689/689 688/688/688 682/682/682
f 686/686/686 689/689/689 690/690/690
f 689/689/689 691/691/691 690/690/690
f 682/682/682 683/683/683 692/692/692
f 689/689/689 682/682/682 692/692/692
f 683/683/683 693/693/693 692/692/692
f 693/693/693 689/689/689 692/692/692
f 689/689/689 694/694/694 691/691/691
f 693/693/693 694/694/694 689/689/689
f 691/691/691 694/694/694 693/693/693
f 691/691/691 693/693/693 695/695/695
f 693/693/693 696/696/696 695/695/695
f 687/687/687 697/697/697 696/696/696
f 687/687/687 698/698/698 683/683/683
f 683/683/683 698/698/698 693/693/693
f 693/693/693 698/698/698 696/696/696
f 687/687/687 696/696/696 698/698/698
f 699/699/699 700/700/700 701/701/701
f 701/701/701 700/700/700 702/702/702
f 701/701/701 702/702/702 703/703/703
f 700/700/700 704/704/704 702/702/702
f 703/703/703 702/702/702 704/704/704
f 701/701/701 703/703/703 705/705/705
f 700/700/700 706/706/706 704/704/704
f 703/703/703 707/707/707 705/705/705
f 708/708/708 704/704/704 706/706/706
f 703/703/703 709/709/709 707/707/707
f 707/707/707 709/709/709 710/710/710
f 710/710/710 709/709/709 703/703/703
f 707/707/707 710/710/710 711/711/711
f 710/710/710 712/712/712 711/711/711
f 703/703/703 704/704/704 713/713/713
f 710/710/710 703/703/703 713/713/713
f 704/704/704 714/714/714 713/713/713
f 714/714/714 710/710/710 713/713/713
f 710/710/710 715/715/715 712/712/712
f 714/714/714 715/715/715 710/710/710
f 712/712/712 715/715/715 714/714/714
f 712/712/712 714/714/714 716/716/716
f 714/714/714 717/717/717 716/716/716
f 708/708/708 718/718/718 717/717/717
f 708/708/708 719/719/719 704/704/704
f 704/704/704 719/719/719 714/714/714
f 714/714/714 719/719/719 717/717/717
f 708/708/708 717/717/717 719/719/719
f 720/720/720 721/721/721 722/722/722
f 722/722/722 721/721/721 723/723/723
f 722/722/722 723/723/723 724/724/724
f 721/721/721 725/725/725 723/723/723
f 724/724/724 723/723/723 725/725/725
f 722/722/722 724/724/724 726/726/726
f 721/721/721 727/727/727 725/725/725
f 724/724/724 728/728/728 726/726/726
f 729/729/729 725/725/725 727/727/727
f 724/724/724 730/730/730 728/728/728
f 728/728/728 730/730/730 731/731/731
f 731/731/731 730/730/730 724/724/724
f 728/728/728 731/731/731 732/732/732
f 731/731/731 733/733/733 732/732/732
f 724/724/724 725/725/725 734/734/734
f 731/731/731 724/724/724 734/734/734
f 725/725/725 735/735/735 734/734/734
f 735/735/735 731/731/731 734/734/734
f 731/731/731 736/736/736 733/733/733
f 735/735/735 736/736/736 731/731/731
f 733/733/733 736/736/736 735/735/735
f 733/733/733 735/735/735 737/737/737
f 735/735/735 738/738/738 737/737/737
f 729/729/729 739/739/739 738/738/738
f 729/729/729 740/740/740 725/725/725
f 725/725/725 740/740/740 735/735/735
f 735/735/735 740/740/740 738/738/738
f 729/729/729 738/738/738 740/740/740
f 741/741/741 742/742/742 743/743/743
f 743/743/743 742/742/742 744/744/744
f 743/743/743 744/744/744 745/745/745
f 742/742/742 746/746/746 744/744/744
f 745/745/745 744/744/744 746/746/746
f 743/743/743 745/745/745 747/747/747
f 742/742/742 748/748/748 746/746/746
f 745/745/745 749/749/749 747/747/747
f 750/750/750 746/746/746 748/748/748
f 745/745/745 751/751/751 749/749/749
f 749/749/749 751/751/751 752/752/752
f 752/752/752 751/751/751 745/745/745
f 749/749/749 752/752/752 753/753/753
f 752/752/752 754/754/754 753/753/753
f 745/745/745 746/746/746 755/755/755
f 752/752/752 745/745/745 755/755/755
f 746/746/746 756/756/756 755/755/755
f 756/756/756 752/752/752 755/755/755
f 752/752/752 757/757/757 754/754/754
f 756/756/756 757/757/757 752/752/752
f 754/754/754 757/757/757 756/756/756
f 754/754/754 756/756/756 758/758/758
f 756/756/756 759/759/759 758/758/758
f 750/750/750 760/760/760 759/759/759
f 750/750/750 761/761/761 746/746/746
f 746/746/746 761/761/761 756/756/756
f 756/756/756 761/761/761 759/759/759
f 750/750/750 759/759/759 761/761/761
