# battering_ram_hardware_scoop_LOD0
v -0.174900457 -0.208669394 0.179273844
v -0.177796558 -0.205810443 0.179693863
v -0.174900457 -0.208485603 0.178601369
v -0.359312057 0.066396758 0.317960143
v -0.359312057 0.0820750147 0.305038989
v -0.359312057 0.0174497291 0.260745257
v -0.359312057 0.066396758 0.317960143
v -0.359312057 0.114427 0.370705545
v -0.359312057 0.0820750147 0.305038989
v -0.359312057 0.0868178234 0.38026312
v -0.359312057 0.114427 0.370705545
v -0.359312057 0.066396758 0.317960143
v -0.359312057 0.0868178234 0.38026312
v -0.359311908 0.126022533 0.436168432
v -0.359312057 0.114427 0.370705545
v -0.359311998 0.0970429704 0.442079425
v -0.359311908 0.126022533 0.436168432
v -0.359312057 0.0868178234 0.38026312
v -0.359311998 0.0970429704 0.442079425
v -0.359311998 0.128983274 0.511219263
v -0.359311908 0.126022533 0.436168432
v -0.359311998 0.128983274 0.511219263
v -0.359311938 0.120627105 0.571980834
v -0.359311938 0.121381655 0.567722678
v -0.359311998 0.10088864 0.655617118
v -0.359312087 0.0894830376 0.687064052
v -0.359311998 0.0995666161 0.659727514
v -0.359312087 0.0894830376 0.687064052
v -0.359312087 0.0752682164 0.717236221
v -0.359312087 0.0774179846 0.713520825
v -0.359312117 0.0338016562 0.769881666
v -0.359312057 -0.0215366669 0.81039542
v -0.359312057 -0.0177818984 0.808315694
v -0.359312236 -0.366719842 0.877701521
v -0.359312207 -0.259856761 0.846826315
v -0.359312266 -0.366227567 0.858305573
v -0.359312087 -0.258683115 0.870538175
v -0.359312117 -0.171449631 0.831127822
v -0.359312207 -0.259856761 0.846826315
v -0.359312177 -0.167246222 0.858341575
v -0.359312057 -0.125028908 0.810861111
v -0.359312117 -0.171449631 0.831127822
v -0.359312207 -0.09823367 0.840007484
v -0.359312117 -0.0788428262 0.782315493
v -0.359312057 -0.125028908 0.810861111
v -0.359312117 0.00664913841 0.746440947
v -0.359312117 -0.0547370091 0.758716404
v -0.359312117 0.0338016562 0.769881666
v -0.359312087 0.0445072986 0.705403984
v -0.359312057 -0.0350158624 0.747050762
v -0.359311998 -0.016409561 0.741553605
v -0.359311998 0.00164997764 0.74231571
v -0.359312087 0.0752682164 0.717236221
v -0.359312087 0.0727723315 0.643853664
v -0.359312087 0.0445072986 0.705403984
v -0.359311998 0.110704161 0.614026725
v -0.359311938 0.0902831703 0.573680162
v -0.359312087 0.0727723315 0.643853664
v -0.359311938 0.120627105 0.571980834
v -0.359311938 0.0902831703 0.573680162
v -0.359311998 0.110704161 0.614026725
v -0.359311998 0.128983274 0.511219263
v -0.359311998 0.0983363762 0.508068323
v -0.359311938 0.120627105 0.571980834
v -0.359311998 0.0983363762 0.508068323
v -0.359311938 0.0902831703 0.573680162
v -0.359311998 0.0970429704 0.442079425
v -0.359311998 0.0983363762 0.508068323
v -0.359311998 0.128983274 0.511219263
v 0.360858142 -0.366227537 0.858305633
v 0.360858262 -0.449209929 0.878531754
v 0.360858262 -0.448631585 0.864005923
v 0.360858142 -0.366227537 0.858305633
v 0.360858172 -0.366719782 0.87770164
v 0.360858262 -0.449209929 0.878531754
v 0.360858142 -0.366227537 0.858305633
v 0.360858113 -0.258683056 0.870538235
v 0.360858172 -0.366719782 0.87770164
v 0.360858083 -0.259856701 0.846826375
v 0.360858113 -0.254375905 0.870105207
v 0.360858023 -0.167246163 0.858341753
v 0.360857993 -0.171449587 0.831128061
v 0.360858023 -0.163009048 0.857487679
v 0.360858083 -0.0982336104 0.840007603
v 0.360857993 -0.0788427368 0.782315552
v 0.360857993 -0.0215365849 0.810395479
v 0.360857993 0.0338017195 0.769881785
v 0.360857993 -0.0177818183 0.808315814
v 0.360858083 -0.259856701 0.846826375
v 0.360858113 -0.258683056 0.870538235
v 0.360858142 -0.366227537 0.858305633
v 0.360857993 -0.171449587 0.831128061
v 0.360858023 -0.167246163 0.858341753
v 0.360858083 -0.259856701 0.846826375
v 0.360858083 -0.0982336104 0.840007603
v 0.360857993 -0.0215365849 0.810395479
v 0.360858083 -0.0941245705 0.838657677
v 0.360858023 0.0445073657 0.705404162
v 0.360858023 0.0752682835 0.717236459
v 0.360857993 0.00664920127 0.746441185
v 0.360857964 0.0727724358 0.643853903
v 0.360857964 0.100888699 0.655617297
v 0.360858023 0.0445073657 0.705404162
v 0.360857964 0.0727724358 0.643853903
v 0.360858023 0.110704221 0.614026845
v 0.360857964 0.100888699 0.655617297
v 0.360858023 0.0902832299 0.573680341
v 0.360858023 0.110704221 0.614026845
v 0.360857964 0.0727724358 0.643853903
v 0.360858172 -0.00907366443 0.227014229
v 0.360858142 0.0174497906 0.260745436
v 0.358198106 -0.00851589814 0.231635645
v 0.360858083 0.0820751041 0.305039138
v 0.360858142 0.066396825 0.317960292
v 0.360858142 0.0174497906 0.260745436
v 0.360858083 0.11442706 0.370705724
v 0.360858142 0.066396825 0.317960292
v 0.360858083 0.0820751041 0.305039138
v 0.360858083 0.11442706 0.370705724
v 0.360858083 0.086817883 0.380263239
v 0.360858142 0.066396825 0.317960292
v 0.360858083 0.126022592 0.436168581
v 0.360858083 0.086817883 0.380263239
v 0.360858083 0.11442706 0.370705724
v 0.360858083 0.126022592 0.436168581
v 0.360858023 0.0970430225 0.442079574
v 0.360858083 0.086817883 0.380263239
v 0.360858023 0.128983334 0.511219382
v 0.360858023 0.0970430225 0.442079574
v 0.360858083 0.126022592 0.436168581
v -0.331889749 -0.48915562 0.851075709
v -0.345366657 -0.629414737 0.893295527
v -0.331897736 -0.491995126 0.886782408
v -0.345371574 -0.629522681 0.827790976
v -0.345362008 -0.652031183 0.826413691
v -0.345362008 -0.65160501 0.893295527
v -0.32896769 -0.48915571 0.848095477
v -0.342451751 -0.629339576 0.824878275
v -0.306542158 -0.48915571 0.848095477
v -0.293058097 -0.629339576 0.824878275
v -0.342451751 -0.652971864 0.823503494
v -0.290138245 -0.629522681 0.827790976
v -0.3036201 -0.48915562 0.851075709
v -0.290147841 -0.652031183 0.826413691
v -0.293058097 -0.652971864 0.823503494
v -0.290143222 -0.629414737 0.893295527
v -0.290147841 -0.65160501 0.893295527
v -0.303612143 -0.491995126 0.886782408
v -0.293058038 -0.629399657 0.896210015
v -0.306534886 -0.491995156 0.889708161
v -0.290147841 -0.678660393 0.847925186
v -0.293058097 -0.682555556 0.847147822
v -0.342451751 -0.682555556 0.847147822
v -0.345362008 -0.678660393 0.847925186
v -0.342451841 -0.629399657 0.896210015
v -0.328974992 -0.491995156 0.889708161
v -0.293058097 -0.651711106 0.896205723
v -0.345366657 -0.629414737 0.893295527
v -0.331897736 -0.491995126 0.886782408
v -0.342451751 -0.651711106 0.896205723
v -0.345362008 -0.65160501 0.893295527
v -0.342451692 -0.682555556 0.893953562
v -0.345361978 -0.675779402 0.891530335
v -0.293058127 -0.682555556 0.893953562
v -0.290147871 -0.675779402 0.891530335
v -0.290147871 -0.669934988 0.889440298
v -0.290147871 -0.664319754 0.881411672
v -0.290147871 -0.659627914 0.869123459
v -0.290147901 -0.661993146 0.857566714
v -0.290147901 -0.67016089 0.850387275
v -0.290147841 -0.678660393 0.847925186
v -0.302133471 -0.806363523 0.867139518
v -0.338898301 -0.768003047 0.876910388
v -0.333376378 -0.806363523 0.867139518
v -0.296611518 -0.768003047 0.876910388
v -0.351288706 -0.701943576 0.890538156
v -0.284221143 -0.701943576 0.890538156
v -0.342451692 -0.682555556 0.893953562
v -0.352002829 -0.682723224 0.89113915
v -0.345361978 -0.675779402 0.891530335
v -0.293058127 -0.682555556 0.893953562
v -0.283507019 -0.682723224 0.89113915
v -0.290147871 -0.675779402 0.891530335
v -0.338898301 -0.768003047 0.876910388
v -0.336461455 -0.806058586 0.865780473
v -0.333376378 -0.806363523 0.867139518
v -0.342177182 -0.767201662 0.874141693
v -0.3378703 -0.79828912 0.857495844
v -0.351288706 -0.701943576 0.890538156
v -0.34315154 -0.759896278 0.853547215
v -0.33426711 -0.797879636 0.856341839
v -0.35419026 -0.701963663 0.887622952
v -0.352002829 -0.682723224 0.89113915
v -0.340150714 -0.758992016 0.850802898
v -0.301242739 -0.797879636 0.856341839
v -0.353456914 -0.699387729 0.847122252
v -0.353337169 -0.682260036 0.848952234
v -0.354913086 -0.682723224 0.888228893
v -0.295359105 -0.758992016 0.850802898
v -0.350531876 -0.699070334 0.84421128
v -0.350426883 -0.682358444 0.846033752
v -0.292358279 -0.759896278 0.853547215
v -0.297639549 -0.79828912 0.857495844
v -0.293332636 -0.767201662 0.874141693
v -0.299048394 -0.806058586 0.865780473
v -0.296611518 -0.768003047 0.876910388
v -0.302133471 -0.806363523 0.867139518
v -0.284221143 -0.701943576 0.890538156
v -0.281319588 -0.701963663 0.887622952
v -0.280596733 -0.682723224 0.888228893
v -0.28217268 -0.682260036 0.848952234
v -0.283507019 -0.682723224 0.89113915
v -0.282052934 -0.699387729 0.847122252
v -0.284977973 -0.699070334 0.84421128
v -0.285082936 -0.682358444 0.846033752
v -0.342451751 -0.682555556 0.847147822
v -0.293058097 -0.682555556 0.847147822
v -0.345362008 -0.678660393 0.847925186
v -0.290147841 -0.678660393 0.847925186
v -0.345361978 -0.67016089 0.850387275
v -0.290147901 -0.67016089 0.850387275
v -0.348497599 -0.669955671 0.850327194
v -0.287012249 -0.669955671 0.850327194
v -0.346977383 -0.662744939 0.85725224
v -0.345361978 -0.661993146 0.857566714
v -0.345361978 -0.659627914 0.869123459
v -0.288532466 -0.662744939 0.85725224
v -0.290147901 -0.661993146 0.857566714
v -0.290147871 -0.659627914 0.869123459
v -0.350865752 -0.670233369 0.851896107
v -0.348752409 -0.664098978 0.858876646
v -0.349532962 -0.662962854 0.869660676
v -0.345361978 -0.664319754 0.881411672
v -0.350302726 -0.666996419 0.862815619
v -0.350944251 -0.670121849 0.861978114
v -0.352031022 -0.674905241 0.860696495
v -0.353574365 -0.680477917 0.866631448
v -0.350127757 -0.665979981 0.866422951
v -0.349990845 -0.664705038 0.870857775
v -0.353325963 -0.678164065 0.874679625
v -0.350962758 -0.668214321 0.874595344
v -0.351582825 -0.670491755 0.876735389
v -0.351550043 -0.670272052 0.876794279
v -0.352811038 -0.672056317 0.886076212
v -0.350509793 -0.665341794 0.881899714
v -0.350035816 -0.67158246 0.887886345
v -0.345361978 -0.669934988 0.889440298
v -0.345361978 -0.675779402 0.891530335
v -0.345361978 -0.669934988 0.889440298
v -0.345361978 -0.675779402 0.891530335
v -0.345361978 -0.664319754 0.881411672
v -0.345361978 -0.659627914 0.869123459
v -0.345361978 -0.661993146 0.857566714
v -0.345361978 -0.67016089 0.850387275
v -0.345362008 -0.678660393 0.847925186
v -0.290147871 -0.675779402 0.891530335
v -0.290147871 -0.669934988 0.889440298
v -0.285474032 -0.67158246 0.887886345
v -0.290147871 -0.664319754 0.881411672
v -0.28269878 -0.672056317 0.886076212
v -0.285000056 -0.665341794 0.881899714
v -0.285976887 -0.662962854 0.869660676
v -0.283913672 -0.67054075 0.876781344
v -0.286757439 -0.664098978 0.858876646
v -0.284644097 -0.670233369 0.851896107
v -0.283917874 -0.670531929 0.87672466
v -0.282126129 -0.678418338 0.874611497
v -0.281732053 -0.680680931 0.866577029
v -0.283148885 -0.675063848 0.860653996
v -0.285154551 -0.667252541 0.862746954
v -0.285461217 -0.664959311 0.870789647
v -0.285315216 -0.66631943 0.866058707
v -0.351582825 -0.670491755 0.876735389
v -0.351550043 -0.670272052 0.876794279
v -0.353325963 -0.678164065 0.874679625
v -0.355220318 -0.677498102 0.874858081
v -0.353574365 -0.680477917 0.866631448
v -0.352386683 -0.669977963 0.876873076
v -0.350962758 -0.668214321 0.874595344
v -0.35663718 -0.6794011 0.866919994
v -0.352031022 -0.674905241 0.860696495
v -0.350969851 -0.664360821 0.870949984
v -0.349990845 -0.664705038 0.870857775
v -0.355220377 -0.673783958 0.860996902
v -0.350944251 -0.670121849 0.861978114
v -0.352386683 -0.666263819 0.863011897
v -0.350302726 -0.666996419 0.862815619
v -0.350127757 -0.665979981 0.866422951
v -0.356355339 -0.671995401 0.872950733
v -0.35751307 -0.674561977 0.870239854
v -0.35751307 -0.673550427 0.866464436
v -0.355197579 -0.668417215 0.871886253
v -0.356355041 -0.670983851 0.869175315
v -0.356355339 -0.669972241 0.865400016
v -0.355197579 -0.667405605 0.868110955
v -0.285315216 -0.66631943 0.866058707
v -0.285461217 -0.664959311 0.870789647
v -0.285154551 -0.667252541 0.862746954
v -0.282342136 -0.666263819 0.863011897
v -0.283148885 -0.675063848 0.860653996
v -0.283758938 -0.664360821 0.870949984
v -0.282342076 -0.669977963 0.876873076
v -0.283917874 -0.670531929 0.87672466
v -0.282126129 -0.678418338 0.874611497
v -0.279508442 -0.677498102 0.874858081
v -0.281732053 -0.680680931 0.866577029
v -0.278091639 -0.6794011 0.866919994
v -0.279508442 -0.673783958 0.860996902
v -0.279531181 -0.668417215 0.871886253
v -0.27837345 -0.671995401 0.872950733
v -0.279531181 -0.667405605 0.868110955
v -0.277215749 -0.674561977 0.870239854
v -0.278373718 -0.670983851 0.869175315
v -0.27837345 -0.669972241 0.865400016
v -0.277215749 -0.673550427 0.866464436
v -0.174848691 -0.48915562 0.851075828
v -0.188325569 -0.629414678 0.893295527
v -0.174856678 -0.491995126 0.886782408
v -0.188330546 -0.629522622 0.827790976
v -0.18832095 -0.652031183 0.82641381
v -0.188320979 -0.65160501 0.893295527
v -0.171926633 -0.48915568 0.848095477
v -0.185410708 -0.629339516 0.824878395
v -0.14950113 -0.48915568 0.848095477
v -0.136017054 -0.629339516 0.824878395
v -0.185410693 -0.652971864 0.823503554
v -0.133097202 -0.629522622 0.827790976
v -0.146579057 -0.48915562 0.851075828
v -0.133106798 -0.652031183 0.82641381
v -0.136017069 -0.652971864 0.823503554
v -0.133102164 -0.629414678 0.893295527
v -0.133106768 -0.65160501 0.893295527
v -0.146571085 -0.491995126 0.886782408
v -0.13601698 -0.629399598 0.896210074
v -0.149493814 -0.491995126 0.889708161
v -0.133106798 -0.678660393 0.847925246
v -0.136017069 -0.682555556 0.847147822
v -0.185410693 -0.682555556 0.847147822
v -0.188320935 -0.678660393 0.847925246
v -0.185410768 -0.629399598 0.896210074
v -0.171933949 -0.491995126 0.889708161
v -0.136017039 -0.651711106 0.896205783
v -0.188325569 -0.629414678 0.893295527
v -0.174856678 -0.491995126 0.886782408
v -0.185410708 -0.651711106 0.896205783
v -0.188320979 -0.65160501 0.893295527
v -0.185410663 -0.682555556 0.893953621
v -0.188320935 -0.675779402 0.891530335
v -0.136017084 -0.682555556 0.893953621
v -0.133106813 -0.675779402 0.891530335
v -0.133106813 -0.669934988 0.889440358
v -0.133106813 -0.664319754 0.881411672
v -0.133106813 -0.659627914 0.869123459
v -0.133106828 -0.661993146 0.857566714
v -0.133106828 -0.67016089 0.850387335
v -0.133106798 -0.678660393 0.847925246
v -0.145092413 -0.806363523 0.867139578
v -0.181857273 -0.768003047 0.876910388
v -0.176335335 -0.806363523 0.867139578
v -0.139570475 -0.768003047 0.876910388
v -0.194247678 -0.701943576 0.890538216
v -0.12718007 -0.701943576 0.890538216
v -0.185410663 -0.682555556 0.893953621
v -0.194961786 -0.682723224 0.89113915
v -0.188320935 -0.675779402 0.891530335
v -0.136017084 -0.682555556 0.893953621
v -0.126465961 -0.682723224 0.89113915
v -0.133106813 -0.675779402 0.891530335
v -0.181857273 -0.768003047 0.876910388
v -0.179420397 -0.806058586 0.865780532
v -0.176335335 -0.806363523 0.867139578
v -0.185136139 -0.767201662 0.874141693
v -0.180829257 -0.79828912 0.857495844
v -0.194247678 -0.701943576 0.890538216
v -0.186110511 -0.759896278 0.853547215
v -0.177226067 -0.797879636 0.856341839
v -0.197149217 -0.701963663 0.887622952
v -0.194961786 -0.682723224 0.89113915
v -0.183109686 -0.758992016 0.850802958
v -0.144201666 -0.797879636 0.856341839
v -0.196415842 -0.699387729 0.847122312
v -0.196296111 -0.682260036 0.848952293
v -0.197872058 -0.682723224 0.888228893
v -0.138318062 -0.758992016 0.850802958
v -0.193490803 -0.699070334 0.84421128
v -0.193385839 -0.682358444 0.846033752
v -0.135317221 -0.759896278 0.853547215
v -0.140598491 -0.79828912 0.857495844
v -0.136291593 -0.767201662 0.874141693
v -0.142007336 -0.806058586 0.865780532
v -0.139570475 -0.768003047 0.876910388
v -0.145092413 -0.806363523 0.867139578
v -0.12718007 -0.701943576 0.890538216
v -0.12427853 -0.701963663 0.887622952
v -0.123555698 -0.682723224 0.888228893
v -0.125131637 -0.682260036 0.848952293
v -0.126465961 -0.682723224 0.89113915
v -0.125011891 -0.699387729 0.847122312
v -0.127936929 -0.699070334 0.84421128
v -0.128041908 -0.682358444 0.846033752
v -0.185410693 -0.682555556 0.847147822
v -0.136017069 -0.682555556 0.847147822
v -0.188320935 -0.678660393 0.847925246
v -0.133106798 -0.678660393 0.847925246
v -0.188320935 -0.67016089 0.850387335
v -0.133106828 -0.67016089 0.850387335
v -0.191456586 -0.669955671 0.850327194
v -0.129971191 -0.669955671 0.850327194
v -0.189936355 -0.662744939 0.85725224
v -0.188320935 -0.661993146 0.857566714
v -0.188320935 -0.659627914 0.869123459
v -0.131491408 -0.662744939 0.85725224
v -0.133106828 -0.661993146 0.857566714
v -0.133106813 -0.659627914 0.869123459
v -0.193824723 -0.670233369 0.851896107
v -0.191711366 -0.664098978 0.858876646
v -0.192491904 -0.662962854 0.869660676
v -0.188320935 -0.664319754 0.881411672
v -0.193261713 -0.666996419 0.862815619
v -0.193903208 -0.670121849 0.861978233
v -0.194989979 -0.674905241 0.860696495
v -0.196533307 -0.680477917 0.866631448
v -0.193086699 -0.665979981 0.866422951
v -0.192949831 -0.664705038 0.870857835
v -0.196284905 -0.678164065 0.874679625
v -0.19392173 -0.668214321 0.874595404
v -0.194541812 -0.670491755 0.876735449
v -0.194509029 -0.670272052 0.876794338
v -0.195770025 -0.672056317 0.886076212
v -0.193468764 -0.665341794 0.881899774
v -0.192994788 -0.67158246 0.887886345
v -0.188320935 -0.669934988 0.889440358
v -0.188320935 -0.675779402 0.891530335
v -0.188320935 -0.669934988 0.889440358
v -0.188320935 -0.675779402 0.891530335
v -0.188320935 -0.664319754 0.881411672
v -0.188320935 -0.659627914 0.869123459
v -0.188320935 -0.661993146 0.857566714
v -0.188320935 -0.67016089 0.850387335
v -0.188320935 -0.678660393 0.847925246
v -0.133106813 -0.675779402 0.891530335
v -0.133106813 -0.669934988 0.889440358
v -0.128432974 -0.67158246 0.887886345
v -0.133106813 -0.664319754 0.881411672
v -0.125657722 -0.672056317 0.886076212
v -0.127958998 -0.665341794 0.881899774
v -0.128935844 -0.662962854 0.869660676
v -0.126872599 -0.67054075 0.876781464
v -0.129716381 -0.664098978 0.858876646
v -0.127603039 -0.670233369 0.851896107
v -0.126876831 -0.670531929 0.87672466
v -0.125085071 -0.678418338 0.874611497
v -0.12469098 -0.680680931 0.866577029
v -0.126107827 -0.675063848 0.860653996
v -0.128113478 -0.667252541 0.862747014
v -0.128420159 -0.664959311 0.870789707
v -0.128274143 -0.66631943 0.866058707
v -0.194541812 -0.670491755 0.876735449
v -0.194509029 -0.670272052 0.876794338
v -0.196284905 -0.678164065 0.874679625
v -0.19817932 -0.677498102 0.874858081
v -0.196533307 -0.680477917 0.866631448
v -0.195345685 -0.669977963 0.876873136
v -0.19392173 -0.668214321 0.874595404
v -0.199596137 -0.6794011 0.866919994
v -0.194989979 -0.674905241 0.860696495
v -0.193928823 -0.664360821 0.870949984
v -0.192949831 -0.664705038 0.870857835
v -0.19817932 -0.673783958 0.860996902
v -0.193903208 -0.670121849 0.861978233
v -0.19534564 -0.666263819 0.863011897
v -0.193261713 -0.666996419 0.862815619
v -0.193086699 -0.665979981 0.866422951
v -0.199314311 -0.671995401 0.872950792
v -0.200472027 -0.674561977 0.870239854
v -0.200472027 -0.673550427 0.866464436
v -0.19815658 -0.668417215 0.871886373
v -0.199314043 -0.670983851 0.869175375
v -0.199314311 -0.669972241 0.865400076
v -0.19815658 -0.667405605 0.868110955
v -0.128274143 -0.66631943 0.866058707
v -0.128420159 -0.664959311 0.870789707
v -0.128113478 -0.667252541 0.862747014
v -0.125301063 -0.666263819 0.863011897
v -0.126107827 -0.675063848 0.860653996
v -0.12671788 -0.664360821 0.870949984
v -0.125301018 -0.669977963 0.876873136
v -0.126876831 -0.670531929 0.87672466
v -0.125085071 -0.678418338 0.874611497
v -0.122467391 -0.677498102 0.874858081
v -0.12469098 -0.680680931 0.866577029
v -0.121050574 -0.6794011 0.866919994
v -0.122467391 -0.673783958 0.860996902
v -0.12249013 -0.668417215 0.871886373
v -0.121332407 -0.671995401 0.872950792
v -0.12249013 -0.667405605 0.868110955
v -0.120174684 -0.674561977 0.870239854
v -0.121332668 -0.670983851 0.869175375
v -0.121332407 -0.669972241 0.865400076
v -0.120174684 -0.673550427 0.866464436
v -0.0192244314 -0.488894075 0.850099862
v -0.032701306 -0.629153132 0.89231956
v -0.0192323923 -0.491733581 0.885806501
v -0.0327062681 -0.629261076 0.826815009
v -0.0326966867 -0.651769638 0.825437844
v -0.0326967053 -0.651343465 0.89231956
v -0.0163023565 -0.488894135 0.84711951
v -0.029786421 -0.629077971 0.823902428
v 0.00612314697 -0.488894135 0.84711957
v 0.0196072217 -0.629077971 0.823902428
v -0.0297864173 -0.652710319 0.822527587
v 0.022527067 -0.629261076 0.826815069
v 0.00904521998 -0.488894045 0.850099862
v 0.0225174874 -0.651769638 0.825437844
v 0.0196072161 -0.652710319 0.822527587
v 0.0225221012 -0.629153132 0.89231962
v 0.0225174967 -0.651343465 0.89231962
v 0.0090531772 -0.491733551 0.885806561
v 0.0196072888 -0.629138052 0.895234108
v 0.00613045506 -0.491733581 0.888732255
v 0.0225174818 -0.678398788 0.846949279
v 0.0196072105 -0.682294011 0.846171916
v -0.0297864117 -0.682294011 0.846171856
v -0.032696683 -0.678398907 0.846949279
v -0.0297864955 -0.629138052 0.895234108
v -0.0163096692 -0.491733581 0.888732195
v 0.0196072273 -0.651449561 0.895229876
v -0.032701306 -0.629153132 0.89231956
v -0.0192323923 -0.491733581 0.885806501
v -0.0297864359 -0.651449561 0.895229876
v -0.0326967053 -0.651343465 0.89231956
v -0.0297863912 -0.682294011 0.892977655
v -0.0326966606 -0.675517857 0.890554428
v 0.0196071845 -0.682294011 0.892977655
v 0.0225174557 -0.675517797 0.890554488
v 0.0225174595 -0.669673383 0.888464391
v 0.0225174613 -0.664058149 0.880435765
v 0.0225174539 -0.659366369 0.868147552
v 0.0225174446 -0.661731601 0.856590867
v 0.0225174464 -0.669899285 0.849411368
v 0.0225174818 -0.678398788 0.846949279
v 0.0105318688 -0.806101918 0.866163611
v -0.0262330025 -0.767741501 0.875934422
v -0.0207110662 -0.806101978 0.866163611
v 0.0160538033 -0.767741442 0.875934482
v -0.0386234 -0.701682031 0.889562309
v 0.0284441989 -0.701681972 0.889562309
v -0.0297863912 -0.682294011 0.892977655
v -0.0393375158 -0.682461679 0.890163183
v -0.0326966606 -0.675517857 0.890554428
v 0.0196071845 -0.682294011 0.892977655
v 0.029158311 -0.682461679 0.890163243
v 0.0225174557 -0.675517797 0.890554488
v -0.0262330025 -0.767741501 0.875934422
v -0.0237961281 -0.80579704 0.864804566
v -0.0207110662 -0.806101978 0.866163611
v -0.0295118801 -0.766940117 0.873165727
v -0.025204977 -0.798027575 0.856519938
v -0.0386234 -0.701682031 0.889562309
v -0.0304862373 -0.759634793 0.852571249
v -0.0216017999 -0.797618091 0.855365872
v -0.0415249392 -0.701702118 0.886646986
v -0.0393375158 -0.682461679 0.890163183
v -0.0274854079 -0.758730471 0.849827051
v 0.0114226025 -0.797618091 0.855365992
v -0.0407915823 -0.699126184 0.846146345
v -0.040671844 -0.681998491 0.847976387
v -0.0422477871 -0.682461679 0.887252927
v 0.0173062086 -0.758730471 0.849827051
v -0.0378665477 -0.698808789 0.843235314
v -0.0377615765 -0.682096899 0.845057786
v 0.020307038 -0.759634674 0.852571309
v 0.0150257787 -0.798027575 0.856519997
v 0.0193326809 -0.766940117 0.873165786
v 0.0136169298 -0.80579704 0.864804566
v 0.0160538033 -0.767741442 0.875934482
v 0.0105318688 -0.806101918 0.866163611
v 0.0284441989 -0.701681972 0.889562309
v 0.0313457325 -0.701702118 0.886647105
v 0.0320685841 -0.682461679 0.887253046
v 0.030492641 -0.681998432 0.847976387
v 0.029158311 -0.682461679 0.890163243
v 0.030612383 -0.699126124 0.846146345
v 0.0276873484 -0.698808789 0.843235373
v 0.0275823753 -0.682096899 0.845057905
v -0.0297864117 -0.682294011 0.846171856
v 0.0196072105 -0.682294011 0.846171916
v -0.032696683 -0.678398907 0.846949279
v 0.0225174818 -0.678398788 0.846949279
v -0.0326966457 -0.669899344 0.849411368
v 0.0225174464 -0.669899285 0.849411368
v -0.0358322896 -0.669694126 0.849351227
v 0.0256530903 -0.669694066 0.849351346
v -0.0343120657 -0.662483454 0.856276274
v -0.0326966494 -0.661731601 0.856590807
v -0.0326966606 -0.659366369 0.868147492
v 0.024132859 -0.662483454 0.856276393
v 0.0225174446 -0.661731601 0.856590867
v 0.0225174539 -0.659366369 0.868147552
v -0.038200438 -0.669971824 0.850920141
v -0.036087092 -0.663837433 0.857900679
v -0.0368676335 -0.662701309 0.868684769
v -0.0326966643 -0.664058208 0.880435705
v -0.0376374274 -0.666734934 0.861839652
v -0.0382789448 -0.669860303 0.861002266
v -0.0393656977 -0.674643695 0.859720528
v -0.0409090333 -0.680216372 0.865655482
v -0.0374624208 -0.665718436 0.865446985
v -0.0373255424 -0.664443493 0.869881868
v -0.0406606235 -0.67790252 0.873703659
v -0.0382974558 -0.667952776 0.873619437
v -0.0389175341 -0.670230269 0.875759482
v -0.0388847515 -0.670010507 0.875818372
v -0.0401457548 -0.671794772 0.885100245
v -0.0378444754 -0.665080249 0.880923808
v -0.0373704955 -0.671320915 0.886910379
v -0.0326966643 -0.669673443 0.888464391
v -0.0326966606 -0.675517857 0.890554428
v -0.0326966643 -0.669673443 0.888464391
v -0.0326966606 -0.675517857 0.890554428
v -0.0326966643 -0.664058208 0.880435705
v -0.0326966606 -0.659366369 0.868147492
v -0.0326966494 -0.661731601 0.856590807
v -0.0326966457 -0.669899344 0.849411368
v -0.032696683 -0.678398907 0.846949279
v 0.0225174557 -0.675517797 0.890554488
v 0.0225174595 -0.669673383 0.888464391
v 0.0271912944 -0.671320915 0.886910439
v 0.0225174613 -0.664058149 0.880435765
v 0.0299665518 -0.671794772 0.885100305
v 0.0276652705 -0.66508019 0.880923808
v 0.0266884305 -0.662701309 0.868684828
v 0.0287516639 -0.670279205 0.875805497
v 0.0259078853 -0.663837433 0.857900739
v 0.0280212387 -0.669971764 0.85092026
v 0.0287474412 -0.670270324 0.875748813
v 0.0305391904 -0.678156793 0.87363559
v 0.0309332889 -0.680419385 0.865601182
v 0.0295164343 -0.674802244 0.85967809
v 0.027510792 -0.666991055 0.861771047
v 0.0272041075 -0.664697707 0.86981374
v 0.0273501314 -0.666057825 0.86508286
v -0.0389175341 -0.670230269 0.875759482
v -0.0388847515 -0.670010507 0.875818372
v -0.0406606235 -0.67790252 0.873703659
v -0.0425550416 -0.677236557 0.873882115
v -0.0409090333 -0.680216372 0.865655482
v -0.039721407 -0.669716418 0.875897169
v -0.0382974558 -0.667952776 0.873619437
v -0.0439718515 -0.679139555 0.865944028
v -0.0393656977 -0.674643695 0.859720528
v -0.0383045524 -0.664099276 0.869974017
v -0.0373255424 -0.664443493 0.869881868
v -0.0425550342 -0.673522413 0.860020936
v -0.0382789448 -0.669860303 0.861002266
v -0.0397213697 -0.666002274 0.86203599
v -0.0376374274 -0.666734934 0.861839652
v -0.0374624208 -0.665718436 0.865446985
v -0.0436900258 -0.671733856 0.871974826
v -0.0448477529 -0.674300432 0.869263887
v -0.0448477492 -0.673288882 0.86548847
v -0.0425323062 -0.66815567 0.870910406
v -0.0436897613 -0.670722365 0.868199468
v -0.0436900258 -0.669710696 0.864424109
v -0.0425323062 -0.66714406 0.867134988
v 0.0273501314 -0.666057825 0.86508286
v 0.0272041075 -0.664697707 0.86981374
v 0.027510792 -0.666991055 0.861771047
v 0.0303232037 -0.666002274 0.862036049
v 0.0295164343 -0.674802244 0.85967809
v 0.0289063882 -0.664099276 0.869974136
v 0.0303232428 -0.669716299 0.875897169
v 0.0287474412 -0.670270324 0.875748813
v 0.0305391904 -0.678156793 0.87363559
v 0.0331568792 -0.677236438 0.873882174
v 0.0309332889 -0.680419385 0.865601182
v 0.0345736928 -0.679139495 0.865944147
v 0.0331568755 -0.673522413 0.860021055
v 0.0331341401 -0.66815567 0.870910406
v 0.0342918634 -0.671733856 0.871974826
v 0.0331341438 -0.667144001 0.867135048
v 0.0354495831 -0.674300432 0.869263947
v 0.0342915989 -0.670722365 0.868199468
v 0.0342918634 -0.669710577 0.864424109
v 0.0354495831 -0.673288763 0.865488589
v 0.136912972 -0.488894045 0.850099862
v 0.123436108 -0.629153132 0.89231962
v 0.136905015 -0.491733551 0.885806561
v 0.123431139 -0.629261076 0.826815069
v 0.123440713 -0.651769638 0.825437844
v 0.123440705 -0.651343465 0.89231962
v 0.139835045 -0.488894135 0.84711957
v 0.126350984 -0.629077971 0.823902428
v 0.162260562 -0.488894135 0.84711957
v 0.175744638 -0.629077971 0.823902428
v 0.126350984 -0.652710319 0.822527587
v 0.178664476 -0.629261076 0.826815069
v 0.16518262 -0.488894045 0.850099862
v 0.178654894 -0.651769638 0.825437844
v 0.175744623 -0.652710319 0.822527587
v 0.178659514 -0.629153132 0.89231962
v 0.178654894 -0.651343465 0.89231962
v 0.165190578 -0.491733551 0.885806561
v 0.175744697 -0.629138052 0.895234108
v 0.162267849 -0.491733581 0.888732255
v 0.178654894 -0.678398788 0.846949279
v 0.175744623 -0.682294011 0.846171916
v 0.126350984 -0.682294011 0.846171916
v 0.12344072 -0.678398788 0.846949279
v 0.126350909 -0.629138052 0.895234108
v 0.139827728 -0.491733581 0.888732255
v 0.175744623 -0.651449561 0.895229876
v 0.123436108 -0.629153132 0.89231962
v 0.136905015 -0.491733551 0.885806561
v 0.126350969 -0.651449561 0.895229876
v 0.123440705 -0.651343465 0.89231962
v 0.126351014 -0.682294011 0.892977655
v 0.123440742 -0.675517797 0.890554488
v 0.175744593 -0.682294011 0.892977655
v 0.178654864 -0.675517797 0.890554488
v 0.178654864 -0.669673383 0.888464391
v 0.178654864 -0.664058149 0.880435765
v 0.178654864 -0.659366369 0.868147552
v 0.178654835 -0.661731601 0.856590867
v 0.178654835 -0.669899285 0.849411368
v 0.178654894 -0.678398788 0.846949279
v 0.166669264 -0.806101918 0.866163611
v 0.129904404 -0.767741442 0.875934482
v 0.135426342 -0.806101918 0.866163611
v 0.172191218 -0.767741442 0.875934482
v 0.117514007 -0.701681972 0.889562309
v 0.184581593 -0.701681972 0.889562309
v 0.126351014 -0.682294011 0.892977655
v 0.116799884 -0.682461679 0.890163243
v 0.123440742 -0.675517797 0.890554488
v 0.175744593 -0.682294011 0.892977655
v 0.185295716 -0.682461679 0.890163243
v 0.178654864 -0.675517797 0.890554488
v 0.129904404 -0.767741442 0.875934482
v 0.132341281 -0.80579704 0.864804566
v 0.135426342 -0.806101918 0.866163611
v 0.126625523 -0.766940117 0.873165786
v 0.13093242 -0.798027575 0.856519997
v 0.117514007 -0.701681972 0.889562309
v 0.125651166 -0.759634674 0.852571309
v 0.134535611 -0.797618091 0.855365992
v 0.114612475 -0.701702118 0.886647105
v 0.116799884 -0.682461679 0.890163243
v 0.128651991 -0.758730471 0.849827051
v 0.167559996 -0.797618091 0.855365992
v 0.115345821 -0.699126124 0.846146345
v 0.115465559 -0.681998432 0.847976387
v 0.113889612 -0.682461679 0.887253046
v 0.173443615 -0.758730471 0.849827051
v 0.118270852 -0.698808789 0.843235373
v 0.118375823 -0.682096899 0.845057905
v 0.176444456 -0.759634674 0.852571309
v 0.171163186 -0.798027575 0.856519997
v 0.175470084 -0.766940117 0.873165786
v 0.169754326 -0.80579704 0.864804566
v 0.172191218 -0.767741442 0.875934482
v 0.166669264 -0.806101918 0.866163611
v 0.184581593 -0.701681972 0.889562309
v 0.187483132 -0.701702118 0.886647105
v 0.188205987 -0.682461679 0.887253046
v 0.186630055 -0.681998432 0.847976387
v 0.185295716 -0.682461679 0.890163243
v 0.186749801 -0.699126124 0.846146345
v 0.183824763 -0.698808789 0.843235373
v 0.183719784 -0.682096899 0.845057905
v 0.126350984 -0.682294011 0.846171916
v 0.175744623 -0.682294011 0.846171916
v 0.12344072 -0.678398788 0.846949279
v 0.178654894 -0.678398788 0.846949279
v 0.123440757 -0.669899285 0.849411368
v 0.178654835 -0.669899285 0.849411368
v 0.120305113 -0.669694066 0.849351346
v 0.181790486 -0.669694066 0.849351346
v 0.121825337 -0.662483454 0.856276393
v 0.123440757 -0.661731601 0.856590867
v 0.12344075 -0.659366369 0.868147552
v 0.180270255 -0.662483454 0.856276393
v 0.178654835 -0.661731601 0.856590867
v 0.178654864 -0.659366369 0.868147552
v 0.117936961 -0.669971764 0.85092026
v 0.120050326 -0.663837433 0.857900739
v 0.119269781 -0.662701309 0.868684828
v 0.123440742 -0.664058149 0.880435765
v 0.118499979 -0.666734934 0.861839712
v 0.117858462 -0.669860303 0.861002266
v 0.116771705 -0.674643695 0.859720588
v 0.115228377 -0.680216253 0.865655601
v 0.118674994 -0.665718436 0.865447044
v 0.118811868 -0.664443433 0.869881868
v 0.115476787 -0.67790252 0.873703718
v 0.117839955 -0.667952776 0.873619437
v 0.117219873 -0.670230269 0.875759482
v 0.117252663 -0.670010507 0.875818372
v 0.115991645 -0.671794772 0.885100305
v 0.11829292 -0.66508019 0.880923808
v 0.118766904 -0.671320915 0.886910439
v 0.123440742 -0.669673383 0.888464391
v 0.123440742 -0.675517797 0.890554488
v 0.123440742 -0.669673383 0.888464391
v 0.123440742 -0.675517797 0.890554488
v 0.123440742 -0.664058149 0.880435765
v 0.12344075 -0.659366369 0.868147552
v 0.123440757 -0.661731601 0.856590867
v 0.123440757 -0.669899285 0.849411368
v 0.12344072 -0.678398788 0.846949279
v 0.178654864 -0.675517797 0.890554488
v 0.178654864 -0.669673383 0.888464391
v 0.183328703 -0.671320915 0.886910439
v 0.178654864 -0.664058149 0.880435765
v 0.186103955 -0.671794772 0.885100305
v 0.183802679 -0.66508019 0.880923808
v 0.182825834 -0.662701309 0.868684828
v 0.184889063 -0.670279205 0.875805497
v 0.182045281 -0.663837433 0.857900739
v 0.184158638 -0.669971764 0.85092026
v 0.184884846 -0.670270324 0.875748813
v 0.186676592 -0.678156793 0.87363559
v 0.187070683 -0.680419385 0.865601182
v 0.185653836 -0.674802244 0.85967809
v 0.183648199 -0.666991055 0.861771047
v 0.183341503 -0.664697707 0.86981374
v 0.18348752 -0.666057825 0.86508286
v 0.117219873 -0.670230269 0.875759482
v 0.117252663 -0.670010507 0.875818372
v 0.115476787 -0.67790252 0.873703718
v 0.113582373 -0.677236438 0.873882174
v 0.115228377 -0.680216253 0.865655601
v 0.116416 -0.669716299 0.875897169
v 0.117839955 -0.667952776 0.873619437
v 0.112165555 -0.679139495 0.865944147
v 0.116771705 -0.674643695 0.859720588
v 0.117832862 -0.664099276 0.869974136
v 0.118811868 -0.664443433 0.869881868
v 0.113582373 -0.673522413 0.860021055
v 0.117858462 -0.669860303 0.861002266
v 0.116416045 -0.666002274 0.862036049
v 0.118499979 -0.666734934 0.861839712
v 0.118674994 -0.665718436 0.865447044
v 0.112447381 -0.671733856 0.871974826
v 0.111289658 -0.674300432 0.869263947
v 0.111289658 -0.673288763 0.865488589
v 0.113605104 -0.66815567 0.870910406
v 0.112447649 -0.670722365 0.868199468
v 0.112447381 -0.669710577 0.864424109
v 0.113605104 -0.667144001 0.867135048
v 0.18348752 -0.666057825 0.86508286
v 0.183341503 -0.664697707 0.86981374
v 0.183648199 -0.666991055 0.861771047
v 0.186460599 -0.666002274 0.862036049
v 0.185653836 -0.674802244 0.85967809
v 0.185043782 -0.664099276 0.869974136
v 0.186460644 -0.669716299 0.875897169
v 0.184884846 -0.670270324 0.875748813
v 0.186676592 -0.678156793 0.87363559
v 0.189294279 -0.677236438 0.873882174
v 0.187070683 -0.680419385 0.865601182
v 0.190711096 -0.679139495 0.865944147
v 0.189294279 -0.673522413 0.860021055
v 0.189271539 -0.66815567 0.870910406
v 0.19042927 -0.671733856 0.871974826
v 0.189271539 -0.667144001 0.867135048
v 0.191586986 -0.674300432 0.869263947
v 0.190429002 -0.670722365 0.868199468
v 0.19042927 -0.669710577 0.864424109
v 0.191586986 -0.673288763 0.865488589
v 0.293050408 -0.488894045 0.850099921
v 0.27957353 -0.629153132 0.89231962
v 0.293042421 -0.491733551 0.885806561
v 0.279568553 -0.629261017 0.826815069
v 0.279578149 -0.651769638 0.825437903
v 0.27957812 -0.651343465 0.89231962
v 0.295972466 -0.488894105 0.84711957
v 0.282488406 -0.629077911 0.823902488
v 0.318397999 -0.488894105 0.84711957
v 0.33188206 -0.629077911 0.823902488
v 0.282488406 -0.652710319 0.822527647
v 0.334801883 -0.629261017 0.826815069
v 0.321320027 -0.488894045 0.850099921
v 0.334792316 -0.651769638 0.825437903
v 0.33188206 -0.652710319 0.822527647
v 0.334796906 -0.629153132 0.89231962
v 0.334792346 -0.651343465 0.89231962
v 0.321328014 -0.491733551 0.885806561
v 0.331882089 -0.629137993 0.895234227
v 0.318405271 -0.491733551 0.888732255
v 0.334792316 -0.678398788 0.846949339
v 0.33188206 -0.682294011 0.846171916
v 0.282488436 -0.682294011 0.846171916
v 0.279578179 -0.678398788 0.846949339
v 0.282488346 -0.629137993 0.895234227
v 0.295965135 -0.491733551 0.888732255
v 0.331882089 -0.651449561 0.895229936
v 0.27957353 -0.629153132 0.89231962
v 0.293042421 -0.491733551 0.885806561
v 0.282488406 -0.651449561 0.895229936
v 0.27957812 -0.651343465 0.89231962
v 0.282488436 -0.682294011 0.892977715
v 0.279578179 -0.675517797 0.890554488
v 0.331882 -0.682294011 0.892977715
v 0.334792316 -0.675517797 0.890554488
v 0.334792316 -0.669673383 0.88846451
v 0.334792316 -0.664058149 0.880435765
v 0.334792286 -0.659366369 0.868147552
v 0.334792286 -0.661731601 0.856590867
v 0.334792286 -0.669899285 0.849411428
v 0.334792316 -0.678398788 0.846949339
v 0.322806686 -0.806101918 0.866163671
v 0.286041826 -0.767741442 0.875934482
v 0.291563779 -0.806101918 0.866163671
v 0.328328609 -0.767741442 0.875934482
v 0.273651421 -0.701681972 0.889562368
v 0.340719014 -0.701681972 0.889562368
v 0.282488436 -0.682294011 0.892977715
v 0.272937298 -0.682461679 0.890163243
v 0.279578179 -0.675517797 0.890554488
v 0.331882 -0.682294011 0.892977715
v 0.341433167 -0.682461679 0.890163243
v 0.334792316 -0.675517797 0.890554488
v 0.286041826 -0.767741442 0.875934482
v 0.288478702 -0.80579704 0.864804685
v 0.291563779 -0.806101918 0.866163671
v 0.282762975 -0.766940117 0.873165786
v 0.287069857 -0.798027575 0.856519997
v 0.273651421 -0.701681972 0.889562368
v 0.281788588 -0.759634674 0.852571309
v 0.290673018 -0.797618091 0.855365992
v 0.270749897 -0.701702118 0.886647105
v 0.272937298 -0.682461679 0.890163243
v 0.284789413 -0.758730471 0.849827111
v 0.323697418 -0.797618091 0.855365992
v 0.271483272 -0.699126124 0.846146464
v 0.271602988 -0.681998432 0.847976446
v 0.270027041 -0.682461679 0.887253046
v 0.329581022 -0.758730471 0.849827111
v 0.274408311 -0.698808789 0.843235373
v 0.274513245 -0.682096899 0.845057905
v 0.332581848 -0.759634674 0.852571309
v 0.327300608 -0.798027575 0.856519997
v 0.331607521 -0.766940117 0.873165786
v 0.325891763 -0.80579704 0.864804685
v 0.328328609 -0.767741442 0.875934482
v 0.322806686 -0.806101918 0.866163671
v 0.340719014 -0.701681972 0.889562368
v 0.343620569 -0.701702118 0.886647105
v 0.344343454 -0.682461679 0.887253046
v 0.342767477 -0.681998432 0.847976446
v 0.341433167 -0.682461679 0.890163243
v 0.342887223 -0.699126124 0.846146464
v 0.339962184 -0.698808789 0.843235373
v 0.339857221 -0.682096899 0.845057905
v 0.282488436 -0.682294011 0.846171916
v 0.33188206 -0.682294011 0.846171916
v 0.279578179 -0.678398788 0.846949339
v 0.334792316 -0.678398788 0.846949339
v 0.279578179 -0.669899285 0.849411428
v 0.334792286 -0.669899285 0.849411428
v 0.276442528 -0.669694066 0.849351346
v 0.337927938 -0.669694066 0.849351346
v 0.277962744 -0.662483454 0.856276393
v 0.279578179 -0.661731601 0.856590867
v 0.279578179 -0.659366369 0.868147552
v 0.336407691 -0.662483454 0.856276393
v 0.334792286 -0.661731601 0.856590867
v 0.334792286 -0.659366369 0.868147552
v 0.274074376 -0.669971764 0.85092026
v 0.276187748 -0.663837433 0.857900739
v 0.275407195 -0.662701309 0.868684828
v 0.279578179 -0.664058149 0.880435765
v 0.274637401 -0.666734934 0.861839712
v 0.273995876 -0.669860303 0.861002326
v 0.272909135 -0.674643695 0.859720588
v 0.271365792 -0.680216253 0.865655601
v 0.2748124 -0.665718436 0.865447044
v 0.274949282 -0.664443433 0.869881928
v 0.271614194 -0.67790252 0.873703718
v 0.273977369 -0.667952776 0.873619497
v 0.273357302 -0.670230269 0.875759542
v 0.273390085 -0.670010507 0.875818491
v 0.272129059 -0.671794772 0.885100305
v 0.274430335 -0.66508019 0.880923927
v 0.274904341 -0.671320915 0.886910439
v 0.279578179 -0.669673383 0.88846451
v 0.279578179 -0.675517797 0.890554488
v 0.279578179 -0.669673383 0.88846451
v 0.279578179 -0.675517797 0.890554488
v 0.279578179 -0.664058149 0.880435765
v 0.279578179 -0.659366369 0.868147552
v 0.279578179 -0.661731601 0.856590867
v 0.279578179 -0.669899285 0.849411428
v 0.279578179 -0.678398788 0.846949339
v 0.334792316 -0.675517797 0.890554488
v 0.334792316 -0.669673383 0.88846451
v 0.339466125 -0.671320915 0.886910439
v 0.334792316 -0.664058149 0.880435765
v 0.342241406 -0.671794772 0.885100305
v 0.339940101 -0.66508019 0.880923927
v 0.33896327 -0.662701309 0.868684828
v 0.341026515 -0.670279205 0.875805557
v 0.338182747 -0.663837433 0.857900739
v 0.34029609 -0.669971764 0.85092026
v 0.341022283 -0.670270324 0.875748813
v 0.342814028 -0.678156793 0.87363559
v 0.343208104 -0.680419385 0.865601182
v 0.341791272 -0.674802244 0.85967809
v 0.339785635 -0.666991055 0.861771166
v 0.33947894 -0.664697707 0.8698138
v 0.339624971 -0.666057825 0.86508286
v 0.273357302 -0.670230269 0.875759542
v 0.273390085 -0.670010507 0.875818491
v 0.271614194 -0.67790252 0.873703718
v 0.269719779 -0.677236438 0.873882174
v 0.271365792 -0.680216253 0.865655601
v 0.272553414 -0.669716299 0.875897288
v 0.273977369 -0.667952776 0.873619497
v 0.268302977 -0.679139495 0.865944147
v 0.272909135 -0.674643695 0.859720588
v 0.273970276 -0.664099276 0.869974136
v 0.274949282 -0.664443433 0.869881928
v 0.269719779 -0.673522413 0.860021055
v 0.273995876 -0.669860303 0.861002326
v 0.272553444 -0.666002274 0.862036049
v 0.274637401 -0.666734934 0.861839712
v 0.2748124 -0.665718436 0.865447044
v 0.268584788 -0.671733856 0.871974945
v 0.267427087 -0.674300432 0.869263947
v 0.267427087 -0.673288763 0.865488589
v 0.269742519 -0.66815567 0.870910466
v 0.268585056 -0.670722365 0.868199527
v 0.268584788 -0.669710577 0.864424169
v 0.269742519 -0.667144001 0.867135048
v 0.339624971 -0.666057825 0.86508286
v 0.33947894 -0.664697707 0.8698138
v 0.339785635 -0.666991055 0.861771166
v 0.342598021 -0.666002274 0.862036049
v 0.341791272 -0.674802244 0.85967809
v 0.341181248 -0.664099276 0.869974136
v 0.34259811 -0.669716299 0.875897288
v 0.341022283 -0.670270324 0.875748813
v 0.342814028 -0.678156793 0.87363559
v 0.345431745 -0.677236438 0.873882174
v 0.343208104 -0.680419385 0.865601182
v 0.346848518 -0.679139495 0.865944147
v 0.345431715 -0.673522413 0.860021055
v 0.345409006 -0.66815567 0.870910466
v 0.346566677 -0.671733856 0.871974945
v 0.345409006 -0.667144001 0.867135048
v 0.347724408 -0.674300432 0.869263947
v 0.346566468 -0.670722365 0.868199527
v 0.346566677 -0.669710577 0.864424169
v 0.347724408 -0.673288763 0.865488589
v -0.190820426 -0.156313792 -0.20131202
v -0.181998804 -0.152448744 -0.221017092
v -0.182053149 -0.156313643 -0.201307923
v -0.190766171 -0.152448893 -0.22102119
v -0.181952953 -0.141550615 -0.237704679
v -0.19072023 -0.141550764 -0.237708777
v -0.181922495 -0.125277728 -0.248829737
v -0.190689862 -0.125277877 -0.248833805
v -0.181911767 -0.106107958 -0.252698749
v -0.190679073 -0.106108263 -0.252702832
v -0.181923106 -0.0869597048 -0.248723611
v -0.190690473 -0.0869598538 -0.248727679
v -0.181954101 -0.0707487613 -0.237508103
v -0.190721393 -0.0707489178 -0.237512156
v -0.182000294 -0.0599420294 -0.220760703
v -0.190767661 -0.0599420294 -0.220764771
v -0.182054743 -0.0561853163 -0.201030135
v -0.19082205 -0.056185469 -0.201034233
v -0.182109118 -0.060050521 -0.181321695
v -0.190876499 -0.0600506738 -0.181325749
v -0.182154939 -0.0709488019 -0.164634109
v -0.19092223 -0.0709489584 -0.164638206
v -0.182185099 -0.0872220024 -0.153509095
v -0.190952376 -0.0872220024 -0.153513134
v -0.182195812 -0.106391005 -0.149639308
v -0.190963194 -0.106391311 -0.149643391
v -0.182184458 -0.125539258 -0.153615206
v -0.190951765 -0.125539571 -0.15361926
v -0.182153493 -0.141750664 -0.164830297
v -0.19092086 -0.141750813 -0.164834291
v -0.182107285 -0.152557537 -0.181578085
v -0.190874591 -0.152557701 -0.181582183
v -0.182053149 -0.156313643 -0.201307923
v -0.190820426 -0.156313792 -0.20131202
v 0.145946771 -0.124305561 -0.193513468
v -0.145994976 -0.125770122 -0.201206639
v 0.14589262 -0.125770092 -0.20120661
v -0.146049127 -0.124305576 -0.193513542
v 0.145992652 -0.120091386 -0.186983243
v -0.146095023 -0.120091408 -0.186983272
v 0.146023959 -0.113770433 -0.18260996
v -0.14612633 -0.113770455 -0.182610035
v 0.146034971 -0.106304005 -0.181059778
v -0.146137342 -0.10630402 -0.181059808
v 0.14602457 -0.0988296419 -0.18256861
v -0.146126941 -0.0988296568 -0.182568684
v 0.14599441 -0.092484273 -0.186906531
v -0.146096766 -0.0924842879 -0.186906606
v 0.145948261 -0.0882347003 -0.193413481
v -0.146050632 -0.0882347152 -0.193413526
v 0.145894244 -0.0867277384 -0.201098263
v -0.1459966 -0.0867277607 -0.201098338
v 0.145839453 -0.0881928876 -0.208791792
v -0.145941824 -0.08819291 -0.208791822
v 0.145793557 -0.0924063027 -0.215321898
v -0.145895913 -0.0924063176 -0.215321973
v 0.14576228 -0.0987270996 -0.219695061
v -0.145864621 -0.0987271219 -0.219695151
v 0.145751268 -0.106193528 -0.221245095
v -0.145853609 -0.10619355 -0.22124517
v 0.145761654 -0.113668352 -0.219736502
v -0.145863995 -0.113668375 -0.219736531
v 0.14579244 -0.120013416 -0.21539858
v -0.145894796 -0.120013438 -0.21539861
v 0.145837963 -0.124262989 -0.20889169
v -0.145940304 -0.124263011 -0.208891734
v 0.14589262 -0.125770092 -0.20120661
v -0.145994976 -0.125770122 -0.201206639
v -0.18200475 -0.124820419 -0.209794939
v -0.154501408 -0.126501933 -0.201204538
v -0.182053789 -0.126499191 -0.201233804
v -0.1544521 -0.12482255 -0.209766626
v -0.181963161 -0.120221876 -0.216830954
v -0.154410765 -0.12022797 -0.216807768
v -0.181935474 -0.113659687 -0.221314251
v -0.15438284 -0.113665015 -0.221297503
v -0.181925595 -0.106190816 -0.222820371
v -0.154373199 -0.106190041 -0.222807586
v -0.181935549 -0.0987303331 -0.22127302
v -0.154382914 -0.0987239182 -0.221256316
v -0.181963325 -0.0921922475 -0.216752604
v -0.154410928 -0.0921850652 -0.216729403
v -0.182005078 -0.087631546 -0.209690332
v -0.154452458 -0.0876283348 -0.20966211
v -0.182054281 -0.085999772 -0.201120466
v -0.154501915 -0.0859964043 -0.201091126
v -0.182103425 -0.0876756459 -0.192559645
v -0.154550791 -0.0876780748 -0.192531377
v -0.18214491 -0.0922703743 -0.185518578
v -0.154592514 -0.0922767743 -0.185495436
v -0.182172179 -0.0988345519 -0.181028157
v -0.154619813 -0.0988400355 -0.181011409
v -0.182181984 -0.106308304 -0.17951791
v -0.154629365 -0.106307685 -0.179505169
v -0.18217206 -0.113774277 -0.181069508
v -0.154619709 -0.113767862 -0.181052715
v -0.182144433 -0.120314196 -0.185596704
v -0.154591829 -0.120306864 -0.185573712
v -0.18210271 -0.124870777 -0.192663774
v -0.154550329 -0.124867409 -0.192635596
v -0.182053789 -0.126499191 -0.201233804
v -0.154501408 -0.126501933 -0.201204538
v -0.154500753 -0.156313181 -0.201295137
v -0.145940304 -0.152447671 -0.221000373
v -0.145994976 -0.156313032 -0.201291218
v -0.15444617 -0.15244782 -0.221004352
v -0.145894796 -0.141549692 -0.23768796
v -0.154400572 -0.14154999 -0.237691894
v -0.145863995 -0.125277102 -0.248813078
v -0.154369861 -0.125277266 -0.248816997
v -0.145853594 -0.106106877 -0.252682
v -0.15435937 -0.106107183 -0.252685934
v -0.145864621 -0.0869586244 -0.248706952
v -0.154370472 -0.0869589299 -0.248710871
v -0.145895913 -0.0707480013 -0.237491399
v -0.154401675 -0.0707483068 -0.237495318
v -0.145941824 -0.0599417239 -0.220744029
v -0.154447675 -0.0599417239 -0.220747963
v -0.145996585 -0.0561848581 -0.201013431
v -0.154502362 -0.0561850108 -0.20101735
v -0.146050632 -0.0600496046 -0.181304991
v -0.154556483 -0.0600499101 -0.18130891
v -0.146096766 -0.070948191 -0.164617404
v -0.154602557 -0.0709483474 -0.164621323
v -0.146126941 -0.0872216895 -0.153492376
v -0.154632732 -0.0872216895 -0.153496295
v -0.146137342 -0.106390238 -0.149622589
v -0.154643193 -0.106390387 -0.149626553
v -0.14612633 -0.125538483 -0.153598502
v -0.154632092 -0.125538647 -0.153602421
v -0.146095023 -0.141749725 -0.16481401
v -0.154600874 -0.141750038 -0.16481787
v -0.146049127 -0.152556926 -0.18156144
v -0.154554904 -0.152557075 -0.181565374
v -0.145994976 -0.156313032 -0.201291218
v -0.154500753 -0.156313181 -0.201295137
v -0.18210271 -0.124870777 -0.192663774
v -0.182053149 -0.156313643 -0.201307923
v -0.182053789 -0.126499191 -0.201233804
v -0.182107285 -0.152557537 -0.181578085
v -0.182144433 -0.120314196 -0.185596704
v -0.182153493 -0.141750664 -0.164830297
v -0.18217206 -0.113774277 -0.181069508
v -0.182184458 -0.125539258 -0.153615206
v -0.182181984 -0.106308304 -0.17951791
v -0.182195812 -0.106391005 -0.149639308
v -0.182172179 -0.0988345519 -0.181028157
v -0.182185099 -0.0872220024 -0.153509095
v -0.18214491 -0.0922703743 -0.185518578
v -0.182154939 -0.0709488019 -0.164634109
v -0.182103425 -0.0876756459 -0.192559645
v -0.182109118 -0.060050521 -0.181321695
v -0.182054281 -0.085999772 -0.201120466
v -0.182054743 -0.0561853163 -0.201030135
v -0.182005078 -0.087631546 -0.209690332
v -0.182000294 -0.0599420294 -0.220760703
v -0.181963325 -0.0921922475 -0.216752604
v -0.181954101 -0.0707487613 -0.237508103
v -0.181935549 -0.0987303331 -0.22127302
v -0.181923106 -0.0869597048 -0.248723611
v -0.181925595 -0.106190816 -0.222820371
v -0.181911767 -0.106107958 -0.252698749
v -0.181935474 -0.113659687 -0.221314251
v -0.181922495 -0.125277728 -0.248829737
v -0.181963161 -0.120221876 -0.216830954
v -0.181952953 -0.141550615 -0.237704679
v -0.18200475 -0.124820419 -0.209794939
v -0.181998804 -0.152448744 -0.221017092
v -0.182053789 -0.126499191 -0.201233804
v -0.182053149 -0.156313643 -0.201307923
v -0.1544521 -0.12482255 -0.209766626
v -0.154500753 -0.156313181 -0.201295137
v -0.154501408 -0.126501933 -0.201204538
v -0.15444617 -0.15244782 -0.221004352
v -0.154410765 -0.12022797 -0.216807768
v -0.154400572 -0.14154999 -0.237691894
v -0.15438284 -0.113665015 -0.221297503
v -0.154369861 -0.125277266 -0.248816997
v -0.154373199 -0.106190041 -0.222807586
v -0.15435937 -0.106107183 -0.252685934
v -0.154382914 -0.0987239182 -0.221256316
v -0.154370472 -0.0869589299 -0.248710871
v -0.154410928 -0.0921850652 -0.216729403
v -0.154401675 -0.0707483068 -0.237495318
v -0.154452458 -0.0876283348 -0.20966211
v -0.154447675 -0.0599417239 -0.220747963
v -0.154501915 -0.0859964043 -0.201091126
v -0.154502362 -0.0561850108 -0.20101735
v -0.154550791 -0.0876780748 -0.192531377
v -0.154556483 -0.0600499101 -0.18130891
v -0.154592514 -0.0922767743 -0.185495436
v -0.154602557 -0.0709483474 -0.164621323
v -0.154619813 -0.0988400355 -0.181011409
v -0.154632732 -0.0872216895 -0.153496295
v -0.154629365 -0.106307685 -0.179505169
v -0.154643193 -0.106390387 -0.149626553
v -0.154619709 -0.113767862 -0.181052715
v -0.154632092 -0.125538647 -0.153602421
v -0.154591829 -0.120306864 -0.185573712
v -0.154600874 -0.141750038 -0.16481787
v -0.154550329 -0.124867409 -0.192635596
v -0.154554904 -0.152557075 -0.181565374
v -0.154501408 -0.126501933 -0.201204538
v -0.154500753 -0.156313181 -0.201295137
v 0.181896493 -0.152448714 -0.221017048
v 0.19071807 -0.156313762 -0.201311901
v 0.181950793 -0.156313613 -0.201307848
v 0.190663874 -0.152448863 -0.221021071
v 0.181850642 -0.141550571 -0.237704635
v 0.190617919 -0.141550735 -0.237708658
v 0.181820184 -0.125277683 -0.248829663
v 0.19058755 -0.125277847 -0.248833731
v 0.181809455 -0.10610792 -0.25269869
v 0.190576762 -0.106108226 -0.252702743
v 0.181820795 -0.0869596675 -0.248723537
v 0.190588161 -0.0869598165 -0.24872756
v 0.181851745 -0.0707487315 -0.237508029
v 0.190619051 -0.0707488805 -0.237512082
v 0.181897938 -0.0599419996 -0.220760629
v 0.19066532 -0.0599419959 -0.220764697
v 0.181952402 -0.0561852865 -0.201030061
v 0.190719694 -0.0561854355 -0.201034129
v 0.182006776 -0.0600504912 -0.181321621
v 0.190774158 -0.0600506403 -0.181325674
v 0.182052583 -0.0709487721 -0.164634079
v 0.190819889 -0.0709489211 -0.164638102
v 0.182082742 -0.0872219652 -0.153508991
v 0.190850019 -0.0872219652 -0.153513074
v 0.182093456 -0.106390968 -0.149639249
v 0.190860838 -0.106391273 -0.149643287
v 0.182082117 -0.125539228 -0.153615117
v 0.190849409 -0.125539526 -0.1536192
v 0.182051137 -0.141750619 -0.164830267
v 0.190818518 -0.141750768 -0.164834216
v 0.182004943 -0.152557507 -0.18157804
v 0.19077225 -0.152557656 -0.181582063
v 0.181950793 -0.156313613 -0.201307848
v 0.19071807 -0.156313762 -0.201311901
v 0.154399067 -0.126501903 -0.201204464
v 0.181902409 -0.124820381 -0.209794864
v 0.181951448 -0.126499161 -0.20123376
v 0.154349759 -0.124822527 -0.209766597
v 0.181860805 -0.120221838 -0.216830909
v 0.154308423 -0.120227955 -0.216807678
v 0.181833133 -0.113659643 -0.221314177
v 0.154280499 -0.113665 -0.221297473
v 0.181823254 -0.106190771 -0.222820342
v 0.154270843 -0.106190018 -0.222807556
v 0.181833208 -0.0987302959 -0.221272945
v 0.154280558 -0.0987238958 -0.221256226
v 0.181860983 -0.0921922103 -0.216752559
v 0.154308572 -0.0921850502 -0.216729328
v 0.181902722 -0.0876315087 -0.209690303
v 0.154350102 -0.0876283124 -0.209662035
v 0.18195194 -0.0859997347 -0.201120391
v 0.154399544 -0.0859963894 -0.201091051
v 0.182001069 -0.0876756087 -0.192559555
v 0.15444842 -0.0876780599 -0.192531332
v 0.182042554 -0.092270337 -0.185518548
v 0.154490158 -0.092276752 -0.185495347
v 0.182069838 -0.0988345146 -0.181028083
v 0.154517442 -0.0988400131 -0.181011364
v 0.182079628 -0.106308267 -0.17951788
v 0.154527009 -0.106307663 -0.17950514
v 0.182069719 -0.11377424 -0.181069463
v 0.154517338 -0.11376784 -0.181052685
v 0.182042077 -0.120314158 -0.18559663
v 0.154489458 -0.120306842 -0.185573637
v 0.182000369 -0.12487074 -0.192663699
v 0.154447958 -0.124867387 -0.192635551
v 0.181951448 -0.126499161 -0.20123376
v 0.154399067 -0.126501903 -0.201204464
v 0.145837963 -0.152447656 -0.221000344
v 0.154398397 -0.156313151 -0.201295108
v 0.14589262 -0.156313002 -0.201291144
v 0.154343814 -0.152447805 -0.221004277
v 0.14579244 -0.141549677 -0.237687886
v 0.154298231 -0.141549975 -0.237691849
v 0.145761654 -0.125277087 -0.248812988
v 0.15426752 -0.125277236 -0.248816967
v 0.145751238 -0.106106862 -0.252681941
v 0.154257029 -0.106107168 -0.252685905
v 0.14576228 -0.0869586095 -0.248706862
v 0.154268131 -0.086958915 -0.248710796
v 0.145793557 -0.0707479715 -0.23749131
v 0.154299334 -0.070748277 -0.237495288
v 0.145839453 -0.0599416941 -0.220743999
v 0.154345304 -0.0599416941 -0.220747918
v 0.145894215 -0.0561848283 -0.201013356
v 0.154399991 -0.056184981 -0.201017275
v 0.145948261 -0.0600495748 -0.181304947
v 0.154454112 -0.0600498803 -0.18130888
v 0.14599441 -0.0709481686 -0.16461736
v 0.154500186 -0.0709483176 -0.164621294
v 0.14602457 -0.0872216672 -0.153492332
v 0.154530361 -0.0872216672 -0.153496265
v 0.146034971 -0.106390215 -0.149622545
v 0.154540837 -0.106390372 -0.149626479
v 0.146023959 -0.125538468 -0.153598413
v 0.154529735 -0.125538617 -0.153602347
v 0.145992652 -0.14174971 -0.164813936
v 0.154498503 -0.141750023 -0.16481778
v 0.145946771 -0.152556896 -0.18156141
v 0.154452547 -0.15255706 -0.1815653
v 0.14589262 -0.156313002 -0.201291144
v 0.154398397 -0.156313151 -0.201295108
v 0.181950793 -0.156313613 -0.201307848
v 0.182000369 -0.12487074 -0.192663699
v 0.181951448 -0.126499161 -0.20123376
v 0.182004943 -0.152557507 -0.18157804
v 0.182042077 -0.120314158 -0.18559663
v 0.182051137 -0.141750619 -0.164830267
v 0.182069719 -0.11377424 -0.181069463
v 0.182082117 -0.125539228 -0.153615117
v 0.182079628 -0.106308267 -0.17951788
v 0.182093456 -0.106390968 -0.149639249
v 0.182069838 -0.0988345146 -0.181028083
v 0.182082742 -0.0872219652 -0.153508991
v 0.182042554 -0.092270337 -0.185518548
v 0.182052583 -0.0709487721 -0.164634079
v 0.182001069 -0.0876756087 -0.192559555
v 0.182006776 -0.0600504912 -0.181321621
v 0.18195194 -0.0859997347 -0.201120391
v 0.181952402 -0.0561852865 -0.201030061
v 0.181902722 -0.0876315087 -0.209690303
v 0.181897938 -0.0599419996 -0.220760629
v 0.181860983 -0.0921922103 -0.216752559
v 0.181851745 -0.0707487315 -0.237508029
v 0.181833208 -0.0987302959 -0.221272945
v 0.181820795 -0.0869596675 -0.248723537
v 0.181823254 -0.106190771 -0.222820342
v 0.181809455 -0.10610792 -0.25269869
v 0.181833133 -0.113659643 -0.221314177
v 0.181820184 -0.125277683 -0.248829663
v 0.181860805 -0.120221838 -0.216830909
v 0.181850642 -0.141550571 -0.237704635
v 0.181902409 -0.124820381 -0.209794864
v 0.181896493 -0.152448714 -0.221017048
v 0.181951448 -0.126499161 -0.20123376
v 0.181950793 -0.156313613 -0.201307848
v 0.154398397 -0.156313151 -0.201295108
v 0.154349759 -0.124822527 -0.209766597
v 0.154399067 -0.126501903 -0.201204464
v 0.154343814 -0.152447805 -0.221004277
v 0.154308423 -0.120227955 -0.216807678
v 0.154298231 -0.141549975 -0.237691849
v 0.154280499 -0.113665 -0.221297473
v 0.15426752 -0.125277236 -0.248816967
v 0.154270843 -0.106190018 -0.222807556
v 0.154257029 -0.106107168 -0.252685905
v 0.154280558 -0.0987238958 -0.221256226
v 0.154268131 -0.086958915 -0.248710796
v 0.154308572 -0.0921850502 -0.216729328
v 0.154299334 -0.070748277 -0.237495288
v 0.154350102 -0.0876283124 -0.209662035
v 0.154345304 -0.0599416941 -0.220747918
v 0.154399544 -0.0859963894 -0.201091051
v 0.154399991 -0.056184981 -0.201017275
v 0.15444842 -0.0876780599 -0.192531332
v 0.154454112 -0.0600498803 -0.18130888
v 0.154490158 -0.092276752 -0.185495347
v 0.154500186 -0.0709483176 -0.164621294
v 0.154517442 -0.0988400131 -0.181011364
v 0.154530361 -0.0872216672 -0.153496265
v 0.154527009 -0.106307663 -0.17950514
v 0.154540837 -0.106390372 -0.149626479
v 0.154517338 -0.11376784 -0.181052685
v 0.154529735 -0.125538617 -0.153602347
v 0.154489458 -0.120306842 -0.185573637
v 0.154498503 -0.141750023 -0.16481778
v 0.154447958 -0.124867387 -0.192635551
v 0.154452547 -0.15255706 -0.1815653
v 0.154399067 -0.126501903 -0.201204464
v 0.154398397 -0.156313151 -0.201295108
v -0.181967407 0.0388329886 0.127058893
v -0.191357493 0.0398995802 0.140880242
v -0.191327989 0.0388328359 0.127058968
v -0.181996912 0.0398997329 0.140880167
v -0.191385433 0.0439536832 0.153951973
v -0.182024851 0.0439536907 0.153951913
v -0.191412121 0.0501046553 0.166356891
v -0.182051539 0.0501045063 0.166356891
v -0.191434801 0.0587721057 0.176914692
v -0.182074219 0.0587719567 0.176914752
v -0.191454083 0.0691596791 0.186027721
v -0.182093501 0.0691596791 0.18602787
v -0.191467643 0.0811913833 0.192423239
v -0.182107076 0.0811912343 0.192423493
v -0.191477269 0.0942837298 0.196778387
v -0.182116717 0.0942837298 0.19677873
v -0.19148016 0.107839182 0.197955683
v -0.182119578 0.107839182 0.197956026
v -0.191477671 0.121584296 0.196813241
v -0.18211709 0.121584453 0.196813554
v -0.191468596 0.134516433 0.19257091
v -0.18210803 0.134516582 0.192571163
v -0.1914552 0.146731094 0.186132222
v -0.182094648 0.146731243 0.186132371
v -0.191436559 0.157021463 0.177186355
v -0.182075977 0.157021612 0.17718643
v -0.191414118 0.16583769 0.166524008
v -0.182053536 0.165837839 0.166524008
v -0.1913881 0.171965316 0.154306382
v -0.182027534 0.171965465 0.154306307
v -0.19135955 0.176122412 0.141086295
v -0.181998968 0.176122412 0.141086221
v -0.19133006 0.177235544 0.12744236
v -0.181969479 0.177235395 0.127442271
v -0.191300482 0.17616865 0.113620348
v -0.1819399 0.176168501 0.113620266
v -0.191272557 0.1721147 0.100547761
v -0.181911975 0.1721147 0.100547686
v -0.191245899 0.165964484 0.0881425738
v -0.181885317 0.165964484 0.0881425738
v -0.191223219 0.157297954 0.0775841773
v -0.181862652 0.157297805 0.0775842369
v -0.191203937 0.14691022 0.0684691295
v -0.18184337 0.146910071 0.0684693009
v -0.191190392 0.134878054 0.06207202
v -0.18182981 0.134877905 0.0620722473
v -0.191181481 0.121827215 0.0580375753
v -0.181820899 0.121827066 0.0580378808
v -0.191177934 0.108228281 0.0565389916
v -0.181817368 0.108228281 0.0565393157
v -0.191179827 0.0945226848 0.0574034005
v -0.18181926 0.0945228338 0.057403706
v -0.191189513 0.0815487429 0.0619243719
v -0.181828931 0.0815488994 0.0619245991
v -0.191202983 0.0693475157 0.068405658
v -0.181842402 0.0693476722 0.068405807
v -0.19122161 0.059042953 0.0773117542
v -0.181861058 0.0590432584 0.0773118287
v -0.191244349 0.0502229147 0.087969996
v -0.181883782 0.0502229147 0.0879699811
v -0.191270575 0.0441007838 0.100194082
v -0.181909993 0.0441007838 0.100194007
v -0.191298842 0.0399461202 0.113415211
v -0.181938261 0.0399461202 0.113415115
v -0.191327989 0.0388328359 0.127058968
v -0.181967407 0.0388329886 0.127058893
v 0.143687591 0.0765597671 0.127153322
v -0.143847287 0.0789883286 0.139925912
v -0.143790141 0.0765597373 0.127153262
v 0.143744707 0.0789883584 0.139925972
v 0.143793538 0.0858976841 0.150638655
v -0.143896118 0.0858976617 0.150638595
v 0.143826038 0.0960786492 0.157684386
v -0.143928617 0.0960786343 0.157684326
v -0.143940911 0.107943408 0.160149202
v 0.143838331 0.107943431 0.160149261
v 0.143826962 0.119821481 0.157750428
v -0.143929541 0.119821459 0.157750368
v -0.143897861 0.130041182 0.150761098
v 0.143795282 0.130041212 0.150761157
v -0.14384985 0.137008652 0.140086994
v 0.14374727 0.137008667 0.140087053
v -0.143792212 0.139508501 0.127328396
v 0.143689632 0.139508516 0.127328455
v 0.143632263 0.137076423 0.11455705
v -0.143734828 0.137076408 0.114556998
v 0.143583253 0.130164042 0.1038495
v -0.143685833 0.130164012 0.103849448
v -0.143653348 0.119983815 0.0968090221
v 0.143550783 0.11998383 0.0968090817
v -0.143641114 0.10812331 0.0943480656
v 0.143538564 0.108123332 0.0943481252
v -0.143652499 0.0962499902 0.0967435241
v 0.143549949 0.0962500051 0.0967435837
v 0.143581718 0.0860318094 0.103726745
v -0.143684283 0.0860317871 0.103726692
v 0.143630326 0.0790614411 0.114395253
v -0.14373289 0.0790614188 0.114395194
v 0.143687591 0.0765597671 0.127153322
v -0.143790141 0.0765597373 0.127153262
v -0.181910321 0.0740046501 0.112340361
v -0.153329954 0.0710999891 0.127155408
v -0.181967616 0.0711028874 0.127138928
v -0.153272629 0.0740017518 0.112355784
v -0.181861639 0.0821287334 0.0999046788
v -0.153223962 0.0821226388 0.0999152735
v -0.181829855 0.0941241235 0.0917062089
v -0.153192177 0.0941191018 0.0917107761
v -0.181818351 0.108138561 0.0888785273
v -0.153180659 0.108139023 0.0888795629
v -0.18183057 0.122137584 0.0917836055
v -0.153192878 0.122143239 0.0917883292
v -0.18186307 0.134088114 0.100049138
v -0.153225407 0.134094536 0.100059889
v -0.181912109 0.142144755 0.11253003
v -0.153274417 0.14214766 0.112545624
v -0.181969449 0.144965336 0.127344221
v -0.153331757 0.144968554 0.127360851
v -0.182027236 0.142065555 0.142142162
v -0.153389543 0.142062828 0.142157659
v -0.182075366 0.133944228 0.154581919
v -0.153437689 0.133938134 0.15459244
v -0.18210718 0.121947609 0.162785724
v -0.153469473 0.121942431 0.162790194
v -0.182118624 0.107928447 0.165616676
v -0.153480932 0.107928604 0.165617675
v -0.182106301 0.0939245373 0.162707895
v -0.153468624 0.0939300433 0.162712514
v -0.182073727 0.0819735527 0.15443784
v -0.15343602 0.0819799677 0.154448539
v -0.182024747 0.0739205778 0.141953215
v -0.1533871 0.0739231706 0.141968742
v -0.181967616 0.0711028874 0.127138928
v -0.153329954 0.0710999891 0.127155408
v -0.151718423 0.0441009365 0.100193806
v -0.143789977 0.0388333015 0.127058521
v -0.151775852 0.0388334505 0.12705861
v -0.143732533 0.0441010892 0.100193769
v -0.151669472 0.0590438694 0.0773120224
v -0.143683583 0.0590438694 0.0773120821
v -0.143651441 0.0815496743 0.0619255193
v -0.151637346 0.0815495178 0.0619253479
v -0.143639922 0.108228445 0.05654056
v -0.151625797 0.108228445 0.0565403514
v -0.143652335 0.134877607 0.0620731488
v -0.15163824 0.134877607 0.0620729178
v -0.151671097 0.157297507 0.0775844529
v -0.143685207 0.157297194 0.0775844678
v -0.15172039 0.172114536 0.100547522
v -0.143734515 0.172114387 0.100547425
v -0.151777908 0.177235395 0.127441987
v -0.143792018 0.177235231 0.127441913
v -0.151835948 0.171965763 0.154306129
v -0.143850043 0.171965763 0.154306069
v -0.151884422 0.157022238 0.177186683
v -0.143898532 0.157022387 0.177186728
v -0.143930599 0.134517193 0.192571998
v -0.151916459 0.134517044 0.192571849
v -0.143942118 0.107839189 0.197957277
v -0.151928008 0.107839189 0.197957039
v -0.143929645 0.0811907873 0.192424431
v -0.15191552 0.0811909363 0.192424178
v -0.151882619 0.0587714985 0.176914915
v -0.143896729 0.0587713458 0.176914975
v -0.151833311 0.0439533852 0.153951719
v -0.143847421 0.0439533852 0.153951675
v -0.151775852 0.0388334505 0.12705861
v -0.143789977 0.0388333015 0.127058521
v -0.143790141 0.0765597373 0.127153262
v -0.143847421 0.0439533852 0.153951675
v -0.143789977 0.0388333015 0.127058521
v -0.143847287 0.0789883286 0.139925912
v -0.143896729 0.0587713458 0.176914975
v -0.143896118 0.0858976617 0.150638595
v -0.143929645 0.0811907873 0.192424431
v -0.143928617 0.0960786343 0.157684326
v -0.143940911 0.107943408 0.160149202
v -0.143942118 0.107839189 0.197957277
v -0.143929541 0.119821459 0.157750368
v -0.143930599 0.134517193 0.192571998
v -0.143897861 0.130041182 0.150761098
v -0.143898532 0.157022387 0.177186728
v -0.143850043 0.171965763 0.154306069
v -0.14384985 0.137008652 0.140086994
v -0.143792018 0.177235231 0.127441913
v -0.143792212 0.139508501 0.127328396
v -0.143734515 0.172114387 0.100547425
v -0.143734828 0.137076408 0.114556998
v -0.143685207 0.157297194 0.0775844678
v -0.143685833 0.130164012 0.103849448
v -0.143652335 0.134877607 0.0620731488
v -0.143653348 0.119983815 0.0968090221
v -0.143641114 0.10812331 0.0943480656
v -0.143639922 0.108228445 0.05654056
v -0.143652499 0.0962499902 0.0967435241
v -0.143651441 0.0815496743 0.0619255193
v -0.143684283 0.0860317871 0.103726692
v -0.143683583 0.0590438694 0.0773120821
v -0.143732533 0.0441010892 0.100193769
v -0.14373289 0.0790614188 0.114395194
v -0.143789977 0.0388333015 0.127058521
v -0.143790141 0.0765597373 0.127153262
v -0.153272629 0.0740017518 0.112355784
v -0.153329745 0.0404160917 0.127062991
v -0.153329954 0.0710999891 0.127155408
v -0.153272375 0.0455674604 0.100789927
v -0.153223962 0.0821226388 0.0999152735
v -0.151718423 0.0441009365 0.100193806
v -0.151775852 0.0388334505 0.12705861
v -0.151669472 0.0590438694 0.0773120224
v -0.153223515 0.060175918 0.0784203634
v -0.153192177 0.0941191018 0.0917107761
v -0.151637346 0.0815495178 0.0619253479
v -0.153191432 0.0821661279 0.0633860752
v -0.153180659 0.108139023 0.0888795629
v -0.151625797 0.108228445 0.0565403514
v -0.153179914 0.108224019 0.0581264049
v -0.153192878 0.122143239 0.0917883292
v -0.15163824 0.134877607 0.0620729178
v -0.153192312 0.134252921 0.0635302067
v -0.153225407 0.134094536 0.100059889
v -0.151671097 0.157297507 0.0775844529
v -0.153225124 0.156159356 0.0786865354
v -0.153274417 0.14214766 0.112545624
v -0.15172039 0.172114536 0.100547522
v -0.153274342 0.170644656 0.101135634
v -0.153331757 0.144968554 0.127360851
v -0.151777908 0.177235395 0.127441987
v -0.153331801 0.175652742 0.127437606
v -0.153389543 0.142062828 0.142157659
v -0.151835948 0.171965763 0.154306129
v -0.153389752 0.17049925 0.153709918
v -0.153437689 0.133938134 0.15459244
v -0.151884422 0.157022238 0.177186683
v -0.153438166 0.155890182 0.17607826
v -0.153469473 0.121942431 0.162790194
v -0.151916459 0.134517044 0.192571849
v -0.153470159 0.133900434 0.191111043
v -0.153480932 0.107928604 0.165617675
v -0.151928008 0.107839189 0.197957039
v -0.153481662 0.107843615 0.19637087
v -0.153468624 0.0939300433 0.162712514
v -0.15191552 0.0811909363 0.192424178
v -0.15346922 0.0818156302 0.1909668
v -0.15343602 0.0819799677 0.154448539
v -0.151882619 0.0587714985 0.176914915
v -0.153436378 0.0599096529 0.175812751
v -0.1533871 0.0739231706 0.141968742
v -0.151833311 0.0439533852 0.153951719
v -0.153387144 0.0454232618 0.15336363
v -0.153329954 0.0710999891 0.127155408
v -0.151775852 0.0388334505 0.12705861
v -0.153329745 0.0404160917 0.127062991
v 0.191254959 0.0398996137 0.140880331
v 0.181864873 0.0388330221 0.127058968
v 0.191225454 0.0388328694 0.127059072
v 0.181894377 0.0398997664 0.140880242
v 0.191282898 0.0439537242 0.153952077
v 0.181922317 0.0439537168 0.153951988
v 0.191309586 0.0501046926 0.166356981
v 0.181949005 0.0501045361 0.166356966
v 0.191332221 0.058772143 0.176914766
v 0.181971639 0.0587719865 0.176914796
v 0.191351503 0.0691597164 0.186027795
v 0.181990921 0.0691597089 0.186027929
v 0.191365063 0.0811914206 0.192423344
v 0.182004511 0.0811912715 0.192423552
v 0.191374704 0.094283767 0.196778491
v 0.182014138 0.094283767 0.196778789
v 0.19137758 0.107839219 0.197955772
v 0.182016999 0.107839219 0.197956085
v 0.191375092 0.121584333 0.19681333
v 0.182014525 0.12158449 0.196813613
v 0.191366017 0.134516463 0.192570999
v 0.182005465 0.134516612 0.192571223
v 0.191352636 0.146731123 0.186132312
v 0.181992069 0.146731272 0.186132431
v 0.191333979 0.157021493 0.177186444
v 0.181973398 0.157021657 0.177186504
v 0.191311553 0.16583772 0.166524097
v 0.181950971 0.165837869 0.166524082
v 0.191285536 0.171965346 0.154306456
v 0.181924954 0.171965495 0.154306382
v 0.19125697 0.176122457 0.14108637
v 0.181896403 0.176122457 0.141086295
v 0.191227496 0.177235574 0.127442449
v 0.181866914 0.177235425 0.127442345
v 0.191197902 0.17616868 0.113620438
v 0.18183732 0.176168531 0.113620348
v 0.191170022 0.17211473 0.100547835
v 0.18180944 0.17211473 0.100547776
v 0.191143349 0.165964529 0.0881426483
v 0.181782782 0.165964529 0.0881426483
v 0.191120684 0.157297984 0.0775842518
v 0.181760117 0.157297835 0.0775843114
v 0.191101387 0.146910265 0.0684692115
v 0.181740835 0.146910116 0.0684693828
v 0.191087857 0.134878099 0.0620720945
v 0.181727275 0.13487795 0.0620723218
v 0.191078946 0.12182726 0.0580376498
v 0.181718364 0.121827103 0.0580379367
v 0.1910754 0.108228318 0.0565390661
v 0.181714833 0.108228318 0.0565394089
v 0.191077292 0.0945227221 0.0574034788
v 0.181716725 0.0945228711 0.0574037842
v 0.191086978 0.0815487877 0.0619244464
v 0.181726396 0.0815489367 0.0619246773
v 0.191100433 0.069347553 0.0684057325
v 0.181739867 0.069347702 0.0684058815
v 0.191119075 0.0590429865 0.0773118511
v 0.181758508 0.0590432882 0.0773119032
v 0.191141814 0.0502229482 0.0879700705
v 0.181781247 0.0502229445 0.0879700705
v 0.19116804 0.0441008173 0.100194156
v 0.181807458 0.0441008136 0.100194097
v 0.191196308 0.0399461538 0.113415286
v 0.181835726 0.0399461538 0.113415211
v 0.191225454 0.0388328694 0.127059072
v 0.181864873 0.0388330221 0.127058968
v 0.153227389 0.0711000189 0.127155468
v 0.181807786 0.0740046799 0.112340435
v 0.181865081 0.0711029172 0.127139002
v 0.153170079 0.0740017816 0.112355843
v 0.181759104 0.0821287706 0.0999047533
v 0.153121397 0.0821226612 0.0999153331
v 0.181727305 0.0941241607 0.0917062834
v 0.153089613 0.0941191167 0.0917108357
v 0.181715801 0.108138599 0.0888786167
v 0.153078109 0.108139046 0.0888796225
v 0.181728035 0.122137621 0.09178368
v 0.153090328 0.122143254 0.0917883888
v 0.181760535 0.134088144 0.10004922
v 0.153122827 0.134094551 0.100059949
v 0.181809574 0.142144784 0.112530105
v 0.153171837 0.142147675 0.112545677
v 0.181866869 0.14496538 0.127344295
v 0.153229192 0.144968569 0.12736091
v 0.181924656 0.1420656 0.142142251
v 0.153286964 0.142062843 0.142157719
v 0.181972787 0.133944258 0.154581994
v 0.153335109 0.133938149 0.154592484
v 0.182004601 0.121947646 0.162785769
v 0.153366894 0.121942453 0.162790254
v 0.182016045 0.107928485 0.165616736
v 0.153378353 0.107928626 0.165617734
v 0.182003722 0.0939245746 0.16270797
v 0.153366044 0.0939300582 0.162712574
v 0.181971177 0.08197359 0.154437929
v 0.15333344 0.08197999 0.154448599
v 0.181922197 0.0739206076 0.141953304
v 0.15328452 0.0739232004 0.141968802
v 0.181865081 0.0711029172 0.127139002
v 0.153227389 0.0711000189 0.127155468
v 0.143687412 0.0388333239 0.127058581
v 0.151615858 0.0441009663 0.100193858
v 0.151673287 0.0388334803 0.12705867
v 0.143629968 0.044101119 0.100193821
v 0.151566938 0.0590438955 0.0773120895
v 0.143581048 0.0590438955 0.0773121491
v 0.143548906 0.0815496892 0.0619256049
v 0.151534811 0.0815495402 0.0619254149
v 0.143537387 0.10822846 0.056540627
v 0.151523247 0.10822846 0.0565403961
v 0.14354977 0.134877637 0.0620732158
v 0.151535675 0.134877637 0.0620729849
v 0.151568547 0.157297522 0.07758452
v 0.143582657 0.157297224 0.0775845572
v 0.151617825 0.172114581 0.100547582
v 0.143631935 0.172114432 0.100547485
v 0.151675329 0.177235425 0.127442047
v 0.143689454 0.177235276 0.127441972
v 0.151733354 0.171965808 0.154306173
v 0.143747434 0.171965808 0.154306129
v 0.151781827 0.157022253 0.177186728
v 0.143795937 0.157022402 0.177186787
v 0.143828005 0.134517223 0.192572072
v 0.151813865 0.134517059 0.192571908
v 0.143839523 0.107839212 0.197957337
v 0.151825398 0.107839212 0.197957098
v 0.143827051 0.0811908022 0.192424491
v 0.151812926 0.0811909586 0.192424238
v 0.151780039 0.0587715283 0.176914975
v 0.143794149 0.0587713756 0.176915035
v 0.151730731 0.0439534113 0.153951779
v 0.143744841 0.0439534113 0.153951734
v 0.151673287 0.0388334803 0.12705867
v 0.143687412 0.0388333239 0.127058581
v 0.143744841 0.0439534113 0.153951734
v 0.143687591 0.0765597671 0.127153322
v 0.143687412 0.0388333239 0.127058581
v 0.143744707 0.0789883584 0.139925972
v 0.143794149 0.0587713756 0.176915035
v 0.143793538 0.0858976841 0.150638655
v 0.143827051 0.0811908022 0.192424491
v 0.143826038 0.0960786492 0.157684386
v 0.143838331 0.107943431 0.160149261
v 0.143839523 0.107839212 0.197957337
v 0.143826962 0.119821481 0.157750428
v 0.143828005 0.134517223 0.192572072
v 0.143795282 0.130041212 0.150761157
v 0.143795937 0.157022402 0.177186787
v 0.143747434 0.171965808 0.154306129
v 0.14374727 0.137008667 0.140087053
v 0.143689454 0.177235276 0.127441972
v 0.143689632 0.139508516 0.127328455
v 0.143631935 0.172114432 0.100547485
v 0.143632263 0.137076423 0.11455705
v 0.143582657 0.157297224 0.0775845572
v 0.143583253 0.130164042 0.1038495
v 0.14354977 0.134877637 0.0620732158
v 0.143550783 0.11998383 0.0968090817
v 0.143538564 0.108123332 0.0943481252
v 0.143537387 0.10822846 0.056540627
v 0.143549949 0.0962500051 0.0967435837
v 0.143548906 0.0815496892 0.0619256049
v 0.143581718 0.0860318094 0.103726745
v 0.143581048 0.0590438955 0.0773121491
v 0.143629968 0.044101119 0.100193821
v 0.143630326 0.0790614411 0.114395253
v 0.143687412 0.0388333239 0.127058581
v 0.143687591 0.0765597671 0.127153322
v 0.153227195 0.0404161215 0.127063036
v 0.153170079 0.0740017816 0.112355843
v 0.153227389 0.0711000189 0.127155468
v 0.153169826 0.0455674864 0.100789987
v 0.153121397 0.0821226612 0.0999153331
v 0.151615858 0.0441009663 0.100193858
v 0.151673287 0.0388334803 0.12705867
v 0.151566938 0.0590438955 0.0773120895
v 0.15312095 0.0601759478 0.0784204304
v 0.153089613 0.0941191167 0.0917108357
v 0.151534811 0.0815495402 0.0619254149
v 0.153088897 0.0821661428 0.0633861348
v 0.153078109 0.108139046 0.0888796225
v 0.151523247 0.10822846 0.0565403961
v 0.153077364 0.108224034 0.0581264719
v 0.153090328 0.122143254 0.0917883888
v 0.151535675 0.134877637 0.0620729849
v 0.153089747 0.134252936 0.0635302737
v 0.153122827 0.134094551 0.100059949
v 0.151568547 0.157297522 0.07758452
v 0.153122559 0.156159371 0.0786865801
v 0.153171837 0.142147675 0.112545677
v 0.151617825 0.172114581 0.100547582
v 0.153171763 0.170644701 0.101135693
v 0.153229192 0.144968569 0.12736091
v 0.151675329 0.177235425 0.127442047
v 0.153229222 0.175652787 0.127437666
v 0.153286964 0.142062843 0.142157719
v 0.151733354 0.171965808 0.154306173
v 0.153287157 0.17049928 0.153709978
v 0.153335109 0.133938149 0.154592484
v 0.151781827 0.157022253 0.177186728
v 0.153335571 0.155890197 0.17607832
v 0.153366894 0.121942453 0.162790254
v 0.151813865 0.134517059 0.192571908
v 0.153367564 0.133900464 0.191111118
v 0.153378353 0.107928626 0.165617734
v 0.151825398 0.107839212 0.197957098
v 0.153379068 0.107843637 0.196370944
v 0.153366044 0.0939300582 0.162712574
v 0.151812926 0.0811909586 0.192424238
v 0.15336664 0.0818156525 0.190966874
v 0.15333344 0.08197999 0.154448599
v 0.151780039 0.0587715283 0.176914975
v 0.153333798 0.0599096827 0.175812826
v 0.15328452 0.0739232004 0.141968802
v 0.151730731 0.0439534113 0.153951779
v 0.153284565 0.0454232916 0.153363675
v 0.153227389 0.0711000189 0.127155468
v 0.151673287 0.0388334803 0.12705867
v 0.153227195 0.0404161215 0.127063036
v -0.171188697 -0.228015393 0.178754628
v -0.154759407 -0.205938607 0.180171892
v -0.171188682 -0.205810368 0.179693729
v -0.153614417 -0.228013858 0.178755239
v -0.149896041 -0.209024385 0.179221764
v -0.171188697 -0.242877722 0.170610175
v -0.149896145 -0.226928204 0.175007761
v -0.149896041 -0.208485603 0.178601354
v -0.149896115 -0.224022344 0.172256231
v -0.14989613 -0.232617199 0.1633109
v -0.153462067 -0.242874116 0.170547083
v -0.14989616 -0.240569636 0.166971266
v -0.14989613 -0.237822205 0.151716933
v -0.149896145 -0.252628773 0.154764026
v -0.149896145 -0.240424469 0.133699983
v -0.153614417 -0.255805194 0.156905517
v -0.171188682 -0.255804926 0.156906217
v -0.149896145 -0.259549946 0.136005744
v -0.14989613 -0.239680424 0.115283929
v -0.153614417 -0.263245791 0.136785015
v -0.171188653 -0.263245642 0.13678278
v -0.171188653 -0.266227365 0.115308292
v -0.149896145 -0.262450963 0.11523737
v -0.153614417 -0.266227722 0.115309425
v -0.171188638 -0.265120357 0.0929518417
v -0.149896145 -0.261387467 0.093199268
v -0.14989613 -0.236196205 0.0991873145
v -0.1498961 -0.18673265 -0.0630005077
v -0.153614417 -0.265120566 0.0929525197
v -0.171188623 -0.224061847 -0.0933103859
v -0.149896115 -0.22051242 -0.092201896
v -0.153614372 -0.224062249 -0.0933090746
v -0.153614372 -0.207268044 -0.170666173
v -0.171188593 -0.20726797 -0.170668155
v -0.149896115 -0.203815088 -0.169167459
v -0.14989607 -0.177826852 -0.0775790662
v -0.1498961 -0.164776117 -0.0860979259
v -0.153614387 -0.194712803 -0.211530775
v -0.171188563 -0.194712728 -0.211532831
v -0.14989613 -0.191319704 -0.209842816
v -0.153614312 -0.178982213 -0.247062996
v -0.171188489 -0.178981319 -0.247064829
v -0.171188548 -0.154945299 -0.271329582
v -0.149896055 -0.172416881 -0.241685078
v -0.149896085 -0.148661658 -0.0889927447
v -0.149896055 -0.176047742 -0.244658947
v -0.153614327 -0.15494673 -0.271328896
v -0.171188518 -0.12301401 -0.283037007
v -0.14989607 -0.152802929 -0.268122852
v -0.14989607 -0.0418686606 -0.198065311
v -0.149896085 -0.134391069 -0.083765544
v -0.153614312 -0.123013996 -0.283037007
v -0.171188518 -0.0925843418 -0.281687319
v -0.149896041 -0.122540519 -0.279276341
v -0.14989607 -0.0454690121 -0.221866742
v -0.153614312 -0.0925843343 -0.281687319
v -0.171188518 -0.064694874 -0.266808569
v -0.149897248 -0.0406659469 -0.15237695
v -0.149896085 -0.123350456 -0.0742293
v -0.149896041 -0.0937010646 -0.278038263
v -0.153614312 -0.0646949708 -0.26680851
v -0.171188518 -0.0507000685 -0.249463439
v -0.149896055 -0.0671853796 -0.26395312
v -0.153614327 -0.0507001244 -0.249463394
v -0.14989607 -0.0538475364 -0.247231498
v -0.153614342 -0.0419130847 -0.223316327
v -0.171188504 -0.0419131219 -0.223316327
v -0.171188504 -0.0381359234 -0.198147669
v -0.153614342 -0.0381357335 -0.198147446
v -0.171188518 -0.0369252898 -0.152575672
v -0.153614357 -0.0369249471 -0.152575314
v -0.171136484 -0.0250975359 -0.0909522101
v -0.149846375 -0.0286813844 -0.0898690596
v -0.153562278 -0.0250971355 -0.0909517109
v -0.171110481 -0.000166392943 -0.0337791331
v -0.149822772 -0.00340484013 -0.0319039747
v -0.1498961 -0.0205385704 0.0471719094
v -0.153536245 -0.000165933627 -0.0337785967
v -0.171092138 0.0202214289 -0.00628443388
v -0.149805114 0.0176227428 -0.00354650849
v -0.153517932 0.0202219244 -0.00628385926
v -0.171064854 0.035500586 0.0118328398
v -0.14979811 0.0331701152 0.0148765147
v -0.149902269 -0.01552728 0.0579217076
v -0.153512031 0.0354842991 0.0118264537
v -0.15346989 0.0609706342 0.0306439344
v -0.171010554 0.0610148832 0.030641472
v -0.149751201 0.0589902736 0.0339445099
v -0.149896115 -0.0134628424 0.0696381852
v -0.153402686 0.0892238915 0.0403566696
v -0.170976907 0.0893081054 0.0403537489
v -0.149678394 0.0879795328 0.0440063998
v -0.153101802 0.119845569 0.0425981097
v -0.17100364 0.119846173 0.0425894856
v -0.149373963 0.119401269 0.0462979451
v -0.153079882 0.13809745 0.04586
v -0.17101492 0.138094768 0.0458437689
v -0.171025619 0.154817909 0.0533180945
v -0.149368182 0.136995003 0.0494434126
v -0.153139263 0.154821962 0.0533432886
v -0.170954451 0.169601262 0.0630323365
v -0.149434775 0.153030112 0.0566198081
v -0.149582654 0.17824091 0.0780629441
v -0.153301492 0.169607177 0.0630661175
v -0.171046734 0.181281298 0.0758356228
v -0.149589151 0.16717504 0.0659231693
v -0.153308675 0.181286633 0.0758780986
v -0.171584144 0.189262599 0.0902776197
v -0.149154261 0.185845926 0.0918434113
v -0.149567798 -0.02098676 0.178980663
v -0.152867123 0.189264014 0.0903315172
v -0.17195493 0.194575593 0.106120877
v -0.1488671 0.190974474 0.107151829
v -0.152571976 0.194575891 0.106188618
v -0.171967596 0.198161364 0.123377405
v -0.148902997 0.194465846 0.123968996
v -0.149797648 0.195291877 0.141827375
v -0.149896115 0.0347594693 0.241549388
v -0.149567798 0.0820751041 0.305039108
v -0.149567798 0.114427023 0.370705634
v -0.152619198 0.198162168 0.123456627
v -0.171089798 0.199006021 0.141814187
v -0.149329036 0.158834368 0.466828078
v -0.149567798 0.126022473 0.436168462
v -0.145961389 0.128396213 0.499917567
v -0.152794898 0.131024614 0.504674911
v -0.153515592 0.199018836 0.141904756
v -0.153035328 0.162400678 0.468388587
v -0.170852885 0.16239962 0.468390375
v -0.170534223 0.131022438 0.504701078
v -0.170440137 0.128591627 0.51106286
v -0.152950019 0.128592595 0.511042833
v -0.170534223 0.131022438 0.504701078
v -0.178145707 0.128394529 0.499616504
v -0.170440137 0.128591627 0.51106286
v -0.170852885 0.16239962 0.468390375
v -0.174848989 0.158832639 0.466831744
v -0.174900398 0.126022473 0.436168551
v -0.174900368 0.114427052 0.370705664
v -0.174885646 0.195275024 0.141716853
v -0.171089798 0.199006021 0.141814187
v -0.174900368 0.0820750967 0.305039078
v -0.174900472 0.0347530991 0.241452143
v -0.174900353 -0.0139029082 0.186920032
v -0.174900338 -0.0209867619 0.178980663
v -0.175026223 0.194465086 0.123868205
v -0.174900398 -0.0133432923 0.0696380138
v -0.171967596 0.198161364 0.123377405
v -0.175022498 0.190975666 0.107065305
v -0.174963981 0.18584463 0.0917700827
v -0.17195493 0.194575593 0.106120877
v -0.171584144 0.189262599 0.0902776197
v -0.174879491 0.178234234 0.0780037418
v -0.171046734 0.181281298 0.0758356228
v -0.174863145 0.16716817 0.0658764169
v -0.170954451 0.169601262 0.0630323365
v -0.174873963 0.153026178 0.0565852448
v -0.171025619 0.154817909 0.0533180945
v -0.174873039 0.136993229 0.0494209938
v -0.17101492 0.138094768 0.0458437689
v -0.174871415 0.119403206 0.0462853499
v -0.17100364 0.119846173 0.0425894856
v -0.174866676 0.0881016701 0.0440024287
v -0.170976907 0.0893081054 0.0403537489
v -0.174872264 0.0590550825 0.0339419656
v -0.171010554 0.0610148832 0.030641472
v -0.174881175 0.033194717 0.0148870014
v -0.174900398 -0.0154630048 0.0579209998
v -0.171064854 0.035500586 0.0118328398
v -0.174885616 0.0176233519 -0.00354567287
v -0.174900398 -0.0205385536 0.0471719056
v -0.171092138 0.0202214289 -0.00628443388
v -0.174888477 -0.00340547157 -0.0319047421
v -0.171110481 -0.000166392943 -0.0337791331
v -0.174900368 -0.0829757676 -0.0265545156
v -0.174892291 -0.0286819786 -0.0898697898
v -0.171136484 -0.0250975359 -0.0909522101
v -0.174900532 -0.0406664237 -0.152377576
v -0.171188518 -0.0369252898 -0.152575672
v -0.174900368 -0.123350464 -0.0742293447
v -0.174900323 -0.0418689288 -0.198065773
v -0.171188504 -0.0381359234 -0.198147669
v -0.174900323 -0.0454690866 -0.221866772
v -0.171188504 -0.0419131219 -0.223316327
v -0.171188518 -0.0507000685 -0.249463439
v -0.174900293 -0.17604652 -0.244661421
v -0.174900368 -0.134391069 -0.0837655887
v -0.174900353 -0.148661673 -0.0889927968
v -0.174900353 -0.164776132 -0.0860979334
v -0.174900323 -0.191319615 -0.209845677
v -0.174900353 -0.177826837 -0.0775791034
v -0.174900353 -0.203814983 -0.169170171
v -0.171188563 -0.194712728 -0.211532831
v -0.171188489 -0.178981319 -0.247064829
v -0.171188593 -0.20726797 -0.170668155
v -0.171188548 -0.154945299 -0.271329582
v -0.174900368 -0.220511839 -0.0922037736
v -0.174900368 -0.186732635 -0.0630005524
v -0.171188623 -0.224061847 -0.0933103859
v -0.174900323 -0.152801037 -0.268123716
v -0.171188518 -0.12301401 -0.283037007
v -0.174900413 -0.261387199 0.0931982845
v -0.174900413 -0.23619622 0.0991873071
v -0.171188638 -0.265120357 0.0929518417
v -0.174900413 -0.239680424 0.115283914
v -0.174900293 -0.122540526 -0.279276371
v -0.171188518 -0.0925843418 -0.281687319
v -0.174900427 -0.262450427 0.115235813
v -0.171188653 -0.266227365 0.115308292
v -0.174900413 -0.240424499 0.133699954
v -0.174900427 -0.259549677 0.136002719
v -0.171188653 -0.263245642 0.13678278
v -0.171188682 -0.255804926 0.156906217
v -0.174900427 -0.252628356 0.15476498
v -0.174900413 -0.237822205 0.151716903
v -0.171188697 -0.242877722 0.170610175
v -0.174900457 -0.240570575 0.166971162
v -0.174900457 -0.232617214 0.1633109
v -0.174900457 -0.226930439 0.175006926
v -0.171188697 -0.228015393 0.178754628
v -0.171188682 -0.205810368 0.179693729
v -0.174900457 -0.224022329 0.172256216
v -0.174900457 -0.208669394 0.179273844
v -0.174900457 -0.208485603 0.178601369
v -0.174900338 -0.0209867619 0.178980663
v -0.356651932 -0.0133431554 0.0696380064
v -0.356651932 -0.0209867395 0.178980634
v -0.174900398 -0.0133432923 0.0696380138
v -0.174900398 -0.0154630048 0.0579209998
v -0.356651932 -0.0154629443 0.057921011
v -0.356652021 -0.0205385517 0.0471718833
v -0.174900398 -0.0205385536 0.0471719056
v -0.356651992 -0.0829756781 -0.0265545044
v -0.174900368 -0.0829757676 -0.0265545156
v -0.356651992 -0.123350359 -0.0742293298
v -0.174900368 -0.123350464 -0.0742293447
v -0.174900368 -0.134391069 -0.0837655887
v -0.356651902 -0.134390995 -0.0837655813
v -0.174900353 -0.148661673 -0.0889927968
v -0.356651902 -0.149368629 -0.0881322622
v -0.356651902 -0.164776146 -0.0860978514
v -0.174900353 -0.164776132 -0.0860979334
v -0.356651902 -0.177826941 -0.0775790513
v -0.174900353 -0.177826837 -0.0775791034
v -0.174900368 -0.186732635 -0.0630005524
v -0.356651992 -0.186732665 -0.0630005747
v -0.356651902 -0.236196205 0.0991872549
v -0.174900413 -0.23619622 0.0991873071
v -0.174900413 -0.239680424 0.115283914
v -0.356651902 -0.239680424 0.115283832
v -0.356651992 -0.240424499 0.133699849
v -0.174900413 -0.240424499 0.133699954
v -0.356651843 -0.237822235 0.151716858
v -0.174900413 -0.237822205 0.151716903
v -0.356651932 -0.232617214 0.163310856
v -0.174900457 -0.232617214 0.1633109
v -0.174900457 -0.224022329 0.172256216
v -0.356651932 -0.224022344 0.172256202
v -0.356651932 -0.205810472 0.179693848
v -0.174900457 -0.208485603 0.178601369
v -0.177796558 -0.205810443 0.179693863
v -0.350436062 -0.188186884 0.18155095
v -0.356652021 -0.188186914 0.18155098
v -0.356652021 -0.174909011 0.176310778
v 0.00265922747 -0.188188896 0.181550801
v -0.17338334 -0.201751456 0.180578366
v 0.358198196 -0.174908951 0.176310956
v -0.356652021 -0.165901333 0.167477086
v 0.358198106 -0.165901288 0.167477265
v -0.356651932 -0.159582242 0.154827863
v 0.358198047 -0.159582198 0.154828012
v -0.356651992 -0.14669475 0.0836513713
v 0.358198225 -0.14669469 0.0836515054
v -0.171188682 -0.205810368 0.179693729
v -0.174900457 -0.208669394 0.179273844
v -0.154759407 -0.205938607 0.180171892
v -0.153614283 -0.201685369 0.180331916
v -0.149896041 -0.209024385 0.179221764
v -0.147006378 -0.205810443 0.179693863
v -0.149896041 -0.208485603 0.178601354
v -0.149896115 -0.224022344 0.172256231
v 0.15232484 -0.205810428 0.179693937
v 0.155214578 -0.224022314 0.172256321
v 0.155214608 -0.232617185 0.16331096
v -0.14989613 -0.232617199 0.1633109
v 0.155214608 -0.23782219 0.151716977
v -0.14989613 -0.237822205 0.151716933
v 0.155214608 -0.240424454 0.133700028
v -0.149896145 -0.240424469 0.133699983
v 0.155214623 -0.239680424 0.115283944
v -0.14989613 -0.239680424 0.115283929
v 0.155214623 -0.23619619 0.0991873518
v -0.14989613 -0.236196205 0.0991873145
v 0.155214652 -0.186732605 -0.0630004629
v -0.1498961 -0.18673265 -0.0630005077
v 0.155214489 -0.208485559 0.178601429
v 0.155214638 -0.177826837 -0.077579014
v -0.14989607 -0.177826852 -0.0775790662
v -0.1498961 -0.164776117 -0.0860979259
v 0.155214652 -0.164776087 -0.0860978886
v 0.155214652 -0.148661643 -0.0889927074
v -0.149896085 -0.148661658 -0.0889927447
v -0.149896085 -0.134391069 -0.083765544
v 0.155214652 -0.134391055 -0.0837655067
v 0.155214652 -0.123350434 -0.0742292553
v -0.149896085 -0.123350456 -0.0742293
v -0.1498961 -0.0205385704 0.0471719094
v 0.155214608 -0.0205385443 0.0471719578
v -0.149902269 -0.01552728 0.0579217076
v 0.155220777 -0.015527254 0.0579217561
v 0.155214608 -0.0134628164 0.0696382374
v -0.149896115 -0.0134628424 0.0696381852
v -0.149567798 -0.02098676 0.178980663
v 0.154886246 -0.0209867321 0.178980753
v -0.356651932 -0.0209867395 0.178980634
v -0.174900353 -0.0139029082 0.186920032
v -0.174900338 -0.0209867619 0.178980663
v -0.359311849 -0.0137666631 0.188129693
v -0.359311998 0.0347227938 0.241839364
v -0.174900472 0.0347530991 0.241452143
v -0.174900368 0.0820750967 0.305039078
v -0.359312057 0.0820750147 0.305038989
v -0.359312057 0.114427 0.370705545
v -0.174900368 0.114427052 0.370705664
v -0.174900398 0.126022473 0.436168551
v -0.359311908 0.126022533 0.436168432
v -0.359311998 0.128983274 0.511219263
v -0.178145707 0.128394529 0.499616504
v -0.170440137 0.128591627 0.51106286
v -0.359311938 0.121381655 0.567722678
v 0.00265912339 0.121382557 0.567715883
v -0.152950019 0.128592595 0.511042833
v -0.359311938 0.120627105 0.571980834
v 0.0026591348 0.128592983 0.511032999
v -0.145961389 0.128396213 0.499917567
v -0.152794898 0.131024614 0.504674911
v 0.154886097 0.126022503 0.436168551
v -0.149567798 0.126022473 0.436168462
v -0.149567798 0.114427023 0.370705634
v 0.154886127 0.114427038 0.370705724
v 0.154886171 0.0820751265 0.305039138
v -0.149567798 0.0820751041 0.305039108
v -0.149896115 0.0347594693 0.241549388
v 0.155214518 0.0347594954 0.241549462
v -0.149567798 -0.02098676 0.178980663
v 0.154886246 -0.0209867321 0.178980753
v 0.151279673 0.128396228 0.499917597
v 0.158268303 0.12859261 0.511042893
v 0.158113182 0.131024629 0.504675031
v 0.175758392 0.128591672 0.51106298
v 0.360858023 0.12138167 0.567722797
v 0.360858023 0.128983334 0.511219382
v 0.183463976 0.128394559 0.499616623
v 0.360858023 0.120627165 0.571980953
v 0.180223957 0.126022503 0.436168462
v 0.360858083 0.126022592 0.436168581
v 0.360858083 0.11442706 0.370705724
v 0.180223972 0.114427127 0.370705634
v 0.180223972 0.0820751339 0.305039078
v 0.360858083 0.0820751041 0.305039138
v 0.360858113 0.0347228535 0.241839513
v 0.180224001 0.0347531289 0.241452157
v 0.180224031 -0.0139028579 0.186920047
v 0.360858113 -0.0137666008 0.188129842
v 0.358198106 -0.0209866781 0.178980783
v 0.180224031 -0.0209867116 0.178980693
v 0.352688551 0.113409489 0.579884827
v 0.360858023 0.110704221 0.614026845
v -0.351142466 0.113409467 0.579884648
v -0.359311998 0.110704161 0.614026725
v -0.351142526 0.105634049 0.612812996
v -0.34597218 0.10928227 0.583011925
v -0.351142526 0.0979429334 0.645384669
v -0.359311998 0.10088864 0.655617118
v 0.360857964 0.100888699 0.655617297
v -0.359311998 0.0995666161 0.659727514
v 0.360857964 0.0995666757 0.659727693
v -0.359312087 0.0894830376 0.687064052
v 0.360858023 0.0894830972 0.687064171
v -0.359312087 0.0774179846 0.713520825
v 0.360858023 0.0774180517 0.713520944
v 0.360858023 0.0752682835 0.717236459
v -0.359312087 0.0752682164 0.717236221
v 0.352688462 0.0979429856 0.645384789
v -0.34597224 0.0956654847 0.640680552
v -0.349254251 0.0644723177 0.720703363
v -0.359312117 0.0368635245 0.76687485
v 0.352688462 0.105634108 0.612813115
v -0.34597224 0.102436796 0.612003207
v 0.347518176 0.0956655368 0.640680671
v 0.347518176 0.109282292 0.583012044
v 0.347518176 0.102436855 0.612003386
v 0.350800186 0.0644723773 0.720703483
v 0.360857993 0.0368635878 0.766874909
v 0.347518176 0.0603738278 0.722579122
v 0.350800097 0.0375086516 0.755554318
v -0.345972329 0.0603737719 0.722578883
v -0.349254221 0.0375085883 0.75555408
v -0.359312117 0.0338016562 0.769881666
v 0.360857993 0.0338017195 0.769881785
v 0.360857993 -0.0177818183 0.808315814
v -0.359312057 -0.0177818984 0.808315694
v -0.359312057 -0.0215366669 0.81039542
v 0.360857993 -0.0215365849 0.810395479
v -0.345972329 0.0382948741 0.751115918
v 0.347518176 0.0382949375 0.751116157
v 0.35133782 -0.0325674117 0.808731973
v 0.360858083 -0.0941245705 0.838657677
v -0.349791944 -0.032567475 0.808731914
v -0.359312207 -0.0941246301 0.838657498
v 0.360858083 -0.0982336104 0.840007603
v -0.359312207 -0.09823367 0.840007484
v 0.360858023 -0.163009048 0.857487679
v -0.359312177 -0.163009107 0.857487619
v 0.360858023 -0.167246163 0.858341753
v -0.359312177 -0.167246222 0.858341575
v 0.35133788 -0.0881286711 0.82925719
v -0.349792004 -0.0881287232 0.829257011
v 0.353679985 -0.177369326 0.853231132
v 0.360858113 -0.254375905 0.870105207
v -0.34597227 -0.0371948555 0.807959318
v 0.347518146 -0.0371947922 0.807959437
v -0.345972359 -0.0853471234 0.825524092
v 0.347518235 -0.0853470489 0.825524271
v -0.352134049 -0.177369386 0.853230953
v -0.359312087 -0.254375964 0.870105088
v -0.359312087 -0.258683115 0.870538175
v 0.360858113 -0.258683056 0.870538235
v 0.360858172 -0.366719782 0.87770164
v -0.359312236 -0.366719842 0.877701521
v 0.360858262 -0.449209929 0.878531754
v -0.359312236 -0.449210048 0.878531694
v -0.352134049 -0.246094584 0.861574173
v 0.353680074 -0.246094525 0.861574411
v -0.348855227 -0.242294878 0.859885752
v 0.350401193 -0.242294818 0.859885931
v 0.350401103 -0.181604758 0.851692021
v -0.348855168 -0.181604818 0.851691902
v -0.359312236 -0.448631644 0.864005804
v 0.360858142 -0.366227537 0.858305633
v 0.360858262 -0.448631585 0.864005923
v -0.359312266 -0.366227567 0.858305573
v -0.359312207 -0.259856761 0.846826315
v 0.360858083 -0.259856701 0.846826375
v -0.359312117 -0.171449631 0.831127822
v 0.360857993 -0.171449587 0.831128061
v 0.360857993 -0.125028834 0.81086129
v -0.359312057 -0.125028908 0.810861111
v -0.359312117 -0.0788428262 0.782315493
v 0.360857993 -0.0788427368 0.782315552
v -0.359312117 -0.0547370091 0.758716404
v 0.360857993 -0.0547369421 0.758716583
v 0.360857993 -0.0350157991 0.747050822
v -0.359312057 -0.0350158624 0.747050762
v -0.359311998 -0.016409561 0.741553605
v 0.360858023 -0.0164094996 0.741553843
v 0.360858023 0.00165004074 0.742315948
v -0.359311998 0.00164997764 0.74231571
v -0.359312117 0.00664913841 0.746440947
v 0.360857993 0.00664920127 0.746441185
v -0.359312087 0.0445072986 0.705403984
v 0.360858023 0.0445073657 0.705404162
v 0.360857964 0.0727724358 0.643853903
v -0.359312087 0.0727723315 0.643853664
v 0.360858023 0.0902832299 0.573680341
v -0.359311938 0.0902831703 0.573680162
v -0.359311998 0.0983363762 0.508068323
v 0.360858023 0.0983364359 0.508068442
v 0.360858023 0.0970430225 0.442079574
v -0.359311998 0.0970429704 0.442079425
v -0.359312057 0.0868178234 0.38026312
v 0.360858083 0.086817883 0.380263239
v 0.360858142 0.066396825 0.317960292
v -0.359312057 0.066396758 0.317960143
v -0.359312057 0.0174497291 0.260745257
v 0.360858142 0.0174497906 0.260745436
v -0.356651932 -0.00851596054 0.231635511
v 0.358198106 -0.00851589814 0.231635645
v -0.356652021 -0.0393969268 0.197015315
v 0.358198106 -0.0393968634 0.197015435
v -0.356651992 -0.14669475 0.0836513713
v 0.358198225 -0.14669469 0.0836515054
v 0.16007787 -0.205938578 0.180171967
v 0.176507145 -0.228015363 0.178754687
v 0.17650713 -0.205810353 0.179693803
v 0.158932894 -0.228013828 0.178755313
v 0.176507145 -0.242877707 0.170610234
v 0.155214489 -0.209024355 0.179221824
v 0.15878053 -0.242874116 0.170547158
v 0.17650716 -0.255804926 0.156906292
v 0.155214608 -0.226928189 0.175007835
v 0.155214489 -0.208485559 0.178601429
v 0.155214578 -0.224022314 0.172256321
v 0.155214608 -0.232617185 0.16331096
v 0.155214638 -0.240569621 0.166971341
v 0.155214608 -0.23782219 0.151716977
v 0.155214623 -0.252628773 0.154764056
v 0.155214608 -0.240424454 0.133700028
v 0.15893288 -0.255805194 0.156905606
v 0.155214638 -0.259549946 0.136005774
v 0.155214623 -0.239680424 0.115283944
v 0.158932894 -0.263245791 0.136785075
v 0.176507145 -0.263245583 0.136782885
v 0.176507145 -0.266227365 0.115308389
v 0.155214638 -0.262450933 0.115237407
v 0.155214623 -0.23619619 0.0991873518
v 0.158932894 -0.266227722 0.115309514
v 0.158932894 -0.265120536 0.0929526016
v 0.17650716 -0.265120327 0.0929519311
v 0.17650719 -0.224061832 -0.0933103263
v 0.155214638 -0.261387467 0.0931993052
v 0.155214652 -0.186732605 -0.0630004629
v 0.155214697 -0.22051239 -0.0922018588
v 0.158932954 -0.224062204 -0.0933090299
v 0.158932984 -0.207268029 -0.170666143
v 0.176507205 -0.207267925 -0.170668125
v 0.155214712 -0.203815073 -0.169167414
v 0.155214638 -0.177826837 -0.077579014
v 0.155214652 -0.164776087 -0.0860978886
v 0.158932999 -0.194712773 -0.211530745
v 0.176507205 -0.194712698 -0.211532801
v 0.155214742 -0.191319689 -0.209842771
v 0.158932954 -0.178982183 -0.247062966
v 0.17650713 -0.178981274 -0.247064799
v 0.17650719 -0.154945269 -0.271329552
v 0.155214697 -0.172416836 -0.241685048
v 0.155214652 -0.148661643 -0.0889927074
v 0.155214697 -0.176047727 -0.244658902
v 0.158932969 -0.154946715 -0.271328866
v 0.17650716 -0.123013973 -0.283036977
v 0.155214712 -0.152802914 -0.268122792
v 0.155214652 -0.0418686345 -0.198065281
v 0.155214652 -0.134391055 -0.0837655067
v 0.158932954 -0.123013981 -0.283036977
v 0.17650716 -0.0925843045 -0.281687289
v 0.155214682 -0.122540496 -0.279276282
v 0.155214652 -0.0454689637 -0.221866742
v 0.158932954 -0.092584312 -0.281687289
v 0.17650716 -0.0646948442 -0.26680851
v 0.155215815 -0.0406659171 -0.15237695
v 0.155214652 -0.123350434 -0.0742292553
v 0.155214682 -0.0937010422 -0.278038234
v 0.158932939 -0.0646949261 -0.26680851
v 0.176507145 -0.05070002 -0.249463364
v 0.155214682 -0.0671853498 -0.26395312
v 0.158932924 -0.0507000946 -0.249463364
v 0.17650713 -0.0419130921 -0.223316327
v 0.155214667 -0.053847488 -0.247231498
v 0.158932924 -0.0419130549 -0.223316327
v 0.1765071 -0.0381358936 -0.19814764
v 0.158932924 -0.0381357037 -0.198147401
v 0.17650716 -0.0369252451 -0.152575657
v 0.158932924 -0.0369248986 -0.152575314
v 0.176455021 -0.025097508 -0.090952158
v 0.155164927 -0.0286813583 -0.0898690224
v 0.155214608 -0.0205385443 0.0471719578
v 0.158880815 -0.0250971075 -0.0909516588
v 0.176428959 -0.000166362559 -0.033779081
v 0.155141309 -0.00340481335 -0.03190393
v 0.158854768 -0.000165906327 -0.0337785482
v 0.17641063 0.0202214569 -0.00628441991
v 0.155123621 0.0176227689 -0.00354650035
v 0.158836454 0.0202219523 -0.00628381222
v 0.176383331 0.0355006158 0.0118328929
v 0.155116618 0.0331701413 0.0148765612
v 0.155220777 -0.015527254 0.0579217561
v 0.158830538 0.0354843289 0.0118265385
v 0.158788383 0.060970664 0.0306440201
v 0.176329032 0.061014913 0.0306415614
v 0.155069694 0.0589902997 0.0339445546
v 0.155214608 -0.0134628164 0.0696382374
v 0.158721179 0.0892239437 0.0403567553
v 0.176295474 0.0893081427 0.0403538011
v 0.154996872 0.0879795551 0.0440064482
v 0.158420295 0.119845591 0.0425981954
v 0.176322088 0.11984621 0.0425895788
v 0.154692441 0.119401291 0.0462979935
v 0.158398345 0.138097465 0.0458600856
v 0.176333368 0.138094798 0.0458438583
v 0.176344067 0.154817939 0.0533181839
v 0.154686645 0.136995018 0.0494434573
v 0.158457726 0.154821977 0.0533433743
v 0.176272899 0.169601306 0.0630324259
v 0.154753238 0.153030127 0.0566198565
v 0.154901117 0.17824094 0.0780629963
v 0.15861997 0.169607222 0.0630661994
v 0.176365182 0.181281328 0.0758357123
v 0.154907629 0.167175084 0.065923214
v 0.158627123 0.181286678 0.075878188
v 0.176902592 0.189262629 0.0902777165
v 0.154472694 0.185845956 0.0918434486
v 0.154886246 -0.0209867321 0.178980753
v 0.158185557 0.189264044 0.0903315991
v 0.177273348 0.194575623 0.106120974
v 0.154185534 0.190974519 0.107151866
v 0.157890409 0.194575936 0.10618867
v 0.177286014 0.198161408 0.123377502
v 0.15422143 0.194465876 0.123969041
v 0.155116051 0.195291921 0.141827404
v 0.155214518 0.0347594954 0.241549462
v 0.154886171 0.0820751265 0.305039138
v 0.154886127 0.114427038 0.370705724
v 0.157937631 0.198162213 0.123456679
v 0.176408216 0.199006051 0.141814277
v 0.154647321 0.158834383 0.466828138
v 0.154886097 0.126022503 0.436168551
v 0.151279673 0.128396228 0.499917597
v 0.158113182 0.131024629 0.504675031
v 0.15883401 0.199018881 0.141904831
v 0.158353597 0.162400723 0.468388647
v 0.176171184 0.16239965 0.468390465
v 0.175852492 0.131022468 0.504701138
v 0.175758392 0.128591672 0.51106298
v 0.158268303 0.12859261 0.511042893
v 0.175852492 0.131022468 0.504701138
v 0.175758392 0.128591672 0.51106298
v 0.183463976 0.128394559 0.499616623
v 0.176171184 0.16239965 0.468390465
v 0.180223733 0.158832714 0.466831744
v 0.180223957 0.126022503 0.436168462
v 0.180223972 0.114427127 0.370705634
v 0.180223972 0.195275053 0.141716912
v 0.180223972 0.0820751339 0.305039078
v 0.176408216 0.199006051 0.141814277
v 0.180224001 0.0347531289 0.241452157
v 0.180224031 -0.0139028579 0.186920047
v 0.180224031 -0.0209867116 0.178980693
v 0.180224076 -0.0133432616 0.0696380287
v 0.180224568 0.194465116 0.123868227
v 0.177286014 0.198161408 0.123377502
v 0.180224553 0.190975696 0.107065402
v 0.180224314 0.185844705 0.09177012
v 0.177273348 0.194575623 0.106120974
v 0.176902592 0.189262629 0.0902777165
v 0.180223972 0.178234309 0.0780037791
v 0.176365182 0.181281328 0.0758357123
v 0.180223897 0.167168215 0.0658764318
v 0.176272899 0.169601306 0.0630324259
v 0.180223942 0.153026253 0.0565853193
v 0.176344067 0.154817939 0.0533181839
v 0.180223942 0.136993304 0.049421031
v 0.176333368 0.138094798 0.0458438583
v 0.180223942 0.119403243 0.0462853722
v 0.176322088 0.11984621 0.0425895788
v 0.180223912 0.0881017074 0.0440024473
v 0.176295474 0.0893081427 0.0403538011
v 0.180223957 0.0590551496 0.0339419991
v 0.176329032 0.061014913 0.0306415614
v 0.180224001 0.0331947468 0.0148870545
v 0.180224076 -0.0154629741 0.0579210557
v 0.176383331 0.0355006158 0.0118328929
v 0.180224016 0.0176233444 -0.00354561908
v 0.17641063 0.0202214569 -0.00628441991
v 0.180224076 -0.0205385033 0.0471719243
v 0.180224031 -0.0034054406 -0.03190469
v 0.176428959 -0.000166362559 -0.033779081
v 0.180224076 -0.0286819674 -0.0898697376
v 0.176455021 -0.025097508 -0.090952158
v 0.180224106 -0.123350427 -0.0742292479
v 0.18022415 -0.0406663753 -0.152377561
v 0.17650716 -0.0369252451 -0.152575657
v 0.18022415 -0.0418689176 -0.198065773
v 0.1765071 -0.0381358936 -0.19814764
v 0.18022415 -0.0454690382 -0.221866742
v 0.17650713 -0.0419130921 -0.223316327
v 0.176507145 -0.05070002 -0.249463364
v 0.180224165 -0.176046446 -0.244661376
v 0.180224106 -0.13439104 -0.0837655738
v 0.180224136 -0.148661628 -0.0889927745
v 0.180224136 -0.164776087 -0.0860979185
v 0.180224165 -0.191319555 -0.209845632
v 0.180224136 -0.177826822 -0.0775790885
v 0.18022415 -0.203814954 -0.169170126
v 0.176507205 -0.194712698 -0.211532801
v 0.17650713 -0.178981274 -0.247064799
v 0.176507205 -0.207267925 -0.170668125
v 0.17650719 -0.154945269 -0.271329552
v 0.180224136 -0.220511809 -0.0922037214
v 0.180224091 -0.18673259 -0.0630005375
v 0.17650719 -0.224061832 -0.0933103263
v 0.180224165 -0.152800992 -0.268123686
v 0.17650716 -0.123013973 -0.283036977
v 0.180224091 -0.26138714 0.0931983292
v 0.180224076 -0.236196175 0.0991873443
v 0.17650716 -0.265120327 0.0929519311
v 0.180224165 -0.122540511 -0.279276282
v 0.17650716 -0.0925843045 -0.281687289
v 0.180224076 -0.262450367 0.115235828
v 0.180224076 -0.23968038 0.115283951
v 0.176507145 -0.266227365 0.115308389
v 0.180224076 -0.240424454 0.133700013
v 0.180224046 -0.259549648 0.136002764
v 0.176507145 -0.263245583 0.136782885
v 0.17650716 -0.255804926 0.156906292
v 0.180224046 -0.252628297 0.15476504
v 0.180224046 -0.23782216 0.151716918
v 0.176507145 -0.242877707 0.170610234
v 0.180224031 -0.2405705 0.166971132
v 0.180224031 -0.23261717 0.16331093
v 0.180224031 -0.22693038 0.175006926
v 0.176507145 -0.228015363 0.178754687
v 0.17650713 -0.205810353 0.179693803
v 0.180224031 -0.224022269 0.172256261
v 0.180224031 -0.208669335 0.179273874
v 0.180224031 -0.208485544 0.178601354
v 0.358198106 -0.013343093 0.0696380958
v 0.180224031 -0.0209867116 0.178980693
v 0.358198106 -0.0209866781 0.178980783
v 0.180224076 -0.0133432616 0.0696380287
v 0.180224076 -0.0154629741 0.0579210557
v 0.358198106 -0.0154628819 0.0579210967
v 0.358198106 -0.0205385089 0.047171969
v 0.180224076 -0.0205385033 0.0471719243
v 0.358198225 -0.123350263 -0.0742292255
v 0.180224106 -0.123350427 -0.0742292479
v 0.180224106 -0.13439104 -0.0837655738
v 0.358198166 -0.134390935 -0.0837654695
v 0.180224136 -0.148661628 -0.0889927745
v 0.358198166 -0.148661584 -0.0889924765
v 0.180224136 -0.164776087 -0.0860979185
v 0.358198166 -0.164776087 -0.0860977322
v 0.358198225 -0.177826881 -0.0775788724
v 0.180224136 -0.177826822 -0.0775790885
v 0.180224091 -0.18673259 -0.0630005375
v 0.358198225 -0.186732605 -0.0630003959
v 0.358198166 -0.236196145 0.099187389
v 0.180224076 -0.236196175 0.0991873443
v 0.358198166 -0.239680365 0.115283966
v 0.180224076 -0.23968038 0.115283951
v 0.358198166 -0.240424439 0.133699998
v 0.180224076 -0.240424454 0.133700013
v 0.358198166 -0.23782219 0.151717007
v 0.180224046 -0.23782216 0.151716918
v 0.180224031 -0.23261717 0.16331093
v 0.358198106 -0.23261717 0.163310975
v 0.180224031 -0.224022269 0.172256261
v 0.358198106 -0.224022284 0.172256336
v 0.358198106 -0.205810383 0.179693982
v 0.180224031 -0.208485544 0.178601354
v 0.183115005 -0.205810413 0.179693937
v 0.180224031 -0.208669335 0.179273874
v 0.17650713 -0.205810353 0.179693803
v 0.351982236 -0.188186854 0.181551084
v 0.358198196 -0.188186854 0.181551084
v 0.178701803 -0.201751441 0.18057844
v 0.16007787 -0.205938578 0.180171967
v 0.158932745 -0.201685354 0.18033199
v 0.155214489 -0.209024355 0.179221824
v -0.359312236 -0.448631644 0.864005804
v -0.359312236 -0.457895607 0.882979572
v -0.359312236 -0.449210048 0.878531694
v -0.359312236 -0.456685692 0.85766983
v -0.359312236 -0.49026379 0.882934153
v -0.359312326 -0.482960284 0.847946763
v -0.359312266 -0.602578282 0.848235846
v -0.359312326 -0.600441575 0.882267714
v -0.359312266 -0.627740681 0.863298655
v -0.359312266 -0.628044903 0.871313155
v -0.359312236 -0.457895607 0.882979572
v 0.360858262 -0.449209929 0.878531754
v -0.359312236 -0.449210048 0.878531694
v 0.360858262 -0.457895607 0.882979631
v 0.360858262 -0.49026373 0.882934391
v -0.359312236 -0.49026379 0.882934153
v 0.360858262 -0.600441456 0.882267892
v -0.359312326 -0.600441575 0.882267714
v 0.360858291 -0.628044784 0.871313334
v -0.359312266 -0.628044903 0.871313155
v 0.360858291 -0.627740622 0.863298714
v -0.359312266 -0.627740681 0.863298655
v 0.360858291 -0.602578163 0.848235965
v -0.359312266 -0.602578282 0.848235846
v 0.360858262 -0.482960165 0.847947061
v -0.359312326 -0.482960284 0.847946763
v 0.360858262 -0.456685662 0.857670069
v -0.359312236 -0.456685692 0.85766983
v -0.359312236 -0.448631644 0.864005804
v 0.360858262 -0.448631585 0.864005923
v 0.360858262 -0.457895607 0.882979631
v 0.360858262 -0.448631585 0.864005923
v 0.360858262 -0.449209929 0.878531754
v 0.360858262 -0.456685662 0.857670069
v 0.360858262 -0.49026373 0.882934391
v 0.360858262 -0.482960165 0.847947061
v 0.360858291 -0.602578163 0.848235965
v 0.360858262 -0.600441456 0.882267892
v 0.360858291 -0.627740622 0.863298714
v 0.360858291 -0.628044784 0.871313334
v -0.436501026 -0.478190631 0.859773159
v -0.421090871 -0.468408197 0.858100772
v -0.436501026 -0.468408197 0.858100772
v -0.421090871 -0.47819069 0.859773159
v -0.436501026 -0.484530121 0.852137446
v -0.421090871 -0.484530121 0.852137446
v -0.436501026 -0.481087148 0.842829406
v -0.421090871 -0.481087148 0.842829406
v -0.436501026 -0.471304685 0.841157138
v -0.421090871 -0.471304685 0.841157138
v -0.436501026 -0.464965194 0.848792851
v -0.421090871 -0.464965194 0.848792851
v -0.436501026 -0.468408197 0.858100772
v -0.421090871 -0.468408197 0.858100772
v -0.436501026 -0.484530121 0.852137446
v -0.436501026 -0.471304685 0.841157138
v -0.436501026 -0.481087148 0.842829406
v -0.436501026 -0.468408197 0.858100772
v -0.436501026 -0.478190631 0.859773159
v -0.436501026 -0.464965194 0.848792851
v -0.436501026 -0.602723479 0.880981982
v -0.421090871 -0.593185246 0.883723378
v -0.436501026 -0.593185246 0.883723378
v -0.421090871 -0.602723479 0.880981982
v -0.436500996 -0.605118513 0.871350944
v -0.421090841 -0.605118513 0.871350944
v -0.436500996 -0.597975314 0.864461243
v -0.421090841 -0.597975314 0.864461243
v -0.436501026 -0.58843708 0.86720264
v -0.421090871 -0.58843708 0.86720264
v -0.436501026 -0.586042047 0.876833677
v -0.421090871 -0.586042047 0.876833677
v -0.436501026 -0.593185246 0.883723378
v -0.421090871 -0.593185246 0.883723378
v -0.436500996 -0.605118513 0.871350944
v -0.436501026 -0.58843708 0.86720264
v -0.436500996 -0.597975314 0.864461243
v -0.436501026 -0.593185246 0.883723378
v -0.436501026 -0.602723479 0.880981982
v -0.436501026 -0.586042047 0.876833677
v -0.436500996 -0.442107677 0.749179602
v -0.421090841 -0.433554381 0.744146347
v -0.436500996 -0.433554322 0.744146347
v -0.421090841 -0.442107677 0.749179602
v -0.436500996 -0.450743258 0.744288743
v -0.421090841 -0.450743258 0.744288862
v -0.436500996 -0.450825483 0.734364748
v -0.421090841 -0.450825483 0.734364748
v -0.436500996 -0.442272127 0.729331553
v -0.421090841 -0.442272127 0.729331553
v -0.436500996 -0.433636576 0.734222293
v -0.421090841 -0.433636576 0.734222293
v -0.436500996 -0.433554322 0.744146347
v -0.421090841 -0.433554381 0.744146347
v -0.436500996 -0.450743258 0.744288743
v -0.436500996 -0.442272127 0.729331553
v -0.436500996 -0.450825483 0.734364748
v -0.436500996 -0.433554322 0.744146347
v -0.436500996 -0.442107677 0.749179602
v -0.436500996 -0.433636576 0.734222293
v 0.420181066 -0.468408078 0.85810101
v 0.435591221 -0.478190511 0.859773338
v 0.435591221 -0.468408078 0.85810101
v 0.420181066 -0.478190511 0.859773338
v 0.435591221 -0.484530032 0.852137566
v 0.420181066 -0.484530032 0.852137566
v 0.435591221 -0.481087029 0.842829645
v 0.420181066 -0.481087029 0.842829645
v 0.435591221 -0.471304536 0.841157258
v 0.420181066 -0.471304566 0.841157258
v 0.435591221 -0.464965075 0.84879303
v 0.420181066 -0.464965075 0.84879303
v 0.435591221 -0.468408078 0.85810101
v 0.420181066 -0.468408078 0.85810101
v 0.435591221 -0.468408078 0.85810101
v 0.435591221 -0.471304536 0.841157258
v 0.435591221 -0.464965075 0.84879303
v 0.435591221 -0.484530032 0.852137566
v 0.435591221 -0.478190511 0.859773338
v 0.435591221 -0.481087029 0.842829645
v 0.420181066 -0.593185127 0.883723557
v 0.435591221 -0.60272336 0.880982161
v 0.435591221 -0.593185127 0.883723497
v 0.420181066 -0.60272336 0.880982161
v 0.43559128 -0.605118394 0.871351123
v 0.420181125 -0.605118394 0.871351123
v 0.43559128 -0.597975194 0.864461482
v 0.420181125 -0.597975194 0.864461482
v 0.435591221 -0.588436961 0.867202878
v 0.420181066 -0.588436961 0.867202878
v 0.435591221 -0.586041927 0.876833856
v 0.420181066 -0.586041927 0.876833856
v 0.435591221 -0.593185127 0.883723497
v 0.420181066 -0.593185127 0.883723557
v 0.435591221 -0.593185127 0.883723497
v 0.435591221 -0.588436961 0.867202878
v 0.435591221 -0.586041927 0.876833856
v 0.43559128 -0.605118394 0.871351123
v 0.435591221 -0.60272336 0.880982161
v 0.43559128 -0.597975194 0.864461482
v 0.420181125 -0.433554232 0.744146585
v 0.43559128 -0.442107558 0.74917984
v 0.43559128 -0.433554232 0.744146585
v 0.420181125 -0.442107558 0.74917984
v 0.43559128 -0.450743139 0.744288981
v 0.420181125 -0.450743139 0.744288981
v 0.43559128 -0.450825363 0.734364986
v 0.420181125 -0.450825363 0.734364986
v 0.43559128 -0.442272037 0.729331732
v 0.420181125 -0.442272037 0.729331732
v 0.43559128 -0.433636457 0.734222531
v 0.420181125 -0.433636457 0.734222531
v 0.43559128 -0.433554232 0.744146585
v 0.420181125 -0.433554232 0.744146585
v 0.43559128 -0.433554232 0.744146585
v 0.43559128 -0.442272037 0.729331732
v 0.43559128 -0.433636457 0.734222531
v 0.43559128 -0.450743139 0.744288981
v 0.43559128 -0.442107558 0.74917984
v 0.43559128 -0.450825363 0.734364986
v -0.357017696 -0.630928814 0.901055217
v -0.357017696 -0.595165908 0.877593517
v -0.357017696 -0.595422506 0.90262562
v -0.357017666 -0.630626082 0.876995504
v -0.359308869 -0.595160663 0.875302076
v -0.359308839 -0.630597293 0.874704719
v -0.359308839 -0.632916987 0.87695682
v -0.357017696 -0.630928814 0.901055217
v -0.359308869 -0.633218944 0.900955021
v -0.386515468 -0.633218527 0.900955081
v -0.389355928 -0.63291806 0.876956165
v -0.387064815 -0.630597234 0.874704123
v -0.387064844 -0.595381737 0.8753016
v -0.359308958 -0.592871904 0.877632201
v -0.387064844 -0.593092859 0.877631664
v -0.359308869 -0.593150616 0.902728021
v -0.357017696 -0.595422506 0.90262562
v -0.387064934 -0.59311533 0.902727664
v -0.359308869 -0.595441759 0.904918194
v -0.38935405 -0.595403254 0.904902458
v -0.386500806 -0.630957425 0.903309464
v -0.359308869 -0.595441759 0.904918194
v -0.38935405 -0.595403254 0.904902458
v -0.359308869 -0.630958796 0.903347075
v -0.357017696 -0.595422506 0.90262562
v -0.357017696 -0.630928814 0.901055217
v -0.359308869 -0.633218944 0.900955021
v -0.386515468 -0.633218527 0.900955081
v -0.389356077 -0.632734299 0.863905787
v -0.387064815 -0.630597234 0.874704123
v -0.389355928 -0.63291806 0.876956165
v -0.387064874 -0.6304245 0.862618983
v -0.389356077 -0.63103193 0.86004585
v -0.389355987 -0.454010814 0.693698645
v -0.387064815 -0.451442719 0.694429398
v -0.389355987 -0.450050086 0.692151308
v -0.387064844 -0.595381737 0.8753016
v -0.387064695 -0.493697524 0.902693868
v -0.387064844 -0.593092859 0.877631664
v -0.387064934 -0.59311533 0.902727664
v -0.38935405 -0.595403254 0.904902458
v -0.389352292 -0.495232195 0.904853523
v -0.389355868 -0.491080344 0.903619111
v -0.389355987 -0.440763891 0.692238927
v -0.387064993 -0.441395968 0.865112543
v -0.389356107 -0.441262692 0.867821932
v -0.389356196 -0.438803822 0.864274204
v -0.387064725 -0.404780686 0.72834152
v -0.389355928 -0.402817994 0.729850471
v -0.389355928 -0.40386036 0.726038277
v -0.387064815 -0.439414561 0.694542885
v -0.389355987 -0.436833024 0.693860769
v 0.35610798 -0.595165789 0.877593756
v 0.35610798 -0.630928695 0.901055336
v 0.35610798 -0.595422387 0.902625799
v 0.35610801 -0.630625963 0.876995742
v 0.358399153 -0.595160544 0.875302255
v 0.358399153 -0.592871785 0.87763238
v 0.358399063 -0.593150496 0.90272826
v 0.35610798 -0.595422387 0.902625799
v 0.358399153 -0.595441639 0.904918373
v 0.386155128 -0.593115211 0.902727842
v 0.388444245 -0.595403194 0.904902697
v 0.386155039 -0.59309274 0.877631843
v 0.386155039 -0.595381618 0.875301719
v 0.386155069 -0.630597115 0.874704361
v 0.358399183 -0.630597115 0.874704957
v 0.388446271 -0.632917881 0.876956403
v 0.358399183 -0.632916868 0.876956999
v 0.35610798 -0.630928695 0.901055336
v 0.385605723 -0.633218408 0.900955319
v 0.358399153 -0.633218825 0.90095526
v 0.358399153 -0.595441639 0.904918373
v 0.38559109 -0.630957305 0.903309703
v 0.388444245 -0.595403194 0.904902697
v 0.358399153 -0.630958676 0.903347313
v 0.35610798 -0.595422387 0.902625799
v 0.35610798 -0.630928695 0.901055336
v 0.358399153 -0.633218825 0.90095526
v 0.385605723 -0.633218408 0.900955319
v 0.386155069 -0.630597115 0.874704361
v 0.388446331 -0.632734179 0.863905907
v 0.388446271 -0.632917881 0.876956403
v 0.386155248 -0.63042438 0.862619221
v 0.38844642 -0.631031811 0.860046089
v 0.388446331 -0.454010695 0.693698883
v 0.386155158 -0.451442599 0.694429636
v 0.388446331 -0.450049937 0.692151487
v 0.386155039 -0.595381618 0.875301719
v 0.386154979 -0.493697435 0.902694046
v 0.386155039 -0.59309274 0.877631843
v 0.386155128 -0.593115211 0.902727842
v 0.388444245 -0.595403194 0.904902697
v 0.388442487 -0.495232075 0.904853642
v 0.388446063 -0.491080225 0.903619289
v 0.388446331 -0.440763772 0.692239165
v 0.386155188 -0.441395879 0.865112722
v 0.388446391 -0.441262573 0.86782217
v 0.388446391 -0.438803703 0.864274323
v 0.386155069 -0.404780567 0.728341639
v 0.388446271 -0.402817875 0.72985059
v 0.388446271 -0.403860211 0.726038396
v 0.386155158 -0.439414382 0.694543064
v 0.388446331 -0.436832905 0.693861008
v -0.359312057 0.0174497291 0.260745257
v -0.359311938 -0.00907374639 0.22701408
v -0.356651932 -0.00851596054 0.231635511
v -0.359311998 0.0347227938 0.241839364
v -0.359312057 0.0820750147 0.305038989
v -0.359311849 -0.0137666631 0.188129693
v -0.359312057 -0.0215366669 0.81039542
v -0.359312207 -0.09823367 0.840007484
v -0.359312207 -0.0941246301 0.838657498
v -0.359312117 -0.0788428262 0.782315493
v -0.359312117 0.0338016562 0.769881666
v -0.359312057 -0.125028908 0.810861111
v -0.359312177 -0.163009107 0.857487619
v -0.359312177 -0.167246222 0.858341575
v -0.359312117 -0.171449631 0.831127822
v -0.359312087 -0.254375964 0.870105088
v -0.359312087 -0.258683115 0.870538175
v -0.359312207 -0.259856761 0.846826315
v -0.359312236 -0.366719842 0.877701521
v -0.359312266 -0.366227567 0.858305573
v -0.359312236 -0.449210048 0.878531694
v -0.359312236 -0.448631644 0.864005804
v -0.359312117 0.0368635245 0.76687485
v -0.359312087 0.0445072986 0.705403984
v -0.359312117 0.0338016562 0.769881666
v -0.359312087 0.0752682164 0.717236221
v -0.359312087 0.0894830376 0.687064052
v -0.359312087 0.0727723315 0.643853664
v -0.359312087 0.0752682164 0.717236221
v -0.359311998 0.10088864 0.655617118
v -0.359311998 0.110704161 0.614026725
v 0.360857993 0.00664920127 0.746441185
v 0.360858023 -0.0164094996 0.741553843
v 0.360858023 0.00165004074 0.742315948
v 0.360857993 -0.0350157991 0.747050822
v 0.360857993 -0.0547369421 0.758716583
v 0.360857993 -0.0788427368 0.782315552
v 0.360857993 0.0338017195 0.769881785
v 0.360858083 -0.0982336104 0.840007603
v 0.360857993 -0.125028834 0.81086129
v 0.360857993 -0.171449587 0.831128061
v 0.360857993 0.00664920127 0.746441185
v 0.360857993 0.0368635878 0.766874909
v 0.360857993 0.0338017195 0.769881785
v 0.360858023 0.0752682835 0.717236459
v 0.360858023 0.0445073657 0.705404162
v 0.360858023 0.0774180517 0.713520944
v 0.360858023 0.0752682835 0.717236459
v 0.360857964 0.100888699 0.655617297
v 0.360857964 0.0995666757 0.659727693
v 0.360858023 0.0894830972 0.687064171
v 0.360858023 0.0902832299 0.573680341
v 0.360858023 0.120627165 0.571980953
v 0.360858023 0.110704221 0.614026845
v 0.360858023 0.12138167 0.567722797
v 0.360858023 0.128983334 0.511219382
v 0.360858023 0.0983364359 0.508068442
v 0.360858023 0.128983334 0.511219382
v 0.360858023 0.0902832299 0.573680341
v 0.360858023 0.0970430225 0.442079574
v 0.360858113 0.0347228535 0.241839513
v 0.360858172 -0.00907366443 0.227014229
v 0.360858113 -0.0137666008 0.188129842
v 0.360858142 0.0174497906 0.260745436
v 0.360858083 0.0820751041 0.305039138
v 0.18022418 -0.0937009975 -0.278038234
v 0.17650716 -0.0646948442 -0.26680851
v 0.180224165 -0.0671852529 -0.263953269
v 0.18022415 -0.0538474135 -0.247231498
v -0.174900293 -0.093701072 -0.278038293
v -0.171188518 -0.064694874 -0.266808569
v -0.174900293 -0.0671852976 -0.263953179
v -0.174900323 -0.0538474768 -0.247231528
v 0.360858172 -0.0237181149 0.179909334
v 0.358198106 -0.013343093 0.0696380958
v 0.358198106 -0.0209866781 0.178980783
v 0.360858113 -0.0137666008 0.188129842
v 0.360858172 -0.0160198472 0.0697843656
v 0.358198106 -0.0154628819 0.0579210967
v 0.360858172 -0.0374379419 0.195215449
v 0.360858172 -0.00907366443 0.227014229
v 0.358198106 -0.00851589814 0.231635645
v 0.358198106 -0.0393968634 0.197015435
v 0.360858232 -0.148513004 0.077860713
v 0.358198225 -0.14669469 0.0836515054
v 0.360858172 -0.0180180054 0.0587397516
v 0.358198106 -0.0205385089 0.047171969
v 0.360858172 -0.0227945019 0.0486240909
v 0.358198225 -0.123350263 -0.0742292255
v 0.360858291 -0.125246078 -0.0723517835
v 0.360858291 -0.184286699 -0.0619016476
v 0.358198166 -0.134390935 -0.0837654695
v 0.360858113 -0.162110701 0.153755069
v 0.358198047 -0.159582198 0.154828012
v 0.358198106 -0.165901288 0.167477265
v 0.360858232 -0.135762036 -0.0814348012
v 0.360858232 -0.148998946 -0.08576864
v 0.358198166 -0.148661584 -0.0889924765
v 0.360858232 -0.233638048 0.0999182835
v 0.361014813 -0.167733282 0.165802985
v 0.360858172 -0.176531523 0.174054235
v 0.358198196 -0.174908951 0.176310956
v 0.360858232 -0.237044901 0.115724735
v 0.360858232 -0.163774282 -0.0835750774
v 0.358198166 -0.164776087 -0.0860977322
v 0.358198225 -0.177826881 -0.0775788724
v 0.360858232 -0.175869972 -0.0756796449
v 0.358198225 -0.186732605 -0.0630003959
v 0.358198166 -0.236196145 0.099187389
v 0.358198166 -0.239680365 0.115283966
v 0.358198166 -0.240424439 0.133699998
v 0.360858232 -0.237750813 0.133602887
v 0.358198166 -0.23782219 0.151717007
v 0.360858142 -0.235276118 0.150736749
v 0.358198106 -0.23261717 0.163310975
v 0.360858113 -0.230369106 0.161666945
v 0.360858172 -0.222266287 0.170100152
v 0.358198106 -0.224022284 0.172256336
v 0.358198106 -0.205810383 0.179693982
v 0.360858172 -0.205155164 0.177088261
v 0.358198196 -0.188186854 0.181551084
v 0.360858172 -0.188491479 0.178844213
v -0.356651932 -0.0209867395 0.178980634
v -0.359311938 -0.0237181783 0.179909185
v -0.359311849 -0.0137666631 0.188129693
v -0.356651932 -0.0133431554 0.0696380064
v -0.359311938 -0.00907374639 0.22701408
v -0.359311938 -0.0160199273 0.0697842613
v -0.356651932 -0.0154629443 0.057921011
v -0.359311938 -0.0374380015 0.195215315
v -0.356651932 -0.00851596054 0.231635511
v -0.356652021 -0.0393969268 0.197015315
v -0.359312057 -0.148513049 0.0778605863
v -0.356651992 -0.14669475 0.0836513713
v -0.359311938 -0.0180180669 0.0587396473
v -0.356652021 -0.0205385517 0.0471718833
v -0.359311998 -0.0227945633 0.0486239865
v -0.356651992 -0.0829756781 -0.0265545044
v -0.359311968 -0.0843899399 -0.0241084453
v -0.356651992 -0.123350359 -0.0742293298
v -0.359311968 -0.184286758 -0.0619018301
v -0.359311968 -0.125246152 -0.0723518878
v -0.356651902 -0.134390995 -0.0837655813
v -0.359311908 -0.135762125 -0.081434913
v -0.356651902 -0.149368629 -0.0881322622
v -0.359311938 -0.162110761 0.153754905
v -0.356651932 -0.159582242 0.154827863
v -0.356652021 -0.165901333 0.167477086
v -0.359311908 -0.149570078 -0.0854555666
v -0.359311908 -0.163774341 -0.0835751891
v -0.356651902 -0.164776146 -0.0860978514
v -0.356651902 -0.177826941 -0.0775790513
v -0.359311968 -0.175870016 -0.0756798312
v -0.356651992 -0.186732665 -0.0630005747
v -0.356651902 -0.236196205 0.0991872549
v -0.359311908 -0.233638108 0.0999181569
v -0.359311908 -0.23704496 0.115724578
v -0.356651902 -0.239680424 0.115283832
v -0.356651992 -0.240424499 0.133699849
v -0.359468639 -0.167733327 0.165802881
v -0.359312087 -0.176531583 0.174054101
v -0.356652021 -0.174909011 0.176310778
v -0.359311908 -0.237750873 0.133602768
v -0.356651843 -0.237822235 0.151716858
v -0.359311908 -0.235276178 0.1507366
v -0.356651932 -0.232617214 0.163310856
v -0.359312087 -0.188491538 0.178844109
v -0.356652021 -0.188186914 0.18155098
v -0.359311938 -0.230369136 0.161666811
v -0.359311938 -0.205155209 0.177088127
v -0.356651932 -0.205810472 0.179693848
v -0.359311938 -0.222266346 0.170100018
v -0.356651932 -0.224022344 0.172256202
v 0.181728035 0.122137621 0.09178368
v 0.181727275 0.13487795 0.0620723218
v 0.181718364 0.121827103 0.0580379367
v 0.181740835 0.146910116 0.0684693828
v 0.181715801 0.108138599 0.0888786167
v 0.181714833 0.108228318 0.0565394089
v 0.181716725 0.0945228711 0.0574037842
v 0.181760535 0.134088144 0.10004922
v 0.181760117 0.157297835 0.0775843114
v 0.181782782 0.165964529 0.0881426483
v 0.181727305 0.0941241607 0.0917062834
v 0.181726396 0.0815489367 0.0619246773
v 0.181739867 0.069347702 0.0684058815
v 0.181809574 0.142144784 0.112530105
v 0.18180944 0.17211473 0.100547776
v 0.18183732 0.176168531 0.113620348
v 0.181759104 0.0821287706 0.0999047533
v 0.181758508 0.0590432882 0.0773119032
v 0.181781247 0.0502229445 0.0879700705
v 0.181866869 0.14496538 0.127344295
v 0.181866914 0.177235425 0.127442345
v 0.181896403 0.176122457 0.141086295
v 0.181807786 0.0740046799 0.112340435
v 0.181807458 0.0441008136 0.100194097
v 0.181835726 0.0399461538 0.113415211
v 0.181924656 0.1420656 0.142142251
v 0.181924954 0.171965495 0.154306382
v 0.181950971 0.165837869 0.166524082
v 0.181865081 0.0711029172 0.127139002
v 0.181864873 0.0388330221 0.127058968
v 0.181894377 0.0398997664 0.140880242
v 0.181972787 0.133944258 0.154581994
v 0.181973398 0.157021657 0.177186504
v 0.181992069 0.146731272 0.186132431
v 0.181922197 0.0739206076 0.141953304
v 0.181922317 0.0439537168 0.153951988
v 0.181949005 0.0501045361 0.166356966
v 0.182004601 0.121947646 0.162785769
v 0.182005465 0.134516612 0.192571223
v 0.182014525 0.12158449 0.196813613
v 0.181971177 0.08197359 0.154437929
v 0.181971639 0.0587719865 0.176914796
v 0.181990921 0.0691597089 0.186027929
v 0.182016045 0.107928485 0.165616736
v 0.182016999 0.107839219 0.197956085
v 0.182014138 0.094283767 0.196778789
v 0.182003722 0.0939245746 0.16270797
v 0.182004511 0.0811912715 0.192423552
v 0.194488615 0.168941051 0.153077289
v 0.19125697 0.176122457 0.14108637
v 0.191285536 0.171965346 0.154306456
v 0.191311553 0.16583772 0.166524097
v 0.194460481 0.172909707 0.140457854
v 0.194431454 0.173972636 0.127433732
v 0.191227496 0.177235574 0.127442449
v 0.191197902 0.17616868 0.113620438
v 0.19451423 0.163096026 0.164730743
v 0.194485933 0.15831849 0.148848429
v 0.194536358 0.1546866 0.174900621
v 0.191333979 0.157021493 0.177186444
v 0.191352636 0.146731123 0.186132312
v 0.194402307 0.172954276 0.114239529
v 0.194431305 0.162525803 0.12739706
v 0.194459051 0.161637276 0.13829194
v 0.19437483 0.16908434 0.101760641
v 0.191170022 0.17211473 0.100547835
v 0.191143349 0.165964529 0.0881426483
v 0.194510341 0.153454602 0.158547387
v 0.1945315 0.146456316 0.167011797
v 0.194554746 0.144882068 0.183423668
v 0.200656489 0.153218403 0.14667891
v 0.194567949 0.133244336 0.18955797
v 0.191366017 0.134516463 0.192570999
v 0.191375092 0.121584333 0.19681333
v 0.194348559 0.163218245 0.0899277404
v 0.194326207 0.154951796 0.0798562914
v 0.191120684 0.157297984 0.0775842518
v 0.191101387 0.146910265 0.0684692115
v 0.194377139 0.158436745 0.105921619
v 0.194403455 0.161673903 0.116360083
v 0.200601801 0.157003492 0.12737973
v 0.200629577 0.156204239 0.13718155
v 0.194307223 0.145054638 0.0711712912
v 0.194330648 0.146674052 0.0876931474
v 0.194352031 0.153554246 0.0960743204
v 0.20054765 0.153325051 0.108058877
v 0.200573951 0.1562372 0.117450073
v 0.200601786 0.14080064 0.127334699
v 0.200656474 0.138270736 0.140233919
v 0.200547636 0.138341993 0.114420958
v 0.200680897 0.148844615 0.155400708
v 0.200701997 0.131138012 0.151156008
v 0.200522557 0.148934335 0.0992037058
v 0.200501114 0.131268784 0.103459731
v 0.200701982 0.142551586 0.163012296
v 0.200501189 0.142747208 0.0916669518
v 0.200719446 0.135273755 0.169339582
v 0.200732157 0.120487384 0.158437371
v 0.194549009 0.138357714 0.174052849
v 0.200483218 0.135400712 0.0852210149
v 0.200470448 0.120658584 0.0961191654
v 0.194312632 0.138498709 0.0805200115
v 0.200732067 0.126635 0.173893645
v 0.194561645 0.128744364 0.17912069
v 0.200470597 0.126891345 0.0806971267
v 0.194299936 0.129029408 0.0754858106
v 0.200740606 0.117550679 0.176874027
v 0.200743139 0.107940689 0.160970151
v 0.194576889 0.120933242 0.193596363
v 0.194570214 0.118630081 0.182438985
v 0.200462297 0.117724165 0.077863507
v 0.200458884 0.108126082 0.0935174078
v 0.200743005 0.107895069 0.177676708
v 0.194579348 0.107848071 0.194683835
v 0.19137758 0.107839219 0.197955772
v 0.191374704 0.094283767 0.196778491
v 0.194572613 0.107879654 0.183332667
v 0.194291621 0.118822798 0.0723309442
v 0.200459033 0.108172014 0.0768110156
v 0.200740367 0.098372668 0.176849574
v 0.200731486 0.0954081863 0.158367917
v 0.194576547 0.0949437097 0.193563178
v 0.19456999 0.0972776935 0.18241176
v 0.200731426 0.0891755819 0.173789904
v 0.194567069 0.0824800283 0.189417377
v 0.191365063 0.0811914206 0.192423344
v 0.191351503 0.0691597164 0.186027795
v 0.19456102 0.0870378315 0.179005176
v 0.200718805 0.0806662142 0.169266313
v 0.200700834 0.0847979933 0.151027799
v 0.194553718 0.071016714 0.183324173
v 0.194548339 0.077568531 0.173971266
v 0.200700834 0.0733195692 0.162820756
v 0.194534719 0.0611195564 0.174641922
v 0.191332221 0.058772143 0.176914766
v 0.191309586 0.0501046926 0.166356981
v 0.194530323 0.0693931729 0.166798547
v 0.200679481 0.0671325848 0.155283704
v 0.200654343 0.0777247772 0.140066117
v 0.194512397 0.0528520383 0.164571717
v 0.19450897 0.0625129864 0.158417091
v 0.200654402 0.0627421737 0.146428138
v 0.194486141 0.0469845757 0.152739629
v 0.191282898 0.0439537242 0.153952077
v 0.191254959 0.0398996137 0.140880331
v 0.194483861 0.0576304793 0.14856936
v 0.200628027 0.0598301888 0.137037247
v 0.200600222 0.0752665848 0.127152875
v 0.194458589 0.0431143381 0.140261769
v 0.194457501 0.0543937869 0.138131261
v 0.200600237 0.0590641946 0.127107993
v 0.194429502 0.0420956612 0.127068356
v 0.191225454 0.0388328694 0.127059072
v 0.191196308 0.0399461538 0.113415286
v 0.194429711 0.0535423458 0.127094716
v 0.200572804 0.0598639101 0.117306165
v 0.20054619 0.0777960345 0.114253148
v 0.194400802 0.0431582816 0.114044271
v 0.194402292 0.054431323 0.116199844
v 0.20054616 0.0628486797 0.107808061
v 0.194372937 0.0471243449 0.101423554
v 0.19116804 0.0441008173 0.100194156
v 0.191141814 0.0502229482 0.0879700705
v 0.194375649 0.0577488877 0.105642535
v 0.200521529 0.0672191009 0.099082455
v 0.200500026 0.0849287584 0.103331074
v 0.194347113 0.0529637337 0.0897634178
v 0.194350988 0.0626089647 0.0959393159
v 0.200500071 0.0735154897 0.0914747119
v 0.194324702 0.0613766648 0.0795967951
v 0.191119075 0.0590429865 0.0773118511
v 0.191100433 0.069347553 0.0684057325
v 0.19432953 0.0696110725 0.0874791816
v 0.200482637 0.0808030888 0.0851766318
v 0.200469866 0.0955793932 0.0960496962
v 0.194306314 0.0711944774 0.0711109266
v 0.194312036 0.077720657 0.0804706067
v 0.200469986 0.0894319341 0.0805933625
v 0.194293052 0.0828195363 0.0649353713
v 0.191086978 0.0815487877 0.0619244464
v 0.191077292 0.0945227221 0.0574034788
v 0.194299355 0.087322861 0.0753702819
v 0.200460881 0.0985449404 0.0774180889
v 0.194290236 0.0974691957 0.071834974
v 0.194283515 0.0951710716 0.0606310554
v 0.194288358 0.108187728 0.0711591244
v 0.194281653 0.108219162 0.0598080158
v 0.1910754 0.108228318 0.0565390661
v 0.191078946 0.12182726 0.0580376498
v 0.194285125 0.12116579 0.0612348057
v 0.194293872 0.133590564 0.065075919
v 0.191087857 0.134878099 0.0620720945
v -0.18183057 0.122137584 0.0917836055
v -0.181820899 0.121827066 0.0580378808
v -0.18182981 0.134877905 0.0620722473
v -0.18184337 0.146910071 0.0684693009
v -0.181818351 0.108138561 0.0888785273
v -0.181817368 0.108228281 0.0565393157
v -0.18181926 0.0945228338 0.057403706
v -0.18186307 0.134088114 0.100049138
v -0.181862652 0.157297805 0.0775842369
v -0.181885317 0.165964484 0.0881425738
v -0.181829855 0.0941241235 0.0917062089
v -0.181828931 0.0815488994 0.0619245991
v -0.181842402 0.0693476722 0.068405807
v -0.181912109 0.142144755 0.11253003
v -0.181911975 0.1721147 0.100547686
v -0.1819399 0.176168501 0.113620266
v -0.181861639 0.0821287334 0.0999046788
v -0.181861058 0.0590432584 0.0773118287
v -0.181883782 0.0502229147 0.0879699811
v -0.181969449 0.144965336 0.127344221
v -0.181969479 0.177235395 0.127442271
v -0.181998968 0.176122412 0.141086221
v -0.181910321 0.0740046501 0.112340361
v -0.181909993 0.0441007838 0.100194007
v -0.181938261 0.0399461202 0.113415115
v -0.182027236 0.142065555 0.142142162
v -0.182027534 0.171965465 0.154306307
v -0.182053536 0.165837839 0.166524008
v -0.181967616 0.0711028874 0.127138928
v -0.181967407 0.0388329886 0.127058893
v -0.181996912 0.0398997329 0.140880167
v -0.182075366 0.133944228 0.154581919
v -0.182075977 0.157021612 0.17718643
v -0.182094648 0.146731243 0.186132371
v -0.182024747 0.0739205778 0.141953215
v -0.182024851 0.0439536907 0.153951913
v -0.182051539 0.0501045063 0.166356891
v -0.18210718 0.121947609 0.162785724
v -0.18210803 0.134516582 0.192571163
v -0.18211709 0.121584453 0.196813554
v -0.182073727 0.0819735527 0.15443784
v -0.182074219 0.0587719567 0.176914752
v -0.182093501 0.0691596791 0.18602787
v -0.182118624 0.107928447 0.165616676
v -0.182119578 0.107839182 0.197956026
v -0.182116717 0.0942837298 0.19677873
v -0.182106301 0.0939245373 0.162707895
v -0.182107076 0.0811912343 0.192423493
v -0.19135955 0.176122412 0.141086295
v -0.194591194 0.168941021 0.153077215
v -0.1913881 0.171965316 0.154306382
v -0.191414118 0.16583769 0.166524008
v -0.194563061 0.172909677 0.140457764
v -0.194534034 0.173972607 0.127433643
v -0.19133006 0.177235544 0.12744236
v -0.191300482 0.17616865 0.113620348
v -0.194616809 0.163095981 0.164730638
v -0.194588497 0.15831846 0.148848355
v -0.194638938 0.154686555 0.174900532
v -0.191436559 0.157021463 0.177186355
v -0.1914552 0.146731094 0.186132222
v -0.194504887 0.172954232 0.114239454
v -0.194533885 0.162525758 0.127396986
v -0.19456163 0.161637247 0.138291866
v -0.194477364 0.169084296 0.101760544
v -0.191272557 0.1721147 0.100547761
v -0.191245899 0.165964484 0.0881425738
v -0.19461292 0.153454572 0.158547297
v -0.194634065 0.146456271 0.167011708
v -0.194657326 0.144882023 0.183423579
v -0.200759068 0.153218359 0.146678835
v -0.194670513 0.133244306 0.189557865
v -0.191468596 0.134516433 0.19257091
v -0.191477671 0.121584296 0.196813241
v -0.194451094 0.163218215 0.0899276435
v -0.194479674 0.158436716 0.105921522
v -0.194428742 0.154951766 0.0798561946
v -0.191223219 0.157297954 0.0775841773
v -0.191203937 0.14691022 0.0684691295
v -0.194506034 0.161673874 0.116360001
v -0.200704381 0.157003462 0.127379656
v -0.200732157 0.156204194 0.137181461
v -0.194454566 0.153554201 0.0960742459
v -0.194433182 0.146674022 0.0876930729
v -0.194409773 0.145054609 0.0711711943
v -0.200650185 0.153325021 0.108058803
v -0.200676531 0.156237155 0.117449999
v -0.200704366 0.14080061 0.127334595
v -0.200759038 0.138270706 0.140233845
v -0.20065017 0.138341963 0.114420876
v -0.200783476 0.148844585 0.155400619
v -0.200804576 0.131137982 0.151155919
v -0.200625092 0.148934305 0.0992036313
v -0.200603649 0.13126874 0.103459649
v -0.200804546 0.142551556 0.163012192
v -0.200603724 0.142747164 0.0916668773
v -0.200822026 0.135273725 0.169339478
v -0.200834721 0.120487347 0.158437297
v -0.194651574 0.138357669 0.174052745
v -0.200585768 0.135400668 0.0852209181
v -0.200572982 0.120658547 0.0961190835
v -0.194415167 0.138498664 0.0805199295
v -0.200834647 0.126634955 0.173893541
v -0.194664225 0.128744334 0.17912057
v -0.200573131 0.1268913 0.0806970447
v -0.194402486 0.129029363 0.0754857361
v -0.20084317 0.117550634 0.176873907
v -0.200845718 0.107940651 0.160970062
v -0.194679469 0.120933205 0.193596259
v -0.194672793 0.118630044 0.18243888
v -0.200564831 0.117724128 0.0778634325
v -0.200561419 0.108126044 0.0935173333
v -0.200845584 0.107895032 0.177676603
v -0.194681928 0.107848033 0.194683746
v -0.19148016 0.107839182 0.197955683
v -0.191477269 0.0942837298 0.196778387
v -0.194675192 0.107879616 0.183332548
v -0.194394171 0.118822761 0.0723308623
v -0.200561583 0.108171977 0.0768109411
v -0.200842947 0.0983726308 0.17684947
v -0.200834066 0.0954081491 0.158367828
v -0.194679126 0.0949436724 0.193563074
v -0.194672555 0.0972776562 0.182411671
v -0.200834006 0.0891755447 0.173789799
v -0.194669649 0.082479991 0.189417288
v -0.191467643 0.0811913833 0.192423239
v -0.191454083 0.0691596791 0.186027721
v -0.194663599 0.0870377868 0.179005086
v -0.20082137 0.080666177 0.169266224
v -0.200803369 0.084797956 0.151027724
v -0.194656298 0.0710166693 0.183324084
v -0.194650918 0.0775684938 0.173971176
v -0.200803369 0.073319532 0.162820667
v -0.194637299 0.0611195154 0.174641818
v -0.191434801 0.0587721057 0.176914692
v -0.191412121 0.0501046553 0.166356891
v -0.194632873 0.0693931356 0.166798472
v -0.200782031 0.0671325475 0.15528363
v -0.200756893 0.0777247399 0.140066043
v -0.194614947 0.052852001 0.164571628
v -0.194611505 0.0625129491 0.158417001
v -0.200756952 0.0627421364 0.146428064
v -0.194588676 0.0469845384 0.152739525
v -0.191385433 0.0439536832 0.153951973
v -0.191357493 0.0398995802 0.140880242
v -0.194586411 0.0576304421 0.148569286
v -0.200730562 0.0598301478 0.137037173
v -0.200702757 0.0752665475 0.127152786
v -0.194561139 0.0431142971 0.140261695
v -0.194560051 0.0543937497 0.138131171
v -0.200702772 0.0590641573 0.127107918
v -0.194532052 0.0420956239 0.127068281
v -0.191327989 0.0388328359 0.127058968
v -0.191298842 0.0399461202 0.113415211
v -0.19453226 0.0535423085 0.127094641
v -0.200675353 0.0598638728 0.117306083
v -0.200648725 0.0777959973 0.114253066
v -0.194503337 0.0431582443 0.114044175
v -0.194504827 0.0544312857 0.116199747
v -0.20064871 0.0628486425 0.107807964
v -0.194475472 0.0471243076 0.101423465
v -0.191270575 0.0441007838 0.100194082
v -0.191244349 0.0502229147 0.087969996
v -0.194478184 0.0577488504 0.10564246
v -0.200624064 0.0672190636 0.0990823805
v -0.200602561 0.0849287212 0.103331
v -0.194449648 0.0529636927 0.089763321
v -0.194453523 0.0626089275 0.0959392413
v -0.200602606 0.0735154524 0.091474615
v -0.194427237 0.0613766275 0.0795966983
v -0.19122161 0.059042953 0.0773117542
v -0.191202983 0.0693475157 0.068405658
v -0.194432065 0.0696110353 0.0874790847
v -0.200585172 0.0808030516 0.085176535
v -0.200572416 0.095579356 0.0960495993
v -0.194408849 0.0711944401 0.0711108446
v -0.194414571 0.0777206197 0.0804705098
v -0.20057252 0.0894318968 0.080593273
v -0.194395602 0.0828194991 0.0649352744
v -0.191189513 0.0815487429 0.0619243719
v -0.191179827 0.0945226848 0.0574034005
v -0.19440189 0.0873228237 0.0753702074
v -0.200563431 0.0985449031 0.0774179921
v -0.194392771 0.0974691585 0.0718348995
v -0.194386065 0.0951710269 0.0606309772
v -0.194390908 0.10818769 0.0711590275
v -0.194384187 0.108219124 0.0598079376
v -0.191177934 0.108228281 0.0565389916
v -0.191181481 0.121827215 0.0580375753
v -0.194387659 0.121165752 0.0612347126
v -0.194396421 0.133590519 0.0650758222
v -0.191190392 0.134878054 0.06207202
v 0.325891763 -0.80579704 0.864804685
v 0.323774993 -0.800557613 0.85628736
v 0.327300608 -0.798027575 0.856519997
v 0.323697418 -0.797618091 0.855365992
v 0.290673018 -0.797618091 0.855365992
v 0.323140323 -0.808086753 0.864152431
v 0.322806686 -0.806101918 0.866163671
v 0.291563779 -0.806101918 0.866163671
v 0.291230142 -0.808086753 0.864152431
v 0.288478702 -0.80579704 0.864804685
v 0.290595502 -0.800557613 0.85628736
v 0.287069857 -0.798027575 0.856519997
v 0.321320027 -0.488894045 0.850099921
v 0.318498045 -0.489096284 0.884618461
v 0.321328014 -0.491733551 0.885806561
v 0.318405271 -0.491733551 0.888732255
v 0.317086756 -0.488991529 0.886038482
v 0.295965135 -0.491733551 0.888732255
v 0.297283709 -0.488991529 0.886038482
v 0.29587239 -0.489096284 0.884618461
v 0.293042421 -0.491733551 0.885806561
v 0.293050408 -0.488894045 0.850099921
v 0.29587236 -0.486434877 0.851572454
v 0.297297388 -0.486540198 0.850111544
v 0.295972466 -0.488894105 0.84711957
v 0.317073077 -0.486540198 0.850111544
v 0.318397999 -0.488894105 0.84711957
v 0.318498105 -0.486434877 0.851572454
v 0.169754326 -0.80579704 0.864804566
v 0.167637557 -0.800557613 0.856287301
v 0.171163186 -0.798027575 0.856519997
v 0.167559996 -0.797618091 0.855365992
v 0.134535611 -0.797618091 0.855365992
v 0.167002901 -0.808086753 0.864152372
v 0.166669264 -0.806101918 0.866163611
v 0.135426342 -0.806101918 0.866163611
v 0.135092705 -0.808086753 0.864152372
v 0.132341281 -0.80579704 0.864804566
v 0.13445805 -0.800557613 0.856287301
v 0.13093242 -0.798027575 0.856519997
v 0.16518262 -0.488894045 0.850099862
v 0.162360623 -0.489096284 0.884618461
v 0.165190578 -0.491733551 0.885806561
v 0.162267849 -0.491733581 0.888732255
v 0.16094932 -0.488991588 0.886038423
v 0.139827728 -0.491733581 0.888732255
v 0.141146272 -0.488991588 0.886038423
v 0.139734969 -0.489096284 0.884618461
v 0.136905015 -0.491733551 0.885806561
v 0.136912972 -0.488894045 0.850099862
v 0.139734909 -0.486434877 0.851572394
v 0.141159967 -0.486540258 0.850111544
v 0.139835045 -0.488894135 0.84711957
v 0.16093564 -0.486540258 0.850111544
v 0.162260562 -0.488894135 0.84711957
v 0.162360683 -0.486434877 0.851572394
v 0.0136169298 -0.80579704 0.864804566
v 0.0115001556 -0.800557613 0.856287301
v 0.0150257787 -0.798027575 0.856519997
v 0.0114226025 -0.797618091 0.855365992
v -0.0216017999 -0.797618091 0.855365872
v 0.0108655021 -0.808086753 0.864152372
v 0.0105318688 -0.806101918 0.866163611
v -0.0207110662 -0.806101978 0.866163611
v -0.0210446995 -0.808086753 0.864152372
v -0.0237961281 -0.80579704 0.864804566
v -0.021679353 -0.800557613 0.856287301
v -0.025204977 -0.798027575 0.856519938
v 0.00904521998 -0.488894045 0.850099862
v 0.00622322783 -0.489096284 0.884618461
v 0.0090531772 -0.491733551 0.885806561
v 0.00613045506 -0.491733581 0.888732255
v 0.00481191697 -0.488991588 0.886038423
v -0.0163096692 -0.491733581 0.888732195
v -0.0149911316 -0.488991588 0.886038423
v -0.016402442 -0.489096314 0.884618342
v -0.0192323923 -0.491733581 0.885806501
v -0.0192244314 -0.488894075 0.850099862
v -0.0164024886 -0.486434937 0.851572394
v -0.0149774468 -0.486540258 0.850111425
v -0.0163023565 -0.488894135 0.84711951
v 0.00479823351 -0.486540258 0.850111544
v 0.00612314697 -0.488894135 0.84711957
v 0.00622327672 -0.486434877 0.851572394
v -0.142007336 -0.806058586 0.865780532
v -0.14412412 -0.800819159 0.857263267
v -0.140598491 -0.79828912 0.857495844
v -0.144201666 -0.797879636 0.856341839
v -0.177226067 -0.797879636 0.856341839
v -0.144758776 -0.808348298 0.865128279
v -0.145092413 -0.806363523 0.867139578
v -0.176335335 -0.806363523 0.867139578
v -0.176668957 -0.808348298 0.865128279
v -0.179420397 -0.806058586 0.865780532
v -0.177303612 -0.800819159 0.857263267
v -0.180829257 -0.79828912 0.857495844
v -0.146579057 -0.48915562 0.851075828
v -0.149401039 -0.489357859 0.885594308
v -0.146571085 -0.491995126 0.886782408
v -0.149493814 -0.491995126 0.889708161
v -0.150812358 -0.489253104 0.887014389
v -0.171933949 -0.491995126 0.889708161
v -0.170615405 -0.489253104 0.887014389
v -0.172026724 -0.489357859 0.885594308
v -0.174856678 -0.491995126 0.886782408
v -0.174848691 -0.48915562 0.851075828
v -0.172026739 -0.486696452 0.852548361
v -0.170601711 -0.486801773 0.851087391
v -0.171926633 -0.48915568 0.848095477
v -0.150826037 -0.486801773 0.851087391
v -0.14950113 -0.48915568 0.848095477
v -0.149400994 -0.486696452 0.852548361
v -0.299048394 -0.806058586 0.865780473
v -0.301165164 -0.800819159 0.857263148
v -0.297639549 -0.79828912 0.857495844
v -0.301242739 -0.797879636 0.856341839
v -0.33426711 -0.797879636 0.856341839
v -0.301799834 -0.808348298 0.865128219
v -0.302133471 -0.806363523 0.867139518
v -0.333376378 -0.806363523 0.867139518
v -0.333710015 -0.808348298 0.865128219
v -0.336461455 -0.806058586 0.865780473
v -0.334344655 -0.800819159 0.857263148
v -0.3378703 -0.79828912 0.857495844
v -0.3036201 -0.48915562 0.851075709
v -0.306442112 -0.489357859 0.885594308
v -0.303612143 -0.491995126 0.886782408
v -0.306534886 -0.491995156 0.889708161
v -0.307853401 -0.489253134 0.88701427
v -0.328974992 -0.491995156 0.889708161
v -0.327656478 -0.489253134 0.88701427
v -0.329067767 -0.489357859 0.885594308
v -0.331897736 -0.491995126 0.886782408
v -0.331889749 -0.48915562 0.851075709
v -0.329067826 -0.486696452 0.852548301
v -0.327642769 -0.486801833 0.851087391
v -0.32896769 -0.48915571 0.848095477
v -0.30786708 -0.486801833 0.851087391
v -0.306542158 -0.48915571 0.848095477
v -0.306442052 -0.486696452 0.852548301
v 0.360199869 -0.502760828 0.698682606
v 0.390209347 -0.551531255 0.767469466
v 0.360199958 -0.551531255 0.767469466
v 0.360200047 -0.584834635 0.814441383
v 0.400377899 -0.502760887 0.698682547
v 0.360199839 -0.465006709 0.638066649
v 0.383265615 -0.584834635 0.814441383
v 0.382884651 -0.594065428 0.831697583
v 0.360200047 -0.594066441 0.831697345
v 0.36019972 -0.596993804 0.85172981
v 0.382884979 -0.597055852 0.851994455
v 0.360199988 -0.593186617 0.868405223
v 0.38738662 -0.589605272 0.832312167
v 0.387334764 -0.580938756 0.81609565
v 0.392702907 -0.564495027 0.793653011
v 0.395407051 -0.548206985 0.76939863
v 0.403186291 -0.501349986 0.699624777
v 0.40302971 -0.465060174 0.63814342
v 0.382884622 -0.593186617 0.868405223
v 0.360199988 -0.580689847 0.880884767
v 0.382884622 -0.580672681 0.880882919
v 0.360199988 -0.562454462 0.884827793
v 0.38738659 -0.588840127 0.86660701
v 0.382884622 -0.562454402 0.884827852
v 0.360200077 -0.473898917 0.893029988
v 0.38738662 -0.592532396 0.852163613
v 0.38738659 -0.578077018 0.876942635
v 0.382884711 -0.473898947 0.893029988
v 0.360200077 -0.383621156 0.895739496
v 0.38738659 -0.561743557 0.880348265
v 0.38738665 -0.473739564 0.88853085
v 0.382884741 -0.383621216 0.895739853
v 0.360200077 -0.299494684 0.891632974
v 0.387386709 -0.38371104 0.891232669
v 0.382884741 -0.299494684 0.891633153
v 0.360200107 -0.215915769 0.882744074
v 0.392892569 -0.536165476 0.777462423
v 0.387386709 -0.299952 0.887150526
v 0.382898808 -0.215915784 0.882744074
v 0.395535797 -0.543530583 0.772357464
v 0.382884741 -0.14001359 0.866634607
v 0.360200107 -0.140013531 0.866634786
v 0.360200197 -0.0567375235 0.837500751
v 0.382725298 -0.0567376539 0.837500751
v 0.360200107 0.0311165545 0.784563959
v 0.387387007 -0.141275972 0.862311363
v 0.387400806 -0.216780618 0.878318489
v 0.38738665 -0.47013697 0.723794162
v 0.38773632 -0.419608146 0.670912027
v 0.387228847 -0.0589027256 0.833514333
v 0.382831097 0.0311164428 0.784563959
v 0.401338339 -0.481088489 0.713782966
v 0.404027402 -0.432287514 0.663095295
v 0.382876247 0.0912858918 0.71366477
v 0.360200107 0.0912859216 0.713664711
v 0.382884651 0.130366325 0.623517513
v 0.360200047 0.13036631 0.623517454
v 0.360199958 0.146593273 0.538888872
v 0.387203664 0.0871727765 0.71172291
v 0.386404067 0.0278750174 0.781385779
v 0.387386441 -0.374916941 0.618742228
v 0.405115753 -0.386832148 0.610097408
v 0.387306005 -0.326469213 0.550833821
v 0.406248838 -0.434982926 0.6608091
v 0.382884562 0.146593288 0.538888931
v 0.360199958 0.142999604 0.451555014
v 0.387386918 0.125986859 0.622396588
v 0.382884502 0.142999575 0.451555133
v 0.360199988 0.127064884 0.362335324
v 0.38737902 -0.279969513 0.474681586
v 0.38738662 0.142086789 0.538557291
v 0.382884502 0.127064928 0.362335593
v 0.360199869 0.0804078579 0.268812358
v 0.387898356 -0.239547759 0.398717403
v 0.405116111 -0.292657018 0.46717158
v 0.38738957 0.138502121 0.45193857
v 0.388242573 -0.206642941 0.327552497
v 0.382884502 0.0804078653 0.268812358
v 0.360199839 0.0298724286 0.20361568
v 0.382884443 0.0298724305 0.20361568
v 0.360199809 -0.0282924529 0.141522288
v 0.387386471 0.0764380544 0.271006227
v 0.387389749 0.122701682 0.36356467
v 0.387386352 -0.14235805 0.174601033
v 0.388194025 -0.174813882 0.25331372
v 0.405121207 -0.25018847 0.390456229
v 0.382884473 -0.0282924511 0.141522288
v 0.36019969 -0.105743356 0.0675006583
v 0.387386382 0.0263408609 0.20642437
v 0.405126929 -0.215810925 0.318288952
v 0.382884324 -0.105743326 0.0675006658
v 0.36019972 -0.0896630362 -0.0137642883
v 0.387386382 -0.0315309577 0.144654557
v 0.405127525 -0.184468746 0.244489744
v 0.387386262 -0.107348002 0.0721944198
v 0.405062288 -0.121524006 0.0676641464
v 0.404781789 -0.100385435 -0.0156527869
v 0.405113548 -0.15613696 0.169465005
v 0.404568404 -0.0968086049 -0.0375760011
v 0.36019972 -0.0881898031 -0.0361074284
v 0.36019966 -0.0942274332 -0.0601772927
v 0.404265344 -0.09920156 -0.0608271174
v 0.3601996 -0.105147295 -0.0755287036
v 0.407356948 -0.124890022 0.0668276474
v 0.407196939 -0.0995632708 -0.0378403589
v 0.404147714 -0.108231008 -0.075742349
v 0.3601996 -0.120648757 -0.0894892663
v 0.407298386 -0.103299975 -0.0162540954
v 0.408569783 -0.128526747 0.0655539557
v 0.407396466 -0.159451723 0.168406621
v 0.407052338 -0.10140375 -0.0603909418
v 0.408569753 -0.103352144 -0.0381617881
v 0.408569753 -0.107158698 -0.0170708988
v 0.404078752 -0.12064869 -0.089489229
v 0.3601996 -0.138922513 -0.0973058492
v 0.406958222 -0.109913178 -0.0747925341
v 0.404078752 -0.138922498 -0.0973058492
v 0.3601996 -0.161639929 -0.0998070687
v 0.408569753 -0.10488975 -0.0596382283
v 0.406894535 -0.121636443 -0.0881510302
v 0.408569753 -0.112696342 -0.0731491968
v 0.404078752 -0.161639929 -0.0998070687
v 0.3601996 -0.182285681 -0.0916390419
v 0.404078752 -0.182285681 -0.0916390419
v 0.3601996 -0.198603123 -0.0712618455
v 0.40689531 -0.161417753 -0.0981531292
v 0.406889856 -0.139337078 -0.0957279354
v 0.408569753 -0.123395629 -0.0857677236
v 0.408569753 -0.140079007 -0.0929040313
v 0.404078752 -0.198603123 -0.0712618381
v 0.3601996 -0.20974043 -0.0398774929
v 0.408569753 -0.16102238 -0.095209904
v 0.406896532 -0.18128933 -0.09029001
v 0.408569753 -0.179518431 -0.0878923237
v 0.40689075 -0.197172433 -0.0704651028
v 0.408569753 -0.194614351 -0.0690405816
v 0.404078752 -0.209740445 -0.0398774482
v 0.408569753 -0.205453575 -0.0384961851
v 0.406888217 -0.208037272 -0.0395898186
v 0.404078782 -0.228311583 0.020550007
v 0.36019966 -0.228311583 0.0205499995
v 0.36019969 -0.249861479 0.0948188603
v 0.406886935 -0.226571217 0.020847572
v 0.404078811 -0.249861479 0.0948188603
v 0.36019969 -0.274654269 0.177266061
v 0.406886965 -0.248137027 0.0951317549
v 0.404078811 -0.274654239 0.177266076
v 0.360199779 -0.300963044 0.25922963
v 0.408569783 -0.224024728 0.0219312329
v 0.408569783 -0.245565504 0.0961686298
v 0.404078841 -0.300963014 0.25922963
v 0.360199839 -0.329246104 0.34041515
v 0.406783909 -0.274244905 0.179633006
v 0.408569783 -0.162997603 0.166739121
v 0.404078841 -0.329246014 0.34041515
v 0.360199869 -0.360173106 0.420641214
v 0.408525199 -0.272826135 0.182727471
v 0.40675348 -0.300662309 0.261601627
v 0.408569783 -0.191255316 0.241523668
v 0.404078901 -0.360173017 0.420641243
v 0.360199869 -0.392924577 0.499227941
v 0.408207774 -0.299337268 0.264646053
v 0.406756401 -0.328328311 0.341873348
v 0.407422483 -0.187604636 0.243129939
v 0.404078901 -0.392924517 0.499227971
v 0.360199869 -0.430491716 0.575540781
v 0.408580929 -0.22249648 0.315092891
v 0.407423139 -0.218863174 0.316772848
v 0.40835768 -0.326492876 0.34389925
v 0.406887323 -0.358561426 0.421193719
v 0.404078931 -0.430491716 0.575540841
v 0.408580929 -0.256757706 0.387037277
v 0.407416373 -0.253212899 0.388852805
v 0.40858084 -0.355980873 0.422297657
v 0.406912565 -0.391293436 0.499860644
v 0.406887382 -0.428920507 0.576223493
v 0.40858084 -0.299098074 0.463535309
v 0.407398075 -0.295649529 0.465474129
v 0.408614069 -0.388727605 0.501130879
v 0.405730039 -0.463634908 0.638879597
v 0.408579767 -0.345126957 0.538549006
v 0.408595413 -0.426489949 0.577616513
v 0.407399476 -0.341839254 0.540754557
v 0.407366276 -0.46136415 0.640261054
v 0.408566415 -0.392666548 0.605557263
v 0.405122489 -0.338964105 0.542657137
v 0.407397896 -0.389568061 0.608014405
v 0.40732941 -0.438065797 0.658110857
v 0.404864848 -0.498986274 0.701145589
v 0.395407051 -0.548206985 0.76939863
v 0.404895365 -0.486395061 0.708798945
v 0.403651416 -0.483472675 0.711350977
v 0.396945983 -0.545678735 0.771011055
v 0.355702817 -0.460945696 0.640460849
v 0.360199869 -0.430491716 0.575540781
v 0.360199839 -0.465006709 0.638066649
v 0.360199869 -0.502760828 0.698682606
v 0.35569793 -0.426489741 0.577616274
v 0.360199869 -0.392924577 0.499227941
v 0.35569793 -0.498986542 0.701145947
v 0.360199958 -0.551531255 0.767469466
v 0.35566467 -0.388727635 0.501130819
v 0.360199869 -0.360173106 0.420641214
v 0.355698019 -0.549366474 0.769598544
v 0.360200047 -0.584834635 0.814441383
v 0.355698079 -0.583768964 0.816342056
v 0.360200047 -0.594066441 0.831697345
v 0.355698079 -0.589638948 0.832537949
v 0.36019972 -0.596993804 0.85172981
v 0.355698079 -0.592449725 0.851806343
v 0.360199988 -0.593186617 0.868405223
v 0.355698049 -0.588828087 0.866624594
v 0.360199988 -0.580689847 0.880884767
v 0.355698049 -0.578098655 0.876945019
v 0.360199988 -0.562454462 0.884827793
v 0.355698049 -0.533001602 0.831769168
v 0.355698079 -0.541454315 0.823838532
v 0.355698079 -0.542942941 0.812002897
v 0.355698049 -0.537324369 0.799790084
v 0.355698049 -0.56174475 0.880347967
v 0.360200077 -0.473898917 0.893029988
v 0.355698079 -0.518001199 0.833727419
v 0.355698109 -0.471476138 0.888606787
v 0.360200077 -0.383621156 0.895739496
v 0.355698019 -0.50983727 0.763347924
v 0.355698079 -0.506119609 0.833281934
v 0.355698109 -0.38371101 0.891233206
v 0.360200077 -0.299494684 0.891632974
v 0.355698168 -0.46011886 0.695082843
v 0.355698079 -0.439416558 0.832381189
v 0.355698109 -0.299951911 0.887150407
v 0.360200107 -0.215915769 0.882744074
v 0.355698168 -0.426654875 0.640821218
v 0.355698079 -0.375962704 0.831044436
v 0.355697244 -0.391003221 0.578110516
v 0.358466864 -0.507612765 0.764996707
v 0.358466864 -0.457817972 0.696626902
v 0.358466864 -0.424272209 0.642232597
v 0.374027371 -0.424272209 0.642232597
v 0.358466864 -0.388561696 0.579418302
v 0.355696619 -0.35258761 0.501844704
v 0.358466893 -0.534933865 0.801218867
v 0.374027431 -0.534933805 0.801218927
v 0.374027401 -0.457817972 0.696626902
v 0.37402752 -0.237520844 0.815840185
v 0.374027461 -0.437818199 0.829578102
v 0.374027401 -0.507612705 0.764996707
v 0.358466953 -0.540096998 0.812441945
v 0.374027461 -0.540096939 0.812442005
v 0.358466953 -0.538831651 0.822502434
v 0.374027461 -0.538831651 0.822502434
v 0.358466953 -0.53175807 0.829139054
v 0.374027461 -0.53175807 0.829138994
v 0.358466953 -0.51787293 0.83095175
v 0.374027461 -0.506190419 0.830513716
v 0.374027431 -0.51787293 0.830951691
v 0.358466983 -0.506190419 0.830513716
v 0.358466983 -0.437818199 0.829578102
v 0.358466983 -0.376082629 0.828277469
v 0.374027461 -0.376082629 0.828277469
v 0.374027461 -0.313903689 0.82419467
v 0.358466953 -0.313902587 0.824206829
v 0.355698079 -0.313656569 0.826953232
v 0.358463585 -0.236465022 0.815437376
v 0.355698109 -0.235801175 0.818110168
v 0.355698586 -0.216780618 0.878318548
v 0.355698168 -0.141276047 0.862311602
v 0.360200107 -0.140013531 0.866634786
v 0.360200197 -0.0567375235 0.837500751
v 0.355698079 -0.165747032 0.801666379
v 0.358466983 -0.166647032 0.799035072
v 0.37402752 -0.166647524 0.799033642
v 0.37402752 -0.095562771 0.766555905
v 0.3556934 -0.0589026473 0.833514333
v 0.360200107 0.0311165545 0.784563959
v 0.355693609 0.0278751291 0.781385779
v 0.360200107 0.0912859216 0.713664711
v 0.355697364 0.0871727988 0.711722851
v 0.360200047 0.13036631 0.623517454
v 0.35569796 -0.0937830061 0.768786967
v 0.358466983 -0.095562771 0.766555905
v 0.37402752 -0.072876744 0.736877561
v 0.355699837 -0.0704741478 0.738293827
v 0.358466983 -0.0728757307 0.736875892
v 0.374027371 -0.388561696 0.579418302
v 0.37402752 -0.0647451654 0.718302131
v 0.358121246 -0.064745374 0.718301892
v 0.35535872 -0.0623725913 0.719786108
v 0.374027461 -0.0549976975 0.706855834
v 0.358466774 -0.350080252 0.503021836
v 0.374027312 -0.350080252 0.503021777
v 0.358466834 -0.319000959 0.431754559
v 0.357779562 -0.0549976192 0.706856072
v 0.355701655 -0.321564615 0.430706471
v 0.355033726 -0.0532571636 0.709082901
v 0.357791364 -0.0412723385 0.700033069
v 0.374027461 -0.0412717089 0.700031817
v 0.355030924 -0.0405710265 0.70277673
v 0.358011425 -0.025652606 0.699418724
v 0.355217934 -0.0261083096 0.702207685
v 0.37402752 -0.0256513264 0.699417889
v 0.355693281 0.000461113581 0.712311625
v 0.358467013 -0.000373904331 0.70903194
v 0.37402755 -0.000373902934 0.70903194
v 0.37402752 0.0427158698 0.658790469
v 0.358466983 0.0427158698 0.658790469
v 0.355698079 0.0451681837 0.660184324
v 0.374027461 0.0643957481 0.594395101
v 0.355698079 0.125986844 0.622396588
v 0.360199958 0.146593273 0.538888872
v 0.358466953 0.0643957481 0.594395101
v 0.355698019 0.142086744 0.538557172
v 0.360199958 0.142999604 0.451555014
v 0.355698079 0.0670890361 0.595073164
v 0.355698019 0.138502151 0.451938421
v 0.360199988 0.127064884 0.362335324
v 0.355698049 0.079385981 0.522800863
v 0.358466893 0.0766169652 0.522567749
v 0.355698049 0.122701667 0.363564372
v 0.360199869 0.0804078579 0.268812358
v 0.355698049 0.079341881 0.44946152
v 0.359577209 0.0766407326 0.271053106
v 0.360199839 0.0298724286 0.20361568
v 0.374027431 0.0766169652 0.522567749
v 0.358466893 0.0765731782 0.449755788
v 0.355736196 0.0647018403 0.381173551
v 0.3556979 0.026340859 0.20642437
v 0.360199809 -0.0282924529 0.141522288
v 0.374027431 0.0765731782 0.449755788
v 0.358466893 0.0620857924 0.382178605
v 0.374027431 0.0620857924 0.382178634
v 0.374027252 -0.264635295 0.280424058
v 0.374027193 -0.238535166 0.205236375
v 0.374027371 0.0219880249 0.312541515
v 0.358466834 0.0219880212 0.312541485
v 0.35578388 0.0242481921 0.310920477
v 0.374027282 -0.0274488293 0.256394863
v 0.355734497 -0.0253961813 0.254536539
v 0.358466744 -0.0274488516 0.256394863
v 0.374027252 -0.079586111 0.200379327
v 0.358466744 -0.0795861259 0.200379312
v 0.35569784 -0.0776145011 0.198433563
v 0.358466625 -0.139476746 0.143140391
v 0.35569784 -0.031530939 0.144654557
v 0.36019969 -0.105743356 0.0675006583
v 0.355697751 -0.110639006 0.0690491423
v 0.36019972 -0.0896630362 -0.0137642883
v 0.355697781 -0.137812391 0.14090097
v 0.374027163 -0.139476746 0.143140391
v 0.358466625 -0.162511021 0.130088821
v 0.355697781 -0.0941360369 -0.0143517908
v 0.36019972 -0.0881898031 -0.0361074284
v 0.355697781 -0.0927285254 -0.0356979966
v 0.36019966 -0.0942274332 -0.0601772927
v 0.355697781 -0.161635563 0.127402395
v 0.355697691 -0.224024743 0.0219312645
v 0.355697662 -0.205453575 -0.0384961888
v 0.355697662 -0.0983877033 -0.0582590699
v 0.3601996 -0.105147295 -0.0755287036
v 0.355697662 -0.10852845 -0.0725152045
v 0.3601996 -0.120648757 -0.0894892663
v 0.355697662 -0.123106278 -0.0856439397
v 0.3601996 -0.138922513 -0.0973058492
v 0.355697662 -0.140079021 -0.0929040313
v 0.3601996 -0.161639929 -0.0998070687
v 0.355697662 -0.16102238 -0.095209904
v 0.3601996 -0.182285681 -0.0916390419
v 0.355697662 -0.179518431 -0.087892361
v 0.3601996 -0.198603123 -0.0712618455
v 0.355697662 -0.194614351 -0.069040589
v 0.3601996 -0.20974043 -0.0398774929
v 0.36019966 -0.228311583 0.0205499995
v 0.36019969 -0.249861479 0.0948188603
v 0.355697751 -0.245565504 0.0961686298
v 0.36019969 -0.274654269 0.177266061
v 0.356029838 -0.272826195 0.182727486
v 0.360199779 -0.300963044 0.25922963
v 0.356070906 -0.299337327 0.264646024
v 0.360199839 -0.329246104 0.34041515
v 0.35592106 -0.326492965 0.34389925
v 0.35569793 -0.355980933 0.422297627
v 0.355712891 -0.291979879 0.35327366
v 0.355721384 -0.267169267 0.279271901
v 0.355717868 -0.240922153 0.203669518
v 0.355705738 -0.22635968 0.160487249
v 0.358466744 -0.289372921 0.354208261
v 0.358466744 -0.264635295 0.280424029
v 0.374027312 -0.319000989 0.431754559
v 0.374027282 -0.289372921 0.354208261
v 0.358466685 -0.238535166 0.205236331
v 0.358466625 -0.223859653 0.16173853
v 0.355697811 -0.210064769 0.136806577
v 0.374027163 -0.223859623 0.16173856
v 0.355697811 -0.187452927 0.124432065
v 0.358466625 -0.208157346 0.138919115
v 0.358466625 -0.1868954 0.127283365
v 0.374027163 -0.208157346 0.138919145
v 0.374027163 -0.162511021 0.130088821
v 0.374027163 -0.1868954 0.127283379
v -0.391118914 -0.551531315 0.767469406
v -0.361109465 -0.502760887 0.698682487
v -0.361109525 -0.551531315 0.767469406
v -0.361109614 -0.584834695 0.814441204
v -0.401287496 -0.502760887 0.698682487
v -0.361109406 -0.465006769 0.63806653
v -0.384175181 -0.584834695 0.814441264
v -0.383794248 -0.594065487 0.831697524
v -0.361109614 -0.594066501 0.831697285
v -0.361109316 -0.596993864 0.851729631
v -0.383794546 -0.597055912 0.851994276
v -0.361109644 -0.593186736 0.868405044
v -0.388296187 -0.589605331 0.832312047
v -0.388244361 -0.580938816 0.816095591
v -0.393612474 -0.564495087 0.793652833
v -0.396316648 -0.548206985 0.76939857
v -0.404095858 -0.501350105 0.699624598
v -0.403939277 -0.465060264 0.638143301
v -0.383794278 -0.593186736 0.868405044
v -0.361109644 -0.580689907 0.880884588
v -0.383794278 -0.580672741 0.8808828
v -0.361109644 -0.562454462 0.884827733
v -0.388296247 -0.588840187 0.866606951
v -0.383794278 -0.562454462 0.884827793
v -0.361109734 -0.473898977 0.893029869
v -0.388296187 -0.592532456 0.852163434
v -0.388296247 -0.578077078 0.876942575
v -0.383794367 -0.473899037 0.893029869
v -0.361109734 -0.383621216 0.895739317
v -0.388296247 -0.561743617 0.880348086
v -0.388296306 -0.473739624 0.888530791
v -0.383794397 -0.383621275 0.895739734
v -0.361109734 -0.299494743 0.891632795
v -0.388296336 -0.383711129 0.891232491
v -0.383794397 -0.299494743 0.891633034
v -0.361109763 -0.215915829 0.882743955
v -0.393802136 -0.536165595 0.777462304
v -0.388296336 -0.29995209 0.887150407
v -0.383808464 -0.215915859 0.882743895
v -0.396445394 -0.543530643 0.772357285
v -0.383794457 -0.14001368 0.866634488
v -0.361109853 -0.14001359 0.866634667
v -0.361109912 -0.0567375869 0.837500572
v -0.383635014 -0.056737721 0.837500572
v -0.361109853 0.0311164912 0.784563839
v -0.388296723 -0.141276047 0.862311304
v -0.388310462 -0.216780677 0.87831831
v -0.388296247 -0.470137 0.723793983
v -0.388645887 -0.419608235 0.670911849
v -0.388138562 -0.0589027926 0.833514154
v -0.383740842 0.0311163757 0.784563899
v -0.402247906 -0.481088519 0.713782787
v -0.404936969 -0.432287544 0.663095236
v -0.383785874 0.0912858173 0.713664591
v -0.361109763 0.091285862 0.713664591
v -0.383794308 0.130366251 0.623517394
v -0.361109674 0.130366251 0.623517394
v -0.361109614 0.146593213 0.538888752
v -0.38811332 0.0871726945 0.711722791
v -0.387313783 0.0278749503 0.78138572
v -0.388296008 -0.37491703 0.618742108
v -0.40602535 -0.386832237 0.610097289
v -0.388215601 -0.326469302 0.550833702
v -0.407158434 -0.434983015 0.660808921
v -0.383794218 0.146593198 0.538888812
v -0.361109614 0.142999545 0.451554894
v -0.388296574 0.125986785 0.622396469
v -0.383794159 0.1429995 0.451554984
v -0.361109585 0.127064824 0.362335235
v -0.388288617 -0.279969603 0.474681437
v -0.388296276 0.142086715 0.538557112
v -0.383794099 0.127064854 0.362335473
v -0.361109465 0.0804077983 0.268812239
v -0.388807863 -0.239547834 0.398717314
v -0.406025678 -0.292657077 0.46717146
v -0.388299197 0.138502046 0.451938421
v -0.38915205 -0.206643 0.327552378
v -0.383794099 0.0804077908 0.268812239
v -0.361109346 0.0298723672 0.203615561
v -0.38379395 0.0298723634 0.203615561
v -0.361109316 -0.0282925144 0.141522169
v -0.388296038 0.0764379948 0.271006078
v -0.388299316 0.122701608 0.363564551
v -0.388295859 -0.142358124 0.174600914
v -0.389103532 -0.174813941 0.253313601
v -0.406030715 -0.250188559 0.39045611
v -0.38379398 -0.0282925162 0.141522169
v -0.361109108 -0.105743416 0.067500554
v -0.388295889 0.0263407938 0.206424251
v -0.406036437 -0.215810999 0.318288833
v -0.383793741 -0.105743408 0.067500554
v -0.361109167 -0.0896630958 -0.0137643982
v -0.388295889 -0.0315310247 0.144654438
v -0.406037003 -0.184468806 0.244489625
v -0.38829571 -0.107348077 0.072194308
v -0.405971706 -0.121524081 0.0676640272
v -0.405691206 -0.100385509 -0.015652908
v -0.406023055 -0.156137049 0.169464886
v -0.405477822 -0.0968086794 -0.0375761278
v -0.361109167 -0.0881898552 -0.0361075364
v -0.361109078 -0.0942274928 -0.060177397
v -0.405174792 -0.099201642 -0.0608272403
v -0.361109048 -0.105147347 -0.0755288079
v -0.408266366 -0.124890096 0.0668275207
v -0.408106387 -0.0995633453 -0.0378404856
v -0.405057132 -0.108231083 -0.0757424757
v -0.361109048 -0.120648809 -0.089489378
v -0.408207804 -0.103300057 -0.0162542202
v -0.409479201 -0.128526822 0.0655538291
v -0.408305973 -0.159451813 0.168406487
v -0.407961756 -0.101403825 -0.0603910685
v -0.409479171 -0.103352219 -0.0381619111
v -0.409479171 -0.107158773 -0.0170710217
v -0.40498817 -0.120648764 -0.0894893408
v -0.361109048 -0.138922557 -0.097305961
v -0.40786764 -0.109913252 -0.0747926533
v -0.40498817 -0.138922572 -0.097305961
v -0.361109048 -0.161639988 -0.0998071805
v -0.409479171 -0.104889832 -0.0596383512
v -0.407803953 -0.121636525 -0.0881511495
v -0.409479171 -0.112696417 -0.0731493235
v -0.40498817 -0.161640018 -0.0998071805
v -0.361109048 -0.182285741 -0.0916391537
v -0.40498817 -0.182285756 -0.0916391537
v -0.361109048 -0.198603183 -0.0712619498
v -0.407804757 -0.161417827 -0.0981532484
v -0.407799304 -0.139337152 -0.0957280546
v -0.409479171 -0.123395704 -0.0857678428
v -0.409479171 -0.140079081 -0.092904143
v -0.40498817 -0.198603213 -0.0712619647
v -0.361109048 -0.209740475 -0.039877601
v -0.409479171 -0.161022455 -0.0952100158
v -0.407805979 -0.18128939 -0.0902901217
v -0.409479171 -0.179518506 -0.0878924355
v -0.407800168 -0.197172508 -0.070465222
v -0.409479171 -0.194614425 -0.0690407008
v -0.40498817 -0.20974052 -0.0398775712
v -0.407797664 -0.208037332 -0.0395899415
v -0.409479171 -0.205453634 -0.038496308
v -0.404988199 -0.228311673 0.0205498841
v -0.361109078 -0.228311643 0.0205498897
v -0.361109108 -0.249861553 0.0948187411
v -0.407796353 -0.226571292 0.0208474491
v -0.404988229 -0.249861553 0.0948187411
v -0.361109197 -0.274654329 0.177265942
v -0.407796383 -0.248137102 0.0951316431
v -0.404988319 -0.274654329 0.177265942
v -0.361109257 -0.300963134 0.259229511
v -0.409479201 -0.224024802 0.0219311081
v -0.409479201 -0.245565563 0.0961685181
v -0.404988348 -0.300963104 0.259229511
v -0.361109346 -0.329246163 0.340415031
v -0.407693386 -0.274244964 0.179632872
v -0.40947929 -0.162997663 0.166739002
v -0.404988348 -0.329246104 0.340415031
v -0.361109376 -0.360173136 0.420641094
v -0.409434676 -0.272826195 0.182727352
v -0.407662988 -0.300662369 0.261601478
v -0.40947929 -0.191255391 0.241523549
v -0.404988408 -0.360173106 0.420641094
v -0.361109465 -0.392924637 0.499227852
v -0.409117281 -0.299337327 0.264645934
v -0.407665879 -0.328328401 0.341873229
v -0.40833199 -0.187604696 0.243129805
v -0.404988468 -0.392924607 0.499227822
v -0.361109465 -0.430491775 0.575540721
v -0.4077968 -0.358561516 0.4211936
v -0.409490436 -0.222496539 0.315092772
v -0.408332616 -0.218863249 0.316772699
v -0.409267187 -0.326492965 0.343899161
v -0.404988497 -0.430491775 0.575540662
v -0.409490436 -0.256757766 0.387037158
v -0.408325881 -0.253212988 0.388852686
v -0.409490347 -0.355980933 0.422297537
v -0.407822132 -0.391293526 0.499860495
v -0.407796979 -0.428920597 0.576223373
v -0.409490436 -0.299098164 0.46353516
v -0.408307642 -0.295649588 0.46547398
v -0.409523636 -0.388727665 0.50113076
v -0.406639636 -0.463634968 0.638879478
v -0.409489363 -0.345127016 0.538548887
v -0.40950501 -0.426490009 0.577616394
v -0.408309042 -0.341839314 0.540754378
v -0.408275872 -0.461364239 0.640260994
v -0.409476012 -0.392666608 0.605557144
v -0.406032056 -0.338964194 0.542656958
v -0.408307493 -0.38956809 0.608014286
v -0.408238977 -0.438065857 0.658110738
v -0.405774415 -0.498986334 0.70114547
v -0.396316648 -0.548206985 0.76939857
v -0.405804932 -0.48639515 0.708798826
v -0.404560983 -0.483472735 0.711350858
v -0.39785555 -0.545678794 0.771010935
v -0.361109465 -0.430491775 0.575540721
v -0.356612384 -0.460945725 0.640460789
v -0.361109406 -0.465006769 0.63806653
v -0.361109465 -0.502760887 0.698682487
v -0.356607497 -0.42648983 0.577616155
v -0.361109465 -0.392924637 0.499227852
v -0.356607497 -0.498986602 0.701145828
v -0.361109525 -0.551531315 0.767469406
v -0.356574237 -0.388727725 0.50113076
v -0.361109376 -0.360173136 0.420641094
v -0.356607586 -0.549366534 0.769598365
v -0.361109614 -0.584834695 0.814441204
v -0.356607646 -0.583769023 0.816341937
v -0.361109614 -0.594066501 0.831697285
v -0.356607646 -0.589639068 0.832537889
v -0.361109316 -0.596993864 0.851729631
v -0.356607646 -0.592449784 0.851806164
v -0.361109644 -0.593186736 0.868405044
v -0.356607705 -0.588828206 0.866624534
v -0.361109644 -0.580689907 0.880884588
v -0.356607705 -0.578098714 0.87694484
v -0.361109644 -0.562454462 0.884827733
v -0.356607705 -0.533001721 0.83176899
v -0.356607646 -0.541454375 0.823838472
v -0.356607646 -0.542942941 0.812002838
v -0.356607616 -0.537324488 0.799790025
v -0.356607705 -0.561744809 0.880347788
v -0.361109734 -0.473898977 0.893029869
v -0.356607735 -0.518001258 0.833727241
v -0.356607765 -0.471476197 0.888606727
v -0.361109734 -0.383621216 0.895739317
v -0.356607586 -0.509837389 0.763347745
v -0.356607735 -0.506119668 0.833281815
v -0.356607765 -0.38371104 0.891233146
v -0.361109734 -0.299494743 0.891632795
v -0.356607735 -0.46011889 0.695082664
v -0.356607735 -0.439416617 0.832381129
v -0.356607765 -0.299951971 0.887150347
v -0.361109763 -0.215915829 0.882743955
v -0.356607735 -0.426654965 0.64082104
v -0.356607735 -0.375962794 0.831044376
v -0.356606811 -0.391003281 0.578110397
v -0.359376431 -0.507612824 0.764996648
v -0.359376431 -0.457818061 0.696626723
v -0.359376431 -0.424272299 0.642232478
v -0.374936938 -0.424272269 0.642232478
v -0.359376431 -0.388561726 0.579418242
v -0.356606215 -0.3525877 0.501844645
v -0.35937649 -0.534933925 0.801218748
v -0.374936998 -0.534933865 0.801218748
v -0.374936968 -0.457818061 0.696626723
v -0.374937177 -0.237520918 0.815840065
v -0.374937117 -0.437818289 0.829577923
v -0.374936968 -0.507612765 0.764996648
v -0.35937652 -0.540097058 0.812441766
v -0.374937057 -0.540097058 0.812441945
v -0.35937652 -0.538831711 0.822502375
v -0.374937057 -0.538831711 0.822502255
v -0.35937652 -0.53175813 0.829138994
v -0.374937057 -0.53175813 0.829138875
v -0.35937658 -0.517873049 0.830951571
v -0.374937117 -0.506190479 0.830513597
v -0.374937087 -0.517872989 0.830951512
v -0.359376639 -0.506190479 0.830513656
v -0.359376639 -0.437818289 0.829577923
v -0.359376639 -0.376082718 0.828277409
v -0.374937117 -0.376082718 0.828277409
v -0.374937117 -0.313903749 0.824194551
v -0.35937658 -0.313902646 0.82420665
v -0.356607735 -0.313656628 0.826953173
v -0.359373242 -0.236465082 0.815437317
v -0.356607765 -0.23580125 0.818110049
v -0.356608242 -0.216780677 0.878318489
v -0.356607884 -0.141276106 0.862311542
v -0.361109853 -0.14001359 0.866634667
v -0.361109912 -0.0567375869 0.837500572
v -0.356607735 -0.165747106 0.80166626
v -0.359376639 -0.166647092 0.799034953
v -0.374937177 -0.166647598 0.799033463
v -0.374937177 -0.0955628306 0.766555846
v -0.356603116 -0.0589027144 0.833514214
v -0.361109853 0.0311164912 0.784563839
v -0.356603354 0.0278750677 0.78138572
v -0.361109763 0.091285862 0.713664591
v -0.35660702 0.0871727467 0.711722791
v -0.361109674 0.130366251 0.623517394
v -0.356607616 -0.0937830582 0.768786848
v -0.359376639 -0.0955628306 0.766555846
v -0.374937177 -0.072876811 0.736877501
v -0.356609493 -0.0704742149 0.738293767
v -0.359376639 -0.0728757977 0.736875772
v -0.374936938 -0.388561726 0.579418242
v -0.374937177 -0.0647452325 0.718302071
v -0.359030902 -0.0647454411 0.718301773
v -0.356268376 -0.0623726584 0.719785988
v -0.374937117 -0.0549977608 0.706855774
v -0.359376371 -0.350080341 0.503021717
v -0.374936908 -0.350080341 0.503021717
v -0.359376341 -0.319001049 0.43175444
v -0.358689219 -0.0549976863 0.706855893
v -0.356611162 -0.321564674 0.430706352
v -0.355943352 -0.0532572307 0.709082842
v -0.35870102 -0.0412724055 0.700032949
v -0.374937117 -0.041271776 0.700031638
v -0.35594058 -0.0405710936 0.702776611
v -0.358921081 -0.0256526675 0.699418545
v -0.35612759 -0.0261083711 0.702207625
v -0.374937177 -0.0256513916 0.69941771
v -0.356602937 0.000461051299 0.712311447
v -0.359376669 -0.00037396705 0.70903182
v -0.374937207 -0.000373968447 0.70903182
v -0.374937177 0.0427158028 0.65879035
v -0.359376639 0.0427158028 0.65879035
v -0.356607735 0.0451681167 0.660184145
v -0.374937117 0.064395681 0.594394982
v -0.356607735 0.1259868 0.622396469
v -0.361109614 0.146593213 0.538888752
v -0.35937658 0.064395681 0.594394982
v -0.356607735 0.0670889691 0.595073104
v -0.356607646 0.142086685 0.538557053
v -0.361109614 0.142999545 0.451554894
v -0.356607646 0.138502091 0.451938301
v -0.361109585 0.127064824 0.362335235
v -0.356607705 0.0793859139 0.522800744
v -0.35937655 0.0766168982 0.522567689
v -0.356607616 0.122701615 0.363564253
v -0.361109465 0.0804077983 0.268812239
v -0.356607616 0.0793418139 0.449461401
v -0.360486776 0.0766406655 0.271053016
v -0.361109346 0.0298723672 0.203615561
v -0.374937087 0.0766168982 0.522567689
v -0.35937649 0.0765731111 0.449755669
v -0.356645763 0.0647017732 0.381173432
v -0.356607378 0.0263407957 0.206424251
v -0.361109316 -0.0282925144 0.141522169
v -0.374936998 0.0765731111 0.449755698
v -0.35937649 0.0620857291 0.382178485
v -0.374936998 0.0620857291 0.382178515
v -0.37493673 -0.264635354 0.280423939
v -0.3749367 -0.238535225 0.205236256
v -0.374936938 0.0219879579 0.312541395
v -0.359376401 0.0219879597 0.312541395
v -0.356693447 0.0242481306 0.310920358
v -0.374936789 -0.0274488963 0.256394774
v -0.356644005 -0.0253962446 0.25453642
v -0.359376252 -0.0274489131 0.256394774
v -0.37493673 -0.0795861781 0.200379208
v -0.359376252 -0.079586193 0.200379208
v -0.356607348 -0.0776145682 0.198433459
v -0.359376132 -0.139476806 0.143140271
v -0.356607348 -0.0315310024 0.144654438
v -0.361109108 -0.105743416 0.067500554
v -0.356607169 -0.110639066 0.069049038
v -0.361109167 -0.0896630958 -0.0137643982
v -0.356607288 -0.137812451 0.14090085
v -0.37493667 -0.139476806 0.143140271
v -0.359376132 -0.162511081 0.130088702
v -0.356607199 -0.0941360965 -0.0143518979
v -0.361109167 -0.0881898552 -0.0361075364
v -0.356607199 -0.092728585 -0.0356981046
v -0.361109078 -0.0942274928 -0.060177397
v -0.356607288 -0.161635622 0.127402291
v -0.356607109 -0.224024802 0.0219311547
v -0.35660708 -0.205453634 -0.0384963006
v -0.35660708 -0.0983877629 -0.0582591742
v -0.361109048 -0.105147347 -0.0755288079
v -0.35660708 -0.10852851 -0.0725153089
v -0.361109048 -0.120648809 -0.089489378
v -0.35660708 -0.123106331 -0.0856440514
v -0.361109048 -0.138922557 -0.097305961
v -0.35660708 -0.140079081 -0.092904143
v -0.361109048 -0.161639988 -0.0998071805
v -0.35660708 -0.161022425 -0.0952100158
v -0.361109048 -0.182285741 -0.0916391537
v -0.35660708 -0.179518491 -0.0878924727
v -0.361109048 -0.198603183 -0.0712619498
v -0.35660708 -0.194614425 -0.0690406933
v -0.361109048 -0.209740475 -0.039877601
v -0.361109078 -0.228311643 0.0205498897
v -0.361109108 -0.249861553 0.0948187411
v -0.356607169 -0.245565563 0.0961685181
v -0.361109197 -0.274654329 0.177265942
v -0.356939346 -0.272826254 0.182727367
v -0.361109257 -0.300963134 0.259229511
v -0.356980383 -0.299337387 0.264645904
v -0.361109346 -0.329246163 0.340415031
v -0.356830537 -0.326492995 0.343899161
v -0.356607437 -0.355981022 0.422297537
v -0.356622368 -0.291979939 0.353273571
v -0.356630892 -0.267169327 0.279271811
v -0.356627375 -0.240922242 0.203669414
v -0.356615245 -0.22635977 0.16048713
v -0.359376252 -0.289372981 0.354208142
v -0.359376252 -0.264635354 0.280423909
v -0.374936819 -0.319001049 0.43175444
v -0.374936789 -0.289372981 0.354208142
v -0.359376162 -0.23853524 0.205236241
v -0.359376132 -0.223859712 0.161738425
v -0.356607229 -0.210064828 0.136806473
v -0.37493667 -0.223859712 0.16173847
v -0.356607229 -0.187452987 0.124431953
v -0.359376132 -0.20815742 0.138919011
v -0.359376132 -0.186895475 0.127283245
v -0.37493667 -0.20815742 0.138919026
v -0.37493667 -0.162511081 0.130088702
v -0.37493667 -0.18689546 0.12728326
v 0.400043398 -0.632733226 0.863906384
v 0.388446271 -0.632917881 0.876956403
v 0.388446331 -0.632734179 0.863905907
v 0.38844642 -0.631031811 0.860046089
v 0.400043279 -0.633219302 0.900955319
v 0.385605723 -0.633218408 0.900955319
v 0.400043398 -0.631031811 0.860046387
v 0.388446331 -0.454010695 0.693698883
v 0.402334571 -0.630423248 0.862618685
v 0.400045812 -0.630957842 0.90337795
v 0.38559109 -0.630957305 0.903309703
v 0.388444245 -0.595403194 0.904902697
v 0.400043339 -0.454010576 0.693699121
v 0.388446331 -0.450049937 0.692151487
v 0.402334481 -0.63092649 0.900980353
v 0.400045723 -0.495145738 0.904852629
v 0.388442487 -0.495232075 0.904853642
v 0.402334511 -0.451442391 0.694429994
v 0.400043339 -0.450049818 0.692151785
v 0.388446331 -0.440763772 0.692239165
v 0.40233463 -0.493562698 0.902476192
v 0.400043517 -0.49099344 0.903467298
v 0.388446063 -0.491080225 0.903619289
v 0.388446391 -0.441262573 0.86782217
v 0.400043249 -0.440763623 0.692239344
v 0.388446331 -0.436832905 0.693861008
v 0.402334243 -0.441443652 0.865044832
v 0.40004307 -0.441295952 0.867775679
v 0.40004307 -0.438847154 0.864223778
v 0.388446391 -0.438803703 0.864274323
v 0.400043249 -0.402809024 0.729853213
v 0.388446271 -0.402817875 0.72985059
v 0.402334422 -0.439414203 0.694543421
v 0.402334422 -0.404780984 0.72834152
v 0.400043249 -0.403860152 0.726038635
v 0.388446271 -0.403860211 0.726038396
v 0.400043249 -0.436832756 0.693861127
v -0.400953054 -0.632733345 0.863906145
v -0.389356077 -0.632734299 0.863905787
v -0.389355928 -0.63291806 0.876956165
v -0.389356077 -0.63103193 0.86004585
v -0.400953084 -0.633219481 0.9009552
v -0.386515468 -0.633218527 0.900955081
v -0.400953054 -0.631031871 0.860046148
v -0.389355987 -0.454010814 0.693698645
v -0.403244227 -0.630423367 0.862618446
v -0.400955528 -0.630957961 0.903377771
v -0.386500806 -0.630957425 0.903309464
v -0.38935405 -0.595403254 0.904902458
v -0.400952965 -0.454010695 0.693698943
v -0.389355987 -0.450050086 0.692151308
v -0.403244287 -0.630926609 0.900980115
v -0.400955528 -0.495145887 0.90485245
v -0.389352292 -0.495232195 0.904853523
v -0.403244168 -0.45144251 0.694429755
v -0.400952965 -0.450049937 0.692151546
v -0.389355987 -0.440763891 0.692238927
v -0.403244436 -0.493562788 0.902475953
v -0.400953233 -0.490993559 0.903467059
v -0.389355868 -0.491080344 0.903619111
v -0.389356107 -0.441262692 0.867821932
v -0.400952965 -0.440763742 0.692239165
v -0.389355987 -0.436833024 0.693860769
v -0.403243959 -0.441443801 0.865044713
v -0.400952876 -0.441296071 0.867775559
v -0.400952786 -0.438847303 0.86422354
v -0.389356196 -0.438803822 0.864274204
v -0.400952965 -0.402809143 0.729852974
v -0.389355928 -0.402817994 0.729850471
v -0.403244168 -0.439414322 0.694543183
v -0.403244168 -0.404781103 0.728341341
v -0.400952965 -0.403860271 0.726038516
v -0.389355928 -0.40386036 0.726038277
v -0.400952965 -0.436832875 0.693861008
v 0.412780911 -0.46476841 0.739442825
v 0.399338752 -0.453317046 0.758902967
v 0.399338752 -0.46476841 0.739442825
v 0.399338752 -0.453641117 0.719795644
v 0.416952819 -0.459639341 0.749523997
v 0.412780911 -0.453317046 0.758902967
v 0.399338752 -0.430738449 0.758715868
v 0.416952819 -0.459807128 0.729278088
v 0.420181125 -0.450825363 0.734364986
v 0.420181125 -0.450743139 0.744288981
v 0.420181125 -0.442272037 0.729331732
v 0.420181125 -0.442107558 0.74917984
v 0.412780911 -0.453641117 0.719795644
v 0.399338752 -0.431062549 0.719608605
v 0.416952819 -0.4423576 0.719009936
v 0.420181125 -0.433636457 0.734222531
v 0.412780911 -0.431062549 0.719608605
v 0.399338752 -0.419611186 0.739068687
v 0.416952819 -0.442022055 0.759501636
v 0.412780911 -0.430738449 0.758715868
v 0.420181125 -0.433554232 0.744146585
v 0.416952819 -0.424740255 0.728987575
v 0.412780911 -0.419611186 0.739068687
v 0.416952819 -0.424572468 0.749233484
v 0.412780911 -0.611255169 0.857840657
v 0.399338752 -0.617492199 0.879541516
v 0.399338752 -0.611255169 0.857840657
v 0.399338752 -0.58934319 0.85239166
v 0.416952819 -0.615038991 0.868499875
v 0.412780911 -0.617492199 0.879541516
v 0.399338722 -0.601817191 0.895793438
v 0.416952819 -0.600466192 0.854444385
v 0.420181125 -0.597975194 0.864461482
v 0.420181125 -0.605118394 0.871351123
v 0.420181066 -0.588436961 0.867202878
v 0.420181066 -0.60272336 0.880982161
v 0.412780911 -0.58934319 0.85239166
v 0.399338722 -0.573668182 0.868643463
v 0.416952759 -0.581007421 0.860036969
v 0.420181066 -0.586041927 0.876833856
v 0.412780881 -0.573668182 0.868643463
v 0.399338722 -0.579905152 0.890344381
v 0.416952759 -0.61015296 0.88814801
v 0.412780881 -0.601817191 0.895793438
v 0.420181066 -0.593185127 0.883723557
v 0.416952759 -0.57612133 0.879685163
v 0.412780881 -0.579905152 0.890344381
v 0.416952759 -0.590694129 0.893740654
v 0.412780881 -0.495924592 0.842631996
v 0.399338722 -0.492119938 0.864888489
v 0.399338722 -0.495924592 0.842631996
v 0.399338722 -0.478552222 0.828208804
v 0.416952759 -0.494704604 0.853876948
v 0.412780881 -0.492119938 0.864888489
v 0.399338722 -0.470942855 0.872721851
v 0.416952759 -0.487680614 0.834887803
v 0.420181066 -0.481087029 0.842829645
v 0.420181066 -0.484530032 0.852137566
v 0.420181066 -0.471304566 0.841157258
v 0.420181066 -0.478190511 0.859773338
v 0.412780881 -0.478552222 0.828208804
v 0.399338722 -0.457375169 0.836042166
v 0.416952759 -0.467723519 0.831476212
v 0.420181066 -0.464965075 0.84879303
v 0.412780881 -0.457375169 0.836042166
v 0.399338722 -0.453570515 0.8582986
v 0.416952759 -0.481771559 0.869454503
v 0.412780881 -0.470942855 0.872721851
v 0.420181066 -0.468408078 0.85810101
v 0.416952759 -0.454790473 0.847053766
v 0.412780881 -0.453570515 0.8582986
v 0.416952759 -0.461814493 0.866042852
v -0.400248468 -0.453317165 0.758902788
v -0.413690567 -0.464768499 0.739442647
v -0.400248468 -0.464768499 0.739442647
v -0.400248468 -0.453641236 0.719795465
v -0.417862535 -0.45963946 0.749523818
v -0.413690567 -0.453317165 0.758902788
v -0.400248468 -0.430738598 0.75871563
v -0.417862535 -0.459807247 0.729277909
v -0.421090841 -0.450825483 0.734364748
v -0.421090841 -0.450743258 0.744288862
v -0.421090841 -0.442272127 0.729331553
v -0.421090841 -0.442107677 0.749179602
v -0.413690567 -0.453641236 0.719795465
v -0.400248468 -0.431062639 0.719608366
v -0.417862535 -0.442357689 0.719009697
v -0.421090841 -0.433636576 0.734222293
v -0.413690567 -0.431062639 0.719608366
v -0.400248468 -0.419611305 0.739068449
v -0.417862535 -0.442022175 0.759501457
v -0.413690567 -0.430738598 0.75871563
v -0.421090841 -0.433554381 0.744146347
v -0.417862535 -0.424740374 0.728987336
v -0.413690567 -0.419611305 0.739068449
v -0.417862535 -0.424572587 0.749233246
v -0.400248468 -0.617492318 0.879541397
v -0.413690567 -0.611255288 0.857840478
v -0.400248468 -0.611255288 0.857840478
v -0.400248468 -0.589343309 0.852391481
v -0.417862535 -0.61503911 0.868499637
v -0.413690567 -0.617492318 0.879541397
v -0.400248528 -0.60181731 0.8957932
v -0.417862535 -0.600466371 0.854444206
v -0.421090841 -0.597975314 0.864461243
v -0.421090841 -0.605118513 0.871350944
v -0.421090871 -0.58843708 0.86720264
v -0.421090871 -0.602723479 0.880981982
v -0.413690567 -0.589343309 0.852391481
v -0.400248528 -0.573668301 0.868643224
v -0.417862564 -0.58100754 0.86003685
v -0.421090871 -0.586042047 0.876833677
v -0.413690597 -0.573668301 0.868643224
v -0.400248528 -0.579905272 0.890344203
v -0.417862564 -0.610153019 0.888147891
v -0.413690597 -0.60181731 0.8957932
v -0.421090871 -0.593185246 0.883723378
v -0.417862564 -0.576121449 0.879684985
v -0.413690597 -0.579905272 0.890344203
v -0.417862564 -0.590694249 0.893740535
v -0.400248528 -0.492120057 0.86488837
v -0.413690597 -0.495924711 0.842631817
v -0.400248528 -0.495924711 0.842631817
v -0.400248528 -0.478552341 0.828208625
v -0.417862564 -0.494704723 0.85387671
v -0.413690597 -0.492120057 0.86488837
v -0.400248528 -0.470942974 0.872721612
v -0.417862564 -0.487680733 0.834887624
v -0.421090871 -0.481087148 0.842829406
v -0.421090871 -0.484530121 0.852137446
v -0.421090871 -0.471304685 0.841157138
v -0.421090871 -0.47819069 0.859773159
v -0.413690597 -0.478552341 0.828208625
v -0.400248528 -0.457375288 0.836041927
v -0.417862564 -0.467723638 0.831476033
v -0.421090871 -0.464965194 0.848792851
v -0.413690597 -0.457375288 0.836041927
v -0.400248528 -0.453570634 0.858298481
v -0.417862564 -0.481771678 0.869454265
v -0.413690597 -0.470942974 0.872721612
v -0.421090871 -0.468408197 0.858100772
v -0.417862564 -0.454790592 0.847053528
v -0.413690597 -0.453570634 0.858298481
v -0.417862564 -0.461814612 0.866042614
v 0.210052833 0.0833586305 0.137681276
v 0.200700834 0.0847979933 0.151027799
v 0.200654343 0.0777247772 0.140066117
v 0.200600222 0.0752665848 0.127152875
v 0.210102111 0.0891183615 0.146604031
v 0.200731486 0.0954081863 0.158367917
v 0.209997535 0.0813565254 0.127168417
v 0.209944621 0.0834164619 0.116666555
v 0.20054619 0.0777960345 0.114253148
v 0.210899353 0.0830354467 0.127172917
v 0.209901258 0.0892248675 0.107776016
v 0.200500026 0.0849287584 0.103331074
v 0.210951284 0.084915027 0.137046099
v 0.210900113 0.108033158 0.127242178
v 0.210847467 0.0849693492 0.11731007
v 0.20987384 0.0978958309 0.101850212
v 0.200469866 0.0955793932 0.0960496962
v 0.200458884 0.108126082 0.0935174078
v 0.210803181 0.0904181078 0.108967006
v 0.210774317 0.098542802 0.103412524
v 0.209863961 0.108108692 0.0997896641
v 0.209874392 0.118310414 0.101906762
v 0.200470448 0.120658584 0.0961191654
v 0.210763767 0.108103961 0.101482742
v 0.210995898 0.0903180093 0.145419434
v 0.210774854 0.11765489 0.103465468
v 0.211025253 0.0984117314 0.151018739
v 0.210804194 0.125748619 0.109065123
v 0.209902301 0.126948252 0.107880749
v 0.200501114 0.131268784 0.103459731
v 0.209946081 0.132707998 0.116803154
v 0.200547636 0.138341993 0.114420958
v 0.210135534 0.0977562144 0.152577609
v 0.210848838 0.131151751 0.11743813
v 0.209999099 0.13471055 0.12731643
v 0.200601786 0.14080064 0.127334699
v 0.211036429 0.10796266 0.15300183
v 0.210148335 0.107957929 0.154695094
v 0.200743139 0.107940689 0.160970151
v 0.211025894 0.117523976 0.151071668
v 0.21013622 0.118170947 0.152634144
v 0.200732157 0.120487384 0.158437371
v 0.200701997 0.131138012 0.151156008
v 0.21099703 0.125648513 0.145517185
v 0.210103303 0.126841754 0.146708399
v 0.200656474 0.138270736 0.140233919
v 0.210054949 0.132650167 0.137817889
v 0.21095334 0.131097272 0.1371741
v 0.210900843 0.133031636 0.127311662
v -0.200803369 0.084797956 0.151027724
v -0.210155368 0.0833585933 0.137681201
v -0.200756893 0.0777247399 0.140066043
v -0.200702757 0.0752665475 0.127152786
v -0.210204661 0.0891183242 0.146603957
v -0.200834066 0.0954081491 0.158367828
v -0.21010007 0.0813564882 0.127168342
v -0.210047171 0.0834164247 0.116666459
v -0.200648725 0.0777959973 0.114253066
v -0.211001888 0.0830354095 0.127172843
v -0.210003793 0.0892248303 0.107775927
v -0.200602561 0.0849287212 0.103331
v -0.211053818 0.0849149898 0.137045994
v -0.211002648 0.108033121 0.127242088
v -0.210950002 0.084969312 0.11730998
v -0.209976375 0.0978957936 0.101850137
v -0.200572416 0.095579356 0.0960495993
v -0.200561419 0.108126044 0.0935173333
v -0.210905716 0.0904180706 0.108966932
v -0.210876867 0.0985427648 0.103412442
v -0.209966496 0.108108655 0.0997895896
v -0.209976941 0.11831037 0.101906672
v -0.200572982 0.120658547 0.0961190835
v -0.210866317 0.108103923 0.101482667
v -0.211098433 0.090317972 0.145419344
v -0.210877389 0.117654853 0.103465393
v -0.211127833 0.0984116942 0.151018664
v -0.210906729 0.125748575 0.109065041
v -0.210004836 0.126948223 0.107880674
v -0.200603649 0.13126874 0.103459649
v -0.210048616 0.132707953 0.11680308
v -0.20065017 0.138341963 0.114420876
v -0.210238114 0.0977561772 0.152577534
v -0.210951388 0.131151706 0.117438056
v -0.210101634 0.134710521 0.127316341
v -0.200704366 0.14080061 0.127334595
v -0.211139008 0.107962623 0.153001755
v -0.210250914 0.107957892 0.154695004
v -0.200845718 0.107940651 0.160970062
v -0.211128473 0.117523931 0.151071593
v -0.210238799 0.11817091 0.152634069
v -0.200834721 0.120487347 0.158437297
v -0.200804576 0.131137982 0.151155919
v -0.211099595 0.125648484 0.145517111
v -0.210205868 0.126841709 0.14670831
v -0.200759038 0.138270706 0.140233845
v -0.210157529 0.132650122 0.137817815
v -0.21105592 0.131097242 0.137174025
v -0.211003378 0.133031592 0.127311572
v 0.145839453 -0.0599416941 -0.220743999
v 0.145793557 -0.0924063027 -0.215321898
v 0.145839453 -0.0881928876 -0.208791792
v 0.145793557 -0.0707479715 -0.23749131
v 0.145894215 -0.0561848283 -0.201013356
v 0.14576228 -0.0987270996 -0.219695061
v 0.145894244 -0.0867277384 -0.201098263
v 0.14576228 -0.0869586095 -0.248706862
v 0.145948261 -0.0600495748 -0.181304947
v 0.145751268 -0.106193528 -0.221245095
v 0.145948261 -0.0882347003 -0.193413481
v 0.145751238 -0.106106862 -0.252681941
v 0.14599441 -0.0709481686 -0.16461736
v 0.145761654 -0.113668352 -0.219736502
v 0.14599441 -0.092484273 -0.186906531
v 0.145761654 -0.125277087 -0.248812988
v 0.14602457 -0.0872216672 -0.153492332
v 0.14579244 -0.120013416 -0.21539858
v 0.14602457 -0.0988296419 -0.18256861
v 0.14579244 -0.141549677 -0.237687886
v 0.146034971 -0.106390215 -0.149622545
v 0.145837963 -0.124262989 -0.20889169
v 0.146034971 -0.106304005 -0.181059778
v 0.145837963 -0.152447656 -0.221000344
v 0.146023959 -0.125538468 -0.153598413
v 0.14589262 -0.125770092 -0.20120661
v 0.146023959 -0.113770433 -0.18260996
v 0.14589262 -0.156313002 -0.201291144
v 0.145992652 -0.14174971 -0.164813936
v 0.145946771 -0.124305561 -0.193513468
v 0.145992652 -0.120091386 -0.186983243
v 0.145946771 -0.152556896 -0.18156141
v 0.190819889 -0.0709489211 -0.164638102
v 0.190777734 -0.0423165709 -0.174122006
v 0.190774158 -0.0600506403 -0.181325674
v 0.190826371 -0.0572584346 -0.151239365
v 0.190719888 -0.0370498486 -0.200986594
v 0.190850019 -0.0872219652 -0.153513074
v 0.190719694 -0.0561854355 -0.201034129
v 0.190858394 -0.079764232 -0.135851488
v 0.19066222 -0.0421703905 -0.227880627
v 0.190860838 -0.106391273 -0.149643287
v 0.19066532 -0.0599419959 -0.220764697
v 0.190869808 -0.106444225 -0.130464599
v 0.190613061 -0.056988962 -0.250841588
v 0.190849409 -0.125539526 -0.1536192
v 0.190619051 -0.0707488805 -0.237512082
v 0.19085747 -0.133094922 -0.135999113
v 0.190580085 -0.0794080943 -0.266350329
v 0.190818518 -0.141750768 -0.164834216
v 0.190588161 -0.0869598165 -0.24872756
v 0.190824434 -0.155514956 -0.151511282
v 0.190567791 -0.106055126 -0.271881282
v 0.19077225 -0.152557656 -0.181582063
v 0.190576762 -0.106108226 -0.252702743
v 0.19077526 -0.170331404 -0.174476385
v 0.190579176 -0.132731602 -0.266498059
v 0.19071807 -0.156313762 -0.201311901
v 0.19058755 -0.125277847 -0.248833731
v 0.190717831 -0.175449193 -0.201369971
v 0.190611452 -0.155236945 -0.251114011
v 0.190663874 -0.152448863 -0.221021071
v 0.190617919 -0.141550735 -0.237708658
v 0.190660268 -0.170181245 -0.228234366
v 0.214479461 -0.073483102 -0.201092407
v 0.223823726 -0.0815757513 -0.211623952
v 0.214425296 -0.0759417489 -0.214006156
v 0.223876759 -0.0795731917 -0.201110676
v 0.214534149 -0.0760130137 -0.188193157
v 0.223779961 -0.0873354897 -0.22054638
v 0.214378774 -0.0830149651 -0.224967375
v 0.223932624 -0.0816335827 -0.190609202
v 0.214579672 -0.0831457302 -0.177271113
v 0.223752052 -0.0959733352 -0.226520345
v 0.214348108 -0.0936251655 -0.232307926
v 0.223980978 -0.0874419957 -0.181718707
v 0.214609832 -0.093796365 -0.169989735
v 0.223741621 -0.106175058 -0.228637427
v 0.214336544 -0.10615766 -0.234909698
v 0.224013895 -0.0961128026 -0.175792962
v 0.214620814 -0.106343061 -0.16745697
v 0.2237515 -0.116387919 -0.22657688
v 0.214347541 -0.118704356 -0.232377425
v 0.224026009 -0.106325813 -0.173732027
v 0.214609161 -0.118875556 -0.170059204
v 0.223778903 -0.125058874 -0.22065109
v 0.214377701 -0.129354984 -0.225096047
v 0.224013209 -0.116527535 -0.175849497
v 0.214578494 -0.129485756 -0.177399293
v 0.223822281 -0.130867288 -0.211760551
v 0.214423835 -0.136487707 -0.214173958
v 0.223979771 -0.125165388 -0.181823075
v 0.214532003 -0.136558965 -0.188360974
v 0.223875195 -0.132927224 -0.201258689
v 0.214477882 -0.139017165 -0.201274216
v 0.223930493 -0.130925119 -0.190745845
v 0.224680841 -0.123865642 -0.2194601
v 0.224725127 -0.129314408 -0.211117059
v 0.224777788 -0.106250286 -0.201184914
v 0.224651977 -0.115740947 -0.225014567
v 0.224777013 -0.131248295 -0.201254189
v 0.224641427 -0.106179789 -0.226944387
v 0.224828944 -0.129368722 -0.191381037
v 0.224652514 -0.0966288522 -0.224961653
v 0.224873558 -0.12396574 -0.183007687
v 0.224681854 -0.0885351375 -0.219361991
v 0.224902928 -0.115872018 -0.177408367
v 0.224726498 -0.0831319988 -0.210988954
v 0.224914104 -0.106321082 -0.175425261
v 0.224778488 -0.081252113 -0.201115444
v 0.224903584 -0.0967597738 -0.177355424
v 0.22483103 -0.08318647 -0.191253006
v 0.224874705 -0.088635236 -0.182909921
v 0.214534163 -0.0610653497 -0.181748196
v 0.214579672 -0.0831457302 -0.177271113
v 0.214534149 -0.0760130137 -0.188193157
v 0.214579657 -0.071732156 -0.16541481
v 0.214609832 -0.093796365 -0.169989735
v 0.214479476 -0.0572802536 -0.201047361
v 0.214479461 -0.073483102 -0.201092407
v 0.214609757 -0.0876487494 -0.154533476
v 0.214620814 -0.106343061 -0.16745697
v 0.21442531 -0.0609586909 -0.220368221
v 0.214425296 -0.0759417489 -0.214006156
v 0.21462068 -0.106388681 -0.150750428
v 0.214609161 -0.118875556 -0.170059204
v 0.214378849 -0.071536541 -0.236760139
v 0.214378774 -0.0830149651 -0.224967375
v 0.214609101 -0.125108168 -0.154637232
v 0.214578494 -0.129485756 -0.177399293
v 0.214348271 -0.0873924047 -0.247729987
v 0.214348108 -0.0936251655 -0.232307926
v 0.214578494 -0.14096418 -0.16560635
v 0.214532003 -0.136558965 -0.188360974
v 0.214336708 -0.106111735 -0.251616091
v 0.214336544 -0.10615766 -0.234909698
v 0.214532062 -0.151541576 -0.181998968
v 0.214477882 -0.139017165 -0.201274216
v 0.214347661 -0.124851815 -0.247833744
v 0.214347541 -0.118704356 -0.232377425
v 0.214477897 -0.155219555 -0.201319113
v 0.214423835 -0.136487707 -0.214173958
v 0.214377746 -0.14076826 -0.236952394
v 0.214377701 -0.129354984 -0.225096047
v 0.214423835 -0.151435062 -0.220619038
v 0.208168656 -0.0954914615 -0.256352156
v 0.208168462 -0.116846442 -0.256373823
v 0.208166048 -0.106096014 -0.257267982
v 0.208177626 -0.0852543414 -0.252941281
v 0.208162114 -0.0931553468 -0.267503947
v 0.208190322 -0.0758103728 -0.247885853
v 0.20817703 -0.126960889 -0.253056824
v 0.208161786 -0.119151592 -0.267530233
v 0.208189636 -0.136574075 -0.247989193
v 0.208159328 -0.106064588 -0.26861912
v 0.208184943 -0.0692597777 -0.257230103
v 0.208208308 -0.0676096901 -0.240733981
v 0.208171546 -0.0806931853 -0.263351202
v 0.204955921 -0.0924957097 -0.270716786
v 0.208229557 -0.0605224408 -0.23240447
v 0.208183914 -0.143102705 -0.25735575
v 0.208170727 -0.131464213 -0.26349175
v 0.204955548 -0.119801916 -0.270744443
v 0.204953074 -0.106055431 -0.271888047
v 0.208207205 -0.144672677 -0.240947947
v 0.190567791 -0.106055126 -0.271881282
v 0.190580085 -0.0794080943 -0.266350329
v 0.190579176 -0.132731602 -0.266498059
v 0.204964653 -0.132734969 -0.266502649
v 0.204978019 -0.144950241 -0.260062903
v 0.190611452 -0.155236945 -0.251114011
v 0.204965532 -0.0794056505 -0.266355008
v 0.204979122 -0.0674058348 -0.259930909
v 0.190613061 -0.056988962 -0.250841588
v 0.208202377 -0.152907088 -0.248830333
v 0.20499675 -0.155240759 -0.251115263
v 0.205019504 -0.164056227 -0.240451649
v 0.190660268 -0.170181245 -0.228234366
v 0.208203867 -0.0593319498 -0.248570815
v 0.204998329 -0.0569857582 -0.250842839
v 0.20502086 -0.0480581447 -0.240349531
v 0.19066222 -0.0421703905 -0.227880627
v 0.20822607 -0.0508166291 -0.238561466
v 0.208254784 -0.0558469966 -0.222505495
v 0.20825249 -0.0451994129 -0.22666648
v 0.205047682 -0.0421690159 -0.227879286
v 0.20507592 -0.0383907892 -0.214653432
v 0.190719888 -0.0370498486 -0.200986594
v 0.208281443 -0.0528300256 -0.211944655
v 0.20828031 -0.0415928438 -0.214041322
v 0.20830898 -0.0517579466 -0.201030046
v 0.208309129 -0.0403111055 -0.200993374
v 0.205105171 -0.0370481685 -0.200984687
v 0.20513466 -0.0381612964 -0.187340736
v 0.190777734 -0.0423165709 -0.174122006
v 0.208336726 -0.0526464656 -0.190135151
v 0.208338156 -0.0413740352 -0.187969282
v 0.208363608 -0.0559652522 -0.179578662
v 0.20836629 -0.0453426912 -0.175349802
v 0.205163211 -0.0423184 -0.174120665
v 0.205189228 -0.0484460257 -0.161903039
v 0.190826371 -0.0572584346 -0.151239365
v 0.208388016 -0.060829144 -0.16987972
v 0.208391905 -0.0511877239 -0.163696393
v 0.208409175 -0.0678274333 -0.161415324
v 0.208414033 -0.0595971458 -0.1535265
v 0.205211654 -0.0572622493 -0.151240662
v 0.205230311 -0.0675526187 -0.142294809
v 0.190858394 -0.079764232 -0.135851488
v 0.208426684 -0.0759260356 -0.154374287
v 0.208432421 -0.0694016814 -0.145003483
v 0.20843932 -0.0855393782 -0.149306461
v 0.208445624 -0.0810394064 -0.138869137
v 0.205243692 -0.0797672793 -0.135856107
v 0.205252782 -0.0926994085 -0.131613821
v 0.190869808 -0.106444225 -0.130464599
v 0.208447888 -0.095653668 -0.145988122
v 0.208454564 -0.0933505073 -0.134830743
v 0.208450288 -0.106404096 -0.145094454
v 0.208457023 -0.106435679 -0.133743286
v 0.205255255 -0.10644453 -0.130471349
v 0.205252379 -0.119999975 -0.131648645
v 0.19085747 -0.133094922 -0.135999113
v 0.208447665 -0.117006049 -0.146015361
v 0.208454221 -0.119340032 -0.134863943
v 0.208438694 -0.127245918 -0.14942196
v 0.208444744 -0.131803721 -0.139009744
v 0.205242738 -0.133092329 -0.136003762
v 0.205229178 -0.145124033 -0.142399341
v 0.190824434 -0.155514956 -0.151511282
v 0.208426014 -0.136715218 -0.15445587
v 0.208431393 -0.143267035 -0.145102963
v 0.208407983 -0.144890577 -0.161628574
v 0.208412394 -0.153164193 -0.153785214
v 0.205209896 -0.155511603 -0.15151234
v 0.205187246 -0.164179057 -0.162070125
v 0.19077526 -0.170331404 -0.174476385
v 0.20838663 -0.15177092 -0.17001003
v 0.208390057 -0.161431864 -0.163855404
v 0.208361521 -0.15665327 -0.179857746
v 0.208363801 -0.167299166 -0.175687477
v 0.205160558 -0.170330018 -0.174475059
v 0.205132619 -0.174383983 -0.18754676
v 0.190717831 -0.175449193 -0.201369971
v 0.208335161 -0.159889802 -0.19029583
v 0.208336249 -0.171169251 -0.188165322
v 0.208307371 -0.160741404 -0.20133239
v 0.208307192 -0.172188088 -0.20135875
v 0.205103129 -0.175450876 -0.201368064
v 0.205073982 -0.174338654 -0.215012312
v 0.208279967 -0.159853339 -0.212227702
v 0.208278477 -0.171126381 -0.214383349
v 0.205045715 -0.170182928 -0.22823295
v 0.208250612 -0.167159408 -0.227003545
v 0.208253324 -0.156534865 -0.222784579
v 0.208224788 -0.16131559 -0.238658562
v 0.208228678 -0.151670963 -0.232483521
v -0.145895913 -0.0924063176 -0.215321973
v -0.145941824 -0.0599417239 -0.220744029
v -0.145941824 -0.08819291 -0.208791822
v -0.145895913 -0.0707480013 -0.237491399
v -0.145996585 -0.0561848581 -0.201013431
v -0.145864621 -0.0987271219 -0.219695151
v -0.1459966 -0.0867277607 -0.201098338
v -0.145864621 -0.0869586244 -0.248706952
v -0.146050632 -0.0600496046 -0.181304991
v -0.145853609 -0.10619355 -0.22124517
v -0.146050632 -0.0882347152 -0.193413526
v -0.145853594 -0.106106877 -0.252682
v -0.146096766 -0.070948191 -0.164617404
v -0.145863995 -0.113668375 -0.219736531
v -0.146096766 -0.0924842879 -0.186906606
v -0.145863995 -0.125277102 -0.248813078
v -0.146126941 -0.0872216895 -0.153492376
v -0.145894796 -0.120013438 -0.21539861
v -0.146126941 -0.0988296568 -0.182568684
v -0.145894796 -0.141549692 -0.23768796
v -0.146137342 -0.106390238 -0.149622589
v -0.145940304 -0.124263011 -0.208891734
v -0.146137342 -0.10630402 -0.181059808
v -0.145940304 -0.152447671 -0.221000373
v -0.14612633 -0.125538483 -0.153598502
v -0.145994976 -0.125770122 -0.201206639
v -0.14612633 -0.113770455 -0.182610035
v -0.145994976 -0.156313032 -0.201291218
v -0.146095023 -0.141749725 -0.16481401
v -0.146049127 -0.124305576 -0.193513542
v -0.146095023 -0.120091408 -0.186983272
v -0.146049127 -0.152556926 -0.18156144
v -0.19088009 -0.0423166044 -0.174122125
v -0.19092223 -0.0709489584 -0.164638206
v -0.190876499 -0.0600506738 -0.181325749
v -0.190928727 -0.0572584681 -0.151239425
v -0.190822229 -0.0370498821 -0.200986698
v -0.190952376 -0.0872220024 -0.153513134
v -0.19082205 -0.056185469 -0.201034233
v -0.19096075 -0.0797642618 -0.135851547
v -0.190764576 -0.042170424 -0.227880746
v -0.190963194 -0.106391311 -0.149643391
v -0.190767661 -0.0599420294 -0.220764771
v -0.190972149 -0.106444262 -0.130464658
v -0.190715402 -0.0569889955 -0.250841707
v -0.190951765 -0.125539571 -0.15361926
v -0.190721393 -0.0707489178 -0.237512156
v -0.190959811 -0.133094952 -0.135999173
v -0.190682381 -0.0794081241 -0.266350448
v -0.19092086 -0.141750813 -0.164834291
v -0.190690473 -0.0869598538 -0.248727679
v -0.190926775 -0.155515 -0.151511326
v -0.190670103 -0.106055163 -0.271881372
v -0.190874591 -0.152557701 -0.181582183
v -0.190679073 -0.106108263 -0.252702832
v -0.190877602 -0.170331433 -0.174476504
v -0.190681487 -0.132731646 -0.266498148
v -0.190820426 -0.156313792 -0.20131202
v -0.190689862 -0.125277877 -0.248833805
v -0.190820143 -0.175449237 -0.201370046
v -0.190713763 -0.155236989 -0.25111407
v -0.190766171 -0.152448893 -0.22102119
v -0.19072023 -0.141550764 -0.237708777
v -0.190762579 -0.170181289 -0.22823444
v -0.214581802 -0.0734831393 -0.201092526
v -0.223926082 -0.081575796 -0.211624071
v -0.223979101 -0.079573229 -0.201110765
v -0.214527637 -0.0759417862 -0.21400626
v -0.21463649 -0.076013051 -0.188193277
v -0.223882303 -0.0873355269 -0.220546454
v -0.214481115 -0.0830150023 -0.224967495
v -0.224034965 -0.08163362 -0.190609321
v -0.214682028 -0.0831457675 -0.177271187
v -0.223854408 -0.0959733725 -0.226520464
v -0.214450449 -0.0936252028 -0.232308045
v -0.224083319 -0.087442033 -0.181718826
v -0.214712173 -0.0937964022 -0.169989854
v -0.223843977 -0.106175095 -0.228637531
v -0.214438885 -0.106157698 -0.234909773
v -0.224116251 -0.0961128399 -0.175793037
v -0.21472317 -0.106343098 -0.167457074
v -0.223853856 -0.116387956 -0.226576984
v -0.214449853 -0.118704394 -0.232377499
v -0.224128351 -0.10632585 -0.173732102
v -0.214711502 -0.118875593 -0.170059279
v -0.22388126 -0.125058919 -0.220651209
v -0.214480013 -0.129355028 -0.225096121
v -0.224115551 -0.116527572 -0.175849572
v -0.214680836 -0.129485801 -0.177399397
v -0.223924637 -0.130867332 -0.21176067
v -0.214526191 -0.136487752 -0.214174077
v -0.224082127 -0.125165418 -0.181823194
v -0.214634359 -0.13655901 -0.188361093
v -0.223977536 -0.132927269 -0.201258808
v -0.214580223 -0.139017195 -0.201274335
v -0.224032834 -0.130925164 -0.19074592
v -0.224783182 -0.123865679 -0.219460174
v -0.224827468 -0.129314438 -0.211117133
v -0.224880144 -0.106250323 -0.201185033
v -0.224754333 -0.115740985 -0.225014687
v -0.224879354 -0.13124834 -0.201254308
v -0.224743783 -0.106179826 -0.226944461
v -0.2249313 -0.129368767 -0.191381112
v -0.22475487 -0.0966288894 -0.224961728
v -0.224975899 -0.123965777 -0.183007777
v -0.224784195 -0.0885351747 -0.219362065
v -0.225005284 -0.115872055 -0.177408487
v -0.224828854 -0.083132036 -0.210989073
v -0.22501646 -0.106321126 -0.175425366
v -0.224880844 -0.0812521502 -0.201115564
v -0.225005925 -0.096759811 -0.177355528
v -0.224933371 -0.0831865072 -0.191253081
v -0.224977046 -0.0886352733 -0.18291004
v -0.214682028 -0.0831457675 -0.177271187
v -0.214636505 -0.061065387 -0.181748271
v -0.21463649 -0.076013051 -0.188193277
v -0.214681998 -0.0717321932 -0.165414914
v -0.214712173 -0.0937964022 -0.169989854
v -0.214581832 -0.0572802909 -0.20104748
v -0.214581802 -0.0734831393 -0.201092526
v -0.214712098 -0.0876487866 -0.154533565
v -0.21472317 -0.106343098 -0.167457074
v -0.214527667 -0.0609587282 -0.220368311
v -0.214527637 -0.0759417862 -0.21400626
v -0.214723036 -0.106388718 -0.150750488
v -0.214711502 -0.118875593 -0.170059279
v -0.21448119 -0.0715365782 -0.236760244
v -0.214481115 -0.0830150023 -0.224967495
v -0.214711457 -0.125108197 -0.154637322
v -0.214680836 -0.129485801 -0.177399397
v -0.214450583 -0.0873924419 -0.247730091
v -0.214450449 -0.0936252028 -0.232308045
v -0.214680836 -0.140964225 -0.165606454
v -0.214634359 -0.13655901 -0.188361093
v -0.21443902 -0.106111772 -0.25161621
v -0.214438885 -0.106157698 -0.234909773
v -0.214634418 -0.151541606 -0.181999087
v -0.214580223 -0.139017195 -0.201274335
v -0.214449972 -0.124851853 -0.247833863
v -0.214449853 -0.118704394 -0.232377499
v -0.214580238 -0.155219585 -0.201319233
v -0.214526191 -0.136487752 -0.214174077
v -0.214480057 -0.14076829 -0.236952513
v -0.214480013 -0.129355028 -0.225096121
v -0.214526147 -0.151435107 -0.220619157
v -0.208270967 -0.0954915062 -0.256352216
v -0.208270773 -0.116846479 -0.256373942
v -0.208268344 -0.106096059 -0.257268101
v -0.208279923 -0.0852543786 -0.2529414
v -0.208264425 -0.0931553841 -0.267504036
v -0.208292663 -0.0758104101 -0.247885972
v -0.208279341 -0.126960918 -0.253056943
v -0.208264098 -0.11915163 -0.267530352
v -0.208291948 -0.136574119 -0.247989312
v -0.208261639 -0.106064625 -0.26861918
v -0.208287299 -0.0692598149 -0.257230222
v -0.208310664 -0.0676097274 -0.240734056
v -0.208273858 -0.0806932226 -0.263351291
v -0.205058232 -0.0924957469 -0.270716876
v -0.208331898 -0.0605224781 -0.232404545
v -0.208273038 -0.131464243 -0.263491839
v -0.208286226 -0.143102735 -0.257355869
v -0.205057859 -0.119801961 -0.270744532
v -0.205055386 -0.106055468 -0.271888167
v -0.208309516 -0.144672722 -0.240948021
v -0.190670103 -0.106055163 -0.271881372
v -0.190682381 -0.0794081241 -0.266350448
v -0.190681487 -0.132731646 -0.266498148
v -0.205066964 -0.132734999 -0.266502768
v -0.20508033 -0.144950271 -0.260063022
v -0.190713763 -0.155236989 -0.25111407
v -0.205067843 -0.0794056877 -0.266355127
v -0.205081433 -0.067405872 -0.259930998
v -0.190715402 -0.0569889955 -0.250841707
v -0.208304688 -0.152907118 -0.248830408
v -0.205099061 -0.155240804 -0.251115382
v -0.205121815 -0.164056256 -0.240451768
v -0.190762579 -0.170181289 -0.22823444
v -0.208306208 -0.0593319871 -0.248570934
v -0.205100685 -0.0569857955 -0.250842959
v -0.205123216 -0.0480581857 -0.24034965
v -0.190764576 -0.042170424 -0.227880746
v -0.208328411 -0.0508166701 -0.238561586
v -0.20835714 -0.0558470339 -0.222505599
v -0.208354831 -0.0451994501 -0.226666555
v -0.205150023 -0.0421690568 -0.22787936
v -0.205178276 -0.0383908264 -0.214653552
v -0.190822229 -0.0370498821 -0.200986698
v -0.208383784 -0.0528300665 -0.211944759
v -0.208382666 -0.0415928848 -0.214041397
v -0.208411321 -0.0517579839 -0.20103015
v -0.208411485 -0.0403111465 -0.200993463
v -0.205207512 -0.0370482057 -0.200984761
v -0.205237001 -0.0381613337 -0.187340811
v -0.19088009 -0.0423166044 -0.174122125
v -0.208439082 -0.0526465029 -0.19013527
v -0.208440512 -0.0413740724 -0.187969357
v -0.208465949 -0.0559652895 -0.179578781
v -0.208468646 -0.0453427322 -0.175349921
v -0.205265552 -0.0423184372 -0.174120739
v -0.205291569 -0.048446063 -0.161903113
v -0.190928727 -0.0572584681 -0.151239425
v -0.208490372 -0.0608291812 -0.169879839
v -0.208494261 -0.0511877611 -0.163696483
v -0.208511516 -0.0678274706 -0.161415398
v -0.208516389 -0.0595971867 -0.153526559
v -0.205313995 -0.0572622865 -0.151240751
v -0.205332652 -0.0675526634 -0.142294914
v -0.19096075 -0.0797642618 -0.135851547
v -0.208529025 -0.0759260729 -0.154374331
v -0.208534777 -0.0694017187 -0.145003542
v -0.208541676 -0.0855394155 -0.149306506
v -0.208547965 -0.0810394436 -0.138869241
v -0.205346048 -0.079767324 -0.135856196
v -0.205355123 -0.0926994458 -0.131613865
v -0.190972149 -0.106444262 -0.130464658
v -0.208550245 -0.0956537053 -0.145988226
v -0.20855692 -0.0933505446 -0.134830847
v -0.208552644 -0.106404133 -0.145094559
v -0.208559379 -0.106435716 -0.13374339
v -0.205357611 -0.106444567 -0.130471453
v -0.20535472 -0.12000002 -0.131648734
v -0.190959811 -0.133094952 -0.135999173
v -0.208550006 -0.117006086 -0.146015421
v -0.208556578 -0.119340077 -0.134864032
v -0.208541051 -0.127245963 -0.14942202
v -0.208547086 -0.131803751 -0.139009848
v -0.205345094 -0.133092359 -0.136003867
v -0.205331534 -0.145124063 -0.1423994
v -0.190926775 -0.155515 -0.151511326
v -0.208528355 -0.136715263 -0.15445593
v -0.208533734 -0.14326708 -0.145103022
v -0.208510339 -0.144890606 -0.161628649
v -0.20851475 -0.153164238 -0.153785273
v -0.205312252 -0.155511647 -0.151512444
v -0.205289587 -0.164179087 -0.16207023
v -0.190877602 -0.170331433 -0.174476504
v -0.208488971 -0.151770949 -0.170010105
v -0.208492413 -0.161431894 -0.163855478
v -0.208463877 -0.1566533 -0.179857865
v -0.208466142 -0.167299211 -0.175687596
v -0.205262899 -0.170330063 -0.174475133
v -0.20523496 -0.174384013 -0.187546879
v -0.190820143 -0.175449237 -0.201370046
v -0.208437517 -0.159889847 -0.190295935
v -0.208438605 -0.171169296 -0.188165426
v -0.208409727 -0.160741434 -0.20133251
v -0.208409488 -0.172188133 -0.201358825
v -0.205205441 -0.175450906 -0.201368138
v -0.205176294 -0.174338698 -0.215012431
v -0.208382279 -0.159853384 -0.212227777
v -0.208380789 -0.171126425 -0.214383423
v -0.205148026 -0.170182973 -0.228233069
v -0.208352923 -0.167159438 -0.227003664
v -0.208355635 -0.156534895 -0.222784653
v -0.2083271 -0.161315635 -0.238658667
v -0.208330989 -0.151671007 -0.232483625
vn -0.611497283 0.76325351 0.208602771
vn -0.000647030189 -0.356831431 0.934168518
vn -0.00314013311 -0.38098523 0.924575806
vn -1 0 -1.50995803E-07
vn -1 0 -1.50995803E-07
vn -0.999767959 -0.0169330332 0.0133134956
vn -1 0 -1.50995803E-07
vn -1 2.88269831E-07 9.34278773E-07
vn -1 0 -1.50995803E-07
vn -1 7.46487274E-07 7.05899197E-07
vn -1 2.88269831E-07 9.34278773E-07
vn -1 0 -1.50995803E-07
vn -1 7.46487274E-07 7.05899197E-07
vn -1 3.28481383E-06 -3.908971E-07
vn -1 2.88269831E-07 9.34278773E-07
vn -1 3.25756196E-06 -5.68468181E-07
vn -1 3.28481383E-06 -3.908971E-07
vn -1 7.46487274E-07 7.05899197E-07
vn -1 3.25756196E-06 -5.68468181E-07
vn -1 3.48757709E-07 5.43387159E-07
vn -1 3.28481383E-06 -3.908971E-07
vn -1 3.48757709E-07 5.43387159E-07
vn -1 2.7476807E-07 -1.65862019E-07
vn -1 3.1559237E-05 5.45680678E-06
vn -1 3.46765046E-06 -3.17205149E-07
vn -1 7.7446316E-07 -4.09826924E-07
vn -1 5.8990554E-05 1.88501017E-05
vn -1 7.7446316E-07 -4.09826924E-07
vn -1 0 -1.50995803E-07
vn -1 0 -1.50995803E-07
vn -1 5.80315032E-07 7.19347611E-07
vn -1 1.06715447E-06 2.02959586E-06
vn -1 4.19711932E-06 7.58448959E-06
vn -1 4.25108908E-07 2.01905937E-06
vn -1 1.58479452E-06 4.44152784E-06
vn -1 3.95226721E-07 1.72249372E-06
vn -1 1.46389311E-06 4.22564472E-06
vn -1 1.65233502E-07 -1.10832207E-06
vn -1 1.58479452E-06 4.44152784E-06
vn -1 -4.61193679E-07 -1.83597342E-06
vn -1 -1.43076625E-06 -2.40680197E-06
vn -1 1.65233502E-07 -1.10832207E-06
vn -1 -9.07649451E-07 -2.36230062E-06
vn -1 3.77145881E-07 0
vn -1 -1.43076625E-06 -2.40680197E-06
vn -1 4.71176975E-07 -3.67671169E-06
vn -1 -3.16802641E-07 -1.29805983E-06
vn -1 5.80315032E-07 7.19347611E-07
vn -1 1.18993668E-07 -1.16723157E-07
vn -1 -2.06858158E-06 -1.04023211E-05
vn -1 -1.92718312E-06 -1.48867875E-05
vn -1 1.14635782E-06 -2.93879766E-05
vn -1 0 -1.50995803E-07
vn -1 1.55930616E-06 -6.80605979E-07
vn -1 1.18993668E-07 -1.16723157E-07
vn -1 6.2960612E-07 -1.60753325E-06
vn -1 0 -7.58495446E-07
vn -1 1.55930616E-06 -6.80605979E-07
vn -1 2.7476807E-07 -1.65862019E-07
vn -1 0 -7.58495446E-07
vn -1 6.2960612E-07 -1.60753325E-06
vn -1 3.48757709E-07 5.43387159E-07
vn -1 -1.52906352E-07 7.38040228E-07
vn -1 2.7476807E-07 -1.65862019E-07
vn -1 -1.52906352E-07 7.38040228E-07
vn -1 0 -7.58495446E-07
vn -1 3.25756196E-06 -5.68468181E-07
vn -1 -1.52906352E-07 7.38040228E-07
vn -1 3.48757709E-07 5.43387159E-07
vn 1 8.40268456E-07 -1.66838083E-06
vn 1 1.40666248E-06 0
vn 1 1.48003573E-06 2.0644255E-07
vn 1 8.40268456E-07 -1.66838083E-06
vn 1 8.35223318E-07 -1.79677158E-06
vn 1 1.40666248E-06 0
vn 1 8.40268456E-07 -1.66838083E-06
vn 1 2.8702047E-07 -1.4858357E-06
vn 1 8.35223318E-07 -1.79677158E-06
vn 1 6.29153419E-07 -1.52713915E-06
vn 1 3.53243621E-07 -1.5502892E-06
vn 1 2.56095944E-07 -1.30098078E-06
vn 1 -3.31446415E-07 -1.37106861E-06
vn 1 -8.01279896E-07 -1.01160754E-06
vn 1 -9.26328994E-07 -2.30320302E-06
vn 1 -2.25218798E-07 -1.36139886E-06
vn 1 -1.18341092E-07 -7.57034456E-07
vn 1 -5.18740819E-07 -6.61874196E-07
vn 1 0 1.50995803E-07
vn 1 6.29153419E-07 -1.52713915E-06
vn 1 2.8702047E-07 -1.4858357E-06
vn 1 8.40268456E-07 -1.66838083E-06
vn 1 -3.31446415E-07 -1.37106861E-06
vn 1 2.56095944E-07 -1.30098078E-06
vn 1 6.29153419E-07 -1.52713915E-06
vn 1 -9.26328994E-07 -2.30320302E-06
vn 1 -1.18341092E-07 -7.57034456E-07
vn 1 -5.59009322E-06 -1.71305492E-05
vn 1 0 0
vn 1 -1.20632848E-07 2.17832493E-07
vn 1 -3.70738974E-07 9.36045694E-07
vn 1 -2.1112956E-07 3.27029454E-07
vn 1 3.5024479E-07 4.78922459E-07
vn 1 0 0
vn 1 -2.1112956E-07 3.27029454E-07
vn 1 -8.72099747E-07 9.18434068E-07
vn 1 3.5024479E-07 4.78922459E-07
vn 1 -2.26898777E-07 3.10086648E-07
vn 1 -8.72099747E-07 9.18434068E-07
vn 1 -2.1112956E-07 3.27029454E-07
vn 0.984862745 -0.136257365 0.107141733
vn 0.999768078 -0.0169305112 0.0133130178
vn 0.672653913 -0.581671059 0.457378805
vn 1 3.16914452E-06 -1.88802471E-06
vn 1 2.90744174E-06 -1.55043142E-06
vn 0.999768078 -0.0169305112 0.0133130178
vn 1 5.82604002E-07 4.31768797E-07
vn 1 2.90744174E-06 -1.55043142E-06
vn 1 3.16914452E-06 -1.88802471E-06
vn 1 5.82604002E-07 4.31768797E-07
vn 1 1.10555924E-07 7.79598906E-07
vn 1 2.90744174E-06 -1.55043142E-06
vn 1 -9.69334906E-07 4.86936301E-07
vn 1 1.10555924E-07 7.79598906E-07
vn 1 5.82604002E-07 4.31768797E-07
vn 1 -9.69334906E-07 4.86936301E-07
vn 1 -9.7475754E-07 4.76055504E-07
vn 1 1.10555924E-07 7.79598906E-07
vn 1 0 0
vn 1 -9.7475754E-07 4.76055504E-07
vn 1 -9.69334906E-07 4.86936301E-07
vn -0.993779123 0.102625065 -0.0432555228
vn -0.997350216 0.0727499127 -4.44994803E-05
vn -0.995167732 0.0978979245 0.0075628059
vn -0.995670915 0.0773328319 -0.0515668355
vn -0.998730361 -0.0194698162 -0.0464606434
vn -1 -4.37259951E-05 -1.0352303E-06
vn -0.0732699633 0.169809818 -0.982749224
vn -0.0743531659 0.148949221 -0.986045539
vn 0.0732702613 0.169809774 -0.982749224
vn 0.074353449 0.148949191 -0.986045539
vn -0.0477035008 -0.38551119 -0.921469212
vn 0.995670915 0.0773326829 -0.0515665524
vn 0.993779123 0.102625124 -0.0432552546
vn 0.998730361 -0.0194702446 -0.0464606509
vn 0.0477038324 -0.3855111 -0.921469212
vn 0.99606353 0.0750949457 0.0470974147
vn 0.99951458 -0.00130094995 0.0311266351
vn 0.99328655 0.100102887 0.0579752922
vn 0.0763930306 0.0447120033 0.996074796
vn 0.0693532974 0.0539386049 0.996132851
vn 0.723758936 -0.4336254 -0.536788642
vn 0.0363107175 -0.623918831 -0.780645132
vn -0.0363103747 -0.623918831 -0.780645132
vn -0.723758698 -0.433625579 -0.536788821
vn -0.0763934702 0.0447120219 0.996074796
vn -0.0693534315 0.0539385974 0.996132851
vn 0.0514389388 -0.0422525145 0.997781932
vn -0.704569876 0.0878251269 0.704179049
vn -0.703754604 0.102298029 0.703039408
vn -0.0514392294 -0.0422525182 0.997781932
vn -0.707338989 -0.0285662562 0.70629704
vn -0.0183490478 -0.0728118569 0.997176886
vn -0.707103908 -0.0514949858 0.705232024
vn 0.0183487609 -0.0728118569 0.997176886
vn 0.985001087 -0.012566953 0.172090426
vn 1 -1.4749188E-06 -2.31564127E-06
vn 1 -1.92527568E-06 -9.05568982E-07
vn 1 -3.80084452E-06 -3.93201447E-07
vn 1 -3.07360665E-06 3.64676026E-07
vn 1 1.31909258E-06 2.67364226E-06
vn 1 3.3909464E-06 4.24045493E-06
vn -1.24745185E-07 -0.246830523 0.969058692
vn -1.28909107E-07 -0.213005111 0.977051079
vn -1.24745185E-07 -0.246830523 0.969058692
vn -1.28909107E-07 -0.213005126 0.977051079
vn -0.00271707424 -0.194811374 0.980836928
vn 0.00271681207 -0.194811374 0.980836928
vn -0.0583122484 -0.147354543 0.987363279
vn -0.0252200104 -0.032176204 0.999163985
vn -0.279534757 0.214608893 0.935843706
vn 0.0583119728 -0.147354543 0.987363279
vn 0.025219718 -0.0321761966 0.999163985
vn 0.279534459 0.214608938 0.935843766
vn -0.65882796 -0.270955861 0.701803803
vn -0.92226094 -0.206042886 0.327079654
vn -0.41004765 -0.2801117 0.867985249
vn -0.975648344 -0.192184404 0.105714083
vn -0.982895851 -0.146661356 -0.111383013
vn -0.690467119 -0.221090928 0.688748062
vn -0.979494929 -0.172440082 -0.104182772
vn -0.0241152756 -0.144544497 -0.989204466
vn -0.986042202 -0.152206808 0.0674818307
vn -0.683602273 0.0957842767 0.723542154
vn -0.0888271332 -0.132508367 -0.987193644
vn 0.0241155103 -0.144544452 -0.989204466
vn -0.986169219 -0.125075474 -0.108748928
vn -0.991709054 0.0598442517 -0.113718137
vn -0.998560131 0.0126817059 0.0521239713
vn 0.0888275504 -0.132508367 -0.987193525
vn -0.055465281 -0.0627772287 -0.996485114
vn -0.213305146 0.16551353 -0.962863564
vn 0.979495049 -0.172439665 -0.104182467
vn 0.982896149 -0.146661013 -0.111380868
vn 0.975648224 -0.192184329 0.105714336
vn 0.922260344 -0.206043392 0.327081114
vn 0.658827901 -0.27095589 0.701803982
vn 0.410047382 -0.28011182 0.867985249
vn 0.69046706 -0.221090823 0.68874824
vn 0.986042321 -0.152206585 0.0674817413
vn 0.998411417 0.00227887672 0.0562975444
vn 0.991528511 0.0654037967 -0.112221248
vn 0.683602154 0.0957845375 0.723542273
vn 0.986169219 -0.125075117 -0.108749062
vn 0.0554655902 -0.0627772063 -0.996485114
vn 0.213305593 0.165513635 -0.962863445
vn -0.00140961458 0.175735623 -0.984436393
vn 0.00140988117 0.175735623 -0.984436393
vn 0.143438697 0.287840813 -0.946875453
vn -0.143438458 0.287840813 -0.946875453
vn 0.0636194125 0.502971411 -0.861958444
vn -0.0636192262 0.502971828 -0.861958206
vn -0.311713845 0.509514809 -0.802015722
vn 0.311711967 0.509515047 -0.802016318
vn -0.547146916 0.734226584 -0.401922196
vn -0.263949126 0.795386255 -0.545611203
vn -0.609168947 0.784826756 0.113842703
vn 0.547145963 0.734226942 -0.40192309
vn 0.263946325 0.79538691 -0.545611501
vn 0.609170437 0.784825563 0.113842718
vn -0.894699037 0.34341374 -0.285622984
vn -0.777970374 0.608104944 -0.158020422
vn -0.770914197 0.636938393 -0.000912997522
vn -0.165633395 0.889417827 0.42602995
vn -0.979004622 0.203598589 -0.00988125242
vn -0.976966441 0.21257934 -0.0186186396
vn -0.972361565 0.230641738 -0.0362957679
vn -0.972362697 0.230637178 -0.0362951569
vn -0.978935838 0.203913659 -0.0101841697
vn -0.972361147 0.23064445 -0.036290668
vn -0.972362041 0.230640322 -0.0362934433
vn -0.979850531 0.17302312 -0.0997796729
vn -0.976584494 0.205212116 -0.0645799115
vn -0.979858041 0.172907948 -0.0999045298
vn -0.943129957 0.263362378 0.202845544
vn -0.567612886 0.784678459 0.24918969
vn -0.463009089 0.452866107 0.761928439
vn -0.429120868 0.556768715 0.711241186
vn -0.377422094 0.311824083 0.871962309
vn -1 -1.6497645E-06 -2.61763307E-06
vn -1 -1.39785197E-06 -3.8153853E-06
vn -1 -2.10012149E-06 -1.20756056E-06
vn -1 -3.21869948E-06 -2.62824727E-07
vn -1 -1.67494784E-06 5.65854748E-07
vn -1 1.14424699E-06 2.37165045E-06
vn -1 3.21610082E-06 3.93846358E-06
vn 0.377421826 0.311824143 0.871962488
vn 0.4291206 0.556768775 0.711241245
vn 0.463007659 0.452866286 0.761929214
vn 0.165633097 0.889417827 0.42603004
vn 0.943356395 0.263154656 0.202060327
vn 0.567612648 0.784678578 0.249189258
vn 0.90505898 0.424854577 -0.0191489458
vn 0.975322545 0.213807732 -0.055065535
vn 0.777970672 0.608104885 -0.15801923
vn 0.940731823 0.290142477 -0.175616324
vn 0.972348511 0.230727106 -0.0361028314
vn 0.970864236 0.237198174 -0.0340531841
vn 0.98434943 0.172005862 -0.0383431874
vn 0.963284612 0.256997824 -0.0776849762
vn 0.966650903 0.25488162 -0.0249277707
vn 0.97236222 0.230638966 -0.0362965763
vn 0.978082657 0.207751736 -0.0139161879
vn 2.97668612E-06 -0.258821994 0.965925038
vn 0.126326188 0.0947358534 0.987454653
vn -0.228678912 -0.799336195 0.555668652
vn -0.556379914 -0.560259581 0.613637149
vn -0.340404034 -0.878174365 -0.336057782
vn -0.355101824 0.312935621 0.880893886
vn 0.29618901 0.656663179 0.693588912
vn -0.652406037 -0.709264398 -0.267040163
vn -0.191069067 -0.292399883 -0.937013865
vn -0.172248244 0.968732715 0.178570956
vn 0.336851567 0.938794672 0.0720802546
vn -0.598239422 -0.127645746 -0.791085482
vn 1.3899546E-06 0.258817047 -0.965926409
vn -0.221730664 0.681633294 -0.697288752
vn 0.109854706 0.536637723 -0.836631238
vn 0.296207756 0.915475249 -0.272334427
vn -0.916767418 0.265494227 0.298412949
vn -0.981793523 0.121331833 0.146150231
vn -0.889963746 0.111567445 -0.442173302
vn -0.85174042 0.46647197 0.238625914
vn -0.939689457 0.330374539 0.0885233358
vn -0.921218395 0.352792859 -0.163993314
vn -0.851740539 0.523289084 0.0265794266
vn -0.296204746 0.915476382 -0.27233389
vn -0.339517921 0.932314336 0.124569379
vn -0.127681106 0.578945935 -0.805306911
vn 0.15290761 0.697093487 -0.700485408
vn 0.186974704 -0.27948004 -0.941770434
vn 0.052073162 0.978645742 0.198849082
vn 0.233924761 0.30112955 0.924445927
vn -0.143506736 0.145945281 0.978828847
vn 0.215632454 -0.773151994 0.596438229
vn 0.489190042 -0.586585522 0.645453691
vn 0.341226608 -0.887881994 -0.308593482
vn 0.618567705 -0.742171228 -0.257984191
vn 0.556416214 -0.137391567 -0.819465995
vn 0.851741195 0.466469139 0.238628313
vn 0.916767716 0.265489608 0.298416227
vn 0.851741195 0.523288548 0.0265752152
vn 0.981794119 0.121327445 0.146150529
vn 0.939691186 0.33036986 0.0885223225
vn 0.921218038 0.352790982 -0.163999379
vn 0.889962792 0.111563347 -0.442176133
vn -0.993779123 0.102625065 -0.0432555228
vn -0.997350216 0.0727500394 -4.42092824E-05
vn -0.995167732 0.0978977978 0.00756279565
vn -0.995670915 0.0773328021 -0.051566571
vn -0.998730361 -0.0194701441 -0.0464608558
vn -1 -4.35540933E-05 -1.03632578E-06
vn -0.0732699782 0.169809818 -0.982749224
vn -0.0743531808 0.148949221 -0.986045539
vn 0.0732700974 0.169809774 -0.982749224
vn 0.0743535683 0.148949221 -0.986045539
vn -0.0477034561 -0.38551113 -0.921469212
vn 0.995670915 0.07733275 -0.0515667684
vn 0.993779123 0.10262499 -0.0432552658
vn 0.998730361 -0.0194703005 -0.046460703
vn 0.0477038361 -0.38551113 -0.921469212
vn 0.99606353 0.07509505 0.0470972843
vn 0.99951458 -0.0013012751 0.0311262868
vn 0.99328655 0.100102901 0.0579755418
vn 0.0763930306 0.0447120033 0.996074796
vn 0.0693532974 0.0539386049 0.996132851
vn 0.723758936 -0.4336254 -0.536788642
vn 0.0363107175 -0.623918831 -0.780645132
vn -0.0363103859 -0.623918831 -0.780645132
vn -0.723761141 -0.433624327 -0.536786556
vn -0.0763933435 0.0447119921 0.996074796
vn -0.0693536028 0.0539385863 0.996132851
vn 0.0514389537 -0.0422525145 0.997781932
vn -0.704569876 0.087825112 0.704179049
vn -0.703756988 0.102298051 0.703037083
vn -0.0514392443 -0.0422525033 0.997781932
vn -0.707338989 -0.0285659917 0.70629704
vn -0.0183490459 -0.0728118569 0.997176886
vn -0.707103908 -0.0514949858 0.705232024
vn 0.0183487497 -0.0728118718 0.997176886
vn 0.985001206 -0.0125672789 0.172089577
vn 1 -1.86550426E-06 -2.93230028E-06
vn 1 -2.42845022E-06 -1.16971E-06
vn 1 -4.24308519E-06 -5.09441747E-07
vn 1 -3.07360665E-06 3.64676026E-07
vn 1 1.31909258E-06 2.67364226E-06
vn 1 3.3909464E-06 4.24045493E-06
vn -1.24745185E-07 -0.246830523 0.969058692
vn -1.28909107E-07 -0.213005126 0.977051079
vn -1.24745185E-07 -0.246830523 0.969058692
vn -1.28909107E-07 -0.213005126 0.977051079
vn -0.00271707401 -0.194811374 0.980836928
vn 0.00271681207 -0.194811344 0.980836928
vn -0.0583122484 -0.147354543 0.987363279
vn -0.0252200104 -0.032176204 0.999163985
vn -0.279534757 0.214608893 0.935843706
vn 0.0583119728 -0.147354543 0.987363279
vn 0.025219718 -0.0321761966 0.999163985
vn 0.279534459 0.214608938 0.935843766
vn -0.658830106 -0.270955861 0.701801777
vn -0.922260523 -0.206043065 0.327080607
vn -0.41004768 -0.280111909 0.867985189
vn -0.975648224 -0.192184404 0.105714269
vn -0.98289603 -0.146661192 -0.111381158
vn -0.690467179 -0.221090734 0.688748121
vn -0.979495168 -0.17243953 -0.104181796
vn -0.0241151787 -0.144544467 -0.989204466
vn -0.986042321 -0.152206734 0.0674813241
vn -0.683602333 0.0957844034 0.723542154
vn -0.0888272449 -0.132508397 -0.987193644
vn 0.0241155848 -0.144544452 -0.989204466
vn -0.986169219 -0.125075355 -0.108749352
vn -0.991709173 0.059843678 -0.113718085
vn -0.998560131 0.0126819033 0.052123934
vn 0.0888274536 -0.132508323 -0.987193644
vn -0.05546524 -0.0627771914 -0.996485114
vn -0.213306293 0.16551353 -0.962863266
vn 0.979495168 -0.172439665 -0.104181953
vn 0.982895851 -0.146661445 -0.111382976
vn 0.975648224 -0.192184344 0.105714485
vn 0.922260761 -0.206042811 0.32708025
vn 0.658828914 -0.270955831 0.701802969
vn 0.410046369 -0.28011182 0.867985785
vn 0.690467 -0.221090764 0.68874824
vn 0.986042202 -0.152206674 0.0674816668
vn 0.998411417 0.0022788723 0.0562975444
vn 0.991528511 0.0654036924 -0.112221241
vn 0.683602154 0.0957845375 0.723542273
vn 0.986169219 -0.125075117 -0.108749062
vn 0.0554655902 -0.0627772063 -0.996485114
vn 0.213305682 0.165513664 -0.962863326
vn -0.00140962563 0.175735623 -0.984436393
vn 0.00140988128 0.175735623 -0.984436393
vn 0.143438458 0.287840426 -0.946875513
vn -0.143438458 0.287840813 -0.946875453
vn 0.0636194348 0.502971172 -0.861958623
vn -0.0636192188 0.50297159 -0.861958325
vn -0.311712205 0.509514987 -0.802016199
vn 0.311711401 0.509515107 -0.802016497
vn -0.547147095 0.734226406 -0.401922345
vn -0.263949126 0.795386255 -0.545611203
vn -0.609170675 0.784825385 0.113842607
vn 0.547145486 0.734227121 -0.401923239
vn 0.263947636 0.795386553 -0.545611382
vn 0.609170556 0.784825563 0.113842398
vn -0.894699633 0.343413055 -0.285622448
vn -0.777970016 0.608105659 -0.158019289
vn -0.770914912 0.636937499 -0.000912667019
vn -0.165633395 0.889417827 0.42602998
vn -0.979006588 0.203589544 -0.00986824371
vn -0.976967692 0.212574214 -0.0186136644
vn -0.972361803 0.230641156 -0.0362932943
vn -0.972362041 0.230640218 -0.0362948962
vn -0.978939176 0.203898787 -0.0101696616
vn -0.972362339 0.230637923 -0.0362971276
vn -0.972362161 0.230639413 -0.0362951383
vn -0.979850292 0.173024505 -0.099779211
vn -0.976581097 0.205238357 -0.0645493865
vn -0.979853809 0.172973409 -0.0998336896
vn -0.943130493 0.263361096 0.202844307
vn -0.567612886 0.784678519 0.249189079
vn -0.463007987 0.452866197 0.761928976
vn -0.429120868 0.556768715 0.711241186
vn -0.377422094 0.311824083 0.871962309
vn -1 -1.6497645E-06 -2.61763307E-06
vn -1 -1.39785197E-06 -3.8153853E-06
vn -1 -2.10012149E-06 -1.20756056E-06
vn -1 -3.21869948E-06 -2.62824727E-07
vn -1 -1.67494784E-06 5.65854748E-07
vn -1 2.23840502E-07 1.67560438E-06
vn -1 1.37528752E-06 2.54637143E-06
vn 0.377421826 0.311824143 0.871962488
vn 0.4291206 0.556768775 0.711241245
vn 0.463007659 0.452866286 0.761929214
vn 0.165633097 0.889417827 0.42603004
vn 0.943356395 0.263154656 0.202060327
vn 0.567612648 0.784678578 0.249189258
vn 0.90505898 0.424854577 -0.0191488434
vn 0.975341618 0.213685557 -0.0552010611
vn 0.777969182 0.608106673 -0.158019617
vn 0.940732002 0.29014191 -0.175616011
vn 0.972360909 0.230647132 -0.0362797491
vn 0.970864058 0.237198994 -0.034052901
vn 0.98434943 0.172005862 -0.0383431874
vn 0.963284969 0.256996751 -0.0776842758
vn 0.96665144 0.254879653 -0.0249244049
vn 0.972361922 0.230640471 -0.0362950563
vn 0.978083432 0.207747728 -0.013912336
vn 2.97665019E-06 -0.258822054 0.965925038
vn 0.126327261 0.0947474092 0.98745352
vn -0.228674114 -0.799336314 0.555670381
vn -0.556378424 -0.560262561 0.613635838
vn -0.340404183 -0.878175557 -0.336054504
vn -0.355101943 0.312933296 0.880894721
vn 0.296188086 0.656663835 0.693588793
vn -0.65240562 -0.709265053 -0.267039299
vn -0.191070825 -0.292402029 -0.937012792
vn -0.172248602 0.968732595 0.178570971
vn 0.336851656 0.938794553 0.0720816553
vn -0.59824121 -0.127645552 -0.79108417
vn 1.38996495E-06 0.258817047 -0.965926409
vn -0.221729517 0.681635261 -0.697287142
vn 0.109856732 0.536637604 -0.836631
vn 0.296207815 0.915475368 -0.272334039
vn -0.916767836 0.265489429 0.298415959
vn -0.981794238 0.121327288 0.146150216
vn -0.889962733 0.111563206 -0.442176372
vn -0.851741254 0.466469139 0.238628075
vn -0.939691246 0.330369711 0.0885220394
vn -0.921218038 0.352790803 -0.163999647
vn -0.851741195 0.523288429 0.0265749581
vn -0.296204656 0.915476263 -0.272334248
vn -0.339516312 0.932314813 0.124570549
vn -0.127681583 0.578946054 -0.805306733
vn 0.152907312 0.697094023 -0.700485051
vn 0.186974868 -0.279480606 -0.941770196
vn 0.0520734675 0.978645563 0.198849857
vn 0.233924225 0.30112955 0.924445987
vn -0.143506408 0.145946935 0.978828609
vn 0.215632245 -0.773151577 0.596438944
vn 0.489189714 -0.586585402 0.645454049
vn 0.341226608 -0.887881994 -0.308593482
vn 0.618567705 -0.742171228 -0.257984191
vn 0.556416512 -0.137391776 -0.819465756
vn 0.851741195 0.466469139 0.238628313
vn 0.916767716 0.265489608 0.298416227
vn 0.851741195 0.523288548 0.0265752152
vn 0.981794119 0.121327445 0.146150529
vn 0.939691186 0.33036986 0.0885223225
vn 0.921218038 0.352790982 -0.163999379
vn 0.889962792 0.111563347 -0.442176133
vn -0.993779123 0.10262496 -0.0432552993
vn -0.997350216 0.0727500618 -4.43182362E-05
vn -0.995167732 0.0978978798 0.00756326877
vn -0.995670915 0.0773327425 -0.0515667312
vn -0.998730361 -0.0194702409 -0.0464607067
vn -1 -4.36142909E-05 -9.68311383E-07
vn -0.0732698515 0.169809803 -0.982749224
vn -0.0743532628 0.148949236 -0.986045539
vn 0.0732701346 0.169809774 -0.982749224
vn 0.0743535385 0.148949221 -0.986045539
vn -0.0477035046 -0.38551113 -0.921469212
vn 0.995670915 0.0773327574 -0.0515666418
vn 0.993779123 0.102625005 -0.0432552136
vn 0.998730361 -0.0194701664 -0.0464606248
vn 0.0477038547 -0.3855111 -0.921469212
vn 0.99606353 0.0750950649 0.0470973775
vn 0.99951458 -0.00130107149 0.0311266016
vn 0.99328655 0.100102879 0.0579754934
vn 0.0763930157 0.0447120033 0.996074796
vn 0.0693533123 0.0539386049 0.996132851
vn 0.723758698 -0.433625668 -0.536788762
vn 0.03631071 -0.623918831 -0.780645132
vn -0.0363103673 -0.623918831 -0.780645132
vn -0.723759055 -0.43362543 -0.536788404
vn -0.0763933361 0.0447119921 0.996074796
vn -0.0693536326 0.0539386012 0.996132851
vn 0.0514389649 -0.0422525108 0.997781932
vn -0.704569876 0.0878251493 0.704179049
vn -0.703757405 0.102298133 0.703036726
vn -0.0514392443 -0.0422525145 0.997781932
vn -0.707338989 -0.0285660997 0.70629704
vn -0.0183490328 -0.0728118569 0.997176886
vn -0.707104385 -0.0514951013 0.705231488
vn 0.018348746 -0.0728118718 0.997176886
vn 0.985000968 -0.0125671783 0.172090828
vn 1 -1.64810115E-06 -2.11065912E-06
vn 1 -1.85059605E-06 -1.18609398E-06
vn 1 -3.68736823E-06 -4.3753144E-07
vn 1 -2.4835424E-06 5.53364828E-07
vn 1 1.20404206E-06 2.58663658E-06
vn 1 3.1608447E-06 4.06644403E-06
vn -1.24745185E-07 -0.246830523 0.969058692
vn -1.28909107E-07 -0.21300517 0.977051079
vn -1.24745185E-07 -0.246830523 0.969058692
vn -1.28909107E-07 -0.213005126 0.977051079
vn -0.00271707401 -0.194811344 0.980836928
vn 0.00271681207 -0.194811374 0.980836928
vn -0.0583123043 -0.147354513 0.987363279
vn -0.0252199955 -0.032176204 0.999163985
vn -0.279534727 0.214608982 0.935843706
vn 0.0583119765 -0.147354543 0.987363279
vn 0.0252197236 -0.0321762003 0.999163985
vn 0.279534459 0.214608863 0.935843766
vn -0.658828855 -0.270955801 0.701803029
vn -0.922260821 -0.206042856 0.327080011
vn -0.410047442 -0.28011173 0.867985249
vn -0.975648344 -0.192184374 0.105714306
vn -0.98289597 -0.146661326 -0.111382514
vn -0.690466881 -0.221090868 0.6887483
vn -0.979495168 -0.172439724 -0.104182206
vn -0.0241152309 -0.144544452 -0.989204466
vn -0.986042202 -0.152206734 0.0674816519
vn -0.683602452 0.0957845524 0.723541975
vn -0.08882723 -0.132508367 -0.987193644
vn 0.0241155587 -0.144544452 -0.989204466
vn -0.986169219 -0.125075206 -0.108749166
vn -0.991709054 0.0598444007 -0.113718286
vn -0.998560131 0.0126818353 0.0521237813
vn 0.0888275057 -0.132508323 -0.987193525
vn -0.0554652363 -0.0627772138 -0.996485114
vn -0.213305905 0.165513605 -0.962863326
vn 0.979495168 -0.17243968 -0.104182154
vn 0.98289597 -0.146661222 -0.111382276
vn 0.975648344 -0.192184314 0.105714358
vn 0.922260761 -0.206042856 0.327080131
vn 0.658828616 -0.270955771 0.701803267
vn 0.410047293 -0.28011176 0.867985368
vn 0.69046694 -0.221090809 0.68874824
vn 0.986042202 -0.152206704 0.0674816817
vn 0.998411417 0.00227865716 0.0562975593
vn 0.991528511 0.0654035062 -0.112221107
vn 0.683601916 0.0957845747 0.723542452
vn 0.986169219 -0.125075176 -0.108749017
vn 0.0554655716 -0.0627772063 -0.996485114
vn 0.213305861 0.165513605 -0.962863326
vn -0.0014096176 0.175735638 -0.984436393
vn 0.00140988198 0.175735623 -0.984436393
vn 0.143438548 0.287840724 -0.946875453
vn -0.143438354 0.287840873 -0.946875453
vn 0.0636194199 0.50297147 -0.861958325
vn -0.0636192262 0.50297153 -0.861958325
vn -0.31171158 0.509515107 -0.802016377
vn 0.311711878 0.509515047 -0.802016318
vn -0.547145724 0.734227121 -0.401922971
vn -0.263948411 0.795386434 -0.545611262
vn -0.609170377 0.784825802 0.113842145
vn 0.547145724 0.734227121 -0.401922882
vn 0.263948351 0.795386434 -0.545611262
vn 0.609170198 0.784825861 0.113842174
vn -0.894699514 0.343412757 -0.285622925
vn -0.777969301 0.608106554 -0.158019677
vn -0.770914614 0.636937857 -0.000912503398
vn -0.165633649 0.889417827 0.426029891
vn -0.979005337 0.203595698 -0.00987262558
vn -0.976966679 0.212577954 -0.0186187252
vn -0.97236222 0.23063907 -0.0362961404
vn -0.972362161 0.230639443 -0.0362951681
vn -0.978938341 0.203902483 -0.01017329
vn -0.972361803 0.230640993 -0.0362959392
vn -0.972362161 0.230639547 -0.0362950973
vn -0.979850411 0.173024461 -0.0997790843
vn -0.976582468 0.205227792 -0.064561218
vn -0.979855537 0.172948673 -0.0998594165
vn -0.943130136 0.263361484 0.202845171
vn -0.567612886 0.784678459 0.249189243
vn -0.463007927 0.452866346 0.761928916
vn -0.429121524 0.556768358 0.711241066
vn -0.377421826 0.311823964 0.871962488
vn -1 -1.8773942E-06 -2.15377281E-06
vn -1 -1.63082598E-06 -3.32611671E-06
vn -1 -1.94169274E-06 -1.17644197E-06
vn -1 -3.62213518E-06 -5.29169313E-07
vn -1 -2.4634528E-06 4.66772292E-07
vn -1 9.53053473E-07 2.42596388E-06
vn -1 2.93873609E-06 3.9276124E-06
vn 0.377421856 0.311823964 0.871962488
vn 0.429121226 0.556768537 0.711241007
vn 0.463007689 0.452866346 0.761929095
vn 0.165633336 0.889417827 0.42602995
vn 0.943356276 0.263154685 0.202060699
vn 0.567612588 0.784678757 0.249189451
vn 0.905058861 0.424854904 -0.019148631
vn 0.97533685 0.213715985 -0.055167269
vn 0.777969241 0.608106613 -0.158019722
vn 0.940731883 0.29014203 -0.175615937
vn 0.972357869 0.230667129 -0.0362355262
vn 0.970864058 0.237198755 -0.0340535007
vn 0.984349072 0.17200765 -0.0383430868
vn 0.963285029 0.256996423 -0.0776836872
vn 0.96665144 0.254879743 -0.0249258187
vn 0.972361684 0.230641559 -0.0362943932
vn 0.978083014 0.207750261 -0.0139141111
vn 2.97664747E-06 -0.258821994 0.965925038
vn 0.126326382 0.0947427228 0.987454057
vn -0.228674054 -0.799336195 0.555670559
vn -0.556378245 -0.56026262 0.613635898
vn -0.340404093 -0.878175378 -0.336054891
vn -0.355101466 0.312933415 0.880894721
vn 0.296187609 0.656663775 0.693588972
vn -0.652405381 -0.709265232 -0.267039478
vn -0.191070721 -0.292402595 -0.937012613
vn -0.172248945 0.968732595 0.178570837
vn 0.336849451 0.938795388 0.0720811933
vn -0.598241091 -0.127645895 -0.791084051
vn 1.38996518E-06 0.258817047 -0.965926409
vn -0.221729666 0.681635439 -0.697286963
vn 0.109856725 0.536638916 -0.836630166
vn 0.296207249 0.915475607 -0.272334039
vn -0.916767716 0.265489846 0.298416108
vn -0.981794 0.12132784 0.146150529
vn -0.889962435 0.111563914 -0.442176878
vn -0.851741314 0.466469049 0.238628015
vn -0.939691067 0.330370277 0.0885221958
vn -0.921217859 0.35279125 -0.163999632
vn -0.851741195 0.523288369 0.0265750419
vn -0.296205103 0.915476203 -0.272334248
vn -0.339516282 0.932314813 0.12457069
vn -0.127681553 0.578945637 -0.805306971
vn 0.152907461 0.697093964 -0.70048517
vn 0.186974913 -0.279480755 -0.941770077
vn 0.0520737469 0.978645563 0.198850051
vn 0.233924195 0.301129431 0.924446106
vn -0.143506467 0.145946398 0.978828728
vn 0.215631872 -0.773151636 0.596438885
vn 0.489189625 -0.586585701 0.64545393
vn 0.341226578 -0.887882113 -0.308593184
vn 0.618567646 -0.742171288 -0.257984102
vn 0.556416392 -0.13739191 -0.819465876
vn 0.851741195 0.466469198 0.238628343
vn 0.916767895 0.265489161 0.298416048
vn 0.851741076 0.523288548 0.0265751276
vn 0.981794238 0.121326804 0.146150082
vn 0.939691365 0.330369294 0.0885221511
vn 0.921218157 0.352790534 -0.163999513
vn 0.88996309 0.111562535 -0.442175746
vn -0.993779123 0.10262496 -0.0432552993
vn -0.997350216 0.0727500841 -4.42093624E-05
vn -0.995167732 0.0978978798 0.00756333442
vn -0.995670915 0.0773327574 -0.0515666418
vn -0.998730361 -0.0194702838 -0.0464606024
vn -1 -4.35540933E-05 -1.03632578E-06
vn -0.0732697994 0.169809818 -0.982749224
vn -0.0743532777 0.148949251 -0.986045539
vn 0.0732702687 0.169809803 -0.982749224
vn 0.0743534639 0.148949191 -0.986045539
vn -0.0477035157 -0.3855111 -0.921469212
vn 0.995670915 0.0773326829 -0.0515665524
vn 0.993779123 0.102625124 -0.0432552546
vn 0.998730361 -0.0194702446 -0.0464606509
vn 0.0477038324 -0.385511011 -0.921469212
vn 0.99606353 0.0750949457 0.0470974147
vn 0.99951458 -0.00130094995 0.0311266351
vn 0.99328655 0.100102887 0.0579752922
vn 0.0763930306 0.0447120033 0.996074796
vn 0.0693532974 0.0539386049 0.996132851
vn 0.723758936 -0.4336254 -0.536788642
vn 0.0363107175 -0.623918831 -0.780645132
vn -0.0363103673 -0.623918772 -0.780645192
vn -0.723758817 -0.433625609 -0.536788583
vn -0.0763932988 0.0447119884 0.996074796
vn -0.0693536699 0.0539385974 0.996132851
vn 0.0514389388 -0.0422525145 0.997781932
vn -0.704569876 0.0878251269 0.704179049
vn -0.703758121 0.102298148 0.70303601
vn -0.0514392518 -0.0422525108 0.997781932
vn -0.707338989 -0.0285659917 0.70629704
vn -0.0183490478 -0.0728118569 0.997176886
vn -0.707103908 -0.0514949858 0.705232024
vn 0.0183487609 -0.0728118569 0.997176886
vn 0.985001087 -0.012566953 0.172090426
vn 1 -1.4749188E-06 -2.31564127E-06
vn 1 -1.92527568E-06 -9.05568982E-07
vn 1 -3.80084452E-06 -3.93201447E-07
vn 1 -3.07360665E-06 3.64676026E-07
vn 1 1.31909258E-06 2.67364226E-06
vn 1 3.3909464E-06 4.24045493E-06
vn -1.24745185E-07 -0.246830523 0.969058692
vn -1.28909107E-07 -0.213005126 0.977051079
vn -1.24745185E-07 -0.246830523 0.969058692
vn -1.28909107E-07 -0.213005126 0.977051079
vn -0.00271707401 -0.194811344 0.980836928
vn 0.00271681207 -0.194811344 0.980836928
vn -0.0583122484 -0.147354543 0.987363279
vn -0.0252200104 -0.032176204 0.999163985
vn -0.279534757 0.214608893 0.935843706
vn 0.0583119728 -0.147354543 0.987363279
vn 0.025219718 -0.0321761966 0.999163985
vn 0.279534459 0.214608938 0.935843766
vn -0.658829093 -0.270955771 0.70180279
vn -0.922260761 -0.206042752 0.32708019
vn -0.410047621 -0.2801117 0.867985249
vn -0.975648224 -0.192184404 0.105714582
vn -0.98289597 -0.146661252 -0.111382082
vn -0.690467119 -0.221090838 0.688748062
vn -0.979495168 -0.17243965 -0.104181819
vn -0.0241152178 -0.144544452 -0.989204466
vn -0.986042202 -0.152206779 0.0674815923
vn -0.683602452 0.0957846493 0.723541975
vn -0.0888271779 -0.132508367 -0.987193644
vn 0.0241154991 -0.144544467 -0.989204466
vn -0.986169219 -0.125075132 -0.108749099
vn -0.991709054 0.0598443598 -0.113718182
vn -0.998560131 0.0126818214 0.0521237776
vn 0.0888275355 -0.132508352 -0.987193525
vn -0.05546524 -0.0627772287 -0.996485114
vn -0.213306114 0.16551362 -0.962863266
vn 0.979495168 -0.17243959 -0.104181603
vn 0.982896149 -0.146661013 -0.111380868
vn 0.975648224 -0.192184433 0.105714515
vn 0.922260463 -0.206042916 0.327080935
vn 0.658829987 -0.270955831 0.701802015
vn 0.410047382 -0.28011182 0.867985249
vn 0.690467 -0.221090734 0.68874824
vn 0.986042202 -0.152206764 0.0674815997
vn 0.998411417 0.00227886811 0.0562975444
vn 0.991528511 0.0654036105 -0.112221226
vn 0.683602154 0.0957845375 0.723542273
vn 0.986169219 -0.125075117 -0.108749062
vn 0.0554655902 -0.0627772063 -0.996485114
vn 0.213305801 0.165513724 -0.962863326
vn -0.00140961632 0.175735623 -0.984436393
vn 0.00140988128 0.175735623 -0.984436393
vn 0.143438503 0.287840754 -0.946875453
vn -0.143438458 0.287840813 -0.946875453
vn 0.0636194125 0.50297153 -0.861958325
vn -0.0636192337 0.50297147 -0.861958325
vn -0.311710984 0.509515226 -0.802016497
vn 0.311710775 0.509515166 -0.802016616
vn -0.547146618 0.734226584 -0.401922762
vn -0.263947695 0.795386553 -0.545611382
vn -0.609170675 0.784825504 0.113842569
vn 0.547145009 0.734227419 -0.401923299
vn 0.263949037 0.795386136 -0.545611441
vn 0.609170616 0.784825563 0.1138421
vn -0.894699633 0.343412519 -0.285622656
vn -0.777970016 0.608105659 -0.158019334
vn -0.770914912 0.636937499 -0.000912661315
vn -0.165633366 0.889417708 0.42603004
vn -0.979005098 0.203596443 -0.00987285282
vn -0.976966441 0.212578997 -0.0186197646
vn -0.972362161 0.230639681 -0.0362947658
vn -0.97236222 0.230639204 -0.0362951495
vn -0.978938341 0.203902513 -0.01017329
vn -0.972361565 0.23064144 -0.0362960733
vn -0.972362161 0.230639458 -0.0362951458
vn -0.979850292 0.173024476 -0.099779211
vn -0.976581097 0.205238357 -0.0645494014
vn -0.979853809 0.172973409 -0.0998336896
vn -0.943130255 0.263361245 0.202845022
vn -0.567612886 0.784678519 0.249189168
vn -0.463007629 0.452866316 0.761929095
vn -0.429121554 0.556768537 0.711240888
vn -0.377422094 0.311824083 0.871962309
vn -1 -1.6497645E-06 -2.61763307E-06
vn -1 -1.39785197E-06 -3.8153853E-06
vn -1 -2.10012149E-06 -1.20756056E-06
vn -1 -3.93777327E-06 -3.90725802E-07
vn -1 -2.85858164E-06 4.93482219E-07
vn -1 9.91961429E-07 2.65428889E-06
vn -1 3.12157476E-06 4.26478255E-06
vn 0.377421826 0.311824143 0.871962488
vn 0.4291206 0.556768775 0.711241245
vn 0.463007659 0.452866286 0.761929214
vn 0.165633097 0.889417827 0.42603004
vn 0.943356395 0.263154656 0.202060327
vn 0.567612648 0.784678578 0.249189258
vn 0.90505898 0.424854577 -0.0191487465
vn 0.975322545 0.213807702 -0.0550655462
vn 0.77796787 0.608108401 -0.158019975
vn 0.940732241 0.290141433 -0.175615698
vn 0.972348034 0.230728969 -0.0361024998
vn 0.970864236 0.237198174 -0.0340531804
vn 0.98434943 0.172005862 -0.0383431874
vn 0.963285267 0.256995678 -0.0776836276
vn 0.966652095 0.254877746 -0.0249210559
vn 0.972361028 0.230644464 -0.0362942666
vn 0.978084385 0.207743794 -0.0139084812
vn 2.97664974E-06 -0.258821994 0.965925038
vn 0.12632753 0.094748199 0.987453401
vn -0.228674114 -0.799336314 0.555670381
vn -0.556378424 -0.560262561 0.613635838
vn -0.340404183 -0.878175557 -0.336054504
vn -0.355101526 0.312933564 0.880894721
vn 0.296187162 0.656664014 0.693588912
vn -0.65240562 -0.709265053 -0.267039299
vn -0.191071004 -0.292402595 -0.937012613
vn -0.172249064 0.968732595 0.178570956
vn 0.336848795 0.938795567 0.0720814466
vn -0.598241329 -0.127645642 -0.791083992
vn 1.38996609E-06 0.258817047 -0.965926409
vn -0.221729502 0.681635559 -0.697286963
vn 0.109856859 0.536639214 -0.836629987
vn 0.296207011 0.915475607 -0.27233395
vn -0.916767836 0.265489429 0.298415959
vn -0.981794238 0.121327288 0.146150216
vn -0.889962733 0.111563206 -0.442176372
vn -0.851741254 0.466469139 0.238628075
vn -0.939691246 0.330369711 0.0885220394
vn -0.921218038 0.352790803 -0.163999647
vn -0.851741195 0.523288429 0.0265749581
vn -0.296204478 0.915476263 -0.272334576
vn -0.339514583 0.932315469 0.124570251
vn -0.12768209 0.578946173 -0.805306554
vn 0.152907059 0.6970945 -0.700484753
vn 0.186975047 -0.279481202 -0.941769898
vn 0.0520742983 0.978645563 0.198849797
vn 0.233923927 0.301130295 0.924445808
vn -0.143507197 0.145946741 0.97882849
vn 0.215632454 -0.773151994 0.596438229
vn 0.489190042 -0.586585522 0.645453691
vn 0.341226608 -0.887881994 -0.308593482
vn 0.618567705 -0.742171228 -0.257984191
vn 0.55641669 -0.13739197 -0.819465578
vn 0.851741195 0.466469139 0.238628313
vn 0.916767716 0.265489608 0.298416227
vn 0.851741195 0.523288548 0.0265752152
vn 0.981794119 0.121327445 0.146150529
vn 0.939691186 0.33036986 0.0885223225
vn 0.921218038 0.352790982 -0.163999379
vn 0.889962792 0.111563347 -0.442176133
vn -0.993779123 0.102624893 -0.0432552956
vn -0.997350216 0.0727500394 -4.42092824E-05
vn -0.995167732 0.0978978202 0.0075633293
vn -0.995670915 0.0773327053 -0.0515666418
vn -0.998730361 -0.0194707569 -0.0464605577
vn -1 -4.35540933E-05 -1.03632578E-06
vn -0.0732697994 0.169809803 -0.982749224
vn -0.0743532777 0.148949251 -0.986045539
vn 0.0732702911 0.169809803 -0.982749224
vn 0.074353449 0.148949221 -0.986045539
vn -0.0477035269 -0.385511011 -0.921469212
vn 0.995670915 0.077332817 -0.0515665635
vn 0.993779123 0.102624983 -0.0432552621
vn 0.998730361 -0.0194702204 -0.0464605577
vn 0.0477038547 -0.38551113 -0.921469212
vn 0.99606353 0.0750952736 0.0470974259
vn 0.99951458 -0.00130095182 0.0311261229
vn 0.993286669 0.100102767 0.0579752885
vn 0.0763930306 0.044712007 0.996074796
vn 0.0693533272 0.0539386012 0.996132851
vn 0.723758936 -0.4336254 -0.536788642
vn 0.0363107175 -0.623918831 -0.780645132
vn -0.0363103598 -0.623918772 -0.780645192
vn -0.723758817 -0.433625787 -0.536788404
vn -0.0763933659 0.0447119921 0.996074796
vn -0.0693536177 0.05393859 0.996132851
vn 0.0514390878 -0.0422525145 0.997781932
vn -0.704569876 0.087825112 0.704179049
vn -0.703756988 0.102298051 0.703037083
vn -0.0514392443 -0.0422525033 0.997781932
vn -0.707338989 -0.0285659917 0.70629704
vn -0.0183490478 -0.0728118569 0.997176886
vn -0.707103908 -0.0514949858 0.705232024
vn 0.0183487628 -0.0728118867 0.997176886
vn 0.98500073 -0.0125670591 0.172091916
vn 1 -1.4749188E-06 -2.31564127E-06
vn 1 -8.56084398E-07 -2.04951471E-06
vn 1 -3.36297489E-06 -9.07009735E-07
vn 1 -1.50010226E-06 8.67846325E-07
vn 1 1.31909258E-06 2.67364226E-06
vn 1 3.3909464E-06 4.24045493E-06
vn -1.24745185E-07 -0.246830523 0.969058692
vn -1.28909107E-07 -0.213005126 0.977051079
vn -1.24745185E-07 -0.246830523 0.969058692
vn -1.28909107E-07 -0.213005126 0.977051079
vn -0.00271707447 -0.194811374 0.980836928
vn 0.00271682465 -0.194811374 0.980836928
vn -0.0583122708 -0.147354513 0.987363279
vn -0.0252200104 -0.032176204 0.999163985
vn -0.279534757 0.214608893 0.935843706
vn 0.0583118126 -0.147354618 0.987363279
vn 0.0252196621 -0.0321762413 0.999163985
vn 0.279533446 0.214607984 0.935844183
vn -0.658830106 -0.270955861 0.701801777
vn -0.922260523 -0.206043065 0.327080607
vn -0.41004768 -0.280111909 0.867985189
vn -0.975648224 -0.192184404 0.105714269
vn -0.982896149 -0.146661147 -0.111380666
vn -0.690467179 -0.221090734 0.688748121
vn -0.979495168 -0.172439501 -0.104181707
vn -0.0241152681 -0.144544497 -0.989204466
vn -0.986042321 -0.152206734 0.0674813241
vn -0.683602512 0.0957848802 0.723541915
vn -0.0888271704 -0.132508337 -0.987193644
vn 0.0241155922 -0.144544497 -0.989204466
vn -0.986169219 -0.125075355 -0.108749352
vn -0.991709054 0.0598436259 -0.113718182
vn -0.998560131 0.0126819257 0.0521240011
vn 0.088827461 -0.132508337 -0.987193644
vn -0.0554652475 -0.0627772212 -0.996485114
vn -0.213305965 0.165513769 -0.962863326
vn 0.979495049 -0.172439933 -0.104182474
vn 0.98289597 -0.146661192 -0.11138273
vn 0.975648344 -0.19218424 0.105714411
vn 0.922260821 -0.206042752 0.327079952
vn 0.658827782 -0.270955712 0.701804042
vn 0.410047412 -0.280111611 0.867985368
vn 0.69046694 -0.221091151 0.688748121
vn 0.986042202 -0.152207196 0.0674821362
vn 0.998411417 0.00227712072 0.0562969223
vn 0.991528511 0.0654037148 -0.11222133
vn 0.683602452 0.0957844034 0.723541975
vn 0.986169219 -0.125075296 -0.10874863
vn 0.0554656051 -0.0627772212 -0.996485114
vn 0.213305801 0.165513724 -0.962863326
vn -0.00140961818 0.175735623 -0.984436393
vn 0.00140988152 0.175735623 -0.984436393
vn 0.143438295 0.287840664 -0.946875513
vn -0.143438458 0.287840813 -0.946875453
vn 0.0636194199 0.502971649 -0.861958265
vn -0.0636192337 0.50297147 -0.861958325
vn -0.311709911 0.509515345 -0.802016795
vn 0.311710835 0.509515285 -0.802016497
vn -0.547146142 0.734226644 -0.401923239
vn -0.263946295 0.795386851 -0.54561156
vn -0.609170556 0.784825504 0.113842532
vn 0.547142804 0.734228969 -0.401923418
vn 0.263949126 0.795386255 -0.545611084
vn 0.609169126 0.784826815 0.1138409
vn -0.894698977 0.343413413 -0.285623699
vn -0.777970016 0.608105659 -0.158019379
vn -0.770914912 0.636937499 -0.000912666903
vn -0.165633366 0.889417708 0.42603004
vn -0.979005337 0.203595743 -0.00987005141
vn -0.976966679 0.212578207 -0.0186189599
vn -0.972362339 0.230638221 -0.0362962224
vn -0.972362041 0.230640218 -0.0362948962
vn -0.978939176 0.203898787 -0.0101696607
vn -0.972362339 0.230637923 -0.0362971276
vn -0.972362161 0.230639458 -0.0362951458
vn -0.979850292 0.173024505 -0.0997791812
vn -0.976581097 0.205238357 -0.0645494014
vn -0.979853809 0.172973409 -0.0998336896
vn -0.943130076 0.263361454 0.202845708
vn -0.567612886 0.784678459 0.249189168
vn -0.46300742 0.452866524 0.761929095
vn -0.42912212 0.556768417 0.71124053
vn -0.377422094 0.311824083 0.871962309
vn -1 -1.6497645E-06 -2.61763307E-06
vn -1 -1.39785197E-06 -3.8153853E-06
vn -1 -2.10012149E-06 -1.20756056E-06
vn -1 -4.65684661E-06 -5.18626905E-07
vn -1 -4.04221464E-06 4.21109775E-07
vn -1 8.39675465E-07 2.93692779E-06
vn -1 3.02704916E-06 4.59110151E-06
vn 0.377421826 0.311824143 0.871962488
vn 0.429123044 0.556768358 0.711239934
vn 0.463008225 0.452866912 0.761928439
vn 0.165634125 0.889418006 0.426029265
vn 0.943354785 0.263157815 0.202063397
vn 0.567612708 0.784678519 0.249189377
vn 0.905058384 0.424856007 -0.0191488806
vn 0.975360334 0.213565439 -0.0553356409
vn 0.777966559 0.608110011 -0.158019885
vn 0.940732241 0.290141433 -0.175615877
vn 0.972373307 0.230566949 -0.0364567302
vn 0.970864177 0.23719795 -0.0340559557
vn 0.984347701 0.172015935 -0.038343139
vn 0.963286161 0.256993413 -0.0776805729
vn 0.966652811 0.254875362 -0.0249203444
vn 0.972361028 0.230644464 -0.0362942703
vn 0.978084385 0.207743794 -0.0139084812
vn 2.97664928E-06 -0.258821994 0.965925038
vn 0.126327261 0.0947474092 0.98745352
vn -0.228674114 -0.799336314 0.555670381
vn -0.556378424 -0.560262561 0.613635838
vn -0.340404183 -0.878175557 -0.336054504
vn -0.355101943 0.312933296 0.880894721
vn 0.296188086 0.656663716 0.693588793
vn -0.65240562 -0.709265053 -0.267039299
vn -0.191071317 -0.292403549 -0.937012255
vn -0.172248602 0.968732595 0.178570971
vn 0.336851656 0.938794553 0.0720816553
vn -0.598241627 -0.127645954 -0.791083694
vn 1.38996927E-06 0.258817047 -0.965926409
vn -0.221729785 0.681635857 -0.697286487
vn 0.109857261 0.536638856 -0.836630166
vn 0.296207815 0.915475368 -0.272334039
vn -0.916767836 0.265489429 0.298415959
vn -0.981794238 0.121327288 0.146150216
vn -0.889962733 0.111563206 -0.442176372
vn -0.851741254 0.466469139 0.238628075
vn -0.939691246 0.330369711 0.0885220394
vn -0.921218038 0.352790803 -0.163999647
vn -0.851741195 0.523288429 0.0265749581
vn -0.296204567 0.915476382 -0.27233392
vn -0.339511395 0.932316303 0.124573044
vn -0.12768282 0.578945875 -0.805306554
vn 0.152905956 0.697095394 -0.700483978
vn 0.186975449 -0.279482424 -0.941769481
vn 0.0520758629 0.978645086 0.19885169
vn 0.233922631 0.301128864 0.924446642
vn -0.143505722 0.145947412 0.978828609
vn 0.215628877 -0.773151457 0.596440375
vn 0.489188403 -0.586587489 0.645453215
vn 0.341226697 -0.887882471 -0.30859217
vn 0.618566871 -0.742171884 -0.257984012
vn 0.556417167 -0.137392402 -0.81946522
vn 0.851742148 0.466466427 0.238630533
vn 0.916768134 0.265484869 0.298419178
vn 0.851741672 0.523287773 0.0265707318
vn 0.981794715 0.121322908 0.146150485
vn 0.939692974 0.330365092 0.0885210335
vn 0.92121774 0.352789015 -0.164005727
vn 0.889961898 0.11155916 -0.442179263
vn 0.000106782798 -0.981310487 -0.192431256
vn 0.000191365369 -0.926574826 -0.376110375
vn 0.000106782783 -0.981310487 -0.192431241
vn 0.000191145446 -0.926769316 -0.375630885
vn 0.000338021899 -0.715167761 -0.698952734
vn 0.000337891455 -0.715451777 -0.698661983
vn 0.00043173341 -0.389515519 -0.921019793
vn 0.00043169604 -0.38972652 -0.920930564
vn 0.000461263931 0.00277292798 -0.999996066
vn 0.000461264164 0.0027662213 -0.999996066
vn 0.000417013973 0.394620568 -0.918844044
vn 0.000416969007 0.394829154 -0.918754399
vn 0.000308066956 0.719016433 -0.694993019
vn 0.000307928072 0.719296932 -0.694702685
vn 0.000171093387 0.928623676 -0.37102291
vn 0.000170870597 0.928816497 -0.370540112
vn -1.86437082E-05 0.99999702 0.00247391243
vn -1.89033526E-05 0.99999547 0.00303148548
vn -0.00018951825 0.926762998 0.375646681
vn -0.000189736616 0.926567972 0.376127452
vn -0.000337893551 0.715445757 0.698668242
vn -0.000338022655 0.715164542 0.698956072
vn -0.000424914731 0.389742494 0.920923769
vn -0.00042495472 0.389537334 0.921010613
vn -0.000465611112 -0.00276645669 0.999996066
vn -0.00046561085 -0.00277309236 0.999996066
vn -0.000410100474 -0.39483127 0.918753564
vn -0.000410148496 -0.394625247 0.918842077
vn -0.000301882537 -0.719291687 0.694708049
vn -0.00030201982 -0.719009399 0.695000291
vn -0.000156317008 -0.928818166 0.370535821
vn -0.000156542621 -0.92862761 0.371013135
vn -6.9913789E-05 -0.982356548 0.187017664
vn -6.99137745E-05 -0.982356548 0.187017649
vn 0 -0.928408206 0.371562034
vn 0 -0.982357621 0.187011793
vn 0 -0.98235786 0.187010929
vn 0 -0.928408504 0.37156114
vn 0 -0.718693972 0.695326567
vn 0 -0.718693435 0.695327044
vn -2.24265378E-07 -0.3943986 0.918939471
vn -2.24265278E-07 -0.394399047 0.918939292
vn -1.50753749E-07 -0.00276215863 0.999996185
vn -1.50753749E-07 -0.00276214723 0.999996185
vn -2.93389149E-07 0.389308512 0.921107411
vn -2.93389064E-07 0.389310807 0.921106517
vn -2.59408267E-07 0.714846432 0.699281514
vn -2.59408466E-07 0.714845538 0.699282408
vn -1.37857E-07 0.926356137 0.376648575
vn -1.37857086E-07 0.926355839 0.37664938
vn 0 0.999993563 0.00360990153
vn 0 0.999993563 0.00360894785
vn 0 0.92903024 -0.370003611
vn 0 0.929030657 -0.370002806
vn 1.32740496E-07 0.719630599 -0.694357097
vn 1.32740126E-07 0.719631612 -0.694356143
vn 2.24340837E-07 0.39506942 -0.918651283
vn 2.24340866E-07 0.39506942 -0.918651283
vn 2.81569157E-07 0.00277824607 -0.999996185
vn 2.81569385E-07 0.00277579785 -0.999996185
vn 1.73132932E-07 -0.389952213 -0.920835078
vn 1.73132989E-07 -0.389954448 -0.920834124
vn 1.68020904E-07 -0.715763092 -0.698343277
vn 1.68020904E-07 -0.715763092 -0.698343277
vn 1.37679805E-07 -0.92697835 -0.375114858
vn 1.37679805E-07 -0.92697835 -0.375114858
vn 1.14846749E-07 -0.981308162 -0.192442775
vn 1.14846749E-07 -0.981308162 -0.192442775
vn 0.00031124652 -0.92788434 -0.372868091
vn 0.000106686704 -0.981302083 -0.19247362
vn 0.000106636173 -0.981311262 -0.19242689
vn 0.000311972486 -0.92760843 -0.373553902
vn 0.000426498387 -0.71849364 -0.695533335
vn 0.000426654326 -0.718350649 -0.695681036
vn 0.000482977455 -0.39281559 -0.919617057
vn 0.000482988282 -0.392791957 -0.919627249
vn 0.000463888427 0.00275613135 -0.999996066
vn 0.000463888253 0.0027635009 -0.999996066
vn 0.000463886041 0.397922099 -0.917419136
vn 0.000463893812 0.397906303 -0.917425931
vn 0.000394174363 0.72232151 -0.691557229
vn 0.00039433589 0.722180009 -0.691705167
vn 0.000268650445 0.929905832 -0.367797673
vn 0.000269363489 0.929642141 -0.368463576
vn -0.000125260325 0.999995112 0.00313210022
vn -0.000124421029 0.999997258 0.00234366092
vn -0.000301021937 0.927668869 0.373403937
vn -0.000300657761 0.927806735 0.373060971
vn -0.00041775679 0.718330443 0.695701957
vn -0.000417599775 0.718472958 0.695554733
vn -0.000480794552 0.392841816 0.91960597
vn -0.000480786315 0.392859906 0.919598222
vn -0.000462515105 -0.00277172471 0.999996066
vn -0.000462515309 -0.00276353816 0.999996066
vn -0.000466431666 -0.397920728 0.917419732
vn -0.000466418802 -0.397946775 0.917408407
vn -0.000385574443 -0.722154081 0.691732168
vn -0.000385404244 -0.722303569 0.691576123
vn -0.000263522234 -0.929710507 0.36829105
vn -0.000263177208 -0.929838002 0.367969036
vn -0.000296108396 -0.982422352 0.186671585
vn -0.000296836166 -0.982289493 0.187369272
vn 0.000106620086 -0.981306255 -0.192452863
vn 0.000192187304 -0.926572263 -0.376116723
vn 0.000106620246 -0.981306136 -0.192453206
vn 0.000191965941 -0.926767766 -0.37563473
vn 0.00034869762 -0.715172231 -0.698948085
vn 0.000348571863 -0.715459943 -0.698653698
vn 0.000432610104 -0.389513642 -0.921020508
vn 0.000432572881 -0.389723599 -0.920931756
vn 0.000461986754 0.00277244952 -0.999996066
vn 0.000461987016 0.00276634283 -0.999996066
vn 0.000410389912 0.394624829 -0.918842256
vn 0.000410341716 0.394830197 -0.918753982
vn 0.000295282603 0.71902746 -0.694981575
vn 0.000295140664 0.719303489 -0.69469589
vn 0.000171359745 0.928626359 -0.371016324
vn 0.00017113793 0.928817928 -0.370536327
vn -1.9162504E-05 0.99999702 0.0024579647
vn -1.9422343E-05 0.99999547 0.00302034128
vn -0.000206910452 0.926764607 0.375642598
vn -0.000207126344 0.926568866 0.376125067
vn -0.000335746765 0.715438664 0.698675454
vn -0.000335874647 0.715157509 0.698963225
vn -0.000425581995 0.389743268 0.920923471
vn -0.000425621693 0.389539957 0.921009481
vn -0.000466517231 -0.00276883855 0.999996066
vn -0.000466517202 -0.00277036335 0.999996066
vn -0.000417425443 -0.394844264 0.918747962
vn -0.000417471689 -0.3946307 0.918839753
vn -0.00028891387 -0.719288945 0.69471097
vn -0.000289055955 -0.719007611 0.695002079
vn -0.000154481837 -0.928813934 0.37054643
vn -0.000154704132 -0.928624749 0.371020138
vn -6.87103893E-05 -0.982356369 0.18701835
vn -6.87103893E-05 -0.982356369 0.18701835
vn 0.999985576 0.00185881031 0.00505527575
vn 0.999996305 1.50225433E-05 0.00274185184
vn 0.999983788 7.65008645E-06 0.00570729841
vn 0.999996781 0.000806950789 0.00242823944
vn 0.999990702 0.00277410168 0.00329994503
vn 0.999997973 0.00116149301 0.0016353064
vn 0.99999702 0.00207593641 0.00134129124
vn 0.999999285 0.000845574134 0.000814045197
vn 0.999999881 6.40957114E-06 0.000462983677
vn 0.999999881 1.5220041E-05 0.000463008037
vn 0.99999702 -0.00204820558 0.00133372098
vn 0.999999404 -0.000808521057 0.000810597907
vn 0.99999094 -0.00274321157 0.00328124827
vn 0.999998093 -0.00112540869 0.00162958971
vn 0.999985576 -0.001850995 0.00505794957
vn 0.999996781 -0.000783714175 0.00243436475
vn 0.999983549 -1.95211123E-06 0.00574079202
vn 0.999996185 7.08023208E-06 0.00275969459
vn 0.999985456 0.00185698352 0.00507712178
vn 0.999996781 0.000802044291 0.00243848283
vn 0.999990702 0.00277739856 0.00331429509
vn 0.999997973 0.00115672976 0.00163990841
vn 0.999996901 0.00208704639 0.00134805229
vn 0.999999285 0.000844508992 0.000815261737
vn 0.999999881 3.91499816E-06 0.000462341995
vn 0.999999881 1.47328574E-05 0.000462371972
vn 0.99999702 -0.00207725773 0.0013486502
vn 0.999999404 -0.00081495184 0.000815659761
vn 0.999990702 -0.00276240357 0.00331080146
vn 0.999998093 -0.00112733385 0.00164009328
vn 0.999985456 -0.00184195722 0.00506374054
vn 0.999996781 -0.000775131222 0.00243727956
vn 0.999983668 7.59488648E-06 0.00572950114
vn 0.999996185 1.49794023E-05 0.00275920425
vn -0.999985576 0.00184404047 -0.00506134843
vn -0.999996185 -1.40564807E-05 -0.00277208211
vn -0.99998343 -4.97367364E-06 -0.00576064829
vn -0.999996781 0.000776368775 -0.00243673567
vn -0.999990702 0.00276210136 -0.00330841076
vn -0.999998093 0.00112760183 -0.00163964322
vn -0.99999702 0.0020764966 -0.00134804181
vn -0.999999404 0.000815363077 -0.000815889565
vn -0.999999881 -3.30903117E-06 -0.000462660071
vn -0.999999881 -1.47356841E-05 -0.000462691736
vn -0.999996901 -0.00208528433 -0.001346673
vn -0.999999285 -0.000844598399 -0.000815008592
vn -0.999990702 -0.00277870917 -0.00331354653
vn -0.999997973 -0.00115750975 -0.00163997652
vn -0.999985456 -0.00185932417 -0.00507538859
vn -0.999996781 -0.000803464442 -0.00243841298
vn -0.999983549 -9.18632168E-07 -0.00573966699
vn -0.999996185 -8.29535475E-06 -0.00275896885
vn -0.999985576 0.00184894155 -0.00505952816
vn -0.999996781 0.000782778778 -0.00243478524
vn -0.999990821 0.00275444705 -0.00329526048
vn -0.999998093 0.00112974562 -0.00163520151
vn -0.99999702 0.00203523738 -0.00132886902
vn -0.999999404 0.000802894763 -0.000808509532
vn -0.999999881 -5.75599825E-06 -0.000462981872
vn -0.999999881 -1.52167404E-05 -0.000463008124
vn -0.99999702 -0.00207600533 -0.00134160742
vn -0.999999285 -0.000845519302 -0.000813971739
vn -0.999990702 -0.00277597015 -0.00330399326
vn -0.999997973 -0.00116148579 -0.00163604808
vn -0.999985576 -0.00185111049 -0.00504357507
vn -0.999996781 -0.000803536037 -0.00242330623
vn -0.999983788 -5.13898112E-06 -0.00570625719
vn -0.999996305 -1.41478204E-05 -0.00274202903
vn -0.000189453378 -0.926574707 -0.376110524
vn -0.000106553089 -0.981310487 -0.192431256
vn -0.000106552914 -0.981310487 -0.192430854
vn -0.000189235318 -0.926769495 -0.375630349
vn -0.000334644952 -0.715166926 -0.69895345
vn -0.00033451512 -0.715452671 -0.698661149
vn -0.000435394672 -0.389515042 -0.921020031
vn -0.000435356604 -0.389727056 -0.920930326
vn -0.000465313438 0.00277295988 -0.999996066
vn -0.000465313584 0.0027671943 -0.999996066
vn -0.000416805444 0.394620478 -0.918844044
vn -0.000416760537 0.394829243 -0.918754399
vn -0.000311006559 0.719016731 -0.694992721
vn -0.000310867123 0.719296157 -0.694703519
vn -0.000172757791 0.928623915 -0.371022373
vn -0.000172533415 0.928816378 -0.370540291
vn 1.84680302E-05 0.99999702 0.0024737257
vn 1.87276746E-05 0.99999547 0.0030316608
vn 0.000190877661 0.926762581 0.375647724
vn 0.000191097293 0.926568151 0.376126796
vn 0.000334517303 0.715446115 0.698667765
vn 0.000334645563 0.715164125 0.69895643
vn 0.000428575499 0.389742136 0.920923948
vn 0.000428615749 0.389537632 0.921010435
vn 0.000460958574 -0.00276645343 0.999996066
vn 0.000460958428 -0.00277309516 0.999996066
vn 0.000413889589 -0.394830942 0.918753684
vn 0.000413937611 -0.394626349 0.918841541
vn 0.00030179834 -0.719292164 0.694707692
vn 0.000301935856 -0.719008923 0.695000827
vn 0.000154755166 -0.928818345 0.370535553
vn 0.00015497909 -0.928627193 0.371014088
vn 7.00292221E-05 -0.982356429 0.187018007
vn 7.00290693E-05 -0.982356548 0.187017664
vn -0.000106722524 -0.981302321 -0.192472801
vn -0.000310454256 -0.927884638 -0.372867197
vn -0.000106673731 -0.981311142 -0.192427754
vn -0.000311180978 -0.927608013 -0.373554707
vn -0.000427125982 -0.718493104 -0.695533931
vn -0.000427281018 -0.718351185 -0.695680559
vn -0.00048135742 -0.392815948 -0.919617057
vn -0.000481367431 -0.392793715 -0.919626415
vn -0.000463586563 0.00275619468 -0.999996066
vn -0.000463586301 0.00276600872 -0.999996066
vn -0.000463678094 0.397922188 -0.917419016
vn -0.000463684933 0.39790827 -0.917425036
vn -0.000395050592 0.722320259 -0.691558599
vn -0.000395210402 0.722180128 -0.691704988
vn -0.000269210519 0.92990607 -0.367797256
vn -0.00026992432 0.9296422 -0.368463188
vn 0.000125084407 0.999995112 0.00313208136
vn 0.000124245373 0.999997258 0.00234365952
vn 0.000300231302 0.927668214 0.373405367
vn 0.000299865496 0.927807093 0.373060286
vn 0.000418383366 0.71833092 0.69570148
vn 0.000418227457 0.718472421 0.695555329
vn 0.000479174691 0.392841458 0.91960609
vn 0.000479167124 0.392858148 0.919598997
vn 0.000462213269 -0.00277425186 0.999996066
vn 0.000462213531 -0.0027636108 0.999996066
vn 0.000466224912 -0.397918552 0.917420626
vn 0.00046621199 -0.397944659 0.917409301
vn 0.000385492691 -0.722153068 0.691733181
vn 0.000385321619 -0.72230351 0.691576183
vn 0.000263063412 -0.929710507 0.368290961
vn 0.00026271824 -0.9298383 0.367968321
vn 0.000296481216 -0.982422471 0.18667078
vn 0.000297211402 -0.982289255 0.187370047
vn -0.000190225255 -0.926571965 -0.376117527
vn -0.000107253647 -0.981306136 -0.192453206
vn -0.000107253501 -0.981306255 -0.192452848
vn -0.000190005463 -0.926768064 -0.375633955
vn -0.000351496186 -0.715172172 -0.698948205
vn -0.000351369148 -0.715460122 -0.698653579
vn -0.000436394359 -0.38951388 -0.921020508
vn -0.000436356815 -0.38972339 -0.920931876
vn -0.000466170022 0.00277249399 -0.999996066
vn -0.000466170226 0.00276733399 -0.999996066
vn -0.000410181441 0.394624799 -0.918842256
vn -0.000410133303 0.394830316 -0.918753982
vn -0.000298315368 0.719027281 -0.694981754
vn -0.000298172643 0.719302654 -0.694696784
vn -0.000171410124 0.928626299 -0.371016383
vn -0.00017118828 0.928818166 -0.37053594
vn 1.89869261E-05 0.99999702 0.00245798752
vn 1.92465704E-05 0.99999547 0.00302031869
vn 0.000206635144 0.926764429 0.375642926
vn 0.00020685092 0.926568806 0.376125425
vn 0.000335410674 0.715438664 0.698675454
vn 0.000335538527 0.715157509 0.698963225
vn 0.000425235805 0.389743239 0.920923471
vn 0.000425275386 0.389540881 0.921009123
vn 0.000461730961 -0.00276783551 0.999996066
vn 0.000461730961 -0.00276935264 0.999996066
vn 0.000417217176 -0.394843459 0.918748379
vn 0.000417263072 -0.394630611 0.918839753
vn 0.000288829615 -0.719289362 0.694710493
vn 0.0002889717 -0.71900773 0.695002019
vn 0.000152870198 -0.928814232 0.370545775
vn 0.000153090688 -0.92862463 0.371020526
vn 6.96645729E-05 -0.982356369 0.187018722
vn 6.96642455E-05 -0.982356429 0.187018007
vn -0.999996305 1.48511936E-05 0.00274155429
vn -0.999985576 0.00185862533 0.00505496515
vn -0.999983788 7.48261073E-06 0.00570697011
vn -0.999996781 0.000806774071 0.00242794096
vn -0.999990702 0.00277392892 0.00329965074
vn -0.999997973 0.00116131583 0.00163500523
vn -0.99999702 0.00207576645 0.00134098949
vn -0.999999285 0.000845399685 0.000813742343
vn -0.999999881 6.23351252E-06 0.000462681724
vn -0.999999881 1.50452197E-05 0.000462706113
vn -0.99999702 -0.00204837834 0.0013334183
vn -0.999999404 -0.000808695564 0.000810295809
vn -0.99999094 -0.00274338783 0.00328094722
vn -0.999998093 -0.00112558401 0.00162928796
vn -0.999985576 -0.0018511744 0.00505765853
vn -0.999996781 -0.000783889845 0.00243406463
vn -0.999983549 -2.12691543E-06 0.00574047677
vn -0.999996185 6.90538718E-06 0.00275939237
vn -0.999985456 0.00185679831 0.00507681118
vn -0.999996781 0.000801866408 0.00243818131
vn -0.999990702 0.0027772258 0.00331400032
vn -0.999997973 0.00115655328 0.00163960748
vn -0.999996901 0.0020868734 0.00134775101
vn -0.999999285 0.000844334136 0.000814959698
vn -0.999999881 3.74008368E-06 0.000462040509
vn -0.999999881 1.4558017E-05 0.000462070573
vn -0.99999702 -0.00207743398 0.00134834892
vn -0.999999404 -0.000815127685 0.000815358246
vn -0.999990702 -0.0027625768 0.00331049785
vn -0.999998093 -0.00112750963 0.00163979223
vn -0.999985456 -0.00184213836 0.00506343646
vn -0.999996781 -0.000775307883 0.00243697409
vn -0.999983668 7.42730708E-06 0.00572922546
vn -0.999996185 1.48080981E-05 0.00275889738
vn 0.999996185 -1.38780742E-05 -0.00277178502
vn 0.999985576 0.00184420892 -0.00506104808
vn 0.99998343 -4.7915405E-06 -0.00576031907
vn 0.999996781 0.000776540837 -0.00243643555
vn 0.999990702 0.00276228017 -0.00330810668
vn 0.999998093 0.00112777704 -0.00163933856
vn 0.99999702 0.00207666727 -0.00134773797
vn 0.999999404 0.000815537991 -0.000815587526
vn 0.999999881 -3.13306896E-06 -0.000462358003
vn 0.999999881 -1.45603672E-05 -0.000462389726
vn 0.999996901 -0.00208510761 -0.00134637044
vn 0.999999285 -0.000844424008 -0.000814706902
vn 0.999990702 -0.0027785378 -0.00331324199
vn 0.999997973 -0.00115733757 -0.00163967407
vn 0.999985456 -0.00185915537 -0.00507508451
vn 0.999996781 -0.000803291507 -0.00243810704
vn 0.999983549 -7.43757653E-07 -0.00573937828
vn 0.999996185 -8.12051076E-06 -0.00275866641
vn 0.999985576 0.00184911699 -0.00505922688
vn 0.999996781 0.000782954623 -0.00243448536
vn 0.999990821 0.00275461655 -0.00329496013
vn 0.999998093 0.00112991908 -0.00163490057
vn 0.99999702 0.00203541573 -0.00132856856
vn 0.999999404 0.000803069037 -0.00080820726
vn 0.999999881 -5.58110969E-06 -0.00046267928
vn 0.999999881 -1.50423366E-05 -0.000462705473
vn 0.99999702 -0.00207583536 -0.00134130556
vn 0.999999285 -0.000845345028 -0.00081366871
vn 0.999990702 -0.0027757939 -0.00330368965
vn 0.999997973 -0.00116131105 -0.00163574598
vn 0.999985576 -0.00185094215 -0.00504327146
vn 0.999996781 -0.000803363102 -0.00242300099
vn 0.999983788 -4.95675386E-06 -0.00570598198
vn 0.999996305 -1.39694803E-05 -0.00274172239
vn 1.69555242E-05 -0.997034788 0.0769523084
vn 1.75963414E-05 -0.982321501 0.187201515
vn 1.6955526E-05 -0.997034788 0.0769523159
vn 1.75948862E-05 -0.982378542 0.186902523
vn 2.29861394E-06 -0.928257704 0.371937633
vn 2.29743705E-06 -0.928337216 0.37173906
vn -1.31514907E-05 -0.840162814 0.542334259
vn -1.31540482E-05 -0.840308547 0.542108417
vn -1.52944467E-05 -0.71820426 0.695832312
vn -1.52956509E-05 -0.718315661 0.695717335
vn -1.26434697E-05 -0.568828881 0.822455823
vn -1.26418763E-05 -0.568976998 0.822353423
vn -2.89971831E-05 -0.393358707 0.919385076
vn -2.89976961E-05 -0.3934488 0.919346571
vn -3.40469996E-05 -0.203245953 0.979127705
vn -3.40465122E-05 -0.203313187 0.979113758
vn -3.47907262E-05 -0.00127528026 0.999999166
vn -3.47907189E-05 -0.00127673103 0.999999166
vn -3.53480063E-05 0.197826296 0.980237067
vn -3.53486539E-05 0.197892562 0.980223775
vn -2.90514654E-05 0.390902609 0.920432091
vn -2.90519765E-05 0.390989184 0.920395315
vn -2.11480619E-05 0.564272106 0.825588882
vn -2.1149026E-05 0.564419091 0.825488389
vn -1.68196402E-05 0.716153681 0.697942555
vn -1.68206388E-05 0.716265798 0.697827458
vn -1.3802578E-05 0.837170064 0.54694277
vn -1.38048663E-05 0.837311625 0.546726048
vn -1.21938019E-05 0.927054048 0.37492767
vn -1.21966559E-05 0.927132964 0.374732554
vn 1.4554123E-06 0.981265485 0.192660227
vn 1.45295201E-06 0.981325746 0.192353338
vn 1.62316519E-05 0.99999845 0.00179225381
vn 1.62294182E-05 0.999998808 0.00156891008
vn 1.44329078E-05 0.982379556 -0.186896577
vn 1.4429701E-05 0.982324481 -0.187186062
vn -3.05464891E-06 0.92835021 -0.371706605
vn -3.05611616E-06 0.928276479 -0.371890932
vn 0 0.840341628 -0.542057157
vn 0 0.840196788 -0.542281508
vn 1.6005084E-05 0.71837604 -0.695655048
vn 1.60039399E-05 0.718258798 -0.695776045
vn 2.4430632E-05 0.5690521 -0.822301447
vn 2.44301173E-05 0.568902075 -0.822405219
vn 2.89427735E-05 0.384043634 -0.923314929
vn 2.89421969E-05 0.383947104 -0.923355103
vn 3.53655851E-05 0.20331277 -0.979113877
vn 3.53650394E-05 0.203254864 -0.979125857
vn 3.47795212E-05 0.0232230593 -0.999730289
vn 3.47795212E-05 0.023216743 -0.999730408
vn 3.53488103E-05 -0.197900832 -0.980222046
vn 3.53480646E-05 -0.197824314 -0.980237544
vn 2.91069136E-05 -0.400493532 -0.916299582
vn 2.91064662E-05 -0.400413483 -0.916334629
vn 2.28312947E-05 -0.56447041 -0.825453401
vn 2.28305726E-05 -0.564330339 -0.825549126
vn 2.91807228E-05 -0.715154529 -0.698966444
vn 2.91778215E-05 -0.715034783 -0.699088931
vn -9.58121973E-07 -0.837364376 -0.546645164
vn -9.58562282E-07 -0.837216616 -0.546871543
vn -2.91393485E-06 -0.927269161 -0.37439549
vn -2.9154528E-06 -0.927192867 -0.374584317
vn -1.84415239E-06 -0.98134023 -0.192279086
vn -1.84704572E-06 -0.981283844 -0.192566901
vn 1.56836832E-05 -0.996687591 -0.0813260525
vn 1.56837832E-05 -0.996688426 -0.0813148469
vn 0 -0.982399225 0.186793089
vn 0 -0.929039717 0.369979978
vn 0 -0.982399225 0.186793089
vn 0 -0.929039717 0.369979978
vn 0 -0.720227957 0.693737388
vn 0 -0.720227957 0.693737388
vn -1.64918617E-07 -0.395884603 0.918300271
vn -1.64918617E-07 -0.395884663 0.918300271
vn -2.1703049E-07 -0.00277588656 0.999996185
vn -2.1703049E-07 -0.00277588656 0.999996185
vn -2.34165057E-07 0.390796751 0.920476913
vn -2.34165057E-07 0.390796751 0.920476913
vn -2.14232969E-07 0.716402769 0.697686851
vn -2.14232983E-07 0.716402829 0.697686851
vn -1.62556105E-07 0.92698139 0.375107318
vn -1.62556105E-07 0.92698139 0.375107318
vn 0 0.999994755 0.0032363066
vn 0 0.999994755 0.00323632313
vn 0 0.929320574 -0.369273931
vn 0 0.929320574 -0.369273931
vn 0 0.720583916 -0.69336766
vn 0 0.720583916 -0.69336766
vn 1.6499682E-07 0.396097004 -0.918208718
vn 1.64996806E-07 0.396097004 -0.918208718
vn 2.17169855E-07 0.00276448322 -0.999996185
vn 2.17169855E-07 0.00276449183 -0.999996185
vn 2.34281785E-07 -0.39100045 -0.920390487
vn 2.34281785E-07 -0.391000509 -0.920390487
vn 2.14255465E-07 -0.71674341 -0.697336972
vn 2.14255493E-07 -0.716743469 -0.697336972
vn 1.62437019E-07 -0.927290678 -0.374341995
vn 1.62437047E-07 -0.927290678 -0.374342024
vn 1.27610676E-07 -0.981312335 -0.19242169
vn 1.27610676E-07 -0.981312335 -0.19242169
vn 0.000108050277 -0.927056432 -0.374921858
vn 1.14900904E-05 -0.981315315 -0.192406446
vn 1.14980512E-05 -0.981312752 -0.192419842
vn 0.000108352317 -0.926845372 -0.37544325
vn 0.000105510218 -0.716180563 -0.697914958
vn 0.000105617401 -0.715999782 -0.698100507
vn 7.80662594E-05 -0.390446156 -0.920625687
vn 7.80877599E-05 -0.390357822 -0.920663178
vn 3.60719314E-05 0.00276333513 -0.999996185
vn 3.60718659E-05 0.00276714144 -0.999996185
vn 7.32174449E-05 0.395544261 -0.918446898
vn 7.32400586E-05 0.39545989 -0.918483198
vn 9.9127923E-05 0.720017135 -0.693956256
vn 9.92349596E-05 0.719842494 -0.694137394
vn 0.000107167718 0.929092109 -0.369848311
vn 0.00010747512 0.928882718 -0.370374084
vn -0.000113762835 0.999995351 0.00306972023
vn -0.000113413604 0.99999702 0.00246819295
vn -0.000114279748 0.92685318 0.375423938
vn -0.000114086753 0.926987946 0.375091106
vn -0.000103777966 0.715965211 0.698135853
vn -0.000103677121 0.716136217 0.697960436
vn -7.35600916E-05 0.390337467 0.92067188
vn -7.3539195E-05 0.390421927 0.920635998
vn -3.47692767E-05 -0.00277350377 0.999996185
vn -3.47692585E-05 -0.00277654128 0.999996185
vn -7.22984478E-05 -0.395421982 0.91849947
vn -7.22746336E-05 -0.395513177 0.918460369
vn -9.83316568E-05 -0.719807386 0.694173813
vn -9.82277052E-05 -0.719977319 0.693997562
vn -0.000116589035 -0.928913593 0.370296568
vn -0.000116391675 -0.929049611 0.369955391
vn -0.000206918281 -0.982388437 0.18685025
vn -0.000207120291 -0.982319176 0.187213391
vn 1.60447271E-05 -0.926552296 -0.376165867
vn -2.09332011E-05 -0.981312454 -0.192421302
vn -2.09331083E-05 -0.9813146 -0.192410126
vn 1.60390919E-05 -0.926367998 -0.376619428
vn 5.17853005E-06 -0.714852154 -0.699275613
vn 5.18047545E-06 -0.714588821 -0.699544728
vn 2.74077884E-05 -0.38895002 -0.921258807
vn 2.7409762E-05 -0.389146179 -0.921175957
vn 2.64231094E-05 0.00276590884 -0.999996185
vn 2.64231076E-05 0.00276960526 -0.999996185
vn 2.6446065E-05 0.394051194 -0.919088483
vn 2.64436476E-05 0.394245684 -0.919005096
vn 2.91677097E-05 0.71870476 -0.695315242
vn 2.91580673E-05 0.718433201 -0.69559598
vn 1.32863406E-05 0.928600252 -0.371081471
vn 1.32774767E-05 0.928417623 -0.37153843
vn 1.90481587E-05 0.99999547 0.00302829547
vn 1.90432565E-05 0.999996901 0.0025040477
vn 2.56106091E-06 0.926346838 0.376671672
vn 2.5578554E-06 0.926531613 0.376216978
vn -1.88339709E-05 0.714564025 0.69957006
vn -1.88370868E-05 0.71483016 0.699298024
vn -2.63097263E-05 0.389137089 0.92117995
vn -2.63076672E-05 0.388942033 0.921262145
vn -3.11998228E-05 -0.00276991446 0.999996185
vn -3.11998228E-05 -0.00276700035 0.999996185
vn -3.6171492E-05 -0.394228339 0.919012547
vn -3.61703569E-05 -0.394027144 0.919098794
vn -1.87532987E-05 -0.718411505 0.695618391
vn -1.87564019E-05 -0.71868223 0.695338666
vn 1.79985398E-06 -0.928415298 0.371544063
vn 1.79778237E-06 -0.928595722 0.371092826
vn -1.64790272E-05 -0.982355773 0.187021762
vn -1.6478949E-05 -0.98235482 0.187026769
vn 0.999989986 -6.59668876E-06 0.00447382964
vn 0.999998093 0.00073536986 0.00184701127
vn 0.999997735 -7.26319399E-07 0.00213615317
vn 0.999991298 0.00155374315 0.00389122521
vn 0.999998808 0.0010564687 0.00111393014
vn 0.999994636 0.00227846112 0.00237544905
vn 0.999999642 0.000770458719 0.000359391881
vn 0.999998331 0.00169593084 0.000756002497
vn 1 3.85534076E-05 3.2039381E-05
vn 1 1.7878936E-05 3.19823921E-05
vn 0.99999845 -0.00163287972 0.000719436444
vn 0.999999642 -0.000740919786 0.000343003601
vn 0.999994874 -0.00224351115 0.00231618108
vn 0.999998927 -0.00103979581 0.00108715903
vn 0.999998093 -0.000742707576 0.001839031
vn 0.999991298 -0.00156924804 0.00387105346
vn 0.999997735 -1.1181537E-05 0.00214895187
vn 0.999989867 -1.82714284E-05 0.00450507598
vn 0.999998093 0.000730496075 0.00185005052
vn 0.999991179 0.00155382382 0.00390919624
vn 0.999998808 0.00105557428 0.00111376587
vn 0.999994636 0.00228209002 0.00238082488
vn 0.999999642 0.000768879778 0.000358890626
vn 0.999998331 0.00169333594 0.000755272165
vn 1 3.53317191E-05 3.1779593E-05
vn 1 1.64462745E-05 3.17270715E-05
vn 0.99999845 -0.00163770712 0.000721764227
vn 0.999999642 -0.000742315082 0.000343725987
vn 0.999994755 -0.00226253713 0.00233787904
vn 0.999998927 -0.00104575546 0.00109468796
vn 0.999998093 -0.000736594433 0.0018391934
vn 0.999991298 -0.00156662671 0.00388252269
vn 0.999997735 -7.3208804E-07 0.00213845004
vn 0.999989986 -6.62931461E-06 0.00448682113
vn -0.999993563 0.00135039142 -0.0033425244
vn -0.999981999 -0.00508737052 -0.00318129896
vn -0.99999249 5.04870104E-06 -0.00387190212
vn -0.99998498 -0.00397094805 -0.00379609433
vn -0.999996185 0.00193836016 -0.0020001966
vn -0.713633716 -0.648434222 -0.265065938
vn -0.706965327 -0.69374615 -0.137536839
vn -0.713889539 -0.499687493 -0.490585536
vn -0.999985695 -0.00257966947 -0.00468654279
vn -0.999998808 0.0013969891 -0.000615640136
vn -0.714155078 -0.271761805 -0.645079732
vn -0.999986529 -0.00123032543 -0.00505904388
vn -1 -2.51983929E-05 -2.44086787E-05
vn -0.714260876 0.00192557171 -0.699876964
vn -0.999986768 -2.51644815E-06 -0.00514331087
vn -0.999998808 -0.0014425877 -0.000638566737
vn -0.714158833 0.275309592 -0.643569648
vn -0.999986529 0.00122775638 -0.00505957799
vn -0.999996066 -0.00195723306 -0.00203355425
vn -0.713893712 0.502373576 -0.487828404
vn -0.999985695 0.00258673378 -0.00468313182
vn -0.999993443 -0.00134229974 -0.00335907936
vn -0.713661849 0.649848163 -0.261503637
vn -0.99998498 0.00398291973 -0.00377961388
vn -0.99999249 8.39331733E-06 -0.00388764031
vn -0.713559389 0.700594723 0.000289680582
vn -0.999984622 0.00510119973 -0.00218000798
vn -0.999993563 0.00134963554 -0.0033407202
vn -0.713672221 0.649527133 0.262271702
vn -0.99998498 0.005479143 4.09503955E-05
vn -0.999996185 0.00192504842 -0.00198881072
vn -0.713965714 0.501236141 0.488891959
vn -0.999985933 0.00471146684 0.00246251794
vn -0.999998808 0.00139612332 -0.000613586046
vn -0.714254737 0.272874087 0.644499779
vn -0.999986768 0.00274772546 0.00436474802
vn -1 -3.03040506E-05 -2.38025368E-05
vn -0.714389503 -0.00195308006 0.699745595
vn -0.999987125 -3.21079679E-05 0.00509154703
vn -0.999998808 -0.00144828169 -0.000642010942
vn -0.714259863 -0.276455641 0.642965853
vn -0.999986649 -0.00280450797 0.00433859648
vn -0.999996066 -0.00195527542 -0.00203647488
vn -0.713963807 -0.503945887 0.486101002
vn -0.999985814 -0.0047500059 0.00241619558
vn -0.999993563 -0.00133800216 -0.0033506141
vn -0.713685751 -0.650956213 0.258667111
vn -0.99998498 -0.00548647949 8.17932687E-06
vn -0.999992609 5.00702845E-06 -0.00385806803
vn -0.70724982 -0.694765925 0.130759239
vn -0.999986291 -0.00510592852 -0.00120985415
vn -1.74811175E-05 -0.982321501 0.187201455
vn -1.69612395E-05 -0.997034788 0.0769523159
vn -1.69612413E-05 -0.997034788 0.0769524202
vn -1.74795623E-05 -0.982378423 0.186902627
vn -3.00650981E-06 -0.928257704 0.371937752
vn -3.00485249E-06 -0.928337276 0.371738911
vn 1.31346051E-05 -0.840162635 0.542334437
vn 1.31372608E-05 -0.840308547 0.542108476
vn 1.52098874E-05 -0.71820426 0.695832312
vn 1.52111434E-05 -0.718315661 0.695717335
vn 1.24945536E-05 -0.568828881 0.822455943
vn 1.24930157E-05 -0.568976998 0.822353423
vn 2.87883104E-05 -0.393358707 0.919385076
vn 2.87888543E-05 -0.3934488 0.919346571
vn 3.37868478E-05 -0.203245938 0.979127705
vn 3.37863712E-05 -0.203313187 0.979113758
vn 3.44889522E-05 -0.00127528026 0.999999166
vn 3.44889449E-05 -0.00127673103 0.999999166
vn 3.50173868E-05 0.197826251 0.980237067
vn 3.50180417E-05 0.197892562 0.980223775
vn 2.87051571E-05 0.390902609 0.920432091
vn 2.87056628E-05 0.390989125 0.920395315
vn 2.08000838E-05 0.564272106 0.825588882
vn 2.08010479E-05 0.564419091 0.825488389
vn 1.64836511E-05 0.716153502 0.697942793
vn 1.64846624E-05 0.716265678 0.697827637
vn 1.34910324E-05 0.837170064 0.546942651
vn 1.34933562E-05 0.837311625 0.546725988
vn 1.1918487E-05 0.927054167 0.37492761
vn 1.19213864E-05 0.927133024 0.374732405
vn -1.68516408E-06 0.981265485 0.192660227
vn -1.68262147E-06 0.981325746 0.192353338
vn -1.64070389E-05 0.99999845 0.00179223216
vn -1.6404736E-05 0.999998808 0.00156894024
vn -1.41674063E-05 0.982379556 -0.186896324
vn -1.41635001E-05 0.982324362 -0.18718642
vn 2.24717837E-06 0.928350329 -0.371706545
vn 2.24833889E-06 0.928276598 -0.371890754
vn 0 0.840341628 -0.542057157
vn 0 0.840197027 -0.54228127
vn -1.59206083E-05 0.71837604 -0.695655048
vn -1.59194024E-05 0.718258798 -0.695776045
vn -2.42818005E-05 0.5690521 -0.822301447
vn -2.42812293E-05 0.568902075 -0.822405219
vn -2.87310868E-05 0.384043604 -0.923314929
vn -2.87304847E-05 0.38394773 -0.923354864
vn -3.31103729E-05 0.203312784 -0.979113877
vn -3.31097726E-05 0.203254104 -0.979125977
vn -3.65187698E-05 0.0232230518 -0.999730289
vn -3.65187734E-05 0.0232160613 -0.999730408
vn -3.50181908E-05 -0.197900832 -0.980222046
vn -3.50174414E-05 -0.197823614 -0.980237603
vn -2.87601761E-05 -0.400493532 -0.916299582
vn -2.87597322E-05 -0.400413483 -0.916334629
vn -2.24833202E-05 -0.564470828 -0.825453043
vn -2.24825944E-05 -0.564330339 -0.825549126
vn -2.74203539E-05 -0.715154588 -0.698966324
vn -2.74171925E-05 -0.715034962 -0.699088633
vn 1.5574588E-07 -0.837364018 -0.546645641
vn 1.55767069E-07 -0.837216914 -0.546870947
vn 2.42624537E-06 -0.927269042 -0.374395519
vn 2.42742044E-06 -0.927192867 -0.374584228
vn 1.68200734E-06 -0.98134023 -0.19227919
vn 1.6843901E-06 -0.981283844 -0.192566812
vn -1.53191431E-05 -0.996687591 -0.0813259408
vn -1.53192686E-05 -0.996688426 -0.0813149661
vn -1.12604057E-05 -0.981315315 -0.192406446
vn -0.000107774897 -0.927056432 -0.374921829
vn -1.12683711E-05 -0.981312752 -0.192419842
vn -0.000108076805 -0.926845372 -0.37544325
vn -0.000105174156 -0.716180563 -0.697914958
vn -0.00010528131 -0.715999663 -0.698100507
vn -7.77200839E-05 -0.39044562 -0.920626044
vn -7.77414243E-05 -0.390357763 -0.920663178
vn -3.51043745E-05 0.00276332302 -0.999996185
vn -3.51043163E-05 0.00276712119 -0.999996185
vn -7.30093598E-05 0.395543724 -0.918447196
vn -7.30317915E-05 0.39545992 -0.918483317
vn -9.90441767E-05 0.720017076 -0.693956316
vn -9.91510969E-05 0.719842494 -0.694137394
vn -0.000107218431 0.929092109 -0.369848341
vn -0.0001075256 0.928882718 -0.370374084
vn 0.000113587012 0.999995351 0.00306972722
vn 0.00011323794 0.99999702 0.00246820017
vn 0.000114004251 0.92685318 0.375424027
vn 0.000113811329 0.926987946 0.375091106
vn 0.000103441875 0.715965211 0.698135853
vn 0.000103341044 0.716136277 0.697960377
vn 7.3213756E-05 0.390337437 0.92067188
vn 7.31928376E-05 0.390421927 0.920635998
vn 3.44677428E-05 -0.00277316198 0.999996185
vn 3.44677173E-05 -0.00277653011 0.999996185
vn 7.1784445E-05 -0.395421445 0.918499768
vn 7.17605144E-05 -0.395513207 0.918460369
vn 9.77856107E-05 -0.719807208 0.694174051
vn 9.76816882E-05 -0.719977319 0.693997502
vn 0.000116392854 -0.928913593 0.370296478
vn 0.000116195843 -0.929049611 0.369955242
vn 0.000207033358 -0.982388437 0.186849982
vn 0.000207235396 -0.982319295 0.187213391
vn 2.11628903E-05 -0.981312454 -0.192421302
vn -1.57691265E-05 -0.926552296 -0.376165867
vn 2.11627939E-05 -0.9813146 -0.192410126
vn -1.57633858E-05 -0.926367998 -0.376619428
vn -4.84236534E-06 -0.714852154 -0.699275613
vn -4.84427756E-06 -0.714588583 -0.699545026
vn -2.92619006E-05 -0.388950229 -0.921258748
vn -2.92636687E-05 -0.389146328 -0.921175957
vn -2.85099904E-05 0.00276554981 -0.999996185
vn -2.85099959E-05 0.0027695985 -0.999996185
vn -2.62374051E-05 0.394051522 -0.919088423
vn -2.62350441E-05 0.394245952 -0.919004917
vn -3.07440823E-05 0.718704581 -0.69531554
vn -3.07349837E-05 0.718433321 -0.695595741
vn -1.33366384E-05 0.928600252 -0.371081442
vn -1.33276017E-05 0.928417504 -0.371538609
vn -1.92239149E-05 0.99999547 0.00302829547
vn -1.92188563E-05 0.999996901 0.0025040477
vn -2.83678014E-06 0.926346838 0.376671672
vn -2.83346958E-06 0.926531613 0.376216978
vn 1.84977653E-05 0.714564025 0.69957006
vn 1.85009176E-05 0.71483016 0.699298024
vn 2.59635017E-05 0.389137089 0.92117995
vn 2.59614499E-05 0.388942033 0.921262145
vn 3.08983144E-05 -0.00276991446 0.999996185
vn 3.08983217E-05 -0.00276700035 0.999996185
vn 3.59628903E-05 -0.394228339 0.919012547
vn 3.59616897E-05 -0.394027144 0.919098794
vn 1.86688412E-05 -0.718411505 0.695618391
vn 1.86720754E-05 -0.71868223 0.695338666
vn -1.74972797E-06 -0.928415298 0.371544063
vn -1.74748857E-06 -0.928595722 0.371092826
vn 1.65943075E-05 -0.982355773 0.187021762
vn 1.65942292E-05 -0.98235482 0.187026769
vn -0.999998093 0.000735194946 0.00184670929
vn -0.999989986 -6.77153275E-06 0.00447352743
vn -0.999997735 -9.0116464E-07 0.00213585095
vn -0.999991298 0.00155356841 0.00389092299
vn -0.999998808 0.00105629384 0.00111362804
vn -0.999994636 0.0022782865 0.00237514684
vn -0.999999642 0.000770283921 0.000359089958
vn -0.999998331 0.0016957561 0.000755700457
vn -1 3.83785591E-05 3.17373924E-05
vn -1 1.77040911E-05 3.16804035E-05
vn -0.99999845 -0.00163305469 0.000719134463
vn -0.999999642 -0.000741094758 0.000342701678
vn -0.999994874 -0.002243686 0.00231587864
vn -0.999998927 -0.00103997043 0.00108685682
vn -0.999998093 -0.000742882432 0.0018387289
vn -0.999991298 -0.00156942278 0.00387075124
vn -0.999997735 -1.13563829E-05 0.00214865012
vn -0.999989867 -1.84462697E-05 0.0045047733
vn -0.999998093 0.000730321452 0.00184974924
vn -0.999991179 0.00155364897 0.00390889449
vn -0.999998808 0.00105539896 0.00111346436
vn -0.999994636 0.00228191447 0.0023805236
vn -0.999999642 0.000768376165 0.000358447665
vn -0.999998331 0.00169316097 0.000754970184
vn -1 3.51582094E-05 3.09731222E-05
vn -1 1.62728174E-05 3.09206043E-05
vn -0.99999845 -0.00163788174 0.000721462769
vn -0.999999642 -0.000742160715 0.000343285123
vn -0.999994755 -0.00226271152 0.00233757682
vn -0.999998927 -0.00104593055 0.00109438621
vn -0.999998093 -0.000736769289 0.00183889153
vn -0.999991298 -0.00156680169 0.00388222048
vn -0.999997735 -9.06933224E-07 0.00213814783
vn -0.999989986 -6.8041586E-06 0.00448651938
vn 0.999981999 -0.00508719543 -0.00318099675
vn 0.999993563 0.00135056628 -0.00334222219
vn 0.99999249 5.22354503E-06 -0.00387159991
vn 0.99998498 -0.00397077203 -0.00379579188
vn 0.999996185 0.00193853502 -0.00199989416
vn 0.713633955 -0.648434103 -0.2650657
vn 0.706965446 -0.693745971 -0.13753663
vn 0.713889778 -0.499687344 -0.490585268
vn 0.999985695 -0.00257949461 -0.00468624057
vn 0.999998808 0.00139716384 -0.000615338155
vn 0.714155376 -0.271762192 -0.645079374
vn 0.999986529 -0.00123015011 -0.00505874213
vn 1 -2.50235425E-05 -2.41066864E-05
vn 0.714269638 0.00192567159 -0.699867964
vn 0.999986768 -2.34182198E-06 -0.00514295138
vn 0.999998808 -0.00144241285 -0.000638264755
vn 0.714158893 0.27530998 -0.64356941
vn 0.999986529 0.00122792448 -0.00505927019
vn 0.999996066 -0.00195705914 -0.00203325087
vn 0.713890851 0.502376378 -0.487829804
vn 0.999985695 0.00258691376 -0.00468284125
vn 0.999993443 -0.00134212465 -0.00335877715
vn 0.713661849 0.649848342 -0.261503279
vn 0.99998498 0.00398309156 -0.00377930747
vn 0.99999249 8.56816041E-06 -0.0038873381
vn 0.71355933 0.700594664 0.000289874035
vn 0.999984622 0.00510137342 -0.00217970577
vn 0.999993563 0.00134981028 -0.00334041822
vn 0.713671982 0.649527311 0.262271941
vn 0.99998498 0.00547931762 4.12521622E-05
vn 0.999996185 0.00192522351 -0.00198850851
vn 0.713965476 0.5012362 0.488892227
vn 0.999985933 0.00471164053 0.00246281922
vn 0.999998808 0.00139629818 -0.000613284064
vn 0.714254439 0.272874177 0.644499958
vn 0.999986768 0.00274790009 0.0043650493
vn 1 -3.01292057E-05 -2.35005464E-05
vn 0.714389205 -0.00195294607 0.699745893
vn 0.999987006 -3.19330247E-05 0.00509184692
vn 0.999998808 -0.00144810695 -0.000641709077
vn 0.714259803 -0.276455522 0.642965972
vn 0.999986649 -0.00280433381 0.0043388987
vn 0.999996066 -0.0019551008 -0.00203617266
vn 0.713963747 -0.503945768 0.48610121
vn 0.999985814 -0.00474983081 0.00241649849
vn 0.999993563 -0.00133782718 -0.00335031166
vn 0.713685751 -0.650956094 0.25866735
vn 0.99998498 -0.00548630441 8.48109812E-06
vn 0.999992609 5.18187244E-06 -0.00385776605
vn 0.707249939 -0.694765806 0.130759463
vn 0.999986291 -0.00510575343 -0.00120955217
vn -1.30224735E-05 -0.242544606 0.970140278
vn -0.00394983683 -0.0642452314 0.997926354
vn -0.0293949824 -0.0422366858 0.998675048
vn 0.159417138 -0.252065301 0.954489052
vn 0.999997735 -0.000498978479 0.00209335703
vn 0.00292351469 -0.617780447 0.786345184
vn 0.999998808 -0.000582254957 0.00145187916
vn 1 -3.9905799E-06 -3.39059102E-06
vn 1 -6.43211433E-06 3.66369795E-06
vn 1 -2.99084149E-06 1.27944088E-06
vn 0.178777501 -0.60745424 0.773975432
vn 0.999999046 -0.000869977812 0.00108990935
vn 1 -1.18058051E-06 2.49019962E-07
vn 0.999998331 -0.00154331711 0.000947370194
vn 1 -9.35127105E-07 0
vn 0.158408716 -0.844955623 0.510839105
vn 7.42794509E-06 -0.856519639 0.516114414
vn 0.99999845 -0.00170326838 0.000428263331
vn 1 -7.49996616E-07 0
vn 0.16407688 -0.956980169 0.23930648
vn -4.00229292E-05 -0.970019579 0.243026808
vn -2.35283478E-05 -0.999086738 0.0427294634
vn 0.99999845 -0.0017929842 8.01078204E-05
vn 0.167010769 -0.985064328 0.0419016667
vn -4.13753423E-06 -0.979226649 -0.202768683
vn 0.999926805 -0.0118503021 -0.00246156799
vn 1 -6.3212542E-07 0
vn 1 -8.95969549E-07 6.35400283E-07
vn 0.162325099 -0.966263652 -0.199963078
vn -5.84520103E-06 -0.976897359 -0.21370919
vn 0.999805033 -0.0192916617 -0.00421910686
vn 0.170905486 -0.962524056 -0.210567549
vn 0.161425531 -0.961890221 -0.220701098
vn 2.05737342E-05 -0.97472769 -0.223396286
vn 0.999919772 -0.0123561602 -0.00281342794
vn 1 -9.14050815E-07 -1.89592342E-07
vn 1 2.7111426E-07 -3.50813139E-07
vn 0.168748334 -0.924201548 -0.342600942
vn 3.67631183E-05 -0.937781036 -0.347227395
vn 0.999994874 -0.00301918318 -0.00110059185
vn 0.161378399 -0.82119894 -0.547347546
vn 1.53802812E-05 -0.83266592 -0.553775668
vn -1.12609951E-05 -0.540672839 -0.841232896
vn 1 0 1.50995803E-07
vn 1 -2.0043862E-07 1.95780018E-07
vn 0.999994755 -0.00273702014 -0.00177999504
vn 0.160553798 -0.534154832 -0.830000639
vn 1.63279424E-07 -0.163851023 -0.986485124
vn 0.999995232 -0.00167645107 -0.0026041097
vn 0.999996185 0.00277411728 -0.000186069519
vn 1 5.51694984E-06 -9.38968515E-06
vn 0.158851579 -0.161446214 -0.974012971
vn 1.22032077E-07 0.268083662 -0.963395655
vn 0.999995947 -0.000483476237 -0.00282680546
vn 0.999997854 0.00204474828 -0.000483978016
vn 0.158346757 0.265116721 -0.951125383
vn 5.09571737E-06 0.609773159 -0.792575955
vn 0.999992371 0.00386169273 -0.000711491972
vn 1 -0.000364365056 -0.000102894759
vn 0.999996066 0.000742579927 -0.00272228266
vn 0.15927887 0.602423787 -0.782122672
vn 3.88402032E-06 0.885830522 -0.464008927
vn 0.99999702 0.00148668652 -0.00193103298
vn 0.162201226 0.873496771 -0.459014267
vn 0.999997616 0.00197504577 -0.000993477181
vn 0.166838244 0.957446396 -0.23550263
vn -2.15735849E-06 0.971310318 -0.237815335
vn -9.98682299E-06 0.997523487 -0.0703346506
vn 0.16887109 0.983226001 -0.0689142644
vn -1.71029787E-05 0.992686629 -0.120720111
vn 0.179077089 0.976577342 -0.119281918
vn -1.34722195E-05 0.955325723 -0.295555264
vn 0.999990582 0.00395504385 -0.00183483958
vn 0.18102251 0.939467013 -0.290916592
vn -8.63118385E-06 0.881664097 -0.471877545
vn 0.999998212 0.00143053709 -0.00121735164
vn 0.999999046 -0.00116324681 0.00078544335
vn 0.181515902 0.866914034 -0.464232713
vn -2.14968964E-06 0.787770331 -0.615969062
vn 0.999999762 0.000220576418 -0.000670229609
vn 0.178093717 0.775420964 -0.605809331
vn 0.000353018113 0.671153963 -0.741317809
vn 0.999999404 -0.000266514078 -0.00108266331
vn 0.99999845 -0.00170392718 0.000492391759
vn 0.184287444 0.660657108 -0.727715909
vn 0.190228373 0.459262669 -0.867692947
vn 0.00130530645 0.468249112 -0.883595586
vn 0.999996901 -0.000990740024 -0.00232199626
vn 0.999996662 -0.00243122829 -0.000932800758
vn 0.186003 0.192599043 -0.963487625
vn 0.00111131591 0.197886243 -0.980224371
vn 0.999923825 -0.000353295269 -0.0123403016
vn 0.168941185 0.109361626 -0.97954011
vn 0.000482510368 0.11206203 -0.9937011
vn 0.999758303 0.00145768619 -0.0219372269
vn 0.16160433 0.28987208 -0.943322957
vn 0.000821675174 0.293278515 -0.956026733
vn 0.00112883211 0.478523821 -0.878073931
vn 0.999968648 0.00392064871 -0.00688221958
vn 0.164287224 0.473228604 -0.865485132
vn 0.00124082749 0.647792101 -0.761816144
vn 0.999914646 0.00959911942 -0.00886906497
vn 0.998771489 0.0321822502 -0.0376784131
vn 0.161644235 0.640052974 -0.751134753
vn 0.00115077652 0.812666118 -0.582728386
vn 0.824804664 0.369223028 -0.428219229
vn 0.158706933 0.801049829 -0.57717526
vn 0.00107878447 0.917053461 -0.398762852
vn 0.999908566 0.000869144162 -0.0135001615
vn 0.999999642 -0.000741066877 -0.00034598104
vn 0.15819402 0.903992295 -0.397205949
vn 0.000889247574 0.96591717 -0.258850008
vn 0.999874711 0.000540553941 -0.0158176944
vn 0.157279521 0.953643203 -0.256568998
vn 0.000476661458 0.991969287 -0.126477942
vn 0.999060094 0.0384295471 0.0200557597
vn 0.998918176 0.0458170511 0.00795423519
vn 0.999999881 -0.000455858943 0.000253678008
vn 0.999997973 -0.000714079826 -0.00190363009
vn 0.999995112 -0.00311573432 -0.000228618796
vn 0.159664512 0.97983712 -0.120110735
vn -0.00125355285 0.994736731 0.102455609
vn 0.997355342 0.0716790855 0.0120173134
vn 0.999966264 -0.00816234108 0.000948332075
vn 0.928668857 0.315230489 0.195458367
vn 0.139121696 0.771113455 0.621312499
vn 0.162633926 0.98144871 0.101532184
vn 0.158942848 0.969864249 0.184662983
vn -4.03095E-05 0.982899964 0.184140638
vn 0.000818747561 0.783356965 0.6215716
vn 0.000358401972 0.934134603 0.356920779
vn 0.000358253455 0.93418318 0.356793553
vn -0.566486239 0.642611265 0.515891552
vn -0.913804173 0.341099352 0.220484063
vn -0.491805196 0.810904443 0.317114413
vn -0.690219879 0.708040237 0.149249762
vn -0.999581039 0.0285777692 0.00457976479
vn -0.999997854 0.00202807295 -0.000493946543
vn -0.999999642 0.000896018872 -5.8389156E-05
vn -0.999970794 0.00736760162 0.00202347571
vn -0.699942708 0.71012032 0.0762183294
vn -1 6.98281219E-05 -4.17327428E-05
vn -1 6.12100193E-05 -5.00883434E-05
vn -1 5.85510716E-05 -5.45465264E-05
vn -1 6.36772602E-05 -2.47269327E-05
vn -0.99873811 -0.0492058881 0.0100508546
vn -0.999999881 -4.16149633E-05 -0.00061808707
vn -0.772898018 0.631904006 -0.0576698966
vn -0.999997735 0.000290455064 -0.00212293514
vn -0.999948978 -0.0100940429 -0.000496478111
vn -0.771601439 0.61188066 -0.173877165
vn -0.740789175 0.605718732 -0.290406972
vn -0.999807417 0.0138615854 -0.0138938231
vn -0.698230743 0.571734071 -0.430806041
vn -0.999973416 0.00459395256 -0.00566506386
vn -0.691613734 0.467565209 -0.550502658
vn -0.999993563 -0.00145864347 0.0032762296
vn -0.69561398 0.345205486 -0.63004303
vn -0.999999881 0.000109901812 -0.000605329173
vn -0.696315169 0.209921032 -0.686351418
vn -1 -8.44613678E-05 -0.000407534302
vn -0.693413913 0.0793633088 -0.716155529
vn -0.999997973 0.000358376739 -0.00200922228
vn -0.699997187 0.137516752 -0.700780332
vn -0.999998927 0.000885767106 -0.00118820835
vn -0.704495609 0.330264598 -0.628180921
vn -0.999999166 0.00106589252 -0.000834444072
vn -1 0.00030959124 -9.67680389E-05
vn -0.706464112 0.478427798 -0.521550834
vn -0.999999166 0.00114325306 -0.000731459353
vn -1 0.000214032625 -0.00010890772
vn -0.701324463 0.562727988 -0.437585503
vn -0.999997973 0.00178940361 -0.000931248476
vn -0.703550696 0.626487136 -0.335455179
vn -1 0.000122097539 -6.10574643E-05
vn -0.999996901 0.00242721755 -0.000646543689
vn -0.706014514 0.676543057 -0.209363222
vn -0.999997973 0.00201780815 -0.000182016054
vn -0.70949471 0.699397504 -0.0863734707
vn -1 -1.15965815E-06 9.11147481E-07
vn -0.999999166 0.0013444873 -9.87479216E-05
vn -0.708828509 0.703754127 -0.047878053
vn -0.999999523 0.000988700311 -0.00023426539
vn -0.715560973 0.677428663 -0.170478612
vn -0.717903137 0.613984644 -0.328082234
vn -0.999998808 -0.0013238783 -0.000861728447
vn -1 0 -1.50995803E-07
vn -1 0 -4.00733711E-07
vn -1 -1.44879962E-07 -2.92803406E-07
vn -0.999998808 -0.00145920238 -0.000532919832
vn -1 0 -1.50995803E-07
vn -0.999981046 -0.00600592932 -0.00136784953
vn -0.712475479 -0.657460749 -0.245202065
vn -0.713239253 -0.581065357 -0.391985625
vn -0.706115007 -0.689968944 -0.159199923
vn -0.720492959 -0.377017111 -0.5820207
vn -0.999953628 -0.00941274315 -0.00205889298
vn -1 3.60976998E-07 0
vn -0.706413567 -0.691447258 -0.151263312
vn -0.999998927 -0.000810803962 -0.00125996256
vn -0.714229345 -0.113210537 -0.690695226
vn -0.999982715 -0.00575854443 -0.00119652681
vn -1 6.38645361E-07 0
vn -0.70655185 -0.693064809 -0.14298822
vn -1 7.50007814E-07 0
vn -0.999999046 -0.000233772604 -0.00136800495
vn -0.7167449 0.188816354 -0.671286225
vn -0.999999642 -0.000865572947 3.84400882E-05
vn -0.713211238 -0.700350404 0.0289641749
vn -1 9.03787566E-07 -2.01541582E-07
vn -0.999999642 -0.000822038681 0.000206526151
vn -0.71306318 -0.680575371 0.168398544
vn -0.717819035 -0.594518483 0.362330586
vn -0.999999642 -0.000748792139 0.000459926727
vn -1 8.17678313E-07 -2.01197849E-06
vn -0.756236494 -0.400273889 0.517578185
vn -0.999999762 -0.000432498549 0.000540282635
vn -1 -7.14890348E-07 -1.5144193E-06
vn -0.999999762 -0.000273569312 0.000673727074
vn -0.724480629 -0.182469159 0.664705157
vn -0.0802173689 -0.0421187431 0.99588722
vn -1 0 -1.50995803E-07
vn -0.999999285 -0.000287738949 0.00123090274
vn -1 0 -1.50995803E-07
vn 1.16072414E-07 0.997565627 0.0697336569
vn 7.52459812E-07 0.998960614 0.0455812626
vn 1.16072229E-07 0.997565508 0.0697346628
vn 7.52459812E-07 0.998960614 0.0455809906
vn 4.03726347E-07 0.952348888 -0.305010855
vn 4.03727114E-07 0.952347159 -0.305016041
vn 2.3109088E-07 0.774633765 -0.632410228
vn 2.31090965E-07 0.774633527 -0.632410347
vn 5.78288336E-07 0.763114572 -0.646263182
vn 5.7828845E-07 0.763114154 -0.646263719
vn 8.20707726E-07 0.754623532 -0.65615803
vn 8.20707612E-07 0.754623175 -0.656158388
vn 5.4125212E-07 0.502794564 -0.86440587
vn 5.33859463E-07 0.472534537 -0.881312191
vn -0.00514525734 0.082364738 -0.996588945
vn -0.00510769617 0.0719255432 -0.997396946
vn 0 -0.344881684 -0.938646197
vn 0 -0.366861254 -0.930275619
vn 1.43905268E-07 -0.724779844 -0.68898046
vn 1.43905183E-07 -0.724779725 -0.688980579
vn 2.3212192E-07 -0.949570358 -0.313554019
vn 2.32121891E-07 -0.949570477 -0.313553691
vn 0 -0.958618164 -0.284694999
vn 0 -0.958618164 -0.284695059
vn 0 -0.992578685 -0.121604279
vn 0 -0.992578566 -0.121605203
vn 0 -0.99870193 0.0509360805
vn 0 -0.998701811 0.0509375073
vn 1.22341163E-07 -0.966954648 0.254948765
vn 1.22341206E-07 -0.966954648 0.254948556
vn -2.20129508E-07 -0.83004874 0.557690799
vn -2.20129195E-07 -0.830049336 0.557689905
vn -1.39128318E-07 -0.521577179 0.853204072
vn -1.39128304E-07 -0.521577358 0.853204012
vn -1.50633724E-07 -0.294592977 0.955622792
vn -0.00314013311 -0.38098523 0.924575806
vn -0.000647030189 -0.356831431 0.934168518
vn 7.39152938E-07 0.306412995 0.951898694
vn 1.28973079E-06 0.306755185 0.951788485
vn -2.16725084E-07 0.533953786 0.845513642
vn -2.19870572E-07 0.276245087 0.961087286
vn 0.000361347455 -0.0870142356 0.996206999
vn -2.16725141E-07 0.53395313 0.845514059
vn -1.75973454E-07 0.814059079 0.580781996
vn -1.75973497E-07 0.814059019 0.580782175
vn -1.04773171E-07 0.974741042 0.223337799
vn -1.04773207E-07 0.974741042 0.223337978
vn -1.22484593E-07 0.984000266 0.178166941
vn -1.22484636E-07 0.984000266 0.178167194
vn -0.0154488599 -0.22089 0.975176334
vn -0.611497283 0.76325351 0.208602771
vn 0.0196421538 -0.0428712331 0.998887479
vn 0.00123533781 -0.0816426724 0.996660948
vn 0.0906810835 -0.224072278 0.970344543
vn 0.000261939946 -0.358893514 0.933378458
vn 0.000144056627 -0.378212988 0.925718546
vn -1.36565404E-07 -0.521594286 0.8531937
vn -0.000262273446 -0.358893692 0.933378458
vn -1.3656539E-07 -0.521594286 0.853193581
vn 0 -0.830049515 0.557689786
vn 0 -0.830049515 0.557689786
vn 0 -0.966954529 0.254949152
vn 0 -0.966954529 0.254949152
vn 0 -0.998701811 0.0509376563
vn 0 -0.998701811 0.0509376377
vn 0 -0.992578685 -0.121604331
vn 0 -0.992578685 -0.121604219
vn 0 -0.958618104 -0.284695148
vn 0 -0.958618104 -0.284695119
vn 1.30359425E-07 -0.949570358 -0.313554049
vn 1.30359425E-07 -0.949570358 -0.313553959
vn -0.000144270045 -0.378212988 0.925718546
vn 1.67395413E-07 -0.724780262 -0.688980103
vn 1.67395399E-07 -0.724780321 -0.688979983
vn 1.72471516E-07 -0.36443305 -0.931229532
vn 1.72471516E-07 -0.36443305 -0.931229532
vn 1.43861939E-07 0.0765356347 -0.997066796
vn 1.43861939E-07 0.0765356347 -0.997066796
vn 0 0.503834903 -0.863799989
vn 0 0.503834903 -0.863799989
vn 0 0.754623055 -0.656158507
vn 0 0.754623055 -0.656158507
vn 0 0.774823427 -0.632177651
vn 0 0.774823427 -0.632177651
vn 0 0.953812659 -0.300402135
vn 0 0.953812659 -0.300402135
vn 0 0.998987854 0.0449805707
vn 0 0.998987854 0.0449805818
vn -1.01882847E-07 0.997640967 0.0686482489
vn -1.01882847E-07 0.997640967 0.068648234
vn 1.9316613E-07 0.785002112 -0.619493008
vn -0.00389552815 0.746158779 -0.665756583
vn 1.95223578E-07 0.746164441 -0.665761769
vn -0.00388647849 0.747252822 -0.664528489
vn -0.00148878316 0.773327529 -0.634004891
vn -0.00148194516 0.776108742 -0.630597293
vn 0 0.851310253 -0.524662614
vn 0 0.850427032 -0.526093006
vn -1.26091777E-07 0.94816649 -0.317774057
vn -1.26092274E-07 0.948166788 -0.317773283
vn 3.82707896E-07 0.99434644 -0.106184505
vn 3.82667622E-07 0.994356334 -0.106091276
vn 0.00188355916 0.995512068 0.0946161449
vn 0.00099353469 0.999368489 -0.0355197005
vn 0.00077730394 0.991858661 0.127340972
vn 0.00102695648 0.991123319 0.132941395
vn -1.11859897E-07 0.991575181 0.129532874
vn 0.000118384283 0.992139041 0.125140667
vn 0.040247038 0.880804002 0.471767396
vn -1.07868559E-07 0.997167647 0.0752101541
vn 0.00158173859 0.999342144 -0.0362319574
vn 0.523755014 0.791473627 0.315040022
vn 0 0.994332552 -0.106314212
vn 0 0.994332552 -0.106314197
vn 0 0.948166668 -0.317773432
vn 0 0.948166668 -0.317773432
vn 0 0.851019323 -0.525134444
vn 0 0.851019323 -0.525134444
vn 0 0.774186492 -0.632957578
vn 0 0.774186552 -0.632957518
vn 0 0.746640921 -0.665227294
vn 0 0.746640921 -0.665227294
vn -0.00158190192 0.999342144 -0.0362319648
vn -0.000118611089 0.992139041 0.125140697
vn -0.523756504 0.791472793 0.315039575
vn -0.000777519832 0.991858661 0.127341047
vn -0.00102717592 0.991123319 0.13294141
vn -0.00188376475 0.995511949 0.09461651
vn -0.000993705704 0.999368489 -0.0355195999
vn -0.0402474739 0.880804062 0.471767336
vn -4.460274E-07 0.994346797 -0.106181815
vn -4.46084726E-07 0.994356453 -0.106090687
vn 4.41063008E-07 0.94816649 -0.317774028
vn 4.41062866E-07 0.948166668 -0.317773312
vn 2.71143477E-07 0.851310074 -0.524662912
vn 2.71486044E-07 0.850427032 -0.526092947
vn 0.00148918363 0.773327529 -0.63400501
vn 0.00148234214 0.776108742 -0.630597293
vn 0.00389607041 0.746158838 -0.665756464
vn 0.00388702028 0.747252882 -0.66452843
vn 2.06349426E-07 0.785002112 -0.619493127
vn 2.40727729E-07 0.746164441 -0.665761709
vn -0.0808822885 0.761484623 0.643116832
vn -0.537941694 0.820443392 0.193626896
vn 0.0808820352 0.761484265 0.643117309
vn 0.537945092 0.820441008 0.193627581
vn 0.537850142 0.82047689 0.193739161
vn 0.0178915691 0.953420222 0.301114231
vn 0.0812945366 0.968186498 -0.236655906
vn 0.0408321619 0.998954296 -0.0205704384
vn -0.0408324376 0.998954177 -0.0205713175
vn -1.69978918E-07 0.940077662 0.340960354
vn -1.69978918E-07 0.940077662 0.340960354
vn -1.78873151E-07 0.924687445 0.380727291
vn -1.78873151E-07 0.924687445 0.380727321
vn -1.88826888E-07 0.90463239 0.42619276
vn -1.88826888E-07 0.90463239 0.42619276
vn -0.0338141359 0.588620782 0.807701766
vn 0.0338134989 0.588620663 0.807701826
vn -0.0812950581 0.968186498 -0.236655965
vn 0.0179257356 0.987370729 0.157409132
vn 0.0556735583 0.366021991 0.928939283
vn 0.03382916 0.929358363 0.367625594
vn -0.537848592 0.820478082 0.193738565
vn 0.0145353358 0.973134696 0.229777321
vn -0.0179260336 0.987370849 0.157408863
vn -0.0178916678 0.953420162 0.30111444
vn -0.0145356366 0.973134696 0.229777142
vn -0.0556741059 0.366022557 0.928939104
vn -0.0338296182 0.929357946 0.367626518
vn -0.0215571858 0.747222185 0.664224446
vn -0.0556745566 0.991086066 0.121032417
vn 0.0215570796 0.747222483 0.664224207
vn 0.055674497 0.991086066 0.121032402
vn -2.57993321E-07 0.604254603 0.796791255
vn -2.57993349E-07 0.604254663 0.796791255
vn -2.59406818E-07 0.590721548 0.806875467
vn -2.59406846E-07 0.590721607 0.806875467
vn 0.0372610688 0.135536492 0.990071416
vn -0.0372617356 0.135537475 0.990071297
vn 0.0215573851 0.830569148 0.55649817
vn -0.0215578955 0.830569148 0.55649811
vn -0.0686393902 -0.0936998799 0.993231535
vn -0.0451416261 0.641453981 0.765832186
vn 0.068639107 -0.0937001705 0.993231535
vn 0.0451409705 0.641454935 0.76583147
vn -2.71431475E-07 0.263682961 0.964609385
vn -2.71431475E-07 0.263683021 0.964609385
vn -2.64470685E-07 0.256757438 0.966475904
vn -2.64470742E-07 0.256757528 0.966475904
vn -0.0327484421 -0.206064954 0.97799015
vn 0.0327480733 -0.206064075 0.977990389
vn -0.0785355866 0.79642731 0.599612951
vn 0.0785353482 0.796427488 0.599612772
vn -0.0609499924 -0.398994237 0.914925516
vn -0.0352480896 0.512261152 0.858106136
vn 0.0191491935 0.289080292 0.957113326
vn -0.0191498157 0.289080292 0.957113326
vn 0.0203312058 0.400915384 0.915889502
vn -0.0203318335 0.400915384 0.915889502
vn 0.0609491542 -0.398994237 0.914925516
vn 0.0352476723 0.512261212 0.858106077
vn -2.61905541E-07 0.0674636662 0.997721732
vn -2.61905541E-07 0.0674636662 0.997721732
vn -2.60372587E-07 0.0419180505 0.99912101
vn -2.60372587E-07 0.0419180505 0.99912101
vn -2.5809112E-07 0.0100631677 0.999949336
vn -2.5809112E-07 0.0100631723 0.999949336
vn 0.0631752387 0.652957141 0.754755437
vn -0.0631756335 0.652957261 0.754755318
vn 0.00264414959 0.158251137 0.987395406
vn -0.0026446376 0.158251256 0.987395406
vn -0.00415905425 0.0903654993 0.995899975
vn 0.0041584759 0.0903654844 0.995899975
vn 3.13276814E-07 -0.0690087229 -0.997616053
vn 2.63149389E-07 -0.0906306431 -0.995884597
vn 3.13276814E-07 -0.0690091625 -0.997616053
vn 2.6314936E-07 -0.0906304419 -0.995884597
vn 2.65263395E-07 -0.138192549 -0.990405381
vn 2.65263395E-07 -0.138192549 -0.990405381
vn 2.6446304E-07 -0.257736564 -0.966215193
vn 2.64463097E-07 -0.257736504 -0.966215193
vn 2.68550622E-07 -0.46628499 -0.884634554
vn 2.68550622E-07 -0.46628499 -0.884634554
vn 2.58887866E-07 -0.59579289 -0.803138196
vn 2.58887866E-07 -0.59579277 -0.803138196
vn 2.55418229E-07 -0.62689501 -0.779103756
vn 2.55418229E-07 -0.62689501 -0.779103756
vn 2.70735313E-07 -0.4086878 -0.912674248
vn 2.70735342E-07 -0.4086878 -0.912674248
vn 2.66568435E-07 -0.128073499 -0.991764724
vn 2.66568435E-07 -0.128073499 -0.991764724
vn 2.41975528E-07 0.145952553 -0.989291608
vn 2.41975528E-07 0.145952538 -0.989291608
vn 2.57269051E-07 -0.610866547 -0.791733563
vn 2.57269051E-07 -0.610866547 -0.791733563
vn 2.10085247E-07 -0.849593103 -0.527438641
vn 2.10085247E-07 -0.849593103 -0.5274387
vn 1.67102399E-07 -0.944588304 -0.32825765
vn 1.67102399E-07 -0.944588184 -0.32825771
vn 1.23702193E-07 -0.982735336 -0.185017481
vn 1.23702208E-07 -0.982735217 -0.185017541
vn 0 -0.998683393 -0.0512983017
vn 0 -0.998683393 -0.0512983017
vn 0 -0.995963216 0.0897620842
vn 0 -0.995963216 0.0897620544
vn 0 -0.950184822 0.311687052
vn 0 -0.950184822 0.311687052
vn 0 -0.832828104 0.553531706
vn 0 -0.832828104 0.553531647
vn 0 -0.752848744 0.658193588
vn 0 -0.752848744 0.658193588
vn 0 -0.74625814 0.665656626
vn 0 -0.74625814 0.665656626
vn 0 -0.733420193 0.679775476
vn 0 -0.733420193 0.679775476
vn 0 -0.726271152 0.687408328
vn 0 -0.726271152 0.687408328
vn 0.00394950248 -0.0642447993 0.997926354
vn 1.39564318E-05 -0.242544666 0.970140159
vn 0.0293947235 -0.0422371328 0.998675048
vn -0.159416571 -0.252065122 0.954489172
vn -0.00292280177 -0.617780268 0.786345363
vn -0.999997735 -0.000499151996 0.00209305412
vn -0.178777143 -0.60745436 0.773975432
vn -7.15396936E-06 -0.85651958 0.516114414
vn -0.999998808 -0.000582429348 0.00145157787
vn -1 -4.16542571E-06 -3.69258282E-06
vn -1 -6.60695423E-06 3.36169887E-06
vn -1 -3.16568321E-06 9.77446689E-07
vn -0.999999046 -0.000870154996 0.00108960911
vn -1 -1.35542609E-06 0
vn -0.999998331 -0.00154349243 0.000947065651
vn -1 -1.10997257E-06 -3.60582732E-07
vn -0.158408836 -0.844955623 0.510839105
vn -0.99999845 -0.00170344289 0.000427960884
vn -1 -9.24842368E-07 -2.58531912E-07
vn -0.164076969 -0.956980169 0.23930648
vn 4.01185753E-05 -0.97001946 0.243027195
vn 2.36901033E-05 -0.999086738 0.0427294374
vn -0.99999845 -0.00179315882 7.98050387E-05
vn -1 -7.93938682E-07 -3.63995724E-07
vn -0.167010561 -0.985064328 0.0419016182
vn -0.162324101 -0.966263711 -0.199963123
vn 4.36997743E-06 -0.979226649 -0.202768654
vn 6.08055279E-06 -0.976897359 -0.21370919
vn -0.999926805 -0.0118505042 -0.0024619808
vn -1 -1.06869197E-06 -3.22217744E-07
vn -0.999805033 -0.0192922205 -0.00421959581
vn -0.170905203 -0.962524176 -0.210567608
vn -0.161425233 -0.961890221 -0.220701158
vn -2.03358231E-05 -0.97472769 -0.223396271
vn -0.999919772 -0.0123563297 -0.00281372899
vn -1 -3.57688407E-07 -6.99064401E-07
vn -1 0 -6.52804715E-07
vn -0.168747991 -0.924201667 -0.342601031
vn -3.64942462E-05 -0.937781036 -0.347227305
vn -0.999994874 -0.0030189394 -0.00110098405
vn -0.161378011 -0.82119894 -0.547347546
vn -1.5067455E-05 -0.832666039 -0.553775609
vn 1.1609578E-05 -0.540672839 -0.841233015
vn -1 -1.6729274E-07 -1.34212669E-07
vn -1 -3.61938987E-07 -2.33202286E-07
vn -0.999994755 -0.00273702992 -0.00178049866
vn -0.16055344 -0.534154892 -0.830000699
vn 1.63279424E-07 -0.163851053 -0.986485124
vn -0.999995232 -0.00167672837 -0.00260458351
vn -0.999996185 0.00277379225 -0.000186356847
vn -1 5.34210176E-06 -9.69167377E-06
vn -0.158851251 -0.161446229 -0.974012971
vn 1.22032077E-07 0.268083662 -0.963395655
vn -0.999995947 -0.000483557116 -0.00282770442
vn -0.999997854 0.00204437855 -0.000484230462
vn -0.158346564 0.265116096 -0.951125562
vn -2.58080786E-06 0.609773576 -0.792575717
vn -0.999992371 0.00386151369 -0.000711793255
vn -1 -0.000364539941 -0.000103196602
vn -0.999996066 0.000742403034 -0.00272258348
vn -0.159276769 0.602423966 -0.78212285
vn -3.85298199E-06 0.885830641 -0.464008778
vn -0.99999702 0.00148670853 -0.00193206593
vn -0.162200049 0.87349695 -0.459014267
vn 2.05934293E-06 0.971310437 -0.237815231
vn -0.999997616 0.00197491026 -0.000994459493
vn -0.166837335 0.957446456 -0.235502675
vn 9.8336368E-06 0.997523367 -0.0703348964
vn -0.168871045 0.983226001 -0.068914555
vn 1.69658106E-05 0.992686629 -0.120720066
vn -0.1790777 0.976577103 -0.11928194
vn 1.33944668E-05 0.955325782 -0.295554847
vn -0.999992967 0.00350491074 -0.0013477084
vn -0.999999046 -0.00128090044 0.000622805965
vn -0.181022733 0.939467132 -0.290916324
vn 8.61953322E-06 0.881663978 -0.471877754
vn -0.999998212 0.00143036048 -0.00121765281
vn -0.181515992 0.866914034 -0.464232713
vn 8.60934222E-07 0.787770271 -0.615969121
vn -0.999999762 0.000220404632 -0.000670533918
vn -0.178093836 0.775421143 -0.605809093
vn -0.00035452412 0.671154916 -0.741317034
vn -0.999999404 -0.000266687537 -0.00108296529
vn -0.99999845 -0.00170410203 0.000492089777
vn -0.184287503 0.660657287 -0.727715611
vn -0.190226525 0.459262341 -0.867693484
vn -0.00130512181 0.468248606 -0.883595824
vn -0.999996901 -0.000990913017 -0.0023223001
vn -0.999996662 -0.00243141875 -0.000933141098
vn -0.186002269 0.192598656 -0.963487864
vn -0.00111274805 0.197886556 -0.980224371
vn -0.999923825 -0.000353461277 -0.0123405978
vn -0.168939143 0.109361663 -0.979540527
vn -0.000482230476 0.112062685 -0.9937011
vn -0.999758303 0.00145751238 -0.0219375286
vn -0.16160275 0.289872169 -0.943323195
vn -0.00082143856 0.293278515 -0.956026733
vn -0.0011286519 0.478523821 -0.878073931
vn -0.999968648 0.00392046897 -0.00688251946
vn -0.164285809 0.473228812 -0.865485311
vn -0.00124071201 0.647792101 -0.761816144
vn -0.999914646 0.00959894061 -0.00886937045
vn -0.998771489 0.0321821161 -0.0376795381
vn -0.161643058 0.640053093 -0.751134872
vn -0.00115074392 0.812666118 -0.582728386
vn -0.824803114 0.369224101 -0.428221196
vn -0.158706024 0.801049948 -0.577175319
vn -0.00107882428 0.917053461 -0.398762852
vn -0.999908447 0.000868930132 -0.013500616
vn -0.999999642 -0.000741282653 -0.000346485816
vn -0.158193618 0.903992176 -0.397206396
vn -0.000888828537 0.96591717 -0.258849919
vn -0.999874711 0.000540366746 -0.0158179924
vn -0.157279134 0.953643203 -0.256569475
vn -0.00047654676 0.991969287 -0.126477793
vn -0.999060094 0.0384293869 0.0200554542
vn -0.998918176 0.0458167158 0.0079537956
vn -0.999999881 -0.000456015667 0.000253213744
vn -0.999997973 -0.000714164926 -0.00190398621
vn -0.999998689 0.00153983326 -0.00046055502
vn -0.159664467 0.97983712 -0.120110773
vn 0.00125334808 0.994736731 0.102455623
vn -0.997380793 0.0715943128 0.01027813
vn -0.999966264 -0.008162193 0.000947684632
vn -0.928669035 0.315230161 0.19545795
vn -0.139122486 0.771113396 0.62131232
vn -0.162634924 0.981448472 0.101532109
vn -0.158943206 0.969864249 0.184662834
vn 4.008205E-05 0.982899964 0.184140533
vn -0.000819073932 0.783357084 0.621571541
vn -0.000358673948 0.934134603 0.356920779
vn -0.000358525314 0.93418318 0.356793582
vn 0.566503048 0.642550945 0.515948236
vn 0.491804987 0.810904562 0.317114532
vn 0.913832843 0.340417385 0.221417338
vn 0.685117245 0.712802052 0.150092199
vn 0.999608576 0.0275801215 0.00470612012
vn 1 0.000159645366 -0.000163114339
vn 1 3.91474805E-06 0
vn 0.999975085 0.00701690186 0.00073765975
vn 1 1.77292392E-07 0
vn 0.69807148 0.711935759 0.0764442235
vn 1 2.36175481E-07 1.99169122E-07
vn 1 2.71993372E-07 1.61196738E-07
vn 1 2.68349879E-07 1.7731189E-07
vn 1 -1.9064629E-06 3.98935117E-06
vn 0.999999881 0.000562274072 -5.23355702E-05
vn 0.785137594 0.616854191 -0.0552249514
vn 0.999999881 0.000505879114 -0.000145053215
vn 0.999999881 0.00049358845 -0.0002385915
vn 0.783485532 0.597629011 -0.170264333
vn 0.746537209 0.599671245 -0.288229942
vn 0.999999762 0.000610107498 -0.000458471477
vn 0.695796311 0.573527873 -0.432357967
vn 0.999999762 0.000498182606 -0.000587700109
vn 0.687715173 0.469960183 -0.553340077
vn 0.999999762 0.000341935025 -0.000624128792
vn 0.692676008 0.346576065 -0.632522702
vn 0.999999762 0.000227327968 -0.000741523458
vn 0.693299532 0.210769355 -0.689138651
vn 0.999999523 0.000108541513 -0.000975003059
vn 0.6902439 0.0796982124 -0.719174325
vn 0.999999285 0.000246204756 -0.00116466184
vn 0.696454644 0.138203919 -0.704166591
vn 0.999999285 0.000569875177 -0.00106364139
vn 0.701443613 0.331624866 -0.630873978
vn 0.999999404 0.000714652124 -0.000797712128
vn 1 1.31630702E-06 -2.32404076E-07
vn 0.704213619 0.47990188 -0.523237288
vn 0.999999404 0.00085143093 -0.000667839835
vn 0.699462414 0.564163506 -0.438715994
vn 1 9.96746394E-07 -1.85129707E-07
vn 0.999998331 0.00161359564 -0.000864312402
vn 0.70194751 0.627874732 -0.336218685
vn 0.999997258 0.00223718351 -0.000691087509
vn 0.704767525 0.677719057 -0.209761038
vn 1 3.55186614E-07 4.10465105E-07
vn 0.999998093 0.00197277451 -0.000235680418
vn 0.709021747 0.699868083 -0.0864457116
vn 0.999999166 0.00134571036 -9.62599661E-05
vn 0.708333492 0.704250038 -0.0479128584
vn 0.999999523 0.000990048517 -0.000234242165
vn 0.715070128 0.677916586 -0.170598224
vn 0.717411816 0.61443311 -0.328317255
vn 0.999998808 -0.00132554956 -0.000862522633
vn 1 0 1.50995803E-07
vn 1 0 2.75864778E-07
vn 1 1.44879948E-07 2.92803463E-07
vn 0.999998808 -0.00146139029 -0.000532981125
vn 1 -4.70059831E-07 5.17422848E-07
vn 0.999981046 -0.00601438014 -0.00136904977
vn 0.71198529 -0.657927215 -0.245374694
vn 0.712749124 -0.581480861 -0.392261058
vn 0.705619395 -0.690450311 -0.159309745
vn 0.720007241 -0.377289921 -0.582444608
vn 0.999953508 -0.00942598842 -0.00206117495
vn 1 1.25504684E-07 7.60076944E-07
vn 0.705918312 -0.691929817 -0.151368514
vn 0.999998927 -0.000811873528 -0.00126142311
vn 0.713740349 -0.113291122 -0.691187263
vn 0.999982715 -0.00576692354 -0.0011978416
vn 1 0 1.50995803E-07
vn 0.7060619 -0.693543494 -0.143087089
vn 0.999999046 -0.000234287552 -0.00136835617
vn 0.716255069 0.188949853 -0.671771288
vn 0.999999642 -0.00086741196 3.92900583E-05
vn 1 0 1.50995803E-07
vn 0.712729275 -0.700840116 0.0289856251
vn 1 -8.41144811E-07 7.21815695E-07
vn 0.999999642 -0.000824860879 0.000208047088
vn 0.712580264 -0.681051493 0.168518186
vn 0.717340231 -0.594941318 0.362584919
vn 0.999999642 -0.000750462874 0.000462879456
vn 1 3.48258737E-07 1.41799956E-06
vn 0.755796313 -0.400585711 0.517979801
vn 0.999999762 -0.000432422443 0.000542406924
vn 1 4.01152306E-07 8.3270811E-07
vn 0.999999762 -0.000273774116 0.000675015501
vn 0.724009693 -0.182576284 0.66518867
vn 0.0801196024 -0.0421195067 0.995895028
vn 1 0 1.50995803E-07
vn 0.999999285 -0.000287754374 0.00123201311
vn 1 0 1.50995803E-07
vn -9.60453463E-07 0.998960614 0.0455813073
vn -2.34541915E-07 0.997565627 0.0697334856
vn -2.34542568E-07 0.997565508 0.0697346628
vn -9.60453349E-07 0.998960614 0.0455807894
vn -4.12767065E-07 0.952349186 -0.305009902
vn -4.12764365E-07 0.952347159 -0.30501619
vn 1.78563596E-07 0.774633765 -0.632410228
vn 1.78563653E-07 0.774633527 -0.632410467
vn -6.13877944E-07 0.754623353 -0.656158209
vn -6.1387766E-07 0.754622996 -0.656158566
vn 1.86695587E-07 0.503836811 -0.863798857
vn 1.86703332E-07 0.503828704 -0.863803566
vn 1.6234377E-06 0.0765342042 -0.997066915
vn 1.62343838E-06 0.0765319392 -0.997067153
vn 9.31814384E-07 -0.364433438 -0.931229472
vn 9.31815691E-07 -0.36443007 -0.931230783
vn 5.56239797E-07 -0.724780023 -0.68898046
vn 5.56240195E-07 -0.724779606 -0.688980758
vn 1.28449955E-07 -0.949570358 -0.313553929
vn 1.28449855E-07 -0.949570477 -0.31355384
vn 2.60038718E-07 -0.958618164 -0.284694999
vn 2.60038746E-07 -0.958618164 -0.284695059
vn 1.98478077E-07 -0.992578566 -0.121605173
vn 1.98478062E-07 -0.992578566 -0.121604763
vn 1.70808988E-07 -0.99870193 0.0509361699
vn 1.70809088E-07 -0.998701811 0.0509376377
vn -1.39559376E-07 -0.966954648 0.254948556
vn -1.39559901E-07 -0.966954291 0.254949719
vn -1.90251697E-07 -0.83004874 0.557690799
vn -1.90251541E-07 -0.830049098 0.557690263
vn -4.41392586E-07 -0.521576107 0.853204787
vn -4.41392302E-07 -0.521577239 0.853204072
vn -2.22646335E-07 -0.294591308 0.955623329
vn 0.00311244559 -0.380979627 0.92457819
vn 0.000646380882 -0.356846243 0.934162855
vn 0.610967994 0.76365006 0.20870246
vn 0.0154636651 -0.220897719 0.975174367
vn -1.16178398E-06 0.306412876 0.951898754
vn -1.63079756E-06 0.306754798 0.951788604
vn -0.000361739221 -0.0870142132 0.996206999
vn -0.019642463 -0.0428712331 0.998887479
vn -0.00123573001 -0.0816426575 0.996660948
vn -0.0906813294 -0.224072307 0.970344543
vn -1 0 -1.50995803E-07
vn -1 0 -1.50995803E-07
vn -1 0 -1.50995803E-07
vn -1 0 -1.50995803E-07
vn -1 0 -1.50995803E-07
vn -1 0 -1.50995803E-07
vn -1 0 -1.50995803E-07
vn -1 0 -1.50995803E-07
vn -1 0 -1.50995803E-07
vn -1 0 -1.50995803E-07
vn -2.59098044E-07 0.028079804 0.999605715
vn -2.56901245E-07 0.455802053 0.890081167
vn -2.56901245E-07 0.455802053 0.890081167
vn -2.5909813E-07 0.0280809104 0.999605715
vn -3.10412901E-07 -0.00372391823 0.999993086
vn -3.10412815E-07 -0.00372450752 0.999993086
vn -3.03936957E-07 -0.0692832693 0.997597039
vn -3.03936957E-07 -0.0692832693 0.997597039
vn -2.05297184E-07 -0.570627391 0.821209073
vn -2.05297155E-07 -0.570627451 0.821209073
vn 2.58332477E-07 -0.601085782 -0.799184561
vn 2.5833242E-07 -0.601086557 -0.799183965
vn 3.1665644E-07 -0.0786908939 -0.996899128
vn 3.16656411E-07 -0.0786913633 -0.996899009
vn 3.57588874E-07 0.064529635 -0.997915804
vn 3.57588959E-07 0.0645290613 -0.997915804
vn 3.5780792E-07 0.423726737 -0.905790091
vn 3.57807863E-07 0.423727036 -0.905789912
vn 2.14865821E-07 0.618290961 -0.78594929
vn 2.14867185E-07 0.618286312 -0.785952985
vn 1 0 1.50995803E-07
vn 1 0 1.50995803E-07
vn 1 0 1.50995803E-07
vn 1 0 1.50995803E-07
vn 1 0 1.50995803E-07
vn 1 0 1.50995803E-07
vn 1 0 1.50995803E-07
vn 1 0 1.50995803E-07
vn 1 0 1.50995803E-07
vn 1 0 1.50995803E-07
vn -5.4068056E-07 -0.346920609 0.937894464
vn -1.63567975E-07 0.168506742 0.985700488
vn -1.63567989E-07 0.168507069 0.985700488
vn -5.40682322E-07 -0.346922219 0.937893987
vn 0 -0.985701203 0.168502763
vn 0 -0.985701323 0.168502063
vn 1.72018531E-07 -0.638778925 -0.769390345
vn 1.72018545E-07 -0.638778985 -0.769390225
vn 3.25985525E-07 0.346921772 -0.937894046
vn 3.25985127E-07 0.346921027 -0.937894285
vn 0 0.985701203 -0.168502495
vn 0 0.985701203 -0.168502867
vn -1.34377302E-07 0.937893212 0.346923947
vn -1.34377302E-07 0.937893212 0.346923947
vn -1 0 -1.50995803E-07
vn -1 0 -1.50995803E-07
vn -1 0 -1.50995803E-07
vn -1 0 -1.50995803E-07
vn -1 0 -1.50995803E-07
vn -1 0 -1.50995803E-07
vn 0 -0.71976465 0.694218159
vn -2.84199496E-06 -0.276228547 0.961091876
vn -2.84199359E-06 -0.276224524 0.961093187
vn 0 -0.71976614 0.694216609
vn 1.25730409E-07 -0.961092532 -0.276226401
vn 1.25730409E-07 -0.961092532 -0.276226401
vn 1.67630333E-07 -0.241325304 -0.970444202
vn 1.67630304E-07 -0.241325051 -0.970444322
vn 9.32769467E-07 0.719765544 -0.694217205
vn 9.32768671E-07 0.719764769 -0.694218099
vn -1.25730423E-07 0.961092532 0.276226521
vn -1.25730239E-07 0.961093009 0.276224941
vn -1.0918618E-06 0.694217503 0.719765186
vn -1.09185817E-06 0.694218576 0.719764233
vn -1 0 -1.50995803E-07
vn -1 0 -1.50995803E-07
vn -1 0 -1.50995803E-07
vn -1 0 -1.50995803E-07
vn -1 0 -1.50995803E-07
vn -1 0 -1.50995803E-07
vn -1.51715028E-07 0.00828652922 0.999965668
vn 1.39389485E-07 0.507162154 0.861850679
vn 1.39389201E-07 0.507161736 0.861850858
vn -1.51715227E-07 0.0082886694 0.999965668
vn -1.79003939E-06 -0.861853659 0.507157147
vn -1.79004439E-06 -0.861852288 0.507159352
vn 1.50481682E-07 -0.870139003 -0.492806375
vn 1.50481725E-07 -0.870138705 -0.492806762
vn 1.51715028E-07 -0.0082864752 -0.999965668
vn 1.51715028E-07 -0.0082864752 -0.999965668
vn 0 0.861852467 -0.507159173
vn 0 0.861852586 -0.507158697
vn 5.32671152E-07 0.999965668 -0.00828717742
vn 5.32671038E-07 0.999965668 -0.00828621816
vn -1 0 -1.50995803E-07
vn -1 0 -1.50995803E-07
vn -1 0 -1.50995803E-07
vn -1 0 -1.50995803E-07
vn -1 0 -1.50995803E-07
vn -1 0 -1.50995803E-07
vn -1.63567989E-07 0.168507069 0.985700488
vn -1.11289239E-07 -0.346921414 0.937894166
vn -1.63567989E-07 0.168507069 0.985700488
vn -1.11289239E-07 -0.346921414 0.937894166
vn 0 -0.985701203 0.168502972
vn 0 -0.985701203 0.168502972
vn 1.72018531E-07 -0.638778925 -0.769390345
vn 1.72018545E-07 -0.638778985 -0.769390225
vn -1.03407132E-07 0.346921772 -0.937894046
vn -1.03406535E-07 0.346921027 -0.937894285
vn 0 0.985701203 -0.168502495
vn 0 0.985701203 -0.168502867
vn -1.34377302E-07 0.937893212 0.346923947
vn -1.34377302E-07 0.937893212 0.346923947
vn 1 0 1.50995803E-07
vn 1 0 1.50995803E-07
vn 1 0 1.50995803E-07
vn 1 0 1.50995803E-07
vn 1 0 1.50995803E-07
vn 1 0 1.50995803E-07
vn 2.25815688E-06 -0.276228517 0.961091995
vn 0 -0.719765067 0.694217741
vn 2.25815893E-06 -0.276225001 0.961093009
vn 0 -0.719766319 0.69421649
vn 1.25730409E-07 -0.961092532 -0.276226401
vn 1.25730409E-07 -0.961092532 -0.276226401
vn 1.67630304E-07 -0.241325051 -0.970444322
vn 1.67630304E-07 -0.241325051 -0.970444322
vn 0 0.719765067 -0.694217682
vn 0 0.719765067 -0.694217682
vn -1.25730551E-07 0.961092353 0.276227385
vn -1.25730381E-07 0.961092651 0.276226074
vn 1.61236846E-06 0.694216609 0.71976614
vn 1.6123638E-06 0.694218576 0.719764233
vn 1 0 1.50995803E-07
vn 1 0 1.50995803E-07
vn 1 0 1.50995803E-07
vn 1 0 1.50995803E-07
vn 1 0 1.50995803E-07
vn 1 0 1.50995803E-07
vn -4.88336241E-07 0.507162154 0.861850679
vn -1.51715028E-07 0.00828652922 0.999965668
vn -4.883359E-07 0.507161736 0.861850858
vn -1.51715227E-07 0.0082886694 0.999965668
vn 1.78757352E-06 -0.861853659 0.507157147
vn 1.78757773E-06 -0.861852288 0.507159352
vn 1.50481682E-07 -0.870139003 -0.492806375
vn 1.50481725E-07 -0.870138705 -0.492806762
vn 1.51715028E-07 -0.0082864752 -0.999965668
vn 1.51715028E-07 -0.0082864752 -0.999965668
vn 0 0.861852467 -0.507159173
vn 0 0.861852586 -0.507158697
vn -7.05008119E-07 0.999965668 -0.00828717742
vn -7.05008176E-07 0.999965668 -0.00828621816
vn 1 0 1.50995803E-07
vn 1 0 1.50995803E-07
vn 1 0 1.50995803E-07
vn 1 0 1.50995803E-07
vn 1 0 1.50995803E-07
vn 1 0 1.50995803E-07
vn 1 0 1.50995803E-07
vn 0.995017827 0.0591157563 -0.0802803189
vn 1 0 1.50995803E-07
vn 0.995053887 -0.0548362434 -0.0828289539
vn 0.073409982 0.0748442858 -0.994489431
vn 0.0730226263 -0.0431247577 -0.996397555
vn 0.0696506575 -0.992945492 -0.0959582552
vn 0.707108438 -0.707049072 -0.00889645424
vn 0.0749281123 -0.997110069 -0.0125459088
vn -1.5367943E-05 -0.999921679 -0.0125178946
vn 3.64740954E-05 -0.997406781 -0.0719693899
vn 2.20001075E-05 -0.0687306225 -0.997635245
vn -0.000595174439 0.0771553814 -0.997018933
vn 0.0645854175 0.995538533 -0.0687865466
vn -0.00793139078 0.996549487 -0.0826205686
vn 0.0715716854 0.993127584 0.0926023275
vn 0.704461753 0.709217966 0.0272655524
vn 0.00126064755 0.99298954 0.118195802
vn 0.0191450082 0.690865636 0.722729623
vn 0.000503318501 0.688696682 0.725049376
vn -0.00138158083 -0.0990292579 0.99508357
vn 0.0721920431 -0.0440760925 0.99641633
vn -0.000578823383 -0.0448068343 0.998995483
vn 0.0707240701 -0.0983813107 0.992632449
vn 0.707104325 -0.0312446207 0.706418514
vn 0.706756175 -0.0465531051 0.705923796
vn 0.0189270489 -0.7267344 0.686657727
vn -9.2231794E-06 -0.721248806 0.692676127
vn 0.701052487 -0.712452888 -0.0305964928
vn 0.999998808 -0.00156848994 -2.85788483E-05
vn 0.706755102 -0.707388103 -0.00996633247
vn 0.999933839 -0.00819595065 -0.00806843862
vn 0.70677048 -0.485270023 -0.514770329
vn 0.706780195 -0.483667076 -0.516263425
vn 0.999938011 -0.00735789724 -0.00835863873
vn 0.700048268 -0.016104402 -0.713913858
vn 1 0 1.50995803E-07
vn 0.99998045 0.00148380303 0.00607351353
vn 1 -3.00461215E-06 3.18830939E-06
vn 0.999923229 1.99947499E-06 0.0123959798
vn 0.688597143 0.000342847721 0.725144088
vn 0.685620368 0.00239719171 0.727955341
vn 0.703940153 0.411625087 0.578820288
vn 0.700046897 0.0295741931 -0.713484228
vn 0.999967098 0.00723565323 0.00368606159
vn 0.703882039 0.417501658 0.574667275
vn 0.705946565 0.683737993 0.184775174
vn 0.999956131 0.00936779566 0.00010871308
vn 0.705797076 0.684970975 0.180735111
vn 0.705530465 0.500297248 -0.501925588
vn 0.999996781 0.00150161341 -0.00206257403
vn 0.705456555 0.491091222 -0.511038661
vn -0.995017946 0.0591137484 -0.080280371
vn -1 0 -1.50995803E-07
vn -1 0 -1.50995803E-07
vn -0.995053887 -0.0548363999 -0.0828289613
vn -0.0734100118 0.0748451799 -0.994489431
vn -0.0645864457 0.995538533 -0.0687857345
vn -0.0715721995 0.993127465 0.0926019847
vn -0.704473794 0.709206104 0.0272662546
vn -0.0191447679 0.690865278 0.7227301
vn -0.00126085686 0.992989421 0.118196994
vn -0.000503659074 0.688696742 0.725049376
vn 0.00793055817 0.996549487 -0.0826202929
vn 0.000595463207 0.0771553144 -0.997018933
vn -2.16868739E-05 -0.0687315315 -0.997635245
vn -0.0730227455 -0.0431247391 -0.996397555
vn -3.56448472E-05 -0.997406781 -0.071969986
vn -0.0696498901 -0.992945492 -0.0959594175
vn -0.707108319 -0.707049251 -0.00889723189
vn 1.55465659E-05 -0.999921679 -0.0125194825
vn -0.0749279037 -0.997110069 -0.0125467237
vn -0.0721924379 -0.0440761074 0.99641633
vn 0.00138129771 -0.0990293846 0.99508357
vn 0.000578530948 -0.0448068343 0.998995483
vn -0.0707244352 -0.0983813852 0.992632449
vn -0.707104623 -0.0312447455 0.706418276
vn -0.706756473 -0.0465532355 0.705923617
vn -0.0189271308 -0.7267344 0.686657727
vn 9.14010343E-06 -0.721248806 0.692676127
vn -0.999998808 -0.00156858109 -3.51902163E-05
vn -0.701068759 -0.712437093 -0.0305910967
vn -0.706746221 -0.707397044 -0.00996046886
vn -0.999933839 -0.00820204802 -0.00807505567
vn -0.706770301 -0.485270023 -0.514770567
vn -0.706779897 -0.483667225 -0.516263664
vn -0.999938011 -0.00735839549 -0.00835912582
vn -0.70004797 -0.0161045231 -0.713914096
vn -1 0 -1.50995803E-07
vn -0.99998045 0.00148313015 0.00607295753
vn -1 -3.17940157E-06 2.88631304E-06
vn -0.999923229 2.59196008E-06 0.0123955887
vn -0.688597322 0.000342727144 0.725143731
vn -0.685632765 0.00239698542 0.727943659
vn -0.70395261 0.411618888 0.578809738
vn -0.700046659 0.0295740683 -0.713484466
vn -0.999967098 0.00723482715 0.00368540036
vn -0.703870237 0.417509049 0.574676335
vn -0.705946684 0.683737814 0.184774697
vn -0.999956131 0.00936779007 0.000108176268
vn -0.705797136 0.684971094 0.18073456
vn -0.705530345 0.500297189 -0.501925826
vn -0.999996781 0.00150143844 -0.00206287624
vn -0.705456436 0.491091102 -0.51103884
vn -0.999767959 -0.0169330332 0.0133134956
vn -0.984862983 -0.136257619 0.1071392
vn -0.672662377 -0.581665814 0.457373172
vn -1 -7.79965603E-07 -9.17453576E-07
vn -1 0 -1.50995803E-07
vn -1 -1.21117239E-06 -1.97744293E-06
vn -1 1.06715447E-06 2.02959586E-06
vn -1 -9.07649451E-07 -2.36230062E-06
vn -1 -1.14424392E-05 -3.47140412E-05
vn -1 3.77145881E-07 0
vn -1 5.80315032E-07 7.19347611E-07
vn -1 -1.43076625E-06 -2.40680197E-06
vn -1 -7.31394607E-07 -3.12997099E-06
vn -1 -4.61193679E-07 -1.83597342E-06
vn -1 1.65233502E-07 -1.10832207E-06
vn -1 0 8.49919388E-07
vn -1 1.46389311E-06 4.22564472E-06
vn -1 1.58479452E-06 4.44152784E-06
vn -1 4.25108908E-07 2.01905937E-06
vn -1 3.95226721E-07 1.72249372E-06
vn -1 -4.78748461E-07 1.2952232E-07
vn -1 -5.51627068E-07 -1.69479222E-07
vn -1 0 -1.50995803E-07
vn -1 1.18993668E-07 -1.16723157E-07
vn -1 5.80315032E-07 7.19347611E-07
vn -1 0 -1.50995803E-07
vn -1 7.7446316E-07 -4.09826924E-07
vn -1 1.55930616E-06 -6.80605979E-07
vn -1 0 -1.50995803E-07
vn -1 3.46765046E-06 -3.17205149E-07
vn -1 6.2960612E-07 -1.60753325E-06
vn 1 -3.70738974E-07 9.36045694E-07
vn 1 1.63555171E-07 7.59710201E-06
vn 1 -3.23837412E-07 9.89665659E-06
vn 1 0 8.38654614E-07
vn 1 0 1.50995788E-07
vn 1 -2.25218798E-07 -1.36139886E-06
vn 1 -5.18740819E-07 -6.61874196E-07
vn 1 -9.26328994E-07 -2.30320302E-06
vn 1 -1.27219391E-06 -2.52548716E-06
vn 1 -3.31446415E-07 -1.37106861E-06
vn 1 -3.70738974E-07 9.36045694E-07
vn 1 -7.04394722E-07 -5.45042838E-07
vn 1 -5.18740819E-07 -6.61874196E-07
vn 1 -1.20632848E-07 2.17832493E-07
vn 1 0 0
vn 1 -1.09948338E-07 -6.92969991E-07
vn 1 -1.20632848E-07 2.17832493E-07
vn 1 3.5024479E-07 4.78922459E-07
vn 1 1.5253836E-05 4.97727433E-06
vn 1 -3.19330975E-05 -1.44512906E-05
vn 1 -2.26898777E-07 3.10086648E-07
vn 1 0 1.50995803E-07
vn 1 -8.72099747E-07 9.18434068E-07
vn 1 0 1.50995803E-07
vn 1 0 0
vn 1 1.18129044E-07 -1.47659748E-07
vn 1 0 0
vn 1 -2.26898777E-07 3.10086648E-07
vn 1 -9.7475754E-07 4.76055504E-07
vn 1 2.5078275E-06 -1.76027982E-06
vn 0.984862745 -0.136257365 0.107141733
vn 1 2.59608896E-06 -2.11384531E-06
vn 0.999768078 -0.0169305112 0.0133130178
vn 1 3.16914452E-06 -1.88802471E-06
vn 0.999999046 0.000358917285 -0.00131560548
vn 0.713244855 0.429345697 -0.554025292
vn 0.999999285 0.000719616655 -0.000933779695
vn 0.999999404 0.000956340518 -0.000481103431
vn -0.999999046 0.000359041122 -0.00131696265
vn -0.713747084 0.429033101 -0.553620517
vn -0.999999285 0.000718862691 -0.000934229523
vn -0.999999404 0.000954884687 -0.000480752788
vn 0.999989271 0.00463728933 0.000129242646
vn 0.708041906 0.70541358 0.032686118
vn 0.712860167 0.701021731 0.0199695453
vn 1 4.76392415E-05 -4.8132948E-05
vn 0.999988198 0.00484709209 0.000224740608
vn 0.710144162 0.670517385 -0.214713156
vn 0.999974847 -0.0051864502 0.0048459745
vn 0.999928236 -0.00893883873 0.0079736067
vn 0.70710367 -0.527686357 0.470692426
vn 0.707129836 -0.516665637 0.482725501
vn 0.999983311 -0.00180368125 0.00549218198
vn 0.876663923 -0.161173165 0.45330283
vn 0.999999642 0.000883121451 -0.00028261487
vn 0.707863033 0.546953738 -0.446958035
vn 0.999976635 0.00529640168 -0.00432730094
vn 0.707426906 0.533480048 -0.463622868
vn 0.999978542 0.00495010382 -0.00430393638
vn 0.999972463 -0.0070471582 -0.00232541724
vn 0.712874651 0.351780832 -0.60667938
vn 0.999965906 0.00721354131 -0.00401773117
vn 0.71287483 0.683665931 0.156238183
vn 0.658740282 0.608776093 0.442100674
vn 0.999999166 0.000612821546 -0.00111139216
vn 0.999999166 9.45756838E-05 -0.00128323247
vn 0.772926629 0.0501881801 -0.632507384
vn 0.999977589 -0.00643058727 -0.00190821732
vn 0.997945845 -0.0522173494 -0.0371150598
vn 0.999995351 -0.00123418937 0.00280473055
vn 0.721983671 0.373714149 0.582303345
vn 0.999999166 -0.00131449231 -0.000157867587
vn 0.999999046 -0.000471189764 -0.00128385075
vn 0.714193165 -0.25268355 -0.652747393
vn 0.715825319 -0.506608248 -0.480564505
vn 0.999999046 -0.00101072318 -0.000962196442
vn 0.708016992 -0.670704424 -0.221060127
vn 0.70713973 -0.677776039 -0.201427221
vn 0.708383381 -0.700443208 -0.0870185569
vn 0.709101737 -0.704228342 0.0351741388
vn 0.999999046 -0.00138320797 7.40410323E-05
vn 0.714099467 -0.675952077 0.182073265
vn 0.999999285 -0.00118985027 0.000309529365
vn 0.722929716 -0.572244167 0.387181252
vn 0.999999523 -0.000848446914 0.000562034722
vn 0.999999166 -0.000695009367 0.00115086779
vn 0.719866872 -0.367292792 0.588971794
vn 0.710630298 -0.176494151 0.681068599
vn 0.999998927 -0.000369077054 0.00142472109
vn 0.715447068 0.0726946145 0.694874823
vn 0.999999046 0.000154058551 0.00136983558
vn -0.712870419 0.701011419 0.0199689306
vn -0.999989271 0.00463880412 0.000125924664
vn -1 4.74676453E-05 -4.84388802E-05
vn -0.708052099 0.705403388 0.0326854251
vn -0.999928236 -0.00893736258 0.00797479507
vn -0.999988198 0.00484798709 0.000224430609
vn -0.710154295 0.67050761 -0.214710206
vn -0.999974847 -0.00518703554 0.00484638056
vn -0.707113862 -0.527678907 0.470685542
vn -0.707139969 -0.516658604 0.482718199
vn -0.999983311 -0.00180452946 0.00549230957
vn -0.876658261 -0.161176816 0.453312665
vn -0.999999642 0.000883595843 -0.000283126632
vn -0.707873046 0.546945632 -0.446952045
vn -0.999976635 0.00529562496 -0.00432760455
vn -0.707113862 0.539597988 -0.456972629
vn -0.999939322 0.00840566773 -0.00711878156
vn -0.707436979 0.53347224 -0.46361661
vn -0.999972463 -0.00704705575 -0.00232447404
vn -0.999978542 0.00495016715 -0.00430618692
vn -0.712668061 0.333891749 -0.616944432
vn -0.999999166 0.000597268401 -0.00112731592
vn -0.710310996 0.0537178479 -0.701835275
vn -0.999965906 0.00721344678 -0.00401749555
vn -0.712884903 0.683656216 0.156234622
vn -0.658748984 0.608768225 0.442098379
vn -0.999999166 9.83749633E-05 -0.00129165058
vn -0.999999166 -0.000456044741 -0.00124362588
vn -0.714146614 -0.245339006 -0.655593991
vn -0.715815127 -0.506615698 -0.480571836
vn -0.999999046 -0.000994561822 -0.000947037654
vn -0.708026946 -0.67069459 -0.221057892
vn -0.707149625 -0.677766502 -0.201424852
vn -0.999977469 -0.0064312811 -0.0019089086
vn -0.999999166 -0.00131593121 -0.000158321724
vn -0.708393693 -0.700432956 -0.0870176926
vn -0.709111512 -0.704218388 0.0351751857
vn -0.997946918 -0.0522018857 -0.037108019
vn -0.999995351 -0.00123339344 0.00280257268
vn -0.721973956 0.373716861 0.582313776
vn -0.999999046 -0.00138320716 7.13630361E-05
vn -0.714089334 -0.675962031 0.182076097
vn -0.999999285 -0.00118926377 0.000306911737
vn -0.722929716 -0.572245955 0.38717857
vn -0.999999046 0.000150286782 0.00136070151
vn -0.715437293 0.0726988688 0.69488436
vn -0.999999523 -0.000850065611 0.000567609444
vn -0.999998927 -0.00037545606 0.00143966463
vn -0.71064055 -0.176489532 0.681059003
vn -0.999999046 -0.000701330253 0.00116556115
vn -0.719876945 -0.367287934 0.588962376
vn -0.999999285 0.00102596963 0.000580813328
vn -0.999999642 0.000751080865 0.000347630674
vn -0.999999881 0.000555628736 0.000196825786
vn -0.999998808 0.00121932384 0.000926335168
vn -1 4.37711824E-05 0.000159678049
vn -1 6.00043422E-05 3.00952397E-05
vn -0.999999881 -0.000512258848 0.000210057144
vn -0.999997735 0.00141081493 0.00159285567
vn -0.999998808 0.0010561879 0.00110982207
vn -0.999997497 0.00120177877 0.00193411484
vn -0.999999404 -0.00100932654 0.000581602042
vn -0.999999642 -0.000764356169 0.000353301322
vn -0.999998927 -0.0011953013 0.000907268259
vn -0.999996305 0.000977396849 0.0025586721
vn -0.999998093 0.000734329515 0.00184789964
vn -0.999996543 0.000482078816 0.00259231194
vn -0.999997854 -0.00139288267 0.00157183711
vn -0.999998927 -0.00104438595 0.00109308935
vn -0.999997497 -0.00119617069 0.00191899587
vn -0.999995708 -6.9483267E-06 0.00295071676
vn -0.999997735 -5.4405923E-06 0.00215058145
vn -0.999996543 -0.000496470951 0.00261450442
vn -0.999996305 -0.000978098833 0.00254988321
vn -0.999998093 -0.000737634953 0.00184236106
vn -0.999996543 -0.000487384532 0.00258957967
vn -0.999996305 -0.000977340853 0.00255118101
vn -0.999998093 -0.000741127005 0.00184487214
vn -0.999997497 -0.00118313241 0.00189869641
vn -0.999995708 0 0.0029317867
vn -0.999997735 1.11804957E-06 0.00213532802
vn -0.999996543 0.000486486155 0.00258656545
vn -0.999997854 -0.00138401741 0.00155982876
vn -0.999998927 -0.00103649311 0.00108493748
vn -0.999998927 -0.00119422807 0.0009058055
vn -0.999996305 0.000979119795 0.00255503319
vn -0.999998093 0.000736607704 0.00184929243
vn -0.999997497 0.00120157225 0.00193325395
vn -0.999999404 -0.00100000598 0.00057246408
vn -0.999999642 -0.000745774829 0.000343333173
vn -0.999999881 -0.000514806889 0.000198970592
vn -0.999997735 0.00141071016 0.00159282109
vn -0.999998808 0.00105544319 0.00111062743
vn -0.999998808 0.00122043351 0.000927636574
vn -1 2.22959716E-05 0.000159716714
vn -1 1.51458662E-05 2.93806479E-05
vn -0.999999881 0.000554199447 0.000208533616
vn -0.999999285 0.00103780674 0.000590510143
vn -0.999999642 0.000772000756 0.000357010023
vn 0.999943733 0.0104184942 0.00199923432
vn 0.714721024 0.686629176 0.133094877
vn 0.713790238 0.649837494 0.261179507
vn 0.715076029 0.585965991 0.381195396
vn 0.999938488 0.0110928481 -5.12925508E-05
vn 0.999940872 0.0106514338 -0.0021998079
vn 0.713524997 0.700629711 -0.000392879068
vn 0.714607477 0.68687433 -0.132437825
vn 0.999941707 0.00991508551 0.004288672
vn 0.999891877 0.014339963 0.00327040837
vn 0.999946713 0.00839548651 0.00601477781
vn 0.714187264 0.502063632 0.487717777
vn 0.715508103 0.394935429 0.576258779
vn 0.999935865 0.0105162244 -0.00420631329
vn 0.999887109 0.0148168318 -0.00251079793
vn 0.999888062 0.0149565954 0.000391750189
vn 0.999938846 0.00933089852 -0.0059474064
vn 0.713555038 0.64983052 -0.261838585
vn 0.71472913 0.586899459 -0.380409241
vn 0.999893904 0.013214401 0.00613800576
vn 0.999897718 0.0114052221 0.00863002893
vn 0.999944329 0.00692004943 0.00796716288
vn 0.999870777 0.0156901833 0.00351441139
vn 0.99994874 0.00472610863 0.00895169098
vn 0.714565694 0.274021715 0.643667638
vn 0.715819716 0.138463199 0.684419632
vn 0.999934196 0.00850742124 -0.00770424865
vn 0.999937654 0.00684253685 -0.00882934872
vn 0.713682413 0.502378166 -0.488132745
vn 0.7149207 0.397006214 -0.575564444
vn 0.999884963 0.0130330585 -0.00776196318
vn 0.999884605 0.0142585784 -0.00524609955
vn 0.9998703 0.0158588886 -0.00279053836
vn 0.999860883 0.0166811347 1.45931581E-05
vn 0.999933243 0.0055155498 -0.0101522086
vn 0.999885321 0.00952665135 -0.0117716575
vn 0.99988389 0.0115021104 -0.00999182183
vn 0.999872565 0.0136518804 -0.00827166904
vn 0.999861479 0.0154677648 -0.00615367852
vn 0.999994159 7.83563337E-06 -0.00344079174
vn 0.999994993 0.0011913887 -0.00295253238
vn 0.999994874 -0.00119255122 -0.00296419254
vn 0.999863982 0.0150935492 0.00664149411
vn 0.999997139 0.00165820529 -0.00176621892
vn 0.99986434 0.0121790729 -0.0110917361
vn 0.99999702 -0.00168814929 -0.00180597801
vn 0.999873877 0.012677392 0.00956373662
vn 0.999876022 0.00982783362 -0.0123073533
vn 0.999868989 0.0105708698 0.012257183
vn 0.999999166 0.00118349306 -0.000629770162
vn 0.999899626 0.00910749007 0.0108564766
vn 0.999867916 0.00770818209 -0.0143118352
vn 0.999999166 -0.00120081275 -0.000630889961
vn 0.999885201 0.00739076361 -0.0132262623
vn 0.999877691 0.00712047704 0.0139245773
vn 0.999902368 0.00635342579 0.0124431597
vn 0.999877214 0.00500359945 -0.0148543734
vn 0.999887228 0.0048449724 -0.0142121734
vn 0.999872923 0.00380435539 0.0154851424
vn 1 -1.914313E-05 -0.000164025463
vn 0.99994576 0.00249143993 0.0101135131
vn 0.999903083 0.00325368112 0.0135375261
vn 0.99987638 0.00251806714 -0.0155229513
vn 1 -5.08422963E-05 -0.000160969998
vn 0.999879479 -3.288468E-05 0.0155271562
vn 0.999949574 -2.66363058E-05 0.0100499671
vn 0.714729309 -0.000927465211 0.699400544
vn 0.71582818 -0.142226234 0.683638573
vn 0.999904156 -2.9999539E-05 0.0138472477
vn 0.999887586 0.00250848243 -0.0147867305
vn 0.999879241 0.000297970546 -0.015541276
vn 0.999872804 -0.00392741244 0.0154613899
vn 0.999999046 -0.00121224707 -0.000648767687
vn 0.999945641 -0.00258144387 0.010106992
vn 0.999902964 -0.00335588562 0.0135256974
vn 0.99987781 -0.00717580644 0.0138892848
vn 0.999948621 -0.00478157308 0.00894464925
vn 0.714552522 -0.275806367 0.6429196
vn 0.715530634 -0.398085326 0.574059188
vn 0.999902129 -0.00641606003 0.0124369971
vn 0.999868751 -0.0106684798 0.0121907089
vn 0.99999702 -0.00168436114 -0.00180869084
vn 0.999943852 -0.00701022474 0.00794654991
vn 0.99989903 -0.00920560211 0.0108218696
vn 0.999873996 -0.0127258422 0.00948941708
vn 0.999946356 -0.00845894776 0.0059906058
vn 0.71416831 -0.503555298 0.486205459
vn 0.715090692 -0.588032365 0.377972543
vn 0.999897122 -0.0114829512 0.00859828945
vn 0.999863625 -0.0151737817 0.00652211346
vn 0.999994874 -0.0011892803 -0.00296527357
vn 0.999941111 -0.00999854691 0.00423484296
vn 0.999893069 -0.013306791 0.00605715904
vn 0.999870896 -0.0156931579 0.00345335878
vn 0.999943376 -0.0104543995 0.00197549793
vn 0.713757515 -0.650719225 0.259064823
vn 0.714709103 -0.687360108 0.129332721
vn 0.999891281 -0.0143847885 0.00322855287
vn 0.999860764 -0.016683612 -4.62293137E-05
vn 0.999994159 7.45003899E-06 -0.00341767934
vn 0.99993813 -0.0111256391 -8.59635547E-05
vn 0.999887586 -0.0149893025 0.000338172453
vn 0.999870539 -0.0158432443 -0.00282318401
vn 0.999940634 -0.0106705185 -0.00222083414
vn 0.713500142 -0.700649679 -0.00277788332
vn 0.714557767 -0.686195552 -0.136172354
vn 0.999886751 -0.0148337288 -0.00254410552
vn 0.999861479 -0.0154313399 -0.00623313617
vn 0.999994993 0.00119729061 -0.00294852746
vn 0.999935508 -0.0105231963 -0.00426789746
vn 0.999884129 -0.0142648509 -0.00532549154
vn 0.999872684 -0.0136289392 -0.0083027035
vn 0.999938488 -0.00934310444 -0.00598231936
vn 0.713528395 -0.649078965 -0.263768464
vn 0.714709282 -0.58485353 -0.383584321
vn 0.999884605 -0.0130367335 -0.00780419074
vn 0.99986434 -0.0121312076 -0.0111439247
vn 0.99999702 0.00167361507 -0.00178108632
vn 0.99993372 -0.00850448012 -0.00776121207
vn 0.999883294 -0.0114900945 -0.0100637954
vn 0.999875784 -0.00979918707 -0.0123478789
vn 0.999937177 -0.00684493501 -0.00887522567
vn 0.713677287 -0.500135362 -0.490437835
vn 0.714666724 -0.394006878 -0.577935934
vn 0.999885082 -0.00950096175 -0.0118147414
vn 0.99986887 -0.00761523051 -0.0142892404
vn 0.999999166 0.00119509222 -0.000639286183
vn 0.999933481 -0.00547177112 -0.0101596676
vn 0.999884963 -0.00734932208 -0.0132721672
vn 0.999879479 -0.00519013312 -0.0146335224
vn 0.999937296 -0.00367930974 -0.0105803972
vn 0.713824987 -0.279603124 -0.642087162
vn 0.716382623 -0.13769494 -0.683985293
vn 0.999885798 -0.00510338275 -0.0142287528
vn 0.99986434 -0.00262051285 -0.0162607972
vn 0.999885321 -0.00248001702 -0.0149382483
vn 0.999930024 -0.00190928648 -0.0116773816
vn 0.999887109 0.00027158641 -0.0150202969
vn 0.999936581 0.000207695906 -0.0112582278
vn 0.713854432 0.0156278946 -0.700119615
vn 0.713490486 0.142078906 -0.686108589
vn 0.999935985 0.00183799095 -0.011169794
vn 0.999936223 0.00353135145 -0.0107255597
vn 0.713836133 0.268675119 -0.646723866
vn 0.999999285 0.00102614448 0.000581115368
vn 0.999999881 0.000555803475 0.000197127898
vn 0.999999642 0.000751255837 0.000347932713
vn 0.999998808 0.00121949846 0.000926637207
vn 1 4.39459982E-05 0.000159980074
vn 1 6.0179158E-05 3.0397232E-05
vn 0.999999881 -0.000512083876 0.000210359096
vn 0.999997735 0.00141098967 0.00159315742
vn 0.999998808 0.00105636276 0.00111012394
vn 0.999997377 0.00120195409 0.00193441706
vn 0.999999404 -0.00100915157 0.000581904023
vn 0.999999642 -0.000764181314 0.000353603304
vn 0.999998927 -0.00119512645 0.000907570298
vn 0.999996305 0.000977572287 0.00255897408
vn 0.999998093 0.00073450536 0.00184820138
vn 0.999996543 0.00048225373 0.00259261322
vn 0.999997854 -0.00139270828 0.00157213921
vn 0.999998927 -0.00104421179 0.00109339203
vn 0.999997497 -0.00119599723 0.00191929773
vn 0.999995708 -6.77348271E-06 0.00295101898
vn 0.999997735 -5.2657474E-06 0.00215088367
vn 0.999996543 -0.000496296096 0.00261480664
vn 0.999996305 -0.000977925491 0.00255018496
vn 0.999998093 -0.000737461145 0.00184266223
vn 0.999996543 -0.000487210782 0.00258988049
vn 0.999996305 -0.000977165997 0.00255148392
vn 0.999998093 -0.000740952266 0.00184517459
vn 0.999997497 -0.00118295744 0.00189899863
vn 0.999995708 1.78985232E-07 0.00293208915
vn 0.999997735 1.29289856E-06 0.00213562883
vn 0.999996543 0.000486662029 0.00258686882
vn 0.999997854 -0.00138384232 0.00156013039
vn 0.999998927 -0.00103631802 0.00108523923
vn 0.999998927 -0.0011940531 0.000906107598
vn 0.999996305 0.000979296048 0.0025553361
vn 0.999998093 0.000736783433 0.00184959371
vn 0.999997497 0.00120174803 0.00193355558
vn 0.999999404 -0.000999831129 0.000572766061
vn 0.999999642 -0.000745599973 0.000343635184
vn 0.999999881 -0.000514631975 0.000199272588
vn 0.999997735 0.00141088536 0.00159312203
vn 0.999998808 0.00105561852 0.00111092906
vn 0.999998808 0.00122060836 0.00092793809
vn 1 2.24707546E-05 0.000160018695
vn 1 1.53207166E-05 2.9682642E-05
vn 0.999999881 0.000554374245 0.00020883551
vn 0.999999285 0.00103798148 0.000590811775
vn 0.999999642 0.00077217567 0.000357311917
vn -0.714721143 0.686628997 0.133094668
vn -0.999943733 0.0104183108 0.00199892907
vn -0.713790417 0.649837315 0.261179328
vn -0.715075731 0.585966408 0.381195366
vn -0.999938488 0.0110926684 -5.15954307E-05
vn -0.999940872 0.0106512569 -0.00220011012
vn -0.713525116 0.700629592 -0.00039308038
vn -0.714608014 0.686873734 -0.132438213
vn -0.999941707 0.00991490856 0.00428837584
vn -0.999891877 0.0143397851 0.00327010686
vn -0.999946713 0.00839530118 0.00601446768
vn -0.714188218 0.502062976 0.487717003
vn -0.715509176 0.394934744 0.576257885
vn -0.999935865 0.0105160419 -0.00420660572
vn -0.999887109 0.0148166446 -0.00251110038
vn -0.999888062 0.0149564091 0.000391450507
vn -0.999938846 0.00933072716 -0.00594770769
vn -0.713554263 0.649831235 -0.261839092
vn -0.714727998 0.586900473 -0.380409956
vn -0.999893904 0.0132142249 0.00613769982
vn -0.999897718 0.0114050433 0.00862971786
vn -0.999944329 0.00691987202 0.00796684809
vn -0.999870777 0.0156900156 0.00351410918
vn -0.99994874 0.00472593866 0.00895140134
vn -0.714565992 0.274021596 0.6436674
vn -0.715820849 0.138462797 0.68441838
vn -0.999934196 0.0085072387 -0.00770454714
vn -0.999884963 0.0130328741 -0.00776226399
vn -0.999937654 0.00684235571 -0.00882964581
vn -0.713680983 0.50237906 -0.488133848
vn -0.714918971 0.397007167 -0.575565994
vn -0.999884605 0.0142584052 -0.00524639664
vn -0.9998703 0.0158587061 -0.00279084221
vn -0.999860883 0.0166809503 1.42864592E-05
vn -0.99988389 0.0115019195 -0.00999212265
vn -0.999885321 0.00952647068 -0.0117719527
vn -0.999933243 0.00551536959 -0.0101525076
vn -0.999872565 0.0136517035 -0.00827196706
vn -0.999861479 0.0154676028 -0.00615398632
vn -0.999994159 7.6618262E-06 -0.00344109605
vn -0.999994993 0.00119121338 -0.00295283273
vn -0.999994874 -0.00119272561 -0.00296449661
vn -0.999863982 0.0150933741 0.00664119329
vn -0.999997139 0.00165803172 -0.00176652055
vn -0.99986434 0.0121788923 -0.0110920332
vn -0.99999702 -0.0016883238 -0.0018062793
vn -0.999873877 0.0126772169 0.00956343394
vn -0.999876022 0.00982765667 -0.0123076355
vn -0.999868989 0.0105706891 0.0122568719
vn -0.999999166 0.00118331809 -0.000630071794
vn -0.999899626 0.00910730008 0.0108561693
vn -0.999867916 0.00770802703 -0.0143121677
vn -0.999999166 -0.00120098831 -0.000631191768
vn -0.999885201 0.00739059225 -0.0132265668
vn -0.999877691 0.00712029636 0.0139243016
vn -0.999902368 0.00635324931 0.0124428617
vn -0.999877095 0.00500340108 -0.0148546575
vn -0.999887228 0.00484479032 -0.0142124603
vn -0.999872923 0.00380415889 0.0154848136
vn -1 -1.93178985E-05 -0.000164327561
vn -0.99994576 0.00249125902 0.0101132002
vn -0.999903083 0.00325350207 0.0135372085
vn -0.99987638 0.00251789275 -0.0155232567
vn -1 -5.10169921E-05 -0.000161271935
vn -0.999879479 -3.30513903E-05 0.0155268488
vn -0.999949574 -2.68110907E-05 0.0100496626
vn -0.714730501 -0.000927592802 0.699399471
vn -0.715829492 -0.14222613 0.683637321
vn -0.999904156 -3.01741657E-05 0.0138469385
vn -0.999887586 0.00250831922 -0.0147870257
vn -0.999879241 0.000297811406 -0.0155415433
vn -0.999872804 -0.00392758055 0.0154610975
vn -0.999999046 -0.0012124218 -0.000649069785
vn -0.999945641 -0.00258161826 0.0101066865
vn -0.999902964 -0.00335605373 0.0135253919
vn -0.99987781 -0.00717598153 0.0138889831
vn -0.999948621 -0.00478174072 0.00894433819
vn -0.714553475 -0.27580604 0.642918527
vn -0.715530753 -0.398085445 0.57405889
vn -0.999902129 -0.00641622813 0.0124366917
vn -0.999868751 -0.010668641 0.012190396
vn -0.99999702 -0.00168453646 -0.00180899352
vn -0.999943852 -0.0070104124 0.00794625841
vn -0.99989903 -0.00920576323 0.0108215613
vn -0.999873996 -0.0127260191 0.00948912557
vn -0.999946356 -0.00845910888 0.00599028403
vn -0.714169741 -0.503554225 0.486204296
vn -0.715091288 -0.588032007 0.377971888
vn -0.999897122 -0.0114831217 0.00859797932
vn -0.999863625 -0.0151739558 0.00652181264
vn -0.999994874 -0.00118945516 -0.00296557578
vn -0.999941111 -0.0099987248 0.00423454307
vn -0.999893069 -0.0133069642 0.00605685497
vn -0.999870896 -0.0156933311 0.00345305516
vn -0.999943376 -0.0104545616 0.00197519199
vn -0.713757515 -0.650719404 0.259064615
vn -0.714709044 -0.687360227 0.129332557
vn -0.999891281 -0.014384957 0.0032282474
vn -0.999860764 -0.0166837871 -4.65270459E-05
vn -0.999994159 7.27519318E-06 -0.00341798132
vn -0.99993813 -0.0111258142 -8.62666493E-05
vn -0.999887586 -0.0149894729 0.000337866863
vn -0.999870539 -0.0158434175 -0.00282348716
vn -0.999940634 -0.0106706936 -0.002221131
vn -0.713499963 -0.700649679 -0.00277829426
vn -0.71455729 -0.686196089 -0.136172459
vn -0.999886751 -0.0148338974 -0.00254440657
vn -0.999861479 -0.0154315103 -0.00623342535
vn -0.999994993 0.00119711715 -0.00294882921
vn -0.999935508 -0.0105233667 -0.00426819874
vn -0.999884129 -0.014265025 -0.00532579608
vn -0.999872684 -0.0136291189 -0.0083030127
vn -0.999938488 -0.00934327021 -0.00598261971
vn -0.713527501 -0.6490798 -0.263768911
vn -0.714707971 -0.584854901 -0.383584827
vn -0.999884605 -0.0130368946 -0.00780449202
vn -0.99986434 -0.0121313659 -0.0111442152
vn -0.99999702 0.00167344033 -0.00178138702
vn -0.99993372 -0.00850465428 -0.00776151801
vn -0.999883294 -0.0114902658 -0.0100640869
vn -0.999875784 -0.00979938358 -0.0123481825
vn -0.999937177 -0.00684510171 -0.00887552835
vn -0.713677049 -0.500135481 -0.490438163
vn -0.714666426 -0.394006759 -0.577936411
vn -0.999885082 -0.00950114708 -0.0118150404
vn -0.99986887 -0.00761540048 -0.0142895337
vn -0.999999166 0.00119491713 -0.000639587699
vn -0.999933481 -0.0054719313 -0.0101599451
vn -0.999884963 -0.00734948087 -0.0132724643
vn -0.999879479 -0.00519030774 -0.014633826
vn -0.999937296 -0.00367949274 -0.0105807232
vn -0.713822901 -0.279604077 -0.642089128
vn -0.716382325 -0.137694985 -0.683985651
vn -0.999885798 -0.00510354433 -0.0142290518
vn -0.99986434 -0.00262067304 -0.0162611268
vn -0.999885321 -0.00248020445 -0.014938551
vn -0.999930024 -0.00190944679 -0.01167766
vn -0.999887109 0.000271411292 -0.0150205838
vn -0.999936581 0.000207511417 -0.0112585099
vn -0.713854194 0.0156277213 -0.700119913
vn -0.713488281 0.142079189 -0.686110735
vn -0.999935985 0.00183780794 -0.0111701032
vn -0.999936223 0.00353117264 -0.0107258549
vn -0.713833988 0.268675715 -0.646725833
vn 0.634705186 -0.638833642 -0.434788495
vn 0.0559724905 -0.647429943 -0.760066807
vn 0.499408782 -0.642474473 -0.581220627
vn 0.0119729992 -0.298782349 -0.954246163
vn -0.0119727515 -0.298782349 -0.954246163
vn 0.0507638566 -0.852652907 -0.520005882
vn 0.0131327314 -0.710617542 0.703455865
vn -0.0131328208 -0.710617542 0.703455865
vn -0.0507636517 -0.852652907 -0.520005941
vn -0.634705007 -0.638834178 -0.43478784
vn -0.0559719317 -0.647429764 -0.760067105
vn -0.499406725 -0.642475963 -0.581220806
vn 0.66106081 0.750201583 0.0140037779
vn 0.220047519 0.972004652 0.0823778287
vn 0.656542838 0.748068094 0.0966731608
vn 0.0684129447 0.715716779 0.695031762
vn 0.00551492302 0.999934673 -0.0100105945
vn -0.0684136823 0.715717137 0.695031285
vn -0.00551501568 0.999934673 -0.0100106355
vn -0.220046192 0.972004831 0.0823778659
vn -0.656542838 0.748068035 0.0966733247
vn -0.661058664 0.750203609 0.0140041271
vn 0.0566499084 0.995592058 0.0747468323
vn -0.00451325765 0.993007779 -0.117962398
vn -0.0590272136 0.797090411 -0.600968063
vn 0.00451310305 0.993007779 -0.117962383
vn 0.0590271913 0.797090292 -0.600968063
vn -0.0566499345 0.995592058 0.0747468472
vn 0.634705186 -0.638834059 -0.434787601
vn 0.0559723079 -0.647429943 -0.760066748
vn 0.499406904 -0.642475665 -0.581220865
vn 0.0119730039 -0.298782349 -0.954246283
vn -0.0119726621 -0.298782349 -0.954246283
vn 0.0507639386 -0.852652788 -0.520005941
vn 0.0131327296 -0.710617542 0.703455865
vn -0.0131328152 -0.710617542 0.703455865
vn -0.0507635921 -0.852652907 -0.520005941
vn -0.634704947 -0.63883394 -0.434788197
vn -0.0559720472 -0.647430003 -0.760066807
vn -0.49940756 -0.642475188 -0.581220806
vn 0.66106081 0.750201583 0.0140037779
vn 0.220047519 0.972004652 0.0823778287
vn 0.656542838 0.748068094 0.0966731608
vn 0.0684129298 0.71571672 0.695031762
vn 0.00551492255 0.999934673 -0.010010588
vn -0.0684134364 0.715716898 0.695031524
vn -0.00551504456 0.999934673 -0.0100106131
vn -0.220047057 0.972004771 0.0823778808
vn -0.656544149 0.748066962 0.0966732651
vn -0.661060989 0.750201464 0.0140036624
vn 0.0566487052 0.995592177 0.0747468099
vn -0.00451323343 0.993007779 -0.117962278
vn -0.0590270907 0.797090292 -0.600968242
vn 0.00451310258 0.993007779 -0.117962353
vn 0.0590272099 0.797090292 -0.600968063
vn -0.0566499345 0.995592058 0.0747468397
vn 0.634704888 -0.63883388 -0.434788376
vn 0.0559724309 -0.647429943 -0.760066807
vn 0.499408364 -0.642474771 -0.581220746
vn 0.011973002 -0.298782349 -0.954246163
vn -0.0119726546 -0.298782349 -0.954246163
vn 0.0507638529 -0.852652788 -0.520005941
vn 0.0131327296 -0.710617542 0.703455865
vn -0.0131328152 -0.710617542 0.703455865
vn -0.0507635325 -0.852652788 -0.520005941
vn -0.63470453 -0.638834059 -0.434788615
vn -0.0559721105 -0.647429943 -0.760066807
vn -0.499408066 -0.64247489 -0.581220806
vn 0.66106075 0.750201762 0.0140038002
vn 0.220046997 0.972004771 0.0823779032
vn 0.656542957 0.748067856 0.0966733173
vn 0.0684130937 0.715716898 0.695031643
vn 0.00551489135 0.999934673 -0.0100106196
vn -0.0684134141 0.715716898 0.695031524
vn -0.00551506551 0.999934673 -0.0100106243
vn -0.220047206 0.972004652 0.0823778659
vn -0.656543076 0.748067796 0.0966732278
vn -0.661060989 0.750201523 0.0140037276
vn 0.0566491634 0.995592177 0.0747468174
vn -0.00451324508 0.993007779 -0.117962308
vn -0.0590270683 0.797090292 -0.600968242
vn 0.00451310258 0.993007779 -0.117962308
vn 0.0590271279 0.797090292 -0.600968182
vn -0.0566492639 0.995592177 0.0747468174
vn 0.634703755 -0.638834417 -0.434789479
vn 0.0559725836 -0.647429943 -0.760066867
vn 0.499408782 -0.642474532 -0.581220567
vn 0.0119729992 -0.298782349 -0.954246163
vn -0.011972663 -0.298782349 -0.954246283
vn 0.0507637672 -0.852652788 -0.520005941
vn 0.0131327398 -0.710617542 0.703455865
vn -0.0131328208 -0.710617542 0.703455865
vn -0.0507636443 -0.852652788 -0.520005941
vn -0.634705007 -0.638834178 -0.43478784
vn -0.0559719726 -0.647429943 -0.760066807
vn -0.499406606 -0.642475784 -0.581221044
vn 0.66106081 0.750201643 0.0140037425
vn 0.220046684 0.972004771 0.0823779404
vn 0.656542718 0.748068154 0.0966733694
vn 0.0684131607 0.715716958 0.695031524
vn 0.0055148825 0.999934673 -0.0100106457
vn -0.0684136897 0.715717137 0.695031285
vn -0.00551501429 0.999934673 -0.0100106625
vn -0.220046088 0.97200495 0.0823778734
vn -0.656542897 0.748068035 0.0966730714
vn -0.661060989 0.750201464 0.0140035786
vn 0.0566497706 0.995592177 0.0747468695
vn -0.00451323949 0.993007779 -0.117962345
vn -0.0590271726 0.797090411 -0.600968182
vn 0.0045130956 0.993007779 -0.117962271
vn 0.0590271391 0.797090292 -0.600968242
vn -0.0566488132 0.995592177 0.0747467875
vn 0.634705186 -0.638834059 -0.434787601
vn 0.0559723154 -0.647429943 -0.760066748
vn 0.499406904 -0.642475665 -0.581220865
vn 0.0119730039 -0.298782349 -0.954246163
vn -0.0119726602 -0.298782349 -0.954246163
vn 0.0507639498 -0.852652788 -0.520005941
vn 0.0131327314 -0.710617542 0.703455865
vn -0.0131328208 -0.710617542 0.703455865
vn -0.0507635511 -0.852652788 -0.520005941
vn -0.634704828 -0.638833702 -0.434788644
vn -0.0559721477 -0.647429943 -0.760066807
vn -0.499408454 -0.642474592 -0.581220746
vn 0.66106081 0.750201583 0.0140037779
vn 0.220047519 0.972004652 0.0823778287
vn 0.656542838 0.748068094 0.0966731608
vn 0.0684129447 0.715716779 0.695031762
vn 0.00551492348 0.999934673 -0.0100105954
vn -0.0684128925 0.715716481 0.69503212
vn -0.00551519124 0.999934673 -0.0100105405
vn -0.220049009 0.972004294 0.0823779106
vn -0.656540394 0.748070121 0.0966730192
vn -0.661063433 0.750199378 0.0140031483
vn 0.0566470325 0.995592296 0.0747467428
vn -0.00451318221 0.993007779 -0.117962271
vn -0.0590272062 0.797090411 -0.600968063
vn 0.00451310351 0.993007779 -0.117962383
vn 0.0590271913 0.797090292 -0.600968063
vn -0.0566499159 0.995592058 0.0747468472
vn -7.67396898E-07 -0.829262853 -0.558858752
vn 0.0923853517 -0.818669379 -0.566785038
vn -3.59837344E-07 -0.815765083 -0.578383386
vn 1.09898269E-06 -0.822284102 -0.569077194
vn 0.0773386508 -0.831337094 -0.550361037
vn -0.000170489118 -0.862763107 -0.50560832
vn 0.0581090599 -0.824220359 -0.563279808
vn 0.146436393 -0.941333413 -0.304052383
vn 4.64240657E-05 -0.950685561 -0.310156137
vn -0.00298336032 -0.99976784 0.0213422086
vn 0.147580415 -0.98875016 0.0243507661
vn 0 -0.872273743 0.489017904
vn 0.999822915 -0.0173225589 -0.00735707814
vn 0.9971205 -0.0658635423 0.0375874266
vn 0.947118759 -0.320621133 -0.0129698655
vn 0.594108164 -0.696873546 -0.40174973
vn 0.67713958 -0.638413131 -0.365938276
vn 0.0368543379 -0.862774611 -0.504243731
vn 0.142401099 -0.862507463 0.485595167
vn 0.000427889259 -0.471500933 0.881865501
vn 0.143190891 -0.46694243 0.872617364
vn -3.38684936E-06 -0.112993151 0.993595779
vn 0.99969399 -0.0210617986 0.0129774157
vn 0.158660173 -0.111470848 0.981020451
vn -2.47806383E-07 -0.0609026067 0.998143792
vn 0.999666333 -0.0258128904 0.000943351071
vn 0.999687314 -0.0110105565 0.0224506389
vn 0.161286458 -0.0600480102 0.985079169
vn -1.69521882E-05 0.00801005121 0.999967933
vn 0.998057425 -0.00688474346 0.0619191863
vn 0.999496818 -0.00194822601 0.0316608958
vn 0.160916567 0.00793143921 0.986936152
vn -8.53214169E-06 0.0772623569 0.997010827
vn 0.997952163 0.000475492183 0.0639636591
vn 0.161377192 0.0762866735 0.983939886
vn 1.69277996E-06 0.154855996 0.987937033
vn 0.998811841 0.0304021742 0.0380874351
vn 0.999999046 2.63154543E-05 0.0014118941
vn 0.159977987 0.152989313 0.975192964
vn 0.922285974 0.209916323 0.324536145
vn 0.159440354 0.269967437 0.949576914
vn 8.83802204E-06 0.273284376 0.961933255
vn 2.3888615E-06 0.432369888 0.901696444
vn 0.153927669 0.427206099 0.89095521
vn 1.78137861E-06 0.64187032 0.766813099
vn 0.999997616 0.00145743694 0.00165766082
vn 0.999999166 0.000197596441 0.00130585639
vn 0.999977231 0.00555733545 0.0038265537
vn 0.999986649 0.00394344516 0.00336554414
vn 0.999988079 0.00406883284 -0.00270014
vn 0.163648814 0.633698285 0.756072462
vn 0.748356938 0.437727451 0.498353988
vn 0.6981318 0.516121447 0.496216297
vn 0.154010117 0.842070758 0.516911566
vn 3.96103559E-07 0.851363957 0.524575591
vn 0.155983597 0.941861033 0.297602057
vn -6.36235029E-07 0.953405499 0.301691771
vn -2.83064367E-07 0.997312307 0.0732677877
vn 0.999983668 -0.00112129236 0.00561827188
vn 0.999989629 0.00153344579 0.00430300692
vn 0.999982357 0.00589584233 0.000724855869
vn 0.671138525 0.583240151 0.457606822
vn 0.999970675 0.00643825531 0.00415855553
vn 0.916028917 0.279743969 0.287461728
vn 0.156580612 0.985011399 0.0723536611
vn 2.10954909E-06 0.993938327 -0.10993851
vn 0.999996066 0.00227555865 0.00167774758
vn 0.159014881 0.98130393 -0.108429074
vn 1.8490972E-06 0.946045399 -0.324034214
vn 0.99997735 0.00332968519 0.00585847255
vn 0.999992251 0.00392970303 0.000291160657
vn 0.154929802 0.934760988 -0.319716334
vn -2.15246416E-07 0.852810204 -0.52222085
vn 0.99996841 0.00303934002 0.00735524483
vn 0.672156334 0.639423192 0.373287797
vn 0.999990702 0.00429235073 -0.000466485479
vn 0.999974966 0.00545503991 0.00451183552
vn 0.158011809 0.842282474 -0.51535666
vn 0 0.760452092 -0.649393976
vn 0.160250977 0.750690639 -0.640923798
vn 0 0.708404601 -0.705806494
vn 0.999998569 0.00143271894 -0.000901102903
vn 0.999998331 0.00174007693 -0.00062251999
vn 0.999977112 0.00676013762 0.000480990275
vn 0.999954224 0.00945258234 -0.00149665866
vn 0.648667574 0.676713347 0.348266393
vn 0.160793275 0.699215233 -0.696594238
vn -8.56849965E-07 0.965473115 -0.260502875
vn 0.999999046 0.00108526566 -0.000929347472
vn 0.628829122 0.709814131 0.31739223
vn 0.154531896 0.95478791 -0.253968149
vn 0.237221166 0.958797753 0.156310588
vn 0.999998689 0.00113387394 -0.00113069278
vn 0.628711224 0.722712755 0.287068486
vn 0.999937534 0.0111427717 0.000851461897
vn 0.664836764 0.713802814 0.220176443
vn 0.318291873 0.937369764 0.141520873
vn 0.672084332 0.697740078 0.24791415
vn 0.231444195 0.972611845 0.021441374
vn 0.187135935 0.978372395 -0.0881346464
vn 0.0979026631 0.917636514 -0.385173082
vn 0.138681024 0.94719553 -0.289116174
vn 0.0490473658 0.745090783 -0.665157259
vn 0.900940299 0.415141165 0.126350135
vn 0.845041037 0.534361362 0.019070711
vn 0.0866516456 0.795708597 -0.599449098
vn 1.11576092E-07 0.537961185 -0.842969596
vn 0.872596323 0.474990129 0.113841861
vn 0.999998093 0.00189808453 0.000573677244
vn 0.93785423 0.32687825 0.116533309
vn 0.782870114 0.598235071 -0.170965537
vn 0.999999881 0.000561187568 2.95434002E-05
vn 0.999999404 0.00110882754 0.000269049691
vn 0.0319723114 0.580148935 -0.813882649
vn 1.25089016E-07 0.244094223 -0.969751537
vn 0.744941115 0.537553668 -0.39509362
vn 0.032946188 0.243954673 -0.969226837
vn 1.3288782E-07 -0.129580647 -0.991568863
vn 0.999999881 0.000583300309 -0.000160040247
vn 0.69413507 0.418052137 -0.586010873
vn 0.999999881 0.000389976049 -0.000277044484
vn 0.0325512365 -0.129489437 -0.991046369
vn 0 -0.611216187 -0.791463614
vn 0.0325274542 -0.610917807 -0.791025519
vn 0 -0.883423686 -0.468574971
vn 0.693334341 -0.0926310569 -0.714637637
vn 0.695089638 0.175314322 -0.697219729
vn 0.999999881 0.000375633885 -0.000515248918
vn 0.999999762 0.000157786548 -0.000627590285
vn 0.0330766104 -0.882962644 -0.468276411
vn -2.23046428E-07 -0.95143044 -0.307863712
vn 0.999999762 -9.48839952E-05 -0.000741110009
vn 0.693475187 -0.441101998 -0.569667637
vn 0.999999642 -0.000500286755 -0.000643883308
vn 0.695213974 -0.635898232 -0.335128278
vn 0.999999642 -0.00082526647 -0.000435859605
vn 0.0642530471 -0.949702919 -0.306489557
vn 0.99999702 -0.00235153688 -0.000742596691
vn 0.706040323 -0.675300062 -0.213252872
vn 0.0456663072 -0.95808059 -0.282835782
vn 0 -0.959153414 -0.282886326
vn 0 -0.959024549 -0.283322901
vn 0.708292425 -0.6764341 -0.201888099
vn 0.0496236309 -0.957843125 -0.282973796
vn 3.99606336E-07 -0.955782771 -0.294073462
vn 0.708796382 -0.675853074 -0.202065229
vn 0.0172561407 -0.955655575 -0.293980449
vn 9.81413677E-07 -0.948318601 -0.31731993
vn 0.999992728 -0.00366615364 -0.00109534152
vn 0.999980807 -0.00599985709 -0.0015595936
vn 0.022382075 -0.948174 -0.316962451
vn 1.53356018E-06 -0.938827872 -0.344386905
vn 0.677046001 -0.701756477 -0.221690387
vn 0.999978781 0.00613989308 0.00220492668
vn 0.0293186717 -0.938483655 -0.344076663
vn 1.71121792E-06 -0.928167284 -0.372163117
vn 0.999979019 -0.00647637993 0.000122879588
vn 0.623044968 -0.741844118 -0.247956187
vn 0.999992251 0.00369609217 0.00140775042
vn 0.0358911492 -0.927555919 -0.371956855
vn 9.33636784E-07 -0.91056633 -0.41336292
vn 0.999978304 -0.00648265937 -0.00116599479
vn 0.65977478 -0.705926001 -0.257615566
vn 0.936310828 0.326087534 0.130342275
vn 0.0375212803 -0.909909844 -0.413105696
vn 0 -0.887575865 -0.460661709
vn 1 0.000366861466 8.88793074E-05
vn 0.93585515 0.321329713 0.144645259
vn 0.999987245 -0.00352078676 -0.00364137115
vn 0.707614243 -0.656104267 -0.262315601
vn 0.0370191596 -0.887089252 -0.460111111
vn 0.999999166 0.0011769589 0.000584608584
vn 0.930893719 0.32509023 0.166593105
vn 0.999997139 -0.00118258398 -0.00211739261
vn 0.762201011 -0.587621808 -0.271570235
vn 0.784304142 -0.552945554 -0.281279594
vn 0.999994516 0.00287945941 0.00168655324
vn 0.924778938 0.328603834 0.19184202
vn 0.999993563 -0.00322067924 -0.00162829203
vn 0.786757708 -0.542411089 -0.29462263
vn 0.999995112 0.00259083183 0.00177775999
vn 0.999952674 -0.00898694806 -0.0037450043
vn 0.917306483 0.333516508 0.21752134
vn 0.990018964 -0.13178131 -0.0499603748
vn 0.999993086 0.00226006983 0.00294580427
vn 0.674049497 0.616800189 0.406466186
vn 0.904596865 0.332398951 0.266862303
vn 0.999095559 0.0097771259 0.0413804241
vn 0.987102449 -0.156306177 -0.0345980562
vn 0.767009497 -0.542438507 -0.342719883
vn 0.995685101 0.01299862 0.0918812081
vn 0.891847908 0.279542387 0.355616719
vn 0.975515723 0.0837884918 0.203343257
vn -0.999994516 -0.00286018103 -0.00168022281
vn -0.707589924 -0.627113998 -0.325644821
vn -0.723582447 -0.595302522 -0.349347025
vn -0.707488179 -0.587957323 -0.392130941
vn -0.99999404 -0.00315961801 -0.00138151925
vn -0.712724864 -0.638708591 -0.289956242
vn -0.999994278 -0.00278693275 -0.00193932583
vn -0.554191411 -0.679034412 -0.48143968
vn -0.999995947 -0.0025975341 -0.00117240392
vn -0.707539976 -0.655773222 -0.263341546
vn -0.999978662 -0.00527225109 -0.00387900323
vn -0.396378309 -0.76251477 -0.511327147
vn -0.999998212 -0.00164410914 -0.000991793815
vn -0.705590367 -0.678906918 -0.203045726
vn -0.999999642 -0.000865566835 -0.000210359736
vn -0.71026808 -0.703832924 0.0117609128
vn -0.999999523 -0.000980454846 3.33142452E-05
vn -0.720857203 -0.610657096 0.327815324
vn -0.999999523 -0.000822121568 0.000496509601
vn -0.722021103 -0.32924217 0.608510554
vn -0.999999523 -0.000441781332 0.000893906632
vn -0.709386408 -0.0787905008 0.700401962
vn -1 0.000135607246 -0.00032454991
vn -1 0.00026991163 -0.000135509821
vn -1 0.000330930838 6.02735636E-05
vn -0.999998093 0.00161700114 0.00117333187
vn -0.999996781 -0.000279766478 0.00254495931
vn -0.712926507 -0.0474518947 0.699631393
vn -1 2.1165064E-05 -0.000365419517
vn -0.999991655 -0.000222529314 0.00409404142
vn -0.707492054 0.00596134271 0.706696153
vn -0.999993682 0.00286297849 0.00212138984
vn -0.999998093 -3.06596557E-05 -0.00197281642
vn -0.999992013 3.23267232E-05 0.00401460612
vn -0.707306564 0.0548238195 0.704777777
vn -0.999996185 0.00228306162 0.00157463644
vn -0.999993682 -6.16592733E-05 -0.00356148533
vn -0.999992609 0.000298370374 0.00383832701
vn -0.707471728 0.109997183 0.698129237
vn -0.99999845 0.00150159968 0.000894227996
vn -0.999996543 -9.39378733E-05 -0.00264547835
vn -0.999997616 0.00193999463 0.00104504509
vn -0.253320038 0.778245926 0.574597359
vn -0.182859376 0.81261313 0.553373635
vn -0.148276612 0.851420522 0.50308764
vn -0.999990344 0.00379157951 0.00224062172
vn -0.147895038 0.872789741 0.465150565
vn -0.999994755 0.00295867515 0.00136147335
vn -0.302212477 0.781993747 0.545117736
vn -0.999998093 0.0016277486 0.00111683703
vn -0.999988198 0.00402458897 0.00273258938
vn -0.999987602 -0.000821724301 -0.00490651699
vn -0.999965191 -0.000144983147 -0.00833927188
vn -0.999991298 0.00336331455 0.00248021423
vn -0.179815233 0.967789531 0.176210031
vn -0.999999642 0.000821206719 0.00015204979
vn -0.191862613 0.87789011 -0.438745618
vn -0.999999762 0.00068476348 -0.000342182
vn -0.183365867 0.368916661 -0.911195636
vn -0.999999642 0.000337052508 -0.000836437161
vn -0.157802552 0.0532175973 -0.986035585
vn -0.999989629 -7.1141294E-05 -0.00456772279
vn -0.999999642 4.78800139E-05 -0.000863376656
vn -0.14888157 -0.015472386 -0.988734007
vn -0.149440303 -0.0171786062 -0.988621533
vn -0.150695994 -0.0349968113 -0.987960458
vn -0.999980569 -0.000221117181 -0.00623663561
vn -0.999989748 -0.000405060448 -0.00451071002
vn -0.151308417 -0.0904583707 -0.98433888
vn -0.999998212 -0.000177231123 -0.00192372396
vn -0.1409266 -0.169086769 -0.975473881
vn -0.999997854 -0.000352392904 -0.00203701272
vn -0.999992847 0.00058448629 0.00375294033
vn -0.999992251 0.00104412576 0.00379229267
vn -0.707238138 0.193414986 0.680003583
vn -0.709012508 0.306422085 0.635142982
vn -0.999997854 -0.000686181593 -0.00197347743
vn -0.155531421 -0.323498994 -0.933358729
vn -0.999987006 -0.00167655898 -0.00482326047
vn -0.99999094 -0.00235438906 -0.00355197256
vn -0.99998939 0.00196614768 0.00416549062
vn -0.708164513 0.456171662 0.538897455
vn -0.999932766 0.0073744026 0.00895507168
vn -0.708773613 0.603340387 0.36554119
vn -0.99980849 0.016579615 0.0103996331
vn -0.708059967 0.673712373 0.211572111
vn -0.999998569 -0.000922729203 -0.00142522436
vn -0.168276682 -0.544743478 -0.821545839
vn -0.999998093 -0.00167758146 -0.00107011118
vn -0.999999166 -0.00121158012 -0.000506234297
vn -0.156773373 -0.833309054 -0.530111372
vn -0.999986887 0.00452438975 0.00241205469
vn -0.999999285 -0.00107955083 -0.000643748383
vn -0.138429537 -0.851066113 -0.506481707
vn -0.999414325 -0.0340610743 0.00327650178
vn -0.999999404 -0.000695534807 -0.000894199184
vn -0.147726297 0.894722998 0.421482712
vn -0.999985933 0.00480785407 0.00226367847
vn -0.148001775 0.915721297 0.373563766
vn -0.133747995 -0.608316541 -0.782344162
vn -0.999997258 0.00220830762 0.000793137006
vn -0.999791563 -0.0196841098 -0.00542149553
vn -0.132382587 -0.243878752 -0.96072787
vn -0.999999404 -0.000285411952 -0.00112851802
vn -0.999767005 0.00191060663 -0.0215019118
vn -0.138777599 0.212762475 -0.967198431
vn -0.998968124 0.0243290141 -0.0383511782
vn -0.999998808 0.000337022968 -0.001537901
vn -0.99998951 -0.000350451272 -0.00457012746
vn -0.216411248 -0.493039459 -0.84266144
vn -0.999991298 -0.00212117238 -0.00360524072
vn -0.999988556 -0.00417659199 -0.0023591991
vn -0.164533868 -0.858674645 -0.485393167
vn -0.999970913 -0.00662253611 -0.00379123888
vn -0.999988914 -0.0045840214 -0.00114037166
vn -0.99983263 0.0174269844 0.00557342498
vn -0.708420157 0.703896999 0.0516712517
vn -0.154705688 -0.958714485 -0.238605887
vn -0.999850392 0.0172503907 0.00126820849
vn -0.707927465 0.702058434 -0.0771528855
vn -0.999969006 -0.00764457881 -0.00190310506
vn -0.999857426 0.0167847387 -0.00187320833
vn -0.709243119 0.670244396 -0.218509927
vn -0.99996686 -0.00811858196 -0.000682956364
vn -0.155027241 -0.98442775 -0.082877107
vn -0.999569833 0.0246663727 -0.0158617161
vn -0.990058362 0.120044738 -0.0733047053
vn -0.999968648 -0.00789709575 0.000536130567
vn -0.997809231 0.0585942119 -0.0307182837
vn -0.707659602 0.53581363 -0.4605667
vn -0.99998796 -0.00488837017 -0.000411177549
vn -0.156397715 -0.982447028 0.101674512
vn -0.999972939 -0.00702994689 0.00216683
vn -0.999978065 0.00624459516 -0.00220897095
vn -0.707340479 0.500732303 -0.498935491
vn -0.999988317 -0.00481161382 0.000498113863
vn -0.160772756 -0.91712898 0.364728302
vn -0.999986291 -0.00486995559 0.00193773652
vn -0.999914885 0.0123481397 0.00421346165
vn -0.999915004 0.0123365819 0.00422304776
vn -0.999986172 -0.00429519918 0.00305877416
vn -0.157417759 -0.8045367 0.572660744
vn -0.999290466 0.0305928476 -0.0219674036
vn -0.999988079 -0.00361872488 0.00327824312
vn -0.999996901 -0.00144206709 0.00207200507
vn -0.150549337 -0.732773781 0.663609505
vn -0.999986529 -0.00369030586 0.00365110859
vn -0.151071995 -0.702778518 0.695183218
vn -0.999997616 -0.00137745915 0.0017005367
vn -0.157859758 -0.638416588 0.753328979
vn -0.999990225 0.00313413725 -0.00312385894
vn -0.751129031 0.614105463 -0.242239058
vn -0.999991179 0.0039225365 -0.00154660619
vn -0.707593799 0.696600854 0.118567705
vn -0.999998808 -0.000993216876 0.00117387145
vn -0.999992967 -0.00243988307 0.00287864194
vn -0.166694671 -0.312516451 0.935171783
vn -0.999996781 0.00249156961 0.000423685793
vn -0.711393118 0.699470222 -0.0682736859
vn -0.999999285 0.00119694066 -0.000114321025
vn -0.713125646 0.644098103 -0.276748002
vn -0.999999762 -0.000231236438 0.000693878392
vn -0.999980569 -0.00598396594 -0.00178689836
vn -0.999992251 -0.00375388283 -0.0011873974
vn -0.999999404 0.00103479577 -0.000441706798
vn -0.709228337 0.523489356 -0.472180158
vn -0.999999523 0.000713389541 -0.000643698731
vn -0.711891115 0.380859554 -0.590048313
vn -0.999999523 0.000564234448 -0.000874428311
vn -0.710925758 0.171843663 -0.68194896
vn -0.999999404 0.000260883156 -0.00103579496
vn -0.717582285 -0.089081727 -0.690753281
vn -0.999999285 -0.000156542723 -0.00121332624
vn -0.718939781 -0.425948322 -0.549266458
vn -0.999999166 -0.000817070308 -0.00105366192
vn -0.711960375 -0.621029615 -0.327772468
vn -0.999998808 -0.00135633862 -0.000715930248
vn -0.707253277 -0.674068689 -0.213129401
vn -0.707176626 -0.677456081 -0.202372313
vn -0.70713985 -0.678101182 -0.20032984
vn -0.999922633 -0.0123006599 -0.00184104184
vn -0.625709951 -0.745980442 -0.228035972
vn -0.999862075 -0.0163265765 -0.00303999265
vn -0.616693079 -0.747905731 -0.245615035
vn -0.999909401 -0.0125441896 -0.00488554919
vn -0.661772251 -0.704692304 -0.255863667
vn -0.999950647 -0.00835032202 -0.00538414577
vn -0.999991536 -0.00298727979 -0.00282301847
vn -0.999998331 -0.00168035785 -0.00076937105
vn -0.999990463 -0.00411631633 -0.00143908721
vn -0.999995828 -0.00279994356 -0.000794236665
vn -0.999995232 0.00279672816 0.00132881699
vn -0.148362264 0.933791935 0.325609028
vn -0.149496451 0.935793161 0.319283575
vn -0.99998641 0.0048303199 0.00197088998
vn -0.999956965 0.00876011886 0.00305499998
vn -0.149309248 0.935516059 0.320181847
vn -0.157914862 0.924690247 0.346425623
vn -0.999999166 0.00080286595 0.00108598638
vn -0.999967456 0.00755744847 0.00283080479
vn -0.999999762 0.00013379661 0.000690662127
vn -0.16997081 0.671732605 0.721030712
vn -0.178598419 0.186936408 0.966000676
vn -0.999998212 0.00129434187 0.00138853909
vn -0.999998331 -0.000581378816 0.0017381378
vn -0.999998331 0.000351078575 0.00181512348
vn -0.0923850462 -0.818669438 -0.566785097
vn 1.08116058E-06 -0.829262853 -0.558858752
vn 6.77137223E-07 -0.815765083 -0.578383386
vn -7.83353414E-07 -0.822284102 -0.569077194
vn -0.0773383304 -0.831337214 -0.550361097
vn 0.000170792657 -0.862763107 -0.50560832
vn -0.058108747 -0.824220359 -0.563279867
vn -0.14643614 -0.941333413 -0.304052442
vn -4.61641721E-05 -0.950685561 -0.310156137
vn 0.00298352842 -0.99976784 0.0213422086
vn -0.147580281 -0.988750279 0.0243507307
vn 0 -0.872273743 0.489017904
vn -0.999822915 -0.0173227321 -0.00735737989
vn -0.9971205 -0.0658637211 0.0375871323
vn -0.947118759 -0.320621133 -0.0129700024
vn -0.52025032 -0.734696925 -0.43538484
vn -0.677139342 -0.638413191 -0.365938425
vn -0.0368540362 -0.862774611 -0.504243731
vn -0.142401114 -0.862507582 0.485595137
vn -0.00042807305 -0.471500814 0.881865501
vn -0.143191069 -0.46694237 0.872617364
vn 3.10654832E-06 -0.112993151 0.993595779
vn -0.99969399 -0.0210619755 0.0129771139
vn -0.158660412 -0.111470878 0.981020451
vn 0 -0.0609026067 0.998143792
vn -0.999666333 -0.0258130673 0.000943049148
vn -0.999687314 -0.0110107325 0.022450339
vn -0.161286727 -0.0600480363 0.98507905
vn 1.66488062E-05 0.00801004283 0.999967933
vn -0.998057425 -0.00688491808 0.0619188882
vn -0.999496818 -0.0019484011 0.0316605903
vn -0.160916865 0.00793141034 0.986936033
vn 8.21754384E-06 0.0772623569 0.997010827
vn -0.997952163 0.000475317618 0.0639633536
vn -0.161377475 0.0762866363 0.983939886
vn -2.01820467E-06 0.154855996 0.987937033
vn -0.998811841 0.0304019917 0.0380871333
vn -0.999999046 2.61406076E-05 0.00141159212
vn -0.15997836 0.152989313 0.975192964
vn -0.922286093 0.20991616 0.324535817
vn -0.159440696 0.269967437 0.949576914
vn -9.17630041E-06 0.273284376 0.961933255
vn -2.73676392E-06 0.432369888 0.901696444
vn -0.153928041 0.427206099 0.89095521
vn -2.12517784E-06 0.64187032 0.766813099
vn -0.999997616 0.00145726209 0.00165735907
vn -0.999999166 0.000197421556 0.00130555453
vn -0.999977231 0.00555715989 0.00382625102
vn -0.999986649 0.00394326961 0.00336524192
vn -0.999988079 0.00406865729 -0.00270044198
vn -0.163649142 0.633698225 0.756072462
vn -0.748357177 0.437727332 0.49835366
vn -0.698132098 0.516121268 0.496216059
vn -0.1540104 0.842070758 0.516911507
vn -7.03378078E-07 0.851363957 0.524575412
vn -0.15598385 0.941861033 0.297601998
vn 3.78427927E-07 0.953405499 0.301691771
vn 0 0.997312307 0.0732677877
vn -0.999983668 -0.00112146721 0.00561796967
vn -0.999989629 0.00153327081 0.00430270471
vn -0.999982357 0.00589566724 0.000724553713
vn -0.671138763 0.583239913 0.457606614
vn -0.999970675 0.00643808022 0.00415825425
vn -0.916029096 0.27974391 0.287461489
vn -0.156580836 0.985011399 0.0723536164
vn -2.25013446E-06 0.993938327 -0.10993851
vn -0.999996066 0.00227538426 0.00167744583
vn -0.159015015 0.981303811 -0.108429112
vn -1.91665345E-06 0.946045399 -0.324034214
vn -0.99997735 0.00332951033 0.0058581708
vn -0.999992251 0.00392952794 0.000290858676
vn -0.154929861 0.934760988 -0.319716394
vn 2.23842648E-07 0.852810204 -0.52222085
vn -0.99996841 0.00303916493 0.00735494262
vn -0.672156572 0.639423132 0.373287618
vn -0.999990702 0.00429217564 -0.00046678746
vn -0.999974966 0.00545486435 0.00451153424
vn -0.158011809 0.842282474 -0.51535666
vn 0 0.760452092 -0.649393976
vn -0.160250902 0.750690639 -0.640923798
vn 0 0.708404601 -0.705806494
vn -0.999998569 0.00143254409 -0.000901404885
vn -0.999998331 0.00173990207 -0.000622821914
vn -0.999977112 0.00675996253 0.00048068841
vn -0.999954224 0.00945240725 -0.00149696076
vn -0.648667753 0.676713288 0.348266244
vn -0.1607932 0.699215293 -0.696594238
vn 7.66710968E-07 0.965473115 -0.260502875
vn -0.999999046 0.0010850908 -0.000929649454
vn -0.62882936 0.709814012 0.317392111
vn -0.154531986 0.95478791 -0.253968209
vn -0.23722133 0.958797634 0.156310484
vn -0.999998689 0.00113369932 -0.00113099499
vn -0.628711402 0.722712696 0.287068337
vn -0.999937534 0.0111425975 0.000851159682
vn -0.664836943 0.713802695 0.220176235
vn -0.318292081 0.937369764 0.141520783
vn -0.67208451 0.69773984 0.247913957
vn -0.231444389 0.972611845 0.0214413106
vn -0.187136054 0.978372276 -0.0881346762
vn -0.0979027227 0.917636514 -0.385173082
vn -0.138681129 0.94719553 -0.289116263
vn -0.0490472913 0.745090663 -0.665157199
vn -0.900940478 0.415141046 0.126349881
vn -0.845041096 0.534361184 0.0190704465
vn -0.0866516158 0.795708597 -0.599449098
vn 0 0.537961185 -0.842969596
vn -0.872596502 0.47498998 0.113841601
vn -0.999998093 0.00189791049 0.000573375495
vn -0.93785435 0.326878071 0.116533041
vn -0.782870173 0.598234951 -0.170965806
vn -0.999999881 0.00056101277 2.92414061E-05
vn -0.999999404 0.00110865291 0.00026874771
vn -0.0319721736 0.580148935 -0.813882649
vn 1.25089016E-07 0.244094223 -0.969751537
vn -0.744940996 0.537553489 -0.395093828
vn -0.0329459384 0.243954673 -0.969226837
vn 1.89214248E-07 -0.129580647 -0.991568863
vn -0.999999881 0.000583125511 -0.000160342228
vn -0.694134951 0.418052018 -0.586011112
vn -0.999999881 0.000389801222 -0.000277346466
vn -0.0325509198 -0.129489452 -0.991046369
vn 3.05784425E-07 -0.611216187 -0.791463614
vn -0.0325271115 -0.610917807 -0.791025519
vn 3.39988617E-07 -0.883423686 -0.468574971
vn -0.693334103 -0.0926311761 -0.714637816
vn -0.6950894 0.175314173 -0.697219968
vn -0.999999881 0.000375459 -0.000515550899
vn -0.999999762 0.000157611707 -0.000627892325
vn -0.0330763124 -0.882962644 -0.468276531
vn 4.82372002E-07 -0.95143044 -0.307863683
vn -0.999999762 -9.5058851E-05 -0.000741412106
vn -0.693474948 -0.441102087 -0.569667876
vn -0.999999642 -0.000500461669 -0.000644185406
vn -0.695213795 -0.635898352 -0.335128546
vn -0.999999642 -0.000825441326 -0.000436161587
vn -0.0642527863 -0.949702919 -0.306489527
vn -0.706040144 -0.675300181 -0.213253081
vn -0.99999702 -0.00235171197 -0.000742898788
vn -0.0456660613 -0.95808059 -0.282835871
vn 3.35030109E-07 -0.959153414 -0.282886326
vn 2.3083895E-07 -0.959024549 -0.283322901
vn -0.708292186 -0.676434278 -0.201888263
vn -0.0496233776 -0.957843125 -0.282973826
vn -1.43684218E-07 -0.955782771 -0.294073462
vn -0.708796144 -0.675853193 -0.202065408
vn -0.0172558837 -0.955655575 -0.293980449
vn -7.19776324E-07 -0.948318601 -0.31731993
vn -0.999992728 -0.0036663285 -0.00109564362
vn -0.999980807 -0.00600003218 -0.00155989593
vn -0.0223818123 -0.948174 -0.316962391
vn -1.2654084E-06 -0.938827872 -0.344386905
vn -0.677045763 -0.701756656 -0.22169061
vn -0.999978781 0.00613971846 0.00220462494
vn -0.0293184072 -0.938483775 -0.344076663
vn -1.43654177E-06 -0.928167284 -0.372163117
vn -0.999979019 -0.00647655549 0.00012257752
vn -0.62304467 -0.741844237 -0.247956336
vn -0.999992251 0.00369591755 0.00140744867
vn -0.0358908772 -0.927555919 -0.371956855
vn -6.49596132E-07 -0.91056633 -0.41336292
vn -0.999978304 -0.00648283446 -0.00116629689
vn -0.659774601 -0.70592618 -0.257615715
vn -0.936310887 0.326087326 0.130341977
vn -0.0375210047 -0.909909844 -0.413105696
vn 3.40059501E-07 -0.887575865 -0.460661709
vn -0.707613945 -0.656104386 -0.26231581
vn -1 0.000366686843 8.85773916E-05
vn -0.935855269 0.321329564 0.144644976
vn -0.999987245 -0.00352096139 -0.00364167313
vn -0.0370188691 -0.887089252 -0.460110992
vn -0.999999166 0.00117678428 0.000584306719
vn -0.930893779 0.325090021 0.166592836
vn -0.999997139 -0.00118275906 -0.00211769459
vn -0.762200773 -0.587621808 -0.271570474
vn -0.784303963 -0.552945673 -0.281279862
vn -0.999994516 0.00287928502 0.00168625137
vn -0.924779058 0.328603625 0.191841692
vn -0.999993563 -0.00322085363 -0.00162859401
vn -0.786757529 -0.542411208 -0.294622868
vn -0.999995112 0.00259065721 0.00177745777
vn -0.999952674 -0.00898712408 -0.00374530605
vn -0.917306662 0.33351633 0.217521101
vn -0.990018964 -0.131781459 -0.0499606691
vn -0.999993086 0.00225989521 0.00294550159
vn -0.674049795 0.61680007 0.406466037
vn -0.904596984 0.332398802 0.266862005
vn -0.999095678 0.00977694988 0.0413801335
vn -0.987102449 -0.156306371 -0.034598358
vn -0.78829509 -0.521614313 -0.326357871
vn -0.99568522 0.0129984384 0.0918809101
vn -0.891848087 0.279542238 0.355616391
vn -0.975515842 0.0837884471 0.203343049
vn 0.707590163 -0.627113879 -0.325644553
vn 0.999994516 -0.00286000641 -0.00167992094
vn 0.723582625 -0.595302343 -0.349346727
vn 0.707488418 -0.587957203 -0.392130673
vn 0.99999404 -0.00315944338 -0.00138121704
vn 0.712725043 -0.638708472 -0.289955974
vn 0.999994278 -0.00278675836 -0.00193902396
vn 0.554191589 -0.679034293 -0.481439441
vn 0.999995947 -0.00259735947 -0.00117210171
vn 0.707540214 -0.655773044 -0.263341278
vn 0.999978662 -0.00527207553 -0.00387870031
vn 0.396378607 -0.76251471 -0.511327147
vn 0.999998212 -0.00164393417 -0.000991491834
vn 0.705590606 -0.678906798 -0.203045517
vn 0.999999642 -0.000865391979 -0.000210057769
vn 0.710268319 -0.703832865 0.011761127
vn 0.999999523 -0.000980279874 3.36162302E-05
vn 0.720857203 -0.610657036 0.327815562
vn 0.999999523 -0.000821946713 0.000496811583
vn 0.722020984 -0.329242051 0.608510852
vn 0.999999523 -0.000441606418 0.00089420873
vn 0.70938617 -0.078790389 0.7004022
vn 1 0.000135782087 -0.0003242479
vn 1 0.000270086486 -0.00013520784
vn 1 0.000331105693 6.05755522E-05
vn 0.999998093 0.00161717564 0.00117363362
vn 0.999996781 -0.000279591652 0.00254526152
vn 0.712926269 -0.0474517681 0.699631572
vn 1 2.13399053E-05 -0.000365117507
vn 0.999991655 -0.000222354443 0.00409434317
vn 0.707491815 0.00596146658 0.706696391
vn 0.999993682 0.00286315219 0.00212169159
vn 0.999998093 -3.04848072E-05 -0.0019725142
vn 0.999992013 3.25015681E-05 0.00401490787
vn 0.707306266 0.0548239499 0.704778075
vn 0.999996185 0.00228323578 0.0015749383
vn 0.999993682 -6.14844321E-05 -0.00356118288
vn 0.999992609 0.000298545201 0.00383862923
vn 0.70747143 0.10999731 0.698129475
vn 0.99999845 0.00150177418 0.000894529803
vn 0.999996543 -9.37630393E-05 -0.00264517614
vn 0.999997616 0.00194016926 0.00104534684
vn 0.25331971 0.778246045 0.574597597
vn 0.182859048 0.81261313 0.553373635
vn 0.148276255 0.851420522 0.50308758
vn 0.999990344 0.00379175437 0.00224092393
vn 0.147894755 0.872789741 0.465150744
vn 0.999994755 0.00295884977 0.00136177544
vn 0.302212209 0.781993806 0.545117915
vn 0.999998093 0.00162792334 0.00111713924
vn 0.999988198 0.00402476452 0.00273289182
vn 0.999987602 -0.000821549504 -0.00490621477
vn 0.999965191 -0.000144808306 -0.00833897013
vn 0.999991298 0.00336348917 0.00248051644
vn 0.179815024 0.967789531 0.176210091
vn 0.999999642 0.000821381574 0.0001523518
vn 0.191862613 0.87789011 -0.438745588
vn 0.999999762 0.000684938335 -0.000341880048
vn 0.183366045 0.36891669 -0.911195636
vn 0.999999642 0.000337227335 -0.000836135179
vn 0.157802835 0.0532176271 -0.986035585
vn 0.999989629 -7.09664528E-05 -0.00456742058
vn 0.999999642 4.80548661E-05 -0.000863074674
vn 0.148881868 -0.0154723581 -0.988734007
vn 0.149440572 -0.0171785783 -0.988621533
vn 0.150696293 -0.0349967815 -0.987960458
vn 0.999980569 -0.00022094234 -0.0062363334
vn 0.999989748 -0.000404885563 -0.00451040827
vn 0.151308715 -0.0904583409 -0.98433888
vn 0.999998212 -0.000177056238 -0.00192342198
vn 0.140926927 -0.169086725 -0.975473881
vn 0.999997854 -0.000352218078 -0.00203671097
vn 0.999992847 0.000584661146 0.00375324255
vn 0.999992251 0.00104430073 0.00379259535
vn 0.707237899 0.19341512 0.680003822
vn 0.70901227 0.306422174 0.63514322
vn 0.999997854 -0.000686006737 -0.00197317521
vn 0.155531719 -0.323498935 -0.93335861
vn 0.999987006 -0.00167638401 -0.00482295826
vn 0.99999094 -0.00235421443 -0.00355167035
vn 0.99998939 0.00196632207 0.00416579191
vn 0.708164215 0.456171811 0.538897693
vn 0.999932766 0.00737457862 0.00895537436
vn 0.708773375 0.603340507 0.365541488
vn 0.99980849 0.0165797919 0.0103999367
vn 0.708059788 0.673712492 0.211572289
vn 0.999998569 -0.000922554231 -0.00142492214
vn 0.16827701 -0.544743419 -0.82154572
vn 0.999998093 -0.0016774066 -0.00106980908
vn 0.999999166 -0.00121140515 -0.000505932199
vn 0.156773627 -0.833309054 -0.530111372
vn 0.999986887 0.00452456484 0.00241235667
vn 0.999999285 -0.00107937597 -0.000643446459
vn 0.138429821 -0.851066113 -0.506481707
vn 0.999414325 -0.0340609066 0.00327680376
vn 0.999999404 -0.000695359951 -0.000893897144
vn 0.147726014 0.894722998 0.421482772
vn 0.999985933 0.00480802916 0.00226398068
vn 0.148001507 0.915721297 0.373563826
vn 0.133748308 -0.608316541 -0.782344162
vn 0.999997258 0.00220848201 0.00079343887
vn 0.999791563 -0.0196839347 -0.00542119564
vn 0.132382929 -0.243878722 -0.96072787
vn 0.999999404 -0.000285237067 -0.00112821581
vn 0.999767005 0.0019107816 -0.0215016082
vn 0.138777867 0.21276249 -0.967198431
vn 0.998968124 0.0243291892 -0.0383508801
vn 0.999998808 0.000337197795 -0.00153759902
vn 0.99998951 -0.000350275921 -0.00456982525
vn 0.216411605 -0.493039459 -0.842661381
vn 0.999991298 -0.00212099776 -0.00360493874
vn 0.999988556 -0.00417641737 -0.00235889689
vn 0.164534181 -0.858674645 -0.485393107
vn 0.999970913 -0.00662236055 -0.00379093597
vn 0.999988914 -0.00458384678 -0.0011400698
vn 0.99983263 0.0174271613 0.00557372812
vn 0.708420038 0.703897119 0.0516714603
vn 0.154705912 -0.958714366 -0.238605797
vn 0.999969006 -0.00764440466 -0.00190280308
vn 0.999850392 0.0172505677 0.00126851106
vn 0.707927287 0.702058613 -0.0771526843
vn 0.999857426 0.0167849157 -0.00187290658
vn 0.709243059 0.670244515 -0.218509719
vn 0.99996686 -0.0081184078 -0.000682654383
vn 0.155027464 -0.98442775 -0.0828770697
vn 0.999569833 0.0246665571 -0.0158614181
vn 0.990058362 0.120044917 -0.0733044073
vn 0.999968648 -0.00789692346 0.000536432839
vn 0.997809231 0.0585943796 -0.030717982
vn 0.707659602 0.535813808 -0.46056658
vn 0.99998796 -0.00488819461 -0.000410875567
vn 0.156397864 -0.982446909 0.101674557
vn 0.999972939 -0.0070297718 0.00216713222
vn 0.999978065 0.00624477072 -0.00220866851
vn 0.707340598 0.500732362 -0.498935252
vn 0.999988317 -0.0048114392 0.000498415902
vn 0.160772786 -0.91712898 0.364728332
vn 0.999986291 -0.00486978004 0.00193803851
vn 0.999914885 0.0123483166 0.00421376294
vn 0.999915004 0.012336758 0.00422334997
vn 0.999986172 -0.00429502409 0.00305907638
vn 0.157417729 -0.8045367 0.572660804
vn 0.999290466 0.0305930227 -0.0219671018
vn 0.999988079 -0.00361855002 0.0032785451
vn 0.999996901 -0.001441892 0.00207230705
vn 0.150549233 -0.732773781 0.663609505
vn 0.999986529 -0.00369013194 0.00365141081
vn 0.151071876 -0.702778578 0.695183218
vn 0.999997616 -0.00137728441 0.00170083891
vn 0.157859698 -0.638416588 0.753329039
vn 0.999990225 0.00313431141 -0.00312355626
vn 0.751128852 0.614105582 -0.242238805
vn 0.999991179 0.00392271206 -0.00154630397
vn 0.707593679 0.696600974 0.118567906
vn 0.999998808 -0.000993042137 0.00117417367
vn 0.999992967 -0.00243970845 0.00287894416
vn 0.166694432 -0.312516451 0.935171783
vn 0.999996781 0.00249174424 0.000423987804
vn 0.711392999 0.699470401 -0.0682734922
vn 0.999999285 0.00119711552 -0.000114019029
vn 0.713125646 0.644098163 -0.276747793
vn 0.999999762 -0.000231061626 0.000694180431
vn 0.999980569 -0.00598378945 -0.00178659626
vn 0.999992251 -0.00375370821 -0.00118709542
vn 0.999999404 0.00103497063 -0.000441404816
vn 0.709228396 0.523489475 -0.472179949
vn 0.999999523 0.000713564456 -0.00064339675
vn 0.711891234 0.380859703 -0.590048075
vn 0.999999523 0.000564409303 -0.00087412633
vn 0.710925937 0.171843782 -0.681948721
vn 0.999999404 0.000261058012 -0.00103549298
vn 0.717582524 -0.0890816078 -0.690753043
vn 0.999999285 -0.000156367882 -0.00121302425
vn 0.71894002 -0.425948203 -0.549266279
vn 0.999999166 -0.000816895394 -0.00105335994
vn 0.711960554 -0.621029437 -0.32777223
vn 0.999998808 -0.00135616353 -0.000715628208
vn 0.707253456 -0.67406857 -0.213129163
vn 0.707176805 -0.677455902 -0.202372074
vn 0.707140028 -0.678100944 -0.200329617
vn 0.999922633 -0.0123004848 -0.00184073986
vn 0.62571013 -0.745980203 -0.228035763
vn 0.999862075 -0.0163263995 -0.00303969067
vn 0.616693318 -0.747905552 -0.245614842
vn 0.999909401 -0.0125440126 -0.00488524698
vn 0.66177243 -0.704692125 -0.255863488
vn 0.999950647 -0.00835014693 -0.00538384356
vn 0.999991536 -0.00298710517 -0.00282271579
vn 0.999998331 -0.0016801845 -0.000769069535
vn 0.999990582 -0.00411614263 -0.00143878569
vn 0.999995828 -0.0027997701 -0.000793935149
vn 0.999995232 0.00279690209 0.00132911874
vn 0.148361966 0.933791935 0.325609118
vn 0.149496153 0.935793161 0.319283664
vn 0.99998641 0.00483049499 0.00197119219
vn 0.999956965 0.00876029488 0.00305530173
vn 0.149308905 0.935516059 0.320181936
vn 0.157914594 0.924690366 0.346425682
vn 0.999999166 0.000803040806 0.00108628848
vn 0.999967456 0.00755762355 0.00283110747
vn 0.999999762 0.000133971465 0.000690964051
vn 0.169970497 0.671732664 0.721030772
vn 0.178598136 0.186936483 0.966000795
vn 0.999998212 0.00129451673 0.00138884108
vn 0.999998331 -0.00058120396 0.00173843978
vn 0.999998331 0.000351253431 0.00181542535
vn 0.174835622 -0.983547866 -0.0454555899
vn 0.00110014365 -0.99991262 -0.0131720975
vn 8.73714307E-05 -0.998668313 -0.0515910164
vn 2.03599611E-05 -0.689642668 -0.724149883
vn 0.148515984 -0.987866759 0.0454115942
vn -6.33794407E-05 -0.998226345 0.0595337227
vn 0.192655727 -0.676014602 -0.711258054
vn 2.4321329E-05 -0.680102885 -0.733116627
vn 0.99992907 -0.00900526345 -0.00780442124
vn 0.160268337 -0.0287265442 0.986655354
vn -0.00471624313 -0.0650621429 0.997870088
vn 0.0467846543 -0.012093232 0.998831809
vn 0.193684012 -0.667921424 -0.71858716
vn 2.43078593E-05 -0.10953214 -0.993983209
vn 0.999925375 -0.00343270064 0.0117231077
vn 0.198986113 -0.00235826103 0.979999423
vn 2.18873738E-05 0.00897026528 0.999959826
vn 0.999942064 -0.00710785249 -0.00808061287
vn 0.171378985 -0.0927691236 -0.980827749
vn 1.812972E-05 0.128268853 -0.991739392
vn 0.999971747 0.00140162685 0.00738804322
vn 0.19757165 0.558568478 0.805584669
vn 0.00658044918 0.565373003 0.824809134
vn 0.00492870389 0.60133642 0.798980713
vn 0.171373084 0.111258425 -0.97890389
vn 3.29425484E-06 0.675409973 -0.737442493
vn 0.999969125 0.00700769899 0.00356250745
vn 0.196892574 0.586915374 0.785343051
vn 0.198014602 0.944537759 0.261989832
vn 0.0047815959 0.963284194 0.268441141
vn 0.18401742 0.952378511 0.243131235
vn -0.000793200918 0.969507694 0.245059639
vn 0.99999702 0.00145718397 -0.00199711765
vn 0.999958992 0.00905937422 0.000106004736
vn 0.180983558 0.710962236 -0.679542243
vn 1.06082171E-05 0.726777136 -0.686873376
vn 0.188304871 0.666666567 -0.721177459
vn -0.174834058 -0.983547986 -0.0454575159
vn -8.38968772E-05 -0.998668194 -0.051593449
vn -0.00109935214 -0.99991262 -0.0131726405
vn -2.1154945E-05 -0.689642668 -0.724149883
vn -0.14851585 -0.987866759 0.0454114564
vn 6.61731465E-05 -0.998226225 0.0595352724
vn -0.192655295 -0.676014543 -0.711258233
vn -2.39810197E-05 -0.680102885 -0.733116627
vn -0.999928951 -0.0090054078 -0.00780600961
vn -0.160266906 -0.0287268553 0.986655593
vn 0.00471595302 -0.0650623441 0.997870088
vn -0.0467850566 -0.0120932683 0.998831809
vn -0.193683371 -0.667921484 -0.718587279
vn -2.39885358E-05 -0.109531902 -0.993983328
vn -0.999925375 -0.00343283894 0.011721136
vn -0.198988408 -0.00235851691 0.979999006
vn -2.22054605E-05 0.00897029415 0.999959826
vn -0.999942064 -0.00711163739 -0.00807814207
vn -0.171377048 -0.0927700028 -0.980827987
vn -1.78525297E-05 0.128269106 -0.991739392
vn -0.999971747 0.00140150951 0.00738582108
vn -0.197567567 0.558568716 0.805585444
vn -0.00658083986 0.565372884 0.824809194
vn -0.00492901914 0.601336241 0.798980892
vn -0.171373621 0.111257657 -0.97890389
vn -3.18962452E-06 0.675410032 -0.737442434
vn -0.999969125 0.00700750714 0.00356144528
vn -0.196897388 0.58691448 0.785342455
vn -0.198014677 0.944537759 0.261989892
vn -0.00478187716 0.963284194 0.26844126
vn -0.184017733 0.952378392 0.243131146
vn 0.000792952196 0.969507694 0.24505958
vn -0.99999702 0.00145061722 -0.00199087104
vn -0.999958992 0.00905517954 0.000109004053
vn -0.18098253 0.710962415 -0.679542363
vn -1.05277923E-05 0.726777136 -0.686873376
vn -0.188303769 0.666666687 -0.721177638
vn 0.255816489 -0.96669209 0.00801003538
vn -0.0165342819 -0.412113398 0.910982549
vn 0 -0.999965668 0.00828657113
vn -0.0165334735 -0.427152246 -0.904028535
vn 0.619189024 -0.68514055 0.383650005
vn 0.340203404 -0.297021925 0.892210543
vn -0.0389927365 0.506774306 0.861196458
vn 0.619304538 -0.691278636 -0.372284591
vn 0.954411387 -0.25973168 -0.147100165
vn 0.954411089 -0.257291168 0.151329786
vn 0.954411149 -0.00247320021 -0.298484802
vn 0.954411089 0.00247484283 0.2984851
vn 0.340361506 -0.311784446 -0.887098908
vn -0.0165332649 0.569334745 -0.821939528
vn 0.619304717 -0.0232304465 -0.784806967
vn 0.954411149 0.257226497 -0.151439235
vn 0.34036082 0.612356901 -0.713564038
vn -0.0165336598 0.996487975 0.0820881352
vn 0.619079232 -0.0102275396 0.785261869
vn 0.519831359 0.433249414 0.736254215
vn 0.954411507 0.259732038 0.147098809
vn 0.61919111 0.668073475 -0.412650108
vn 0.340203941 0.924191594 0.173583403
vn 0.619078934 0.691436589 0.372366428
vn 0.255816609 -0.671116829 -0.69581604
vn -0.0165335648 -0.944540024 0.327979982
vn 1.69372001E-07 -0.694217384 -0.719765484
vn -0.0165329967 0.361885905 -0.932075739
vn 0.619190633 -0.749868572 -0.233023524
vn 0.340204358 -0.851711273 0.398558617
vn -0.0389911979 -0.276016533 0.9603616
vn 0.619304419 -0.205666855 -0.757735491
vn 0.95441097 -0.0720340759 -0.289673537
vn 0.954411149 -0.286863685 -0.0825134516
vn 0.954411268 0.21484679 -0.207219765
vn 0.954411149 -0.2148467 0.207219943
vn 0.340361059 0.429002851 -0.836726308
vn -0.0165335517 0.988144279 -0.152635202
vn 0.619304895 0.553383231 -0.556981623
vn 0.954411149 0.28689903 0.0823902413
vn 0.340360552 0.939127803 -0.0468356796
vn -0.0165341608 0.626258492 0.779440165
vn 0.619080901 -0.576739788 0.533019781
vn 0.519833088 -0.235971868 0.821030378
vn 0.954411149 0.0720347762 0.289672673
vn 0.619189382 0.759164035 0.200684667
vn 0.34020403 0.510120928 0.789960682
vn 0.619079828 0.205717757 0.757905304
vn 0.25581643 -0.906685233 -0.335380137
vn -0.0165339969 -0.708429873 0.705587506
vn 1.34377203E-07 -0.937893569 -0.346923113
vn -0.016533263 -0.078737624 -0.996758282
vn 0.619189978 -0.776670516 0.115700811
vn 0.340203673 -0.594163954 0.72885561
vn -0.038992025 0.168374211 0.984951675
vn 0.619304597 -0.514292717 -0.593266189
vn 0.954411268 -0.190672413 -0.229658514
vn 0.954411268 -0.294237435 0.0502345078
vn 0.95441097 0.10355372 -0.279957801
vn 0.954411149 -0.103553534 0.279957026
vn 0.340361208 0.0231236257 -0.940010309
vn -0.0165337436 0.823848367 -0.56656909
vn 0.619303048 0.25663805 -0.74202466
vn 0.954411149 0.294216126 -0.0503595956
vn 0.340360314 0.825634539 -0.449980617
vn -0.0165340342 0.902587056 0.430189729
vn 0.619078755 -0.288082123 0.730582118
vn 0.5198313 0.143948004 0.842053711
vn 0.954411149 0.19067277 0.229658902
vn 0.619190395 0.771000206 -0.148868844
vn 0.340203911 0.802538097 0.490095764
vn 0.619080722 0.514410377 0.593397796
vn 0.0165340789 -0.412113249 0.910982549
vn -0.255813539 -0.966692984 0.00800994784
vn 0 -0.999965668 0.0082865525
vn 0.0165338237 -0.427152127 -0.904028594
vn -0.619191229 -0.68513906 0.383649051
vn -0.340200067 -0.297022432 0.892211556
vn 0.0389924124 0.506774366 0.861196458
vn -0.619306564 -0.691277146 -0.372284055
vn -0.954411268 -0.259731889 -0.147100449
vn -0.954411089 -0.257291347 0.151329458
vn -0.954411089 -0.00247336831 -0.29848507
vn -0.954411149 0.00247466378 0.298484802
vn -0.340357542 -0.311784953 -0.88710022
vn 0.0165334195 0.569334865 -0.821939468
vn -0.619306624 -0.0232303329 -0.784805536
vn -0.954411149 0.257226318 -0.151439548
vn -0.340357125 0.612357676 -0.713565052
vn 0.0165334623 0.996487975 0.0820883512
vn -0.619081736 -0.0102274772 0.785259962
vn -0.519827068 0.433250695 0.73625654
vn -0.954411626 0.259731829 0.147098526
vn -0.619193435 0.668071926 -0.412649274
vn -0.340200543 0.924192846 0.173583508
vn -0.619081259 0.69143492 0.372365624
vn 0.0165336318 -0.944539785 0.327980608
vn -0.255813241 -0.671117663 -0.695816517
vn 1.69371958E-07 -0.694217443 -0.719765246
vn 0.016533304 0.361886054 -0.932075739
vn -0.619192481 -0.74986726 -0.233023062
vn -0.340200871 -0.851711929 0.398559988
vn 0.0389908329 -0.276016563 0.960361719
vn -0.619306207 -0.205667049 -0.75773406
vn -0.95441097 -0.0720337331 -0.289673805
vn -0.954411089 -0.286863923 -0.0825137645
vn -0.954411387 0.21484606 -0.207220107
vn -0.954411149 -0.214847296 0.20721975
vn -0.340357393 0.429003239 -0.836727619
vn 0.0165332556 0.988144398 -0.152634725
vn -0.619307399 0.553381801 -0.556980193
vn -0.954411268 0.28689906 0.0823893696
vn -0.3403579 0.939128876 -0.0468351245
vn 0.0165336002 0.626258492 0.779440165
vn -0.619082987 -0.57673806 0.533019185
vn -0.519828618 -0.235972717 0.821033001
vn -0.954411387 0.0720342994 0.289672315
vn -0.619192302 0.759161711 0.200684652
vn -0.340200543 0.51012218 0.789961398
vn -0.619082332 0.205717698 0.757903218
vn 0.0165341366 -0.708430052 0.705587387
vn -0.255813003 -0.90668577 -0.33538124
vn 1.34377217E-07 -0.937893569 -0.346923172
vn 0.0165334381 -0.0787376761 -0.996758282
vn -0.619191468 -0.776669443 0.115699828
vn -0.340200067 -0.594164908 0.728856564
vn 0.0389917195 0.168374166 0.984951675
vn -0.619306684 -0.514291406 -0.593265235
vn -0.954411089 -0.190673009 -0.229658991
vn -0.954411149 -0.294237703 0.0502338782
vn -0.954410851 0.103553608 -0.279958069
vn -0.954411149 -0.103554331 0.279956698
vn -0.340357155 0.0231235642 -0.940011799
vn 0.0165337715 0.823848486 -0.566568851
vn -0.619304895 0.256637603 -0.742023349
vn -0.954411268 0.294216067 -0.0503598899
vn -0.340356737 0.825635612 -0.449981362
vn 0.0165337492 0.902586937 0.430189878
vn -0.619080961 -0.28808111 0.730580568
vn -0.519826949 0.143948376 0.842056215
vn -0.954411268 0.190672517 0.229658753
vn -0.61919266 0.770998418 -0.148868531
vn -0.340200514 0.802539229 0.490096182
vn -0.619083166 0.514409006 0.593396485
vn 0.589660883 -0.751308858 0.296370029
vn 0.549354911 -0.60102886 0.580494106
vn 0.545446992 -0.778862178 0.309614748
vn 0.54383707 -0.839176595 -0.00490410114
vn 0.593054414 -0.581233323 0.5571841
vn 0.553326428 -0.328608572 0.765405953
vn 0.588231862 -0.808677852 -0.0048387954
vn 0.589503586 -0.747946084 -0.305060834
vn 0.545421362 -0.775339484 -0.318377525
vn 0.999969125 -0.00582206994 -0.00527426414
vn 0.59274888 -0.575660646 -0.563261509
vn 0.549300194 -0.595211387 -0.586508989
vn 0.99998045 -0.00540727191 -0.00313583668
vn 0.999986053 -1.85477911E-05 -0.00528187118
vn 0.999957919 -0.00536380243 -0.00745069049
vn 0.596074998 -0.312725186 -0.739525259
vn 0.553207278 -0.322473437 -0.768096745
vn 0.55483681 0.00229143887 -0.831955969
vn 0.999948502 -0.00411992334 -0.00927661452
vn 0.999942541 -0.00221862085 -0.0104949633
vn 0.597472608 0.00220554462 -0.80188632
vn 0.596068025 0.316803902 -0.73779285
vn 0.553200006 0.32670185 -0.766312957
vn 0.999940157 2.43390855E-06 -0.0109391659
vn 0.999990582 -0.00415175315 -0.00129118247
vn 0.99994266 0.00222014706 -0.0104834316
vn 0.999997377 -0.00228593452 -3.73586445E-05
vn 0.99994874 0.00411183899 -0.00925618783
vn 0.592741668 0.578751802 -0.560092628
vn 0.549293518 0.598423779 -0.583237231
vn 0.589515984 0.749589562 -0.30097577
vn 0.54543823 0.777058303 -0.31412974
vn 0.596521676 -0.31862241 0.736642122
vn 0.999958158 0.00534512522 -0.00742338179
vn 0.588239908 0.808686316 -0.000406851759
vn 0.54384762 0.839183986 -0.000286646624
vn 1 -3.48891808E-05 0.000392226502
vn 0.597997844 -0.00223666709 0.801494539
vn 0.555002391 -0.00232002814 0.831845403
vn 0.999997616 0.00222109095 -2.60036177E-05
vn 0.596534193 0.314509928 0.7383973
vn 0.553338647 0.324343354 0.767214179
vn 0.549373806 0.597787917 0.58381331
vn 0.99999094 0.00407381635 -0.0012486364
vn 0.593074679 0.578112364 0.560400367
vn 0.54544872 0.777137578 0.313915342
vn 0.589668274 0.749653518 0.300517708
vn 0.999980927 0.00534124393 -0.00312099233
vn 0.999969363 0.00579243666 -0.00527799083
vn -0.54935503 -0.6010288 0.580494165
vn -0.589661002 -0.751308858 0.296369851
vn -0.545446932 -0.778862238 0.309614509
vn -0.543836832 -0.839176595 -0.00490430929
vn -0.59305501 -0.581233323 0.557183743
vn -0.55332607 -0.3286089 0.765406072
vn -0.588231742 -0.808677971 -0.00483887456
vn -0.589503109 -0.747946501 -0.305061042
vn -0.545420706 -0.775339901 -0.318377614
vn -0.999969125 -0.00582225109 -0.00527456542
vn -0.592748284 -0.575660288 -0.563262463
vn -0.549299061 -0.595212281 -0.58650893
vn -0.99998045 -0.00540744374 -0.00313615007
vn -0.999986053 -1.87214137E-05 -0.00528217293
vn -0.999957919 -0.00536398729 -0.00745099876
vn -0.596075773 -0.312724411 -0.73952502
vn -0.553208232 -0.322473079 -0.768096268
vn -0.55483669 0.0022918263 -0.831956148
vn -0.999948502 -0.0041200798 -0.00927690323
vn -0.999942541 -0.00221880106 -0.0104952753
vn -0.597472548 0.00220461818 -0.80188638
vn -0.596067369 0.316803783 -0.737793386
vn -0.553198874 0.326702207 -0.766313732
vn -0.999940157 2.26160068E-06 -0.0109394817
vn -0.999990582 -0.00415192265 -0.00129149959
vn -0.99994266 0.00221996778 -0.0104837148
vn -0.999997377 -0.00228611613 -3.76576645E-05
vn -0.99994874 0.00411167135 -0.00925649889
vn -0.592741728 0.578751981 -0.560092449
vn -0.549293399 0.59842366 -0.58323735
vn -0.589516044 0.749589443 -0.300975978
vn -0.54543829 0.777058125 -0.314130098
vn -0.596521437 -0.318621993 0.736642599
vn -0.999958158 0.00534495153 -0.007423684
vn -0.588240087 0.808686197 -0.000406746316
vn -0.54384768 0.839183867 -0.000287051022
vn -1 -3.50641167E-05 0.000391948997
vn -0.597998738 -0.00223675952 0.801493943
vn -0.555003881 -0.00232037972 0.831844509
vn -0.999997616 0.00222090934 -2.63244383E-05
vn -0.596534193 0.314509839 0.7383973
vn -0.553338885 0.324343741 0.767213941
vn -0.549373984 0.597787738 0.58381331
vn -0.99999094 0.00407364918 -0.00124892208
vn -0.59307456 0.578112602 0.560400188
vn -0.545449138 0.777137458 0.313915223
vn -0.589668453 0.749653339 0.300517768
vn -0.999980927 0.00534106279 -0.00312129897
vn -0.999969363 0.00579226343 -0.00527829304
vn -0.999996781 0.000998761272 0.0023608068
vn -0.999987006 0.00364330853 0.00355924945
vn -0.999978423 0.0025619932 0.00605578627
vn -0.999998093 0.00142054562 0.00138773059
vn -0.999996185 -8.38182041E-06 0.0027586217
vn -0.999996066 0.0026123831 0.00105958467
vn -0.999974966 -2.03816762E-05 0.00707482453
vn -0.999999404 0.00101903256 0.000413249945
vn -0.999996781 -0.001007132 0.00234395335
vn -1 4.20333381E-05 5.71853093E-07
vn -0.999978662 -0.00258220965 0.00601027301
vn -1 1.63419409E-05 5.01023237E-07
vn -0.999998093 -0.00141211262 0.00136416766
vn -0.999996305 -0.00254926248 0.00101760228
vn -0.999987364 -0.00362133258 0.00349874725
vn -0.999999404 -0.000994532485 0.000396879099
vn -0.999999523 -0.000979334582 0.000390788919
vn -0.999987364 -0.00362138986 0.00349880313
vn -0.999996424 -0.00251146476 0.0010024535
vn -0.999998093 -0.00141215033 0.00136420433
vn -1 1.60726104E-05 -1.06679366E-07
vn -0.999978662 -0.00258270721 0.00601127651
vn -1 4.13582566E-05 0
vn -0.999996781 -0.00100713351 0.00234389701
vn -0.999999404 0.00101924187 0.000413322647
vn -0.999974966 -1.96706678E-05 0.00707548158
vn -0.999996066 0.00261411211 0.00106025429
vn -0.999996185 -7.7235818E-06 0.00275887339
vn -0.999998093 0.00142049673 0.00138768973
vn -0.999978662 0.00254525547 0.00601633312
vn -0.999987006 0.00364308269 0.00355904736
vn -0.999996781 0.000992426067 0.00234587491
vn -0.999998093 -0.00112157722 0.00162975688
vn -0.999998093 -0.000572834688 0.00190761848
vn -0.999996781 -0.00078627211 0.0024330595
vn -0.999998808 -0.000811605481 0.00131303631
vn -0.999997735 4.54299516E-06 0.00214851764
vn -0.999999404 -0.000808693643 0.000815382868
vn -0.999996185 3.02564786E-06 0.00275938213
vn -0.999999642 -0.000579260639 0.000718503259
vn -0.999998093 0.000589577656 0.0019067229
vn -0.999999881 1.45390222E-05 0.000467311009
vn -0.999996781 0.000802320661 0.00243803463
vn -0.999999881 1.61375992E-05 0.000467315491
vn -0.999998808 0.000842911366 0.00131937733
vn -0.999999285 0.00084342761 0.000818351866
vn -0.999997973 0.00115478493 0.00164132088
vn -0.999999523 0.000615249563 0.000720510492
vn -0.999999523 0.000613044191 0.000721492979
vn -0.999997973 0.00115703046 0.00163909351
vn -0.999999285 0.000842320675 0.000819742738
vn -0.999998808 0.00084568403 0.00131743564
vn -0.999999881 1.54239497E-05 0.000467317353
vn -0.999996781 0.000802754308 0.00243214471
vn -0.999999881 1.45395989E-05 0.000467314909
vn -0.999998093 0.000590788957 0.00190194696
vn -0.999999642 -0.000583425339 0.000720018812
vn -0.999996305 5.52810752E-06 0.0027482654
vn -0.999999404 -0.00081383466 0.000817243825
vn -0.999997735 7.37573646E-06 0.00213932642
vn -0.999998808 -0.000818355998 0.00131760037
vn -0.999996781 -0.000786369783 0.00243251817
vn -0.999998093 -0.0011307887 0.00163657882
vn -0.999998093 -0.0005720763 0.00190572266
vn 0.54384762 0.839183986 -0.000286630937
vn 0.589516222 0.749589503 -0.300975353
vn 0.54543823 0.777058303 -0.314129829
vn 0.588239908 0.808686316 -0.000406879029
vn 0.54544884 0.777137458 0.313915521
vn 0.592741311 0.578751743 -0.560092866
vn 0.549292743 0.598424017 -0.583237708
vn 0.589668512 0.749653339 0.300517708
vn 0.549372971 0.597788095 0.583813906
vn 0.596066535 0.316802919 -0.73779434
vn 0.553199053 0.326702207 -0.766313672
vn 0.593073964 0.578112304 0.560401261
vn 0.553338706 0.32434383 0.76721406
vn 0.597472489 0.00220465031 -0.80188638
vn 0.554838061 0.00229244679 -0.831955254
vn 0.596533477 0.314509422 0.738398075
vn 0.555003583 -0.00232029078 0.831844687
vn 0.596076667 -0.312724233 -0.739524364
vn 0.553209484 -0.322472155 -0.768095672
vn 0.597997844 -0.00223668036 0.801494539
vn 0.553325951 -0.328608364 0.76540637
vn 0.592749417 -0.57565999 -0.563261688
vn 0.549300969 -0.595211148 -0.586508274
vn 0.596521139 -0.318621844 0.736642778
vn 0.549355865 -0.601028025 0.580494225
vn 0.589503407 -0.747946262 -0.305060863
vn 0.545421422 -0.775339603 -0.318377107
vn 0.593055487 -0.581233263 0.557183146
vn 0.545447946 -0.778861463 0.309614927
vn 0.588231802 -0.808677852 -0.00483893463
vn 0.54383707 -0.839176595 -0.00490392279
vn 0.589661598 -0.751308441 0.296369374
vn 0.999948502 -0.00412043044 -0.00927713793
vn 0.999957919 -0.00536450231 -0.00745098386
vn 0.999986053 -1.8546245E-05 -0.00528187118
vn 0.999942541 -0.00221890514 -0.0104955947
vn 0.999969125 -0.00582281407 -0.00527426554
vn 0.999940157 2.4100832E-06 -0.0109399408
vn 0.99998045 -0.00540796574 -0.00313556055
vn 0.999942541 0.00222045276 -0.010484104
vn 0.999990582 -0.00415227329 -0.00129068701
vn 0.99994874 0.0041123773 -0.00925666746
vn 0.999997377 -0.00228622579 -3.67020366E-05
vn 0.999958158 0.00534581905 -0.00742365094
vn 1 -3.48947397E-05 0.000392998685
vn 0.999969363 0.00579319196 -0.00527799316
vn 0.999997616 0.00222138152 -2.53235721E-05
vn 0.999980927 0.00534193125 -0.00312072202
vn 0.99999094 0.00407433882 -0.00124812918
vn 0.999909997 0.0131776286 0.00252754288
vn 0.999995589 0.00214465288 -0.0020627242
vn 0.999992371 0.0015428703 -0.00358094764
vn 0.999911904 0.0107852537 0.00774305733
vn 0.999998689 0.00152015442 -0.000599507708
vn 0.999910355 0.0130883344 -0.00283020153
vn 0.999991179 1.06352281E-05 -0.0042167455
vn 0.999914289 0.00609743176 0.0115897115
vn 1 -2.65590425E-05 8.06997105E-06
vn 0.999911666 0.0111921038 -0.00716859987
vn 0.999992371 -0.00153220363 -0.00360548589
vn 0.999915361 -5.13492414E-05 0.0130124828
vn 0.999998569 -0.00155974214 -0.000626524794
vn 0.999912858 0.00794977695 -0.0105461422
vn 0.99999547 -0.00217793882 -0.00211335113
vn 0.999914169 -0.00618678192 0.0115457447
vn 0.99999547 -0.00217353483 -0.00211549993
vn 0.999914885 0.00411776826 -0.0123785101
vn 0.999998569 -0.00155848102 -0.000619843428
vn 0.999911785 -0.0108532738 0.00765925273
vn 0.999992371 -0.00152673095 -0.00360452337
vn 0.999915361 1.67167946E-05 -0.0130121978
vn 1 -2.27563287E-05 9.22169875E-06
vn 0.999909997 -0.013194493 0.00244655902
vn 0.999991298 1.28764632E-05 -0.00419013901
vn 0.999914885 -0.00407466339 -0.0123973647
vn 0.999998689 0.00152106141 -0.000597383827
vn 0.999909997 -0.0131172482 -0.00283350074
vn 0.99999249 0.00154260208 -0.00358018908
vn 0.999913454 -0.00791996904 -0.0105119599
vn 0.99999547 0.00216334686 -0.00207904913
vn 0.999911427 -0.0111255869 -0.00730861677
vn 0.999933839 0.00180139882 -0.011364664
vn 0.99993372 -0.00176879484 -0.0113802999
vn 0.999966145 -1.35946345E-06 -0.00823821221
vn 0.999965787 0.00231099897 -0.00794780627
vn 0.999932766 0.00189533888 -0.0114367446
vn 0.999932885 0.00536289113 -0.0102766082
vn 0.999965668 -0.00230835238 -0.00796600338
vn 0.999932766 -0.00186050555 -0.0114444941
vn 0.999932408 -0.00534895808 -0.0103232125
vn 0.999936819 -2.4917515E-06 -0.0112382378
vn 0.99993372 0.00549443951 -0.0101215094
vn 0.999964714 0.0045679519 -0.00704920152
vn 0.999936938 0.00361464638 -0.0106302593
vn 0.163619384 0.200301692 -0.965975106
vn 0.999931216 0.00852851011 -0.00806067139
vn 0.999933004 -0.00549265463 -0.0101898387
vn 0.999936819 -0.00360121555 -0.0106474711
vn 0.16400753 -0.195218235 -0.966949522
vn 0.287663132 0.000979491277 -0.957731128
vn 0.999964833 -0.00460212259 -0.00700672064
vn -0.0772573724 0.0026591185 -0.997007668
vn -0.0758706927 0.393588811 -0.916150331
vn -0.0764174536 -0.38799867 -0.918486536
vn 0.287732184 -0.374198824 -0.881581187
vn 0.164760873 -0.556585073 -0.814289212
vn -0.0750365481 -0.712789357 -0.697352648
vn 0.287679374 0.378030747 -0.879962087
vn 0.165992633 0.560747206 -0.811177492
vn -0.0801785663 0.714067161 -0.69547081
vn 0.999937296 -0.00685249874 -0.00885811169
vn 0.28792268 -0.68565762 -0.66856122
vn 0.165776968 -0.825575888 -0.539390862
vn -0.0737467855 -0.923947513 -0.375343144
vn 0.999937892 0.00675144093 -0.00887652021
vn 0.288620502 0.68085891 -0.673148811
vn 0.156263858 0.829756796 -0.535803378
vn -0.0729096681 0.928358018 -0.364466012
vn 0.999931574 0.00869964808 -0.00782886799
vn 0.999965191 0.00664789835 -0.00504652737
vn 0.999938965 0.00943224411 -0.00575091364
vn 0.288019389 0.896028996 -0.337900609
vn 0.177111134 0.966756403 -0.184428588
vn -0.0664574727 0.997789025 -0.000676026975
vn 0.999932408 0.0106966747 -0.00456285756
vn 0.999938726 0.0102617005 -0.00415878929
vn 0.999966025 0.00782255642 -0.00259827287
vn 0.999939919 0.0107148746 -0.00231207721
vn 0.287272781 0.957811415 -0.00847007707
vn 0.166435122 0.967705667 0.189328194
vn -0.0735623091 0.924015999 0.375210732
vn 0.999934673 0.0114328293 -0.000307015725
vn 0.999938488 0.0110927718 -5.13141567E-05
vn 0.999968529 0.00790346134 0.000666101638
vn 0.999943733 0.010418456 0.00199922523
vn 0.28837356 0.887898624 0.358436435
vn 0.1661181 0.825843275 0.538876176
vn -0.0745397955 0.712921917 0.697270513
vn 0.999939203 0.0102172326 0.00416311808
vn 0.999941707 0.00991501939 0.00428863708
vn 0.999971747 0.00648140721 0.00382805592
vn 0.999946713 0.00839544367 0.00601473264
vn 0.288481057 0.686022818 0.667945623
vn 0.165414378 0.556840062 0.813982308
vn -0.0756844729 0.388138384 0.918488145
vn 0.999943733 0.00709765451 0.00789104495
vn 0.999944329 0.00692001358 0.00796708837
vn 0.999974132 0.00369261205 0.00617316784
vn 0.99994874 0.00472610397 0.00895165093
vn 0.288555264 0.374497771 0.881185174
vn 0.164819419 0.19536756 0.966781318
vn -0.0762545466 -0.00273941574 0.997084558
vn 0.999946475 0.00255267695 0.0100298049
vn 0.99994576 0.00249141967 0.0101134824
vn 0.999975085 -2.11350743E-05 0.00706294598
vn 0.999949574 -2.66326151E-05 0.0100498581
vn 0.288628727 -0.00123568834 0.957440257
vn 0.164698496 -0.200447217 0.965761602
vn -0.0759299695 -0.393190414 0.916316509
vn 0.999946356 -0.00263248361 0.0100225573
vn 0.999945641 -0.00258143642 0.0101069789
vn 0.999974012 -0.00373759726 0.00617308309
vn 0.999948621 -0.00478155958 0.00894457754
vn 0.288573474 -0.376874089 0.880165458
vn 0.165131539 -0.561145723 0.811077833
vn -0.0748939216 -0.716758728 0.69328773
vn 0.999943256 -0.00717705674 0.00786935911
vn 0.999943852 -0.00701019773 0.0079464959
vn 0.99997139 -0.00654349243 0.00380992773
vn 0.999946356 -0.0084587913 0.00599053688
vn 0.288491786 -0.688000798 0.665903389
vn 0.165821746 -0.828698277 0.534567297
vn -0.0738174841 -0.926083028 0.370028704
vn 0.999938607 -0.0102975173 0.00410122983
vn 0.999941111 -0.00999869499 0.004234917
vn 0.99996829 -0.0079387743 0.000644715154
vn 0.999943376 -0.0104543148 0.00197532936
vn 0.288361043 -0.889059782 0.355556667
vn 0.166311383 -0.968715549 0.18420276
vn -0.0733477622 -0.997302294 -0.00288149039
vn 0.999934316 -0.0114613418 -0.000338266807
vn 0.99993813 -0.0111254388 -8.60025466E-05
vn 0.999965906 -0.00786446966 -0.00253137341
vn 0.999940634 -0.010670349 -0.00222033821
vn 0.288193643 -0.957569778 -0.00214609201
vn 0.166352034 -0.967595935 -0.189960673
vn 0.999931574 -0.0107432371 -0.00462939031
vn 0.999935508 -0.0105239423 -0.00426805485
vn 0.288155913 -0.887605131 -0.359337151
vn 0.999938488 -0.00934283528 -0.0059857606
vn 0.999964714 -0.00660188682 -0.00520393951
vn 0.999933839 -0.00850075856 -0.00775882322
vn 0.999931097 -0.00849796645 -0.00809411146
vn 0.999987006 0.00364347524 0.00355954422
vn 0.999996781 0.000998936361 0.00236111018
vn 0.999978423 0.00256216875 0.00605608989
vn 0.999998093 0.00142071943 0.00138803176
vn 0.999996185 -8.20697642E-06 0.00275892415
vn 0.999996066 0.00261255773 0.00105988665
vn 0.999974966 -2.02068368E-05 0.00707512628
vn 0.999999404 0.00101920741 0.000413551898
vn 0.999996781 -0.00100695633 0.00234425347
vn 1 4.22081757E-05 8.73844328E-07
vn 0.999978662 -0.00258203386 0.00601057196
vn 1 1.65168076E-05 8.03014871E-07
vn 0.999998093 -0.00141193892 0.00136446871
vn 0.999996305 -0.0025490874 0.00101790251
vn 0.999987364 -0.00362116937 0.00349905342
vn 0.999999404 -0.000994357746 0.000397180702
vn 0.999999523 -0.000979159959 0.000391090405
vn 0.999987364 -0.00362121849 0.00349910278
vn 0.999996424 -0.00251128944 0.00100275385
vn 0.999998093 -0.00141197559 0.0013645041
vn 1 1.62474262E-05 1.95312339E-07
vn 0.999978662 -0.00258253212 0.00601157779
vn 1 4.15330833E-05 2.64654517E-07
vn 0.999996781 -0.00100695889 0.00234419969
vn 0.999999404 0.00101941661 0.000413624541
vn 0.999974966 -1.95047105E-05 0.00707580056
vn 0.999996066 0.00261428906 0.00106055732
vn 0.999996185 -7.55218343E-06 0.00275917561
vn 0.999998093 0.00142067124 0.00138799427
vn 0.999978662 0.00254543824 0.00601663347
vn 0.999987006 0.00364325126 0.0035593505
vn 0.999996781 0.000992603367 0.00234617572
vn 0.999998093 -0.000572655816 0.00190792046
vn 0.999998093 -0.00112140493 0.00163005688
vn 0.999996781 -0.00078609254 0.00243336265
vn 0.999998808 -0.000811431557 0.00131333584
vn 0.999997735 4.71784051E-06 0.00214882009
vn 0.999999404 -0.000808518496 0.000815684733
vn 0.999996185 3.20049253E-06 0.00275968411
vn 0.999999642 -0.000579085783 0.000718805182
vn 0.999998093 0.000589756004 0.00190702337
vn 0.999999881 1.47138817E-05 0.000467612088
vn 0.999996781 0.000802501047 0.00243833754
vn 0.999999881 1.63124023E-05 0.000467616483
vn 0.999998808 0.00084308791 0.00131967722
vn 0.999999285 0.000843603164 0.000818654138
vn 0.999997973 0.00115496118 0.00164161983
vn 0.999999523 0.000615424477 0.00072081259
vn 0.999999523 0.000613219454 0.000721795252
vn 0.999997973 0.00115720415 0.00163939409
vn 0.999999285 0.000842495181 0.000820044719
vn 0.999998808 0.000845858012 0.00131773669
vn 0.999999881 1.55991511E-05 0.000467619364
vn 0.999996781 0.000802928349 0.00243244483
vn 0.999999881 1.47148912E-05 0.00046761689
vn 0.999998093 0.000590963929 0.00190224918
vn 0.999999642 -0.000583250425 0.000720320677
vn 0.999996305 5.70843076E-06 0.00274856715
vn 0.999999404 -0.000813660852 0.00081754633
vn 0.999997735 7.55484234E-06 0.00213963049
vn 0.999998808 -0.00081817928 0.00131790421
vn 0.999996781 -0.000786190445 0.00243282202
vn 0.999998093 -0.00113061233 0.00163688406
vn 0.999998093 -0.000571897894 0.00190602569
vn -0.54384774 0.839183807 -0.000287368312
vn -0.589516222 0.749589384 -0.300975949
vn -0.588240147 0.808686197 -0.0004062691
vn -0.54543823 0.777058303 -0.31412977
vn -0.545449018 0.777137518 0.313915014
vn -0.592742801 0.578751087 -0.560092032
vn -0.549294293 0.598422766 -0.58323741
vn -0.589668393 0.749653339 0.300518006
vn -0.549374878 0.597786963 0.58381331
vn -0.596067488 0.316803753 -0.737793326
vn -0.553198814 0.326701283 -0.766314149
vn -0.593075633 0.578112543 0.560399055
vn -0.553336799 0.324343652 0.76721555
vn -0.597471535 0.00220464775 -0.801887095
vn -0.554835439 0.00229127845 -0.831956983
vn -0.596533 0.314510673 0.738397837
vn -0.555001438 -0.00231931685 0.831846118
vn -0.596074939 -0.31272462 -0.739525497
vn -0.553207099 -0.322473049 -0.768097103
vn -0.597997546 -0.00223683007 0.801494777
vn -0.553326011 -0.328608513 0.765406191
vn -0.592748821 -0.57566005 -0.563262284
vn -0.549299121 -0.595211804 -0.586509526
vn -0.596522212 -0.318623006 0.736641407
vn -0.549355865 -0.601028621 0.580493629
vn -0.589503646 -0.747946024 -0.305060923
vn -0.545421124 -0.775339484 -0.318377763
vn -0.593055069 -0.581233799 0.557183087
vn -0.545446992 -0.778862298 0.30961448
vn -0.588231683 -0.808677971 -0.00483926944
vn -0.543836951 -0.839176595 -0.00490397401
vn -0.589660764 -0.751308858 0.29637
vn -0.999948502 -0.00412061671 -0.00927740335
vn -0.999957919 -0.00536467461 -0.00745128654
vn -0.999986053 -1.8722274E-05 -0.00528217386
vn -0.999942422 -0.00221910654 -0.0104959635
vn -0.999969125 -0.00582300266 -0.00527457008
vn -0.999940157 2.26354473E-06 -0.0109402137
vn -0.99998045 -0.00540814316 -0.00313585903
vn -0.999942541 0.00222027674 -0.0104843983
vn -0.999990582 -0.0041524875 -0.00129092974
vn -0.99994874 0.00411219848 -0.00925699901
vn -0.999997377 -0.00228637853 -3.70460111E-05
vn -0.999958158 0.00534563977 -0.00742396805
vn -1 -3.50696573E-05 0.000392702525
vn -0.999969363 0.0057930192 -0.00527830375
vn -0.999997616 0.00222120341 -2.56373041E-05
vn -0.999980927 0.00534178596 -0.00312099466
vn -0.99999094 0.00407416234 -0.00124842615
vn -0.999995589 0.00214447407 -0.00206302921
vn -0.999909997 0.0131774601 0.00252724974
vn -0.999992371 0.00154270115 -0.0035812417
vn -0.999911904 0.0107850684 0.00774274254
vn -0.999998689 0.00151998072 -0.000599810155
vn -0.999910355 0.0130881546 -0.00283050351
vn -0.999991179 1.04603805E-05 -0.00421704678
vn -0.999914289 0.00609725295 0.011589393
vn -1 -2.67339165E-05 7.7679606E-06
vn -0.999911666 0.0111919148 -0.0071688965
vn -0.999992371 -0.00153237057 -0.00360579113
vn -0.999915361 -5.15160318E-05 0.0130122025
vn -0.999998569 -0.0015599156 -0.000626827648
vn -0.999912858 0.00794961769 -0.010546444
vn -0.99999547 -0.00217811344 -0.00211365288
vn -0.999914169 -0.00618696259 0.0115454309
vn -0.99999547 -0.00217370782 -0.00211580028
vn -0.999914885 0.00411758106 -0.0123788062
vn -0.999998569 -0.00155865611 -0.000620145584
vn -0.999911785 -0.0108534526 0.00765894866
vn -0.999992371 -0.00152690592 -0.00360482582
vn -0.999915361 1.65499587E-05 -0.0130124893
vn -1 -2.29312063E-05 8.91968557E-06
vn -0.999909997 -0.0131946718 0.00244625495
vn -0.999991298 1.27016165E-05 -0.00419044029
vn -0.999914885 -0.00407483615 -0.0123976609
vn -0.999998689 0.00152088702 -0.000597684761
vn -0.999909997 -0.0131174112 -0.00283380318
vn -0.999992371 0.00154242897 -0.00358049502
vn -0.999913454 -0.00792013481 -0.0105122579
vn -0.99999547 0.00216317875 -0.00207935111
vn -0.999911427 -0.0111257583 -0.00730891805
vn -0.999933839 0.00180122361 -0.0113649638
vn -0.99993372 -0.00176897028 -0.0113806035
vn -0.999966145 -1.52004327E-06 -0.00823852327
vn -0.999965787 0.00231081294 -0.00794811547
vn -0.999932766 0.00189516635 -0.0114370519
vn -0.999932885 0.00536272768 -0.0102769146
vn -0.999965668 -0.00230852771 -0.00796630699
vn -0.999932766 -0.0018606683 -0.0114448341
vn -0.999932408 -0.00534914481 -0.0103235189
vn -0.999936819 -2.64825576E-06 -0.0112385126
vn -0.99993372 0.00549427466 -0.0101218671
vn -0.999964714 0.00456778845 -0.00704949535
vn -0.999936938 0.00361444289 -0.0106305359
vn -0.163620591 0.200300947 -0.965975106
vn -0.999931216 0.00852834154 -0.00806097407
vn -0.999936819 -0.00360139087 -0.0106477765
vn -0.999933004 -0.00549286092 -0.0101901591
vn -0.164005503 -0.19521825 -0.966949821
vn -0.287663937 0.000979479402 -0.957730889
vn -0.999964833 -0.00460229861 -0.00700702192
vn 0.077259846 0.00265862909 -0.99700743
vn 0.0758705586 0.393588692 -0.916150451
vn 0.0764202401 -0.3879987 -0.918486178
vn -0.287730306 -0.374198943 -0.881581724
vn -0.164759174 -0.556585312 -0.814289391
vn 0.0750387311 -0.712789357 -0.697352469
vn -0.287681311 0.378031462 -0.879961133
vn -0.165992364 0.560747325 -0.811177492
vn 0.0801779479 0.714066923 -0.695471048
vn -0.999937296 -0.00685264682 -0.00885837991
vn -0.287923008 -0.685657322 -0.668561399
vn -0.165775657 -0.825576067 -0.5393911
vn 0.0737480521 -0.923947513 -0.375342816
vn -0.999937892 0.00675125467 -0.00887680799
vn -0.288620263 0.680858314 -0.673149586
vn -0.156264111 0.829757035 -0.53580302
vn 0.0729093105 0.928358018 -0.364466101
vn -0.999931574 0.00869949535 -0.00782916974
vn -0.999965191 0.00664771767 -0.00504683936
vn -0.999938965 0.009432083 -0.0057512112
vn -0.288020283 0.896028757 -0.33790046
vn -0.177111626 0.966756165 -0.184428707
vn 0.0664573833 0.997789025 -0.000676205324
vn -0.999932408 0.0106964903 -0.0045631621
vn -0.999938726 0.0102615282 -0.00415908545
vn -0.999966025 0.00782239065 -0.00259857508
vn -0.999939919 0.0107147191 -0.00231238012
vn -0.287272841 0.957811415 -0.00847004447
vn -0.166434929 0.967705667 0.189328194
vn 0.0735628009 0.924016118 0.375210404
vn -0.999934673 0.0114326868 -0.000307315
vn -0.999938488 0.0110926107 -5.16112923E-05
vn -0.999968529 0.00790329184 0.000665799365
vn -0.999943733 0.0104182642 0.00199891091
vn -0.288374066 0.887898445 0.358436495
vn -0.166117787 0.825843275 0.538876295
vn 0.0745384395 0.712921858 0.697270632
vn -0.999939203 0.0102170501 0.00416282099
vn -0.999941707 0.0099148592 0.0042883358
vn -0.999971747 0.00648124376 0.00382775883
vn -0.999946713 0.00839527231 0.00601443741
vn -0.288480699 0.68602246 0.6679461
vn -0.165414497 0.556840062 0.813982248
vn 0.0756825805 0.388138711 0.918488145
vn -0.999943733 0.00709747663 0.00789073948
vn -0.999944329 0.00691983663 0.00796681829
vn -0.999974132 0.00369242579 0.00617286656
vn -0.99994874 0.00472590793 0.00895133987
vn -0.288557172 0.374498636 0.881184161
vn -0.164822057 0.195367366 0.966780901
vn 0.0762525126 -0.00273983344 0.997084796
vn -0.999946475 0.00255251373 0.0100295031
vn -0.99994576 0.00249124202 0.0101131573
vn -0.999975085 -2.12978321E-05 0.00706264377
vn -0.999949574 -2.68061976E-05 0.0100495731
vn -0.288631082 -0.00123702455 0.957439601
vn -0.164700657 -0.200447157 0.965761125
vn 0.0759281367 -0.393190056 0.916316867
vn -0.999946356 -0.0026326701 0.0100222602
vn -0.999945641 -0.00258161081 0.0101066781
vn -0.999974012 -0.00373776979 0.00617277902
vn -0.999948621 -0.00478171278 0.00894425996
vn -0.288575232 -0.376872867 0.880165458
vn -0.165131807 -0.561145604 0.811077833
vn 0.0748929828 -0.716759145 0.693287373
vn -0.999943256 -0.00717722951 0.00786905456
vn -0.999943852 -0.00701036444 0.00794620439
vn -0.99997139 -0.00654366799 0.00380962854
vn -0.999946356 -0.00845897477 0.00599024957
vn -0.28849107 -0.688001752 0.665902674
vn -0.165820956 -0.828698456 0.534567356
vn 0.0738175288 -0.926083028 0.370028645
vn -0.999938607 -0.0102976961 0.00410093321
vn -0.999941111 -0.0099988915 0.00423462689
vn -0.99996829 -0.0079389615 0.000644417421
vn -0.999943376 -0.0104544796 0.00197501224
vn -0.288361251 -0.889059782 0.355556786
vn -0.166311562 -0.968715489 0.184202805
vn 0.0733480081 -0.997302175 -0.00288129039
vn -0.999934316 -0.0114615215 -0.000338568207
vn -0.99993813 -0.0111256139 -8.63036039E-05
vn -0.999965906 -0.00786464196 -0.00253167981
vn -0.999940634 -0.0106705315 -0.00222064368
vn -0.288193345 -0.957569897 -0.00214616815
vn -0.166351989 -0.967595935 -0.189960808
vn -0.999931574 -0.0107434103 -0.00462969486
vn -0.999935508 -0.0105241258 -0.00426834309
vn -0.288155347 -0.887605309 -0.35933733
vn -0.999938488 -0.00934302714 -0.00598605908
vn -0.999964714 -0.00660207123 -0.00520423427
vn -0.999933839 -0.0085009411 -0.007759145
vn -0.999931097 -0.00849815179 -0.00809442066
vt 0.721846879 0.937957585
vt 0.722827137 0.938958108
vt 0.721857548 0.937977731
vt 0.288034528 0.883836448
vt 0.0202576052 0.627755284
vt 0.288034528 0.907626987
vt 0.288034528 0.883836448
vt 0.020221414 0.65336293
vt 0.0202576052 0.627755284
vt 0.288034528 0.861924112
vt 0.020221414 0.65336293
vt 0.288034528 0.883836448
vt 0.288034528 0.861924112
vt 0.0201757997 0.676629484
vt 0.020221414 0.65336293
vt 0.288034528 0.842135012
vt 0.0201757997 0.676629484
vt 0.288034528 0.861924112
vt 0.288034528 0.842135012
vt 0.0201137457 0.702919424
vt 0.0201757997 0.676629484
vt 0.0201137457 0.702919424
vt 0.0199405272 0.724466562
vt 0.0200624671 0.722884536
vt 0.0199268125 0.755134881
vt 0.0200157091 0.767224908
vt 0.0200181678 0.756833613
vt 0.0200157091 0.767224908
vt 0.0198925883 0.77930218
vt 0.0200134292 0.777599216
vt 0.0200042911 0.803574562
vt 0.0199062638 0.828046262
vt 0.020002326 0.826317072
vt 0.0199780874 0.95371896
vt 0.288034528 0.641669214
vt 0.288034528 0.607863367
vt 0.0199790113 0.915803134
vt 0.288034528 0.670034587
vt 0.288034528 0.641669214
vt 0.0198366996 0.882931113
vt 0.288034528 0.686025321
vt 0.288034528 0.670034587
vt 0.019991057 0.857566595
vt 0.288034528 0.703161716
vt 0.288034528 0.686025321
vt 0.288034528 0.737677693
vt 0.288034528 0.713795006
vt 0.0200042911 0.803574562
vt 0.288034528 0.756219029
vt 0.288034528 0.721004069
vt 0.288034528 0.727100611
vt 0.288034528 0.732776344
vt 0.0198925883 0.77930218
vt 0.288034528 0.777593434
vt 0.288034528 0.756219029
vt 0.0193384998 0.739868462
vt 0.288034528 0.800423861
vt 0.288034528 0.777593434
vt 0.0199405272 0.724466562
vt 0.288034528 0.800423861
vt 0.0193384998 0.739868462
vt 0.0201137457 0.702919424
vt 0.288034528 0.821292698
vt 0.0199405272 0.724466562
vt 0.288034528 0.821292698
vt 0.288034528 0.800423861
vt 0.288034528 0.842135012
vt 0.288034528 0.821292698
vt 0.0201137457 0.702919424
vt 0.513822556 0.607863367
vt 0.701591194 0.217338324
vt 0.513822556 0.581760883
vt 0.513822556 0.607863367
vt 0.270718157 0.953721166
vt 0.701591194 0.217338324
vt 0.513822556 0.607863367
vt 0.270719022 0.915804863
vt 0.270718157 0.953721166
vt 0.513822556 0.641669214
vt 0.270910382 0.914256036
vt 0.270874709 0.882932603
vt 0.513822556 0.670034587
vt 0.27072832 0.881240904
vt 0.270731181 0.857568383
vt 0.513822556 0.703161716
vt 0.270834535 0.828047395
vt 0.270744354 0.803575695
vt 0.270742416 0.826318383
vt 0.513822556 0.641669214
vt 0.270719022 0.915804863
vt 0.513822556 0.607863367
vt 0.513822556 0.670034587
vt 0.270874709 0.882932603
vt 0.513822556 0.641669214
vt 0.270731181 0.857568383
vt 0.270834535 0.828047395
vt 0.270865828 0.855857193
vt 0.513822556 0.756219029
vt 0.27086997 0.779302597
vt 0.513822556 0.737677693
vt 0.513822556 0.777593434
vt 0.270854831 0.755135536
vt 0.513822556 0.756219029
vt 0.513822556 0.777593434
vt 0.271456063 0.739870787
vt 0.270854831 0.755135536
vt 0.513822556 0.800423861
vt 0.271456063 0.739870787
vt 0.513822556 0.777593434
vt 0.596880496 0.12009766
vt 0.513822556 0.907626987
vt 0.59543395 0.119520009
vt 0.270573556 0.627780914
vt 0.513822556 0.883836448
vt 0.513822556 0.907626987
vt 0.270607501 0.653384387
vt 0.513822556 0.883836448
vt 0.270573556 0.627780914
vt 0.270607501 0.653384387
vt 0.513822556 0.861924112
vt 0.513822556 0.883836448
vt 0.270650566 0.676644623
vt 0.513822556 0.861924112
vt 0.270607501 0.653384387
vt 0.270650566 0.676644623
vt 0.513822556 0.842135012
vt 0.513822556 0.861924112
vt 0.270709246 0.702927291
vt 0.513822556 0.842135012
vt 0.270650566 0.676644623
vt 0.953488708 0.244617239
vt 0.980040073 0.284023494
vt 0.964800119 0.242108539
vt 0.960070848 0.290082544
vt 0.961233616 0.297323972
vt 0.981915355 0.291095883
vt 0.952012062 0.244807735
vt 0.95911777 0.290129155
vt 0.944639802 0.245257869
vt 0.943649173 0.291106611
vt 0.959791899 0.297544211
vt 0.942753792 0.291147619
vt 0.943109632 0.24517937
vt 0.942344308 0.298502773
vt 0.943810463 0.298529118
vt 0.922356486 0.287698001
vt 0.921075702 0.294653744
vt 0.931450367 0.244209841
vt 0.921350718 0.287489265
vt 0.929977059 0.243961468
vt 0.943115354 0.309751123
vt 0.944558978 0.310546726
vt 0.960479856 0.309569746
vt 0.961809039 0.308599561
vt 0.906199574 0.283290356
vt 0.922932863 0.242034629
vt 0.919810653 0.294359714
vt 0.904938221 0.282940835
vt 0.921651125 0.241651192
vt 0.904465199 0.2903606
vt 0.903196096 0.290015906
vt 0.902141452 0.300067872
vt 0.901364088 0.297658116
vt 0.917703867 0.304023236
vt 0.919704437 0.302301198
vt 0.920983791 0.300647408
vt 0.924014688 0.299393564
vt 0.928311586 0.298592836
vt 0.931904554 0.299948782
vt 0.933740735 0.302918404
vt 0.934049368 0.305742651
vt 0.816945851 0.318533748
vt 0.828769863 0.331264108
vt 0.826993048 0.318533748
vt 0.815170825 0.331264108
vt 0.832755864 0.352956861
vt 0.811190188 0.352956861
vt 0.829921067 0.359283656
vt 0.83312422 0.359121412
vt 0.83111614 0.361435026
vt 0.814030707 0.359282225
vt 0.810830057 0.359123319
vt 0.812841356 0.361435026
vt 0.751299262 0.170940667
vt 0.75797832 0.159783095
vt 0.757023573 0.1592879
vt 0.75251019 0.171603769
vt 0.760229945 0.162679285
vt 0.742887616 0.191771954
vt 0.758641839 0.175081998
vt 0.761727929 0.162733585
vt 0.744134068 0.192006081
vt 0.742230535 0.198535174
vt 0.760060191 0.175365478
vt 0.772693634 0.162614077
vt 0.756597757 0.194612056
vt 0.7558918 0.199705034
vt 0.743470669 0.198388189
vt 0.774637341 0.175197214
vt 0.757332087 0.194741637
vt 0.757055879 0.199941844
vt 0.776075363 0.174898475
vt 0.774207115 0.162542433
vt 0.782156587 0.171335429
vt 0.776409984 0.159625858
vt 0.783357143 0.17066738
vt 0.777356029 0.159124345
vt 0.792197585 0.191405028
vt 0.790973544 0.191644758
vt 0.791797996 0.19818607
vt 0.77934444 0.199261695
vt 0.792991161 0.198236495
vt 0.778535247 0.194324046
vt 0.777773499 0.19446525
vt 0.778167486 0.19960472
vt 0.759560823 0.20023784
vt 0.775679469 0.200007647
vt 0.758194804 0.201628238
vt 0.777049303 0.20133397
vt 0.756512642 0.204429179
vt 0.778686285 0.204095989
vt 0.755635977 0.203863114
vt 0.779542923 0.203514725
vt 0.753202438 0.206012756
vt 0.753257275 0.206551641
vt 0.749258399 0.207227796
vt 0.781948566 0.205688447
vt 0.781900287 0.206231445
vt 0.7858845 0.206906408
vt 0.754848242 0.203404933
vt 0.752605557 0.205377012
vt 0.749081254 0.205572933
vt 0.744829655 0.205633849
vt 0.751296401 0.204391986
vt 0.751558304 0.203361064
vt 0.752034307 0.201799482
vt 0.750285506 0.199766904
vt 0.750152588 0.204662055
vt 0.748728037 0.204956502
vt 0.747718096 0.200276047
vt 0.747598886 0.20367077
vt 0.746949673 0.202781349
vt 0.746958852 0.202877969
vt 0.744205475 0.201850384
vt 0.745418668 0.204169482
vt 0.743360996 0.202328295
vt 0.742204428 0.203390211
vt 0.741230965 0.201576859
vt 0.982264638 0.29712376
vt 0.983395219 0.298759431
vt 0.979318976 0.296085984
vt 0.975115776 0.295763344
vt 0.971743941 0.297572225
vt 0.970259666 0.300755054
vt 0.9702636 0.303605169
vt 0.793972135 0.201269597
vt 0.792981029 0.203085393
vt 0.791810274 0.202032477
vt 0.790330768 0.205331057
vt 0.790940881 0.201576322
vt 0.789734721 0.203871816
vt 0.786023498 0.205252975
vt 0.78803575 0.202353269
vt 0.782537222 0.205046326
vt 0.78030622 0.203031093
vt 0.788021564 0.202366978
vt 0.787419677 0.199769586
vt 0.784915209 0.199252218
vt 0.783156157 0.201355726
vt 0.783777952 0.204004258
vt 0.786352158 0.204499871
vt 0.784812093 0.204293281
vt 0.977766275 0.691375315
vt 0.978163004 0.691665888
vt 0.97445941 0.686206758
vt 0.975457907 0.686307073
vt 0.977463245 0.679905176
vt 0.978358269 0.691383183
vt 0.980600834 0.691826642
vt 0.978271484 0.681421638
vt 0.984572411 0.679815471
vt 0.984291315 0.691259861
vt 0.984560728 0.691598654
vt 0.98374176 0.681476474
vt 0.986931562 0.683273792
vt 0.986948013 0.686085582
vt 0.988035917 0.685913205
vt 0.986661673 0.688717127
vt 0.979111433 0.687596738
vt 0.979096174 0.685153008
vt 0.98119235 0.683913589
vt 0.981261969 0.688806057
vt 0.981213808 0.686364233
vt 0.983302355 0.685143888
vt 0.983361006 0.687539816
vt 0.975960016 0.711800516
vt 0.97834754 0.715007484
vt 0.974715471 0.708970249
vt 0.976227045 0.70917964
vt 0.978463888 0.702682674
vt 0.978846073 0.714326382
vt 0.984737873 0.714458287
vt 0.98514533 0.715107024
vt 0.989058256 0.709324419
vt 0.987630367 0.709428251
vt 0.985877275 0.702738881
vt 0.984880209 0.704546154
vt 0.979426622 0.704587042
vt 0.981861115 0.711886644
vt 0.983997345 0.710687876
vt 0.979782343 0.710626125
vt 0.984019756 0.708253026
vt 0.981913567 0.709453285
vt 0.979836702 0.708241463
vt 0.981936932 0.707006872
vt 0.859635293 0.242857501
vt 0.886186659 0.282263756
vt 0.870946705 0.240348801
vt 0.866217434 0.288322806
vt 0.867380202 0.295564234
vt 0.888061941 0.289336145
vt 0.858158648 0.243047997
vt 0.865264356 0.288369417
vt 0.850786388 0.243498132
vt 0.849795759 0.289346874
vt 0.865938485 0.295784473
vt 0.848900378 0.289387882
vt 0.849256217 0.243419632
vt 0.848490894 0.296743035
vt 0.849957049 0.296769381
vt 0.828503072 0.285938263
vt 0.827222288 0.292894006
vt 0.837596953 0.242450103
vt 0.827497303 0.285729527
vt 0.836123645 0.242201731
vt 0.84926194 0.307991385
vt 0.850705564 0.308786988
vt 0.866626441 0.307810009
vt 0.867955625 0.306839824
vt 0.81234616 0.281530619
vt 0.829079449 0.240274891
vt 0.825957239 0.292599976
vt 0.811084807 0.281181097
vt 0.827797711 0.239891455
vt 0.810611784 0.288600862
vt 0.809342682 0.288256168
vt 0.808288038 0.298308134
vt 0.807510674 0.295898378
vt 0.823850453 0.302263498
vt 0.825851023 0.300541461
vt 0.827130377 0.29888767
vt 0.830161273 0.297633827
vt 0.834458172 0.296833098
vt 0.83805114 0.298189044
vt 0.839887321 0.301158667
vt 0.840195954 0.303982913
vt 0.851654947 0.318800747
vt 0.863478959 0.331531107
vt 0.861702144 0.318800747
vt 0.84987992 0.331531107
vt 0.86746496 0.35322386
vt 0.845899284 0.35322386
vt 0.864630163 0.359550655
vt 0.867833316 0.359388411
vt 0.865825236 0.361702025
vt 0.848739803 0.359549224
vt 0.845539153 0.359390318
vt 0.847550452 0.361702025
vt 0.748952925 0.229599074
vt 0.755631983 0.218441501
vt 0.754677236 0.217946306
vt 0.750163853 0.230262175
vt 0.757883608 0.221337691
vt 0.740541279 0.250430346
vt 0.756295502 0.233740404
vt 0.759381592 0.221391991
vt 0.741787732 0.250664473
vt 0.739884198 0.257193565
vt 0.757713854 0.234023884
vt 0.770347297 0.221272483
vt 0.75425142 0.253270447
vt 0.753545463 0.258363426
vt 0.741124332 0.25704658
vt 0.772291005 0.23385562
vt 0.75498575 0.253400028
vt 0.754709542 0.258600235
vt 0.773729026 0.233556882
vt 0.771860778 0.221200839
vt 0.77981025 0.229993835
vt 0.774063647 0.218284264
vt 0.781010807 0.229325786
vt 0.775009692 0.217782751
vt 0.789851248 0.250063419
vt 0.788627207 0.250303149
vt 0.789451659 0.256844461
vt 0.776998103 0.257920086
vt 0.790644825 0.256894886
vt 0.77618891 0.252982438
vt 0.775427163 0.253123641
vt 0.775821149 0.258263111
vt 0.757214487 0.258896232
vt 0.773333132 0.258666039
vt 0.755848467 0.260286629
vt 0.774702966 0.259992361
vt 0.754166305 0.263087571
vt 0.776339948 0.262754381
vt 0.75328964 0.262521505
vt 0.777196586 0.262173116
vt 0.750856102 0.264671147
vt 0.750910938 0.265210032
vt 0.746912062 0.265886188
vt 0.77960223 0.264346838
vt 0.77955395 0.264889836
vt 0.783538163 0.265564799
vt 0.752501905 0.262063324
vt 0.750259221 0.264035404
vt 0.746734917 0.264231324
vt 0.742483318 0.26429224
vt 0.748950064 0.263050377
vt 0.749211967 0.262019455
vt 0.74968797 0.260457873
vt 0.747939169 0.258425295
vt 0.747806251 0.263320446
vt 0.7463817 0.263614893
vt 0.745371759 0.258934438
vt 0.74525255 0.262329161
vt 0.744603336 0.261439741
vt 0.744612515 0.26153636
vt 0.741859138 0.260508776
vt 0.743072331 0.262827873
vt 0.741014659 0.260986686
vt 0.739858091 0.262048602
vt 0.738884628 0.26023525
vt 0.888411224 0.295364022
vt 0.889541805 0.296999693
vt 0.885465562 0.294326246
vt 0.881262362 0.294003606
vt 0.877890527 0.295812488
vt 0.876406252 0.298995316
vt 0.876410186 0.301845431
vt 0.791625798 0.259927988
vt 0.790634692 0.261743784
vt 0.789463937 0.260690868
vt 0.787984431 0.263989449
vt 0.788594544 0.260234714
vt 0.787388384 0.262530208
vt 0.783677161 0.263911366
vt 0.785689414 0.26101166
vt 0.780190885 0.263704717
vt 0.777959883 0.261689484
vt 0.785675228 0.261025369
vt 0.78507334 0.258427978
vt 0.782568872 0.257910609
vt 0.78080982 0.260014117
vt 0.781431615 0.262662649
vt 0.784005821 0.263158262
vt 0.782465756 0.262951672
vt 0.979096234 0.641673505
vt 0.979492724 0.641964078
vt 0.975789368 0.636504948
vt 0.976787865 0.636605263
vt 0.978793204 0.630203366
vt 0.979688227 0.641681373
vt 0.981930792 0.642124832
vt 0.979601204 0.631719828
vt 0.985902369 0.630113661
vt 0.985621274 0.641558051
vt 0.985890448 0.641896844
vt 0.98507148 0.631774664
vt 0.988261282 0.633571982
vt 0.988277972 0.636383772
vt 0.989365637 0.636211395
vt 0.987991631 0.639015317
vt 0.980441391 0.637894928
vt 0.980426133 0.635451198
vt 0.982522309 0.634211779
vt 0.982591689 0.639104247
vt 0.982543766 0.636662424
vt 0.984632313 0.635442078
vt 0.984690964 0.637838006
vt 0.977289975 0.662098706
vt 0.97967726 0.665305674
vt 0.976045191 0.659268439
vt 0.977557003 0.65947783
vt 0.979793847 0.652980864
vt 0.980176032 0.664624572
vt 0.986067593 0.664756477
vt 0.98647505 0.665405214
vt 0.990387976 0.65962261
vt 0.988960326 0.659726441
vt 0.987206995 0.653037071
vt 0.986209929 0.654844344
vt 0.980756342 0.654885232
vt 0.983190835 0.662184834
vt 0.985327303 0.660986066
vt 0.981112301 0.660924315
vt 0.985349715 0.658551216
vt 0.983243287 0.659751475
vt 0.981166661 0.658539653
vt 0.98326689 0.657305062
vt 0.8625682 0.164255232
vt 0.889119565 0.203661472
vt 0.873879611 0.161746532
vt 0.869150341 0.209720522
vt 0.870313108 0.21696195
vt 0.890994847 0.210733861
vt 0.861091554 0.164445728
vt 0.868197262 0.209767133
vt 0.853719294 0.164895862
vt 0.852728665 0.21074459
vt 0.868871391 0.217182189
vt 0.851833284 0.210785598
vt 0.852189124 0.164817363
vt 0.8514238 0.218140751
vt 0.852889955 0.218167096
vt 0.831435978 0.207335979
vt 0.830155194 0.214291722
vt 0.840529859 0.163847834
vt 0.83043021 0.207127243
vt 0.839056551 0.163599461
vt 0.852194846 0.229389101
vt 0.85363847 0.230184704
vt 0.869559348 0.229207724
vt 0.870888531 0.22823754
vt 0.815279067 0.202928334
vt 0.832012355 0.161672622
vt 0.828890145 0.213997692
vt 0.814017713 0.202578813
vt 0.830730617 0.161289185
vt 0.813544691 0.209998578
vt 0.812275589 0.209653884
vt 0.811220944 0.21970585
vt 0.81044358 0.217296094
vt 0.826783359 0.223661214
vt 0.828783929 0.221939176
vt 0.830063283 0.220285386
vt 0.83309418 0.219031543
vt 0.837391078 0.218230814
vt 0.840984046 0.21958676
vt 0.842820227 0.222556382
vt 0.84312886 0.225380629
vt 0.816945851 0.377539247
vt 0.828769863 0.390269607
vt 0.826993048 0.377539247
vt 0.815170825 0.390269607
vt 0.832755864 0.41196236
vt 0.811190188 0.41196236
vt 0.829921067 0.418289155
vt 0.83312422 0.418126911
vt 0.83111614 0.420440525
vt 0.814030707 0.418287724
vt 0.810830057 0.418128818
vt 0.812841356 0.420440525
vt 0.747779787 0.28825748
vt 0.754458845 0.277099907
vt 0.753504097 0.276604712
vt 0.748990715 0.288920581
vt 0.75671047 0.279996097
vt 0.739368141 0.309088767
vt 0.755122364 0.29239881
vt 0.758208454 0.280050397
vt 0.740614593 0.309322894
vt 0.738711059 0.315851986
vt 0.756540716 0.29268229
vt 0.769174159 0.27993089
vt 0.753078282 0.311928868
vt 0.752372324 0.317021847
vt 0.739951193 0.315705001
vt 0.771117866 0.292514026
vt 0.753812611 0.312058449
vt 0.753536403 0.317258656
vt 0.772555888 0.292215288
vt 0.77068764 0.279859245
vt 0.778637111 0.288652241
vt 0.772890508 0.27694267
vt 0.779837668 0.287984192
vt 0.773836553 0.276441157
vt 0.78867811 0.30872184
vt 0.787454069 0.30896157
vt 0.78827852 0.315502882
vt 0.775824964 0.316578507
vt 0.789471686 0.315553308
vt 0.775015771 0.311640859
vt 0.774254024 0.311782062
vt 0.774648011 0.316921532
vt 0.756041348 0.317554653
vt 0.772159994 0.31732446
vt 0.754675329 0.31894505
vt 0.773529828 0.318650782
vt 0.752993166 0.321745992
vt 0.77516681 0.321412802
vt 0.752116501 0.321179926
vt 0.776023448 0.320831537
vt 0.749682963 0.323329568
vt 0.749737799 0.323868454
vt 0.745738924 0.324544609
vt 0.778429091 0.323005259
vt 0.778380811 0.323548257
vt 0.782365024 0.32422322
vt 0.751328766 0.320721745
vt 0.749086082 0.322693825
vt 0.745561779 0.322889745
vt 0.741310179 0.322950661
vt 0.747776926 0.321708798
vt 0.748038828 0.320677876
vt 0.748514831 0.319116294
vt 0.746766031 0.317083716
vt 0.746633112 0.321978867
vt 0.745208561 0.322273314
vt 0.74419862 0.317592859
vt 0.744079411 0.320987582
vt 0.743430197 0.320098162
vt 0.743439376 0.320194781
vt 0.740685999 0.319167197
vt 0.741899192 0.321486294
vt 0.739841521 0.319645107
vt 0.738684952 0.320707023
vt 0.737711489 0.318893671
vt 0.89134413 0.216761738
vt 0.892474711 0.218397409
vt 0.888398468 0.215723962
vt 0.884195268 0.215401322
vt 0.880823433 0.217210203
vt 0.879339159 0.220393032
vt 0.879343092 0.223243147
vt 0.790452659 0.318586409
vt 0.789461553 0.320402205
vt 0.788290799 0.319349289
vt 0.786811292 0.32264787
vt 0.787421405 0.318893135
vt 0.786215246 0.321188629
vt 0.782504022 0.322569788
vt 0.784516275 0.319670081
vt 0.779017746 0.322363138
vt 0.776786745 0.320347905
vt 0.784502089 0.31968379
vt 0.783900201 0.317086399
vt 0.781395733 0.31656903
vt 0.779636681 0.318672538
vt 0.780258477 0.32132107
vt 0.782832682 0.321816683
vt 0.781292617 0.321610093
vt 0.702823639 0.170612589
vt 0.703114152 0.17021586
vt 0.697655082 0.173919454
vt 0.697755337 0.172920957
vt 0.69135344 0.170915619
vt 0.702831507 0.170020595
vt 0.703274965 0.16777803
vt 0.692869902 0.17010738
vt 0.691263795 0.163806453
vt 0.702708125 0.164087549
vt 0.703046918 0.163818136
vt 0.692924738 0.164637104
vt 0.694722056 0.161447302
vt 0.697533846 0.161430851
vt 0.697361469 0.160342947
vt 0.700165391 0.161717191
vt 0.699045062 0.169267431
vt 0.696601272 0.16928269
vt 0.695361853 0.167186514
vt 0.700254321 0.167116895
vt 0.697812557 0.167165056
vt 0.696592212 0.165076509
vt 0.69898808 0.165017858
vt 0.723248839 0.172418848
vt 0.726455808 0.170031324
vt 0.720418572 0.173663393
vt 0.720627904 0.172151819
vt 0.714130998 0.169914976
vt 0.725774646 0.169532791
vt 0.725906491 0.163640991
vt 0.726555228 0.163233534
vt 0.720772624 0.159320608
vt 0.720876575 0.160748497
vt 0.714187145 0.162501588
vt 0.715994477 0.163498655
vt 0.716035247 0.168952242
vt 0.723334908 0.166517749
vt 0.72213614 0.164381519
vt 0.722074389 0.168596521
vt 0.71970129 0.164359108
vt 0.720901608 0.166465297
vt 0.719689727 0.168542162
vt 0.718455195 0.166441932
vt 0.955835044 0.160735726
vt 0.98238641 0.200141966
vt 0.967146456 0.158227026
vt 0.962417185 0.206201017
vt 0.963579953 0.213442445
vt 0.984261692 0.207214355
vt 0.954358399 0.160926223
vt 0.961464107 0.206247628
vt 0.946986139 0.161376357
vt 0.94599551 0.207225084
vt 0.962138236 0.213662684
vt 0.945100129 0.207266092
vt 0.945455968 0.161297858
vt 0.944690645 0.214621246
vt 0.9461568 0.214647591
vt 0.924702823 0.203816473
vt 0.923422039 0.210772216
vt 0.933796704 0.160328329
vt 0.923697054 0.203607738
vt 0.932323396 0.160079956
vt 0.94546169 0.225869596
vt 0.946905315 0.226665199
vt 0.962826192 0.225688219
vt 0.964155376 0.224718034
vt 0.908545911 0.199408829
vt 0.9252792 0.158153117
vt 0.92215699 0.210478187
vt 0.907284558 0.199059308
vt 0.923997462 0.15776968
vt 0.906811535 0.206479073
vt 0.905542433 0.206134379
vt 0.904487789 0.216186345
vt 0.903710425 0.213776588
vt 0.920050204 0.220141709
vt 0.922050774 0.218419671
vt 0.923330128 0.216765881
vt 0.926361024 0.215512037
vt 0.930657923 0.214711308
vt 0.934250891 0.216067255
vt 0.936087072 0.219036877
vt 0.936395705 0.221861124
vt 0.849786043 0.376471281
vt 0.861610055 0.389201641
vt 0.859833241 0.376471281
vt 0.848011017 0.389201641
vt 0.865596056 0.410894394
vt 0.84403038 0.410894394
vt 0.862761259 0.417221189
vt 0.865964413 0.417058945
vt 0.863956332 0.419372559
vt 0.846870899 0.417219758
vt 0.843670249 0.417060852
vt 0.845681548 0.419372559
vt 0.747193158 0.346329272
vt 0.753872216 0.3351717
vt 0.752917469 0.334676504
vt 0.748404086 0.346992373
vt 0.756123841 0.338067889
vt 0.738781512 0.367160559
vt 0.754535735 0.350470603
vt 0.757621825 0.338122189
vt 0.740027964 0.367394686
vt 0.73812443 0.373923779
vt 0.755954087 0.350754082
vt 0.76858753 0.338002682
vt 0.752491653 0.37000066
vt 0.751785696 0.375093639
vt 0.739364564 0.373776793
vt 0.770531237 0.350585818
vt 0.753225982 0.370130241
vt 0.752949774 0.375330448
vt 0.771969259 0.35028708
vt 0.770101011 0.337931037
vt 0.778050482 0.346724033
vt 0.772303879 0.335014462
vt 0.779251039 0.346055984
vt 0.773249924 0.334512949
vt 0.788091481 0.366793633
vt 0.78686744 0.367033362
vt 0.787691891 0.373574674
vt 0.775238335 0.3746503
vt 0.788885057 0.3736251
vt 0.774429142 0.369712651
vt 0.773667395 0.369853854
vt 0.774061382 0.374993324
vt 0.755454719 0.375626445
vt 0.771573365 0.375396252
vt 0.7540887 0.377016842
vt 0.772943199 0.376722574
vt 0.752406538 0.379817784
vt 0.774580181 0.379484594
vt 0.751529872 0.379251719
vt 0.775436819 0.378903329
vt 0.749096334 0.38140136
vt 0.74915117 0.381940246
vt 0.745152295 0.382616401
vt 0.777842462 0.381077051
vt 0.777794182 0.381620049
vt 0.781778395 0.382295012
vt 0.750742137 0.378793538
vt 0.748499453 0.380765617
vt 0.74497515 0.380961537
vt 0.74072355 0.381022453
vt 0.747190297 0.379780591
vt 0.747452199 0.378749669
vt 0.747928202 0.377188087
vt 0.746179402 0.375155509
vt 0.746046484 0.380050659
vt 0.744621933 0.380345106
vt 0.743611991 0.375664651
vt 0.743492782 0.379059374
vt 0.742843568 0.378169954
vt 0.742852747 0.378266573
vt 0.74009937 0.377238989
vt 0.741312563 0.379558086
vt 0.739254892 0.377716899
vt 0.738098323 0.378778815
vt 0.73712486 0.376965463
vt 0.984610975 0.213242233
vt 0.985741556 0.214877903
vt 0.981665313 0.212204456
vt 0.977462113 0.211881816
vt 0.974090278 0.213690698
vt 0.972606003 0.216873527
vt 0.972609937 0.219723642
vt 0.78986603 0.376658201
vt 0.788874924 0.378473997
vt 0.78770417 0.377421081
vt 0.786224663 0.380719662
vt 0.786834776 0.376964927
vt 0.785628617 0.379260421
vt 0.781917393 0.38064158
vt 0.783929646 0.377741873
vt 0.778431118 0.38043493
vt 0.776200116 0.378419697
vt 0.78391546 0.377755582
vt 0.783313572 0.375158191
vt 0.780809104 0.374640822
vt 0.779050052 0.37674433
vt 0.779671848 0.379392862
vt 0.782246053 0.379888475
vt 0.780705988 0.379681885
vt 0.702823639 0.150074497
vt 0.703114152 0.149678007
vt 0.697655082 0.153381363
vt 0.697755337 0.152382866
vt 0.69135344 0.150377527
vt 0.702831507 0.149482504
vt 0.703274965 0.147239938
vt 0.692869902 0.149569526
vt 0.691263795 0.143268362
vt 0.702708125 0.143549457
vt 0.703046918 0.143280283
vt 0.692924738 0.14409925
vt 0.694722056 0.140909448
vt 0.697533846 0.140892759
vt 0.697361469 0.139805093
vt 0.700165391 0.1411791
vt 0.699045062 0.148729339
vt 0.696601272 0.148744598
vt 0.695361853 0.146648422
vt 0.700254321 0.146579042
vt 0.697812557 0.146626964
vt 0.696592212 0.144538417
vt 0.69898808 0.144479766
vt 0.723248839 0.151722923
vt 0.726455808 0.149335399
vt 0.720418572 0.152967468
vt 0.720627904 0.151455894
vt 0.714130998 0.149219051
vt 0.725774646 0.148836866
vt 0.725906491 0.142945066
vt 0.726555228 0.142537609
vt 0.720772624 0.138624683
vt 0.720876575 0.140052572
vt 0.714187145 0.141805664
vt 0.715994477 0.14280273
vt 0.716035247 0.148256317
vt 0.723334908 0.145821825
vt 0.72213614 0.143685594
vt 0.722074389 0.147900596
vt 0.71970129 0.143663183
vt 0.720901608 0.145769373
vt 0.719689727 0.147846237
vt 0.718455195 0.145746008
vt 0.953488708 0.324979246
vt 0.980040073 0.364385486
vt 0.964800119 0.322470546
vt 0.960070848 0.370444536
vt 0.961233616 0.377685964
vt 0.981915355 0.371457875
vt 0.952012062 0.325169742
vt 0.95911777 0.370491147
vt 0.944639802 0.325619876
vt 0.943649173 0.371468604
vt 0.959791899 0.377906203
vt 0.942753792 0.371509612
vt 0.943109632 0.325541377
vt 0.942344308 0.378864765
vt 0.943810463 0.37889111
vt 0.922356486 0.368059993
vt 0.921075702 0.375015736
vt 0.931450367 0.324571848
vt 0.921350718 0.367851257
vt 0.929977059 0.324323475
vt 0.943115354 0.390113115
vt 0.944558978 0.390908718
vt 0.960479856 0.389931738
vt 0.961809039 0.388961554
vt 0.906199574 0.363652349
vt 0.922932863 0.322396636
vt 0.919810653 0.374721706
vt 0.904938221 0.363302827
vt 0.921651125 0.322013199
vt 0.904465199 0.370722592
vt 0.903196096 0.370377898
vt 0.902141452 0.380429864
vt 0.901364088 0.378020108
vt 0.917703867 0.384385228
vt 0.919704437 0.38266319
vt 0.920983791 0.3810094
vt 0.924014688 0.379755557
vt 0.928311586 0.378954828
vt 0.931904554 0.380310774
vt 0.933740735 0.383280396
vt 0.934049368 0.386104643
vt 0.708279729 0.373534411
vt 0.720103741 0.386264771
vt 0.718326926 0.373534411
vt 0.706504703 0.386264771
vt 0.724089742 0.407957524
vt 0.702524066 0.407957524
vt 0.721254945 0.414284319
vt 0.724458098 0.414122075
vt 0.722450018 0.416435689
vt 0.705364585 0.414282888
vt 0.702163935 0.414123982
vt 0.704175234 0.416435689
vt 0.74543345 0.404987693
vt 0.752112508 0.393830121
vt 0.751157761 0.393334925
vt 0.746644378 0.405650795
vt 0.754364133 0.39672631
vt 0.737021804 0.42581898
vt 0.752776027 0.409129024
vt 0.755862117 0.39678061
vt 0.738268256 0.426053107
vt 0.736364722 0.4325822
vt 0.754194379 0.409412503
vt 0.766827822 0.396661103
vt 0.750731945 0.428659081
vt 0.750025988 0.43375206
vt 0.737604856 0.432435215
vt 0.768771529 0.409244239
vt 0.751466274 0.428788662
vt 0.751190066 0.433988869
vt 0.770209551 0.408945501
vt 0.768341303 0.396589458
vt 0.776290774 0.405382454
vt 0.770544171 0.393672884
vt 0.777491331 0.404714406
vt 0.771490216 0.39317137
vt 0.786331773 0.425452054
vt 0.785107732 0.425691783
vt 0.785932183 0.432233095
vt 0.773478627 0.433308721
vt 0.787125349 0.432283521
vt 0.772669435 0.428371072
vt 0.771907687 0.428512275
vt 0.772301674 0.433651745
vt 0.753695011 0.434284866
vt 0.769813657 0.434054673
vt 0.752328992 0.435675263
vt 0.771183491 0.435380995
vt 0.75064683 0.438476205
vt 0.772820473 0.438143015
vt 0.749770164 0.43791014
vt 0.773677111 0.43756175
vt 0.747336626 0.440059781
vt 0.747391462 0.440598667
vt 0.743392587 0.441274822
vt 0.776082754 0.439735472
vt 0.776034474 0.440278471
vt 0.780018687 0.440953434
vt 0.74898243 0.437451959
vt 0.746739745 0.439424038
vt 0.743215442 0.439619958
vt 0.738963842 0.439680874
vt 0.745430589 0.438439012
vt 0.745692492 0.43740809
vt 0.746168494 0.435846508
vt 0.744419694 0.43381393
vt 0.744286776 0.43870908
vt 0.742862225 0.439003527
vt 0.741852283 0.434323072
vt 0.741733074 0.437717795
vt 0.74108386 0.436828375
vt 0.74109304 0.436924994
vt 0.738339663 0.43589741
vt 0.739552855 0.438216507
vt 0.737495184 0.43637532
vt 0.736338615 0.437437236
vt 0.735365152 0.435623884
vt 0.982264638 0.377485752
vt 0.983395219 0.379121423
vt 0.979318976 0.376447976
vt 0.975115776 0.376125336
vt 0.971743941 0.377934217
vt 0.970259666 0.381117046
vt 0.9702636 0.383967161
vt 0.788106322 0.435316622
vt 0.787115216 0.437132418
vt 0.785944462 0.436079502
vt 0.784464955 0.439378083
vt 0.785075068 0.435623348
vt 0.783868909 0.437918842
vt 0.780157685 0.439300001
vt 0.782169938 0.436400294
vt 0.77667141 0.439093351
vt 0.774440408 0.437078118
vt 0.782155752 0.436414003
vt 0.781553864 0.433816612
vt 0.779049397 0.433299243
vt 0.777290344 0.435402751
vt 0.77791214 0.438051283
vt 0.780486345 0.438546896
vt 0.77894628 0.438340306
vt 0.702823639 0.130326524
vt 0.703114152 0.129930034
vt 0.697655082 0.13363339
vt 0.697755337 0.132634893
vt 0.69135344 0.130629554
vt 0.702831507 0.129734531
vt 0.703274965 0.127491966
vt 0.692869902 0.129821554
vt 0.691263795 0.123520389
vt 0.702708125 0.123801485
vt 0.703046918 0.12353231
vt 0.692924738 0.124351278
vt 0.694722056 0.121161476
vt 0.697533846 0.121144786
vt 0.697361469 0.120057121
vt 0.700165391 0.121431127
vt 0.699045062 0.128981367
vt 0.696601272 0.128996626
vt 0.695361853 0.126900449
vt 0.700254321 0.12683107
vt 0.697812557 0.126878992
vt 0.696592212 0.124790445
vt 0.69898808 0.124731794
vt 0.723248839 0.132132784
vt 0.726455808 0.129745498
vt 0.720418572 0.133377567
vt 0.720627904 0.131865755
vt 0.714130998 0.129628912
vt 0.725774646 0.129246727
vt 0.725906491 0.123355165
vt 0.726555228 0.122947708
vt 0.720772624 0.119034782
vt 0.720876575 0.120462433
vt 0.714187145 0.122215763
vt 0.715994477 0.123212829
vt 0.716035247 0.128666416
vt 0.723334908 0.126231924
vt 0.72213614 0.124095455
vt 0.722074389 0.128310457
vt 0.71970129 0.124073043
vt 0.720901608 0.126179472
vt 0.719689727 0.128256097
vt 0.718455195 0.126155868
vt 0.794910431 0.958587945
vt 0.80614388 0.953678548
vt 0.794910431 0.953678548
vt 0.80614388 0.958587945
vt 0.817270517 0.953678548
vt 0.817270517 0.958587945
vt 0.828292489 0.953678548
vt 0.828292489 0.958587945
vt 0.839258552 0.953678548
vt 0.839258552 0.958587945
vt 0.850244403 0.953678548
vt 0.850244403 0.958587945
vt 0.861305833 0.953678548
vt 0.861305833 0.958587945
vt 0.872438073 0.953678548
vt 0.872438073 0.958587945
vt 0.883589149 0.953678548
vt 0.883589149 0.958587945
vt 0.894690394 0.953678548
vt 0.894690394 0.958587945
vt 0.905697346 0.953678548
vt 0.905697346 0.958587945
vt 0.916583061 0.953678548
vt 0.916583061 0.958587945
vt 0.927480221 0.953678548
vt 0.927480221 0.958587945
vt 0.93844223 0.953678548
vt 0.93844223 0.958587945
vt 0.949527621 0.953678548
vt 0.949527621 0.958587945
vt 0.960728168 0.953678548
vt 0.960728168 0.958587945
vt 0.971973538 0.953678548
vt 0.971973538 0.958587945
vt 0.482314259 0.0429136902
vt 0.485054523 0.145107105
vt 0.485054076 0.0429327041
vt 0.482314676 0.145126238
vt 0.479598224 0.0428978354
vt 0.479598522 0.145142391
vt 0.476918191 0.0428872257
vt 0.476918072 0.145153776
vt 0.474262118 0.0428838283
vt 0.474262118 0.145158127
vt 0.471609324 0.0428880602
vt 0.471609324 0.145155028
vt 0.468937784 0.0428992659
vt 0.468937933 0.145145133
vt 0.466239333 0.042916432
vt 0.46623978 0.145129934
vt 0.463522881 0.0429363996
vt 0.463523328 0.145112112
vt 0.460808843 0.0429567844
vt 0.46080929 0.145094231
vt 0.458113253 0.0429743677
vt 0.458113521 0.145079628
vt 0.455444694 0.0429870039
vt 0.455444694 0.14507027
vt 0.452794135 0.0429923683
vt 0.452794135 0.145068005
vt 0.450140893 0.0429901034
vt 0.450140893 0.145072833
vt 0.447463155 0.0429803282
vt 0.447463304 0.145084575
vt 0.444749951 0.0429650098
vt 0.444750249 0.145101205
vt 0.442010283 0.0429461747
vt 0.442010552 0.145120457
vt 0.841786087 0.714219809
vt 0.83356601 0.726052165
vt 0.83356601 0.714219809
vt 0.841786087 0.726052165
vt 0.849919498 0.714219809
vt 0.849919498 0.726052165
vt 0.857976019 0.714219809
vt 0.857976019 0.726052165
vt 0.866000593 0.714219809
vt 0.866000593 0.726052165
vt 0.874056637 0.714219809
vt 0.874056637 0.726052165
vt 0.882189572 0.714219809
vt 0.882189572 0.726052165
vt 0.890398681 0.714219809
vt 0.890398681 0.726052165
vt 0.898639262 0.714219809
vt 0.898639262 0.726052165
vt 0.906849086 0.714219809
vt 0.906849086 0.726052165
vt 0.914982855 0.714219809
vt 0.914982855 0.726052165
vt 0.923038423 0.714219809
vt 0.923038423 0.726052165
vt 0.931062996 0.714219809
vt 0.931062996 0.726052165
vt 0.939119041 0.714219809
vt 0.939119041 0.726052165
vt 0.947251856 0.714219809
vt 0.947251856 0.726052165
vt 0.955461562 0.714219809
vt 0.955461562 0.726052165
vt 0.963702738 0.714219809
vt 0.963702738 0.726052165
vt 0.794909954 0.990577996
vt 0.805870891 0.985931754
vt 0.794920921 0.985931039
vt 0.805860996 0.99057883
vt 0.816738129 0.985933244
vt 0.816733718 0.99058044
vt 0.827592015 0.985917032
vt 0.827592969 0.990564227
vt 0.838545084 0.98591131
vt 0.838544607 0.990558624
vt 0.849689245 0.985916793
vt 0.849688292 0.990563989
vt 0.861065745 0.985932589
vt 0.861069798 0.990579844
vt 0.872654438 0.985929549
vt 0.872665524 0.990576804
vt 0.8843714 0.98592633
vt 0.884382844 0.990573347
vt 0.89608562 0.985922515
vt 0.89609623 0.990569651
vt 0.907674909 0.985920072
vt 0.907679439 0.990567207
vt 0.919051051 0.985935509
vt 0.919050455 0.990582407
vt 0.930191159 0.985940635
vt 0.930191159 0.99058789
vt 0.941144705 0.985934794
vt 0.941146374 0.99058193
vt 0.952009559 0.985918343
vt 0.952005148 0.990565479
vt 0.96288836 0.985920191
vt 0.962878346 0.990567327
vt 0.973841548 0.985921323
vt 0.973830342 0.990568519
vt 0.934913158 0.863093853
vt 0.940071106 0.878522217
vt 0.940071106 0.863093853
vt 0.934913158 0.878522217
vt 0.926496387 0.863093853
vt 0.926496387 0.878522217
vt 0.91758883 0.863093853
vt 0.91758883 0.878522217
vt 0.908430219 0.863093853
vt 0.908430219 0.878522217
vt 0.899340987 0.863093853
vt 0.899340987 0.878522217
vt 0.88965714 0.863093853
vt 0.88965714 0.878522217
vt 0.879648328 0.863093853
vt 0.879648328 0.878522217
vt 0.869393706 0.863093853
vt 0.869393706 0.878522217
vt 0.85904932 0.863093853
vt 0.85904932 0.878522217
vt 0.848797679 0.863093853
vt 0.848797679 0.878522217
vt 0.83880353 0.863093853
vt 0.83880353 0.878522217
vt 0.82918191 0.863093853
vt 0.82918191 0.878522217
vt 0.820013404 0.863093853
vt 0.820013404 0.878522217
vt 0.811373234 0.863093853
vt 0.811373234 0.878522217
vt 0.803319573 0.863093853
vt 0.803319573 0.878522217
vt 0.794910431 0.863093853
vt 0.794910431 0.878522217
vt 0.802180648 0.857637167
vt 0.794909954 0.842329204
vt 0.794909954 0.857637167
vt 0.802180648 0.842329204
vt 0.811014533 0.857637167
vt 0.811014533 0.842329204
vt 0.820100665 0.857637167
vt 0.820100665 0.842329204
vt 0.829118609 0.857637167
vt 0.829118609 0.842329204
vt 0.838731647 0.857637167
vt 0.838731647 0.842329204
vt 0.848668456 0.857637167
vt 0.848668456 0.842329204
vt 0.858848333 0.857637167
vt 0.858848333 0.842329204
vt 0.869113326 0.857637167
vt 0.869113326 0.842329204
vt 0.87928164 0.857637167
vt 0.87928164 0.842329204
vt 0.889194012 0.857637167
vt 0.889194012 0.842329204
vt 0.898737788 0.857637167
vt 0.898737788 0.842329204
vt 0.907835484 0.857637167
vt 0.907835484 0.842329204
vt 0.916413426 0.857637167
vt 0.916413426 0.842329204
vt 0.924410582 0.857637167
vt 0.924410582 0.842329204
vt 0.931868553 0.857637167
vt 0.931868553 0.842329204
vt 0.941993475 0.857637167
vt 0.941993475 0.842329204
vt 0.80614388 0.975545287
vt 0.794910431 0.980454683
vt 0.794910431 0.975545287
vt 0.80614388 0.980454683
vt 0.817270517 0.975545287
vt 0.817270517 0.980454683
vt 0.828292489 0.975545287
vt 0.828292489 0.980454683
vt 0.839258552 0.975545287
vt 0.839258552 0.980454683
vt 0.850244403 0.975545287
vt 0.850244403 0.980454683
vt 0.861305833 0.975545287
vt 0.861305833 0.980454683
vt 0.872438073 0.975545287
vt 0.872438073 0.980454683
vt 0.883589149 0.975545287
vt 0.883589149 0.980454683
vt 0.894690394 0.975545287
vt 0.894690394 0.980454683
vt 0.905697346 0.975545287
vt 0.905697346 0.980454683
vt 0.916583061 0.975545287
vt 0.916583061 0.980454683
vt 0.927480221 0.975545287
vt 0.927480221 0.980454683
vt 0.93844223 0.975545287
vt 0.93844223 0.980454683
vt 0.949527621 0.975545287
vt 0.949527621 0.980454683
vt 0.960728168 0.975545287
vt 0.960728168 0.980454683
vt 0.971973538 0.975545287
vt 0.971973538 0.980454683
vt 0.833114803 0.703811765
vt 0.841334879 0.691979527
vt 0.833114803 0.691979527
vt 0.841334879 0.703811765
vt 0.849468291 0.691979527
vt 0.849468291 0.703811765
vt 0.857524812 0.691979527
vt 0.857524812 0.703811765
vt 0.865549386 0.691979527
vt 0.865549386 0.703811765
vt 0.87360543 0.691979527
vt 0.87360543 0.703811765
vt 0.881738365 0.691979527
vt 0.881738365 0.703811765
vt 0.889947474 0.691979527
vt 0.889947474 0.703811765
vt 0.898188055 0.691979527
vt 0.898188055 0.703811765
vt 0.906397879 0.691979527
vt 0.906397879 0.703811765
vt 0.914531648 0.691979527
vt 0.914531648 0.703811765
vt 0.922587216 0.691979527
vt 0.922587216 0.703811765
vt 0.930611789 0.691979527
vt 0.930611789 0.703811765
vt 0.938667834 0.691979527
vt 0.938667834 0.703811765
vt 0.946800649 0.691979527
vt 0.946800649 0.703811765
vt 0.955010355 0.691979527
vt 0.955010355 0.703811765
vt 0.963251531 0.691979527
vt 0.963251531 0.703811765
vt 0.805870891 0.964065015
vt 0.794909954 0.968711257
vt 0.794920921 0.9640643
vt 0.805860996 0.968712091
vt 0.816738129 0.964066505
vt 0.816733718 0.968713701
vt 0.827592015 0.964050293
vt 0.827592969 0.968697488
vt 0.838545084 0.964044571
vt 0.838544607 0.968691885
vt 0.849689245 0.964050055
vt 0.849688292 0.96869725
vt 0.861065745 0.96406585
vt 0.861069798 0.968713105
vt 0.872654438 0.96406281
vt 0.872665524 0.968710065
vt 0.8843714 0.964059591
vt 0.884382844 0.968706608
vt 0.89608562 0.964055777
vt 0.89609623 0.968702912
vt 0.907674909 0.964053333
vt 0.907679439 0.968700469
vt 0.919051051 0.96406877
vt 0.919050455 0.968715668
vt 0.930191159 0.964073896
vt 0.930191159 0.968721151
vt 0.941144705 0.964068055
vt 0.941146374 0.968715191
vt 0.952009559 0.964051604
vt 0.952005148 0.96869874
vt 0.96288836 0.964053452
vt 0.962878346 0.968700588
vt 0.973841548 0.964054585
vt 0.973830342 0.96870178
vt 0.940071106 0.899000585
vt 0.934913158 0.883572221
vt 0.940071106 0.883572221
vt 0.934913158 0.899000585
vt 0.926496387 0.883572221
vt 0.926496387 0.899000585
vt 0.91758883 0.883572221
vt 0.91758883 0.899000585
vt 0.908430219 0.883572221
vt 0.908430219 0.899000585
vt 0.899340987 0.883572221
vt 0.899340987 0.899000585
vt 0.88965714 0.883572221
vt 0.88965714 0.899000585
vt 0.879648328 0.883572221
vt 0.879648328 0.899000585
vt 0.869393706 0.883572221
vt 0.869393706 0.899000585
vt 0.85904932 0.883572221
vt 0.85904932 0.899000585
vt 0.848797679 0.883572221
vt 0.848797679 0.899000585
vt 0.83880353 0.883572221
vt 0.83880353 0.899000585
vt 0.82918191 0.883572221
vt 0.82918191 0.899000585
vt 0.820013404 0.883572221
vt 0.820013404 0.899000585
vt 0.811373234 0.883572221
vt 0.811373234 0.899000585
vt 0.803319573 0.883572221
vt 0.803319573 0.899000585
vt 0.794910431 0.883572221
vt 0.794910431 0.899000585
vt 0.965425432 0.748245597
vt 0.950117528 0.755516291
vt 0.950117528 0.748245597
vt 0.965425432 0.755516291
vt 0.950117528 0.764350057
vt 0.965425432 0.764350057
vt 0.950117528 0.773436189
vt 0.965425432 0.773436189
vt 0.950117528 0.782454133
vt 0.965425432 0.782454133
vt 0.950117528 0.792067289
vt 0.965425432 0.792067289
vt 0.950117528 0.80200398
vt 0.965425432 0.80200398
vt 0.950117528 0.812183857
vt 0.965425432 0.812183857
vt 0.950117528 0.822448969
vt 0.965425432 0.822448969
vt 0.950117528 0.832617283
vt 0.965425432 0.832617283
vt 0.950117528 0.842529655
vt 0.965425432 0.842529655
vt 0.950117528 0.852073431
vt 0.965425432 0.852073431
vt 0.950117528 0.861171126
vt 0.965425432 0.861171126
vt 0.950117528 0.869749069
vt 0.965425432 0.869749069
vt 0.950117528 0.877746224
vt 0.965425432 0.877746224
vt 0.950117528 0.885204077
vt 0.965425432 0.885204077
vt 0.950117528 0.895328999
vt 0.965425432 0.895328999
vt 0.97273165 0.731906295
vt 0.977207482 0.738535166
vt 0.977207482 0.731906295
vt 0.97273165 0.738535166
vt 0.977207482 0.74512136
vt 0.97273165 0.74512136
vt 0.977207482 0.751704335
vt 0.97273165 0.751704335
vt 0.977207482 0.758280635
vt 0.97273165 0.758280635
vt 0.977207482 0.764850497
vt 0.97273165 0.764850497
vt 0.977207482 0.771411777
vt 0.97273165 0.771411777
vt 0.977207482 0.777968764
vt 0.97273165 0.777968764
vt 0.977207482 0.784520507
vt 0.97273165 0.784520507
vt 0.977207482 0.791071534
vt 0.97273165 0.791071534
vt 0.977207482 0.797622919
vt 0.97273165 0.797622919
vt 0.977207482 0.804178834
vt 0.97273165 0.804178834
vt 0.977207482 0.810739636
vt 0.97273165 0.810739636
vt 0.977207482 0.817307591
vt 0.97273165 0.817307591
vt 0.977207482 0.823883414
vt 0.97273165 0.823883414
vt 0.977207482 0.830464602
vt 0.97273165 0.830464602
vt 0.977207482 0.837050438
vt 0.97273165 0.837050438
vt 0.977207482 0.843679667
vt 0.97273165 0.843679667
vt 0.977207601 0.850266457
vt 0.97273165 0.850266457
vt 0.977207601 0.856849194
vt 0.97273165 0.856849194
vt 0.977207601 0.863425612
vt 0.97273165 0.863425612
vt 0.977207601 0.869995475
vt 0.97273165 0.869995475
vt 0.977207601 0.876557827
vt 0.97273165 0.876557827
vt 0.977207601 0.883081794
vt 0.97273165 0.883081794
vt 0.977207601 0.889618635
vt 0.97273165 0.889618635
vt 0.977207601 0.89617312
vt 0.97273165 0.89617312
vt 0.977207601 0.902741432
vt 0.97273165 0.902741432
vt 0.977207601 0.909329176
vt 0.97273165 0.909329176
vt 0.977207601 0.915888667
vt 0.97273165 0.915888667
vt 0.977207601 0.92245245
vt 0.97273165 0.92245245
vt 0.977207601 0.929029346
vt 0.97273165 0.929029346
vt 0.977207601 0.935611129
vt 0.97273165 0.935611129
vt 0.977207601 0.942183971
vt 0.97273165 0.942183971
vt 0.792826056 0.738985479
vt 0.930379868 0.745206654
vt 0.930352569 0.738985598
vt 0.792798758 0.745206535
vt 0.792775393 0.751308501
vt 0.930403233 0.751308501
vt 0.792759776 0.757235944
vt 0.930418849 0.757235944
vt 0.93042469 0.763035357
vt 0.792753935 0.763035357
vt 0.792759418 0.768832147
vt 0.930419207 0.768832147
vt 0.930404067 0.774752319
vt 0.792774558 0.774752438
vt 0.930381179 0.780845106
vt 0.792797685 0.780845225
vt 0.930353761 0.78705734
vt 0.792825341 0.787057698
vt 0.792852759 0.793269455
vt 0.930326343 0.793268979
vt 0.792876124 0.799360693
vt 0.930302739 0.799360454
vt 0.930287123 0.805278003
vt 0.792891622 0.805278003
vt 0.930281043 0.811070859
vt 0.792897105 0.811070859
vt 0.930286169 0.816865742
vt 0.792891383 0.816865742
vt 0.792875886 0.822789013
vt 0.93030107 0.822789013
vt 0.792852521 0.828889191
vt 0.930324197 0.828889072
vt 0.792824984 0.835110009
vt 0.930351496 0.83510989
vt 0.622738719 0.0878137946
vt 0.615673661 0.0743969083
vt 0.615657926 0.0878267884
vt 0.622751832 0.0743837953
vt 0.629728436 0.0878035426
vt 0.629731536 0.0743735433
vt 0.636566997 0.0877922177
vt 0.636563897 0.0743623376
vt 0.643285155 0.0877879262
vt 0.643285155 0.0743580461
vt 0.649990201 0.0877915025
vt 0.649992943 0.0743616223
vt 0.656798005 0.0878017545
vt 0.656790376 0.0743718743
vt 0.66375649 0.0878047347
vt 0.663730741 0.0743748546
vt 0.670818925 0.0878042579
vt 0.67078805 0.0743743777
vt 0.677887321 0.0878043771
vt 0.677862406 0.0743744969
vt 0.684857011 0.0878073573
vt 0.68484962 0.0743774772
vt 0.691684365 0.0878173709
vt 0.691687226 0.0743874907
vt 0.698404431 0.087820828
vt 0.698403955 0.0743909478
vt 0.705113769 0.0878165364
vt 0.705110908 0.0743865371
vt 0.711917281 0.0878049731
vt 0.711920619 0.0743749738
vt 0.718868375 0.0877947211
vt 0.718881488 0.074364841
vt 0.725933909 0.0877819657
vt 0.725949287 0.0743520856
vt 0.53958571 0.0192245729
vt 0.525817931 0.0150738237
vt 0.525817931 0.0192245729
vt 0.53958571 0.0150738237
vt 0.552749395 0.0192245729
vt 0.552749395 0.0150738237
vt 0.565490007 0.0150738237
vt 0.565490007 0.0192245729
vt 0.577921212 0.0150738237
vt 0.577921212 0.0192245729
vt 0.590148449 0.0150738237
vt 0.590148449 0.0192245729
vt 0.602255464 0.0192245729
vt 0.602255464 0.0150738237
vt 0.614308596 0.0192245729
vt 0.614308596 0.0150738237
vt 0.626365185 0.0192245729
vt 0.626365185 0.0150738237
vt 0.638449192 0.0192245729
vt 0.638449192 0.0150738237
vt 0.650619507 0.0192245729
vt 0.650619507 0.0150738237
vt 0.662943602 0.0150738237
vt 0.662943602 0.0192245729
vt 0.675499678 0.0150738237
vt 0.675499678 0.0192245729
vt 0.688375354 0.0150738237
vt 0.688375354 0.0192245729
vt 0.701656818 0.0192245729
vt 0.701656818 0.0150738237
vt 0.715403676 0.0192245729
vt 0.715403676 0.0150738237
vt 0.729390979 0.0192245729
vt 0.729390979 0.0150738237
vt 0.729012609 0.025648877
vt 0.722230196 0.0434585065
vt 0.729012609 0.0434585065
vt 0.722230196 0.025648877
vt 0.712034345 0.0434585065
vt 0.712034345 0.025648877
vt 0.701912999 0.0434585065
vt 0.701912999 0.025648877
vt 0.691972017 0.025648877
vt 0.691972017 0.0434585065
vt 0.682069659 0.025648877
vt 0.682069659 0.0434585065
vt 0.672055483 0.025648877
vt 0.672055483 0.0434585065
vt 0.661816359 0.0434585065
vt 0.661816359 0.025648877
vt 0.651514888 0.0434585065
vt 0.651514888 0.025648877
vt 0.641195774 0.0434585065
vt 0.641195774 0.025648877
vt 0.630952716 0.0434585065
vt 0.630952716 0.025648877
vt 0.620845199 0.0434585065
vt 0.620845199 0.025648877
vt 0.610926867 0.025648877
vt 0.610926867 0.0434585065
vt 0.601205111 0.025648877
vt 0.601205111 0.0434585065
vt 0.591712594 0.025648877
vt 0.591712594 0.0434585065
vt 0.582517266 0.0434585065
vt 0.582517266 0.025648877
vt 0.572475672 0.0434585065
vt 0.572475672 0.025648877
vt 0.805316746 0.922568977
vt 0.795061648 0.906708956
vt 0.795061648 0.922568977
vt 0.805316746 0.906708956
vt 0.816309273 0.922568977
vt 0.805316746 0.904741108
vt 0.795061648 0.904741108
vt 0.816309273 0.904741108
vt 0.816309273 0.906708956
vt 0.826903045 0.922568977
vt 0.826903045 0.904741108
vt 0.826903045 0.906708956
vt 0.837249517 0.922568977
vt 0.837249517 0.904741108
vt 0.837249517 0.906708956
vt 0.847510159 0.922568977
vt 0.847510159 0.904741108
vt 0.847510159 0.906708956
vt 0.857764304 0.922568977
vt 0.857764304 0.904741108
vt 0.857764304 0.906708956
vt 0.868017316 0.922568977
vt 0.868017316 0.904741108
vt 0.868017316 0.906708956
vt 0.878227174 0.922568977
vt 0.878227174 0.904741108
vt 0.878227174 0.906708956
vt 0.888338625 0.922568977
vt 0.888338625 0.904741108
vt 0.888338625 0.906708956
vt 0.898328245 0.922568977
vt 0.898328245 0.904741108
vt 0.898328245 0.906708956
vt 0.908232152 0.922568977
vt 0.908232152 0.904741108
vt 0.908232152 0.906708956
vt 0.918136597 0.922568977
vt 0.918136597 0.904741108
vt 0.918136597 0.906708956
vt 0.928099453 0.922568977
vt 0.928099453 0.904741108
vt 0.928099453 0.906708956
vt 0.938040793 0.922568977
vt 0.938040793 0.904741108
vt 0.938040793 0.906708956
vt 0.947897196 0.922568977
vt 0.947897196 0.904741108
vt 0.947897196 0.906708956
vt 0.960861921 0.922568977
vt 0.960861921 0.904741108
vt 0.960861921 0.906708956
vt 0.988661587 0.738188148
vt 0.984185517 0.731559277
vt 0.988661587 0.731559277
vt 0.984185517 0.738188148
vt 0.988661587 0.744774342
vt 0.984185517 0.744774342
vt 0.988661587 0.751357198
vt 0.984185517 0.751357198
vt 0.988661587 0.757933617
vt 0.984185517 0.757933617
vt 0.988661587 0.76450336
vt 0.984185517 0.76450336
vt 0.988661587 0.771064758
vt 0.984185517 0.771064758
vt 0.988661587 0.777621627
vt 0.984185517 0.777621627
vt 0.988661587 0.784173489
vt 0.984185517 0.784173489
vt 0.988661587 0.790724397
vt 0.984185517 0.790724397
vt 0.988661587 0.797275901
vt 0.984185517 0.797275901
vt 0.988661587 0.803831697
vt 0.984185517 0.803831697
vt 0.988661587 0.810392499
vt 0.984185517 0.810392499
vt 0.988661587 0.816960454
vt 0.984185517 0.816960454
vt 0.988661587 0.823536277
vt 0.984185517 0.823536277
vt 0.988661587 0.830117464
vt 0.984185517 0.830117464
vt 0.988661587 0.83670342
vt 0.984185517 0.83670342
vt 0.988661587 0.843332648
vt 0.984185517 0.843332648
vt 0.988661587 0.849919319
vt 0.984185636 0.849919319
vt 0.988661587 0.856502175
vt 0.984185636 0.856502175
vt 0.988661587 0.863078594
vt 0.984185636 0.863078594
vt 0.988661587 0.869648337
vt 0.984185636 0.869648337
vt 0.988661587 0.87621069
vt 0.984185636 0.87621069
vt 0.988661587 0.882734656
vt 0.984185636 0.882734656
vt 0.988661587 0.889271617
vt 0.984185636 0.889271617
vt 0.988661587 0.895825982
vt 0.984185636 0.895825982
vt 0.988661587 0.902394295
vt 0.984185636 0.902394295
vt 0.988661587 0.908982158
vt 0.984185636 0.908982158
vt 0.988661587 0.91554153
vt 0.984185636 0.91554153
vt 0.988661587 0.922105312
vt 0.984185636 0.922105312
vt 0.988661587 0.928682208
vt 0.984185636 0.928682208
vt 0.988661587 0.935264111
vt 0.984185636 0.935264111
vt 0.988661587 0.941836834
vt 0.984185636 0.941836834
vt 0.614605546 0.0954893231
vt 0.621670842 0.108906209
vt 0.61458981 0.108919203
vt 0.621683717 0.0954762101
vt 0.628660321 0.108895957
vt 0.628663421 0.0954659581
vt 0.63549912 0.108884633
vt 0.635495782 0.0954547524
vt 0.64221704 0.108880341
vt 0.64221704 0.0954504609
vt 0.648922086 0.108883917
vt 0.648924947 0.0954540372
vt 0.65572989 0.108894169
vt 0.65572238 0.0954642892
vt 0.662688375 0.10889715
vt 0.662662745 0.0954672694
vt 0.66975081 0.108896673
vt 0.669720054 0.0954667926
vt 0.676819205 0.108896792
vt 0.67679441 0.0954669118
vt 0.683789134 0.108899772
vt 0.683781624 0.095469892
vt 0.69061625 0.108909786
vt 0.69061923 0.0954799056
vt 0.697336555 0.108913243
vt 0.697335958 0.0954833627
vt 0.704045892 0.108908951
vt 0.704042912 0.0954789519
vt 0.710849404 0.108897388
vt 0.710852623 0.0954673886
vt 0.71780026 0.108887136
vt 0.717813492 0.0954572558
vt 0.724865794 0.108874381
vt 0.724881291 0.0954445004
vt 0.525817931 0.0150738237
vt 0.53958571 0.0192245729
vt 0.525817931 0.0192245729
vt 0.53958571 0.0150738237
vt 0.552749395 0.0192245729
vt 0.552749395 0.0150738237
vt 0.565490007 0.0150738237
vt 0.565490007 0.0192245729
vt 0.577921212 0.0150738237
vt 0.577921212 0.0192245729
vt 0.590148449 0.0150738237
vt 0.590148449 0.0192245729
vt 0.602255464 0.0192245729
vt 0.602255464 0.0150738237
vt 0.614308596 0.0192245729
vt 0.614308596 0.0150738237
vt 0.626365185 0.0192245729
vt 0.626365185 0.0150738237
vt 0.638449192 0.0192245729
vt 0.638449192 0.0150738237
vt 0.650619507 0.0192245729
vt 0.650619507 0.0150738237
vt 0.662943602 0.0150738237
vt 0.662943602 0.0192245729
vt 0.675499678 0.0150738237
vt 0.675499678 0.0192245729
vt 0.688375354 0.0150738237
vt 0.688375354 0.0192245729
vt 0.701656818 0.0192245729
vt 0.701656818 0.0150738237
vt 0.715403676 0.0192245729
vt 0.715403676 0.0150738237
vt 0.729390979 0.0192245729
vt 0.729390979 0.0150738237
vt 0.722230196 0.0670606345
vt 0.729012609 0.0492510051
vt 0.729012609 0.0670606345
vt 0.722230196 0.0492510051
vt 0.712034345 0.0670606345
vt 0.712034345 0.0492510051
vt 0.701912999 0.0670606345
vt 0.701912999 0.0492510051
vt 0.691972017 0.0492510051
vt 0.691972017 0.0670606345
vt 0.682069659 0.0492510051
vt 0.682069659 0.0670606345
vt 0.672055483 0.0492510051
vt 0.672055483 0.0670606345
vt 0.661816359 0.0670606345
vt 0.661816359 0.0492510051
vt 0.651514888 0.0670606345
vt 0.651514888 0.0492510051
vt 0.641195774 0.0670606345
vt 0.641195774 0.0492510051
vt 0.630952716 0.0670606345
vt 0.630952716 0.0492510051
vt 0.620845199 0.0670606345
vt 0.620845199 0.0492510051
vt 0.610926867 0.0492510051
vt 0.610926867 0.0670606345
vt 0.601205111 0.0492510051
vt 0.601205111 0.0670606345
vt 0.591712594 0.0492510051
vt 0.591712594 0.0670606345
vt 0.582517266 0.0670606345
vt 0.582517266 0.0492510051
vt 0.572475672 0.0670606345
vt 0.572475672 0.0492510051
vt 0.796102941 0.931005299
vt 0.806358039 0.94686532
vt 0.796102941 0.94686532
vt 0.806358039 0.931005299
vt 0.817350566 0.94686532
vt 0.806358039 0.929037452
vt 0.796102941 0.929037452
vt 0.817350566 0.929037452
vt 0.817350566 0.931005299
vt 0.827944338 0.94686532
vt 0.827944338 0.929037452
vt 0.827944338 0.931005299
vt 0.838290811 0.94686532
vt 0.838290811 0.929037452
vt 0.838290811 0.931005299
vt 0.848551452 0.94686532
vt 0.848551452 0.929037452
vt 0.848551452 0.931005299
vt 0.858805597 0.94686532
vt 0.858805597 0.929037452
vt 0.858805597 0.931005299
vt 0.869058609 0.94686532
vt 0.869058609 0.929037452
vt 0.869058609 0.931005299
vt 0.879268467 0.94686532
vt 0.879268467 0.929037452
vt 0.879268467 0.931005299
vt 0.889379919 0.94686532
vt 0.889379919 0.929037452
vt 0.889379919 0.931005299
vt 0.899369538 0.94686532
vt 0.899369538 0.929037452
vt 0.899369538 0.931005299
vt 0.909273446 0.94686532
vt 0.909273446 0.929037452
vt 0.909273446 0.931005299
vt 0.91917789 0.94686532
vt 0.91917789 0.929037452
vt 0.91917789 0.931005299
vt 0.929140747 0.94686532
vt 0.929140747 0.929037452
vt 0.929140747 0.931005299
vt 0.939082086 0.94686532
vt 0.939082086 0.929037452
vt 0.939082086 0.931005299
vt 0.948938489 0.94686532
vt 0.948938489 0.929037452
vt 0.948938489 0.931005299
vt 0.961903214 0.94686532
vt 0.961903214 0.929037452
vt 0.961903214 0.931005299
vt 0.0382899195 0.188103989
vt 0.0475774892 0.184201375
vt 0.0425767303 0.181218758
vt 0.0436765216 0.190614596
vt 0.0485352725 0.185997128
vt 0.035774596 0.194563657
vt 0.0451890156 0.19131799
vt 0.0488892719 0.18603678
vt 0.0465369448 0.191324666
vt 0.0461446866 0.195533395
vt 0.0415929221 0.195821106
vt 0.0432671122 0.196282104
vt 0.0471517779 0.199695438
vt 0.0425254665 0.201932117
vt 0.050020583 0.205125466
vt 0.0409151725 0.202010989
vt 0.035085734 0.202418461
vt 0.0442490056 0.208349064
vt 0.0538078658 0.209976628
vt 0.0426427312 0.208989814
vt 0.0370276608 0.210970834
vt 0.0409076624 0.218665436
vt 0.0474622063 0.214553252
vt 0.045989126 0.215501398
vt 0.0462045968 0.225476339
vt 0.0519988202 0.220333755
vt 0.0578369386 0.213616177
vt 0.103739291 0.249108776
vt 0.0506384037 0.221435726
vt 0.0953242928 0.269985139
vt 0.100403123 0.264095336
vt 0.0993333384 0.265467435
vt 0.119925447 0.283214092
vt 0.116243586 0.288041741
vt 0.120869026 0.28156814
vt 0.108671345 0.251051843
vt 0.113568179 0.25037092
vt 0.131767169 0.291637808
vt 0.128789902 0.296927691
vt 0.132486612 0.289824396
vt 0.143384367 0.297626138
vt 0.141902253 0.303292543
vt 0.155335516 0.304718941
vt 0.143740833 0.294114709
vt 0.118271552 0.247215495
vt 0.143563747 0.295916528
vt 0.154631123 0.299017638
vt 0.168328166 0.300380021
vt 0.154336765 0.297430873
vt 0.169839978 0.254660577
vt 0.121062823 0.241787672
vt 0.165370151 0.295435846
vt 0.177521229 0.291897148
vt 0.16439949 0.294160634
vt 0.173389375 0.262202412
vt 0.172845498 0.288492113
vt 0.182802856 0.280196398
vt 0.161147341 0.241139352
vt 0.12236429 0.235579714
vt 0.171542227 0.287577063
vt 0.177192479 0.278726727
vt 0.183347344 0.270759344
vt 0.175720349 0.278265297
vt 0.177526653 0.271177948
vt 0.175960943 0.270988971
vt 0.175009385 0.262008458
vt 0.180652827 0.260160893
vt 0.176524341 0.251299411
vt 0.171201035 0.253943801
vt 0.168228328 0.237490982
vt 0.162782758 0.240193382
vt 0.159520596 0.217920616
vt 0.152010486 0.220344946
vt 0.15377675 0.219754919
vt 0.155145586 0.19719179
vt 0.147320926 0.198130012
vt 0.126101047 0.179561973
vt 0.149159506 0.197922498
vt 0.154782191 0.185587794
vt 0.147129282 0.185040578
vt 0.148813173 0.185340032
vt 0.15556775 0.177713156
vt 0.147775888 0.175883412
vt 0.125378549 0.173668787
vt 0.149660572 0.176437244
vt 0.153239459 0.165263683
vt 0.158739045 0.167744786
vt 0.151407793 0.164546266
vt 0.123725988 0.167807892
vt 0.159105033 0.155885026
vt 0.164059371 0.159338161
vt 0.157497436 0.155024409
vt 0.166497469 0.147609249
vt 0.171262473 0.151230216
vt 0.165472478 0.146786839
vt 0.170344532 0.142256543
vt 0.175557718 0.145384565
vt 0.178949788 0.138856754
vt 0.168929994 0.1414527
vt 0.17326057 0.136570081
vt 0.181108922 0.131942481
vt 0.171562925 0.135954142
vt 0.173972294 0.124920011
vt 0.175218999 0.130758554
vt 0.181903362 0.124839328
vt 0.173490658 0.130431086
vt 0.175823301 0.124797732
vt 0.181589395 0.118007839
vt 0.173677444 0.119478911
vt 0.0991595238 0.138667673
vt 0.175316244 0.11908529
vt 0.180042148 0.111335963
vt 0.17217809 0.114102758
vt 0.173786491 0.113495275
vt 0.177271441 0.104862541
vt 0.169895738 0.108822204
vt 0.166896328 0.103856407
vt 0.10192655 0.109429635
vt 0.102082632 0.0818478838
vt 0.0978160426 0.0567734614
vt 0.171442658 0.107979223
vt 0.17313759 0.0989490524
vt 0.091071032 0.0208995901
vt 0.0880181715 0.0360207744
vt 0.0761231333 0.0174362194
vt 0.0768757612 0.0143676102
vt 0.168370485 0.102658831
vt 0.092119664 0.0195919964
vt 0.0954970866 0.0148386313
vt 0.079362385 0.00870119594
vt 0.0772125348 0.0079034064
vt 0.0748260766 0.0134430211
vt 0.49317348 0.0105337966
vt 0.492593825 0.0137379356
vt 0.491219819 0.00920390803
vt 0.508413911 0.0171666406
vt 0.507209659 0.018649498
vt 0.502309084 0.0332496651
vt 0.509392738 0.0550176539
vt 0.5713135 0.110973075
vt 0.572901607 0.110026993
vt 0.510360062 0.0803283677
vt 0.506558776 0.107474349
vt 0.500957608 0.132160559
vt 0.500109673 0.135984793
vt 0.573962688 0.116590098
vt 0.520353198 0.168011144
vt 0.575536311 0.115971334
vt 0.575632572 0.122315891
vt 0.576623142 0.127812907
vt 0.577281058 0.121897727
vt 0.578381538 0.127640516
vt 0.576632142 0.133226991
vt 0.578483701 0.133425161
vt 0.575336933 0.138715222
vt 0.577096939 0.139343321
vt 0.572655976 0.143878087
vt 0.574229002 0.144842029
vt 0.569026411 0.148713455
vt 0.570359528 0.149974465
vt 0.56424129 0.1526362
vt 0.565317988 0.154117256
vt 0.555157065 0.158803284
vt 0.556471825 0.16012837
vt 0.547803462 0.1669157
vt 0.549405754 0.167873666
vt 0.542864919 0.177201048
vt 0.520968318 0.172938585
vt 0.544589818 0.177871928
vt 0.541232347 0.18564105
vt 0.520912945 0.177703351
vt 0.543012559 0.186065868
vt 0.539931774 0.197995007
vt 0.541814923 0.197939903
vt 0.515168369 0.210175157
vt 0.541994393 0.219777316
vt 0.543766558 0.219338536
vt 0.548523903 0.240663007
vt 0.550158858 0.239875257
vt 0.510715961 0.230926886
vt 0.555463433 0.254665405
vt 0.557083488 0.253877401
vt 0.558193922 0.262415349
vt 0.560000658 0.262151867
vt 0.561609387 0.271595597
vt 0.522703409 0.290841907
vt 0.508834302 0.235511765
vt 0.505361855 0.239434257
vt 0.499968588 0.24120231
vt 0.512266159 0.282899201
vt 0.494585633 0.240753442
vt 0.501731753 0.27266565
vt 0.511190832 0.284372836
vt 0.521972299 0.292496741
vt 0.500562251 0.274051517
vt 0.533378839 0.295888811
vt 0.484021246 0.25211212
vt 0.489453673 0.237765551
vt 0.48272872 0.253378391
vt 0.533528447 0.294064045
vt 0.545097232 0.294108391
vt 0.4413203 0.202733502
vt 0.447942615 0.196805179
vt 0.43981117 0.203725085
vt 0.444206417 0.192462638
vt 0.544433951 0.29242143
vt 0.554160476 0.288529396
vt 0.437343955 0.196207583
vt 0.43572551 0.197030902
vt 0.440943837 0.186983094
vt 0.434796274 0.189415663
vt 0.433050394 0.18990849
vt 0.432016671 0.182435244
vt 0.433824241 0.182591468
vt 0.438776076 0.181078061
vt 0.433703959 0.176020026
vt 0.435431838 0.176914766
vt 0.438428104 0.176697791
vt 0.438205242 0.172229365
vt 0.436886072 0.171009943
vt 0.443060935 0.166469097
vt 0.439531982 0.172575563
vt 0.443012655 0.167964667
vt 0.443192542 0.168126374
vt 0.722617328 0.720865428
vt 0.783579588 0.758405685
vt 0.783584952 0.720865428
vt 0.722611964 0.758405685
vt 0.72259587 0.762464523
vt 0.783563673 0.762464523
vt 0.783538461 0.76650393
vt 0.722570956 0.76650387
vt 0.783505023 0.799555779
vt 0.722537398 0.799555779
vt 0.78346324 0.820922315
vt 0.722495675 0.820887983
vt 0.722442269 0.825798869
vt 0.783409655 0.825892985
vt 0.722377956 0.830922663
vt 0.783345878 0.831195414
vt 0.783288002 0.836469948
vt 0.722320497 0.836461484
vt 0.783228338 0.841754198
vt 0.722260714 0.84174794
vt 0.722201169 0.847555637
vt 0.783168733 0.847555637
vt 0.783110499 0.905600727
vt 0.722142637 0.905600727
vt 0.72208631 0.911211312
vt 0.783053875 0.911211312
vt 0.783000827 0.917504311
vt 0.722033322 0.917504311
vt 0.782951355 0.923727989
vt 0.72198385 0.923727989
vt 0.7829054 0.928077519
vt 0.721937895 0.928077579
vt 0.721895576 0.932283044
vt 0.782862961 0.932375312
vt 0.782806814 0.939206243
vt 0.721857548 0.937977731
vt 0.722827137 0.938958108
vt 0.780619383 0.945366859
vt 0.782749653 0.94529438
vt 0.782701492 0.94995898
vt 0.660949647 0.944612205
vt 0.721298158 0.940351844
vt 0.539122105 0.948752642
vt 0.782678366 0.953881323
vt 0.539096117 0.953478396
vt 0.782672644 0.958525419
vt 0.539089739 0.958525419
vt 0.782670677 0.983304381
vt 0.539087713 0.983304381
vt 0.720567048 0.938925326
vt 0.721846879 0.937957585
vt 0.714958131 0.938845336
vt 0.714522541 0.940273643
vt 0.713391244 0.937726974
vt 0.712287307 0.938753903
vt 0.713228941 0.9376477
vt 0.713322282 0.931802332
vt 0.60972935 0.938176394
vt 0.608805776 0.931585491
vt 0.60884136 0.927449226
vt 0.713358283 0.927449226
vt 0.608880758 0.923099458
vt 0.713397741 0.923099458
vt 0.608923674 0.916866064
vt 0.713440657 0.916866064
vt 0.608969986 0.910553575
vt 0.713486969 0.910553634
vt 0.609017611 0.904911935
vt 0.713534594 0.904911935
vt 0.609066367 0.846826255
vt 0.713583529 0.846826315
vt 0.608809948 0.937155962
vt 0.609115601 0.840967476
vt 0.713632584 0.840979397
vt 0.713681817 0.835648239
vt 0.609164476 0.835619688
vt 0.609211624 0.830008149
vt 0.713728607 0.830041349
vt 0.71377188 0.824831188
vt 0.609254897 0.824804604
vt 0.609291732 0.819814622
vt 0.713808715 0.819824696
vt 0.713838577 0.76532203
vt 0.609321594 0.76532203
vt 0.71386236 0.761257648
vt 0.609341145 0.761257648
vt 0.609356582 0.757180333
vt 0.713873565 0.757180333
vt 0.713766038 0.719635427
vt 0.609473765 0.719635427
vt 0.0211527329 0.570764959
vt 0.0834462121 0.574375749
vt 0.0834455565 0.570667148
vt 0.0202227011 0.574853957
vt 0.0202692114 0.600158334
vt 0.0834929869 0.599966049
vt 0.0834816098 0.627738535
vt 0.0202576052 0.627755284
vt 0.020221414 0.65336293
vt 0.0834454298 0.653362989
vt 0.0833997726 0.67663002
vt 0.0201757997 0.676629484
vt 0.0201137457 0.702919424
vt 0.0822173357 0.698854208
vt 0.0848615915 0.702868938
vt 0.0200624671 0.722884536
vt 0.145410061 0.72286582
vt 0.0909528807 0.702848673
vt 0.0199405272 0.724466562
vt 0.145411104 0.702839613
vt 0.0933956206 0.698945522
vt 0.0907445475 0.700465322
vt 0.198691368 0.676610947
vt 0.0921321884 0.676610947
vt 0.0921327695 0.653338313
vt 0.198691994 0.653338313
vt 0.198692456 0.627716839
vt 0.0921332166 0.62771678
vt 0.0920185745 0.600004077
vt 0.198807672 0.600004077
vt 0.0921335742 0.570674479
vt 0.198692843 0.570674479
vt 0.197426841 0.698945642
vt 0.19986859 0.702849329
vt 0.200077593 0.700466096
vt 0.205959693 0.702872753
vt 0.270756781 0.722887039
vt 0.270709246 0.702927291
vt 0.208606526 0.698863804
vt 0.270870775 0.724467337
vt 0.207428366 0.6766451
vt 0.270650566 0.676644623
vt 0.270607501 0.653384387
vt 0.207385346 0.653384387
vt 0.207351342 0.627764165
vt 0.270573556 0.627780914
vt 0.270563245 0.60018599
vt 0.207341492 0.599993587
vt 0.207389057 0.574403703
vt 0.270610571 0.57488203
vt 0.269680828 0.570793033
vt 0.207389995 0.570695221
vt 0.267905861 0.727989972
vt 0.271456063 0.739870787
vt 0.0228993781 0.72799021
vt 0.0193384998 0.739868462
vt 0.0226881783 0.739858985
vt 0.0247645639 0.729522228
vt 0.0228909217 0.751600027
vt 0.0199268125 0.755134881
vt 0.270854831 0.755135536
vt 0.0200181678 0.756833613
vt 0.270758092 0.756833613
vt 0.0200157091 0.767224908
vt 0.270755678 0.767224908
vt 0.0200134292 0.777599216
vt 0.270753413 0.777599216
vt 0.27086997 0.779302597
vt 0.0198925883 0.77930218
vt 0.267894834 0.751599967
vt 0.0247588493 0.750036836
vt 0.0235932842 0.782904088
vt 0.0198879614 0.801845968
vt 0.268106371 0.739858925
vt 0.024744872 0.739835262
vt 0.266030043 0.750036538
vt 0.26603654 0.729521751
vt 0.266049743 0.739834785
vt 0.267166793 0.78290391
vt 0.270864218 0.801846623
vt 0.266024917 0.78429848
vt 0.267163545 0.79823482
vt 0.0247335993 0.784298658
vt 0.0235908721 0.798234999
vt 0.0200042911 0.803574562
vt 0.270744354 0.803575695
vt 0.270742416 0.826318383
vt 0.020002326 0.826317072
vt 0.0199062638 0.828046262
vt 0.270834535 0.828047395
vt 0.0247324482 0.796836138
vt 0.266023517 0.796836019
vt 0.267367333 0.831689656
vt 0.270865828 0.855857193
vt 0.0233708452 0.831689358
vt 0.019861551 0.85585618
vt 0.270731181 0.857568383
vt 0.019991057 0.857566595
vt 0.27072832 0.881240904
vt 0.0199882705 0.881238997
vt 0.270874709 0.882932603
vt 0.0198366996 0.882931113
vt 0.267336756 0.852360606
vt 0.0233936291 0.852360606
vt 0.268119395 0.886537433
vt 0.270910382 0.914256036
vt 0.0247208737 0.833129525
vt 0.266015381 0.833129585
vt 0.0247319657 0.850960553
vt 0.266000628 0.850960553
vt 0.0225891545 0.886536658
vt 0.0197893847 0.914254904
vt 0.0199790113 0.915803134
vt 0.270719022 0.915804863
vt 0.270718157 0.953721166
vt 0.0199780874 0.95371896
vt 0.27071774 0.982601047
vt 0.0199775696 0.982598722
vt 0.0226391032 0.910620391
vt 0.268062353 0.910620809
vt 0.0236836914 0.909300923
vt 0.267019331 0.90930146
vt 0.267004281 0.887944043
vt 0.023702208 0.887943447
vt 0.288034528 0.581760883
vt 0.513822556 0.607863367
vt 0.513822556 0.581760883
vt 0.288034528 0.607863367
vt 0.288034528 0.641669214
vt 0.513822556 0.641669214
vt 0.288034528 0.670034587
vt 0.513822556 0.670034587
vt 0.513822556 0.686025321
vt 0.288034528 0.686025321
vt 0.288034528 0.703161716
vt 0.513822556 0.703161716
vt 0.288034528 0.713795006
vt 0.513822556 0.713795006
vt 0.513822556 0.721004069
vt 0.288034528 0.721004069
vt 0.288034528 0.727100611
vt 0.513822556 0.727100611
vt 0.513822556 0.732776344
vt 0.288034528 0.732776344
vt 0.288034528 0.737677693
vt 0.513822556 0.737677693
vt 0.288034528 0.756219029
vt 0.513822556 0.756219029
vt 0.513822556 0.777593434
vt 0.288034528 0.777593434
vt 0.513822556 0.800423861
vt 0.288034528 0.800423861
vt 0.288034528 0.821292698
vt 0.513822556 0.821292698
vt 0.513822556 0.842135012
vt 0.288034528 0.842135012
vt 0.288034528 0.861924112
vt 0.513822556 0.861924112
vt 0.513822556 0.883836448
vt 0.288034528 0.883836448
vt 0.288034528 0.907626987
vt 0.513822556 0.907626987
vt 0.288034528 0.919951856
vt 0.513822556 0.919951856
vt 0.288034528 0.934611619
vt 0.513822556 0.934611619
vt 0.288034528 0.98394078
vt 0.513822556 0.98394078
vt 0.299215883 0.183488116
vt 0.289927632 0.187383831
vt 0.294217795 0.180502355
vt 0.295312047 0.189899117
vt 0.287407517 0.193837628
vt 0.300171703 0.185284585
vt 0.293224812 0.195103347
vt 0.286705106 0.201685384
vt 0.296823949 0.190604344
vt 0.300525188 0.18532446
vt 0.298171788 0.190612033
vt 0.297777861 0.194822371
vt 0.294899195 0.195567191
vt 0.298778027 0.19898881
vt 0.294146776 0.201214954
vt 0.301631927 0.20442766
vt 0.29253599 0.201290473
vt 0.295851201 0.207634211
vt 0.305400401 0.209289551
vt 0.294243336 0.208270848
vt 0.288622409 0.210235804
vt 0.292472631 0.217935756
vt 0.299039781 0.213844731
vt 0.309410006 0.21293886
vt 0.297564387 0.21478869
vt 0.302186042 0.220733449
vt 0.297738403 0.224758208
vt 0.346682072 0.269443065
vt 0.303548127 0.21963501
vt 0.355145335 0.248609409
vt 0.351769656 0.263580352
vt 0.350703239 0.264941514
vt 0.371236354 0.282736063
vt 0.367539734 0.287551075
vt 0.372183919 0.281096935
vt 0.360035211 0.250565082
vt 0.364896804 0.249904126
vt 0.3830387 0.291191161
vt 0.380043417 0.296471298
vt 0.383764952 0.289379597
vt 0.394620895 0.297214955
vt 0.393123597 0.302877456
vt 0.406547159 0.304328978
vt 0.395000398 0.293692946
vt 0.369579166 0.246771246
vt 0.394807935 0.295501351
vt 0.405850708 0.298626691
vt 0.419537097 0.300000101
vt 0.405560166 0.297034144
vt 0.421104312 0.254248947
vt 0.372387409 0.241398469
vt 0.416580915 0.295054764
vt 0.428724557 0.291518718
vt 0.415608257 0.293776274
vt 0.424622416 0.261809498
vt 0.424049109 0.288113475
vt 0.434002966 0.279822081
vt 0.412485629 0.240676135
vt 0.373756737 0.235305071
vt 0.422746509 0.28719759
vt 0.428394079 0.27834934
vt 0.434554875 0.270389646
vt 0.426926553 0.277886748
vt 0.428734064 0.27079922
vt 0.431883454 0.259787083
vt 0.427172929 0.270606875
vt 0.426237047 0.261620224
vt 0.427781969 0.250909537
vt 0.422454 0.25353533
vt 0.419542283 0.237058401
vt 0.414090902 0.239728779
vt 0.410960585 0.217404202
vt 0.403527766 0.219694689
vt 0.377175331 0.179614007
vt 0.405235231 0.219202042
vt 0.406531423 0.196667805
vt 0.398725361 0.197535485
vt 0.400551736 0.197386578
vt 0.40614149 0.185076952
vt 0.398432046 0.184544027
vt 0.400158465 0.184828848
vt 0.406917125 0.177218124
vt 0.399070889 0.175401956
vt 0.376629978 0.173403606
vt 0.400997758 0.175942734
vt 0.404597104 0.164777696
vt 0.410101026 0.167260513
vt 0.402746409 0.164063871
vt 0.375074357 0.167322755
vt 0.410474151 0.155402198
vt 0.415429085 0.158855915
vt 0.408861458 0.154543087
vt 0.417871475 0.147127315
vt 0.422635466 0.150748864
vt 0.416846782 0.146307006
vt 0.421720833 0.141775221
vt 0.426932544 0.144905344
vt 0.430327505 0.138381034
vt 0.420306712 0.14097102
vt 0.424639612 0.136090606
vt 0.432492256 0.131470188
vt 0.422941238 0.135473594
vt 0.425356656 0.124444075
vt 0.426603019 0.130281866
vt 0.433293134 0.124371119
vt 0.424874425 0.129952833
vt 0.427212209 0.124322668
vt 0.432992607 0.117543586
vt 0.425076574 0.119005531
vt 0.350535601 0.138079718
vt 0.42671743 0.118610218
vt 0.431460947 0.110871553
vt 0.423591346 0.113623641
vt 0.425201237 0.11301814
vt 0.428705126 0.10439489
vt 0.421319783 0.108341984
vt 0.418321788 0.10338062
vt 0.353350729 0.108804859
vt 0.35358125 0.0811847523
vt 0.349413812 0.0560567491
vt 0.422869891 0.107499272
vt 0.424584925 0.0984773189
vt 0.342747033 0.0201746449
vt 0.339554399 0.0352849215
vt 0.327828795 0.0165953282
vt 0.328607023 0.013554045
vt 0.41980356 0.102176718
vt 0.343817085 0.0188704096
vt 0.347219974 0.0141288172
vt 0.331124812 0.00790797453
vt 0.328980356 0.00710058631
vt 0.326564759 0.0126273362
vt 0.299512655 0.301274061
vt 0.301597714 0.302333593
vt 0.299668759 0.298012257
vt 0.283558726 0.296815485
vt 0.284561425 0.295168936
vt 0.287376016 0.279998958
vt 0.277319729 0.259489924
vt 0.20821707 0.212709963
vt 0.272879153 0.234663442
vt 0.206781149 0.21384497
vt 0.272937506 0.207350925
vt 0.275165647 0.182261854
vt 0.275460452 0.178546637
vt 0.250847042 0.149902403
vt 0.204846427 0.207623199
vt 0.203418642 0.208403349
vt 0.202417076 0.202265084
vt 0.200722978 0.196980566
vt 0.200899214 0.202849835
vt 0.199056819 0.197347865
vt 0.199988499 0.191627949
vt 0.198157877 0.19165425
vt 0.200530007 0.186023533
vt 0.198721409 0.185611606
vt 0.202486098 0.180556804
vt 0.200812206 0.179791197
vt 0.20541431 0.1752965
vt 0.203922674 0.174214154
vt 0.209574148 0.170811743
vt 0.208278805 0.169492573
vt 0.217653036 0.163674071
vt 0.216126606 0.162555292
vt 0.223517731 0.15488179
vt 0.221789613 0.154136762
vt 0.226673543 0.144296169
vt 0.248919263 0.146268949
vt 0.224862024 0.143822193
vt 0.227167949 0.136009067
vt 0.225334838 0.135762006
vt 0.248064071 0.142250657
vt 0.22720544 0.123825543
vt 0.225374624 0.124028906
vt 0.222421408 0.102501191
vt 0.220670417 0.103112459
vt 0.251914233 0.0875267982
vt 0.213156968 0.0825074986
vt 0.211611867 0.0834723264
vt 0.204329014 0.0693541691
vt 0.202835172 0.0703293756
vt 0.20056957 0.0618555695
vt 0.198829979 0.0623432286
vt 0.195956856 0.0530881658
vt 0.231976196 0.0291567631
vt 0.253095865 0.0824342072
vt 0.256032377 0.0779264793
vt 0.261135757 0.0751464292
vt 0.243158728 0.0355127193
vt 0.266492665 0.0745901465
vt 0.25480634 0.0440190434
vt 0.244035214 0.033881437
vt 0.232432395 0.0273828004
vt 0.255799532 0.0424645692
vt 0.220788285 0.0253905281
vt 0.275175869 0.0616106763
vt 0.27184701 0.0765968636
vt 0.276289016 0.0601747632
vt 0.220863804 0.0272259116
vt 0.209372789 0.0285421126
vt 0.324224263 0.104476035
vt 0.318464369 0.111257918
vt 0.325588733 0.103286073
vt 0.21025075 0.0301554948
vt 0.201043829 0.0351975374
vt 0.328913808 0.110316157
vt 0.322606266 0.114942476
vt 0.330410987 0.109286338
vt 0.32649526 0.119860187
vt 0.332267344 0.116622426
vt 0.333936274 0.115901195
vt 0.335939944 0.123092979
vt 0.334121466 0.123180941
vt 0.329417646 0.125362113
vt 0.335142016 0.129625514
vt 0.333303928 0.128976092
vt 0.3303653 0.12961176
vt 0.331220746 0.133979291
vt 0.332702726 0.135001048
vt 0.327251673 0.140379459
vt 0.329856396 0.133825526
vt 0.327079892 0.138888195
vt 0.326876521 0.138752088
vt 0.539418876 0.755614877
vt 0.600382984 0.718059301
vt 0.539417207 0.718059242
vt 0.600384653 0.755614936
vt 0.60038954 0.759717703
vt 0.539423764 0.759717703
vt 0.539429843 0.763828933
vt 0.60039562 0.763828933
vt 0.539436936 0.818378508
vt 0.600402713 0.818375647
vt 0.600409031 0.823434949
vt 0.539443254 0.823441505
vt 0.600412011 0.828714132
vt 0.539446235 0.828720629
vt 0.600410759 0.834401727
vt 0.539444983 0.83440572
vt 0.539437473 0.839823186
vt 0.600403249 0.839822292
vt 0.600389659 0.845753908
vt 0.539423883 0.845753968
vt 0.539404392 0.903913975
vt 0.600370347 0.903913975
vt 0.539381087 0.909623444
vt 0.600346863 0.909623444
vt 0.539354146 0.915996492
vt 0.600319922 0.915996492
vt 0.539326012 0.922281206
vt 0.600291789 0.922281206
vt 0.600264609 0.926672995
vt 0.539298773 0.926672995
vt 0.600238562 0.931019604
vt 0.539273083 0.930885196
vt 0.539221108 0.937516332
vt 0.600204825 0.936882854
vt 0.599192977 0.937869132
vt 0.600218654 0.936909199
vt 0.601458967 0.937942982
vt 0.54128623 0.943445921
vt 0.539164543 0.943597674
vt 0.600676 0.939346552
vt 0.607062757 0.938142598
vt 0.607445419 0.939571977
vt 0.608657479 0.937142551
vt 0.687466741 0.216840416
vt 0.692632735 0.220013857
vt 0.691100061 0.21702902
vt 0.685304523 0.219614759
vt 0.692632198 0.231143624
vt 0.681989908 0.228636146
vt 0.681989908 0.269633919
vt 0.692308366 0.268933713
vt 0.685773015 0.278277427
vt 0.688518882 0.278391898
vt 0.738658428 0.0149696441
vt 0.984673262 0.0117233805
vt 0.738658428 0.0117233805
vt 0.984673262 0.0149696441
vt 0.984673262 0.0257815383
vt 0.738658428 0.0257815383
vt 0.984673262 0.0631502196
vt 0.738658428 0.0631502196
vt 0.984673262 0.0727714002
vt 0.738658428 0.0727714002
vt 0.984673262 0.0749101937
vt 0.738658428 0.0749101937
vt 0.984673262 0.0837836042
vt 0.738658428 0.0837836042
vt 0.984673262 0.12439432
vt 0.738658428 0.12439432
vt 0.984673262 0.133712739
vt 0.738658428 0.133712739
vt 0.738658428 0.137127429
vt 0.984673262 0.137127429
vt 0.700032711 0.22030969
vt 0.705226123 0.217180923
vt 0.701591194 0.217338324
vt 0.707364857 0.21997343
vt 0.69993794 0.231438503
vt 0.710601628 0.229022667
vt 0.710249901 0.270018131
vt 0.69993794 0.269229352
vt 0.706392527 0.278628916
vt 0.703646123 0.278719693
vt 1.6974684 0.447668821
vt 1.69487751 0.443645567
vt 1.69487751 0.447668821
vt 1.6974684 0.443645567
vt 1.70005929 0.447668821
vt 1.70005929 0.443645567
vt 1.70265031 0.447668821
vt 1.70265031 0.443645567
vt 1.7052412 0.447668821
vt 1.7052412 0.443645567
vt 1.70783222 0.447668821
vt 1.70783222 0.443645567
vt 1.71042323 0.447668821
vt 1.71042323 0.443645567
vt 1.70321918 0.433612496
vt 1.69933271 0.431368679
vt 1.70062828 0.433612496
vt 1.70321918 0.429124862
vt 1.70451474 0.431368679
vt 1.70062828 0.429124862
vt 1.6974684 0.447668821
vt 1.69487751 0.443645567
vt 1.69487751 0.447668821
vt 1.6974684 0.443645567
vt 1.70005929 0.447668821
vt 1.70005929 0.443645567
vt 1.70265031 0.447668821
vt 1.70265031 0.443645567
vt 1.7052412 0.447668821
vt 1.7052412 0.443645567
vt 1.70783222 0.447668821
vt 1.70783222 0.443645567
vt 1.71042323 0.447668821
vt 1.71042323 0.443645567
vt 1.70321918 0.433612496
vt 1.69933271 0.431368679
vt 1.70062828 0.433612496
vt 1.70321918 0.429124862
vt 1.70451474 0.431368679
vt 1.70062828 0.429124862
vt 0.6974684 0.447668821
vt 0.694877505 0.443645567
vt 0.694877505 0.447668821
vt 0.6974684 0.443645567
vt 0.700059295 0.447668821
vt 0.700059295 0.443645567
vt 0.702650309 0.447668821
vt 0.702650309 0.443645567
vt 0.705241203 0.447668821
vt 0.705241203 0.443645567
vt 0.707832217 0.447668821
vt 0.707832217 0.443645567
vt 0.710423231 0.447668821
vt 0.710423231 0.443645567
vt 0.703219235 0.433612496
vt 0.699332654 0.431368679
vt 0.700628221 0.433612496
vt 0.703219235 0.429124862
vt 0.704514682 0.431368679
vt 0.700628221 0.429124862
vt 1.69487751 0.443645567
vt 1.6974684 0.447668821
vt 1.69487751 0.447668821
vt 1.6974684 0.443645567
vt 1.70005929 0.447668821
vt 1.70005929 0.443645567
vt 1.70265031 0.447668821
vt 1.70265031 0.443645567
vt 1.7052412 0.447668821
vt 1.7052412 0.443645567
vt 1.70783222 0.447668821
vt 1.70783222 0.443645567
vt 1.71042323 0.447668821
vt 1.71042323 0.443645567
vt 1.70321918 0.429124862
vt 1.69933271 0.431368679
vt 1.70062828 0.429124862
vt 1.70321918 0.433612496
vt 1.70451474 0.431368679
vt 1.70062828 0.433612496
vt 1.69487751 0.443645567
vt 1.6974684 0.447668821
vt 1.69487751 0.447668821
vt 1.6974684 0.443645567
vt 1.70005929 0.447668821
vt 1.70005929 0.443645567
vt 1.70265031 0.447668821
vt 1.70265031 0.443645567
vt 1.7052412 0.447668821
vt 1.7052412 0.443645567
vt 1.70783222 0.447668821
vt 1.70783222 0.443645567
vt 1.71042323 0.447668821
vt 1.71042323 0.443645567
vt 1.70321918 0.429124862
vt 1.69933271 0.431368679
vt 1.70062828 0.429124862
vt 1.70321918 0.433612496
vt 1.70451474 0.431368679
vt 1.70062828 0.433612496
vt 1.69487751 0.443645567
vt 1.6974684 0.447668821
vt 1.69487751 0.447668821
vt 1.6974684 0.443645567
vt 1.70005929 0.447668821
vt 1.70005929 0.443645567
vt 1.70265031 0.447668821
vt 1.70265031 0.443645567
vt 1.7052412 0.447668821
vt 1.7052412 0.443645567
vt 1.70783222 0.447668821
vt 1.70783222 0.443645567
vt 1.71042323 0.447668821
vt 1.71042323 0.443645567
vt 1.70321918 0.429124862
vt 1.69933271 0.431368679
vt 1.70062828 0.429124862
vt 1.70321918 0.433612496
vt 1.70451474 0.431368679
vt 1.70062828 0.433612496
vt 0.806759059 0.589417994
vt 0.820052445 0.570992649
vt 0.806856573 0.570677221
vt 0.819431365 0.590089381
vt 0.821679771 0.571510136
vt 0.821087539 0.589709222
vt 0.820960164 0.590949714
vt 0.817962766 0.603078544
vt 0.819704413 0.603321373
vt 0.834026098 0.604775846
vt 0.836742461 0.592290223
vt 0.83568728 0.590453684
vt 0.836299598 0.571846426
vt 0.821642756 0.570262134
vt 0.836275935 0.570073545
vt 0.821283519 0.557349026
vt 0.819651663 0.557276309
vt 0.835855842 0.556809127
vt 0.820975006 0.55580765
vt 0.836944699 0.555090249
vt 0.957098782 0.608741522
vt 0.939356863 0.593343019
vt 0.938329399 0.609104753
vt 0.957927406 0.594546974
vt 0.939544857 0.591638863
vt 0.958293378 0.592964351
vt 0.959571421 0.594419539
vt 0.958826125 0.608815789
vt 0.769447327 0.546211183
vt 0.76760751 0.542814076
vt 0.766298473 0.543054998
vt 0.770466208 0.545701325
vt 0.770830214 0.546795785
vt 0.853044212 0.546906173
vt 0.853399813 0.54580313
vt 0.854444146 0.546302974
vt 0.776140392 0.534508526
vt 0.794860542 0.504266918
vt 0.776166141 0.533404529
vt 0.770365417 0.527225316
vt 0.769080877 0.526979268
vt 0.793813825 0.503788054
vt 0.795190275 0.50312072
vt 0.856687009 0.543980181
vt 0.816381097 0.501453221
vt 0.815830767 0.500418842
vt 0.81733036 0.500753462
vt 0.857004583 0.526658118
vt 0.857391059 0.525629342
vt 0.858068109 0.526920974
vt 0.856182694 0.542942107
vt 0.857279837 0.542588174
vt 1.82005239 0.570992649
vt 1.80675912 0.589417994
vt 1.80685663 0.570677221
vt 1.8194313 0.590089381
vt 1.82167983 0.571510136
vt 1.82164276 0.570262134
vt 1.82128358 0.557349026
vt 1.8196516 0.557276309
vt 1.82097507 0.55580765
vt 1.83585584 0.556809127
vt 1.8369447 0.555090249
vt 1.83627594 0.570073545
vt 1.83629966 0.571846426
vt 1.83568728 0.590453684
vt 1.8210876 0.589709222
vt 1.8367424 0.592290223
vt 1.82096016 0.590949714
vt 1.81796277 0.603078544
vt 1.8340261 0.604775846
vt 1.81970441 0.603321373
vt 1.9393568 0.593343019
vt 1.95709872 0.608741522
vt 1.93832946 0.609104753
vt 1.95792747 0.594546974
vt 1.93954492 0.591638863
vt 1.95829344 0.592964351
vt 1.95957136 0.594419539
vt 1.95882607 0.608815789
vt 1.76760745 0.542814076
vt 1.76944733 0.546211183
vt 1.76629853 0.543054998
vt 1.77046621 0.545701325
vt 1.77083015 0.546795785
vt 1.85304427 0.546906173
vt 1.85339975 0.54580313
vt 1.85444415 0.546302974
vt 1.77614045 0.534508526
vt 1.7948606 0.504266918
vt 1.7761662 0.533404529
vt 1.77036548 0.527225316
vt 1.76908088 0.526979268
vt 1.79381382 0.503788054
vt 1.79519033 0.50312072
vt 1.85668707 0.543980181
vt 1.8163811 0.501453221
vt 1.81583071 0.500418842
vt 1.81733036 0.500753462
vt 1.85700464 0.526658118
vt 1.85739112 0.525629342
vt 1.85806811 0.526920974
vt 1.85618269 0.542942107
vt 1.85727978 0.542588174
vt 0.288034528 0.907626987
vt 0.660741806 0.219943017
vt 0.288034528 0.919951856
vt 0.0202692114 0.600158334
vt 0.0202576052 0.627755284
vt 0.648163617 0.224994734
vt 0.0199062638 0.828046262
vt 0.019991057 0.857566595
vt 0.019861551 0.85585618
vt 0.288034528 0.703161716
vt 0.0200042911 0.803574562
vt 0.288034528 0.686025321
vt 0.0199882705 0.881238997
vt 0.0198366996 0.882931113
vt 0.288034528 0.670034587
vt 0.0197893847 0.914254904
vt 0.0199790113 0.915803134
vt 0.288034528 0.641669214
vt 0.0199780874 0.95371896
vt 0.288034528 0.607863367
vt 0.0199775696 0.982598722
vt 0.687466741 0.216840416
vt 0.0198879614 0.801845968
vt 0.288034528 0.756219029
vt 0.0200042911 0.803574562
vt 0.0198925883 0.77930218
vt 0.0200157091 0.767224908
vt 0.288034528 0.777593434
vt 0.0198925883 0.77930218
vt 0.0199268125 0.755134881
vt 0.0193384998 0.739868462
vt 0.513822556 0.737677693
vt 0.513822556 0.727100611
vt 0.513822556 0.732776344
vt 0.513822556 0.721004069
vt 0.513822556 0.713795006
vt 0.513822556 0.703161716
vt 0.270744354 0.803575695
vt 0.270731181 0.857568383
vt 0.513822556 0.686025321
vt 0.513822556 0.670034587
vt 0.513822556 0.737677693
vt 0.270864218 0.801846623
vt 0.270744354 0.803575695
vt 0.27086997 0.779302597
vt 0.513822556 0.756219029
vt 0.270753413 0.777599216
vt 0.27086997 0.779302597
vt 0.270854831 0.755135536
vt 0.270758092 0.756833613
vt 0.270755678 0.767224908
vt 0.513822556 0.800423861
vt 0.270870775 0.724467337
vt 0.271456063 0.739870787
vt 0.270756781 0.722887039
vt 0.270709246 0.702927291
vt 0.513822556 0.821292698
vt 0.270709246 0.702927291
vt 0.513822556 0.800423861
vt 0.513822556 0.842135012
vt 0.270563245 0.60018599
vt 0.596880496 0.12009766
vt 0.270610571 0.57488203
vt 0.513822556 0.907626987
vt 0.270573556 0.627780914
vt 0.20250085 0.0363066755
vt 0.196272403 0.04520436
vt 0.198031843 0.045609653
vt 0.197763264 0.0530074686
vt 0.55286938 0.287256002
vt 0.560210347 0.279291391
vt 0.55852288 0.27864939
vt 0.559793115 0.271427512
vt 0.610915482 0.128959551
vt 0.647668242 0.135195121
vt 0.611462474 0.128158316
vt 0.609110713 0.12500909
vt 0.647380412 0.136046499
vt 0.651291668 0.136904314
vt 0.604745924 0.132086068
vt 0.596880496 0.12009766
vt 0.59543395 0.119520009
vt 0.603997052 0.13257198
vt 0.633216441 0.178408727
vt 0.631499827 0.177319154
vt 0.650796354 0.137657642
vt 0.654343963 0.139490053
vt 0.653668344 0.140091211
vt 0.684848905 0.183478922
vt 0.671943605 0.166445151
vt 0.675527632 0.202206478
vt 0.686986566 0.187898055
vt 0.607363641 0.17621991
vt 0.607242584 0.175310642
vt 0.602580965 0.176263079
vt 0.686103046 0.188135043
vt 0.686358452 0.192814618
vt 0.687443078 0.192991719
vt 0.618632793 0.204156801
vt 0.602957964 0.17699793
vt 0.599509895 0.179139599
vt 0.598924935 0.178421676
vt 0.6131984 0.20388791
vt 0.684359014 0.197426334
vt 0.68509835 0.197977602
vt 0.681192994 0.201477855
vt 0.680739045 0.200670406
vt 0.67567879 0.203103155
vt 0.618654966 0.205057874
vt 0.613119781 0.204788908
vt 0.607069254 0.203427002
vt 0.60732621 0.202560708
vt 0.601439595 0.201012343
vt 0.60197264 0.200264499
vt 0.598124504 0.198310837
vt 0.598847389 0.197717682
vt 0.596812129 0.194349691
vt 0.595966041 0.194738314
vt 0.595133901 0.188171208
vt 0.596030891 0.188179433
vt 0.596065521 0.182281077
vt 0.596911728 0.182609856
vt 0.645742297 0.228230536
vt 0.646306992 0.229057953
vt 0.648163617 0.224994734
vt 0.608505011 0.235468656
vt 0.660741806 0.219943017
vt 0.608803332 0.23634769
vt 0.60477829 0.23722671
vt 0.652652085 0.232273504
vt 0.662227273 0.219345599
vt 0.653420389 0.232769907
vt 0.623371124 0.279917866
vt 0.625134468 0.27879411
vt 0.605290115 0.238004997
vt 0.601639271 0.239886299
vt 0.602336526 0.240507677
vt 0.582586288 0.267362863
vt 0.583539963 0.267614275
vt 0.570265234 0.285130739
vt 0.579853952 0.304395288
vt 0.571072459 0.285593688
vt 0.568066418 0.289675593
vt 0.568977654 0.289922565
vt 0.567948461 0.295074075
vt 0.649959803 0.277666122
vt 0.650082588 0.276727468
vt 0.654876828 0.277706802
vt 0.568870425 0.294898957
vt 0.570771158 0.299479276
vt 0.570008337 0.300042719
vt 0.574024856 0.30364272
vt 0.574494064 0.302815884
vt 0.579696298 0.305314213
vt 0.638344526 0.307323754
vt 0.638369441 0.306400359
vt 0.643958449 0.306123435
vt 0.644037843 0.30704689
vt 0.650261402 0.305646002
vt 0.654491544 0.278466612
vt 0.658037305 0.280668944
vt 0.658637047 0.279926836
vt 0.649998486 0.304758012
vt 0.656051457 0.303162277
vt 0.655504465 0.302396238
vt 0.659460664 0.300383747
vt 0.660709918 0.284238219
vt 0.661577702 0.283896506
vt 0.658718824 0.299776822
vt 0.66161561 0.289966464
vt 0.662535727 0.289954752
vt 0.660812378 0.296312809
vt 0.661681235 0.296709418
vt 0.978236794 0.473237127
vt 0.993244171 0.471071869
vt 0.993487358 0.477474064
vt 0.991806388 0.464844376
vt 0.977853894 0.479931623
vt 0.992515683 0.483816653
vt 0.990459919 0.489920765
vt 0.975943565 0.466819674
vt 0.988938093 0.45903194
vt 0.985206604 0.453823984
vt 0.974871635 0.485937506
vt 0.986837149 0.49524954
vt 0.982419848 0.499990374
vt 0.971267223 0.461654693
vt 0.980333328 0.449531853
vt 0.974903345 0.44610852
vt 0.969701767 0.490376562
vt 0.977134585 0.50357765
vt 0.971234798 0.506279767
vt 0.96489799 0.458578646
vt 0.968770742 0.443947375
vt 0.962454319 0.442795277
vt 0.96308136 0.492547303
vt 0.964954138 0.507569253
vt 0.958459973 0.507846534
vt 0.957842112 0.458095968
vt 0.955961108 0.44307369
vt 0.949682117 0.444366574
vt 0.956025124 0.492065698
vt 0.952144027 0.506694734
vt 0.94601202 0.504533708
vt 0.95122087 0.46026507
vt 0.943781614 0.447066426
vt 0.938479662 0.450642347
vt 0.949655652 0.488990813
vt 0.940582395 0.501110375
vt 0.935709119 0.496817976
vt 0.946047544 0.464704126
vt 0.934079885 0.455394387
vt 0.930588365 0.460737973
vt 0.944977283 0.483827025
vt 0.931978106 0.491609603
vt 0.929110765 0.485797435
vt 0.943063378 0.470711559
vt 0.928401947 0.46682623
vt 0.927289844 0.473110408
vt 0.942681789 0.477408916
vt 0.927673936 0.479570299
vt 0.917662621 0.602729857
vt 0.9226861 0.598012686
vt 0.919440031 0.603909791
vt 0.91531384 0.609115422
vt 0.920717716 0.597196937
vt 0.922469378 0.591202199
vt 0.924559355 0.591629565
vt 0.925365567 0.584944189
vt 0.913798928 0.607617199
vt 0.913208604 0.599807322
vt 0.908893824 0.611576974
vt 0.91008997 0.613343775
vt 0.904306889 0.616578698
vt 0.92323494 0.58492583
vt 0.917245746 0.590122342
vt 0.915776491 0.595159233
vt 0.922616482 0.578712821
vt 0.924714923 0.57832545
vt 0.922957063 0.571833909
vt 0.909978509 0.603895068
vt 0.905875325 0.607205927
vt 0.90348053 0.614613533
vt 0.910021067 0.597644389
vt 0.897450805 0.616378009
vt 0.897871852 0.618470669
vt 0.891299605 0.61921078
vt 0.920975685 0.572620153
vt 0.918064117 0.567117274
vt 0.919859648 0.565963089
vt 0.91577065 0.560640037
vt 0.917369008 0.579629481
vt 0.917890549 0.584849596
vt 0.913478136 0.589351952
vt 0.912240386 0.593672097
vt 0.914239883 0.562124789
vt 0.913561821 0.569933653
vt 0.915998101 0.574535072
vt 0.913588881 0.580367029
vt 0.91405499 0.584835708
vt 0.906059742 0.587819874
vt 0.903779507 0.593290091
vt 0.906132817 0.581892788
vt 0.907277107 0.601156175
vt 0.899641037 0.597469985
vt 0.912440419 0.575998247
vt 0.903987885 0.57641387
vt 0.903754115 0.603973567
vt 0.910340667 0.572071016
vt 0.899928093 0.606149673
vt 0.894277453 0.599724352
vt 0.901380658 0.60972923
vt 0.907647848 0.568511069
vt 0.899954557 0.57221657
vt 0.910386086 0.565787137
vt 0.895644784 0.607381761
vt 0.896371484 0.611194074
vt 0.904242635 0.565729797
vt 0.906407595 0.562510014
vt 0.891314626 0.607899487
vt 0.888504148 0.599713206
vt 0.89130187 0.617078483
vt 0.891289711 0.611774147
vt 0.900406122 0.563612163
vt 0.894649863 0.569944203
vt 0.886926293 0.607364953
vt 0.885074377 0.616351187
vt 0.884644032 0.618442237
vt 0.878306746 0.616550863
vt 0.886142492 0.611172199
vt 0.901908636 0.560047209
vt 0.896219254 0.562291205
vt 0.882741809 0.606145203
vt 0.883197308 0.597438872
vt 0.879143596 0.614589512
vt 0.881239772 0.609716952
vt 0.878913045 0.603930891
vt 0.873696327 0.611479223
vt 0.872482061 0.613234937
vt 0.867378831 0.609015405
vt 0.876738906 0.607145369
vt 0.875507593 0.601149857
vt 0.879163504 0.593245924
vt 0.868911266 0.607534111
vt 0.872762918 0.603868842
vt 0.872814298 0.597591937
vt 0.865086198 0.602542281
vt 0.86328876 0.603692234
vt 0.860191822 0.597820401
vt 0.869587779 0.599722326
vt 0.870713592 0.593666613
vt 0.877018213 0.587769628
vt 0.862174392 0.59703964
vt 0.86715126 0.59512049
vt 0.869563222 0.589299142
vt 0.860533834 0.590947092
vt 0.858434439 0.591328204
vt 0.857784748 0.584709227
vt 0.865781069 0.590025723
vt 0.869095683 0.584831417
vt 0.877089262 0.581843615
vt 0.859915376 0.584734499
vt 0.865260005 0.584805787
vt 0.86967051 0.58031565
vt 0.860681295 0.578458488
vt 0.858592749 0.578024507
vt 0.860466957 0.571642101
vt 0.865905166 0.579533398
vt 0.870906591 0.57599479
vt 0.879367709 0.576372087
vt 0.862432599 0.572464168
vt 0.867375374 0.574496925
vt 0.873124003 0.572020769
vt 0.865486979 0.566930711
vt 0.863713026 0.565745413
vt 0.867837071 0.560537636
vt 0.86994338 0.569848835
vt 0.875866055 0.568505287
vt 0.883504987 0.572189808
vt 0.869349003 0.562040508
vt 0.873171806 0.565759361
vt 0.879389524 0.565688193
vt 0.874255061 0.558082998
vt 0.873062134 0.556312919
vt 0.878846049 0.553096056
vt 0.87727654 0.562451065
vt 0.883218884 0.563523591
vt 0.888869524 0.569935083
vt 0.879669428 0.555062771
vt 0.881771207 0.559942842
vt 0.887503624 0.56227535
vt 0.885698915 0.553280115
vt 0.885276556 0.551185668
vt 0.891897917 0.550340176
vt 0.886775494 0.55846411
vt 0.891864538 0.561676562
vt 0.89189744 0.557798624
vt 0.891891122 0.552474499
vt 0.897016406 0.558487713
vt 0.898075581 0.553306758
vt 0.89851284 0.551216722
vt 0.904842138 0.553239167
vt 0.904003859 0.555199206
vt 0.909455538 0.558179915
vt 0.910664558 0.556421995
vt 0.914513648 0.509282887
vt 0.929764211 0.513519824
vt 0.929521024 0.507117629
vt 0.928083241 0.500890136
vt 0.914130747 0.515977383
vt 0.928792536 0.519862413
vt 0.926736772 0.525966525
vt 0.912220418 0.502865434
vt 0.925214946 0.495077699
vt 0.921483457 0.489869744
vt 0.911148489 0.521983266
vt 0.923114002 0.5312953
vt 0.918696702 0.536036134
vt 0.907544076 0.497700453
vt 0.916610181 0.485577613
vt 0.911180198 0.48215428
vt 0.90597862 0.526422322
vt 0.913411438 0.53962338
vt 0.907511652 0.542325497
vt 0.901174843 0.494624406
vt 0.905047596 0.479993135
vt 0.898731172 0.478841037
vt 0.899358213 0.528593063
vt 0.901230991 0.543614984
vt 0.894736826 0.543892264
vt 0.894118965 0.494141728
vt 0.892237961 0.47911945
vt 0.88595897 0.480412334
vt 0.892301977 0.528111458
vt 0.88842088 0.542740464
vt 0.882288873 0.540579438
vt 0.887497723 0.49631083
vt 0.880058467 0.483112186
vt 0.874756515 0.486688107
vt 0.885932505 0.525036573
vt 0.876859248 0.537156105
vt 0.871985972 0.532863736
vt 0.882324398 0.500749886
vt 0.870356739 0.491440147
vt 0.866865218 0.496783733
vt 0.881254137 0.519872785
vt 0.86825496 0.527655363
vt 0.865387619 0.521843195
vt 0.879340231 0.506757319
vt 0.8646788 0.50287199
vt 0.863566697 0.509156168
vt 0.878958642 0.513454676
vt 0.863950789 0.515616059
vt 0.990070999 0.562482119
vt 0.985047519 0.56719929
vt 0.98682493 0.568379223
vt 0.982698739 0.573584855
vt 0.988102615 0.561666369
vt 0.989854276 0.555671632
vt 0.991944253 0.556098998
vt 0.992750466 0.549413621
vt 0.981183827 0.572086632
vt 0.980593503 0.564276755
vt 0.976278722 0.576046407
vt 0.977474868 0.577813208
vt 0.971691787 0.581048131
vt 0.990619838 0.549395263
vt 0.984630644 0.554591775
vt 0.98316139 0.559628665
vt 0.99000138 0.543182254
vt 0.992099822 0.542794883
vt 0.990341961 0.536303341
vt 0.977363408 0.568364501
vt 0.973260224 0.57167536
vt 0.970865428 0.579082966
vt 0.977405965 0.562113822
vt 0.964835703 0.580847442
vt 0.965256751 0.582940102
vt 0.958684504 0.583680212
vt 0.988360584 0.537089586
vt 0.984753907 0.544098914
vt 0.985449016 0.531586707
vt 0.987244546 0.530432522
vt 0.983155549 0.52510947
vt 0.985275447 0.549319029
vt 0.980863035 0.553821385
vt 0.979625285 0.55814153
vt 0.983383 0.539004505
vt 0.98094672 0.534403086
vt 0.981624782 0.526594222
vt 0.98097378 0.544836462
vt 0.981439888 0.549305141
vt 0.973444641 0.552289307
vt 0.971164405 0.557759523
vt 0.973517716 0.546362221
vt 0.974662006 0.565625608
vt 0.967025936 0.561939418
vt 0.979825318 0.54046768
vt 0.971372783 0.540883303
vt 0.971139014 0.568443
vt 0.977725565 0.536540449
vt 0.967312992 0.570619106
vt 0.961662352 0.564193785
vt 0.968765557 0.574198663
vt 0.975032747 0.532980502
vt 0.967339456 0.536686003
vt 0.977770984 0.530256569
vt 0.963029683 0.571851194
vt 0.963756382 0.575663507
vt 0.971627533 0.53019923
vt 0.973792493 0.526979446
vt 0.958699524 0.57236892
vt 0.955889046 0.564182639
vt 0.958686769 0.581547916
vt 0.95867461 0.576243579
vt 0.967791021 0.528081596
vt 0.962034762 0.534413636
vt 0.954311192 0.571834385
vt 0.952459276 0.58082062
vt 0.95202893 0.58291167
vt 0.945691645 0.581020296
vt 0.953527391 0.575641632
vt 0.969293535 0.524516642
vt 0.963604152 0.526760638
vt 0.950126708 0.570614636
vt 0.950582206 0.561908305
vt 0.946528494 0.579058945
vt 0.948624671 0.574186385
vt 0.946297944 0.568400323
vt 0.941081226 0.575948656
vt 0.93986696 0.57770437
vt 0.93476373 0.573484838
vt 0.944123805 0.571614802
vt 0.942892492 0.56561929
vt 0.946548402 0.557715356
vt 0.936296165 0.572003543
vt 0.940147817 0.568338275
vt 0.940199196 0.562061369
vt 0.932471097 0.567011714
vt 0.930673659 0.568161666
vt 0.927576721 0.562289834
vt 0.936972678 0.564191759
vt 0.93809849 0.558136046
vt 0.944403112 0.55223906
vt 0.92955929 0.561509073
vt 0.934536159 0.559589922
vt 0.936948121 0.553768575
vt 0.927918732 0.555416524
vt 0.925819337 0.555797637
vt 0.925169647 0.54917866
vt 0.933165967 0.554495156
vt 0.936480582 0.549300849
vt 0.944474161 0.546313047
vt 0.927300274 0.549203932
vt 0.932644904 0.549275219
vt 0.937055409 0.544785082
vt 0.928066194 0.542927921
vt 0.925977647 0.542493939
vt 0.927851856 0.536111534
vt 0.933290064 0.544002831
vt 0.93829149 0.540464222
vt 0.946752608 0.54084152
vt 0.929817498 0.536933601
vt 0.934760273 0.538966358
vt 0.940508902 0.536490202
vt 0.932871878 0.531400144
vt 0.931097925 0.530214846
vt 0.93522197 0.525007069
vt 0.937328279 0.534318268
vt 0.943250954 0.53297472
vt 0.950889885 0.536659241
vt 0.936733902 0.526509941
vt 0.940556705 0.530228794
vt 0.946774423 0.530157626
vt 0.94163996 0.522552431
vt 0.940447032 0.520782351
vt 0.946230948 0.517565489
vt 0.944661438 0.526920497
vt 0.950603783 0.527993023
vt 0.956254423 0.534404516
vt 0.947054327 0.519532204
vt 0.949156106 0.524412274
vt 0.954888523 0.526744783
vt 0.953083813 0.517749548
vt 0.952661455 0.5156551
vt 0.959282815 0.514809608
vt 0.954160392 0.522933543
vt 0.959249437 0.526145995
vt 0.959282339 0.522268057
vt 0.959276021 0.516943932
vt 0.964401305 0.522957146
vt 0.965460479 0.517776191
vt 0.965897739 0.515686154
vt 0.972227037 0.5177086
vt 0.971388757 0.519668639
vt 0.976840436 0.522649348
vt 0.978049457 0.520891428
vt 0.749158025 0.532286763
vt 0.74806869 0.536833882
vt 0.749826074 0.537520409
vt 0.748126268 0.538157225
vt 0.733421087 0.538157225
vt 0.747698069 0.532160401
vt 0.747841835 0.531048298
vt 0.733712077 0.53104794
vt 0.733854175 0.532160759
vt 0.73239553 0.532285452
vt 0.733480573 0.536833882
vt 0.731721759 0.537518382
vt 0.567771018 0.562601149
vt 0.552458227 0.561412513
vt 0.551628888 0.562969565
vt 0.550207913 0.561333418
vt 0.551866949 0.56073457
vt 0.550206006 0.551362991
vt 0.55177933 0.552093506
vt 0.552326739 0.551497459
vt 0.551581323 0.549915612
vt 0.567501962 0.549697995
vt 0.566819131 0.551276624
vt 0.567443192 0.551836312
vt 0.569011867 0.551091373
vt 0.567602217 0.560474813
vt 0.569207847 0.561143994
vt 0.567006767 0.561060488
vt 0.599353552 0.579569221
vt 0.598264217 0.58411634
vt 0.600021601 0.584802866
vt 0.598321795 0.585439682
vt 0.583616614 0.585439682
vt 0.597893596 0.579442859
vt 0.598037362 0.578330755
vt 0.583907604 0.578330457
vt 0.584049702 0.579443216
vt 0.582591057 0.579567969
vt 0.5836761 0.58411634
vt 0.581917286 0.584800899
vt 0.568673432 0.584770679
vt 0.553360641 0.583582044
vt 0.552531302 0.585139096
vt 0.551110327 0.583502948
vt 0.552769363 0.5829041
vt 0.55110842 0.573532522
vt 0.552681744 0.574263036
vt 0.553229153 0.57366699
vt 0.552483737 0.572085142
vt 0.568404377 0.571867526
vt 0.567721546 0.573446155
vt 0.568345606 0.574005842
vt 0.569914281 0.573260903
vt 0.568504632 0.582644343
vt 0.570110261 0.583313525
vt 0.567909181 0.583230019
vt 0.599353552 0.598527312
vt 0.598264217 0.603074431
vt 0.600021601 0.603760958
vt 0.598321795 0.604397774
vt 0.583616614 0.604397774
vt 0.597893596 0.59840095
vt 0.598037362 0.597288847
vt 0.583907604 0.597288549
vt 0.584049702 0.598401308
vt 0.582591057 0.598526061
vt 0.5836761 0.603074431
vt 0.581917286 0.603758991
vt 0.568673432 0.605308592
vt 0.553360641 0.604119956
vt 0.552531302 0.605677009
vt 0.551110327 0.604040861
vt 0.552769363 0.603442013
vt 0.55110842 0.594070435
vt 0.552681744 0.594800949
vt 0.553229153 0.594204903
vt 0.552483737 0.592623055
vt 0.568404377 0.592405438
vt 0.567721546 0.593984067
vt 0.568345606 0.594543755
vt 0.569914281 0.593798816
vt 0.568504632 0.603182256
vt 0.570110261 0.603851438
vt 0.567909181 0.603767931
vt 0.629133999 0.584755778
vt 0.628044665 0.589302897
vt 0.629802048 0.589989424
vt 0.628102243 0.59062624
vt 0.613397062 0.59062624
vt 0.627674043 0.584629416
vt 0.62781781 0.583517313
vt 0.613688052 0.583517075
vt 0.613830149 0.584629774
vt 0.612371504 0.584754586
vt 0.613456547 0.589302897
vt 0.611697733 0.589987516
vt 0.718929112 0.552322924
vt 0.703616321 0.551134288
vt 0.702786982 0.55269134
vt 0.701366007 0.551055193
vt 0.703025043 0.550456345
vt 0.7013641 0.541084766
vt 0.702937424 0.541815281
vt 0.703484833 0.541219234
vt 0.702739418 0.539637387
vt 0.718660057 0.53941977
vt 0.717977226 0.540998399
vt 0.718601286 0.541558087
vt 0.720169961 0.540813148
vt 0.718760312 0.550196588
vt 0.720365942 0.550865769
vt 0.718164861 0.550782263
vt 0.629133999 0.599775672
vt 0.628044665 0.604322791
vt 0.629802048 0.605009317
vt 0.628102243 0.605646133
vt 0.613397062 0.605646133
vt 0.627674043 0.59964931
vt 0.62781781 0.598537207
vt 0.613688052 0.598536849
vt 0.613830149 0.599649668
vt 0.612371504 0.599774361
vt 0.613456547 0.604322791
vt 0.611697733 0.605007291
vt 0.718929112 0.532271087
vt 0.703616321 0.531082451
vt 0.702786982 0.532639503
vt 0.701366007 0.531003356
vt 0.703025043 0.530404508
vt 0.7013641 0.521032929
vt 0.702937424 0.521763444
vt 0.703484833 0.521167397
vt 0.702739418 0.51958555
vt 0.718660057 0.519367933
vt 0.717977226 0.520946562
vt 0.718601286 0.52150625
vt 0.720169961 0.520761311
vt 0.718760312 0.530144751
vt 0.720365942 0.530813932
vt 0.718164861 0.530730426
vt 0.198530525 0.499913692
vt 0.203909025 0.522135973
vt 0.196218178 0.521616399
vt 0.195357099 0.536907256
vt 0.208745375 0.501015306
vt 0.200807944 0.481760323
vt 0.201322809 0.53665781
vt 0.201313928 0.541538596
vt 0.195812091 0.542960644
vt 0.198122576 0.549261868
vt 0.202879325 0.546348512
vt 0.202281669 0.553891838
vt 0.202737138 0.540931523
vt 0.203027517 0.536281168
vt 0.204626054 0.529474854
vt 0.205673724 0.522151887
vt 0.209595859 0.501031041
vt 0.211688817 0.483039349
vt 0.205497131 0.549451709
vt 0.208248854 0.556442618
vt 0.209449679 0.551109076
vt 0.214832187 0.556414187
vt 0.206498757 0.548476875
vt 0.214149699 0.550767481
vt 0.237967238 0.549849272
vt 0.204173446 0.545690298
vt 0.209903657 0.549856305
vt 0.236205667 0.54432714
vt 0.2604267 0.541357756
vt 0.2139716 0.549267054
vt 0.235684827 0.542793512
vt 0.258182704 0.536041677
vt 0.280661702 0.531922638
vt 0.257521212 0.534627438
vt 0.278031558 0.52678287
vt 0.300110847 0.521268666
vt 0.210229442 0.522787035
vt 0.27725631 0.525430381
vt 0.297100544 0.516365349
vt 0.207768053 0.522298872
vt 0.313655525 0.505398512
vt 0.317145884 0.509960055
vt 0.334890187 0.495052606
vt 0.330777347 0.491141528
vt 0.351798654 0.47401312
vt 0.312699676 0.504252374
vt 0.296243459 0.515131593
vt 0.221109688 0.503875494
vt 0.228193521 0.486687243
vt 0.329597443 0.490189463
vt 0.346844047 0.471236259
vt 0.21625863 0.502146721
vt 0.222688556 0.485458523
vt 0.355106711 0.449977189
vt 0.360790581 0.451052487
vt 0.355377525 0.425937533
vt 0.361018568 0.425467044
vt 0.35719943 0.403684139
vt 0.353220463 0.449739963
vt 0.34545961 0.470653117
vt 0.234038979 0.470189363
vt 0.228387594 0.468713284
vt 0.239389554 0.449598253
vt 0.221642002 0.485223591
vt 0.351727635 0.405325979
vt 0.348476529 0.383099645
vt 0.353913784 0.426095665
vt 0.343328983 0.385752529
vt 0.336608469 0.362988263
vt 0.243554771 0.427241623
vt 0.350234956 0.40585658
vt 0.332126349 0.366571784
vt 0.317125827 0.34414053
vt 0.246352538 0.40547809
vt 0.237788111 0.42632091
vt 0.341917515 0.386597157
vt 0.24807018 0.385531068
vt 0.313455582 0.348610431
vt 0.299414277 0.332374305
vt 0.296306819 0.337260246
vt 0.280515045 0.321974367
vt 0.31233561 0.349881977
vt 0.330838859 0.367714733
vt 0.251507074 0.343083858
vt 0.249676123 0.364919931
vt 0.240978017 0.404271334
vt 0.2775397 0.326853335
vt 0.257618457 0.309799582
vt 0.295306057 0.338537842
vt 0.242944643 0.38402757
vt 0.253314078 0.313375205
vt 0.253031671 0.2896218
vt 0.276584327 0.327959746
vt 0.244476214 0.363632441
vt 0.252680957 0.315419883
vt 0.246389955 0.315695047
vt 0.242235705 0.293909729
vt 0.245593727 0.343172938
vt 0.240583897 0.288664937
vt 0.250325203 0.282801449
vt 0.245270446 0.275960386
vt 0.237536177 0.28380999
vt 0.239418492 0.271485269
vt 0.244814962 0.316079915
vt 0.240058571 0.289133906
vt 0.234280944 0.28120181
vt 0.231770054 0.268752843
vt 0.241474912 0.294440299
vt 0.243262917 0.316348881
vt 0.244456768 0.343463004
vt 0.237273261 0.284263611
vt 0.239431456 0.289554089
vt 0.240582898 0.294750005
vt 0.230216891 0.279467881
vt 0.223594159 0.268646806
vt 0.234091863 0.281752348
vt 0.225554287 0.279271901
vt 0.215030745 0.271817654
vt 0.236849234 0.284795016
vt 0.230246946 0.279883206
vt 0.233804017 0.282390624
vt 0.220516995 0.280989558
vt 0.208470374 0.277824104
vt 0.216822743 0.284511983
vt 0.204239815 0.286397636
vt 0.220580354 0.28128168
vt 0.225652069 0.279714614
vt 0.230182081 0.280495077
vt 0.225718036 0.280367881
vt 0.214432701 0.290165544
vt 0.202535227 0.296996891
vt 0.220732033 0.281818926
vt 0.216923013 0.284795314
vt 0.21719791 0.285203546
vt 0.214735508 0.290486634
vt 0.215173557 0.290767014
vt 0.213635355 0.29824844
vt 0.215267718 0.298648655
vt 0.214446053 0.298479766
vt 0.214114398 0.314225554
vt 0.202807978 0.314387441
vt 0.204109222 0.334449768
vt 0.215146467 0.314341545
vt 0.215373963 0.33391282
vt 0.205299929 0.356323063
vt 0.216331959 0.333896756
vt 0.216499463 0.355853528
vt 0.206115246 0.37800929
vt 0.216162726 0.314402431
vt 0.217269748 0.333866298
vt 0.217292696 0.377794981
vt 0.206137568 0.399681956
vt 0.217235819 0.356371969
vt 0.243319303 0.34359774
vt 0.217357561 0.3996782
vt 0.20614554 0.421296865
vt 0.21794723 0.356905729
vt 0.217935264 0.378290117
vt 0.242556989 0.363902241
vt 0.217320621 0.421577483
vt 0.205081925 0.442533553
vt 0.218488038 0.378821701
vt 0.218098879 0.399918169
vt 0.243507385 0.363777518
vt 0.216270968 0.443312287
vt 0.202985078 0.4638004
vt 0.241173595 0.384135097
vt 0.242044136 0.384067744
vt 0.2187704 0.400177807
vt 0.2180565 0.421554804
vt 0.214138731 0.464943588
vt 0.239187509 0.404234409
vt 0.240067542 0.404246062
vt 0.218746945 0.421525866
vt 0.217109099 0.443274379
vt 0.214969873 0.464903891
vt 0.235925287 0.426188499
vt 0.236843243 0.426250339
vt 0.217915818 0.443262368
vt 0.212509856 0.483022541
vt 0.231677249 0.448145241
vt 0.215788677 0.464919865
vt 0.232646599 0.448275238
vt 0.213328645 0.48305586
vt 0.226419345 0.468332797
vt 0.233621418 0.448408455
vt 0.227399781 0.468531013
vt 0.220593348 0.48495701
vt 0.210453436 0.501091659
vt 0.205831379 0.522160172
vt 0.214222535 0.501585245
vt 0.21523577 0.501835942
vt 0.206840128 0.522195578
vt 0.682775438 0.514353693
vt 0.68302691 0.496092439
vt 0.684457719 0.514229059
vt 0.686539054 0.53241843
vt 0.681377113 0.496155739
vt 0.682145417 0.474555194
vt 0.684894741 0.532584429
vt 0.689888656 0.553870201
vt 0.68048358 0.47456044
vt 0.682945192 0.453038961
vt 0.68851167 0.554149449
vt 0.691761434 0.568805039
vt 0.690510213 0.569030881
vt 0.69106853 0.574225783
vt 0.689543903 0.573611677
vt 0.688638926 0.579404771
vt 0.687303901 0.578520656
vt 0.685032487 0.582889199
vt 0.684094548 0.581646204
vt 0.68007946 0.584533572
vt 0.6798141 0.583052874
vt 0.674565792 0.583890557
vt 0.675130069 0.567617476
vt 0.67869854 0.566429853
vt 0.681146085 0.563626349
vt 0.682000279 0.559784234
vt 0.674890041 0.582410336
vt 0.65227145 0.576563597
vt 0.670554757 0.566951394
vt 0.652311921 0.574889719
vt 0.630299032 0.567558587
vt 0.68028903 0.547982156
vt 0.666960776 0.565863609
vt 0.6310004 0.566142499
vt 0.610556483 0.557573795
vt 0.676588237 0.526717305
vt 0.650811791 0.558703661
vt 0.611404657 0.556207836
vt 0.591637731 0.546370864
vt 0.674734414 0.510644555
vt 0.635615647 0.551573992
vt 0.672992826 0.492481142
vt 0.679349124 0.547758162
vt 0.675473332 0.526640594
vt 0.673611939 0.510617554
vt 0.66950506 0.510884762
vt 0.671856403 0.49246937
vt 0.671948612 0.470921099
vt 0.681292832 0.559480071
vt 0.677724302 0.558556676
vt 0.671374917 0.527014732
vt 0.60720998 0.529834092
vt 0.652211547 0.554851174
vt 0.675317109 0.547880709
vt 0.680322945 0.563156903
vt 0.677280784 0.561137915
vt 0.678112864 0.565661073
vt 0.676029086 0.5628075
vt 0.674980342 0.566785276
vt 0.674102843 0.563410282
vt 0.670616627 0.566405177
vt 0.6682688 0.561932564
vt 0.670860529 0.562956095
vt 0.667139411 0.56531024
vt 0.650697529 0.55802685
vt 0.636077702 0.550990522
vt 0.637906551 0.547804058
vt 0.623890698 0.540090561
vt 0.621725619 0.54325068
vt 0.621088088 0.543878973
vt 0.604466081 0.532711267
vt 0.603622496 0.533331871
vt 0.592617035 0.545092642
vt 0.576459527 0.533206165
vt 0.575336516 0.534371018
vt 0.558584929 0.518759429
vt 0.588837922 0.521903872
vt 0.589858711 0.521277308
vt 0.592822075 0.518436134
vt 0.580100477 0.504122615
vt 0.559938133 0.517856419
vt 0.543733299 0.496813774
vt 0.545250833 0.496259958
vt 0.538388312 0.473545253
vt 0.540007532 0.473561674
vt 0.539064169 0.448487848
vt 0.575316072 0.50676018
vt 0.57652837 0.506275773
vt 0.577905834 0.496094882
vt 0.57282263 0.497511178
vt 0.573954105 0.497286648
vt 0.667725503 0.492674947
vt 0.577768087 0.491506189
vt 0.57385391 0.492732793
vt 0.572933435 0.493046582
vt 0.576643109 0.487902761
vt 0.670820653 0.470941752
vt 0.66670835 0.471014351
vt 0.671403825 0.451409042
vt 0.572978258 0.489869773
vt 0.672429979 0.451385617
vt 0.572182596 0.490316808
vt 0.570901394 0.487446755
vt 0.57398653 0.484662384
vt 0.570240378 0.487962872
vt 0.567896068 0.485659152
vt 0.567223072 0.486065775
vt 0.570317209 0.482415199
vt 0.560016692 0.484043837
vt 0.561137438 0.483307958
vt 0.563866615 0.481411695
vt 0.559621811 0.466132671
vt 0.556103885 0.466586769
vt 0.555339098 0.466628641
vt 0.561396599 0.449675471
vt 0.540634215 0.448802888
vt 0.54403609 0.427080274
vt 0.557764709 0.449055344
vt 0.54552722 0.427657992
vt 0.553707242 0.406950712
vt 0.557033539 0.448858261
vt 0.555100381 0.407760412
vt 0.566507697 0.387532979
vt 0.561629355 0.430561543
vt 0.562372923 0.430974126
vt 0.567716002 0.388594419
vt 0.587439537 0.370660633
vt 0.569061041 0.41328463
vt 0.588054657 0.371545911
vt 0.606141388 0.360326111
vt 0.565901995 0.432324111
vt 0.569755495 0.41388467
vt 0.579426885 0.398685008
vt 0.606873751 0.361768275
vt 0.626774371 0.352428257
vt 0.573015213 0.415983051
vt 0.580088854 0.39947623
vt 0.58282727 0.402396739
vt 0.669906676 0.410910875
vt 0.670740366 0.391156673
vt 0.59883666 0.390845358
vt 0.596713305 0.387292027
vt 0.596129119 0.386358619
vt 0.615806818 0.383175075
vt 0.613671601 0.378460854
vt 0.614123583 0.379402876
vt 0.633430004 0.375664353
vt 0.63225919 0.372024059
vt 0.632023633 0.371261656
vt 0.652754426 0.365525037
vt 0.627393961 0.353936493
vt 0.653162956 0.344865978
vt 0.654565394 0.34595269
vt 0.658707201 0.324615687
vt 0.652854264 0.365102291
vt 0.652825773 0.368726939
vt 0.660153925 0.36563158
vt 0.660211802 0.325130045
vt 0.661030948 0.319412321
vt 0.662377954 0.320276022
vt 0.665195167 0.3145881
vt 0.66037792 0.364821136
vt 0.686006725 0.346779644
vt 0.688417435 0.331353635
vt 0.666212916 0.315826982
vt 0.669434249 0.312153816
vt 0.670066297 0.313621134
vt 0.674625695 0.310563594
vt 0.674834728 0.312152535
vt 0.679819584 0.310698658
vt 0.67952621 0.312280029
vt 0.685468018 0.312614232
vt 0.684593439 0.313983202
vt 0.689501524 0.31676802
vt 0.688073635 0.317583412
vt 0.691152334 0.323263675
vt 0.689499557 0.323409379
vt 0.690075696 0.331504017
vt 0.687618673 0.346969903
vt 0.68625468 0.366132349
vt 0.684613407 0.365947872
vt 0.686179936 0.387770206
vt 0.684755981 0.388837844
vt 0.685400605 0.409555107
vt 0.683985829 0.410656154
vt 0.684049606 0.431302398
vt 0.682558 0.431832224
vt 0.6813187 0.452988535
vt 0.673514128 0.430596977
vt 0.674968898 0.411114424
vt 0.675403953 0.391058117
vt 0.674737394 0.379519999
vt 0.672481418 0.43058446
vt 0.673934162 0.411144376
vt 0.667401731 0.451299071
vt 0.668468356 0.430358529
vt 0.674601257 0.391206533
vt 0.674152732 0.379621416
vt 0.672293365 0.372304827
vt 0.670644045 0.380620033
vt 0.667310953 0.367177129
vt 0.671555519 0.372733742
vt 0.666720271 0.367966622
vt 0.668701828 0.374912381
vt 0.659294367 0.369050473
vt 0.664839923 0.37093389
vt 0.0317499489 0.520448506
vt 0.0263714381 0.498226404
vt 0.0240589678 0.519929051
vt 0.0231978875 0.535219789
vt 0.0365861654 0.499327868
vt 0.0286488608 0.480072916
vt 0.0291637145 0.534970403
vt 0.0291547328 0.539851069
vt 0.0236529987 0.541273355
vt 0.0259633493 0.547574759
vt 0.0307201184 0.544661403
vt 0.0301225763 0.55220449
vt 0.0305779353 0.539244115
vt 0.0308682881 0.534593642
vt 0.0324668512 0.527787387
vt 0.0335145146 0.52046448
vt 0.0374367647 0.499343634
vt 0.0395296067 0.481352061
vt 0.033337906 0.547764301
vt 0.0360897668 0.55475533
vt 0.0372904651 0.549421728
vt 0.0426730961 0.554726899
vt 0.0343396701 0.546789527
vt 0.0419904888 0.549080253
vt 0.0658080131 0.548161983
vt 0.0320143588 0.544002891
vt 0.0377444588 0.548169017
vt 0.0640465617 0.542639613
vt 0.0882674307 0.539670289
vt 0.041812513 0.547579587
vt 0.0635256171 0.541106164
vt 0.0860234499 0.53435421
vt 0.108502433 0.530235171
vt 0.0853619128 0.53293997
vt 0.105872318 0.525095522
vt 0.127951592 0.519581139
vt 0.038070228 0.521099567
vt 0.105097041 0.523742914
vt 0.124941304 0.514677823
vt 0.035608843 0.520611405
vt 0.141496256 0.503711104
vt 0.1449866 0.508272707
vt 0.162730917 0.493365228
vt 0.158617958 0.48945418
vt 0.17963922 0.472325712
vt 0.140540391 0.502565026
vt 0.124084219 0.513444424
vt 0.0489504784 0.502188087
vt 0.0560343042 0.484999865
vt 0.157438099 0.488501996
vt 0.174684763 0.469548911
vt 0.0440994091 0.500459433
vt 0.0505294539 0.483771056
vt 0.182947338 0.448289633
vt 0.188631177 0.449365109
vt 0.183218241 0.424250126
vt 0.188859284 0.423779726
vt 0.185040176 0.401996762
vt 0.181061044 0.448052496
vt 0.173300356 0.468965679
vt 0.0618796498 0.468502015
vt 0.0562282503 0.467025906
vt 0.0672303438 0.447910845
vt 0.0494827852 0.483536452
vt 0.179568365 0.403638601
vt 0.176317111 0.381412268
vt 0.1817545 0.424408257
vt 0.171169609 0.384065211
vt 0.1644492 0.361300856
vt 0.0713955462 0.425554246
vt 0.178075701 0.404169142
vt 0.15996708 0.364884377
vt 0.144966528 0.342453092
vt 0.0741933137 0.403790712
vt 0.065628916 0.424633533
vt 0.169758245 0.384909719
vt 0.0759109855 0.383843601
vt 0.141296327 0.346922904
vt 0.127255008 0.330686808
vt 0.124147564 0.335572839
vt 0.108355775 0.32028684
vt 0.140176341 0.348194569
vt 0.158679426 0.366027325
vt 0.079347834 0.341396481
vt 0.0775169134 0.363232553
vt 0.0688188225 0.402583957
vt 0.105380401 0.325165778
vt 0.0854592025 0.308112264
vt 0.123146787 0.336850256
vt 0.0707854182 0.382340282
vt 0.0811547935 0.311687797
vt 0.0808724314 0.287934422
vt 0.104425043 0.326272309
vt 0.0723169893 0.361945033
vt 0.0805217028 0.313732445
vt 0.0742307454 0.31400761
vt 0.0700764805 0.292222381
vt 0.0734345168 0.34148553
vt 0.0684246719 0.286977589
vt 0.0781659633 0.281114191
vt 0.0731112212 0.274273127
vt 0.0653769672 0.282122672
vt 0.0672592819 0.269797951
vt 0.0726557523 0.314392626
vt 0.0678993464 0.287446529
vt 0.0621216074 0.279514521
vt 0.0596108288 0.267065525
vt 0.0693156868 0.292752951
vt 0.071103707 0.314661473
vt 0.0722975433 0.341775537
vt 0.0651140511 0.282576174
vt 0.0672722608 0.287866712
vt 0.0684236884 0.293062627
vt 0.0580576733 0.277780563
vt 0.0514349341 0.266959488
vt 0.0619326532 0.280065
vt 0.0533951893 0.277584612
vt 0.0428716466 0.270130306
vt 0.064690128 0.283107728
vt 0.0580877289 0.278195947
vt 0.0616449229 0.280703247
vt 0.0483577959 0.27930221
vt 0.0363112763 0.276136845
vt 0.0446636528 0.282824755
vt 0.0320807099 0.284710288
vt 0.0484211482 0.279594302
vt 0.0534929745 0.278027236
vt 0.0580228753 0.278807789
vt 0.0535588227 0.278680533
vt 0.0422734879 0.288478225
vt 0.0303760078 0.295309544
vt 0.0485728122 0.280131549
vt 0.0447639339 0.283107966
vt 0.0450388193 0.283516169
vt 0.0425763093 0.288799286
vt 0.0430143327 0.289079636
vt 0.0414761417 0.296561122
vt 0.0422868282 0.296792299
vt 0.0431086197 0.296961308
vt 0.0419551954 0.312538296
vt 0.0306489021 0.312700033
vt 0.0319500007 0.33276242
vt 0.0429872684 0.312654138
vt 0.0432148874 0.332225353
vt 0.0331408493 0.354635656
vt 0.0441727526 0.332209319
vt 0.0443402529 0.35416618
vt 0.0339560322 0.376321852
vt 0.0440036282 0.312714994
vt 0.0451105312 0.332178921
vt 0.0451336093 0.376107603
vt 0.0339783505 0.397994548
vt 0.045076739 0.354684561
vt 0.0711600929 0.341910332
vt 0.0451983325 0.397990823
vt 0.0339864641 0.419609487
vt 0.0457880273 0.355218321
vt 0.0457760543 0.376602739
vt 0.0703977793 0.362214833
vt 0.0451615416 0.419890136
vt 0.0329227112 0.440845996
vt 0.0463288166 0.377134323
vt 0.0459396876 0.398230731
vt 0.0713481605 0.362090081
vt 0.0441118889 0.44162479
vt 0.0308260079 0.462112904
vt 0.0458972827 0.419867396
vt 0.0690143704 0.382447779
vt 0.0698849261 0.382380366
vt 0.0466111861 0.398490489
vt 0.0419796444 0.463256091
vt 0.067028299 0.402547032
vt 0.0679083318 0.402558714
vt 0.0465877466 0.419838488
vt 0.0449500158 0.441586941
vt 0.0428106636 0.463216513
vt 0.0637660623 0.424501061
vt 0.0646840334 0.424562931
vt 0.0457565896 0.441574872
vt 0.0403506458 0.481335133
vt 0.0595180355 0.446457803
vt 0.04362946 0.463232398
vt 0.0604872517 0.446587771
vt 0.0411694497 0.481368482
vt 0.054260131 0.46664539
vt 0.0614622012 0.446720898
vt 0.0552405715 0.466843605
vt 0.0484341234 0.483269483
vt 0.0382942297 0.499404222
vt 0.0336721614 0.520472765
vt 0.0420633331 0.499897867
vt 0.043076694 0.500148535
vt 0.0346809104 0.520508111
vt 0.527599812 0.484629571
vt 0.527348399 0.502890825
vt 0.529030621 0.502766192
vt 0.531112015 0.520955563
vt 0.525950015 0.484692872
vt 0.526718318 0.463092446
vt 0.529467642 0.521121681
vt 0.534461498 0.542407334
vt 0.525056481 0.463097692
vt 0.527518034 0.441576123
vt 0.533084691 0.542686582
vt 0.536334395 0.557342172
vt 0.535083175 0.557567954
vt 0.535641372 0.562762916
vt 0.534116745 0.56214869
vt 0.533211827 0.567941785
vt 0.531876802 0.567057729
vt 0.529605389 0.571426332
vt 0.52866745 0.570183337
vt 0.524652362 0.573070765
vt 0.524386942 0.571589947
vt 0.519138634 0.57242763
vt 0.519702911 0.556154668
vt 0.523271441 0.554967046
vt 0.525719047 0.552163422
vt 0.526573122 0.548321366
vt 0.519462943 0.570947289
vt 0.496844471 0.565100551
vt 0.515127599 0.555488586
vt 0.496884882 0.563426912
vt 0.474871933 0.55609566
vt 0.524861872 0.536519647
vt 0.511533558 0.554400742
vt 0.475573391 0.554679632
vt 0.455129474 0.546110928
vt 0.521161139 0.515254498
vt 0.495384753 0.547240913
vt 0.455977589 0.544744968
vt 0.436210632 0.534907877
vt 0.519307315 0.499181628
vt 0.480188638 0.540111065
vt 0.517565668 0.481018424
vt 0.523922026 0.536295354
vt 0.520046055 0.515177786
vt 0.518184781 0.499154687
vt 0.514077961 0.499421895
vt 0.516429186 0.481006622
vt 0.516521513 0.459458232
vt 0.525865674 0.548017204
vt 0.522297144 0.547093749
vt 0.515947759 0.515551865
vt 0.451782942 0.518371224
vt 0.496784627 0.543388307
vt 0.51989001 0.536417782
vt 0.524895906 0.551693976
vt 0.521853626 0.549674988
vt 0.522685707 0.554198205
vt 0.520601928 0.551344752
vt 0.519553244 0.555322409
vt 0.518675625 0.551947474
vt 0.515189469 0.55494231
vt 0.512841702 0.550469697
vt 0.515433371 0.551493168
vt 0.511712253 0.553847253
vt 0.495270491 0.546563864
vt 0.480650574 0.539527655
vt 0.482479483 0.53634119
vt 0.468463749 0.528627694
vt 0.46629858 0.531787813
vt 0.465660989 0.532415926
vt 0.449039042 0.521248341
vt 0.448195457 0.521869004
vt 0.437189996 0.533629715
vt 0.421032488 0.521743357
vt 0.419909537 0.522908151
vt 0.403158128 0.507296622
vt 0.433410883 0.510441065
vt 0.434431642 0.509814441
vt 0.437395036 0.506973386
vt 0.424673408 0.492659688
vt 0.404511124 0.506393492
vt 0.38830635 0.485350907
vt 0.389823824 0.48479706
vt 0.382961154 0.462082386
vt 0.384580493 0.462098897
vt 0.3836371 0.437025011
vt 0.419889033 0.495297253
vt 0.421101362 0.494812906
vt 0.422478765 0.484631896
vt 0.417395622 0.486048281
vt 0.418527067 0.48582375
vt 0.512298465 0.481212199
vt 0.422341079 0.480043352
vt 0.418426812 0.481270075
vt 0.417506397 0.481583893
vt 0.4212161 0.476439834
vt 0.515393555 0.459478974
vt 0.511281192 0.459551573
vt 0.515976667 0.439946175
vt 0.417551249 0.478407025
vt 0.51700294 0.43992281
vt 0.416755557 0.478853941
vt 0.415474385 0.475983858
vt 0.418559492 0.473199606
vt 0.41481337 0.476499975
vt 0.412469119 0.474196374
vt 0.411796123 0.474602938
vt 0.4148902 0.470952332
vt 0.404589921 0.472580969
vt 0.405710399 0.47184509
vt 0.408439547 0.469948888
vt 0.404194772 0.454669833
vt 0.400677145 0.455123901
vt 0.399912328 0.455165863
vt 0.405969828 0.438212574
vt 0.385207146 0.437340081
vt 0.388609052 0.415617406
vt 0.402337939 0.437592506
vt 0.40160656 0.437395394
vt 0.390100211 0.416195154
vt 0.398280501 0.395487845
vt 0.399672896 0.396297574
vt 0.411080688 0.376070201
vt 0.406202346 0.419098735
vt 0.406945914 0.419511318
vt 0.412288994 0.377131581
vt 0.432012498 0.359197795
vt 0.413634002 0.401821733
vt 0.432627618 0.360083044
vt 0.45071432 0.348863244
vt 0.410475045 0.420861304
vt 0.414328426 0.402421951
vt 0.423999876 0.387222171
vt 0.451446682 0.350305438
vt 0.471347302 0.340965331
vt 0.417588174 0.404520273
vt 0.424661934 0.388013482
vt 0.427400291 0.390933871
vt 0.514479637 0.399448037
vt 0.515313148 0.379693687
vt 0.443409592 0.379382551
vt 0.441286355 0.375829101
vt 0.44070214 0.374895751
vt 0.46037975 0.371712267
vt 0.458244562 0.366998017
vt 0.458696544 0.367940009
vt 0.478002965 0.364201486
vt 0.476832092 0.360561252
vt 0.476596624 0.359798849
vt 0.497327417 0.3540622
vt 0.471966922 0.342473626
vt 0.497735977 0.333403111
vt 0.499138355 0.334489822
vt 0.503280044 0.31315273
vt 0.497427166 0.353639424
vt 0.497398734 0.357264102
vt 0.504726887 0.354168773
vt 0.504784703 0.313666999
vt 0.50560385 0.307949483
vt 0.506950855 0.308813214
vt 0.509768069 0.303125262
vt 0.504950881 0.353358328
vt 0.530579686 0.335316777
vt 0.532990336 0.319890678
vt 0.510785818 0.304364085
vt 0.514007092 0.300690949
vt 0.514639199 0.302158296
vt 0.519198477 0.299100578
vt 0.519407511 0.300689578
vt 0.524392486 0.299235702
vt 0.524099171 0.300817132
vt 0.530041397 0.301151395
vt 0.529166341 0.302520335
vt 0.534074366 0.305305183
vt 0.532646537 0.306120634
vt 0.535725236 0.311800659
vt 0.534072399 0.311946452
vt 0.534648538 0.32004106
vt 0.532191575 0.335507035
vt 0.530827641 0.354669511
vt 0.529186249 0.354485035
vt 0.530752778 0.376307368
vt 0.529328942 0.377375007
vt 0.529973567 0.39809221
vt 0.528558731 0.399193347
vt 0.528622508 0.419839561
vt 0.527130842 0.420369387
vt 0.525891602 0.441525757
vt 0.51808697 0.41913414
vt 0.51954174 0.399651527
vt 0.519976854 0.37959528
vt 0.519310236 0.368057013
vt 0.517054319 0.419121623
vt 0.518507123 0.399681509
vt 0.511974633 0.439836264
vt 0.513041317 0.418895662
vt 0.519174099 0.379743755
vt 0.518725634 0.368158579
vt 0.516866267 0.36084199
vt 0.515216887 0.369157195
vt 0.511883855 0.355714262
vt 0.516128302 0.361270905
vt 0.511293173 0.356503665
vt 0.513274729 0.363449514
vt 0.503867269 0.357587636
vt 0.509412885 0.359471023
vt 1.80698371 0.487111151
vt 1.81247878 0.485044718
vt 1.80952144 0.489749014
vt 1.80745733 0.491291463
vt 1.81210566 0.476013303
vt 1.81640983 0.476010263
vt 1.80594146 0.487850785
vt 1.72611713 0.511585534
vt 1.80604696 0.486926198
vt 1.81196797 0.475503862
vt 1.81535363 0.472874939
vt 1.80374229 0.466562867
vt 1.72602153 0.507885396
vt 1.7234273 0.511059463
vt 1.81164896 0.475862205
vt 1.77242053 0.452382207
vt 1.7739526 0.448874027
vt 1.72563839 0.507135034
vt 1.72481871 0.507575929
vt 1.71975565 0.508634031
vt 1.77149892 0.452973247
vt 1.77109885 0.452074617
vt 1.77137709 0.448290974
vt 1.74950552 0.450827032
vt 1.72235012 0.505879223
vt 1.71817923 0.506508648
vt 1.75031066 0.45541662
vt 1.7505827 0.454461455
vt 1.74941301 0.455037206
vt 1.7471478 0.452005774
vt 1.71691275 0.489082754
vt 1.71371698 0.487399042
vt 1.72257233 0.504948437
vt 1.71731758 0.489705265
vt 1.71671605 0.490122855
vt 1.7130959 0.4902367
vt 1.721578 0.504802644
vt 0.806983709 0.487111151
vt 0.809521437 0.489749014
vt 0.812478781 0.485044718
vt 0.807457328 0.491291463
vt 0.812105596 0.476013303
vt 0.816409826 0.476010263
vt 0.805941463 0.487850785
vt 0.726117134 0.511585534
vt 0.806047022 0.486926198
vt 0.811967969 0.475503862
vt 0.815353572 0.472874939
vt 0.80374229 0.466562867
vt 0.726021588 0.507885396
vt 0.723427236 0.511059463
vt 0.811648965 0.475862205
vt 0.772420526 0.452382207
vt 0.773952603 0.448874027
vt 0.72563839 0.507135034
vt 0.724818647 0.507575929
vt 0.719755709 0.508634031
vt 0.771498978 0.452973247
vt 0.771098852 0.452074617
vt 0.771377027 0.448290974
vt 0.749505579 0.450827032
vt 0.722350061 0.505879223
vt 0.718179226 0.506508648
vt 0.750310659 0.45541662
vt 0.750582755 0.454461455
vt 0.749413013 0.455037206
vt 0.747147858 0.452005774
vt 0.716912746 0.489082754
vt 0.713716924 0.487399042
vt 0.722572327 0.504948437
vt 0.717317581 0.489705265
vt 0.716716111 0.490122855
vt 0.713095844 0.4902367
vt 0.721578002 0.504802644
vt 1.70890987 0.464735776
vt 1.70396078 0.458662003
vt 1.71122086 0.463476926
vt 1.71122086 0.472133785
vt 1.70603812 0.463633984
vt 1.70369196 0.461791068
vt 1.69576311 0.462702602
vt 1.70821369 0.467848629
vt 1.70592523 0.467614442
vt 1.7048527 0.465653926
vt 1.70468891 0.469525725
vt 1.702685 0.465657681
vt 1.70839155 0.470754355
vt 1.70352149 0.476480156
vt 1.70552254 0.471664578
vt 1.70243156 0.469449311
vt 1.70320666 0.473319083
vt 1.69578099 0.471906871
vt 1.70147121 0.463664085
vt 1.69913471 0.464750081
vt 1.70150542 0.467545062
vt 1.70101619 0.47129783
vt 1.69841015 0.470118731
vt 1.69916308 0.467304438
vt 1.70890987 0.464735776
vt 1.70396078 0.458662003
vt 1.71122086 0.463476926
vt 1.71122086 0.472133785
vt 1.70603812 0.463633984
vt 1.70369196 0.461791068
vt 1.69576311 0.462702602
vt 1.70821369 0.467848629
vt 1.70592523 0.467614442
vt 1.7048527 0.465653926
vt 1.70468891 0.469525725
vt 1.702685 0.465657681
vt 1.70839155 0.470754355
vt 1.70352149 0.476480156
vt 1.70552254 0.471664578
vt 1.70243156 0.469449311
vt 1.70320666 0.473319083
vt 1.69578099 0.471906871
vt 1.70147121 0.463664085
vt 1.69913471 0.464750081
vt 1.70150542 0.467545062
vt 1.70101619 0.47129783
vt 1.69841015 0.470118731
vt 1.69916308 0.467304438
vt 1.70890987 0.464735776
vt 1.70396078 0.458662003
vt 1.71122086 0.463476926
vt 1.71122086 0.472133785
vt 1.70603812 0.463633984
vt 1.70369196 0.461791068
vt 1.69576311 0.462702602
vt 1.70821369 0.467848629
vt 1.70592523 0.467614442
vt 1.7048527 0.465653926
vt 1.70468891 0.469525725
vt 1.702685 0.465657681
vt 1.70839155 0.470754355
vt 1.70352149 0.476480156
vt 1.70552254 0.471664578
vt 1.70243156 0.469449311
vt 1.70320666 0.473319083
vt 1.69578099 0.471906871
vt 1.70147121 0.463664085
vt 1.69913471 0.464750081
vt 1.70150542 0.467545062
vt 1.70101619 0.47129783
vt 1.69841015 0.470118731
vt 1.69916308 0.467304438
vt 0.703960776 0.458662003
vt 0.708909869 0.464735776
vt 0.71122086 0.463476926
vt 0.71122086 0.472133785
vt 0.706038117 0.463633984
vt 0.703691959 0.461791068
vt 0.695763111 0.462702602
vt 0.708213687 0.467848629
vt 0.705925226 0.467614442
vt 0.7048527 0.465653926
vt 0.704688907 0.469525725
vt 0.702684999 0.465657681
vt 0.708391547 0.470754355
vt 0.70352149 0.476480156
vt 0.705522537 0.471664578
vt 0.70243156 0.469449311
vt 0.703206658 0.473319083
vt 0.695780993 0.471906871
vt 0.70147121 0.463664085
vt 0.699134707 0.464750081
vt 0.701505423 0.467545062
vt 0.701016188 0.47129783
vt 0.698410153 0.470118731
vt 0.699163079 0.467304438
vt 1.70396078 0.458662003
vt 1.70890987 0.464735776
vt 1.71122086 0.463476926
vt 1.71122086 0.472133785
vt 1.70603812 0.463633984
vt 1.70369196 0.461791068
vt 1.69576311 0.462702602
vt 1.70821369 0.467848629
vt 1.70592523 0.467614442
vt 1.7048527 0.465653926
vt 1.70468891 0.469525725
vt 1.702685 0.465657681
vt 1.70839155 0.470754355
vt 1.70352149 0.476480156
vt 1.70552254 0.471664578
vt 1.70243156 0.469449311
vt 1.70320666 0.473319083
vt 1.69578099 0.471906871
vt 1.70147121 0.463664085
vt 1.69913471 0.464750081
vt 1.70150542 0.467545062
vt 1.70101619 0.47129783
vt 1.69841015 0.470118731
vt 1.69916308 0.467304438
vt 1.70396078 0.458662003
vt 1.70890987 0.464735776
vt 1.71122086 0.463476926
vt 1.71122086 0.472133785
vt 1.70603812 0.463633984
vt 1.70369196 0.461791068
vt 1.69576311 0.462702602
vt 1.70821369 0.467848629
vt 1.70592523 0.467614442
vt 1.7048527 0.465653926
vt 1.70468891 0.469525725
vt 1.702685 0.465657681
vt 1.70839155 0.470754355
vt 1.70352149 0.476480156
vt 1.70552254 0.471664578
vt 1.70243156 0.469449311
vt 1.70320666 0.473319083
vt 1.69578099 0.471906871
vt 1.70147121 0.463664085
vt 1.69913471 0.464750081
vt 1.70150542 0.467545062
vt 1.70101619 0.47129783
vt 1.69841015 0.470118731
vt 1.69916308 0.467304438
vt 0.965944171 0.423384815
vt 0.96515286 0.431211501
vt 0.961301088 0.425415546
vt 0.959672093 0.41854921
vt 0.968763113 0.427467018
vt 0.9709059 0.435113341
vt 0.964998484 0.418497831
vt 0.965816498 0.413600951
vt 0.961008072 0.411597401
vt 0.965864301 0.418487459
vt 0.968443513 0.409408242
vt 0.964793444 0.405722886
vt 0.966765523 0.423034817
vt 0.977350712 0.418271691
vt 0.966641665 0.413917929
vt 0.972430944 0.406538993
vt 0.97046411 0.401833326
vt 0.977146983 0.400213629
vt 0.969080925 0.410014778
vt 0.972780228 0.407363921
vt 0.977177978 0.405585438
vt 0.981926084 0.406431943
vt 0.983914256 0.401581556
vt 0.977184176 0.406455189
vt 0.969369769 0.426823646
vt 0.981601 0.407257229
vt 0.973166227 0.429277211
vt 0.985377908 0.409760505
vt 0.985993981 0.409127265
vt 0.989664793 0.405434281
vt 0.988745809 0.413223892
vt 0.993537426 0.411227256
vt 0.972849369 0.430086166
vt 0.987935781 0.413571864
vt 0.989758611 0.418088824
vt 0.994946003 0.418089658
vt 0.977557659 0.430129677
vt 0.977561951 0.431012779
vt 0.977711082 0.436234623
vt 0.981942654 0.42918244
vt 0.982298732 0.429997236
vt 0.984321833 0.434662372
vt 0.989935756 0.430795461
vt 0.985623717 0.426535875
vt 0.986259699 0.427138358
vt 0.993675947 0.424968034
vt 0.988881469 0.422973424
vt 0.988062024 0.422653109
vt 0.988876581 0.418102294
vt 0.922700942 0.432012469
vt 0.923492253 0.424185783
vt 0.91884917 0.426216513
vt 0.917220175 0.419350177
vt 0.926311195 0.428267986
vt 0.928453982 0.435914308
vt 0.922546566 0.419298798
vt 0.92336458 0.414401919
vt 0.918556154 0.412398368
vt 0.923412383 0.419288427
vt 0.925991595 0.410209209
vt 0.922341526 0.406523854
vt 0.924313605 0.423835784
vt 0.934898794 0.419072658
vt 0.924189746 0.414718896
vt 0.929979026 0.40733996
vt 0.928012192 0.402634293
vt 0.934695065 0.401014596
vt 0.926629007 0.410815746
vt 0.93032831 0.408164889
vt 0.934726059 0.406386405
vt 0.939474165 0.40723291
vt 0.941462338 0.402382523
vt 0.934732258 0.407256156
vt 0.926917851 0.427624613
vt 0.939149082 0.408058196
vt 0.930714309 0.430078179
vt 0.94292599 0.410561472
vt 0.943542063 0.409928232
vt 0.947212875 0.406235248
vt 0.94629389 0.41402486
vt 0.951085508 0.412028223
vt 0.930397451 0.430887133
vt 0.945483863 0.414372832
vt 0.947306693 0.418889791
vt 0.952494085 0.418890625
vt 0.935105741 0.430930644
vt 0.935110033 0.431813747
vt 0.935259163 0.43703559
vt 0.939490736 0.429983407
vt 0.939846814 0.430798203
vt 0.941869915 0.435463339
vt 0.947483838 0.431596428
vt 0.943171799 0.427336842
vt 0.943807781 0.427939326
vt 0.951224029 0.425769001
vt 0.946429551 0.423774391
vt 0.945610106 0.423454076
vt 0.946424663 0.418903261
vt 0.959768116 0.653956771
vt 0.94208318 0.648872674
vt 0.942628384 0.653161228
vt 0.958363831 0.642920256
vt 0.956900477 0.664796174
vt 0.939961791 0.645159125
vt 0.94151485 0.657372415
vt 0.952907503 0.633366764
vt 0.950201571 0.673785806
vt 0.93658638 0.642586112
vt 0.938911676 0.660864651
vt 0.944226861 0.626750112
vt 0.94068867 0.679555893
vt 0.932472587 0.641545713
vt 0.935215354 0.66310668
vt 0.933645964 0.624073148
vt 0.929814398 0.681229055
vt 0.928244889 0.642195046
vt 0.930988431 0.663757205
vt 0.922771692 0.625746489
vt 0.919233203 0.6785537
vt 0.924548209 0.644438326
vt 0.926874518 0.662716031
vt 0.913259864 0.631516337
vt 0.910553455 0.671936214
vt 0.921945512 0.647930861
vt 0.923499048 0.660144031
vt 0.906558812 0.640506744
vt 0.905094981 0.66238302
vt 0.920831382 0.652141631
vt 0.921377301 0.656430185
vt 0.903691649 0.651345849
vt 0.811131954 0.658026934
vt 0.808915973 0.641386151
vt 0.803139329 0.650360882
vt 0.819886923 0.651905
vt 0.794773936 0.635745049
vt 0.815536141 0.668054938
vt 0.792774916 0.646226466
vt 0.825983286 0.665789902
vt 0.779548287 0.635777473
vt 0.815678358 0.678920507
vt 0.781615376 0.64624995
vt 0.826182961 0.68092674
vt 0.765473723 0.641514421
vt 0.811539531 0.688967109
vt 0.77530694 0.648821115
vt 0.820416808 0.694924593
vt 0.754690766 0.652173162
vt 0.803749919 0.696667194
vt 0.763568997 0.658128977
vt 0.809631228 0.705584347
vt 0.748926044 0.666169345
vt 0.79349339 0.700847208
vt 0.759430766 0.668176234
vt 0.795554757 0.711319804
vt 0.749124646 0.681303978
vt 0.782334685 0.700871348
vt 0.759573936 0.67904067
vt 0.780329585 0.711352229
vt 0.755219579 0.695187211
vt 0.771969199 0.696735978
vt 0.763976216 0.689070344
vt 0.766187787 0.705709934
vt 0.838739634 0.474615216
vt 0.833053708 0.467486739
vt 0.830710769 0.473061204
vt 0.838757277 0.468576431
vt 0.846766114 0.473046541
vt 0.828220129 0.464354396
vt 0.823907018 0.468621612
vt 0.844452977 0.467458963
vt 0.853568792 0.468595028
vt 0.82499063 0.459664822
vt 0.819358587 0.461977124
vt 0.849274874 0.464311838
vt 0.858111978 0.461935282
vt 0.823840976 0.454135656
vt 0.8177495 0.454139352
vt 0.852486253 0.459613681
vt 0.859703064 0.454081297
vt 0.82496953 0.448603034
vt 0.819336057 0.446295857
vt 0.853613019 0.45408535
vt 0.858089447 0.44623208
vt 0.82818532 0.443904638
vt 0.823868275 0.439641833
vt 0.852464795 0.448560238
vt 0.853530765 0.439585209
vt 0.833009601 0.440758586
vt 0.830660462 0.43518573
vt 0.84923923 0.443871617
vt 0.846714735 0.435148299
vt 0.838707924 0.43964541
vt 0.838681936 0.433606386
vt 0.844409466 0.440737247
vt 0.828808188 0.444537878
vt 0.833343744 0.441581488
vt 0.838731885 0.454110861
vt 0.825788975 0.44895041
vt 0.838703394 0.440532684
vt 0.824731231 0.454141021
vt 0.844068289 0.441555023
vt 0.825814128 0.459326863
vt 0.848612428 0.444496036
vt 0.828851223 0.463727951
vt 0.851647258 0.44889605
vt 0.83339715 0.466667652
vt 0.852728844 0.454079986
vt 0.838762164 0.467688918
vt 0.851672053 0.45926857
vt 0.844121218 0.466638565
vt 0.848654985 0.463680625
vt 0.69706738 0.634796381
vt 0.702219486 0.645844638
vt 0.695744872 0.643723488
vt 0.706949472 0.638041079
vt 0.707326055 0.65022558
vt 0.686593294 0.635504067
vt 0.688889146 0.644189239
vt 0.714733124 0.64472723
vt 0.710291028 0.656197608
vt 0.677137375 0.640068412
vt 0.682699084 0.647176206
vt 0.719248533 0.653829336
vt 0.710665584 0.662854373
vt 0.670149922 0.647776842
vt 0.678117156 0.652224362
vt 0.719822288 0.663973808
vt 0.708392143 0.669186175
vt 0.666682601 0.657438874
vt 0.675839782 0.65855974
vt 0.716360927 0.673632443
vt 0.703811407 0.674230993
vt 0.667253852 0.667586923
vt 0.676212907 0.665218711
vt 0.70937407 0.681337237
vt 0.697619796 0.677216887
vt 0.671771884 0.67669189
vt 0.679177403 0.671191275
vt 0.699919105 0.685900211
vt 0.690762043 0.677687168
vt 0.679558873 0.683376729
vt 0.684285402 0.675570369
vt 0.689443946 0.686615467
vt 0.661891818 0.662873983
vt 0.664961576 0.674407721
vt 0.662981868 0.668717623
vt 0.662305474 0.656861305
vt 0.655800939 0.663209558
vt 0.663612008 0.651023448
vt 0.668254137 0.679357111
vt 0.659508109 0.677139521
vt 0.672334075 0.683854043
vt 0.657047629 0.670284927
vt 0.657861829 0.64892751
vt 0.666338921 0.645593166
vt 0.656227946 0.655935228
vt 0.653574944 0.663344562
vt 0.669788837 0.640535057
vt 0.668383837 0.688525259
vt 0.663427949 0.683163524
vt 0.657507062 0.678128004
vt 0.654840589 0.670867801
vt 0.677331448 0.6871683
vt 0.647114873 0.67291683
vt 0.646049142 0.654499948
vt 0.655295014 0.689450622
vt 0.661619425 0.684559107
vt 0.666916728 0.690214038
vt 0.669263005 0.701514244
vt 0.653966069 0.655614674
vt 0.655741572 0.64818567
vt 0.652212024 0.637103677
vt 0.674355149 0.692571998
vt 0.673221111 0.694560826
vt 0.680307746 0.697757363
vt 0.686796904 0.707321167
vt 0.661083102 0.64236176
vt 0.659106612 0.641185224
vt 0.663619995 0.634913504
vt 0.664605379 0.62337923
vt 0.665262818 0.636379898
vt 0.674478769 0.63658452
vt 0.670799971 0.631606162
vt 0.669415116 0.62977916
vt 0.676030278 0.625739396
vt 0.681227803 0.615346491
vt 0.679695129 0.633356571
vt 0.677036166 0.627802432
vt 0.685458302 0.631270945
vt 0.683882356 0.625275135
vt 0.683298707 0.623069048
vt 0.690888762 0.621751487
vt 0.699668765 0.614090025
vt 0.691470861 0.630132735
vt 0.691038847 0.623990119
vt 0.697655559 0.630455434
vt 0.698390007 0.624308646
vt 0.698678851 0.62203455
vt 0.706192613 0.623657644
vt 0.717214465 0.619888723
vt 0.703608394 0.631634533
vt 0.705485225 0.625785887
vt 0.709168553 0.634244561
vt 0.712149382 0.628843904
vt 0.71327889 0.626854241
vt 0.719583154 0.631202757
vt 0.731195331 0.631955802
vt 0.714166403 0.637559772
vt 0.718119502 0.632892072
vt 0.718246818 0.642057717
vt 0.723075032 0.638254523
vt 0.724879861 0.636857808
vt 0.728991866 0.643290043
vt 0.739383101 0.648501456
vt 0.721540451 0.647007883
vt 0.726993203 0.644278347
vt 0.723520994 0.652699053
vt 0.729453206 0.651132464
vt 0.731658816 0.650550067
vt 0.732922554 0.658072472
vt 0.74044776 0.666932166
vt 0.724609017 0.658542335
vt 0.730697989 0.658205748
vt 0.724196553 0.664556384
vt 0.730272889 0.665479898
vt 0.732532859 0.665803254
vt 0.730759382 0.673238695
vt 0.734262586 0.684333384
vt 0.722902298 0.670407236
vt 0.728651643 0.672497869
vt 0.720166564 0.675834775
vt 0.725426793 0.67905885
vt 0.727391839 0.680232108
vt 0.72288096 0.686439753
vt 0.721881509 0.698050499
vt 0.716679692 0.680794895
vt 0.721211076 0.684942603
vt 0.712033629 0.684819579
vt 0.715708375 0.689803243
vt 0.717083335 0.691639781
vt 0.710541844 0.695697904
vt 0.705238223 0.706093848
vt 0.70688951 0.688122809
vt 0.70956111 0.693674624
vt 0.701031566 0.690132082
vt 0.702620029 0.696126163
vt 0.703203321 0.698346913
vt 0.695613265 0.699666142
vt 0.69502461 0.69127655
vt 0.695467591 0.697421312
vt 0.687821507 0.699379742
vt 0.688116431 0.697104335
vt 0.688842297 0.690955937
vt 0.681020737 0.695628703
vt 0.682890534 0.689777255
vt 0.878846943 0.648482442
vt 0.89653188 0.653566539
vt 0.879392147 0.652770996
vt 0.895127594 0.642530024
vt 0.893664241 0.664405942
vt 0.876725554 0.644768894
vt 0.878278613 0.656982183
vt 0.889671266 0.632976532
vt 0.886965334 0.673395574
vt 0.873350143 0.64219588
vt 0.87567544 0.66047442
vt 0.880990624 0.62635988
vt 0.877452433 0.679165661
vt 0.86923635 0.641155481
vt 0.871979117 0.662716448
vt 0.870409727 0.623682916
vt 0.866578162 0.680838823
vt 0.865008652 0.641804814
vt 0.867752194 0.663366973
vt 0.859535456 0.625356257
vt 0.855996966 0.678163469
vt 0.861311972 0.644048095
vt 0.863638282 0.662325799
vt 0.850023627 0.631126106
vt 0.847317219 0.671545982
vt 0.858709276 0.647540629
vt 0.860262811 0.659753799
vt 0.843322575 0.640116513
vt 0.841858745 0.661992788
vt 0.857595146 0.651751399
vt 0.858141065 0.656039953
vt 0.840455413 0.650955617
vt 0.779947162 0.559980035
vt 0.782163143 0.576620817
vt 0.774170518 0.568954706
vt 0.790918112 0.570498824
vt 0.765805125 0.554338932
vt 0.78656733 0.586648822
vt 0.763806105 0.56482029
vt 0.797014475 0.584383726
vt 0.750579596 0.554371357
vt 0.786709547 0.597514391
vt 0.752646565 0.564843774
vt 0.79721415 0.599520564
vt 0.736505032 0.560108304
vt 0.782570839 0.607560992
vt 0.746338129 0.567414999
vt 0.791447997 0.613518476
vt 0.725721955 0.570767045
vt 0.774781227 0.615261078
vt 0.734600186 0.57672286
vt 0.780662537 0.624178171
vt 0.719957352 0.584763169
vt 0.764524579 0.619441032
vt 0.730461955 0.586770058
vt 0.766585946 0.629913688
vt 0.720155954 0.599897861
vt 0.753365993 0.619465232
vt 0.730605125 0.597634554
vt 0.751360774 0.629946113
vt 0.726250887 0.613781095
vt 0.743000507 0.615329862
vt 0.735007405 0.607664227
vt 0.737218976 0.624303818
vt 0.888400316 0.474348247
vt 0.882714391 0.46721977
vt 0.888417959 0.468309462
vt 0.880371451 0.472794235
vt 0.896426797 0.472779572
vt 0.877880812 0.464087427
vt 0.8735677 0.468354642
vt 0.89411366 0.467191994
vt 0.903229475 0.468328059
vt 0.874651313 0.459397852
vt 0.86901927 0.461710155
vt 0.898935556 0.464044869
vt 0.90777266 0.461668313
vt 0.873501658 0.453868687
vt 0.867410183 0.453872383
vt 0.902146935 0.459346712
vt 0.909363747 0.453814328
vt 0.874630213 0.448336065
vt 0.868996739 0.446028888
vt 0.903273702 0.453818381
vt 0.90775013 0.445965111
vt 0.877846003 0.443637669
vt 0.873528957 0.439374864
vt 0.902125478 0.448293269
vt 0.903191447 0.43931824
vt 0.882670283 0.440491617
vt 0.880321145 0.434918761
vt 0.898899913 0.443604648
vt 0.896375418 0.43488133
vt 0.888368607 0.43937844
vt 0.888342619 0.433339417
vt 0.894070148 0.440470278
vt 0.878468871 0.444270909
vt 0.883004427 0.441314518
vt 0.888392568 0.453843892
vt 0.875449657 0.448683441
vt 0.888364077 0.440265715
vt 0.874391913 0.453874052
vt 0.893728971 0.441288054
vt 0.875474811 0.459059894
vt 0.89827311 0.444229066
vt 0.878511906 0.463460982
vt 0.90130794 0.448629081
vt 0.883057833 0.466400683
vt 0.902389526 0.453813016
vt 0.888422847 0.467421949
vt 0.901332736 0.459001601
vt 0.8937819 0.466371596
vt 0.898315668 0.463413656
vt 0.598933876 0.648146272
vt 0.593781829 0.637098014
vt 0.592459261 0.646025121
vt 0.603663862 0.640342712
vt 0.604040504 0.652527213
vt 0.583307683 0.6378057
vt 0.585603595 0.646490872
vt 0.611447513 0.647028863
vt 0.607005358 0.658499241
vt 0.573851764 0.642370045
vt 0.579413414 0.649477839
vt 0.615962923 0.65613097
vt 0.607379973 0.665156007
vt 0.566864371 0.650078475
vt 0.574831605 0.654525995
vt 0.616536617 0.666275442
vt 0.605106533 0.671487808
vt 0.56339705 0.659740508
vt 0.572554231 0.660861373
vt 0.613075316 0.675934076
vt 0.600525796 0.676532626
vt 0.563968301 0.669888556
vt 0.572927356 0.667520344
vt 0.6060884 0.683638871
vt 0.594334126 0.679518521
vt 0.568486333 0.678993523
vt 0.575891733 0.673492908
vt 0.596633494 0.688201845
vt 0.587476432 0.679988801
vt 0.576273322 0.685678363
vt 0.580999792 0.677872002
vt 0.586158335 0.6889171
vt 0.558606267 0.665175617
vt 0.561675966 0.676709354
vt 0.559696317 0.671019256
vt 0.559019864 0.659162939
vt 0.552515388 0.665511191
vt 0.560326457 0.653325081
vt 0.564968526 0.681658745
vt 0.556222558 0.679441154
vt 0.569048524 0.686155677
vt 0.553762078 0.67258656
vt 0.554576278 0.651229143
vt 0.56305331 0.6478948
vt 0.552942395 0.658236861
vt 0.550289333 0.665646195
vt 0.566503227 0.64283669
vt 0.560142338 0.685465157
vt 0.565098226 0.690826893
vt 0.554221511 0.680429637
vt 0.551554978 0.673169434
vt 0.574045837 0.689469934
vt 0.543829262 0.675218463
vt 0.542763591 0.656801581
vt 0.552009463 0.691752255
vt 0.558333814 0.68686074
vt 0.563631058 0.692515671
vt 0.565977335 0.703815877
vt 0.550680399 0.657916307
vt 0.552455962 0.650487304
vt 0.548926353 0.63940531
vt 0.571069479 0.694873631
vt 0.569935501 0.696862459
vt 0.577022195 0.700058997
vt 0.583511293 0.7096228
vt 0.557797551 0.644663393
vt 0.555820942 0.643486857
vt 0.560334384 0.637215137
vt 0.561319768 0.625680864
vt 0.561977267 0.638681531
vt 0.571193159 0.638886154
vt 0.56751436 0.633907795
vt 0.566129506 0.632080793
vt 0.572744727 0.628041029
vt 0.577942133 0.617648125
vt 0.576409519 0.635658205
vt 0.573750496 0.630104065
vt 0.582172751 0.633572578
vt 0.580596745 0.627576768
vt 0.580013037 0.625370681
vt 0.587603092 0.624053121
vt 0.596383095 0.616391659
vt 0.588185251 0.632434368
vt 0.587753236 0.626291752
vt 0.594370008 0.632757068
vt 0.595104396 0.626610279
vt 0.5953933 0.624336183
vt 0.602906942 0.625959277
vt 0.613928914 0.622190356
vt 0.600322783 0.633936167
vt 0.602199554 0.628087521
vt 0.605882883 0.636546195
vt 0.608863771 0.631145537
vt 0.609993219 0.629155874
vt 0.616297603 0.633504391
vt 0.62790978 0.634257436
vt 0.610880792 0.639861405
vt 0.614833891 0.635193706
vt 0.614961147 0.64435935
vt 0.619789362 0.640556157
vt 0.62159431 0.639159441
vt 0.625706196 0.645591676
vt 0.636097491 0.650803089
vt 0.61825484 0.649309516
vt 0.623707592 0.646579981
vt 0.620235384 0.655000687
vt 0.626167595 0.653434098
vt 0.628373146 0.652851701
vt 0.629636943 0.660374105
vt 0.637162149 0.669233799
vt 0.621323407 0.660843968
vt 0.627412379 0.660507381
vt 0.620910883 0.666858017
vt 0.626987278 0.667781532
vt 0.629247248 0.668104887
vt 0.627473772 0.675540328
vt 0.630976915 0.686635017
vt 0.619616687 0.672708869
vt 0.625365973 0.674799502
vt 0.616880894 0.678136408
vt 0.622141123 0.681360483
vt 0.624106228 0.682533741
vt 0.619595289 0.688741386
vt 0.618595958 0.700352132
vt 0.613394082 0.683096528
vt 0.617925465 0.687244236
vt 0.608747959 0.687121212
vt 0.612422824 0.692104876
vt 0.613797724 0.693941414
vt 0.607256293 0.697999537
vt 0.601952612 0.708395481
vt 0.603603959 0.690424442
vt 0.606275499 0.695976257
vt 0.597746015 0.692433715
vt 0.599334419 0.698427796
vt 0.59991771 0.700648546
vt 0.592327595 0.701967776
vt 0.591738939 0.693578184
vt 0.592181921 0.699722946
vt 0.584535956 0.701681376
vt 0.584830761 0.699405968
vt 0.585556686 0.69325757
vt 0.577735126 0.697930336
vt 0.579604983 0.692078888
g submesh0
f 1/1/1 2/2/2 3/3/3
f 4/4/4 5/5/5 6/6/6
f 7/7/7 8/8/8 9/9/9
f 10/10/10 11/11/11 12/12/12
f 13/13/13 14/14/14 15/15/15
f 16/16/16 17/17/17 18/18/18
f 19/19/19 20/20/20 21/21/21
f 22/22/22 23/23/23 24/24/24
f 25/25/25 26/26/26 27/27/27
f 28/28/28 29/29/29 30/30/30
f 31/31/31 32/32/32 33/33/33
f 34/34/34 35/35/35 36/36/36
f 37/37/37 38/38/38 39/39/39
f 40/40/40 41/41/41 42/42/42
f 43/43/43 44/44/44 45/45/45
f 44/44/44 46/46/46 47/47/47
f 48/48/48 46/46/46 44/44/44
f 48/48/48 49/49/49 46/46/46
f 47/47/47 46/46/46 50/50/50
f 50/50/50 46/46/46 51/51/51
f 51/51/51 46/46/46 52/52/52
f 53/53/53 54/54/54 55/55/55
f 56/56/56 57/57/57 58/58/58
f 59/59/59 60/60/60 61/61/61
f 62/62/62 63/63/63 59/59/59
f 64/64/64 65/65/65 66/66/66
f 67/67/67 68/68/68 69/69/69
f 70/70/70 71/71/71 72/72/72
f 73/73/73 74/74/74 75/75/75
f 76/76/76 77/77/77 78/78/78
f 79/79/79 80/80/80 77/77/77
f 79/79/79 81/81/81 80/80/80
f 82/82/82 83/83/83 81/81/81
f 82/82/82 84/84/84 83/83/83
f 85/85/85 86/86/86 84/84/84
f 85/85/85 87/87/87 86/86/86
f 86/86/86 87/87/87 88/88/88
f 89/89/89 90/90/90 91/91/91
f 92/92/92 93/93/93 94/94/94
f 95/95/95 96/96/96 97/97/97
f 98/98/98 99/99/99 100/100/100
f 101/101/101 102/102/102 103/103/103
f 104/104/104 105/105/105 106/106/106
f 107/107/107 108/108/108 109/109/109
f 110/110/110 111/111/111 112/112/112
f 113/113/113 114/114/114 115/115/115
f 116/116/116 117/117/117 118/118/118
f 119/119/119 120/120/120 121/121/121
f 122/122/122 123/123/123 124/124/124
f 125/125/125 126/126/126 127/127/127
f 128/128/128 129/129/129 130/130/130
f 131/131/131 132/132/132 133/133/133
f 132/132/132 131/131/131 134/134/134
f 135/135/135 132/132/132 134/134/134
f 132/132/132 135/135/135 136/136/136
f 137/137/137 134/134/134 131/131/131
f 134/134/134 137/137/137 138/138/138
f 138/138/138 135/135/135 134/134/134
f 139/139/139 138/138/138 137/137/137
f 138/138/138 139/139/139 140/140/140
f 135/135/135 138/138/138 141/141/141
f 140/140/140 141/141/141 138/138/138
f 139/139/139 142/142/142 140/140/140
f 142/142/142 139/139/139 143/143/143
f 144/144/144 140/140/140 142/142/142
f 140/140/140 144/144/144 145/145/145
f 141/141/141 140/140/140 145/145/145
f 143/143/143 146/146/146 142/142/142
f 146/146/146 144/144/144 142/142/142
f 144/144/144 146/146/146 147/147/147
f 146/146/146 143/143/143 148/148/148
f 148/148/148 149/149/149 146/146/146
f 149/149/149 147/147/147 146/146/146
f 149/149/149 148/148/148 150/150/150
f 151/151/151 145/145/145 144/144/144
f 145/145/145 151/151/151 152/152/152
f 152/152/152 141/141/141 145/145/145
f 141/141/141 152/152/152 153/153/153
f 154/154/154 141/141/141 153/153/153
f 141/141/141 154/154/154 135/135/135
f 150/150/150 155/155/155 149/149/149
f 155/155/155 150/150/150 156/156/156
f 147/147/147 149/149/149 157/157/157
f 155/155/155 157/157/157 149/149/149
f 156/156/156 158/158/158 155/155/155
f 158/158/158 156/156/156 159/159/159
f 158/158/158 160/160/160 155/155/155
f 157/157/157 155/155/155 160/160/160
f 160/160/160 158/158/158 161/161/161
f 161/161/161 162/162/162 160/160/160
f 162/162/162 161/161/161 163/163/163
f 164/164/164 160/160/160 162/162/162
f 160/160/160 164/164/164 157/157/157
f 165/165/165 157/157/157 164/164/164
f 157/157/157 165/165/165 147/147/147
f 147/147/147 165/165/165 166/166/166
f 147/147/147 166/166/166 167/167/167
f 147/147/147 167/167/167 168/168/168
f 147/147/147 168/168/168 144/144/144
f 144/144/144 168/168/168 169/169/169
f 144/144/144 169/169/169 170/170/170
f 144/144/144 170/170/170 171/171/171
f 172/172/172 173/173/173 174/174/174
f 173/173/173 172/172/172 175/175/175
f 175/175/175 176/176/176 173/173/173
f 176/176/176 175/175/175 177/177/177
f 177/177/177 178/178/178 176/176/176
f 178/178/178 179/179/179 176/176/176
f 179/179/179 178/178/178 180/180/180
f 178/178/178 177/177/177 181/181/181
f 182/182/182 181/181/181 177/177/177
f 181/181/181 182/182/182 183/183/183
f 184/184/184 185/185/185 186/186/186
f 185/185/185 184/184/184 187/187/187
f 187/187/187 188/188/188 185/185/185
f 189/189/189 187/187/187 184/184/184
f 188/188/188 187/187/187 190/190/190
f 190/190/190 191/191/191 188/188/188
f 187/187/187 189/189/189 192/192/192
f 192/192/192 190/190/190 187/187/187
f 193/193/193 192/192/192 189/189/189
f 191/191/191 190/190/190 194/194/194
f 194/194/194 195/195/195 191/191/191
f 190/190/190 192/192/192 196/196/196
f 196/196/196 194/194/194 190/190/190
f 192/192/192 197/197/197 196/196/196
f 197/197/197 192/192/192 198/198/198
f 192/192/192 193/193/193 198/198/198
f 195/195/195 194/194/194 199/199/199
f 194/194/194 196/196/196 200/200/200
f 200/200/200 199/199/199 194/194/194
f 201/201/201 196/196/196 197/197/197
f 196/196/196 201/201/201 200/200/200
f 202/202/202 195/195/195 199/199/199
f 195/195/195 202/202/202 203/203/203
f 204/204/204 203/203/203 202/202/202
f 203/203/203 204/204/204 205/205/205
f 206/206/206 205/205/205 204/204/204
f 205/205/205 206/206/206 207/207/207
f 204/204/204 208/208/208 206/206/206
f 202/202/202 209/209/209 204/204/204
f 208/208/208 204/204/204 209/209/209
f 210/210/210 208/208/208 209/209/209
f 209/209/209 211/211/211 210/210/210
f 208/208/208 210/210/210 212/212/212
f 209/209/209 202/202/202 213/213/213
f 199/199/199 213/213/213 202/202/202
f 211/211/211 209/209/209 213/213/213
f 199/199/199 200/200/200 214/214/214
f 213/213/213 199/199/199 214/214/214
f 213/213/213 215/215/215 211/211/211
f 215/215/215 213/213/213 214/214/214
f 216/216/216 214/214/214 200/200/200
f 201/201/201 216/216/216 200/200/200
f 214/214/214 216/216/216 217/217/217
f 217/217/217 215/215/215 214/214/214
f 216/216/216 201/201/201 218/218/218
f 215/215/215 217/217/217 219/219/219
f 218/218/218 201/201/201 220/220/220
f 219/219/219 221/221/221 215/215/215
f 220/220/220 201/201/201 222/222/222
f 197/197/197 222/222/222 201/201/201
f 215/215/215 221/221/221 223/223/223
f 223/223/223 211/211/211 215/215/215
f 224/224/224 220/220/220 222/222/222
f 220/220/220 224/224/224 225/225/225
f 226/226/226 225/225/225 224/224/224
f 221/221/221 227/227/227 223/223/223
f 227/227/227 221/221/221 228/228/228
f 229/229/229 227/227/227 228/228/228
f 230/230/230 224/224/224 222/222/222
f 222/222/222 197/197/197 230/230/230
f 231/231/231 226/226/226 224/224/224
f 224/224/224 230/230/230 231/231/231
f 226/226/226 231/231/231 232/232/232
f 232/232/232 231/231/231 230/230/230
f 232/232/232 233/233/233 226/226/226
f 232/232/232 230/230/230 234/234/234
f 234/234/234 230/230/230 235/235/235
f 235/235/235 230/230/230 197/197/197
f 197/197/197 236/236/236 235/235/235
f 236/236/236 197/197/197 237/237/237
f 232/232/232 234/234/234 238/238/238
f 198/198/198 237/237/237 197/197/197
f 239/239/239 232/232/232 238/238/238
f 198/198/198 240/240/240 237/237/237
f 232/232/232 239/239/239 241/241/241
f 198/198/198 242/242/242 240/240/240
f 232/232/232 241/241/241 243/243/243
f 244/244/244 242/242/242 198/198/198
f 244/244/244 243/243/243 242/242/242
f 232/232/232 243/243/243 244/244/244
f 193/193/193 244/244/244 198/198/198
f 232/232/232 244/244/244 245/245/245
f 233/233/233 232/232/232 245/245/245
f 246/246/246 245/245/245 244/244/244
f 233/233/233 245/245/245 246/246/246
f 244/244/244 193/193/193 246/246/246
f 233/233/233 246/246/246 247/247/247
f 193/193/193 247/247/247 246/246/246
f 248/248/248 247/247/247 193/193/193
f 136/136/136 249/249/249 250/250/250
f 136/136/136 251/251/251 249/249/249
f 136/136/136 252/252/252 251/251/251
f 136/136/136 135/135/135 252/252/252
f 135/135/135 253/253/253 252/252/252
f 135/135/135 254/254/254 253/253/253
f 135/135/135 255/255/255 254/254/254
f 256/256/256 212/212/212 257/257/257
f 212/212/212 258/258/258 257/257/257
f 257/257/257 258/258/258 259/259/259
f 212/212/212 260/260/260 258/258/258
f 260/260/260 212/212/212 210/210/210
f 259/259/259 258/258/258 261/261/261
f 258/258/258 260/260/260 261/261/261
f 262/262/262 259/259/259 261/261/261
f 260/260/260 262/262/262 261/261/261
f 259/259/259 262/262/262 229/229/229
f 260/260/260 263/263/263 262/262/262
f 210/210/210 263/263/263 260/260/260
f 264/264/264 229/229/229 262/262/262
f 229/229/229 264/264/264 227/227/227
f 265/265/265 227/227/227 264/264/264
f 262/262/262 265/265/265 264/264/264
f 227/227/227 265/265/265 223/223/223
f 211/211/211 223/223/223 265/265/265
f 210/210/210 266/266/266 263/263/263
f 263/263/263 266/266/266 262/262/262
f 266/266/266 210/210/210 267/267/267
f 210/210/210 268/268/268 267/267/267
f 211/211/211 268/268/268 210/210/210
f 268/268/268 211/211/211 269/269/269
f 211/211/211 265/265/265 269/269/269
f 269/269/269 265/265/265 270/270/270
f 270/270/270 265/265/265 262/262/262
f 262/262/262 266/266/266 271/271/271
f 270/270/270 262/262/262 272/272/272
f 262/262/262 271/271/271 272/272/272
f 273/273/273 274/274/274 275/275/275
f 275/275/275 274/274/274 276/276/276
f 276/276/276 277/277/277 275/275/275
f 276/276/276 274/274/274 278/278/278
f 274/274/274 279/279/279 278/278/278
f 277/277/277 276/276/276 280/280/280
f 280/280/280 281/281/281 277/277/277
f 278/278/278 279/279/279 282/282/282
f 282/282/282 279/279/279 283/283/283
f 281/281/281 280/280/280 284/284/284
f 284/284/284 285/285/285 281/281/281
f 286/286/286 285/285/285 284/284/284
f 283/283/283 286/286/286 282/282/282
f 287/287/287 285/285/285 286/286/286
f 283/283/283 287/287/287 286/286/286
f 288/288/288 287/287/287 283/283/283
f 276/276/276 278/278/278 289/289/289
f 280/280/280 276/276/276 290/290/290
f 276/276/276 289/289/289 290/290/290
f 291/291/291 284/284/284 280/280/280
f 280/280/280 290/290/290 291/291/291
f 278/278/278 282/282/282 292/292/292
f 278/278/278 292/292/292 289/289/289
f 290/290/290 289/289/289 293/293/293
f 290/290/290 293/293/293 291/291/291
f 289/289/289 292/292/292 293/293/293
f 284/284/284 291/291/291 294/294/294
f 284/284/284 294/294/294 286/286/286
f 291/291/291 293/293/293 294/294/294
f 282/282/282 295/295/295 292/292/292
f 286/286/286 295/295/295 282/282/282
f 293/293/293 292/292/292 295/295/295
f 294/294/294 293/293/293 295/295/295
f 286/286/286 294/294/294 295/295/295
f 296/296/296 297/297/297 298/298/298
f 298/298/298 297/297/297 299/299/299
f 299/299/299 300/300/300 298/298/298
f 299/299/299 297/297/297 301/301/301
f 297/297/297 302/302/302 301/301/301
f 302/302/302 297/297/297 303/303/303
f 304/304/304 302/302/302 303/303/303
f 302/302/302 304/304/304 305/305/305
f 306/306/306 305/305/305 304/304/304
f 300/300/300 307/307/307 306/306/306
f 305/305/305 306/306/306 307/307/307
f 300/300/300 299/299/299 308/308/308
f 307/307/307 300/300/300 308/308/308
f 302/302/302 309/309/309 301/301/301
f 305/305/305 310/310/310 302/302/302
f 302/302/302 310/310/310 309/309/309
f 301/301/301 311/311/311 299/299/299
f 301/301/301 309/309/309 311/311/311
f 305/305/305 307/307/307 312/312/312
f 305/305/305 312/312/312 310/310/310
f 310/310/310 313/313/313 309/309/309
f 309/309/309 313/313/313 311/311/311
f 312/312/312 313/313/313 310/310/310
f 299/299/299 311/311/311 314/314/314
f 308/308/308 299/299/299 314/314/314
f 313/313/313 314/314/314 311/311/311
f 308/308/308 315/315/315 307/307/307
f 307/307/307 315/315/315 312/312/312
f 312/312/312 315/315/315 313/313/313
f 315/315/315 308/308/308 314/314/314
f 315/315/315 314/314/314 313/313/313
f 316/316/316 317/317/317 318/318/318
f 317/317/317 316/316/316 319/319/319
f 320/320/320 317/317/317 319/319/319
f 317/317/317 320/320/320 321/321/321
f 322/322/322 319/319/319 316/316/316
f 319/319/319 322/322/322 323/323/323
f 323/323/323 320/320/320 319/319/319
f 324/324/324 323/323/323 322/322/322
f 323/323/323 324/324/324 325/325/325
f 320/320/320 323/323/323 326/326/326
f 325/325/325 326/326/326 323/323/323
f 324/324/324 327/327/327 325/325/325
f 327/327/327 324/324/324 328/328/328
f 329/329/329 325/325/325 327/327/327
f 325/325/325 329/329/329 330/330/330
f 326/326/326 325/325/325 330/330/330
f 328/328/328 331/331/331 327/327/327
f 331/331/331 329/329/329 327/327/327
f 329/329/329 331/331/331 332/332/332
f 331/331/331 328/328/328 333/333/333
f 333/333/333 334/334/334 331/331/331
f 334/334/334 332/332/332 331/331/331
f 334/334/334 333/333/333 335/335/335
f 336/336/336 330/330/330 329/329/329
f 330/330/330 336/336/336 337/337/337
f 337/337/337 326/326/326 330/330/330
f 326/326/326 337/337/337 338/338/338
f 339/339/339 326/326/326 338/338/338
f 326/326/326 339/339/339 320/320/320
f 335/335/335 340/340/340 334/334/334
f 340/340/340 335/335/335 341/341/341
f 332/332/332 334/334/334 342/342/342
f 340/340/340 342/342/342 334/334/334
f 341/341/341 343/343/343 340/340/340
f 343/343/343 341/341/341 344/344/344
f 343/343/343 345/345/345 340/340/340
f 342/342/342 340/340/340 345/345/345
f 345/345/345 343/343/343 346/346/346
f 346/346/346 347/347/347 345/345/345
f 347/347/347 346/346/346 348/348/348
f 349/349/349 345/345/345 347/347/347
f 345/345/345 349/349/349 342/342/342
f 350/350/350 342/342/342 349/349/349
f 342/342/342 350/350/350 332/332/332
f 332/332/332 350/350/350 351/351/351
f 332/332/332 351/351/351 352/352/352
f 332/332/332 352/352/352 353/353/353
f 332/332/332 353/353/353 329/329/329
f 329/329/329 353/353/353 354/354/354
f 329/329/329 354/354/354 355/355/355
f 329/329/329 355/355/355 356/356/356
f 357/357/357 358/358/358 359/359/359
f 358/358/358 357/357/357 360/360/360
f 360/360/360 361/361/361 358/358/358
f 361/361/361 360/360/360 362/362/362
f 362/362/362 363/363/363 361/361/361
f 363/363/363 364/364/364 361/361/361
f 364/364/364 363/363/363 365/365/365
f 363/363/363 362/362/362 366/366/366
f 367/367/367 366/366/366 362/362/362
f 366/366/366 367/367/367 368/368/368
f 369/369/369 370/370/370 371/371/371
f 370/370/370 369/369/369 372/372/372
f 372/372/372 373/373/373 370/370/370
f 374/374/374 372/372/372 369/369/369
f 373/373/373 372/372/372 375/375/375
f 375/375/375 376/376/376 373/373/373
f 372/372/372 374/374/374 377/377/377
f 377/377/377 375/375/375 372/372/372
f 378/378/378 377/377/377 374/374/374
f 376/376/376 375/375/375 379/379/379
f 379/379/379 380/380/380 376/376/376
f 375/375/375 377/377/377 381/381/381
f 381/381/381 379/379/379 375/375/375
f 377/377/377 382/382/382 381/381/381
f 382/382/382 377/377/377 383/383/383
f 377/377/377 378/378/378 383/383/383
f 380/380/380 379/379/379 384/384/384
f 379/379/379 381/381/381 385/385/385
f 385/385/385 384/384/384 379/379/379
f 386/386/386 381/381/381 382/382/382
f 381/381/381 386/386/386 385/385/385
f 387/387/387 380/380/380 384/384/384
f 380/380/380 387/387/387 388/388/388
f 389/389/389 388/388/388 387/387/387
f 388/388/388 389/389/389 390/390/390
f 391/391/391 390/390/390 389/389/389
f 390/390/390 391/391/391 392/392/392
f 389/389/389 393/393/393 391/391/391
f 387/387/387 394/394/394 389/389/389
f 393/393/393 389/389/389 394/394/394
f 395/395/395 393/393/393 394/394/394
f 394/394/394 396/396/396 395/395/395
f 393/393/393 395/395/395 397/397/397
f 394/394/394 387/387/387 398/398/398
f 384/384/384 398/398/398 387/387/387
f 396/396/396 394/394/394 398/398/398
f 384/384/384 385/385/385 399/399/399
f 398/398/398 384/384/384 399/399/399
f 398/398/398 400/400/400 396/396/396
f 400/400/400 398/398/398 399/399/399
f 401/401/401 399/399/399 385/385/385
f 386/386/386 401/401/401 385/385/385
f 399/399/399 401/401/401 402/402/402
f 402/402/402 400/400/400 399/399/399
f 401/401/401 386/386/386 403/403/403
f 400/400/400 402/402/402 404/404/404
f 403/403/403 386/386/386 405/405/405
f 404/404/404 406/406/406 400/400/400
f 405/405/405 386/386/386 407/407/407
f 382/382/382 407/407/407 386/386/386
f 400/400/400 406/406/406 408/408/408
f 408/408/408 396/396/396 400/400/400
f 409/409/409 405/405/405 407/407/407
f 405/405/405 409/409/409 410/410/410
f 411/411/411 410/410/410 409/409/409
f 406/406/406 412/412/412 408/408/408
f 412/412/412 406/406/406 413/413/413
f 414/414/414 412/412/412 413/413/413
f 415/415/415 409/409/409 407/407/407
f 407/407/407 382/382/382 415/415/415
f 416/416/416 411/411/411 409/409/409
f 409/409/409 415/415/415 416/416/416
f 411/411/411 416/416/416 417/417/417
f 417/417/417 416/416/416 415/415/415
f 417/417/417 418/418/418 411/411/411
f 417/417/417 415/415/415 419/419/419
f 419/419/419 415/415/415 420/420/420
f 420/420/420 415/415/415 382/382/382
f 382/382/382 421/421/421 420/420/420
f 421/421/421 382/382/382 422/422/422
f 417/417/417 419/419/419 423/423/423
f 383/383/383 422/422/422 382/382/382
f 424/424/424 417/417/417 423/423/423
f 383/383/383 425/425/425 422/422/422
f 417/417/417 424/424/424 426/426/426
f 383/383/383 427/427/427 425/425/425
f 417/417/417 426/426/426 428/428/428
f 429/429/429 427/427/427 383/383/383
f 429/429/429 428/428/428 427/427/427
f 417/417/417 428/428/428 429/429/429
f 378/378/378 429/429/429 383/383/383
f 417/417/417 429/429/429 430/430/430
f 418/418/418 417/417/417 430/430/430
f 431/431/431 430/430/430 429/429/429
f 418/418/418 430/430/430 431/431/431
f 429/429/429 378/378/378 431/431/431
f 418/418/418 431/431/431 432/432/432
f 378/378/378 432/432/432 431/431/431
f 433/433/433 432/432/432 378/378/378
f 321/321/321 434/434/434 435/435/435
f 321/321/321 436/436/436 434/434/434
f 321/321/321 437/437/437 436/436/436
f 321/321/321 320/320/320 437/437/437
f 320/320/320 438/438/438 437/437/437
f 320/320/320 439/439/439 438/438/438
f 320/320/320 440/440/440 439/439/439
f 441/441/441 397/397/397 442/442/442
f 397/397/397 443/443/443 442/442/442
f 442/442/442 443/443/443 444/444/444
f 397/397/397 445/445/445 443/443/443
f 445/445/445 397/397/397 395/395/395
f 444/444/444 443/443/443 446/446/446
f 443/443/443 445/445/445 446/446/446
f 447/447/447 444/444/444 446/446/446
f 445/445/445 447/447/447 446/446/446
f 444/444/444 447/447/447 414/414/414
f 445/445/445 448/448/448 447/447/447
f 395/395/395 448/448/448 445/445/445
f 449/449/449 414/414/414 447/447/447
f 414/414/414 449/449/449 412/412/412
f 450/450/450 412/412/412 449/449/449
f 447/447/447 450/450/450 449/449/449
f 412/412/412 450/450/450 408/408/408
f 396/396/396 408/408/408 450/450/450
f 395/395/395 451/451/451 448/448/448
f 448/448/448 451/451/451 447/447/447
f 451/451/451 395/395/395 452/452/452
f 395/395/395 453/453/453 452/452/452
f 396/396/396 453/453/453 395/395/395
f 453/453/453 396/396/396 454/454/454
f 396/396/396 450/450/450 454/454/454
f 454/454/454 450/450/450 455/455/455
f 455/455/455 450/450/450 447/447/447
f 447/447/447 451/451/451 456/456/456
f 455/455/455 447/447/447 457/457/457
f 447/447/447 456/456/456 457/457/457
f 458/458/458 459/459/459 460/460/460
f 460/460/460 459/459/459 461/461/461
f 461/461/461 462/462/462 460/460/460
f 461/461/461 459/459/459 463/463/463
f 459/459/459 464/464/464 463/463/463
f 462/462/462 461/461/461 465/465/465
f 465/465/465 466/466/466 462/462/462
f 463/463/463 464/464/464 467/467/467
f 467/467/467 464/464/464 468/468/468
f 466/466/466 465/465/465 469/469/469
f 469/469/469 470/470/470 466/466/466
f 471/471/471 470/470/470 469/469/469
f 468/468/468 471/471/471 467/467/467
f 472/472/472 470/470/470 471/471/471
f 468/468/468 472/472/472 471/471/471
f 473/473/473 472/472/472 468/468/468
f 461/461/461 463/463/463 474/474/474
f 465/465/465 461/461/461 475/475/475
f 461/461/461 474/474/474 475/475/475
f 476/476/476 469/469/469 465/465/465
f 465/465/465 475/475/475 476/476/476
f 463/463/463 467/467/467 477/477/477
f 463/463/463 477/477/477 474/474/474
f 475/475/475 474/474/474 478/478/478
f 475/475/475 478/478/478 476/476/476
f 474/474/474 477/477/477 478/478/478
f 469/469/469 476/476/476 479/479/479
f 469/469/469 479/479/479 471/471/471
f 476/476/476 478/478/478 479/479/479
f 467/467/467 480/480/480 477/477/477
f 471/471/471 480/480/480 467/467/467
f 478/478/478 477/477/477 480/480/480
f 479/479/479 478/478/478 480/480/480
f 471/471/471 479/479/479 480/480/480
f 481/481/481 482/482/482 483/483/483
f 483/483/483 482/482/482 484/484/484
f 484/484/484 485/485/485 483/483/483
f 484/484/484 482/482/482 486/486/486
f 482/482/482 487/487/487 486/486/486
f 487/487/487 482/482/482 488/488/488
f 489/489/489 487/487/487 488/488/488
f 487/487/487 489/489/489 490/490/490
f 491/491/491 490/490/490 489/489/489
f 485/485/485 492/492/492 491/491/491
f 490/490/490 491/491/491 492/492/492
f 485/485/485 484/484/484 493/493/493
f 492/492/492 485/485/485 493/493/493
f 487/487/487 494/494/494 486/486/486
f 490/490/490 495/495/495 487/487/487
f 487/487/487 495/495/495 494/494/494
f 486/486/486 496/496/496 484/484/484
f 486/486/486 494/494/494 496/496/496
f 490/490/490 492/492/492 497/497/497
f 490/490/490 497/497/497 495/495/495
f 495/495/495 498/498/498 494/494/494
f 494/494/494 498/498/498 496/496/496
f 497/497/497 498/498/498 495/495/495
f 484/484/484 496/496/496 499/499/499
f 493/493/493 484/484/484 499/499/499
f 498/498/498 499/499/499 496/496/496
f 493/493/493 500/500/500 492/492/492
f 492/492/492 500/500/500 497/497/497
f 497/497/497 500/500/500 498/498/498
f 500/500/500 493/493/493 499/499/499
f 500/500/500 499/499/499 498/498/498
f 501/501/501 502/502/502 503/503/503
f 502/502/502 501/501/501 504/504/504
f 505/505/505 502/502/502 504/504/504
f 502/502/502 505/505/505 506/506/506
f 507/507/507 504/504/504 501/501/501
f 504/504/504 507/507/507 508/508/508
f 508/508/508 505/505/505 504/504/504
f 509/509/509 508/508/508 507/507/507
f 508/508/508 509/509/509 510/510/510
f 505/505/505 508/508/508 511/511/511
f 510/510/510 511/511/511 508/508/508
f 509/509/509 512/512/512 510/510/510
f 512/512/512 509/509/509 513/513/513
f 514/514/514 510/510/510 512/512/512
f 510/510/510 514/514/514 515/515/515
f 511/511/511 510/510/510 515/515/515
f 513/513/513 516/516/516 512/512/512
f 516/516/516 514/514/514 512/512/512
f 514/514/514 516/516/516 517/517/517
f 516/516/516 513/513/513 518/518/518
f 518/518/518 519/519/519 516/516/516
f 519/519/519 517/517/517 516/516/516
f 519/519/519 518/518/518 520/520/520
f 521/521/521 515/515/515 514/514/514
f 515/515/515 521/521/521 522/522/522
f 522/522/522 511/511/511 515/515/515
f 511/511/511 522/522/522 523/523/523
f 524/524/524 511/511/511 523/523/523
f 511/511/511 524/524/524 505/505/505
f 520/520/520 525/525/525 519/519/519
f 525/525/525 520/520/520 526/526/526
f 517/517/517 519/519/519 527/527/527
f 525/525/525 527/527/527 519/519/519
f 526/526/526 528/528/528 525/525/525
f 528/528/528 526/526/526 529/529/529
f 528/528/528 530/530/530 525/525/525
f 527/527/527 525/525/525 530/530/530
f 530/530/530 528/528/528 531/531/531
f 531/531/531 532/532/532 530/530/530
f 532/532/532 531/531/531 533/533/533
f 534/534/534 530/530/530 532/532/532
f 530/530/530 534/534/534 527/527/527
f 535/535/535 527/527/527 534/534/534
f 527/527/527 535/535/535 517/517/517
f 517/517/517 535/535/535 536/536/536
f 517/517/517 536/536/536 537/537/537
f 517/517/517 537/537/537 538/538/538
f 517/517/517 538/538/538 514/514/514
f 514/514/514 538/538/538 539/539/539
f 514/514/514 539/539/539 540/540/540
f 514/514/514 540/540/540 541/541/541
f 542/542/542 543/543/543 544/544/544
f 543/543/543 542/542/542 545/545/545
f 545/545/545 546/546/546 543/543/543
f 546/546/546 545/545/545 547/547/547
f 547/547/547 548/548/548 546/546/546
f 548/548/548 549/549/549 546/546/546
f 549/549/549 548/548/548 550/550/550
f 548/548/548 547/547/547 551/551/551
f 552/552/552 551/551/551 547/547/547
f 551/551/551 552/552/552 553/553/553
f 554/554/554 555/555/555 556/556/556
f 555/555/555 554/554/554 557/557/557
f 557/557/557 558/558/558 555/555/555
f 559/559/559 557/557/557 554/554/554
f 558/558/558 557/557/557 560/560/560
f 560/560/560 561/561/561 558/558/558
f 557/557/557 559/559/559 562/562/562
f 562/562/562 560/560/560 557/557/557
f 563/563/563 562/562/562 559/559/559
f 561/561/561 560/560/560 564/564/564
f 564/564/564 565/565/565 561/561/561
f 560/560/560 562/562/562 566/566/566
f 566/566/566 564/564/564 560/560/560
f 562/562/562 567/567/567 566/566/566
f 567/567/567 562/562/562 568/568/568
f 562/562/562 563/563/563 568/568/568
f 565/565/565 564/564/564 569/569/569
f 564/564/564 566/566/566 570/570/570
f 570/570/570 569/569/569 564/564/564
f 571/571/571 566/566/566 567/567/567
f 566/566/566 571/571/571 570/570/570
f 572/572/572 565/565/565 569/569/569
f 565/565/565 572/572/572 573/573/573
f 574/574/574 573/573/573 572/572/572
f 573/573/573 574/574/574 575/575/575
f 576/576/576 575/575/575 574/574/574
f 575/575/575 576/576/576 577/577/577
f 574/574/574 578/578/578 576/576/576
f 572/572/572 579/579/579 574/574/574
f 578/578/578 574/574/574 579/579/579
f 580/580/580 578/578/578 579/579/579
f 579/579/579 581/581/581 580/580/580
f 578/578/578 580/580/580 582/582/582
f 579/579/579 572/572/572 583/583/583
f 569/569/569 583/583/583 572/572/572
f 581/581/581 579/579/579 583/583/583
f 569/569/569 570/570/570 584/584/584
f 583/583/583 569/569/569 584/584/584
f 583/583/583 585/585/585 581/581/581
f 585/585/585 583/583/583 584/584/584
f 586/586/586 584/584/584 570/570/570
f 571/571/571 586/586/586 570/570/570
f 584/584/584 586/586/586 587/587/587
f 587/587/587 585/585/585 584/584/584
f 586/586/586 571/571/571 588/588/588
f 585/585/585 587/587/587 589/589/589
f 588/588/588 571/571/571 590/590/590
f 589/589/589 591/591/591 585/585/585
f 590/590/590 571/571/571 592/592/592
f 567/567/567 592/592/592 571/571/571
f 585/585/585 591/591/591 593/593/593
f 593/593/593 581/581/581 585/585/585
f 594/594/594 590/590/590 592/592/592
f 590/590/590 594/594/594 595/595/595
f 596/596/596 595/595/595 594/594/594
f 591/591/591 597/597/597 593/593/593
f 597/597/597 591/591/591 598/598/598
f 599/599/599 597/597/597 598/598/598
f 600/600/600 594/594/594 592/592/592
f 592/592/592 567/567/567 600/600/600
f 601/601/601 596/596/596 594/594/594
f 594/594/594 600/600/600 601/601/601
f 596/596/596 601/601/601 602/602/602
f 602/602/602 601/601/601 600/600/600
f 602/602/602 603/603/603 596/596/596
f 602/602/602 600/600/600 604/604/604
f 604/604/604 600/600/600 605/605/605
f 605/605/605 600/600/600 567/567/567
f 567/567/567 606/606/606 605/605/605
f 606/606/606 567/567/567 607/607/607
f 602/602/602 604/604/604 608/608/608
f 568/568/568 607/607/607 567/567/567
f 609/609/609 602/602/602 608/608/608
f 568/568/568 610/610/610 607/607/607
f 602/602/602 609/609/609 611/611/611
f 568/568/568 612/612/612 610/610/610
f 602/602/602 611/611/611 613/613/613
f 614/614/614 612/612/612 568/568/568
f 614/614/614 613/613/613 612/612/612
f 602/602/602 613/613/613 614/614/614
f 563/563/563 614/614/614 568/568/568
f 602/602/602 614/614/614 615/615/615
f 603/603/603 602/602/602 615/615/615
f 616/616/616 615/615/615 614/614/614
f 603/603/603 615/615/615 616/616/616
f 614/614/614 563/563/563 616/616/616
f 603/603/603 616/616/616 617/617/617
f 563/563/563 617/617/617 616/616/616
f 618/618/618 617/617/617 563/563/563
f 506/506/506 619/619/619 620/620/620
f 506/506/506 621/621/621 619/619/619
f 506/506/506 622/622/622 621/621/621
f 506/506/506 505/505/505 622/622/622
f 505/505/505 623/623/623 622/622/622
f 505/505/505 624/624/624 623/623/623
f 505/505/505 625/625/625 624/624/624
f 626/626/626 582/582/582 627/627/627
f 582/582/582 628/628/628 627/627/627
f 627/627/627 628/628/628 629/629/629
f 582/582/582 630/630/630 628/628/628
f 630/630/630 582/582/582 580/580/580
f 629/629/629 628/628/628 631/631/631
f 628/628/628 630/630/630 631/631/631
f 632/632/632 629/629/629 631/631/631
f 630/630/630 632/632/632 631/631/631
f 629/629/629 632/632/632 599/599/599
f 630/630/630 633/633/633 632/632/632
f 580/580/580 633/633/633 630/630/630
f 634/634/634 599/599/599 632/632/632
f 599/599/599 634/634/634 597/597/597
f 635/635/635 597/597/597 634/634/634
f 632/632/632 635/635/635 634/634/634
f 597/597/597 635/635/635 593/593/593
f 581/581/581 593/593/593 635/635/635
f 580/580/580 636/636/636 633/633/633
f 633/633/633 636/636/636 632/632/632
f 636/636/636 580/580/580 637/637/637
f 580/580/580 638/638/638 637/637/637
f 581/581/581 638/638/638 580/580/580
f 638/638/638 581/581/581 639/639/639
f 581/581/581 635/635/635 639/639/639
f 639/639/639 635/635/635 640/640/640
f 640/640/640 635/635/635 632/632/632
f 632/632/632 636/636/636 641/641/641
f 640/640/640 632/632/632 642/642/642
f 632/632/632 641/641/641 642/642/642
f 643/643/643 644/644/644 645/645/645
f 645/645/645 644/644/644 646/646/646
f 646/646/646 647/647/647 645/645/645
f 646/646/646 644/644/644 648/648/648
f 644/644/644 649/649/649 648/648/648
f 647/647/647 646/646/646 650/650/650
f 650/650/650 651/651/651 647/647/647
f 648/648/648 649/649/649 652/652/652
f 652/652/652 649/649/649 653/653/653
f 651/651/651 650/650/650 654/654/654
f 654/654/654 655/655/655 651/651/651
f 656/656/656 655/655/655 654/654/654
f 653/653/653 656/656/656 652/652/652
f 657/657/657 655/655/655 656/656/656
f 653/653/653 657/657/657 656/656/656
f 658/658/658 657/657/657 653/653/653
f 646/646/646 648/648/648 659/659/659
f 650/650/650 646/646/646 660/660/660
f 646/646/646 659/659/659 660/660/660
f 661/661/661 654/654/654 650/650/650
f 650/650/650 660/660/660 661/661/661
f 648/648/648 652/652/652 662/662/662
f 648/648/648 662/662/662 659/659/659
f 660/660/660 659/659/659 663/663/663
f 660/660/660 663/663/663 661/661/661
f 659/659/659 662/662/662 663/663/663
f 654/654/654 661/661/661 664/664/664
f 654/654/654 664/664/664 656/656/656
f 661/661/661 663/663/663 664/664/664
f 652/652/652 665/665/665 662/662/662
f 656/656/656 665/665/665 652/652/652
f 663/663/663 662/662/662 665/665/665
f 664/664/664 663/663/663 665/665/665
f 656/656/656 664/664/664 665/665/665
f 666/666/666 667/667/667 668/668/668
f 668/668/668 667/667/667 669/669/669
f 669/669/669 670/670/670 668/668/668
f 669/669/669 667/667/667 671/671/671
f 667/667/667 672/672/672 671/671/671
f 672/672/672 667/667/667 673/673/673
f 674/674/674 672/672/672 673/673/673
f 672/672/672 674/674/674 675/675/675
f 676/676/676 675/675/675 674/674/674
f 670/670/670 677/677/677 676/676/676
f 675/675/675 676/676/676 677/677/677
f 670/670/670 669/669/669 678/678/678
f 677/677/677 670/670/670 678/678/678
f 672/672/672 679/679/679 671/671/671
f 675/675/675 680/680/680 672/672/672
f 672/672/672 680/680/680 679/679/679
f 671/671/671 681/681/681 669/669/669
f 671/671/671 679/679/679 681/681/681
f 675/675/675 677/677/677 682/682/682
f 675/675/675 682/682/682 680/680/680
f 680/680/680 683/683/683 679/679/679
f 679/679/679 683/683/683 681/681/681
f 682/682/682 683/683/683 680/680/680
f 669/669/669 681/681/681 684/684/684
f 678/678/678 669/669/669 684/684/684
f 683/683/683 684/684/684 681/681/681
f 678/678/678 685/685/685 677/677/677
f 677/677/677 685/685/685 682/682/682
f 682/682/682 685/685/685 683/683/683
f 685/685/685 678/678/678 684/684/684
f 685/685/685 684/684/684 683/683/683
f 686/686/686 687/687/687 688/688/688
f 687/687/687 686/686/686 689/689/689
f 690/690/690 687/687/687 689/689/689
f 687/687/687 690/690/690 691/691/691
f 692/692/692 689/689/689 686/686/686
f 689/689/689 692/692/692 693/693/693
f 693/693/693 690/690/690 689/689/689
f 694/694/694 693/693/693 692/692/692
f 693/693/693 694/694/694 695/695/695
f 690/690/690 693/693/693 696/696/696
f 695/695/695 696/696/696 693/693/693
f 694/694/694 697/697/697 695/695/695
f 697/697/697 694/694/694 698/698/698
f 699/699/699 695/695/695 697/697/697
f 695/695/695 699/699/699 700/700/700
f 696/696/696 695/695/695 700/700/700
f 698/698/698 701/701/701 697/697/697
f 701/701/701 699/699/699 697/697/697
f 699/699/699 701/701/701 702/702/702
f 701/701/701 698/698/698 703/703/703
f 703/703/703 704/704/704 701/701/701
f 704/704/704 702/702/702 701/701/701
f 704/704/704 703/703/703 705/705/705
f 706/706/706 700/700/700 699/699/699
f 700/700/700 706/706/706 707/707/707
f 707/707/707 696/696/696 700/700/700
f 696/696/696 707/707/707 708/708/708
f 709/709/709 696/696/696 708/708/708
f 696/696/696 709/709/709 690/690/690
f 705/705/705 710/710/710 704/704/704
f 710/710/710 705/705/705 711/711/711
f 702/702/702 704/704/704 712/712/712
f 710/710/710 712/712/712 704/704/704
f 711/711/711 713/713/713 710/710/710
f 713/713/713 711/711/711 714/714/714
f 713/713/713 715/715/715 710/710/710
f 712/712/712 710/710/710 715/715/715
f 715/715/715 713/713/713 716/716/716
f 716/716/716 717/717/717 715/715/715
f 717/717/717 716/716/716 718/718/718
f 719/719/719 715/715/715 717/717/717
f 715/715/715 719/719/719 712/712/712
f 720/720/720 712/712/712 719/719/719
f 712/712/712 720/720/720 702/702/702
f 702/702/702 720/720/720 721/721/721
f 702/702/702 721/721/721 722/722/722
f 702/702/702 722/722/722 723/723/723
f 702/702/702 723/723/723 699/699/699
f 699/699/699 723/723/723 724/724/724
f 699/699/699 724/724/724 725/725/725
f 699/699/699 725/725/725 726/726/726
f 727/727/727 728/728/728 729/729/729
f 728/728/728 727/727/727 730/730/730
f 730/730/730 731/731/731 728/728/728
f 731/731/731 730/730/730 732/732/732
f 732/732/732 733/733/733 731/731/731
f 733/733/733 734/734/734 731/731/731
f 734/734/734 733/733/733 735/735/735
f 733/733/733 732/732/732 736/736/736
f 737/737/737 736/736/736 732/732/732
f 736/736/736 737/737/737 738/738/738
f 739/739/739 740/740/740 741/741/741
f 740/740/740 739/739/739 742/742/742
f 742/742/742 743/743/743 740/740/740
f 744/744/744 742/742/742 739/739/739
f 743/743/743 742/742/742 745/745/745
f 745/745/745 746/746/746 743/743/743
f 742/742/742 744/744/744 747/747/747
f 747/747/747 745/745/745 742/742/742
f 748/748/748 747/747/747 744/744/744
f 746/746/746 745/745/745 749/749/749
f 749/749/749 750/750/750 746/746/746
f 745/745/745 747/747/747 751/751/751
f 751/751/751 749/749/749 745/745/745
f 747/747/747 752/752/752 751/751/751
f 752/752/752 747/747/747 753/753/753
f 747/747/747 748/748/748 753/753/753
f 750/750/750 749/749/749 754/754/754
f 749/749/749 751/751/751 755/755/755
f 755/755/755 754/754/754 749/749/749
f 756/756/756 751/751/751 752/752/752
f 751/751/751 756/756/756 755/755/755
f 757/757/757 750/750/750 754/754/754
f 750/750/750 757/757/757 758/758/758
f 759/759/759 758/758/758 757/757/757
f 758/758/758 759/759/759 760/760/760
f 761/761/761 760/760/760 759/759/759
f 760/760/760 761/761/761 762/762/762
f 759/759/759 763/763/763 761/761/761
f 757/757/757 764/764/764 759/759/759
f 763/763/763 759/759/759 764/764/764
f 765/765/765 763/763/763 764/764/764
f 764/764/764 766/766/766 765/765/765
f 763/763/763 765/765/765 767/767/767
f 764/764/764 757/757/757 768/768/768
f 754/754/754 768/768/768 757/757/757
f 766/766/766 764/764/764 768/768/768
f 754/754/754 755/755/755 769/769/769
f 768/768/768 754/754/754 769/769/769
f 768/768/768 770/770/770 766/766/766
f 770/770/770 768/768/768 769/769/769
f 771/771/771 769/769/769 755/755/755
f 756/756/756 771/771/771 755/755/755
f 769/769/769 771/771/771 772/772/772
f 772/772/772 770/770/770 769/769/769
f 771/771/771 756/756/756 773/773/773
f 770/770/770 772/772/772 774/774/774
f 773/773/773 756/756/756 775/775/775
f 774/774/774 776/776/776 770/770/770
f 775/775/775 756/756/756 777/777/777
f 752/752/752 777/777/777 756/756/756
f 770/770/770 776/776/776 778/778/778
f 778/778/778 766/766/766 770/770/770
f 779/779/779 775/775/775 777/777/777
f 775/775/775 779/779/779 780/780/780
f 781/781/781 780/780/780 779/779/779
f 776/776/776 782/782/782 778/778/778
f 782/782/782 776/776/776 783/783/783
f 784/784/784 782/782/782 783/783/783
f 785/785/785 779/779/779 777/777/777
f 777/777/777 752/752/752 785/785/785
f 786/786/786 781/781/781 779/779/779
f 779/779/779 785/785/785 786/786/786
f 781/781/781 786/786/786 787/787/787
f 787/787/787 786/786/786 785/785/785
f 787/787/787 788/788/788 781/781/781
f 787/787/787 785/785/785 789/789/789
f 789/789/789 785/785/785 790/790/790
f 790/790/790 785/785/785 752/752/752
f 752/752/752 791/791/791 790/790/790
f 791/791/791 752/752/752 792/792/792
f 787/787/787 789/789/789 793/793/793
f 753/753/753 792/792/792 752/752/752
f 794/794/794 787/787/787 793/793/793
f 753/753/753 795/795/795 792/792/792
f 787/787/787 794/794/794 796/796/796
f 753/753/753 797/797/797 795/795/795
f 787/787/787 796/796/796 798/798/798
f 799/799/799 797/797/797 753/753/753
f 799/799/799 798/798/798 797/797/797
f 787/787/787 798/798/798 799/799/799
f 748/748/748 799/799/799 753/753/753
f 787/787/787 799/799/799 800/800/800
f 788/788/788 787/787/787 800/800/800
f 801/801/801 800/800/800 799/799/799
f 788/788/788 800/800/800 801/801/801
f 799/799/799 748/748/748 801/801/801
f 788/788/788 801/801/801 802/802/802
f 748/748/748 802/802/802 801/801/801
f 803/803/803 802/802/802 748/748/748
f 691/691/691 804/804/804 805/805/805
f 691/691/691 806/806/806 804/804/804
f 691/691/691 807/807/807 806/806/806
f 691/691/691 690/690/690 807/807/807
f 690/690/690 808/808/808 807/807/807
f 690/690/690 809/809/809 808/808/808
f 690/690/690 810/810/810 809/809/809
f 811/811/811 767/767/767 812/812/812
f 767/767/767 813/813/813 812/812/812
f 812/812/812 813/813/813 814/814/814
f 767/767/767 815/815/815 813/813/813
f 815/815/815 767/767/767 765/765/765
f 814/814/814 813/813/813 816/816/816
f 813/813/813 815/815/815 816/816/816
f 817/817/817 814/814/814 816/816/816
f 815/815/815 817/817/817 816/816/816
f 814/814/814 817/817/817 784/784/784
f 815/815/815 818/818/818 817/817/817
f 765/765/765 818/818/818 815/815/815
f 819/819/819 784/784/784 817/817/817
f 784/784/784 819/819/819 782/782/782
f 820/820/820 782/782/782 819/819/819
f 817/817/817 820/820/820 819/819/819
f 782/782/782 820/820/820 778/778/778
f 766/766/766 778/778/778 820/820/820
f 765/765/765 821/821/821 818/818/818
f 818/818/818 821/821/821 817/817/817
f 821/821/821 765/765/765 822/822/822
f 765/765/765 823/823/823 822/822/822
f 766/766/766 823/823/823 765/765/765
f 823/823/823 766/766/766 824/824/824
f 766/766/766 820/820/820 824/824/824
f 824/824/824 820/820/820 825/825/825
f 825/825/825 820/820/820 817/817/817
f 817/817/817 821/821/821 826/826/826
f 825/825/825 817/817/817 827/827/827
f 817/817/817 826/826/826 827/827/827
f 828/828/828 829/829/829 830/830/830
f 830/830/830 829/829/829 831/831/831
f 831/831/831 832/832/832 830/830/830
f 831/831/831 829/829/829 833/833/833
f 829/829/829 834/834/834 833/833/833
f 832/832/832 831/831/831 835/835/835
f 835/835/835 836/836/836 832/832/832
f 833/833/833 834/834/834 837/837/837
f 837/837/837 834/834/834 838/838/838
f 836/836/836 835/835/835 839/839/839
f 839/839/839 840/840/840 836/836/836
f 841/841/841 840/840/840 839/839/839
f 838/838/838 841/841/841 837/837/837
f 842/842/842 840/840/840 841/841/841
f 838/838/838 842/842/842 841/841/841
f 843/843/843 842/842/842 838/838/838
f 831/831/831 833/833/833 844/844/844
f 835/835/835 831/831/831 845/845/845
f 831/831/831 844/844/844 845/845/845
f 846/846/846 839/839/839 835/835/835
f 835/835/835 845/845/845 846/846/846
f 833/833/833 837/837/837 847/847/847
f 833/833/833 847/847/847 844/844/844
f 845/845/845 844/844/844 848/848/848
f 845/845/845 848/848/848 846/846/846
f 844/844/844 847/847/847 848/848/848
f 839/839/839 846/846/846 849/849/849
f 839/839/839 849/849/849 841/841/841
f 846/846/846 848/848/848 849/849/849
f 837/837/837 850/850/850 847/847/847
f 841/841/841 850/850/850 837/837/837
f 848/848/848 847/847/847 850/850/850
f 849/849/849 848/848/848 850/850/850
f 841/841/841 849/849/849 850/850/850
f 851/851/851 852/852/852 853/853/853
f 853/853/853 852/852/852 854/854/854
f 854/854/854 855/855/855 853/853/853
f 854/854/854 852/852/852 856/856/856
f 852/852/852 857/857/857 856/856/856
f 857/857/857 852/852/852 858/858/858
f 859/859/859 857/857/857 858/858/858
f 857/857/857 859/859/859 860/860/860
f 861/861/861 860/860/860 859/859/859
f 855/855/855 862/862/862 861/861/861
f 860/860/860 861/861/861 862/862/862
f 855/855/855 854/854/854 863/863/863
f 862/862/862 855/855/855 863/863/863
f 857/857/857 864/864/864 856/856/856
f 860/860/860 865/865/865 857/857/857
f 857/857/857 865/865/865 864/864/864
f 856/856/856 866/866/866 854/854/854
f 856/856/856 864/864/864 866/866/866
f 860/860/860 862/862/862 867/867/867
f 860/860/860 867/867/867 865/865/865
f 865/865/865 868/868/868 864/864/864
f 864/864/864 868/868/868 866/866/866
f 867/867/867 868/868/868 865/865/865
f 854/854/854 866/866/866 869/869/869
f 863/863/863 854/854/854 869/869/869
f 868/868/868 869/869/869 866/866/866
f 863/863/863 870/870/870 862/862/862
f 862/862/862 870/870/870 867/867/867
f 867/867/867 870/870/870 868/868/868
f 870/870/870 863/863/863 869/869/869
f 870/870/870 869/869/869 868/868/868
f 871/871/871 872/872/872 873/873/873
f 872/872/872 871/871/871 874/874/874
f 875/875/875 872/872/872 874/874/874
f 872/872/872 875/875/875 876/876/876
f 877/877/877 874/874/874 871/871/871
f 874/874/874 877/877/877 878/878/878
f 878/878/878 875/875/875 874/874/874
f 879/879/879 878/878/878 877/877/877
f 878/878/878 879/879/879 880/880/880
f 875/875/875 878/878/878 881/881/881
f 880/880/880 881/881/881 878/878/878
f 879/879/879 882/882/882 880/880/880
f 882/882/882 879/879/879 883/883/883
f 884/884/884 880/880/880 882/882/882
f 880/880/880 884/884/884 885/885/885
f 881/881/881 880/880/880 885/885/885
f 883/883/883 886/886/886 882/882/882
f 886/886/886 884/884/884 882/882/882
f 884/884/884 886/886/886 887/887/887
f 886/886/886 883/883/883 888/888/888
f 888/888/888 889/889/889 886/886/886
f 889/889/889 887/887/887 886/886/886
f 889/889/889 888/888/888 890/890/890
f 891/891/891 885/885/885 884/884/884
f 885/885/885 891/891/891 892/892/892
f 892/892/892 881/881/881 885/885/885
f 881/881/881 892/892/892 893/893/893
f 894/894/894 881/881/881 893/893/893
f 881/881/881 894/894/894 875/875/875
f 890/890/890 895/895/895 889/889/889
f 895/895/895 890/890/890 896/896/896
f 887/887/887 889/889/889 897/897/897
f 895/895/895 897/897/897 889/889/889
f 896/896/896 898/898/898 895/895/895
f 898/898/898 896/896/896 899/899/899
f 898/898/898 900/900/900 895/895/895
f 897/897/897 895/895/895 900/900/900
f 900/900/900 898/898/898 901/901/901
f 901/901/901 902/902/902 900/900/900
f 902/902/902 901/901/901 903/903/903
f 904/904/904 900/900/900 902/902/902
f 900/900/900 904/904/904 897/897/897
f 905/905/905 897/897/897 904/904/904
f 897/897/897 905/905/905 887/887/887
f 887/887/887 905/905/905 906/906/906
f 887/887/887 906/906/906 907/907/907
f 887/887/887 907/907/907 908/908/908
f 887/887/887 908/908/908 884/884/884
f 884/884/884 908/908/908 909/909/909
f 884/884/884 909/909/909 910/910/910
f 884/884/884 910/910/910 911/911/911
f 912/912/912 913/913/913 914/914/914
f 913/913/913 912/912/912 915/915/915
f 915/915/915 916/916/916 913/913/913
f 916/916/916 915/915/915 917/917/917
f 917/917/917 918/918/918 916/916/916
f 918/918/918 919/919/919 916/916/916
f 919/919/919 918/918/918 920/920/920
f 918/918/918 917/917/917 921/921/921
f 922/922/922 921/921/921 917/917/917
f 921/921/921 922/922/922 923/923/923
f 924/924/924 925/925/925 926/926/926
f 925/925/925 924/924/924 927/927/927
f 927/927/927 928/928/928 925/925/925
f 929/929/929 927/927/927 924/924/924
f 928/928/928 927/927/927 930/930/930
f 930/930/930 931/931/931 928/928/928
f 927/927/927 929/929/929 932/932/932
f 932/932/932 930/930/930 927/927/927
f 933/933/933 932/932/932 929/929/929
f 931/931/931 930/930/930 934/934/934
f 934/934/934 935/935/935 931/931/931
f 930/930/930 932/932/932 936/936/936
f 936/936/936 934/934/934 930/930/930
f 932/932/932 937/937/937 936/936/936
f 937/937/937 932/932/932 938/938/938
f 932/932/932 933/933/933 938/938/938
f 935/935/935 934/934/934 939/939/939
f 934/934/934 936/936/936 940/940/940
f 940/940/940 939/939/939 934/934/934
f 941/941/941 936/936/936 937/937/937
f 936/936/936 941/941/941 940/940/940
f 942/942/942 935/935/935 939/939/939
f 935/935/935 942/942/942 943/943/943
f 944/944/944 943/943/943 942/942/942
f 943/943/943 944/944/944 945/945/945
f 946/946/946 945/945/945 944/944/944
f 945/945/945 946/946/946 947/947/947
f 944/944/944 948/948/948 946/946/946
f 942/942/942 949/949/949 944/944/944
f 948/948/948 944/944/944 949/949/949
f 950/950/950 948/948/948 949/949/949
f 949/949/949 951/951/951 950/950/950
f 948/948/948 950/950/950 952/952/952
f 949/949/949 942/942/942 953/953/953
f 939/939/939 953/953/953 942/942/942
f 951/951/951 949/949/949 953/953/953
f 939/939/939 940/940/940 954/954/954
f 953/953/953 939/939/939 954/954/954
f 953/953/953 955/955/955 951/951/951
f 955/955/955 953/953/953 954/954/954
f 956/956/956 954/954/954 940/940/940
f 941/941/941 956/956/956 940/940/940
f 954/954/954 956/956/956 957/957/957
f 957/957/957 955/955/955 954/954/954
f 956/956/956 941/941/941 958/958/958
f 955/955/955 957/957/957 959/959/959
f 958/958/958 941/941/941 960/960/960
f 959/959/959 961/961/961 955/955/955
f 960/960/960 941/941/941 962/962/962
f 937/937/937 962/962/962 941/941/941
f 955/955/955 961/961/961 963/963/963
f 963/963/963 951/951/951 955/955/955
f 964/964/964 960/960/960 962/962/962
f 960/960/960 964/964/964 965/965/965
f 966/966/966 965/965/965 964/964/964
f 961/961/961 967/967/967 963/963/963
f 967/967/967 961/961/961 968/968/968
f 969/969/969 967/967/967 968/968/968
f 970/970/970 964/964/964 962/962/962
f 962/962/962 937/937/937 970/970/970
f 971/971/971 966/966/966 964/964/964
f 964/964/964 970/970/970 971/971/971
f 966/966/966 971/971/971 972/972/972
f 972/972/972 971/971/971 970/970/970
f 972/972/972 973/973/973 966/966/966
f 972/972/972 970/970/970 974/974/974
f 974/974/974 970/970/970 975/975/975
f 975/975/975 970/970/970 937/937/937
f 937/937/937 976/976/976 975/975/975
f 976/976/976 937/937/937 977/977/977
f 972/972/972 974/974/974 978/978/978
f 938/938/938 977/977/977 937/937/937
f 979/979/979 972/972/972 978/978/978
f 938/938/938 980/980/980 977/977/977
f 972/972/972 979/979/979 981/981/981
f 938/938/938 982/982/982 980/980/980
f 972/972/972 981/981/981 983/983/983
f 984/984/984 982/982/982 938/938/938
f 984/984/984 983/983/983 982/982/982
f 972/972/972 983/983/983 984/984/984
f 933/933/933 984/984/984 938/938/938
f 972/972/972 984/984/984 985/985/985
f 973/973/973 972/972/972 985/985/985
f 986/986/986 985/985/985 984/984/984
f 973/973/973 985/985/985 986/986/986
f 984/984/984 933/933/933 986/986/986
f 973/973/973 986/986/986 987/987/987
f 933/933/933 987/987/987 986/986/986
f 988/988/988 987/987/987 933/933/933
f 876/876/876 989/989/989 990/990/990
f 876/876/876 991/991/991 989/989/989
f 876/876/876 992/992/992 991/991/991
f 876/876/876 875/875/875 992/992/992
f 875/875/875 993/993/993 992/992/992
f 875/875/875 994/994/994 993/993/993
f 875/875/875 995/995/995 994/994/994
f 996/996/996 952/952/952 997/997/997
f 952/952/952 998/998/998 997/997/997
f 997/997/997 998/998/998 999/999/999
f 952/952/952 1000/1000/1000 998/998/998
f 1000/1000/1000 952/952/952 950/950/950
f 999/999/999 998/998/998 1001/1001/1001
f 998/998/998 1000/1000/1000 1001/1001/1001
f 1002/1002/1002 999/999/999 1001/1001/1001
f 1000/1000/1000 1002/1002/1002 1001/1001/1001
f 999/999/999 1002/1002/1002 969/969/969
f 1000/1000/1000 1003/1003/1003 1002/1002/1002
f 950/950/950 1003/1003/1003 1000/1000/1000
f 1004/1004/1004 969/969/969 1002/1002/1002
f 969/969/969 1004/1004/1004 967/967/967
f 1005/1005/1005 967/967/967 1004/1004/1004
f 1002/1002/1002 1005/1005/1005 1004/1004/1004
f 967/967/967 1005/1005/1005 963/963/963
f 951/951/951 963/963/963 1005/1005/1005
f 950/950/950 1006/1006/1006 1003/1003/1003
f 1003/1003/1003 1006/1006/1006 1002/1002/1002
f 1006/1006/1006 950/950/950 1007/1007/1007
f 950/950/950 1008/1008/1008 1007/1007/1007
f 951/951/951 1008/1008/1008 950/950/950
f 1008/1008/1008 951/951/951 1009/1009/1009
f 951/951/951 1005/1005/1005 1009/1009/1009
f 1009/1009/1009 1005/1005/1005 1010/1010/1010
f 1010/1010/1010 1005/1005/1005 1002/1002/1002
f 1002/1002/1002 1006/1006/1006 1011/1011/1011
f 1010/1010/1010 1002/1002/1002 1012/1012/1012
f 1002/1002/1002 1011/1011/1011 1012/1012/1012
f 1013/1013/1013 1014/1014/1014 1015/1015/1015
f 1015/1015/1015 1014/1014/1014 1016/1016/1016
f 1016/1016/1016 1017/1017/1017 1015/1015/1015
f 1016/1016/1016 1014/1014/1014 1018/1018/1018
f 1014/1014/1014 1019/1019/1019 1018/1018/1018
f 1017/1017/1017 1016/1016/1016 1020/1020/1020
f 1020/1020/1020 1021/1021/1021 1017/1017/1017
f 1018/1018/1018 1019/1019/1019 1022/1022/1022
f 1022/1022/1022 1019/1019/1019 1023/1023/1023
f 1021/1021/1021 1020/1020/1020 1024/1024/1024
f 1024/1024/1024 1025/1025/1025 1021/1021/1021
f 1026/1026/1026 1025/1025/1025 1024/1024/1024
f 1023/1023/1023 1026/1026/1026 1022/1022/1022
f 1027/1027/1027 1025/1025/1025 1026/1026/1026
f 1023/1023/1023 1027/1027/1027 1026/1026/1026
f 1028/1028/1028 1027/1027/1027 1023/1023/1023
f 1016/1016/1016 1018/1018/1018 1029/1029/1029
f 1020/1020/1020 1016/1016/1016 1030/1030/1030
f 1016/1016/1016 1029/1029/1029 1030/1030/1030
f 1031/1031/1031 1024/1024/1024 1020/1020/1020
f 1020/1020/1020 1030/1030/1030 1031/1031/1031
f 1018/1018/1018 1022/1022/1022 1032/1032/1032
f 1018/1018/1018 1032/1032/1032 1029/1029/1029
f 1030/1030/1030 1029/1029/1029 1033/1033/1033
f 1030/1030/1030 1033/1033/1033 1031/1031/1031
f 1029/1029/1029 1032/1032/1032 1033/1033/1033
f 1024/1024/1024 1031/1031/1031 1034/1034/1034
f 1024/1024/1024 1034/1034/1034 1026/1026/1026
f 1031/1031/1031 1033/1033/1033 1034/1034/1034
f 1022/1022/1022 1035/1035/1035 1032/1032/1032
f 1026/1026/1026 1035/1035/1035 1022/1022/1022
f 1033/1033/1033 1032/1032/1032 1035/1035/1035
f 1034/1034/1034 1033/1033/1033 1035/1035/1035
f 1026/1026/1026 1034/1034/1034 1035/1035/1035
f 1036/1036/1036 1037/1037/1037 1038/1038/1038
f 1038/1038/1038 1037/1037/1037 1039/1039/1039
f 1039/1039/1039 1040/1040/1040 1038/1038/1038
f 1039/1039/1039 1037/1037/1037 1041/1041/1041
f 1037/1037/1037 1042/1042/1042 1041/1041/1041
f 1042/1042/1042 1037/1037/1037 1043/1043/1043
f 1044/1044/1044 1042/1042/1042 1043/1043/1043
f 1042/1042/1042 1044/1044/1044 1045/1045/1045
f 1046/1046/1046 1045/1045/1045 1044/1044/1044
f 1040/1040/1040 1047/1047/1047 1046/1046/1046
f 1045/1045/1045 1046/1046/1046 1047/1047/1047
f 1040/1040/1040 1039/1039/1039 1048/1048/1048
f 1047/1047/1047 1040/1040/1040 1048/1048/1048
f 1042/1042/1042 1049/1049/1049 1041/1041/1041
f 1045/1045/1045 1050/1050/1050 1042/1042/1042
f 1042/1042/1042 1050/1050/1050 1049/1049/1049
f 1041/1041/1041 1051/1051/1051 1039/1039/1039
f 1041/1041/1041 1049/1049/1049 1051/1051/1051
f 1045/1045/1045 1047/1047/1047 1052/1052/1052
f 1045/1045/1045 1052/1052/1052 1050/1050/1050
f 1050/1050/1050 1053/1053/1053 1049/1049/1049
f 1049/1049/1049 1053/1053/1053 1051/1051/1051
f 1052/1052/1052 1053/1053/1053 1050/1050/1050
f 1039/1039/1039 1051/1051/1051 1054/1054/1054
f 1048/1048/1048 1039/1039/1039 1054/1054/1054
f 1053/1053/1053 1054/1054/1054 1051/1051/1051
f 1048/1048/1048 1055/1055/1055 1047/1047/1047
f 1047/1047/1047 1055/1055/1055 1052/1052/1052
f 1052/1052/1052 1055/1055/1055 1053/1053/1053
f 1055/1055/1055 1048/1048/1048 1054/1054/1054
f 1055/1055/1055 1054/1054/1054 1053/1053/1053
f 1056/1056/1056 1057/1057/1057 1058/1058/1058
f 1057/1057/1057 1056/1056/1056 1059/1059/1059
f 1059/1059/1059 1060/1060/1060 1057/1057/1057
f 1060/1060/1060 1059/1059/1059 1061/1061/1061
f 1061/1061/1061 1062/1062/1062 1060/1060/1060
f 1062/1062/1062 1061/1061/1061 1063/1063/1063
f 1063/1063/1063 1064/1064/1064 1062/1062/1062
f 1064/1064/1064 1063/1063/1063 1065/1065/1065
f 1065/1065/1065 1066/1066/1066 1064/1064/1064
f 1066/1066/1066 1065/1065/1065 1067/1067/1067
f 1067/1067/1067 1068/1068/1068 1066/1066/1066
f 1068/1068/1068 1067/1067/1067 1069/1069/1069
f 1069/1069/1069 1070/1070/1070 1068/1068/1068
f 1070/1070/1070 1069/1069/1069 1071/1071/1071
f 1071/1071/1071 1072/1072/1072 1070/1070/1070
f 1072/1072/1072 1071/1071/1071 1073/1073/1073
f 1073/1073/1073 1074/1074/1074 1072/1072/1072
f 1074/1074/1074 1073/1073/1073 1075/1075/1075
f 1075/1075/1075 1076/1076/1076 1074/1074/1074
f 1076/1076/1076 1075/1075/1075 1077/1077/1077
f 1077/1077/1077 1078/1078/1078 1076/1076/1076
f 1078/1078/1078 1077/1077/1077 1079/1079/1079
f 1079/1079/1079 1080/1080/1080 1078/1078/1078
f 1080/1080/1080 1079/1079/1079 1081/1081/1081
f 1081/1081/1081 1082/1082/1082 1080/1080/1080
f 1082/1082/1082 1081/1081/1081 1083/1083/1083
f 1083/1083/1083 1084/1084/1084 1082/1082/1082
f 1084/1084/1084 1083/1083/1083 1085/1085/1085
f 1085/1085/1085 1086/1086/1086 1084/1084/1084
f 1086/1086/1086 1085/1085/1085 1087/1087/1087
f 1087/1087/1087 1088/1088/1088 1086/1086/1086
f 1088/1088/1088 1087/1087/1087 1089/1089/1089
f 1090/1090/1090 1091/1091/1091 1092/1092/1092
f 1091/1091/1091 1090/1090/1090 1093/1093/1093
f 1094/1094/1094 1093/1093/1093 1090/1090/1090
f 1093/1093/1093 1094/1094/1094 1095/1095/1095
f 1096/1096/1096 1095/1095/1095 1094/1094/1094
f 1095/1095/1095 1096/1096/1096 1097/1097/1097
f 1098/1098/1098 1097/1097/1097 1096/1096/1096
f 1097/1097/1097 1098/1098/1098 1099/1099/1099
f 1100/1100/1100 1099/1099/1099 1098/1098/1098
f 1099/1099/1099 1100/1100/1100 1101/1101/1101
f 1102/1102/1102 1101/1101/1101 1100/1100/1100
f 1101/1101/1101 1102/1102/1102 1103/1103/1103
f 1104/1104/1104 1103/1103/1103 1102/1102/1102
f 1103/1103/1103 1104/1104/1104 1105/1105/1105
f 1106/1106/1106 1105/1105/1105 1104/1104/1104
f 1105/1105/1105 1106/1106/1106 1107/1107/1107
f 1108/1108/1108 1107/1107/1107 1106/1106/1106
f 1107/1107/1107 1108/1108/1108 1109/1109/1109
f 1110/1110/1110 1109/1109/1109 1108/1108/1108
f 1109/1109/1109 1110/1110/1110 1111/1111/1111
f 1112/1112/1112 1111/1111/1111 1110/1110/1110
f 1111/1111/1111 1112/1112/1112 1113/1113/1113
f 1114/1114/1114 1113/1113/1113 1112/1112/1112
f 1113/1113/1113 1114/1114/1114 1115/1115/1115
f 1116/1116/1116 1115/1115/1115 1114/1114/1114
f 1115/1115/1115 1116/1116/1116 1117/1117/1117
f 1118/1118/1118 1117/1117/1117 1116/1116/1116
f 1117/1117/1117 1118/1118/1118 1119/1119/1119
f 1120/1120/1120 1119/1119/1119 1118/1118/1118
f 1119/1119/1119 1120/1120/1120 1121/1121/1121
f 1122/1122/1122 1121/1121/1121 1120/1120/1120
f 1121/1121/1121 1122/1122/1122 1123/1123/1123
f 1124/1124/1124 1125/1125/1125 1126/1126/1126
f 1125/1125/1125 1124/1124/1124 1127/1127/1127
f 1128/1128/1128 1127/1127/1127 1124/1124/1124
f 1127/1127/1127 1128/1128/1128 1129/1129/1129
f 1130/1130/1130 1129/1129/1129 1128/1128/1128
f 1129/1129/1129 1130/1130/1130 1131/1131/1131
f 1132/1132/1132 1131/1131/1131 1130/1130/1130
f 1131/1131/1131 1132/1132/1132 1133/1133/1133
f 1134/1134/1134 1133/1133/1133 1132/1132/1132
f 1133/1133/1133 1134/1134/1134 1135/1135/1135
f 1136/1136/1136 1135/1135/1135 1134/1134/1134
f 1135/1135/1135 1136/1136/1136 1137/1137/1137
f 1138/1138/1138 1137/1137/1137 1136/1136/1136
f 1137/1137/1137 1138/1138/1138 1139/1139/1139
f 1140/1140/1140 1139/1139/1139 1138/1138/1138
f 1139/1139/1139 1140/1140/1140 1141/1141/1141
f 1142/1142/1142 1141/1141/1141 1140/1140/1140
f 1141/1141/1141 1142/1142/1142 1143/1143/1143
f 1144/1144/1144 1143/1143/1143 1142/1142/1142
f 1143/1143/1143 1144/1144/1144 1145/1145/1145
f 1146/1146/1146 1145/1145/1145 1144/1144/1144
f 1145/1145/1145 1146/1146/1146 1147/1147/1147
f 1148/1148/1148 1147/1147/1147 1146/1146/1146
f 1147/1147/1147 1148/1148/1148 1149/1149/1149
f 1150/1150/1150 1149/1149/1149 1148/1148/1148
f 1149/1149/1149 1150/1150/1150 1151/1151/1151
f 1152/1152/1152 1151/1151/1151 1150/1150/1150
f 1151/1151/1151 1152/1152/1152 1153/1153/1153
f 1154/1154/1154 1153/1153/1153 1152/1152/1152
f 1153/1153/1153 1154/1154/1154 1155/1155/1155
f 1156/1156/1156 1155/1155/1155 1154/1154/1154
f 1155/1155/1155 1156/1156/1156 1157/1157/1157
f 1158/1158/1158 1159/1159/1159 1160/1160/1160
f 1159/1159/1159 1158/1158/1158 1161/1161/1161
f 1161/1161/1161 1162/1162/1162 1159/1159/1159
f 1162/1162/1162 1161/1161/1161 1163/1163/1163
f 1163/1163/1163 1164/1164/1164 1162/1162/1162
f 1164/1164/1164 1163/1163/1163 1165/1165/1165
f 1165/1165/1165 1166/1166/1166 1164/1164/1164
f 1166/1166/1166 1165/1165/1165 1167/1167/1167
f 1167/1167/1167 1168/1168/1168 1166/1166/1166
f 1168/1168/1168 1167/1167/1167 1169/1169/1169
f 1169/1169/1169 1170/1170/1170 1168/1168/1168
f 1170/1170/1170 1169/1169/1169 1171/1171/1171
f 1171/1171/1171 1172/1172/1172 1170/1170/1170
f 1172/1172/1172 1171/1171/1171 1173/1173/1173
f 1173/1173/1173 1174/1174/1174 1172/1172/1172
f 1174/1174/1174 1173/1173/1173 1175/1175/1175
f 1175/1175/1175 1176/1176/1176 1174/1174/1174
f 1176/1176/1176 1175/1175/1175 1177/1177/1177
f 1177/1177/1177 1178/1178/1178 1176/1176/1176
f 1178/1178/1178 1177/1177/1177 1179/1179/1179
f 1179/1179/1179 1180/1180/1180 1178/1178/1178
f 1180/1180/1180 1179/1179/1179 1181/1181/1181
f 1181/1181/1181 1182/1182/1182 1180/1180/1180
f 1182/1182/1182 1181/1181/1181 1183/1183/1183
f 1183/1183/1183 1184/1184/1184 1182/1182/1182
f 1184/1184/1184 1183/1183/1183 1185/1185/1185
f 1185/1185/1185 1186/1186/1186 1184/1184/1184
f 1186/1186/1186 1185/1185/1185 1187/1187/1187
f 1187/1187/1187 1188/1188/1188 1186/1186/1186
f 1188/1188/1188 1187/1187/1187 1189/1189/1189
f 1189/1189/1189 1190/1190/1190 1188/1188/1188
f 1190/1190/1190 1189/1189/1189 1191/1191/1191
f 1192/1192/1192 1193/1193/1193 1194/1194/1194
f 1193/1193/1193 1192/1192/1192 1195/1195/1195
f 1196/1196/1196 1195/1195/1195 1192/1192/1192
f 1195/1195/1195 1196/1196/1196 1197/1197/1197
f 1198/1198/1198 1197/1197/1197 1196/1196/1196
f 1197/1197/1197 1198/1198/1198 1199/1199/1199
f 1200/1200/1200 1199/1199/1199 1198/1198/1198
f 1199/1199/1199 1200/1200/1200 1201/1201/1201
f 1202/1202/1202 1201/1201/1201 1200/1200/1200
f 1201/1201/1201 1202/1202/1202 1203/1203/1203
f 1204/1204/1204 1203/1203/1203 1202/1202/1202
f 1203/1203/1203 1204/1204/1204 1205/1205/1205
f 1206/1206/1206 1205/1205/1205 1204/1204/1204
f 1205/1205/1205 1206/1206/1206 1207/1207/1207
f 1208/1208/1208 1207/1207/1207 1206/1206/1206
f 1207/1207/1207 1208/1208/1208 1209/1209/1209
f 1210/1210/1210 1209/1209/1209 1208/1208/1208
f 1209/1209/1209 1210/1210/1210 1211/1211/1211
f 1212/1212/1212 1211/1211/1211 1210/1210/1210
f 1211/1211/1211 1212/1212/1212 1213/1213/1213
f 1214/1214/1214 1213/1213/1213 1212/1212/1212
f 1213/1213/1213 1214/1214/1214 1215/1215/1215
f 1216/1216/1216 1215/1215/1215 1214/1214/1214
f 1215/1215/1215 1216/1216/1216 1217/1217/1217
f 1218/1218/1218 1217/1217/1217 1216/1216/1216
f 1217/1217/1217 1218/1218/1218 1219/1219/1219
f 1220/1220/1220 1219/1219/1219 1218/1218/1218
f 1219/1219/1219 1220/1220/1220 1221/1221/1221
f 1222/1222/1222 1221/1221/1221 1220/1220/1220
f 1221/1221/1221 1222/1222/1222 1223/1223/1223
f 1224/1224/1224 1223/1223/1223 1222/1222/1222
f 1223/1223/1223 1224/1224/1224 1225/1225/1225
f 1226/1226/1226 1227/1227/1227 1228/1228/1228
f 1227/1227/1227 1226/1226/1226 1229/1229/1229
f 1230/1230/1230 1229/1229/1229 1226/1226/1226
f 1229/1229/1229 1230/1230/1230 1231/1231/1231
f 1232/1232/1232 1231/1231/1231 1230/1230/1230
f 1231/1231/1231 1232/1232/1232 1233/1233/1233
f 1234/1234/1234 1233/1233/1233 1232/1232/1232
f 1233/1233/1233 1234/1234/1234 1235/1235/1235
f 1236/1236/1236 1235/1235/1235 1234/1234/1234
f 1235/1235/1235 1236/1236/1236 1237/1237/1237
f 1238/1238/1238 1237/1237/1237 1236/1236/1236
f 1237/1237/1237 1238/1238/1238 1239/1239/1239
f 1240/1240/1240 1239/1239/1239 1238/1238/1238
f 1239/1239/1239 1240/1240/1240 1241/1241/1241
f 1242/1242/1242 1241/1241/1241 1240/1240/1240
f 1241/1241/1241 1242/1242/1242 1243/1243/1243
f 1244/1244/1244 1243/1243/1243 1242/1242/1242
f 1243/1243/1243 1244/1244/1244 1245/1245/1245
f 1246/1246/1246 1245/1245/1245 1244/1244/1244
f 1245/1245/1245 1246/1246/1246 1247/1247/1247
f 1248/1248/1248 1247/1247/1247 1246/1246/1246
f 1247/1247/1247 1248/1248/1248 1249/1249/1249
f 1250/1250/1250 1249/1249/1249 1248/1248/1248
f 1249/1249/1249 1250/1250/1250 1251/1251/1251
f 1252/1252/1252 1251/1251/1251 1250/1250/1250
f 1251/1251/1251 1252/1252/1252 1253/1253/1253
f 1254/1254/1254 1253/1253/1253 1252/1252/1252
f 1253/1253/1253 1254/1254/1254 1255/1255/1255
f 1256/1256/1256 1255/1255/1255 1254/1254/1254
f 1255/1255/1255 1256/1256/1256 1257/1257/1257
f 1258/1258/1258 1257/1257/1257 1256/1256/1256
f 1257/1257/1257 1258/1258/1258 1259/1259/1259
f 1260/1260/1260 1261/1261/1261 1262/1262/1262
f 1261/1261/1261 1260/1260/1260 1263/1263/1263
f 1264/1264/1264 1263/1263/1263 1260/1260/1260
f 1263/1263/1263 1264/1264/1264 1265/1265/1265
f 1266/1266/1266 1265/1265/1265 1264/1264/1264
f 1265/1265/1265 1266/1266/1266 1267/1267/1267
f 1268/1268/1268 1267/1267/1267 1266/1266/1266
f 1267/1267/1267 1268/1268/1268 1269/1269/1269
f 1270/1270/1270 1269/1269/1269 1268/1268/1268
f 1269/1269/1269 1270/1270/1270 1271/1271/1271
f 1272/1272/1272 1271/1271/1271 1270/1270/1270
f 1271/1271/1271 1272/1272/1272 1273/1273/1273
f 1274/1274/1274 1273/1273/1273 1272/1272/1272
f 1273/1273/1273 1274/1274/1274 1275/1275/1275
f 1276/1276/1276 1275/1275/1275 1274/1274/1274
f 1275/1275/1275 1276/1276/1276 1277/1277/1277
f 1278/1278/1278 1277/1277/1277 1276/1276/1276
f 1277/1277/1277 1278/1278/1278 1279/1279/1279
f 1280/1280/1280 1279/1279/1279 1278/1278/1278
f 1279/1279/1279 1280/1280/1280 1281/1281/1281
f 1282/1282/1282 1281/1281/1281 1280/1280/1280
f 1281/1281/1281 1282/1282/1282 1283/1283/1283
f 1284/1284/1284 1283/1283/1283 1282/1282/1282
f 1283/1283/1283 1284/1284/1284 1285/1285/1285
f 1286/1286/1286 1285/1285/1285 1284/1284/1284
f 1285/1285/1285 1286/1286/1286 1287/1287/1287
f 1288/1288/1288 1287/1287/1287 1286/1286/1286
f 1287/1287/1287 1288/1288/1288 1289/1289/1289
f 1290/1290/1290 1289/1289/1289 1288/1288/1288
f 1289/1289/1289 1290/1290/1290 1291/1291/1291
f 1292/1292/1292 1291/1291/1291 1290/1290/1290
f 1291/1291/1291 1292/1292/1292 1293/1293/1293
f 1294/1294/1294 1295/1295/1295 1296/1296/1296
f 1295/1295/1295 1294/1294/1294 1297/1297/1297
f 1297/1297/1297 1298/1298/1298 1295/1295/1295
f 1298/1298/1298 1297/1297/1297 1299/1299/1299
f 1299/1299/1299 1300/1300/1300 1298/1298/1298
f 1300/1300/1300 1299/1299/1299 1301/1301/1301
f 1301/1301/1301 1302/1302/1302 1300/1300/1300
f 1302/1302/1302 1301/1301/1301 1303/1303/1303
f 1303/1303/1303 1304/1304/1304 1302/1302/1302
f 1304/1304/1304 1303/1303/1303 1305/1305/1305
f 1305/1305/1305 1306/1306/1306 1304/1304/1304
f 1306/1306/1306 1305/1305/1305 1307/1307/1307
f 1307/1307/1307 1308/1308/1308 1306/1306/1306
f 1308/1308/1308 1307/1307/1307 1309/1309/1309
f 1309/1309/1309 1310/1310/1310 1308/1308/1308
f 1310/1310/1310 1309/1309/1309 1311/1311/1311
f 1311/1311/1311 1312/1312/1312 1310/1310/1310
f 1312/1312/1312 1311/1311/1311 1313/1313/1313
f 1313/1313/1313 1314/1314/1314 1312/1312/1312
f 1314/1314/1314 1313/1313/1313 1315/1315/1315
f 1315/1315/1315 1316/1316/1316 1314/1314/1314
f 1316/1316/1316 1315/1315/1315 1317/1317/1317
f 1317/1317/1317 1318/1318/1318 1316/1316/1316
f 1318/1318/1318 1317/1317/1317 1319/1319/1319
f 1319/1319/1319 1320/1320/1320 1318/1318/1318
f 1320/1320/1320 1319/1319/1319 1321/1321/1321
f 1321/1321/1321 1322/1322/1322 1320/1320/1320
f 1322/1322/1322 1321/1321/1321 1323/1323/1323
f 1323/1323/1323 1324/1324/1324 1322/1322/1322
f 1324/1324/1324 1323/1323/1323 1325/1325/1325
f 1325/1325/1325 1326/1326/1326 1324/1324/1324
f 1326/1326/1326 1325/1325/1325 1327/1327/1327
f 1328/1328/1328 1329/1329/1329 1330/1330/1330
f 1329/1329/1329 1328/1328/1328 1331/1331/1331
f 1332/1332/1332 1331/1331/1331 1328/1328/1328
f 1331/1331/1331 1332/1332/1332 1333/1333/1333
f 1334/1334/1334 1333/1333/1333 1332/1332/1332
f 1333/1333/1333 1334/1334/1334 1335/1335/1335
f 1336/1336/1336 1335/1335/1335 1334/1334/1334
f 1335/1335/1335 1336/1336/1336 1337/1337/1337
f 1338/1338/1338 1337/1337/1337 1336/1336/1336
f 1337/1337/1337 1338/1338/1338 1339/1339/1339
f 1340/1340/1340 1339/1339/1339 1338/1338/1338
f 1339/1339/1339 1340/1340/1340 1341/1341/1341
f 1342/1342/1342 1341/1341/1341 1340/1340/1340
f 1341/1341/1341 1342/1342/1342 1343/1343/1343
f 1344/1344/1344 1343/1343/1343 1342/1342/1342
f 1343/1343/1343 1344/1344/1344 1345/1345/1345
f 1346/1346/1346 1345/1345/1345 1344/1344/1344
f 1345/1345/1345 1346/1346/1346 1347/1347/1347
f 1348/1348/1348 1347/1347/1347 1346/1346/1346
f 1347/1347/1347 1348/1348/1348 1349/1349/1349
f 1350/1350/1350 1349/1349/1349 1348/1348/1348
f 1349/1349/1349 1350/1350/1350 1351/1351/1351
f 1352/1352/1352 1351/1351/1351 1350/1350/1350
f 1351/1351/1351 1352/1352/1352 1353/1353/1353
f 1354/1354/1354 1353/1353/1353 1352/1352/1352
f 1353/1353/1353 1354/1354/1354 1355/1355/1355
f 1356/1356/1356 1355/1355/1355 1354/1354/1354
f 1355/1355/1355 1356/1356/1356 1357/1357/1357
f 1358/1358/1358 1357/1357/1357 1356/1356/1356
f 1357/1357/1357 1358/1358/1358 1359/1359/1359
f 1360/1360/1360 1359/1359/1359 1358/1358/1358
f 1359/1359/1359 1360/1360/1360 1361/1361/1361
f 1362/1362/1362 1363/1363/1363 1364/1364/1364
f 1363/1363/1363 1362/1362/1362 1365/1365/1365
f 1365/1365/1365 1366/1366/1366 1363/1363/1363
f 1366/1366/1366 1365/1365/1365 1367/1367/1367
f 1367/1367/1367 1368/1368/1368 1366/1366/1366
f 1368/1368/1368 1367/1367/1367 1369/1369/1369
f 1369/1369/1369 1370/1370/1370 1368/1368/1368
f 1370/1370/1370 1369/1369/1369 1371/1371/1371
f 1371/1371/1371 1372/1372/1372 1370/1370/1370
f 1372/1372/1372 1371/1371/1371 1373/1373/1373
f 1373/1373/1373 1374/1374/1374 1372/1372/1372
f 1374/1374/1374 1373/1373/1373 1375/1375/1375
f 1375/1375/1375 1376/1376/1376 1374/1374/1374
f 1376/1376/1376 1375/1375/1375 1377/1377/1377
f 1377/1377/1377 1378/1378/1378 1376/1376/1376
f 1378/1378/1378 1377/1377/1377 1379/1379/1379
f 1379/1379/1379 1380/1380/1380 1378/1378/1378
f 1380/1380/1380 1379/1379/1379 1381/1381/1381
f 1381/1381/1381 1382/1382/1382 1380/1380/1380
f 1382/1382/1382 1381/1381/1381 1383/1383/1383
f 1383/1383/1383 1384/1384/1384 1382/1382/1382
f 1384/1384/1384 1383/1383/1383 1385/1385/1385
f 1385/1385/1385 1386/1386/1386 1384/1384/1384
f 1386/1386/1386 1385/1385/1385 1387/1387/1387
f 1387/1387/1387 1388/1388/1388 1386/1386/1386
f 1388/1388/1388 1387/1387/1387 1389/1389/1389
f 1389/1389/1389 1390/1390/1390 1388/1388/1388
f 1390/1390/1390 1389/1389/1389 1391/1391/1391
f 1391/1391/1391 1392/1392/1392 1390/1390/1390
f 1392/1392/1392 1391/1391/1391 1393/1393/1393
f 1393/1393/1393 1394/1394/1394 1392/1392/1392
f 1394/1394/1394 1393/1393/1393 1395/1395/1395
f 1396/1396/1396 1397/1397/1397 1398/1398/1398
f 1397/1397/1397 1396/1396/1396 1399/1399/1399
f 1399/1399/1399 1400/1400/1400 1397/1397/1397
f 1400/1400/1400 1399/1399/1399 1401/1401/1401
f 1401/1401/1401 1402/1402/1402 1400/1400/1400
f 1402/1402/1402 1401/1401/1401 1403/1403/1403
f 1403/1403/1403 1404/1404/1404 1402/1402/1402
f 1404/1404/1404 1403/1403/1403 1405/1405/1405
f 1405/1405/1405 1406/1406/1406 1404/1404/1404
f 1406/1406/1406 1405/1405/1405 1407/1407/1407
f 1407/1407/1407 1408/1408/1408 1406/1406/1406
f 1408/1408/1408 1407/1407/1407 1409/1409/1409
f 1409/1409/1409 1410/1410/1410 1408/1408/1408
f 1410/1410/1410 1409/1409/1409 1411/1411/1411
f 1411/1411/1411 1412/1412/1412 1410/1410/1410
f 1412/1412/1412 1411/1411/1411 1413/1413/1413
f 1413/1413/1413 1414/1414/1414 1412/1412/1412
f 1414/1414/1414 1413/1413/1413 1415/1415/1415
f 1415/1415/1415 1416/1416/1416 1414/1414/1414
f 1416/1416/1416 1415/1415/1415 1417/1417/1417
f 1417/1417/1417 1418/1418/1418 1416/1416/1416
f 1418/1418/1418 1417/1417/1417 1419/1419/1419
f 1419/1419/1419 1420/1420/1420 1418/1418/1418
f 1420/1420/1420 1419/1419/1419 1421/1421/1421
f 1421/1421/1421 1422/1422/1422 1420/1420/1420
f 1422/1422/1422 1421/1421/1421 1423/1423/1423
f 1423/1423/1423 1424/1424/1424 1422/1422/1422
f 1424/1424/1424 1423/1423/1423 1425/1425/1425
f 1425/1425/1425 1426/1426/1426 1424/1424/1424
f 1426/1426/1426 1425/1425/1425 1427/1427/1427
f 1427/1427/1427 1428/1428/1428 1426/1426/1426
f 1428/1428/1428 1427/1427/1427 1429/1429/1429
f 1430/1430/1430 1431/1431/1431 1432/1432/1432
f 1431/1431/1431 1430/1430/1430 1433/1433/1433
f 1433/1433/1433 1434/1434/1434 1431/1431/1431
f 1434/1434/1434 1433/1433/1433 1435/1435/1435
f 1435/1435/1435 1436/1436/1436 1434/1434/1434
f 1436/1436/1436 1435/1435/1435 1437/1437/1437
f 1437/1437/1437 1438/1438/1438 1436/1436/1436
f 1438/1438/1438 1437/1437/1437 1439/1439/1439
f 1439/1439/1439 1440/1440/1440 1438/1438/1438
f 1440/1440/1440 1439/1439/1439 1441/1441/1441
f 1441/1441/1441 1442/1442/1442 1440/1440/1440
f 1442/1442/1442 1441/1441/1441 1443/1443/1443
f 1443/1443/1443 1444/1444/1444 1442/1442/1442
f 1444/1444/1444 1443/1443/1443 1445/1445/1445
f 1445/1445/1445 1446/1446/1446 1444/1444/1444
f 1446/1446/1446 1445/1445/1445 1447/1447/1447
f 1447/1447/1447 1448/1448/1448 1446/1446/1446
f 1448/1448/1448 1447/1447/1447 1449/1449/1449
f 1449/1449/1449 1450/1450/1450 1448/1448/1448
f 1450/1450/1450 1449/1449/1449 1451/1451/1451
f 1451/1451/1451 1452/1452/1452 1450/1450/1450
f 1452/1452/1452 1451/1451/1451 1453/1453/1453
f 1453/1453/1453 1454/1454/1454 1452/1452/1452
f 1454/1454/1454 1453/1453/1453 1455/1455/1455
f 1455/1455/1455 1456/1456/1456 1454/1454/1454
f 1456/1456/1456 1455/1455/1455 1457/1457/1457
f 1457/1457/1457 1458/1458/1458 1456/1456/1456
f 1458/1458/1458 1457/1457/1457 1459/1459/1459
f 1459/1459/1459 1460/1460/1460 1458/1458/1458
f 1460/1460/1460 1459/1459/1459 1461/1461/1461
f 1461/1461/1461 1462/1462/1462 1460/1460/1460
f 1462/1462/1462 1461/1461/1461 1463/1463/1463
f 1463/1463/1463 1464/1464/1464 1462/1462/1462
f 1464/1464/1464 1463/1463/1463 1465/1465/1465
f 1465/1465/1465 1466/1466/1466 1464/1464/1464
f 1466/1466/1466 1465/1465/1465 1467/1467/1467
f 1467/1467/1467 1468/1468/1468 1466/1466/1466
f 1468/1468/1468 1467/1467/1467 1469/1469/1469
f 1469/1469/1469 1470/1470/1470 1468/1468/1468
f 1470/1470/1470 1469/1469/1469 1471/1471/1471
f 1471/1471/1471 1472/1472/1472 1470/1470/1470
f 1472/1472/1472 1471/1471/1471 1473/1473/1473
f 1473/1473/1473 1474/1474/1474 1472/1472/1472
f 1474/1474/1474 1473/1473/1473 1475/1475/1475
f 1475/1475/1475 1476/1476/1476 1474/1474/1474
f 1476/1476/1476 1475/1475/1475 1477/1477/1477
f 1477/1477/1477 1478/1478/1478 1476/1476/1476
f 1478/1478/1478 1477/1477/1477 1479/1479/1479
f 1479/1479/1479 1480/1480/1480 1478/1478/1478
f 1480/1480/1480 1479/1479/1479 1481/1481/1481
f 1481/1481/1481 1482/1482/1482 1480/1480/1480
f 1482/1482/1482 1481/1481/1481 1483/1483/1483
f 1483/1483/1483 1484/1484/1484 1482/1482/1482
f 1484/1484/1484 1483/1483/1483 1485/1485/1485
f 1485/1485/1485 1486/1486/1486 1484/1484/1484
f 1486/1486/1486 1485/1485/1485 1487/1487/1487
f 1487/1487/1487 1488/1488/1488 1486/1486/1486
f 1488/1488/1488 1487/1487/1487 1489/1489/1489
f 1489/1489/1489 1490/1490/1490 1488/1488/1488
f 1490/1490/1490 1489/1489/1489 1491/1491/1491
f 1491/1491/1491 1492/1492/1492 1490/1490/1490
f 1492/1492/1492 1491/1491/1491 1493/1493/1493
f 1493/1493/1493 1494/1494/1494 1492/1492/1492
f 1494/1494/1494 1493/1493/1493 1495/1495/1495
f 1496/1496/1496 1497/1497/1497 1498/1498/1498
f 1497/1497/1497 1496/1496/1496 1499/1499/1499
f 1500/1500/1500 1497/1497/1497 1499/1499/1499
f 1497/1497/1497 1500/1500/1500 1501/1501/1501
f 1502/1502/1502 1501/1501/1501 1500/1500/1500
f 1501/1501/1501 1502/1502/1502 1503/1503/1503
f 1502/1502/1502 1504/1504/1504 1503/1503/1503
f 1504/1504/1504 1502/1502/1502 1505/1505/1505
f 1506/1506/1506 1504/1504/1504 1505/1505/1505
f 1504/1504/1504 1506/1506/1506 1507/1507/1507
f 1506/1506/1506 1508/1508/1508 1507/1507/1507
f 1508/1508/1508 1506/1506/1506 1509/1509/1509
f 1509/1509/1509 1510/1510/1510 1508/1508/1508
f 1510/1510/1510 1509/1509/1509 1511/1511/1511
f 1511/1511/1511 1512/1512/1512 1510/1510/1510
f 1512/1512/1512 1511/1511/1511 1513/1513/1513
f 1514/1514/1514 1512/1512/1512 1513/1513/1513
f 1512/1512/1512 1514/1514/1514 1515/1515/1515
f 1516/1516/1516 1515/1515/1515 1514/1514/1514
f 1515/1515/1515 1516/1516/1516 1517/1517/1517
f 1516/1516/1516 1518/1518/1518 1517/1517/1517
f 1518/1518/1518 1516/1516/1516 1519/1519/1519
f 1519/1519/1519 1520/1520/1520 1518/1518/1518
f 1520/1520/1520 1519/1519/1519 1521/1521/1521
f 1521/1521/1521 1522/1522/1522 1520/1520/1520
f 1522/1522/1522 1521/1521/1521 1523/1523/1523
f 1524/1524/1524 1522/1522/1522 1523/1523/1523
f 1522/1522/1522 1524/1524/1524 1525/1525/1525
f 1526/1526/1526 1525/1525/1525 1524/1524/1524
f 1525/1525/1525 1526/1526/1526 1527/1527/1527
f 1528/1528/1528 1527/1527/1527 1526/1526/1526
f 1527/1527/1527 1528/1528/1528 1529/1529/1529
f 1530/1530/1530 1531/1531/1531 1532/1532/1532
f 1531/1531/1531 1530/1530/1530 1533/1533/1533
f 1534/1534/1534 1533/1533/1533 1530/1530/1530
f 1533/1533/1533 1534/1534/1534 1535/1535/1535
f 1536/1536/1536 1535/1535/1535 1534/1534/1534
f 1535/1535/1535 1536/1536/1536 1537/1537/1537
f 1538/1538/1538 1537/1537/1537 1536/1536/1536
f 1537/1537/1537 1538/1538/1538 1539/1539/1539
f 1540/1540/1540 1539/1539/1539 1538/1538/1538
f 1539/1539/1539 1540/1540/1540 1541/1541/1541
f 1542/1542/1542 1541/1541/1541 1540/1540/1540
f 1541/1541/1541 1542/1542/1542 1543/1543/1543
f 1544/1544/1544 1543/1543/1543 1542/1542/1542
f 1543/1543/1543 1544/1544/1544 1545/1545/1545
f 1546/1546/1546 1545/1545/1545 1544/1544/1544
f 1545/1545/1545 1546/1546/1546 1547/1547/1547
f 1548/1548/1548 1547/1547/1547 1546/1546/1546
f 1547/1547/1547 1548/1548/1548 1549/1549/1549
f 1550/1550/1550 1549/1549/1549 1548/1548/1548
f 1549/1549/1549 1550/1550/1550 1551/1551/1551
f 1552/1552/1552 1551/1551/1551 1550/1550/1550
f 1551/1551/1551 1552/1552/1552 1553/1553/1553
f 1554/1554/1554 1553/1553/1553 1552/1552/1552
f 1553/1553/1553 1554/1554/1554 1555/1555/1555
f 1556/1556/1556 1555/1555/1555 1554/1554/1554
f 1555/1555/1555 1556/1556/1556 1557/1557/1557
f 1558/1558/1558 1557/1557/1557 1556/1556/1556
f 1557/1557/1557 1558/1558/1558 1559/1559/1559
f 1560/1560/1560 1559/1559/1559 1558/1558/1558
f 1559/1559/1559 1560/1560/1560 1561/1561/1561
f 1562/1562/1562 1561/1561/1561 1560/1560/1560
f 1561/1561/1561 1562/1562/1562 1563/1563/1563
f 1564/1564/1564 1565/1565/1565 1566/1566/1566
f 1565/1565/1565 1564/1564/1564 1567/1567/1567
f 1568/1568/1568 1567/1567/1567 1564/1564/1564
f 1567/1567/1567 1568/1568/1568 1569/1569/1569
f 1568/1568/1568 1570/1570/1570 1569/1569/1569
f 1570/1570/1570 1568/1568/1568 1571/1571/1571
f 1571/1571/1571 1572/1572/1572 1570/1570/1570
f 1572/1572/1572 1571/1571/1571 1573/1573/1573
f 1573/1573/1573 1574/1574/1574 1572/1572/1572
f 1574/1574/1574 1573/1573/1573 1575/1575/1575
f 1576/1576/1576 1574/1574/1574 1575/1575/1575
f 1574/1574/1574 1576/1576/1576 1577/1577/1577
f 1578/1578/1578 1577/1577/1577 1576/1576/1576
f 1577/1577/1577 1578/1578/1578 1579/1579/1579
f 1580/1580/1580 1579/1579/1579 1578/1578/1578
f 1579/1579/1579 1580/1580/1580 1581/1581/1581
f 1582/1582/1582 1581/1581/1581 1580/1580/1580
f 1581/1581/1581 1582/1582/1582 1583/1583/1583
f 1584/1584/1584 1583/1583/1583 1582/1582/1582
f 1583/1583/1583 1584/1584/1584 1585/1585/1585
f 1584/1584/1584 1586/1586/1586 1585/1585/1585
f 1586/1586/1586 1584/1584/1584 1587/1587/1587
f 1587/1587/1587 1588/1588/1588 1586/1586/1586
f 1588/1588/1588 1587/1587/1587 1589/1589/1589
f 1589/1589/1589 1590/1590/1590 1588/1588/1588
f 1590/1590/1590 1589/1589/1589 1591/1591/1591
f 1592/1592/1592 1590/1590/1590 1591/1591/1591
f 1590/1590/1590 1592/1592/1592 1593/1593/1593
f 1594/1594/1594 1593/1593/1593 1592/1592/1592
f 1593/1593/1593 1594/1594/1594 1595/1595/1595
f 1596/1596/1596 1595/1595/1595 1594/1594/1594
f 1595/1595/1595 1596/1596/1596 1597/1597/1597
f 1598/1598/1598 1599/1599/1599 1600/1600/1600
f 1599/1599/1599 1598/1598/1598 1601/1601/1601
f 1601/1601/1601 1602/1602/1602 1599/1599/1599
f 1602/1602/1602 1601/1601/1601 1603/1603/1603
f 1603/1603/1603 1604/1604/1604 1602/1602/1602
f 1604/1604/1604 1603/1603/1603 1605/1605/1605
f 1606/1606/1606 1604/1604/1604 1605/1605/1605
f 1604/1604/1604 1606/1606/1606 1607/1607/1607
f 1608/1608/1608 1607/1607/1607 1606/1606/1606
f 1607/1607/1607 1608/1608/1608 1609/1609/1609
f 1610/1610/1610 1609/1609/1609 1608/1608/1608
f 1609/1609/1609 1610/1610/1610 1611/1611/1611
f 1610/1610/1610 1612/1612/1612 1611/1611/1611
f 1612/1612/1612 1610/1610/1610 1613/1613/1613
f 1613/1613/1613 1614/1614/1614 1612/1612/1612
f 1614/1614/1614 1613/1613/1613 1615/1615/1615
f 1615/1615/1615 1616/1616/1616 1614/1614/1614
f 1616/1616/1616 1615/1615/1615 1617/1617/1617
f 1617/1617/1617 1618/1618/1618 1616/1616/1616
f 1618/1618/1618 1617/1617/1617 1619/1619/1619
f 1619/1619/1619 1620/1620/1620 1618/1618/1618
f 1620/1620/1620 1619/1619/1619 1621/1621/1621
f 1622/1622/1622 1620/1620/1620 1621/1621/1621
f 1620/1620/1620 1622/1622/1622 1623/1623/1623
f 1624/1624/1624 1623/1623/1623 1622/1622/1622
f 1623/1623/1623 1624/1624/1624 1625/1625/1625
f 1626/1626/1626 1625/1625/1625 1624/1624/1624
f 1625/1625/1625 1626/1626/1626 1627/1627/1627
f 1626/1626/1626 1628/1628/1628 1627/1627/1627
f 1628/1628/1628 1626/1626/1626 1629/1629/1629
f 1629/1629/1629 1630/1630/1630 1628/1628/1628
f 1630/1630/1630 1629/1629/1629 1631/1631/1631
f 1632/1632/1632 1633/1633/1633 1634/1634/1634
f 1633/1633/1633 1632/1632/1632 1635/1635/1635
f 1636/1636/1636 1635/1635/1635 1632/1632/1632
f 1637/1637/1637 1633/1633/1633 1635/1635/1635
f 1633/1633/1633 1637/1637/1637 1638/1638/1638
f 1635/1635/1635 1639/1639/1639 1637/1637/1637
f 1635/1635/1635 1636/1636/1636 1640/1640/1640
f 1639/1639/1639 1635/1635/1635 1640/1640/1640
f 1641/1641/1641 1640/1640/1640 1636/1636/1636
f 1640/1640/1640 1642/1642/1642 1639/1639/1639
f 1640/1640/1640 1641/1641/1641 1643/1643/1643
f 1642/1642/1642 1640/1640/1640 1643/1643/1643
f 1644/1644/1644 1643/1643/1643 1641/1641/1641
f 1643/1643/1643 1645/1645/1645 1642/1642/1642
f 1643/1643/1643 1644/1644/1644 1646/1646/1646
f 1645/1645/1645 1643/1643/1643 1646/1646/1646
f 1647/1647/1647 1646/1646/1646 1644/1644/1644
f 1646/1646/1646 1648/1648/1648 1645/1645/1645
f 1646/1646/1646 1647/1647/1647 1649/1649/1649
f 1648/1648/1648 1646/1646/1646 1649/1649/1649
f 1650/1650/1650 1649/1649/1649 1647/1647/1647
f 1649/1649/1649 1651/1651/1651 1648/1648/1648
f 1649/1649/1649 1650/1650/1650 1652/1652/1652
f 1651/1651/1651 1649/1649/1649 1652/1652/1652
f 1653/1653/1653 1652/1652/1652 1650/1650/1650
f 1652/1652/1652 1654/1654/1654 1651/1651/1651
f 1652/1652/1652 1653/1653/1653 1655/1655/1655
f 1654/1654/1654 1652/1652/1652 1655/1655/1655
f 1656/1656/1656 1655/1655/1655 1653/1653/1653
f 1655/1655/1655 1657/1657/1657 1654/1654/1654
f 1655/1655/1655 1656/1656/1656 1658/1658/1658
f 1657/1657/1657 1655/1655/1655 1658/1658/1658
f 1659/1659/1659 1658/1658/1658 1656/1656/1656
f 1658/1658/1658 1660/1660/1660 1657/1657/1657
f 1658/1658/1658 1659/1659/1659 1661/1661/1661
f 1660/1660/1660 1658/1658/1658 1661/1661/1661
f 1662/1662/1662 1661/1661/1661 1659/1659/1659
f 1661/1661/1661 1663/1663/1663 1660/1660/1660
f 1661/1661/1661 1662/1662/1662 1664/1664/1664
f 1663/1663/1663 1661/1661/1661 1664/1664/1664
f 1665/1665/1665 1664/1664/1664 1662/1662/1662
f 1664/1664/1664 1666/1666/1666 1663/1663/1663
f 1664/1664/1664 1665/1665/1665 1667/1667/1667
f 1666/1666/1666 1664/1664/1664 1667/1667/1667
f 1668/1668/1668 1667/1667/1667 1665/1665/1665
f 1667/1667/1667 1669/1669/1669 1666/1666/1666
f 1667/1667/1667 1668/1668/1668 1670/1670/1670
f 1669/1669/1669 1667/1667/1667 1670/1670/1670
f 1671/1671/1671 1670/1670/1670 1668/1668/1668
f 1670/1670/1670 1672/1672/1672 1669/1669/1669
f 1670/1670/1670 1671/1671/1671 1673/1673/1673
f 1672/1672/1672 1670/1670/1670 1673/1673/1673
f 1674/1674/1674 1673/1673/1673 1671/1671/1671
f 1673/1673/1673 1675/1675/1675 1672/1672/1672
f 1673/1673/1673 1674/1674/1674 1676/1676/1676
f 1675/1675/1675 1673/1673/1673 1676/1676/1676
f 1677/1677/1677 1676/1676/1676 1674/1674/1674
f 1676/1676/1676 1678/1678/1678 1675/1675/1675
f 1676/1676/1676 1677/1677/1677 1679/1679/1679
f 1678/1678/1678 1676/1676/1676 1679/1679/1679
f 1680/1680/1680 1679/1679/1679 1677/1677/1677
f 1679/1679/1679 1681/1681/1681 1678/1678/1678
f 1679/1679/1679 1680/1680/1680 1682/1682/1682
f 1681/1681/1681 1679/1679/1679 1682/1682/1682
f 1683/1683/1683 1684/1684/1684 1685/1685/1685
f 1684/1684/1684 1683/1683/1683 1686/1686/1686
f 1687/1687/1687 1686/1686/1686 1683/1683/1683
f 1686/1686/1686 1687/1687/1687 1688/1688/1688
f 1689/1689/1689 1688/1688/1688 1687/1687/1687
f 1688/1688/1688 1689/1689/1689 1690/1690/1690
f 1691/1691/1691 1690/1690/1690 1689/1689/1689
f 1690/1690/1690 1691/1691/1691 1692/1692/1692
f 1693/1693/1693 1692/1692/1692 1691/1691/1691
f 1692/1692/1692 1693/1693/1693 1694/1694/1694
f 1695/1695/1695 1694/1694/1694 1693/1693/1693
f 1694/1694/1694 1695/1695/1695 1696/1696/1696
f 1697/1697/1697 1696/1696/1696 1695/1695/1695
f 1696/1696/1696 1697/1697/1697 1698/1698/1698
f 1699/1699/1699 1698/1698/1698 1697/1697/1697
f 1698/1698/1698 1699/1699/1699 1700/1700/1700
f 1701/1701/1701 1700/1700/1700 1699/1699/1699
f 1700/1700/1700 1701/1701/1701 1702/1702/1702
f 1703/1703/1703 1702/1702/1702 1701/1701/1701
f 1702/1702/1702 1703/1703/1703 1704/1704/1704
f 1705/1705/1705 1704/1704/1704 1703/1703/1703
f 1704/1704/1704 1705/1705/1705 1706/1706/1706
f 1707/1707/1707 1706/1706/1706 1705/1705/1705
f 1706/1706/1706 1707/1707/1707 1708/1708/1708
f 1709/1709/1709 1708/1708/1708 1707/1707/1707
f 1708/1708/1708 1709/1709/1709 1710/1710/1710
f 1711/1711/1711 1710/1710/1710 1709/1709/1709
f 1710/1710/1710 1711/1711/1711 1712/1712/1712
f 1713/1713/1713 1712/1712/1712 1711/1711/1711
f 1712/1712/1712 1713/1713/1713 1714/1714/1714
f 1715/1715/1715 1714/1714/1714 1713/1713/1713
f 1714/1714/1714 1715/1715/1715 1716/1716/1716
f 1717/1717/1717 1716/1716/1716 1715/1715/1715
f 1716/1716/1716 1717/1717/1717 1718/1718/1718
f 1719/1719/1719 1718/1718/1718 1717/1717/1717
f 1718/1718/1718 1719/1719/1719 1720/1720/1720
f 1721/1721/1721 1720/1720/1720 1719/1719/1719
f 1720/1720/1720 1721/1721/1721 1722/1722/1722
f 1723/1723/1723 1722/1722/1722 1721/1721/1721
f 1722/1722/1722 1723/1723/1723 1724/1724/1724
f 1725/1725/1725 1724/1724/1724 1723/1723/1723
f 1724/1724/1724 1725/1725/1725 1726/1726/1726
f 1727/1727/1727 1726/1726/1726 1725/1725/1725
f 1726/1726/1726 1727/1727/1727 1728/1728/1728
f 1729/1729/1729 1728/1728/1728 1727/1727/1727
f 1728/1728/1728 1729/1729/1729 1730/1730/1730
f 1731/1731/1731 1730/1730/1730 1729/1729/1729
f 1730/1730/1730 1731/1731/1731 1732/1732/1732
f 1733/1733/1733 1732/1732/1732 1731/1731/1731
f 1732/1732/1732 1733/1733/1733 1734/1734/1734
f 1735/1735/1735 1734/1734/1734 1733/1733/1733
f 1734/1734/1734 1735/1735/1735 1736/1736/1736
f 1737/1737/1737 1736/1736/1736 1735/1735/1735
f 1736/1736/1736 1737/1737/1737 1738/1738/1738
f 1739/1739/1739 1738/1738/1738 1737/1737/1737
f 1738/1738/1738 1739/1739/1739 1740/1740/1740
f 1741/1741/1741 1740/1740/1740 1739/1739/1739
f 1740/1740/1740 1741/1741/1741 1742/1742/1742
f 1743/1743/1743 1742/1742/1742 1741/1741/1741
f 1742/1742/1742 1743/1743/1743 1744/1744/1744
f 1745/1745/1745 1744/1744/1744 1743/1743/1743
f 1744/1744/1744 1745/1745/1745 1746/1746/1746
f 1747/1747/1747 1746/1746/1746 1745/1745/1745
f 1746/1746/1746 1747/1747/1747 1748/1748/1748
f 1749/1749/1749 1750/1750/1750 1751/1751/1751
f 1750/1750/1750 1749/1749/1749 1752/1752/1752
f 1752/1752/1752 1753/1753/1753 1750/1750/1750
f 1753/1753/1753 1752/1752/1752 1754/1754/1754
f 1754/1754/1754 1755/1755/1755 1753/1753/1753
f 1755/1755/1755 1754/1754/1754 1756/1756/1756
f 1756/1756/1756 1757/1757/1757 1755/1755/1755
f 1757/1757/1757 1756/1756/1756 1758/1758/1758
f 1758/1758/1758 1759/1759/1759 1757/1757/1757
f 1759/1759/1759 1758/1758/1758 1760/1760/1760
f 1760/1760/1760 1761/1761/1761 1759/1759/1759
f 1761/1761/1761 1760/1760/1760 1762/1762/1762
f 1762/1762/1762 1763/1763/1763 1761/1761/1761
f 1763/1763/1763 1762/1762/1762 1764/1764/1764
f 1764/1764/1764 1765/1765/1765 1763/1763/1763
f 1765/1765/1765 1764/1764/1764 1766/1766/1766
f 1766/1766/1766 1767/1767/1767 1765/1765/1765
f 1767/1767/1767 1766/1766/1766 1768/1768/1768
f 1768/1768/1768 1769/1769/1769 1767/1767/1767
f 1769/1769/1769 1768/1768/1768 1770/1770/1770
f 1770/1770/1770 1771/1771/1771 1769/1769/1769
f 1771/1771/1771 1770/1770/1770 1772/1772/1772
f 1772/1772/1772 1773/1773/1773 1771/1771/1771
f 1773/1773/1773 1772/1772/1772 1774/1774/1774
f 1774/1774/1774 1775/1775/1775 1773/1773/1773
f 1775/1775/1775 1774/1774/1774 1776/1776/1776
f 1776/1776/1776 1777/1777/1777 1775/1775/1775
f 1777/1777/1777 1776/1776/1776 1778/1778/1778
f 1778/1778/1778 1779/1779/1779 1777/1777/1777
f 1779/1779/1779 1778/1778/1778 1780/1780/1780
f 1780/1780/1780 1781/1781/1781 1779/1779/1779
f 1781/1781/1781 1780/1780/1780 1782/1782/1782
f 1783/1783/1783 1784/1784/1784 1785/1785/1785
f 1784/1784/1784 1783/1783/1783 1786/1786/1786
f 1786/1786/1786 1787/1787/1787 1784/1784/1784
f 1787/1787/1787 1786/1786/1786 1788/1788/1788
f 1789/1789/1789 1787/1787/1787 1788/1788/1788
f 1787/1787/1787 1789/1789/1789 1790/1790/1790
f 1791/1791/1791 1790/1790/1790 1789/1789/1789
f 1790/1790/1790 1791/1791/1791 1792/1792/1792
f 1793/1793/1793 1792/1792/1792 1791/1791/1791
f 1792/1792/1792 1793/1793/1793 1794/1794/1794
f 1793/1793/1793 1795/1795/1795 1794/1794/1794
f 1795/1795/1795 1793/1793/1793 1796/1796/1796
f 1796/1796/1796 1797/1797/1797 1795/1795/1795
f 1797/1797/1797 1796/1796/1796 1798/1798/1798
f 1798/1798/1798 1799/1799/1799 1797/1797/1797
f 1799/1799/1799 1798/1798/1798 1800/1800/1800
f 1800/1800/1800 1801/1801/1801 1799/1799/1799
f 1801/1801/1801 1800/1800/1800 1802/1802/1802
f 1802/1802/1802 1803/1803/1803 1801/1801/1801
f 1803/1803/1803 1802/1802/1802 1804/1804/1804
f 1805/1805/1805 1803/1803/1803 1804/1804/1804
f 1803/1803/1803 1805/1805/1805 1806/1806/1806
f 1807/1807/1807 1806/1806/1806 1805/1805/1805
f 1806/1806/1806 1807/1807/1807 1808/1808/1808
f 1809/1809/1809 1808/1808/1808 1807/1807/1807
f 1808/1808/1808 1809/1809/1809 1810/1810/1810
f 1809/1809/1809 1811/1811/1811 1810/1810/1810
f 1811/1811/1811 1809/1809/1809 1812/1812/1812
f 1812/1812/1812 1813/1813/1813 1811/1811/1811
f 1813/1813/1813 1812/1812/1812 1814/1814/1814
f 1814/1814/1814 1815/1815/1815 1813/1813/1813
f 1815/1815/1815 1814/1814/1814 1816/1816/1816
f 1817/1817/1817 1818/1818/1818 1819/1819/1819
f 1818/1818/1818 1817/1817/1817 1820/1820/1820
f 1821/1821/1821 1820/1820/1820 1817/1817/1817
f 1820/1820/1820 1821/1821/1821 1822/1822/1822
f 1823/1823/1823 1822/1822/1822 1821/1821/1821
f 1822/1822/1822 1823/1823/1823 1824/1824/1824
f 1823/1823/1823 1825/1825/1825 1824/1824/1824
f 1825/1825/1825 1823/1823/1823 1826/1826/1826
f 1826/1826/1826 1827/1827/1827 1825/1825/1825
f 1827/1827/1827 1826/1826/1826 1828/1828/1828
f 1828/1828/1828 1829/1829/1829 1827/1827/1827
f 1829/1829/1829 1828/1828/1828 1830/1830/1830
f 1831/1831/1831 1829/1829/1829 1830/1830/1830
f 1829/1829/1829 1831/1831/1831 1832/1832/1832
f 1833/1833/1833 1832/1832/1832 1831/1831/1831
f 1832/1832/1832 1833/1833/1833 1834/1834/1834
f 1835/1835/1835 1834/1834/1834 1833/1833/1833
f 1834/1834/1834 1835/1835/1835 1836/1836/1836
f 1837/1837/1837 1836/1836/1836 1835/1835/1835
f 1836/1836/1836 1837/1837/1837 1838/1838/1838
f 1839/1839/1839 1838/1838/1838 1837/1837/1837
f 1838/1838/1838 1839/1839/1839 1840/1840/1840
f 1839/1839/1839 1841/1841/1841 1840/1840/1840
f 1841/1841/1841 1839/1839/1839 1842/1842/1842
f 1842/1842/1842 1843/1843/1843 1841/1841/1841
f 1843/1843/1843 1842/1842/1842 1844/1844/1844
f 1844/1844/1844 1845/1845/1845 1843/1843/1843
f 1845/1845/1845 1844/1844/1844 1846/1846/1846
f 1847/1847/1847 1845/1845/1845 1846/1846/1846
f 1845/1845/1845 1847/1847/1847 1848/1848/1848
f 1849/1849/1849 1848/1848/1848 1847/1847/1847
f 1848/1848/1848 1849/1849/1849 1850/1850/1850
f 1851/1851/1851 1852/1852/1852 1853/1853/1853
f 1852/1852/1852 1851/1851/1851 1854/1854/1854
f 1854/1854/1854 1855/1855/1855 1852/1852/1852
f 1851/1851/1851 1856/1856/1856 1854/1854/1854
f 1856/1856/1856 1851/1851/1851 1857/1857/1857
f 1858/1858/1858 1854/1854/1854 1856/1856/1856
f 1855/1855/1855 1854/1854/1854 1859/1859/1859
f 1854/1854/1854 1858/1858/1858 1859/1859/1859
f 1859/1859/1859 1860/1860/1860 1855/1855/1855
f 1861/1861/1861 1859/1859/1859 1858/1858/1858
f 1860/1860/1860 1859/1859/1859 1862/1862/1862
f 1859/1859/1859 1861/1861/1861 1862/1862/1862
f 1862/1862/1862 1863/1863/1863 1860/1860/1860
f 1864/1864/1864 1862/1862/1862 1861/1861/1861
f 1863/1863/1863 1862/1862/1862 1865/1865/1865
f 1862/1862/1862 1864/1864/1864 1865/1865/1865
f 1865/1865/1865 1866/1866/1866 1863/1863/1863
f 1867/1867/1867 1865/1865/1865 1864/1864/1864
f 1866/1866/1866 1865/1865/1865 1868/1868/1868
f 1865/1865/1865 1867/1867/1867 1868/1868/1868
f 1868/1868/1868 1869/1869/1869 1866/1866/1866
f 1870/1870/1870 1868/1868/1868 1867/1867/1867
f 1869/1869/1869 1868/1868/1868 1871/1871/1871
f 1868/1868/1868 1870/1870/1870 1871/1871/1871
f 1871/1871/1871 1872/1872/1872 1869/1869/1869
f 1873/1873/1873 1871/1871/1871 1870/1870/1870
f 1872/1872/1872 1871/1871/1871 1874/1874/1874
f 1871/1871/1871 1873/1873/1873 1874/1874/1874
f 1874/1874/1874 1875/1875/1875 1872/1872/1872
f 1876/1876/1876 1874/1874/1874 1873/1873/1873
f 1875/1875/1875 1874/1874/1874 1877/1877/1877
f 1874/1874/1874 1876/1876/1876 1877/1877/1877
f 1877/1877/1877 1878/1878/1878 1875/1875/1875
f 1879/1879/1879 1877/1877/1877 1876/1876/1876
f 1878/1878/1878 1877/1877/1877 1880/1880/1880
f 1877/1877/1877 1879/1879/1879 1880/1880/1880
f 1880/1880/1880 1881/1881/1881 1878/1878/1878
f 1882/1882/1882 1880/1880/1880 1879/1879/1879
f 1881/1881/1881 1880/1880/1880 1883/1883/1883
f 1880/1880/1880 1882/1882/1882 1883/1883/1883
f 1883/1883/1883 1884/1884/1884 1881/1881/1881
f 1885/1885/1885 1883/1883/1883 1882/1882/1882
f 1884/1884/1884 1883/1883/1883 1886/1886/1886
f 1883/1883/1883 1885/1885/1885 1886/1886/1886
f 1886/1886/1886 1887/1887/1887 1884/1884/1884
f 1888/1888/1888 1886/1886/1886 1885/1885/1885
f 1887/1887/1887 1886/1886/1886 1889/1889/1889
f 1886/1886/1886 1888/1888/1888 1889/1889/1889
f 1889/1889/1889 1890/1890/1890 1887/1887/1887
f 1891/1891/1891 1889/1889/1889 1888/1888/1888
f 1890/1890/1890 1889/1889/1889 1892/1892/1892
f 1889/1889/1889 1891/1891/1891 1892/1892/1892
f 1892/1892/1892 1893/1893/1893 1890/1890/1890
f 1894/1894/1894 1892/1892/1892 1891/1891/1891
f 1893/1893/1893 1892/1892/1892 1895/1895/1895
f 1892/1892/1892 1894/1894/1894 1895/1895/1895
f 1895/1895/1895 1896/1896/1896 1893/1893/1893
f 1897/1897/1897 1895/1895/1895 1894/1894/1894
f 1896/1896/1896 1895/1895/1895 1898/1898/1898
f 1895/1895/1895 1897/1897/1897 1898/1898/1898
f 1898/1898/1898 1899/1899/1899 1896/1896/1896
f 1900/1900/1900 1898/1898/1898 1897/1897/1897
f 1899/1899/1899 1898/1898/1898 1901/1901/1901
f 1898/1898/1898 1900/1900/1900 1901/1901/1901
f 1902/1902/1902 1903/1903/1903 1904/1904/1904
f 1903/1903/1903 1902/1902/1902 1905/1905/1905
f 1905/1905/1905 1906/1906/1906 1903/1903/1903
f 1907/1907/1907 1905/1905/1905 1902/1902/1902
f 1906/1906/1906 1905/1905/1905 1908/1908/1908
f 1908/1908/1908 1909/1909/1909 1906/1906/1906
f 1909/1909/1909 1908/1908/1908 1910/1910/1910
f 1908/1908/1908 1911/1911/1911 1910/1910/1910
f 1905/1905/1905 1907/1907/1907 1912/1912/1912
f 1912/1912/1912 1908/1908/1908 1905/1905/1905
f 1911/1911/1911 1908/1908/1908 1913/1913/1913
f 1908/1908/1908 1912/1912/1912 1913/1913/1913
f 1913/1913/1913 1914/1914/1914 1911/1911/1911
f 1914/1914/1914 1913/1913/1913 1915/1915/1915
f 1912/1912/1912 1915/1915/1915 1913/1913/1913
f 1915/1915/1915 1916/1916/1916 1914/1914/1914
f 1907/1907/1907 1917/1917/1917 1912/1912/1912
f 1915/1915/1915 1912/1912/1912 1917/1917/1917
f 1917/1917/1917 1907/1907/1907 1918/1918/1918
f 1916/1916/1916 1915/1915/1915 1919/1919/1919
f 1917/1917/1917 1919/1919/1919 1915/1915/1915
f 1919/1919/1919 1920/1920/1920 1916/1916/1916
f 1918/1918/1918 1921/1921/1921 1917/1917/1917
f 1919/1919/1919 1917/1917/1917 1921/1921/1921
f 1921/1921/1921 1918/1918/1918 1922/1922/1922
f 1923/1923/1923 1921/1921/1921 1922/1922/1922
f 1920/1920/1920 1919/1919/1919 1924/1924/1924
f 1921/1921/1921 1924/1924/1924 1919/1919/1919
f 1921/1921/1921 1923/1923/1923 1925/1925/1925
f 1924/1924/1924 1921/1921/1921 1925/1925/1925
f 1926/1926/1926 1925/1925/1925 1923/1923/1923
f 1927/1927/1927 1920/1920/1920 1924/1924/1924
f 1925/1925/1925 1927/1927/1927 1924/1924/1924
f 1920/1920/1920 1927/1927/1927 1928/1928/1928
f 1927/1927/1927 1929/1929/1929 1928/1928/1928
f 1925/1925/1925 1926/1926/1926 1930/1930/1930
f 1927/1927/1927 1925/1925/1925 1930/1930/1930
f 1931/1931/1931 1930/1930/1930 1926/1926/1926
f 1929/1929/1929 1927/1927/1927 1932/1932/1932
f 1930/1930/1930 1932/1932/1932 1927/1927/1927
f 1930/1930/1930 1931/1931/1931 1933/1933/1933
f 1932/1932/1932 1930/1930/1930 1933/1933/1933
f 1931/1931/1931 1934/1934/1934 1933/1933/1933
f 1934/1934/1934 1932/1932/1932 1933/1933/1933
f 1934/1934/1934 1931/1931/1931 1935/1935/1935
f 1936/1936/1936 1929/1929/1929 1932/1932/1932
f 1932/1932/1932 1934/1934/1934 1936/1936/1936
f 1929/1929/1929 1936/1936/1936 1937/1937/1937
f 1936/1936/1936 1938/1938/1938 1937/1937/1937
f 1935/1935/1935 1939/1939/1939 1934/1934/1934
f 1939/1939/1939 1936/1936/1936 1934/1934/1934
f 1939/1939/1939 1935/1935/1935 1940/1940/1940
f 1938/1938/1938 1936/1936/1936 1941/1941/1941
f 1936/1936/1936 1939/1939/1939 1941/1941/1941
f 1940/1940/1940 1942/1942/1942 1939/1939/1939
f 1942/1942/1942 1940/1940/1940 1943/1943/1943
f 1944/1944/1944 1942/1942/1942 1943/1943/1943
f 1945/1945/1945 1938/1938/1938 1941/1941/1941
f 1945/1945/1945 1946/1946/1946 1938/1938/1938
f 1939/1939/1939 1947/1947/1947 1941/1941/1941
f 1947/1947/1947 1939/1939/1939 1942/1942/1942
f 1945/1945/1945 1941/1941/1941 1947/1947/1947
f 1942/1942/1942 1944/1944/1944 1948/1948/1948
f 1949/1949/1949 1948/1948/1948 1944/1944/1944
f 1942/1942/1942 1950/1950/1950 1947/1947/1947
f 1950/1950/1950 1945/1945/1945 1947/1947/1947
f 1950/1950/1950 1942/1942/1942 1948/1948/1948
f 1951/1951/1951 1946/1946/1946 1945/1945/1945
f 1951/1951/1951 1952/1952/1952 1946/1946/1946
f 1948/1948/1948 1949/1949/1949 1953/1953/1953
f 1954/1954/1954 1953/1953/1953 1949/1949/1949
f 1948/1948/1948 1955/1955/1955 1950/1950/1950
f 1955/1955/1955 1948/1948/1948 1953/1953/1953
f 1950/1950/1950 1956/1956/1956 1945/1945/1945
f 1945/1945/1945 1956/1956/1956 1951/1951/1951
f 1955/1955/1955 1956/1956/1956 1950/1950/1950
f 1953/1953/1953 1954/1954/1954 1957/1957/1957
f 1958/1958/1958 1957/1957/1957 1954/1954/1954
f 1959/1959/1959 1952/1952/1952 1951/1951/1951
f 1959/1959/1959 1960/1960/1960 1952/1952/1952
f 1953/1953/1953 1961/1961/1961 1955/1955/1955
f 1961/1961/1961 1953/1953/1953 1957/1957/1957
f 1957/1957/1957 1958/1958/1958 1962/1962/1962
f 1963/1963/1963 1962/1962/1962 1958/1958/1958
f 1957/1957/1957 1964/1964/1964 1961/1961/1961
f 1955/1955/1955 1961/1961/1961 1964/1964/1964
f 1964/1964/1964 1957/1957/1957 1962/1962/1962
f 1962/1962/1962 1963/1963/1963 1965/1965/1965
f 1965/1965/1965 1964/1964/1964 1962/1962/1962
f 1955/1955/1955 1964/1964/1964 1966/1966/1966
f 1964/1964/1964 1965/1965/1965 1966/1966/1966
f 1956/1956/1956 1955/1955/1955 1966/1966/1966
f 1965/1965/1965 1956/1956/1956 1966/1966/1966
f 1963/1963/1963 1967/1967/1967 1965/1965/1965
f 1956/1956/1956 1965/1965/1965 1967/1967/1967
f 1967/1967/1967 1951/1951/1951 1956/1956/1956
f 1967/1967/1967 1963/1963/1963 1968/1968/1968
f 1969/1969/1969 1967/1967/1967 1968/1968/1968
f 1951/1951/1951 1967/1967/1967 1970/1970/1970
f 1967/1967/1967 1969/1969/1969 1970/1970/1970
f 1971/1971/1971 1970/1970/1970 1969/1969/1969
f 1970/1970/1970 1959/1959/1959 1951/1951/1951
f 1970/1970/1970 1971/1971/1971 1972/1972/1972
f 1959/1959/1959 1970/1970/1970 1972/1972/1972
f 1973/1973/1973 1972/1972/1972 1971/1971/1971
f 1972/1972/1972 1974/1974/1974 1959/1959/1959
f 1974/1974/1974 1960/1960/1960 1959/1959/1959
f 1972/1972/1972 1973/1973/1973 1975/1975/1975
f 1974/1974/1974 1972/1972/1972 1975/1975/1975
f 1976/1976/1976 1975/1975/1975 1973/1973/1973
f 1977/1977/1977 1960/1960/1960 1974/1974/1974
f 1975/1975/1975 1977/1977/1977 1974/1974/1974
f 1960/1960/1960 1977/1977/1977 1978/1978/1978
f 1975/1975/1975 1976/1976/1976 1979/1979/1979
f 1977/1977/1977 1975/1975/1975 1979/1979/1979
f 1980/1980/1980 1979/1979/1979 1976/1976/1976
f 1981/1981/1981 1978/1978/1978 1977/1977/1977
f 1979/1979/1979 1981/1981/1981 1977/1977/1977
f 1979/1979/1979 1980/1980/1980 1982/1982/1982
f 1981/1981/1981 1979/1979/1979 1982/1982/1982
f 1983/1983/1983 1982/1982/1982 1980/1980/1980
f 1984/1984/1984 1978/1978/1978 1981/1981/1981
f 1978/1978/1978 1984/1984/1984 1985/1985/1985
f 1986/1986/1986 1981/1981/1981 1982/1982/1982
f 1982/1982/1982 1983/1983/1983 1986/1986/1986
f 1981/1981/1981 1986/1986/1986 1984/1984/1984
f 1983/1983/1983 1987/1987/1987 1986/1986/1986
f 1987/1987/1987 1984/1984/1984 1986/1986/1986
f 1987/1987/1987 1983/1983/1983 1988/1988/1988
f 1989/1989/1989 1985/1985/1985 1984/1984/1984
f 1984/1984/1984 1987/1987/1987 1989/1989/1989
f 1985/1985/1985 1989/1989/1989 1990/1990/1990
f 1988/1988/1988 1991/1991/1991 1987/1987/1987
f 1991/1991/1991 1989/1989/1989 1987/1987/1987
f 1991/1991/1991 1988/1988/1988 1992/1992/1992
f 1993/1993/1993 1990/1990/1990 1989/1989/1989
f 1989/1989/1989 1991/1991/1991 1993/1993/1993
f 1992/1992/1992 1994/1994/1994 1991/1991/1991
f 1994/1994/1994 1992/1992/1992 1995/1995/1995
f 1991/1991/1991 1996/1996/1996 1993/1993/1993
f 1996/1996/1996 1990/1990/1990 1993/1993/1993
f 1996/1996/1996 1991/1991/1991 1994/1994/1994
f 1995/1995/1995 1997/1997/1997 1994/1994/1994
f 1997/1997/1997 1995/1995/1995 1998/1998/1998
f 1999/1999/1999 1997/1997/1997 1998/1998/1998
f 1994/1994/1994 2000/2000/2000 1996/1996/1996
f 2000/2000/2000 1994/1994/1994 1997/1997/1997
f 1997/1997/1997 1999/1999/1999 2001/2001/2001
f 2002/2002/2002 2001/2001/2001 1999/1999/1999
f 1997/1997/1997 2003/2003/2003 2000/2000/2000
f 1996/1996/1996 2000/2000/2000 2003/2003/2003
f 2003/2003/2003 1997/1997/1997 2001/2001/2001
f 1996/1996/1996 2004/2004/2004 1990/1990/1990
f 1996/1996/1996 2003/2003/2003 2004/2004/2004
f 2001/2001/2001 2002/2002/2002 2005/2005/2005
f 2006/2006/2006 2005/2005/2005 2002/2002/2002
f 2001/2001/2001 2007/2007/2007 2003/2003/2003
f 2004/2004/2004 2003/2003/2003 2007/2007/2007
f 2007/2007/2007 2001/2001/2001 2005/2005/2005
f 2005/2005/2005 2004/2004/2004 2007/2007/2007
f 2005/2005/2005 2006/2006/2006 2008/2008/2008
f 2004/2004/2004 2005/2005/2005 2008/2008/2008
f 2009/2009/2009 2008/2008/2008 2006/2006/2006
f 1990/1990/1990 2004/2004/2004 2010/2010/2010
f 2008/2008/2008 2010/2010/2010 2004/2004/2004
f 1990/1990/1990 2010/2010/2010 2011/2011/2011
f 2008/2008/2008 2009/2009/2009 2012/2012/2012
f 2010/2010/2010 2008/2008/2008 2012/2012/2012
f 2013/2013/2013 2012/2012/2012 2009/2009/2009
f 2012/2012/2012 2014/2014/2014 2010/2010/2010
f 2014/2014/2014 2011/2011/2011 2010/2010/2010
f 2012/2012/2012 2013/2013/2013 2015/2015/2015
f 2014/2014/2014 2012/2012/2012 2015/2015/2015
f 2016/2016/2016 2015/2015/2015 2013/2013/2013
f 2017/2017/2017 2011/2011/2011 2014/2014/2014
f 2015/2015/2015 2017/2017/2017 2014/2014/2014
f 2018/2018/2018 2011/2011/2011 2017/2017/2017
f 2018/2018/2018 2019/2019/2019 2011/2011/2011
f 2018/2018/2018 2020/2020/2020 2019/2019/2019
f 2018/2018/2018 2021/2021/2021 2020/2020/2020
f 2015/2015/2015 2016/2016/2016 2022/2022/2022
f 2017/2017/2017 2015/2015/2015 2022/2022/2022
f 2022/2022/2022 2018/2018/2018 2017/2017/2017
f 2023/2023/2023 2022/2022/2022 2016/2016/2016
f 2018/2018/2018 2024/2024/2024 2021/2021/2021
f 2021/2021/2021 2024/2024/2024 2025/2025/2025
f 2025/2025/2025 2024/2024/2024 2026/2026/2026
f 2024/2024/2024 2027/2027/2027 2026/2026/2026
f 2018/2018/2018 2022/2022/2022 2028/2028/2028
f 2022/2022/2022 2023/2023/2023 2028/2028/2028
f 2028/2028/2028 2024/2024/2024 2018/2018/2018
f 2023/2023/2023 2029/2029/2029 2028/2028/2028
f 2024/2024/2024 2028/2028/2028 2029/2029/2029
f 2027/2027/2027 2024/2024/2024 2029/2029/2029
f 2029/2029/2029 2023/2023/2023 2030/2030/2030
f 2030/2030/2030 2027/2027/2027 2029/2029/2029
f 2027/2027/2027 2030/2030/2030 2031/2031/2031
f 2032/2032/2032 2027/2027/2027 2031/2031/2031
f 2027/2027/2027 2032/2032/2032 2033/2033/2033
f 2034/2034/2034 2035/2035/2035 2036/2036/2036
f 2037/2037/2037 2035/2035/2035 2034/2034/2034
f 2035/2035/2035 2037/2037/2037 2038/2038/2038
f 2038/2038/2038 2039/2039/2039 2035/2035/2035
f 2038/2038/2038 2040/2040/2040 2039/2039/2039
f 2038/2038/2038 2041/2041/2041 2040/2040/2040
f 2042/2042/2042 2038/2038/2038 2037/2037/2037
f 2038/2038/2038 2042/2042/2042 2041/2041/2041
f 2040/2040/2040 2041/2041/2041 2043/2043/2043
f 2043/2043/2043 2041/2041/2041 2044/2044/2044
f 2044/2044/2044 2041/2041/2041 2045/2045/2045
f 2041/2041/2041 2046/2046/2046 2045/2045/2045
f 2042/2042/2042 2047/2047/2047 2041/2041/2041
f 2047/2047/2047 2046/2046/2046 2041/2041/2041
f 2047/2047/2047 2048/2048/2048 2046/2046/2046
f 2047/2047/2047 2042/2042/2042 2049/2049/2049
f 2050/2050/2050 2048/2048/2048 2047/2047/2047
f 2049/2049/2049 2050/2050/2050 2047/2047/2047
f 2051/2051/2051 2048/2048/2048 2050/2050/2050
f 2050/2050/2050 2049/2049/2049 2052/2052/2052
f 2052/2052/2052 2051/2051/2051 2050/2050/2050
f 2051/2051/2051 2052/2052/2052 2053/2053/2053
f 2053/2053/2053 2054/2054/2054 2051/2051/2051
f 2051/2051/2051 2054/2054/2054 2048/2048/2048
f 2054/2054/2054 2053/2053/2053 2055/2055/2055
f 2055/2055/2055 2056/2056/2056 2054/2054/2054
f 2056/2056/2056 2055/2055/2055 2057/2057/2057
f 2058/2058/2058 2054/2054/2054 2056/2056/2056
f 2057/2057/2057 2058/2058/2058 2056/2056/2056
f 2048/2048/2048 2054/2054/2054 2058/2058/2058
f 2058/2058/2058 2057/2057/2057 2059/2059/2059
f 2059/2059/2059 2060/2060/2060 2058/2058/2058
f 2060/2060/2060 2059/2059/2059 2061/2061/2061
f 2062/2062/2062 2058/2058/2058 2060/2060/2060
f 2061/2061/2061 2062/2062/2062 2060/2060/2060
f 2048/2048/2048 2058/2058/2058 2062/2062/2062
f 2062/2062/2062 2061/2061/2061 2063/2063/2063
f 2063/2063/2063 2064/2064/2064 2062/2062/2062
f 2048/2048/2048 2062/2062/2062 2064/2064/2064
f 2064/2064/2064 2063/2063/2063 2065/2065/2065
f 2065/2065/2065 2066/2066/2066 2064/2064/2064
f 2048/2048/2048 2064/2064/2064 2066/2066/2066
f 2066/2066/2066 2065/2065/2065 2067/2067/2067
f 2068/2068/2068 2048/2048/2048 2066/2066/2066
f 2067/2067/2067 2068/2068/2068 2066/2066/2066
f 2048/2048/2048 2068/2068/2068 2069/2069/2069
f 2068/2068/2068 2067/2067/2067 2070/2070/2070
f 2071/2071/2071 2069/2069/2069 2068/2068/2068
f 2070/2070/2070 2071/2071/2071 2068/2068/2068
f 2069/2069/2069 2071/2071/2071 2072/2072/2072
f 2071/2071/2071 2070/2070/2070 2073/2073/2073
f 2072/2072/2072 2071/2071/2071 2074/2074/2074
f 2073/2073/2073 2074/2074/2074 2071/2071/2071
f 2074/2074/2074 2073/2073/2073 2075/2075/2075
f 2072/2072/2072 2074/2074/2074 2076/2076/2076
f 2075/2075/2075 2077/2077/2077 2074/2074/2074
f 2076/2076/2076 2074/2074/2074 2077/2077/2077
f 2077/2077/2077 2075/2075/2075 2078/2078/2078
f 2079/2079/2079 2076/2076/2076 2077/2077/2077
f 2078/2078/2078 2079/2079/2079 2077/2077/2077
f 2079/2079/2079 2078/2078/2078 2080/2080/2080
f 2076/2076/2076 2079/2079/2079 2081/2081/2081
f 2080/2080/2080 2082/2082/2082 2079/2079/2079
f 2082/2082/2082 2081/2081/2081 2079/2079/2079
f 2082/2082/2082 2080/2080/2080 2083/2083/2083
f 2083/2083/2083 2084/2084/2084 2082/2082/2082
f 2084/2084/2084 2083/2083/2083 2085/2085/2085
f 2086/2086/2086 2084/2084/2084 2085/2085/2085
f 2087/2087/2087 2081/2081/2081 2082/2082/2082
f 2084/2084/2084 2087/2087/2087 2082/2082/2082
f 2088/2088/2088 2081/2081/2081 2087/2087/2087
f 2088/2088/2088 2087/2087/2087 2089/2089/2089
f 2087/2087/2087 2090/2090/2090 2089/2089/2089
f 2090/2090/2090 2087/2087/2087 2091/2091/2091
f 2091/2091/2091 2092/2092/2092 2090/2090/2090
f 2092/2092/2092 2091/2091/2091 2093/2093/2093
f 2087/2087/2087 2094/2094/2094 2091/2091/2091
f 2094/2094/2094 2093/2093/2093 2091/2091/2091
f 2094/2094/2094 2087/2087/2087 2095/2095/2095
f 2093/2093/2093 2094/2094/2094 2096/2096/2096
f 2087/2087/2087 2097/2097/2097 2095/2095/2095
f 2098/2098/2098 2092/2092/2092 2093/2093/2093
f 2096/2096/2096 2098/2098/2098 2093/2093/2093
f 2092/2092/2092 2098/2098/2098 2099/2099/2099
f 2098/2098/2098 2096/2096/2096 2100/2100/2100
f 2097/2097/2097 2087/2087/2087 2101/2101/2101
f 2101/2101/2101 2102/2102/2102 2097/2097/2097
f 2087/2087/2087 2084/2084/2084 2101/2101/2101
f 2103/2103/2103 2099/2099/2099 2098/2098/2098
f 2100/2100/2100 2103/2103/2103 2098/2098/2098
f 2099/2099/2099 2103/2103/2103 2104/2104/2104
f 2103/2103/2103 2100/2100/2100 2105/2105/2105
f 2103/2103/2103 2106/2106/2106 2104/2104/2104
f 2102/2102/2102 2101/2101/2101 2107/2107/2107
f 2084/2084/2084 2107/2107/2107 2101/2101/2101
f 2107/2107/2107 2108/2108/2108 2102/2102/2102
f 2105/2105/2105 2109/2109/2109 2103/2103/2103
f 2106/2106/2106 2103/2103/2103 2109/2109/2109
f 2109/2109/2109 2105/2105/2105 2110/2110/2110
f 2109/2109/2109 2111/2111/2111 2106/2106/2106
f 2110/2110/2110 2112/2112/2112 2109/2109/2109
f 2111/2111/2111 2109/2109/2109 2112/2112/2112
f 2112/2112/2112 2110/2110/2110 2113/2113/2113
f 2114/2114/2114 2112/2112/2112 2113/2113/2113
f 2115/2115/2115 2111/2111/2111 2112/2112/2112
f 2112/2112/2112 2114/2114/2114 2115/2115/2115
f 2111/2111/2111 2115/2115/2115 2116/2116/2116
f 2117/2117/2117 2115/2115/2115 2114/2114/2114
f 2118/2118/2118 2116/2116/2116 2115/2115/2115
f 2115/2115/2115 2117/2117/2117 2118/2118/2118
f 2116/2116/2116 2118/2118/2118 2119/2119/2119
f 2117/2117/2117 2120/2120/2120 2118/2118/2118
f 2120/2120/2120 2119/2119/2119 2118/2118/2118
f 2120/2120/2120 2117/2117/2117 2121/2121/2121
f 2122/2122/2122 2120/2120/2120 2121/2121/2121
f 2119/2119/2119 2120/2120/2120 2123/2123/2123
f 2120/2120/2120 2122/2122/2122 2124/2124/2124
f 2124/2124/2124 2123/2123/2123 2120/2120/2120
f 2123/2123/2123 2124/2124/2124 2125/2125/2125
f 2126/2126/2126 2127/2127/2127 2128/2128/2128
f 2127/2127/2127 2126/2126/2126 2129/2129/2129
f 2130/2130/2130 2127/2127/2127 2129/2129/2129
f 2127/2127/2127 2130/2130/2130 2131/2131/2131
f 2130/2130/2130 2132/2132/2132 2131/2131/2131
f 2132/2132/2132 2130/2130/2130 2133/2133/2133
f 2133/2133/2133 2134/2134/2134 2132/2132/2132
f 2134/2134/2134 2133/2133/2133 2135/2135/2135
f 2135/2135/2135 2136/2136/2136 2134/2134/2134
f 2136/2136/2136 2135/2135/2135 2137/2137/2137
f 2138/2138/2138 2136/2136/2136 2137/2137/2137
f 2136/2136/2136 2138/2138/2138 2139/2139/2139
f 2140/2140/2140 2139/2139/2139 2138/2138/2138
f 2139/2139/2139 2140/2140/2140 2141/2141/2141
f 2140/2140/2140 2142/2142/2142 2141/2141/2141
f 2142/2142/2142 2140/2140/2140 2143/2143/2143
f 2143/2143/2143 2144/2144/2144 2142/2142/2142
f 2144/2144/2144 2143/2143/2143 2145/2145/2145
f 2146/2146/2146 2144/2144/2144 2145/2145/2145
f 2144/2144/2144 2146/2146/2146 2147/2147/2147
f 2146/2146/2146 2148/2148/2148 2147/2147/2147
f 2148/2148/2148 2146/2146/2146 2149/2149/2149
f 2150/2150/2150 2148/2148/2148 2149/2149/2149
f 2148/2148/2148 2150/2150/2150 2151/2151/2151
f 2150/2150/2150 2152/2152/2152 2151/2151/2151
f 2152/2152/2152 2150/2150/2150 2153/2153/2153
f 2153/2153/2153 2154/2154/2154 2152/2152/2152
f 2154/2154/2154 2153/2153/2153 2155/2155/2155
f 2155/2155/2155 2156/2156/2156 2154/2154/2154
f 2156/2156/2156 2155/2155/2155 2157/2157/2157
f 2158/2158/2158 2156/2156/2156 2157/2157/2157
f 2156/2156/2156 2158/2158/2158 2159/2159/2159
f 2158/2158/2158 2160/2160/2160 2159/2159/2159
f 2161/2161/2161 2160/2160/2160 2158/2158/2158
f 2162/2162/2162 2160/2160/2160 2161/2161/2161
f 2163/2163/2163 2160/2160/2160 2162/2162/2162
f 2160/2160/2160 2163/2163/2163 2164/2164/2164
f 2163/2163/2163 2165/2165/2165 2164/2164/2164
f 2166/2166/2166 2165/2165/2165 2163/2163/2163
f 2167/2167/2167 2166/2166/2166 2163/2163/2163
f 2167/2167/2167 2163/2163/2163 2162/2162/2162
f 2166/2166/2166 2168/2168/2168 2165/2165/2165
f 2168/2168/2168 2169/2169/2169 2165/2165/2165
f 2169/2169/2169 2168/2168/2168 2170/2170/2170
f 2170/2170/2170 2171/2171/2171 2169/2169/2169
f 2171/2171/2171 2170/2170/2170 2172/2172/2172
f 2172/2172/2172 2173/2173/2173 2171/2171/2171
f 2173/2173/2173 2172/2172/2172 2174/2174/2174
f 2175/2175/2175 2167/2167/2167 2162/2162/2162
f 2175/2175/2175 2162/2162/2162 2176/2176/2176
f 2177/2177/2177 2167/2167/2167 2175/2175/2175
f 2167/2167/2167 2177/2177/2177 2178/2178/2178
f 2166/2166/2166 2167/2167/2167 2178/2178/2178
f 2179/2179/2179 2178/2178/2178 2177/2177/2177
f 2178/2178/2178 2179/2179/2179 2180/2180/2180
f 2180/2180/2180 2166/2166/2166 2178/2178/2178
f 2180/2180/2180 2179/2179/2179 2181/2181/2181
f 2182/2182/2182 2180/2180/2180 2181/2181/2181
f 2180/2180/2180 2183/2183/2183 2166/2166/2166
f 2182/2182/2182 2183/2183/2183 2180/2180/2180
f 2182/2182/2182 2184/2184/2184 2183/2183/2183
f 2182/2182/2182 2185/2185/2185 2184/2184/2184
f 2185/2185/2185 2182/2182/2182 2186/2186/2186
f 2186/2186/2186 2187/2187/2187 2185/2185/2185
f 2187/2187/2187 2186/2186/2186 2188/2188/2188
f 2188/2188/2188 2189/2189/2189 2187/2187/2187
f 2189/2189/2189 2188/2188/2188 2190/2190/2190
f 2190/2190/2190 2191/2191/2191 2189/2189/2189
f 2191/2191/2191 2190/2190/2190 2192/2192/2192
f 2192/2192/2192 2193/2193/2193 2191/2191/2191
f 2193/2193/2193 2192/2192/2192 2194/2194/2194
f 2194/2194/2194 2195/2195/2195 2193/2193/2193
f 2195/2195/2195 2194/2194/2194 2196/2196/2196
f 2183/2183/2183 2184/2184/2184 2197/2197/2197
f 2196/2196/2196 2198/2198/2198 2195/2195/2195
f 2198/2198/2198 2196/2196/2196 2199/2199/2199
f 2200/2200/2200 2198/2198/2198 2199/2199/2199
f 2198/2198/2198 2200/2200/2200 2201/2201/2201
f 2200/2200/2200 2202/2202/2202 2201/2201/2201
f 2202/2202/2202 2200/2200/2200 2203/2203/2203
f 2204/2204/2204 2202/2202/2202 2203/2203/2203
f 2202/2202/2202 2204/2204/2204 2205/2205/2205
f 2204/2204/2204 2206/2206/2206 2205/2205/2205
f 2206/2206/2206 2204/2204/2204 2207/2207/2207
f 2208/2208/2208 2206/2206/2206 2207/2207/2207
f 2206/2206/2206 2208/2208/2208 2209/2209/2209
f 2210/2210/2210 2209/2209/2209 2208/2208/2208
f 2209/2209/2209 2210/2210/2210 2211/2211/2211
f 2210/2210/2210 2212/2212/2212 2211/2211/2211
f 2212/2212/2212 2210/2210/2210 2213/2213/2213
f 2214/2214/2214 2212/2212/2212 2213/2213/2213
f 2212/2212/2212 2214/2214/2214 2215/2215/2215
f 2216/2216/2216 2217/2217/2217 2218/2218/2218
f 2217/2217/2217 2216/2216/2216 2219/2219/2219
f 2220/2220/2220 2217/2217/2217 2219/2219/2219
f 2217/2217/2217 2220/2220/2220 2221/2221/2221
f 2220/2220/2220 2222/2222/2222 2221/2221/2221
f 2222/2222/2222 2220/2220/2220 2223/2223/2223
f 2224/2224/2224 2222/2222/2222 2223/2223/2223
f 2222/2222/2222 2224/2224/2224 2225/2225/2225
f 2224/2224/2224 2226/2226/2226 2225/2225/2225
f 2226/2226/2226 2224/2224/2224 2227/2227/2227
f 2228/2228/2228 2226/2226/2226 2227/2227/2227
f 2226/2226/2226 2228/2228/2228 2229/2229/2229
f 2230/2230/2230 2229/2229/2229 2228/2228/2228
f 2230/2230/2230 2228/2228/2228 2231/2231/2231
f 2230/2230/2230 2231/2231/2231 2232/2232/2232
f 2230/2230/2230 2232/2232/2232 2233/2233/2233
f 2234/2234/2234 2232/2232/2232 2231/2231/2231
f 2232/2232/2232 2235/2235/2235 2233/2233/2233
f 2233/2233/2233 2235/2235/2235 2236/2236/2236
f 2233/2233/2233 2236/2236/2236 2237/2237/2237
f 2235/2235/2235 2238/2238/2238 2236/2236/2236
f 2236/2236/2236 2238/2238/2238 2239/2239/2239
f 2238/2238/2238 2240/2240/2240 2239/2239/2239
f 2240/2240/2240 2238/2238/2238 2241/2241/2241
f 2242/2242/2242 2240/2240/2240 2241/2241/2241
f 2240/2240/2240 2242/2242/2242 2243/2243/2243
f 2242/2242/2242 2244/2244/2244 2243/2243/2243
f 2244/2244/2244 2242/2242/2242 2245/2245/2245
f 2245/2245/2245 2246/2246/2246 2244/2244/2244
f 2246/2246/2246 2245/2245/2245 2247/2247/2247
f 2235/2235/2235 2248/2248/2248 2238/2238/2238
f 2249/2249/2249 2248/2248/2248 2235/2235/2235
f 2249/2249/2249 2250/2250/2250 2248/2248/2248
f 2235/2235/2235 2232/2232/2232 2249/2249/2249
f 2251/2251/2251 2249/2249/2249 2232/2232/2232
f 2251/2251/2251 2232/2232/2232 2252/2252/2252
f 2251/2251/2251 2252/2252/2252 2253/2253/2253
f 2251/2251/2251 2253/2253/2253 2254/2254/2254
f 2232/2232/2232 2255/2255/2255 2252/2252/2252
f 2253/2253/2253 2256/2256/2256 2254/2254/2254
f 2256/2256/2256 2253/2253/2253 2257/2257/2257
f 2258/2258/2258 2256/2256/2256 2257/2257/2257
f 2256/2256/2256 2258/2258/2258 2259/2259/2259
f 2258/2258/2258 2260/2260/2260 2259/2259/2259
f 2260/2260/2260 2258/2258/2258 2261/2261/2261
f 2262/2262/2262 2260/2260/2260 2261/2261/2261
f 2260/2260/2260 2262/2262/2262 2263/2263/2263
f 2262/2262/2262 2264/2264/2264 2263/2263/2263
f 2264/2264/2264 2262/2262/2262 2265/2265/2265
f 2266/2266/2266 2264/2264/2264 2265/2265/2265
f 2264/2264/2264 2266/2266/2266 2267/2267/2267
f 2234/2234/2234 2255/2255/2255 2232/2232/2232
f 2234/2234/2234 2268/2268/2268 2255/2255/2255
f 2268/2268/2268 2269/2269/2269 2255/2255/2255
f 2268/2268/2268 2234/2234/2234 2270/2270/2270
f 2271/2271/2271 2270/2270/2270 2234/2234/2234
f 2270/2270/2270 2271/2271/2271 2272/2272/2272
f 2273/2273/2273 2268/2268/2268 2270/2270/2270
f 2272/2272/2272 2273/2273/2273 2270/2270/2270
f 2271/2271/2271 2274/2274/2274 2272/2272/2272
f 2274/2274/2274 2271/2271/2271 2275/2275/2275
f 2276/2276/2276 2274/2274/2274 2275/2275/2275
f 2277/2277/2277 2276/2276/2276 2275/2275/2275
f 2276/2276/2276 2277/2277/2277 2278/2278/2278
f 2279/2279/2279 2278/2278/2278 2277/2277/2277
f 2278/2278/2278 2279/2279/2279 2280/2280/2280
f 2281/2281/2281 2280/2280/2280 2279/2279/2279
f 2280/2280/2280 2281/2281/2281 2282/2282/2282
f 2281/2281/2281 2283/2283/2283 2282/2282/2282
f 2283/2283/2283 2281/2281/2281 2284/2284/2284
f 2274/2274/2274 2276/2276/2276 2285/2285/2285
f 2269/2269/2269 2285/2285/2285 2276/2276/2276
f 2286/2286/2286 2272/2272/2272 2274/2274/2274
f 2285/2285/2285 2286/2286/2286 2274/2274/2274
f 2287/2287/2287 2283/2283/2283 2284/2284/2284
f 2288/2288/2288 2287/2287/2287 2284/2284/2284
f 2285/2285/2285 2269/2269/2269 2289/2289/2289
f 2269/2269/2269 2268/2268/2268 2289/2289/2289
f 2272/2272/2272 2286/2286/2286 2290/2290/2290
f 2273/2273/2273 2272/2272/2272 2290/2290/2290
f 2286/2286/2286 2285/2285/2285 2291/2291/2291
f 2289/2289/2289 2291/2291/2291 2285/2285/2285
f 2291/2291/2291 2290/2290/2290 2286/2286/2286
f 2268/2268/2268 2273/2273/2273 2292/2292/2292
f 2292/2292/2292 2289/2289/2289 2268/2268/2268
f 2290/2290/2290 2292/2292/2292 2273/2273/2273
f 2290/2290/2290 2291/2291/2291 2293/2293/2293
f 2291/2291/2291 2289/2289/2289 2293/2293/2293
f 2292/2292/2292 2290/2290/2290 2293/2293/2293
f 2289/2289/2289 2292/2292/2292 2293/2293/2293
f 2283/2283/2283 2287/2287/2287 2294/2294/2294
f 2294/2294/2294 2295/2295/2295 2283/2283/2283
f 2287/2287/2287 2296/2296/2296 2294/2294/2294
f 2295/2295/2295 2294/2294/2294 2297/2297/2297
f 2296/2296/2296 2297/2297/2297 2294/2294/2294
f 2296/2296/2296 2287/2287/2287 2298/2298/2298
f 2299/2299/2299 2298/2298/2298 2287/2287/2287
f 2299/2299/2299 2295/2295/2295 2297/2297/2297
f 2287/2287/2287 2288/2288/2288 2299/2299/2299
f 2295/2295/2295 2299/2299/2299 2288/2288/2288
f 2300/2300/2300 2295/2295/2295 2288/2288/2288
f 2295/2295/2295 2300/2300/2300 2301/2301/2301
f 2300/2300/2300 2302/2302/2302 2301/2301/2301
f 2302/2302/2302 2300/2300/2300 2303/2303/2303
f 2304/2304/2304 2302/2302/2302 2303/2303/2303
f 2302/2302/2302 2304/2304/2304 2305/2305/2305
f 2306/2306/2306 2296/2296/2296 2298/2298/2298
f 2298/2298/2298 2299/2299/2299 2306/2306/2306
f 2297/2297/2297 2296/2296/2296 2307/2307/2307
f 2307/2307/2307 2299/2299/2299 2297/2297/2297
f 2296/2296/2296 2306/2306/2306 2307/2307/2307
f 2299/2299/2299 2307/2307/2307 2306/2306/2306
f 2304/2304/2304 2308/2308/2308 2305/2305/2305
f 2308/2308/2308 2309/2309/2309 2305/2305/2305
f 2308/2308/2308 2304/2304/2304 2310/2310/2310
f 2311/2311/2311 2310/2310/2310 2304/2304/2304
f 2311/2311/2311 2312/2312/2312 2309/2309/2309
f 2312/2312/2312 2311/2311/2311 2313/2313/2313
f 2313/2313/2313 2314/2314/2314 2312/2312/2312
f 2314/2314/2314 2313/2313/2313 2315/2315/2315
f 2315/2315/2315 2316/2316/2316 2314/2314/2314
f 2316/2316/2316 2315/2315/2315 2317/2317/2317
f 2318/2318/2318 2311/2311/2311 2309/2309/2309
f 2309/2309/2309 2308/2308/2308 2318/2318/2318
f 2310/2310/2310 2311/2311/2311 2319/2319/2319
f 2311/2311/2311 2318/2318/2318 2319/2319/2319
f 2317/2317/2317 2320/2320/2320 2316/2316/2316
f 2320/2320/2320 2321/2321/2321 2316/2316/2316
f 2322/2322/2322 2308/2308/2308 2310/2310/2310
f 2319/2319/2319 2322/2322/2322 2310/2310/2310
f 2308/2308/2308 2322/2322/2322 2323/2323/2323
f 2323/2323/2323 2318/2318/2318 2308/2308/2308
f 2322/2322/2322 2319/2319/2319 2324/2324/2324
f 2324/2324/2324 2323/2323/2323 2322/2322/2322
f 2318/2318/2318 2324/2324/2324 2319/2319/2319
f 2323/2323/2323 2324/2324/2324 2325/2325/2325
f 2324/2324/2324 2318/2318/2318 2325/2325/2325
f 2318/2318/2318 2323/2323/2323 2325/2325/2325
f 2320/2320/2320 2317/2317/2317 2326/2326/2326
f 2327/2327/2327 2326/2326/2326 2317/2317/2317
f 2328/2328/2328 2321/2321/2321 2327/2327/2327
f 2321/2321/2321 2328/2328/2328 2329/2329/2329
f 2328/2328/2328 2330/2330/2330 2329/2329/2329
f 2330/2330/2330 2328/2328/2328 2331/2331/2331
f 2331/2331/2331 2332/2332/2332 2330/2330/2330
f 2332/2332/2332 2331/2331/2331 2333/2333/2333
f 2321/2321/2321 2334/2334/2334 2327/2327/2327
f 2326/2326/2326 2327/2327/2327 2334/2334/2334
f 2334/2334/2334 2321/2321/2321 2335/2335/2335
f 2321/2321/2321 2320/2320/2320 2335/2335/2335
f 2335/2335/2335 2336/2336/2336 2334/2334/2334
f 2336/2336/2336 2326/2326/2326 2334/2334/2334
f 2320/2320/2320 2337/2337/2337 2335/2335/2335
f 2336/2336/2336 2335/2335/2335 2337/2337/2337
f 2337/2337/2337 2320/2320/2320 2338/2338/2338
f 2326/2326/2326 2338/2338/2338 2320/2320/2320
f 2338/2338/2338 2336/2336/2336 2337/2337/2337
f 2326/2326/2326 2336/2336/2336 2339/2339/2339
f 2336/2336/2336 2338/2338/2338 2339/2339/2339
f 2338/2338/2338 2326/2326/2326 2339/2339/2339
f 2340/2340/2340 2341/2341/2341 2342/2342/2342
f 2341/2341/2341 2340/2340/2340 2343/2343/2343
f 2344/2344/2344 2341/2341/2341 2343/2343/2343
f 2341/2341/2341 2344/2344/2344 2345/2345/2345
f 2346/2346/2346 2345/2345/2345 2344/2344/2344
f 2345/2345/2345 2346/2346/2346 2347/2347/2347
f 2346/2346/2346 2348/2348/2348 2347/2347/2347
f 2348/2348/2348 2346/2346/2346 2349/2349/2349
f 2350/2350/2350 2348/2348/2348 2349/2349/2349
f 2348/2348/2348 2350/2350/2350 2351/2351/2351
f 2352/2352/2352 2351/2351/2351 2350/2350/2350
f 2351/2351/2351 2352/2352/2352 2353/2353/2353
f 2352/2352/2352 2354/2354/2354 2353/2353/2353
f 2354/2354/2354 2352/2352/2352 2355/2355/2355
f 2356/2356/2356 2354/2354/2354 2355/2355/2355
f 2354/2354/2354 2356/2356/2356 2357/2357/2357
f 2356/2356/2356 2358/2358/2358 2357/2357/2357
f 2358/2358/2358 2356/2356/2356 2359/2359/2359
f 2360/2360/2360 2358/2358/2358 2359/2359/2359
f 2358/2358/2358 2360/2360/2360 2361/2361/2361
f 2362/2362/2362 2361/2361/2361 2360/2360/2360
f 2361/2361/2361 2362/2362/2362 2363/2363/2363
f 2362/2362/2362 2364/2364/2364 2363/2363/2363
f 2364/2364/2364 2362/2362/2362 2365/2365/2365
f 2365/2365/2365 2366/2366/2366 2364/2364/2364
f 2366/2366/2366 2365/2365/2365 2367/2367/2367
f 2368/2368/2368 2366/2366/2366 2367/2367/2367
f 2366/2366/2366 2368/2368/2368 2369/2369/2369
f 2368/2368/2368 2370/2370/2370 2369/2369/2369
f 2370/2370/2370 2368/2368/2368 2371/2371/2371
f 2372/2372/2372 2370/2370/2370 2371/2371/2371
f 2370/2370/2370 2372/2372/2372 2373/2373/2373
f 2372/2372/2372 2374/2374/2374 2373/2373/2373
f 2374/2374/2374 2372/2372/2372 2375/2375/2375
f 2376/2376/2376 2374/2374/2374 2375/2375/2375
f 2374/2374/2374 2376/2376/2376 2377/2377/2377
f 2378/2378/2378 2377/2377/2377 2376/2376/2376
f 2377/2377/2377 2378/2378/2378 2379/2379/2379
f 2380/2380/2380 2379/2379/2379 2378/2378/2378
f 2379/2379/2379 2380/2380/2380 2381/2381/2381
f 2382/2382/2382 2381/2381/2381 2380/2380/2380
f 2381/2381/2381 2382/2382/2382 2383/2383/2383
f 2384/2384/2384 2385/2385/2385 2386/2386/2386
f 2385/2385/2385 2384/2384/2384 2387/2387/2387
f 2387/2387/2387 2388/2388/2388 2385/2385/2385
f 2389/2389/2389 2387/2387/2387 2384/2384/2384
f 2388/2388/2388 2387/2387/2387 2390/2390/2390
f 2390/2390/2390 2391/2391/2391 2388/2388/2388
f 2387/2387/2387 2389/2389/2389 2392/2392/2392
f 2392/2392/2392 2390/2390/2390 2387/2387/2387
f 2393/2393/2393 2392/2392/2392 2389/2389/2389
f 2392/2392/2392 2393/2393/2393 2394/2394/2394
f 2395/2395/2395 2392/2392/2392 2394/2394/2394
f 2392/2392/2392 2395/2395/2395 2396/2396/2396
f 2390/2390/2390 2392/2392/2392 2396/2396/2396
f 2397/2397/2397 2396/2396/2396 2395/2395/2395
f 2396/2396/2396 2397/2397/2397 2398/2398/2398
f 2398/2398/2398 2390/2390/2390 2396/2396/2396
f 2399/2399/2399 2398/2398/2398 2397/2397/2397
f 2391/2391/2391 2390/2390/2390 2400/2400/2400
f 2390/2390/2390 2398/2398/2398 2400/2400/2400
f 2398/2398/2398 2399/2399/2399 2401/2401/2401
f 2401/2401/2401 2400/2400/2400 2398/2398/2398
f 2402/2402/2402 2401/2401/2401 2399/2399/2399
f 2403/2403/2403 2391/2391/2391 2400/2400/2400
f 2400/2400/2400 2401/2401/2401 2403/2403/2403
f 2391/2391/2391 2403/2403/2403 2404/2404/2404
f 2403/2403/2403 2405/2405/2405 2404/2404/2404
f 2401/2401/2401 2402/2402/2402 2406/2406/2406
f 2406/2406/2406 2403/2403/2403 2401/2401/2401
f 2407/2407/2407 2406/2406/2406 2402/2402/2402
f 2405/2405/2405 2403/2403/2403 2408/2408/2408
f 2403/2403/2403 2406/2406/2406 2408/2408/2408
f 2409/2409/2409 2405/2405/2405 2408/2408/2408
f 2406/2406/2406 2409/2409/2409 2408/2408/2408
f 2405/2405/2405 2409/2409/2409 2410/2410/2410
f 2409/2409/2409 2411/2411/2411 2410/2410/2410
f 2406/2406/2406 2407/2407/2407 2412/2412/2412
f 2409/2409/2409 2406/2406/2406 2412/2412/2412
f 2413/2413/2413 2412/2412/2412 2407/2407/2407
f 2414/2414/2414 2409/2409/2409 2412/2412/2412
f 2412/2412/2412 2413/2413/2413 2414/2414/2414
f 2411/2411/2411 2409/2409/2409 2415/2415/2415
f 2409/2409/2409 2414/2414/2414 2415/2415/2415
f 2416/2416/2416 2411/2411/2411 2415/2415/2415
f 2414/2414/2414 2416/2416/2416 2415/2415/2415
f 2411/2411/2411 2416/2416/2416 2417/2417/2417
f 2413/2413/2413 2418/2418/2418 2414/2414/2414
f 2416/2416/2416 2414/2414/2414 2418/2418/2418
f 2418/2418/2418 2413/2413/2413 2419/2419/2419
f 2420/2420/2420 2418/2418/2418 2419/2419/2419
f 2421/2421/2421 2417/2417/2417 2416/2416/2416
f 2418/2418/2418 2421/2421/2421 2416/2416/2416
f 2417/2417/2417 2421/2421/2421 2422/2422/2422
f 2418/2418/2418 2420/2420/2420 2423/2423/2423
f 2421/2421/2421 2418/2418/2418 2423/2423/2423
f 2424/2424/2424 2422/2422/2422 2421/2421/2421
f 2422/2422/2422 2424/2424/2424 2425/2425/2425
f 2424/2424/2424 2426/2426/2426 2425/2425/2425
f 2427/2427/2427 2423/2423/2423 2420/2420/2420
f 2427/2427/2427 2420/2420/2420 2428/2428/2428
f 2429/2429/2429 2421/2421/2421 2423/2423/2423
f 2421/2421/2421 2429/2429/2429 2424/2424/2424
f 2427/2427/2427 2429/2429/2429 2423/2423/2423
f 2426/2426/2426 2424/2424/2424 2430/2430/2430
f 2430/2430/2430 2431/2431/2431 2426/2426/2426
f 2432/2432/2432 2424/2424/2424 2429/2429/2429
f 2432/2432/2432 2429/2429/2429 2427/2427/2427
f 2424/2424/2424 2432/2432/2432 2430/2430/2430
f 2428/2428/2428 2433/2433/2433 2427/2427/2427
f 2434/2434/2434 2433/2433/2433 2428/2428/2428
f 2431/2431/2431 2430/2430/2430 2435/2435/2435
f 2435/2435/2435 2436/2436/2436 2431/2431/2431
f 2437/2437/2437 2430/2430/2430 2432/2432/2432
f 2430/2430/2430 2437/2437/2437 2435/2435/2435
f 2432/2432/2432 2427/2427/2427 2438/2438/2438
f 2438/2438/2438 2427/2427/2427 2433/2433/2433
f 2438/2438/2438 2437/2437/2437 2432/2432/2432
f 2436/2436/2436 2435/2435/2435 2439/2439/2439
f 2439/2439/2439 2440/2440/2440 2436/2436/2436
f 2441/2441/2441 2433/2433/2433 2434/2434/2434
f 2441/2441/2441 2434/2434/2434 2442/2442/2442
f 2443/2443/2443 2435/2435/2435 2437/2437/2437
f 2435/2435/2435 2443/2443/2443 2439/2439/2439
f 2440/2440/2440 2439/2439/2439 2444/2444/2444
f 2444/2444/2444 2445/2445/2445 2440/2440/2440
f 2446/2446/2446 2439/2439/2439 2443/2443/2443
f 2437/2437/2437 2446/2446/2446 2443/2443/2443
f 2439/2439/2439 2446/2446/2446 2444/2444/2444
f 2445/2445/2445 2444/2444/2444 2447/2447/2447
f 2446/2446/2446 2447/2447/2447 2444/2444/2444
f 2447/2447/2447 2448/2448/2448 2445/2445/2445
f 2437/2437/2437 2449/2449/2449 2446/2446/2446
f 2447/2447/2447 2446/2446/2446 2449/2449/2449
f 2437/2437/2437 2438/2438/2438 2449/2449/2449
f 2438/2438/2438 2447/2447/2447 2449/2449/2449
f 2448/2448/2448 2447/2447/2447 2450/2450/2450
f 2447/2447/2447 2438/2438/2438 2450/2450/2450
f 2450/2450/2450 2451/2451/2451 2448/2448/2448
f 2433/2433/2433 2450/2450/2450 2438/2438/2438
f 2451/2451/2451 2450/2450/2450 2452/2452/2452
f 2450/2450/2450 2433/2433/2433 2452/2452/2452
f 2452/2452/2452 2453/2453/2453 2451/2451/2451
f 2441/2441/2441 2452/2452/2452 2433/2433/2433
f 2453/2453/2453 2452/2452/2452 2454/2454/2454
f 2452/2452/2452 2441/2441/2441 2454/2454/2454
f 2454/2454/2454 2455/2455/2455 2453/2453/2453
f 2456/2456/2456 2454/2454/2454 2441/2441/2441
f 2456/2456/2456 2441/2441/2441 2442/2442/2442
f 2457/2457/2457 2456/2456/2456 2442/2442/2442
f 2455/2455/2455 2454/2454/2454 2458/2458/2458
f 2454/2454/2454 2456/2456/2456 2458/2458/2458
f 2458/2458/2458 2459/2459/2459 2455/2455/2455
f 2460/2460/2460 2458/2458/2458 2456/2456/2456
f 2460/2460/2460 2456/2456/2456 2457/2457/2457
f 2459/2459/2459 2458/2458/2458 2461/2461/2461
f 2458/2458/2458 2460/2460/2460 2461/2461/2461
f 2461/2461/2461 2462/2462/2462 2459/2459/2459
f 2463/2463/2463 2460/2460/2460 2457/2457/2457
f 2463/2463/2463 2461/2461/2461 2460/2460/2460
f 2462/2462/2462 2461/2461/2461 2464/2464/2464
f 2461/2461/2461 2463/2463/2463 2464/2464/2464
f 2464/2464/2464 2465/2465/2465 2462/2462/2462
f 2457/2457/2457 2466/2466/2466 2463/2463/2463
f 2466/2466/2466 2457/2457/2457 2467/2467/2467
f 2463/2463/2463 2468/2468/2468 2464/2464/2464
f 2465/2465/2465 2464/2464/2464 2468/2468/2468
f 2468/2468/2468 2463/2463/2463 2466/2466/2466
f 2469/2469/2469 2465/2465/2465 2468/2468/2468
f 2466/2466/2466 2469/2469/2469 2468/2468/2468
f 2465/2465/2465 2469/2469/2469 2470/2470/2470
f 2467/2467/2467 2471/2471/2471 2466/2466/2466
f 2469/2469/2469 2466/2466/2466 2471/2471/2471
f 2471/2471/2471 2467/2467/2467 2472/2472/2472
f 2473/2473/2473 2470/2470/2470 2469/2469/2469
f 2471/2471/2471 2473/2473/2473 2469/2469/2469
f 2470/2470/2470 2473/2473/2473 2474/2474/2474
f 2475/2475/2475 2471/2471/2471 2472/2472/2472
f 2473/2473/2473 2471/2471/2471 2475/2475/2475
f 2476/2476/2476 2474/2474/2474 2473/2473/2473
f 2474/2474/2474 2476/2476/2476 2477/2477/2477
f 2478/2478/2478 2473/2473/2473 2475/2475/2475
f 2478/2478/2478 2475/2475/2475 2472/2472/2472
f 2473/2473/2473 2478/2478/2478 2476/2476/2476
f 2479/2479/2479 2477/2477/2477 2476/2476/2476
f 2477/2477/2477 2479/2479/2479 2480/2480/2480
f 2479/2479/2479 2481/2481/2481 2480/2480/2480
f 2482/2482/2482 2476/2476/2476 2478/2478/2478
f 2476/2476/2476 2482/2482/2482 2479/2479/2479
f 2481/2481/2481 2479/2479/2479 2483/2483/2483
f 2483/2483/2483 2484/2484/2484 2481/2481/2481
f 2485/2485/2485 2479/2479/2479 2482/2482/2482
f 2478/2478/2478 2485/2485/2485 2482/2482/2482
f 2479/2479/2479 2485/2485/2485 2483/2483/2483
f 2478/2478/2478 2472/2472/2472 2486/2486/2486
f 2478/2478/2478 2486/2486/2486 2485/2485/2485
f 2484/2484/2484 2483/2483/2483 2487/2487/2487
f 2487/2487/2487 2488/2488/2488 2484/2484/2484
f 2489/2489/2489 2483/2483/2483 2485/2485/2485
f 2485/2485/2485 2486/2486/2486 2489/2489/2489
f 2483/2483/2483 2489/2489/2489 2487/2487/2487
f 2486/2486/2486 2487/2487/2487 2489/2489/2489
f 2488/2488/2488 2487/2487/2487 2490/2490/2490
f 2487/2487/2487 2486/2486/2486 2490/2490/2490
f 2490/2490/2490 2491/2491/2491 2488/2488/2488
f 2486/2486/2486 2472/2472/2472 2492/2492/2492
f 2492/2492/2492 2490/2490/2490 2486/2486/2486
f 2492/2492/2492 2472/2472/2472 2493/2493/2493
f 2491/2491/2491 2490/2490/2490 2494/2494/2494
f 2490/2490/2490 2492/2492/2492 2494/2494/2494
f 2494/2494/2494 2495/2495/2495 2491/2491/2491
f 2496/2496/2496 2494/2494/2494 2492/2492/2492
f 2493/2493/2493 2496/2496/2496 2492/2492/2492
f 2495/2495/2495 2494/2494/2494 2497/2497/2497
f 2494/2494/2494 2496/2496/2496 2497/2497/2497
f 2497/2497/2497 2498/2498/2498 2495/2495/2495
f 2493/2493/2493 2499/2499/2499 2496/2496/2496
f 2499/2499/2499 2497/2497/2497 2496/2496/2496
f 2500/2500/2500 2499/2499/2499 2493/2493/2493
f 2500/2500/2500 2493/2493/2493 2501/2501/2501
f 2500/2500/2500 2501/2501/2501 2502/2502/2502
f 2500/2500/2500 2502/2502/2502 2503/2503/2503
f 2498/2498/2498 2497/2497/2497 2504/2504/2504
f 2497/2497/2497 2499/2499/2499 2504/2504/2504
f 2500/2500/2500 2504/2504/2504 2499/2499/2499
f 2504/2504/2504 2505/2505/2505 2498/2498/2498
f 2503/2503/2503 2506/2506/2506 2500/2500/2500
f 2506/2506/2506 2503/2503/2503 2507/2507/2507
f 2507/2507/2507 2508/2508/2508 2506/2506/2506
f 2509/2509/2509 2506/2506/2506 2508/2508/2508
f 2504/2504/2504 2500/2500/2500 2510/2510/2510
f 2505/2505/2505 2504/2504/2504 2510/2510/2510
f 2506/2506/2506 2510/2510/2510 2500/2500/2500
f 2511/2511/2511 2505/2505/2505 2510/2510/2510
f 2510/2510/2510 2506/2506/2506 2511/2511/2511
f 2506/2506/2506 2509/2509/2509 2511/2511/2511
f 2505/2505/2505 2511/2511/2511 2512/2512/2512
f 2509/2509/2509 2512/2512/2512 2511/2511/2511
f 2512/2512/2512 2509/2509/2509 2513/2513/2513
f 2509/2509/2509 2514/2514/2514 2513/2513/2513
f 2514/2514/2514 2509/2509/2509 2515/2515/2515
f 2516/2516/2516 2517/2517/2517 2518/2518/2518
f 2518/2518/2518 2519/2519/2519 2516/2516/2516
f 2519/2519/2519 2518/2518/2518 2520/2520/2520
f 2520/2520/2520 2518/2518/2518 2521/2521/2521
f 2520/2520/2520 2521/2521/2521 2522/2522/2522
f 2520/2520/2520 2522/2522/2522 2523/2523/2523
f 2522/2522/2522 2524/2524/2524 2523/2523/2523
f 2520/2520/2520 2525/2525/2525 2519/2519/2519
f 2525/2525/2525 2520/2520/2520 2523/2523/2523
f 2524/2524/2524 2526/2526/2526 2523/2523/2523
f 2526/2526/2526 2527/2527/2527 2523/2523/2523
f 2523/2523/2523 2527/2527/2527 2528/2528/2528
f 2529/2529/2529 2523/2523/2523 2528/2528/2528
f 2530/2530/2530 2525/2525/2525 2523/2523/2523
f 2529/2529/2529 2530/2530/2530 2523/2523/2523
f 2525/2525/2525 2530/2530/2530 2531/2531/2531
f 2532/2532/2532 2530/2530/2530 2529/2529/2529
f 2532/2532/2532 2531/2531/2531 2530/2530/2530
f 2533/2533/2533 2532/2532/2532 2529/2529/2529
f 2531/2531/2531 2532/2532/2532 2534/2534/2534
f 2533/2533/2533 2534/2534/2534 2532/2532/2532
f 2534/2534/2534 2533/2533/2533 2535/2535/2535
f 2536/2536/2536 2535/2535/2535 2533/2533/2533
f 2533/2533/2533 2529/2529/2529 2536/2536/2536
f 2535/2535/2535 2536/2536/2536 2537/2537/2537
f 2538/2538/2538 2537/2537/2537 2536/2536/2536
f 2537/2537/2537 2538/2538/2538 2539/2539/2539
f 2536/2536/2536 2540/2540/2540 2538/2538/2538
f 2540/2540/2540 2539/2539/2539 2538/2538/2538
f 2536/2536/2536 2529/2529/2529 2540/2540/2540
f 2539/2539/2539 2540/2540/2540 2541/2541/2541
f 2542/2542/2542 2541/2541/2541 2540/2540/2540
f 2541/2541/2541 2542/2542/2542 2543/2543/2543
f 2540/2540/2540 2544/2544/2544 2542/2542/2542
f 2544/2544/2544 2543/2543/2543 2542/2542/2542
f 2540/2540/2540 2529/2529/2529 2544/2544/2544
f 2543/2543/2543 2544/2544/2544 2545/2545/2545
f 2546/2546/2546 2545/2545/2545 2544/2544/2544
f 2544/2544/2544 2529/2529/2529 2546/2546/2546
f 2545/2545/2545 2546/2546/2546 2547/2547/2547
f 2548/2548/2548 2547/2547/2547 2546/2546/2546
f 2529/2529/2529 2548/2548/2548 2546/2546/2546
f 2547/2547/2547 2548/2548/2548 2549/2549/2549
f 2529/2529/2529 2550/2550/2550 2548/2548/2548
f 2550/2550/2550 2549/2549/2549 2548/2548/2548
f 2550/2550/2550 2529/2529/2529 2551/2551/2551
f 2549/2549/2549 2550/2550/2550 2552/2552/2552
f 2551/2551/2551 2553/2553/2553 2550/2550/2550
f 2553/2553/2553 2552/2552/2552 2550/2550/2550
f 2552/2552/2552 2553/2553/2553 2554/2554/2554
f 2553/2553/2553 2551/2551/2551 2555/2555/2555
f 2556/2556/2556 2554/2554/2554 2553/2553/2553
f 2555/2555/2555 2556/2556/2556 2553/2553/2553
f 2554/2554/2554 2556/2556/2556 2557/2557/2557
f 2555/2555/2555 2558/2558/2558 2556/2556/2556
f 2558/2558/2558 2557/2557/2557 2556/2556/2556
f 2557/2557/2557 2558/2558/2558 2559/2559/2559
f 2558/2558/2558 2555/2555/2555 2560/2560/2560
f 2561/2561/2561 2559/2559/2559 2558/2558/2558
f 2560/2560/2560 2561/2561/2561 2558/2558/2558
f 2559/2559/2559 2561/2561/2561 2562/2562/2562
f 2563/2563/2563 2562/2562/2562 2561/2561/2561
f 2560/2560/2560 2563/2563/2563 2561/2561/2561
f 2562/2562/2562 2563/2563/2563 2564/2564/2564
f 2565/2565/2565 2564/2564/2564 2563/2563/2563
f 2564/2564/2564 2565/2565/2565 2566/2566/2566
f 2565/2565/2565 2567/2567/2567 2566/2566/2566
f 2560/2560/2560 2568/2568/2568 2563/2563/2563
f 2568/2568/2568 2565/2565/2565 2563/2563/2563
f 2569/2569/2569 2568/2568/2568 2560/2560/2560
f 2569/2569/2569 2570/2570/2570 2568/2568/2568
f 2571/2571/2571 2568/2568/2568 2570/2570/2570
f 2568/2568/2568 2571/2571/2571 2572/2572/2572
f 2573/2573/2573 2572/2572/2572 2571/2571/2571
f 2572/2572/2572 2573/2573/2573 2574/2574/2574
f 2575/2575/2575 2568/2568/2568 2572/2572/2572
f 2574/2574/2574 2575/2575/2575 2572/2572/2572
f 2568/2568/2568 2575/2575/2575 2576/2576/2576
f 2575/2575/2575 2574/2574/2574 2577/2577/2577
f 2578/2578/2578 2568/2568/2568 2576/2576/2576
f 2573/2573/2573 2579/2579/2579 2574/2574/2574
f 2579/2579/2579 2577/2577/2577 2574/2574/2574
f 2579/2579/2579 2573/2573/2573 2580/2580/2580
f 2577/2577/2577 2579/2579/2579 2581/2581/2581
f 2568/2568/2568 2578/2578/2578 2582/2582/2582
f 2583/2583/2583 2582/2582/2582 2578/2578/2578
f 2565/2565/2565 2568/2568/2568 2582/2582/2582
f 2580/2580/2580 2584/2584/2584 2579/2579/2579
f 2584/2584/2584 2581/2581/2581 2579/2579/2579
f 2584/2584/2584 2580/2580/2580 2585/2585/2585
f 2581/2581/2581 2584/2584/2584 2586/2586/2586
f 2582/2582/2582 2583/2583/2583 2587/2587/2587
f 2587/2587/2587 2565/2565/2565 2582/2582/2582
f 2588/2588/2588 2587/2587/2587 2583/2583/2583
f 2585/2585/2585 2589/2589/2589 2584/2584/2584
f 2589/2589/2589 2586/2586/2586 2584/2584/2584
f 2589/2589/2589 2585/2585/2585 2590/2590/2590
f 2586/2586/2586 2589/2589/2589 2591/2591/2591
f 2592/2592/2592 2589/2589/2589 2590/2590/2590
f 2593/2593/2593 2591/2591/2591 2589/2589/2589
f 2589/2589/2589 2592/2592/2592 2593/2593/2593
f 2591/2591/2591 2593/2593/2593 2594/2594/2594
f 2593/2593/2593 2595/2595/2595 2594/2594/2594
f 2592/2592/2592 2596/2596/2596 2593/2593/2593
f 2595/2595/2595 2593/2593/2593 2596/2596/2596
f 2596/2596/2596 2592/2592/2592 2597/2597/2597
f 2596/2596/2596 2598/2598/2598 2595/2595/2595
f 2597/2597/2597 2599/2599/2599 2596/2596/2596
f 2598/2598/2598 2596/2596/2596 2599/2599/2599
f 2599/2599/2599 2597/2597/2597 2600/2600/2600
f 2601/2601/2601 2598/2598/2598 2599/2599/2599
f 2600/2600/2600 2601/2601/2601 2599/2599/2599
f 2598/2598/2598 2601/2601/2601 2602/2602/2602
f 2601/2601/2601 2603/2603/2603 2602/2602/2602
f 2601/2601/2601 2600/2600/2600 2604/2604/2604
f 2603/2603/2603 2601/2601/2601 2605/2605/2605
f 2604/2604/2604 2605/2605/2605 2601/2601/2601
f 2605/2605/2605 2604/2604/2604 2606/2606/2606
f 2607/2607/2607 2608/2608/2608 2609/2609/2609
f 2608/2608/2608 2607/2607/2607 2610/2610/2610
f 2607/2607/2607 2611/2611/2611 2610/2610/2610
f 2611/2611/2611 2607/2607/2607 2612/2612/2612
f 2613/2613/2613 2611/2611/2611 2612/2612/2612
f 2611/2611/2611 2613/2613/2613 2614/2614/2614
f 2615/2615/2615 2614/2614/2614 2613/2613/2613
f 2614/2614/2614 2615/2615/2615 2616/2616/2616
f 2615/2615/2615 2617/2617/2617 2616/2616/2616
f 2617/2617/2617 2615/2615/2615 2618/2618/2618
f 2618/2618/2618 2619/2619/2619 2617/2617/2617
f 2619/2619/2619 2618/2618/2618 2620/2620/2620
f 2620/2620/2620 2621/2621/2621 2619/2619/2619
f 2621/2621/2621 2620/2620/2620 2622/2622/2622
f 2623/2623/2623 2621/2621/2621 2622/2622/2622
f 2621/2621/2621 2623/2623/2623 2624/2624/2624
f 2623/2623/2623 2625/2625/2625 2624/2624/2624
f 2625/2625/2625 2623/2623/2623 2626/2626/2626
f 2627/2627/2627 2625/2625/2625 2626/2626/2626
f 2625/2625/2625 2627/2627/2627 2628/2628/2628
f 2629/2629/2629 2628/2628/2628 2627/2627/2627
f 2628/2628/2628 2629/2629/2629 2630/2630/2630
f 2631/2631/2631 2630/2630/2630 2629/2629/2629
f 2630/2630/2630 2631/2631/2631 2632/2632/2632
f 2633/2633/2633 2632/2632/2632 2631/2631/2631
f 2632/2632/2632 2633/2633/2633 2634/2634/2634
f 2633/2633/2633 2635/2635/2635 2634/2634/2634
f 2635/2635/2635 2633/2633/2633 2636/2636/2636
f 2636/2636/2636 2637/2637/2637 2635/2635/2635
f 2637/2637/2637 2636/2636/2636 2638/2638/2638
f 2639/2639/2639 2637/2637/2637 2638/2638/2638
f 2639/2639/2639 2640/2640/2640 2637/2637/2637
f 2641/2641/2641 2640/2640/2640 2639/2639/2639
f 2641/2641/2641 2642/2642/2642 2640/2640/2640
f 2643/2643/2643 2642/2642/2642 2641/2641/2641
f 2639/2639/2639 2644/2644/2644 2641/2641/2641
f 2644/2644/2644 2639/2639/2639 2645/2645/2645
f 2168/2168/2168 2644/2644/2644 2645/2645/2645
f 2166/2166/2166 2644/2644/2644 2168/2168/2168
f 2643/2643/2643 2641/2641/2641 2646/2646/2646
f 2646/2646/2646 2641/2641/2641 2644/2644/2644
f 2166/2166/2166 2646/2646/2646 2644/2644/2644
f 2646/2646/2646 2647/2647/2647 2643/2643/2643
f 2646/2646/2646 2166/2166/2166 2648/2648/2648
f 2647/2647/2647 2646/2646/2646 2648/2648/2648
f 2183/2183/2183 2648/2648/2648 2166/2166/2166
f 2648/2648/2648 2649/2649/2649 2647/2647/2647
f 2649/2649/2649 2648/2648/2648 2183/2183/2183
f 2183/2183/2183 2197/2197/2197 2649/2649/2649
f 2650/2650/2650 2651/2651/2651 2652/2652/2652
f 2651/2651/2651 2650/2650/2650 2653/2653/2653
f 2653/2653/2653 2654/2654/2654 2651/2651/2651
f 2654/2654/2654 2653/2653/2653 2655/2655/2655
f 2656/2656/2656 2654/2654/2654 2655/2655/2655
f 2654/2654/2654 2656/2656/2656 2657/2657/2657
f 2658/2658/2658 2657/2657/2657 2656/2656/2656
f 2657/2657/2657 2658/2658/2658 2659/2659/2659
f 2660/2660/2660 2661/2661/2661 2662/2662/2662
f 2661/2661/2661 2660/2660/2660 2663/2663/2663
f 2660/2660/2660 2664/2664/2664 2663/2663/2663
f 2664/2664/2664 2660/2660/2660 2665/2665/2665
f 2665/2665/2665 2666/2666/2666 2664/2664/2664
f 2666/2666/2666 2665/2665/2665 2667/2667/2667
f 2667/2667/2667 2668/2668/2668 2666/2666/2666
f 2668/2668/2668 2667/2667/2667 2669/2669/2669
f 2669/2669/2669 2670/2670/2670 2668/2668/2668
f 2670/2670/2670 2669/2669/2669 2671/2671/2671
f 2671/2671/2671 2672/2672/2672 2670/2670/2670
f 2672/2672/2672 2671/2671/2671 2673/2673/2673
f 2673/2673/2673 2674/2674/2674 2672/2672/2672
f 2674/2674/2674 2673/2673/2673 2675/2675/2675
f 2675/2675/2675 2676/2676/2676 2674/2674/2674
f 2676/2676/2676 2675/2675/2675 2677/2677/2677
f 2678/2678/2678 2676/2676/2676 2677/2677/2677
f 2676/2676/2676 2678/2678/2678 2679/2679/2679
f 2680/2680/2680 2681/2681/2681 2682/2682/2682
f 2681/2681/2681 2680/2680/2680 2683/2683/2683
f 2684/2684/2684 2683/2683/2683 2680/2680/2680
f 2683/2683/2683 2684/2684/2684 2685/2685/2685
f 2684/2684/2684 2686/2686/2686 2685/2685/2685
f 2686/2686/2686 2684/2684/2684 2687/2687/2687
f 2687/2687/2687 2688/2688/2688 2686/2686/2686
f 2688/2688/2688 2687/2687/2687 2689/2689/2689
f 2690/2690/2690 2691/2691/2691 2692/2692/2692
f 2691/2691/2691 2690/2690/2690 2693/2693/2693
f 2694/2694/2694 2693/2693/2693 2690/2690/2690
f 2693/2693/2693 2694/2694/2694 2695/2695/2695
f 2696/2696/2696 2695/2695/2695 2694/2694/2694
f 2695/2695/2695 2696/2696/2696 2697/2697/2697
f 2698/2698/2698 2697/2697/2697 2696/2696/2696
f 2697/2697/2697 2698/2698/2698 2699/2699/2699
f 2700/2700/2700 2699/2699/2699 2698/2698/2698
f 2699/2699/2699 2700/2700/2700 2701/2701/2701
f 2702/2702/2702 2701/2701/2701 2700/2700/2700
f 2701/2701/2701 2702/2702/2702 2703/2703/2703
f 2704/2704/2704 2705/2705/2705 2706/2706/2706
f 2704/2704/2704 2707/2707/2707 2705/2705/2705
f 2708/2708/2708 2707/2707/2707 2704/2704/2704
f 2705/2705/2705 2707/2707/2707 2709/2709/2709
f 2710/2710/2710 2711/2711/2711 2712/2712/2712
f 2711/2711/2711 2710/2710/2710 2713/2713/2713
f 2714/2714/2714 2713/2713/2713 2710/2710/2710
f 2713/2713/2713 2714/2714/2714 2715/2715/2715
f 2716/2716/2716 2715/2715/2715 2714/2714/2714
f 2715/2715/2715 2716/2716/2716 2717/2717/2717
f 2718/2718/2718 2717/2717/2717 2716/2716/2716
f 2717/2717/2717 2718/2718/2718 2719/2719/2719
f 2720/2720/2720 2719/2719/2719 2718/2718/2718
f 2719/2719/2719 2720/2720/2720 2721/2721/2721
f 2722/2722/2722 2721/2721/2721 2720/2720/2720
f 2721/2721/2721 2722/2722/2722 2723/2723/2723
f 2724/2724/2724 2725/2725/2725 2726/2726/2726
f 2724/2724/2724 2727/2727/2727 2725/2725/2725
f 2728/2728/2728 2727/2727/2727 2724/2724/2724
f 2725/2725/2725 2727/2727/2727 2729/2729/2729
f 2730/2730/2730 2731/2731/2731 2732/2732/2732
f 2731/2731/2731 2730/2730/2730 2733/2733/2733
f 2734/2734/2734 2733/2733/2733 2730/2730/2730
f 2733/2733/2733 2734/2734/2734 2735/2735/2735
f 2736/2736/2736 2735/2735/2735 2734/2734/2734
f 2735/2735/2735 2736/2736/2736 2737/2737/2737
f 2738/2738/2738 2737/2737/2737 2736/2736/2736
f 2737/2737/2737 2738/2738/2738 2739/2739/2739
f 2740/2740/2740 2739/2739/2739 2738/2738/2738
f 2739/2739/2739 2740/2740/2740 2741/2741/2741
f 2742/2742/2742 2741/2741/2741 2740/2740/2740
f 2741/2741/2741 2742/2742/2742 2743/2743/2743
f 2744/2744/2744 2745/2745/2745 2746/2746/2746
f 2744/2744/2744 2747/2747/2747 2745/2745/2745
f 2748/2748/2748 2747/2747/2747 2744/2744/2744
f 2745/2745/2745 2747/2747/2747 2749/2749/2749
f 2750/2750/2750 2751/2751/2751 2752/2752/2752
f 2751/2751/2751 2750/2750/2750 2753/2753/2753
f 2753/2753/2753 2754/2754/2754 2751/2751/2751
f 2754/2754/2754 2753/2753/2753 2755/2755/2755
f 2755/2755/2755 2756/2756/2756 2754/2754/2754
f 2756/2756/2756 2755/2755/2755 2757/2757/2757
f 2757/2757/2757 2758/2758/2758 2756/2756/2756
f 2758/2758/2758 2757/2757/2757 2759/2759/2759
f 2759/2759/2759 2760/2760/2760 2758/2758/2758
f 2760/2760/2760 2759/2759/2759 2761/2761/2761
f 2761/2761/2761 2762/2762/2762 2760/2760/2760
f 2762/2762/2762 2761/2761/2761 2763/2763/2763
f 2764/2764/2764 2765/2765/2765 2766/2766/2766
f 2764/2764/2764 2767/2767/2767 2765/2765/2765
f 2768/2768/2768 2767/2767/2767 2764/2764/2764
f 2765/2765/2765 2767/2767/2767 2769/2769/2769
f 2770/2770/2770 2771/2771/2771 2772/2772/2772
f 2771/2771/2771 2770/2770/2770 2773/2773/2773
f 2773/2773/2773 2774/2774/2774 2771/2771/2771
f 2774/2774/2774 2773/2773/2773 2775/2775/2775
f 2775/2775/2775 2776/2776/2776 2774/2774/2774
f 2776/2776/2776 2775/2775/2775 2777/2777/2777
f 2777/2777/2777 2778/2778/2778 2776/2776/2776
f 2778/2778/2778 2777/2777/2777 2779/2779/2779
f 2779/2779/2779 2780/2780/2780 2778/2778/2778
f 2780/2780/2780 2779/2779/2779 2781/2781/2781
f 2781/2781/2781 2782/2782/2782 2780/2780/2780
f 2782/2782/2782 2781/2781/2781 2783/2783/2783
f 2784/2784/2784 2785/2785/2785 2786/2786/2786
f 2784/2784/2784 2787/2787/2787 2785/2785/2785
f 2788/2788/2788 2787/2787/2787 2784/2784/2784
f 2785/2785/2785 2787/2787/2787 2789/2789/2789
f 2790/2790/2790 2791/2791/2791 2792/2792/2792
f 2791/2791/2791 2790/2790/2790 2793/2793/2793
f 2793/2793/2793 2794/2794/2794 2791/2791/2791
f 2794/2794/2794 2793/2793/2793 2795/2795/2795
f 2795/2795/2795 2796/2796/2796 2794/2794/2794
f 2796/2796/2796 2795/2795/2795 2797/2797/2797
f 2797/2797/2797 2798/2798/2798 2796/2796/2796
f 2798/2798/2798 2797/2797/2797 2799/2799/2799
f 2799/2799/2799 2800/2800/2800 2798/2798/2798
f 2800/2800/2800 2799/2799/2799 2801/2801/2801
f 2801/2801/2801 2802/2802/2802 2800/2800/2800
f 2802/2802/2802 2801/2801/2801 2803/2803/2803
f 2804/2804/2804 2805/2805/2805 2806/2806/2806
f 2804/2804/2804 2807/2807/2807 2805/2805/2805
f 2808/2808/2808 2807/2807/2807 2804/2804/2804
f 2805/2805/2805 2807/2807/2807 2809/2809/2809
f 2810/2810/2810 2811/2811/2811 2812/2812/2812
f 2811/2811/2811 2810/2810/2810 2813/2813/2813
f 2813/2813/2813 2814/2814/2814 2811/2811/2811
f 2814/2814/2814 2813/2813/2813 2815/2815/2815
f 2815/2815/2815 2813/2813/2813 2816/2816/2816
f 2817/2817/2817 2816/2816/2816 2813/2813/2813
f 2816/2816/2816 2817/2817/2817 2818/2818/2818
f 2819/2819/2819 2816/2816/2816 2818/2818/2818
f 2816/2816/2816 2819/2819/2819 2820/2820/2820
f 2820/2820/2820 2815/2815/2815 2816/2816/2816
f 2815/2815/2815 2820/2820/2820 2821/2821/2821
f 2821/2821/2821 2814/2814/2814 2815/2815/2815
f 2814/2814/2814 2821/2821/2821 2822/2822/2822
f 2822/2822/2822 2823/2823/2823 2814/2814/2814
f 2811/2811/2811 2814/2814/2814 2823/2823/2823
f 2823/2823/2823 2822/2822/2822 2824/2824/2824
f 2825/2825/2825 2811/2811/2811 2823/2823/2823
f 2824/2824/2824 2825/2825/2825 2823/2823/2823
f 2811/2811/2811 2825/2825/2825 2826/2826/2826
f 2825/2825/2825 2824/2824/2824 2827/2827/2827
f 2825/2825/2825 2828/2828/2828 2826/2826/2826
f 2827/2827/2827 2828/2828/2828 2825/2825/2825
f 2828/2828/2828 2827/2827/2827 2829/2829/2829
f 2830/2830/2830 2831/2831/2831 2832/2832/2832
f 2831/2831/2831 2830/2830/2830 2833/2833/2833
f 2833/2833/2833 2834/2834/2834 2831/2831/2831
f 2834/2834/2834 2833/2833/2833 2835/2835/2835
f 2835/2835/2835 2833/2833/2833 2836/2836/2836
f 2830/2830/2830 2836/2836/2836 2833/2833/2833
f 2836/2836/2836 2830/2830/2830 2837/2837/2837
f 2838/2838/2838 2839/2839/2839 2840/2840/2840
f 2839/2839/2839 2838/2838/2838 2841/2841/2841
f 2842/2842/2842 2841/2841/2841 2838/2838/2838
f 2843/2843/2843 2841/2841/2841 2842/2842/2842
f 2841/2841/2841 2843/2843/2843 2844/2844/2844
f 2844/2844/2844 2843/2843/2843 2845/2845/2845
f 2841/2841/2841 2846/2846/2846 2839/2839/2839
f 2841/2841/2841 2844/2844/2844 2846/2846/2846
f 2846/2846/2846 2844/2844/2844 2847/2847/2847
f 2846/2846/2846 2847/2847/2847 2848/2848/2848
f 2848/2848/2848 2847/2847/2847 2849/2849/2849
f 2847/2847/2847 2850/2850/2850 2849/2849/2849
f 2850/2850/2850 2847/2847/2847 2851/2851/2851
f 2847/2847/2847 2852/2852/2852 2851/2851/2851
f 2853/2853/2853 2844/2844/2844 2845/2845/2845
f 2854/2854/2854 2852/2852/2852 2847/2847/2847
f 2854/2854/2854 2847/2847/2847 2844/2844/2844
f 2852/2852/2852 2854/2854/2854 2855/2855/2855
f 2855/2855/2855 2854/2854/2854 2856/2856/2856
f 2857/2857/2857 2856/2856/2856 2854/2854/2854
f 2854/2854/2854 2844/2844/2844 2857/2857/2857
f 2856/2856/2856 2857/2857/2857 2858/2858/2858
f 2858/2858/2858 2857/2857/2857 2859/2859/2859
f 2844/2844/2844 2853/2853/2853 2860/2860/2860
f 2860/2860/2860 2857/2857/2857 2844/2844/2844
f 2860/2860/2860 2859/2859/2859 2857/2857/2857
f 2861/2861/2861 2860/2860/2860 2853/2853/2853
f 2859/2859/2859 2860/2860/2860 2861/2861/2861
f 2862/2862/2862 2863/2863/2863 2864/2864/2864
f 2863/2863/2863 2862/2862/2862 2865/2865/2865
f 2866/2866/2866 2865/2865/2865 2862/2862/2862
f 2862/2862/2862 2867/2867/2867 2866/2866/2866
f 2862/2862/2862 2868/2868/2868 2867/2867/2867
f 2868/2868/2868 2862/2862/2862 2869/2869/2869
f 2868/2868/2868 2869/2869/2869 2870/2870/2870
f 2870/2870/2870 2871/2871/2871 2868/2868/2868
f 2871/2871/2871 2870/2870/2870 2872/2872/2872
f 2873/2873/2873 2868/2868/2868 2871/2871/2871
f 2868/2868/2868 2873/2873/2873 2867/2867/2867
f 2874/2874/2874 2867/2867/2867 2873/2873/2873
f 2867/2867/2867 2874/2874/2874 2866/2866/2866
f 2875/2875/2875 2866/2866/2866 2874/2874/2874
f 2866/2866/2866 2875/2875/2875 2876/2876/2876
f 2865/2865/2865 2866/2866/2866 2876/2876/2876
f 2877/2877/2877 2876/2876/2876 2875/2875/2875
f 2876/2876/2876 2878/2878/2878 2865/2865/2865
f 2876/2876/2876 2877/2877/2877 2878/2878/2878
f 2878/2878/2878 2879/2879/2879 2865/2865/2865
f 2880/2880/2880 2878/2878/2878 2877/2877/2877
f 2879/2879/2879 2878/2878/2878 2881/2881/2881
f 2878/2878/2878 2880/2880/2880 2881/2881/2881
f 2882/2882/2882 2883/2883/2883 2884/2884/2884
f 2883/2883/2883 2882/2882/2882 2885/2885/2885
f 2886/2886/2886 2885/2885/2885 2882/2882/2882
f 2885/2885/2885 2886/2886/2886 2887/2887/2887
f 2887/2887/2887 2888/2888/2888 2885/2885/2885
f 2888/2888/2888 2883/2883/2883 2885/2885/2885
f 2883/2883/2883 2888/2888/2888 2889/2889/2889
f 2890/2890/2890 2891/2891/2891 2892/2892/2892
f 2891/2891/2891 2890/2890/2890 2893/2893/2893
f 2894/2894/2894 2891/2891/2891 2893/2893/2893
f 2893/2893/2893 2895/2895/2895 2894/2894/2894
f 2895/2895/2895 2893/2893/2893 2896/2896/2896
f 2896/2896/2896 2897/2897/2897 2895/2895/2895
f 2893/2893/2893 2890/2890/2890 2898/2898/2898
f 2893/2893/2893 2898/2898/2898 2896/2896/2896
f 2896/2896/2896 2898/2898/2898 2899/2899/2899
f 2899/2899/2899 2898/2898/2898 2900/2900/2900
f 2899/2899/2899 2900/2900/2900 2901/2901/2901
f 2902/2902/2902 2899/2899/2899 2901/2901/2901
f 2899/2899/2899 2902/2902/2902 2903/2903/2903
f 2899/2899/2899 2903/2903/2903 2904/2904/2904
f 2896/2896/2896 2905/2905/2905 2897/2897/2897
f 2904/2904/2904 2906/2906/2906 2899/2899/2899
f 2906/2906/2906 2896/2896/2896 2899/2899/2899
f 2906/2906/2906 2904/2904/2904 2907/2907/2907
f 2907/2907/2907 2908/2908/2908 2906/2906/2906
f 2908/2908/2908 2909/2909/2909 2906/2906/2906
f 2906/2906/2906 2909/2909/2909 2896/2896/2896
f 2909/2909/2909 2908/2908/2908 2910/2910/2910
f 2910/2910/2910 2911/2911/2911 2909/2909/2909
f 2905/2905/2905 2896/2896/2896 2912/2912/2912
f 2912/2912/2912 2896/2896/2896 2909/2909/2909
f 2911/2911/2911 2912/2912/2912 2909/2909/2909
f 2913/2913/2913 2905/2905/2905 2912/2912/2912
f 2912/2912/2912 2911/2911/2911 2913/2913/2913
f 2914/2914/2914 2915/2915/2915 2916/2916/2916
f 2914/2914/2914 2917/2917/2917 2915/2915/2915
f 2914/2914/2914 2918/2918/2918 2917/2917/2917
f 2915/2915/2915 2917/2917/2917 2919/2919/2919
f 2920/2920/2920 2921/2921/2921 2922/2922/2922
f 2920/2920/2920 2923/2923/2923 2921/2921/2921
f 2924/2924/2924 2923/2923/2923 2920/2920/2920
f 2921/2921/2921 2925/2925/2925 2926/2926/2926
f 2926/2926/2926 2925/2925/2925 2927/2927/2927
f 2927/2927/2927 2928/2928/2928 2929/2929/2929
f 2929/2929/2929 2928/2928/2928 2930/2930/2930
f 2930/2930/2930 2931/2931/2931 2932/2932/2932
f 2932/2932/2932 2933/2933/2933 2934/2934/2934
f 2934/2934/2934 2933/2933/2933 2935/2935/2935
f 2936/2936/2936 2937/2937/2937 2938/2938/2938
f 2939/2939/2939 2937/2937/2937 2936/2936/2936
f 2940/2940/2940 2941/2941/2941 2942/2942/2942
f 2943/2943/2943 2941/2941/2941 2940/2940/2940
f 2944/2944/2944 2941/2941/2941 2943/2943/2943
f 2945/2945/2945 2946/2946/2946 2947/2947/2947
f 2945/2945/2945 2948/2948/2948 2946/2946/2946
f 2945/2945/2945 2949/2949/2949 2948/2948/2948
f 2945/2945/2945 2950/2950/2950 2949/2949/2949
f 2945/2945/2945 2951/2951/2951 2950/2950/2950
f 2950/2950/2950 2952/2952/2952 2953/2953/2953
f 2953/2953/2953 2952/2952/2952 2954/2954/2954
f 2955/2955/2955 2956/2956/2956 2957/2957/2957
f 2955/2955/2955 2958/2958/2958 2956/2956/2956
f 2959/2959/2959 2960/2960/2960 2961/2961/2961
f 2959/2959/2959 2962/2962/2962 2960/2960/2960
f 2960/2960/2960 2962/2962/2962 2963/2963/2963
f 2960/2960/2960 2963/2963/2963 2964/2964/2964
f 2965/2965/2965 2966/2966/2966 2967/2967/2967
f 2965/2965/2965 2968/2968/2968 2966/2966/2966
f 2965/2965/2965 2969/2969/2969 2968/2968/2968
f 2970/2970/2970 2971/2971/2971 2972/2972/2972
f 2970/2970/2970 2973/2973/2973 2971/2971/2971
f 2974/2974/2974 2975/2975/2975 2976/2976/2976
f 2974/2974/2974 2977/2977/2977 2975/2975/2975
f 2978/2978/2978 2977/2977/2977 2974/2974/2974
f 2587/2587/2587 2588/2588/2588 2979/2979/2979
f 2980/2980/2980 2979/2979/2979 2588/2588/2588
f 2979/2979/2979 2980/2980/2980 2981/2981/2981
f 2979/2979/2979 2981/2981/2981 2587/2587/2587
f 2567/2567/2567 2981/2981/2981 2980/2980/2980
f 2587/2587/2587 2981/2981/2981 2982/2982/2982
f 2981/2981/2981 2567/2567/2567 2982/2982/2982
f 2565/2565/2565 2587/2587/2587 2982/2982/2982
f 2567/2567/2567 2565/2565/2565 2982/2982/2982
f 2108/2108/2108 2107/2107/2107 2983/2983/2983
f 2983/2983/2983 2984/2984/2984 2108/2108/2108
f 2984/2984/2984 2983/2983/2983 2985/2985/2985
f 2983/2983/2983 2107/2107/2107 2985/2985/2985
f 2985/2985/2985 2086/2086/2086 2984/2984/2984
f 2985/2985/2985 2107/2107/2107 2986/2986/2986
f 2086/2086/2086 2985/2985/2985 2986/2986/2986
f 2107/2107/2107 2084/2084/2084 2986/2986/2986
f 2084/2084/2084 2086/2086/2086 2986/2986/2986
f 2987/2987/2987 2988/2988/2988 2989/2989/2989
f 2989/2989/2989 2990/2990/2990 2987/2987/2987
f 2988/2988/2988 2987/2987/2987 2991/2991/2991
f 2991/2991/2991 2992/2992/2992 2988/2988/2988
f 2990/2990/2990 2993/2993/2993 2987/2987/2987
f 2993/2993/2993 2991/2991/2991 2987/2987/2987
f 2993/2993/2993 2990/2990/2990 2994/2994/2994
f 2995/2995/2995 2993/2993/2993 2994/2994/2994
f 2993/2993/2993 2995/2995/2995 2996/2996/2996
f 2996/2996/2996 2997/2997/2997 2993/2993/2993
f 2991/2991/2991 2993/2993/2993 2997/2997/2997
f 2997/2997/2997 2996/2996/2996 2998/2998/2998
f 2992/2992/2992 2991/2991/2991 2999/2999/2999
f 2997/2997/2997 2999/2999/2999 2991/2991/2991
f 2999/2999/2999 3000/3000/3000 2992/2992/2992
f 3000/3000/3000 2999/2999/2999 3001/3001/3001
f 2997/2997/2997 3001/3001/3001 2999/2999/2999
f 3001/3001/3001 3002/3002/3002 3000/3000/3000
f 3002/3002/3002 3001/3001/3001 3003/3003/3003
f 3001/3001/3001 2997/2997/2997 3003/3003/3003
f 2997/2997/2997 3004/3004/3004 3003/3003/3003
f 3003/3003/3003 3005/3005/3005 3002/3002/3002
f 2998/2998/2998 3006/3006/3006 2997/2997/2997
f 3006/3006/3006 2998/2998/2998 3007/3007/3007
f 3008/3008/3008 3006/3006/3006 3007/3007/3007
f 3005/3005/3005 3003/3003/3003 3009/3009/3009
f 3003/3003/3003 3004/3004/3004 3009/3009/3009
f 3010/3010/3010 3005/3005/3005 3009/3009/3009
f 3009/3009/3009 3004/3004/3004 3010/3010/3010
f 3005/3005/3005 3010/3010/3010 3011/3011/3011
f 3012/3012/3012 2997/2997/2997 3006/3006/3006
f 2997/2997/2997 3012/3012/3012 3004/3004/3004
f 3006/3006/3006 3008/3008/3008 3013/3013/3013
f 3013/3013/3013 3012/3012/3012 3006/3006/3006
f 3008/3008/3008 3014/3014/3014 3013/3013/3013
f 3014/3014/3014 3008/3008/3008 3015/3015/3015
f 3016/3016/3016 3013/3013/3013 3014/3014/3014
f 3016/3016/3016 3012/3012/3012 3013/3013/3013
f 3017/3017/3017 3011/3011/3011 3010/3010/3010
f 3011/3011/3011 3017/3017/3017 3018/3018/3018
f 3017/3017/3017 3019/3019/3019 3018/3018/3018
f 3010/3010/3010 3020/3020/3020 3017/3017/3017
f 3019/3019/3019 3017/3017/3017 3020/3020/3020
f 3020/3020/3020 3010/3010/3010 3004/3004/3004
f 3020/3020/3020 3021/3021/3021 3019/3019/3019
f 3021/3021/3021 3020/3020/3020 3004/3004/3004
f 3004/3004/3004 3022/3022/3022 3021/3021/3021
f 3022/3022/3022 3004/3004/3004 3012/3012/3012
f 3012/3012/3012 3023/3023/3023 3022/3022/3022
f 3023/3023/3023 3012/3012/3012 3016/3016/3016
f 3016/3016/3016 3024/3024/3024 3023/3023/3023
f 3024/3024/3024 3016/3016/3016 3025/3025/3025
f 3016/3016/3016 3014/3014/3014 3025/3025/3025
f 3025/3025/3025 3026/3026/3026 3024/3024/3024
f 3026/3026/3026 3025/3025/3025 3027/3027/3027
f 3025/3025/3025 3014/3014/3014 3027/3027/3027
f 3027/3027/3027 3028/3028/3028 3026/3026/3026
f 3028/3028/3028 3027/3027/3027 3029/3029/3029
f 3027/3027/3027 3014/3014/3014 3029/3029/3029
f 3030/3030/3030 3028/3028/3028 3029/3029/3029
f 3029/3029/3029 3014/3014/3014 3030/3030/3030
f 3028/3028/3028 3030/3030/3030 3031/3031/3031
f 3030/3030/3030 3032/3032/3032 3031/3031/3031
f 3032/3032/3032 3030/3030/3030 3033/3033/3033
f 3030/3030/3030 3014/3014/3014 3033/3033/3033
f 3033/3033/3033 3034/3034/3034 3032/3032/3032
f 3033/3033/3033 3014/3014/3014 3035/3035/3035
f 3034/3034/3034 3033/3033/3033 3035/3035/3035
f 3015/3015/3015 3035/3035/3035 3014/3014/3014
f 3035/3035/3035 3015/3015/3015 3034/3034/3034
f 3036/3036/3036 3037/3037/3037 3038/3038/3038
f 3039/3039/3039 3037/3037/3037 3036/3036/3036
f 3037/3037/3037 3040/3040/3040 3038/3038/3038
f 3037/3037/3037 3039/3039/3039 3041/3041/3041
f 3042/3042/3042 3041/3041/3041 3039/3039/3039
f 3037/3037/3037 3043/3043/3043 3040/3040/3040
f 3041/3041/3041 3043/3043/3043 3037/3037/3037
f 3043/3043/3043 3044/3044/3044 3040/3040/3040
f 3044/3044/3044 3043/3043/3043 3045/3045/3045
f 3046/3046/3046 3045/3045/3045 3043/3043/3043
f 3043/3043/3043 3041/3041/3041 3046/3046/3046
f 3045/3045/3045 3046/3046/3046 3047/3047/3047
f 3041/3041/3041 3042/3042/3042 3048/3048/3048
f 3048/3048/3048 3046/3046/3046 3041/3041/3041
f 3049/3049/3049 3048/3048/3048 3042/3042/3042
f 3048/3048/3048 3049/3049/3049 3050/3050/3050
f 3050/3050/3050 3046/3046/3046 3048/3048/3048
f 3051/3051/3051 3050/3050/3050 3049/3049/3049
f 3050/3050/3050 3051/3051/3051 3052/3052/3052
f 3052/3052/3052 3046/3046/3046 3050/3050/3050
f 3053/3053/3053 3052/3052/3052 3051/3051/3051
f 3052/3052/3052 3054/3054/3054 3046/3046/3046
f 3054/3054/3054 3052/3052/3052 3055/3055/3055
f 3052/3052/3052 3053/3053/3053 3055/3055/3055
f 3056/3056/3056 3055/3055/3055 3053/3053/3053
f 3055/3055/3055 3056/3056/3056 3057/3057/3057
f 3054/3054/3054 3055/3055/3055 3057/3057/3057
f 3058/3058/3058 3057/3057/3057 3056/3056/3056
f 3059/3059/3059 3047/3047/3047 3046/3046/3046
f 3047/3047/3047 3059/3059/3059 3060/3060/3060
f 3059/3059/3059 3061/3061/3061 3060/3060/3060
f 3057/3057/3057 3058/3058/3058 3062/3062/3062
f 3054/3054/3054 3057/3057/3057 3062/3062/3062
f 3058/3058/3058 3063/3063/3063 3062/3062/3062
f 3063/3063/3063 3058/3058/3058 3064/3064/3064
f 3065/3065/3065 3063/3063/3063 3064/3064/3064
f 3066/3066/3066 3062/3062/3062 3063/3063/3063
f 3063/3063/3063 3065/3065/3065 3066/3066/3066
f 3062/3062/3062 3066/3066/3066 3054/3054/3054
f 3067/3067/3067 3066/3066/3066 3065/3065/3065
f 3066/3066/3066 3067/3067/3067 3054/3054/3054
f 3068/3068/3068 3054/3054/3054 3067/3067/3067
f 3069/3069/3069 3046/3046/3046 3054/3054/3054
f 3054/3054/3054 3068/3068/3068 3069/3069/3069
f 3046/3046/3046 3069/3069/3069 3059/3059/3059
f 3068/3068/3068 3070/3070/3070 3069/3069/3069
f 3070/3070/3070 3059/3059/3059 3069/3069/3069
f 3070/3070/3070 3068/3068/3068 3071/3071/3071
f 3072/3072/3072 3070/3070/3070 3071/3071/3071
f 3070/3070/3070 3073/3073/3073 3059/3059/3059
f 3070/3070/3070 3074/3074/3074 3073/3073/3073
f 3061/3061/3061 3059/3059/3059 3073/3073/3073
f 3074/3074/3074 3061/3061/3061 3073/3073/3073
f 3061/3061/3061 3074/3074/3074 3075/3075/3075
f 3070/3070/3070 3072/3072/3072 3076/3076/3076
f 3070/3070/3070 3076/3076/3076 3074/3074/3074
f 3077/3077/3077 3076/3076/3076 3072/3072/3072
f 3076/3076/3076 3077/3077/3077 3078/3078/3078
f 3074/3074/3074 3076/3076/3076 3078/3078/3078
f 3079/3079/3079 3078/3078/3078 3077/3077/3077
f 3080/3080/3080 3075/3075/3075 3074/3074/3074
f 3075/3075/3075 3080/3080/3080 3081/3081/3081
f 3074/3074/3074 3078/3078/3078 3082/3082/3082
f 3078/3078/3078 3079/3079/3079 3082/3082/3082
f 3074/3074/3074 3082/3082/3082 3080/3080/3080
f 3083/3083/3083 3081/3081/3081 3080/3080/3080
f 3080/3080/3080 3082/3082/3082 3083/3083/3083
f 3081/3081/3081 3083/3083/3083 3084/3084/3084
f 3079/3079/3079 3085/3085/3085 3082/3082/3082
f 3083/3083/3083 3082/3082/3082 3085/3085/3085
f 3085/3085/3085 3084/3084/3084 3083/3083/3083
f 3085/3085/3085 3079/3079/3079 3086/3086/3086
f 3084/3084/3084 3085/3085/3085 3086/3086/3086
f 3087/3087/3087 3088/3088/3088 3089/3089/3089
f 3090/3090/3090 3088/3088/3088 3087/3087/3087
f 3091/3091/3091 3087/3087/3087 3089/3089/3089
f 3092/3092/3092 3091/3091/3091 3089/3089/3089
f 3091/3091/3091 3092/3092/3092 3093/3093/3093
f 3090/3090/3090 3087/3087/3087 3094/3094/3094
f 3095/3095/3095 3090/3090/3090 3094/3094/3094
f 3096/3096/3096 3095/3095/3095 3094/3094/3094
f 3097/3097/3097 3091/3091/3091 3093/3093/3093
f 3098/3098/3098 3097/3097/3097 3093/3093/3093
f 3098/3098/3098 3099/3099/3099 3097/3097/3097
f 3096/3096/3096 3094/3094/3094 3100/3100/3100
f 3101/3101/3101 3096/3096/3096 3100/3100/3100
f 3102/3102/3102 3101/3101/3101 3100/3100/3100
f 3099/3099/3099 3103/3103/3103 3097/3097/3097
f 3099/3099/3099 3104/3104/3104 3103/3103/3103
f 3104/3104/3104 3105/3105/3105 3103/3103/3103
f 3102/3102/3102 3100/3100/3100 3106/3106/3106
f 3107/3107/3107 3102/3102/3102 3106/3106/3106
f 3108/3108/3108 3107/3107/3107 3106/3106/3106
f 3105/3105/3105 3109/3109/3109 3103/3103/3103
f 3105/3105/3105 3110/3110/3110 3109/3109/3109
f 3110/3110/3110 3111/3111/3111 3109/3109/3109
f 3108/3108/3108 3106/3106/3106 3112/3112/3112
f 3113/3113/3113 3108/3108/3108 3112/3112/3112
f 3114/3114/3114 3113/3113/3113 3112/3112/3112
f 3111/3111/3111 3115/3115/3115 3109/3109/3109
f 3111/3111/3111 3116/3116/3116 3115/3115/3115
f 3116/3116/3116 3117/3117/3117 3115/3115/3115
f 3114/3114/3114 3112/3112/3112 3118/3118/3118
f 3119/3119/3119 3114/3114/3114 3118/3118/3118
f 3120/3120/3120 3119/3119/3119 3118/3118/3118
f 3117/3117/3117 3121/3121/3121 3115/3115/3115
f 3117/3117/3117 3122/3122/3122 3121/3121/3121
f 3122/3122/3122 3123/3123/3123 3121/3121/3121
f 3120/3120/3120 3118/3118/3118 3124/3124/3124
f 3125/3125/3125 3120/3120/3120 3124/3124/3124
f 3125/3125/3125 3124/3124/3124 3126/3126/3126
f 3123/3123/3123 3127/3127/3127 3121/3121/3121
f 3123/3123/3123 3128/3128/3128 3127/3127/3127
f 3128/3128/3128 3129/3129/3129 3127/3127/3127
f 3124/3124/3124 3130/3130/3130 3126/3126/3126
f 3130/3130/3130 3131/3131/3131 3126/3126/3126
f 3131/3131/3131 3130/3130/3130 3132/3132/3132
f 3129/3129/3129 3133/3133/3133 3127/3127/3127
f 3130/3130/3130 3133/3133/3133 3132/3132/3132
f 3129/3129/3129 3134/3134/3134 3133/3133/3133
f 3133/3133/3133 3134/3134/3134 3132/3132/3132
f 3135/3135/3135 3136/3136/3136 3137/3137/3137
f 3138/3138/3138 3135/3135/3135 3137/3137/3137
f 3136/3136/3136 3135/3135/3135 3139/3139/3139
f 3140/3140/3140 3136/3136/3136 3139/3139/3139
f 3136/3136/3136 3140/3140/3140 3141/3141/3141
f 3140/3140/3140 3142/3142/3142 3141/3141/3141
f 3135/3135/3135 3138/3138/3138 3143/3143/3143
f 3144/3144/3144 3139/3139/3139 3135/3135/3135
f 3143/3143/3143 3144/3144/3144 3135/3135/3135
f 3138/3138/3138 3145/3145/3145 3143/3143/3143
f 3145/3145/3145 3138/3138/3138 3146/3146/3146
f 3147/3147/3147 3145/3145/3145 3146/3146/3146
f 3142/3142/3142 3140/3140/3140 3148/3148/3148
f 3139/3139/3139 3149/3149/3149 3140/3140/3140
f 3149/3149/3149 3148/3148/3148 3140/3140/3140
f 3139/3139/3139 3144/3144/3144 3150/3150/3150
f 3149/3149/3149 3139/3139/3139 3150/3150/3150
f 3151/3151/3151 3142/3142/3142 3148/3148/3148
f 3142/3142/3142 3151/3151/3151 3152/3152/3152
f 3151/3151/3151 3153/3153/3153 3152/3152/3152
f 3144/3144/3144 3143/3143/3143 3154/3154/3154
f 3155/3155/3155 3143/3143/3143 3145/3145/3145
f 3143/3143/3143 3155/3155/3155 3154/3154/3154
f 3145/3145/3145 3147/3147/3147 3156/3156/3156
f 3156/3156/3156 3155/3155/3155 3145/3145/3145
f 3157/3157/3157 3150/3150/3150 3144/3144/3144
f 3154/3154/3154 3157/3157/3157 3144/3144/3144
f 3147/3147/3147 3158/3158/3158 3156/3156/3156
f 3158/3158/3158 3147/3147/3147 3159/3159/3159
f 3160/3160/3160 3158/3158/3158 3159/3159/3159
f 3153/3153/3153 3151/3151/3151 3161/3161/3161
f 3162/3162/3162 3153/3153/3153 3161/3161/3161
f 3153/3153/3153 3162/3162/3162 3163/3163/3163
f 3162/3162/3162 3164/3164/3164 3163/3163/3163
f 3165/3165/3165 3161/3161/3161 3151/3151/3151
f 3148/3148/3148 3165/3165/3165 3151/3151/3151
f 3165/3165/3165 3148/3148/3148 3166/3166/3166
f 3148/3148/3148 3149/3149/3149 3166/3166/3166
f 3167/3167/3167 3166/3166/3166 3149/3149/3149
f 3150/3150/3150 3167/3167/3167 3149/3149/3149
f 3167/3167/3167 3150/3150/3150 3168/3168/3168
f 3150/3150/3150 3157/3157/3157 3168/3168/3168
f 3164/3164/3164 3162/3162/3162 3169/3169/3169
f 3161/3161/3161 3170/3170/3170 3162/3162/3162
f 3170/3170/3170 3169/3169/3169 3162/3162/3162
f 3161/3161/3161 3165/3165/3165 3171/3171/3171
f 3170/3170/3170 3161/3161/3161 3171/3171/3171
f 3166/3166/3166 3172/3172/3172 3165/3165/3165
f 3172/3172/3172 3171/3171/3171 3165/3165/3165
f 3166/3166/3166 3167/3167/3167 3173/3173/3173
f 3172/3172/3172 3166/3166/3166 3173/3173/3173
f 3167/3167/3167 3168/3168/3168 3174/3174/3174
f 3173/3173/3173 3167/3167/3167 3174/3174/3174
f 3168/3168/3168 3175/3175/3175 3174/3174/3174
f 3168/3168/3168 3157/3157/3157 3175/3175/3175
f 3173/3173/3173 3174/3174/3174 3176/3176/3176
f 3172/3172/3172 3173/3173/3173 3176/3176/3176
f 3157/3157/3157 3177/3177/3177 3175/3175/3175
f 3157/3157/3157 3154/3154/3154 3177/3177/3177
f 3177/3177/3177 3178/3178/3178 3175/3175/3175
f 3172/3172/3172 3176/3176/3176 3179/3179/3179
f 3171/3171/3171 3172/3172/3172 3179/3179/3179
f 3176/3176/3176 3180/3180/3180 3179/3179/3179
f 3154/3154/3154 3181/3181/3181 3177/3177/3177
f 3177/3177/3177 3181/3181/3181 3178/3178/3178
f 3181/3181/3181 3154/3154/3154 3155/3155/3155
f 3182/3182/3182 3171/3171/3171 3179/3179/3179
f 3180/3180/3180 3182/3182/3182 3179/3179/3179
f 3171/3171/3171 3182/3182/3182 3170/3170/3170
f 3181/3181/3181 3183/3183/3183 3178/3178/3178
f 3183/3183/3183 3184/3184/3184 3178/3178/3178
f 3185/3185/3185 3181/3181/3181 3155/3155/3155
f 3181/3181/3181 3185/3185/3185 3183/3183/3183
f 3155/3155/3155 3156/3156/3156 3185/3185/3185
f 3182/3182/3182 3180/3180/3180 3186/3186/3186
f 3180/3180/3180 3187/3187/3187 3186/3186/3186
f 3182/3182/3182 3188/3188/3188 3170/3170/3170
f 3188/3188/3188 3182/3182/3182 3186/3186/3186
f 3169/3169/3169 3170/3170/3170 3188/3188/3188
f 3183/3183/3183 3189/3189/3189 3184/3184/3184
f 3185/3185/3185 3189/3189/3189 3183/3183/3183
f 3156/3156/3156 3190/3190/3190 3185/3185/3185
f 3189/3189/3189 3185/3185/3185 3190/3190/3190
f 3190/3190/3190 3156/3156/3156 3158/3158/3158
f 3187/3187/3187 3191/3191/3191 3186/3186/3186
f 3191/3191/3191 3188/3188/3188 3186/3186/3186
f 3192/3192/3192 3169/3169/3169 3188/3188/3188
f 3188/3188/3188 3191/3191/3191 3192/3192/3192
f 3184/3184/3184 3189/3189/3189 3193/3193/3193
f 3194/3194/3194 3184/3184/3184 3193/3193/3193
f 3195/3195/3195 3190/3190/3190 3158/3158/3158
f 3158/3158/3158 3160/3160/3160 3195/3195/3195
f 3196/3196/3196 3189/3189/3189 3190/3190/3190
f 3189/3189/3189 3196/3196/3196 3193/3193/3193
f 3190/3190/3190 3195/3195/3195 3196/3196/3196
f 3191/3191/3191 3187/3187/3187 3197/3197/3197
f 3187/3187/3187 3198/3198/3198 3197/3197/3197
f 3199/3199/3199 3194/3194/3194 3193/3193/3193
f 3196/3196/3196 3199/3199/3199 3193/3193/3193
f 3160/3160/3160 3200/3200/3200 3195/3195/3195
f 3200/3200/3200 3160/3160/3160 3201/3201/3201
f 3202/3202/3202 3200/3200/3200 3201/3201/3201
f 3195/3195/3195 3203/3203/3203 3196/3196/3196
f 3203/3203/3203 3195/3195/3195 3200/3200/3200
f 3199/3199/3199 3196/3196/3196 3203/3203/3203
f 3204/3204/3204 3191/3191/3191 3197/3197/3197
f 3191/3191/3191 3204/3204/3204 3192/3192/3192
f 3198/3198/3198 3205/3205/3205 3197/3197/3197
f 3205/3205/3205 3204/3204/3204 3197/3197/3197
f 3194/3194/3194 3199/3199/3199 3206/3206/3206
f 3207/3207/3207 3194/3194/3194 3206/3206/3206
f 3200/3200/3200 3202/3202/3202 3208/3208/3208
f 3208/3208/3208 3203/3203/3203 3200/3200/3200
f 3209/3209/3209 3199/3199/3199 3203/3203/3203
f 3199/3199/3199 3209/3209/3209 3206/3206/3206
f 3203/3203/3203 3208/3208/3208 3209/3209/3209
f 3210/3210/3210 3207/3207/3207 3206/3206/3206
f 3209/3209/3209 3210/3210/3210 3206/3206/3206
f 3202/3202/3202 3211/3211/3211 3208/3208/3208
f 3211/3211/3211 3202/3202/3202 3212/3212/3212
f 3213/3213/3213 3211/3211/3211 3212/3212/3212
f 3208/3208/3208 3214/3214/3214 3209/3209/3209
f 3214/3214/3214 3208/3208/3208 3211/3211/3211
f 3210/3210/3210 3209/3209/3209 3214/3214/3214
f 3207/3207/3207 3210/3210/3210 3215/3215/3215
f 3216/3216/3216 3207/3207/3207 3215/3215/3215
f 3211/3211/3211 3213/3213/3213 3217/3217/3217
f 3217/3217/3217 3214/3214/3214 3211/3211/3211
f 3218/3218/3218 3210/3210/3210 3214/3214/3214
f 3210/3210/3210 3218/3218/3218 3215/3215/3215
f 3214/3214/3214 3217/3217/3217 3218/3218/3218
f 3219/3219/3219 3216/3216/3216 3215/3215/3215
f 3218/3218/3218 3219/3219/3219 3215/3215/3215
f 3213/3213/3213 3220/3220/3220 3217/3217/3217
f 3220/3220/3220 3213/3213/3213 3221/3221/3221
f 3222/3222/3222 3220/3220/3220 3221/3221/3221
f 3217/3217/3217 3223/3223/3223 3218/3218/3218
f 3223/3223/3223 3217/3217/3217 3220/3220/3220
f 3219/3219/3219 3218/3218/3218 3223/3223/3223
f 3216/3216/3216 3219/3219/3219 3224/3224/3224
f 3225/3225/3225 3216/3216/3216 3224/3224/3224
f 3220/3220/3220 3222/3222/3222 3226/3226/3226
f 3226/3226/3226 3223/3223/3223 3220/3220/3220
f 3227/3227/3227 3219/3219/3219 3223/3223/3223
f 3219/3219/3219 3227/3227/3227 3224/3224/3224
f 3223/3223/3223 3226/3226/3226 3227/3227/3227
f 3228/3228/3228 3225/3225/3225 3224/3224/3224
f 3227/3227/3227 3228/3228/3228 3224/3224/3224
f 3222/3222/3222 3229/3229/3229 3226/3226/3226
f 3229/3229/3229 3222/3222/3222 3230/3230/3230
f 3231/3231/3231 3229/3229/3229 3230/3230/3230
f 3226/3226/3226 3232/3232/3232 3227/3227/3227
f 3232/3232/3232 3226/3226/3226 3229/3229/3229
f 3228/3228/3228 3227/3227/3227 3232/3232/3232
f 3228/3228/3228 3233/3233/3233 3225/3225/3225
f 3233/3233/3233 3234/3234/3234 3225/3225/3225
f 3229/3229/3229 3231/3231/3231 3235/3235/3235
f 3235/3235/3235 3232/3232/3232 3229/3229/3229
f 3236/3236/3236 3228/3228/3228 3232/3232/3232
f 3228/3228/3228 3236/3236/3236 3233/3233/3233
f 3232/3232/3232 3235/3235/3235 3236/3236/3236
f 3233/3233/3233 3237/3237/3237 3234/3234/3234
f 3236/3236/3236 3237/3237/3237 3233/3233/3233
f 3231/3231/3231 3238/3238/3238 3235/3235/3235
f 3238/3238/3238 3231/3231/3231 3239/3239/3239
f 3240/3240/3240 3238/3238/3238 3239/3239/3239
f 3235/3235/3235 3241/3241/3241 3236/3236/3236
f 3241/3241/3241 3235/3235/3235 3238/3238/3238
f 3237/3237/3237 3236/3236/3236 3241/3241/3241
f 3237/3237/3237 3242/3242/3242 3234/3234/3234
f 3242/3242/3242 3243/3243/3243 3234/3234/3234
f 3238/3238/3238 3240/3240/3240 3244/3244/3244
f 3244/3244/3244 3241/3241/3241 3238/3238/3238
f 3245/3245/3245 3237/3237/3237 3241/3241/3241
f 3237/3237/3237 3245/3245/3245 3242/3242/3242
f 3241/3241/3241 3244/3244/3244 3245/3245/3245
f 3242/3242/3242 3246/3246/3246 3243/3243/3243
f 3245/3245/3245 3246/3246/3246 3242/3242/3242
f 3240/3240/3240 3247/3247/3247 3244/3244/3244
f 3247/3247/3247 3240/3240/3240 3248/3248/3248
f 3249/3249/3249 3247/3247/3247 3248/3248/3248
f 3244/3244/3244 3250/3250/3250 3245/3245/3245
f 3250/3250/3250 3244/3244/3244 3247/3247/3247
f 3246/3246/3246 3245/3245/3245 3250/3250/3250
f 3246/3246/3246 3251/3251/3251 3243/3243/3243
f 3251/3251/3251 3252/3252/3252 3243/3243/3243
f 3247/3247/3247 3249/3249/3249 3253/3253/3253
f 3253/3253/3253 3250/3250/3250 3247/3247/3247
f 3254/3254/3254 3246/3246/3246 3250/3250/3250
f 3246/3246/3246 3254/3254/3254 3251/3251/3251
f 3250/3250/3250 3253/3253/3253 3254/3254/3254
f 3251/3251/3251 3255/3255/3255 3252/3252/3252
f 3254/3254/3254 3255/3255/3255 3251/3251/3251
f 3249/3249/3249 3256/3256/3256 3253/3253/3253
f 3256/3256/3256 3249/3249/3249 3257/3257/3257
f 3258/3258/3258 3256/3256/3256 3257/3257/3257
f 3253/3253/3253 3259/3259/3259 3254/3254/3254
f 3259/3259/3259 3253/3253/3253 3256/3256/3256
f 3255/3255/3255 3254/3254/3254 3259/3259/3259
f 3255/3255/3255 3260/3260/3260 3252/3252/3252
f 3260/3260/3260 3261/3261/3261 3252/3252/3252
f 3256/3256/3256 3258/3258/3258 3262/3262/3262
f 3262/3262/3262 3259/3259/3259 3256/3256/3256
f 3263/3263/3263 3255/3255/3255 3259/3259/3259
f 3255/3255/3255 3263/3263/3263 3260/3260/3260
f 3259/3259/3259 3262/3262/3262 3263/3263/3263
f 3260/3260/3260 3264/3264/3264 3261/3261/3261
f 3263/3263/3263 3264/3264/3264 3260/3260/3260
f 3258/3258/3258 3265/3265/3265 3262/3262/3262
f 3265/3265/3265 3258/3258/3258 3266/3266/3266
f 3267/3267/3267 3265/3265/3265 3266/3266/3266
f 3262/3262/3262 3268/3268/3268 3263/3263/3263
f 3268/3268/3268 3262/3262/3262 3265/3265/3265
f 3264/3264/3264 3263/3263/3263 3268/3268/3268
f 3261/3261/3261 3264/3264/3264 3269/3269/3269
f 3198/3198/3198 3261/3261/3261 3269/3269/3269
f 3205/3205/3205 3198/3198/3198 3269/3269/3269
f 3264/3264/3264 3270/3270/3270 3269/3269/3269
f 3270/3270/3270 3264/3264/3264 3268/3268/3268
f 3270/3270/3270 3205/3205/3205 3269/3269/3269
f 3271/3271/3271 3268/3268/3268 3265/3265/3265
f 3265/3265/3265 3267/3267/3267 3271/3271/3271
f 3268/3268/3268 3271/3271/3271 3270/3270/3270
f 3205/3205/3205 3270/3270/3270 3272/3272/3272
f 3271/3271/3271 3272/3272/3272 3270/3270/3270
f 3204/3204/3204 3205/3205/3205 3272/3272/3272
f 3267/3267/3267 3273/3273/3273 3271/3271/3271
f 3272/3272/3272 3271/3271/3271 3273/3273/3273
f 3273/3273/3273 3267/3267/3267 3274/3274/3274
f 3275/3275/3275 3273/3273/3273 3274/3274/3274
f 3272/3272/3272 3276/3276/3276 3204/3204/3204
f 3276/3276/3276 3272/3272/3272 3273/3273/3273
f 3273/3273/3273 3275/3275/3275 3276/3276/3276
f 3276/3276/3276 3192/3192/3192 3204/3204/3204
f 3275/3275/3275 3277/3277/3277 3276/3276/3276
f 3192/3192/3192 3276/3276/3276 3277/3277/3277
f 3277/3277/3277 3275/3275/3275 3278/3278/3278
f 3169/3169/3169 3192/3192/3192 3277/3277/3277
f 3164/3164/3164 3277/3277/3277 3278/3278/3278
f 3277/3277/3277 3164/3164/3164 3169/3169/3169
f 3279/3279/3279 3280/3280/3280 3281/3281/3281
f 3282/3282/3282 3279/3279/3279 3281/3281/3281
f 3283/3283/3283 3280/3280/3280 3279/3279/3279
f 3284/3284/3284 3280/3280/3280 3283/3283/3283
f 3283/3283/3283 3285/3285/3285 3284/3284/3284
f 3282/3282/3282 3286/3286/3286 3279/3279/3279
f 3287/3287/3287 3286/3286/3286 3282/3282/3282
f 3288/3288/3288 3286/3286/3286 3287/3287/3287
f 3289/3289/3289 3285/3285/3285 3283/3283/3283
f 3290/3290/3290 3285/3285/3285 3289/3289/3289
f 3290/3290/3290 3289/3289/3289 3291/3291/3291
f 3288/3288/3288 3292/3292/3292 3286/3286/3286
f 3293/3293/3293 3292/3292/3292 3288/3288/3288
f 3294/3294/3294 3292/3292/3292 3293/3293/3293
f 3291/3291/3291 3289/3289/3289 3295/3295/3295
f 3291/3291/3291 3295/3295/3295 3296/3296/3296
f 3296/3296/3296 3295/3295/3295 3297/3297/3297
f 3294/3294/3294 3298/3298/3298 3292/3292/3292
f 3299/3299/3299 3298/3298/3298 3294/3294/3294
f 3300/3300/3300 3298/3298/3298 3299/3299/3299
f 3297/3297/3297 3295/3295/3295 3301/3301/3301
f 3297/3297/3297 3301/3301/3301 3302/3302/3302
f 3302/3302/3302 3301/3301/3301 3303/3303/3303
f 3300/3300/3300 3304/3304/3304 3298/3298/3298
f 3305/3305/3305 3304/3304/3304 3300/3300/3300
f 3306/3306/3306 3304/3304/3304 3305/3305/3305
f 3303/3303/3303 3301/3301/3301 3307/3307/3307
f 3303/3303/3303 3307/3307/3307 3308/3308/3308
f 3308/3308/3308 3307/3307/3307 3309/3309/3309
f 3306/3306/3306 3310/3310/3310 3304/3304/3304
f 3311/3311/3311 3310/3310/3310 3306/3306/3306
f 3312/3312/3312 3310/3310/3310 3311/3311/3311
f 3309/3309/3309 3307/3307/3307 3313/3313/3313
f 3309/3309/3309 3313/3313/3313 3314/3314/3314
f 3314/3314/3314 3313/3313/3313 3315/3315/3315
f 3312/3312/3312 3316/3316/3316 3310/3310/3310
f 3317/3317/3317 3316/3316/3316 3312/3312/3312
f 3317/3317/3317 3318/3318/3318 3316/3316/3316
f 3315/3315/3315 3313/3313/3313 3319/3319/3319
f 3315/3315/3315 3319/3319/3319 3320/3320/3320
f 3320/3320/3320 3319/3319/3319 3321/3321/3321
f 3316/3316/3316 3318/3318/3318 3322/3322/3322
f 3322/3322/3322 3318/3318/3318 3323/3323/3323
f 3323/3323/3323 3324/3324/3324 3322/3322/3322
f 3321/3321/3321 3319/3319/3319 3325/3325/3325
f 3322/3322/3322 3324/3324/3324 3325/3325/3325
f 3321/3321/3321 3325/3325/3325 3326/3326/3326
f 3325/3325/3325 3324/3324/3324 3326/3326/3326
f 3327/3327/3327 3328/3328/3328 3329/3329/3329
f 3328/3328/3328 3330/3330/3330 3329/3329/3329
f 3328/3328/3328 3327/3327/3327 3331/3331/3331
f 3327/3327/3327 3332/3332/3332 3331/3331/3331
f 3332/3332/3332 3327/3327/3327 3333/3333/3333
f 3334/3334/3334 3332/3332/3332 3333/3333/3333
f 3330/3330/3330 3328/3328/3328 3335/3335/3335
f 3331/3331/3331 3336/3336/3336 3328/3328/3328
f 3336/3336/3336 3335/3335/3335 3328/3328/3328
f 3337/3337/3337 3330/3330/3330 3335/3335/3335
f 3330/3330/3330 3337/3337/3337 3338/3338/3338
f 3337/3337/3337 3339/3339/3339 3338/3338/3338
f 3332/3332/3332 3334/3334/3334 3340/3340/3340
f 3341/3341/3341 3331/3331/3331 3332/3332/3332
f 3340/3340/3340 3341/3341/3341 3332/3332/3332
f 3336/3336/3336 3331/3331/3331 3342/3342/3342
f 3331/3331/3331 3341/3341/3341 3342/3342/3342
f 3334/3334/3334 3343/3343/3343 3340/3340/3340
f 3343/3343/3343 3334/3334/3334 3344/3344/3344
f 3345/3345/3345 3343/3343/3343 3344/3344/3344
f 3335/3335/3335 3336/3336/3336 3346/3346/3346
f 3335/3335/3335 3347/3347/3347 3337/3337/3337
f 3347/3347/3347 3335/3335/3335 3346/3346/3346
f 3339/3339/3339 3337/3337/3337 3348/3348/3348
f 3347/3347/3347 3348/3348/3348 3337/3337/3337
f 3342/3342/3342 3349/3349/3349 3336/3336/3336
f 3349/3349/3349 3346/3346/3346 3336/3336/3336
f 3350/3350/3350 3339/3339/3339 3348/3348/3348
f 3339/3339/3339 3350/3350/3350 3351/3351/3351
f 3350/3350/3350 3352/3352/3352 3351/3351/3351
f 3343/3343/3343 3345/3345/3345 3353/3353/3353
f 3353/3353/3353 3354/3354/3354 3343/3343/3343
f 3354/3354/3354 3340/3340/3340 3343/3343/3343
f 3345/3345/3345 3355/3355/3355 3353/3353/3353
f 3355/3355/3355 3345/3345/3345 3356/3356/3356
f 3357/3357/3357 3355/3355/3355 3356/3356/3356
f 3340/3340/3340 3354/3354/3354 3358/3358/3358
f 3341/3341/3341 3340/3340/3340 3358/3358/3358
f 3358/3358/3358 3359/3359/3359 3341/3341/3341
f 3359/3359/3359 3342/3342/3342 3341/3341/3341
f 3342/3342/3342 3359/3359/3359 3360/3360/3360
f 3349/3349/3349 3342/3342/3342 3360/3360/3360
f 3354/3354/3354 3353/3353/3353 3361/3361/3361
f 3362/3362/3362 3353/3353/3353 3355/3355/3355
f 3353/3353/3353 3362/3362/3362 3361/3361/3361
f 3355/3355/3355 3357/3357/3357 3363/3363/3363
f 3363/3363/3363 3362/3362/3362 3355/3355/3355
f 3364/3364/3364 3358/3358/3358 3354/3354/3354
f 3361/3361/3361 3364/3364/3364 3354/3354/3354
f 3359/3359/3359 3358/3358/3358 3365/3365/3365
f 3358/3358/3358 3364/3364/3364 3365/3365/3365
f 3359/3359/3359 3366/3366/3366 3360/3360/3360
f 3365/3365/3365 3366/3366/3366 3359/3359/3359
f 3360/3360/3360 3366/3366/3366 3367/3367/3367
f 3360/3360/3360 3367/3367/3367 3349/3349/3349
f 3365/3365/3365 3368/3368/3368 3366/3366/3366
f 3364/3364/3364 3368/3368/3368 3365/3365/3365
f 3349/3349/3349 3367/3367/3367 3369/3369/3369
f 3346/3346/3346 3349/3349/3349 3369/3369/3369
f 3369/3369/3369 3367/3367/3367 3370/3370/3370
f 3364/3364/3364 3371/3371/3371 3368/3368/3368
f 3364/3364/3364 3361/3361/3361 3371/3371/3371
f 3368/3368/3368 3371/3371/3371 3372/3372/3372
f 3373/3373/3373 3346/3346/3346 3369/3369/3369
f 3369/3369/3369 3370/3370/3370 3373/3373/3373
f 3346/3346/3346 3373/3373/3373 3347/3347/3347
f 3361/3361/3361 3374/3374/3374 3371/3371/3371
f 3372/3372/3372 3371/3371/3371 3374/3374/3374
f 3374/3374/3374 3361/3361/3361 3362/3362/3362
f 3373/3373/3373 3370/3370/3370 3375/3375/3375
f 3375/3375/3375 3370/3370/3370 3376/3376/3376
f 3373/3373/3373 3377/3377/3377 3347/3347/3347
f 3377/3377/3377 3373/3373/3373 3375/3375/3375
f 3348/3348/3348 3347/3347/3347 3377/3377/3377
f 3374/3374/3374 3378/3378/3378 3372/3372/3372
f 3372/3372/3372 3378/3378/3378 3379/3379/3379
f 3380/3380/3380 3374/3374/3374 3362/3362/3362
f 3374/3374/3374 3380/3380/3380 3378/3378/3378
f 3362/3362/3362 3363/3363/3363 3380/3380/3380
f 3375/3375/3375 3376/3376/3376 3381/3381/3381
f 3381/3381/3381 3377/3377/3377 3375/3375/3375
f 3382/3382/3382 3348/3348/3348 3377/3377/3377
f 3377/3377/3377 3381/3381/3381 3382/3382/3382
f 3348/3348/3348 3382/3382/3382 3350/3350/3350
f 3379/3379/3379 3378/3378/3378 3383/3383/3383
f 3380/3380/3380 3383/3383/3383 3378/3378/3378
f 3363/3363/3363 3384/3384/3384 3380/3380/3380
f 3383/3383/3383 3380/3380/3380 3384/3384/3384
f 3376/3376/3376 3385/3385/3385 3381/3381/3381
f 3386/3386/3386 3385/3385/3385 3376/3376/3376
f 3382/3382/3382 3387/3387/3387 3350/3350/3350
f 3352/3352/3352 3350/3350/3350 3387/3387/3387
f 3381/3381/3381 3388/3388/3388 3382/3382/3382
f 3388/3388/3388 3381/3381/3381 3385/3385/3385
f 3387/3387/3387 3382/3382/3382 3388/3388/3388
f 3383/3383/3383 3389/3389/3389 3379/3379/3379
f 3379/3379/3379 3389/3389/3389 3390/3390/3390
f 3391/3391/3391 3385/3385/3385 3386/3386/3386
f 3391/3391/3391 3388/3388/3388 3385/3385/3385
f 3392/3392/3392 3352/3352/3352 3387/3387/3387
f 3352/3352/3352 3392/3392/3392 3393/3393/3393
f 3392/3392/3392 3394/3394/3394 3393/3393/3393
f 3395/3395/3395 3387/3387/3387 3388/3388/3388
f 3387/3387/3387 3395/3395/3395 3392/3392/3392
f 3388/3388/3388 3391/3391/3391 3395/3395/3395
f 3383/3383/3383 3396/3396/3396 3389/3389/3389
f 3396/3396/3396 3383/3383/3383 3384/3384/3384
f 3390/3390/3390 3389/3389/3389 3397/3397/3397
f 3396/3396/3396 3397/3397/3397 3389/3389/3389
f 3386/3386/3386 3398/3398/3398 3391/3391/3391
f 3399/3399/3399 3398/3398/3398 3386/3386/3386
f 3394/3394/3394 3392/3392/3392 3400/3400/3400
f 3395/3395/3395 3400/3400/3400 3392/3392/3392
f 3391/3391/3391 3401/3401/3401 3395/3395/3395
f 3401/3401/3401 3391/3391/3391 3398/3398/3398
f 3400/3400/3400 3395/3395/3395 3401/3401/3401
f 3402/3402/3402 3398/3398/3398 3399/3399/3399
f 3402/3402/3402 3401/3401/3401 3398/3398/3398
f 3403/3403/3403 3394/3394/3394 3400/3400/3400
f 3394/3394/3394 3403/3403/3403 3404/3404/3404
f 3403/3403/3403 3405/3405/3405 3404/3404/3404
f 3406/3406/3406 3400/3400/3400 3401/3401/3401
f 3400/3400/3400 3406/3406/3406 3403/3403/3403
f 3401/3401/3401 3402/3402/3402 3406/3406/3406
f 3399/3399/3399 3407/3407/3407 3402/3402/3402
f 3408/3408/3408 3407/3407/3407 3399/3399/3399
f 3405/3405/3405 3403/3403/3403 3409/3409/3409
f 3406/3406/3406 3409/3409/3409 3403/3403/3403
f 3402/3402/3402 3410/3410/3410 3406/3406/3406
f 3410/3410/3410 3402/3402/3402 3407/3407/3407
f 3409/3409/3409 3406/3406/3406 3410/3410/3410
f 3411/3411/3411 3407/3407/3407 3408/3408/3408
f 3411/3411/3411 3410/3410/3410 3407/3407/3407
f 3412/3412/3412 3405/3405/3405 3409/3409/3409
f 3405/3405/3405 3412/3412/3412 3413/3413/3413
f 3412/3412/3412 3414/3414/3414 3413/3413/3413
f 3415/3415/3415 3409/3409/3409 3410/3410/3410
f 3409/3409/3409 3415/3415/3415 3412/3412/3412
f 3410/3410/3410 3411/3411/3411 3415/3415/3415
f 3408/3408/3408 3416/3416/3416 3411/3411/3411
f 3417/3417/3417 3416/3416/3416 3408/3408/3408
f 3414/3414/3414 3412/3412/3412 3418/3418/3418
f 3415/3415/3415 3418/3418/3418 3412/3412/3412
f 3411/3411/3411 3419/3419/3419 3415/3415/3415
f 3419/3419/3419 3411/3411/3411 3416/3416/3416
f 3418/3418/3418 3415/3415/3415 3419/3419/3419
f 3420/3420/3420 3416/3416/3416 3417/3417/3417
f 3420/3420/3420 3419/3419/3419 3416/3416/3416
f 3421/3421/3421 3414/3414/3414 3418/3418/3418
f 3414/3414/3414 3421/3421/3421 3422/3422/3422
f 3421/3421/3421 3423/3423/3423 3422/3422/3422
f 3424/3424/3424 3418/3418/3418 3419/3419/3419
f 3418/3418/3418 3424/3424/3424 3421/3421/3421
f 3419/3419/3419 3420/3420/3420 3424/3424/3424
f 3420/3420/3420 3417/3417/3417 3425/3425/3425
f 3425/3425/3425 3417/3417/3417 3426/3426/3426
f 3423/3423/3423 3421/3421/3421 3427/3427/3427
f 3424/3424/3424 3427/3427/3427 3421/3421/3421
f 3420/3420/3420 3428/3428/3428 3424/3424/3424
f 3428/3428/3428 3420/3420/3420 3425/3425/3425
f 3427/3427/3427 3424/3424/3424 3428/3428/3428
f 3425/3425/3425 3426/3426/3426 3429/3429/3429
f 3429/3429/3429 3428/3428/3428 3425/3425/3425
f 3430/3430/3430 3423/3423/3423 3427/3427/3427
f 3423/3423/3423 3430/3430/3430 3431/3431/3431
f 3430/3430/3430 3432/3432/3432 3431/3431/3431
f 3433/3433/3433 3427/3427/3427 3428/3428/3428
f 3427/3427/3427 3433/3433/3433 3430/3430/3430
f 3428/3428/3428 3429/3429/3429 3433/3433/3433
f 3429/3429/3429 3426/3426/3426 3434/3434/3434
f 3434/3434/3434 3426/3426/3426 3435/3435/3435
f 3432/3432/3432 3430/3430/3430 3436/3436/3436
f 3433/3433/3433 3436/3436/3436 3430/3430/3430
f 3429/3429/3429 3437/3437/3437 3433/3433/3433
f 3437/3437/3437 3429/3429/3429 3434/3434/3434
f 3436/3436/3436 3433/3433/3433 3437/3437/3437
f 3434/3434/3434 3435/3435/3435 3438/3438/3438
f 3438/3438/3438 3437/3437/3437 3434/3434/3434
f 3439/3439/3439 3432/3432/3432 3436/3436/3436
f 3432/3432/3432 3439/3439/3439 3440/3440/3440
f 3439/3439/3439 3441/3441/3441 3440/3440/3440
f 3442/3442/3442 3436/3436/3436 3437/3437/3437
f 3436/3436/3436 3442/3442/3442 3439/3439/3439
f 3437/3437/3437 3438/3438/3438 3442/3442/3442
f 3438/3438/3438 3435/3435/3435 3443/3443/3443
f 3443/3443/3443 3435/3435/3435 3444/3444/3444
f 3441/3441/3441 3439/3439/3439 3445/3445/3445
f 3442/3442/3442 3445/3445/3445 3439/3439/3439
f 3438/3438/3438 3446/3446/3446 3442/3442/3442
f 3446/3446/3446 3438/3438/3438 3443/3443/3443
f 3445/3445/3445 3442/3442/3442 3446/3446/3446
f 3443/3443/3443 3444/3444/3444 3447/3447/3447
f 3447/3447/3447 3446/3446/3446 3443/3443/3443
f 3448/3448/3448 3441/3441/3441 3445/3445/3445
f 3441/3441/3441 3448/3448/3448 3449/3449/3449
f 3448/3448/3448 3450/3450/3450 3449/3449/3449
f 3451/3451/3451 3445/3445/3445 3446/3446/3446
f 3445/3445/3445 3451/3451/3451 3448/3448/3448
f 3446/3446/3446 3447/3447/3447 3451/3451/3451
f 3447/3447/3447 3444/3444/3444 3452/3452/3452
f 3452/3452/3452 3444/3444/3444 3453/3453/3453
f 3450/3450/3450 3448/3448/3448 3454/3454/3454
f 3451/3451/3451 3454/3454/3454 3448/3448/3448
f 3447/3447/3447 3455/3455/3455 3451/3451/3451
f 3455/3455/3455 3447/3447/3447 3452/3452/3452
f 3454/3454/3454 3451/3451/3451 3455/3455/3455
f 3452/3452/3452 3453/3453/3453 3456/3456/3456
f 3456/3456/3456 3455/3455/3455 3452/3452/3452
f 3457/3457/3457 3450/3450/3450 3454/3454/3454
f 3450/3450/3450 3457/3457/3457 3458/3458/3458
f 3457/3457/3457 3459/3459/3459 3458/3458/3458
f 3460/3460/3460 3454/3454/3454 3455/3455/3455
f 3454/3454/3454 3460/3460/3460 3457/3457/3457
f 3455/3455/3455 3456/3456/3456 3460/3460/3460
f 3453/3453/3453 3461/3461/3461 3456/3456/3456
f 3390/3390/3390 3461/3461/3461 3453/3453/3453
f 3397/3397/3397 3461/3461/3461 3390/3390/3390
f 3462/3462/3462 3456/3456/3456 3461/3461/3461
f 3456/3456/3456 3462/3462/3462 3460/3460/3460
f 3397/3397/3397 3462/3462/3462 3461/3461/3461
f 3460/3460/3460 3463/3463/3463 3457/3457/3457
f 3459/3459/3459 3457/3457/3457 3463/3463/3463
f 3463/3463/3463 3460/3460/3460 3462/3462/3462
f 3462/3462/3462 3397/3397/3397 3464/3464/3464
f 3464/3464/3464 3463/3463/3463 3462/3462/3462
f 3397/3397/3397 3396/3396/3396 3464/3464/3464
f 3465/3465/3465 3459/3459/3459 3463/3463/3463
f 3463/3463/3463 3464/3464/3464 3465/3465/3465
f 3459/3459/3459 3465/3465/3465 3466/3466/3466
f 3465/3465/3465 3467/3467/3467 3466/3466/3466
f 3468/3468/3468 3464/3464/3464 3396/3396/3396
f 3464/3464/3464 3468/3468/3468 3465/3465/3465
f 3467/3467/3467 3465/3465/3465 3468/3468/3468
f 3384/3384/3384 3468/3468/3468 3396/3396/3396
f 3469/3469/3469 3467/3467/3467 3468/3468/3468
f 3468/3468/3468 3384/3384/3384 3469/3469/3469
f 3467/3467/3467 3469/3469/3469 3470/3470/3470
f 3384/3384/3384 3363/3363/3363 3469/3469/3469
f 3469/3469/3469 3357/3357/3357 3470/3470/3470
f 3357/3357/3357 3469/3469/3469 3363/3363/3363
f 3471/3471/3471 3472/3472/3472 3473/3473/3473
f 3474/3474/3474 3473/3473/3473 3472/3472/3472
f 3472/3472/3472 3475/3475/3475 3474/3474/3474
f 3472/3472/3472 3471/3471/3471 3476/3476/3476
f 3477/3477/3477 3476/3476/3476 3471/3471/3471
f 3478/3478/3478 3476/3476/3476 3477/3477/3477
f 3476/3476/3476 3478/3478/3478 3479/3479/3479
f 3479/3479/3479 3472/3472/3472 3476/3476/3476
f 3478/3478/3478 3480/3480/3480 3479/3479/3479
f 3475/3475/3475 3472/3472/3472 3481/3481/3481
f 3472/3472/3472 3479/3479/3479 3481/3481/3481
f 3480/3480/3480 3481/3481/3481 3479/3479/3479
f 3475/3475/3475 3481/3481/3481 3482/3482/3482
f 3481/3481/3481 3480/3480/3480 3482/3482/3482
f 3483/3483/3483 3484/3484/3484 3485/3485/3485
f 3484/3484/3484 3486/3486/3486 3485/3485/3485
f 3486/3486/3486 3484/3484/3484 3487/3487/3487
f 3487/3487/3487 3488/3488/3488 3486/3486/3486
f 3488/3488/3488 3487/3487/3487 3489/3489/3489
f 3484/3484/3484 3489/3489/3489 3487/3487/3487
f 3490/3490/3490 3488/3488/3488 3489/3489/3489
f 3488/3488/3488 3490/3490/3490 3491/3491/3491
f 3490/3490/3490 3492/3492/3492 3491/3491/3491
f 3489/3489/3489 3493/3493/3493 3490/3490/3490
f 3492/3492/3492 3490/3490/3490 3493/3493/3493
f 3484/3484/3484 3493/3493/3493 3489/3489/3489
f 3494/3494/3494 3492/3492/3492 3493/3493/3493
f 3492/3492/3492 3494/3494/3494 3495/3495/3495
f 3493/3493/3493 3496/3496/3496 3494/3494/3494
f 3496/3496/3496 3495/3495/3495 3494/3494/3494
f 3484/3484/3484 3496/3496/3496 3493/3493/3493
f 3495/3495/3495 3496/3496/3496 3497/3497/3497
f 3496/3496/3496 3483/3483/3483 3497/3497/3497
f 3484/3484/3484 3483/3483/3483 3498/3498/3498
f 3483/3483/3483 3496/3496/3496 3498/3498/3498
f 3498/3498/3498 3496/3496/3496 3484/3484/3484
f 3499/3499/3499 3500/3500/3500 3501/3501/3501
f 3502/3502/3502 3501/3501/3501 3500/3500/3500
f 3500/3500/3500 3503/3503/3503 3502/3502/3502
f 3500/3500/3500 3499/3499/3499 3504/3504/3504
f 3505/3505/3505 3504/3504/3504 3499/3499/3499
f 3506/3506/3506 3504/3504/3504 3505/3505/3505
f 3504/3504/3504 3506/3506/3506 3507/3507/3507
f 3507/3507/3507 3500/3500/3500 3504/3504/3504
f 3506/3506/3506 3508/3508/3508 3507/3507/3507
f 3503/3503/3503 3500/3500/3500 3509/3509/3509
f 3500/3500/3500 3507/3507/3507 3509/3509/3509
f 3508/3508/3508 3509/3509/3509 3507/3507/3507
f 3503/3503/3503 3509/3509/3509 3510/3510/3510
f 3509/3509/3509 3508/3508/3508 3510/3510/3510
f 3511/3511/3511 3512/3512/3512 3513/3513/3513
f 3512/3512/3512 3514/3514/3514 3513/3513/3513
f 3514/3514/3514 3512/3512/3512 3515/3515/3515
f 3515/3515/3515 3516/3516/3516 3514/3514/3514
f 3516/3516/3516 3515/3515/3515 3517/3517/3517
f 3512/3512/3512 3517/3517/3517 3515/3515/3515
f 3518/3518/3518 3516/3516/3516 3517/3517/3517
f 3516/3516/3516 3518/3518/3518 3519/3519/3519
f 3518/3518/3518 3520/3520/3520 3519/3519/3519
f 3517/3517/3517 3521/3521/3521 3518/3518/3518
f 3520/3520/3520 3518/3518/3518 3521/3521/3521
f 3512/3512/3512 3521/3521/3521 3517/3517/3517
f 3522/3522/3522 3520/3520/3520 3521/3521/3521
f 3520/3520/3520 3522/3522/3522 3523/3523/3523
f 3521/3521/3521 3524/3524/3524 3522/3522/3522
f 3524/3524/3524 3523/3523/3523 3522/3522/3522
f 3512/3512/3512 3524/3524/3524 3521/3521/3521
f 3523/3523/3523 3524/3524/3524 3525/3525/3525
f 3524/3524/3524 3511/3511/3511 3525/3525/3525
f 3512/3512/3512 3511/3511/3511 3526/3526/3526
f 3511/3511/3511 3524/3524/3524 3526/3526/3526
f 3526/3526/3526 3524/3524/3524 3512/3512/3512
f 3527/3527/3527 3528/3528/3528 3529/3529/3529
f 3530/3530/3530 3529/3529/3529 3528/3528/3528
f 3528/3528/3528 3531/3531/3531 3530/3530/3530
f 3528/3528/3528 3527/3527/3527 3532/3532/3532
f 3533/3533/3533 3532/3532/3532 3527/3527/3527
f 3534/3534/3534 3532/3532/3532 3533/3533/3533
f 3532/3532/3532 3534/3534/3534 3535/3535/3535
f 3535/3535/3535 3528/3528/3528 3532/3532/3532
f 3534/3534/3534 3536/3536/3536 3535/3535/3535
f 3531/3531/3531 3528/3528/3528 3537/3537/3537
f 3528/3528/3528 3535/3535/3535 3537/3537/3537
f 3536/3536/3536 3537/3537/3537 3535/3535/3535
f 3531/3531/3531 3537/3537/3537 3538/3538/3538
f 3537/3537/3537 3536/3536/3536 3538/3538/3538
f 3539/3539/3539 3540/3540/3540 3541/3541/3541
f 3540/3540/3540 3542/3542/3542 3541/3541/3541
f 3542/3542/3542 3540/3540/3540 3543/3543/3543
f 3543/3543/3543 3544/3544/3544 3542/3542/3542
f 3544/3544/3544 3543/3543/3543 3545/3545/3545
f 3540/3540/3540 3545/3545/3545 3543/3543/3543
f 3546/3546/3546 3544/3544/3544 3545/3545/3545
f 3544/3544/3544 3546/3546/3546 3547/3547/3547
f 3546/3546/3546 3548/3548/3548 3547/3547/3547
f 3545/3545/3545 3549/3549/3549 3546/3546/3546
f 3548/3548/3548 3546/3546/3546 3549/3549/3549
f 3540/3540/3540 3549/3549/3549 3545/3545/3545
f 3550/3550/3550 3548/3548/3548 3549/3549/3549
f 3548/3548/3548 3550/3550/3550 3551/3551/3551
f 3549/3549/3549 3552/3552/3552 3550/3550/3550
f 3552/3552/3552 3551/3551/3551 3550/3550/3550
f 3540/3540/3540 3552/3552/3552 3549/3549/3549
f 3551/3551/3551 3552/3552/3552 3553/3553/3553
f 3552/3552/3552 3539/3539/3539 3553/3553/3553
f 3540/3540/3540 3539/3539/3539 3554/3554/3554
f 3539/3539/3539 3552/3552/3552 3554/3554/3554
f 3554/3554/3554 3552/3552/3552 3540/3540/3540
f 3555/3555/3555 3556/3556/3556 3557/3557/3557
f 3558/3558/3558 3557/3557/3557 3556/3556/3556
f 3556/3556/3556 3559/3559/3559 3558/3558/3558
f 3556/3556/3556 3555/3555/3555 3560/3560/3560
f 3561/3561/3561 3560/3560/3560 3555/3555/3555
f 3562/3562/3562 3560/3560/3560 3561/3561/3561
f 3560/3560/3560 3562/3562/3562 3563/3563/3563
f 3563/3563/3563 3556/3556/3556 3560/3560/3560
f 3562/3562/3562 3564/3564/3564 3563/3563/3563
f 3559/3559/3559 3556/3556/3556 3565/3565/3565
f 3556/3556/3556 3563/3563/3563 3565/3565/3565
f 3564/3564/3564 3565/3565/3565 3563/3563/3563
f 3559/3559/3559 3565/3565/3565 3566/3566/3566
f 3565/3565/3565 3564/3564/3564 3566/3566/3566
f 3567/3567/3567 3568/3568/3568 3569/3569/3569
f 3568/3568/3568 3570/3570/3570 3569/3569/3569
f 3570/3570/3570 3568/3568/3568 3571/3571/3571
f 3571/3571/3571 3572/3572/3572 3570/3570/3570
f 3572/3572/3572 3571/3571/3571 3573/3573/3573
f 3568/3568/3568 3573/3573/3573 3571/3571/3571
f 3574/3574/3574 3572/3572/3572 3573/3573/3573
f 3572/3572/3572 3574/3574/3574 3575/3575/3575
f 3574/3574/3574 3576/3576/3576 3575/3575/3575
f 3573/3573/3573 3577/3577/3577 3574/3574/3574
f 3576/3576/3576 3574/3574/3574 3577/3577/3577
f 3568/3568/3568 3577/3577/3577 3573/3573/3573
f 3578/3578/3578 3576/3576/3576 3577/3577/3577
f 3576/3576/3576 3578/3578/3578 3579/3579/3579
f 3577/3577/3577 3580/3580/3580 3578/3578/3578
f 3580/3580/3580 3579/3579/3579 3578/3578/3578
f 3568/3568/3568 3580/3580/3580 3577/3577/3577
f 3579/3579/3579 3580/3580/3580 3581/3581/3581
f 3580/3580/3580 3567/3567/3567 3581/3581/3581
f 3568/3568/3568 3567/3567/3567 3582/3582/3582
f 3567/3567/3567 3580/3580/3580 3582/3582/3582
f 3582/3582/3582 3580/3580/3580 3568/3568/3568
f 3583/3583/3583 3584/3584/3584 3585/3585/3585
f 3586/3586/3586 3585/3585/3585 3584/3584/3584
f 3584/3584/3584 3587/3587/3587 3586/3586/3586
f 3584/3584/3584 3583/3583/3583 3588/3588/3588
f 3589/3589/3589 3588/3588/3588 3583/3583/3583
f 3590/3590/3590 3588/3588/3588 3589/3589/3589
f 3588/3588/3588 3590/3590/3590 3591/3591/3591
f 3591/3591/3591 3584/3584/3584 3588/3588/3588
f 3590/3590/3590 3592/3592/3592 3591/3591/3591
f 3587/3587/3587 3584/3584/3584 3593/3593/3593
f 3584/3584/3584 3591/3591/3591 3593/3593/3593
f 3592/3592/3592 3593/3593/3593 3591/3591/3591
f 3587/3587/3587 3593/3593/3593 3594/3594/3594
f 3593/3593/3593 3592/3592/3592 3594/3594/3594
f 3595/3595/3595 3596/3596/3596 3597/3597/3597
f 3596/3596/3596 3598/3598/3598 3597/3597/3597
f 3598/3598/3598 3596/3596/3596 3599/3599/3599
f 3599/3599/3599 3600/3600/3600 3598/3598/3598
f 3600/3600/3600 3599/3599/3599 3601/3601/3601
f 3596/3596/3596 3601/3601/3601 3599/3599/3599
f 3602/3602/3602 3600/3600/3600 3601/3601/3601
f 3600/3600/3600 3602/3602/3602 3603/3603/3603
f 3602/3602/3602 3604/3604/3604 3603/3603/3603
f 3601/3601/3601 3605/3605/3605 3602/3602/3602
f 3604/3604/3604 3602/3602/3602 3605/3605/3605
f 3596/3596/3596 3605/3605/3605 3601/3601/3601
f 3606/3606/3606 3604/3604/3604 3605/3605/3605
f 3604/3604/3604 3606/3606/3606 3607/3607/3607
f 3605/3605/3605 3608/3608/3608 3606/3606/3606
f 3608/3608/3608 3607/3607/3607 3606/3606/3606
f 3596/3596/3596 3608/3608/3608 3605/3605/3605
f 3607/3607/3607 3608/3608/3608 3609/3609/3609
f 3608/3608/3608 3595/3595/3595 3609/3609/3609
f 3596/3596/3596 3595/3595/3595 3610/3610/3610
f 3595/3595/3595 3608/3608/3608 3610/3610/3610
f 3610/3610/3610 3608/3608/3608 3596/3596/3596
f 3611/3611/3611 3612/3612/3612 3613/3613/3613
f 3612/3612/3612 3614/3614/3614 3613/3613/3613
f 3612/3612/3612 3611/3611/3611 3615/3615/3615
f 3616/3616/3616 3615/3615/3615 3611/3611/3611
f 3614/3614/3614 3612/3612/3612 3617/3617/3617
f 3618/3618/3618 3614/3614/3614 3617/3617/3617
f 3614/3614/3614 3618/3618/3618 3619/3619/3619
f 3618/3618/3618 3620/3620/3620 3619/3619/3619
f 3620/3620/3620 3618/3618/3618 3621/3621/3621
f 3621/3621/3621 3622/3622/3622 3620/3620/3620
f 3617/3617/3617 3623/3623/3623 3618/3618/3618
f 3623/3623/3623 3621/3621/3621 3618/3618/3618
f 3623/3623/3623 3617/3617/3617 3624/3624/3624
f 3617/3617/3617 3625/3625/3625 3624/3624/3624
f 3612/3612/3612 3625/3625/3625 3617/3617/3617
f 3615/3615/3615 3626/3626/3626 3612/3612/3612
f 3626/3626/3626 3625/3625/3625 3612/3612/3612
f 3626/3626/3626 3615/3615/3615 3627/3627/3627
f 3615/3615/3615 3616/3616/3616 3628/3628/3628
f 3628/3628/3628 3627/3627/3627 3615/3615/3615
f 3622/3622/3622 3621/3621/3621 3629/3629/3629
f 3629/3629/3629 3630/3630/3630 3622/3622/3622
f 3630/3630/3630 3629/3629/3629 3631/3631/3631
f 3631/3631/3631 3632/3632/3632 3630/3630/3630
f 3621/3621/3621 3633/3633/3633 3629/3629/3629
f 3633/3633/3633 3631/3631/3631 3629/3629/3629
f 3632/3632/3632 3631/3631/3631 3634/3634/3634
f 3634/3634/3634 3635/3635/3635 3632/3632/3632
f 3633/3633/3633 3621/3621/3621 3636/3636/3636
f 3621/3621/3621 3623/3623/3623 3636/3636/3636
f 3636/3636/3636 3623/3623/3623 3633/3633/3633
f 3631/3631/3631 3633/3633/3633 3637/3637/3637
f 3633/3633/3633 3623/3623/3623 3637/3637/3637
f 3637/3637/3637 3634/3634/3634 3631/3631/3631
f 3637/3637/3637 3623/3623/3623 3624/3624/3624
f 3635/3635/3635 3634/3634/3634 3638/3638/3638
f 3638/3638/3638 3639/3639/3639 3635/3635/3635
f 3634/3634/3634 3637/3637/3637 3640/3640/3640
f 3624/3624/3624 3640/3640/3640 3637/3637/3637
f 3641/3641/3641 3634/3634/3634 3640/3640/3640
f 3634/3634/3634 3641/3641/3641 3638/3638/3638
f 3624/3624/3624 3641/3641/3641 3640/3640/3640
f 3639/3639/3639 3638/3638/3638 3642/3642/3642
f 3642/3642/3642 3643/3643/3643 3639/3639/3639
f 3644/3644/3644 3638/3638/3638 3641/3641/3641
f 3638/3638/3638 3644/3644/3644 3642/3642/3642
f 3624/3624/3624 3644/3644/3644 3641/3641/3641
f 3643/3643/3643 3642/3642/3642 3645/3645/3645
f 3644/3644/3644 3645/3645/3645 3642/3642/3642
f 3645/3645/3645 3646/3646/3646 3643/3643/3643
f 3644/3644/3644 3624/3624/3624 3647/3647/3647
f 3645/3645/3645 3644/3644/3644 3648/3648/3648
f 3647/3647/3647 3648/3648/3648 3644/3644/3644
f 3646/3646/3646 3645/3645/3645 3649/3649/3649
f 3648/3648/3648 3649/3649/3649 3645/3645/3645
f 3624/3624/3624 3650/3650/3650 3647/3647/3647
f 3625/3625/3625 3650/3650/3650 3624/3624/3624
f 3651/3651/3651 3646/3646/3646 3649/3649/3649
f 3646/3646/3646 3651/3651/3651 3652/3652/3652
f 3651/3651/3651 3653/3653/3653 3652/3652/3652
f 3653/3653/3653 3651/3651/3651 3654/3654/3654
f 3654/3654/3654 3655/3655/3655 3653/3653/3653
f 3649/3649/3649 3656/3656/3656 3651/3651/3651
f 3656/3656/3656 3654/3654/3654 3651/3651/3651
f 3649/3649/3649 3648/3648/3648 3657/3657/3657
f 3656/3656/3656 3649/3649/3649 3657/3657/3657
f 3648/3648/3648 3647/3647/3647 3658/3658/3658
f 3657/3657/3657 3648/3648/3648 3658/3658/3658
f 3657/3657/3657 3659/3659/3659 3656/3656/3656
f 3659/3659/3659 3657/3657/3657 3658/3658/3658
f 3654/3654/3654 3656/3656/3656 3660/3660/3660
f 3659/3659/3659 3660/3660/3660 3656/3656/3656
f 3655/3655/3655 3654/3654/3654 3661/3661/3661
f 3660/3660/3660 3661/3661/3661 3654/3654/3654
f 3647/3647/3647 3662/3662/3662 3658/3658/3658
f 3662/3662/3662 3647/3647/3647 3650/3650/3650
f 3658/3658/3658 3663/3663/3663 3659/3659/3659
f 3663/3663/3663 3658/3658/3658 3662/3662/3662
f 3664/3664/3664 3655/3655/3655 3661/3661/3661
f 3655/3655/3655 3664/3664/3664 3665/3665/3665
f 3666/3666/3666 3665/3665/3665 3664/3664/3664
f 3665/3665/3665 3666/3666/3666 3667/3667/3667
f 3666/3666/3666 3668/3668/3668 3667/3667/3667
f 3661/3661/3661 3669/3669/3669 3664/3664/3664
f 3669/3669/3669 3666/3666/3666 3664/3664/3664
f 3661/3661/3661 3660/3660/3660 3670/3670/3670
f 3669/3669/3669 3661/3661/3661 3670/3670/3670
f 3660/3660/3660 3659/3659/3659 3671/3671/3671
f 3671/3671/3671 3670/3670/3670 3660/3660/3660
f 3672/3672/3672 3659/3659/3659 3663/3663/3663
f 3659/3659/3659 3672/3672/3672 3671/3671/3671
f 3670/3670/3670 3671/3671/3671 3673/3673/3673
f 3673/3673/3673 3669/3669/3669 3670/3670/3670
f 3672/3672/3672 3673/3673/3673 3671/3671/3671
f 3662/3662/3662 3674/3674/3674 3663/3663/3663
f 3674/3674/3674 3672/3672/3672 3663/3663/3663
f 3668/3668/3668 3666/3666/3666 3675/3675/3675
f 3675/3675/3675 3676/3676/3676 3668/3668/3668
f 3666/3666/3666 3669/3669/3669 3677/3677/3677
f 3677/3677/3677 3675/3675/3675 3666/3666/3666
f 3676/3676/3676 3675/3675/3675 3678/3678/3678
f 3678/3678/3678 3679/3679/3679 3676/3676/3676
f 3669/3669/3669 3673/3673/3673 3680/3680/3680
f 3680/3680/3680 3677/3677/3677 3669/3669/3669
f 3675/3675/3675 3677/3677/3677 3681/3681/3681
f 3681/3681/3681 3678/3678/3678 3675/3675/3675
f 3679/3679/3679 3678/3678/3678 3682/3682/3682
f 3682/3682/3682 3683/3683/3683 3679/3679/3679
f 3677/3677/3677 3680/3680/3680 3684/3684/3684
f 3684/3684/3684 3681/3681/3681 3677/3677/3677
f 3673/3673/3673 3685/3685/3685 3680/3680/3680
f 3685/3685/3685 3684/3684/3684 3680/3680/3680
f 3678/3678/3678 3681/3681/3681 3686/3686/3686
f 3686/3686/3686 3682/3682/3682 3678/3678/3678
f 3681/3681/3681 3684/3684/3684 3687/3687/3687
f 3687/3687/3687 3686/3686/3686 3681/3681/3681
f 3683/3683/3683 3682/3682/3682 3688/3688/3688
f 3688/3688/3688 3689/3689/3689 3683/3683/3683
f 3689/3689/3689 3688/3688/3688 3690/3690/3690
f 3690/3690/3690 3691/3691/3691 3689/3689/3689
f 3682/3682/3682 3692/3692/3692 3688/3688/3688
f 3692/3692/3692 3690/3690/3690 3688/3688/3688
f 3682/3682/3682 3686/3686/3686 3693/3693/3693
f 3692/3692/3692 3682/3682/3682 3693/3693/3693
f 3694/3694/3694 3692/3692/3692 3693/3693/3693
f 3693/3693/3693 3695/3695/3695 3694/3694/3694
f 3695/3695/3695 3693/3693/3693 3686/3686/3686
f 3686/3686/3686 3687/3687/3687 3695/3695/3695
f 3696/3696/3696 3687/3687/3687 3684/3684/3684
f 3684/3684/3684 3685/3685/3685 3696/3696/3696
f 3691/3691/3691 3690/3690/3690 3697/3697/3697
f 3697/3697/3697 3698/3698/3698 3691/3691/3691
f 3690/3690/3690 3692/3692/3692 3699/3699/3699
f 3694/3694/3694 3699/3699/3699 3692/3692/3692
f 3699/3699/3699 3697/3697/3697 3690/3690/3690
f 3700/3700/3700 3695/3695/3695 3687/3687/3687
f 3687/3687/3687 3696/3696/3696 3700/3700/3700
f 3698/3698/3698 3697/3697/3697 3701/3701/3701
f 3701/3701/3701 3702/3702/3702 3698/3698/3698
f 3697/3697/3697 3699/3699/3699 3703/3703/3703
f 3694/3694/3694 3703/3703/3703 3699/3699/3699
f 3703/3703/3703 3701/3701/3701 3697/3697/3697
f 3695/3695/3695 3700/3700/3700 3704/3704/3704
f 3704/3704/3704 3694/3694/3694 3695/3695/3695
f 3701/3701/3701 3703/3703/3703 3705/3705/3705
f 3694/3694/3694 3705/3705/3705 3703/3703/3703
f 3701/3701/3701 3705/3705/3705 3706/3706/3706
f 3694/3694/3694 3706/3706/3706 3705/3705/3705
f 3702/3702/3702 3701/3701/3701 3707/3707/3707
f 3707/3707/3707 3701/3701/3701 3706/3706/3706
f 3706/3706/3706 3694/3694/3694 3708/3708/3708
f 3694/3694/3694 3704/3704/3704 3708/3708/3708
f 3709/3709/3709 3702/3702/3702 3707/3707/3707
f 3702/3702/3702 3709/3709/3709 3710/3710/3710
f 3709/3709/3709 3711/3711/3711 3710/3710/3710
f 3711/3711/3711 3709/3709/3709 3712/3712/3712
f 3712/3712/3712 3713/3713/3713 3711/3711/3711
f 3708/3708/3708 3714/3714/3714 3706/3706/3706
f 3714/3714/3714 3707/3707/3707 3706/3706/3706
f 3707/3707/3707 3715/3715/3715 3709/3709/3709
f 3715/3715/3715 3712/3712/3712 3709/3709/3709
f 3713/3713/3713 3712/3712/3712 3716/3716/3716
f 3716/3716/3716 3717/3717/3717 3713/3713/3713
f 3707/3707/3707 3714/3714/3714 3718/3718/3718
f 3715/3715/3715 3707/3707/3707 3718/3718/3718
f 3719/3719/3719 3718/3718/3718 3714/3714/3714
f 3714/3714/3714 3708/3708/3708 3720/3720/3720
f 3720/3720/3720 3719/3719/3719 3714/3714/3714
f 3712/3712/3712 3715/3715/3715 3721/3721/3721
f 3721/3721/3721 3716/3716/3716 3712/3712/3712
f 3722/3722/3722 3721/3721/3721 3715/3715/3715
f 3723/3723/3723 3715/3715/3715 3718/3718/3718
f 3718/3718/3718 3719/3719/3719 3723/3723/3723
f 3715/3715/3715 3723/3723/3723 3722/3722/3722
f 3717/3717/3717 3716/3716/3716 3724/3724/3724
f 3724/3724/3724 3725/3725/3725 3717/3717/3717
f 3716/3716/3716 3721/3721/3721 3726/3726/3726
f 3726/3726/3726 3724/3724/3724 3716/3716/3716
f 3725/3725/3725 3724/3724/3724 3727/3727/3727
f 3727/3727/3727 3728/3728/3728 3725/3725/3725
f 3721/3721/3721 3722/3722/3722 3729/3729/3729
f 3729/3729/3729 3726/3726/3726 3721/3721/3721
f 3724/3724/3724 3726/3726/3726 3730/3730/3730
f 3730/3730/3730 3727/3727/3727 3724/3724/3724
f 3726/3726/3726 3729/3729/3729 3731/3731/3731
f 3722/3722/3722 3731/3731/3731 3729/3729/3729
f 3731/3731/3731 3730/3730/3730 3726/3726/3726
f 3728/3728/3728 3727/3727/3727 3732/3732/3732
f 3732/3732/3732 3733/3733/3733 3728/3728/3728
f 3733/3733/3733 3732/3732/3732 3734/3734/3734
f 3734/3734/3734 3735/3735/3735 3733/3733/3733
f 3727/3727/3727 3736/3736/3736 3732/3732/3732
f 3736/3736/3736 3734/3734/3734 3732/3732/3732
f 3727/3727/3727 3730/3730/3730 3737/3737/3737
f 3736/3736/3736 3727/3727/3727 3737/3737/3737
f 3730/3730/3730 3731/3731/3731 3738/3738/3738
f 3738/3738/3738 3737/3737/3737 3730/3730/3730
f 3731/3731/3731 3739/3739/3739 3738/3738/3738
f 3737/3737/3737 3738/3738/3738 3739/3739/3739
f 3722/3722/3722 3739/3739/3739 3731/3731/3731
f 3735/3735/3735 3734/3734/3734 3740/3740/3740
f 3740/3740/3740 3741/3741/3741 3735/3735/3735
f 3737/3737/3737 3742/3742/3742 3736/3736/3736
f 3742/3742/3742 3737/3737/3737 3739/3739/3739
f 3734/3734/3734 3736/3736/3736 3743/3743/3743
f 3742/3742/3742 3743/3743/3743 3736/3736/3736
f 3743/3743/3743 3740/3740/3740 3734/3734/3734
f 3739/3739/3739 3744/3744/3744 3742/3742/3742
f 3722/3722/3722 3744/3744/3744 3739/3739/3739
f 3743/3743/3743 3742/3742/3742 3744/3744/3744
f 3740/3740/3740 3743/3743/3743 3745/3745/3745
f 3744/3744/3744 3745/3745/3745 3743/3743/3743
f 3746/3746/3746 3744/3744/3744 3722/3722/3722
f 3745/3745/3745 3744/3744/3744 3746/3746/3746
f 3723/3723/3723 3746/3746/3746 3722/3722/3722
f 3741/3741/3741 3740/3740/3740 3747/3747/3747
f 3745/3745/3745 3747/3747/3747 3740/3740/3740
f 3746/3746/3746 3723/3723/3723 3748/3748/3748
f 3719/3719/3719 3748/3748/3748 3723/3723/3723
f 3746/3746/3746 3749/3749/3749 3745/3745/3745
f 3747/3747/3747 3745/3745/3745 3749/3749/3749
f 3749/3749/3749 3746/3746/3746 3748/3748/3748
f 3750/3750/3750 3741/3741/3741 3747/3747/3747
f 3741/3741/3741 3750/3750/3750 3751/3751/3751
f 3750/3750/3750 3752/3752/3752 3751/3751/3751
f 3753/3753/3753 3747/3747/3747 3749/3749/3749
f 3748/3748/3748 3753/3753/3753 3749/3749/3749
f 3747/3747/3747 3753/3753/3753 3750/3750/3750
f 3752/3752/3752 3750/3750/3750 3754/3754/3754
f 3754/3754/3754 3755/3755/3755 3752/3752/3752
f 3750/3750/3750 3756/3756/3756 3754/3754/3754
f 3756/3756/3756 3750/3750/3750 3753/3753/3753
f 3755/3755/3755 3754/3754/3754 3757/3757/3757
f 3756/3756/3756 3757/3757/3757 3754/3754/3754
f 3757/3757/3757 3758/3758/3758 3755/3755/3755
f 3753/3753/3753 3748/3748/3748 3759/3759/3759
f 3759/3759/3759 3748/3748/3748 3719/3719/3719
f 3760/3760/3760 3753/3753/3753 3759/3759/3759
f 3753/3753/3753 3760/3760/3760 3756/3756/3756
f 3719/3719/3719 3760/3760/3760 3759/3759/3759
f 3758/3758/3758 3757/3757/3757 3761/3761/3761
f 3761/3761/3761 3762/3762/3762 3758/3758/3758
f 3757/3757/3757 3756/3756/3756 3763/3763/3763
f 3760/3760/3760 3763/3763/3763 3756/3756/3756
f 3763/3763/3763 3761/3761/3761 3757/3757/3757
f 3760/3760/3760 3719/3719/3719 3764/3764/3764
f 3719/3719/3719 3720/3720/3720 3764/3764/3764
f 3762/3762/3762 3761/3761/3761 3765/3765/3765
f 3765/3765/3765 3766/3766/3766 3762/3762/3762
f 3763/3763/3763 3760/3760/3760 3767/3767/3767
f 3764/3764/3764 3767/3767/3767 3760/3760/3760
f 3761/3761/3761 3763/3763/3763 3768/3768/3768
f 3768/3768/3768 3765/3765/3765 3761/3761/3761
f 3767/3767/3767 3768/3768/3768 3763/3763/3763
f 3720/3720/3720 3769/3769/3769 3764/3764/3764
f 3767/3767/3767 3764/3764/3764 3769/3769/3769
f 3766/3766/3766 3765/3765/3765 3770/3770/3770
f 3770/3770/3770 3771/3771/3771 3766/3766/3766
f 3768/3768/3768 3767/3767/3767 3772/3772/3772
f 3769/3769/3769 3772/3772/3772 3767/3767/3767
f 3765/3765/3765 3768/3768/3768 3773/3773/3773
f 3773/3773/3773 3770/3770/3770 3765/3765/3765
f 3772/3772/3772 3773/3773/3773 3768/3768/3768
f 3769/3769/3769 3720/3720/3720 3774/3774/3774
f 3708/3708/3708 3774/3774/3774 3720/3720/3720
f 3774/3774/3774 3708/3708/3708 3704/3704/3704
f 3771/3771/3771 3770/3770/3770 3775/3775/3775
f 3775/3775/3775 3776/3776/3776 3771/3771/3771
f 3772/3772/3772 3769/3769/3769 3777/3777/3777
f 3774/3774/3774 3777/3777/3777 3769/3769/3769
f 3704/3704/3704 3778/3778/3778 3774/3774/3774
f 3777/3777/3777 3774/3774/3774 3778/3778/3778
f 3778/3778/3778 3704/3704/3704 3700/3700/3700
f 3773/3773/3773 3772/3772/3772 3779/3779/3779
f 3777/3777/3777 3779/3779/3779 3772/3772/3772
f 3770/3770/3770 3773/3773/3773 3780/3780/3780
f 3780/3780/3780 3775/3775/3775 3770/3770/3770
f 3779/3779/3779 3780/3780/3780 3773/3773/3773
f 3776/3776/3776 3775/3775/3775 3781/3781/3781
f 3781/3781/3781 3616/3616/3616 3776/3776/3776
f 3616/3616/3616 3781/3781/3781 3628/3628/3628
f 3778/3778/3778 3782/3782/3782 3777/3777/3777
f 3779/3779/3779 3777/3777/3777 3782/3782/3782
f 3700/3700/3700 3783/3783/3783 3778/3778/3778
f 3782/3782/3782 3778/3778/3778 3783/3783/3783
f 3783/3783/3783 3700/3700/3700 3696/3696/3696
f 3780/3780/3780 3779/3779/3779 3784/3784/3784
f 3782/3782/3782 3784/3784/3784 3779/3779/3779
f 3775/3775/3775 3780/3780/3780 3785/3785/3785
f 3785/3785/3785 3781/3781/3781 3775/3775/3775
f 3784/3784/3784 3785/3785/3785 3780/3780/3780
f 3786/3786/3786 3628/3628/3628 3781/3781/3781
f 3781/3781/3781 3785/3785/3785 3786/3786/3786
f 3783/3783/3783 3787/3787/3787 3782/3782/3782
f 3784/3784/3784 3782/3782/3782 3787/3787/3787
f 3696/3696/3696 3788/3788/3788 3783/3783/3783
f 3787/3787/3787 3783/3783/3783 3788/3788/3788
f 3788/3788/3788 3696/3696/3696 3685/3685/3685
f 3785/3785/3785 3784/3784/3784 3789/3789/3789
f 3787/3787/3787 3789/3789/3789 3784/3784/3784
f 3789/3789/3789 3786/3786/3786 3785/3785/3785
f 3628/3628/3628 3786/3786/3786 3790/3790/3790
f 3627/3627/3627 3628/3628/3628 3790/3790/3790
f 3788/3788/3788 3791/3791/3791 3787/3787/3787
f 3789/3789/3789 3787/3787/3787 3791/3791/3791
f 3786/3786/3786 3789/3789/3789 3792/3792/3792
f 3792/3792/3792 3790/3790/3790 3786/3786/3786
f 3791/3791/3791 3792/3792/3792 3789/3789/3789
f 3685/3685/3685 3793/3793/3793 3788/3788/3788
f 3791/3791/3791 3788/3788/3788 3793/3793/3793
f 3794/3794/3794 3627/3627/3627 3790/3790/3790
f 3790/3790/3790 3792/3792/3792 3794/3794/3794
f 3792/3792/3792 3791/3791/3791 3795/3795/3795
f 3793/3793/3793 3795/3795/3795 3791/3791/3791
f 3795/3795/3795 3794/3794/3794 3792/3792/3792
f 3793/3793/3793 3685/3685/3685 3796/3796/3796
f 3685/3685/3685 3673/3673/3673 3796/3796/3796
f 3673/3673/3673 3672/3672/3672 3796/3796/3796
f 3796/3796/3796 3797/3797/3797 3793/3793/3793
f 3797/3797/3797 3796/3796/3796 3672/3672/3672
f 3795/3795/3795 3793/3793/3793 3797/3797/3797
f 3672/3672/3672 3674/3674/3674 3797/3797/3797
f 3797/3797/3797 3798/3798/3798 3795/3795/3795
f 3798/3798/3798 3797/3797/3797 3674/3674/3674
f 3794/3794/3794 3795/3795/3795 3798/3798/3798
f 3627/3627/3627 3794/3794/3794 3799/3799/3799
f 3800/3800/3800 3627/3627/3627 3799/3799/3799
f 3794/3794/3794 3801/3801/3801 3799/3799/3799
f 3801/3801/3801 3794/3794/3794 3798/3798/3798
f 3801/3801/3801 3800/3800/3800 3799/3799/3799
f 3802/3802/3802 3798/3798/3798 3674/3674/3674
f 3798/3798/3798 3802/3802/3802 3801/3801/3801
f 3802/3802/3802 3800/3800/3800 3801/3801/3801
f 3674/3674/3674 3662/3662/3662 3802/3802/3802
f 3650/3650/3650 3802/3802/3802 3662/3662/3662
f 3800/3800/3800 3802/3802/3802 3803/3803/3803
f 3802/3802/3802 3650/3650/3650 3803/3803/3803
f 3803/3803/3803 3625/3625/3625 3800/3800/3800
f 3650/3650/3650 3625/3625/3625 3803/3803/3803
f 3804/3804/3804 3805/3805/3805 3806/3806/3806
f 3807/3807/3807 3804/3804/3804 3806/3806/3806
f 3805/3805/3805 3804/3804/3804 3808/3808/3808
f 3808/3808/3808 3809/3809/3809 3805/3805/3805
f 3804/3804/3804 3807/3807/3807 3810/3810/3810
f 3811/3811/3811 3810/3810/3810 3807/3807/3807
f 3809/3809/3809 3808/3808/3808 3812/3812/3812
f 3812/3812/3812 3813/3813/3813 3809/3809/3809
f 3810/3810/3810 3811/3811/3811 3814/3814/3814
f 3815/3815/3815 3814/3814/3814 3811/3811/3811
f 3814/3814/3814 3815/3815/3815 3816/3816/3816
f 3817/3817/3817 3816/3816/3816 3815/3815/3815
f 3816/3816/3816 3817/3817/3817 3818/3818/3818
f 3819/3819/3819 3818/3818/3818 3817/3817/3817
f 3818/3818/3818 3819/3819/3819 3820/3820/3820
f 3821/3821/3821 3820/3820/3820 3819/3819/3819
f 3820/3820/3820 3821/3821/3821 3822/3822/3822
f 3823/3823/3823 3822/3822/3822 3821/3821/3821
f 3822/3822/3822 3823/3823/3823 3824/3824/3824
f 3825/3825/3825 3824/3824/3824 3823/3823/3823
f 3826/3826/3826 3820/3820/3820 3822/3822/3822
f 3824/3824/3824 3826/3826/3826 3822/3822/3822
f 3827/3827/3827 3818/3818/3818 3820/3820/3820
f 3820/3820/3820 3826/3826/3826 3827/3827/3827
f 3828/3828/3828 3816/3816/3816 3818/3818/3818
f 3818/3818/3818 3827/3827/3827 3828/3828/3828
f 3829/3829/3829 3814/3814/3814 3816/3816/3816
f 3816/3816/3816 3828/3828/3828 3829/3829/3829
f 3824/3824/3824 3825/3825/3825 3830/3830/3830
f 3831/3831/3831 3830/3830/3830 3825/3825/3825
f 3826/3826/3826 3824/3824/3824 3832/3832/3832
f 3830/3830/3830 3832/3832/3832 3824/3824/3824
f 3830/3830/3830 3831/3831/3831 3833/3833/3833
f 3834/3834/3834 3833/3833/3833 3831/3831/3831
f 3814/3814/3814 3829/3829/3829 3835/3835/3835
f 3835/3835/3835 3810/3810/3810 3814/3814/3814
f 3832/3832/3832 3830/3830/3830 3836/3836/3836
f 3833/3833/3833 3836/3836/3836 3830/3830/3830
f 3833/3833/3833 3834/3834/3834 3837/3837/3837
f 3838/3838/3838 3837/3837/3837 3834/3834/3834
f 3810/3810/3810 3835/3835/3835 3839/3839/3839
f 3839/3839/3839 3804/3804/3804 3810/3810/3810
f 3836/3836/3836 3833/3833/3833 3840/3840/3840
f 3837/3837/3837 3840/3840/3840 3833/3833/3833
f 3837/3837/3837 3838/3838/3838 3841/3841/3841
f 3842/3842/3842 3841/3841/3841 3838/3838/3838
f 3804/3804/3804 3839/3839/3839 3843/3843/3843
f 3843/3843/3843 3808/3808/3808 3804/3804/3804
f 3840/3840/3840 3837/3837/3837 3844/3844/3844
f 3841/3841/3841 3844/3844/3844 3837/3837/3837
f 3808/3808/3808 3843/3843/3843 3845/3845/3845
f 3845/3845/3845 3812/3812/3812 3808/3808/3808
f 3846/3846/3846 3839/3839/3839 3835/3835/3835
f 3847/3847/3847 3843/3843/3843 3839/3839/3839
f 3839/3839/3839 3846/3846/3846 3847/3847/3847
f 3848/3848/3848 3845/3845/3845 3843/3843/3843
f 3843/3843/3843 3847/3847/3847 3848/3848/3848
f 3847/3847/3847 3849/3849/3849 3848/3848/3848
f 3845/3845/3845 3848/3848/3848 3850/3850/3850
f 3849/3849/3849 3850/3850/3850 3848/3848/3848
f 3812/3812/3812 3845/3845/3845 3851/3851/3851
f 3850/3850/3850 3851/3851/3851 3845/3845/3845
f 3835/3835/3835 3852/3852/3852 3846/3846/3846
f 3853/3853/3853 3846/3846/3846 3852/3852/3852
f 3852/3852/3852 3835/3835/3835 3829/3829/3829
f 3846/3846/3846 3854/3854/3854 3847/3847/3847
f 3849/3849/3849 3847/3847/3847 3854/3854/3854
f 3849/3849/3849 3854/3854/3854 3855/3855/3855
f 3855/3855/3855 3854/3854/3854 3856/3856/3856
f 3854/3854/3854 3846/3846/3846 3857/3857/3857
f 3846/3846/3846 3853/3853/3853 3857/3857/3857
f 3856/3856/3856 3854/3854/3854 3857/3857/3857
f 3829/3829/3829 3858/3858/3858 3852/3852/3852
f 3858/3858/3858 3829/3829/3829 3828/3828/3828
f 3852/3852/3852 3859/3859/3859 3853/3853/3853
f 3859/3859/3859 3852/3852/3852 3858/3858/3858
f 3828/3828/3828 3860/3860/3860 3858/3858/3858
f 3860/3860/3860 3828/3828/3828 3827/3827/3827
f 3858/3858/3858 3861/3861/3861 3859/3859/3859
f 3861/3861/3861 3858/3858/3858 3860/3860/3860
f 3853/3853/3853 3859/3859/3859 3861/3861/3861
f 3827/3827/3827 3862/3862/3862 3860/3860/3860
f 3862/3862/3862 3861/3861/3861 3860/3860/3860
f 3862/3862/3862 3827/3827/3827 3826/3826/3826
f 3861/3861/3861 3862/3862/3862 3863/3863/3863
f 3853/3853/3853 3861/3861/3861 3863/3863/3863
f 3826/3826/3826 3864/3864/3864 3862/3862/3862
f 3864/3864/3864 3863/3863/3863 3862/3862/3862
f 3864/3864/3864 3826/3826/3826 3832/3832/3832
f 3857/3857/3857 3853/3853/3853 3865/3865/3865
f 3857/3857/3857 3865/3865/3865 3856/3856/3856
f 3853/3853/3853 3863/3863/3863 3866/3866/3866
f 3863/3863/3863 3864/3864/3864 3866/3866/3866
f 3865/3865/3865 3853/3853/3853 3866/3866/3866
f 3864/3864/3864 3865/3865/3865 3866/3866/3866
f 3832/3832/3832 3867/3867/3867 3864/3864/3864
f 3865/3865/3865 3864/3864/3864 3867/3867/3867
f 3867/3867/3867 3856/3856/3856 3865/3865/3865
f 3867/3867/3867 3832/3832/3832 3836/3836/3836
f 3836/3836/3836 3868/3868/3868 3867/3867/3867
f 3856/3856/3856 3867/3867/3867 3868/3868/3868
f 3868/3868/3868 3836/3836/3836 3840/3840/3840
f 3840/3840/3840 3869/3869/3869 3868/3868/3868
f 3869/3869/3869 3856/3856/3856 3868/3868/3868
f 3869/3869/3869 3840/3840/3840 3844/3844/3844
f 3856/3856/3856 3869/3869/3869 3870/3870/3870
f 3855/3855/3855 3856/3856/3856 3870/3870/3870
f 3869/3869/3869 3871/3871/3871 3870/3870/3870
f 3855/3855/3855 3870/3870/3870 3871/3871/3871
f 3871/3871/3871 3869/3869/3869 3872/3872/3872
f 3844/3844/3844 3872/3872/3872 3869/3869/3869
f 3872/3872/3872 3855/3855/3855 3871/3871/3871
f 3872/3872/3872 3844/3844/3844 3873/3873/3873
f 3844/3844/3844 3841/3841/3841 3873/3873/3873
f 3873/3873/3873 3874/3874/3874 3872/3872/3872
f 3855/3855/3855 3872/3872/3872 3874/3874/3874
f 3841/3841/3841 3875/3875/3875 3873/3873/3873
f 3874/3874/3874 3873/3873/3873 3875/3875/3875
f 3875/3875/3875 3841/3841/3841 3876/3876/3876
f 3841/3841/3841 3842/3842/3842 3876/3876/3876
f 3842/3842/3842 3877/3877/3877 3876/3876/3876
f 3877/3877/3877 3842/3842/3842 3878/3878/3878
f 3879/3879/3879 3877/3877/3877 3878/3878/3878
f 3876/3876/3876 3880/3880/3880 3875/3875/3875
f 3880/3880/3880 3876/3876/3876 3877/3877/3877
f 3875/3875/3875 3881/3881/3881 3874/3874/3874
f 3881/3881/3881 3875/3875/3875 3880/3880/3880
f 3874/3874/3874 3882/3882/3882 3855/3855/3855
f 3882/3882/3882 3874/3874/3874 3881/3881/3881
f 3883/3883/3883 3855/3855/3855 3882/3882/3882
f 3881/3881/3881 3883/3883/3883 3882/3882/3882
f 3849/3849/3849 3855/3855/3855 3883/3883/3883
f 3877/3877/3877 3879/3879/3879 3884/3884/3884
f 3885/3885/3885 3884/3884/3884 3879/3879/3879
f 3884/3884/3884 3885/3885/3885 3886/3886/3886
f 3887/3887/3887 3886/3886/3886 3885/3885/3885
f 3886/3886/3886 3887/3887/3887 3888/3888/3888
f 3889/3889/3889 3888/3888/3888 3887/3887/3887
f 3877/3877/3877 3890/3890/3890 3880/3880/3880
f 3890/3890/3890 3877/3877/3877 3884/3884/3884
f 3880/3880/3880 3891/3891/3891 3881/3881/3881
f 3883/3883/3883 3881/3881/3881 3891/3891/3891
f 3891/3891/3891 3880/3880/3880 3890/3890/3890
f 3892/3892/3892 3849/3849/3849 3883/3883/3883
f 3891/3891/3891 3892/3892/3892 3883/3883/3883
f 3893/3893/3893 3890/3890/3890 3884/3884/3884
f 3893/3893/3893 3884/3884/3884 3886/3886/3886
f 3890/3890/3890 3894/3894/3894 3891/3891/3891
f 3892/3892/3892 3891/3891/3891 3894/3894/3894
f 3894/3894/3894 3890/3890/3890 3893/3893/3893
f 3849/3849/3849 3892/3892/3892 3895/3895/3895
f 3850/3850/3850 3849/3849/3849 3895/3895/3895
f 3894/3894/3894 3896/3896/3896 3892/3892/3892
f 3895/3895/3895 3892/3892/3892 3896/3896/3896
f 3893/3893/3893 3897/3897/3897 3894/3894/3894
f 3896/3896/3896 3894/3894/3894 3897/3897/3897
f 3893/3893/3893 3886/3886/3886 3898/3898/3898
f 3897/3897/3897 3893/3893/3893 3898/3898/3898
f 3897/3897/3897 3899/3899/3899 3896/3896/3896
f 3895/3895/3895 3896/3896/3896 3899/3899/3899
f 3895/3895/3895 3900/3900/3900 3850/3850/3850
f 3851/3851/3851 3850/3850/3850 3900/3900/3900
f 3901/3901/3901 3895/3895/3895 3899/3899/3899
f 3900/3900/3900 3895/3895/3895 3901/3901/3901
f 3901/3901/3901 3902/3902/3902 3900/3900/3900
f 3898/3898/3898 3903/3903/3903 3897/3897/3897
f 3899/3899/3899 3897/3897/3897 3903/3903/3903
f 3900/3900/3900 3904/3904/3904 3851/3851/3851
f 3904/3904/3904 3900/3900/3900 3902/3902/3902
f 3903/3903/3903 3898/3898/3898 3905/3905/3905
f 3886/3886/3886 3905/3905/3905 3898/3898/3898
f 3906/3906/3906 3899/3899/3899 3903/3903/3903
f 3905/3905/3905 3906/3906/3906 3903/3903/3903
f 3901/3901/3901 3899/3899/3899 3907/3907/3907
f 3899/3899/3899 3906/3906/3906 3907/3907/3907
f 3906/3906/3906 3905/3905/3905 3908/3908/3908
f 3886/3886/3886 3908/3908/3908 3905/3905/3905
f 3909/3909/3909 3907/3907/3907 3906/3906/3906
f 3908/3908/3908 3909/3909/3909 3906/3906/3906
f 3886/3886/3886 3910/3910/3910 3908/3908/3908
f 3909/3909/3909 3908/3908/3908 3910/3910/3910
f 3907/3907/3907 3909/3909/3909 3911/3911/3911
f 3901/3901/3901 3907/3907/3907 3911/3911/3911
f 3886/3886/3886 3912/3912/3912 3910/3910/3910
f 3888/3888/3888 3912/3912/3912 3886/3886/3886
f 3910/3910/3910 3913/3913/3913 3909/3909/3909
f 3913/3913/3913 3911/3911/3911 3909/3909/3909
f 3913/3913/3913 3910/3910/3910 3912/3912/3912
f 3901/3901/3901 3911/3911/3911 3914/3914/3914
f 3911/3911/3911 3913/3913/3913 3914/3914/3914
f 3913/3913/3913 3915/3915/3915 3914/3914/3914
f 3901/3901/3901 3914/3914/3914 3915/3915/3915
f 3912/3912/3912 3916/3916/3916 3913/3913/3913
f 3915/3915/3915 3913/3913/3913 3916/3916/3916
f 3912/3912/3912 3888/3888/3888 3917/3917/3917
f 3916/3916/3916 3912/3912/3912 3917/3917/3917
f 3918/3918/3918 3901/3901/3901 3915/3915/3915
f 3916/3916/3916 3918/3918/3918 3915/3915/3915
f 3919/3919/3919 3917/3917/3917 3888/3888/3888
f 3888/3888/3888 3889/3889/3889 3919/3919/3919
f 3920/3920/3920 3919/3919/3919 3889/3889/3889
f 3917/3917/3917 3921/3921/3921 3916/3916/3916
f 3918/3918/3918 3916/3916/3916 3921/3921/3921
f 3919/3919/3919 3920/3920/3920 3922/3922/3922
f 3923/3923/3923 3922/3922/3922 3920/3920/3920
f 3917/3917/3917 3919/3919/3919 3924/3924/3924
f 3921/3921/3921 3917/3917/3917 3924/3924/3924
f 3922/3922/3922 3924/3924/3924 3919/3919/3919
f 3922/3922/3922 3923/3923/3923 3925/3925/3925
f 3926/3926/3926 3925/3925/3925 3923/3923/3923
f 3924/3924/3924 3922/3922/3922 3927/3927/3927
f 3925/3925/3925 3927/3927/3927 3922/3922/3922
f 3924/3924/3924 3928/3928/3928 3921/3921/3921
f 3928/3928/3928 3924/3924/3924 3927/3927/3927
f 3925/3925/3925 3926/3926/3926 3929/3929/3929
f 3930/3930/3930 3929/3929/3929 3926/3926/3926
f 3927/3927/3927 3925/3925/3925 3931/3931/3931
f 3929/3929/3929 3931/3931/3931 3925/3925/3925
f 3929/3929/3929 3930/3930/3930 3932/3932/3932
f 3933/3933/3933 3932/3932/3932 3930/3930/3930
f 3934/3934/3934 3921/3921/3921 3928/3928/3928
f 3921/3921/3921 3934/3934/3934 3918/3918/3918
f 3927/3927/3927 3935/3935/3935 3928/3928/3928
f 3935/3935/3935 3927/3927/3927 3931/3931/3931
f 3931/3931/3931 3929/3929/3929 3936/3936/3936
f 3932/3932/3932 3936/3936/3936 3929/3929/3929
f 3932/3932/3932 3933/3933/3933 3937/3937/3937
f 3938/3938/3938 3937/3937/3937 3933/3933/3933
f 3928/3928/3928 3939/3939/3939 3934/3934/3934
f 3939/3939/3939 3928/3928/3928 3935/3935/3935
f 3931/3931/3931 3940/3940/3940 3935/3935/3935
f 3940/3940/3940 3931/3931/3931 3936/3936/3936
f 3935/3935/3935 3941/3941/3941 3939/3939/3939
f 3941/3941/3941 3935/3935/3935 3940/3940/3940
f 3942/3942/3942 3934/3934/3934 3939/3939/3939
f 3941/3941/3941 3942/3942/3942 3939/3939/3939
f 3942/3942/3942 3941/3941/3941 3943/3943/3943
f 3943/3943/3943 3941/3941/3941 3944/3944/3944
f 3940/3940/3940 3944/3944/3944 3941/3941/3941
f 3936/3936/3936 3945/3945/3945 3940/3940/3940
f 3944/3944/3944 3940/3940/3940 3945/3945/3945
f 3936/3936/3936 3932/3932/3932 3946/3946/3946
f 3945/3945/3945 3936/3936/3936 3946/3946/3946
f 3945/3945/3945 3947/3947/3947 3944/3944/3944
f 3943/3943/3943 3944/3944/3944 3947/3947/3947
f 3932/3932/3932 3948/3948/3948 3946/3946/3946
f 3948/3948/3948 3932/3932/3932 3937/3937/3937
f 3946/3946/3946 3949/3949/3949 3945/3945/3945
f 3947/3947/3947 3945/3945/3945 3949/3949/3949
f 3949/3949/3949 3946/3946/3946 3948/3948/3948
f 3949/3949/3949 3950/3950/3950 3947/3947/3947
f 3943/3943/3943 3947/3947/3947 3950/3950/3950
f 3948/3948/3948 3951/3951/3951 3949/3949/3949
f 3950/3950/3950 3949/3949/3949 3951/3951/3951
f 3937/3937/3937 3952/3952/3952 3948/3948/3948
f 3951/3951/3951 3948/3948/3948 3952/3952/3952
f 3953/3953/3953 3950/3950/3950 3951/3951/3951
f 3952/3952/3952 3953/3953/3953 3951/3951/3951
f 3952/3952/3952 3937/3937/3937 3954/3954/3954
f 3937/3937/3937 3938/3938/3938 3954/3954/3954
f 3955/3955/3955 3954/3954/3954 3938/3938/3938
f 3954/3954/3954 3955/3955/3955 3956/3956/3956
f 3957/3957/3957 3956/3956/3956 3955/3955/3955
f 3954/3954/3954 3958/3958/3958 3952/3952/3952
f 3953/3953/3953 3952/3952/3952 3958/3958/3958
f 3958/3958/3958 3954/3954/3954 3956/3956/3956
f 3950/3950/3950 3953/3953/3953 3959/3959/3959
f 3959/3959/3959 3943/3943/3943 3950/3950/3950
f 3958/3958/3958 3960/3960/3960 3953/3953/3953
f 3960/3960/3960 3959/3959/3959 3953/3953/3953
f 3956/3956/3956 3957/3957/3957 3961/3961/3961
f 3962/3962/3962 3961/3961/3961 3957/3957/3957
f 3961/3961/3961 3962/3962/3962 3963/3963/3963
f 3964/3964/3964 3963/3963/3963 3962/3962/3962
f 3956/3956/3956 3965/3965/3965 3958/3958/3958
f 3960/3960/3960 3958/3958/3958 3965/3965/3965
f 3966/3966/3966 3965/3965/3965 3956/3956/3956
f 3967/3967/3967 3956/3956/3956 3961/3961/3961
f 3963/3963/3963 3967/3967/3967 3961/3961/3961
f 3967/3967/3967 3966/3966/3966 3956/3956/3956
f 3963/3963/3963 3964/3964/3964 3968/3968/3968
f 3969/3969/3969 3968/3968/3968 3964/3964/3964
f 3968/3968/3968 3969/3969/3969 3970/3970/3970
f 3971/3971/3971 3970/3970/3970 3969/3969/3969
f 3972/3972/3972 3968/3968/3968 3970/3970/3970
f 3970/3970/3970 3971/3971/3971 3972/3972/3972
f 3963/3963/3963 3968/3968/3968 3972/3972/3972
f 3973/3973/3973 3972/3972/3972 3971/3971/3971
f 3972/3972/3972 3973/3973/3973 3974/3974/3974
f 3975/3975/3975 3974/3974/3974 3973/3973/3973
f 3976/3976/3976 3972/3972/3972 3974/3974/3974
f 3974/3974/3974 3975/3975/3975 3976/3976/3976
f 3963/3963/3963 3972/3972/3972 3976/3976/3976
f 3977/3977/3977 3976/3976/3976 3975/3975/3975
f 3976/3976/3976 3977/3977/3977 3978/3978/3978
f 3963/3963/3963 3976/3976/3976 3978/3978/3978
f 3979/3979/3979 3978/3978/3978 3977/3977/3977
f 3963/3963/3963 3978/3978/3978 3980/3980/3980
f 3978/3978/3978 3979/3979/3979 3980/3980/3980
f 3981/3981/3981 3980/3980/3980 3979/3979/3979
f 3967/3967/3967 3963/3963/3963 3980/3980/3980
f 3980/3980/3980 3981/3981/3981 3967/3967/3967
f 3982/3982/3982 3967/3967/3967 3981/3981/3981
f 3967/3967/3967 3982/3982/3982 3966/3966/3966
f 3983/3983/3983 3966/3966/3966 3982/3982/3982
f 3966/3966/3966 3983/3983/3983 3984/3984/3984
f 3985/3985/3985 3984/3984/3984 3983/3983/3983
f 3984/3984/3984 3985/3985/3985 3986/3986/3986
f 3987/3987/3987 3986/3986/3986 3985/3985/3985
f 3986/3986/3986 3987/3987/3987 3988/3988/3988
f 3989/3989/3989 3988/3988/3988 3987/3987/3987
f 3988/3988/3988 3989/3989/3989 3990/3990/3990
f 3813/3813/3813 3990/3990/3990 3989/3989/3989
f 3990/3990/3990 3813/3813/3813 3991/3991/3991
f 3813/3813/3813 3812/3812/3812 3991/3991/3991
f 3851/3851/3851 3991/3991/3991 3812/3812/3812
f 3991/3991/3991 3851/3851/3851 3904/3904/3904
f 3904/3904/3904 3990/3990/3990 3991/3991/3991
f 3990/3990/3990 3904/3904/3904 3992/3992/3992
f 3902/3902/3902 3992/3992/3992 3904/3904/3904
f 3990/3990/3990 3993/3993/3993 3988/3988/3988
f 3993/3993/3993 3990/3990/3990 3992/3992/3992
f 3988/3988/3988 3994/3994/3994 3986/3986/3986
f 3994/3994/3994 3988/3988/3988 3993/3993/3993
f 3986/3986/3986 3995/3995/3995 3984/3984/3984
f 3995/3995/3995 3986/3986/3986 3994/3994/3994
f 3992/3992/3992 3902/3902/3902 3996/3996/3996
f 3996/3996/3996 3993/3993/3993 3992/3992/3992
f 3997/3997/3997 3994/3994/3994 3993/3993/3993
f 3993/3993/3993 3996/3996/3996 3997/3997/3997
f 3998/3998/3998 3996/3996/3996 3902/3902/3902
f 3902/3902/3902 3901/3901/3901 3998/3998/3998
f 3901/3901/3901 3918/3918/3918 3998/3998/3998
f 3996/3996/3996 3998/3998/3998 3999/3999/3999
f 3918/3918/3918 3999/3999/3999 3998/3998/3998
f 3999/3999/3999 3997/3997/3997 3996/3996/3996
f 3999/3999/3999 3918/3918/3918 3934/3934/3934
f 3934/3934/3934 3942/3942/3942 3999/3999/3999
f 3997/3997/3997 3999/3999/3999 3942/3942/3942
f 3994/3994/3994 3997/3997/3997 4000/4000/4000
f 3942/3942/3942 4000/4000/4000 3997/3997/3997
f 4000/4000/4000 3995/3995/3995 3994/3994/3994
f 4000/4000/4000 3942/3942/3942 3943/3943/3943
f 3995/3995/3995 4000/4000/4000 4001/4001/4001
f 3943/3943/3943 4001/4001/4001 4000/4000/4000
f 4001/4001/4001 4002/4002/4002 3995/3995/3995
f 4002/4002/4002 3984/3984/3984 3995/3995/3995
f 3966/3966/3966 3984/3984/3984 4002/4002/4002
f 4001/4001/4001 3943/3943/3943 4003/4003/4003
f 3943/3943/3943 3959/3959/3959 4003/4003/4003
f 3966/3966/3966 4002/4002/4002 4004/4004/4004
f 3966/3966/3966 4004/4004/4004 3965/3965/3965
f 4002/4002/4002 4001/4001/4001 4005/4005/4005
f 4003/4003/4003 4005/4005/4005 4001/4001/4001
f 4005/4005/4005 4004/4004/4004 4002/4002/4002
f 4006/4006/4006 3965/3965/3965 4004/4004/4004
f 4004/4004/4004 4005/4005/4005 4006/4006/4006
f 3965/3965/3965 4006/4006/4006 3960/3960/3960
f 4003/4003/4003 3959/3959/3959 4007/4007/4007
f 4005/4005/4005 4003/4003/4003 4007/4007/4007
f 3959/3959/3959 3960/3960/3960 4008/4008/4008
f 4006/4006/4006 4008/4008/4008 3960/3960/3960
f 4008/4008/4008 4007/4007/4007 3959/3959/3959
f 4009/4009/4009 4005/4005/4005 4007/4007/4007
f 4005/4005/4005 4009/4009/4009 4006/4006/4006
f 4008/4008/4008 4006/4006/4006 4009/4009/4009
f 4007/4007/4007 4008/4008/4008 4009/4009/4009
f 4010/4010/4010 4011/4011/4011 4012/4012/4012
f 4013/4013/4013 4010/4010/4010 4012/4012/4012
f 4011/4011/4011 4010/4010/4010 4014/4014/4014
f 4014/4014/4014 4015/4015/4015 4011/4011/4011
f 4010/4010/4010 4013/4013/4013 4016/4016/4016
f 4013/4013/4013 4017/4017/4017 4016/4016/4016
f 4017/4017/4017 4013/4013/4013 4018/4018/4018
f 4019/4019/4019 4017/4017/4017 4018/4018/4018
f 4017/4017/4017 4019/4019/4019 4020/4020/4020
f 4021/4021/4021 4020/4020/4020 4019/4019/4019
f 4022/4022/4022 4016/4016/4016 4017/4017/4017
f 4020/4020/4020 4022/4022/4022 4017/4017/4017
f 4016/4016/4016 4022/4022/4022 4023/4023/4023
f 4024/4024/4024 4016/4016/4016 4023/4023/4023
f 4024/4024/4024 4010/4010/4010 4016/4016/4016
f 4025/4025/4025 4014/4014/4014 4010/4010/4010
f 4025/4025/4025 4010/4010/4010 4024/4024/4024
f 4014/4014/4014 4025/4025/4025 4026/4026/4026
f 4015/4015/4015 4014/4014/4014 4027/4027/4027
f 4026/4026/4026 4027/4027/4027 4014/4014/4014
f 4020/4020/4020 4021/4021/4021 4028/4028/4028
f 4029/4029/4029 4028/4028/4028 4021/4021/4021
f 4028/4028/4028 4029/4029/4029 4030/4030/4030
f 4031/4031/4031 4030/4030/4030 4029/4029/4029
f 4032/4032/4032 4020/4020/4020 4028/4028/4028
f 4030/4030/4030 4032/4032/4032 4028/4028/4028
f 4030/4030/4030 4031/4031/4031 4033/4033/4033
f 4034/4034/4034 4033/4033/4033 4031/4031/4031
f 4020/4020/4020 4032/4032/4032 4035/4035/4035
f 4022/4022/4022 4020/4020/4020 4035/4035/4035
f 4035/4035/4035 4032/4032/4032 4022/4022/4022
f 4032/4032/4032 4030/4030/4030 4036/4036/4036
f 4022/4022/4022 4032/4032/4032 4036/4036/4036
f 4033/4033/4033 4036/4036/4036 4030/4030/4030
f 4022/4022/4022 4036/4036/4036 4023/4023/4023
f 4033/4033/4033 4034/4034/4034 4037/4037/4037
f 4038/4038/4038 4037/4037/4037 4034/4034/4034
f 4036/4036/4036 4033/4033/4033 4039/4039/4039
f 4023/4023/4023 4036/4036/4036 4039/4039/4039
f 4033/4033/4033 4040/4040/4040 4039/4039/4039
f 4040/4040/4040 4033/4033/4033 4037/4037/4037
f 4023/4023/4023 4039/4039/4039 4040/4040/4040
f 4037/4037/4037 4038/4038/4038 4041/4041/4041
f 4042/4042/4042 4041/4041/4041 4038/4038/4038
f 4037/4037/4037 4043/4043/4043 4040/4040/4040
f 4043/4043/4043 4037/4037/4037 4041/4041/4041
f 4043/4043/4043 4023/4023/4023 4040/4040/4040
f 4041/4041/4041 4042/4042/4042 4044/4044/4044
f 4044/4044/4044 4043/4043/4043 4041/4041/4041
f 4045/4045/4045 4044/4044/4044 4042/4042/4042
f 4023/4023/4023 4043/4043/4043 4046/4046/4046
f 4043/4043/4043 4044/4044/4044 4047/4047/4047
f 4047/4047/4047 4046/4046/4046 4043/4043/4043
f 4044/4044/4044 4045/4045/4045 4048/4048/4048
f 4048/4048/4048 4047/4047/4047 4044/4044/4044
f 4023/4023/4023 4046/4046/4046 4049/4049/4049
f 4049/4049/4049 4024/4024/4024 4023/4023/4023
f 4045/4045/4045 4050/4050/4050 4048/4048/4048
f 4050/4050/4050 4045/4045/4045 4051/4051/4051
f 4052/4052/4052 4050/4050/4050 4051/4051/4051
f 4050/4050/4050 4052/4052/4052 4053/4053/4053
f 4054/4054/4054 4053/4053/4053 4052/4052/4052
f 4055/4055/4055 4048/4048/4048 4050/4050/4050
f 4053/4053/4053 4055/4055/4055 4050/4050/4050
f 4047/4047/4047 4048/4048/4048 4056/4056/4056
f 4048/4048/4048 4055/4055/4055 4056/4056/4056
f 4046/4046/4046 4047/4047/4047 4057/4057/4057
f 4056/4056/4056 4057/4057/4057 4047/4047/4047
f 4058/4058/4058 4056/4056/4056 4055/4055/4055
f 4056/4056/4056 4058/4058/4058 4057/4057/4057
f 4055/4055/4055 4053/4053/4053 4059/4059/4059
f 4059/4059/4059 4058/4058/4058 4055/4055/4055
f 4053/4053/4053 4054/4054/4054 4060/4060/4060
f 4060/4060/4060 4059/4059/4059 4053/4053/4053
f 4061/4061/4061 4046/4046/4046 4057/4057/4057
f 4046/4046/4046 4061/4061/4061 4049/4049/4049
f 4062/4062/4062 4057/4057/4057 4058/4058/4058
f 4057/4057/4057 4062/4062/4062 4061/4061/4061
f 4054/4054/4054 4063/4063/4063 4060/4060/4060
f 4063/4063/4063 4054/4054/4054 4064/4064/4064
f 4064/4064/4064 4065/4065/4065 4063/4063/4063
f 4065/4065/4065 4064/4064/4064 4066/4066/4066
f 4067/4067/4067 4065/4065/4065 4066/4066/4066
f 4068/4068/4068 4060/4060/4060 4063/4063/4063
f 4065/4065/4065 4068/4068/4068 4063/4063/4063
f 4059/4059/4059 4060/4060/4060 4069/4069/4069
f 4060/4060/4060 4068/4068/4068 4069/4069/4069
f 4058/4058/4058 4059/4059/4059 4070/4070/4070
f 4069/4069/4069 4070/4070/4070 4059/4059/4059
f 4058/4058/4058 4071/4071/4071 4062/4062/4062
f 4071/4071/4071 4058/4058/4058 4070/4070/4070
f 4070/4070/4070 4069/4069/4069 4072/4072/4072
f 4068/4068/4068 4072/4072/4072 4069/4069/4069
f 4072/4072/4072 4071/4071/4071 4070/4070/4070
f 4073/4073/4073 4061/4061/4061 4062/4062/4062
f 4071/4071/4071 4073/4073/4073 4062/4062/4062
f 4065/4065/4065 4067/4067/4067 4074/4074/4074
f 4075/4075/4075 4074/4074/4074 4067/4067/4067
f 4068/4068/4068 4065/4065/4065 4076/4076/4076
f 4074/4074/4074 4076/4076/4076 4065/4065/4065
f 4074/4074/4074 4075/4075/4075 4077/4077/4077
f 4078/4078/4078 4077/4077/4077 4075/4075/4075
f 4072/4072/4072 4068/4068/4068 4079/4079/4079
f 4076/4076/4076 4079/4079/4079 4068/4068/4068
f 4076/4076/4076 4074/4074/4074 4080/4080/4080
f 4077/4077/4077 4080/4080/4080 4074/4074/4074
f 4077/4077/4077 4078/4078/4078 4081/4081/4081
f 4082/4082/4082 4081/4081/4081 4078/4078/4078
f 4079/4079/4079 4076/4076/4076 4083/4083/4083
f 4080/4080/4080 4083/4083/4083 4076/4076/4076
f 4084/4084/4084 4072/4072/4072 4079/4079/4079
f 4083/4083/4083 4084/4084/4084 4079/4079/4079
f 4080/4080/4080 4077/4077/4077 4085/4085/4085
f 4081/4081/4081 4085/4085/4085 4077/4077/4077
f 4083/4083/4083 4080/4080/4080 4086/4086/4086
f 4085/4085/4085 4086/4086/4086 4080/4080/4080
f 4081/4081/4081 4082/4082/4082 4087/4087/4087
f 4088/4088/4088 4087/4087/4087 4082/4082/4082
f 4087/4087/4087 4088/4088/4088 4089/4089/4089
f 4090/4090/4090 4089/4089/4089 4088/4088/4088
f 4091/4091/4091 4081/4081/4081 4087/4087/4087
f 4089/4089/4089 4091/4091/4091 4087/4087/4087
f 4085/4085/4085 4081/4081/4081 4092/4092/4092
f 4081/4081/4081 4091/4091/4091 4092/4092/4092
f 4093/4093/4093 4092/4092/4092 4091/4091/4091
f 4094/4094/4094 4092/4092/4092 4093/4093/4093
f 4092/4092/4092 4094/4094/4094 4085/4085/4085
f 4086/4086/4086 4085/4085/4085 4094/4094/4094
f 4086/4086/4086 4095/4095/4095 4083/4083/4083
f 4084/4084/4084 4083/4083/4083 4095/4095/4095
f 4089/4089/4089 4090/4090/4090 4096/4096/4096
f 4097/4097/4097 4096/4096/4096 4090/4090/4090
f 4091/4091/4091 4089/4089/4089 4098/4098/4098
f 4093/4093/4093 4091/4091/4091 4098/4098/4098
f 4096/4096/4096 4098/4098/4098 4089/4089/4089
f 4094/4094/4094 4099/4099/4099 4086/4086/4086
f 4095/4095/4095 4086/4086/4086 4099/4099/4099
f 4096/4096/4096 4097/4097/4097 4100/4100/4100
f 4101/4101/4101 4100/4100/4100 4097/4097/4097
f 4098/4098/4098 4096/4096/4096 4102/4102/4102
f 4093/4093/4093 4098/4098/4098 4102/4102/4102
f 4100/4100/4100 4102/4102/4102 4096/4096/4096
f 4099/4099/4099 4094/4094/4094 4103/4103/4103
f 4093/4093/4093 4103/4103/4103 4094/4094/4094
f 4102/4102/4102 4100/4100/4100 4104/4104/4104
f 4093/4093/4093 4102/4102/4102 4104/4104/4104
f 4100/4100/4100 4105/4105/4105 4104/4104/4104
f 4105/4105/4105 4093/4093/4093 4104/4104/4104
f 4100/4100/4100 4101/4101/4101 4106/4106/4106
f 4106/4106/4106 4105/4105/4105 4100/4100/4100
f 4093/4093/4093 4105/4105/4105 4107/4107/4107
f 4103/4103/4103 4093/4093/4093 4107/4107/4107
f 4101/4101/4101 4108/4108/4108 4106/4106/4106
f 4108/4108/4108 4101/4101/4101 4109/4109/4109
f 4110/4110/4110 4108/4108/4108 4109/4109/4109
f 4108/4108/4108 4110/4110/4110 4111/4111/4111
f 4112/4112/4112 4111/4111/4111 4110/4110/4110
f 4113/4113/4113 4107/4107/4107 4105/4105/4105
f 4106/4106/4106 4113/4113/4113 4105/4105/4105
f 4114/4114/4114 4106/4106/4106 4108/4108/4108
f 4111/4111/4111 4114/4114/4114 4108/4108/4108
f 4111/4111/4111 4112/4112/4112 4115/4115/4115
f 4116/4116/4116 4115/4115/4115 4112/4112/4112
f 4113/4113/4113 4106/4106/4106 4117/4117/4117
f 4106/4106/4106 4114/4114/4114 4117/4117/4117
f 4117/4117/4117 4118/4118/4118 4113/4113/4113
f 4107/4107/4107 4113/4113/4113 4119/4119/4119
f 4118/4118/4118 4119/4119/4119 4113/4113/4113
f 4114/4114/4114 4111/4111/4111 4120/4120/4120
f 4115/4115/4115 4120/4120/4120 4111/4111/4111
f 4120/4120/4120 4121/4121/4121 4114/4114/4114
f 4114/4114/4114 4122/4122/4122 4117/4117/4117
f 4118/4118/4118 4117/4117/4117 4122/4122/4122
f 4122/4122/4122 4114/4114/4114 4121/4121/4121
f 4115/4115/4115 4116/4116/4116 4123/4123/4123
f 4124/4124/4124 4123/4123/4123 4116/4116/4116
f 4120/4120/4120 4115/4115/4115 4125/4125/4125
f 4123/4123/4123 4125/4125/4125 4115/4115/4115
f 4123/4123/4123 4124/4124/4124 4126/4126/4126
f 4127/4127/4127 4126/4126/4126 4124/4124/4124
f 4121/4121/4121 4120/4120/4120 4128/4128/4128
f 4125/4125/4125 4128/4128/4128 4120/4120/4120
f 4125/4125/4125 4123/4123/4123 4129/4129/4129
f 4126/4126/4126 4129/4129/4129 4123/4123/4123
f 4128/4128/4128 4125/4125/4125 4130/4130/4130
f 4130/4130/4130 4121/4121/4121 4128/4128/4128
f 4129/4129/4129 4130/4130/4130 4125/4125/4125
f 4126/4126/4126 4127/4127/4127 4131/4131/4131
f 4132/4132/4132 4131/4131/4131 4127/4127/4127
f 4131/4131/4131 4132/4132/4132 4133/4133/4133
f 4134/4134/4134 4133/4133/4133 4132/4132/4132
f 4135/4135/4135 4126/4126/4126 4131/4131/4131
f 4133/4133/4133 4135/4135/4135 4131/4131/4131
f 4129/4129/4129 4126/4126/4126 4136/4136/4136
f 4126/4126/4126 4135/4135/4135 4136/4136/4136
f 4130/4130/4130 4129/4129/4129 4137/4137/4137
f 4136/4136/4136 4137/4137/4137 4129/4129/4129
f 4138/4138/4138 4130/4130/4130 4137/4137/4137
f 4137/4137/4137 4136/4136/4136 4138/4138/4138
f 4138/4138/4138 4121/4121/4121 4130/4130/4130
f 4133/4133/4133 4134/4134/4134 4139/4139/4139
f 4140/4140/4140 4139/4139/4139 4134/4134/4134
f 4141/4141/4141 4136/4136/4136 4135/4135/4135
f 4136/4136/4136 4141/4141/4141 4138/4138/4138
f 4135/4135/4135 4133/4133/4133 4142/4142/4142
f 4142/4142/4142 4141/4141/4141 4135/4135/4135
f 4139/4139/4139 4142/4142/4142 4133/4133/4133
f 4143/4143/4143 4138/4138/4138 4141/4141/4141
f 4143/4143/4143 4121/4121/4121 4138/4138/4138
f 4141/4141/4141 4142/4142/4142 4143/4143/4143
f 4142/4142/4142 4139/4139/4139 4144/4144/4144
f 4144/4144/4144 4143/4143/4143 4142/4142/4142
f 4145/4145/4145 4121/4121/4121 4143/4143/4143
f 4143/4143/4143 4144/4144/4144 4145/4145/4145
f 4145/4145/4145 4122/4122/4122 4121/4121/4121
f 4139/4139/4139 4140/4140/4140 4146/4146/4146
f 4146/4146/4146 4144/4144/4144 4139/4139/4139
f 4147/4147/4147 4145/4145/4145 4144/4144/4144
f 4144/4144/4144 4146/4146/4146 4147/4147/4147
f 4122/4122/4122 4145/4145/4145 4148/4148/4148
f 4145/4145/4145 4147/4147/4147 4148/4148/4148
f 4118/4118/4118 4122/4122/4122 4148/4148/4148
f 4140/4140/4140 4149/4149/4149 4146/4146/4146
f 4149/4149/4149 4140/4140/4140 4150/4150/4150
f 4151/4151/4151 4149/4149/4149 4150/4150/4150
f 4146/4146/4146 4152/4152/4152 4147/4147/4147
f 4152/4152/4152 4148/4148/4148 4147/4147/4147
f 4152/4152/4152 4146/4146/4146 4149/4149/4149
f 4149/4149/4149 4151/4151/4151 4153/4153/4153
f 4154/4154/4154 4153/4153/4153 4151/4151/4151
f 4155/4155/4155 4149/4149/4149 4153/4153/4153
f 4149/4149/4149 4155/4155/4155 4152/4152/4152
f 4153/4153/4153 4154/4154/4154 4156/4156/4156
f 4156/4156/4156 4155/4155/4155 4153/4153/4153
f 4157/4157/4157 4156/4156/4156 4154/4154/4154
f 4148/4148/4148 4152/4152/4152 4158/4158/4158
f 4158/4158/4158 4118/4118/4118 4148/4148/4148
f 4152/4152/4152 4159/4159/4159 4158/4158/4158
f 4159/4159/4159 4152/4152/4152 4155/4155/4155
f 4159/4159/4159 4118/4118/4118 4158/4158/4158
f 4156/4156/4156 4157/4157/4157 4160/4160/4160
f 4161/4161/4161 4160/4160/4160 4157/4157/4157
f 4155/4155/4155 4156/4156/4156 4162/4162/4162
f 4162/4162/4162 4159/4159/4159 4155/4155/4155
f 4160/4160/4160 4162/4162/4162 4156/4156/4156
f 4118/4118/4118 4159/4159/4159 4163/4163/4163
f 4119/4119/4119 4118/4118/4118 4163/4163/4163
f 4160/4160/4160 4161/4161/4161 4164/4164/4164
f 4165/4165/4165 4164/4164/4164 4161/4161/4161
f 4159/4159/4159 4162/4162/4162 4166/4166/4166
f 4166/4166/4166 4163/4163/4163 4159/4159/4159
f 4162/4162/4162 4160/4160/4160 4167/4167/4167
f 4164/4164/4164 4167/4167/4167 4160/4160/4160
f 4167/4167/4167 4166/4166/4166 4162/4162/4162
f 4168/4168/4168 4119/4119/4119 4163/4163/4163
f 4163/4163/4163 4166/4166/4166 4168/4168/4168
f 4164/4164/4164 4165/4165/4165 4169/4169/4169
f 4170/4170/4170 4169/4169/4169 4165/4165/4165
f 4166/4166/4166 4167/4167/4167 4171/4171/4171
f 4171/4171/4171 4168/4168/4168 4166/4166/4166
f 4167/4167/4167 4164/4164/4164 4172/4172/4172
f 4169/4169/4169 4172/4172/4172 4164/4164/4164
f 4172/4172/4172 4171/4171/4171 4167/4167/4167
f 4119/4119/4119 4168/4168/4168 4173/4173/4173
f 4173/4173/4173 4107/4107/4107 4119/4119/4119
f 4107/4107/4107 4173/4173/4173 4103/4103/4103
f 4169/4169/4169 4170/4170/4170 4174/4174/4174
f 4175/4175/4175 4174/4174/4174 4170/4170/4170
f 4172/4172/4172 4169/4169/4169 4176/4176/4176
f 4174/4174/4174 4176/4176/4176 4169/4169/4169
f 4168/4168/4168 4171/4171/4171 4177/4177/4177
f 4177/4177/4177 4173/4173/4173 4168/4168/4168
f 4178/4178/4178 4103/4103/4103 4173/4173/4173
f 4173/4173/4173 4177/4177/4177 4178/4178/4178
f 4103/4103/4103 4178/4178/4178 4099/4099/4099
f 4171/4171/4171 4172/4172/4172 4179/4179/4179
f 4179/4179/4179 4177/4177/4177 4171/4171/4171
f 4176/4176/4176 4179/4179/4179 4172/4172/4172
f 4174/4174/4174 4175/4175/4175 4180/4180/4180
f 4015/4015/4015 4180/4180/4180 4175/4175/4175
f 4180/4180/4180 4015/4015/4015 4027/4027/4027
f 4181/4181/4181 4178/4178/4178 4177/4177/4177
f 4177/4177/4177 4179/4179/4179 4181/4181/4181
f 4182/4182/4182 4099/4099/4099 4178/4178/4178
f 4178/4178/4178 4181/4181/4181 4182/4182/4182
f 4099/4099/4099 4182/4182/4182 4095/4095/4095
f 4179/4179/4179 4176/4176/4176 4183/4183/4183
f 4183/4183/4183 4181/4181/4181 4179/4179/4179
f 4176/4176/4176 4174/4174/4174 4184/4184/4184
f 4180/4180/4180 4184/4184/4184 4174/4174/4174
f 4184/4184/4184 4183/4183/4183 4176/4176/4176
f 4027/4027/4027 4185/4185/4185 4180/4180/4180
f 4184/4184/4184 4180/4180/4180 4185/4185/4185
f 4186/4186/4186 4182/4182/4182 4181/4181/4181
f 4181/4181/4181 4183/4183/4183 4186/4186/4186
f 4187/4187/4187 4095/4095/4095 4182/4182/4182
f 4182/4182/4182 4186/4186/4186 4187/4187/4187
f 4095/4095/4095 4187/4187/4187 4084/4084/4084
f 4183/4183/4183 4184/4184/4184 4188/4188/4188
f 4188/4188/4188 4186/4186/4186 4183/4183/4183
f 4185/4185/4185 4188/4188/4188 4184/4184/4184
f 4185/4185/4185 4027/4027/4027 4189/4189/4189
f 4027/4027/4027 4026/4026/4026 4189/4189/4189
f 4190/4190/4190 4187/4187/4187 4186/4186/4186
f 4186/4186/4186 4188/4188/4188 4190/4190/4190
f 4188/4188/4188 4185/4185/4185 4191/4191/4191
f 4189/4189/4189 4191/4191/4191 4185/4185/4185
f 4191/4191/4191 4190/4190/4190 4188/4188/4188
f 4192/4192/4192 4084/4084/4084 4187/4187/4187
f 4187/4187/4187 4190/4190/4190 4192/4192/4192
f 4026/4026/4026 4193/4193/4193 4189/4189/4189
f 4191/4191/4191 4189/4189/4189 4193/4193/4193
f 4190/4190/4190 4191/4191/4191 4194/4194/4194
f 4194/4194/4194 4192/4192/4192 4190/4190/4190
f 4193/4193/4193 4194/4194/4194 4191/4191/4191
f 4084/4084/4084 4192/4192/4192 4195/4195/4195
f 4072/4072/4072 4084/4084/4084 4195/4195/4195
f 4071/4071/4071 4072/4072/4072 4195/4195/4195
f 4196/4196/4196 4195/4195/4195 4192/4192/4192
f 4195/4195/4195 4196/4196/4196 4071/4071/4071
f 4192/4192/4192 4194/4194/4194 4196/4196/4196
f 4073/4073/4073 4071/4071/4071 4196/4196/4196
f 4197/4197/4197 4196/4196/4196 4194/4194/4194
f 4196/4196/4196 4197/4197/4197 4073/4073/4073
f 4194/4194/4194 4193/4193/4193 4197/4197/4197
f 4193/4193/4193 4026/4026/4026 4198/4198/4198
f 4026/4026/4026 4199/4199/4199 4198/4198/4198
f 4200/4200/4200 4193/4193/4193 4198/4198/4198
f 4193/4193/4193 4200/4200/4200 4197/4197/4197
f 4200/4200/4200 4198/4198/4198 4199/4199/4199
f 4197/4197/4197 4201/4201/4201 4073/4073/4073
f 4201/4201/4201 4197/4197/4197 4200/4200/4200
f 4199/4199/4199 4201/4201/4201 4200/4200/4200
f 4061/4061/4061 4073/4073/4073 4201/4201/4201
f 4201/4201/4201 4049/4049/4049 4061/4061/4061
f 4201/4201/4201 4199/4199/4199 4202/4202/4202
f 4049/4049/4049 4201/4201/4201 4202/4202/4202
f 4202/4202/4202 4199/4199/4199 4024/4024/4024
f 4024/4024/4024 4049/4049/4049 4202/4202/4202
f 4203/4203/4203 4204/4204/4204 4205/4205/4205
f 4204/4204/4204 4206/4206/4206 4205/4205/4205
f 4204/4204/4204 4203/4203/4203 4207/4207/4207
f 4208/4208/4208 4207/4207/4207 4203/4203/4203
f 4206/4206/4206 4204/4204/4204 4209/4209/4209
f 4209/4209/4209 4210/4210/4210 4206/4206/4206
f 4207/4207/4207 4208/4208/4208 4211/4211/4211
f 4212/4212/4212 4211/4211/4211 4208/4208/4208
f 4210/4210/4210 4209/4209/4209 4213/4213/4213
f 4213/4213/4213 4214/4214/4214 4210/4210/4210
f 4214/4214/4214 4213/4213/4213 4215/4215/4215
f 4215/4215/4215 4216/4216/4216 4214/4214/4214
f 4216/4216/4216 4215/4215/4215 4217/4217/4217
f 4217/4217/4217 4218/4218/4218 4216/4216/4216
f 4218/4218/4218 4217/4217/4217 4219/4219/4219
f 4219/4219/4219 4220/4220/4220 4218/4218/4218
f 4220/4220/4220 4219/4219/4219 4221/4221/4221
f 4221/4221/4221 4222/4222/4222 4220/4220/4220
f 4222/4222/4222 4221/4221/4221 4223/4223/4223
f 4223/4223/4223 4224/4224/4224 4222/4222/4222
f 4219/4219/4219 4225/4225/4225 4221/4221/4221
f 4225/4225/4225 4223/4223/4223 4221/4221/4221
f 4217/4217/4217 4226/4226/4226 4219/4219/4219
f 4225/4225/4225 4219/4219/4219 4226/4226/4226
f 4215/4215/4215 4227/4227/4227 4217/4217/4217
f 4226/4226/4226 4217/4217/4217 4227/4227/4227
f 4213/4213/4213 4228/4228/4228 4215/4215/4215
f 4227/4227/4227 4215/4215/4215 4228/4228/4228
f 4224/4224/4224 4223/4223/4223 4229/4229/4229
f 4229/4229/4229 4230/4230/4230 4224/4224/4224
f 4223/4223/4223 4225/4225/4225 4231/4231/4231
f 4231/4231/4231 4229/4229/4229 4223/4223/4223
f 4230/4230/4230 4229/4229/4229 4232/4232/4232
f 4232/4232/4232 4233/4233/4233 4230/4230/4230
f 4228/4228/4228 4213/4213/4213 4234/4234/4234
f 4209/4209/4209 4234/4234/4234 4213/4213/4213
f 4229/4229/4229 4231/4231/4231 4235/4235/4235
f 4235/4235/4235 4232/4232/4232 4229/4229/4229
f 4233/4233/4233 4232/4232/4232 4236/4236/4236
f 4236/4236/4236 4237/4237/4237 4233/4233/4233
f 4234/4234/4234 4209/4209/4209 4238/4238/4238
f 4204/4204/4204 4238/4238/4238 4209/4209/4209
f 4232/4232/4232 4235/4235/4235 4239/4239/4239
f 4239/4239/4239 4236/4236/4236 4232/4232/4232
f 4237/4237/4237 4236/4236/4236 4240/4240/4240
f 4240/4240/4240 4241/4241/4241 4237/4237/4237
f 4238/4238/4238 4204/4204/4204 4242/4242/4242
f 4207/4207/4207 4242/4242/4242 4204/4204/4204
f 4236/4236/4236 4239/4239/4239 4243/4243/4243
f 4243/4243/4243 4240/4240/4240 4236/4236/4236
f 4242/4242/4242 4207/4207/4207 4244/4244/4244
f 4211/4211/4211 4244/4244/4244 4207/4207/4207
f 4238/4238/4238 4245/4245/4245 4234/4234/4234
f 4242/4242/4242 4246/4246/4246 4238/4238/4238
f 4245/4245/4245 4238/4238/4238 4246/4246/4246
f 4244/4244/4244 4247/4247/4247 4242/4242/4242
f 4246/4246/4246 4242/4242/4242 4247/4247/4247
f 4248/4248/4248 4246/4246/4246 4247/4247/4247
f 4247/4247/4247 4244/4244/4244 4249/4249/4249
f 4249/4249/4249 4248/4248/4248 4247/4247/4247
f 4244/4244/4244 4211/4211/4211 4250/4250/4250
f 4250/4250/4250 4249/4249/4249 4244/4244/4244
f 4251/4251/4251 4234/4234/4234 4245/4245/4245
f 4245/4245/4245 4252/4252/4252 4251/4251/4251
f 4234/4234/4234 4251/4251/4251 4228/4228/4228
f 4253/4253/4253 4245/4245/4245 4246/4246/4246
f 4246/4246/4246 4248/4248/4248 4253/4253/4253
f 4248/4248/4248 4254/4254/4254 4253/4253/4253
f 4253/4253/4253 4254/4254/4254 4255/4255/4255
f 4245/4245/4245 4253/4253/4253 4256/4256/4256
f 4252/4252/4252 4245/4245/4245 4256/4256/4256
f 4253/4253/4253 4255/4255/4255 4256/4256/4256
f 4257/4257/4257 4228/4228/4228 4251/4251/4251
f 4228/4228/4228 4257/4257/4257 4227/4227/4227
f 4258/4258/4258 4251/4251/4251 4252/4252/4252
f 4251/4251/4251 4258/4258/4258 4257/4257/4257
f 4259/4259/4259 4227/4227/4227 4257/4257/4257
f 4227/4227/4227 4259/4259/4259 4226/4226/4226
f 4260/4260/4260 4257/4257/4257 4258/4258/4258
f 4257/4257/4257 4260/4260/4260 4259/4259/4259
f 4252/4252/4252 4260/4260/4260 4258/4258/4258
f 4261/4261/4261 4226/4226/4226 4259/4259/4259
f 4260/4260/4260 4261/4261/4261 4259/4259/4259
f 4226/4226/4226 4261/4261/4261 4225/4225/4225
f 4261/4261/4261 4260/4260/4260 4262/4262/4262
f 4252/4252/4252 4262/4262/4262 4260/4260/4260
f 4263/4263/4263 4225/4225/4225 4261/4261/4261
f 4262/4262/4262 4263/4263/4263 4261/4261/4261
f 4225/4225/4225 4263/4263/4263 4231/4231/4231
f 4256/4256/4256 4264/4264/4264 4252/4252/4252
f 4256/4256/4256 4255/4255/4255 4264/4264/4264
f 4252/4252/4252 4265/4265/4265 4262/4262/4262
f 4263/4263/4263 4262/4262/4262 4265/4265/4265
f 4252/4252/4252 4264/4264/4264 4265/4265/4265
f 4264/4264/4264 4263/4263/4263 4265/4265/4265
f 4266/4266/4266 4231/4231/4231 4263/4263/4263
f 4263/4263/4263 4264/4264/4264 4266/4266/4266
f 4255/4255/4255 4266/4266/4266 4264/4264/4264
f 4231/4231/4231 4266/4266/4266 4235/4235/4235
f 4267/4267/4267 4235/4235/4235 4266/4266/4266
f 4266/4266/4266 4255/4255/4255 4267/4267/4267
f 4235/4235/4235 4267/4267/4267 4239/4239/4239
f 4268/4268/4268 4239/4239/4239 4267/4267/4267
f 4255/4255/4255 4268/4268/4268 4267/4267/4267
f 4239/4239/4239 4268/4268/4268 4243/4243/4243
f 4268/4268/4268 4255/4255/4255 4269/4269/4269
f 4255/4255/4255 4254/4254/4254 4269/4269/4269
f 4270/4270/4270 4268/4268/4268 4269/4269/4269
f 4269/4269/4269 4254/4254/4254 4270/4270/4270
f 4268/4268/4268 4270/4270/4270 4271/4271/4271
f 4271/4271/4271 4243/4243/4243 4268/4268/4268
f 4254/4254/4254 4271/4271/4271 4270/4270/4270
f 4243/4243/4243 4271/4271/4271 4272/4272/4272
f 4240/4240/4240 4243/4243/4243 4272/4272/4272
f 4273/4273/4273 4272/4272/4272 4271/4271/4271
f 4271/4271/4271 4254/4254/4254 4273/4273/4273
f 4274/4274/4274 4240/4240/4240 4272/4272/4272
f 4272/4272/4272 4273/4273/4273 4274/4274/4274
f 4240/4240/4240 4274/4274/4274 4275/4275/4275
f 4241/4241/4241 4240/4240/4240 4275/4275/4275
f 4276/4276/4276 4241/4241/4241 4275/4275/4275
f 4241/4241/4241 4276/4276/4276 4277/4277/4277
f 4276/4276/4276 4278/4278/4278 4277/4277/4277
f 4279/4279/4279 4275/4275/4275 4274/4274/4274
f 4275/4275/4275 4279/4279/4279 4276/4276/4276
f 4280/4280/4280 4274/4274/4274 4273/4273/4273
f 4274/4274/4274 4280/4280/4280 4279/4279/4279
f 4281/4281/4281 4273/4273/4273 4254/4254/4254
f 4273/4273/4273 4281/4281/4281 4280/4280/4280
f 4254/4254/4254 4282/4282/4282 4281/4281/4281
f 4282/4282/4282 4280/4280/4280 4281/4281/4281
f 4248/4248/4248 4282/4282/4282 4254/4254/4254
f 4278/4278/4278 4276/4276/4276 4283/4283/4283
f 4283/4283/4283 4284/4284/4284 4278/4278/4278
f 4284/4284/4284 4283/4283/4283 4285/4285/4285
f 4285/4285/4285 4286/4286/4286 4284/4284/4284
f 4286/4286/4286 4285/4285/4285 4287/4287/4287
f 4287/4287/4287 4288/4288/4288 4286/4286/4286
f 4289/4289/4289 4276/4276/4276 4279/4279/4279
f 4276/4276/4276 4289/4289/4289 4283/4283/4283
f 4290/4290/4290 4279/4279/4279 4280/4280/4280
f 4280/4280/4280 4282/4282/4282 4290/4290/4290
f 4279/4279/4279 4290/4290/4290 4289/4289/4289
f 4248/4248/4248 4291/4291/4291 4282/4282/4282
f 4291/4291/4291 4290/4290/4290 4282/4282/4282
f 4292/4292/4292 4283/4283/4283 4289/4289/4289
f 4292/4292/4292 4285/4285/4285 4283/4283/4283
f 4293/4293/4293 4289/4289/4289 4290/4290/4290
f 4290/4290/4290 4291/4291/4291 4293/4293/4293
f 4289/4289/4289 4293/4293/4293 4292/4292/4292
f 4291/4291/4291 4248/4248/4248 4294/4294/4294
f 4248/4248/4248 4249/4249/4249 4294/4294/4294
f 4295/4295/4295 4293/4293/4293 4291/4291/4291
f 4294/4294/4294 4295/4295/4295 4291/4291/4291
f 4296/4296/4296 4292/4292/4292 4293/4293/4293
f 4293/4293/4293 4295/4295/4295 4296/4296/4296
f 4292/4292/4292 4297/4297/4297 4285/4285/4285
f 4292/4292/4292 4296/4296/4296 4297/4297/4297
f 4298/4298/4298 4296/4296/4296 4295/4295/4295
f 4294/4294/4294 4298/4298/4298 4295/4295/4295
f 4299/4299/4299 4294/4294/4294 4249/4249/4249
f 4249/4249/4249 4250/4250/4250 4299/4299/4299
f 4300/4300/4300 4298/4298/4298 4294/4294/4294
f 4294/4294/4294 4299/4299/4299 4300/4300/4300
f 4301/4301/4301 4300/4300/4300 4299/4299/4299
f 4302/4302/4302 4297/4297/4297 4296/4296/4296
f 4296/4296/4296 4298/4298/4298 4302/4302/4302
f 4303/4303/4303 4299/4299/4299 4250/4250/4250
f 4299/4299/4299 4303/4303/4303 4301/4301/4301
f 4297/4297/4297 4302/4302/4302 4304/4304/4304
f 4285/4285/4285 4297/4297/4297 4304/4304/4304
f 4298/4298/4298 4305/4305/4305 4302/4302/4302
f 4305/4305/4305 4304/4304/4304 4302/4302/4302
f 4300/4300/4300 4306/4306/4306 4298/4298/4298
f 4305/4305/4305 4298/4298/4298 4306/4306/4306
f 4304/4304/4304 4305/4305/4305 4307/4307/4307
f 4285/4285/4285 4304/4304/4304 4307/4307/4307
f 4306/4306/4306 4308/4308/4308 4305/4305/4305
f 4308/4308/4308 4307/4307/4307 4305/4305/4305
f 4285/4285/4285 4307/4307/4307 4309/4309/4309
f 4307/4307/4307 4308/4308/4308 4309/4309/4309
f 4308/4308/4308 4306/4306/4306 4310/4310/4310
f 4300/4300/4300 4310/4310/4310 4306/4306/4306
f 4285/4285/4285 4309/4309/4309 4311/4311/4311
f 4311/4311/4311 4287/4287/4287 4285/4285/4285
f 4312/4312/4312 4309/4309/4309 4308/4308/4308
f 4310/4310/4310 4312/4312/4312 4308/4308/4308
f 4309/4309/4309 4312/4312/4312 4311/4311/4311
f 4300/4300/4300 4313/4313/4313 4310/4310/4310
f 4312/4312/4312 4310/4310/4310 4313/4313/4313
f 4314/4314/4314 4312/4312/4312 4313/4313/4313
f 4300/4300/4300 4314/4314/4314 4313/4313/4313
f 4315/4315/4315 4311/4311/4311 4312/4312/4312
f 4312/4312/4312 4314/4314/4314 4315/4315/4315
f 4287/4287/4287 4311/4311/4311 4316/4316/4316
f 4311/4311/4311 4315/4315/4315 4316/4316/4316
f 4300/4300/4300 4317/4317/4317 4314/4314/4314
f 4317/4317/4317 4315/4315/4315 4314/4314/4314
f 4316/4316/4316 4318/4318/4318 4287/4287/4287
f 4288/4288/4288 4287/4287/4287 4318/4318/4318
f 4318/4318/4318 4319/4319/4319 4288/4288/4288
f 4320/4320/4320 4316/4316/4316 4315/4315/4315
f 4315/4315/4315 4317/4317/4317 4320/4320/4320
f 4318/4318/4318 4316/4316/4316 4321/4321/4321
f 4316/4316/4316 4320/4320/4320 4321/4321/4321
f 4319/4319/4319 4318/4318/4318 4322/4322/4322
f 4321/4321/4321 4322/4322/4322 4318/4318/4318
f 4322/4322/4322 4323/4323/4323 4319/4319/4319
f 4323/4323/4323 4322/4322/4322 4324/4324/4324
f 4324/4324/4324 4325/4325/4325 4323/4323/4323
f 4322/4322/4322 4321/4321/4321 4326/4326/4326
f 4326/4326/4326 4324/4324/4324 4322/4322/4322
f 4327/4327/4327 4321/4321/4321 4320/4320/4320
f 4321/4321/4321 4327/4327/4327 4326/4326/4326
f 4325/4325/4325 4324/4324/4324 4328/4328/4328
f 4328/4328/4328 4329/4329/4329 4325/4325/4325
f 4324/4324/4324 4326/4326/4326 4330/4330/4330
f 4330/4330/4330 4328/4328/4328 4324/4324/4324
f 4329/4329/4329 4328/4328/4328 4331/4331/4331
f 4331/4331/4331 4332/4332/4332 4329/4329/4329
f 4320/4320/4320 4333/4333/4333 4327/4327/4327
f 4333/4333/4333 4320/4320/4320 4317/4317/4317
f 4334/4334/4334 4326/4326/4326 4327/4327/4327
f 4326/4326/4326 4334/4334/4334 4330/4330/4330
f 4328/4328/4328 4330/4330/4330 4335/4335/4335
f 4335/4335/4335 4331/4331/4331 4328/4328/4328
f 4332/4332/4332 4331/4331/4331 4336/4336/4336
f 4336/4336/4336 4337/4337/4337 4332/4332/4332
f 4338/4338/4338 4327/4327/4327 4333/4333/4333
f 4327/4327/4327 4338/4338/4338 4334/4334/4334
f 4339/4339/4339 4330/4330/4330 4334/4334/4334
f 4330/4330/4330 4339/4339/4339 4335/4335/4335
f 4340/4340/4340 4334/4334/4334 4338/4338/4338
f 4334/4334/4334 4340/4340/4340 4339/4339/4339
f 4333/4333/4333 4341/4341/4341 4338/4338/4338
f 4341/4341/4341 4340/4340/4340 4338/4338/4338
f 4340/4340/4340 4341/4341/4341 4342/4342/4342
f 4342/4342/4342 4343/4343/4343 4340/4340/4340
f 4343/4343/4343 4339/4339/4339 4340/4340/4340
f 4344/4344/4344 4335/4335/4335 4339/4339/4339
f 4339/4339/4339 4343/4343/4343 4344/4344/4344
f 4331/4331/4331 4335/4335/4335 4345/4345/4345
f 4335/4335/4335 4344/4344/4344 4345/4345/4345
f 4346/4346/4346 4344/4344/4344 4343/4343/4343
f 4342/4342/4342 4346/4346/4346 4343/4343/4343
f 4347/4347/4347 4331/4331/4331 4345/4345/4345
f 4331/4331/4331 4347/4347/4347 4336/4336/4336
f 4348/4348/4348 4345/4345/4345 4344/4344/4344
f 4344/4344/4344 4346/4346/4346 4348/4348/4348
f 4345/4345/4345 4348/4348/4348 4347/4347/4347
f 4349/4349/4349 4348/4348/4348 4346/4346/4346
f 4342/4342/4342 4349/4349/4349 4346/4346/4346
f 4350/4350/4350 4347/4347/4347 4348/4348/4348
f 4348/4348/4348 4349/4349/4349 4350/4350/4350
f 4351/4351/4351 4336/4336/4336 4347/4347/4347
f 4347/4347/4347 4350/4350/4350 4351/4351/4351
f 4349/4349/4349 4352/4352/4352 4350/4350/4350
f 4352/4352/4352 4351/4351/4351 4350/4350/4350
f 4336/4336/4336 4351/4351/4351 4353/4353/4353
f 4337/4337/4337 4336/4336/4336 4353/4353/4353
f 4353/4353/4353 4354/4354/4354 4337/4337/4337
f 4354/4354/4354 4353/4353/4353 4355/4355/4355
f 4355/4355/4355 4356/4356/4356 4354/4354/4354
f 4357/4357/4357 4353/4353/4353 4351/4351/4351
f 4351/4351/4351 4352/4352/4352 4357/4357/4357
f 4353/4353/4353 4357/4357/4357 4355/4355/4355
f 4352/4352/4352 4349/4349/4349 4358/4358/4358
f 4342/4342/4342 4358/4358/4358 4349/4349/4349
f 4359/4359/4359 4357/4357/4357 4352/4352/4352
f 4358/4358/4358 4359/4359/4359 4352/4352/4352
f 4356/4356/4356 4355/4355/4355 4360/4360/4360
f 4360/4360/4360 4361/4361/4361 4356/4356/4356
f 4361/4361/4361 4360/4360/4360 4362/4362/4362
f 4362/4362/4362 4363/4363/4363 4361/4361/4361
f 4364/4364/4364 4355/4355/4355 4357/4357/4357
f 4357/4357/4357 4359/4359/4359 4364/4364/4364
f 4365/4365/4365 4355/4355/4355 4364/4364/4364
f 4366/4366/4366 4360/4360/4360 4355/4355/4355
f 4366/4366/4366 4362/4362/4362 4360/4360/4360
f 4366/4366/4366 4355/4355/4355 4365/4365/4365
f 4363/4363/4363 4362/4362/4362 4367/4367/4367
f 4367/4367/4367 4368/4368/4368 4363/4363/4363
f 4368/4368/4368 4367/4367/4367 4369/4369/4369
f 4369/4369/4369 4370/4370/4370 4368/4368/4368
f 4367/4367/4367 4371/4371/4371 4369/4369/4369
f 4370/4370/4370 4369/4369/4369 4371/4371/4371
f 4362/4362/4362 4371/4371/4371 4367/4367/4367
f 4371/4371/4371 4372/4372/4372 4370/4370/4370
f 4372/4372/4372 4371/4371/4371 4373/4373/4373
f 4373/4373/4373 4374/4374/4374 4372/4372/4372
f 4371/4371/4371 4375/4375/4375 4373/4373/4373
f 4374/4374/4374 4373/4373/4373 4375/4375/4375
f 4362/4362/4362 4375/4375/4375 4371/4371/4371
f 4375/4375/4375 4376/4376/4376 4374/4374/4374
f 4376/4376/4376 4375/4375/4375 4377/4377/4377
f 4362/4362/4362 4377/4377/4377 4375/4375/4375
f 4377/4377/4377 4378/4378/4378 4376/4376/4376
f 4362/4362/4362 4379/4379/4379 4377/4377/4377
f 4378/4378/4378 4377/4377/4377 4379/4379/4379
f 4379/4379/4379 4380/4380/4380 4378/4378/4378
f 4362/4362/4362 4366/4366/4366 4379/4379/4379
f 4380/4380/4380 4379/4379/4379 4366/4366/4366
f 4366/4366/4366 4381/4381/4381 4380/4380/4380
f 4381/4381/4381 4366/4366/4366 4365/4365/4365
f 4365/4365/4365 4382/4382/4382 4381/4381/4381
f 4382/4382/4382 4365/4365/4365 4383/4383/4383
f 4383/4383/4383 4384/4384/4384 4382/4382/4382
f 4384/4384/4384 4383/4383/4383 4385/4385/4385
f 4385/4385/4385 4386/4386/4386 4384/4384/4384
f 4386/4386/4386 4385/4385/4385 4387/4387/4387
f 4387/4387/4387 4388/4388/4388 4386/4386/4386
f 4388/4388/4388 4387/4387/4387 4389/4389/4389
f 4389/4389/4389 4212/4212/4212 4388/4388/4388
f 4212/4212/4212 4389/4389/4389 4390/4390/4390
f 4211/4211/4211 4212/4212/4212 4390/4390/4390
f 4390/4390/4390 4250/4250/4250 4211/4211/4211
f 4250/4250/4250 4390/4390/4390 4303/4303/4303
f 4389/4389/4389 4303/4303/4303 4390/4390/4390
f 4303/4303/4303 4389/4389/4389 4391/4391/4391
f 4391/4391/4391 4301/4301/4301 4303/4303/4303
f 4392/4392/4392 4389/4389/4389 4387/4387/4387
f 4389/4389/4389 4392/4392/4392 4391/4391/4391
f 4393/4393/4393 4387/4387/4387 4385/4385/4385
f 4387/4387/4387 4393/4393/4393 4392/4392/4392
f 4394/4394/4394 4385/4385/4385 4383/4383/4383
f 4385/4385/4385 4394/4394/4394 4393/4393/4393
f 4301/4301/4301 4391/4391/4391 4395/4395/4395
f 4392/4392/4392 4395/4395/4395 4391/4391/4391
f 4393/4393/4393 4396/4396/4396 4392/4392/4392
f 4395/4395/4395 4392/4392/4392 4396/4396/4396
f 4395/4395/4395 4397/4397/4397 4301/4301/4301
f 4300/4300/4300 4301/4301/4301 4397/4397/4397
f 4317/4317/4317 4300/4300/4300 4397/4397/4397
f 4397/4397/4397 4395/4395/4395 4398/4398/4398
f 4398/4398/4398 4317/4317/4317 4397/4397/4397
f 4396/4396/4396 4398/4398/4398 4395/4395/4395
f 4317/4317/4317 4398/4398/4398 4333/4333/4333
f 4341/4341/4341 4333/4333/4333 4398/4398/4398
f 4398/4398/4398 4396/4396/4396 4341/4341/4341
f 4396/4396/4396 4393/4393/4393 4399/4399/4399
f 4399/4399/4399 4341/4341/4341 4396/4396/4396
f 4394/4394/4394 4399/4399/4399 4393/4393/4393
f 4341/4341/4341 4399/4399/4399 4342/4342/4342
f 4399/4399/4399 4394/4394/4394 4400/4400/4400
f 4400/4400/4400 4342/4342/4342 4399/4399/4399
f 4401/4401/4401 4400/4400/4400 4394/4394/4394
f 4383/4383/4383 4401/4401/4401 4394/4394/4394
f 4365/4365/4365 4401/4401/4401 4383/4383/4383
f 4342/4342/4342 4400/4400/4400 4402/4402/4402
f 4358/4358/4358 4342/4342/4342 4402/4402/4402
f 4365/4365/4365 4403/4403/4403 4401/4401/4401
f 4365/4365/4365 4364/4364/4364 4403/4403/4403
f 4400/4400/4400 4401/4401/4401 4404/4404/4404
f 4404/4404/4404 4402/4402/4402 4400/4400/4400
f 4403/4403/4403 4404/4404/4404 4401/4401/4401
f 4364/4364/4364 4405/4405/4405 4403/4403/4403
f 4404/4404/4404 4403/4403/4403 4405/4405/4405
f 4405/4405/4405 4364/4364/4364 4359/4359/4359
f 4402/4402/4402 4406/4406/4406 4358/4358/4358
f 4402/4402/4402 4404/4404/4404 4406/4406/4406
f 4359/4359/4359 4358/4358/4358 4407/4407/4407
f 4407/4407/4407 4405/4405/4405 4359/4359/4359
f 4406/4406/4406 4407/4407/4407 4358/4358/4358
f 4408/4408/4408 4404/4404/4404 4405/4405/4405
f 4404/4404/4404 4408/4408/4408 4406/4406/4406
f 4405/4405/4405 4407/4407/4407 4408/4408/4408
f 4407/4407/4407 4406/4406/4406 4408/4408/4408
f 4409/4409/4409 4410/4410/4410 4411/4411/4411
f 4412/4412/4412 4409/4409/4409 4411/4411/4411
f 4413/4413/4413 4410/4410/4410 4409/4409/4409
f 4410/4410/4410 4413/4413/4413 4414/4414/4414
f 4409/4409/4409 4412/4412/4412 4415/4415/4415
f 4416/4416/4416 4415/4415/4415 4412/4412/4412
f 4417/4417/4417 4413/4413/4413 4409/4409/4409
f 4415/4415/4415 4417/4417/4417 4409/4409/4409
f 4418/4418/4418 4414/4414/4414 4413/4413/4413
f 4414/4414/4414 4418/4418/4418 4419/4419/4419
f 4418/4418/4418 4420/4420/4420 4419/4419/4419
f 4415/4415/4415 4416/4416/4416 4421/4421/4421
f 4422/4422/4422 4421/4421/4421 4416/4416/4416
f 4413/4413/4413 4423/4423/4423 4418/4418/4418
f 4413/4413/4413 4417/4417/4417 4423/4423/4423
f 4424/4424/4424 4420/4420/4420 4418/4418/4418
f 4423/4423/4423 4424/4424/4424 4418/4418/4418
f 4424/4424/4424 4425/4425/4425 4420/4420/4420
f 4426/4426/4426 4415/4415/4415 4421/4421/4421
f 4415/4415/4415 4426/4426/4426 4417/4417/4417
f 4421/4421/4421 4422/4422/4422 4427/4427/4427
f 4427/4427/4427 4426/4426/4426 4421/4421/4421
f 4428/4428/4428 4427/4427/4427 4422/4422/4422
f 4429/4429/4429 4423/4423/4423 4417/4417/4417
f 4424/4424/4424 4423/4423/4423 4429/4429/4429
f 4430/4430/4430 4425/4425/4425 4424/4424/4424
f 4430/4430/4430 4424/4424/4424 4429/4429/4429
f 4425/4425/4425 4430/4430/4430 4431/4431/4431
f 4430/4430/4430 4432/4432/4432 4431/4431/4431
f 4427/4427/4427 4428/4428/4428 4433/4433/4433
f 4434/4434/4434 4433/4433/4433 4428/4428/4428
f 4429/4429/4429 4417/4417/4417 4435/4435/4435
f 4426/4426/4426 4435/4435/4435 4417/4417/4417
f 4429/4429/4429 4436/4436/4436 4430/4430/4430
f 4432/4432/4432 4430/4430/4430 4436/4436/4436
f 4436/4436/4436 4429/4429/4429 4435/4435/4435
f 4437/4437/4437 4432/4432/4432 4436/4436/4436
f 4435/4435/4435 4437/4437/4437 4436/4436/4436
f 4432/4432/4432 4437/4437/4437 4438/4438/4438
f 4439/4439/4439 4438/4438/4438 4437/4437/4437
f 4435/4435/4435 4439/4439/4439 4437/4437/4437
f 4438/4438/4438 4439/4439/4439 4440/4440/4440
f 4441/4441/4441 4427/4427/4427 4433/4433/4433
f 4427/4427/4427 4441/4441/4441 4426/4426/4426
f 4435/4435/4435 4426/4426/4426 4442/4442/4442
f 4439/4439/4439 4435/4435/4435 4442/4442/4442
f 4441/4441/4441 4442/4442/4442 4426/4426/4426
f 4443/4443/4443 4440/4440/4440 4439/4439/4439
f 4443/4443/4443 4439/4439/4439 4442/4442/4442
f 4440/4440/4440 4443/4443/4443 4444/4444/4444
f 4443/4443/4443 4434/4434/4434 4444/4444/4444
f 4441/4441/4441 4433/4433/4433 4445/4445/4445
f 4445/4445/4445 4442/4442/4442 4441/4441/4441
f 4442/4442/4442 4445/4445/4445 4443/4443/4443
f 4434/4434/4434 4443/4443/4443 4445/4445/4445
f 4433/4433/4433 4434/4434/4434 4445/4445/4445
f 4446/4446/4446 4447/4447/4447 4448/4448/4448
f 4446/4446/4446 4449/4449/4449 4447/4447/4447
f 4448/4448/4448 4450/4450/4450 4446/4446/4446
f 4450/4450/4450 4448/4448/4448 4451/4451/4451
f 4449/4449/4449 4446/4446/4446 4452/4452/4452
f 4452/4452/4452 4453/4453/4453 4449/4449/4449
f 4450/4450/4450 4454/4454/4454 4446/4446/4446
f 4452/4452/4452 4446/4446/4446 4454/4454/4454
f 4451/4451/4451 4455/4455/4455 4450/4450/4450
f 4455/4455/4455 4451/4451/4451 4456/4456/4456
f 4457/4457/4457 4455/4455/4455 4456/4456/4456
f 4453/4453/4453 4452/4452/4452 4458/4458/4458
f 4458/4458/4458 4459/4459/4459 4453/4453/4453
f 4450/4450/4450 4455/4455/4455 4460/4460/4460
f 4454/4454/4454 4450/4450/4450 4460/4460/4460
f 4461/4461/4461 4455/4455/4455 4457/4457/4457
f 4461/4461/4461 4460/4460/4460 4455/4455/4455
f 4461/4461/4461 4457/4457/4457 4462/4462/4462
f 4452/4452/4452 4463/4463/4463 4458/4458/4458
f 4463/4463/4463 4452/4452/4452 4454/4454/4454
f 4459/4459/4459 4458/4458/4458 4464/4464/4464
f 4464/4464/4464 4458/4458/4458 4463/4463/4463
f 4464/4464/4464 4465/4465/4465 4459/4459/4459
f 4466/4466/4466 4454/4454/4454 4460/4460/4460
f 4460/4460/4460 4461/4461/4461 4466/4466/4466
f 4462/4462/4462 4467/4467/4467 4461/4461/4461
f 4467/4467/4467 4466/4466/4466 4461/4461/4461
f 4467/4467/4467 4462/4462/4462 4468/4468/4468
f 4469/4469/4469 4467/4467/4467 4468/4468/4468
f 4465/4465/4465 4464/4464/4464 4470/4470/4470
f 4470/4470/4470 4471/4471/4471 4465/4465/4465
f 4466/4466/4466 4472/4472/4472 4454/4454/4454
f 4472/4472/4472 4463/4463/4463 4454/4454/4454
f 4473/4473/4473 4466/4466/4466 4467/4467/4467
f 4467/4467/4467 4469/4469/4469 4473/4473/4473
f 4466/4466/4466 4473/4473/4473 4472/4472/4472
f 4469/4469/4469 4474/4474/4474 4473/4473/4473
f 4472/4472/4472 4473/4473/4473 4474/4474/4474
f 4474/4474/4474 4469/4469/4469 4475/4475/4475
f 4475/4475/4475 4476/4476/4476 4474/4474/4474
f 4476/4476/4476 4472/4472/4472 4474/4474/4474
f 4476/4476/4476 4475/4475/4475 4477/4477/4477
f 4478/4478/4478 4464/4464/4464 4463/4463/4463
f 4464/4464/4464 4478/4478/4478 4470/4470/4470
f 4463/4463/4463 4472/4472/4472 4479/4479/4479
f 4472/4472/4472 4476/4476/4476 4479/4479/4479
f 4478/4478/4478 4463/4463/4463 4479/4479/4479
f 4477/4477/4477 4480/4480/4480 4476/4476/4476
f 4480/4480/4480 4479/4479/4479 4476/4476/4476
f 4480/4480/4480 4477/4477/4477 4481/4481/4481
f 4471/4471/4471 4480/4480/4480 4481/4481/4481
f 4478/4478/4478 4482/4482/4482 4470/4470/4470
f 4479/4479/4479 4482/4482/4482 4478/4478/4478
f 4471/4471/4471 4470/4470/4470 4482/4482/4482
f 4480/4480/4480 4471/4471/4471 4482/4482/4482
f 4482/4482/4482 4479/4479/4479 4480/4480/4480
f 4483/4483/4483 4484/4484/4484 4485/4485/4485
f 4486/4486/4486 4483/4483/4483 4485/4485/4485
f 4484/4484/4484 4483/4483/4483 4487/4487/4487
f 4487/4487/4487 4488/4488/4488 4484/4484/4484
f 4488/4488/4488 4489/4489/4489 4484/4484/4484
f 4483/4483/4483 4486/4486/4486 4490/4490/4490
f 4483/4483/4483 4491/4491/4491 4487/4487/4487
f 4483/4483/4483 4490/4490/4490 4491/4491/4491
f 4487/4487/4487 4491/4491/4491 4492/4492/4492
f 4492/4492/4492 4488/4488/4488 4487/4487/4487
f 4490/4490/4490 4493/4493/4493 4491/4491/4491
f 4494/4494/4494 4488/4488/4488 4492/4492/4492
f 4495/4495/4495 4490/4490/4490 4486/4486/4486
f 4495/4495/4495 4493/4493/4493 4490/4490/4490
f 4496/4496/4496 4495/4495/4495 4486/4486/4486
f 4495/4495/4495 4497/4497/4497 4493/4493/4493
f 4495/4495/4495 4496/4496/4496 4497/4497/4497
f 4497/4497/4497 4498/4498/4498 4493/4493/4493
f 4499/4499/4499 4497/4497/4497 4496/4496/4496
f 4499/4499/4499 4498/4498/4498 4497/4497/4497
f 4500/4500/4500 4499/4499/4499 4496/4496/4496
f 4501/4501/4501 4488/4488/4488 4494/4494/4494
f 4489/4489/4489 4488/4488/4488 4501/4501/4501
f 4494/4494/4494 4502/4502/4502 4501/4501/4501
f 4501/4501/4501 4502/4502/4502 4489/4489/4489
f 4503/4503/4503 4502/4502/4502 4494/4494/4494
f 4504/4504/4504 4498/4498/4498 4499/4499/4499
f 4499/4499/4499 4500/4500/4500 4504/4504/4504
f 4504/4504/4504 4505/4505/4505 4498/4498/4498
f 4505/4505/4505 4504/4504/4504 4500/4500/4500
f 4489/4489/4489 4505/4505/4505 4500/4500/4500
f 4498/4498/4498 4505/4505/4505 4503/4503/4503
f 4502/4502/4502 4506/4506/4506 4489/4489/4489
f 4505/4505/4505 4489/4489/4489 4506/4506/4506
f 4506/4506/4506 4502/4502/4502 4503/4503/4503
f 4503/4503/4503 4505/4505/4505 4506/4506/4506
f 4507/4507/4507 4508/4508/4508 4509/4509/4509
f 4510/4510/4510 4507/4507/4507 4509/4509/4509
f 4508/4508/4508 4507/4507/4507 4511/4511/4511
f 4511/4511/4511 4512/4512/4512 4508/4508/4508
f 4512/4512/4512 4513/4513/4513 4508/4508/4508
f 4507/4507/4507 4510/4510/4510 4514/4514/4514
f 4507/4507/4507 4515/4515/4515 4511/4511/4511
f 4507/4507/4507 4514/4514/4514 4515/4515/4515
f 4511/4511/4511 4515/4515/4515 4516/4516/4516
f 4516/4516/4516 4512/4512/4512 4511/4511/4511
f 4514/4514/4514 4517/4517/4517 4515/4515/4515
f 4518/4518/4518 4512/4512/4512 4516/4516/4516
f 4519/4519/4519 4514/4514/4514 4510/4510/4510
f 4519/4519/4519 4517/4517/4517 4514/4514/4514
f 4520/4520/4520 4519/4519/4519 4510/4510/4510
f 4519/4519/4519 4521/4521/4521 4517/4517/4517
f 4519/4519/4519 4520/4520/4520 4521/4521/4521
f 4521/4521/4521 4522/4522/4522 4517/4517/4517
f 4523/4523/4523 4521/4521/4521 4520/4520/4520
f 4523/4523/4523 4522/4522/4522 4521/4521/4521
f 4524/4524/4524 4523/4523/4523 4520/4520/4520
f 4525/4525/4525 4512/4512/4512 4518/4518/4518
f 4513/4513/4513 4512/4512/4512 4525/4525/4525
f 4518/4518/4518 4526/4526/4526 4525/4525/4525
f 4525/4525/4525 4526/4526/4526 4513/4513/4513
f 4527/4527/4527 4526/4526/4526 4518/4518/4518
f 4528/4528/4528 4522/4522/4522 4523/4523/4523
f 4523/4523/4523 4524/4524/4524 4528/4528/4528
f 4528/4528/4528 4529/4529/4529 4522/4522/4522
f 4529/4529/4529 4528/4528/4528 4524/4524/4524
f 4513/4513/4513 4529/4529/4529 4524/4524/4524
f 4522/4522/4522 4529/4529/4529 4527/4527/4527
f 4526/4526/4526 4530/4530/4530 4513/4513/4513
f 4529/4529/4529 4513/4513/4513 4530/4530/4530
f 4530/4530/4530 4526/4526/4526 4527/4527/4527
f 4527/4527/4527 4529/4529/4529 4530/4530/4530
f 4531/4531/4531 4532/4532/4532 4533/4533/4533
f 4534/4534/4534 4531/4531/4531 4533/4533/4533
f 4532/4532/4532 4531/4531/4531 4535/4535/4535
f 4535/4535/4535 4536/4536/4536 4532/4532/4532
f 4536/4536/4536 4537/4537/4537 4532/4532/4532
f 4531/4531/4531 4534/4534/4534 4538/4538/4538
f 4531/4531/4531 4539/4539/4539 4535/4535/4535
f 4531/4531/4531 4538/4538/4538 4539/4539/4539
f 4535/4535/4535 4539/4539/4539 4540/4540/4540
f 4540/4540/4540 4536/4536/4536 4535/4535/4535
f 4538/4538/4538 4541/4541/4541 4539/4539/4539
f 4542/4542/4542 4536/4536/4536 4540/4540/4540
f 4543/4543/4543 4538/4538/4538 4534/4534/4534
f 4543/4543/4543 4541/4541/4541 4538/4538/4538
f 4544/4544/4544 4543/4543/4543 4534/4534/4534
f 4543/4543/4543 4545/4545/4545 4541/4541/4541
f 4543/4543/4543 4544/4544/4544 4545/4545/4545
f 4545/4545/4545 4546/4546/4546 4541/4541/4541
f 4547/4547/4547 4545/4545/4545 4544/4544/4544
f 4547/4547/4547 4546/4546/4546 4545/4545/4545
f 4548/4548/4548 4547/4547/4547 4544/4544/4544
f 4549/4549/4549 4536/4536/4536 4542/4542/4542
f 4537/4537/4537 4536/4536/4536 4549/4549/4549
f 4542/4542/4542 4550/4550/4550 4549/4549/4549
f 4549/4549/4549 4550/4550/4550 4537/4537/4537
f 4551/4551/4551 4550/4550/4550 4542/4542/4542
f 4552/4552/4552 4546/4546/4546 4547/4547/4547
f 4547/4547/4547 4548/4548/4548 4552/4552/4552
f 4552/4552/4552 4553/4553/4553 4546/4546/4546
f 4553/4553/4553 4552/4552/4552 4548/4548/4548
f 4537/4537/4537 4553/4553/4553 4548/4548/4548
f 4546/4546/4546 4553/4553/4553 4551/4551/4551
f 4550/4550/4550 4554/4554/4554 4537/4537/4537
f 4553/4553/4553 4537/4537/4537 4554/4554/4554
f 4554/4554/4554 4550/4550/4550 4551/4551/4551
f 4551/4551/4551 4553/4553/4553 4554/4554/4554
f 4555/4555/4555 4556/4556/4556 4557/4557/4557
f 4556/4556/4556 4558/4558/4558 4557/4557/4557
f 4556/4556/4556 4555/4555/4555 4559/4559/4559
f 4559/4559/4559 4555/4555/4555 4560/4560/4560
f 4561/4561/4561 4560/4560/4560 4555/4555/4555
f 4558/4558/4558 4556/4556/4556 4562/4562/4562
f 4556/4556/4556 4559/4559/4559 4563/4563/4563
f 4556/4556/4556 4563/4563/4563 4562/4562/4562
f 4563/4563/4563 4559/4559/4559 4564/4564/4564
f 4560/4560/4560 4564/4564/4564 4559/4559/4559
f 4565/4565/4565 4562/4562/4562 4563/4563/4563
f 4560/4560/4560 4566/4566/4566 4564/4564/4564
f 4567/4567/4567 4558/4558/4558 4562/4562/4562
f 4567/4567/4567 4562/4562/4562 4565/4565/4565
f 4567/4567/4567 4568/4568/4568 4558/4558/4558
f 4567/4567/4567 4565/4565/4565 4569/4569/4569
f 4568/4568/4568 4567/4567/4567 4569/4569/4569
f 4570/4570/4570 4569/4569/4569 4565/4565/4565
f 4571/4571/4571 4568/4568/4568 4569/4569/4569
f 4570/4570/4570 4571/4571/4571 4569/4569/4569
f 4571/4571/4571 4572/4572/4572 4568/4568/4568
f 4573/4573/4573 4566/4566/4566 4560/4560/4560
f 4560/4560/4560 4561/4561/4561 4573/4573/4573
f 4574/4574/4574 4566/4566/4566 4573/4573/4573
f 4573/4573/4573 4561/4561/4561 4574/4574/4574
f 4574/4574/4574 4575/4575/4575 4566/4566/4566
f 4576/4576/4576 4571/4571/4571 4570/4570/4570
f 4572/4572/4572 4571/4571/4571 4576/4576/4576
f 4576/4576/4576 4570/4570/4570 4577/4577/4577
f 4577/4577/4577 4572/4572/4572 4576/4576/4576
f 4577/4577/4577 4561/4561/4561 4572/4572/4572
f 4577/4577/4577 4570/4570/4570 4575/4575/4575
f 4574/4574/4574 4561/4561/4561 4578/4578/4578
f 4561/4561/4561 4577/4577/4577 4578/4578/4578
f 4578/4578/4578 4575/4575/4575 4574/4574/4574
f 4577/4577/4577 4575/4575/4575 4578/4578/4578
f 4579/4579/4579 4580/4580/4580 4581/4581/4581
f 4580/4580/4580 4582/4582/4582 4581/4581/4581
f 4580/4580/4580 4579/4579/4579 4583/4583/4583
f 4583/4583/4583 4579/4579/4579 4584/4584/4584
f 4585/4585/4585 4584/4584/4584 4579/4579/4579
f 4582/4582/4582 4580/4580/4580 4586/4586/4586
f 4580/4580/4580 4583/4583/4583 4587/4587/4587
f 4580/4580/4580 4587/4587/4587 4586/4586/4586
f 4587/4587/4587 4583/4583/4583 4588/4588/4588
f 4584/4584/4584 4588/4588/4588 4583/4583/4583
f 4589/4589/4589 4586/4586/4586 4587/4587/4587
f 4584/4584/4584 4590/4590/4590 4588/4588/4588
f 4591/4591/4591 4582/4582/4582 4586/4586/4586
f 4591/4591/4591 4586/4586/4586 4589/4589/4589
f 4591/4591/4591 4592/4592/4592 4582/4582/4582
f 4591/4591/4591 4589/4589/4589 4593/4593/4593
f 4592/4592/4592 4591/4591/4591 4593/4593/4593
f 4594/4594/4594 4593/4593/4593 4589/4589/4589
f 4595/4595/4595 4592/4592/4592 4593/4593/4593
f 4594/4594/4594 4595/4595/4595 4593/4593/4593
f 4595/4595/4595 4596/4596/4596 4592/4592/4592
f 4597/4597/4597 4590/4590/4590 4584/4584/4584
f 4584/4584/4584 4585/4585/4585 4597/4597/4597
f 4598/4598/4598 4590/4590/4590 4597/4597/4597
f 4597/4597/4597 4585/4585/4585 4598/4598/4598
f 4598/4598/4598 4599/4599/4599 4590/4590/4590
f 4600/4600/4600 4595/4595/4595 4594/4594/4594
f 4596/4596/4596 4595/4595/4595 4600/4600/4600
f 4600/4600/4600 4594/4594/4594 4601/4601/4601
f 4601/4601/4601 4596/4596/4596 4600/4600/4600
f 4601/4601/4601 4585/4585/4585 4596/4596/4596
f 4601/4601/4601 4594/4594/4594 4599/4599/4599
f 4598/4598/4598 4585/4585/4585 4602/4602/4602
f 4585/4585/4585 4601/4601/4601 4602/4602/4602
f 4602/4602/4602 4599/4599/4599 4598/4598/4598
f 4601/4601/4601 4599/4599/4599 4602/4602/4602
f 4603/4603/4603 4604/4604/4604 4605/4605/4605
f 4604/4604/4604 4606/4606/4606 4605/4605/4605
f 4604/4604/4604 4603/4603/4603 4607/4607/4607
f 4607/4607/4607 4603/4603/4603 4608/4608/4608
f 4609/4609/4609 4608/4608/4608 4603/4603/4603
f 4606/4606/4606 4604/4604/4604 4610/4610/4610
f 4604/4604/4604 4607/4607/4607 4611/4611/4611
f 4604/4604/4604 4611/4611/4611 4610/4610/4610
f 4611/4611/4611 4607/4607/4607 4612/4612/4612
f 4608/4608/4608 4612/4612/4612 4607/4607/4607
f 4613/4613/4613 4610/4610/4610 4611/4611/4611
f 4608/4608/4608 4614/4614/4614 4612/4612/4612
f 4615/4615/4615 4606/4606/4606 4610/4610/4610
f 4615/4615/4615 4610/4610/4610 4613/4613/4613
f 4615/4615/4615 4616/4616/4616 4606/4606/4606
f 4615/4615/4615 4613/4613/4613 4617/4617/4617
f 4616/4616/4616 4615/4615/4615 4617/4617/4617
f 4618/4618/4618 4617/4617/4617 4613/4613/4613
f 4619/4619/4619 4616/4616/4616 4617/4617/4617
f 4618/4618/4618 4619/4619/4619 4617/4617/4617
f 4619/4619/4619 4620/4620/4620 4616/4616/4616
f 4621/4621/4621 4614/4614/4614 4608/4608/4608
f 4608/4608/4608 4609/4609/4609 4621/4621/4621
f 4622/4622/4622 4614/4614/4614 4621/4621/4621
f 4621/4621/4621 4609/4609/4609 4622/4622/4622
f 4622/4622/4622 4623/4623/4623 4614/4614/4614
f 4624/4624/4624 4619/4619/4619 4618/4618/4618
f 4620/4620/4620 4619/4619/4619 4624/4624/4624
f 4624/4624/4624 4618/4618/4618 4625/4625/4625
f 4625/4625/4625 4620/4620/4620 4624/4624/4624
f 4625/4625/4625 4609/4609/4609 4620/4620/4620
f 4625/4625/4625 4618/4618/4618 4623/4623/4623
f 4622/4622/4622 4609/4609/4609 4626/4626/4626
f 4609/4609/4609 4625/4625/4625 4626/4626/4626
f 4626/4626/4626 4623/4623/4623 4622/4622/4622
f 4625/4625/4625 4623/4623/4623 4626/4626/4626
f 4627/4627/4627 4628/4628/4628 4629/4629/4629
f 4630/4630/4630 4627/4627/4627 4629/4629/4629
f 4628/4628/4628 4627/4627/4627 4631/4631/4631
f 4631/4631/4631 4632/4632/4632 4628/4628/4628
f 4627/4627/4627 4630/4630/4630 4633/4633/4633
f 4630/4630/4630 4634/4634/4634 4633/4633/4633
f 4634/4634/4634 4630/4630/4630 4635/4635/4635
f 4636/4636/4636 4627/4627/4627 4633/4633/4633
f 4634/4634/4634 4636/4636/4636 4633/4633/4633
f 4635/4635/4635 4637/4637/4637 4634/4634/4634
f 4637/4637/4637 4635/4635/4635 4638/4638/4638
f 4639/4639/4639 4631/4631/4631 4627/4627/4627
f 4627/4627/4627 4636/4636/4636 4639/4639/4639
f 4636/4636/4636 4640/4640/4640 4639/4639/4639
f 4636/4636/4636 4634/4634/4634 4641/4641/4641
f 4637/4637/4637 4641/4641/4641 4634/4634/4634
f 4641/4641/4641 4640/4640/4640 4636/4636/4636
f 4638/4638/4638 4642/4642/4642 4637/4637/4637
f 4642/4642/4642 4638/4638/4638 4643/4643/4643
f 4644/4644/4644 4642/4642/4642 4643/4643/4643
f 4641/4641/4641 4637/4637/4637 4645/4645/4645
f 4645/4645/4645 4640/4640/4640 4641/4641/4641
f 4642/4642/4642 4645/4645/4645 4637/4637/4637
f 4645/4645/4645 4642/4642/4642 4646/4646/4646
f 4646/4646/4646 4640/4640/4640 4645/4645/4645
f 4642/4642/4642 4644/4644/4644 4647/4647/4647
f 4647/4647/4647 4646/4646/4646 4642/4642/4642
f 4644/4644/4644 4648/4648/4648 4647/4647/4647
f 4648/4648/4648 4644/4644/4644 4649/4649/4649
f 4646/4646/4646 4647/4647/4647 4650/4650/4650
f 4650/4650/4650 4640/4640/4640 4646/4646/4646
f 4648/4648/4648 4650/4650/4650 4647/4647/4647
f 4639/4639/4639 4640/4640/4640 4651/4651/4651
f 4631/4631/4631 4639/4639/4639 4651/4651/4651
f 4652/4652/4652 4640/4640/4640 4650/4650/4650
f 4650/4650/4650 4648/4648/4648 4652/4652/4652
f 4651/4651/4651 4640/4640/4640 4653/4653/4653
f 4653/4653/4653 4631/4631/4631 4651/4651/4651
f 4654/4654/4654 4640/4640/4640 4652/4652/4652
f 4649/4649/4649 4655/4655/4655 4648/4648/4648
f 4655/4655/4655 4652/4652/4652 4648/4648/4648
f 4652/4652/4652 4655/4655/4655 4654/4654/4654
f 4655/4655/4655 4649/4649/4649 4656/4656/4656
f 4656/4656/4656 4657/4657/4657 4655/4655/4655
f 4657/4657/4657 4654/4654/4654 4655/4655/4655
f 4657/4657/4657 4656/4656/4656 4658/4658/4658
f 4631/4631/4631 4653/4653/4653 4659/4659/4659
f 4632/4632/4632 4631/4631/4631 4659/4659/4659
f 4654/4654/4654 4657/4657/4657 4660/4660/4660
f 4660/4660/4660 4640/4640/4640 4654/4654/4654
f 4658/4658/4658 4661/4661/4661 4657/4657/4657
f 4661/4661/4661 4660/4660/4660 4657/4657/4657
f 4661/4661/4661 4658/4658/4658 4662/4662/4662
f 4663/4663/4663 4659/4659/4659 4653/4653/4653
f 4653/4653/4653 4640/4640/4640 4663/4663/4663
f 4664/4664/4664 4632/4632/4632 4659/4659/4659
f 4659/4659/4659 4663/4663/4663 4664/4664/4664
f 4632/4632/4632 4664/4664/4664 4665/4665/4665
f 4666/4666/4666 4664/4664/4664 4663/4663/4663
f 4663/4663/4663 4640/4640/4640 4666/4666/4666
f 4667/4667/4667 4665/4665/4665 4664/4664/4664
f 4664/4664/4664 4666/4666/4666 4667/4667/4667
f 4665/4665/4665 4667/4667/4667 4668/4668/4668
f 4667/4667/4667 4669/4669/4669 4668/4668/4668
f 4670/4670/4670 4667/4667/4667 4666/4666/4666
f 4666/4666/4666 4640/4640/4640 4670/4670/4670
f 4669/4669/4669 4667/4667/4667 4671/4671/4671
f 4667/4667/4667 4670/4670/4670 4671/4671/4671
f 4671/4671/4671 4672/4672/4672 4669/4669/4669
f 4673/4673/4673 4662/4662/4662 4672/4672/4672
f 4672/4672/4672 4671/4671/4671 4673/4673/4673
f 4670/4670/4670 4673/4673/4673 4671/4671/4671
f 4662/4662/4662 4673/4673/4673 4661/4661/4661
f 4673/4673/4673 4670/4670/4670 4674/4674/4674
f 4670/4670/4670 4640/4640/4640 4674/4674/4674
f 4674/4674/4674 4661/4661/4661 4673/4673/4673
f 4674/4674/4674 4640/4640/4640 4675/4675/4675
f 4661/4661/4661 4674/4674/4674 4675/4675/4675
f 4675/4675/4675 4640/4640/4640 4660/4660/4660
f 4660/4660/4660 4661/4661/4661 4675/4675/4675
f 4676/4676/4676 4677/4677/4677 4678/4678/4678
f 4677/4677/4677 4679/4679/4679 4678/4678/4678
f 4677/4677/4677 4676/4676/4676 4680/4680/4680
f 4681/4681/4681 4680/4680/4680 4676/4676/4676
f 4679/4679/4679 4677/4677/4677 4682/4682/4682
f 4683/4683/4683 4679/4679/4679 4682/4682/4682
f 4679/4679/4679 4683/4683/4683 4684/4684/4684
f 4677/4677/4677 4685/4685/4685 4682/4682/4682
f 4685/4685/4685 4683/4683/4683 4682/4682/4682
f 4686/4686/4686 4684/4684/4684 4683/4683/4683
f 4684/4684/4684 4686/4686/4686 4687/4687/4687
f 4680/4680/4680 4688/4688/4688 4677/4677/4677
f 4685/4685/4685 4677/4677/4677 4688/4688/4688
f 4685/4685/4685 4688/4688/4688 4689/4689/4689
f 4683/4683/4683 4685/4685/4685 4690/4690/4690
f 4690/4690/4690 4686/4686/4686 4683/4683/4683
f 4690/4690/4690 4685/4685/4685 4689/4689/4689
f 4691/4691/4691 4687/4687/4687 4686/4686/4686
f 4687/4687/4687 4691/4691/4691 4692/4692/4692
f 4691/4691/4691 4693/4693/4693 4692/4692/4692
f 4686/4686/4686 4690/4690/4690 4694/4694/4694
f 4694/4694/4694 4690/4690/4690 4689/4689/4689
f 4694/4694/4694 4691/4691/4691 4686/4686/4686
f 4691/4691/4691 4694/4694/4694 4695/4695/4695
f 4695/4695/4695 4694/4694/4694 4689/4689/4689
f 4693/4693/4693 4691/4691/4691 4696/4696/4696
f 4695/4695/4695 4696/4696/4696 4691/4691/4691
f 4697/4697/4697 4693/4693/4693 4696/4696/4696
f 4693/4693/4693 4697/4697/4697 4698/4698/4698
f 4696/4696/4696 4695/4695/4695 4699/4699/4699
f 4699/4699/4699 4695/4695/4695 4689/4689/4689
f 4699/4699/4699 4697/4697/4697 4696/4696/4696
f 4688/4688/4688 4700/4700/4700 4689/4689/4689
f 4688/4688/4688 4680/4680/4680 4700/4700/4700
f 4701/4701/4701 4699/4699/4699 4689/4689/4689
f 4697/4697/4697 4699/4699/4699 4701/4701/4701
f 4700/4700/4700 4702/4702/4702 4689/4689/4689
f 4680/4680/4680 4702/4702/4702 4700/4700/4700
f 4703/4703/4703 4701/4701/4701 4689/4689/4689
f 4704/4704/4704 4698/4698/4698 4697/4697/4697
f 4701/4701/4701 4704/4704/4704 4697/4697/4697
f 4704/4704/4704 4701/4701/4701 4703/4703/4703
f 4698/4698/4698 4704/4704/4704 4705/4705/4705
f 4706/4706/4706 4705/4705/4705 4704/4704/4704
f 4703/4703/4703 4706/4706/4706 4704/4704/4704
f 4705/4705/4705 4706/4706/4706 4707/4707/4707
f 4702/4702/4702 4680/4680/4680 4708/4708/4708
f 4680/4680/4680 4681/4681/4681 4708/4708/4708
f 4706/4706/4706 4703/4703/4703 4709/4709/4709
f 4709/4709/4709 4703/4703/4703 4689/4689/4689
f 4710/4710/4710 4707/4707/4707 4706/4706/4706
f 4709/4709/4709 4710/4710/4710 4706/4706/4706
f 4707/4707/4707 4710/4710/4710 4711/4711/4711
f 4708/4708/4708 4712/4712/4712 4702/4702/4702
f 4702/4702/4702 4712/4712/4712 4689/4689/4689
f 4681/4681/4681 4713/4713/4713 4708/4708/4708
f 4712/4712/4712 4708/4708/4708 4713/4713/4713
f 4713/4713/4713 4681/4681/4681 4714/4714/4714
f 4713/4713/4713 4715/4715/4715 4712/4712/4712
f 4712/4712/4712 4715/4715/4715 4689/4689/4689
f 4714/4714/4714 4716/4716/4716 4713/4713/4713
f 4715/4715/4715 4713/4713/4713 4716/4716/4716
f 4716/4716/4716 4714/4714/4714 4717/4717/4717
f 4718/4718/4718 4716/4716/4716 4717/4717/4717
f 4716/4716/4716 4719/4719/4719 4715/4715/4715
f 4715/4715/4715 4719/4719/4719 4689/4689/4689
f 4716/4716/4716 4718/4718/4718 4720/4720/4720
f 4719/4719/4719 4716/4716/4716 4720/4720/4720
f 4721/4721/4721 4720/4720/4720 4718/4718/4718
f 4711/4711/4711 4722/4722/4722 4721/4721/4721
f 4720/4720/4720 4721/4721/4721 4722/4722/4722
f 4722/4722/4722 4719/4719/4719 4720/4720/4720
f 4722/4722/4722 4711/4711/4711 4710/4710/4710
f 4719/4719/4719 4722/4722/4722 4723/4723/4723
f 4719/4719/4719 4723/4723/4723 4689/4689/4689
f 4710/4710/4710 4723/4723/4723 4722/4722/4722
f 4723/4723/4723 4724/4724/4724 4689/4689/4689
f 4723/4723/4723 4710/4710/4710 4724/4724/4724
f 4724/4724/4724 4709/4709/4709 4689/4689/4689
f 4710/4710/4710 4709/4709/4709 4724/4724/4724
f 4725/4725/4725 4726/4726/4726 4727/4727/4727
f 4726/4726/4726 4725/4725/4725 4728/4728/4728
f 4727/4727/4727 4729/4729/4729 4725/4725/4725
f 4728/4728/4728 4730/4730/4730 4726/4726/4726
f 4729/4729/4729 4727/4727/4727 4731/4731/4731
f 4730/4730/4730 4728/4728/4728 4732/4732/4732
f 4731/4731/4731 4733/4733/4733 4729/4729/4729
f 4732/4732/4732 4734/4734/4734 4730/4730/4730
f 4733/4733/4733 4731/4731/4731 4735/4735/4735
f 4734/4734/4734 4732/4732/4732 4736/4736/4736
f 4735/4735/4735 4737/4737/4737 4733/4733/4733
f 4736/4736/4736 4738/4738/4738 4734/4734/4734
f 4737/4737/4737 4735/4735/4735 4739/4739/4739
f 4738/4738/4738 4736/4736/4736 4740/4740/4740
f 4739/4739/4739 4741/4741/4741 4737/4737/4737
f 4740/4740/4740 4742/4742/4742 4738/4738/4738
f 4741/4741/4741 4739/4739/4739 4743/4743/4743
f 4742/4742/4742 4740/4740/4740 4744/4744/4744
f 4743/4743/4743 4745/4745/4745 4741/4741/4741
f 4744/4744/4744 4746/4746/4746 4742/4742/4742
f 4745/4745/4745 4743/4743/4743 4747/4747/4747
f 4746/4746/4746 4744/4744/4744 4748/4748/4748
f 4747/4747/4747 4749/4749/4749 4745/4745/4745
f 4748/4748/4748 4750/4750/4750 4746/4746/4746
f 4749/4749/4749 4747/4747/4747 4751/4751/4751
f 4750/4750/4750 4748/4748/4748 4752/4752/4752
f 4751/4751/4751 4753/4753/4753 4749/4749/4749
f 4752/4752/4752 4754/4754/4754 4750/4750/4750
f 4753/4753/4753 4751/4751/4751 4755/4755/4755
f 4754/4754/4754 4752/4752/4752 4756/4756/4756
f 4755/4755/4755 4756/4756/4756 4753/4753/4753
f 4756/4756/4756 4755/4755/4755 4754/4754/4754
f 4757/4757/4757 4758/4758/4758 4759/4759/4759
f 4758/4758/4758 4757/4757/4757 4760/4760/4760
f 4761/4761/4761 4759/4759/4759 4758/4758/4758
f 4762/4762/4762 4760/4760/4760 4757/4757/4757
f 4759/4759/4759 4761/4761/4761 4763/4763/4763
f 4760/4760/4760 4762/4762/4762 4764/4764/4764
f 4765/4765/4765 4763/4763/4763 4761/4761/4761
f 4766/4766/4766 4764/4764/4764 4762/4762/4762
f 4763/4763/4763 4765/4765/4765 4767/4767/4767
f 4764/4764/4764 4766/4766/4766 4768/4768/4768
f 4769/4769/4769 4767/4767/4767 4765/4765/4765
f 4770/4770/4770 4768/4768/4768 4766/4766/4766
f 4767/4767/4767 4769/4769/4769 4771/4771/4771
f 4768/4768/4768 4770/4770/4770 4772/4772/4772
f 4773/4773/4773 4771/4771/4771 4769/4769/4769
f 4774/4774/4774 4772/4772/4772 4770/4770/4770
f 4771/4771/4771 4773/4773/4773 4775/4775/4775
f 4772/4772/4772 4774/4774/4774 4776/4776/4776
f 4777/4777/4777 4775/4775/4775 4773/4773/4773
f 4778/4778/4778 4776/4776/4776 4774/4774/4774
f 4775/4775/4775 4777/4777/4777 4779/4779/4779
f 4776/4776/4776 4778/4778/4778 4780/4780/4780
f 4781/4781/4781 4779/4779/4779 4777/4777/4777
f 4782/4782/4782 4780/4780/4780 4778/4778/4778
f 4779/4779/4779 4781/4781/4781 4783/4783/4783
f 4780/4780/4780 4782/4782/4782 4784/4784/4784
f 4785/4785/4785 4783/4783/4783 4781/4781/4781
f 4786/4786/4786 4784/4784/4784 4782/4782/4782
f 4783/4783/4783 4785/4785/4785 4787/4787/4787
f 4784/4784/4784 4786/4786/4786 4788/4788/4788
f 4788/4788/4788 4787/4787/4787 4785/4785/4785
f 4787/4787/4787 4788/4788/4788 4786/4786/4786
f 4789/4789/4789 4790/4790/4790 4791/4791/4791
f 4790/4790/4790 4789/4789/4789 4792/4792/4792
f 4793/4793/4793 4792/4792/4792 4789/4789/4789
f 4794/4794/4794 4791/4791/4791 4790/4790/4790
f 4791/4791/4791 4794/4794/4794 4795/4795/4795
f 4792/4792/4792 4793/4793/4793 4796/4796/4796
f 4797/4797/4797 4796/4796/4796 4793/4793/4793
f 4798/4798/4798 4795/4795/4795 4794/4794/4794
f 4795/4795/4795 4798/4798/4798 4799/4799/4799
f 4796/4796/4796 4797/4797/4797 4800/4800/4800
f 4801/4801/4801 4800/4800/4800 4797/4797/4797
f 4802/4802/4802 4799/4799/4799 4798/4798/4798
f 4799/4799/4799 4802/4802/4802 4803/4803/4803
f 4800/4800/4800 4801/4801/4801 4804/4804/4804
f 4805/4805/4805 4804/4804/4804 4801/4801/4801
f 4806/4806/4806 4803/4803/4803 4802/4802/4802
f 4803/4803/4803 4806/4806/4806 4807/4807/4807
f 4804/4804/4804 4805/4805/4805 4808/4808/4808
f 4809/4809/4809 4808/4808/4808 4805/4805/4805
f 4810/4810/4810 4807/4807/4807 4806/4806/4806
f 4807/4807/4807 4810/4810/4810 4811/4811/4811
f 4808/4808/4808 4809/4809/4809 4812/4812/4812
f 4813/4813/4813 4812/4812/4812 4809/4809/4809
f 4814/4814/4814 4811/4811/4811 4810/4810/4810
f 4811/4811/4811 4814/4814/4814 4815/4815/4815
f 4812/4812/4812 4813/4813/4813 4816/4816/4816
f 4817/4817/4817 4816/4816/4816 4813/4813/4813
f 4818/4818/4818 4815/4815/4815 4814/4814/4814
f 4815/4815/4815 4818/4818/4818 4819/4819/4819
f 4819/4819/4819 4820/4820/4820 4817/4817/4817
f 4816/4816/4816 4817/4817/4817 4820/4820/4820
f 4820/4820/4820 4819/4819/4819 4818/4818/4818
f 4806/4806/4806 4821/4821/4821 4810/4810/4810
f 4810/4810/4810 4822/4822/4822 4814/4814/4814
f 4822/4822/4822 4810/4810/4810 4821/4821/4821
f 4821/4821/4821 4823/4823/4823 4822/4822/4822
f 4821/4821/4821 4806/4806/4806 4824/4824/4824
f 4824/4824/4824 4823/4823/4823 4821/4821/4821
f 4802/4802/4802 4824/4824/4824 4806/4806/4806
f 4825/4825/4825 4814/4814/4814 4822/4822/4822
f 4814/4814/4814 4825/4825/4825 4818/4818/4818
f 4822/4822/4822 4823/4823/4823 4825/4825/4825
f 4824/4824/4824 4802/4802/4802 4826/4826/4826
f 4826/4826/4826 4823/4823/4823 4824/4824/4824
f 4798/4798/4798 4826/4826/4826 4802/4802/4802
f 4827/4827/4827 4818/4818/4818 4825/4825/4825
f 4818/4818/4818 4827/4827/4827 4820/4820/4820
f 4825/4825/4825 4823/4823/4823 4827/4827/4827
f 4826/4826/4826 4798/4798/4798 4828/4828/4828
f 4828/4828/4828 4823/4823/4823 4826/4826/4826
f 4794/4794/4794 4828/4828/4828 4798/4798/4798
f 4829/4829/4829 4820/4820/4820 4827/4827/4827
f 4827/4827/4827 4823/4823/4823 4829/4829/4829
f 4830/4830/4830 4823/4823/4823 4828/4828/4828
f 4828/4828/4828 4794/4794/4794 4830/4830/4830
f 4829/4829/4829 4823/4823/4823 4831/4831/4831
f 4820/4820/4820 4829/4829/4829 4816/4816/4816
f 4831/4831/4831 4816/4816/4816 4829/4829/4829
f 4790/4790/4790 4830/4830/4830 4794/4794/4794
f 4816/4816/4816 4831/4831/4831 4812/4812/4812
f 4830/4830/4830 4790/4790/4790 4832/4832/4832
f 4832/4832/4832 4823/4823/4823 4830/4830/4830
f 4792/4792/4792 4832/4832/4832 4790/4790/4790
f 4833/4833/4833 4812/4812/4812 4831/4831/4831
f 4831/4831/4831 4823/4823/4823 4833/4833/4833
f 4812/4812/4812 4833/4833/4833 4808/4808/4808
f 4832/4832/4832 4792/4792/4792 4834/4834/4834
f 4834/4834/4834 4823/4823/4823 4832/4832/4832
f 4796/4796/4796 4834/4834/4834 4792/4792/4792
f 4835/4835/4835 4808/4808/4808 4833/4833/4833
f 4833/4833/4833 4823/4823/4823 4835/4835/4835
f 4808/4808/4808 4835/4835/4835 4804/4804/4804
f 4834/4834/4834 4796/4796/4796 4836/4836/4836
f 4836/4836/4836 4823/4823/4823 4834/4834/4834
f 4800/4800/4800 4836/4836/4836 4796/4796/4796
f 4837/4837/4837 4804/4804/4804 4835/4835/4835
f 4835/4835/4835 4823/4823/4823 4837/4837/4837
f 4804/4804/4804 4837/4837/4837 4800/4800/4800
f 4836/4836/4836 4800/4800/4800 4837/4837/4837
f 4837/4837/4837 4823/4823/4823 4836/4836/4836
f 4838/4838/4838 4839/4839/4839 4840/4840/4840
f 4839/4839/4839 4838/4838/4838 4841/4841/4841
f 4841/4841/4841 4842/4842/4842 4839/4839/4839
f 4840/4840/4840 4843/4843/4843 4838/4838/4838
f 4843/4843/4843 4840/4840/4840 4844/4844/4844
f 4842/4842/4842 4841/4841/4841 4845/4845/4845
f 4845/4845/4845 4846/4846/4846 4842/4842/4842
f 4844/4844/4844 4847/4847/4847 4843/4843/4843
f 4847/4847/4847 4844/4844/4844 4848/4848/4848
f 4846/4846/4846 4845/4845/4845 4849/4849/4849
f 4849/4849/4849 4850/4850/4850 4846/4846/4846
f 4848/4848/4848 4851/4851/4851 4847/4847/4847
f 4851/4851/4851 4848/4848/4848 4852/4852/4852
f 4850/4850/4850 4849/4849/4849 4853/4853/4853
f 4853/4853/4853 4854/4854/4854 4850/4850/4850
f 4852/4852/4852 4855/4855/4855 4851/4851/4851
f 4855/4855/4855 4852/4852/4852 4856/4856/4856
f 4854/4854/4854 4853/4853/4853 4857/4857/4857
f 4857/4857/4857 4858/4858/4858 4854/4854/4854
f 4856/4856/4856 4859/4859/4859 4855/4855/4855
f 4859/4859/4859 4856/4856/4856 4860/4860/4860
f 4858/4858/4858 4857/4857/4857 4861/4861/4861
f 4861/4861/4861 4862/4862/4862 4858/4858/4858
f 4860/4860/4860 4863/4863/4863 4859/4859/4859
f 4863/4863/4863 4860/4860/4860 4864/4864/4864
f 4862/4862/4862 4861/4861/4861 4865/4865/4865
f 4865/4865/4865 4866/4866/4866 4862/4862/4862
f 4864/4864/4864 4867/4867/4867 4863/4863/4863
f 4867/4867/4867 4864/4864/4864 4868/4868/4868
f 4869/4869/4869 4868/4868/4868 4866/4866/4866
f 4866/4866/4866 4865/4865/4865 4869/4869/4869
f 4868/4868/4868 4869/4869/4869 4867/4867/4867
f 4855/4855/4855 4859/4859/4859 4870/4870/4870
f 4859/4859/4859 4863/4863/4863 4871/4871/4871
f 4859/4859/4859 4872/4872/4872 4870/4870/4870
f 4859/4859/4859 4871/4871/4871 4872/4872/4872
f 4855/4855/4855 4870/4870/4870 4873/4873/4873
f 4872/4872/4872 4874/4874/4874 4870/4870/4870
f 4874/4874/4874 4873/4873/4873 4870/4870/4870
f 4855/4855/4855 4873/4873/4873 4875/4875/4875
f 4851/4851/4851 4855/4855/4855 4875/4875/4875
f 4863/4863/4863 4876/4876/4876 4871/4871/4871
f 4877/4877/4877 4872/4872/4872 4871/4871/4871
f 4876/4876/4876 4877/4877/4877 4871/4871/4871
f 4863/4863/4863 4867/4867/4867 4878/4878/4878
f 4863/4863/4863 4878/4878/4878 4876/4876/4876
f 4874/4874/4874 4872/4872/4872 4879/4879/4879
f 4872/4872/4872 4877/4877/4877 4879/4879/4879
f 4873/4873/4873 4880/4880/4880 4875/4875/4875
f 4851/4851/4851 4875/4875/4875 4881/4881/4881
f 4880/4880/4880 4881/4881/4881 4875/4875/4875
f 4873/4873/4873 4874/4874/4874 4882/4882/4882
f 4880/4880/4880 4873/4873/4873 4882/4882/4882
f 4879/4879/4879 4883/4883/4883 4874/4874/4874
f 4883/4883/4883 4882/4882/4882 4874/4874/4874
f 4851/4851/4851 4881/4881/4881 4884/4884/4884
f 4847/4847/4847 4851/4851/4851 4884/4884/4884
f 4885/4885/4885 4876/4876/4876 4878/4878/4878
f 4877/4877/4877 4876/4876/4876 4886/4886/4886
f 4876/4876/4876 4885/4885/4885 4886/4886/4886
f 4887/4887/4887 4879/4879/4879 4877/4877/4877
f 4886/4886/4886 4887/4887/4887 4877/4877/4877
f 4883/4883/4883 4879/4879/4879 4888/4888/4888
f 4879/4879/4879 4887/4887/4887 4888/4888/4888
f 4889/4889/4889 4885/4885/4885 4878/4878/4878
f 4867/4867/4867 4889/4889/4889 4878/4878/4878
f 4883/4883/4883 4888/4888/4888 4890/4890/4890
f 4888/4888/4888 4887/4887/4887 4890/4890/4890
f 4883/4883/4883 4890/4890/4890 4891/4891/4891
f 4887/4887/4887 4892/4892/4892 4890/4890/4890
f 4887/4887/4887 4886/4886/4886 4893/4893/4893
f 4887/4887/4887 4893/4893/4893 4892/4892/4892
f 4886/4886/4886 4894/4894/4894 4893/4893/4893
f 4893/4893/4893 4894/4894/4894 4892/4892/4892
f 4894/4894/4894 4886/4886/4886 4885/4885/4885
f 4894/4894/4894 4895/4895/4895 4892/4892/4892
f 4896/4896/4896 4883/4883/4883 4891/4891/4891
f 4882/4882/4882 4883/4883/4883 4896/4896/4896
f 4897/4897/4897 4896/4896/4896 4891/4891/4891
f 4897/4897/4897 4882/4882/4882 4896/4896/4896
f 4882/4882/4882 4897/4897/4897 4880/4880/4880
f 4897/4897/4897 4891/4891/4891 4898/4898/4898
f 4899/4899/4899 4894/4894/4894 4885/4885/4885
f 4885/4885/4885 4889/4889/4889 4899/4899/4899
f 4894/4894/4894 4900/4900/4900 4895/4895/4895
f 4894/4894/4894 4899/4899/4899 4900/4900/4900
f 4900/4900/4900 4901/4901/4901 4895/4895/4895
f 4899/4899/4899 4901/4901/4901 4900/4900/4900
f 4901/4901/4901 4902/4902/4902 4895/4895/4895
f 4897/4897/4897 4903/4903/4903 4880/4880/4880
f 4881/4881/4881 4880/4880/4880 4903/4903/4903
f 4904/4904/4904 4897/4897/4897 4898/4898/4898
f 4903/4903/4903 4897/4897/4897 4904/4904/4904
f 4905/4905/4905 4904/4904/4904 4898/4898/4898
f 4905/4905/4905 4903/4903/4903 4904/4904/4904
f 4905/4905/4905 4898/4898/4898 4906/4906/4906
f 4907/4907/4907 4881/4881/4881 4903/4903/4903
f 4903/4903/4903 4905/4905/4905 4907/4907/4907
f 4881/4881/4881 4907/4907/4907 4884/4884/4884
f 4907/4907/4907 4908/4908/4908 4884/4884/4884
f 4847/4847/4847 4884/4884/4884 4908/4908/4908
f 4905/4905/4905 4909/4909/4909 4907/4907/4907
f 4908/4908/4908 4907/4907/4907 4909/4909/4909
f 4910/4910/4910 4905/4905/4905 4906/4906/4906
f 4909/4909/4909 4905/4905/4905 4910/4910/4910
f 4911/4911/4911 4910/4910/4910 4906/4906/4906
f 4911/4911/4911 4909/4909/4909 4910/4910/4910
f 4911/4911/4911 4906/4906/4906 4912/4912/4912
f 4847/4847/4847 4908/4908/4908 4913/4913/4913
f 4843/4843/4843 4847/4847/4847 4913/4913/4913
f 4914/4914/4914 4908/4908/4908 4909/4909/4909
f 4908/4908/4908 4914/4914/4914 4913/4913/4913
f 4909/4909/4909 4911/4911/4911 4914/4914/4914
f 4915/4915/4915 4843/4843/4843 4913/4913/4913
f 4914/4914/4914 4915/4915/4915 4913/4913/4913
f 4911/4911/4911 4916/4916/4916 4914/4914/4914
f 4915/4915/4915 4914/4914/4914 4916/4916/4916
f 4917/4917/4917 4911/4911/4911 4912/4912/4912
f 4916/4916/4916 4911/4911/4911 4917/4917/4917
f 4918/4918/4918 4917/4917/4917 4912/4912/4912
f 4918/4918/4918 4916/4916/4916 4917/4917/4917
f 4918/4918/4918 4912/4912/4912 4919/4919/4919
f 4843/4843/4843 4915/4915/4915 4920/4920/4920
f 4838/4838/4838 4843/4843/4843 4920/4920/4920
f 4921/4921/4921 4915/4915/4915 4916/4916/4916
f 4915/4915/4915 4921/4921/4921 4920/4920/4920
f 4916/4916/4916 4918/4918/4918 4921/4921/4921
f 4922/4922/4922 4838/4838/4838 4920/4920/4920
f 4921/4921/4921 4922/4922/4922 4920/4920/4920
f 4918/4918/4918 4923/4923/4923 4921/4921/4921
f 4922/4922/4922 4921/4921/4921 4923/4923/4923
f 4924/4924/4924 4918/4918/4918 4919/4919/4919
f 4923/4923/4923 4918/4918/4918 4924/4924/4924
f 4925/4925/4925 4924/4924/4924 4919/4919/4919
f 4925/4925/4925 4923/4923/4923 4924/4924/4924
f 4925/4925/4925 4919/4919/4919 4926/4926/4926
f 4838/4838/4838 4922/4922/4922 4927/4927/4927
f 4841/4841/4841 4838/4838/4838 4927/4927/4927
f 4928/4928/4928 4922/4922/4922 4923/4923/4923
f 4922/4922/4922 4928/4928/4928 4927/4927/4927
f 4923/4923/4923 4925/4925/4925 4928/4928/4928
f 4841/4841/4841 4927/4927/4927 4929/4929/4929
f 4928/4928/4928 4929/4929/4929 4927/4927/4927
f 4925/4925/4925 4930/4930/4930 4928/4928/4928
f 4929/4929/4929 4928/4928/4928 4930/4930/4930
f 4931/4931/4931 4925/4925/4925 4926/4926/4926
f 4930/4930/4930 4925/4925/4925 4931/4931/4931
f 4932/4932/4932 4931/4931/4931 4926/4926/4926
f 4932/4932/4932 4930/4930/4930 4931/4931/4931
f 4932/4932/4932 4926/4926/4926 4933/4933/4933
f 4841/4841/4841 4929/4929/4929 4934/4934/4934
f 4845/4845/4845 4841/4841/4841 4934/4934/4934
f 4935/4935/4935 4929/4929/4929 4930/4930/4930
f 4929/4929/4929 4935/4935/4935 4934/4934/4934
f 4930/4930/4930 4932/4932/4932 4935/4935/4935
f 4845/4845/4845 4934/4934/4934 4936/4936/4936
f 4935/4935/4935 4936/4936/4936 4934/4934/4934
f 4932/4932/4932 4937/4937/4937 4935/4935/4935
f 4936/4936/4936 4935/4935/4935 4937/4937/4937
f 4938/4938/4938 4932/4932/4932 4933/4933/4933
f 4937/4937/4937 4932/4932/4932 4938/4938/4938
f 4939/4939/4939 4938/4938/4938 4933/4933/4933
f 4939/4939/4939 4937/4937/4937 4938/4938/4938
f 4939/4939/4939 4933/4933/4933 4940/4940/4940
f 4845/4845/4845 4936/4936/4936 4941/4941/4941
f 4849/4849/4849 4845/4845/4845 4941/4941/4941
f 4942/4942/4942 4936/4936/4936 4937/4937/4937
f 4936/4936/4936 4942/4942/4942 4941/4941/4941
f 4937/4937/4937 4939/4939/4939 4942/4942/4942
f 4849/4849/4849 4941/4941/4941 4943/4943/4943
f 4942/4942/4942 4943/4943/4943 4941/4941/4941
f 4939/4939/4939 4944/4944/4944 4942/4942/4942
f 4943/4943/4943 4942/4942/4942 4944/4944/4944
f 4945/4945/4945 4939/4939/4939 4940/4940/4940
f 4944/4944/4944 4939/4939/4939 4945/4945/4945
f 4946/4946/4946 4945/4945/4945 4940/4940/4940
f 4946/4946/4946 4944/4944/4944 4945/4945/4945
f 4946/4946/4946 4940/4940/4940 4947/4947/4947
f 4849/4849/4849 4943/4943/4943 4948/4948/4948
f 4853/4853/4853 4849/4849/4849 4948/4948/4948
f 4949/4949/4949 4943/4943/4943 4944/4944/4944
f 4943/4943/4943 4949/4949/4949 4948/4948/4948
f 4944/4944/4944 4946/4946/4946 4949/4949/4949
f 4853/4853/4853 4948/4948/4948 4950/4950/4950
f 4949/4949/4949 4950/4950/4950 4948/4948/4948
f 4946/4946/4946 4951/4951/4951 4949/4949/4949
f 4950/4950/4950 4949/4949/4949 4951/4951/4951
f 4952/4952/4952 4946/4946/4946 4947/4947/4947
f 4951/4951/4951 4946/4946/4946 4952/4952/4952
f 4953/4953/4953 4952/4952/4952 4947/4947/4947
f 4953/4953/4953 4951/4951/4951 4952/4952/4952
f 4953/4953/4953 4947/4947/4947 4954/4954/4954
f 4853/4853/4853 4950/4950/4950 4955/4955/4955
f 4857/4857/4857 4853/4853/4853 4955/4955/4955
f 4956/4956/4956 4950/4950/4950 4951/4951/4951
f 4950/4950/4950 4956/4956/4956 4955/4955/4955
f 4951/4951/4951 4953/4953/4953 4956/4956/4956
f 4857/4857/4857 4955/4955/4955 4957/4957/4957
f 4956/4956/4956 4957/4957/4957 4955/4955/4955
f 4953/4953/4953 4958/4958/4958 4956/4956/4956
f 4957/4957/4957 4956/4956/4956 4958/4958/4958
f 4959/4959/4959 4953/4953/4953 4954/4954/4954
f 4958/4958/4958 4953/4953/4953 4959/4959/4959
f 4960/4960/4960 4959/4959/4959 4954/4954/4954
f 4960/4960/4960 4958/4958/4958 4959/4959/4959
f 4960/4960/4960 4954/4954/4954 4961/4961/4961
f 4857/4857/4857 4957/4957/4957 4962/4962/4962
f 4861/4861/4861 4857/4857/4857 4962/4962/4962
f 4963/4963/4963 4957/4957/4957 4958/4958/4958
f 4957/4957/4957 4963/4963/4963 4962/4962/4962
f 4958/4958/4958 4960/4960/4960 4963/4963/4963
f 4861/4861/4861 4962/4962/4962 4964/4964/4964
f 4963/4963/4963 4964/4964/4964 4962/4962/4962
f 4960/4960/4960 4965/4965/4965 4963/4963/4963
f 4964/4964/4964 4963/4963/4963 4965/4965/4965
f 4966/4966/4966 4960/4960/4960 4961/4961/4961
f 4965/4965/4965 4960/4960/4960 4966/4966/4966
f 4967/4967/4967 4966/4966/4966 4961/4961/4961
f 4967/4967/4967 4965/4965/4965 4966/4966/4966
f 4967/4967/4967 4961/4961/4961 4968/4968/4968
f 4861/4861/4861 4964/4964/4964 4969/4969/4969
f 4865/4865/4865 4861/4861/4861 4969/4969/4969
f 4970/4970/4970 4964/4964/4964 4965/4965/4965
f 4964/4964/4964 4970/4970/4970 4969/4969/4969
f 4965/4965/4965 4967/4967/4967 4970/4970/4970
f 4865/4865/4865 4969/4969/4969 4971/4971/4971
f 4970/4970/4970 4971/4971/4971 4969/4969/4969
f 4967/4967/4967 4972/4972/4972 4970/4970/4970
f 4971/4971/4971 4970/4970/4970 4972/4972/4972
f 4973/4973/4973 4967/4967/4967 4968/4968/4968
f 4972/4972/4972 4967/4967/4967 4973/4973/4973
f 4974/4974/4974 4973/4973/4973 4968/4968/4968
f 4974/4974/4974 4972/4972/4972 4973/4973/4973
f 4974/4974/4974 4968/4968/4968 4902/4902/4902
f 4865/4865/4865 4971/4971/4971 4975/4975/4975
f 4869/4869/4869 4865/4865/4865 4975/4975/4975
f 4976/4976/4976 4971/4971/4971 4972/4972/4972
f 4971/4971/4971 4976/4976/4976 4975/4975/4975
f 4972/4972/4972 4974/4974/4974 4976/4976/4976
f 4977/4977/4977 4974/4974/4974 4902/4902/4902
f 4901/4901/4901 4977/4977/4977 4902/4902/4902
f 4978/4978/4978 4974/4974/4974 4977/4977/4977
f 4974/4974/4974 4978/4978/4978 4976/4976/4976
f 4901/4901/4901 4978/4978/4978 4977/4977/4977
f 4976/4976/4976 4979/4979/4979 4975/4975/4975
f 4869/4869/4869 4975/4975/4975 4979/4979/4979
f 4979/4979/4979 4976/4976/4976 4978/4978/4978
f 4978/4978/4978 4901/4901/4901 4980/4980/4980
f 4980/4980/4980 4979/4979/4979 4978/4978/4978
f 4901/4901/4901 4899/4899/4899 4980/4980/4980
f 4889/4889/4889 4980/4980/4980 4899/4899/4899
f 4869/4869/4869 4979/4979/4979 4981/4981/4981
f 4979/4979/4979 4980/4980/4980 4981/4981/4981
f 4980/4980/4980 4889/4889/4889 4981/4981/4981
f 4867/4867/4867 4869/4869/4869 4981/4981/4981
f 4867/4867/4867 4981/4981/4981 4889/4889/4889
f 4982/4982/4982 4983/4983/4983 4984/4984/4984
f 4983/4983/4983 4982/4982/4982 4985/4985/4985
f 4986/4986/4986 4984/4984/4984 4983/4983/4983
f 4987/4987/4987 4985/4985/4985 4982/4982/4982
f 4984/4984/4984 4986/4986/4986 4988/4988/4988
f 4985/4985/4985 4987/4987/4987 4989/4989/4989
f 4990/4990/4990 4988/4988/4988 4986/4986/4986
f 4991/4991/4991 4989/4989/4989 4987/4987/4987
f 4988/4988/4988 4990/4990/4990 4992/4992/4992
f 4989/4989/4989 4991/4991/4991 4993/4993/4993
f 4994/4994/4994 4992/4992/4992 4990/4990/4990
f 4995/4995/4995 4993/4993/4993 4991/4991/4991
f 4992/4992/4992 4994/4994/4994 4996/4996/4996
f 4993/4993/4993 4995/4995/4995 4997/4997/4997
f 4998/4998/4998 4996/4996/4996 4994/4994/4994
f 4999/4999/4999 4997/4997/4997 4995/4995/4995
f 4996/4996/4996 4998/4998/4998 5000/5000/5000
f 4997/4997/4997 4999/4999/4999 5001/5001/5001
f 5002/5002/5002 5000/5000/5000 4998/4998/4998
f 5003/5003/5003 5001/5001/5001 4999/4999/4999
f 5000/5000/5000 5002/5002/5002 5004/5004/5004
f 5001/5001/5001 5003/5003/5003 5005/5005/5005
f 5006/5006/5006 5004/5004/5004 5002/5002/5002
f 5007/5007/5007 5005/5005/5005 5003/5003/5003
f 5004/5004/5004 5006/5006/5006 5008/5008/5008
f 5005/5005/5005 5007/5007/5007 5009/5009/5009
f 5010/5010/5010 5008/5008/5008 5006/5006/5006
f 5011/5011/5011 5009/5009/5009 5007/5007/5007
f 5008/5008/5008 5010/5010/5010 5012/5012/5012
f 5009/5009/5009 5011/5011/5011 5013/5013/5013
f 5013/5013/5013 5012/5012/5012 5010/5010/5010
f 5012/5012/5012 5013/5013/5013 5011/5011/5011
f 5014/5014/5014 5015/5015/5015 5016/5016/5016
f 5015/5015/5015 5014/5014/5014 5017/5017/5017
f 5016/5016/5016 5018/5018/5018 5014/5014/5014
f 5017/5017/5017 5019/5019/5019 5015/5015/5015
f 5018/5018/5018 5016/5016/5016 5020/5020/5020
f 5019/5019/5019 5017/5017/5017 5021/5021/5021
f 5020/5020/5020 5022/5022/5022 5018/5018/5018
f 5021/5021/5021 5023/5023/5023 5019/5019/5019
f 5022/5022/5022 5020/5020/5020 5024/5024/5024
f 5023/5023/5023 5021/5021/5021 5025/5025/5025
f 5024/5024/5024 5026/5026/5026 5022/5022/5022
f 5025/5025/5025 5027/5027/5027 5023/5023/5023
f 5026/5026/5026 5024/5024/5024 5028/5028/5028
f 5027/5027/5027 5025/5025/5025 5029/5029/5029
f 5028/5028/5028 5030/5030/5030 5026/5026/5026
f 5029/5029/5029 5031/5031/5031 5027/5027/5027
f 5030/5030/5030 5028/5028/5028 5032/5032/5032
f 5031/5031/5031 5029/5029/5029 5033/5033/5033
f 5032/5032/5032 5034/5034/5034 5030/5030/5030
f 5033/5033/5033 5035/5035/5035 5031/5031/5031
f 5034/5034/5034 5032/5032/5032 5036/5036/5036
f 5035/5035/5035 5033/5033/5033 5037/5037/5037
f 5036/5036/5036 5038/5038/5038 5034/5034/5034
f 5037/5037/5037 5039/5039/5039 5035/5035/5035
f 5038/5038/5038 5036/5036/5036 5040/5040/5040
f 5039/5039/5039 5037/5037/5037 5041/5041/5041
f 5040/5040/5040 5042/5042/5042 5038/5038/5038
f 5041/5041/5041 5043/5043/5043 5039/5039/5039
f 5042/5042/5042 5040/5040/5040 5044/5044/5044
f 5043/5043/5043 5041/5041/5041 5045/5045/5045
f 5044/5044/5044 5045/5045/5045 5042/5042/5042
f 5045/5045/5045 5044/5044/5044 5043/5043/5043
f 5046/5046/5046 5047/5047/5047 5048/5048/5048
f 5047/5047/5047 5046/5046/5046 5049/5049/5049
f 5048/5048/5048 5050/5050/5050 5046/5046/5046
f 5049/5049/5049 5051/5051/5051 5047/5047/5047
f 5051/5051/5051 5049/5049/5049 5052/5052/5052
f 5050/5050/5050 5048/5048/5048 5053/5053/5053
f 5053/5053/5053 5054/5054/5054 5050/5050/5050
f 5052/5052/5052 5055/5055/5055 5051/5051/5051
f 5055/5055/5055 5052/5052/5052 5056/5056/5056
f 5054/5054/5054 5053/5053/5053 5057/5057/5057
f 5057/5057/5057 5058/5058/5058 5054/5054/5054
f 5056/5056/5056 5059/5059/5059 5055/5055/5055
f 5059/5059/5059 5056/5056/5056 5060/5060/5060
f 5058/5058/5058 5057/5057/5057 5061/5061/5061
f 5061/5061/5061 5062/5062/5062 5058/5058/5058
f 5060/5060/5060 5063/5063/5063 5059/5059/5059
f 5063/5063/5063 5060/5060/5060 5064/5064/5064
f 5062/5062/5062 5061/5061/5061 5065/5065/5065
f 5065/5065/5065 5066/5066/5066 5062/5062/5062
f 5064/5064/5064 5067/5067/5067 5063/5063/5063
f 5067/5067/5067 5064/5064/5064 5068/5068/5068
f 5066/5066/5066 5065/5065/5065 5069/5069/5069
f 5069/5069/5069 5070/5070/5070 5066/5066/5066
f 5068/5068/5068 5071/5071/5071 5067/5067/5067
f 5071/5071/5071 5068/5068/5068 5072/5072/5072
f 5070/5070/5070 5069/5069/5069 5073/5073/5073
f 5073/5073/5073 5074/5074/5074 5070/5070/5070
f 5072/5072/5072 5075/5075/5075 5071/5071/5071
f 5075/5075/5075 5072/5072/5072 5076/5076/5076
f 5077/5077/5077 5076/5076/5076 5074/5074/5074
f 5074/5074/5074 5073/5073/5073 5077/5077/5077
f 5076/5076/5076 5077/5077/5077 5075/5075/5075
f 5078/5078/5078 5063/5063/5063 5067/5067/5067
f 5079/5079/5079 5067/5067/5067 5071/5071/5071
f 5067/5067/5067 5079/5079/5079 5078/5078/5078
f 5078/5078/5078 5079/5079/5079 5080/5080/5080
f 5063/5063/5063 5078/5078/5078 5081/5081/5081
f 5081/5081/5081 5078/5078/5078 5080/5080/5080
f 5081/5081/5081 5059/5059/5059 5063/5063/5063
f 5071/5071/5071 5082/5082/5082 5079/5079/5079
f 5082/5082/5082 5071/5071/5071 5075/5075/5075
f 5079/5079/5079 5082/5082/5082 5080/5080/5080
f 5059/5059/5059 5081/5081/5081 5083/5083/5083
f 5083/5083/5083 5081/5081/5081 5080/5080/5080
f 5083/5083/5083 5055/5055/5055 5059/5059/5059
f 5075/5075/5075 5084/5084/5084 5082/5082/5082
f 5084/5084/5084 5075/5075/5075 5077/5077/5077
f 5082/5082/5082 5084/5084/5084 5080/5080/5080
f 5055/5055/5055 5083/5083/5083 5085/5085/5085
f 5085/5085/5085 5083/5083/5083 5080/5080/5080
f 5085/5085/5085 5051/5051/5051 5055/5055/5055
f 5077/5077/5077 5086/5086/5086 5084/5084/5084
f 5084/5084/5084 5086/5086/5086 5080/5080/5080
f 5087/5087/5087 5085/5085/5085 5080/5080/5080
f 5051/5051/5051 5085/5085/5085 5087/5087/5087
f 5086/5086/5086 5088/5088/5088 5080/5080/5080
f 5086/5086/5086 5077/5077/5077 5073/5073/5073
f 5073/5073/5073 5088/5088/5088 5086/5086/5086
f 5087/5087/5087 5047/5047/5047 5051/5051/5051
f 5088/5088/5088 5073/5073/5073 5069/5069/5069
f 5047/5047/5047 5087/5087/5087 5089/5089/5089
f 5089/5089/5089 5087/5087/5087 5080/5080/5080
f 5089/5089/5089 5048/5048/5048 5047/5047/5047
f 5069/5069/5069 5090/5090/5090 5088/5088/5088
f 5088/5088/5088 5090/5090/5090 5080/5080/5080
f 5090/5090/5090 5069/5069/5069 5065/5065/5065
f 5048/5048/5048 5089/5089/5089 5091/5091/5091
f 5091/5091/5091 5089/5089/5089 5080/5080/5080
f 5091/5091/5091 5053/5053/5053 5048/5048/5048
f 5065/5065/5065 5092/5092/5092 5090/5090/5090
f 5090/5090/5090 5092/5092/5092 5080/5080/5080
f 5092/5092/5092 5065/5065/5065 5061/5061/5061
f 5053/5053/5053 5091/5091/5091 5093/5093/5093
f 5093/5093/5093 5091/5091/5091 5080/5080/5080
f 5093/5093/5093 5057/5057/5057 5053/5053/5053
f 5061/5061/5061 5094/5094/5094 5092/5092/5092
f 5092/5092/5092 5094/5094/5094 5080/5080/5080
f 5094/5094/5094 5093/5093/5093 5080/5080/5080
f 5057/5057/5057 5093/5093/5093 5094/5094/5094
f 5094/5094/5094 5061/5061/5061 5057/5057/5057
f 5095/5095/5095 5096/5096/5096 5097/5097/5097
f 5096/5096/5096 5095/5095/5095 5098/5098/5098
f 5099/5099/5099 5098/5098/5098 5095/5095/5095
f 5100/5100/5100 5097/5097/5097 5096/5096/5096
f 5097/5097/5097 5100/5100/5100 5101/5101/5101
f 5098/5098/5098 5099/5099/5099 5102/5102/5102
f 5103/5103/5103 5102/5102/5102 5099/5099/5099
f 5104/5104/5104 5101/5101/5101 5100/5100/5100
f 5101/5101/5101 5104/5104/5104 5105/5105/5105
f 5102/5102/5102 5103/5103/5103 5106/5106/5106
f 5107/5107/5107 5106/5106/5106 5103/5103/5103
f 5108/5108/5108 5105/5105/5105 5104/5104/5104
f 5105/5105/5105 5108/5108/5108 5109/5109/5109
f 5106/5106/5106 5107/5107/5107 5110/5110/5110
f 5111/5111/5111 5110/5110/5110 5107/5107/5107
f 5112/5112/5112 5109/5109/5109 5108/5108/5108
f 5109/5109/5109 5112/5112/5112 5113/5113/5113
f 5110/5110/5110 5111/5111/5111 5114/5114/5114
f 5115/5115/5115 5114/5114/5114 5111/5111/5111
f 5116/5116/5116 5113/5113/5113 5112/5112/5112
f 5113/5113/5113 5116/5116/5116 5117/5117/5117
f 5114/5114/5114 5115/5115/5115 5118/5118/5118
f 5119/5119/5119 5118/5118/5118 5115/5115/5115
f 5120/5120/5120 5117/5117/5117 5116/5116/5116
f 5117/5117/5117 5120/5120/5120 5121/5121/5121
f 5118/5118/5118 5119/5119/5119 5122/5122/5122
f 5123/5123/5123 5122/5122/5122 5119/5119/5119
f 5124/5124/5124 5121/5121/5121 5120/5120/5120
f 5121/5121/5121 5124/5124/5124 5125/5125/5125
f 5125/5125/5125 5126/5126/5126 5123/5123/5123
f 5122/5122/5122 5123/5123/5123 5126/5126/5126
f 5126/5126/5126 5125/5125/5125 5124/5124/5124
f 5112/5112/5112 5127/5127/5127 5116/5116/5116
f 5116/5116/5116 5128/5128/5128 5120/5120/5120
f 5116/5116/5116 5127/5127/5127 5129/5129/5129
f 5116/5116/5116 5129/5129/5129 5128/5128/5128
f 5112/5112/5112 5130/5130/5130 5127/5127/5127
f 5131/5131/5131 5129/5129/5129 5127/5127/5127
f 5130/5130/5130 5131/5131/5131 5127/5127/5127
f 5112/5112/5112 5132/5132/5132 5130/5130/5130
f 5108/5108/5108 5132/5132/5132 5112/5112/5112
f 5120/5120/5120 5128/5128/5128 5133/5133/5133
f 5129/5129/5129 5134/5134/5134 5128/5128/5128
f 5134/5134/5134 5133/5133/5133 5128/5128/5128
f 5120/5120/5120 5135/5135/5135 5124/5124/5124
f 5120/5120/5120 5133/5133/5133 5135/5135/5135
f 5129/5129/5129 5131/5131/5131 5136/5136/5136
f 5134/5134/5134 5129/5129/5129 5136/5136/5136
f 5137/5137/5137 5130/5130/5130 5132/5132/5132
f 5108/5108/5108 5138/5138/5138 5132/5132/5132
f 5138/5138/5138 5137/5137/5137 5132/5132/5132
f 5131/5131/5131 5130/5130/5130 5139/5139/5139
f 5130/5130/5130 5137/5137/5137 5139/5139/5139
f 5140/5140/5140 5136/5136/5136 5131/5131/5131
f 5139/5139/5139 5140/5140/5140 5131/5131/5131
f 5108/5108/5108 5141/5141/5141 5138/5138/5138
f 5104/5104/5104 5141/5141/5141 5108/5108/5108
f 5133/5133/5133 5134/5134/5134 5142/5142/5142
f 5133/5133/5133 5143/5143/5143 5135/5135/5135
f 5143/5143/5143 5133/5133/5133 5142/5142/5142
f 5136/5136/5136 5144/5144/5144 5134/5134/5134
f 5144/5144/5144 5142/5142/5142 5134/5134/5134
f 5136/5136/5136 5140/5140/5140 5145/5145/5145
f 5144/5144/5144 5136/5136/5136 5145/5145/5145
f 5143/5143/5143 5146/5146/5146 5135/5135/5135
f 5124/5124/5124 5135/5135/5135 5146/5146/5146
f 5140/5140/5140 5147/5147/5147 5145/5145/5145
f 5145/5145/5145 5147/5147/5147 5144/5144/5144
f 5140/5140/5140 5148/5148/5148 5147/5147/5147
f 5144/5144/5144 5147/5147/5147 5149/5149/5149
f 5142/5142/5142 5144/5144/5144 5150/5150/5150
f 5144/5144/5144 5149/5149/5149 5150/5150/5150
f 5151/5151/5151 5142/5142/5142 5150/5150/5150
f 5150/5150/5150 5149/5149/5149 5151/5151/5151
f 5142/5142/5142 5151/5151/5151 5143/5143/5143
f 5151/5151/5151 5149/5149/5149 5152/5152/5152
f 5153/5153/5153 5148/5148/5148 5140/5140/5140
f 5140/5140/5140 5139/5139/5139 5153/5153/5153
f 5154/5154/5154 5148/5148/5148 5153/5153/5153
f 5139/5139/5139 5154/5154/5154 5153/5153/5153
f 5154/5154/5154 5139/5139/5139 5137/5137/5137
f 5154/5154/5154 5155/5155/5155 5148/5148/5148
f 5151/5151/5151 5156/5156/5156 5143/5143/5143
f 5146/5146/5146 5143/5143/5143 5156/5156/5156
f 5151/5151/5151 5152/5152/5152 5157/5157/5157
f 5156/5156/5156 5151/5151/5151 5157/5157/5157
f 5157/5157/5157 5152/5152/5152 5158/5158/5158
f 5158/5158/5158 5156/5156/5156 5157/5157/5157
f 5158/5158/5158 5152/5152/5152 5159/5159/5159
f 5160/5160/5160 5154/5154/5154 5137/5137/5137
f 5137/5137/5137 5138/5138/5138 5160/5160/5160
f 5161/5161/5161 5155/5155/5155 5154/5154/5154
f 5154/5154/5154 5160/5160/5160 5161/5161/5161
f 5162/5162/5162 5155/5155/5155 5161/5161/5161
f 5160/5160/5160 5162/5162/5162 5161/5161/5161
f 5162/5162/5162 5163/5163/5163 5155/5155/5155
f 5138/5138/5138 5164/5164/5164 5160/5160/5160
f 5162/5162/5162 5160/5160/5160 5164/5164/5164
f 5164/5164/5164 5138/5138/5138 5141/5141/5141
f 5165/5165/5165 5164/5164/5164 5141/5141/5141
f 5104/5104/5104 5165/5165/5165 5141/5141/5141
f 5166/5166/5166 5162/5162/5162 5164/5164/5164
f 5164/5164/5164 5165/5165/5165 5166/5166/5166
f 5167/5167/5167 5163/5163/5163 5162/5162/5162
f 5162/5162/5162 5166/5166/5166 5167/5167/5167
f 5168/5168/5168 5163/5163/5163 5167/5167/5167
f 5166/5166/5166 5168/5168/5168 5167/5167/5167
f 5168/5168/5168 5169/5169/5169 5163/5163/5163
f 5104/5104/5104 5170/5170/5170 5165/5165/5165
f 5100/5100/5100 5170/5170/5170 5104/5104/5104
f 5165/5165/5165 5171/5171/5171 5166/5166/5166
f 5171/5171/5171 5165/5165/5165 5170/5170/5170
f 5168/5168/5168 5166/5166/5166 5171/5171/5171
f 5172/5172/5172 5170/5170/5170 5100/5100/5100
f 5172/5172/5172 5171/5171/5171 5170/5170/5170
f 5173/5173/5173 5168/5168/5168 5171/5171/5171
f 5171/5171/5171 5172/5172/5172 5173/5173/5173
f 5174/5174/5174 5169/5169/5169 5168/5168/5168
f 5168/5168/5168 5173/5173/5173 5174/5174/5174
f 5175/5175/5175 5169/5169/5169 5174/5174/5174
f 5173/5173/5173 5175/5175/5175 5174/5174/5174
f 5175/5175/5175 5176/5176/5176 5169/5169/5169
f 5100/5100/5100 5177/5177/5177 5172/5172/5172
f 5096/5096/5096 5177/5177/5177 5100/5100/5100
f 5172/5172/5172 5178/5178/5178 5173/5173/5173
f 5178/5178/5178 5172/5172/5172 5177/5177/5177
f 5175/5175/5175 5173/5173/5173 5178/5178/5178
f 5179/5179/5179 5177/5177/5177 5096/5096/5096
f 5179/5179/5179 5178/5178/5178 5177/5177/5177
f 5180/5180/5180 5175/5175/5175 5178/5178/5178
f 5178/5178/5178 5179/5179/5179 5180/5180/5180
f 5181/5181/5181 5176/5176/5176 5175/5175/5175
f 5175/5175/5175 5180/5180/5180 5181/5181/5181
f 5182/5182/5182 5176/5176/5176 5181/5181/5181
f 5180/5180/5180 5182/5182/5182 5181/5181/5181
f 5182/5182/5182 5183/5183/5183 5176/5176/5176
f 5096/5096/5096 5184/5184/5184 5179/5179/5179
f 5098/5098/5098 5184/5184/5184 5096/5096/5096
f 5179/5179/5179 5185/5185/5185 5180/5180/5180
f 5185/5185/5185 5179/5179/5179 5184/5184/5184
f 5182/5182/5182 5180/5180/5180 5185/5185/5185
f 5098/5098/5098 5186/5186/5186 5184/5184/5184
f 5186/5186/5186 5185/5185/5185 5184/5184/5184
f 5187/5187/5187 5182/5182/5182 5185/5185/5185
f 5185/5185/5185 5186/5186/5186 5187/5187/5187
f 5188/5188/5188 5183/5183/5183 5182/5182/5182
f 5182/5182/5182 5187/5187/5187 5188/5188/5188
f 5189/5189/5189 5183/5183/5183 5188/5188/5188
f 5187/5187/5187 5189/5189/5189 5188/5188/5188
f 5189/5189/5189 5190/5190/5190 5183/5183/5183
f 5098/5098/5098 5191/5191/5191 5186/5186/5186
f 5102/5102/5102 5191/5191/5191 5098/5098/5098
f 5186/5186/5186 5192/5192/5192 5187/5187/5187
f 5192/5192/5192 5186/5186/5186 5191/5191/5191
f 5189/5189/5189 5187/5187/5187 5192/5192/5192
f 5102/5102/5102 5193/5193/5193 5191/5191/5191
f 5193/5193/5193 5192/5192/5192 5191/5191/5191
f 5194/5194/5194 5189/5189/5189 5192/5192/5192
f 5192/5192/5192 5193/5193/5193 5194/5194/5194
f 5195/5195/5195 5190/5190/5190 5189/5189/5189
f 5189/5189/5189 5194/5194/5194 5195/5195/5195
f 5196/5196/5196 5190/5190/5190 5195/5195/5195
f 5194/5194/5194 5196/5196/5196 5195/5195/5195
f 5196/5196/5196 5197/5197/5197 5190/5190/5190
f 5102/5102/5102 5198/5198/5198 5193/5193/5193
f 5106/5106/5106 5198/5198/5198 5102/5102/5102
f 5193/5193/5193 5199/5199/5199 5194/5194/5194
f 5199/5199/5199 5193/5193/5193 5198/5198/5198
f 5196/5196/5196 5194/5194/5194 5199/5199/5199
f 5106/5106/5106 5200/5200/5200 5198/5198/5198
f 5200/5200/5200 5199/5199/5199 5198/5198/5198
f 5201/5201/5201 5196/5196/5196 5199/5199/5199
f 5199/5199/5199 5200/5200/5200 5201/5201/5201
f 5202/5202/5202 5197/5197/5197 5196/5196/5196
f 5196/5196/5196 5201/5201/5201 5202/5202/5202
f 5203/5203/5203 5197/5197/5197 5202/5202/5202
f 5201/5201/5201 5203/5203/5203 5202/5202/5202
f 5203/5203/5203 5204/5204/5204 5197/5197/5197
f 5106/5106/5106 5205/5205/5205 5200/5200/5200
f 5110/5110/5110 5205/5205/5205 5106/5106/5106
f 5200/5200/5200 5206/5206/5206 5201/5201/5201
f 5206/5206/5206 5200/5200/5200 5205/5205/5205
f 5203/5203/5203 5201/5201/5201 5206/5206/5206
f 5110/5110/5110 5207/5207/5207 5205/5205/5205
f 5207/5207/5207 5206/5206/5206 5205/5205/5205
f 5208/5208/5208 5203/5203/5203 5206/5206/5206
f 5206/5206/5206 5207/5207/5207 5208/5208/5208
f 5209/5209/5209 5204/5204/5204 5203/5203/5203
f 5203/5203/5203 5208/5208/5208 5209/5209/5209
f 5210/5210/5210 5204/5204/5204 5209/5209/5209
f 5208/5208/5208 5210/5210/5210 5209/5209/5209
f 5210/5210/5210 5211/5211/5211 5204/5204/5204
f 5110/5110/5110 5212/5212/5212 5207/5207/5207
f 5114/5114/5114 5212/5212/5212 5110/5110/5110
f 5207/5207/5207 5213/5213/5213 5208/5208/5208
f 5213/5213/5213 5207/5207/5207 5212/5212/5212
f 5210/5210/5210 5208/5208/5208 5213/5213/5213
f 5114/5114/5114 5214/5214/5214 5212/5212/5212
f 5214/5214/5214 5213/5213/5213 5212/5212/5212
f 5215/5215/5215 5210/5210/5210 5213/5213/5213
f 5213/5213/5213 5214/5214/5214 5215/5215/5215
f 5216/5216/5216 5211/5211/5211 5210/5210/5210
f 5210/5210/5210 5215/5215/5215 5216/5216/5216
f 5217/5217/5217 5211/5211/5211 5216/5216/5216
f 5215/5215/5215 5217/5217/5217 5216/5216/5216
f 5217/5217/5217 5218/5218/5218 5211/5211/5211
f 5114/5114/5114 5219/5219/5219 5214/5214/5214
f 5118/5118/5118 5219/5219/5219 5114/5114/5114
f 5214/5214/5214 5220/5220/5220 5215/5215/5215
f 5220/5220/5220 5214/5214/5214 5219/5219/5219
f 5217/5217/5217 5215/5215/5215 5220/5220/5220
f 5118/5118/5118 5221/5221/5221 5219/5219/5219
f 5221/5221/5221 5220/5220/5220 5219/5219/5219
f 5222/5222/5222 5217/5217/5217 5220/5220/5220
f 5220/5220/5220 5221/5221/5221 5222/5222/5222
f 5223/5223/5223 5218/5218/5218 5217/5217/5217
f 5217/5217/5217 5222/5222/5222 5223/5223/5223
f 5224/5224/5224 5218/5218/5218 5223/5223/5223
f 5222/5222/5222 5224/5224/5224 5223/5223/5223
f 5224/5224/5224 5225/5225/5225 5218/5218/5218
f 5118/5118/5118 5226/5226/5226 5221/5221/5221
f 5122/5122/5122 5226/5226/5226 5118/5118/5118
f 5221/5221/5221 5227/5227/5227 5222/5222/5222
f 5227/5227/5227 5221/5221/5221 5226/5226/5226
f 5224/5224/5224 5222/5222/5222 5227/5227/5227
f 5122/5122/5122 5228/5228/5228 5226/5226/5226
f 5228/5228/5228 5227/5227/5227 5226/5226/5226
f 5229/5229/5229 5224/5224/5224 5227/5227/5227
f 5227/5227/5227 5228/5228/5228 5229/5229/5229
f 5230/5230/5230 5225/5225/5225 5224/5224/5224
f 5224/5224/5224 5229/5229/5229 5230/5230/5230
f 5231/5231/5231 5225/5225/5225 5230/5230/5230
f 5229/5229/5229 5231/5231/5231 5230/5230/5230
f 5231/5231/5231 5159/5159/5159 5225/5225/5225
f 5122/5122/5122 5232/5232/5232 5228/5228/5228
f 5126/5126/5126 5232/5232/5232 5122/5122/5122
f 5228/5228/5228 5233/5233/5233 5229/5229/5229
f 5233/5233/5233 5228/5228/5228 5232/5232/5232
f 5231/5231/5231 5229/5229/5229 5233/5233/5233
f 5234/5234/5234 5159/5159/5159 5231/5231/5231
f 5158/5158/5158 5159/5159/5159 5234/5234/5234
f 5231/5231/5231 5235/5235/5235 5234/5234/5234
f 5235/5235/5235 5231/5231/5231 5233/5233/5233
f 5235/5235/5235 5158/5158/5158 5234/5234/5234
f 5236/5236/5236 5233/5233/5233 5232/5232/5232
f 5126/5126/5126 5236/5236/5236 5232/5232/5232
f 5233/5233/5233 5236/5236/5236 5235/5235/5235
f 5158/5158/5158 5235/5235/5235 5237/5237/5237
f 5236/5236/5236 5237/5237/5237 5235/5235/5235
f 5156/5156/5156 5158/5158/5158 5237/5237/5237
f 5237/5237/5237 5146/5146/5146 5156/5156/5156
f 5126/5126/5126 5238/5238/5238 5236/5236/5236
f 5237/5237/5237 5236/5236/5236 5238/5238/5238
f 5146/5146/5146 5237/5237/5237 5238/5238/5238
f 5124/5124/5124 5238/5238/5238 5126/5126/5126
f 5124/5124/5124 5146/5146/5146 5238/5238/5238
