# cargo_ship_lifeboat_arm_COL
v 0.5 -2.58926578E-18 3.12500238
v -0.249999121 1.52587882E-06 3.37499619
v -0.249999121 1.52587882E-06 3.12500238
v 0.5 -1.78969757E-17 3.37499619
v 0.253834695 3.20014906 3.12500048
v 0.253834695 3.20014906 3.37499809
v 0.20819743 3.27743459 3.12500024
v 0.20819743 3.27743459 3.37499809
v 0.5 -1.78969757E-17 3.37499619
v -0.249997973 2.81004333 3.37499809
v -0.249999121 1.52587882E-06 3.37499619
v 0.253834695 3.20014906 3.37499809
v 0.20819743 3.27743459 3.37499809
v -0.290474743 2.88939691 3.37499809
v -0.249997973 2.81004333 3.37499809
v -0.249999121 1.52587882E-06 3.12500238
v -0.249999121 1.52587882E-06 3.37499619
v -0.249997973 2.81004333 3.12500048
v -0.290474743 2.88939691 3.12500024
v -0.290474743 2.88939691 3.37499809
v -0.249999121 1.52587882E-06 3.12500238
v 0.253834695 3.20014906 3.12500048
v 0.5 -2.58926578E-18 3.12500238
v -0.249997973 2.81004333 3.12500048
v -0.290474743 2.88939691 3.12500024
v 0.20819743 3.27743459 3.12500024
v 0.20819743 3.27743459 3.37499809
v -3.75000048 5.39822149 3.375
v -0.290474743 2.88939691 3.37499809
v -3.75000072 5.87500095 3.375
v -3.9324553 5.43451452 3.375
v -4.08713388 5.53786755 3.375
v -4.19048643 5.69254541 3.375
v -4.22677898 5.87500095 3.375
v -3.75000119 5.87500095 3.12499928
v 0.20819743 3.27743459 3.37499809
v 0.20819743 3.27743459 3.12500024
v -3.75000072 5.87500095 3.375
v -4.22677898 5.87500095 3.125
v -4.22677898 5.87500095 3.375
v -0.290474743 2.88939691 3.12500024
v -3.75000119 5.87500095 3.12499928
v 0.20819743 3.27743459 3.12500024
v -3.75000048 5.39822149 3.12499928
v -3.9324553 5.43451452 3.125
v -4.08713388 5.53786755 3.125
v -4.19048643 5.69254541 3.125
v -4.22677898 5.87500095 3.125
v -0.290474743 2.88939691 3.37499809
v -3.75000048 5.39822149 3.12499928
v -0.290474743 2.88939691 3.12500024
v -3.75000048 5.39822149 3.375
v -3.9324553 5.43451452 3.125
v -3.9324553 5.43451452 3.375
v -4.08713388 5.53786755 3.125
v -4.08713388 5.53786755 3.375
v -4.19048643 5.69254541 3.125
v -4.19048643 5.69254541 3.375
v -4.22677898 5.87500095 3.125
v -4.22677898 5.87500095 3.375
v -0.479998469 -1.91217754E-17 3.39499879
v -0.479998857 4.00000143 3.50000095
v -0.479999989 -2.55511889E-17 3.49999905
v -0.479997307 4.00000143 3.39499664
v -0.375 -1.91218316E-17 3.3949995
v -0.374998838 4.00000143 3.3949976
v -0.375 -1.78971858E-17 3.37499952
v -0.374998838 4.00000143 3.37499738
v -0.5 -2.55511889E-17 3.49999905
v -0.479998469 -1.91217754E-17 3.39499879
v -0.479999989 -2.55511889E-17 3.49999905
v -0.5 -1.78971858E-17 3.37499952
v -0.375 -1.91218316E-17 3.3949995
v -0.375 -1.78971858E-17 3.37499952
v -0.374998838 4.00000143 3.37499738
v -0.479997307 4.00000143 3.39499664
v -0.374998838 4.00000143 3.3949976
v -0.499998838 4.00000143 3.37499738
v -0.479998857 4.00000143 3.50000095
v -0.499998838 4.00000143 3.50000095
v -0.499998838 4.00000143 3.50000095
v -0.479999989 -2.55511889E-17 3.49999905
v -0.479998857 4.00000143 3.50000095
v -0.5 -2.55511889E-17 3.49999905
v -0.499998838 4.00000143 3.37499738
v -0.5 -1.78971858E-17 3.37499952
v -0.374998838 4.00000143 3.37499738
v -0.375 -1.78971858E-17 3.37499952
v 1.36520219 1.06811524E-06 3.37563324
v -0.362112254 4.00001717 3.37563157
v 1.50312424 1.06811524E-06 3.37563324
v -0.49999541 3.99996424 3.37563157
v 1.36520231 1.07765197E-06 3.49999905
v -0.499995857 3.99996448 3.50000143
v 1.38726962 1.07765197E-06 3.49999905
v -0.477948606 3.99997735 3.50000143
v -0.480001062 2.28202438 3.39264369
v 0.301076531 2.28202319 3.37633944
v 0.301076531 2.28202319 3.39264178
v -0.480001062 2.28202438 3.3763411
v 0.242788151 2.40702319 3.37633944
v -0.480001062 2.40702415 3.3763411
v 0.242788151 2.40702319 3.50000048
v -0.480001062 2.40702415 3.49999905
v -0.480001062 1.4107486 3.49999905
v 0.707359612 1.41074598 3.39369082
v 0.707358897 1.41074765 3.50000048
v -0.480001062 1.41074705 3.39369249
v -0.480001062 1.3057487 3.39369345
v 0.756321073 1.30574763 3.3936913
v 0.756321073 1.30574763 3.37610102
v -0.480001062 1.3057487 3.37610316
v 0.252114892 2.38702178 3.39264083
v -0.480001062 2.28202438 3.39264369
v 0.301076531 2.28202319 3.39264178
v -0.480001062 2.38702273 3.39264274
v -0.480001062 2.38702416 3.49999905
v 0.252114266 2.38702321 3.50000048
v 0.242788151 2.40702319 3.50000048
v -0.480001062 2.40702415 3.49999905
v -0.479999989 2.25442743 3.39436078
v 0.698855281 1.42898393 3.37627435
v 0.698855221 1.42898393 3.39435911
v -0.479999989 2.25442743 3.37627625
v 0.593200922 1.65556026 3.37627459
v -0.479999214 2.407022 3.37627649
v 0.593201101 1.65556002 3.5
v -0.479999214 2.407022 3.49999905
v 0.610106707 1.61930573 3.3943584
v -0.479999989 2.25442743 3.39436078
v 0.698855221 1.42898393 3.39435911
v -0.479999989 2.38260698 3.3943603
v -0.479999989 2.38260865 3.49999905
v 0.610105395 1.61930847 3.5
v 0.593201101 1.65556002 3.5
v -0.479999214 2.407022 3.49999905
v 0.698032796 1.43074751 3.50000048
v -0.480001062 1.4107486 3.49999905
v 0.707358897 1.41074765 3.50000048
v -0.480001062 1.43074858 3.49999905
v -0.480001062 1.43074858 3.37610316
v 0.698032796 1.43074751 3.37610126
v -0.480001062 1.3057487 3.37610316
v 0.756321073 1.30574763 3.37610102
v 0.80892998 1.1929276 3.39426756
v -0.479999989 0.418588549 3.39426875
v -0.479999989 0.290409237 3.3942697
v 0.763871133 1.2895565 3.39426637
v -0.479999989 0.418590397 3.49999928
v 0.763870597 1.28955793 3.5
v -0.4799999 0.443005979 3.49999928
v 0.755287826 1.30796385 3.5
v 0.755287826 1.30796385 3.5
v -0.479999989 0.44300583 3.37567091
v -0.4799999 0.443005979 3.49999928
v 0.755287945 1.30796373 3.37566853
v 0.808930039 1.1929276 3.37566876
v -0.479999989 0.290409237 3.37567091
v -0.479999989 0.290409237 3.3942697
v 0.80892998 1.1929276 3.39426756
v 1.38727152 1.06811524E-06 3.39614606
v -0.477948606 3.99997735 3.50000143
v 1.38726962 1.07765197E-06 3.49999905
v -0.477947235 3.99997735 3.39614463
v -0.362112254 4.00001717 3.39614558
v 1.50312424 1.06811524E-06 3.39614701
v 1.50312424 1.06811524E-06 3.37563324
v -0.362112254 4.00001717 3.37563157
v -0.394976497 1.41074669 3.37499881
v -0.394977033 1.30574822 3.12500119
v -0.394977421 1.30574858 3.37499905
v -0.394976109 1.41074657 3.12500119
v -0.499977678 1.41074836 3.37499905
v -0.499978006 1.41074824 3.12500119
v -0.499977678 1.43074822 3.37499881
v -0.499978006 1.43074799 3.12500119
v -0.37497741 1.43074822 3.37499881
v -0.499978006 1.43074799 3.12500119
v -0.499977678 1.43074822 3.37499881
v -0.374977022 1.43074799 3.12500119
v -0.37497741 1.30574858 3.37499905
v -0.374977022 1.30574822 3.12500119
v -0.394977421 1.30574858 3.37499905
v -0.394977033 1.30574822 3.12500119
v -0.394976497 2.3871603 3.37499881
v -0.394977033 2.28216171 3.12500119
v -0.394977421 2.28216219 3.37499905
v -0.394976109 2.38716006 3.12500119
v -0.499977678 2.38716197 3.37499905
v -0.499978006 2.38716173 3.12500119
v -0.499977678 2.40716171 3.37499881
v -0.499978006 2.40716147 3.12500119
v -0.37497741 2.40716171 3.37499881
v -0.499978006 2.40716147 3.12500119
v -0.499977678 2.40716171 3.37499881
v -0.374977022 2.40716147 3.12500119
v -0.37497741 2.28216219 3.37499905
v -0.374977022 2.28216171 3.12500119
v -0.394977421 2.28216219 3.37499905
v -0.394977033 2.28216171 3.12500119
v -0.394976497 2.93298721 3.37499881
v -0.394977033 2.82798886 3.12500119
v -0.394977421 2.8279891 3.37499905
v -0.394976109 2.93298697 3.12500119
v -0.499977678 2.93298888 3.37499905
v -0.499978006 2.93298888 3.12500119
v -0.499977678 2.95298886 3.37499881
v -0.499978006 2.95298862 3.12500119
v -0.37497741 2.95298886 3.37499881
v -0.499978006 2.95298862 3.12500119
v -0.499977678 2.95298886 3.37499881
v -0.374977022 2.95298862 3.12500119
v -0.37497741 2.8279891 3.37499905
v -0.374977022 2.82798886 3.12500119
v -0.394977421 2.8279891 3.37499905
v -0.394977033 2.82798886 3.12500119
v -0.33700195 4.02500105 3.52499962
v -0.52500242 4.02500105 2.97499967
v -0.52500242 4.02500105 3.52499962
v -0.33700195 4.02500105 2.97499967
v -0.52500242 4.02500105 3.52499962
v -0.33700195 3.94627666 3.52499962
v -0.33700195 4.02500105 3.52499962
v -0.52500242 3.94627666 3.52499962
v -0.33700195 3.94627666 2.97499967
v -0.33700195 4.02500105 3.52499962
v -0.33700195 4.02500105 2.97499967
v -0.52500242 3.94627666 2.97499967
v -0.33700195 4.02500105 2.97499967
v -0.52500242 4.02500105 2.97499967
v -0.52500242 4.02500105 2.97499967
v -0.52500242 4.02500105 3.52499962
v -0.52500242 4.02500486 3.52499962
v -0.51944685 4.39931488 3.52499962
v -0.52500242 4.37153721 3.52499962
v -0.502780199 4.41598177 3.52499962
v -0.475002438 4.4215374 3.52499962
v -0.33700195 4.02500486 3.52499962
v -0.33700195 4.37153721 3.52499962
v -0.34255752 4.39931488 3.52499962
v -0.35922417 4.41598177 3.52499962
v -0.387001932 4.4215374 3.52499962
v -0.52500242 4.02500486 3.52499962
v -0.33700195 4.02500486 3.48682666
v -0.33700195 4.02500486 3.52499962
v -0.52500242 4.02500486 3.48682666
v -0.52500242 4.37153721 3.52499962
v -0.52500242 4.02500486 3.48682666
v -0.52500242 4.02500486 3.52499962
v -0.52500242 4.37153721 3.48682666
v -0.51944685 4.39931488 3.52499962
v -0.51944685 4.39931488 3.48682666
v -0.502780199 4.41598177 3.52499962
v -0.502780199 4.41598177 3.48682666
v -0.475002438 4.4215374 3.52499962
v -0.475002438 4.4215374 3.48682666
v -0.387001932 4.4215374 3.52499962
v -0.387001932 4.4215374 3.48682666
v -0.35922417 4.41598177 3.52499962
v -0.35922417 4.41598177 3.48682666
v -0.34255752 4.39931488 3.52499962
v -0.34255752 4.39931488 3.48682666
v -0.33700195 4.37153721 3.52499962
v -0.33700195 4.37153721 3.48682666
v -0.33700195 4.02500486 3.52499962
v -0.33700195 4.02500486 3.48682666
v -0.33700195 4.02500486 3.48682666
v -0.34255752 4.39931488 3.48682666
v -0.33700195 4.37153721 3.48682666
v -0.35922417 4.41598177 3.48682666
v -0.387001932 4.4215374 3.48682666
v -0.52500242 4.02500486 3.48682666
v -0.52500242 4.37153721 3.48682666
v -0.51944685 4.39931488 3.48682666
v -0.502780199 4.41598177 3.48682666
v -0.475002438 4.4215374 3.48682666
v -0.52500242 4.02500486 3.38609743
v -0.51944685 4.39931488 3.38609743
v -0.52500242 4.37153721 3.38609743
v -0.502780199 4.41598177 3.38609743
v -0.475002438 4.4215374 3.38609743
v -0.33700195 4.02500486 3.38609743
v -0.33700195 4.37153721 3.38609743
v -0.34255752 4.39931488 3.38609743
v -0.35922417 4.41598177 3.38609743
v -0.387001932 4.4215374 3.38609743
v -0.52500242 4.02500486 3.38609743
v -0.33700195 4.02500486 3.34792447
v -0.33700195 4.02500486 3.38609743
v -0.52500242 4.02500486 3.34792447
v -0.52500242 4.37153721 3.38609743
v -0.52500242 4.02500486 3.34792447
v -0.52500242 4.02500486 3.38609743
v -0.52500242 4.37153721 3.34792447
v -0.51944685 4.39931488 3.38609743
v -0.51944685 4.39931488 3.34792447
v -0.502780199 4.41598177 3.38609743
v -0.502780199 4.41598177 3.34792447
v -0.475002438 4.4215374 3.38609743
v -0.475002438 4.4215374 3.34792447
v -0.387001932 4.4215374 3.38609743
v -0.387001932 4.4215374 3.34792447
v -0.35922417 4.41598177 3.38609743
v -0.35922417 4.41598177 3.34792447
v -0.34255752 4.39931488 3.38609743
v -0.34255752 4.39931488 3.34792447
v -0.33700195 4.37153721 3.38609743
v -0.33700195 4.37153721 3.34792447
v -0.33700195 4.02500486 3.38609743
v -0.33700195 4.02500486 3.34792447
v -0.33700195 4.02500486 3.34792447
v -0.34255752 4.39931488 3.34792447
v -0.33700195 4.37153721 3.34792447
v -0.35922417 4.41598177 3.34792447
v -0.387001932 4.4215374 3.34792447
v -0.52500242 4.02500486 3.34792447
v -0.52500242 4.37153721 3.34792447
v -0.51944685 4.39931488 3.34792447
v -0.502780199 4.41598177 3.34792447
v -0.475002438 4.4215374 3.34792447
v -0.35922417 4.41598177 2.97499895
v -0.475002438 4.4215374 2.97499895
v -0.387001932 4.4215374 2.97499895
v -0.34255752 4.39931488 2.97499895
v -0.33700195 4.37153721 2.97499895
v -0.33700195 4.02500486 2.97499895
v -0.52500242 4.02500486 2.97499895
v -0.502780199 4.41598177 2.97499895
v -0.51944685 4.39931488 2.97499895
v -0.52500242 4.37153721 2.97499895
v -0.52500242 4.02500486 2.97499895
v -0.33700195 4.02500486 3.01317191
v -0.52500242 4.02500486 3.01317191
v -0.33700195 4.02500486 2.97499895
v -0.52500242 4.02500486 3.01317191
v -0.52500242 4.37153721 2.97499895
v -0.52500242 4.02500486 2.97499895
v -0.52500242 4.37153721 3.01317191
v -0.51944685 4.39931488 2.97499895
v -0.51944685 4.39931488 3.01317191
v -0.502780199 4.41598177 2.97499895
v -0.502780199 4.41598177 3.01317191
v -0.475002438 4.4215374 2.97499895
v -0.475002438 4.4215374 3.01317191
v -0.387001932 4.4215374 2.97499895
v -0.387001932 4.4215374 3.01317191
v -0.35922417 4.41598177 2.97499895
v -0.35922417 4.41598177 3.01317191
v -0.34255752 4.39931488 2.97499895
v -0.34255752 4.39931488 3.01317191
v -0.33700195 4.37153721 2.97499895
v -0.33700195 4.37153721 3.01317191
v -0.33700195 4.02500486 2.97499895
v -0.33700195 4.02500486 3.01317191
v -0.502780199 4.41598177 3.01317191
v -0.387001932 4.4215374 3.01317191
v -0.475002438 4.4215374 3.01317191
v -0.51944685 4.39931488 3.01317191
v -0.52500242 4.37153721 3.01317191
v -0.52500242 4.02500486 3.01317191
v -0.33700195 4.02500486 3.01317191
v -0.35922417 4.41598177 3.01317191
v -0.34255752 4.39931488 3.01317191
v -0.33700195 4.37153721 3.01317191
v -0.35922417 4.41598177 3.11390138
v -0.475002438 4.4215374 3.11390138
v -0.387001932 4.4215374 3.11390138
v -0.34255752 4.39931488 3.11390138
v -0.33700195 4.37153721 3.11390138
v -0.33700195 4.02500486 3.11390138
v -0.52500242 4.02500486 3.11390138
v -0.502780199 4.41598177 3.11390138
v -0.51944685 4.39931488 3.11390138
v -0.52500242 4.37153721 3.11390138
v -0.52500242 4.02500486 3.11390138
v -0.33700195 4.02500486 3.1520741
v -0.52500242 4.02500486 3.1520741
v -0.33700195 4.02500486 3.11390138
v -0.52500242 4.02500486 3.1520741
v -0.52500242 4.37153721 3.11390138
v -0.52500242 4.02500486 3.11390138
v -0.52500242 4.37153721 3.1520741
v -0.51944685 4.39931488 3.11390138
v -0.51944685 4.39931488 3.1520741
v -0.502780199 4.41598177 3.11390138
v -0.502780199 4.41598177 3.1520741
v -0.475002438 4.4215374 3.11390138
v -0.475002438 4.4215374 3.1520741
v -0.387001932 4.4215374 3.11390138
v -0.387001932 4.4215374 3.1520741
v -0.35922417 4.41598177 3.11390138
v -0.35922417 4.41598177 3.1520741
v -0.34255752 4.39931488 3.11390138
v -0.34255752 4.39931488 3.1520741
v -0.33700195 4.37153721 3.11390138
v -0.33700195 4.37153721 3.1520741
v -0.33700195 4.02500486 3.11390138
v -0.33700195 4.02500486 3.1520741
v -0.502780199 4.41598177 3.1520741
v -0.387001932 4.4215374 3.1520741
v -0.475002438 4.4215374 3.1520741
v -0.51944685 4.39931488 3.1520741
v -0.52500242 4.37153721 3.1520741
v -0.52500242 4.02500486 3.1520741
v -0.33700195 4.02500486 3.1520741
v -0.35922417 4.41598177 3.1520741
v -0.34255752 4.39931488 3.1520741
v -0.33700195 4.37153721 3.1520741
v -3.91233754 5.36074448 3.36183286
v -3.73757386 5.36074448 3.13816547
v -3.91233754 5.36074448 3.13816547
v -3.73757386 5.36074448 3.36183286
v -3.91233873 4.81413698 3.37218761
v -3.91233873 4.71784115 3.29453826
v -3.91233873 4.72154522 3.3019948
v -3.91233873 4.81413698 3.12781024
v -3.91233873 4.82248974 3.37499595
v -3.91233873 4.72154522 3.19800282
v -3.91233873 4.71784115 3.20545959
v -3.91233873 4.82248974 3.12500215
v -3.91233754 5.08191442 3.3749969
v -3.91233754 5.08191442 3.12500119
v -3.91233754 5.13191414 3.21264124
v -3.91233754 5.13191414 3.28735709
v -3.91233754 5.29598761 3.212641
v -3.91233754 5.34598732 3.37499809
v -3.91233754 5.34598732 3.12500024
v -3.91233754 5.29598761 3.28735733
v -3.91233754 5.36074448 3.13816547
v -3.91233754 5.36074448 3.36183286
v -3.73757505 4.81413698 3.12781024
v -3.73757505 4.71784115 3.20545959
v -3.73757505 4.72154522 3.19800282
v -3.73757505 4.81413698 3.37218761
v -3.73757505 4.82248974 3.12500215
v -3.73757505 4.72154522 3.3019948
v -3.73757505 4.71784115 3.29453826
v -3.73757505 4.82248974 3.37499595
v -3.73757434 5.08191442 3.3749969
v -3.73757434 5.08191442 3.12500119
v -3.73757434 5.13191414 3.28735709
v -3.73757434 5.13191414 3.21264124
v -3.73757386 5.29598761 3.28735733
v -3.73757386 5.34598732 3.12500024
v -3.73757386 5.34598732 3.37499809
v -3.73757386 5.29598761 3.212641
v -3.73757386 5.36074448 3.36183286
v -3.73757386 5.36074448 3.13816547
v -3.91233873 4.81413698 3.12781024
v -3.86495471 4.72154522 3.19800282
v -3.91233873 4.72154522 3.19800282
v -3.86495471 4.81413698 3.12781024
v -3.91233873 4.82248974 3.12500215
v -3.86495471 4.82248974 3.12500215
v -3.91233754 5.08191442 3.12500119
v -3.86495423 5.03191423 3.12500143
v -3.73757434 5.08191442 3.12500119
v -3.78495789 5.03191423 3.12500143
v -3.73757386 5.34598732 3.12500024
v -3.73757505 4.82248974 3.12500215
v -3.91233754 5.34598732 3.12500024
v -3.73757386 5.36074448 3.13816547
v -3.91233754 5.36074448 3.13816547
v -3.78495908 4.82248974 3.12500215
v -3.73757505 4.81413698 3.12781024
v -3.78495908 4.81413698 3.12781024
v -3.73757505 4.72154522 3.19800282
v -3.78495908 4.72154522 3.19800282
v -3.73757505 4.71784115 3.20545959
v -3.78495908 4.71784115 3.20545959
v -3.91233873 4.71784115 3.20545959
v -3.86495471 4.71784115 3.29453826
v -3.91233873 4.71784115 3.29453826
v -3.86495471 4.71784115 3.20545959
v -3.91233873 4.72154522 3.19800282
v -3.86495471 4.72154522 3.19800282
v -3.73757505 4.81413698 3.37218761
v -3.78495908 4.72154522 3.3019948
v -3.73757505 4.72154522 3.3019948
v -3.78495908 4.81413698 3.37218761
v -3.73757505 4.82248974 3.37499595
v -3.78495908 4.82248974 3.37499595
v -3.73757434 5.08191442 3.3749969
v -3.78495789 5.03191423 3.3749969
v -3.91233754 5.08191442 3.3749969
v -3.86495423 5.03191423 3.3749969
v -3.91233754 5.34598732 3.37499809
v -3.91233873 4.82248974 3.37499595
v -3.73757386 5.34598732 3.37499809
v -3.91233754 5.36074448 3.36183286
v -3.73757386 5.36074448 3.36183286
v -3.86495471 4.82248974 3.37499595
v -3.91233873 4.81413698 3.37218761
v -3.86495471 4.81413698 3.37218761
v -3.91233873 4.72154522 3.3019948
v -3.86495471 4.72154522 3.3019948
v -3.91233873 4.71784115 3.29453826
v -3.86495471 4.71784115 3.29453826
v -3.73757505 4.71784115 3.29453826
v -3.78495908 4.71784115 3.20545959
v -3.73757505 4.71784115 3.20545959
v -3.78495908 4.71784115 3.29453826
v -3.73757505 4.72154522 3.3019948
v -3.78495908 4.72154522 3.3019948
v -3.86495471 4.81413698 3.12781024
v -3.86495471 4.71784115 3.20545959
v -3.86495471 4.72154522 3.19800282
v -3.86495471 4.81413698 3.37218761
v -3.86495471 4.82248974 3.12500215
v -3.86495471 4.72154522 3.3019948
v -3.86495471 4.71784115 3.29453826
v -3.86495471 4.82248974 3.37499595
v -3.86495423 5.03191423 3.12500143
v -3.86495423 5.03191423 3.3749969
v -3.78495908 4.81413698 3.37218761
v -3.78495908 4.71784115 3.29453826
v -3.78495908 4.72154522 3.3019948
v -3.78495908 4.72154522 3.19800282
v -3.78495908 4.71784115 3.20545959
v -3.78495908 4.81413698 3.12781024
v -3.78495908 4.82248974 3.37499595
v -3.78495908 4.82248974 3.12500215
v -3.78495789 5.03191423 3.12500143
v -3.78495789 5.03191423 3.3749969
v -3.78495789 5.03191423 3.12500143
v -3.86495423 5.03191423 3.3749969
v -3.86495423 5.03191423 3.12500143
v -3.78495789 5.03191423 3.3749969
v -3.91233754 5.13191414 3.28735709
v -3.73757434 5.13191414 3.21264124
v -3.91233754 5.13191414 3.21264124
v -3.73757434 5.13191414 3.28735709
v -3.91233754 5.13191414 3.21264124
v -3.73757386 5.29598761 3.212641
v -3.91233754 5.29598761 3.212641
v -3.73757434 5.13191414 3.21264124
v -3.91233754 5.29598761 3.212641
v -3.73757386 5.29598761 3.28735733
v -3.91233754 5.29598761 3.28735733
v -3.73757386 5.29598761 3.212641
v -3.91233754 5.29598761 3.28735733
v -3.73757434 5.13191414 3.28735709
v -3.91233754 5.13191414 3.28735709
v -3.73757386 5.29598761 3.28735733
v -3.88726711 5.29598761 3.28735733
v -3.48103595 5.29598761 3.212641
v -3.88726711 5.29598761 3.212641
v -3.48103595 5.29598761 3.28735733
v -3.48103595 5.20530224 3.212641
v -3.48103595 5.20530224 3.28735733
v -3.88726711 5.20530224 3.28735733
v -3.88726711 5.20530224 3.212641
v -3.94625425 5.21406174 3.212641
v -3.94625425 5.21406174 3.28735733
v -4.04225922 5.28926706 3.28735733
v -4.04225922 5.28926706 3.212641
v -4.06103373 5.32021713 3.28735733
v -4.06103373 5.32021713 3.212641
v -4.05868721 5.38403368 3.212641
v -4.05868721 5.38403368 3.28735733
v -4.04929972 5.38455868 3.28735733
v -4.04929972 5.38455868 3.212641
v -3.94625425 5.3047471 3.212641
v -3.94625425 5.3047471 3.28735733
v -3.88726711 5.29598761 3.212641
v -3.88726711 5.29598761 3.28735733
v -3.88726711 5.20530224 3.212641
v -3.48103595 5.29598761 3.212641
v -3.48103595 5.20530224 3.212641
v -3.88726711 5.29598761 3.212641
v -3.94625425 5.3047471 3.212641
v -3.94625425 5.21406174 3.212641
v -4.05868721 5.38403368 3.212641
v -4.04929972 5.38455868 3.212641
v -4.04225922 5.28926706 3.212641
v -4.06103373 5.32021713 3.212641
v -3.48103595 5.29598761 3.28735733
v -3.88726711 5.20530224 3.28735733
v -3.48103595 5.20530224 3.28735733
v -3.88726711 5.29598761 3.28735733
v -3.94625425 5.21406174 3.28735733
v -3.94625425 5.3047471 3.28735733
v -4.04225922 5.28926706 3.28735733
v -4.06103373 5.32021713 3.28735733
v -4.04929972 5.38455868 3.28735733
v -4.05868721 5.38403368 3.28735733
v 1.10345316 0.254113674 3.07550955
v 1.10345316 -7.62939436E-08 3.42448854
v 1.10345316 4.41249675E-19 3.07551026
v 1.10345316 0.254113644 3.42448878
v 1.06622279 0.384419769 3.07550931
v 1.06622279 0.384419769 3.42448926
v 0.954531968 0.440265268 3.07550931
v 0.954531968 0.440265268 3.42448974
v 0.874191999 0.440265268 3.42448974
v 0.874191999 0.440265268 3.07550931
v 0.76250118 0.384419769 3.07550931
v 0.76250118 0.384419769 3.42448926
v 0.725270808 0.254113674 3.07550955
v 0.725270808 0.254113644 3.42448878
v 0.725270808 -1.14440915E-07 3.42448854
v 0.725270808 4.41249675E-19 3.07551026
v 1.10345316 -7.62939436E-08 3.42448854
v 0.725270808 4.41249675E-19 3.07551026
v 1.10345316 4.41249675E-19 3.07551026
v 0.725270808 -1.14440915E-07 3.42448854
v 1.10345316 0.254113644 3.42448878
v 0.725270808 -1.14440915E-07 3.42448854
v 1.10345316 -7.62939436E-08 3.42448854
v 0.874191999 0.440265268 3.42448974
v 1.06622279 0.384419769 3.42448926
v 0.954531968 0.440265268 3.42448974
v 0.76250118 0.384419769 3.42448926
v 0.725270808 0.254113644 3.42448878
v 1.10345316 4.41249675E-19 3.07551026
v 1.06622279 0.384419769 3.07550931
v 1.10345316 0.254113674 3.07550955
v 0.954531968 0.440265268 3.07550931
v 0.725270808 0.254113674 3.07550955
v 0.725270808 4.41249675E-19 3.07551026
v 0.76250118 0.384419769 3.07550931
v 0.874191999 0.440265268 3.07550931
v 0.827399552 0.0787933022 3.42448759
v 1.00133193 0.0787933022 3.42448759
v 0.914365828 0.0554907024 3.42448759
v 0.740433335 0.22942315 3.42448759
v 0.763735771 0.142456993 3.42448711
v 1.00133193 0.380053103 3.42448759
v 1.0882982 0.22942315 3.42448759
v 1.06499565 0.142456993 3.42448711
v 1.06499565 0.316389382 3.42448759
v 0.827399552 0.380053103 3.42448759
v 0.914365828 0.403355718 3.42448759
v 0.763735771 0.316389382 3.42448759
v 0.740433335 0.22942315 3.42448759
v 0.763735771 0.316389471 3.62033796
v 0.763735771 0.316389382 3.42448759
v 0.740433335 0.22942318 3.62033772
v 0.763735771 0.316389382 3.42448759
v 0.827399552 0.380053103 3.62033796
v 0.827399552 0.380053103 3.42448759
v 0.763735771 0.316389471 3.62033796
v 0.827399552 0.380053103 3.42448759
v 0.914365828 0.403355628 3.62033796
v 0.914365828 0.403355718 3.42448759
v 0.827399552 0.380053103 3.62033796
v 0.914365828 0.403355718 3.42448759
v 1.00133193 0.380053103 3.62033796
v 1.00133193 0.380053103 3.42448759
v 0.914365828 0.403355628 3.62033796
v 1.00133193 0.380053103 3.42448759
v 1.06499565 0.316389471 3.62033796
v 1.06499565 0.316389382 3.42448759
v 1.00133193 0.380053103 3.62033796
v 1.06499565 0.316389382 3.42448759
v 1.0882982 0.22942318 3.62033772
v 1.0882982 0.22942315 3.42448759
v 1.06499565 0.316389471 3.62033796
v 1.0882982 0.22942315 3.42448759
v 1.06499565 0.142456949 3.62033772
v 1.06499565 0.142456993 3.42448711
v 1.0882982 0.22942318 3.62033772
v 1.06499565 0.142456993 3.42448711
v 1.00133193 0.0787932575 3.62033772
v 1.00133193 0.0787933022 3.42448759
v 1.06499565 0.142456949 3.62033772
v 1.00133193 0.0787933022 3.42448759
v 0.914365828 0.0554906838 3.62033772
v 0.914365828 0.0554907024 3.42448759
v 1.00133193 0.0787932575 3.62033772
v 0.914365828 0.0554907024 3.42448759
v 0.827399552 0.0787932575 3.62033772
v 0.827399552 0.0787933022 3.42448759
v 0.914365828 0.0554906838 3.62033772
v 0.827399552 0.0787933022 3.42448759
v 0.763735771 0.142456949 3.62033772
v 0.763735771 0.142456993 3.42448711
v 0.827399552 0.0787932575 3.62033772
v 0.740433335 0.22942315 3.42448759
v 0.763735771 0.142456949 3.62033772
v 0.740433335 0.22942318 3.62033772
v 0.763735771 0.142456993 3.42448711
v -0.394976497 0.423880309 3.37499905
v -0.394977033 0.31888184 3.12500119
v -0.394977421 0.318882138 3.37499905
v -0.394976109 0.42388016 3.12500119
v -0.499977678 0.423881978 3.37499905
v -0.499978006 0.423881829 3.12500119
v -0.499977678 0.44388184 3.37499905
v -0.499978006 0.443881512 3.12500119
v -0.37497741 0.44388184 3.37499905
v -0.499978006 0.443881512 3.12500119
v -0.499977678 0.44388184 3.37499905
v -0.374977022 0.443881512 3.12500119
v -0.37497741 0.318882138 3.37499905
v -0.374977022 0.31888184 3.12500119
v -0.394977421 0.318882138 3.37499905
v -0.394977033 0.31888184 3.12500119
v -0.60220933 4.26383829 3.48688316
v -0.60220933 4.17380381 3.38732314
v -0.60220933 4.17380381 3.48688316
v -0.60220933 4.26383829 3.38732314
v -0.60220933 4.26383829 3.38732314
v -0.557192266 4.34181023 3.48688316
v -0.557192266 4.34181023 3.38732314
v -0.60220933 4.26383829 3.48688316
v -0.557192266 4.34181023 3.38732314
v -0.47922045 4.38682652 3.48688316
v -0.47922045 4.38682652 3.38732314
v -0.557192266 4.34181023 3.48688316
v -0.47922045 4.38682652 3.38732314
v -0.389186442 4.38682652 3.48688316
v -0.389186442 4.38682652 3.38732314
v -0.47922045 4.38682652 3.48688316
v -0.389186442 4.38682652 3.38732314
v -0.311214626 4.34181023 3.48688316
v -0.311214626 4.34181023 3.38732314
v -0.389186442 4.38682652 3.48688316
v -0.311214626 4.34181023 3.38732314
v -0.266197532 4.26383829 3.48688316
v -0.266197532 4.26383829 3.38732314
v -0.311214626 4.34181023 3.48688316
v -0.266197532 4.26383829 3.38732314
v -0.266197532 4.17380428 3.48688316
v -0.266197532 4.17380428 3.38732314
v -0.266197532 4.26383829 3.48688316
v -0.266197532 4.17380428 3.38732314
v -0.311214626 4.09583235 3.48688293
v -0.311214626 4.09583235 3.38732314
v -0.266197532 4.17380428 3.48688316
v -0.311214626 4.09583235 3.38732314
v -0.389186114 4.05081511 3.48688293
v -0.389186114 4.05081511 3.38732314
v -0.311214626 4.09583235 3.48688293
v -0.389186114 4.05081511 3.38732314
v -0.47922045 4.05081511 3.48688293
v -0.47922045 4.05081511 3.38732314
v -0.389186114 4.05081511 3.48688293
v -0.47922045 4.05081511 3.38732314
v -0.557192266 4.09583187 3.48688293
v -0.557192266 4.09583187 3.38732314
v -0.47922045 4.05081511 3.48688293
v -0.60220933 4.17380381 3.38732314
v -0.557192266 4.09583187 3.48688293
v -0.60220933 4.17380381 3.48688316
v -0.557192266 4.09583187 3.38732314
v -0.60220933 4.26383829 3.11321402
v -0.60220933 4.17380381 3.01365399
v -0.60220933 4.17380381 3.11321402
v -0.60220933 4.26383829 3.01365399
v -0.60220933 4.26383829 3.01365399
v -0.557192266 4.34181023 3.11321402
v -0.557192266 4.34181023 3.01365399
v -0.60220933 4.26383829 3.11321402
v -0.557192266 4.34181023 3.01365399
v -0.47922045 4.38682652 3.11321402
v -0.47922045 4.38682652 3.01365399
v -0.557192266 4.34181023 3.11321402
v -0.47922045 4.38682652 3.01365399
v -0.389186442 4.38682652 3.11321402
v -0.389186442 4.38682652 3.01365399
v -0.47922045 4.38682652 3.11321402
v -0.389186442 4.38682652 3.01365399
v -0.311214626 4.34181023 3.11321402
v -0.311214626 4.34181023 3.01365399
v -0.389186442 4.38682652 3.11321402
v -0.311214626 4.34181023 3.01365399
v -0.266197532 4.26383829 3.11321402
v -0.266197532 4.26383829 3.01365399
v -0.311214626 4.34181023 3.11321402
v -0.266197532 4.26383829 3.01365399
v -0.266197532 4.17380428 3.11321402
v -0.266197532 4.17380428 3.01365399
v -0.266197532 4.26383829 3.11321402
v -0.266197532 4.17380428 3.01365399
v -0.311214626 4.09583235 3.11321402
v -0.311214626 4.09583235 3.01365399
v -0.266197532 4.17380428 3.11321402
v -0.311214626 4.09583235 3.01365399
v -0.389186114 4.05081511 3.11321402
v -0.389186114 4.05081511 3.01365399
v -0.311214626 4.09583235 3.11321402
v -0.389186114 4.05081511 3.01365399
v -0.47922045 4.05081511 3.11321402
v -0.47922045 4.05081511 3.01365399
v -0.389186114 4.05081511 3.11321402
v -0.47922045 4.05081511 3.01365399
v -0.557192266 4.09583187 3.11321402
v -0.557192266 4.09583187 3.01365399
v -0.47922045 4.05081511 3.11321402
v -0.60220933 4.17380381 3.01365399
v -0.557192266 4.09583187 3.11321402
v -0.60220933 4.17380381 3.11321402
v -0.557192266 4.09583187 3.01365399
v -3.88471556 5.75997353 3.37406754
v -3.9309237 5.67360926 3.48326015
v -3.88471556 5.75997353 3.48326015
v -3.9309237 5.67360926 3.37406754
v -3.93408799 5.5757122 3.48325992
v -3.93408799 5.5757122 3.37406754
v -3.88471556 5.75997353 3.37406754
v -3.79919982 5.80934572 3.48326015
v -3.79919982 5.80934572 3.37406754
v -3.88471556 5.75997353 3.48326015
v -3.79919982 5.80934572 3.37406754
v -3.70045495 5.80934572 3.48326015
v -3.70045495 5.80934572 3.37406754
v -3.79919982 5.80934572 3.48326015
v -3.70045495 5.80934572 3.37406754
v -3.61493921 5.75997353 3.48326015
v -3.61493921 5.75997353 3.37406754
v -3.70045495 5.80934572 3.48326015
v -3.61493921 5.75997353 3.37406754
v -3.56556654 5.67445707 3.48326015
v -3.56556654 5.67445707 3.37406802
v -3.61493921 5.75997353 3.48326015
v -3.56556654 5.67445707 3.37406802
v -3.56556654 5.57571316 3.48325992
v -3.56556654 5.57571316 3.37406754
v -3.56556654 5.67445707 3.48326015
v -3.56556654 5.57571316 3.37406754
v -3.61493921 5.49019766 3.48325992
v -3.61493921 5.49019766 3.37406802
v -3.56556654 5.57571316 3.48325992
v -3.61493921 5.49019766 3.37406802
v -3.70045471 5.44082499 3.48325992
v -3.70045471 5.44082499 3.37406754
v -3.61493921 5.49019766 3.48325992
v -3.70045471 5.44082499 3.37406754
v -3.79919982 5.44082499 3.48325992
v -3.79919982 5.44082499 3.37406754
v -3.70045471 5.44082499 3.48325992
v -3.79919982 5.44082499 3.37406754
v -3.88471556 5.49019718 3.48325992
v -3.88471556 5.49019718 3.37406802
v -3.79919982 5.44082499 3.48325992
v -3.93408799 5.5757122 3.37406754
v -3.88471556 5.49019718 3.48325992
v -3.93408799 5.5757122 3.48325992
v -3.88471556 5.49019718 3.37406802
v -3.86281872 4.86852789 3.12068987
v -3.78612089 4.79916763 3.12068987
v -3.86281872 4.79916763 3.12068987
v -3.78612089 4.86852789 3.12068987
v -3.78612089 4.86852789 3.12068987
v -3.86281872 4.92859507 3.15536976
v -3.78612089 4.92859507 3.15536976
v -3.86281872 4.86852789 3.12068987
v -3.78612089 4.92859507 3.15536976
v -3.86281872 4.96327496 3.21543717
v -3.78612089 4.96327496 3.21543717
v -3.86281872 4.92859507 3.15536976
v -3.78612089 4.96327496 3.21543717
v -3.86281872 4.96327496 3.28479671
v -3.78612089 4.96327496 3.28479671
v -3.86281872 4.96327496 3.21543717
v -3.78612089 4.96327496 3.28479671
v -3.86281872 4.92859507 3.34486389
v -3.78612089 4.92859507 3.34486389
v -3.86281872 4.96327496 3.28479671
v -3.78612089 4.92859507 3.34486389
v -3.86281872 4.86852789 3.37954378
v -3.78612089 4.86852789 3.37954378
v -3.86281872 4.92859507 3.34486389
v -3.78612089 4.86852789 3.37954378
v -3.86281872 4.79916859 3.37954378
v -3.78612089 4.79916859 3.37954378
v -3.86281872 4.86852789 3.37954378
v -3.78612089 4.79916859 3.37954378
v -3.86281872 4.73910141 3.34486389
v -3.78612089 4.73910141 3.34486389
v -3.86281872 4.79916859 3.37954378
v -3.78612089 4.73910141 3.34486389
v -3.86281872 4.70442152 3.28479671
v -3.78612089 4.70442152 3.28479671
v -3.86281872 4.73910141 3.34486389
v -3.78612089 4.70442152 3.28479671
v -3.86281872 4.70442152 3.21543717
v -3.78612089 4.70442152 3.21543717
v -3.86281872 4.70442152 3.28479671
v -3.78612089 4.70442152 3.21543717
v -3.86281872 4.73910093 3.15536976
v -3.78612089 4.73910093 3.15536976
v -3.86281872 4.70442152 3.21543717
v -3.78612089 4.79916763 3.12068987
v -3.86281872 4.73910093 3.15536976
v -3.86281872 4.79916763 3.12068987
v -3.78612089 4.73910093 3.15536976
v -3.93408799 5.67445707 3.1249218
v -3.93408799 5.5757122 3.01572919
v -3.93408799 5.5757122 3.12492156
v -3.93408799 5.67445707 3.01572967
v -3.93408799 5.67445707 3.01572967
v -3.88471556 5.75997353 3.1249218
v -3.88471556 5.75997353 3.01572967
v -3.93408799 5.67445707 3.1249218
v -3.88471556 5.75997353 3.01572967
v -3.79919982 5.80934572 3.1249218
v -3.79919982 5.80934572 3.01572919
v -3.88471556 5.75997353 3.1249218
v -3.79919982 5.80934572 3.01572919
v -3.70045495 5.80934572 3.1249218
v -3.70045495 5.80934572 3.01572919
v -3.79919982 5.80934572 3.1249218
v -3.70045495 5.80934572 3.01572919
v -3.61493921 5.75997353 3.1249218
v -3.61493921 5.75997353 3.01572967
v -3.70045495 5.80934572 3.1249218
v -3.61493921 5.75997353 3.01572967
v -3.56556654 5.67445707 3.1249218
v -3.56556654 5.67445707 3.01572967
v -3.61493921 5.75997353 3.1249218
v -3.56556654 5.67445707 3.01572967
v -3.56556654 5.57571316 3.12492156
v -3.56556654 5.57571316 3.01572919
v -3.56556654 5.67445707 3.1249218
v -3.56556654 5.57571316 3.01572919
v -3.61493921 5.49019766 3.12492156
v -3.61493921 5.49019766 3.01572919
v -3.56556654 5.57571316 3.12492156
v -3.61493921 5.49019766 3.01572919
v -3.70045471 5.44082499 3.12492156
v -3.70045471 5.44082499 3.01572919
v -3.61493921 5.49019766 3.12492156
v -3.70045471 5.44082499 3.01572919
v -3.79919982 5.44082499 3.12492156
v -3.79919982 5.44082499 3.01572919
v -3.70045471 5.44082499 3.12492156
v -3.79919982 5.44082499 3.01572919
v -3.88471556 5.49019718 3.12492156
v -3.88471556 5.49019718 3.01572919
v -3.79919982 5.44082499 3.12492156
v -3.93408799 5.5757122 3.01572919
v -3.88471556 5.49019718 3.12492156
v -3.93408799 5.5757122 3.12492156
v -3.88471556 5.49019718 3.01572919
v 0.740433335 0.22942315 3.07551241
v 0.827399552 0.380053103 3.07551241
v 0.763735771 0.316389382 3.07551241
v 1.00133193 0.380053103 3.07551241
v 0.914365828 0.403355718 3.07551241
v 1.00133193 0.0787933022 3.07551241
v 0.827399552 0.0787933022 3.07551241
v 0.763735771 0.142456993 3.07551265
v 0.914365828 0.0554907024 3.07551241
v 1.0882982 0.22942315 3.07551241
v 1.06499565 0.316389382 3.07551241
v 1.06499565 0.142456993 3.07551265
v 0.740433335 0.22942318 2.87966204
v 0.763735771 0.316389382 3.07551241
v 0.763735771 0.316389471 2.8796618
v 0.740433335 0.22942315 3.07551241
v 0.827399552 0.380053103 2.8796618
v 0.763735771 0.316389382 3.07551241
v 0.827399552 0.380053103 3.07551241
v 0.763735771 0.316389471 2.8796618
v 0.914365828 0.403355628 2.8796618
v 0.827399552 0.380053103 3.07551241
v 0.914365828 0.403355718 3.07551241
v 0.827399552 0.380053103 2.8796618
v 1.00133193 0.380053103 2.8796618
v 0.914365828 0.403355718 3.07551241
v 1.00133193 0.380053103 3.07551241
v 0.914365828 0.403355628 2.8796618
v 1.06499565 0.316389471 2.8796618
v 1.00133193 0.380053103 3.07551241
v 1.06499565 0.316389382 3.07551241
v 1.00133193 0.380053103 2.8796618
v 1.0882982 0.22942318 2.87966204
v 1.06499565 0.316389382 3.07551241
v 1.0882982 0.22942315 3.07551241
v 1.06499565 0.316389471 2.8796618
v 1.06499565 0.142456949 2.87966204
v 1.0882982 0.22942315 3.07551241
v 1.06499565 0.142456993 3.07551265
v 1.0882982 0.22942318 2.87966204
v 1.00133193 0.0787932575 2.87966204
v 1.06499565 0.142456993 3.07551265
v 1.00133193 0.0787933022 3.07551241
v 1.06499565 0.142456949 2.87966204
v 0.914365828 0.0554906838 2.87966204
v 1.00133193 0.0787933022 3.07551241
v 0.914365828 0.0554907024 3.07551241
v 1.00133193 0.0787932575 2.87966204
v 0.827399552 0.0787932575 2.87966204
v 0.914365828 0.0554907024 3.07551241
v 0.827399552 0.0787933022 3.07551241
v 0.914365828 0.0554906838 2.87966204
v 0.763735771 0.142456949 2.87966204
v 0.827399552 0.0787933022 3.07551241
v 0.763735771 0.142456993 3.07551265
v 0.827399552 0.0787932575 2.87966204
v 0.740433335 0.22942318 2.87966204
v 0.763735771 0.142456993 3.07551265
v 0.740433335 0.22942315 3.07551241
v 0.763735771 0.142456949 2.87966204
v -0.479998857 4.00000143 2.99999905
v -0.479998469 -1.3645617E-18 3.10500121
v -0.479999989 5.06485336E-18 3.00000095
v -0.479997307 4.00000143 3.10500336
v -0.375 -1.36450452E-18 3.10500026
v -0.374998838 4.00000143 3.1050024
v -0.375 -2.58915121E-18 3.12500024
v -0.374998838 4.00000143 3.12500238
v -0.479998469 -1.3645617E-18 3.10500121
v -0.5 5.06485336E-18 3.00000095
v -0.479999989 5.06485336E-18 3.00000095
v -0.5 -2.58915121E-18 3.12500024
v -0.375 -1.36450452E-18 3.10500026
v -0.375 -2.58915121E-18 3.12500024
v -0.479997307 4.00000143 3.10500336
v -0.374998838 4.00000143 3.12500238
v -0.374998838 4.00000143 3.1050024
v -0.499998838 4.00000143 3.12500238
v -0.479998857 4.00000143 2.99999905
v -0.499998838 4.00000143 2.99999905
v -0.479999989 5.06485336E-18 3.00000095
v -0.499998838 4.00000143 2.99999905
v -0.479998857 4.00000143 2.99999905
v -0.5 5.06485336E-18 3.00000095
v -0.499998838 4.00000143 3.12500238
v -0.5 -2.58915121E-18 3.12500024
v -0.374998838 4.00000143 3.12500238
v -0.375 -2.58915121E-18 3.12500024
v -0.362112254 4.00001717 3.12436819
v 1.36520219 1.06811524E-06 3.12436676
v 1.50312424 1.06811524E-06 3.12436676
v -0.49999541 3.99996424 3.12436819
v 1.36520231 1.06811524E-06 3.00000095
v -0.499995857 3.99996448 2.99999833
v 1.38726962 1.06811524E-06 3.00000095
v -0.477948606 3.99997735 2.99999833
v 0.301076531 2.28202319 3.12366056
v -0.480001062 2.28202438 3.10735631
v 0.301076531 2.28202319 3.10735798
v -0.480001062 2.28202438 3.12365866
v 0.242788151 2.40702319 3.12366056
v -0.480001062 2.40702415 3.12365866
v 0.242788151 2.40702319 2.99999928
v -0.480001062 2.40702415 3.00000095
v 0.707359612 1.41074598 3.10630918
v -0.480001062 1.4107486 3.00000095
v 0.707358897 1.41074765 2.99999928
v -0.480001062 1.41074705 3.10630727
v -0.480001062 1.3057487 3.10630631
v 0.756321073 1.30574763 3.10630846
v 0.756321073 1.30574763 3.12389874
v -0.480001062 1.3057487 3.12389684
v -0.480001062 2.28202438 3.10735631
v 0.252114892 2.38702178 3.10735893
v 0.301076531 2.28202319 3.10735798
v -0.480001062 2.38702273 3.10735703
v -0.480001062 2.38702416 3.00000095
v 0.252114266 2.38702321 2.99999928
v 0.242788151 2.40702319 2.99999928
v -0.480001062 2.40702415 3.00000095
v 0.698855281 1.42898393 3.12372541
v -0.479999989 2.25442743 3.10563898
v 0.698855221 1.42898393 3.10564089
v -0.479999989 2.25442743 3.12372375
v 0.593200922 1.65556026 3.12372518
v -0.479999214 2.407022 3.12372327
v 0.593201101 1.65556002 3
v -0.479999214 2.407022 3.00000095
v -0.479999989 2.25442743 3.10563898
v 0.610106707 1.61930573 3.10564137
v 0.698855221 1.42898393 3.10564089
v -0.479999989 2.38260698 3.1056397
v -0.479999989 2.38260865 3.00000095
v 0.610105395 1.61930847 3
v 0.593201101 1.65556002 3
v -0.479999214 2.407022 3.00000095
v -0.480001062 1.4107486 3.00000095
v 0.698032796 1.43074751 2.99999928
v 0.707358897 1.41074765 2.99999928
v -0.480001062 1.43074858 3.00000095
v -0.480001062 1.43074858 3.12389684
v 0.698032796 1.43074751 3.12389851
v -0.480001062 1.3057487 3.12389684
v 0.756321073 1.30574763 3.12389874
v -0.479999989 0.418588549 3.10573125
v 0.80892998 1.1929276 3.10573244
v -0.479999989 0.290409237 3.1057303
v 0.763871133 1.2895565 3.10573363
v -0.479999989 0.418590397 3.00000048
v 0.763870597 1.28955793 3
v -0.4799999 0.443005979 3.00000048
v 0.755287826 1.30796385 3
v -0.479999989 0.44300583 3.12432885
v 0.755287826 1.30796385 3
v -0.4799999 0.443005979 3.00000048
v 0.755287945 1.30796373 3.12433124
v 0.808930039 1.1929276 3.124331
v -0.479999989 0.290409237 3.12432885
v -0.479999989 0.290409237 3.1057303
v 0.80892998 1.1929276 3.10573244
v -0.477948606 3.99997735 2.99999833
v 1.38727152 1.06811524E-06 3.1038537
v 1.38726962 1.06811524E-06 3.00000095
v -0.477947235 3.99997735 3.10385513
v -0.362112254 4.00001717 3.10385442
v 1.50312424 1.06811524E-06 3.10385275
v 1.50312424 1.06811524E-06 3.12436676
v -0.362112254 4.00001717 3.12436819
v -0.249999121 1.52587882E-06 -3.37499595
v 0.5 3.80113103E-16 -3.12500215
v -0.249999121 1.52587882E-06 -3.12500215
v 0.5 3.95420814E-16 -3.37499595
v 0.253834695 3.20014906 -3.12500095
v 0.253834695 3.20014906 -3.37499833
v 0.20819743 3.27743459 -3.12500024
v 0.20819743 3.27743459 -3.37499833
v -0.249997973 2.81004333 -3.37499833
v 0.5 3.95420814E-16 -3.37499595
v -0.249999121 1.52587882E-06 -3.37499595
v 0.253834695 3.20014906 -3.37499833
v 0.20819743 3.27743459 -3.37499833
v -0.290474743 2.88939691 -3.37499833
v -0.249999121 1.52587882E-06 -3.12500215
v -0.249997973 2.81004333 -3.37499833
v -0.249999121 1.52587882E-06 -3.37499595
v -0.249997973 2.81004333 -3.12500095
v -0.290474743 2.88939691 -3.12500024
v -0.290474743 2.88939691 -3.37499833
v 0.253834695 3.20014906 -3.12500095
v -0.249999121 1.52587882E-06 -3.12500215
v 0.5 3.80113103E-16 -3.12500215
v -0.249997973 2.81004333 -3.12500095
v -0.290474743 2.88939691 -3.12500024
v 0.20819743 3.27743459 -3.12500024
v -3.75000048 5.39822149 -3.37499952
v 0.20819743 3.27743459 -3.37499833
v -0.290474743 2.88939691 -3.37499833
v -3.75000072 5.87500095 -3.37499952
v -3.9324553 5.43451452 -3.37499952
v -4.08713388 5.53786755 -3.37499952
v -4.19048643 5.69254541 -3.37499952
v -4.22677898 5.87500095 -3.37499952
v 0.20819743 3.27743459 -3.37499833
v -3.75000119 5.87500095 -3.12499952
v 0.20819743 3.27743459 -3.12500024
v -3.75000072 5.87500095 -3.37499952
v -4.22677898 5.87500095 -3.12499952
v -4.22677898 5.87500095 -3.37499952
v -3.75000119 5.87500095 -3.12499952
v -0.290474743 2.88939691 -3.12500024
v 0.20819743 3.27743459 -3.12500024
v -3.75000048 5.39822149 -3.12499952
v -3.9324553 5.43451452 -3.12499952
v -4.08713388 5.53786755 -3.12499952
v -4.19048643 5.69254541 -3.12499952
v -4.22677898 5.87500095 -3.12499952
v -3.75000048 5.39822149 -3.12499952
v -0.290474743 2.88939691 -3.37499833
v -0.290474743 2.88939691 -3.12500024
v -3.75000048 5.39822149 -3.37499952
v -3.9324553 5.43451452 -3.12499952
v -3.9324553 5.43451452 -3.37499952
v -4.08713388 5.53786755 -3.12499952
v -4.08713388 5.53786755 -3.37499952
v -4.19048643 5.69254541 -3.12499952
v -4.19048643 5.69254541 -3.37499952
v -4.22677898 5.87500095 -3.12499952
v -4.22677898 5.87500095 -3.37499952
v -0.479998857 4.00000143 -3.50000095
v -0.479998469 3.96645624E-16 -3.39499831
v -0.479999989 4.03075054E-16 -3.49999905
v -0.479997307 4.00000143 -3.39499664
v -0.375 3.96645703E-16 -3.3949995
v -0.374998838 4.00000143 -3.39499712
v -0.375 3.95421053E-16 -3.37499952
v -0.374998838 4.00000143 -3.37499714
v -0.479998469 3.96645624E-16 -3.39499831
v -0.5 4.03075054E-16 -3.49999905
v -0.479999989 4.03075054E-16 -3.49999905
v -0.5 3.95421053E-16 -3.37499952
v -0.375 3.96645703E-16 -3.3949995
v -0.375 3.95421053E-16 -3.37499952
v -0.479997307 4.00000143 -3.39499664
v -0.374998838 4.00000143 -3.37499714
v -0.374998838 4.00000143 -3.39499712
v -0.499998838 4.00000143 -3.37499714
v -0.479998857 4.00000143 -3.50000095
v -0.499998838 4.00000143 -3.50000095
v -0.479999989 4.03075054E-16 -3.49999905
v -0.499998838 4.00000143 -3.50000095
v -0.479998857 4.00000143 -3.50000095
v -0.5 4.03075054E-16 -3.49999905
v -0.499998838 4.00000143 -3.37499714
v -0.5 3.95421053E-16 -3.37499952
v -0.374998838 4.00000143 -3.37499714
v -0.375 3.95421053E-16 -3.37499952
v -0.362112254 4.00001717 -3.37563205
v 1.36520219 1.06811524E-06 -3.37563324
v 1.50312424 1.06811524E-06 -3.37563324
v -0.49999541 3.99996424 -3.37563205
v 1.36520231 1.07765197E-06 -3.49999905
v -0.499995857 3.99996448 -3.50000143
v 1.38726962 1.07765197E-06 -3.49999905
v -0.477948606 3.99997735 -3.50000143
v 0.301076531 2.28202319 -3.37633944
v -0.480001062 2.28202438 -3.39264369
v 0.301076531 2.28202319 -3.39264178
v -0.480001062 2.28202438 -3.3763411
v 0.242788151 2.40702319 -3.37633944
v -0.480001062 2.40702415 -3.3763411
v 0.242788151 2.40702319 -3.50000095
v -0.480001062 2.40702415 -3.49999905
v 0.707359612 1.41074598 -3.39369106
v -0.480001062 1.4107486 -3.49999905
v 0.707358897 1.41074765 -3.50000095
v -0.480001062 1.41074705 -3.39369226
v -0.480001062 1.3057487 -3.39369345
v 0.756321073 1.30574763 -3.39369106
v 0.756321073 1.30574763 -3.37610078
v -0.480001062 1.3057487 -3.37610316
v -0.480001062 2.28202438 -3.39264369
v 0.252114892 2.38702178 -3.39264131
v 0.301076531 2.28202319 -3.39264178
v -0.480001062 2.38702273 -3.3926425
v -0.480001062 2.38702416 -3.49999905
v 0.252114266 2.38702321 -3.50000095
v 0.242788151 2.40702319 -3.50000095
v -0.480001062 2.40702415 -3.49999905
v 0.698855281 1.42898393 -3.37627411
v -0.479999989 2.25442743 -3.39436126
v 0.698855221 1.42898393 -3.39435863
v -0.479999989 2.25442743 -3.37627649
v 0.593200922 1.65556026 -3.37627459
v -0.479999214 2.407022 -3.37627649
v 0.593201101 1.65556002 -3.49999952
v -0.479999214 2.407022 -3.49999905
v -0.479999989 2.25442743 -3.39436126
v 0.610106707 1.61930573 -3.39435863
v 0.698855221 1.42898393 -3.39435863
v -0.479999989 2.38260698 -3.39436007
v -0.479999989 2.38260865 -3.49999905
v 0.610105395 1.61930847 -3.49999952
v 0.593201101 1.65556002 -3.49999952
v -0.479999214 2.407022 -3.49999905
v -0.480001062 1.4107486 -3.49999905
v 0.698032796 1.43074751 -3.50000095
v 0.707358897 1.41074765 -3.50000095
v -0.480001062 1.43074858 -3.49999905
v -0.480001062 1.43074858 -3.37610316
v 0.698032796 1.43074751 -3.37610126
v -0.480001062 1.3057487 -3.37610316
v 0.756321073 1.30574763 -3.37610078
v -0.479999989 0.418588549 -3.39426851
v 0.80892998 1.1929276 -3.39426708
v -0.479999989 0.290409237 -3.3942697
v 0.763871133 1.2895565 -3.39426589
v -0.479999989 0.418590397 -3.49999952
v 0.763870597 1.28955793 -3.49999952
v -0.4799999 0.443005979 -3.49999952
v 0.755287826 1.30796385 -3.49999952
v -0.479999989 0.44300583 -3.37567091
v 0.755287826 1.30796385 -3.49999952
v -0.4799999 0.443005979 -3.49999952
v 0.755287945 1.30796373 -3.37566853
v 0.808930039 1.1929276 -3.37566853
v -0.479999989 0.290409237 -3.37567091
v -0.479999989 0.290409237 -3.3942697
v 0.80892998 1.1929276 -3.39426708
v -0.477948606 3.99997735 -3.50000143
v 1.38727152 1.06811524E-06 -3.39614582
v 1.38726962 1.07765197E-06 -3.49999905
v -0.477947235 3.99997735 -3.39614463
v -0.362112254 4.00001717 -3.39614582
v 1.50312424 1.06811524E-06 -3.39614701
v 1.50312424 1.06811524E-06 -3.37563324
v -0.362112254 4.00001717 -3.37563205
v -0.394977033 1.30574822 -3.12500095
v -0.394976497 1.41074669 -3.37499833
v -0.394977421 1.30574858 -3.37499905
v -0.394976109 1.41074657 -3.12500095
v -0.499977678 1.41074836 -3.37499905
v -0.499978006 1.41074824 -3.12500095
v -0.499977678 1.43074822 -3.37499833
v -0.499978006 1.43074799 -3.12500095
v -0.499978006 1.43074799 -3.12500095
v -0.37497741 1.43074822 -3.37499833
v -0.499977678 1.43074822 -3.37499833
v -0.374977022 1.43074799 -3.12500095
v -0.37497741 1.30574858 -3.37499905
v -0.374977022 1.30574822 -3.12500095
v -0.394977421 1.30574858 -3.37499905
v -0.394977033 1.30574822 -3.12500095
v -0.394977033 2.28216171 -3.12500095
v -0.394976497 2.3871603 -3.37499833
v -0.394977421 2.28216219 -3.37499905
v -0.394976109 2.38716006 -3.12500095
v -0.499977678 2.38716197 -3.37499905
v -0.499978006 2.38716173 -3.12500095
v -0.499977678 2.40716171 -3.37499833
v -0.499978006 2.40716147 -3.12500095
v -0.499978006 2.40716147 -3.12500095
v -0.37497741 2.40716171 -3.37499833
v -0.499977678 2.40716171 -3.37499833
v -0.374977022 2.40716147 -3.12500095
v -0.37497741 2.28216219 -3.37499905
v -0.374977022 2.28216171 -3.12500095
v -0.394977421 2.28216219 -3.37499905
v -0.394977033 2.28216171 -3.12500095
v -0.394977033 2.82798886 -3.12500095
v -0.394976497 2.93298721 -3.37499833
v -0.394977421 2.8279891 -3.37499905
v -0.394976109 2.93298697 -3.12500095
v -0.499977678 2.93298888 -3.37499905
v -0.499978006 2.93298888 -3.12500095
v -0.499977678 2.95298886 -3.37499833
v -0.499978006 2.95298862 -3.12500095
v -0.499978006 2.95298862 -3.12500095
v -0.37497741 2.95298886 -3.37499833
v -0.499977678 2.95298886 -3.37499833
v -0.374977022 2.95298862 -3.12500095
v -0.37497741 2.8279891 -3.37499905
v -0.374977022 2.82798886 -3.12500095
v -0.394977421 2.8279891 -3.37499905
v -0.394977033 2.82798886 -3.12500095
v -0.33700195 4.02500105 -3.52499962
v -0.52500242 4.02500105 -2.97499967
v -0.33700195 4.02500105 -2.97499967
v -0.52500242 4.02500105 -3.52499962
v -0.33700195 3.94627666 -3.52499962
v -0.52500242 4.02500105 -3.52499962
v -0.33700195 4.02500105 -3.52499962
v -0.52500242 3.94627666 -3.52499962
v -0.33700195 3.94627666 -2.97499967
v -0.33700195 4.02500105 -3.52499962
v -0.33700195 4.02500105 -2.97499967
v -0.52500242 3.94627666 -2.97499967
v -0.33700195 4.02500105 -2.97499967
v -0.52500242 4.02500105 -2.97499967
v -0.52500242 4.02500105 -2.97499967
v -0.52500242 4.02500105 -3.52499962
v -0.35922417 4.41598177 -3.52499962
v -0.475002438 4.4215374 -3.52499962
v -0.387001932 4.4215374 -3.52499962
v -0.34255752 4.39931488 -3.52499962
v -0.33700195 4.37153721 -3.52499962
v -0.33700195 4.02500486 -3.52499962
v -0.52500242 4.02500486 -3.52499962
v -0.502780199 4.41598177 -3.52499962
v -0.51944685 4.39931488 -3.52499962
v -0.52500242 4.37153721 -3.52499962
v -0.52500242 4.02500486 -3.52499962
v -0.33700195 4.02500486 -3.4868269
v -0.52500242 4.02500486 -3.4868269
v -0.33700195 4.02500486 -3.52499962
v -0.52500242 4.02500486 -3.4868269
v -0.52500242 4.37153721 -3.52499962
v -0.52500242 4.02500486 -3.52499962
v -0.52500242 4.37153721 -3.4868269
v -0.51944685 4.39931488 -3.52499962
v -0.51944685 4.39931488 -3.4868269
v -0.502780199 4.41598177 -3.52499962
v -0.502780199 4.41598177 -3.4868269
v -0.475002438 4.4215374 -3.52499962
v -0.475002438 4.4215374 -3.4868269
v -0.387001932 4.4215374 -3.52499962
v -0.387001932 4.4215374 -3.4868269
v -0.35922417 4.41598177 -3.52499962
v -0.35922417 4.41598177 -3.4868269
v -0.34255752 4.39931488 -3.52499962
v -0.34255752 4.39931488 -3.4868269
v -0.33700195 4.37153721 -3.52499962
v -0.33700195 4.37153721 -3.4868269
v -0.33700195 4.02500486 -3.52499962
v -0.33700195 4.02500486 -3.4868269
v -0.502780199 4.41598177 -3.4868269
v -0.387001932 4.4215374 -3.4868269
v -0.475002438 4.4215374 -3.4868269
v -0.51944685 4.39931488 -3.4868269
v -0.52500242 4.37153721 -3.4868269
v -0.52500242 4.02500486 -3.4868269
v -0.33700195 4.02500486 -3.4868269
v -0.35922417 4.41598177 -3.4868269
v -0.34255752 4.39931488 -3.4868269
v -0.33700195 4.37153721 -3.4868269
v -0.35922417 4.41598177 -3.38609695
v -0.475002438 4.4215374 -3.38609695
v -0.387001932 4.4215374 -3.38609695
v -0.34255752 4.39931488 -3.38609695
v -0.33700195 4.37153721 -3.38609695
v -0.33700195 4.02500486 -3.38609695
v -0.52500242 4.02500486 -3.38609695
v -0.502780199 4.41598177 -3.38609695
v -0.51944685 4.39931488 -3.38609695
v -0.52500242 4.37153721 -3.38609695
v -0.52500242 4.02500486 -3.38609695
v -0.33700195 4.02500486 -3.34792447
v -0.52500242 4.02500486 -3.34792447
v -0.33700195 4.02500486 -3.38609695
v -0.52500242 4.02500486 -3.34792447
v -0.52500242 4.37153721 -3.38609695
v -0.52500242 4.02500486 -3.38609695
v -0.52500242 4.37153721 -3.34792447
v -0.51944685 4.39931488 -3.38609695
v -0.51944685 4.39931488 -3.34792447
v -0.502780199 4.41598177 -3.38609695
v -0.502780199 4.41598177 -3.34792447
v -0.475002438 4.4215374 -3.38609695
v -0.475002438 4.4215374 -3.34792447
v -0.387001932 4.4215374 -3.38609695
v -0.387001932 4.4215374 -3.34792447
v -0.35922417 4.41598177 -3.38609695
v -0.35922417 4.41598177 -3.34792447
v -0.34255752 4.39931488 -3.38609695
v -0.34255752 4.39931488 -3.34792447
v -0.33700195 4.37153721 -3.38609695
v -0.33700195 4.37153721 -3.34792447
v -0.33700195 4.02500486 -3.38609695
v -0.33700195 4.02500486 -3.34792447
v -0.502780199 4.41598177 -3.34792447
v -0.387001932 4.4215374 -3.34792447
v -0.475002438 4.4215374 -3.34792447
v -0.51944685 4.39931488 -3.34792447
v -0.52500242 4.37153721 -3.34792447
v -0.52500242 4.02500486 -3.34792447
v -0.33700195 4.02500486 -3.34792447
v -0.35922417 4.41598177 -3.34792447
v -0.34255752 4.39931488 -3.34792447
v -0.33700195 4.37153721 -3.34792447
v -0.52500242 4.02500486 -2.97499895
v -0.51944685 4.39931488 -2.97499895
v -0.52500242 4.37153721 -2.97499895
v -0.502780199 4.41598177 -2.97499895
v -0.475002438 4.4215374 -2.97499895
v -0.33700195 4.02500486 -2.97499895
v -0.33700195 4.37153721 -2.97499895
v -0.34255752 4.39931488 -2.97499895
v -0.35922417 4.41598177 -2.97499895
v -0.387001932 4.4215374 -2.97499895
v -0.52500242 4.02500486 -2.97499895
v -0.33700195 4.02500486 -3.01317215
v -0.33700195 4.02500486 -2.97499895
v -0.52500242 4.02500486 -3.01317215
v -0.52500242 4.37153721 -2.97499895
v -0.52500242 4.02500486 -3.01317215
v -0.52500242 4.02500486 -2.97499895
v -0.52500242 4.37153721 -3.01317215
v -0.51944685 4.39931488 -2.97499895
v -0.51944685 4.39931488 -3.01317215
v -0.502780199 4.41598177 -2.97499895
v -0.502780199 4.41598177 -3.01317215
v -0.475002438 4.4215374 -2.97499895
v -0.475002438 4.4215374 -3.01317215
v -0.387001932 4.4215374 -2.97499895
v -0.387001932 4.4215374 -3.01317215
v -0.35922417 4.41598177 -2.97499895
v -0.35922417 4.41598177 -3.01317215
v -0.34255752 4.39931488 -2.97499895
v -0.34255752 4.39931488 -3.01317215
v -0.33700195 4.37153721 -2.97499895
v -0.33700195 4.37153721 -3.01317215
v -0.33700195 4.02500486 -2.97499895
v -0.33700195 4.02500486 -3.01317215
v -0.33700195 4.02500486 -3.01317215
v -0.34255752 4.39931488 -3.01317215
v -0.33700195 4.37153721 -3.01317215
v -0.35922417 4.41598177 -3.01317215
v -0.387001932 4.4215374 -3.01317215
v -0.52500242 4.02500486 -3.01317215
v -0.52500242 4.37153721 -3.01317215
v -0.51944685 4.39931488 -3.01317215
v -0.502780199 4.41598177 -3.01317215
v -0.475002438 4.4215374 -3.01317215
v -0.52500242 4.02500486 -3.1139009
v -0.51944685 4.39931488 -3.1139009
v -0.52500242 4.37153721 -3.1139009
v -0.502780199 4.41598177 -3.1139009
v -0.475002438 4.4215374 -3.1139009
v -0.33700195 4.02500486 -3.1139009
v -0.33700195 4.37153721 -3.1139009
v -0.34255752 4.39931488 -3.1139009
v -0.35922417 4.41598177 -3.1139009
v -0.387001932 4.4215374 -3.1139009
v -0.52500242 4.02500486 -3.1139009
v -0.33700195 4.02500486 -3.1520741
v -0.33700195 4.02500486 -3.1139009
v -0.52500242 4.02500486 -3.1520741
v -0.52500242 4.37153721 -3.1139009
v -0.52500242 4.02500486 -3.1520741
v -0.52500242 4.02500486 -3.1139009
v -0.52500242 4.37153721 -3.1520741
v -0.51944685 4.39931488 -3.1139009
v -0.51944685 4.39931488 -3.1520741
v -0.502780199 4.41598177 -3.1139009
v -0.502780199 4.41598177 -3.1520741
v -0.475002438 4.4215374 -3.1139009
v -0.475002438 4.4215374 -3.1520741
v -0.387001932 4.4215374 -3.1139009
v -0.387001932 4.4215374 -3.1520741
v -0.35922417 4.41598177 -3.1139009
v -0.35922417 4.41598177 -3.1520741
v -0.34255752 4.39931488 -3.1139009
v -0.34255752 4.39931488 -3.1520741
v -0.33700195 4.37153721 -3.1139009
v -0.33700195 4.37153721 -3.1520741
v -0.33700195 4.02500486 -3.1139009
v -0.33700195 4.02500486 -3.1520741
v -0.33700195 4.02500486 -3.1520741
v -0.34255752 4.39931488 -3.1520741
v -0.33700195 4.37153721 -3.1520741
v -0.35922417 4.41598177 -3.1520741
v -0.387001932 4.4215374 -3.1520741
v -0.52500242 4.02500486 -3.1520741
v -0.52500242 4.37153721 -3.1520741
v -0.51944685 4.39931488 -3.1520741
v -0.502780199 4.41598177 -3.1520741
v -0.475002438 4.4215374 -3.1520741
v -3.91233754 5.36074448 -3.3618331
v -3.73757386 5.36074448 -3.13816547
v -3.73757386 5.36074448 -3.3618331
v -3.91233754 5.36074448 -3.13816547
v -3.91233873 4.72154522 -3.19800258
v -3.91233873 4.71784115 -3.29453826
v -3.91233873 4.71784115 -3.20545983
v -3.91233873 4.81413698 -3.12781024
v -3.91233873 4.81413698 -3.37218761
v -3.91233873 4.72154522 -3.3019948
v -3.91233873 4.82248974 -3.37499595
v -3.91233873 4.82248974 -3.12500215
v -3.91233754 5.08191442 -3.37499714
v -3.91233754 5.08191442 -3.12500095
v -3.91233754 5.13191414 -3.21264124
v -3.91233754 5.13191414 -3.28735685
v -3.91233754 5.29598761 -3.21264124
v -3.91233754 5.34598732 -3.37499833
v -3.91233754 5.34598732 -3.12500024
v -3.91233754 5.29598761 -3.28735733
v -3.91233754 5.36074448 -3.13816547
v -3.91233754 5.36074448 -3.3618331
v -3.73757505 4.72154522 -3.3019948
v -3.73757505 4.71784115 -3.20545983
v -3.73757505 4.71784115 -3.29453826
v -3.73757505 4.81413698 -3.37218761
v -3.73757505 4.81413698 -3.12781024
v -3.73757505 4.72154522 -3.19800258
v -3.73757505 4.82248974 -3.12500215
v -3.73757505 4.82248974 -3.37499595
v -3.73757434 5.08191442 -3.37499714
v -3.73757434 5.08191442 -3.12500095
v -3.73757434 5.13191414 -3.28735685
v -3.73757434 5.13191414 -3.21264124
v -3.73757386 5.29598761 -3.28735733
v -3.73757386 5.34598732 -3.12500024
v -3.73757386 5.34598732 -3.37499833
v -3.73757386 5.29598761 -3.21264124
v -3.73757386 5.36074448 -3.3618331
v -3.73757386 5.36074448 -3.13816547
v -3.86495471 4.72154522 -3.19800258
v -3.91233873 4.81413698 -3.12781024
v -3.91233873 4.72154522 -3.19800258
v -3.86495471 4.81413698 -3.12781024
v -3.91233873 4.82248974 -3.12500215
v -3.86495471 4.82248974 -3.12500215
v -3.91233754 5.08191442 -3.12500095
v -3.86495423 5.03191423 -3.12500143
v -3.73757434 5.08191442 -3.12500095
v -3.78495789 5.03191423 -3.12500143
v -3.73757386 5.34598732 -3.12500024
v -3.73757505 4.82248974 -3.12500215
v -3.91233754 5.34598732 -3.12500024
v -3.73757386 5.36074448 -3.13816547
v -3.91233754 5.36074448 -3.13816547
v -3.78495908 4.82248974 -3.12500215
v -3.73757505 4.81413698 -3.12781024
v -3.78495908 4.81413698 -3.12781024
v -3.73757505 4.72154522 -3.19800258
v -3.78495908 4.72154522 -3.19800258
v -3.73757505 4.71784115 -3.20545983
v -3.78495908 4.71784115 -3.20545983
v -3.86495471 4.71784115 -3.29453826
v -3.91233873 4.71784115 -3.20545983
v -3.91233873 4.71784115 -3.29453826
v -3.86495471 4.71784115 -3.20545983
v -3.91233873 4.72154522 -3.19800258
v -3.86495471 4.72154522 -3.19800258
v -3.78495908 4.72154522 -3.3019948
v -3.73757505 4.81413698 -3.37218761
v -3.73757505 4.72154522 -3.3019948
v -3.78495908 4.81413698 -3.37218761
v -3.73757505 4.82248974 -3.37499595
v -3.78495908 4.82248974 -3.37499595
v -3.73757434 5.08191442 -3.37499714
v -3.78495789 5.03191423 -3.37499714
v -3.91233754 5.08191442 -3.37499714
v -3.86495423 5.03191423 -3.37499714
v -3.91233754 5.34598732 -3.37499833
v -3.91233873 4.82248974 -3.37499595
v -3.73757386 5.34598732 -3.37499833
v -3.91233754 5.36074448 -3.3618331
v -3.73757386 5.36074448 -3.3618331
v -3.86495471 4.82248974 -3.37499595
v -3.91233873 4.81413698 -3.37218761
v -3.86495471 4.81413698 -3.37218761
v -3.91233873 4.72154522 -3.3019948
v -3.86495471 4.72154522 -3.3019948
v -3.91233873 4.71784115 -3.29453826
v -3.86495471 4.71784115 -3.29453826
v -3.78495908 4.71784115 -3.20545983
v -3.73757505 4.71784115 -3.29453826
v -3.73757505 4.71784115 -3.20545983
v -3.78495908 4.71784115 -3.29453826
v -3.73757505 4.72154522 -3.3019948
v -3.78495908 4.72154522 -3.3019948
v -3.86495471 4.71784115 -3.20545983
v -3.86495471 4.81413698 -3.12781024
v -3.86495471 4.72154522 -3.19800258
v -3.86495471 4.81413698 -3.37218761
v -3.86495471 4.82248974 -3.12500215
v -3.86495471 4.72154522 -3.3019948
v -3.86495471 4.71784115 -3.29453826
v -3.86495471 4.82248974 -3.37499595
v -3.86495423 5.03191423 -3.12500143
v -3.86495423 5.03191423 -3.37499714
v -3.78495908 4.71784115 -3.29453826
v -3.78495908 4.81413698 -3.37218761
v -3.78495908 4.72154522 -3.3019948
v -3.78495908 4.72154522 -3.19800258
v -3.78495908 4.71784115 -3.20545983
v -3.78495908 4.81413698 -3.12781024
v -3.78495908 4.82248974 -3.37499595
v -3.78495908 4.82248974 -3.12500215
v -3.78495789 5.03191423 -3.12500143
v -3.78495789 5.03191423 -3.37499714
v -3.78495789 5.03191423 -3.12500143
v -3.86495423 5.03191423 -3.37499714
v -3.78495789 5.03191423 -3.37499714
v -3.86495423 5.03191423 -3.12500143
v -3.91233754 5.13191414 -3.28735685
v -3.73757434 5.13191414 -3.21264124
v -3.73757434 5.13191414 -3.28735685
v -3.91233754 5.13191414 -3.21264124
v -3.91233754 5.13191414 -3.21264124
v -3.73757386 5.29598761 -3.21264124
v -3.73757434 5.13191414 -3.21264124
v -3.91233754 5.29598761 -3.21264124
v -3.91233754 5.29598761 -3.21264124
v -3.73757386 5.29598761 -3.28735733
v -3.73757386 5.29598761 -3.21264124
v -3.91233754 5.29598761 -3.28735733
v -3.91233754 5.29598761 -3.28735733
v -3.73757434 5.13191414 -3.28735685
v -3.73757386 5.29598761 -3.28735733
v -3.91233754 5.13191414 -3.28735685
v -3.48103595 5.29598761 -3.21264124
v -3.88726711 5.29598761 -3.28735733
v -3.88726711 5.29598761 -3.21264124
v -3.48103595 5.29598761 -3.28735733
v -3.48103595 5.20530224 -3.21264124
v -3.48103595 5.20530224 -3.28735733
v -3.88726711 5.20530224 -3.28735733
v -3.88726711 5.20530224 -3.21264124
v -3.94625425 5.21406174 -3.21264124
v -3.94625425 5.21406174 -3.28735733
v -4.04225922 5.28926706 -3.28735733
v -4.04225922 5.28926706 -3.21264124
v -4.06103373 5.32021713 -3.28735733
v -4.06103373 5.32021713 -3.21264124
v -4.05868721 5.38403368 -3.21264124
v -4.05868721 5.38403368 -3.28735733
v -4.04929972 5.38455868 -3.28735733
v -4.04929972 5.38455868 -3.21264124
v -3.94625425 5.3047471 -3.21264124
v -3.94625425 5.3047471 -3.28735733
v -3.88726711 5.29598761 -3.21264124
v -3.88726711 5.29598761 -3.28735733
v -3.48103595 5.29598761 -3.21264124
v -3.88726711 5.20530224 -3.21264124
v -3.48103595 5.20530224 -3.21264124
v -3.88726711 5.29598761 -3.21264124
v -3.94625425 5.3047471 -3.21264124
v -3.94625425 5.21406174 -3.21264124
v -4.05868721 5.38403368 -3.21264124
v -4.04929972 5.38455868 -3.21264124
v -4.04225922 5.28926706 -3.21264124
v -4.06103373 5.32021713 -3.21264124
v -3.88726711 5.20530224 -3.28735733
v -3.48103595 5.29598761 -3.28735733
v -3.48103595 5.20530224 -3.28735733
v -3.88726711 5.29598761 -3.28735733
v -3.94625425 5.21406174 -3.28735733
v -3.94625425 5.3047471 -3.28735733
v -4.04225922 5.28926706 -3.28735733
v -4.06103373 5.32021713 -3.28735733
v -4.04929972 5.38455868 -3.28735733
v -4.05868721 5.38403368 -3.28735733
v 1.10345316 -7.62939436E-08 -3.42448807
v 1.10345316 0.254113674 -3.07550979
v 1.10345316 3.77082604E-16 -3.07550979
v 1.10345316 0.254113644 -3.42448878
v 1.06622279 0.384419769 -3.07550931
v 1.06622279 0.384419769 -3.42448926
v 0.954531968 0.440265268 -3.07550931
v 0.954531968 0.440265268 -3.42448926
v 0.874191999 0.440265268 -3.42448926
v 0.874191999 0.440265268 -3.07550931
v 0.76250118 0.384419769 -3.07550931
v 0.76250118 0.384419769 -3.42448926
v 0.725270808 0.254113674 -3.07550979
v 0.725270808 0.254113644 -3.42448878
v 0.725270808 -1.14440915E-07 -3.42448807
v 0.725270808 3.77082604E-16 -3.07550979
v 1.10345316 -7.62939436E-08 -3.42448807
v 0.725270808 3.77082604E-16 -3.07550979
v 0.725270808 -1.14440915E-07 -3.42448807
v 1.10345316 3.77082604E-16 -3.07550979
v 0.76250118 0.384419769 -3.42448926
v 0.725270808 -1.14440915E-07 -3.42448807
v 0.725270808 0.254113644 -3.42448878
v 0.874191999 0.440265268 -3.42448926
v 1.10345316 0.254113644 -3.42448878
v 1.10345316 -7.62939436E-08 -3.42448807
v 1.06622279 0.384419769 -3.42448926
v 0.954531968 0.440265268 -3.42448926
v 1.10345316 3.77082604E-16 -3.07550979
v 0.725270808 0.254113674 -3.07550979
v 0.725270808 3.77082604E-16 -3.07550979
v 0.954531968 0.440265268 -3.07550931
v 0.76250118 0.384419769 -3.07550931
v 0.874191999 0.440265268 -3.07550931
v 1.06622279 0.384419769 -3.07550931
v 1.10345316 0.254113674 -3.07550979
v 0.740433335 0.22942315 -3.42448759
v 0.827399552 0.380053103 -3.42448759
v 0.763735771 0.316389382 -3.42448759
v 1.00133193 0.380053103 -3.42448759
v 0.914365828 0.403355718 -3.42448759
v 1.00133193 0.0787933022 -3.42448759
v 0.827399552 0.0787933022 -3.42448759
v 0.763735771 0.142456993 -3.42448688
v 0.914365828 0.0554907024 -3.42448759
v 1.0882982 0.22942315 -3.42448759
v 1.06499565 0.316389382 -3.42448759
v 1.06499565 0.142456993 -3.42448688
v 0.740433335 0.22942315 -3.42448759
v 0.763735771 0.316389471 -3.62033772
v 0.740433335 0.22942318 -3.62033772
v 0.763735771 0.316389382 -3.42448759
v 0.763735771 0.316389382 -3.42448759
v 0.827399552 0.380053103 -3.62033772
v 0.763735771 0.316389471 -3.62033772
v 0.827399552 0.380053103 -3.42448759
v 0.827399552 0.380053103 -3.42448759
v 0.914365828 0.403355628 -3.62033772
v 0.827399552 0.380053103 -3.62033772
v 0.914365828 0.403355718 -3.42448759
v 0.914365828 0.403355718 -3.42448759
v 1.00133193 0.380053103 -3.62033772
v 0.914365828 0.403355628 -3.62033772
v 1.00133193 0.380053103 -3.42448759
v 1.00133193 0.380053103 -3.42448759
v 1.06499565 0.316389471 -3.62033772
v 1.00133193 0.380053103 -3.62033772
v 1.06499565 0.316389382 -3.42448759
v 1.06499565 0.316389382 -3.42448759
v 1.0882982 0.22942318 -3.62033772
v 1.06499565 0.316389471 -3.62033772
v 1.0882982 0.22942315 -3.42448759
v 1.0882982 0.22942315 -3.42448759
v 1.06499565 0.142456949 -3.62033772
v 1.0882982 0.22942318 -3.62033772
v 1.06499565 0.142456993 -3.42448688
v 1.06499565 0.142456993 -3.42448688
v 1.00133193 0.0787932575 -3.62033772
v 1.06499565 0.142456949 -3.62033772
v 1.00133193 0.0787933022 -3.42448759
v 1.00133193 0.0787933022 -3.42448759
v 0.914365828 0.0554906838 -3.62033772
v 1.00133193 0.0787932575 -3.62033772
v 0.914365828 0.0554907024 -3.42448759
v 0.914365828 0.0554907024 -3.42448759
v 0.827399552 0.0787932575 -3.62033772
v 0.914365828 0.0554906838 -3.62033772
v 0.827399552 0.0787933022 -3.42448759
v 0.827399552 0.0787933022 -3.42448759
v 0.763735771 0.142456949 -3.62033772
v 0.827399552 0.0787932575 -3.62033772
v 0.763735771 0.142456993 -3.42448688
v 0.740433335 0.22942315 -3.42448759
v 0.763735771 0.142456949 -3.62033772
v 0.763735771 0.142456993 -3.42448688
v 0.740433335 0.22942318 -3.62033772
v -0.394977033 0.31888184 -3.12500095
v -0.394976497 0.423880309 -3.37499905
v -0.394977421 0.318882138 -3.37499905
v -0.394976109 0.42388016 -3.12500095
v -0.499977678 0.423881978 -3.37499905
v -0.499978006 0.423881829 -3.12500095
v -0.499977678 0.44388184 -3.37499905
v -0.499978006 0.443881512 -3.12500095
v -0.499978006 0.443881512 -3.12500095
v -0.37497741 0.44388184 -3.37499905
v -0.499977678 0.44388184 -3.37499905
v -0.374977022 0.443881512 -3.12500095
v -0.37497741 0.318882138 -3.37499905
v -0.374977022 0.31888184 -3.12500095
v -0.394977421 0.318882138 -3.37499905
v -0.394977033 0.31888184 -3.12500095
v -0.60220933 4.26383829 -3.48688316
v -0.60220933 4.17380381 -3.38732314
v -0.60220933 4.26383829 -3.38732314
v -0.60220933 4.17380381 -3.48688316
v -0.60220933 4.26383829 -3.38732314
v -0.557192266 4.34181023 -3.48688316
v -0.60220933 4.26383829 -3.48688316
v -0.557192266 4.34181023 -3.38732314
v -0.557192266 4.34181023 -3.38732314
v -0.47922045 4.38682652 -3.48688316
v -0.557192266 4.34181023 -3.48688316
v -0.47922045 4.38682652 -3.38732314
v -0.47922045 4.38682652 -3.38732314
v -0.389186442 4.38682652 -3.48688316
v -0.47922045 4.38682652 -3.48688316
v -0.389186442 4.38682652 -3.38732314
v -0.389186442 4.38682652 -3.38732314
v -0.311214626 4.34181023 -3.48688316
v -0.389186442 4.38682652 -3.48688316
v -0.311214626 4.34181023 -3.38732314
v -0.311214626 4.34181023 -3.38732314
v -0.266197532 4.26383829 -3.48688316
v -0.311214626 4.34181023 -3.48688316
v -0.266197532 4.26383829 -3.38732314
v -0.266197532 4.26383829 -3.38732314
v -0.266197532 4.17380428 -3.48688316
v -0.266197532 4.26383829 -3.48688316
v -0.266197532 4.17380428 -3.38732314
v -0.266197532 4.17380428 -3.38732314
v -0.311214626 4.09583235 -3.48688316
v -0.266197532 4.17380428 -3.48688316
v -0.311214626 4.09583235 -3.38732314
v -0.311214626 4.09583235 -3.38732314
v -0.389186114 4.05081511 -3.48688316
v -0.311214626 4.09583235 -3.48688316
v -0.389186114 4.05081511 -3.38732314
v -0.389186114 4.05081511 -3.38732314
v -0.47922045 4.05081511 -3.48688316
v -0.389186114 4.05081511 -3.48688316
v -0.47922045 4.05081511 -3.38732314
v -0.47922045 4.05081511 -3.38732314
v -0.557192266 4.09583187 -3.48688316
v -0.47922045 4.05081511 -3.48688316
v -0.557192266 4.09583187 -3.38732314
v -0.60220933 4.17380381 -3.38732314
v -0.557192266 4.09583187 -3.48688316
v -0.557192266 4.09583187 -3.38732314
v -0.60220933 4.17380381 -3.48688316
v -0.60220933 4.26383829 -3.11321378
v -0.60220933 4.17380381 -3.01365447
v -0.60220933 4.26383829 -3.01365447
v -0.60220933 4.17380381 -3.11321378
v -0.60220933 4.26383829 -3.01365447
v -0.557192266 4.34181023 -3.11321378
v -0.60220933 4.26383829 -3.11321378
v -0.557192266 4.34181023 -3.01365447
v -0.557192266 4.34181023 -3.01365447
v -0.47922045 4.38682652 -3.11321378
v -0.557192266 4.34181023 -3.11321378
v -0.47922045 4.38682652 -3.01365447
v -0.47922045 4.38682652 -3.01365447
v -0.389186442 4.38682652 -3.11321378
v -0.47922045 4.38682652 -3.11321378
v -0.389186442 4.38682652 -3.01365447
v -0.389186442 4.38682652 -3.01365447
v -0.311214626 4.34181023 -3.11321378
v -0.389186442 4.38682652 -3.11321378
v -0.311214626 4.34181023 -3.01365447
v -0.311214626 4.34181023 -3.01365447
v -0.266197532 4.26383829 -3.11321378
v -0.311214626 4.34181023 -3.11321378
v -0.266197532 4.26383829 -3.01365447
v -0.266197532 4.26383829 -3.01365447
v -0.266197532 4.17380428 -3.11321378
v -0.266197532 4.26383829 -3.11321378
v -0.266197532 4.17380428 -3.01365447
v -0.266197532 4.17380428 -3.01365447
v -0.311214626 4.09583235 -3.11321378
v -0.266197532 4.17380428 -3.11321378
v -0.311214626 4.09583235 -3.01365447
v -0.311214626 4.09583235 -3.01365447
v -0.389186114 4.05081511 -3.11321378
v -0.311214626 4.09583235 -3.11321378
v -0.389186114 4.05081511 -3.01365447
v -0.389186114 4.05081511 -3.01365447
v -0.47922045 4.05081511 -3.11321378
v -0.389186114 4.05081511 -3.11321378
v -0.47922045 4.05081511 -3.01365447
v -0.47922045 4.05081511 -3.01365447
v -0.557192266 4.09583187 -3.11321378
v -0.47922045 4.05081511 -3.11321378
v -0.557192266 4.09583187 -3.01365447
v -0.60220933 4.17380381 -3.01365447
v -0.557192266 4.09583187 -3.11321378
v -0.557192266 4.09583187 -3.01365447
v -0.60220933 4.17380381 -3.11321378
v -3.9309237 5.67360926 -3.48326015
v -3.88471556 5.75997353 -3.37406754
v -3.88471556 5.75997353 -3.48326015
v -3.9309237 5.67360926 -3.37406754
v -3.93408799 5.5757122 -3.48326015
v -3.93408799 5.5757122 -3.37406754
v -3.88471556 5.75997353 -3.37406754
v -3.79919982 5.80934572 -3.48326015
v -3.88471556 5.75997353 -3.48326015
v -3.79919982 5.80934572 -3.37406754
v -3.79919982 5.80934572 -3.37406754
v -3.70045495 5.80934572 -3.48326015
v -3.79919982 5.80934572 -3.48326015
v -3.70045495 5.80934572 -3.37406754
v -3.70045495 5.80934572 -3.37406754
v -3.61493921 5.75997353 -3.48326015
v -3.70045495 5.80934572 -3.48326015
v -3.61493921 5.75997353 -3.37406754
v -3.61493921 5.75997353 -3.37406754
v -3.56556654 5.67445707 -3.48326015
v -3.61493921 5.75997353 -3.48326015
v -3.56556654 5.67445707 -3.37406826
v -3.56556654 5.67445707 -3.37406826
v -3.56556654 5.57571316 -3.48326015
v -3.56556654 5.67445707 -3.48326015
v -3.56556654 5.57571316 -3.37406754
v -3.56556654 5.57571316 -3.37406754
v -3.61493921 5.49019766 -3.48326015
v -3.56556654 5.57571316 -3.48326015
v -3.61493921 5.49019766 -3.37406826
v -3.61493921 5.49019766 -3.37406826
v -3.70045471 5.44082499 -3.48326015
v -3.61493921 5.49019766 -3.48326015
v -3.70045471 5.44082499 -3.37406754
v -3.70045471 5.44082499 -3.37406754
v -3.79919982 5.44082499 -3.48326015
v -3.70045471 5.44082499 -3.48326015
v -3.79919982 5.44082499 -3.37406754
v -3.79919982 5.44082499 -3.37406754
v -3.88471556 5.49019718 -3.48326015
v -3.79919982 5.44082499 -3.48326015
v -3.88471556 5.49019718 -3.37406826
v -3.93408799 5.5757122 -3.37406754
v -3.88471556 5.49019718 -3.48326015
v -3.88471556 5.49019718 -3.37406826
v -3.93408799 5.5757122 -3.48326015
v -3.86281872 4.86852789 -3.12068987
v -3.78612089 4.79916763 -3.12068987
v -3.78612089 4.86852789 -3.12068987
v -3.86281872 4.79916763 -3.12068987
v -3.78612089 4.86852789 -3.12068987
v -3.86281872 4.92859507 -3.15536952
v -3.86281872 4.86852789 -3.12068987
v -3.78612089 4.92859507 -3.15536952
v -3.78612089 4.92859507 -3.15536952
v -3.86281872 4.96327496 -3.21543717
v -3.86281872 4.92859507 -3.15536952
v -3.78612089 4.96327496 -3.21543717
v -3.78612089 4.96327496 -3.21543717
v -3.86281872 4.96327496 -3.28479695
v -3.86281872 4.96327496 -3.21543717
v -3.78612089 4.96327496 -3.28479695
v -3.78612089 4.96327496 -3.28479695
v -3.86281872 4.92859507 -3.34486413
v -3.86281872 4.96327496 -3.28479695
v -3.78612089 4.92859507 -3.34486413
v -3.78612089 4.92859507 -3.34486413
v -3.86281872 4.86852789 -3.37954378
v -3.86281872 4.92859507 -3.34486413
v -3.78612089 4.86852789 -3.37954378
v -3.78612089 4.86852789 -3.37954378
v -3.86281872 4.79916859 -3.37954378
v -3.86281872 4.86852789 -3.37954378
v -3.78612089 4.79916859 -3.37954378
v -3.78612089 4.79916859 -3.37954378
v -3.86281872 4.73910141 -3.34486413
v -3.86281872 4.79916859 -3.37954378
v -3.78612089 4.73910141 -3.34486413
v -3.78612089 4.73910141 -3.34486413
v -3.86281872 4.70442152 -3.28479695
v -3.86281872 4.73910141 -3.34486413
v -3.78612089 4.70442152 -3.28479695
v -3.78612089 4.70442152 -3.28479695
v -3.86281872 4.70442152 -3.21543717
v -3.86281872 4.70442152 -3.28479695
v -3.78612089 4.70442152 -3.21543717
v -3.78612089 4.70442152 -3.21543717
v -3.86281872 4.73910093 -3.15536952
v -3.86281872 4.70442152 -3.21543717
v -3.78612089 4.73910093 -3.15536952
v -3.78612089 4.79916763 -3.12068987
v -3.86281872 4.73910093 -3.15536952
v -3.78612089 4.73910093 -3.15536952
v -3.86281872 4.79916763 -3.12068987
v -3.93408799 5.67445707 -3.12492156
v -3.93408799 5.5757122 -3.01572967
v -3.93408799 5.67445707 -3.01572967
v -3.93408799 5.5757122 -3.12492156
v -3.93408799 5.67445707 -3.01572967
v -3.88471556 5.75997353 -3.12492156
v -3.93408799 5.67445707 -3.12492156
v -3.88471556 5.75997353 -3.01572967
v -3.88471556 5.75997353 -3.01572967
v -3.79919982 5.80934572 -3.12492156
v -3.88471556 5.75997353 -3.12492156
v -3.79919982 5.80934572 -3.01572967
v -3.79919982 5.80934572 -3.01572967
v -3.70045495 5.80934572 -3.12492156
v -3.79919982 5.80934572 -3.12492156
v -3.70045495 5.80934572 -3.01572967
v -3.70045495 5.80934572 -3.01572967
v -3.61493921 5.75997353 -3.12492156
v -3.70045495 5.80934572 -3.12492156
v -3.61493921 5.75997353 -3.01572967
v -3.61493921 5.75997353 -3.01572967
v -3.56556654 5.67445707 -3.12492156
v -3.61493921 5.75997353 -3.12492156
v -3.56556654 5.67445707 -3.01572967
v -3.56556654 5.67445707 -3.01572967
v -3.56556654 5.57571316 -3.12492156
v -3.56556654 5.67445707 -3.12492156
v -3.56556654 5.57571316 -3.01572967
v -3.56556654 5.57571316 -3.01572967
v -3.61493921 5.49019766 -3.12492156
v -3.56556654 5.57571316 -3.12492156
v -3.61493921 5.49019766 -3.01572967
v -3.61493921 5.49019766 -3.01572967
v -3.70045471 5.44082499 -3.12492156
v -3.61493921 5.49019766 -3.12492156
v -3.70045471 5.44082499 -3.01572967
v -3.70045471 5.44082499 -3.01572967
v -3.79919982 5.44082499 -3.12492156
v -3.70045471 5.44082499 -3.12492156
v -3.79919982 5.44082499 -3.01572967
v -3.79919982 5.44082499 -3.01572967
v -3.88471556 5.49019718 -3.12492156
v -3.79919982 5.44082499 -3.12492156
v -3.88471556 5.49019718 -3.01572967
v -3.93408799 5.5757122 -3.01572967
v -3.88471556 5.49019718 -3.12492156
v -3.88471556 5.49019718 -3.01572967
v -3.93408799 5.5757122 -3.12492156
v 0.740433335 0.22942315 -3.07551241
v 0.827399552 0.0787933022 -3.07551241
v 0.763735771 0.142456993 -3.07551241
v 1.00133193 0.0787933022 -3.07551241
v 0.914365828 0.0554907024 -3.07551241
v 1.00133193 0.380053103 -3.07551241
v 0.827399552 0.380053103 -3.07551241
v 0.763735771 0.316389382 -3.07551241
v 0.914365828 0.403355718 -3.07551241
v 1.0882982 0.22942315 -3.07551241
v 1.06499565 0.142456993 -3.07551241
v 1.06499565 0.316389382 -3.07551241
v 0.740433335 0.22942318 -2.87966204
v 0.763735771 0.316389382 -3.07551241
v 0.740433335 0.22942315 -3.07551241
v 0.763735771 0.316389471 -2.87966156
v 0.827399552 0.380053103 -2.87966156
v 0.763735771 0.316389382 -3.07551241
v 0.763735771 0.316389471 -2.87966156
v 0.827399552 0.380053103 -3.07551241
v 0.914365828 0.403355628 -2.87966156
v 0.827399552 0.380053103 -3.07551241
v 0.827399552 0.380053103 -2.87966156
v 0.914365828 0.403355718 -3.07551241
v 1.00133193 0.380053103 -2.87966156
v 0.914365828 0.403355718 -3.07551241
v 0.914365828 0.403355628 -2.87966156
v 1.00133193 0.380053103 -3.07551241
v 1.06499565 0.316389471 -2.87966156
v 1.00133193 0.380053103 -3.07551241
v 1.00133193 0.380053103 -2.87966156
v 1.06499565 0.316389382 -3.07551241
v 1.0882982 0.22942318 -2.87966204
v 1.06499565 0.316389382 -3.07551241
v 1.06499565 0.316389471 -2.87966156
v 1.0882982 0.22942315 -3.07551241
v 1.06499565 0.142456949 -2.87966204
v 1.0882982 0.22942315 -3.07551241
v 1.0882982 0.22942318 -2.87966204
v 1.06499565 0.142456993 -3.07551241
v 1.00133193 0.0787932575 -2.87966204
v 1.06499565 0.142456993 -3.07551241
v 1.06499565 0.142456949 -2.87966204
v 1.00133193 0.0787933022 -3.07551241
v 0.914365828 0.0554906838 -2.87966204
v 1.00133193 0.0787933022 -3.07551241
v 1.00133193 0.0787932575 -2.87966204
v 0.914365828 0.0554907024 -3.07551241
v 0.827399552 0.0787932575 -2.87966204
v 0.914365828 0.0554907024 -3.07551241
v 0.914365828 0.0554906838 -2.87966204
v 0.827399552 0.0787933022 -3.07551241
v 0.763735771 0.142456949 -2.87966204
v 0.827399552 0.0787933022 -3.07551241
v 0.827399552 0.0787932575 -2.87966204
v 0.763735771 0.142456993 -3.07551241
v 0.740433335 0.22942318 -2.87966204
v 0.763735771 0.142456993 -3.07551241
v 0.763735771 0.142456949 -2.87966204
v 0.740433335 0.22942315 -3.07551241
v -0.479998469 3.78888399E-16 -3.10500073
v -0.479998857 4.00000143 -2.99999905
v -0.479999989 3.72459022E-16 -3.00000095
v -0.479997307 4.00000143 -3.10500336
v -0.375 3.78888372E-16 -3.10500026
v -0.374998838 4.00000143 -3.10500216
v -0.375 3.80112997E-16 -3.12500024
v -0.374998838 4.00000143 -3.12500215
v -0.5 3.72459022E-16 -3.00000095
v -0.479998469 3.78888399E-16 -3.10500073
v -0.479999989 3.72459022E-16 -3.00000095
v -0.5 3.80112997E-16 -3.12500024
v -0.375 3.78888372E-16 -3.10500026
v -0.375 3.80112997E-16 -3.12500024
v -0.374998838 4.00000143 -3.12500215
v -0.479997307 4.00000143 -3.10500336
v -0.374998838 4.00000143 -3.10500216
v -0.499998838 4.00000143 -3.12500215
v -0.479998857 4.00000143 -2.99999905
v -0.499998838 4.00000143 -2.99999905
v -0.499998838 4.00000143 -2.99999905
v -0.479999989 3.72459022E-16 -3.00000095
v -0.479998857 4.00000143 -2.99999905
v -0.5 3.72459022E-16 -3.00000095
v -0.499998838 4.00000143 -3.12500215
v -0.5 3.80112997E-16 -3.12500024
v -0.374998838 4.00000143 -3.12500215
v -0.375 3.80112997E-16 -3.12500024
v 1.36520219 1.06811524E-06 -3.12436676
v -0.362112254 4.00001717 -3.12436843
v 1.50312424 1.06811524E-06 -3.12436676
v -0.49999541 3.99996424 -3.12436843
v 1.36520231 1.06811524E-06 -3.00000095
v -0.499995857 3.99996448 -2.99999833
v 1.38726962 1.06811524E-06 -3.00000095
v -0.477948606 3.99997735 -2.99999833
v -0.480001062 2.28202438 -3.10735631
v 0.301076531 2.28202319 -3.12366056
v 0.301076531 2.28202319 -3.10735798
v -0.480001062 2.28202438 -3.12365866
v 0.242788151 2.40702319 -3.12366056
v -0.480001062 2.40702415 -3.12365866
v 0.242788151 2.40702319 -2.99999952
v -0.480001062 2.40702415 -3.00000095
v -0.480001062 1.4107486 -3.00000095
v 0.707359612 1.41074598 -3.10630941
v 0.707358897 1.41074765 -2.99999952
v -0.480001062 1.41074705 -3.10630703
v -0.480001062 1.3057487 -3.10630631
v 0.756321073 1.30574763 -3.10630822
v 0.756321073 1.30574763 -3.12389851
v -0.480001062 1.3057487 -3.12389684
v 0.252114892 2.38702178 -3.10735917
v -0.480001062 2.28202438 -3.10735631
v 0.301076531 2.28202319 -3.10735798
v -0.480001062 2.38702273 -3.10735679
v -0.480001062 2.38702416 -3.00000095
v 0.252114266 2.38702321 -2.99999952
v 0.242788151 2.40702319 -2.99999952
v -0.480001062 2.40702415 -3.00000095
v -0.479999989 2.25442743 -3.10563922
v 0.698855281 1.42898393 -3.12372518
v 0.698855221 1.42898393 -3.10564041
v -0.479999989 2.25442743 -3.12372398
v 0.593200922 1.65556026 -3.12372518
v -0.479999214 2.407022 -3.12372327
v 0.593201101 1.65556002 -2.99999952
v -0.479999214 2.407022 -3.00000095
v 0.610106707 1.61930573 -3.1056416
v -0.479999989 2.25442743 -3.10563922
v 0.698855221 1.42898393 -3.10564041
v -0.479999989 2.38260698 -3.10563922
v -0.479999989 2.38260865 -3.00000095
v 0.610105395 1.61930847 -2.99999952
v 0.593201101 1.65556002 -2.99999952
v -0.479999214 2.407022 -3.00000095
v 0.698032796 1.43074751 -2.99999952
v -0.480001062 1.4107486 -3.00000095
v 0.707358897 1.41074765 -2.99999952
v -0.480001062 1.43074858 -3.00000095
v -0.480001062 1.43074858 -3.12389684
v 0.698032796 1.43074751 -3.12389851
v -0.480001062 1.3057487 -3.12389684
v 0.756321073 1.30574763 -3.12389851
v 0.80892998 1.1929276 -3.10573196
v -0.479999989 0.418588549 -3.10573077
v -0.479999989 0.290409237 -3.1057303
v 0.763871133 1.2895565 -3.10573316
v -0.479999989 0.418590397 -3.00000095
v 0.763870597 1.28955793 -2.99999952
v -0.4799999 0.443005979 -3.00000095
v 0.755287826 1.30796385 -2.99999952
v 0.755287826 1.30796385 -2.99999952
v -0.479999989 0.44300583 -3.12432885
v -0.4799999 0.443005979 -3.00000095
v 0.755287945 1.30796373 -3.12433124
v 0.808930039 1.1929276 -3.12433076
v -0.479999989 0.290409237 -3.12432885
v -0.479999989 0.290409237 -3.1057303
v 0.80892998 1.1929276 -3.10573196
v 1.38727152 1.06811524E-06 -3.10385346
v -0.477948606 3.99997735 -2.99999833
v 1.38726962 1.06811524E-06 -3.00000095
v -0.477947235 3.99997735 -3.10385513
v -0.362112254 4.00001717 -3.10385466
v 1.50312424 1.06811524E-06 -3.10385275
v 1.50312424 1.06811524E-06 -3.12436676
v -0.362112254 4.00001717 -3.12436843
v 0.91382277 0.229159445 -2.87976766
v 0.827399552 0.0787932575 -2.87966204
v 0.914365828 0.0554906838 -2.87966204
v 1.00133193 0.0787932575 -2.87966204
v 0.763735771 0.142456949 -2.87966204
v 1.06499565 0.142456949 -2.87966204
v 0.740433335 0.22942318 -2.87966204
v 1.0882982 0.22942318 -2.87966204
v 0.763735771 0.316389471 -2.87966156
v 1.06499565 0.316389471 -2.87966156
v 0.827399552 0.380053103 -2.87966156
v 1.00133193 0.380053103 -2.87966156
v 0.914365828 0.403355628 -2.87966156
v -3.75042295 5.62479591 -3.02006793
v -3.88471556 5.49019718 -3.01572967
v -3.79919982 5.44082499 -3.01572967
v -3.70045471 5.44082499 -3.01572967
v -3.93408799 5.5757122 -3.01572967
v -3.61493921 5.49019766 -3.01572967
v -3.93408799 5.67445707 -3.01572967
v -3.56556654 5.57571316 -3.01572967
v -3.88471556 5.75997353 -3.01572967
v -3.56556654 5.67445707 -3.01572967
v -3.79919982 5.80934572 -3.01572967
v -3.61493921 5.75997353 -3.01572967
v -3.70045495 5.80934572 -3.01572967
v -3.78078675 5.51147652 -3.12058377
v -3.88471556 5.49019718 -3.12492156
v -3.83337855 5.54184008 -3.12058377
v -3.86374259 5.59443235 -3.12058377
v -3.79919982 5.44082499 -3.12492156
v -3.93408799 5.5757122 -3.12492156
v -3.7200582 5.51147652 -3.12058377
v -3.93408799 5.67445707 -3.12492156
v -3.70045471 5.44082499 -3.12492156
v -3.86374259 5.65516043 -3.12058377
v -3.6674664 5.54184055 -3.12058377
v -3.88471556 5.75997353 -3.12492156
v -3.61493921 5.49019766 -3.12492156
v -3.83337855 5.70775318 -3.12058377
v -3.63710237 5.59443235 -3.12058377
v -3.79919982 5.80934572 -3.12492156
v -3.56556654 5.57571316 -3.12492156
v -3.78078675 5.73811626 -3.12058377
v -3.63710237 5.65516043 -3.12058377
v -3.70045495 5.80934572 -3.12492156
v -3.56556654 5.67445707 -3.12492156
v -3.7200582 5.73811626 -3.12058377
v -3.6674664 5.70775318 -3.12058377
v -3.61493921 5.75997353 -3.12492156
v -3.78916836 4.83364487 -3.24969816
v -3.78612089 4.73910093 -3.15536952
v -3.78612089 4.70442152 -3.21543717
v -3.78612089 4.70442152 -3.28479695
v -3.78612089 4.79916763 -3.12068987
v -3.78612089 4.73910141 -3.34486413
v -3.78612089 4.86852789 -3.12068987
v -3.78612089 4.79916859 -3.37954378
v -3.78612089 4.92859507 -3.15536952
v -3.78612089 4.86852789 -3.37954378
v -3.78612089 4.96327496 -3.21543717
v -3.78612089 4.92859507 -3.34486413
v -3.78612089 4.96327496 -3.28479695
v -3.85977173 4.83364487 -3.24969816
v -3.86281872 4.70442152 -3.21543717
v -3.86281872 4.73910093 -3.15536952
v -3.86281872 4.70442152 -3.28479695
v -3.86281872 4.79916763 -3.12068987
v -3.86281872 4.73910141 -3.34486413
v -3.86281872 4.86852789 -3.12068987
v -3.86281872 4.79916859 -3.37954378
v -3.86281872 4.92859507 -3.15536952
v -3.86281872 4.86852789 -3.37954378
v -3.86281872 4.96327496 -3.21543717
v -3.86281872 4.92859507 -3.34486413
v -3.86281872 4.96327496 -3.28479695
v -3.75042295 5.62479591 -3.37840605
v -3.88471556 5.49019718 -3.37406826
v -3.79919982 5.44082499 -3.37406754
v -3.70045471 5.44082499 -3.37406754
v -3.93408799 5.5757122 -3.37406754
v -3.61493921 5.49019766 -3.37406826
v -3.9309237 5.67360926 -3.37406754
v -3.56556654 5.57571316 -3.37406754
v -3.88471556 5.75997353 -3.37406754
v -3.56556654 5.67445707 -3.37406826
v -3.79919982 5.80934572 -3.37406754
v -3.61493921 5.75997353 -3.37406754
v -3.70045495 5.80934572 -3.37406754
v -3.75042295 5.62479591 -3.47892165
v -3.88471556 5.49019718 -3.48326015
v -3.93408799 5.5757122 -3.48326015
v -3.79919982 5.44082499 -3.48326015
v -3.9309237 5.67360926 -3.48326015
v -3.70045471 5.44082499 -3.48326015
v -3.88471556 5.75997353 -3.48326015
v -3.61493921 5.49019766 -3.48326015
v -3.79919982 5.80934572 -3.48326015
v -3.56556654 5.57571316 -3.48326015
v -3.70045495 5.80934572 -3.48326015
v -3.56556654 5.67445707 -3.48326015
v -3.61493921 5.75997353 -3.48326015
v -0.60220933 4.17380381 -3.01365447
v -0.538069725 4.246243 -3.0176096
v -0.60220933 4.26383829 -3.01365447
v -0.557192266 4.34181023 -3.01365447
v -0.538069725 4.19087219 -3.0176096
v -0.510384262 4.29419613 -3.0176096
v -0.510384262 4.14291906 -3.0176096
v -0.47922045 4.38682652 -3.01365447
v -0.557192266 4.09583187 -3.01365447
v -0.46243158 4.32188082 -3.0176096
v -0.46243158 4.1152339 -3.0176096
v -0.389186442 4.38682652 -3.01365447
v -0.47922045 4.05081511 -3.01365447
v -0.407060653 4.32188082 -3.0176096
v -0.407060415 4.1152339 -3.0176096
v -0.311214626 4.34181023 -3.01365447
v -0.389186114 4.05081511 -3.01365447
v -0.359108001 4.29419613 -3.0176096
v -0.359108001 4.14291954 -3.0176096
v -0.266197532 4.26383829 -3.01365447
v -0.311214626 4.09583235 -3.01365447
v -0.331422448 4.246243 -3.0176096
v -0.331422448 4.19087219 -3.0176096
v -0.266197532 4.17380428 -3.01365447
v -0.46243158 4.1152339 -3.10925865
v -0.557192266 4.09583187 -3.11321378
v -0.510384262 4.14291906 -3.10925865
v -0.538069725 4.19087219 -3.10925865
v -0.47922045 4.05081511 -3.11321378
v -0.60220933 4.17380381 -3.11321378
v -0.407060415 4.1152339 -3.10925865
v -0.60220933 4.26383829 -3.11321378
v -0.389186114 4.05081511 -3.11321378
v -0.538069725 4.246243 -3.10925865
v -0.359108001 4.14291954 -3.10925865
v -0.557192266 4.34181023 -3.11321378
v -0.311214626 4.09583235 -3.11321378
v -0.510384262 4.29419613 -3.10925865
v -0.331422448 4.19087219 -3.10925865
v -0.47922045 4.38682652 -3.11321378
v -0.266197532 4.17380428 -3.11321378
v -0.46243158 4.32188082 -3.10925865
v -0.331422448 4.246243 -3.10925865
v -0.389186442 4.38682652 -3.11321378
v -0.266197532 4.26383829 -3.11321378
v -0.407060653 4.32188082 -3.10925865
v -0.359108001 4.29419613 -3.10925865
v -0.311214626 4.34181023 -3.11321378
v -0.46243158 4.1152339 -3.48292804
v -0.557192266 4.09583187 -3.48688316
v -0.510384262 4.14291906 -3.48292804
v -0.538069725 4.19087219 -3.48292804
v -0.47922045 4.05081511 -3.48688316
v -0.60220933 4.17380381 -3.48688316
v -0.407060415 4.1152339 -3.48292804
v -0.60220933 4.26383829 -3.48688316
v -0.389186114 4.05081511 -3.48688316
v -0.538069725 4.246243 -3.48292804
v -0.359108001 4.14291954 -3.48292804
v -0.557192266 4.34181023 -3.48688316
v -0.311214626 4.09583235 -3.48688316
v -0.510384262 4.29419613 -3.48292804
v -0.331422448 4.19087219 -3.48292804
v -0.47922045 4.38682652 -3.48688316
v -0.266197532 4.17380428 -3.48688316
v -0.46243158 4.32188082 -3.48292804
v -0.331422448 4.246243 -3.48292804
v -0.389186442 4.38682652 -3.48688316
v -0.266197532 4.26383829 -3.48688316
v -0.407060653 4.32188082 -3.48292804
v -0.359108001 4.29419613 -3.48292804
v -0.311214626 4.34181023 -3.48688316
v 0.91382277 0.229159445 -3.62024021
v 0.914365828 0.0554906838 -3.62033772
v 0.827399552 0.0787932575 -3.62033772
v 1.00133193 0.0787932575 -3.62033772
v 0.763735771 0.142456949 -3.62033772
v 1.06499565 0.142456949 -3.62033772
v 0.740433335 0.22942318 -3.62033772
v 1.0882982 0.22942318 -3.62033772
v 0.763735771 0.316389471 -3.62033772
v 1.06499565 0.316389471 -3.62033772
v 0.827399552 0.380053103 -3.62033772
v 1.00133193 0.380053103 -3.62033772
v 0.914365828 0.403355628 -3.62033772
v 0.91382277 0.229159445 2.87976789
v 0.914365828 0.0554906838 2.87966204
v 0.827399552 0.0787932575 2.87966204
v 1.00133193 0.0787932575 2.87966204
v 0.763735771 0.142456949 2.87966204
v 1.06499565 0.142456949 2.87966204
v 0.740433335 0.22942318 2.87966204
v 1.0882982 0.22942318 2.87966204
v 0.763735771 0.316389471 2.8796618
v 1.06499565 0.316389471 2.8796618
v 0.827399552 0.380053103 2.8796618
v 1.00133193 0.380053103 2.8796618
v 0.914365828 0.403355628 2.8796618
v -3.75042295 5.62479591 3.02006793
v -3.79919982 5.44082499 3.01572919
v -3.88471556 5.49019718 3.01572919
v -3.70045471 5.44082499 3.01572919
v -3.93408799 5.5757122 3.01572919
v -3.61493921 5.49019766 3.01572919
v -3.93408799 5.67445707 3.01572967
v -3.56556654 5.57571316 3.01572919
v -3.88471556 5.75997353 3.01572967
v -3.56556654 5.67445707 3.01572967
v -3.79919982 5.80934572 3.01572919
v -3.61493921 5.75997353 3.01572967
v -3.70045495 5.80934572 3.01572919
v -3.88471556 5.49019718 3.12492156
v -3.78078675 5.51147652 3.12058377
v -3.83337855 5.54184008 3.12058377
v -3.86374259 5.59443235 3.12058377
v -3.79919982 5.44082499 3.12492156
v -3.93408799 5.5757122 3.12492156
v -3.7200582 5.51147652 3.12058377
v -3.93408799 5.67445707 3.1249218
v -3.70045471 5.44082499 3.12492156
v -3.86374259 5.65516043 3.12058377
v -3.6674664 5.54184055 3.12058377
v -3.88471556 5.75997353 3.1249218
v -3.61493921 5.49019766 3.12492156
v -3.83337855 5.70775318 3.12058377
v -3.63710237 5.59443235 3.12058377
v -3.79919982 5.80934572 3.1249218
v -3.56556654 5.57571316 3.12492156
v -3.78078675 5.73811626 3.12058377
v -3.63710237 5.65516043 3.12058377
v -3.70045495 5.80934572 3.1249218
v -3.56556654 5.67445707 3.1249218
v -3.7200582 5.73811626 3.12058377
v -3.6674664 5.70775318 3.12058377
v -3.61493921 5.75997353 3.1249218
v -3.78916836 4.83364487 3.2496984
v -3.78612089 4.70442152 3.21543717
v -3.78612089 4.73910093 3.15536976
v -3.78612089 4.70442152 3.28479671
v -3.78612089 4.79916763 3.12068987
v -3.78612089 4.73910141 3.34486389
v -3.78612089 4.86852789 3.12068987
v -3.78612089 4.79916859 3.37954378
v -3.78612089 4.92859507 3.15536976
v -3.78612089 4.86852789 3.37954378
v -3.78612089 4.96327496 3.21543717
v -3.78612089 4.92859507 3.34486389
v -3.78612089 4.96327496 3.28479671
v -3.85977173 4.83364487 3.2496984
v -3.86281872 4.73910093 3.15536976
v -3.86281872 4.70442152 3.21543717
v -3.86281872 4.70442152 3.28479671
v -3.86281872 4.79916763 3.12068987
v -3.86281872 4.73910141 3.34486389
v -3.86281872 4.86852789 3.12068987
v -3.86281872 4.79916859 3.37954378
v -3.86281872 4.92859507 3.15536976
v -3.86281872 4.86852789 3.37954378
v -3.86281872 4.96327496 3.21543717
v -3.86281872 4.92859507 3.34486389
v -3.86281872 4.96327496 3.28479671
v -3.75042295 5.62479591 3.37840605
v -3.79919982 5.44082499 3.37406754
v -3.88471556 5.49019718 3.37406802
v -3.70045471 5.44082499 3.37406754
v -3.93408799 5.5757122 3.37406754
v -3.61493921 5.49019766 3.37406802
v -3.9309237 5.67360926 3.37406754
v -3.56556654 5.57571316 3.37406754
v -3.88471556 5.75997353 3.37406754
v -3.56556654 5.67445707 3.37406802
v -3.79919982 5.80934572 3.37406754
v -3.61493921 5.75997353 3.37406754
v -3.70045495 5.80934572 3.37406754
v -3.75042295 5.62479591 3.47892213
v -3.93408799 5.5757122 3.48325992
v -3.88471556 5.49019718 3.48325992
v -3.79919982 5.44082499 3.48325992
v -3.9309237 5.67360926 3.48326015
v -3.70045471 5.44082499 3.48325992
v -3.88471556 5.75997353 3.48326015
v -3.61493921 5.49019766 3.48325992
v -3.79919982 5.80934572 3.48326015
v -3.56556654 5.57571316 3.48325992
v -3.70045495 5.80934572 3.48326015
v -3.56556654 5.67445707 3.48326015
v -3.61493921 5.75997353 3.48326015
v -0.60220933 4.17380381 3.01365399
v -0.538069725 4.246243 3.01760983
v -0.538069725 4.19087219 3.01760983
v -0.510384262 4.14291906 3.01760983
v -0.60220933 4.26383829 3.01365399
v -0.557192266 4.09583187 3.01365399
v -0.557192266 4.34181023 3.01365399
v -0.46243158 4.1152339 3.01760983
v -0.510384262 4.29419613 3.01760983
v -0.47922045 4.05081511 3.01365399
v -0.47922045 4.38682652 3.01365399
v -0.407060415 4.1152339 3.01760983
v -0.46243158 4.32188082 3.01760983
v -0.389186114 4.05081511 3.01365399
v -0.389186442 4.38682652 3.01365399
v -0.359108001 4.14291954 3.01760983
v -0.407060653 4.32188082 3.01760983
v -0.311214626 4.09583235 3.01365399
v -0.311214626 4.34181023 3.01365399
v -0.331422448 4.19087219 3.01760983
v -0.359108001 4.29419613 3.01760983
v -0.266197532 4.17380428 3.01365399
v -0.266197532 4.26383829 3.01365399
v -0.331422448 4.246243 3.01760983
v -0.557192266 4.09583187 3.11321402
v -0.46243158 4.1152339 3.10925865
v -0.510384262 4.14291906 3.10925865
v -0.538069725 4.19087219 3.10925865
v -0.47922045 4.05081511 3.11321402
v -0.60220933 4.17380381 3.11321402
v -0.407060415 4.1152339 3.10925865
v -0.60220933 4.26383829 3.11321402
v -0.389186114 4.05081511 3.11321402
v -0.538069725 4.246243 3.10925865
v -0.359108001 4.14291954 3.10925865
v -0.557192266 4.34181023 3.11321402
v -0.311214626 4.09583235 3.11321402
v -0.510384262 4.29419613 3.10925865
v -0.331422448 4.19087219 3.10925865
v -0.47922045 4.38682652 3.11321402
v -0.266197532 4.17380428 3.11321402
v -0.46243158 4.32188082 3.10925865
v -0.331422448 4.246243 3.10925865
v -0.389186442 4.38682652 3.11321402
v -0.266197532 4.26383829 3.11321402
v -0.407060653 4.32188082 3.10925865
v -0.359108001 4.29419613 3.10925865
v -0.311214626 4.34181023 3.11321402
v -0.557192266 4.09583187 3.48688293
v -0.46243158 4.1152339 3.4829278
v -0.510384262 4.14291906 3.4829278
v -0.538069725 4.19087219 3.4829278
v -0.47922045 4.05081511 3.48688293
v -0.60220933 4.17380381 3.48688316
v -0.407060415 4.1152339 3.4829278
v -0.60220933 4.26383829 3.48688316
v -0.389186114 4.05081511 3.48688293
v -0.538069725 4.246243 3.4829278
v -0.359108001 4.14291954 3.4829278
v -0.557192266 4.34181023 3.48688316
v -0.311214626 4.09583235 3.48688293
v -0.510384262 4.29419613 3.4829278
v -0.331422448 4.19087219 3.4829278
v -0.47922045 4.38682652 3.48688316
v -0.266197532 4.17380428 3.48688316
v -0.46243158 4.32188082 3.4829278
v -0.331422448 4.246243 3.4829278
v -0.389186442 4.38682652 3.48688316
v -0.266197532 4.26383829 3.48688316
v -0.407060653 4.32188082 3.4829278
v -0.359108001 4.29419613 3.4829278
v -0.311214626 4.34181023 3.48688316
v 0.91382277 0.229159445 3.62023973
v 0.827399552 0.0787932575 3.62033772
v 0.914365828 0.0554906838 3.62033772
v 1.00133193 0.0787932575 3.62033772
v 0.763735771 0.142456949 3.62033772
v 1.06499565 0.142456949 3.62033772
v 0.740433335 0.22942318 3.62033772
v 1.0882982 0.22942318 3.62033772
v 0.763735771 0.316389471 3.62033796
v 1.06499565 0.316389471 3.62033796
v 0.827399552 0.380053103 3.62033796
v 1.00133193 0.380053103 3.62033796
v 0.914365828 0.403355628 3.62033796
v 1.51847398 1.2207031E-06 -3.16797566
v 1.50847399 0.0500012189 -2.96702409
v 1.51847398 1.2207031E-06 -2.9570241
v 1.30752206 1.2207031E-06 -2.9570241
v 1.50847399 0.0500012189 -3.15797567
v 1.30752206 1.2207031E-06 -3.16797566
v 1.31752205 0.0500012189 -2.96702409
v 1.31752205 0.0500012189 -3.15797567
v 1.51847398 1.2207031E-06 -3.54297566
v 1.50847399 0.0500012189 -3.34202409
v 1.51847398 1.2207031E-06 -3.3320241
v 1.30752206 1.2207031E-06 -3.3320241
v 1.31752205 0.0500012189 -3.34202409
v 1.30752206 1.2207031E-06 -3.54297566
v 1.31752205 0.0500012189 -3.53297567
v 1.50847399 0.0500012189 -3.53297567
v -3.83337855 5.54184008 -3.12058377
v -3.75042295 5.62479591 -3.12058377
v -3.78078675 5.51147652 -3.12058377
v -3.86374259 5.59443235 -3.12058377
v -3.7200582 5.51147652 -3.12058377
v -3.86374259 5.65516043 -3.12058377
v -3.6674664 5.54184055 -3.12058377
v -3.83337855 5.70775318 -3.12058377
v -3.63710237 5.59443235 -3.12058377
v -3.78078675 5.73811626 -3.12058377
v -3.63710237 5.65516043 -3.12058377
v -3.7200582 5.73811626 -3.12058377
v -3.6674664 5.70775318 -3.12058377
v -0.46243158 4.1152339 -3.0176096
v -0.434746414 4.21855736 -3.0176096
v -0.510384262 4.14291906 -3.0176096
v -0.407060415 4.1152339 -3.0176096
v -0.538069725 4.19087219 -3.0176096
v -0.359108001 4.14291954 -3.0176096
v -0.538069725 4.246243 -3.0176096
v -0.331422448 4.19087219 -3.0176096
v -0.510384262 4.29419613 -3.0176096
v -0.331422448 4.246243 -3.0176096
v -0.46243158 4.32188082 -3.0176096
v -0.359108001 4.29419613 -3.0176096
v -0.407060653 4.32188082 -3.0176096
v -0.510384262 4.14291906 -3.10925865
v -0.434746414 4.21855736 -3.10925865
v -0.46243158 4.1152339 -3.10925865
v -0.538069725 4.19087219 -3.10925865
v -0.407060415 4.1152339 -3.10925865
v -0.538069725 4.246243 -3.10925865
v -0.359108001 4.14291954 -3.10925865
v -0.510384262 4.29419613 -3.10925865
v -0.331422448 4.19087219 -3.10925865
v -0.46243158 4.32188082 -3.10925865
v -0.331422448 4.246243 -3.10925865
v -0.407060653 4.32188082 -3.10925865
v -0.359108001 4.29419613 -3.10925865
v -0.46243158 4.1152339 -3.39127898
v -0.434746414 4.21855736 -3.39127898
v -0.510384262 4.14291906 -3.39127898
v -0.407060415 4.1152339 -3.39127898
v -0.538069725 4.19087219 -3.39127898
v -0.359108001 4.14291954 -3.39127898
v -0.538069725 4.246243 -3.39127898
v -0.331422448 4.19087219 -3.39127898
v -0.510384262 4.29419613 -3.39127898
v -0.331422448 4.246243 -3.39127898
v -0.46243158 4.32188082 -3.39127898
v -0.359108001 4.29419613 -3.39127898
v -0.407060653 4.32188082 -3.39127898
v -0.510384262 4.14291906 -3.48292804
v -0.434746414 4.21855736 -3.48292804
v -0.46243158 4.1152339 -3.48292804
v -0.538069725 4.19087219 -3.48292804
v -0.407060415 4.1152339 -3.48292804
v -0.538069725 4.246243 -3.48292804
v -0.359108001 4.14291954 -3.48292804
v -0.510384262 4.29419613 -3.48292804
v -0.331422448 4.19087219 -3.48292804
v -0.46243158 4.32188082 -3.48292804
v -0.331422448 4.246243 -3.48292804
v -0.407060653 4.32188082 -3.48292804
v -0.359108001 4.29419613 -3.48292804
v 1.50847399 0.0500012189 2.96702409
v 1.51847398 1.2207031E-06 3.16797566
v 1.51847398 1.2207031E-06 2.9570241
v 1.30752206 1.2207031E-06 2.9570241
v 1.50847399 0.0500012189 3.15797567
v 1.30752206 1.2207031E-06 3.16797566
v 1.31752205 0.0500012189 2.96702409
v 1.31752205 0.0500012189 3.15797567
v 1.50847399 0.0500012189 3.34202409
v 1.51847398 1.2207031E-06 3.54297566
v 1.51847398 1.2207031E-06 3.3320241
v 1.30752206 1.2207031E-06 3.3320241
v 1.31752205 0.0500012189 3.34202409
v 1.30752206 1.2207031E-06 3.54297566
v 1.31752205 0.0500012189 3.53297567
v 1.50847399 0.0500012189 3.53297567
v -3.83337855 5.54184008 3.12058377
v -3.78078675 5.51147652 3.12058377
v -3.75042295 5.62479591 3.12058377
v -3.86374259 5.59443235 3.12058377
v -3.7200582 5.51147652 3.12058377
v -3.86374259 5.65516043 3.12058377
v -3.6674664 5.54184055 3.12058377
v -3.83337855 5.70775318 3.12058377
v -3.63710237 5.59443235 3.12058377
v -3.78078675 5.73811626 3.12058377
v -3.63710237 5.65516043 3.12058377
v -3.7200582 5.73811626 3.12058377
v -3.6674664 5.70775318 3.12058377
v -0.46243158 4.1152339 3.01760983
v -0.510384262 4.14291906 3.01760983
v -0.434746414 4.21855736 3.01760983
v -0.407060415 4.1152339 3.01760983
v -0.538069725 4.19087219 3.01760983
v -0.359108001 4.14291954 3.01760983
v -0.538069725 4.246243 3.01760983
v -0.331422448 4.19087219 3.01760983
v -0.510384262 4.29419613 3.01760983
v -0.331422448 4.246243 3.01760983
v -0.46243158 4.32188082 3.01760983
v -0.359108001 4.29419613 3.01760983
v -0.407060653 4.32188082 3.01760983
v -0.510384262 4.14291906 3.10925865
v -0.46243158 4.1152339 3.10925865
v -0.434746414 4.21855736 3.10925865
v -0.538069725 4.19087219 3.10925865
v -0.407060415 4.1152339 3.10925865
v -0.538069725 4.246243 3.10925865
v -0.359108001 4.14291954 3.10925865
v -0.510384262 4.29419613 3.10925865
v -0.331422448 4.19087219 3.10925865
v -0.46243158 4.32188082 3.10925865
v -0.331422448 4.246243 3.10925865
v -0.407060653 4.32188082 3.10925865
v -0.359108001 4.29419613 3.10925865
v -0.46243158 4.1152339 3.39127898
v -0.510384262 4.14291906 3.39127898
v -0.434746414 4.21855736 3.39127898
v -0.407060415 4.1152339 3.39127898
v -0.538069725 4.19087219 3.39127898
v -0.359108001 4.14291954 3.39127898
v -0.538069725 4.246243 3.39127898
v -0.331422448 4.19087219 3.39127898
v -0.510384262 4.29419613 3.39127898
v -0.331422448 4.246243 3.39127898
v -0.46243158 4.32188082 3.39127898
v -0.359108001 4.29419613 3.39127898
v -0.407060653 4.32188082 3.39127898
v -0.510384262 4.14291906 3.4829278
v -0.46243158 4.1152339 3.4829278
v -0.434746414 4.21855736 3.4829278
v -0.538069725 4.19087219 3.4829278
v -0.407060415 4.1152339 3.4829278
v -0.538069725 4.246243 3.4829278
v -0.359108001 4.14291954 3.4829278
v -0.510384262 4.29419613 3.4829278
v -0.331422448 4.19087219 3.4829278
v -0.46243158 4.32188082 3.4829278
v -0.331422448 4.246243 3.4829278
v -0.407060653 4.32188082 3.4829278
v -0.359108001 4.29419613 3.4829278
v -0.557192266 4.09583187 -3.38732314
v -0.46243158 4.1152339 -3.39127898
v -0.510384262 4.14291906 -3.39127898
v -0.47922045 4.05081511 -3.38732314
v -0.60220933 4.17380381 -3.38732314
v -0.407060415 4.1152339 -3.39127898
v -0.538069725 4.19087219 -3.39127898
v -0.389186114 4.05081511 -3.38732314
v -0.60220933 4.26383829 -3.38732314
v -0.359108001 4.14291954 -3.39127898
v -0.538069725 4.246243 -3.39127898
v -0.311214626 4.09583235 -3.38732314
v -0.557192266 4.34181023 -3.38732314
v -0.331422448 4.19087219 -3.39127898
v -0.510384262 4.29419613 -3.39127898
v -0.266197532 4.17380428 -3.38732314
v -0.47922045 4.38682652 -3.38732314
v -0.331422448 4.246243 -3.39127898
v -0.46243158 4.32188082 -3.39127898
v -0.266197532 4.26383829 -3.38732314
v -0.389186442 4.38682652 -3.38732314
v -0.359108001 4.29419613 -3.39127898
v -0.407060653 4.32188082 -3.39127898
v -0.311214626 4.34181023 -3.38732314
v -0.46243158 4.1152339 3.39127898
v -0.557192266 4.09583187 3.38732314
v -0.510384262 4.14291906 3.39127898
v -0.47922045 4.05081511 3.38732314
v -0.60220933 4.17380381 3.38732314
v -0.407060415 4.1152339 3.39127898
v -0.538069725 4.19087219 3.39127898
v -0.389186114 4.05081511 3.38732314
v -0.60220933 4.26383829 3.38732314
v -0.359108001 4.14291954 3.39127898
v -0.538069725 4.246243 3.39127898
v -0.311214626 4.09583235 3.38732314
v -0.557192266 4.34181023 3.38732314
v -0.331422448 4.19087219 3.39127898
v -0.510384262 4.29419613 3.39127898
v -0.266197532 4.17380428 3.38732314
v -0.47922045 4.38682652 3.38732314
v -0.331422448 4.246243 3.39127898
v -0.46243158 4.32188082 3.39127898
v -0.266197532 4.26383829 3.38732314
v -0.389186442 4.38682652 3.38732314
v -0.359108001 4.29419613 3.39127898
v -0.407060653 4.32188082 3.39127898
v -0.311214626 4.34181023 3.38732314
v 0.710270822 0.0499984585 -3.43948817
v 0.705270827 1.76393122E-08 -3.05550981
v 0.710270822 0.0499985702 -3.06050992
v 0.705270827 -9.37105327E-08 -3.44448805
v 1.12345314 1.78783459E-08 -3.05550981
v 1.11845315 0.049998492 -3.43948817
v 1.12345314 -7.53215232E-08 -3.44448805
v 1.11845315 0.0499985628 -3.06050992
v -0.29458794 1.61659511E-06 -3.08041334
v -0.289587826 0.0500016063 -3.41458464
v -0.29458794 1.61659511E-06 -3.41958451
v -0.289587826 0.0500016063 -3.08541346
v 0.544588745 -9.07162772E-08 -3.08041334
v 0.539588869 0.0499999188 -3.41458464
v 0.544588745 -9.07162772E-08 -3.41958451
v 0.539588869 0.0499999188 -3.08541346
v -0.549533367 1.2207031E-06 -2.95652437
v -0.544533372 0.0500012189 -3.16247582
v -0.549533367 1.2207031E-06 -3.16747594
v -0.544533372 0.0500012189 -2.96152425
v -0.338581532 1.2207031E-06 -2.95652437
v -0.343581527 0.0500012189 -3.16247582
v -0.338581532 1.2207031E-06 -3.16747594
v -0.343581527 0.0500012189 -2.96152425
v -0.539533377 0.0500012189 -3.34252405
v -0.549533367 1.2207031E-06 -3.54347563
v -0.549533367 1.2207031E-06 -3.33252406
v -0.539533377 0.0500012189 -3.53347564
v -0.338581532 1.2207031E-06 -3.54347563
v -0.348581523 0.0500012189 -3.34252405
v -0.338581532 1.2207031E-06 -3.33252406
v -0.348581523 0.0500012189 -3.53347564
v -3.49067855 5.19193363 -3.31595659
v -3.65215969 5.32726812 -3.31595659
v -3.48201466 5.20387983 -3.31595659
v -3.66082287 5.31532145 -3.31595659
v -3.65215969 5.32726812 -3.18404269
v -3.49067855 5.19193363 -3.18404269
v -3.48201466 5.20387983 -3.18404269
v -3.66082287 5.31532145 -3.18404269
v 1.11845315 0.049998492 3.43948841
v 0.705270827 -9.37105327E-08 3.44448853
v 1.12345314 -7.53215232E-08 3.44448853
v 1.11845315 0.0499985628 3.06051016
v 1.12345314 1.78783388E-08 3.05551028
v 0.710270822 0.0499985702 3.06051016
v 0.705270827 1.76393105E-08 3.05551028
v 0.710270822 0.0499984585 3.43948841
v -0.289587826 0.0500016063 3.41458488
v -0.29458794 1.61659511E-06 3.08041334
v -0.29458794 1.61659511E-06 3.41958499
v -0.289587826 0.0500016063 3.08541346
v 0.544588745 -9.07162772E-08 3.08041334
v 0.539588869 0.0499999188 3.41458488
v 0.544588745 -9.07162772E-08 3.41958499
v 0.539588869 0.0499999188 3.08541346
v -0.544533372 0.0500012189 3.16247582
v -0.549533367 1.2207031E-06 2.95652437
v -0.549533367 1.2207031E-06 3.16747594
v -0.544533372 0.0500012189 2.96152425
v -0.338581532 1.2207031E-06 2.95652437
v -0.343581527 0.0500012189 3.16247582
v -0.338581532 1.2207031E-06 3.16747594
v -0.343581527 0.0500012189 2.96152425
v -0.549533367 1.2207031E-06 3.54347563
v -0.539533377 0.0500012189 3.34252405
v -0.549533367 1.2207031E-06 3.33252406
v -0.539533377 0.0500012189 3.53347564
v -0.338581532 1.2207031E-06 3.54347563
v -0.348581523 0.0500012189 3.34252405
v -0.338581532 1.2207031E-06 3.33252406
v -0.348581523 0.0500012189 3.53347564
v -3.65215969 5.32726812 3.31595659
v -3.49067855 5.19193363 3.31595659
v -3.48201466 5.20387983 3.31595659
v -3.66082287 5.31532145 3.31595659
v -3.65215969 5.32726812 3.18404269
v -3.49067855 5.19193363 3.18404269
v -3.48201466 5.20387983 3.18404269
v -3.66082287 5.31532145 3.18404269
vt 0.408235997 0.710859954
vt 0.289313614 0.6583606
vt 0.289313614 0.710860014
vt 0.408235997 0.65836066
vt 0.915661514 0.710860431
vt 0.915661514 0.658360183
vt 0.928895056 0.710860431
vt 0.928895056 0.658360183
vt 0.068532899 0.0255607218
vt 0.172195673 0.413957536
vt 0.172195822 0.0255609602
vt 0.102557227 0.467876911
vt 0.108865067 0.478559136
vt 0.177790254 0.424925625
vt 0.499211043 0.658360004
vt 0.944780469 0.710859895
vt 0.944780469 0.658360302
vt 0.499211043 0.710860193
vt 0.486352384 0.710860193
vt 0.486352503 0.658359885
vt 0.172195792 0.0255609602
vt 0.102557227 0.467876911
vt 0.0685329288 0.0255607218
vt 0.172195643 0.413957536
vt 0.177790284 0.424925625
vt 0.108865038 0.478559136
vt 0.0724004805 0.0522776172
vt 0.161247462 0.795410931
vt 0.173048466 0.0832641944
vt 0.096154958 0.840989172
vt 0.173734456 0.823790133
vt 0.174410909 0.854787886
vt 0.163173467 0.883684695
vt 0.14173308 0.906081498
vt 0.919876695 0.710860193
vt 0.292251498 0.658359826
vt 0.292251498 0.710860014
vt 0.919876456 0.65835923
vt 0.995476186 0.710860014
vt 0.995476186 0.65835923
vt 0.173048466 0.0832642242
vt 0.0961550176 0.840989172
vt 0.0724004805 0.0522776172
vt 0.161247402 0.795410931
vt 0.173734456 0.823790133
vt 0.17441085 0.854787648
vt 0.163173467 0.883684695
vt 0.14173308 0.906081498
vt 0.944780648 0.658359826
vt 0.396227598 0.710860014
vt 0.944780469 0.710859895
vt 0.396227598 0.65835923
vt 0.367296964 0.710859954
vt 0.367296964 0.65835923
vt 0.342770666 0.710859954
vt 0.342770666 0.65835923
vt 0.318244338 0.710860014
vt 0.318244338 0.65835923
vt 0.289313614 0.710860014
vt 0.289313614 0.65835923
vt 0.966666877 0.679508567
vt 0.299999952 0.697008848
vt 0.966666877 0.697008491
vt 0.299999952 0.679508209
vt 0.966666877 0.662008762
vt 0.300000012 0.662008524
vt 0.966666877 0.658675432
vt 0.300000012 0.658675194
vt 0.390754312 0.658676863
vt 0.394087881 0.676176906
vt 0.394087642 0.658676863
vt 0.390754312 0.679510057
vt 0.411587685 0.676176727
vt 0.411587685 0.679510057
vt 0.383954316 0.679510891
vt 0.401454121 0.67617774
vt 0.383954316 0.676177561
vt 0.404787689 0.679510891
vt 0.401454359 0.658677042
vt 0.404787689 0.658677042
vt 0.300000012 0.662008524
vt 0.966666877 0.658675313
vt 0.300000012 0.658675194
vt 0.966666877 0.662008643
vt 0.300000012 0.682842255
vt 0.966666877 0.682842016
vt 0.300000012 0.703675508
vt 0.966666877 0.70367527
vt 0.984211981 0.682064831
vt 0.307899237 0.702225864
vt 0.993614018 0.702227592
vt 0.298507452 0.682065189
vt 0.984211266 0.661901653
vt 0.29850626 0.661901295
vt 0.985714972 0.658675373
vt 0.300006986 0.658677161
vt 0.394087642 0.658676863
vt 0.519040823 0.661876917
vt 0.519041181 0.658677101
vt 0.394087285 0.661876678
vt 0.509715199 0.681874633
vt 0.394086331 0.681874514
vt 0.509714842 0.70187211
vt 0.394086093 0.701871872
vt 0.591870666 0.695472777
vt 0.401921362 0.678674817
vt 0.401921839 0.695473075
vt 0.591870308 0.678674936
vt 0.591869473 0.661876917
vt 0.394087881 0.661876678
vt 0.394087642 0.658676863
vt 0.591869235 0.658677161
vt 0.51121068 0.678675056
vt 0.394090503 0.695472598
vt 0.519044042 0.695472419
vt 0.394089907 0.678675056
vt 0.394088238 0.661876678
vt 0.511208892 0.661876261
vt 0.509716392 0.658676445
vt 0.394087642 0.658676863
vt 0.391847104 0.658677101
vt 0.622071624 0.661876142
vt 0.622071028 0.65867728
vt 0.3918477 0.661876559
vt 0.58743763 0.681872129
vt 0.377847761 0.681872606
vt 0.587438345 0.701869249
vt 0.377848357 0.70186919
vt 0.606979728 0.678674996
vt 0.405849785 0.695472598
vt 0.63607347 0.6954723
vt 0.394088119 0.678675056
vt 0.394087285 0.661876678
vt 0.606978893 0.66187638
vt 0.601437092 0.658676624
vt 0.391847104 0.658677101
vt 0.395579427 0.661876559
vt 0.584036589 0.658677101
vt 0.394087642 0.658676863
vt 0.58403635 0.661876798
vt 0.584035754 0.681874156
vt 0.395578951 0.681874394
vt 0.584035516 0.701871395
vt 0.386254042 0.701871514
vt 0.62956357 0.695472419
vt 0.389604777 0.678674579
vt 0.377842635 0.695471764
vt 0.632525921 0.678675056
vt 0.389606327 0.661876678
vt 0.632527113 0.661876619
vt 0.391847104 0.658677101
vt 0.633091688 0.658676922
vt 0.647096753 0.701871753
vt 0.405851454 0.681874633
vt 0.40585205 0.701871634
vt 0.647096157 0.681874156
vt 0.643568397 0.661876917
vt 0.3918477 0.661877036
vt 0.391847104 0.658677101
vt 0.643567801 0.65867734
vt 0.977816641 0.678838134
vt 0.292108178 0.695780098
vt 0.977816403 0.695774734
vt 0.292108476 0.67884165
vt 0.300000012 0.661902368
vt 0.985714734 0.661901355
vt 0.985714972 0.658675373
vt 0.30000031 0.658675194
vt 0.391846985 0.679510713
vt 0.350180715 0.697010458
vt 0.391846985 0.697010458
vt 0.350180715 0.679510713
vt 0.391847104 0.662010431
vt 0.350180775 0.662010372
vt 0.391847104 0.658677101
vt 0.350180775 0.658677161
vt 0.391846925 0.682843685
vt 0.350180656 0.703677058
vt 0.391846925 0.703677058
vt 0.350180656 0.682843566
vt 0.391847104 0.662010431
vt 0.350180775 0.662010312
vt 0.391847104 0.658677101
vt 0.350180775 0.658676982
vt 0.446454197 0.679510653
vt 0.404787809 0.697010398
vt 0.446454078 0.697010398
vt 0.404787809 0.679510772
vt 0.446454078 0.662010372
vt 0.404787809 0.662010491
vt 0.446454078 0.658677101
vt 0.404787809 0.658677161
vt 0.446454018 0.682843685
vt 0.404787749 0.703677118
vt 0.446454018 0.703676999
vt 0.404787749 0.682843626
vt 0.446453959 0.662010431
vt 0.404787689 0.662010372
vt 0.446454078 0.658677101
vt 0.404787689 0.658677042
vt 0.341673434 0.679510653
vt 0.300007105 0.697010398
vt 0.341673434 0.697010338
vt 0.300007105 0.679510772
vt 0.341673315 0.662010372
vt 0.300007105 0.662010372
vt 0.341673315 0.658677101
vt 0.300007105 0.658677101
vt 0.341673195 0.682843626
vt 0.300006926 0.703677118
vt 0.341673195 0.703676999
vt 0.300006926 0.682843626
vt 0.341673195 0.662010372
vt 0.300006926 0.662010252
vt 0.341673315 0.658677101
vt 0.300006926 0.658676922
vt 0.569529533 0.672241747
vt 0.493079394 0.698373795
vt 0.569529533 0.698373795
vt 0.493079394 0.672241747
vt 0.580475688 0.672247171
vt 0.569534898 0.698380947
vt 0.580478072 0.698379278
vt 0.569533348 0.672248304
vt 0.49308455 0.698382437
vt 0.569535494 0.709323943
vt 0.493085206 0.709325731
vt 0.493082792 0.672249913
vt 0.482141674 0.698383749
vt 0.482139349 0.672251582
vt 0.493082225 0.661306858
vt 0.569532692 0.66130507
vt 0.422577798 0.700784504
vt 0.360192716 0.699858546
vt 0.364822328 0.700784504
vt 0.357414901 0.697080791
vt 0.356489003 0.692451179
vt 0.422577798 0.669451058
vt 0.364822328 0.669451118
vt 0.360192716 0.670377016
vt 0.357414901 0.673154831
vt 0.356489003 0.677784443
vt 0.647607267 0.712134957
vt 0.72155422 0.727149844
vt 0.72155422 0.712134957
vt 0.647607267 0.727149606
vt 0.491636813 0.727149606
vt 0.355332553 0.712134838
vt 0.355332553 0.727149606
vt 0.491636813 0.712134838
vt 0.502562821 0.727149606
vt 0.502562821 0.712134838
vt 0.510211289 0.727149606
vt 0.510211289 0.712134838
vt 0.521137297 0.727149606
vt 0.521137297 0.712134838
vt 0.555751264 0.727149606
vt 0.555751026 0.712134838
vt 0.566677153 0.727149606
vt 0.566677153 0.712134838
vt 0.574325502 0.727149606
vt 0.574325502 0.712134957
vt 0.585251272 0.727149606
vt 0.585251272 0.712134957
vt 0.72155422 0.727149606
vt 0.72155422 0.712134957
vt 0.625022411 0.700784564
vt 0.562637329 0.699858606
vt 0.567266941 0.700784564
vt 0.559859514 0.697080851
vt 0.558933616 0.692451179
vt 0.625022411 0.669451118
vt 0.567266941 0.669451118
vt 0.562637329 0.670377016
vt 0.559859514 0.673154831
vt 0.558933616 0.677784443
vt 0.422577798 0.700784504
vt 0.360192716 0.699858546
vt 0.364822328 0.700784504
vt 0.357414901 0.697080791
vt 0.356489003 0.692451179
vt 0.422577798 0.669451058
vt 0.364822328 0.669451118
vt 0.360192716 0.670377016
vt 0.357414901 0.673154831
vt 0.356489003 0.677784443
vt 0.647607267 0.712134957
vt 0.72155422 0.727149606
vt 0.72155422 0.712134957
vt 0.647607267 0.727149606
vt 0.491637766 0.727148771
vt 0.35533613 0.712134361
vt 0.35533613 0.727148771
vt 0.491637766 0.712134361
vt 0.502563536 0.727148771
vt 0.502563536 0.712134361
vt 0.510211885 0.727148652
vt 0.510211885 0.712134004
vt 0.521137655 0.727148652
vt 0.521137655 0.712134004
vt 0.555751264 0.727148652
vt 0.555751264 0.712134004
vt 0.566677272 0.727148652
vt 0.566677272 0.712134004
vt 0.574325502 0.727148652
vt 0.574325502 0.712134004
vt 0.585251272 0.727148652
vt 0.585251272 0.712134004
vt 0.72155422 0.727148652
vt 0.72155422 0.712134004
vt 0.625022411 0.700784564
vt 0.562637329 0.699858606
vt 0.567266941 0.700784564
vt 0.559859514 0.697080851
vt 0.558933616 0.692451179
vt 0.625022411 0.669451118
vt 0.567266941 0.669451118
vt 0.562637329 0.670377016
vt 0.559859514 0.673154831
vt 0.558933616 0.677784443
vt 0.559859514 0.697080851
vt 0.558933616 0.677784443
vt 0.558933616 0.692451179
vt 0.562637329 0.699858546
vt 0.567266941 0.700784504
vt 0.625022411 0.700784504
vt 0.625022411 0.669451118
vt 0.559859514 0.673154831
vt 0.562637329 0.670377016
vt 0.567266941 0.669451118
vt 0.647607505 0.727149606
vt 0.72155422 0.712134957
vt 0.647607505 0.712134957
vt 0.72155422 0.727149606
vt 0.355336249 0.727148771
vt 0.491637886 0.712134361
vt 0.355336249 0.712134361
vt 0.491637886 0.727148771
vt 0.502563655 0.712134361
vt 0.502563655 0.727148771
vt 0.510212004 0.712134004
vt 0.510212004 0.727148652
vt 0.521137893 0.712134004
vt 0.521137893 0.727148652
vt 0.555751383 0.712134004
vt 0.555751383 0.727148652
vt 0.566677392 0.712134004
vt 0.566677392 0.727148652
vt 0.574325502 0.712134004
vt 0.574325502 0.727148652
vt 0.585251272 0.712134004
vt 0.585251272 0.727148652
vt 0.72155422 0.712134004
vt 0.72155422 0.727148652
vt 0.357414901 0.697080851
vt 0.356489003 0.677784443
vt 0.356489003 0.692451179
vt 0.360192716 0.699858606
vt 0.364822328 0.700784504
vt 0.422577798 0.700784504
vt 0.422577798 0.669451118
vt 0.357414901 0.673154831
vt 0.360192716 0.670377016
vt 0.364822328 0.669451118
vt 0.559859514 0.697080851
vt 0.558933616 0.677784443
vt 0.558933616 0.692451179
vt 0.562637329 0.699858606
vt 0.567266941 0.700784504
vt 0.625022411 0.700784504
vt 0.625022411 0.669451118
vt 0.559859514 0.673154831
vt 0.562637329 0.670377016
vt 0.567266941 0.669451118
vt 0.647607505 0.727149606
vt 0.72155422 0.712134957
vt 0.647607505 0.712134957
vt 0.72155422 0.727149606
vt 0.355332911 0.727149606
vt 0.491637051 0.712134838
vt 0.355332911 0.712134838
vt 0.491637051 0.727149606
vt 0.502563059 0.712134838
vt 0.502563059 0.727149606
vt 0.510211408 0.712134838
vt 0.510211408 0.727149606
vt 0.521137297 0.712134838
vt 0.521137297 0.727149606
vt 0.555751264 0.712134838
vt 0.555751264 0.727149606
vt 0.566677392 0.712134838
vt 0.566677392 0.727149606
vt 0.574325502 0.712134957
vt 0.574325502 0.727149606
vt 0.585251272 0.712134957
vt 0.585251272 0.727149606
vt 0.72155422 0.712134957
vt 0.72155422 0.727149606
vt 0.357414901 0.697080851
vt 0.356489003 0.677784443
vt 0.356489003 0.692451179
vt 0.360192716 0.699858606
vt 0.364822328 0.700784504
vt 0.422577798 0.700784504
vt 0.422577798 0.669451118
vt 0.357414901 0.673154831
vt 0.360192716 0.670377016
vt 0.364822328 0.669451118
vt 0.449777484 0.345289707
vt 0.420650184 0.382567585
vt 0.449777484 0.382567585
vt 0.420650184 0.345289737
vt 0.458142817 0.321628481
vt 0.471084386 0.305579215
vt 0.469841599 0.3061966
vt 0.49887237 0.321628481
vt 0.457674772 0.323020607
vt 0.487173587 0.3061966
vt 0.4859308 0.305579215
vt 0.499340415 0.323020607
vt 0.457674593 0.366258055
vt 0.499340534 0.366258055
vt 0.48473388 0.374591261
vt 0.472281247 0.374591261
vt 0.484733939 0.401936918
vt 0.457674444 0.410270274
vt 0.499340713 0.410270274
vt 0.472281188 0.401936918
vt 0.497146487 0.41272977
vt 0.45986861 0.41272977
vt 0.458142549 0.321628481
vt 0.471084088 0.305579215
vt 0.469841301 0.3061966
vt 0.498872072 0.321628481
vt 0.457674503 0.323020607
vt 0.487173289 0.3061966
vt 0.485930502 0.305579215
vt 0.499340117 0.323020607
vt 0.499340296 0.366258055
vt 0.457674354 0.366258085
vt 0.484733641 0.374591261
vt 0.472281039 0.374591261
vt 0.484733701 0.401936918
vt 0.457674205 0.410270274
vt 0.499340475 0.410270274
vt 0.472280979 0.401936918
vt 0.497146308 0.41272977
vt 0.459868401 0.41272977
vt 0.46801883 0.321628481
vt 0.475916147 0.3061966
vt 0.46801883 0.3061966
vt 0.475916147 0.321628481
vt 0.46801883 0.323020607
vt 0.475916147 0.323020607
vt 0.468019009 0.366258055
vt 0.475916266 0.35792473
vt 0.497146249 0.366258055
vt 0.489248991 0.35792473
vt 0.497146308 0.410270244
vt 0.49714613 0.323020607
vt 0.468019009 0.410270244
vt 0.497146308 0.41272977
vt 0.468019009 0.41272977
vt 0.489248812 0.323020607
vt 0.49714613 0.321628481
vt 0.489248812 0.321628481
vt 0.49714613 0.3061966
vt 0.489248812 0.3061966
vt 0.49714613 0.304789454
vt 0.489248812 0.304789454
vt 0.428547323 0.373545885
vt 0.43644464 0.358699471
vt 0.428547323 0.358699471
vt 0.43644464 0.373545885
vt 0.428547323 0.37495023
vt 0.43644464 0.37495023
vt 0.46801883 0.321628481
vt 0.475916147 0.3061966
vt 0.46801883 0.3061966
vt 0.475916147 0.321628481
vt 0.46801883 0.323020607
vt 0.475916147 0.323020607
vt 0.468018711 0.366258055
vt 0.475915968 0.35792473
vt 0.497145951 0.366258055
vt 0.489248693 0.35792473
vt 0.497145951 0.410270244
vt 0.49714613 0.323020607
vt 0.468018651 0.410270244
vt 0.497145951 0.41272977
vt 0.468018651 0.41272977
vt 0.489248812 0.323020607
vt 0.49714613 0.321628481
vt 0.489248812 0.321628481
vt 0.49714613 0.3061966
vt 0.489248812 0.3061966
vt 0.49714613 0.304789454
vt 0.489248812 0.304789454
vt 0.457674623 0.358699471
vt 0.449777305 0.373545885
vt 0.457674623 0.373545885
vt 0.449777305 0.358699471
vt 0.457674623 0.357295126
vt 0.449777305 0.357295126
vt 0.458142549 0.321628481
vt 0.471084118 0.305579215
vt 0.469841331 0.3061966
vt 0.498872072 0.321628481
vt 0.457674503 0.323020607
vt 0.487173289 0.3061966
vt 0.485930502 0.305579215
vt 0.499340117 0.323020607
vt 0.457674384 0.35792473
vt 0.499340296 0.35792473
vt 0.458142817 0.321628481
vt 0.471084386 0.305579215
vt 0.469841599 0.3061966
vt 0.487173587 0.3061966
vt 0.4859308 0.305579215
vt 0.49887237 0.321628481
vt 0.457674772 0.323020607
vt 0.499340415 0.323020607
vt 0.499340534 0.35792473
vt 0.457674623 0.35792473
vt 0.449777484 0.386955619
vt 0.436444759 0.345289707
vt 0.436444759 0.386955619
vt 0.449777484 0.345289707
vt 0.449777484 0.357702345
vt 0.420650244 0.370154977
vt 0.449777484 0.370154977
vt 0.420650244 0.357702345
vt 0.497145951 0.374591261
vt 0.468018651 0.401936918
vt 0.497145951 0.401936918
vt 0.468018711 0.374591261
vt 0.428547502 0.372349024
vt 0.457674801 0.359896302
vt 0.428547502 0.359896272
vt 0.457674801 0.372349024
vt 0.468019009 0.401936918
vt 0.497146249 0.374591261
vt 0.468019009 0.374591261
vt 0.497146308 0.401936918
vt 0.481404424 0.210722461
vt 0.494018316 0.279303402
vt 0.494018316 0.210722461
vt 0.481404424 0.279303402
vt 0.494018316 0.294613242
vt 0.481404424 0.294613242
vt 0.481404424 0.363194227
vt 0.494018316 0.363194227
vt 0.494018316 0.373152584
vt 0.481404424 0.373152584
vt 0.481404424 0.389360458
vt 0.494018316 0.389360458
vt 0.481404424 0.394658744
vt 0.494018257 0.394658744
vt 0.494018257 0.405432373
vt 0.481404424 0.405432373
vt 0.481404424 0.407017171
vt 0.494018257 0.407017171
vt 0.494018257 0.424413502
vt 0.481404483 0.424413502
vt 0.494018257 0.434371829
vt 0.481404483 0.434371829
vt 0.446809471 0.291731596
vt 0.461827964 0.224455774
vt 0.446809471 0.224455774
vt 0.461827934 0.291731596
vt 0.463278621 0.30150044
vt 0.448260188 0.30150044
vt 0.476409167 0.320120335
vt 0.476496071 0.318565756
vt 0.460714936 0.3173998
vt 0.465840548 0.320509106
vt 0.430701047 0.224599421
vt 0.44571951 0.291875184
vt 0.44571951 0.224599451
vt 0.430701047 0.291875154
vt 0.444268823 0.301644027
vt 0.42925036 0.301643997
vt 0.431814045 0.317543447
vt 0.426688462 0.320652723
vt 0.416032881 0.318709373
vt 0.416119814 0.320263952
vt 0.63765347 0.658928812
vt 0.68000567 0.711216569
vt 0.68000567 0.658928871
vt 0.63765347 0.711216688
vt 0.615935683 0.658928812
vt 0.615935683 0.711216748
vt 0.597320557 0.658928752
vt 0.597320557 0.711216748
vt 0.583930612 0.711216748
vt 0.583930612 0.658928752
vt 0.565315366 0.658928752
vt 0.565315366 0.711216688
vt 0.543597698 0.658928812
vt 0.543597698 0.711216629
vt 0.501245379 0.711216569
vt 0.501245499 0.658928871
vt 0.743036091 0.658928871
vt 0.68000567 0.711216569
vt 0.743036091 0.711216629
vt 0.68000567 0.658928871
vt 0.436969638 0.400812536
vt 0.5 0.358460277
vt 0.436969519 0.358460337
vt 0.475179791 0.431837827
vt 0.44317466 0.422530264
vt 0.461789787 0.431837827
vt 0.493794918 0.422530264
vt 0.5 0.400812536
vt 0.5 0.358460277
vt 0.493794948 0.422530234
vt 0.5 0.400812566
vt 0.475179821 0.431837827
vt 0.436969608 0.400812566
vt 0.436969608 0.358460277
vt 0.44317469 0.422530234
vt 0.461789817 0.431837827
vt 0.445589304 0.462968022
vt 0.496126473 0.462968022
vt 0.470857918 0.456197292
vt 0.420320719 0.506734312
vt 0.42709139 0.481465846
vt 0.496126473 0.55050081
vt 0.521394968 0.506734312
vt 0.514624357 0.481465846
vt 0.514624357 0.532003045
vt 0.445589304 0.55050081
vt 0.470857918 0.557271659
vt 0.42709139 0.532003045
vt 0.621684611 0.785225987
vt 0.598598003 0.735396981
vt 0.598598003 0.785225987
vt 0.621684611 0.735396981
vt 0.601577342 0.785225987
vt 0.578499377 0.735396981
vt 0.578499377 0.785226047
vt 0.601577342 0.735396981
vt 0.581477582 0.785226047
vt 0.558408082 0.735396981
vt 0.558408082 0.785225987
vt 0.581477582 0.735396981
vt 0.561385393 0.785225987
vt 0.538321137 0.735396981
vt 0.538321137 0.785226047
vt 0.561385393 0.735396981
vt 0.541298628 0.785226047
vt 0.518226743 0.735396862
vt 0.518226624 0.785225868
vt 0.541298628 0.735396981
vt 0.521205187 0.785225868
vt 0.498124629 0.735396743
vt 0.498124629 0.785225868
vt 0.521205246 0.735396862
vt 0.501104116 0.785225928
vt 0.478017777 0.735396683
vt 0.478017688 0.785225928
vt 0.501104116 0.735396743
vt 0.48099786 0.785225928
vt 0.45790714 0.735396683
vt 0.45790717 0.785225928
vt 0.48099792 0.735396683
vt 0.46088782 0.785225928
vt 0.437792957 0.735396683
vt 0.437792957 0.785225928
vt 0.46088782 0.735396683
vt 0.440774202 0.785225928
vt 0.41767478 0.735396683
vt 0.41767472 0.785225928
vt 0.440774202 0.735396683
vt 0.420631051 0.785225928
vt 0.39792192 0.735396683
vt 0.39792192 0.785225928
vt 0.420631111 0.735396683
vt 0.6187042 0.785225987
vt 0.641799271 0.735396981
vt 0.6187042 0.735396981
vt 0.641799271 0.785226047
vt 0.391846985 0.679510713
vt 0.350180715 0.697010458
vt 0.391846985 0.697010458
vt 0.350180715 0.679510713
vt 0.391847104 0.662010431
vt 0.350180775 0.662010372
vt 0.391847104 0.658677101
vt 0.350180775 0.658677161
vt 0.391846925 0.682843685
vt 0.350180656 0.703677058
vt 0.391846925 0.703677058
vt 0.350180656 0.682843566
vt 0.391847104 0.662010431
vt 0.350180775 0.662010312
vt 0.391847104 0.658677101
vt 0.350180775 0.658676982
vt 0.608650208 0.723038912
vt 0.631741107 0.797583878
vt 0.631741107 0.723039031
vt 0.608650208 0.797583938
vt 0.611630082 0.797583878
vt 0.588547647 0.723038971
vt 0.588547647 0.797583878
vt 0.611630082 0.723038912
vt 0.591526449 0.797583878
vt 0.568452775 0.723039031
vt 0.568452775 0.797583938
vt 0.591526449 0.723039031
vt 0.571430326 0.797583818
vt 0.548365474 0.723039031
vt 0.548365295 0.797583818
vt 0.571430504 0.723039031
vt 0.551342607 0.797583818
vt 0.528274894 0.723039031
vt 0.528274894 0.797583878
vt 0.551342607 0.723039031
vt 0.531252861 0.797583878
vt 0.508176684 0.723038852
vt 0.508176565 0.797583818
vt 0.531252921 0.723039031
vt 0.511155605 0.797583818
vt 0.48807174 0.723038733
vt 0.488071531 0.797583759
vt 0.511155784 0.723038793
vt 0.491051435 0.797583818
vt 0.46796298 0.723038673
vt 0.46796295 0.797583759
vt 0.491051584 0.723038733
vt 0.470943362 0.797583759
vt 0.447850555 0.723038673
vt 0.447850555 0.797583759
vt 0.470943362 0.723038673
vt 0.450831532 0.797583759
vt 0.427734375 0.723038673
vt 0.427734375 0.797583759
vt 0.450831532 0.723038673
vt 0.430715889 0.797583759
vt 0.407614261 0.723038673
vt 0.407614261 0.797583759
vt 0.430715919 0.723038673
vt 0.628760099 0.797583878
vt 0.651859581 0.723038971
vt 0.628760099 0.723039031
vt 0.651859581 0.797583818
vt 0.608650208 0.723038971
vt 0.631741107 0.797583878
vt 0.631741107 0.723039031
vt 0.608650208 0.797583938
vt 0.611630082 0.797583878
vt 0.588547647 0.723038971
vt 0.588547647 0.797583878
vt 0.611630082 0.723038912
vt 0.591526449 0.797583878
vt 0.568452775 0.723039031
vt 0.568452775 0.797583938
vt 0.591526449 0.723039031
vt 0.571430326 0.797583818
vt 0.548365474 0.723039031
vt 0.548365295 0.797583818
vt 0.571430504 0.723039031
vt 0.551342607 0.797583818
vt 0.528274894 0.723039031
vt 0.528274894 0.797583878
vt 0.551342607 0.723039031
vt 0.531252861 0.797583938
vt 0.508176684 0.723038852
vt 0.508176565 0.797583818
vt 0.531252921 0.723039031
vt 0.511155605 0.797583818
vt 0.48807174 0.723038733
vt 0.488071531 0.797583759
vt 0.511155725 0.723038793
vt 0.491051435 0.797583818
vt 0.46796301 0.723038673
vt 0.46796295 0.797583759
vt 0.491051614 0.723038733
vt 0.470943362 0.797583759
vt 0.447850555 0.723038614
vt 0.447850555 0.797583759
vt 0.470943362 0.723038673
vt 0.450831532 0.797583759
vt 0.427734375 0.723038614
vt 0.427734375 0.797583759
vt 0.450831532 0.723038614
vt 0.430715889 0.797583759
vt 0.407614291 0.723038614
vt 0.407614261 0.797583759
vt 0.430715948 0.723038614
vt 0.628760099 0.797583878
vt 0.651859581 0.723038971
vt 0.628760099 0.723039031
vt 0.651859581 0.797583818
vt 0.587057531 0.797583878
vt 0.610144198 0.723039031
vt 0.587057531 0.723039031
vt 0.610144198 0.797583818
vt 0.633230865 0.723039031
vt 0.633230865 0.797583759
vt 0.591526568 0.797583878
vt 0.568452775 0.723039031
vt 0.568452716 0.797583938
vt 0.591526568 0.723039031
vt 0.571430385 0.797583938
vt 0.548365414 0.723039031
vt 0.548365414 0.797583938
vt 0.571430385 0.723039031
vt 0.551342666 0.797583938
vt 0.528274775 0.723039031
vt 0.528274775 0.797583878
vt 0.551342666 0.723039031
vt 0.531252801 0.797583878
vt 0.508176625 0.723038793
vt 0.508176506 0.797583699
vt 0.531252861 0.723039031
vt 0.511155546 0.797583818
vt 0.48807174 0.723038733
vt 0.488071531 0.797583699
vt 0.511155665 0.723038733
vt 0.491051435 0.797583818
vt 0.46796307 0.723038673
vt 0.46796301 0.797583818
vt 0.491051614 0.723038733
vt 0.470943391 0.797583759
vt 0.447850674 0.723038614
vt 0.447850674 0.797583818
vt 0.470943391 0.723038554
vt 0.450831562 0.797583818
vt 0.427734375 0.723038614
vt 0.427734375 0.797583818
vt 0.450831562 0.723038614
vt 0.430715829 0.797583818
vt 0.407614231 0.723038673
vt 0.407614231 0.797583759
vt 0.430715829 0.723038614
vt 0.628760219 0.797583818
vt 0.651859522 0.723039031
vt 0.628760219 0.723039031
vt 0.651859522 0.797583818
vt 0.608650208 0.723039329
vt 0.631741345 0.79758364
vt 0.631741345 0.723039329
vt 0.608650208 0.79758364
vt 0.611630082 0.79758364
vt 0.588547766 0.723039329
vt 0.588547766 0.79758364
vt 0.611630082 0.723039329
vt 0.591526568 0.79758364
vt 0.568452716 0.723039329
vt 0.568452716 0.79758364
vt 0.591526568 0.723039329
vt 0.571430385 0.79758364
vt 0.548365414 0.723039329
vt 0.548365414 0.79758364
vt 0.571430385 0.723039329
vt 0.551342726 0.79758364
vt 0.528274775 0.723039329
vt 0.528274775 0.79758364
vt 0.551342726 0.723039329
vt 0.531252801 0.79758364
vt 0.508176684 0.72303921
vt 0.508176565 0.79758352
vt 0.531252861 0.723039329
vt 0.511155605 0.79758358
vt 0.48807174 0.723039091
vt 0.488071471 0.79758358
vt 0.511155784 0.72303921
vt 0.491051406 0.797583699
vt 0.467963129 0.723038733
vt 0.46796307 0.797583699
vt 0.491051584 0.723039031
vt 0.470943421 0.797583699
vt 0.447850704 0.723038614
vt 0.447850704 0.797583699
vt 0.470943421 0.723038614
vt 0.450831562 0.797583699
vt 0.427734375 0.723038614
vt 0.427734375 0.797583699
vt 0.450831562 0.723038614
vt 0.430715829 0.797583699
vt 0.407614142 0.723038614
vt 0.407614172 0.797583699
vt 0.43071577 0.723038614
vt 0.628760278 0.797583759
vt 0.651859403 0.723039031
vt 0.628760278 0.723039329
vt 0.651859462 0.797583759
vt 0.608650267 0.723038852
vt 0.631741226 0.797583818
vt 0.631741226 0.723039031
vt 0.608650267 0.797583938
vt 0.611630142 0.797583818
vt 0.588547766 0.723038912
vt 0.588547766 0.797583818
vt 0.611630142 0.723038733
vt 0.591526568 0.797583818
vt 0.568452775 0.723039031
vt 0.568452716 0.797583878
vt 0.591526568 0.723039031
vt 0.571430385 0.797583878
vt 0.548365414 0.723039031
vt 0.548365414 0.797583878
vt 0.571430385 0.723039031
vt 0.551342666 0.797583878
vt 0.528274775 0.723039031
vt 0.528274775 0.797583818
vt 0.551342666 0.723039031
vt 0.531252801 0.797583878
vt 0.508176625 0.723038733
vt 0.508176506 0.797583759
vt 0.531252861 0.723039031
vt 0.511155546 0.797583818
vt 0.48807174 0.723038733
vt 0.488071531 0.797583699
vt 0.511155665 0.723038614
vt 0.491051435 0.797583759
vt 0.46796307 0.723038673
vt 0.46796301 0.797583818
vt 0.491051614 0.723038733
vt 0.470943391 0.797583759
vt 0.447850674 0.723038614
vt 0.447850674 0.797583818
vt 0.470943391 0.723038554
vt 0.450831562 0.797583818
vt 0.427734375 0.723038614
vt 0.427734375 0.797583818
vt 0.450831562 0.723038614
vt 0.430715829 0.797583818
vt 0.407614231 0.723038673
vt 0.407614231 0.797583759
vt 0.430715829 0.723038614
vt 0.628760219 0.797583818
vt 0.651859522 0.723039031
vt 0.628760219 0.723039031
vt 0.651859522 0.797583818
vt 0.420320719 0.506734312
vt 0.445589304 0.55050081
vt 0.42709139 0.532003045
vt 0.496126473 0.55050081
vt 0.470857918 0.557271659
vt 0.496126473 0.462968022
vt 0.445589304 0.462968022
vt 0.42709139 0.481465846
vt 0.470857918 0.456197292
vt 0.521394968 0.506734312
vt 0.514624357 0.532003045
vt 0.514624357 0.481465846
vt 0.621684611 0.736204624
vt 0.598598003 0.78508842
vt 0.598598003 0.736204684
vt 0.621684611 0.78508842
vt 0.578499377 0.736204624
vt 0.601577342 0.78508842
vt 0.578499377 0.78508848
vt 0.601577342 0.736204684
vt 0.558408082 0.736204624
vt 0.581477582 0.78508848
vt 0.558408082 0.78508842
vt 0.581477582 0.736204624
vt 0.538321137 0.736204624
vt 0.561385393 0.78508842
vt 0.538321137 0.78508848
vt 0.561385393 0.736204624
vt 0.518226743 0.736204505
vt 0.541298628 0.78508848
vt 0.518226624 0.785088301
vt 0.541298628 0.736204624
vt 0.498124629 0.736204386
vt 0.521205187 0.785088301
vt 0.498124629 0.78508836
vt 0.521205306 0.736204565
vt 0.478017777 0.736204386
vt 0.501104116 0.78508836
vt 0.478017718 0.78508836
vt 0.501104116 0.736204386
vt 0.45790714 0.736204386
vt 0.48099786 0.78508836
vt 0.45790717 0.78508836
vt 0.48099792 0.736204386
vt 0.437792957 0.736204386
vt 0.46088782 0.78508836
vt 0.437792957 0.78508836
vt 0.46088782 0.736204386
vt 0.41767478 0.736204386
vt 0.440774202 0.78508836
vt 0.41767472 0.78508836
vt 0.440774202 0.736204386
vt 0.39792192 0.736204386
vt 0.420631051 0.78508836
vt 0.39792192 0.78508836
vt 0.420631111 0.736204386
vt 0.6187042 0.736204624
vt 0.641799271 0.78508848
vt 0.6187042 0.78508842
vt 0.641799271 0.736204624
vt 0.299999952 0.697008848
vt 0.966666877 0.679508567
vt 0.966666877 0.697008491
vt 0.299999952 0.679508209
vt 0.966666877 0.662008762
vt 0.300000012 0.662008524
vt 0.966666877 0.658675432
vt 0.300000012 0.658675194
vt 0.394087881 0.676176906
vt 0.390754312 0.658676863
vt 0.394087642 0.658676863
vt 0.390754312 0.679510057
vt 0.411587685 0.676176727
vt 0.411587685 0.679510057
vt 0.401454121 0.67617774
vt 0.383954316 0.679510891
vt 0.383954316 0.676177561
vt 0.404787689 0.679510891
vt 0.401454359 0.658677042
vt 0.404787689 0.658677042
vt 0.966666877 0.658675313
vt 0.300000012 0.662008524
vt 0.300000012 0.658675194
vt 0.966666877 0.662008643
vt 0.300000012 0.682842255
vt 0.966666877 0.682842016
vt 0.300000012 0.703675508
vt 0.966666877 0.70367527
vt 0.307899237 0.702225864
vt 0.984211981 0.682064831
vt 0.993614018 0.702227592
vt 0.298507452 0.682065189
vt 0.984211266 0.661901653
vt 0.29850626 0.661901295
vt 0.985714972 0.658675373
vt 0.300006986 0.658677161
vt 0.519040823 0.661876917
vt 0.394087642 0.658676863
vt 0.519041181 0.658677101
vt 0.394087285 0.661876678
vt 0.509715199 0.681874633
vt 0.394086331 0.681874514
vt 0.509714842 0.70187211
vt 0.394086093 0.701871872
vt 0.401921362 0.678674817
vt 0.591870666 0.695472777
vt 0.401921839 0.695473075
vt 0.591870308 0.678674936
vt 0.591869473 0.661876917
vt 0.394087881 0.661876678
vt 0.394087642 0.658676863
vt 0.591869235 0.658677161
vt 0.394090503 0.695472598
vt 0.51121068 0.678675056
vt 0.519044042 0.695472419
vt 0.394089907 0.678675056
vt 0.394088238 0.661876678
vt 0.511208892 0.661876261
vt 0.509716392 0.658676445
vt 0.394087642 0.658676863
vt 0.622071624 0.661876142
vt 0.391847104 0.658677101
vt 0.622071028 0.65867728
vt 0.3918477 0.661876559
vt 0.58743763 0.681872129
vt 0.377847761 0.681872606
vt 0.587438345 0.701869249
vt 0.377848357 0.70186919
vt 0.405849785 0.695472598
vt 0.606979728 0.678674996
vt 0.63607347 0.6954723
vt 0.394088119 0.678675056
vt 0.394087285 0.661876678
vt 0.606978893 0.66187638
vt 0.601437092 0.658676624
vt 0.391847104 0.658677101
vt 0.584036589 0.658677101
vt 0.395579427 0.661876559
vt 0.394087642 0.658676863
vt 0.58403635 0.661876798
vt 0.584035754 0.681874156
vt 0.395578951 0.681874394
vt 0.584035516 0.701871395
vt 0.386254042 0.701871514
vt 0.389604777 0.678674579
vt 0.62956357 0.695472419
vt 0.377842635 0.695471764
vt 0.632525921 0.678675056
vt 0.389606327 0.661876678
vt 0.632527113 0.661876619
vt 0.391847104 0.658677101
vt 0.633091688 0.658676922
vt 0.405851454 0.681874633
vt 0.647096753 0.701871753
vt 0.40585205 0.701871634
vt 0.647096157 0.681874156
vt 0.643568397 0.661876917
vt 0.3918477 0.661877036
vt 0.391847104 0.658677101
vt 0.643567801 0.65867734
vt 0.292108178 0.695780098
vt 0.977816641 0.678838134
vt 0.977816403 0.695774734
vt 0.292108476 0.67884165
vt 0.300000012 0.661902368
vt 0.985714734 0.661901355
vt 0.985714972 0.658675373
vt 0.30000031 0.658675194
vt 0.289313614 0.6583606
vt 0.408235997 0.710859954
vt 0.289313614 0.710860014
vt 0.408235997 0.65836066
vt 0.915661514 0.710860431
vt 0.915661514 0.658360183
vt 0.928895056 0.710860431
vt 0.928895056 0.658360183
vt 0.172195673 0.413957536
vt 0.068532899 0.0255607218
vt 0.172195822 0.0255609602
vt 0.102557227 0.467876911
vt 0.108865067 0.478559136
vt 0.177790254 0.424925625
vt 0.944780469 0.710859895
vt 0.499211043 0.658360004
vt 0.944780469 0.658360302
vt 0.499211043 0.710860193
vt 0.486352384 0.710860193
vt 0.486352503 0.658359885
vt 0.102557227 0.467876911
vt 0.172195792 0.0255609602
vt 0.0685329288 0.0255607218
vt 0.172195643 0.413957536
vt 0.177790284 0.424925625
vt 0.108865038 0.478559136
vt 0.161247462 0.795410931
vt 0.0724004805 0.0522776172
vt 0.173048466 0.0832641944
vt 0.096154958 0.840989172
vt 0.173734456 0.823790133
vt 0.174410909 0.854787886
vt 0.163173467 0.883684695
vt 0.14173308 0.906081498
vt 0.292251498 0.658359826
vt 0.919876695 0.710860193
vt 0.292251498 0.710860014
vt 0.919876456 0.65835923
vt 0.995476186 0.710860014
vt 0.995476186 0.65835923
vt 0.0961550176 0.840989172
vt 0.173048466 0.0832642242
vt 0.0724004805 0.0522776172
vt 0.161247402 0.795410931
vt 0.173734456 0.823790133
vt 0.17441085 0.854787648
vt 0.163173467 0.883684695
vt 0.14173308 0.906081498
vt 0.396227598 0.710860014
vt 0.944780648 0.658359826
vt 0.944780469 0.710859895
vt 0.396227598 0.65835923
vt 0.367296964 0.710859954
vt 0.367296964 0.65835923
vt 0.342770666 0.710859954
vt 0.342770666 0.65835923
vt 0.318244338 0.710860014
vt 0.318244338 0.65835923
vt 0.289313614 0.710860014
vt 0.289313614 0.65835923
vt 0.299999952 0.697008848
vt 0.966666877 0.679508567
vt 0.966666877 0.697008491
vt 0.299999952 0.679508209
vt 0.966666877 0.662008762
vt 0.300000012 0.662008524
vt 0.966666877 0.658675432
vt 0.300000012 0.658675194
vt 0.394087881 0.676176906
vt 0.390754312 0.658676863
vt 0.394087642 0.658676863
vt 0.390754312 0.679510057
vt 0.411587685 0.676176727
vt 0.411587685 0.679510057
vt 0.401454121 0.67617774
vt 0.383954316 0.679510891
vt 0.383954316 0.676177561
vt 0.404787689 0.679510891
vt 0.401454359 0.658677042
vt 0.404787689 0.658677042
vt 0.966666877 0.658675313
vt 0.300000012 0.662008524
vt 0.300000012 0.658675194
vt 0.966666877 0.662008643
vt 0.300000012 0.682842255
vt 0.966666877 0.682842016
vt 0.300000012 0.703675508
vt 0.966666877 0.70367527
vt 0.307899237 0.702225864
vt 0.984211981 0.682064831
vt 0.993614018 0.702227592
vt 0.298507452 0.682065189
vt 0.984211266 0.661901653
vt 0.29850626 0.661901295
vt 0.985714972 0.658675373
vt 0.300006986 0.658677161
vt 0.519040823 0.661876917
vt 0.394087642 0.658676863
vt 0.519041181 0.658677101
vt 0.394087285 0.661876678
vt 0.509715199 0.681874633
vt 0.394086331 0.681874514
vt 0.509714842 0.70187211
vt 0.394086093 0.701871872
vt 0.401921362 0.678674817
vt 0.591870666 0.695472777
vt 0.401921839 0.695473075
vt 0.591870308 0.678674936
vt 0.591869473 0.661876917
vt 0.394087881 0.661876678
vt 0.394087642 0.658676863
vt 0.591869235 0.658677161
vt 0.394090503 0.695472598
vt 0.51121068 0.678675056
vt 0.519044042 0.695472419
vt 0.394089907 0.678675056
vt 0.394088238 0.661876678
vt 0.511208892 0.661876261
vt 0.509716392 0.658676445
vt 0.394087642 0.658676863
vt 0.622071624 0.661876142
vt 0.391847104 0.658677101
vt 0.622071028 0.65867728
vt 0.3918477 0.661876559
vt 0.58743763 0.681872129
vt 0.377847761 0.681872606
vt 0.587438345 0.701869249
vt 0.377848357 0.70186919
vt 0.405849785 0.695472598
vt 0.606979728 0.678674996
vt 0.63607347 0.6954723
vt 0.394088119 0.678675056
vt 0.394087285 0.661876678
vt 0.606978893 0.66187638
vt 0.601437092 0.658676624
vt 0.391847104 0.658677101
vt 0.584036589 0.658677101
vt 0.395579427 0.661876559
vt 0.394087642 0.658676863
vt 0.58403635 0.661876798
vt 0.584035754 0.681874156
vt 0.395578951 0.681874394
vt 0.584035516 0.701871395
vt 0.386254042 0.701871514
vt 0.389604777 0.678674579
vt 0.62956357 0.695472419
vt 0.377842635 0.695471764
vt 0.632525921 0.678675056
vt 0.389606327 0.661876678
vt 0.632527113 0.661876619
vt 0.391847104 0.658677101
vt 0.633091688 0.658676922
vt 0.405851454 0.681874633
vt 0.647096753 0.701871753
vt 0.40585205 0.701871634
vt 0.647096157 0.681874156
vt 0.643568397 0.661876917
vt 0.3918477 0.661877036
vt 0.391847104 0.658677101
vt 0.643567801 0.65867734
vt 0.292108178 0.695780098
vt 0.977816641 0.678838134
vt 0.977816403 0.695774734
vt 0.292108476 0.67884165
vt 0.300000012 0.661902368
vt 0.985714734 0.661901355
vt 0.985714972 0.658675373
vt 0.30000031 0.658675194
vt 0.350180715 0.697010458
vt 0.391846985 0.679510713
vt 0.391846985 0.697010458
vt 0.350180715 0.679510713
vt 0.391847104 0.662010431
vt 0.350180775 0.662010372
vt 0.391847104 0.658677101
vt 0.350180775 0.658677161
vt 0.350180656 0.703677058
vt 0.391846925 0.682843685
vt 0.391846925 0.703677058
vt 0.350180656 0.682843566
vt 0.391847104 0.662010431
vt 0.350180775 0.662010312
vt 0.391847104 0.658677101
vt 0.350180775 0.658676982
vt 0.404787809 0.697010398
vt 0.446454197 0.679510653
vt 0.446454078 0.697010398
vt 0.404787809 0.679510772
vt 0.446454078 0.662010372
vt 0.404787809 0.662010491
vt 0.446454078 0.658677101
vt 0.404787809 0.658677161
vt 0.404787749 0.703677118
vt 0.446454018 0.682843685
vt 0.446454018 0.703676999
vt 0.404787749 0.682843626
vt 0.446453959 0.662010431
vt 0.404787689 0.662010372
vt 0.446454078 0.658677101
vt 0.404787689 0.658677042
vt 0.300007105 0.697010398
vt 0.341673434 0.679510653
vt 0.341673434 0.697010338
vt 0.300007105 0.679510772
vt 0.341673315 0.662010372
vt 0.300007105 0.662010372
vt 0.341673315 0.658677101
vt 0.300007105 0.658677101
vt 0.300006926 0.703677118
vt 0.341673195 0.682843626
vt 0.341673195 0.703676999
vt 0.300006926 0.682843626
vt 0.341673195 0.662010372
vt 0.300006926 0.662010252
vt 0.341673315 0.658677101
vt 0.300006926 0.658676922
vt 0.569529533 0.672241747
vt 0.493079394 0.698373795
vt 0.493079394 0.672241747
vt 0.569529533 0.698373795
vt 0.569534898 0.698380947
vt 0.580475688 0.672247171
vt 0.580478072 0.698379278
vt 0.569533348 0.672248304
vt 0.49308455 0.698382437
vt 0.569535494 0.709323943
vt 0.493085206 0.709325731
vt 0.493082792 0.672249913
vt 0.482141674 0.698383749
vt 0.482139349 0.672251582
vt 0.493082225 0.661306858
vt 0.569532692 0.66130507
vt 0.357414901 0.673154831
vt 0.356489003 0.692451179
vt 0.356489003 0.677784443
vt 0.360192716 0.670377016
vt 0.364822328 0.669451118
vt 0.422577798 0.669451058
vt 0.422577798 0.700784504
vt 0.357414901 0.697080791
vt 0.360192716 0.699858546
vt 0.364822328 0.700784504
vt 0.647607267 0.712134957
vt 0.72155422 0.727149844
vt 0.647607267 0.727149606
vt 0.72155422 0.712134957
vt 0.355332553 0.712134838
vt 0.491636813 0.727149606
vt 0.355332553 0.727149606
vt 0.491636813 0.712134838
vt 0.502562821 0.727149606
vt 0.502562821 0.712134838
vt 0.510211289 0.727149606
vt 0.510211289 0.712134838
vt 0.521137297 0.727149606
vt 0.521137297 0.712134838
vt 0.555751264 0.727149606
vt 0.555751026 0.712134838
vt 0.566677153 0.727149606
vt 0.566677153 0.712134838
vt 0.574325502 0.727149606
vt 0.574325502 0.712134957
vt 0.585251272 0.727149606
vt 0.585251272 0.712134957
vt 0.72155422 0.727149606
vt 0.72155422 0.712134957
vt 0.559859514 0.673154831
vt 0.558933616 0.692451179
vt 0.558933616 0.677784443
vt 0.562637329 0.670377016
vt 0.567266941 0.669451118
vt 0.625022411 0.669451118
vt 0.625022411 0.700784564
vt 0.559859514 0.697080851
vt 0.562637329 0.699858606
vt 0.567266941 0.700784564
vt 0.357414901 0.673154831
vt 0.356489003 0.692451179
vt 0.356489003 0.677784443
vt 0.360192716 0.670377016
vt 0.364822328 0.669451118
vt 0.422577798 0.669451058
vt 0.422577798 0.700784504
vt 0.357414901 0.697080791
vt 0.360192716 0.699858546
vt 0.364822328 0.700784504
vt 0.647607267 0.712134957
vt 0.72155422 0.727149606
vt 0.647607267 0.727149606
vt 0.72155422 0.712134957
vt 0.35533613 0.712134361
vt 0.491637766 0.727148771
vt 0.35533613 0.727148771
vt 0.491637766 0.712134361
vt 0.502563536 0.727148771
vt 0.502563536 0.712134361
vt 0.510211885 0.727148652
vt 0.510211885 0.712134004
vt 0.521137655 0.727148652
vt 0.521137655 0.712134004
vt 0.555751264 0.727148652
vt 0.555751264 0.712134004
vt 0.566677272 0.727148652
vt 0.566677272 0.712134004
vt 0.574325502 0.727148652
vt 0.574325502 0.712134004
vt 0.585251272 0.727148652
vt 0.585251272 0.712134004
vt 0.72155422 0.727148652
vt 0.72155422 0.712134004
vt 0.559859514 0.673154831
vt 0.558933616 0.692451179
vt 0.558933616 0.677784443
vt 0.562637329 0.670377016
vt 0.567266941 0.669451118
vt 0.625022411 0.669451118
vt 0.625022411 0.700784564
vt 0.559859514 0.697080851
vt 0.562637329 0.699858606
vt 0.567266941 0.700784564
vt 0.625022411 0.669451118
vt 0.562637329 0.670377016
vt 0.567266941 0.669451118
vt 0.559859514 0.673154831
vt 0.558933616 0.677784443
vt 0.625022411 0.700784504
vt 0.567266941 0.700784504
vt 0.562637329 0.699858546
vt 0.559859514 0.697080851
vt 0.558933616 0.692451179
vt 0.647607505 0.727149606
vt 0.72155422 0.712134957
vt 0.72155422 0.727149606
vt 0.647607505 0.712134957
vt 0.491637886 0.712134361
vt 0.355336249 0.727148771
vt 0.355336249 0.712134361
vt 0.491637886 0.727148771
vt 0.502563655 0.712134361
vt 0.502563655 0.727148771
vt 0.510212004 0.712134004
vt 0.510212004 0.727148652
vt 0.521137893 0.712134004
vt 0.521137893 0.727148652
vt 0.555751383 0.712134004
vt 0.555751383 0.727148652
vt 0.566677392 0.712134004
vt 0.566677392 0.727148652
vt 0.574325502 0.712134004
vt 0.574325502 0.727148652
vt 0.585251272 0.712134004
vt 0.585251272 0.727148652
vt 0.72155422 0.712134004
vt 0.72155422 0.727148652
vt 0.422577798 0.669451118
vt 0.360192716 0.670377016
vt 0.364822328 0.669451118
vt 0.357414901 0.673154831
vt 0.356489003 0.677784443
vt 0.422577798 0.700784504
vt 0.364822328 0.700784504
vt 0.360192716 0.699858606
vt 0.357414901 0.697080851
vt 0.356489003 0.692451179
vt 0.625022411 0.669451118
vt 0.562637329 0.670377016
vt 0.567266941 0.669451118
vt 0.559859514 0.673154831
vt 0.558933616 0.677784443
vt 0.625022411 0.700784504
vt 0.567266941 0.700784504
vt 0.562637329 0.699858606
vt 0.559859514 0.697080851
vt 0.558933616 0.692451179
vt 0.647607505 0.727149606
vt 0.72155422 0.712134957
vt 0.72155422 0.727149606
vt 0.647607505 0.712134957
vt 0.491637051 0.712134838
vt 0.355332911 0.727149606
vt 0.355332911 0.712134838
vt 0.491637051 0.727149606
vt 0.502563059 0.712134838
vt 0.502563059 0.727149606
vt 0.510211408 0.712134838
vt 0.510211408 0.727149606
vt 0.521137297 0.712134838
vt 0.521137297 0.727149606
vt 0.555751264 0.712134838
vt 0.555751264 0.727149606
vt 0.566677392 0.712134838
vt 0.566677392 0.727149606
vt 0.574325502 0.712134957
vt 0.574325502 0.727149606
vt 0.585251272 0.712134957
vt 0.585251272 0.727149606
vt 0.72155422 0.712134957
vt 0.72155422 0.727149606
vt 0.422577798 0.669451118
vt 0.360192716 0.670377016
vt 0.364822328 0.669451118
vt 0.357414901 0.673154831
vt 0.356489003 0.677784443
vt 0.422577798 0.700784504
vt 0.364822328 0.700784504
vt 0.360192716 0.699858606
vt 0.357414901 0.697080851
vt 0.356489003 0.692451179
vt 0.449777484 0.345289707
vt 0.420650184 0.382567585
vt 0.420650184 0.345289737
vt 0.449777484 0.382567585
vt 0.487173587 0.3061966
vt 0.471084386 0.305579215
vt 0.4859308 0.305579215
vt 0.49887237 0.321628481
vt 0.458142817 0.321628481
vt 0.469841599 0.3061966
vt 0.457674772 0.323020607
vt 0.499340415 0.323020607
vt 0.457674593 0.366258055
vt 0.499340534 0.366258055
vt 0.48473388 0.374591261
vt 0.472281247 0.374591261
vt 0.484733939 0.401936918
vt 0.457674444 0.410270274
vt 0.499340713 0.410270274
vt 0.472281188 0.401936918
vt 0.497146487 0.41272977
vt 0.45986861 0.41272977
vt 0.487173289 0.3061966
vt 0.471084088 0.305579215
vt 0.485930502 0.305579215
vt 0.498872072 0.321628481
vt 0.458142549 0.321628481
vt 0.469841301 0.3061966
vt 0.457674503 0.323020607
vt 0.499340117 0.323020607
vt 0.499340296 0.366258055
vt 0.457674354 0.366258085
vt 0.484733641 0.374591261
vt 0.472281039 0.374591261
vt 0.484733701 0.401936918
vt 0.457674205 0.410270274
vt 0.499340475 0.410270274
vt 0.472280979 0.401936918
vt 0.497146308 0.41272977
vt 0.459868401 0.41272977
vt 0.475916147 0.3061966
vt 0.46801883 0.321628481
vt 0.46801883 0.3061966
vt 0.475916147 0.321628481
vt 0.46801883 0.323020607
vt 0.475916147 0.323020607
vt 0.468019009 0.366258055
vt 0.475916266 0.35792473
vt 0.497146249 0.366258055
vt 0.489248991 0.35792473
vt 0.497146308 0.410270244
vt 0.49714613 0.323020607
vt 0.468019009 0.410270244
vt 0.497146308 0.41272977
vt 0.468019009 0.41272977
vt 0.489248812 0.323020607
vt 0.49714613 0.321628481
vt 0.489248812 0.321628481
vt 0.49714613 0.3061966
vt 0.489248812 0.3061966
vt 0.49714613 0.304789454
vt 0.489248812 0.304789454
vt 0.43644464 0.358699471
vt 0.428547323 0.373545885
vt 0.428547323 0.358699471
vt 0.43644464 0.373545885
vt 0.428547323 0.37495023
vt 0.43644464 0.37495023
vt 0.475916147 0.3061966
vt 0.46801883 0.321628481
vt 0.46801883 0.3061966
vt 0.475916147 0.321628481
vt 0.46801883 0.323020607
vt 0.475916147 0.323020607
vt 0.468018711 0.366258055
vt 0.475915968 0.35792473
vt 0.497145951 0.366258055
vt 0.489248693 0.35792473
vt 0.497145951 0.410270244
vt 0.49714613 0.323020607
vt 0.468018651 0.410270244
vt 0.497145951 0.41272977
vt 0.468018651 0.41272977
vt 0.489248812 0.323020607
vt 0.49714613 0.321628481
vt 0.489248812 0.321628481
vt 0.49714613 0.3061966
vt 0.489248812 0.3061966
vt 0.49714613 0.304789454
vt 0.489248812 0.304789454
vt 0.449777305 0.373545885
vt 0.457674623 0.358699471
vt 0.457674623 0.373545885
vt 0.449777305 0.358699471
vt 0.457674623 0.357295126
vt 0.449777305 0.357295126
vt 0.471084118 0.305579215
vt 0.458142549 0.321628481
vt 0.469841331 0.3061966
vt 0.498872072 0.321628481
vt 0.457674503 0.323020607
vt 0.487173289 0.3061966
vt 0.485930502 0.305579215
vt 0.499340117 0.323020607
vt 0.457674384 0.35792473
vt 0.499340296 0.35792473
vt 0.471084386 0.305579215
vt 0.458142817 0.321628481
vt 0.469841599 0.3061966
vt 0.487173587 0.3061966
vt 0.4859308 0.305579215
vt 0.49887237 0.321628481
vt 0.457674772 0.323020607
vt 0.499340415 0.323020607
vt 0.499340534 0.35792473
vt 0.457674623 0.35792473
vt 0.449777484 0.386955619
vt 0.436444759 0.345289707
vt 0.449777484 0.345289707
vt 0.436444759 0.386955619
vt 0.449777484 0.357702345
vt 0.420650244 0.370154977
vt 0.420650244 0.357702345
vt 0.449777484 0.370154977
vt 0.497145951 0.374591261
vt 0.468018651 0.401936918
vt 0.468018711 0.374591261
vt 0.497145951 0.401936918
vt 0.428547502 0.372349024
vt 0.457674801 0.359896302
vt 0.457674801 0.372349024
vt 0.428547502 0.359896272
vt 0.468019009 0.401936918
vt 0.497146249 0.374591261
vt 0.497146308 0.401936918
vt 0.468019009 0.374591261
vt 0.494018316 0.279303402
vt 0.481404424 0.210722461
vt 0.494018316 0.210722461
vt 0.481404424 0.279303402
vt 0.494018316 0.294613242
vt 0.481404424 0.294613242
vt 0.481404424 0.363194227
vt 0.494018316 0.363194227
vt 0.494018316 0.373152584
vt 0.481404424 0.373152584
vt 0.481404424 0.389360458
vt 0.494018316 0.389360458
vt 0.481404424 0.394658744
vt 0.494018257 0.394658744
vt 0.494018257 0.405432373
vt 0.481404424 0.405432373
vt 0.481404424 0.407017171
vt 0.494018257 0.407017171
vt 0.494018257 0.424413502
vt 0.481404483 0.424413502
vt 0.494018257 0.434371829
vt 0.481404483 0.434371829
vt 0.461827964 0.224455774
vt 0.446809471 0.291731596
vt 0.446809471 0.224455774
vt 0.461827934 0.291731596
vt 0.463278621 0.30150044
vt 0.448260188 0.30150044
vt 0.476409167 0.320120335
vt 0.476496071 0.318565756
vt 0.460714936 0.3173998
vt 0.465840548 0.320509106
vt 0.44571951 0.291875184
vt 0.430701047 0.224599421
vt 0.44571951 0.224599451
vt 0.430701047 0.291875154
vt 0.444268823 0.301644027
vt 0.42925036 0.301643997
vt 0.431814045 0.317543447
vt 0.426688462 0.320652723
vt 0.416032881 0.318709373
vt 0.416119814 0.320263952
vt 0.68000567 0.711216569
vt 0.63765347 0.658928812
vt 0.68000567 0.658928871
vt 0.63765347 0.711216688
vt 0.615935683 0.658928812
vt 0.615935683 0.711216748
vt 0.597320557 0.658928752
vt 0.597320557 0.711216748
vt 0.583930612 0.711216748
vt 0.583930612 0.658928752
vt 0.565315366 0.658928752
vt 0.565315366 0.711216688
vt 0.543597698 0.658928812
vt 0.543597698 0.711216629
vt 0.501245379 0.711216569
vt 0.501245499 0.658928871
vt 0.743036091 0.658928871
vt 0.68000567 0.711216569
vt 0.68000567 0.658928871
vt 0.743036091 0.711216629
vt 0.493794918 0.422530264
vt 0.5 0.358460277
vt 0.5 0.400812536
vt 0.475179791 0.431837827
vt 0.436969638 0.400812536
vt 0.436969519 0.358460337
vt 0.44317466 0.422530264
vt 0.461789787 0.431837827
vt 0.5 0.358460277
vt 0.436969608 0.400812566
vt 0.436969608 0.358460277
vt 0.475179821 0.431837827
vt 0.44317469 0.422530234
vt 0.461789817 0.431837827
vt 0.493794948 0.422530234
vt 0.5 0.400812566
vt 0.420320719 0.506734312
vt 0.445589304 0.55050081
vt 0.42709139 0.532003045
vt 0.496126473 0.55050081
vt 0.470857918 0.557271659
vt 0.496126473 0.462968022
vt 0.445589304 0.462968022
vt 0.42709139 0.481465846
vt 0.470857918 0.456197292
vt 0.521394968 0.506734312
vt 0.514624357 0.532003045
vt 0.514624357 0.481465846
vt 0.621684611 0.785225987
vt 0.598598003 0.735396981
vt 0.621684611 0.735396981
vt 0.598598003 0.785225987
vt 0.601577342 0.785225987
vt 0.578499377 0.735396981
vt 0.601577342 0.735396981
vt 0.578499377 0.785226047
vt 0.581477582 0.785226047
vt 0.558408082 0.735396981
vt 0.581477582 0.735396981
vt 0.558408082 0.785225987
vt 0.561385393 0.785225987
vt 0.538321137 0.735396981
vt 0.561385393 0.735396981
vt 0.538321137 0.785226047
vt 0.541298628 0.785226047
vt 0.518226743 0.735396862
vt 0.541298628 0.735396981
vt 0.518226624 0.785225868
vt 0.521205187 0.785225868
vt 0.498124629 0.735396743
vt 0.521205246 0.735396862
vt 0.498124629 0.785225868
vt 0.501104116 0.785225928
vt 0.478017777 0.735396683
vt 0.501104116 0.735396743
vt 0.478017688 0.785225928
vt 0.48099786 0.785225928
vt 0.45790714 0.735396683
vt 0.48099792 0.735396683
vt 0.45790717 0.785225928
vt 0.46088782 0.785225928
vt 0.437792957 0.735396683
vt 0.46088782 0.735396683
vt 0.437792957 0.785225928
vt 0.440774202 0.785225928
vt 0.41767478 0.735396683
vt 0.440774202 0.735396683
vt 0.41767472 0.785225928
vt 0.420631051 0.785225928
vt 0.39792192 0.735396683
vt 0.420631111 0.735396683
vt 0.39792192 0.785225928
vt 0.6187042 0.785225987
vt 0.641799271 0.735396981
vt 0.641799271 0.785226047
vt 0.6187042 0.735396981
vt 0.350180715 0.697010458
vt 0.391846985 0.679510713
vt 0.391846985 0.697010458
vt 0.350180715 0.679510713
vt 0.391847104 0.662010431
vt 0.350180775 0.662010372
vt 0.391847104 0.658677101
vt 0.350180775 0.658677161
vt 0.350180656 0.703677058
vt 0.391846925 0.682843685
vt 0.391846925 0.703677058
vt 0.350180656 0.682843566
vt 0.391847104 0.662010431
vt 0.350180775 0.662010312
vt 0.391847104 0.658677101
vt 0.350180775 0.658676982
vt 0.608650208 0.723038912
vt 0.631741107 0.797583878
vt 0.608650208 0.797583938
vt 0.631741107 0.723039031
vt 0.611630082 0.797583878
vt 0.588547647 0.723038971
vt 0.611630082 0.723038912
vt 0.588547647 0.797583878
vt 0.591526449 0.797583878
vt 0.568452775 0.723039031
vt 0.591526449 0.723039031
vt 0.568452775 0.797583938
vt 0.571430326 0.797583818
vt 0.548365474 0.723039031
vt 0.571430504 0.723039031
vt 0.548365295 0.797583818
vt 0.551342607 0.797583818
vt 0.528274894 0.723039031
vt 0.551342607 0.723039031
vt 0.528274894 0.797583878
vt 0.531252861 0.797583878
vt 0.508176684 0.723038852
vt 0.531252921 0.723039031
vt 0.508176565 0.797583818
vt 0.511155605 0.797583818
vt 0.48807174 0.723038733
vt 0.511155784 0.723038793
vt 0.488071531 0.797583759
vt 0.491051435 0.797583818
vt 0.46796298 0.723038673
vt 0.491051584 0.723038733
vt 0.46796295 0.797583759
vt 0.470943362 0.797583759
vt 0.447850555 0.723038673
vt 0.470943362 0.723038673
vt 0.447850555 0.797583759
vt 0.450831532 0.797583759
vt 0.427734375 0.723038673
vt 0.450831532 0.723038673
vt 0.427734375 0.797583759
vt 0.430715889 0.797583759
vt 0.407614261 0.723038673
vt 0.430715919 0.723038673
vt 0.407614261 0.797583759
vt 0.628760099 0.797583878
vt 0.651859581 0.723038971
vt 0.651859581 0.797583818
vt 0.628760099 0.723039031
vt 0.608650208 0.723038971
vt 0.631741107 0.797583878
vt 0.608650208 0.797583938
vt 0.631741107 0.723039031
vt 0.611630082 0.797583878
vt 0.588547647 0.723038971
vt 0.611630082 0.723038912
vt 0.588547647 0.797583878
vt 0.591526449 0.797583878
vt 0.568452775 0.723039031
vt 0.591526449 0.723039031
vt 0.568452775 0.797583938
vt 0.571430326 0.797583818
vt 0.548365474 0.723039031
vt 0.571430504 0.723039031
vt 0.548365295 0.797583818
vt 0.551342607 0.797583818
vt 0.528274894 0.723039031
vt 0.551342607 0.723039031
vt 0.528274894 0.797583878
vt 0.531252861 0.797583938
vt 0.508176684 0.723038852
vt 0.531252921 0.723039031
vt 0.508176565 0.797583818
vt 0.511155605 0.797583818
vt 0.48807174 0.723038733
vt 0.511155725 0.723038793
vt 0.488071531 0.797583759
vt 0.491051435 0.797583818
vt 0.46796301 0.723038673
vt 0.491051614 0.723038733
vt 0.46796295 0.797583759
vt 0.470943362 0.797583759
vt 0.447850555 0.723038614
vt 0.470943362 0.723038673
vt 0.447850555 0.797583759
vt 0.450831532 0.797583759
vt 0.427734375 0.723038614
vt 0.450831532 0.723038614
vt 0.427734375 0.797583759
vt 0.430715889 0.797583759
vt 0.407614291 0.723038614
vt 0.430715948 0.723038614
vt 0.407614261 0.797583759
vt 0.628760099 0.797583878
vt 0.651859581 0.723038971
vt 0.651859581 0.797583818
vt 0.628760099 0.723039031
vt 0.610144198 0.723039031
vt 0.587057531 0.797583878
vt 0.587057531 0.723039031
vt 0.610144198 0.797583818
vt 0.633230865 0.723039031
vt 0.633230865 0.797583759
vt 0.591526568 0.797583878
vt 0.568452775 0.723039031
vt 0.591526568 0.723039031
vt 0.568452716 0.797583938
vt 0.571430385 0.797583938
vt 0.548365414 0.723039031
vt 0.571430385 0.723039031
vt 0.548365414 0.797583938
vt 0.551342666 0.797583938
vt 0.528274775 0.723039031
vt 0.551342666 0.723039031
vt 0.528274775 0.797583878
vt 0.531252801 0.797583878
vt 0.508176625 0.723038793
vt 0.531252861 0.723039031
vt 0.508176506 0.797583699
vt 0.511155546 0.797583818
vt 0.48807174 0.723038733
vt 0.511155665 0.723038733
vt 0.488071531 0.797583699
vt 0.491051435 0.797583818
vt 0.46796307 0.723038673
vt 0.491051614 0.723038733
vt 0.46796301 0.797583818
vt 0.470943391 0.797583759
vt 0.447850674 0.723038614
vt 0.470943391 0.723038554
vt 0.447850674 0.797583818
vt 0.450831562 0.797583818
vt 0.427734375 0.723038614
vt 0.450831562 0.723038614
vt 0.427734375 0.797583818
vt 0.430715829 0.797583818
vt 0.407614231 0.723038673
vt 0.430715829 0.723038614
vt 0.407614231 0.797583759
vt 0.628760219 0.797583818
vt 0.651859522 0.723039031
vt 0.651859522 0.797583818
vt 0.628760219 0.723039031
vt 0.608650208 0.723039329
vt 0.631741345 0.79758364
vt 0.608650208 0.79758364
vt 0.631741345 0.723039329
vt 0.611630082 0.79758364
vt 0.588547766 0.723039329
vt 0.611630082 0.723039329
vt 0.588547766 0.79758364
vt 0.591526568 0.79758364
vt 0.568452716 0.723039329
vt 0.591526568 0.723039329
vt 0.568452716 0.79758364
vt 0.571430385 0.79758364
vt 0.548365414 0.723039329
vt 0.571430385 0.723039329
vt 0.548365414 0.79758364
vt 0.551342726 0.79758364
vt 0.528274775 0.723039329
vt 0.551342726 0.723039329
vt 0.528274775 0.79758364
vt 0.531252801 0.79758364
vt 0.508176684 0.72303921
vt 0.531252861 0.723039329
vt 0.508176565 0.79758352
vt 0.511155605 0.79758358
vt 0.48807174 0.723039091
vt 0.511155784 0.72303921
vt 0.488071471 0.79758358
vt 0.491051406 0.797583699
vt 0.467963129 0.723038733
vt 0.491051584 0.723039031
vt 0.46796307 0.797583699
vt 0.470943421 0.797583699
vt 0.447850704 0.723038614
vt 0.470943421 0.723038614
vt 0.447850704 0.797583699
vt 0.450831562 0.797583699
vt 0.427734375 0.723038614
vt 0.450831562 0.723038614
vt 0.427734375 0.797583699
vt 0.430715829 0.797583699
vt 0.407614142 0.723038614
vt 0.43071577 0.723038614
vt 0.407614172 0.797583699
vt 0.628760278 0.797583759
vt 0.651859403 0.723039031
vt 0.651859462 0.797583759
vt 0.628760278 0.723039329
vt 0.608650267 0.723038852
vt 0.631741226 0.797583818
vt 0.608650267 0.797583938
vt 0.631741226 0.723039031
vt 0.611630142 0.797583818
vt 0.588547766 0.723038912
vt 0.611630142 0.723038733
vt 0.588547766 0.797583818
vt 0.591526568 0.797583818
vt 0.568452775 0.723039031
vt 0.591526568 0.723039031
vt 0.568452716 0.797583878
vt 0.571430385 0.797583878
vt 0.548365414 0.723039031
vt 0.571430385 0.723039031
vt 0.548365414 0.797583878
vt 0.551342666 0.797583878
vt 0.528274775 0.723039031
vt 0.551342666 0.723039031
vt 0.528274775 0.797583818
vt 0.531252801 0.797583878
vt 0.508176625 0.723038733
vt 0.531252861 0.723039031
vt 0.508176506 0.797583759
vt 0.511155546 0.797583818
vt 0.48807174 0.723038733
vt 0.511155665 0.723038614
vt 0.488071531 0.797583699
vt 0.491051435 0.797583759
vt 0.46796307 0.723038673
vt 0.491051614 0.723038733
vt 0.46796301 0.797583818
vt 0.470943391 0.797583759
vt 0.447850674 0.723038614
vt 0.470943391 0.723038554
vt 0.447850674 0.797583818
vt 0.450831562 0.797583818
vt 0.427734375 0.723038614
vt 0.450831562 0.723038614
vt 0.427734375 0.797583818
vt 0.430715829 0.797583818
vt 0.407614231 0.723038673
vt 0.430715829 0.723038614
vt 0.407614231 0.797583759
vt 0.628760219 0.797583818
vt 0.651859522 0.723039031
vt 0.651859522 0.797583818
vt 0.628760219 0.723039031
vt 0.420320719 0.506734312
vt 0.445589304 0.462968022
vt 0.42709139 0.481465846
vt 0.496126473 0.462968022
vt 0.470857918 0.456197292
vt 0.496126473 0.55050081
vt 0.445589304 0.55050081
vt 0.42709139 0.532003045
vt 0.470857918 0.557271659
vt 0.521394968 0.506734312
vt 0.514624357 0.481465846
vt 0.514624357 0.532003045
vt 0.621684611 0.736204624
vt 0.598598003 0.78508842
vt 0.621684611 0.78508842
vt 0.598598003 0.736204684
vt 0.578499377 0.736204624
vt 0.601577342 0.78508842
vt 0.601577342 0.736204684
vt 0.578499377 0.78508848
vt 0.558408082 0.736204624
vt 0.581477582 0.78508848
vt 0.581477582 0.736204624
vt 0.558408082 0.78508842
vt 0.538321137 0.736204624
vt 0.561385393 0.78508842
vt 0.561385393 0.736204624
vt 0.538321137 0.78508848
vt 0.518226743 0.736204505
vt 0.541298628 0.78508848
vt 0.541298628 0.736204624
vt 0.518226624 0.785088301
vt 0.498124629 0.736204386
vt 0.521205187 0.785088301
vt 0.521205306 0.736204565
vt 0.498124629 0.78508836
vt 0.478017777 0.736204386
vt 0.501104116 0.78508836
vt 0.501104116 0.736204386
vt 0.478017718 0.78508836
vt 0.45790714 0.736204386
vt 0.48099786 0.78508836
vt 0.48099792 0.736204386
vt 0.45790717 0.78508836
vt 0.437792957 0.736204386
vt 0.46088782 0.78508836
vt 0.46088782 0.736204386
vt 0.437792957 0.78508836
vt 0.41767478 0.736204386
vt 0.440774202 0.78508836
vt 0.440774202 0.736204386
vt 0.41767472 0.78508836
vt 0.39792192 0.736204386
vt 0.420631051 0.78508836
vt 0.420631111 0.736204386
vt 0.39792192 0.78508836
vt 0.6187042 0.736204624
vt 0.641799271 0.78508848
vt 0.641799271 0.736204624
vt 0.6187042 0.78508842
vt 0.966666877 0.679508567
vt 0.299999952 0.697008848
vt 0.966666877 0.697008491
vt 0.299999952 0.679508209
vt 0.966666877 0.662008762
vt 0.300000012 0.662008524
vt 0.966666877 0.658675432
vt 0.300000012 0.658675194
vt 0.390754312 0.658676863
vt 0.394087881 0.676176906
vt 0.394087642 0.658676863
vt 0.390754312 0.679510057
vt 0.411587685 0.676176727
vt 0.411587685 0.679510057
vt 0.383954316 0.679510891
vt 0.401454121 0.67617774
vt 0.383954316 0.676177561
vt 0.404787689 0.679510891
vt 0.401454359 0.658677042
vt 0.404787689 0.658677042
vt 0.300000012 0.662008524
vt 0.966666877 0.658675313
vt 0.300000012 0.658675194
vt 0.966666877 0.662008643
vt 0.300000012 0.682842255
vt 0.966666877 0.682842016
vt 0.300000012 0.703675508
vt 0.966666877 0.70367527
vt 0.984211981 0.682064831
vt 0.307899237 0.702225864
vt 0.993614018 0.702227592
vt 0.298507452 0.682065189
vt 0.984211266 0.661901653
vt 0.29850626 0.661901295
vt 0.985714972 0.658675373
vt 0.300006986 0.658677161
vt 0.394087642 0.658676863
vt 0.519040823 0.661876917
vt 0.519041181 0.658677101
vt 0.394087285 0.661876678
vt 0.509715199 0.681874633
vt 0.394086331 0.681874514
vt 0.509714842 0.70187211
vt 0.394086093 0.701871872
vt 0.591870666 0.695472777
vt 0.401921362 0.678674817
vt 0.401921839 0.695473075
vt 0.591870308 0.678674936
vt 0.591869473 0.661876917
vt 0.394087881 0.661876678
vt 0.394087642 0.658676863
vt 0.591869235 0.658677161
vt 0.51121068 0.678675056
vt 0.394090503 0.695472598
vt 0.519044042 0.695472419
vt 0.394089907 0.678675056
vt 0.394088238 0.661876678
vt 0.511208892 0.661876261
vt 0.509716392 0.658676445
vt 0.394087642 0.658676863
vt 0.391847104 0.658677101
vt 0.622071624 0.661876142
vt 0.622071028 0.65867728
vt 0.3918477 0.661876559
vt 0.58743763 0.681872129
vt 0.377847761 0.681872606
vt 0.587438345 0.701869249
vt 0.377848357 0.70186919
vt 0.606979728 0.678674996
vt 0.405849785 0.695472598
vt 0.63607347 0.6954723
vt 0.394088119 0.678675056
vt 0.394087285 0.661876678
vt 0.606978893 0.66187638
vt 0.601437092 0.658676624
vt 0.391847104 0.658677101
vt 0.395579427 0.661876559
vt 0.584036589 0.658677101
vt 0.394087642 0.658676863
vt 0.58403635 0.661876798
vt 0.584035754 0.681874156
vt 0.395578951 0.681874394
vt 0.584035516 0.701871395
vt 0.386254042 0.701871514
vt 0.62956357 0.695472419
vt 0.389604777 0.678674579
vt 0.377842635 0.695471764
vt 0.632525921 0.678675056
vt 0.389606327 0.661876678
vt 0.632527113 0.661876619
vt 0.391847104 0.658677101
vt 0.633091688 0.658676922
vt 0.647096753 0.701871753
vt 0.405851454 0.681874633
vt 0.40585205 0.701871634
vt 0.647096157 0.681874156
vt 0.643568397 0.661876917
vt 0.3918477 0.661877036
vt 0.391847104 0.658677101
vt 0.643567801 0.65867734
vt 0.977816641 0.678838134
vt 0.292108178 0.695780098
vt 0.977816403 0.695774734
vt 0.292108476 0.67884165
vt 0.300000012 0.661902368
vt 0.985714734 0.661901355
vt 0.985714972 0.658675373
vt 0.30000031 0.658675194
vt 0.4710159 0.506658077
vt 0.496126473 0.462968081
vt 0.470857918 0.456197292
vt 0.445589304 0.462968081
vt 0.514624357 0.481465906
vt 0.42709139 0.481465906
vt 0.521394968 0.506734371
vt 0.420320719 0.506734371
vt 0.514624357 0.532003105
vt 0.42709139 0.532003105
vt 0.496126473 0.550500929
vt 0.445589304 0.550500929
vt 0.470857918 0.557271659
vt 0.471125185 0.506658733
vt 0.506593049 0.470999211
vt 0.483937889 0.457919329
vt 0.457777828 0.457919329
vt 0.51967299 0.49365443
vt 0.435122699 0.47099939
vt 0.51967299 0.519814551
vt 0.422042727 0.493654609
vt 0.506593049 0.54246974
vt 0.422042727 0.519814551
vt 0.483937889 0.555549681
vt 0.435122699 0.54246974
vt 0.457777888 0.555549681
vt 0.479059577 0.476638585
vt 0.506593049 0.470999211
vt 0.492991656 0.484682292
vt 0.501035154 0.498614132
vt 0.483937889 0.457919329
vt 0.51967299 0.49365443
vt 0.462972045 0.476638407
vt 0.51967299 0.519814551
vt 0.457777828 0.457919329
vt 0.501035094 0.514702022
vt 0.449039906 0.484682083
vt 0.506593049 0.54246974
vt 0.435122699 0.47099939
vt 0.492991328 0.528634191
vt 0.440996051 0.498614162
vt 0.483937889 0.555549681
vt 0.422042727 0.493654609
vt 0.47905913 0.536677659
vt 0.440995961 0.514701605
vt 0.457777888 0.555549681
vt 0.422042727 0.519814551
vt 0.462971658 0.536677599
vt 0.449039578 0.528633833
vt 0.435122699 0.54246974
vt 0.471125215 0.506658554
vt 0.506593049 0.470999211
vt 0.483937889 0.457919329
vt 0.457777828 0.457919329
vt 0.51967299 0.49365443
vt 0.435122699 0.47099939
vt 0.51967299 0.519814551
vt 0.422042727 0.493654609
vt 0.506593049 0.54246974
vt 0.422042727 0.519814551
vt 0.483937889 0.555549681
vt 0.435122699 0.54246974
vt 0.457777888 0.555549681
vt 0.471125007 0.506657481
vt 0.483937889 0.457919329
vt 0.506593049 0.470999211
vt 0.457777828 0.457919329
vt 0.51967299 0.49365443
vt 0.435122699 0.47099939
vt 0.51967299 0.519814551
vt 0.422042727 0.493654609
vt 0.506593049 0.54246974
vt 0.422042727 0.519814551
vt 0.483937889 0.555549681
vt 0.435122699 0.54246974
vt 0.457777888 0.555549681
vt 0.471133739 0.506691515
vt 0.506593049 0.470999211
vt 0.483937889 0.457919329
vt 0.457777828 0.457919329
vt 0.51967299 0.49365443
vt 0.435122699 0.47099939
vt 0.513132989 0.518062115
vt 0.422042727 0.493654609
vt 0.506593049 0.54246974
vt 0.422042727 0.519814551
vt 0.483937889 0.555549681
vt 0.435122699 0.54246974
vt 0.457777888 0.555549681
vt 0.471134543 0.50668788
vt 0.506593049 0.470999211
vt 0.51967299 0.49365443
vt 0.483937889 0.457919329
vt 0.513132989 0.518062115
vt 0.457777828 0.457919329
vt 0.506593049 0.54246974
vt 0.435122699 0.47099939
vt 0.483937889 0.555549681
vt 0.422042727 0.493654609
vt 0.457777888 0.555549681
vt 0.422042727 0.519814551
vt 0.435122699 0.54246974
vt 0.51967299 0.49365443
vt 0.501035094 0.514702022
vt 0.51967299 0.519814551
vt 0.506593049 0.54246974
vt 0.501035154 0.498614132
vt 0.492991328 0.528634191
vt 0.492991656 0.484682292
vt 0.483937889 0.555549681
vt 0.506593049 0.470999211
vt 0.47905913 0.536677659
vt 0.479059577 0.476638585
vt 0.457777888 0.555549681
vt 0.483937889 0.457919329
vt 0.462971658 0.536677599
vt 0.462972045 0.476638407
vt 0.435122699 0.54246974
vt 0.457777828 0.457919329
vt 0.449039578 0.528633833
vt 0.449039906 0.484682083
vt 0.422042727 0.519814551
vt 0.435122699 0.47099939
vt 0.440995961 0.514701605
vt 0.440996051 0.498614162
vt 0.422042727 0.493654609
vt 0.479059577 0.476638585
vt 0.506593049 0.470999211
vt 0.492991656 0.484682292
vt 0.501035154 0.498614132
vt 0.483937889 0.457919329
vt 0.51967299 0.49365443
vt 0.462972045 0.476638407
vt 0.51967299 0.519814551
vt 0.457777828 0.457919329
vt 0.501035094 0.514702022
vt 0.449039906 0.484682083
vt 0.506593049 0.54246974
vt 0.435122699 0.47099939
vt 0.492991328 0.528634191
vt 0.440996051 0.498614162
vt 0.483937889 0.555549681
vt 0.422042727 0.493654609
vt 0.47905913 0.536677659
vt 0.440995961 0.514701605
vt 0.457777888 0.555549681
vt 0.422042727 0.519814551
vt 0.462971658 0.536677599
vt 0.449039578 0.528633833
vt 0.435122699 0.54246974
vt 0.479059577 0.476638585
vt 0.506593049 0.470999211
vt 0.492991656 0.484682292
vt 0.501035154 0.498614132
vt 0.483937889 0.457919329
vt 0.51967299 0.49365443
vt 0.462972045 0.476638407
vt 0.51967299 0.519814551
vt 0.457777828 0.457919329
vt 0.501035094 0.514702022
vt 0.449039906 0.484682083
vt 0.506593049 0.54246974
vt 0.435122699 0.47099939
vt 0.492991328 0.528634191
vt 0.440996051 0.498614162
vt 0.483937889 0.555549681
vt 0.422042727 0.493654609
vt 0.47905913 0.536677659
vt 0.440995961 0.514701605
vt 0.457777888 0.555549681
vt 0.422042727 0.519814551
vt 0.462971658 0.536677599
vt 0.449039578 0.528633833
vt 0.435122699 0.54246974
vt 0.4710159 0.506658077
vt 0.470857918 0.456197292
vt 0.496126473 0.462968081
vt 0.445589304 0.462968081
vt 0.514624357 0.481465906
vt 0.42709139 0.481465906
vt 0.521394968 0.506734371
vt 0.420320719 0.506734371
vt 0.514624357 0.532003105
vt 0.42709139 0.532003105
vt 0.496126473 0.550500929
vt 0.445589304 0.550500929
vt 0.470857918 0.557271659
vt 0.4710159 0.506658077
vt 0.470857918 0.456197292
vt 0.496126473 0.462968081
vt 0.445589304 0.462968081
vt 0.514624357 0.481465906
vt 0.42709139 0.481465906
vt 0.521394968 0.506734371
vt 0.420320719 0.506734371
vt 0.514624357 0.532003105
vt 0.42709139 0.532003105
vt 0.496126473 0.550500929
vt 0.445589304 0.550500929
vt 0.470857918 0.557271659
vt 0.471125185 0.506658733
vt 0.483937889 0.457919329
vt 0.506593049 0.470999211
vt 0.457777828 0.457919329
vt 0.51967299 0.49365443
vt 0.435122699 0.47099939
vt 0.51967299 0.519814551
vt 0.422042727 0.493654609
vt 0.506593049 0.54246974
vt 0.422042727 0.519814551
vt 0.483937889 0.555549681
vt 0.435122699 0.54246974
vt 0.457777888 0.555549681
vt 0.506593049 0.470999211
vt 0.479059577 0.476638585
vt 0.492991656 0.484682292
vt 0.501035154 0.498614132
vt 0.483937889 0.457919329
vt 0.51967299 0.49365443
vt 0.462972045 0.476638407
vt 0.51967299 0.519814551
vt 0.457777828 0.457919329
vt 0.501035094 0.514702022
vt 0.449039906 0.484682083
vt 0.506593049 0.54246974
vt 0.435122699 0.47099939
vt 0.492991328 0.528634191
vt 0.440996051 0.498614162
vt 0.483937889 0.555549681
vt 0.422042727 0.493654609
vt 0.47905913 0.536677659
vt 0.440995961 0.514701605
vt 0.457777888 0.555549681
vt 0.422042727 0.519814551
vt 0.462971658 0.536677599
vt 0.449039578 0.528633833
vt 0.435122699 0.54246974
vt 0.471125215 0.506658554
vt 0.483937889 0.457919329
vt 0.506593049 0.470999211
vt 0.457777828 0.457919329
vt 0.51967299 0.49365443
vt 0.435122699 0.47099939
vt 0.51967299 0.519814551
vt 0.422042727 0.493654609
vt 0.506593049 0.54246974
vt 0.422042727 0.519814551
vt 0.483937889 0.555549681
vt 0.435122699 0.54246974
vt 0.457777888 0.555549681
vt 0.471125007 0.506657481
vt 0.506593049 0.470999211
vt 0.483937889 0.457919329
vt 0.457777828 0.457919329
vt 0.51967299 0.49365443
vt 0.435122699 0.47099939
vt 0.51967299 0.519814551
vt 0.422042727 0.493654609
vt 0.506593049 0.54246974
vt 0.422042727 0.519814551
vt 0.483937889 0.555549681
vt 0.435122699 0.54246974
vt 0.457777888 0.555549681
vt 0.471133739 0.506691515
vt 0.483937889 0.457919329
vt 0.506593049 0.470999211
vt 0.457777828 0.457919329
vt 0.51967299 0.49365443
vt 0.435122699 0.47099939
vt 0.513132989 0.518062115
vt 0.422042727 0.493654609
vt 0.506593049 0.54246974
vt 0.422042727 0.519814551
vt 0.483937889 0.555549681
vt 0.435122699 0.54246974
vt 0.457777888 0.555549681
vt 0.471134543 0.50668788
vt 0.51967299 0.49365443
vt 0.506593049 0.470999211
vt 0.483937889 0.457919329
vt 0.513132989 0.518062115
vt 0.457777828 0.457919329
vt 0.506593049 0.54246974
vt 0.435122699 0.47099939
vt 0.483937889 0.555549681
vt 0.422042727 0.493654609
vt 0.457777888 0.555549681
vt 0.422042727 0.519814551
vt 0.435122699 0.54246974
vt 0.51967299 0.49365443
vt 0.501035094 0.514702022
vt 0.501035154 0.498614132
vt 0.492991656 0.484682292
vt 0.51967299 0.519814551
vt 0.506593049 0.470999211
vt 0.506593049 0.54246974
vt 0.479059577 0.476638585
vt 0.492991328 0.528634191
vt 0.483937889 0.457919329
vt 0.483937889 0.555549681
vt 0.462972045 0.476638407
vt 0.47905913 0.536677659
vt 0.457777828 0.457919329
vt 0.457777888 0.555549681
vt 0.449039906 0.484682083
vt 0.462971658 0.536677599
vt 0.435122699 0.47099939
vt 0.435122699 0.54246974
vt 0.440996051 0.498614162
vt 0.449039578 0.528633833
vt 0.422042727 0.493654609
vt 0.422042727 0.519814551
vt 0.440995961 0.514701605
vt 0.506593049 0.470999211
vt 0.479059577 0.476638585
vt 0.492991656 0.484682292
vt 0.501035154 0.498614132
vt 0.483937889 0.457919329
vt 0.51967299 0.49365443
vt 0.462972045 0.476638407
vt 0.51967299 0.519814551
vt 0.457777828 0.457919329
vt 0.501035094 0.514702022
vt 0.449039906 0.484682083
vt 0.506593049 0.54246974
vt 0.435122699 0.47099939
vt 0.492991328 0.528634191
vt 0.440996051 0.498614162
vt 0.483937889 0.555549681
vt 0.422042727 0.493654609
vt 0.47905913 0.536677659
vt 0.440995961 0.514701605
vt 0.457777888 0.555549681
vt 0.422042727 0.519814551
vt 0.462971658 0.536677599
vt 0.449039578 0.528633833
vt 0.435122699 0.54246974
vt 0.506593049 0.470999211
vt 0.479059577 0.476638585
vt 0.492991656 0.484682292
vt 0.501035154 0.498614132
vt 0.483937889 0.457919329
vt 0.51967299 0.49365443
vt 0.462972045 0.476638407
vt 0.51967299 0.519814551
vt 0.457777828 0.457919329
vt 0.501035094 0.514702022
vt 0.449039906 0.484682083
vt 0.506593049 0.54246974
vt 0.435122699 0.47099939
vt 0.492991328 0.528634191
vt 0.440996051 0.498614162
vt 0.483937889 0.555549681
vt 0.422042727 0.493654609
vt 0.47905913 0.536677659
vt 0.440995961 0.514701605
vt 0.457777888 0.555549681
vt 0.422042727 0.519814551
vt 0.462971658 0.536677599
vt 0.449039578 0.528633833
vt 0.435122699 0.54246974
vt 0.4710159 0.506658077
vt 0.496126473 0.462968081
vt 0.470857918 0.456197292
vt 0.445589304 0.462968081
vt 0.514624357 0.481465906
vt 0.42709139 0.481465906
vt 0.521394968 0.506734371
vt 0.420320719 0.506734371
vt 0.514624357 0.532003105
vt 0.42709139 0.532003105
vt 0.496126473 0.550500929
vt 0.445589304 0.550500929
vt 0.470857918 0.557271659
vt 0.535179853 0.423625857
vt 0.542373121 0.45943734
vt 0.537521303 0.464850277
vt 0.578756273 0.462491125
vt 0.54059881 0.42846629
vt 0.576414883 0.421266615
vt 0.573337376 0.457650632
vt 0.571562946 0.426679403
vt 0.536325455 0.422403902
vt 0.541457653 0.458566457
vt 0.536313891 0.463700503
vt 0.577610493 0.463712275
vt 0.572476447 0.458568484
vt 0.577622175 0.422415555
vt 0.572478473 0.42754975
vt 0.54145968 0.427547723
vt 0.492992759 0.37026751
vt 0.471015602 0.392245531
vt 0.479059815 0.362223387
vt 0.501036882 0.384200454
vt 0.462971389 0.362223387
vt 0.501036882 0.40028888
vt 0.449038476 0.37026757
vt 0.492992759 0.414221823
vt 0.440994292 0.384200573
vt 0.479059815 0.422266006
vt 0.440994292 0.40028888
vt 0.462971419 0.422266006
vt 0.449038476 0.414221823
vt 0.479059815 0.362223387
vt 0.471015602 0.392245531
vt 0.492992759 0.37026751
vt 0.462971389 0.362223387
vt 0.501036882 0.384200454
vt 0.449038476 0.37026757
vt 0.501036882 0.40028888
vt 0.440994292 0.384200573
vt 0.492992759 0.414221823
vt 0.440994292 0.40028888
vt 0.479059815 0.422266006
vt 0.449038476 0.414221823
vt 0.462971419 0.422266006
vt 0.492992759 0.37026751
vt 0.471015602 0.392245531
vt 0.479059815 0.362223387
vt 0.501036882 0.384200454
vt 0.462971389 0.362223387
vt 0.501036882 0.40028888
vt 0.449038476 0.37026757
vt 0.492992759 0.414221823
vt 0.440994292 0.384200573
vt 0.479059815 0.422266006
vt 0.440994292 0.40028888
vt 0.462971419 0.422266006
vt 0.449038476 0.414221823
vt 0.479059815 0.362223387
vt 0.471015602 0.392245531
vt 0.492992759 0.37026751
vt 0.462971389 0.362223387
vt 0.501036882 0.384200454
vt 0.449038476 0.37026757
vt 0.501036882 0.40028888
vt 0.440994292 0.384200573
vt 0.492992759 0.414221823
vt 0.440994292 0.40028888
vt 0.479059815 0.422266006
vt 0.449038476 0.414221823
vt 0.462971419 0.422266006
vt 0.492992759 0.37026751
vt 0.471015602 0.392245531
vt 0.479059815 0.362223387
vt 0.501036882 0.384200454
vt 0.462971389 0.362223387
vt 0.501036882 0.40028888
vt 0.449038476 0.37026757
vt 0.492992759 0.414221823
vt 0.440994292 0.384200573
vt 0.479059815 0.422266006
vt 0.440994292 0.40028888
vt 0.462971419 0.422266006
vt 0.449038476 0.414221823
vt 0.542373121 0.45943734
vt 0.535179853 0.423625857
vt 0.537521303 0.464850277
vt 0.578756273 0.462491125
vt 0.54059881 0.42846629
vt 0.576414883 0.421266615
vt 0.573337376 0.457650632
vt 0.571562946 0.426679403
vt 0.541457653 0.458566457
vt 0.536325455 0.422403902
vt 0.536313891 0.463700503
vt 0.577610493 0.463712275
vt 0.572476447 0.458568484
vt 0.577622175 0.422415555
vt 0.572478473 0.42754975
vt 0.54145968 0.427547723
vt 0.492992759 0.37026751
vt 0.479059815 0.362223387
vt 0.471015602 0.392245531
vt 0.501036882 0.384200454
vt 0.462971389 0.362223387
vt 0.501036882 0.40028888
vt 0.449038476 0.37026757
vt 0.492992759 0.414221823
vt 0.440994292 0.384200573
vt 0.479059815 0.422266006
vt 0.440994292 0.40028888
vt 0.462971419 0.422266006
vt 0.449038476 0.414221823
vt 0.479059815 0.362223387
vt 0.492992759 0.37026751
vt 0.471015602 0.392245531
vt 0.462971389 0.362223387
vt 0.501036882 0.384200454
vt 0.449038476 0.37026757
vt 0.501036882 0.40028888
vt 0.440994292 0.384200573
vt 0.492992759 0.414221823
vt 0.440994292 0.40028888
vt 0.479059815 0.422266006
vt 0.449038476 0.414221823
vt 0.462971419 0.422266006
vt 0.492992759 0.37026751
vt 0.479059815 0.362223387
vt 0.471015602 0.392245531
vt 0.501036882 0.384200454
vt 0.462971389 0.362223387
vt 0.501036882 0.40028888
vt 0.449038476 0.37026757
vt 0.492992759 0.414221823
vt 0.440994292 0.384200573
vt 0.479059815 0.422266006
vt 0.440994292 0.40028888
vt 0.462971419 0.422266006
vt 0.449038476 0.414221823
vt 0.479059815 0.362223387
vt 0.492992759 0.37026751
vt 0.471015602 0.392245531
vt 0.462971389 0.362223387
vt 0.501036882 0.384200454
vt 0.449038476 0.37026757
vt 0.501036882 0.40028888
vt 0.440994292 0.384200573
vt 0.492992759 0.414221823
vt 0.440994292 0.40028888
vt 0.479059815 0.422266006
vt 0.449038476 0.414221823
vt 0.462971419 0.422266006
vt 0.492992759 0.37026751
vt 0.479059815 0.362223387
vt 0.471015602 0.392245531
vt 0.501036882 0.384200454
vt 0.462971389 0.362223387
vt 0.501036882 0.40028888
vt 0.449038476 0.37026757
vt 0.492992759 0.414221823
vt 0.440994292 0.384200573
vt 0.479059815 0.422266006
vt 0.440994292 0.40028888
vt 0.462971419 0.422266006
vt 0.449038476 0.414221823
vt 0.506593049 0.470999211
vt 0.479059577 0.476638585
vt 0.492991656 0.484682292
vt 0.483937889 0.457919329
vt 0.51967299 0.49365443
vt 0.462972045 0.476638407
vt 0.501035154 0.498614132
vt 0.457777828 0.457919329
vt 0.51967299 0.519814551
vt 0.449039906 0.484682083
vt 0.501035094 0.514702022
vt 0.435122699 0.47099939
vt 0.506593049 0.54246974
vt 0.440996051 0.498614162
vt 0.492991328 0.528634191
vt 0.422042727 0.493654609
vt 0.483937889 0.555549681
vt 0.440995961 0.514701605
vt 0.47905913 0.536677659
vt 0.422042727 0.519814551
vt 0.457777888 0.555549681
vt 0.449039578 0.528633833
vt 0.462971658 0.536677599
vt 0.435122699 0.54246974
vt 0.479059577 0.476638585
vt 0.506593049 0.470999211
vt 0.492991656 0.484682292
vt 0.483937889 0.457919329
vt 0.51967299 0.49365443
vt 0.462972045 0.476638407
vt 0.501035154 0.498614132
vt 0.457777828 0.457919329
vt 0.51967299 0.519814551
vt 0.449039906 0.484682083
vt 0.501035094 0.514702022
vt 0.435122699 0.47099939
vt 0.506593049 0.54246974
vt 0.440996051 0.498614162
vt 0.492991328 0.528634191
vt 0.422042727 0.493654609
vt 0.483937889 0.555549681
vt 0.440995961 0.514701605
vt 0.47905913 0.536677659
vt 0.422042727 0.519814551
vt 0.457777888 0.555549681
vt 0.449039578 0.528633833
vt 0.462971658 0.536677599
vt 0.435122699 0.54246974
vt 0.505418837 0.350633651
vt 0.509812474 0.417395204
vt 0.505415678 0.412988991
vt 0.509823322 0.346237063
vt 0.433770269 0.417381465
vt 0.438177168 0.350627512
vt 0.433780223 0.346221775
vt 0.438175857 0.41298613
vt 0.574626207 0.31543237
vt 0.56836617 0.232470959
vt 0.574608564 0.226213872
vt 0.568369389 0.309190422
vt 0.366674006 0.315449655
vt 0.372911751 0.232473642
vt 0.366656393 0.226230964
vt 0.372917473 0.309193134
vt 0.49131 0.287173301
vt 0.48604393 0.250269711
vt 0.490398079 0.245820522
vt 0.48683089 0.282853901
vt 0.449908406 0.288102269
vt 0.453475654 0.25106895
vt 0.448996484 0.24674964
vt 0.454262555 0.28365308
vt 0.485661209 0.282471478
vt 0.490807116 0.246318638
vt 0.490795434 0.287615269
vt 0.485663235 0.251452684
vt 0.449510306 0.246307045
vt 0.454642415 0.282469511
vt 0.449498743 0.287603706
vt 0.454644442 0.251450717
vt 0.452050269 0.299376726
vt 0.449635386 0.375699878
vt 0.449780405 0.297098339
vt 0.451913536 0.373430192
vt 0.500097811 0.375793755
vt 0.497964382 0.29946214
vt 0.500242531 0.297192365
vt 0.497827977 0.373515487
vt 0.438177168 0.350627512
vt 0.509823322 0.346237063
vt 0.433780223 0.346221775
vt 0.438175857 0.41298613
vt 0.433770269 0.417381465
vt 0.505415678 0.412988991
vt 0.509812474 0.417395204
vt 0.505418837 0.350633651
vt 0.56836617 0.232470959
vt 0.574626207 0.31543237
vt 0.574608564 0.226213872
vt 0.568369389 0.309190422
vt 0.366674006 0.315449655
vt 0.372911751 0.232473642
vt 0.366656393 0.226230964
vt 0.372917473 0.309193134
vt 0.48604393 0.250269711
vt 0.49131 0.287173301
vt 0.490398079 0.245820522
vt 0.48683089 0.282853901
vt 0.449908406 0.288102269
vt 0.453475654 0.25106895
vt 0.448996484 0.24674964
vt 0.454262555 0.28365308
vt 0.490807116 0.246318638
vt 0.485661209 0.282471478
vt 0.490795434 0.287615269
vt 0.485663235 0.251452684
vt 0.449510306 0.246307045
vt 0.454642415 0.282469511
vt 0.449498743 0.287603706
vt 0.454644442 0.251450717
vt 0.449635386 0.375699878
vt 0.452050269 0.299376726
vt 0.449780405 0.297098339
vt 0.451913536 0.373430192
vt 0.500097811 0.375793755
vt 0.497964382 0.29946214
vt 0.500242531 0.297192365
vt 0.497827977 0.373515487
g submesh0
f 1/1 2/2 3/3
f 2/2 1/1 4/4
f 5/5 4/4 1/1
f 4/4 5/5 6/6
f 7/7 6/6 5/5
f 6/6 7/7 8/8
f 9/9 10/10 11/11
f 10/10 9/9 12/12
f 13/13 10/10 12/12
f 10/10 13/13 14/14
f 15/15 16/16 17/17
f 16/16 15/15 18/18
f 15/15 19/19 18/18
f 19/19 15/15 20/20
f 21/21 22/22 23/23
f 22/22 21/21 24/24
f 25/25 22/22 24/24
f 22/22 25/25 26/26
f 27/27 28/28 29/29
f 28/28 27/27 30/30
f 28/28 30/30 31/31
f 31/31 30/30 32/32
f 32/32 30/30 33/33
f 33/33 30/30 34/34
f 35/35 36/36 37/37
f 36/36 35/35 38/38
f 39/39 38/38 35/35
f 38/38 39/39 40/40
f 41/41 42/42 43/43
f 42/42 41/41 44/44
f 45/45 42/42 44/44
f 46/46 42/42 45/45
f 47/47 42/42 46/46
f 48/48 42/42 47/47
f 49/49 50/50 51/51
f 50/50 49/49 52/52
f 52/52 53/53 50/50
f 53/53 52/52 54/54
f 54/54 55/55 53/53
f 55/55 54/54 56/56
f 56/56 57/57 55/55
f 57/57 56/56 58/58
f 58/58 59/59 57/57
f 59/59 58/58 60/60
f 61/61 62/62 63/63
f 62/62 61/61 64/64
f 65/65 64/64 61/61
f 64/64 65/65 66/66
f 67/67 66/66 65/65
f 66/66 67/67 68/68
f 69/69 70/70 71/71
f 70/70 69/69 72/72
f 72/72 73/73 70/70
f 73/73 72/72 74/74
f 75/75 76/76 77/77
f 76/76 75/75 78/78
f 78/78 79/79 76/76
f 79/79 78/78 80/80
f 81/81 82/82 83/83
f 82/82 81/81 84/84
f 85/85 84/84 81/81
f 84/84 85/85 86/86
f 87/87 86/86 85/85
f 86/86 87/87 88/88
f 89/89 90/90 91/91
f 90/90 89/89 92/92
f 93/93 92/92 89/89
f 92/92 93/93 94/94
f 95/95 94/94 93/93
f 94/94 95/95 96/96
f 97/97 98/98 99/99
f 98/98 97/97 100/100
f 100/100 101/101 98/98
f 101/101 100/100 102/102
f 102/102 103/103 101/101
f 103/103 102/102 104/104
f 105/105 106/106 107/107
f 106/106 105/105 108/108
f 109/109 106/106 108/108
f 106/106 109/109 110/110
f 109/109 111/111 110/110
f 111/111 109/109 112/112
f 113/113 114/114 115/115
f 114/114 113/113 116/116
f 113/113 117/117 116/116
f 117/117 113/113 118/118
f 119/119 117/117 118/118
f 117/117 119/119 120/120
f 121/121 122/122 123/123
f 122/122 121/121 124/124
f 124/124 125/125 122/122
f 125/125 124/124 126/126
f 126/126 127/127 125/125
f 127/127 126/126 128/128
f 129/129 130/130 131/131
f 130/130 129/129 132/132
f 129/129 133/133 132/132
f 133/133 129/129 134/134
f 135/135 133/133 134/134
f 133/133 135/135 136/136
f 137/137 138/138 139/139
f 138/138 137/137 140/140
f 137/137 141/141 140/140
f 141/141 137/137 142/142
f 142/142 143/143 141/141
f 143/143 142/142 144/144
f 145/145 146/146 147/147
f 146/146 145/145 148/148
f 148/148 149/149 146/146
f 149/149 148/148 150/150
f 150/150 151/151 149/149
f 151/151 150/150 152/152
f 153/153 154/154 155/155
f 154/154 153/153 156/156
f 157/157 154/154 156/156
f 154/154 157/157 158/158
f 157/157 159/159 158/158
f 159/159 157/157 160/160
f 161/161 162/162 163/163
f 162/162 161/161 164/164
f 161/161 165/165 164/164
f 165/165 161/161 166/166
f 167/167 165/165 166/166
f 165/165 167/167 168/168
f 169/169 170/170 171/171
f 170/170 169/169 172/172
f 173/173 172/172 169/169
f 172/172 173/173 174/174
f 175/175 174/174 173/173
f 174/174 175/175 176/176
f 177/177 178/178 179/179
f 178/178 177/177 180/180
f 181/181 180/180 177/177
f 180/180 181/181 182/182
f 183/183 182/182 181/181
f 182/182 183/183 184/184
f 185/185 186/186 187/187
f 186/186 185/185 188/188
f 189/189 188/188 185/185
f 188/188 189/189 190/190
f 191/191 190/190 189/189
f 190/190 191/191 192/192
f 193/193 194/194 195/195
f 194/194 193/193 196/196
f 197/197 196/196 193/193
f 196/196 197/197 198/198
f 199/199 198/198 197/197
f 198/198 199/199 200/200
f 201/201 202/202 203/203
f 202/202 201/201 204/204
f 205/205 204/204 201/201
f 204/204 205/205 206/206
f 207/207 206/206 205/205
f 206/206 207/207 208/208
f 209/209 210/210 211/211
f 210/210 209/209 212/212
f 213/213 212/212 209/209
f 212/212 213/213 214/214
f 215/215 214/214 213/213
f 214/214 215/215 216/216
f 217/217 218/218 219/219
f 218/218 217/217 220/220
f 221/221 222/222 223/223
f 222/222 221/221 224/224
f 224/224 225/225 222/222
f 225/225 226/226 222/222
f 226/226 225/225 227/227
f 225/225 224/224 228/228
f 228/228 229/229 225/225
f 229/229 228/228 230/230
f 224/224 231/231 228/228
f 231/231 224/224 232/232
f 233/233 234/234 235/235
f 233/233 236/236 234/234
f 233/233 237/237 236/236
f 238/238 237/237 233/233
f 238/238 239/239 237/237
f 237/237 239/239 240/240
f 237/237 240/240 241/241
f 237/237 241/241 242/242
f 243/243 244/244 245/245
f 244/244 243/243 246/246
f 247/247 248/248 249/249
f 248/248 247/247 250/250
f 251/251 250/250 247/247
f 250/250 251/251 252/252
f 253/253 252/252 251/251
f 252/252 253/253 254/254
f 255/255 254/254 253/253
f 254/254 255/255 256/256
f 257/257 256/256 255/255
f 256/256 257/257 258/258
f 259/259 258/258 257/257
f 258/258 259/259 260/260
f 261/261 260/260 259/259
f 260/260 261/261 262/262
f 263/263 262/262 261/261
f 262/262 263/263 264/264
f 265/265 264/264 263/263
f 264/264 265/265 266/266
f 267/267 268/268 269/269
f 267/267 270/270 268/268
f 267/267 271/271 270/270
f 267/267 272/272 271/271
f 271/271 272/272 273/273
f 271/271 273/273 274/274
f 271/271 274/274 275/275
f 271/271 275/275 276/276
f 277/277 278/278 279/279
f 277/277 280/280 278/278
f 277/277 281/281 280/280
f 282/282 281/281 277/277
f 282/282 283/283 281/281
f 281/281 283/283 284/284
f 281/281 284/284 285/285
f 281/281 285/285 286/286
f 287/287 288/288 289/289
f 288/288 287/287 290/290
f 291/291 292/292 293/293
f 292/292 291/291 294/294
f 295/295 294/294 291/291
f 294/294 295/295 296/296
f 297/297 296/296 295/295
f 296/296 297/297 298/298
f 299/299 298/298 297/297
f 298/298 299/299 300/300
f 301/301 300/300 299/299
f 300/300 301/301 302/302
f 303/303 302/302 301/301
f 302/302 303/303 304/304
f 305/305 304/304 303/303
f 304/304 305/305 306/306
f 307/307 306/306 305/305
f 306/306 307/307 308/308
f 309/309 308/308 307/307
f 308/308 309/309 310/310
f 311/311 312/312 313/313
f 311/311 314/314 312/312
f 311/311 315/315 314/314
f 311/311 316/316 315/315
f 315/315 316/316 317/317
f 315/315 317/317 318/318
f 315/315 318/318 319/319
f 315/315 319/319 320/320
f 321/321 322/322 323/323
f 324/324 322/322 321/321
f 325/325 322/322 324/324
f 326/326 322/322 325/325
f 326/326 327/327 322/322
f 322/322 327/327 328/328
f 328/328 327/327 329/329
f 329/329 327/327 330/330
f 331/331 332/332 333/333
f 332/332 331/331 334/334
f 335/335 336/336 337/337
f 336/336 335/335 338/338
f 338/338 339/339 336/336
f 339/339 338/338 340/340
f 340/340 341/341 339/339
f 341/341 340/340 342/342
f 342/342 343/343 341/341
f 343/343 342/342 344/344
f 344/344 345/345 343/343
f 345/345 344/344 346/346
f 346/346 347/347 345/345
f 347/347 346/346 348/348
f 348/348 349/349 347/347
f 349/349 348/348 350/350
f 350/350 351/351 349/349
f 351/351 350/350 352/352
f 352/352 353/353 351/351
f 353/353 352/352 354/354
f 355/355 356/356 357/357
f 358/358 356/356 355/355
f 359/359 356/356 358/358
f 360/360 356/356 359/359
f 361/361 356/356 360/360
f 361/361 362/362 356/356
f 361/361 363/363 362/362
f 361/361 364/364 363/363
f 365/365 366/366 367/367
f 368/368 366/366 365/365
f 369/369 366/366 368/368
f 370/370 366/366 369/369
f 370/370 371/371 366/366
f 366/366 371/371 372/372
f 372/372 371/371 373/373
f 373/373 371/371 374/374
f 375/375 376/376 377/377
f 376/376 375/375 378/378
f 379/379 380/380 381/381
f 380/380 379/379 382/382
f 382/382 383/383 380/380
f 383/383 382/382 384/384
f 384/384 385/385 383/383
f 385/385 384/384 386/386
f 386/386 387/387 385/385
f 387/387 386/386 388/388
f 388/388 389/389 387/387
f 389/389 388/388 390/390
f 390/390 391/391 389/389
f 391/391 390/390 392/392
f 392/392 393/393 391/391
f 393/393 392/392 394/394
f 394/394 395/395 393/393
f 395/395 394/394 396/396
f 396/396 397/397 395/395
f 397/397 396/396 398/398
f 399/399 400/400 401/401
f 402/402 400/400 399/399
f 403/403 400/400 402/402
f 404/404 400/400 403/403
f 405/405 400/400 404/404
f 405/405 406/406 400/400
f 405/405 407/407 406/406
f 405/405 408/408 407/407
f 409/409 410/410 411/411
f 410/410 409/409 412/412
f 413/413 414/414 415/415
f 416/416 414/414 413/413
f 417/417 416/416 413/413
f 416/416 418/418 414/414
f 414/414 418/418 419/419
f 416/416 417/417 420/420
f 421/421 420/420 417/417
f 420/420 421/421 422/422
f 421/421 423/423 422/422
f 423/423 421/421 424/424
f 425/425 422/422 423/423
f 426/426 424/424 421/421
f 422/422 425/425 427/427
f 428/428 427/427 425/425
f 424/424 426/426 428/428
f 427/427 428/428 426/426
f 426/426 429/429 427/427
f 429/429 426/426 430/430
f 431/431 432/432 433/433
f 434/434 432/432 431/431
f 435/435 434/434 431/431
f 434/434 436/436 432/432
f 432/432 436/436 437/437
f 434/434 435/435 438/438
f 435/435 439/439 438/438
f 439/439 435/435 440/440
f 440/440 441/441 439/439
f 441/441 440/440 442/442
f 443/443 439/439 441/441
f 444/444 442/442 440/440
f 439/439 443/443 445/445
f 446/446 445/445 443/443
f 442/442 444/444 446/446
f 445/445 446/446 444/444
f 444/444 447/447 445/445
f 447/447 444/444 448/448
f 449/449 450/450 451/451
f 450/450 449/449 452/452
f 453/453 452/452 449/449
f 452/452 453/453 454/454
f 455/455 454/454 453/453
f 454/454 455/455 456/456
f 457/457 456/456 455/455
f 456/456 457/457 458/458
f 455/455 459/459 457/457
f 460/460 458/458 457/457
f 459/459 455/455 461/461
f 461/461 462/462 459/459
f 462/462 461/461 463/463
f 458/458 460/460 464/464
f 465/465 464/464 460/460
f 464/464 465/465 466/466
f 467/467 466/466 465/465
f 466/466 467/467 468/468
f 469/469 468/468 467/467
f 468/468 469/469 470/470
f 471/471 472/472 473/473
f 472/472 471/471 474/474
f 475/475 474/474 471/471
f 474/474 475/475 476/476
f 477/477 478/478 479/479
f 478/478 477/477 480/480
f 481/481 480/480 477/477
f 480/480 481/481 482/482
f 483/483 482/482 481/481
f 482/482 483/483 484/484
f 485/485 484/484 483/483
f 484/484 485/485 486/486
f 483/483 487/487 485/485
f 488/488 486/486 485/485
f 487/487 483/483 489/489
f 489/489 490/490 487/487
f 490/490 489/489 491/491
f 486/486 488/488 492/492
f 493/493 492/492 488/488
f 492/492 493/493 494/494
f 495/495 494/494 493/493
f 494/494 495/495 496/496
f 497/497 496/496 495/495
f 496/496 497/497 498/498
f 499/499 500/500 501/501
f 500/500 499/499 502/502
f 503/503 502/502 499/499
f 502/502 503/503 504/504
f 505/505 506/506 507/507
f 508/508 506/506 505/505
f 509/509 508/508 505/505
f 510/510 506/506 508/508
f 511/511 506/506 510/510
f 508/508 509/509 512/512
f 513/513 512/512 509/509
f 512/512 513/513 514/514
f 515/515 516/516 517/517
f 518/518 516/516 515/515
f 519/519 516/516 518/518
f 518/518 515/515 520/520
f 521/521 520/520 515/515
f 520/520 521/521 522/522
f 521/521 523/523 522/522
f 523/523 521/521 524/524
f 525/525 526/526 527/527
f 526/526 525/525 528/528
f 529/529 530/530 531/531
f 530/530 529/529 532/532
f 533/533 534/534 535/535
f 534/534 533/533 536/536
f 537/537 538/538 539/539
f 538/538 537/537 540/540
f 541/541 542/542 543/543
f 542/542 541/541 544/544
f 545/545 546/546 547/547
f 546/546 545/545 548/548
f 548/548 549/549 546/546
f 549/549 548/548 550/550
f 551/551 549/549 550/550
f 549/549 551/551 552/552
f 551/551 553/553 552/552
f 553/553 551/551 554/554
f 555/555 553/553 554/554
f 553/553 555/555 556/556
f 557/557 556/556 555/555
f 556/556 557/557 558/558
f 557/557 559/559 558/558
f 559/559 557/557 560/560
f 561/561 559/559 560/560
f 559/559 561/561 562/562
f 561/561 563/563 562/562
f 563/563 561/561 564/564
f 564/564 565/565 563/563
f 565/565 564/564 566/566
f 567/567 568/568 569/569
f 568/568 567/567 570/570
f 567/567 571/571 570/570
f 571/571 567/567 572/572
f 572/572 573/573 571/571
f 571/571 573/573 574/574
f 572/572 575/575 573/573
f 573/573 575/575 576/576
f 577/577 578/578 579/579
f 578/578 577/577 580/580
f 580/580 581/581 578/578
f 581/581 580/580 582/582
f 582/582 583/583 581/581
f 582/582 584/584 583/583
f 582/582 585/585 584/584
f 584/584 585/585 586/586
f 587/587 588/588 589/589
f 588/588 587/587 590/590
f 591/591 590/590 587/587
f 590/590 591/591 592/592
f 593/593 592/592 591/591
f 592/592 593/593 594/594
f 593/593 595/595 594/594
f 595/595 593/593 596/596
f 597/597 595/595 596/596
f 595/595 597/597 598/598
f 599/599 598/598 597/597
f 598/598 599/599 600/600
f 599/599 601/601 600/600
f 601/601 599/599 602/602
f 603/603 604/604 605/605
f 604/604 603/603 606/606
f 607/607 608/608 609/609
f 607/607 610/610 608/608
f 611/611 610/610 607/607
f 612/612 610/610 611/611
f 608/608 610/610 613/613
f 608/608 613/613 614/614
f 615/615 616/616 617/617
f 615/615 618/618 616/616
f 615/615 619/619 618/618
f 615/615 620/620 619/619
f 618/618 619/619 621/621
f 618/618 621/621 622/622
f 623/623 624/624 625/625
f 623/623 626/626 624/624
f 627/627 626/626 623/623
f 624/624 626/626 628/628
f 624/624 628/628 629/629
f 624/624 629/629 630/630
f 629/629 628/628 631/631
f 628/628 626/626 632/632
f 628/628 632/632 633/633
f 632/632 626/626 634/634
f 635/635 636/636 637/637
f 636/636 635/635 638/638
f 639/639 640/640 641/641
f 640/640 639/639 642/642
f 643/643 644/644 645/645
f 644/644 643/643 646/646
f 647/647 648/648 649/649
f 648/648 647/647 650/650
f 651/651 652/652 653/653
f 652/652 651/651 654/654
f 655/655 656/656 657/657
f 656/656 655/655 658/658
f 659/659 660/660 661/661
f 660/660 659/659 662/662
f 663/663 664/664 665/665
f 664/664 663/663 666/666
f 667/667 668/668 669/669
f 668/668 667/667 670/670
f 671/671 672/672 673/673
f 672/672 671/671 674/674
f 675/675 676/676 677/677
f 676/676 675/675 678/678
f 679/679 680/680 681/681
f 680/680 679/679 682/682
f 683/683 684/684 685/685
f 684/684 683/683 686/686
f 687/687 686/686 683/683
f 686/686 687/687 688/688
f 689/689 688/688 687/687
f 688/688 689/689 690/690
f 691/691 692/692 693/693
f 692/692 691/691 694/694
f 695/695 694/694 691/691
f 694/694 695/695 696/696
f 697/697 696/696 695/695
f 696/696 697/697 698/698
f 699/699 700/700 701/701
f 700/700 699/699 702/702
f 703/703 704/704 705/705
f 704/704 703/703 706/706
f 707/707 708/708 709/709
f 708/708 707/707 710/710
f 711/711 712/712 713/713
f 712/712 711/711 714/714
f 715/715 716/716 717/717
f 716/716 715/715 718/718
f 719/719 720/720 721/721
f 720/720 719/719 722/722
f 723/723 724/724 725/725
f 724/724 723/723 726/726
f 727/727 728/728 729/729
f 728/728 727/727 730/730
f 731/731 732/732 733/733
f 732/732 731/731 734/734
f 735/735 736/736 737/737
f 736/736 735/735 738/738
f 739/739 740/740 741/741
f 740/740 739/739 742/742
f 743/743 744/744 745/745
f 744/744 743/743 746/746
f 747/747 748/748 749/749
f 748/748 747/747 750/750
f 751/751 752/752 753/753
f 752/752 751/751 754/754
f 755/755 756/756 757/757
f 756/756 755/755 758/758
f 759/759 760/760 761/761
f 760/760 759/759 762/762
f 763/763 764/764 765/765
f 764/764 763/763 766/766
f 767/767 768/768 769/769
f 768/768 767/767 770/770
f 771/771 772/772 773/773
f 772/772 771/771 774/774
f 775/775 776/776 777/777
f 776/776 775/775 778/778
f 779/779 780/780 781/781
f 780/780 779/779 782/782
f 783/783 784/784 785/785
f 784/784 783/783 786/786
f 787/787 788/788 789/789
f 788/788 787/787 790/790
f 791/791 792/792 793/793
f 792/792 791/791 794/794
f 795/795 796/796 797/797
f 796/796 795/795 798/798
f 798/798 799/799 796/796
f 799/799 798/798 800/800
f 801/801 802/802 803/803
f 802/802 801/801 804/804
f 805/805 806/806 807/807
f 806/806 805/805 808/808
f 809/809 810/810 811/811
f 810/810 809/809 812/812
f 813/813 814/814 815/815
f 814/814 813/813 816/816
f 817/817 818/818 819/819
f 818/818 817/817 820/820
f 821/821 822/822 823/823
f 822/822 821/821 824/824
f 825/825 826/826 827/827
f 826/826 825/825 828/828
f 829/829 830/830 831/831
f 830/830 829/829 832/832
f 833/833 834/834 835/835
f 834/834 833/833 836/836
f 837/837 838/838 839/839
f 838/838 837/837 840/840
f 841/841 842/842 843/843
f 842/842 841/841 844/844
f 845/845 846/846 847/847
f 846/846 845/845 848/848
f 849/849 850/850 851/851
f 850/850 849/849 852/852
f 853/853 854/854 855/855
f 854/854 853/853 856/856
f 857/857 858/858 859/859
f 858/858 857/857 860/860
f 861/861 862/862 863/863
f 862/862 861/861 864/864
f 865/865 866/866 867/867
f 866/866 865/865 868/868
f 869/869 870/870 871/871
f 870/870 869/869 872/872
f 873/873 874/874 875/875
f 874/874 873/873 876/876
f 877/877 878/878 879/879
f 878/878 877/877 880/880
f 881/881 882/882 883/883
f 882/882 881/881 884/884
f 885/885 886/886 887/887
f 886/886 885/885 888/888
f 889/889 890/890 891/891
f 890/890 889/889 892/892
f 893/893 894/894 895/895
f 894/894 893/893 896/896
f 897/897 898/898 899/899
f 898/898 897/897 900/900
f 901/901 902/902 903/903
f 902/902 901/901 904/904
f 905/905 906/906 907/907
f 906/906 905/905 908/908
f 909/909 910/910 911/911
f 910/910 909/909 912/912
f 913/913 914/914 915/915
f 914/914 913/913 916/916
f 917/917 918/918 919/919
f 918/918 917/917 920/920
f 921/921 922/922 923/923
f 922/922 921/921 924/924
f 925/925 926/926 927/927
f 926/926 925/925 928/928
f 929/929 930/930 931/931
f 930/930 929/929 932/932
f 933/933 934/934 935/935
f 934/934 933/933 936/936
f 937/937 938/938 939/939
f 937/937 940/940 938/938
f 938/938 940/940 941/941
f 937/937 942/942 940/940
f 937/937 943/943 942/942
f 937/937 944/944 943/943
f 942/942 943/943 945/945
f 940/940 942/942 946/946
f 940/940 946/946 947/947
f 946/946 942/942 948/948
f 949/949 950/950 951/951
f 950/950 949/949 952/952
f 953/953 954/954 955/955
f 954/954 953/953 956/956
f 957/957 958/958 959/959
f 958/958 957/957 960/960
f 961/961 962/962 963/963
f 962/962 961/961 964/964
f 965/965 966/966 967/967
f 966/966 965/965 968/968
f 969/969 970/970 971/971
f 970/970 969/969 972/972
f 973/973 974/974 975/975
f 974/974 973/973 976/976
f 977/977 978/978 979/979
f 978/978 977/977 980/980
f 981/981 982/982 983/983
f 982/982 981/981 984/984
f 985/985 986/986 987/987
f 986/986 985/985 988/988
f 989/989 990/990 991/991
f 990/990 989/989 992/992
f 993/993 994/994 995/995
f 994/994 993/993 996/996
f 997/997 998/998 999/999
f 998/998 997/997 1000/1000
f 1000/1000 1001/1001 998/998
f 1001/1001 1000/1000 1002/1002
f 1002/1002 1003/1003 1001/1001
f 1003/1003 1002/1002 1004/1004
f 1005/1005 1006/1006 1007/1007
f 1006/1006 1005/1005 1008/1008
f 1009/1009 1008/1008 1005/1005
f 1008/1008 1009/1009 1010/1010
f 1011/1011 1012/1012 1013/1013
f 1012/1012 1011/1011 1014/1014
f 1015/1015 1014/1014 1011/1011
f 1014/1014 1015/1015 1016/1016
f 1017/1017 1018/1018 1019/1019
f 1018/1018 1017/1017 1020/1020
f 1020/1020 1021/1021 1018/1018
f 1021/1021 1020/1020 1022/1022
f 1022/1022 1023/1023 1021/1021
f 1023/1023 1022/1022 1024/1024
f 1025/1025 1026/1026 1027/1027
f 1026/1026 1025/1025 1028/1028
f 1028/1028 1029/1029 1026/1026
f 1029/1029 1028/1028 1030/1030
f 1030/1030 1031/1031 1029/1029
f 1031/1031 1030/1030 1032/1032
f 1033/1033 1034/1034 1035/1035
f 1034/1034 1033/1033 1036/1036
f 1037/1037 1036/1036 1033/1033
f 1036/1036 1037/1037 1038/1038
f 1039/1039 1038/1038 1037/1037
f 1038/1038 1039/1039 1040/1040
f 1041/1041 1042/1042 1043/1043
f 1042/1042 1041/1041 1044/1044
f 1041/1041 1045/1045 1044/1044
f 1045/1045 1041/1041 1046/1046
f 1047/1047 1045/1045 1046/1046
f 1045/1045 1047/1047 1048/1048
f 1049/1049 1050/1050 1051/1051
f 1050/1050 1049/1049 1052/1052
f 1053/1053 1050/1050 1052/1052
f 1050/1050 1053/1053 1054/1054
f 1053/1053 1055/1055 1054/1054
f 1055/1055 1053/1053 1056/1056
f 1057/1057 1058/1058 1059/1059
f 1058/1058 1057/1057 1060/1060
f 1061/1061 1060/1060 1057/1057
f 1060/1060 1061/1061 1062/1062
f 1063/1063 1062/1062 1061/1061
f 1062/1062 1063/1063 1064/1064
f 1065/1065 1066/1066 1067/1067
f 1066/1066 1065/1065 1068/1068
f 1069/1069 1066/1066 1068/1068
f 1066/1066 1069/1069 1070/1070
f 1069/1069 1071/1071 1070/1070
f 1071/1071 1069/1069 1072/1072
f 1073/1073 1074/1074 1075/1075
f 1074/1074 1073/1073 1076/1076
f 1077/1077 1074/1074 1076/1076
f 1074/1074 1077/1077 1078/1078
f 1079/1079 1078/1078 1077/1077
f 1078/1078 1079/1079 1080/1080
f 1081/1081 1082/1082 1083/1083
f 1082/1082 1081/1081 1084/1084
f 1085/1085 1084/1084 1081/1081
f 1084/1084 1085/1085 1086/1086
f 1087/1087 1086/1086 1085/1085
f 1086/1086 1087/1087 1088/1088
f 1089/1089 1090/1090 1091/1091
f 1090/1090 1089/1089 1092/1092
f 1089/1089 1093/1093 1092/1092
f 1093/1093 1089/1089 1094/1094
f 1095/1095 1093/1093 1094/1094
f 1093/1093 1095/1095 1096/1096
f 1097/1097 1098/1098 1099/1099
f 1098/1098 1097/1097 1100/1100
f 1101/1101 1098/1098 1100/1100
f 1098/1098 1101/1101 1102/1102
f 1101/1101 1103/1103 1102/1102
f 1103/1103 1101/1101 1104/1104
f 1105/1105 1106/1106 1107/1107
f 1106/1106 1105/1105 1108/1108
f 1108/1108 1109/1109 1106/1106
f 1109/1109 1108/1108 1110/1110
f 1110/1110 1111/1111 1109/1109
f 1111/1111 1110/1110 1112/1112
f 1113/1113 1114/1114 1115/1115
f 1114/1114 1113/1113 1116/1116
f 1113/1113 1117/1117 1116/1116
f 1117/1117 1113/1113 1118/1118
f 1119/1119 1120/1120 1121/1121
f 1120/1120 1119/1119 1122/1122
f 1123/1123 1120/1120 1122/1122
f 1120/1120 1123/1123 1124/1124
f 1125/1125 1126/1126 1127/1127
f 1126/1126 1125/1125 1128/1128
f 1125/1125 1129/1129 1128/1128
f 1129/1129 1125/1125 1130/1130
f 1131/1131 1132/1132 1133/1133
f 1132/1132 1131/1131 1134/1134
f 1131/1131 1135/1135 1134/1134
f 1135/1135 1136/1136 1134/1134
f 1136/1136 1137/1137 1134/1134
f 1137/1137 1138/1138 1134/1134
f 1139/1139 1140/1140 1141/1141
f 1140/1140 1139/1139 1142/1142
f 1142/1142 1143/1143 1140/1140
f 1143/1143 1142/1142 1144/1144
f 1145/1145 1146/1146 1147/1147
f 1146/1146 1145/1145 1148/1148
f 1149/1149 1148/1148 1145/1145
f 1150/1150 1149/1149 1145/1145
f 1151/1151 1150/1150 1145/1145
f 1152/1152 1151/1151 1145/1145
f 1153/1153 1154/1154 1155/1155
f 1154/1154 1153/1153 1156/1156
f 1157/1157 1156/1156 1153/1153
f 1156/1156 1157/1157 1158/1158
f 1159/1159 1158/1158 1157/1157
f 1158/1158 1159/1159 1160/1160
f 1161/1161 1160/1160 1159/1159
f 1160/1160 1161/1161 1162/1162
f 1163/1163 1162/1162 1161/1161
f 1162/1162 1163/1163 1164/1164
f 1165/1165 1166/1166 1167/1167
f 1166/1166 1165/1165 1168/1168
f 1168/1168 1169/1169 1166/1166
f 1169/1169 1168/1168 1170/1170
f 1170/1170 1171/1171 1169/1169
f 1171/1171 1170/1170 1172/1172
f 1173/1173 1174/1174 1175/1175
f 1174/1174 1173/1173 1176/1176
f 1177/1177 1176/1176 1173/1173
f 1176/1176 1177/1177 1178/1178
f 1179/1179 1180/1180 1181/1181
f 1180/1180 1179/1179 1182/1182
f 1183/1183 1182/1182 1179/1179
f 1182/1182 1183/1183 1184/1184
f 1185/1185 1186/1186 1187/1187
f 1186/1186 1185/1185 1188/1188
f 1188/1188 1189/1189 1186/1186
f 1189/1189 1188/1188 1190/1190
f 1190/1190 1191/1191 1189/1189
f 1191/1191 1190/1190 1192/1192
f 1193/1193 1194/1194 1195/1195
f 1194/1194 1193/1193 1196/1196
f 1196/1196 1197/1197 1194/1194
f 1197/1197 1196/1196 1198/1198
f 1198/1198 1199/1199 1197/1197
f 1199/1199 1198/1198 1200/1200
f 1201/1201 1202/1202 1203/1203
f 1202/1202 1201/1201 1204/1204
f 1205/1205 1204/1204 1201/1201
f 1204/1204 1205/1205 1206/1206
f 1207/1207 1206/1206 1205/1205
f 1206/1206 1207/1207 1208/1208
f 1209/1209 1210/1210 1211/1211
f 1210/1210 1209/1209 1212/1212
f 1209/1209 1213/1213 1212/1212
f 1213/1213 1209/1209 1214/1214
f 1215/1215 1213/1213 1214/1214
f 1213/1213 1215/1215 1216/1216
f 1217/1217 1218/1218 1219/1219
f 1218/1218 1217/1217 1220/1220
f 1221/1221 1218/1218 1220/1220
f 1218/1218 1221/1221 1222/1222
f 1221/1221 1223/1223 1222/1222
f 1223/1223 1221/1221 1224/1224
f 1225/1225 1226/1226 1227/1227
f 1226/1226 1225/1225 1228/1228
f 1229/1229 1228/1228 1225/1225
f 1228/1228 1229/1229 1230/1230
f 1231/1231 1230/1230 1229/1229
f 1230/1230 1231/1231 1232/1232
f 1233/1233 1234/1234 1235/1235
f 1234/1234 1233/1233 1236/1236
f 1237/1237 1234/1234 1236/1236
f 1234/1234 1237/1237 1238/1238
f 1237/1237 1239/1239 1238/1238
f 1239/1239 1237/1237 1240/1240
f 1241/1241 1242/1242 1243/1243
f 1242/1242 1241/1241 1244/1244
f 1245/1245 1242/1242 1244/1244
f 1242/1242 1245/1245 1246/1246
f 1247/1247 1246/1246 1245/1245
f 1246/1246 1247/1247 1248/1248
f 1249/1249 1250/1250 1251/1251
f 1250/1250 1249/1249 1252/1252
f 1253/1253 1252/1252 1249/1249
f 1252/1252 1253/1253 1254/1254
f 1255/1255 1254/1254 1253/1253
f 1254/1254 1255/1255 1256/1256
f 1257/1257 1258/1258 1259/1259
f 1258/1258 1257/1257 1260/1260
f 1257/1257 1261/1261 1260/1260
f 1261/1261 1257/1257 1262/1262
f 1263/1263 1261/1261 1262/1262
f 1261/1261 1263/1263 1264/1264
f 1265/1265 1266/1266 1267/1267
f 1266/1266 1265/1265 1268/1268
f 1269/1269 1266/1266 1268/1268
f 1266/1266 1269/1269 1270/1270
f 1269/1269 1271/1271 1270/1270
f 1271/1271 1269/1269 1272/1272
f 1273/1273 1274/1274 1275/1275
f 1274/1274 1273/1273 1276/1276
f 1276/1276 1277/1277 1274/1274
f 1277/1277 1276/1276 1278/1278
f 1278/1278 1279/1279 1277/1277
f 1279/1279 1278/1278 1280/1280
f 1281/1281 1282/1282 1283/1283
f 1282/1282 1281/1281 1284/1284
f 1284/1284 1285/1285 1282/1282
f 1285/1285 1284/1284 1286/1286
f 1286/1286 1287/1287 1285/1285
f 1287/1287 1286/1286 1288/1288
f 1289/1289 1290/1290 1291/1291
f 1290/1290 1289/1289 1292/1292
f 1292/1292 1293/1293 1290/1290
f 1293/1293 1292/1292 1294/1294
f 1294/1294 1295/1295 1293/1293
f 1295/1295 1294/1294 1296/1296
f 1297/1297 1298/1298 1299/1299
f 1298/1298 1297/1297 1300/1300
f 1300/1300 1301/1301 1298/1298
f 1301/1301 1300/1300 1302/1302
f 1302/1302 1303/1303 1301/1301
f 1303/1303 1302/1302 1304/1304
f 1305/1305 1306/1306 1307/1307
f 1306/1306 1305/1305 1308/1308
f 1308/1308 1309/1309 1306/1306
f 1309/1309 1308/1308 1310/1310
f 1310/1310 1311/1311 1309/1309
f 1311/1311 1310/1310 1312/1312
f 1313/1313 1314/1314 1315/1315
f 1314/1314 1313/1313 1316/1316
f 1316/1316 1317/1317 1314/1314
f 1317/1317 1316/1316 1318/1318
f 1318/1318 1319/1319 1317/1317
f 1319/1319 1318/1318 1320/1320
f 1321/1321 1322/1322 1323/1323
f 1322/1322 1321/1321 1324/1324
f 1325/1325 1326/1326 1327/1327
f 1326/1326 1325/1325 1328/1328
f 1329/1329 1328/1328 1325/1325
f 1330/1330 1329/1329 1325/1325
f 1329/1329 1330/1330 1331/1331
f 1328/1328 1329/1329 1332/1332
f 1333/1333 1332/1332 1329/1329
f 1332/1332 1333/1333 1334/1334
f 1335/1335 1328/1328 1332/1332
f 1328/1328 1335/1335 1336/1336
f 1337/1337 1338/1338 1339/1339
f 1340/1340 1338/1338 1337/1337
f 1341/1341 1338/1338 1340/1340
f 1342/1342 1338/1338 1341/1341
f 1342/1342 1343/1343 1338/1338
f 1338/1338 1343/1343 1344/1344
f 1344/1344 1343/1343 1345/1345
f 1345/1345 1343/1343 1346/1346
f 1347/1347 1348/1348 1349/1349
f 1348/1348 1347/1347 1350/1350
f 1351/1351 1352/1352 1353/1353
f 1352/1352 1351/1351 1354/1354
f 1354/1354 1355/1355 1352/1352
f 1355/1355 1354/1354 1356/1356
f 1356/1356 1357/1357 1355/1355
f 1357/1357 1356/1356 1358/1358
f 1358/1358 1359/1359 1357/1357
f 1359/1359 1358/1358 1360/1360
f 1360/1360 1361/1361 1359/1359
f 1361/1361 1360/1360 1362/1362
f 1362/1362 1363/1363 1361/1361
f 1363/1363 1362/1362 1364/1364
f 1364/1364 1365/1365 1363/1363
f 1365/1365 1364/1364 1366/1366
f 1366/1366 1367/1367 1365/1365
f 1367/1367 1366/1366 1368/1368
f 1368/1368 1369/1369 1367/1367
f 1369/1369 1368/1368 1370/1370
f 1371/1371 1372/1372 1373/1373
f 1374/1374 1372/1372 1371/1371
f 1375/1375 1372/1372 1374/1374
f 1376/1376 1372/1372 1375/1375
f 1377/1377 1372/1372 1376/1376
f 1377/1377 1378/1378 1372/1372
f 1377/1377 1379/1379 1378/1378
f 1377/1377 1380/1380 1379/1379
f 1381/1381 1382/1382 1383/1383
f 1384/1384 1382/1382 1381/1381
f 1385/1385 1382/1382 1384/1384
f 1386/1386 1382/1382 1385/1385
f 1386/1386 1387/1387 1382/1382
f 1382/1382 1387/1387 1388/1388
f 1388/1388 1387/1387 1389/1389
f 1389/1389 1387/1387 1390/1390
f 1391/1391 1392/1392 1393/1393
f 1392/1392 1391/1391 1394/1394
f 1395/1395 1396/1396 1397/1397
f 1396/1396 1395/1395 1398/1398
f 1398/1398 1399/1399 1396/1396
f 1399/1399 1398/1398 1400/1400
f 1400/1400 1401/1401 1399/1399
f 1401/1401 1400/1400 1402/1402
f 1402/1402 1403/1403 1401/1401
f 1403/1403 1402/1402 1404/1404
f 1404/1404 1405/1405 1403/1403
f 1405/1405 1404/1404 1406/1406
f 1406/1406 1407/1407 1405/1405
f 1407/1407 1406/1406 1408/1408
f 1408/1408 1409/1409 1407/1407
f 1409/1409 1408/1408 1410/1410
f 1410/1410 1411/1411 1409/1409
f 1411/1411 1410/1410 1412/1412
f 1412/1412 1413/1413 1411/1411
f 1413/1413 1412/1412 1414/1414
f 1415/1415 1416/1416 1417/1417
f 1418/1418 1416/1416 1415/1415
f 1419/1419 1416/1416 1418/1418
f 1420/1420 1416/1416 1419/1419
f 1421/1421 1416/1416 1420/1420
f 1421/1421 1422/1422 1416/1416
f 1421/1421 1423/1423 1422/1422
f 1421/1421 1424/1424 1423/1423
f 1425/1425 1426/1426 1427/1427
f 1425/1425 1428/1428 1426/1426
f 1425/1425 1429/1429 1428/1428
f 1430/1430 1429/1429 1425/1425
f 1430/1430 1431/1431 1429/1429
f 1429/1429 1431/1431 1432/1432
f 1429/1429 1432/1432 1433/1433
f 1429/1429 1433/1433 1434/1434
f 1435/1435 1436/1436 1437/1437
f 1436/1436 1435/1435 1438/1438
f 1439/1439 1440/1440 1441/1441
f 1440/1440 1439/1439 1442/1442
f 1443/1443 1442/1442 1439/1439
f 1442/1442 1443/1443 1444/1444
f 1445/1445 1444/1444 1443/1443
f 1444/1444 1445/1445 1446/1446
f 1447/1447 1446/1446 1445/1445
f 1446/1446 1447/1447 1448/1448
f 1449/1449 1448/1448 1447/1447
f 1448/1448 1449/1449 1450/1450
f 1451/1451 1450/1450 1449/1449
f 1450/1450 1451/1451 1452/1452
f 1453/1453 1452/1452 1451/1451
f 1452/1452 1453/1453 1454/1454
f 1455/1455 1454/1454 1453/1453
f 1454/1454 1455/1455 1456/1456
f 1457/1457 1456/1456 1455/1455
f 1456/1456 1457/1457 1458/1458
f 1459/1459 1460/1460 1461/1461
f 1459/1459 1462/1462 1460/1460
f 1459/1459 1463/1463 1462/1462
f 1459/1459 1464/1464 1463/1463
f 1463/1463 1464/1464 1465/1465
f 1463/1463 1465/1465 1466/1466
f 1463/1463 1466/1466 1467/1467
f 1463/1463 1467/1467 1468/1468
f 1469/1469 1470/1470 1471/1471
f 1469/1469 1472/1472 1470/1470
f 1469/1469 1473/1473 1472/1472
f 1474/1474 1473/1473 1469/1469
f 1474/1474 1475/1475 1473/1473
f 1473/1473 1475/1475 1476/1476
f 1473/1473 1476/1476 1477/1477
f 1473/1473 1477/1477 1478/1478
f 1479/1479 1480/1480 1481/1481
f 1480/1480 1479/1479 1482/1482
f 1483/1483 1484/1484 1485/1485
f 1484/1484 1483/1483 1486/1486
f 1487/1487 1486/1486 1483/1483
f 1486/1486 1487/1487 1488/1488
f 1489/1489 1488/1488 1487/1487
f 1488/1488 1489/1489 1490/1490
f 1491/1491 1490/1490 1489/1489
f 1490/1490 1491/1491 1492/1492
f 1493/1493 1492/1492 1491/1491
f 1492/1492 1493/1493 1494/1494
f 1495/1495 1494/1494 1493/1493
f 1494/1494 1495/1495 1496/1496
f 1497/1497 1496/1496 1495/1495
f 1496/1496 1497/1497 1498/1498
f 1499/1499 1498/1498 1497/1497
f 1498/1498 1499/1499 1500/1500
f 1501/1501 1500/1500 1499/1499
f 1500/1500 1501/1501 1502/1502
f 1503/1503 1504/1504 1505/1505
f 1503/1503 1506/1506 1504/1504
f 1503/1503 1507/1507 1506/1506
f 1503/1503 1508/1508 1507/1507
f 1507/1507 1508/1508 1509/1509
f 1507/1507 1509/1509 1510/1510
f 1507/1507 1510/1510 1511/1511
f 1507/1507 1511/1511 1512/1512
f 1513/1513 1514/1514 1515/1515
f 1514/1514 1513/1513 1516/1516
f 1517/1517 1518/1518 1519/1519
f 1520/1520 1518/1518 1517/1517
f 1520/1520 1521/1521 1518/1518
f 1518/1518 1521/1521 1522/1522
f 1520/1520 1523/1523 1521/1521
f 1523/1523 1520/1520 1524/1524
f 1524/1524 1525/1525 1523/1523
f 1525/1525 1524/1524 1526/1526
f 1527/1527 1525/1525 1526/1526
f 1525/1525 1527/1527 1528/1528
f 1526/1526 1529/1529 1527/1527
f 1528/1528 1530/1530 1525/1525
f 1529/1529 1526/1526 1531/1531
f 1531/1531 1532/1532 1529/1529
f 1530/1530 1528/1528 1532/1532
f 1532/1532 1531/1531 1530/1530
f 1533/1533 1530/1530 1531/1531
f 1530/1530 1533/1533 1534/1534
f 1535/1535 1536/1536 1537/1537
f 1538/1538 1536/1536 1535/1535
f 1538/1538 1539/1539 1536/1536
f 1536/1536 1539/1539 1540/1540
f 1538/1538 1541/1541 1539/1539
f 1541/1541 1538/1538 1542/1542
f 1543/1543 1541/1541 1542/1542
f 1541/1541 1543/1543 1544/1544
f 1545/1545 1544/1544 1543/1543
f 1544/1544 1545/1545 1546/1546
f 1543/1543 1547/1547 1545/1545
f 1546/1546 1548/1548 1544/1544
f 1547/1547 1543/1543 1549/1549
f 1549/1549 1550/1550 1547/1547
f 1548/1548 1546/1546 1550/1550
f 1550/1550 1549/1549 1548/1548
f 1551/1551 1548/1548 1549/1549
f 1548/1548 1551/1551 1552/1552
f 1553/1553 1554/1554 1555/1555
f 1554/1554 1553/1553 1556/1556
f 1556/1556 1557/1557 1554/1554
f 1557/1557 1556/1556 1558/1558
f 1558/1558 1559/1559 1557/1557
f 1559/1559 1558/1558 1560/1560
f 1560/1560 1561/1561 1559/1559
f 1561/1561 1560/1560 1562/1562
f 1563/1563 1559/1559 1561/1561
f 1562/1562 1564/1564 1561/1561
f 1559/1559 1563/1563 1565/1565
f 1566/1566 1565/1565 1563/1563
f 1565/1565 1566/1566 1567/1567
f 1564/1564 1562/1562 1568/1568
f 1568/1568 1569/1569 1564/1564
f 1569/1569 1568/1568 1570/1570
f 1570/1570 1571/1571 1569/1569
f 1571/1571 1570/1570 1572/1572
f 1572/1572 1573/1573 1571/1571
f 1573/1573 1572/1572 1574/1574
f 1575/1575 1576/1576 1577/1577
f 1576/1576 1575/1575 1578/1578
f 1578/1578 1579/1579 1576/1576
f 1579/1579 1578/1578 1580/1580
f 1581/1581 1582/1582 1583/1583
f 1582/1582 1581/1581 1584/1584
f 1584/1584 1585/1585 1582/1582
f 1585/1585 1584/1584 1586/1586
f 1586/1586 1587/1587 1585/1585
f 1587/1587 1586/1586 1588/1588
f 1588/1588 1589/1589 1587/1587
f 1589/1589 1588/1588 1590/1590
f 1591/1591 1587/1587 1589/1589
f 1590/1590 1592/1592 1589/1589
f 1587/1587 1591/1591 1593/1593
f 1594/1594 1593/1593 1591/1591
f 1593/1593 1594/1594 1595/1595
f 1592/1592 1590/1590 1596/1596
f 1596/1596 1597/1597 1592/1592
f 1597/1597 1596/1596 1598/1598
f 1598/1598 1599/1599 1597/1597
f 1599/1599 1598/1598 1600/1600
f 1600/1600 1601/1601 1599/1599
f 1601/1601 1600/1600 1602/1602
f 1603/1603 1604/1604 1605/1605
f 1604/1604 1603/1603 1606/1606
f 1606/1606 1607/1607 1604/1604
f 1607/1607 1606/1606 1608/1608
f 1609/1609 1610/1610 1611/1611
f 1609/1609 1612/1612 1610/1610
f 1612/1612 1613/1613 1610/1610
f 1609/1609 1614/1614 1612/1612
f 1615/1615 1614/1614 1609/1609
f 1613/1613 1612/1612 1616/1616
f 1616/1616 1617/1617 1613/1613
f 1617/1617 1616/1616 1618/1618
f 1619/1619 1620/1620 1621/1621
f 1619/1619 1622/1622 1620/1620
f 1623/1623 1622/1622 1619/1619
f 1620/1620 1622/1622 1624/1624
f 1624/1624 1625/1625 1620/1620
f 1625/1625 1624/1624 1626/1626
f 1627/1627 1625/1625 1626/1626
f 1625/1625 1627/1627 1628/1628
f 1629/1629 1630/1630 1631/1631
f 1630/1630 1629/1629 1632/1632
f 1633/1633 1634/1634 1635/1635
f 1634/1634 1633/1633 1636/1636
f 1637/1637 1638/1638 1639/1639
f 1638/1638 1637/1637 1640/1640
f 1641/1641 1642/1642 1643/1643
f 1642/1642 1641/1641 1644/1644
f 1645/1645 1646/1646 1647/1647
f 1646/1646 1645/1645 1648/1648
f 1649/1649 1650/1650 1651/1651
f 1650/1650 1649/1649 1652/1652
f 1653/1653 1652/1652 1649/1649
f 1652/1652 1653/1653 1654/1654
f 1653/1653 1655/1655 1654/1654
f 1655/1655 1653/1653 1656/1656
f 1657/1657 1655/1655 1656/1656
f 1655/1655 1657/1657 1658/1658
f 1657/1657 1659/1659 1658/1658
f 1659/1659 1657/1657 1660/1660
f 1660/1660 1661/1661 1659/1659
f 1661/1661 1660/1660 1662/1662
f 1663/1663 1661/1661 1662/1662
f 1661/1661 1663/1663 1664/1664
f 1663/1663 1665/1665 1664/1664
f 1665/1665 1663/1663 1666/1666
f 1667/1667 1665/1665 1666/1666
f 1665/1665 1667/1667 1668/1668
f 1669/1669 1668/1668 1667/1667
f 1668/1668 1669/1669 1670/1670
f 1671/1671 1672/1672 1673/1673
f 1672/1672 1671/1671 1674/1674
f 1675/1675 1672/1672 1674/1674
f 1672/1672 1675/1675 1676/1676
f 1676/1676 1675/1675 1677/1677
f 1677/1677 1675/1675 1678/1678
f 1676/1676 1677/1677 1679/1679
f 1679/1679 1677/1677 1680/1680
f 1681/1681 1682/1682 1683/1683
f 1682/1682 1681/1681 1684/1684
f 1685/1685 1684/1684 1681/1681
f 1684/1684 1685/1685 1686/1686
f 1686/1686 1685/1685 1687/1687
f 1686/1686 1687/1687 1688/1688
f 1686/1686 1688/1688 1689/1689
f 1689/1689 1688/1688 1690/1690
f 1691/1691 1692/1692 1693/1693
f 1692/1692 1691/1691 1694/1694
f 1694/1694 1695/1695 1692/1692
f 1695/1695 1694/1694 1696/1696
f 1696/1696 1697/1697 1695/1695
f 1697/1697 1696/1696 1698/1698
f 1699/1699 1697/1697 1698/1698
f 1697/1697 1699/1699 1700/1700
f 1699/1699 1701/1701 1700/1700
f 1701/1701 1699/1699 1702/1702
f 1702/1702 1703/1703 1701/1701
f 1703/1703 1702/1702 1704/1704
f 1705/1705 1703/1703 1704/1704
f 1703/1703 1705/1705 1706/1706
f 1707/1707 1708/1708 1709/1709
f 1708/1708 1707/1707 1710/1710
f 1711/1711 1712/1712 1713/1713
f 1714/1714 1712/1712 1711/1711
f 1714/1714 1715/1715 1712/1712
f 1712/1712 1715/1715 1716/1716
f 1714/1714 1717/1717 1715/1715
f 1718/1718 1717/1717 1714/1714
f 1719/1719 1720/1720 1721/1721
f 1719/1719 1722/1722 1720/1720
f 1720/1720 1722/1722 1723/1723
f 1723/1723 1722/1722 1724/1724
f 1719/1719 1725/1725 1722/1722
f 1719/1719 1726/1726 1725/1725
f 1727/1727 1728/1728 1729/1729
f 1727/1727 1730/1730 1728/1728
f 1728/1728 1730/1730 1731/1731
f 1727/1727 1732/1732 1730/1730
f 1727/1727 1733/1733 1732/1732
f 1734/1734 1733/1733 1727/1727
f 1732/1732 1733/1733 1735/1735
f 1730/1730 1732/1732 1736/1736
f 1730/1730 1736/1736 1737/1737
f 1736/1736 1732/1732 1738/1738
f 1739/1739 1740/1740 1741/1741
f 1740/1740 1739/1739 1742/1742
f 1743/1743 1744/1744 1745/1745
f 1744/1744 1743/1743 1746/1746
f 1747/1747 1748/1748 1749/1749
f 1748/1748 1747/1747 1750/1750
f 1751/1751 1752/1752 1753/1753
f 1752/1752 1751/1751 1754/1754
f 1755/1755 1756/1756 1757/1757
f 1756/1756 1755/1755 1758/1758
f 1759/1759 1760/1760 1761/1761
f 1760/1760 1759/1759 1762/1762
f 1763/1763 1764/1764 1765/1765
f 1764/1764 1763/1763 1766/1766
f 1767/1767 1768/1768 1769/1769
f 1768/1768 1767/1767 1770/1770
f 1771/1771 1772/1772 1773/1773
f 1772/1772 1771/1771 1774/1774
f 1775/1775 1776/1776 1777/1777
f 1776/1776 1775/1775 1778/1778
f 1779/1779 1780/1780 1781/1781
f 1780/1780 1779/1779 1782/1782
f 1783/1783 1784/1784 1785/1785
f 1784/1784 1783/1783 1786/1786
f 1787/1787 1788/1788 1789/1789
f 1788/1788 1787/1787 1790/1790
f 1790/1790 1791/1791 1788/1788
f 1791/1791 1790/1790 1792/1792
f 1792/1792 1793/1793 1791/1791
f 1793/1793 1792/1792 1794/1794
f 1795/1795 1796/1796 1797/1797
f 1796/1796 1795/1795 1798/1798
f 1798/1798 1799/1799 1796/1796
f 1799/1799 1798/1798 1800/1800
f 1800/1800 1801/1801 1799/1799
f 1801/1801 1800/1800 1802/1802
f 1803/1803 1804/1804 1805/1805
f 1804/1804 1803/1803 1806/1806
f 1807/1807 1808/1808 1809/1809
f 1808/1808 1807/1807 1810/1810
f 1811/1811 1812/1812 1813/1813
f 1812/1812 1811/1811 1814/1814
f 1815/1815 1816/1816 1817/1817
f 1816/1816 1815/1815 1818/1818
f 1819/1819 1820/1820 1821/1821
f 1820/1820 1819/1819 1822/1822
f 1823/1823 1824/1824 1825/1825
f 1824/1824 1823/1823 1826/1826
f 1827/1827 1828/1828 1829/1829
f 1828/1828 1827/1827 1830/1830
f 1831/1831 1832/1832 1833/1833
f 1832/1832 1831/1831 1834/1834
f 1835/1835 1836/1836 1837/1837
f 1836/1836 1835/1835 1838/1838
f 1839/1839 1840/1840 1841/1841
f 1840/1840 1839/1839 1842/1842
f 1843/1843 1844/1844 1845/1845
f 1844/1844 1843/1843 1846/1846
f 1847/1847 1848/1848 1849/1849
f 1848/1848 1847/1847 1850/1850
f 1851/1851 1852/1852 1853/1853
f 1852/1852 1851/1851 1854/1854
f 1855/1855 1856/1856 1857/1857
f 1856/1856 1855/1855 1858/1858
f 1859/1859 1860/1860 1861/1861
f 1860/1860 1859/1859 1862/1862
f 1863/1863 1864/1864 1865/1865
f 1864/1864 1863/1863 1866/1866
f 1867/1867 1868/1868 1869/1869
f 1868/1868 1867/1867 1870/1870
f 1871/1871 1872/1872 1873/1873
f 1872/1872 1871/1871 1874/1874
f 1875/1875 1876/1876 1877/1877
f 1876/1876 1875/1875 1878/1878
f 1879/1879 1880/1880 1881/1881
f 1880/1880 1879/1879 1882/1882
f 1883/1883 1884/1884 1885/1885
f 1884/1884 1883/1883 1886/1886
f 1887/1887 1888/1888 1889/1889
f 1888/1888 1887/1887 1890/1890
f 1891/1891 1892/1892 1893/1893
f 1892/1892 1891/1891 1894/1894
f 1895/1895 1896/1896 1897/1897
f 1896/1896 1895/1895 1898/1898
f 1899/1899 1900/1900 1901/1901
f 1900/1900 1899/1899 1902/1902
f 1903/1903 1902/1902 1899/1899
f 1902/1902 1903/1903 1904/1904
f 1905/1905 1906/1906 1907/1907
f 1906/1906 1905/1905 1908/1908
f 1909/1909 1910/1910 1911/1911
f 1910/1910 1909/1909 1912/1912
f 1913/1913 1914/1914 1915/1915
f 1914/1914 1913/1913 1916/1916
f 1917/1917 1918/1918 1919/1919
f 1918/1918 1917/1917 1920/1920
f 1921/1921 1922/1922 1923/1923
f 1922/1922 1921/1921 1924/1924
f 1925/1925 1926/1926 1927/1927
f 1926/1926 1925/1925 1928/1928
f 1929/1929 1930/1930 1931/1931
f 1930/1930 1929/1929 1932/1932
f 1933/1933 1934/1934 1935/1935
f 1934/1934 1933/1933 1936/1936
f 1937/1937 1938/1938 1939/1939
f 1938/1938 1937/1937 1940/1940
f 1941/1941 1942/1942 1943/1943
f 1942/1942 1941/1941 1944/1944
f 1945/1945 1946/1946 1947/1947
f 1946/1946 1945/1945 1948/1948
f 1949/1949 1950/1950 1951/1951
f 1950/1950 1949/1949 1952/1952
f 1953/1953 1954/1954 1955/1955
f 1954/1954 1953/1953 1956/1956
f 1957/1957 1958/1958 1959/1959
f 1958/1958 1957/1957 1960/1960
f 1961/1961 1962/1962 1963/1963
f 1962/1962 1961/1961 1964/1964
f 1965/1965 1966/1966 1967/1967
f 1966/1966 1965/1965 1968/1968
f 1969/1969 1970/1970 1971/1971
f 1970/1970 1969/1969 1972/1972
f 1973/1973 1974/1974 1975/1975
f 1974/1974 1973/1973 1976/1976
f 1977/1977 1978/1978 1979/1979
f 1978/1978 1977/1977 1980/1980
f 1981/1981 1982/1982 1983/1983
f 1982/1982 1981/1981 1984/1984
f 1985/1985 1986/1986 1987/1987
f 1986/1986 1985/1985 1988/1988
f 1989/1989 1990/1990 1991/1991
f 1990/1990 1989/1989 1992/1992
f 1993/1993 1994/1994 1995/1995
f 1994/1994 1993/1993 1996/1996
f 1997/1997 1998/1998 1999/1999
f 1998/1998 1997/1997 2000/2000
f 2001/2001 2002/2002 2003/2003
f 2002/2002 2001/2001 2004/2004
f 2005/2005 2006/2006 2007/2007
f 2006/2006 2005/2005 2008/2008
f 2009/2009 2010/2010 2011/2011
f 2010/2010 2009/2009 2012/2012
f 2013/2013 2014/2014 2015/2015
f 2014/2014 2013/2013 2016/2016
f 2017/2017 2018/2018 2019/2019
f 2018/2018 2017/2017 2020/2020
f 2021/2021 2022/2022 2023/2023
f 2022/2022 2021/2021 2024/2024
f 2025/2025 2026/2026 2027/2027
f 2026/2026 2025/2025 2028/2028
f 2029/2029 2030/2030 2031/2031
f 2030/2030 2029/2029 2032/2032
f 2033/2033 2034/2034 2035/2035
f 2034/2034 2033/2033 2036/2036
f 2037/2037 2038/2038 2039/2039
f 2038/2038 2037/2037 2040/2040
f 2041/2041 2042/2042 2043/2043
f 2041/2041 2044/2044 2042/2042
f 2042/2042 2044/2044 2045/2045
f 2041/2041 2046/2046 2044/2044
f 2041/2041 2047/2047 2046/2046
f 2041/2041 2048/2048 2047/2047
f 2046/2046 2047/2047 2049/2049
f 2044/2044 2046/2046 2050/2050
f 2044/2044 2050/2050 2051/2051
f 2050/2050 2046/2046 2052/2052
f 2053/2053 2054/2054 2055/2055
f 2054/2054 2053/2053 2056/2056
f 2057/2057 2058/2058 2059/2059
f 2058/2058 2057/2057 2060/2060
f 2061/2061 2062/2062 2063/2063
f 2062/2062 2061/2061 2064/2064
f 2065/2065 2066/2066 2067/2067
f 2066/2066 2065/2065 2068/2068
f 2069/2069 2070/2070 2071/2071
f 2070/2070 2069/2069 2072/2072
f 2073/2073 2074/2074 2075/2075
f 2074/2074 2073/2073 2076/2076
f 2077/2077 2078/2078 2079/2079
f 2078/2078 2077/2077 2080/2080
f 2081/2081 2082/2082 2083/2083
f 2082/2082 2081/2081 2084/2084
f 2085/2085 2086/2086 2087/2087
f 2086/2086 2085/2085 2088/2088
f 2089/2089 2090/2090 2091/2091
f 2090/2090 2089/2089 2092/2092
f 2093/2093 2094/2094 2095/2095
f 2094/2094 2093/2093 2096/2096
f 2097/2097 2098/2098 2099/2099
f 2098/2098 2097/2097 2100/2100
f 2101/2101 2102/2102 2103/2103
f 2102/2102 2101/2101 2104/2104
f 2105/2105 2104/2104 2101/2101
f 2104/2104 2105/2105 2106/2106
f 2107/2107 2106/2106 2105/2105
f 2106/2106 2107/2107 2108/2108
f 2109/2109 2110/2110 2111/2111
f 2110/2110 2109/2109 2112/2112
f 2112/2112 2113/2113 2110/2110
f 2113/2113 2112/2112 2114/2114
f 2115/2115 2116/2116 2117/2117
f 2116/2116 2115/2115 2118/2118
f 2118/2118 2119/2119 2116/2116
f 2119/2119 2118/2118 2120/2120
f 2121/2121 2122/2122 2123/2123
f 2122/2122 2121/2121 2124/2124
f 2125/2125 2124/2124 2121/2121
f 2124/2124 2125/2125 2126/2126
f 2127/2127 2126/2126 2125/2125
f 2126/2126 2127/2127 2128/2128
f 2129/2129 2130/2130 2131/2131
f 2130/2130 2129/2129 2132/2132
f 2133/2133 2132/2132 2129/2129
f 2132/2132 2133/2133 2134/2134
f 2135/2135 2134/2134 2133/2133
f 2134/2134 2135/2135 2136/2136
f 2137/2137 2138/2138 2139/2139
f 2138/2138 2137/2137 2140/2140
f 2140/2140 2141/2141 2138/2138
f 2141/2141 2140/2140 2142/2142
f 2142/2142 2143/2143 2141/2141
f 2143/2143 2142/2142 2144/2144
f 2145/2145 2146/2146 2147/2147
f 2146/2146 2145/2145 2148/2148
f 2149/2149 2146/2146 2148/2148
f 2146/2146 2149/2149 2150/2150
f 2149/2149 2151/2151 2150/2150
f 2151/2151 2149/2149 2152/2152
f 2153/2153 2154/2154 2155/2155
f 2154/2154 2153/2153 2156/2156
f 2153/2153 2157/2157 2156/2156
f 2157/2157 2153/2153 2158/2158
f 2159/2159 2157/2157 2158/2158
f 2157/2157 2159/2159 2160/2160
f 2161/2161 2162/2162 2163/2163
f 2162/2162 2161/2161 2164/2164
f 2164/2164 2165/2165 2162/2162
f 2165/2165 2164/2164 2166/2166
f 2166/2166 2167/2167 2165/2165
f 2167/2167 2166/2166 2168/2168
f 2169/2169 2170/2170 2171/2171
f 2170/2170 2169/2169 2172/2172
f 2169/2169 2173/2173 2172/2172
f 2173/2173 2169/2169 2174/2174
f 2175/2175 2173/2173 2174/2174
f 2173/2173 2175/2175 2176/2176
f 2177/2177 2178/2178 2179/2179
f 2178/2178 2177/2177 2180/2180
f 2177/2177 2181/2181 2180/2180
f 2181/2181 2177/2177 2182/2182
f 2182/2182 2183/2183 2181/2181
f 2183/2183 2182/2182 2184/2184
f 2185/2185 2186/2186 2187/2187
f 2186/2186 2185/2185 2188/2188
f 2188/2188 2189/2189 2186/2186
f 2189/2189 2188/2188 2190/2190
f 2190/2190 2191/2191 2189/2189
f 2191/2191 2190/2190 2192/2192
f 2193/2193 2194/2194 2195/2195
f 2194/2194 2193/2193 2196/2196
f 2197/2197 2194/2194 2196/2196
f 2194/2194 2197/2197 2198/2198
f 2197/2197 2199/2199 2198/2198
f 2199/2199 2197/2197 2200/2200
f 2201/2201 2202/2202 2203/2203
f 2202/2202 2201/2201 2204/2204
f 2201/2201 2205/2205 2204/2204
f 2205/2205 2201/2201 2206/2206
f 2207/2207 2205/2205 2206/2206
f 2205/2205 2207/2207 2208/2208
f 2209/2209 2210/2210 2211/2211
f 2209/2209 2211/2211 2212/2212
f 2209/2209 2213/2213 2210/2210
f 2209/2209 2212/2212 2214/2214
f 2215/2215 2213/2213 2209/2209
f 2209/2209 2214/2214 2216/2216
f 2209/2209 2217/2217 2215/2215
f 2209/2209 2216/2216 2218/2218
f 2209/2209 2219/2219 2217/2217
f 2209/2209 2218/2218 2220/2220
f 2209/2209 2221/2221 2219/2219
f 2209/2209 2220/2220 2221/2221
f 2222/2222 2223/2223 2224/2224
f 2222/2222 2224/2224 2225/2225
f 2222/2222 2226/2226 2223/2223
f 2222/2222 2225/2225 2227/2227
f 2222/2222 2228/2228 2226/2226
f 2222/2222 2227/2227 2229/2229
f 2222/2222 2230/2230 2228/2228
f 2222/2222 2229/2229 2231/2231
f 2222/2222 2232/2232 2230/2230
f 2222/2222 2231/2231 2233/2233
f 2222/2222 2234/2234 2232/2232
f 2222/2222 2233/2233 2234/2234
f 2235/2235 2236/2236 2237/2237
f 2236/2236 2238/2238 2237/2237
f 2236/2236 2235/2235 2239/2239
f 2238/2238 2236/2236 2240/2240
f 2241/2241 2239/2239 2235/2235
f 2242/2242 2238/2238 2240/2240
f 2239/2239 2241/2241 2243/2243
f 2238/2238 2242/2242 2244/2244
f 2245/2245 2243/2243 2241/2241
f 2246/2246 2244/2244 2242/2242
f 2243/2243 2245/2245 2247/2247
f 2244/2244 2246/2246 2248/2248
f 2249/2249 2247/2247 2245/2245
f 2250/2250 2248/2248 2246/2246
f 2247/2247 2249/2249 2251/2251
f 2248/2248 2250/2250 2252/2252
f 2253/2253 2251/2251 2249/2249
f 2254/2254 2252/2252 2250/2250
f 2251/2251 2253/2253 2255/2255
f 2252/2252 2254/2254 2256/2256
f 2257/2257 2255/2255 2253/2253
f 2258/2258 2256/2256 2254/2254
f 2256/2256 2258/2258 2257/2257
f 2255/2255 2257/2257 2258/2258
f 2259/2259 2260/2260 2261/2261
f 2259/2259 2261/2261 2262/2262
f 2259/2259 2263/2263 2260/2260
f 2259/2259 2262/2262 2264/2264
f 2259/2259 2265/2265 2263/2263
f 2259/2259 2264/2264 2266/2266
f 2259/2259 2267/2267 2265/2265
f 2259/2259 2266/2266 2268/2268
f 2259/2259 2269/2269 2267/2267
f 2259/2259 2268/2268 2270/2270
f 2259/2259 2271/2271 2269/2269
f 2259/2259 2270/2270 2271/2271
f 2272/2272 2273/2273 2274/2274
f 2272/2272 2275/2275 2273/2273
f 2272/2272 2274/2274 2276/2276
f 2272/2272 2277/2277 2275/2275
f 2272/2272 2276/2276 2278/2278
f 2272/2272 2279/2279 2277/2277
f 2272/2272 2278/2278 2280/2280
f 2272/2272 2281/2281 2279/2279
f 2272/2272 2280/2280 2282/2282
f 2272/2272 2283/2283 2281/2281
f 2272/2272 2282/2282 2284/2284
f 2272/2272 2284/2284 2283/2283
f 2285/2285 2286/2286 2287/2287
f 2285/2285 2287/2287 2288/2288
f 2285/2285 2289/2289 2286/2286
f 2285/2285 2288/2288 2290/2290
f 2285/2285 2291/2291 2289/2289
f 2285/2285 2290/2290 2292/2292
f 2285/2285 2293/2293 2291/2291
f 2285/2285 2292/2292 2294/2294
f 2285/2285 2295/2295 2293/2293
f 2285/2285 2294/2294 2296/2296
f 2285/2285 2297/2297 2295/2295
f 2285/2285 2296/2296 2297/2297
f 2298/2298 2299/2299 2300/2300
f 2298/2298 2301/2301 2299/2299
f 2298/2298 2300/2300 2302/2302
f 2298/2298 2303/2303 2301/2301
f 2298/2298 2302/2302 2304/2304
f 2298/2298 2305/2305 2303/2303
f 2298/2298 2304/2304 2306/2306
f 2298/2298 2307/2307 2305/2305
f 2298/2298 2306/2306 2308/2308
f 2298/2298 2309/2309 2307/2307
f 2298/2298 2308/2308 2310/2310
f 2298/2298 2310/2310 2309/2309
f 2311/2311 2312/2312 2313/2313
f 2312/2312 2314/2314 2313/2313
f 2312/2312 2311/2311 2315/2315
f 2314/2314 2312/2312 2316/2316
f 2311/2311 2317/2317 2315/2315
f 2316/2316 2318/2318 2314/2314
f 2317/2317 2311/2311 2319/2319
f 2318/2318 2316/2316 2320/2320
f 2319/2319 2321/2321 2317/2317
f 2320/2320 2322/2322 2318/2318
f 2321/2321 2319/2319 2323/2323
f 2322/2322 2320/2320 2324/2324
f 2323/2323 2325/2325 2321/2321
f 2324/2324 2326/2326 2322/2322
f 2325/2325 2323/2323 2327/2327
f 2326/2326 2324/2324 2328/2328
f 2327/2327 2329/2329 2325/2325
f 2328/2328 2330/2330 2326/2326
f 2329/2329 2327/2327 2331/2331
f 2330/2330 2328/2328 2332/2332
f 2331/2331 2333/2333 2329/2329
f 2332/2332 2334/2334 2330/2330
f 2333/2333 2331/2331 2334/2334
f 2334/2334 2332/2332 2333/2333
f 2335/2335 2336/2336 2337/2337
f 2336/2336 2338/2338 2337/2337
f 2336/2336 2335/2335 2339/2339
f 2338/2338 2336/2336 2340/2340
f 2341/2341 2339/2339 2335/2335
f 2342/2342 2338/2338 2340/2340
f 2339/2339 2341/2341 2343/2343
f 2338/2338 2342/2342 2344/2344
f 2345/2345 2343/2343 2341/2341
f 2346/2346 2344/2344 2342/2342
f 2343/2343 2345/2345 2347/2347
f 2344/2344 2346/2346 2348/2348
f 2349/2349 2347/2347 2345/2345
f 2350/2350 2348/2348 2346/2346
f 2347/2347 2349/2349 2351/2351
f 2348/2348 2350/2350 2352/2352
f 2353/2353 2351/2351 2349/2349
f 2354/2354 2352/2352 2350/2350
f 2351/2351 2353/2353 2355/2355
f 2352/2352 2354/2354 2356/2356
f 2357/2357 2355/2355 2353/2353
f 2358/2358 2356/2356 2354/2354
f 2356/2356 2358/2358 2357/2357
f 2355/2355 2357/2357 2358/2358
f 2359/2359 2360/2360 2361/2361
f 2360/2360 2362/2362 2361/2361
f 2360/2360 2359/2359 2363/2363
f 2362/2362 2360/2360 2364/2364
f 2365/2365 2363/2363 2359/2359
f 2366/2366 2362/2362 2364/2364
f 2363/2363 2365/2365 2367/2367
f 2362/2362 2366/2366 2368/2368
f 2369/2369 2367/2367 2365/2365
f 2370/2370 2368/2368 2366/2366
f 2367/2367 2369/2369 2371/2371
f 2368/2368 2370/2370 2372/2372
f 2373/2373 2371/2371 2369/2369
f 2374/2374 2372/2372 2370/2370
f 2371/2371 2373/2373 2375/2375
f 2372/2372 2374/2374 2376/2376
f 2377/2377 2375/2375 2373/2373
f 2378/2378 2376/2376 2374/2374
f 2375/2375 2377/2377 2379/2379
f 2376/2376 2378/2378 2380/2380
f 2381/2381 2379/2379 2377/2377
f 2382/2382 2380/2380 2378/2378
f 2380/2380 2382/2382 2381/2381
f 2379/2379 2381/2381 2382/2382
f 2383/2383 2384/2384 2385/2385
f 2383/2383 2386/2386 2384/2384
f 2383/2383 2385/2385 2387/2387
f 2383/2383 2388/2388 2386/2386
f 2383/2383 2387/2387 2389/2389
f 2383/2383 2390/2390 2388/2388
f 2383/2383 2389/2389 2391/2391
f 2383/2383 2392/2392 2390/2390
f 2383/2383 2391/2391 2393/2393
f 2383/2383 2394/2394 2392/2392
f 2383/2383 2393/2393 2395/2395
f 2383/2383 2395/2395 2394/2394
f 2396/2396 2397/2397 2398/2398
f 2396/2396 2399/2399 2397/2397
f 2396/2396 2398/2398 2400/2400
f 2396/2396 2401/2401 2399/2399
f 2402/2402 2396/2396 2400/2400
f 2396/2396 2403/2403 2401/2401
f 2396/2396 2402/2402 2404/2404
f 2396/2396 2405/2405 2403/2403
f 2396/2396 2404/2404 2406/2406
f 2396/2396 2407/2407 2405/2405
f 2396/2396 2406/2406 2408/2408
f 2396/2396 2408/2408 2407/2407
f 2409/2409 2410/2410 2411/2411
f 2409/2409 2412/2412 2410/2410
f 2409/2409 2411/2411 2413/2413
f 2409/2409 2414/2414 2412/2412
f 2409/2409 2413/2413 2415/2415
f 2409/2409 2416/2416 2414/2414
f 2409/2409 2415/2415 2417/2417
f 2409/2409 2418/2418 2416/2416
f 2409/2409 2417/2417 2419/2419
f 2409/2409 2420/2420 2418/2418
f 2409/2409 2419/2419 2421/2421
f 2409/2409 2421/2421 2420/2420
f 2422/2422 2423/2423 2424/2424
f 2425/2425 2422/2422 2424/2424
f 2423/2423 2422/2422 2426/2426
f 2422/2422 2425/2425 2427/2427
f 2426/2426 2428/2428 2423/2423
f 2425/2425 2429/2429 2427/2427
f 2428/2428 2426/2426 2430/2430
f 2429/2429 2425/2425 2431/2431
f 2430/2430 2432/2432 2428/2428
f 2431/2431 2433/2433 2429/2429
f 2432/2432 2430/2430 2434/2434
f 2433/2433 2431/2431 2435/2435
f 2434/2434 2436/2436 2432/2432
f 2435/2435 2437/2437 2433/2433
f 2436/2436 2434/2434 2438/2438
f 2437/2437 2435/2435 2439/2439
f 2438/2438 2440/2440 2436/2436
f 2439/2439 2441/2441 2437/2437
f 2440/2440 2438/2438 2442/2442
f 2441/2441 2439/2439 2443/2443
f 2442/2442 2444/2444 2440/2440
f 2443/2443 2445/2445 2441/2441
f 2444/2444 2442/2442 2445/2445
f 2445/2445 2443/2443 2444/2444
f 2446/2446 2447/2447 2448/2448
f 2446/2446 2449/2449 2447/2447
f 2446/2446 2448/2448 2450/2450
f 2446/2446 2451/2451 2449/2449
f 2446/2446 2450/2450 2452/2452
f 2446/2446 2453/2453 2451/2451
f 2446/2446 2452/2452 2454/2454
f 2446/2446 2455/2455 2453/2453
f 2446/2446 2454/2454 2456/2456
f 2446/2446 2457/2457 2455/2455
f 2446/2446 2456/2456 2458/2458
f 2446/2446 2458/2458 2457/2457
f 2459/2459 2460/2460 2461/2461
f 2459/2459 2461/2461 2462/2462
f 2459/2459 2463/2463 2460/2460
f 2459/2459 2462/2462 2464/2464
f 2459/2459 2465/2465 2463/2463
f 2459/2459 2464/2464 2466/2466
f 2459/2459 2467/2467 2465/2465
f 2459/2459 2466/2466 2468/2468
f 2459/2459 2469/2469 2467/2467
f 2459/2459 2468/2468 2470/2470
f 2459/2459 2471/2471 2469/2469
f 2459/2459 2470/2470 2471/2471
f 2472/2472 2473/2473 2474/2474
f 2472/2472 2475/2475 2473/2473
f 2472/2472 2474/2474 2476/2476
f 2472/2472 2477/2477 2475/2475
f 2472/2472 2476/2476 2478/2478
f 2472/2472 2479/2479 2477/2477
f 2472/2472 2478/2478 2480/2480
f 2472/2472 2481/2481 2479/2479
f 2472/2472 2480/2480 2482/2482
f 2472/2472 2483/2483 2481/2481
f 2472/2472 2482/2482 2484/2484
f 2472/2472 2484/2484 2483/2483
f 2485/2485 2486/2486 2487/2487
f 2485/2485 2487/2487 2488/2488
f 2485/2485 2489/2489 2486/2486
f 2485/2485 2488/2488 2490/2490
f 2485/2485 2491/2491 2489/2489
f 2485/2485 2490/2490 2492/2492
f 2485/2485 2493/2493 2491/2491
f 2485/2485 2492/2492 2494/2494
f 2485/2485 2495/2495 2493/2493
f 2485/2485 2494/2494 2496/2496
f 2485/2485 2497/2497 2495/2495
f 2485/2485 2496/2496 2497/2497
f 2498/2498 2499/2499 2500/2500
f 2501/2501 2498/2498 2500/2500
f 2499/2499 2498/2498 2502/2502
f 2498/2498 2501/2501 2503/2503
f 2504/2504 2499/2499 2502/2502
f 2505/2505 2503/2503 2501/2501
f 2499/2499 2504/2504 2506/2506
f 2503/2503 2505/2505 2507/2507
f 2508/2508 2506/2506 2504/2504
f 2509/2509 2507/2507 2505/2505
f 2506/2506 2508/2508 2510/2510
f 2507/2507 2509/2509 2511/2511
f 2512/2512 2510/2510 2508/2508
f 2513/2513 2511/2511 2509/2509
f 2510/2510 2512/2512 2514/2514
f 2511/2511 2513/2513 2515/2515
f 2516/2516 2514/2514 2512/2512
f 2517/2517 2515/2515 2513/2513
f 2514/2514 2516/2516 2518/2518
f 2515/2515 2517/2517 2519/2519
f 2520/2520 2518/2518 2516/2516
f 2521/2521 2519/2519 2517/2517
f 2518/2518 2520/2520 2521/2521
f 2519/2519 2521/2521 2520/2520
f 2522/2522 2523/2523 2524/2524
f 2525/2525 2522/2522 2524/2524
f 2523/2523 2522/2522 2526/2526
f 2522/2522 2525/2525 2527/2527
f 2526/2526 2528/2528 2523/2523
f 2525/2525 2529/2529 2527/2527
f 2528/2528 2526/2526 2530/2530
f 2529/2529 2525/2525 2531/2531
f 2530/2530 2532/2532 2528/2528
f 2531/2531 2533/2533 2529/2529
f 2532/2532 2530/2530 2534/2534
f 2533/2533 2531/2531 2535/2535
f 2534/2534 2536/2536 2532/2532
f 2535/2535 2537/2537 2533/2533
f 2536/2536 2534/2534 2538/2538
f 2537/2537 2535/2535 2539/2539
f 2538/2538 2540/2540 2536/2536
f 2539/2539 2541/2541 2537/2537
f 2540/2540 2538/2538 2542/2542
f 2541/2541 2539/2539 2543/2543
f 2542/2542 2544/2544 2540/2540
f 2543/2543 2545/2545 2541/2541
f 2544/2544 2542/2542 2545/2545
f 2545/2545 2543/2543 2544/2544
f 2546/2546 2547/2547 2548/2548
f 2549/2549 2546/2546 2548/2548
f 2547/2547 2546/2546 2550/2550
f 2546/2546 2549/2549 2551/2551
f 2550/2550 2552/2552 2547/2547
f 2549/2549 2553/2553 2551/2551
f 2552/2552 2550/2550 2554/2554
f 2553/2553 2549/2549 2555/2555
f 2554/2554 2556/2556 2552/2552
f 2555/2555 2557/2557 2553/2553
f 2556/2556 2554/2554 2558/2558
f 2557/2557 2555/2555 2559/2559
f 2558/2558 2560/2560 2556/2556
f 2559/2559 2561/2561 2557/2557
f 2560/2560 2558/2558 2562/2562
f 2561/2561 2559/2559 2563/2563
f 2562/2562 2564/2564 2560/2560
f 2563/2563 2565/2565 2561/2561
f 2564/2564 2562/2562 2566/2566
f 2565/2565 2563/2563 2567/2567
f 2566/2566 2568/2568 2564/2564
f 2567/2567 2569/2569 2565/2565
f 2568/2568 2566/2566 2569/2569
f 2569/2569 2567/2567 2568/2568
f 2570/2570 2571/2571 2572/2572
f 2570/2570 2572/2572 2573/2573
f 2570/2570 2574/2574 2571/2571
f 2570/2570 2573/2573 2575/2575
f 2570/2570 2576/2576 2574/2574
f 2570/2570 2575/2575 2577/2577
f 2570/2570 2578/2578 2576/2576
f 2570/2570 2577/2577 2579/2579
f 2570/2570 2580/2580 2578/2578
f 2570/2570 2579/2579 2581/2581
f 2570/2570 2582/2582 2580/2580
f 2570/2570 2581/2581 2582/2582
f 2583/2583 2584/2584 2585/2585
f 2584/2584 2586/2586 2585/2585
f 2584/2584 2583/2583 2587/2587
f 2588/2588 2587/2587 2583/2583
f 2586/2586 2584/2584 2589/2589
f 2587/2587 2589/2589 2584/2584
f 2586/2586 2590/2590 2588/2588
f 2587/2587 2588/2588 2590/2590
f 2589/2589 2587/2587 2590/2590
f 2590/2590 2586/2586 2589/2589
f 2591/2591 2592/2592 2593/2593
f 2592/2592 2594/2594 2593/2593
f 2594/2594 2592/2592 2595/2595
f 2595/2595 2596/2596 2594/2594
f 2596/2596 2595/2595 2597/2597
f 2597/2597 2591/2591 2596/2596
f 2592/2592 2597/2597 2595/2595
f 2592/2592 2591/2591 2598/2598
f 2597/2597 2592/2592 2598/2598
f 2591/2591 2597/2597 2598/2598
f 2599/2599 2600/2600 2601/2601
f 2602/2602 2600/2600 2599/2599
f 2601/2601 2600/2600 2603/2603
f 2604/2604 2600/2600 2602/2602
f 2603/2603 2600/2600 2605/2605
f 2606/2606 2600/2600 2604/2604
f 2605/2605 2600/2600 2607/2607
f 2608/2608 2600/2600 2606/2606
f 2607/2607 2600/2600 2609/2609
f 2610/2610 2600/2600 2608/2608
f 2609/2609 2600/2600 2611/2611
f 2611/2611 2600/2600 2610/2610
f 2612/2612 2613/2613 2614/2614
f 2615/2615 2613/2613 2612/2612
f 2614/2614 2613/2613 2616/2616
f 2617/2617 2613/2613 2615/2615
f 2616/2616 2613/2613 2618/2618
f 2619/2619 2613/2613 2617/2617
f 2618/2618 2613/2613 2620/2620
f 2621/2621 2613/2613 2619/2619
f 2620/2620 2613/2613 2622/2622
f 2623/2623 2613/2613 2621/2621
f 2622/2622 2613/2613 2624/2624
f 2624/2624 2613/2613 2623/2623
f 2625/2625 2626/2626 2627/2627
f 2628/2628 2626/2626 2625/2625
f 2627/2627 2626/2626 2629/2629
f 2630/2630 2626/2626 2628/2628
f 2629/2629 2626/2626 2631/2631
f 2632/2632 2626/2626 2630/2630
f 2631/2631 2626/2626 2633/2633
f 2634/2634 2626/2626 2632/2632
f 2633/2633 2626/2626 2635/2635
f 2636/2636 2626/2626 2634/2634
f 2635/2635 2626/2626 2637/2637
f 2637/2637 2626/2626 2636/2636
f 2638/2638 2639/2639 2640/2640
f 2641/2641 2639/2639 2638/2638
f 2640/2640 2639/2639 2642/2642
f 2643/2643 2639/2639 2641/2641
f 2642/2642 2639/2639 2644/2644
f 2645/2645 2639/2639 2643/2643
f 2644/2644 2639/2639 2646/2646
f 2647/2647 2639/2639 2645/2645
f 2646/2646 2639/2639 2648/2648
f 2649/2649 2639/2639 2647/2647
f 2648/2648 2639/2639 2650/2650
f 2650/2650 2639/2639 2649/2649
f 2651/2651 2652/2652 2653/2653
f 2654/2654 2652/2652 2651/2651
f 2653/2653 2652/2652 2655/2655
f 2656/2656 2652/2652 2654/2654
f 2655/2655 2652/2652 2657/2657
f 2658/2658 2652/2652 2656/2656
f 2657/2657 2652/2652 2659/2659
f 2660/2660 2652/2652 2658/2658
f 2659/2659 2652/2652 2661/2661
f 2662/2662 2652/2652 2660/2660
f 2661/2661 2652/2652 2663/2663
f 2663/2663 2652/2652 2662/2662
f 2664/2664 2665/2665 2666/2666
f 2667/2667 2664/2664 2666/2666
f 2665/2665 2664/2664 2668/2668
f 2668/2668 2669/2669 2665/2665
f 2664/2664 2667/2667 2670/2670
f 2670/2670 2668/2668 2664/2664
f 2671/2671 2667/2667 2669/2669
f 2667/2667 2671/2671 2670/2670
f 2668/2668 2670/2670 2671/2671
f 2669/2669 2668/2668 2671/2671
f 2672/2672 2673/2673 2674/2674
f 2675/2675 2672/2672 2674/2674
f 2672/2672 2675/2675 2676/2676
f 2677/2677 2676/2676 2675/2675
f 2676/2676 2677/2677 2678/2678
f 2673/2673 2678/2678 2677/2677
f 2678/2678 2672/2672 2676/2676
f 2673/2673 2672/2672 2679/2679
f 2672/2672 2678/2678 2679/2679
f 2678/2678 2673/2673 2679/2679
f 2680/2680 2681/2681 2682/2682
f 2683/2683 2680/2680 2682/2682
f 2681/2681 2684/2684 2682/2682
f 2685/2685 2683/2683 2682/2682
f 2684/2684 2686/2686 2682/2682
f 2687/2687 2685/2685 2682/2682
f 2686/2686 2688/2688 2682/2682
f 2689/2689 2687/2687 2682/2682
f 2688/2688 2690/2690 2682/2682
f 2691/2691 2689/2689 2682/2682
f 2690/2690 2692/2692 2682/2682
f 2692/2692 2691/2691 2682/2682
f 2693/2693 2694/2694 2695/2695
f 2696/2696 2693/2693 2695/2695
f 2694/2694 2697/2697 2695/2695
f 2698/2698 2696/2696 2695/2695
f 2697/2697 2699/2699 2695/2695
f 2700/2700 2698/2698 2695/2695
f 2699/2699 2701/2701 2695/2695
f 2702/2702 2700/2700 2695/2695
f 2701/2701 2703/2703 2695/2695
f 2704/2704 2702/2702 2695/2695
f 2703/2703 2705/2705 2695/2695
f 2705/2705 2704/2704 2695/2695
f 2706/2706 2707/2707 2708/2708
f 2709/2709 2706/2706 2708/2708
f 2707/2707 2710/2710 2708/2708
f 2711/2711 2709/2709 2708/2708
f 2710/2710 2712/2712 2708/2708
f 2713/2713 2711/2711 2708/2708
f 2712/2712 2714/2714 2708/2708
f 2715/2715 2713/2713 2708/2708
f 2714/2714 2716/2716 2708/2708
f 2717/2717 2715/2715 2708/2708
f 2716/2716 2718/2718 2708/2708
f 2718/2718 2717/2717 2708/2708
f 2719/2719 2720/2720 2721/2721
f 2722/2722 2719/2719 2721/2721
f 2720/2720 2723/2723 2721/2721
f 2724/2724 2722/2722 2721/2721
f 2723/2723 2725/2725 2721/2721
f 2726/2726 2724/2724 2721/2721
f 2725/2725 2727/2727 2721/2721
f 2728/2728 2726/2726 2721/2721
f 2727/2727 2729/2729 2721/2721
f 2730/2730 2728/2728 2721/2721
f 2729/2729 2731/2731 2721/2721
f 2731/2731 2730/2730 2721/2721
f 2732/2732 2733/2733 2734/2734
f 2735/2735 2732/2732 2734/2734
f 2733/2733 2736/2736 2734/2734
f 2737/2737 2735/2735 2734/2734
f 2736/2736 2738/2738 2734/2734
f 2739/2739 2737/2737 2734/2734
f 2738/2738 2740/2740 2734/2734
f 2741/2741 2739/2739 2734/2734
f 2740/2740 2742/2742 2734/2734
f 2743/2743 2741/2741 2734/2734
f 2742/2742 2744/2744 2734/2734
f 2744/2744 2743/2743 2734/2734
f 2745/2745 2746/2746 2747/2747
f 2746/2746 2745/2745 2748/2748
f 2747/2747 2749/2749 2745/2745
f 2748/2748 2750/2750 2746/2746
f 2749/2749 2747/2747 2751/2751
f 2750/2750 2748/2748 2752/2752
f 2751/2751 2753/2753 2749/2749
f 2752/2752 2754/2754 2750/2750
f 2753/2753 2751/2751 2755/2755
f 2754/2754 2752/2752 2756/2756
f 2755/2755 2757/2757 2753/2753
f 2756/2756 2758/2758 2754/2754
f 2757/2757 2755/2755 2759/2759
f 2758/2758 2756/2756 2760/2760
f 2759/2759 2761/2761 2757/2757
f 2760/2760 2762/2762 2758/2758
f 2761/2761 2759/2759 2763/2763
f 2762/2762 2760/2760 2764/2764
f 2763/2763 2765/2765 2761/2761
f 2764/2764 2766/2766 2762/2762
f 2765/2765 2763/2763 2767/2767
f 2766/2766 2764/2764 2768/2768
f 2767/2767 2768/2768 2765/2765
f 2768/2768 2767/2767 2766/2766
f 2769/2769 2770/2770 2771/2771
f 2770/2770 2769/2769 2772/2772
f 2773/2773 2771/2771 2770/2770
f 2774/2774 2772/2772 2769/2769
f 2771/2771 2773/2773 2775/2775
f 2772/2772 2774/2774 2776/2776
f 2777/2777 2775/2775 2773/2773
f 2778/2778 2776/2776 2774/2774
f 2775/2775 2777/2777 2779/2779
f 2776/2776 2778/2778 2780/2780
f 2781/2781 2779/2779 2777/2777
f 2782/2782 2780/2780 2778/2778
f 2779/2779 2781/2781 2783/2783
f 2780/2780 2782/2782 2784/2784
f 2785/2785 2783/2783 2781/2781
f 2786/2786 2784/2784 2782/2782
f 2783/2783 2785/2785 2787/2787
f 2784/2784 2786/2786 2788/2788
f 2789/2789 2787/2787 2785/2785
f 2790/2790 2788/2788 2786/2786
f 2787/2787 2789/2789 2791/2791
f 2788/2788 2790/2790 2792/2792
f 2792/2792 2791/2791 2789/2789
f 2791/2791 2792/2792 2790/2790
f 2793/2793 2794/2794 2795/2795
f 2794/2794 2793/2793 2796/2796
f 2797/2797 2795/2795 2794/2794
f 2798/2798 2796/2796 2793/2793
f 2795/2795 2798/2798 2793/2793
f 2796/2796 2798/2798 2799/2799
f 2799/2799 2800/2800 2797/2797
f 2795/2795 2797/2797 2800/2800
f 2798/2798 2795/2795 2800/2800
f 2800/2800 2799/2799 2798/2798
f 2801/2801 2802/2802 2803/2803
f 2802/2802 2801/2801 2804/2804
f 2805/2805 2804/2804 2801/2801
f 2806/2806 2803/2803 2802/2802
f 2804/2804 2806/2806 2802/2802
f 2803/2803 2806/2806 2807/2807
f 2807/2807 2808/2808 2805/2805
f 2804/2804 2805/2805 2808/2808
f 2806/2806 2804/2804 2808/2808
f 2808/2808 2807/2807 2806/2806
f 2809/2809 2810/2810 2811/2811
f 2810/2810 2809/2809 2812/2812
f 2813/2813 2812/2812 2809/2809
f 2814/2814 2811/2811 2810/2810
f 2812/2812 2814/2814 2810/2810
f 2811/2811 2814/2814 2815/2815
f 2815/2815 2816/2816 2813/2813
f 2812/2812 2813/2813 2816/2816
f 2814/2814 2812/2812 2816/2816
f 2816/2816 2815/2815 2814/2814
f 2817/2817 2818/2818 2819/2819
f 2818/2818 2817/2817 2820/2820
f 2820/2820 2821/2821 2818/2818
f 2819/2819 2822/2822 2817/2817
f 2822/2822 2820/2820 2817/2817
f 2822/2822 2819/2819 2823/2823
f 2824/2824 2823/2823 2821/2821
f 2821/2821 2820/2820 2824/2824
f 2820/2820 2822/2822 2824/2824
f 2823/2823 2824/2824 2822/2822
f 2825/2825 2826/2826 2827/2827
f 2826/2826 2825/2825 2828/2828
f 2828/2828 2829/2829 2826/2826
f 2827/2827 2830/2830 2825/2825
f 2830/2830 2828/2828 2825/2825
f 2830/2830 2827/2827 2831/2831
f 2832/2832 2831/2831 2829/2829
f 2829/2829 2828/2828 2832/2832
f 2828/2828 2830/2830 2832/2832
f 2831/2831 2832/2832 2830/2830
f 2833/2833 2834/2834 2835/2835
f 2835/2835 2836/2836 2833/2833
f 2836/2836 2835/2835 2837/2837
f 2837/2837 2838/2838 2836/2836
f 2838/2838 2833/2833 2836/2836
f 2838/2838 2837/2837 2839/2839
f 2834/2834 2833/2833 2840/2840
f 2833/2833 2838/2838 2840/2840
f 2840/2840 2839/2839 2834/2834
f 2839/2839 2840/2840 2838/2838
f 2841/2841 2842/2842 2843/2843
f 2842/2842 2841/2841 2844/2844
f 2844/2844 2845/2845 2842/2842
f 2843/2843 2846/2846 2841/2841
f 2846/2846 2844/2844 2841/2841
f 2846/2846 2843/2843 2847/2847
f 2848/2848 2847/2847 2845/2845
f 2845/2845 2844/2844 2848/2848
f 2844/2844 2846/2846 2848/2848
f 2847/2847 2848/2848 2846/2846
f 2849/2849 2850/2850 2851/2851
f 2850/2850 2849/2849 2852/2852
f 2852/2852 2853/2853 2850/2850
f 2851/2851 2854/2854 2849/2849
f 2854/2854 2852/2852 2849/2849
f 2854/2854 2851/2851 2855/2855
f 2856/2856 2855/2855 2853/2853
f 2853/2853 2852/2852 2856/2856
f 2852/2852 2854/2854 2856/2856
f 2855/2855 2856/2856 2854/2854
f 2857/2857 2858/2858 2859/2859
f 2858/2858 2857/2857 2860/2860
f 2861/2861 2860/2860 2857/2857
f 2862/2862 2859/2859 2858/2858
f 2860/2860 2862/2862 2858/2858
f 2859/2859 2862/2862 2863/2863
f 2863/2863 2864/2864 2861/2861
f 2860/2860 2861/2861 2864/2864
f 2862/2862 2860/2860 2864/2864
f 2864/2864 2863/2863 2862/2862
f 2865/2865 2866/2866 2867/2867
f 2866/2866 2865/2865 2868/2868
f 2869/2869 2868/2868 2865/2865
f 2870/2870 2867/2867 2866/2866
f 2868/2868 2870/2870 2866/2866
f 2867/2867 2870/2870 2871/2871
f 2871/2871 2872/2872 2869/2869
f 2868/2868 2869/2869 2872/2872
f 2870/2870 2868/2868 2872/2872
f 2872/2872 2871/2871 2870/2870
