# cliff_hills_large_e_COL_B
v 7.49295092 0.873449326 -19.0581322
v 8.18701077 0.579025507 -18.8815937
v 8.49886799 0.263885856 -18.7016926
v 7.49018955 0.945731878 -18.9267254
v 8.4961071 0.336167872 -18.5702858
v 8.18424988 0.65130806 -18.7501869
v 10.6280584 4.47717476 -7.83239651
v 10.4470339 4.67473555 -8.04366398
v 10.1798286 4.56595755 -8.04420471
v 10.4836159 4.5854454 -8.1585083
v 10.6646423 4.38788462 -7.94724035
v 10.2164116 4.4766674 -8.15904903
v -6.96367598 0.0528917313 -21.2842445
v -6.43442011 0.0490432195 -21.2491989
v -6.70371389 0.0624001063 -21.3843594
v -6.3564353 0.861872435 -19.9930782
v -6.07809019 0.0428209156 -21.0145741
v -7.17840815 0.0448654406 -20.971941
v -6.3010087 1.5539993 -19.6809769
v -5.75567913 0.555755854 -20.7527676
v -5.93813944 0.0290683862 -21.4418793
v -6.98769617 0.939146161 -19.3191605
v -7.2168107 1.28315806 -18.8246059
v -5.41083813 0.396255344 -21.8250942
v -5.08610487 0.052986525 -22.5078907
v -5.27753973 0.452318102 -21.3129311
v -4.89595175 0.0493986122 -22.3524914
v -7.47660446 0.474559247 -20.140749
v -7.72243214 0.0555477589 -20.2667236
v -7.99493217 1.58231354 -18.9007969
v -8.9050312 0.0228236523 -19.1410561
v -4.26450872 1.08630991 -21.5042648
v -9.04868126 0.998159945 -18.4519672
v -8.86412907 2.40478373 -18.0808926
v -9.15468407 0.0276357606 -19.1214104
v -9.56502819 0.151957303 -18.4840508
v -9.54709435 0.0411985442 -18.6936836
v -10.1696959 0.0326148942 -18.1062908
v -11.0423679 1.40757835 -16.7230453
v -10.7843447 0.0425651148 -18.4983826
v -11.1751947 0.0216836464 -17.9622021
v -9.55063534 0.565373421 -18.2549877
v -7.80113983 2.00553012 -18.761055
v -11.5334597 0.931958079 -16.2456894
v -11.986659 0.0416753106 -16.6864071
v -12.1000376 0.0247197878 -15.5618515
v -10.3146849 2.16249061 -16.8268299
v -11.4341049 0.984888494 -14.9922285
v -12.1051311 0.023018444 -14.7875681
v -11.4338608 1.17975748 -14.5697899
v -13.5071087 0.0146208219 -14.2512169
v -10.7042542 1.99082851 -15.5777292
v -10.8266315 2.12516332 -14.6887302
v -10.9140911 1.83155334 -16.045208
v -10.7115402 1.96325576 -16.1646767
v -10.5366173 2.0116477 -15.3540678
v -9.704916 3.0234859 -15.1986723
v -10.0853815 2.41198015 -16.5251274
v -9.57242203 2.69729972 -16.8354664
v -10.3279572 2.3634069 -14.9073505
v -9.76587486 2.81026959 -15.7986755
v -9.96926498 1.88978922 -17.3490047
v -9.4388361 2.14963841 -17.5965977
v -9.97306824 3.40993929 -14.7423773
v -9.44899368 3.14225483 -15.1076584
v -9.32075405 3.21642661 -15.6890497
v -8.7285738 3.21629667 -17.4291515
v -8.78187275 3.80859327 -15.4775743
v -8.28720856 3.09987974 -17.933075
v -8.1841917 3.64065433 -16.6466579
v -7.86085939 3.05502868 -17.430645
v -10.4068136 3.28587484 -14.6778088
v -9.26770115 4.17484665 -14.7408285
v -7.40714216 2.6336925 -17.4794598
v -7.58964777 3.4469533 -16.9016857
v -7.99123716 3.85171008 -15.5568419
v -7.4803257 3.02900147 -17.4295864
v -7.64773846 3.81385469 -15.5021992
v -7.69158316 3.65806961 -15.7947178
v -7.40849209 3.71712732 -16.4102764
v -6.54737473 3.79137349 -16.3569851
v -6.7874589 3.73175502 -17.4088211
v -6.83445501 3.26329708 -17.8603592
v -6.66809416 1.88762391 -18.5616131
v -6.77834415 2.41644692 -17.8864117
v -6.02989197 3.36297941 -18.2849026
v -6.35258293 1.99048448 -19.1878262
v -5.9936614 2.72995019 -18.288311
v -6.17672729 2.27619004 -18.5634975
v -5.95612955 1.50244963 -19.7559147
v -5.06637287 2.81774712 -19.0146389
v -5.43927479 1.83120561 -20.070116
v -4.45202208 2.19141483 -20.5371208
v -5.14675903 3.37076569 -18.0966053
v -4.72448349 3.57272124 -17.9163151
v -4.75807619 2.86191607 -19.3705635
v -4.32508564 3.12903404 -19.4806805
v -3.93467379 2.39250231 -20.4801559
v -4.02337027 2.23258591 -20.9477005
v -3.39890766 1.35715318 -21.823698
v -3.82377982 1.12264895 -21.8240738
v -3.77832508 0.981379211 -22.1763668
v -4.41410017 0.0351461992 -22.837101
v -3.54724407 0.0325698145 -22.9574509
v -3.17846918 0.0248406995 -22.5218678
v -2.29321861 0.0146512566 -22.5450821
v -2.41815138 1.77327037 -21.6668282
v -2.94182611 2.20745611 -21.2401218
v -2.22523713 1.50417483 -21.7963295
v -2.06229138 0.00547268987 -22.2173538
v -2.93570733 2.69000459 -20.8157291
v -1.62876701 1.16078186 -21.7754364
v -1.31684375 0.0085352445 -22.0990601
v -3.16752553 3.0956049 -19.9646645
v -2.27527881 2.60769439 -21.1249809
v -1.7828331 2.28772926 -21.1329689
v -1.5371666 1.93490946 -21.2589855
v -1.03712547 0.93687582 -21.7123508
v -0.663612664 0.671935737 -21.8852997
v -0.792174041 0.0117743248 -22.1033688
v -0.477469891 1.32123625 -21.3465939
v 0.186651155 0.0204935856 -21.997221
v 0.941823125 0.628392756 -21.561676
v 1.29254127 0.0209748223 -21.8648491
v -0.900394678 1.77912533 -21.1440678
v -2.48463845 3.11761951 -20.4632072
v 1.19776988 0.437245011 -21.6512985
v 2.16716647 0.0343742892 -21.4850903
v -1.14477456 2.37135768 -20.5419865
v -1.66545069 2.83134389 -20.6385059
v -0.470022619 1.83991647 -20.5599785
v -0.484886438 1.93360388 -20.0641556
v -2.17158651 3.19643998 -20.046648
v -1.81288362 3.94038868 -18.9047718
v -1.17377067 2.5191884 -20.3135624
v -1.02558362 2.19323111 -20.1491776
v 0.0261496305 1.58810008 -20.9109516
v 0.149684653 1.42685711 -20.9095993
v -0.253743619 1.7857821 -19.8984203
v 0.733683228 1.24113119 -20.3483105
v 0.636419475 1.20032167 -20.995575
v 0.970956504 1.19380379 -20.7404537
v 0.972644985 1.12417948 -20.0141106
v 1.19086993 1.09819221 -21.2114773
v -0.155697867 1.99855745 -19.7272301
v 1.35005653 0.908230186 -21.0372086
v 1.57023203 0.867763102 -21.0953827
v 1.58987486 1.24037707 -20.1431694
v 2.59402394 0.317305118 -20.5217915
v 2.90149784 0.0495666824 -20.8948612
v 3.0944829 0.0546620972 -20.6315842
v 2.48154116 0.470099539 -19.6772289
v 1.80188477 1.26763594 -19.4599552
v 2.82892203 0.716456294 -19.2335987
v 3.66098523 0.667266965 -19.396389
v 3.7501967 0.450223267 -20.3510418
v 3.40805602 0.0478437729 -20.9333591
v 3.97257066 0.0490035042 -20.7914295
v 4.09079695 0.312223643 -20.0321922
v 4.70941925 0.667917609 -19.5048428
v 4.7400465 0.0530786663 -20.9297047
v 5.60433531 0.320222378 -20.0065861
v 5.34576178 0.0544969179 -20.7502365
v 6.10724401 0.0469183959 -20.2527065
v 7.11861372 0.441674173 -19.5049877
v 6.62528992 0.0472432785 -20.2664928
v 2.65962458 1.04319155 -18.7893696
v 2.96347928 1.19594896 -18.7108822
v 1.45221901 1.82248986 -19.1727524
v 1.95334697 1.51551902 -18.620945
v 3.48872209 1.04071975 -18.7002659
v 3.98511028 0.926385701 -19.1651325
v 5.50475979 0.89162755 -19.3678722
v 5.31774807 0.590155065 -19.6540127
v 3.64706707 1.8583535 -18.2708092
v 4.69217873 1.06755638 -18.662775
v 6.82950163 1.66676009 -18.2548084
v 5.93082285 1.30911613 -18.4811096
v 1.00204766 1.79373109 -19.1950855
v 1.37453294 1.72077012 -18.552824
v 0.567784786 2.11455703 -19.6944485
v 0.704251528 3.10334349 -18.6374722
v 1.28882885 2.2534101 -18.3155346
v 2.66740561 2.51313972 -17.9648132
v 0.385854512 1.85095978 -19.9009476
v 0.557015538 3.27003002 -18.8972511
v 0.230239332 3.23404956 -18.9040451
v 4.21299458 2.86654139 -17.4418697
v -0.0393118523 3.46207237 -19.1989403
v -0.448172837 3.44570851 -19.1447353
v -0.220589459 3.82412314 -18.0817394
v 0.0955040082 3.61856747 -18.0810013
v -0.229099244 3.74257112 -16.5145798
v 0.445513517 3.70161486 -18.0670242
v 1.10042894 3.21807909 -17.9109974
v 0.265059918 3.75127983 -17.4696159
v 1.36210227 2.68372583 -17.8757935
v -0.817422867 2.09890294 -19.8880558
v -0.941334128 2.75694084 -19.7631054
v -1.17114973 3.49615073 -19.6025448
v -1.56788003 3.86032701 -19.0145798
v -1.13694966 3.91375184 -19.1066399
v -1.15161264 4.05177927 -18.1768055
v -0.475993693 3.77065158 -18.1781673
v 2.75591207 2.69540286 -17.6950512
v -1.57019532 3.99299788 -18.0497551
v 1.52716804 2.81846213 -17.4295273
v 1.2780689 3.24148893 -17.1235218
v 1.21328723 3.25199008 -16.3724632
v -2.03746462 3.67908525 -17.0012894
v -1.35017419 3.87631798 -16.8891201
v -1.29270816 3.63821006 -16.2959995
v -1.79586625 3.6234169 -16.1709805
v -0.555424452 3.86949086 -16.388731
v -1.48468482 3.31384611 -15.9353657
v -1.06047785 3.48700714 -15.423068
v -0.40786463 3.24224567 -15.9620171
v -0.817781746 3.10505581 -15.6134958
v 1.15486622 3.28703976 -15.3118877
v 0.794302762 2.67522192 -14.5342388
v 0.615589857 2.39919972 -13.7883139
v -0.11800041 2.91077113 -13.6197567
v 0.180019036 3.54346418 -16.2107887
v 0.73806268 3.54966784 -15.8807554
v -0.0108030662 3.42960811 -16.6839485
v 0.242631093 3.34506392 -16.4108334
v 0.42419374 3.5460248 -16.998457
v 0.923982382 3.19998217 -16.3859386
v 0.980770528 3.33981037 -16.0666351
v 2.1709578 2.77174926 -15.6349297
v 2.33998418 2.95025039 -15.2637081
v 2.64056396 2.46893525 -15.8407488
v 2.17806458 2.54866791 -16.3594189
v 4.20513344 2.70766139 -15.7973785
v 2.04782295 2.47745323 -16.814373
v 2.78371477 2.55111003 -16.9156666
v 4.13898993 2.80817652 -16.3978939
v 3.94724488 2.67691302 -16.9198341
v 2.06208301 2.87857556 -14.817276
v 2.1917119 3.02957487 -14.8852406
v 1.90758073 3.09751606 -14.3648386
v 2.34908843 1.672315 -14.4176064
v 2.05224442 2.0331049 -13.9709959
v 0.156658754 3.09567356 -12.7808313
v 2.20438695 3.45622849 -12.2012062
v 0.305883944 3.13884664 -12.5388851
v -0.39570415 3.2801125 -12.5043898
v 2.5891664 1.81233013 -14.7551508
v 2.63008785 2.42088747 -15.1517401
v 2.87065625 1.93561363 -14.0957298
v 2.87712646 2.06226707 -15.0957775
v 3.46175218 2.27049303 -15.4073296
v 3.8623817 2.40994048 -14.713748
v 3.494982 1.9140501 -14.0544691
v 5.41945219 3.05848432 -14.4633245
v 3.83836746 3.65223837 -12.2260141
v 4.56481123 2.49655366 -13.5806065
v 4.75279951 3.00534749 -13.4638109
v 4.48899841 2.93879366 -15.5633307
v 5.16901922 2.84396577 -15.220006
v 5.18583107 2.81581831 -16.1569939
v 5.14212275 2.9393549 -15.7326164
v 5.22670412 2.96344709 -16.719799
v 6.02942848 2.92164874 -17.4010601
v 5.75948191 3.06006408 -16.7928638
v 6.31106567 3.00872469 -16.2350445
v 7.51947975 2.92251587 -17.4269428
v 7.30600643 3.16034794 -17.1353493
v 7.18538904 3.26089358 -16.4591503
v 6.69167995 3.11382771 -16.5018997
v 6.85041857 3.35238171 -16.3721485
v 6.7596035 3.26333356 -15.8697319
v 6.31815577 3.20668888 -15.4008856
v 6.33221912 3.18293643 -15.063282
v 6.95800114 3.55902052 -15.6282053
v 6.08066511 3.46400118 -14.7575026
v 6.64226437 3.31506848 -15.1219349
v 6.10418701 3.36522627 -14.6209383
v 7.4259038 3.26602936 -16.1870041
v 7.84322691 3.41830111 -15.6623974
v 5.53411245 3.18844748 -13.6496191
v 5.54868698 3.20364404 -12.6178036
v 4.75605011 3.28681111 -12.9845819
v 4.65444469 3.67024779 -10.8116522
v 7.12578011 3.27732658 -14.2681417
v 7.26405382 3.30159211 -15.1117611
v 7.66438723 3.25774741 -14.5607042
v 7.45439243 3.58638263 -15.0036602
v 7.36713409 3.08444428 -13.2349663
v 8.66605473 2.6581893 -12.7048607
v 5.71066761 2.89882779 -11.639884
v 6.43580008 2.67190218 -11.7778368
v 6.86087608 2.55666399 -11.6544676
v 7.78860235 2.33134294 -11.3674116
v 8.33688354 2.99384475 -15.557126
v 8.6964407 3.04285765 -15.4860811
v 9.13760948 2.75596309 -16.3593941
v 9.66298771 2.68093038 -14.386755
v 8.26512527 2.98519254 -16.3070927
v 7.55230141 3.35310721 -16.5132008
v 8.02522182 3.01019955 -16.7118187
v 9.0166254 2.89386702 -16.4927502
v 9.14312649 2.38830304 -17.4385834
v 8.83849144 0.955166042 -18.3866692
v 8.1048708 1.41087615 -18.2538509
v 9.21718502 2.276232 -17.374054
v 7.44147301 1.37898493 -18.3281784
v 7.51975632 0.954786897 -19.045229
v 6.92802429 1.23438025 -18.7197266
v 7.98071289 1.42702758 -18.5336933
v 5.91763973 1.38213849 -18.8660622
v 9.44521427 2.29167032 -17.1573658
v 10.4941645 1.88835943 -16.9159927
v 10.0537472 1.74894786 -17.5479259
v 6.95648098 1.26830256 -19.0421181
v 6.0054059 0.941015065 -19.4955578
v 6.99158812 0.765568972 -19.5206165
v 7.33486748 0.248764873 -19.4931107
v 7.10448122 0.424929023 -19.7817078
v 7.0424161 0.160054848 -20.0816727
v 7.81656551 0.0540553406 -19.8533478
v 8.09251308 0.0372529514 -19.5412693
v 7.99281216 0.374281377 -19.3300152
v 8.48969173 0.0415725857 -19.1925049
v 7.80583 0.451862663 -19.0931664
v 8.52641964 0.342022806 -18.6909828
v 8.67916393 0.0491793193 -19.1972008
v 9.18000412 0.0215199683 -18.6946106
v 9.73075581 1.0144124 -18.0704346
v 10.5706568 0.00270474167 -17.9166508
v 10.2466002 0.703404069 -17.8612747
v 10.5711031 1.09090853 -17.6398811
v 11.1990242 0.0148515366 -17.6824646
v 11.3007088 0.615896285 -17.2296829
v 11.8277283 0.020387968 -17.4639454
v 11.2596655 1.45067763 -16.784359
v 10.7714806 1.99947822 -16.5919628
v 10.5016241 1.9037503 -16.7149487
v 9.89513302 2.40969706 -15.906064
v 9.70312119 2.41255164 -15.6461067
v 10.8471832 2.03963399 -16.145956
v 11.4014568 1.75095868 -16.475523
v 11.6597958 1.40873969 -16.3914242
v 9.78782177 2.63216162 -14.6262131
v 10.1362667 2.02047348 -15.4406233
v 10.7327108 2.22207761 -14.6705494
v 10.0305977 2.57631087 -14.5011597
v 10.7535181 1.78649759 -15.5548592
v 11.2618885 1.58650613 -15.5677891
v 11.4155416 1.9889344 -14.799428
v 12.2853956 1.11188328 -16.4786186
v 12.8902254 0.0112347016 -16.2035637
v 12.169488 1.25021803 -15.8169518
v 12.9699469 0.749831617 -15.9672461
v 12.574481 1.33074188 -15.9773283
v 12.9798193 1.23210192 -15.628787
v 14.2613754 0.689187706 -16.0413895
v 14.0336666 -0.00457603345 -16.0815697
v 12.4891939 1.41609406 -15.6192465
v 13.0048618 1.77912498 -14.8445892
v 14.6084404 1.93070436 -15.0376539
v 13.1824846 0.982666135 -15.7172041
v 15.1451368 0.266717434 -16.4398499
v 15.5829887 0.0190354362 -16.7912846
v 14.4927645 0.831518888 -15.9020214
v 14.1277723 1.3194288 -15.8034153
v 15.261528 0.69874382 -16.2635746
v 15.8352509 0.027975712 -16.9255981
v 14.9427023 0.628907382 -16.0632439
v 14.6457481 1.6096791 -15.4767151
v 15.7955303 0.496652544 -16.5289688
v 15.958849 0.0266975369 -16.7971668
v 15.8073015 1.58807182 -15.9986496
v 16.6056194 0.57127279 -16.7735271
v 16.5610008 0.0300438628 -17.170332
v 17.1611671 0.499785215 -16.7274952
v 17.4631767 0.0327943787 -17.1260815
v 15.9381933 1.45094109 -15.9214478
v 16.3508587 1.03595459 -16.1670094
v 16.2716312 1.86945045 -15.5353317
v 16.8491516 0.890237272 -16.2161274
v 17.4018936 1.30986202 -15.7484713
v 17.2653198 0.716155708 -16.3263187
v 18.2374058 0.957177103 -15.8966484
v 17.5171146 0.623126149 -16.5752964
v 18.0145569 0.454907835 -16.7892056
v 18.166647 0.0291923899 -17.0760403
v 18.6614494 0.0351373442 -16.7129021
v 17.963726 0.552048087 -16.6244144
v 18.612505 0.336126506 -16.399435
v 19.0661983 0.0389801003 -16.5683308
v 18.2124443 0.53879559 -16.443224
v 18.7636185 0.784071803 -15.7762709
v 19.2890759 0.5526613 -15.6613665
v 19.3457336 0.0233961008 -16.1667137
v 19.9083843 0.0355402604 -15.3694458
v 20.1174603 0.0398114547 -14.3074646
v 18.0183868 1.81105816 -13.5850258
v 18.379179 1.24212372 -14.887907
v 18.0326347 1.21259975 -15.4752169
v 18.3207626 1.71198165 -12.1026392
v 19.8466377 0.0344594009 -12.343545
v 19.9984703 0.0326218307 -11.1531343
v 19.120657 1.75364149 -8.84118366
v 20.5248528 0.0311078019 -8.75263119
v 16.9463501 2.08586812 -14.0702629
v 17.7386475 1.26307642 -15.443203
v 17.110302 1.66701591 -14.9846287
v 16.5519981 1.58721876 -15.61201
v 16.4104385 1.74202812 -15.1040354
v 16.9349823 1.95212853 -15.0220089
v 16.0857048 1.9333061 -14.8050795
v 16.7598457 1.83330512 -14.8883553
v 16.8574276 2.08779883 -14.452096
v 15.0471916 1.9178834 -14.4223137
v 15.3874302 2.23788881 -13.9926672
v 14.7562675 2.07049537 -14.5005083
v 14.6410275 2.25814962 -14.2239389
v 13.37607 2.0881176 -14.42834
v 17.0450344 2.22241735 -13.3266554
v 16.5914097 2.58659482 -12.4542971
v 17.8249893 2.03837419 -12.4273853
v 16.17976 2.24784112 -13.0234356
v 18.4893875 2.20669436 -9.2808094
v 15.5524797 2.24089694 -13.0343189
v 15.2328281 2.45012379 -13.4515419
v 13.7952795 2.40553713 -13.6711006
v 13.232336 2.21940446 -13.4210014
v 13.8106222 2.30170822 -13.2664099
v 13.0434589 2.33813381 -13.3776999
v 14.9426832 2.39664245 -13.1358957
v 14.8204136 2.56148219 -12.7843504
v 15.2973995 2.60415864 -12.6209736
v 14.5000973 2.85089064 -12.1896124
v 14.0539026 2.70577598 -12.9209023
v 12.1360006 2.10704207 -14.4423418
v 15.9805822 2.4846046 -12.558486
v 15.8692341 2.98974323 -12.0680332
v 13.6637688 2.83416891 -12.515172
v 13.3786755 2.78027296 -12.4394751
v 13.2799444 2.97669649 -11.848382
v 12.7118979 2.95511889 -12.2763109
v 12.8225231 2.23297644 -13.4636803
v 11.701787 2.23852515 -13.9085484
v 11.5361729 2.17509007 -14.4990339
v 11.1380787 2.32237053 -14.6900339
v 11.1372032 2.45782995 -14.0322075
v 10.9723206 2.35851836 -13.8070459
v 12.094697 2.14092779 -13.5462761
v 12.3620892 3.07978916 -11.8359556
v 12.7729063 2.90850425 -11.5899401
v 9.77331543 2.62558103 -13.3934984
v 11.4566927 2.90078878 -12.2438278
v 11.2533064 2.49951696 -13.2165318
v 11.023838 2.81659651 -12.7232666
v 11.6185579 2.87550449 -11.8353529
v 9.0618782 2.55777526 -12.2545128
v 10.1464777 2.69150853 -12.4457541
v 10.7654982 2.56431246 -12.0375071
v 8.57402229 2.19541097 -11.5625582
v 9.9805603 2.67106509 -12.1321545
v 12.5001116 3.12811279 -11.4126291
v 10.6828289 2.31158614 -11.20854
v 10.0370522 2.66529846 -11.7367535
v 9.75616074 2.08563638 -11.1520538
v 8.69969368 2.01438403 -11.313199
v 8.09687138 2.56510592 -10.4477901
v 12.7656946 2.81867242 -11.1854601
v 12.5992107 2.9600668 -11.1784716
v 12.9319935 2.98504758 -11.128706
v 11.3222218 2.75453234 -10.677043
v 12.2439575 3.15001559 -10.4630127
v 12.8483191 3.17799592 -9.90333176
v 11.3417177 3.52770185 -9.85152912
v 10.6385927 3.87180066 -9.56611347
v 10.5856752 3.47070813 -10.0712414
v 9.06801796 2.8844893 -10.1762543
v 13.6570721 2.99402666 -10.1208315
v 14.4663315 3.17457151 -9.97619152
v 9.61521626 3.604532 -9.92241764
v 7.27493191 3.04444766 -10.1471033
v 14.7072678 2.97187424 -10.8062277
v 6.30648041 3.29793286 -10.6666098
v 5.5028038 3.40221238 -10.7638254
v 6.16020966 3.85916638 -9.64455509
v 7.09926796 3.37363052 -10.0946388
v 4.74257803 3.86064076 -9.88103294
v 4.3405776 4.21956015 -9.2167387
v 8.45619869 4.10142422 -9.53716946
v 7.43848133 3.99502635 -9.65266705
v 8.45015335 4.60342741 -8.94823551
v 8.86369038 4.24483919 -9.50270939
v 7.38412142 4.3095746 -9.38608456
v 7.20777464 4.95869446 -8.30155659
v 9.06711102 4.52524328 -8.98936176
v 10.2177391 4.58968878 -8.12539196
v 10.6710081 4.50101376 -7.90790081
v 9.16113281 5.33236265 -6.60803223
v 8.53868198 5.02130365 -7.81230688
v 7.0610137 4.69488621 -8.88979721
v 5.76227474 4.26473331 -8.91187859
v 12.3797226 3.9300456 -8.45500088
v 5.89417505 3.85811996 -9.44462585
v 13.5012989 4.1136713 -8.55838013
v 5.2161231 4.95646095 -8.11450386
v 5.40677595 4.95760107 -7.84491062
v 4.3183217 4.34768963 -8.65319347
v 4.23694849 5.10709715 -7.56331539
v 4.75089502 5.16342878 -7.32248831
v 3.91031551 5.31445646 -7.06290245
v 3.23430157 5.32237434 -7.4969511
v 3.22922635 4.86877108 -7.74613428
v 6.44912386 5.05907106 -7.66143608
v 6.03543329 5.09790087 -7.86239433
v 7.04865646 4.93911934 -7.36572838
v 6.21891451 5.16656303 -7.21821642
v 6.15644741 5.26356697 -7.43246365
v 5.35656786 5.20013475 -7.46898794
v 4.44611502 5.15132332 -7.12153721
v 8.55654335 5.12031174 -7.38302279
v 8.30897045 5.29112482 -7.04812622
v 6.77306271 5.42421722 -6.97782469
v 5.26261663 5.26826382 -7.18846321
v 4.65180731 5.89431667 -6.67742348
v 5.70555639 5.25240707 -7.15107489
v 5.20163155 5.85370874 -6.58646774
v 5.18298006 6.45957613 -6.12688828
v 5.75315523 6.59013653 -6.0096817
v 6.15175343 6.37680769 -6.03934574
v 6.38228512 6.65527391 -5.11432314
v 6.60884285 6.5263176 -5.84179258
v 6.82358885 6.49203491 -5.71042204
v 6.70400429 7.21607542 -2.85681486
v 4.81765747 7.70233393 -2.73590422
v 4.86290264 7.94078827 0.18870084
v 8.03366375 5.88347864 -6.41214657
v 9.37341118 5.34243107 -6.14091396
v 9.54132366 5.53502941 -4.60928679
v 9.48896313 5.23861885 -6.49580288
v 11.4732637 4.43926954 -6.77250242
v 4.84643221 7.45275927 -3.51621151
v 2.55462646 7.41256285 -4.23329878
v 5.92098188 6.75876522 -4.96854877
v 4.13662386 6.670681 -5.15879202
v 5.18202829 6.68602943 -5.47043037
v 4.3143363 6.5922637 -5.52610111
v 4.58520842 6.39697456 -6.09702444
v 3.6920259 6.62698936 -5.50411415
v 3.2193017 7.1599679 -4.44161749
v 3.71632171 6.39799309 -6.23588371
v 3.02225828 6.55861378 -6.51529694
v 3.0127635 6.63503361 -5.11538601
v 3.66912103 6.61022758 -5.09584332
v 3.31082249 6.82010365 -4.79912138
v 2.96400332 7.27209806 -4.50524807
v 3.07990742 5.69332933 -7.14835024
v 1.97484589 5.26429272 -7.56179476
v 2.9713881 5.50928259 -7.56588507
v 2.81271148 5.12991953 -7.77253723
v 3.0192492 4.49447489 -8.82662964
v 2.0858078 5.38782358 -7.73134995
v 2.44517732 4.3287921 -9.13182068
v 3.91571283 4.00891733 -10.0351276
v 4.3314023 4.13740635 -10.5666914
v 4.02821016 3.90337515 -10.5535603
v 1.96942544 4.57292795 -9.23176479
v 2.14713621 4.82057428 -8.50994587
v 4.10611391 3.81009936 -11.028307
v 2.14697766 4.94563866 -8.68792725
v 4.29355907 3.73885942 -11.1126423
v 1.82693315 5.02490807 -8.51146317
v 1.62592661 4.76535988 -8.99872684
v 1.66521752 5.46171761 -7.74201012
v 1.01431215 5.11130953 -8.66102123
v 1.04339659 4.94748974 -9.06642151
v 0.762712896 5.14685392 -8.37085819
v 0.550635874 4.8786149 -10.3377705
v 1.1675694 5.93401575 -7.65313816
v 0.682801783 6.64661932 -6.97961664
v 1.33618379 6.09981537 -6.90305662
v 0.663701057 6.11946821 -7.3676815
v 1.37036979 6.39975882 -6.50334406
v -0.0734034553 5.18318176 -9.29631996
v 2.55691481 6.78341293 -5.73445225
v 2.22417855 6.75149012 -4.92237854
v 1.94067788 6.89270926 -5.45970678
v 1.76118433 7.11768484 -5.51590395
v 2.22930574 7.28739929 -4.49051142
v 1.66470635 7.0499258 -4.98887014
v 1.46168649 7.35889387 -4.54223251
v 1.55162323 7.80945778 -4.05413675
v 0.765604913 7.37246513 -5.70419073
v 0.935584188 7.0663743 -4.60122538
v 0.129981443 7.29928589 -4.17411613
v 0.969181359 7.29611921 -6.0279851
v -0.709945977 6.64277744 -5.84031105
v 0.0347326472 7.13232279 -4.39221621
v -0.333664507 7.31087446 -5.3144145
v -0.810830057 7.09591293 -4.28251553
v -0.580441773 7.01952076 -4.1840744
v -0.271268427 8.20091152 -2.81969166
v -1.90681028 7.13100386 -3.27291274
v -1.03245962 7.17902756 -4.91737938
v -1.40675044 6.97157764 -4.23554659
v 0.241448745 7.98960209 -3.3820107
v 0.258502871 8.15772438 -2.89522576
v 1.05833197 8.20616817 -3.29014325
v -1.24626291 7.09493446 -4.84390926
v 0.336115479 8.53608513 -2.34611177
v 2.61985016 7.95402193 -2.75507951
v -1.29309571 7.71959591 -2.78091645
v -0.62925458 8.1072607 -2.43774557
v 1.05776179 8.68659401 -2.36027288
v 1.92924333 8.41789627 -2.30815196
v 3.45686293 8.01142693 -0.766239405
v 3.83092308 8.20483398 0.207796857
v -1.94663644 7.37460136 -2.80735016
v -1.33449221 7.53339958 -2.20388556
v -0.37042883 8.09110451 -1.91696179
v 0.117359534 8.38805866 -1.79956222
v -1.19278324 7.45179605 -1.85309076
v -0.167735532 7.81472921 -1.36352563
v 0.883709848 8.42737865 -1.4638555
v 0.467101812 7.63490725 -1.14171088
v 1.55623269 8.49031734 -1.62680137
v -1.60779309 7.36637545 -1.80850983
v -1.22918725 7.75855589 -1.02737093
v -1.73326027 7.40842104 -2.08252192
v -2.17752004 7.60856724 -1.40749931
v -0.42550081 7.58776188 -0.884670138
v 0.0899043158 7.65304852 -0.00280898716
v -1.90900803 7.65869474 -1.01266849
v -0.966996729 7.36108828 -0.730862856
v -1.54393983 7.19036722 -0.25288263
v 0.431274772 7.56845427 0.298948944
v 1.25227523 7.63905668 0.291706771
v -2.07548118 7.25158548 -0.739058793
v -3.38824463 6.81350088 -0.514041305
v -3.43484306 7.11763525 -0.677665114
v 0.605310321 7.51889133 -0.751906872
v 1.00507486 7.63560486 -0.0752620399
v 1.34188426 7.89103699 -1.16390276
v 1.51022947 7.63789701 -0.540785372
v 1.49062884 8.2167244 -1.34816873
v 2.04409599 8.33402824 -1.58829713
v 1.64358246 7.64766264 -1.0978595
v 2.29884434 7.91110945 0.0528029054
v 1.67759216 7.64369488 0.068754293
v 2.55187321 8.08050346 -1.85487711
v 2.4434967 7.81529093 -1.34238935
v 3.06737328 7.78854656 -1.26278985
v 2.9327507 7.94499302 -0.563012421
v 3.01071072 8.03680325 0.1495253
v 1.36219299 7.51440477 0.682072759
v 3.61707759 8.10076332 0.705085039
v 2.93167663 7.8823204 0.451217115
v 4.57021284 8.11444378 0.426512092
v 5.600564 6.89377689 1.68013895
v 1.85740983 7.44562674 0.360199004
v 1.81863511 7.48357391 0.937696815
v 1.72215891 7.31263494 1.80181146
v 2.50181198 7.80228138 0.202512026
v 2.37523055 7.49413443 0.740190029
v 0.900577605 7.59917355 0.858617544
v 2.08942628 7.15071821 0.940467119
v 2.48910308 6.76270103 1.73483443
v 2.5452354 7.31849766 1.44399869
v 1.1166563 7.54105759 1.3363595
v 4.13140059 7.98744106 0.926677227
v 4.18402624 7.45914364 1.35806322
v 0.126191035 7.33633995 1.13099551
v 4.91996288 7.34012556 1.3676728
v -0.0338082984 6.85519218 1.89354503
v 0.258280933 6.71645117 2.12527514
v -0.179594204 6.95014763 1.87084496
v -0.00774125801 6.59474707 2.08144832
v 4.47004652 6.92489195 1.6640414
v 3.81581759 7.06019068 1.61752605
v 5.0994873 6.646492 1.97382677
v 1.45114136 6.878685 1.97386241
v 0.0107061611 6.29691076 2.07160068
v -0.509909868 6.64674139 2.10293341
v 2.08256269 6.90728426 2.03396821
v -1.16517496 6.71714687 1.81681633
v -1.99888754 6.82304811 0.436614245
v 2.69707918 6.33005524 2.57226682
v 1.67471111 6.50628901 2.67894125
v 2.62736297 5.93006516 2.72149611
v 1.26435709 6.0810318 2.86809254
v 3.16123843 6.68885851 1.86227632
v 3.3381691 6.18451214 2.48407316
v 3.17509723 5.89425135 2.62156129
v 4.03886986 6.62151575 2.1028266
v 3.68573713 6.03338385 2.55366659
v 4.38055372 6.12381172 2.61220765
v 4.68592167 6.18836451 2.58923864
v 4.58719492 6.03897285 3.71671295
v 4.40657997 6.12865782 3.26076841
v 4.03520536 5.83727455 3.46073937
v 3.72526717 6.03690672 3.09866476
v 3.31265688 5.77632856 3.35147738
v 5.38732433 6.38880062 2.5508399
v 5.56739616 6.31230688 2.68622923
v 5.04347563 6.16085386 3.65662384
v 3.54674029 5.67232084 3.73939943
v 5.66988611 6.45730066 2.39830494
v 6.11716413 6.48201275 2.49486542
v 7.09359598 6.55270672 1.60533094
v 6.62986755 6.33319139 3.17305636
v 7.43110466 6.12831736 3.19441986
v 6.97533178 5.68419123 3.93114972
v 6.41205597 5.94072247 3.83016229
v 5.49608803 6.13175392 4.34443045
v 6.22500896 5.50155735 4.28266716
v 5.02151728 6.08668756 4.6629262
v 6.51530981 5.45619678 4.51776886
v 5.7048955 5.93585396 4.99629879
v 7.21825409 6.94368172 0.153917134
v 8.45641994 5.87881756 1.89208245
v 6.73020983 7.31721926 -0.745259464
v 7.79983854 6.73237371 -1.12975276
v 9.32613564 5.48415089 0.972177327
v 7.1119833 7.15023041 -1.44457185
v 8.61249065 5.77471828 2.14645863
v 8.95376301 5.36243582 4.58050394
v 9.94807625 5.31214333 2.2892797
v 10.067873 4.80940723 6.24039602
v 11.1755905 4.95240879 2.67638993
v 9.41479874 5.09484196 5.90223885
v 9.17485237 5.63200665 0.286643416
v 9.42141247 5.37618017 0.646662652
v 10.8087788 5.38569164 1.6495384
v 10.7456102 5.37386084 2.06749344
v 11.114994 4.88034201 2.23926735
v 9.36847878 5.43858576 0.318509012
v 8.31831264 5.69350624 4.5657649
v 7.69702578 5.73408079 3.92351556
v 8.51922607 5.16220284 5.14201784
v 6.93880463 4.94880676 5.45336103
v 8.94551086 5.19831085 5.19523239
v 8.60613155 5.31627846 5.89109659
v 6.79978848 5.23870611 5.08874035
v 6.2912674 5.78925848 7.61226988
v 6.91412687 5.34943056 7.44617224
v 6.7487421 6.26095915 8.43758488
v 7.06022501 5.08056498 6.52998829
v 8.87662125 5.46926069 6.71475935
v 7.97595978 5.4268012 7.07306242
v 7.15709591 5.03339672 7.21552372
v 7.93854475 5.29292536 7.4426589
v 5.82546806 5.91938591 5.51199675
v 7.80414915 5.37288427 7.9484086
v 5.41919374 5.91058111 5.13417768
v 9.42367744 5.01709175 7.2851305
v 11.0552816 4.25686359 7.45065069
v 11.374403 3.636235 8.57288551
v 8.91812897 5.3727026 7.41834497
v 8.95913887 4.9936161 8.23102665
v 7.94232845 5.31622076 8.30879211
v 7.74670172 5.87554312 8.9588623
v 8.69256306 4.90031338 8.33649254
v 8.75684261 5.06012154 8.86948299
v 7.2553978 5.4610858 7.60841179
v 6.95373392 5.95602703 7.94766665
v 7.30882549 6.06736803 9.36245155
v 6.93327141 5.99810553 9.20289516
v 7.94623804 5.43445969 10.9079409
v 9.98005486 4.16739655 11.2225657
v 7.2861886 5.78589487 9.85464668
v 7.60335207 5.70907831 10.2490625
v 6.98981857 5.75617743 10.3064671
v 6.72525072 5.71373653 9.50549889
v 6.32316446 6.22007084 8.71329784
v 6.45453405 5.58569336 9.59125328
v 6.02119541 5.39050961 9.42374992
v 5.93641281 6.23804379 8.41726685
v 5.65309477 6.11258221 8.62927246
v 5.80912447 6.05438757 7.90055084
v 5.50071716 6.05645943 8.30104065
v 5.49877787 5.85048389 7.0836997
v 4.94356298 5.7164855 7.09918404
v 5.33034611 5.90411663 6.60742092
v 5.16091251 6.08833218 8.32183456
v 5.29742527 6.03166723 5.82759714
v 5.71968842 5.38312292 9.34918022
v 5.22239971 4.40395689 9.54752445
v 4.70569181 5.01211834 8.88656044
v 4.83163404 5.56871748 8.53173542
v 4.59047031 5.23105526 7.36133575
v 4.78471231 5.6842761 6.38004971
v 4.67542124 5.46533012 7.07800293
v 4.33861876 5.58193207 6.55780697
v 5.9967432 5.3226881 9.72800255
v 4.71805859 5.22650051 8.53105545
v 4.38922501 5.2383647 8.49791527
v 3.98314929 5.55315638 6.6936307
v 3.88778424 5.2280755 6.93013573
v 3.43943071 6.1087656 6.25667953
v 3.39906549 5.9598093 6.56506252
v 5.38362408 5.23816872 10.8128586
v 4.24584389 5.03277874 7.52302313
v 3.997087 5.76675177 6.35328293
v 3.87982559 5.05219936 7.57444668
v 4.07299757 5.99427462 5.92201567
v 4.32204723 5.88970995 5.86025238
v 3.93069625 5.79405928 5.23378849
v 4.63916636 5.92085075 5.55792761
v 4.44722605 6.01533794 5.12485933
v 4.82870579 5.81078291 4.91549778
v 4.58535004 5.9014678 4.83503485
v 4.18156004 5.68763161 4.78402996
v 4.23472452 5.98896837 4.06074142
v 3.83950686 5.86335802 4.52754784
v 3.58692956 5.66905022 4.7402668
v 3.22653484 5.70897007 4.28029585
v 3.27277517 5.51237965 4.6591897
v 2.81011152 5.60720062 3.80272341
v 2.92176056 5.88863897 5.54786301
v 2.70007896 5.84983492 6.10755825
v 2.88150454 5.64351511 4.35216761
v 2.55168152 5.73516941 4.296031
v 2.77214837 5.52494431 4.70794535
v 2.40724325 5.58891201 4.74347878
v 1.98720181 5.67973566 5.30532265
v 0.365181804 5.46085262 4.46602583
v 2.71663284 5.73294735 6.46698046
v 1.91889989 5.48572445 6.39721107
v 2.83612156 5.3868742 6.78196335
v 2.25337529 5.35716009 6.50595856
v 0.795823932 5.34086895 6.09858799
v 1.13771439 5.08359146 6.36422729
v -0.188171625 4.96340418 6.05090332
v 1.14177847 5.33803892 7.59063768
v 1.9015547 5.33074379 6.96446562
v 0.34088096 5.51655579 5.07084608
v 2.77048373 5.29563332 7.15155554
v -0.277153909 5.23978567 5.97122049
v 1.24566162 5.25887394 7.78308678
v -0.247506514 5.5379014 4.43283081
v 2.93938112 4.95504713 7.31959391
v 2.27169299 4.88334179 7.51978254
v 3.52246547 5.14171505 7.37418747
v 2.19380522 4.85636473 7.9707489
v 3.11572599 4.64069891 8.11541462
v 3.20074415 4.59648609 8.45412922
v 1.5477668 4.77828646 8.1264677
v 2.93815279 4.6069665 8.41017723
v 2.31267166 4.57485628 8.30595589
v 3.93065572 4.38684273 9.09774685
v 3.02545118 3.96252799 9.13969994
v 3.86487198 3.84179616 9.25264931
v 2.31234837 4.1782136 8.60986328
v 2.41497564 3.38849092 8.9788599
v 1.93502164 4.14258909 8.74994469
v 1.29589808 4.47628593 8.11296749
v 4.47088242 4.80746508 8.85099316
v 4.04707336 4.61848593 9.0765295
v 4.63941574 4.9312315 9.20321178
v 4.89252663 4.56726265 9.54647923
v 1.48114359 3.59283686 8.6213026
v 1.00827336 5.10061169 8.04598045
v -0.31216988 4.90358067 7.77521849
v 0.666922927 4.76342249 8.1123991
v 1.03822231 4.38456774 8.19125271
v 0.899689853 3.93240714 8.36026001
v 1.21945608 3.70772147 8.62557411
v 0.608664215 4.2364769 9.66230106
v 0.592521667 4.11264467 8.36017036
v 0.549183607 4.37358999 8.20553684
v -0.0644378215 4.13050175 8.74058342
v 0.0944894701 5.1150074 7.50748014
v -0.054012835 5.00198698 7.01988792
v -0.347675651 5.15102911 7.2685256
v -1.35917294 5.137393 6.966115
v -1.3242681 5.02347994 5.68176317
v -1.5596981 5.555264 5.31544542
v -1.50955915 5.07265902 5.9661355
v -1.33911836 5.53396177 5.12280273
v -0.614998519 4.36850977 7.97510624
v -1.1349088 4.78368568 7.63707924
v -0.809874535 4.41546154 8.38110161
v -1.13430178 5.38159657 3.85954881
v -1.56976068 5.46449137 3.87840509
v -0.222385556 5.39576483 4.0532999
v -1.21862626 5.47257996 3.47741508
v 0.357874513 5.51218987 3.8137033
v 1.99859262 5.69243145 3.26853561
v -0.209647343 5.43339348 3.00695705
v 1.28976989 5.9946599 3.06914973
v -0.840596914 5.46067858 2.69193149
v -0.101025894 5.89883614 2.47447419
v -0.81422621 5.77571106 2.33186388
v -1.67091095 6.05036926 2.81197309
v -1.36940277 6.37699318 1.87980461
v -2.01731157 6.00815582 1.99327767
v -1.72827673 5.62481546 3.16837239
v -2.04695296 6.57802534 1.65061331
v -2.13823581 5.9495616 2.71454096
v -2.58713865 5.93614721 2.31607962
v -2.42584395 5.95917177 1.97429502
v -1.97926617 5.76957941 3.14335299
v -2.15559721 5.42718983 4.03188562
v -2.34527111 5.6339922 3.84399128
v -2.00516295 5.39095497 4.39821529
v -2.25661373 5.44443274 4.74008703
v -2.59704518 5.35643959 4.73666048
v -2.73326063 5.65421915 3.25235319
v -2.50678182 5.63436079 2.90198898
v -2.65816283 5.71144438 3.56158662
v -2.79694939 6.45298862 2.17707133
v -3.12122989 6.58213997 1.59246886
v -2.4598105 5.34366083 5.39152193
v -2.26523232 5.07004261 5.6150589
v -2.6903677 5.06969786 5.44506264
v -2.54034305 4.93084383 6.41310549
v -2.85036087 4.89109039 6.7817359
v -2.91706347 4.98216772 5.93616915
v -3.06769252 4.94939089 6.83148909
v -2.77291918 4.4997716 7.10285378
v -3.0372622 5.45583725 5.86259317
v -1.9442836 4.261127 7.44424868
v -1.98628402 4.23479557 7.75867653
v -2.16720891 4.4288578 7.71415281
v -2.79676843 4.37695503 7.32128096
v -2.11063433 3.98755717 7.92589664
v -2.65950537 3.90138817 7.54638338
v -3.18739867 5.7844243 4.8144536
v -4.0888319 5.33275175 5.26146555
v -3.09926629 5.93930101 4.54312754
v -3.58095717 6.00116062 4.46642971
v -3.10963273 6.0737524 4.0424881
v -3.55188227 6.08196449 4.00344419
v -3.20453143 5.96136141 3.70853209
v -4.12848759 5.80415154 4.58409262
v -3.99561334 5.9873991 4.01858521
v -4.72586155 5.72112942 4.21727276
v -3.82206392 5.38240719 5.94275188
v -3.43285823 5.22914171 6.36531734
v -3.57413173 4.82229996 6.49891901
v -4.08238745 4.79456615 5.8483305
v -4.90764284 4.95221806 4.86189318
v -4.0629859 4.67249775 6.46307468
v -4.93424129 4.89184427 5.67403412
v -4.04593611 6.0464654 3.05311203
v -3.3936801 6.04769373 2.87668085
v -4.75105619 5.82183933 3.60460448
v -5.33326387 5.5555253 4.27510691
v -5.71879864 5.73053503 3.7361114
v -5.72003365 5.11828947 4.4432025
v -6.33279514 5.85742903 4.37604046
v -4.51217747 6.06787109 2.88191223
v -4.78875875 6.30334044 2.03790021
v -5.2998724 5.01813793 4.79542732
v -5.53853321 4.84999704 5.25783682
v -5.13491583 5.72012424 3.39275408
v -5.794559 4.98183727 5.53386831
v -5.77725458 4.72576666 5.70002604
v -6.08216047 5.37327147 4.56021738
v -6.5226078 5.05849886 4.65060377
v -5.51599121 4.62711525 6.16650581
v -6.69206476 4.8042841 5.49622107
v -6.34342194 4.92060947 5.65471077
v -5.63023853 6.07034731 3.03884339
v -4.74340296 6.22099352 2.46306229
v -5.92314196 6.36858463 1.66928339
v -5.64027023 5.68509245 3.34740043
v -6.14779902 6.41646338 3.1063652
v -6.31576109 6.61883211 3.21588373
v -6.48939848 6.49061394 3.10270524
v -9.41309643 6.59414482 1.76561737
v -8.85446072 6.38776588 3.22296739
v -6.31545591 6.44114447 3.86737323
v -6.77083015 6.37879705 3.81154203
v -7.18507624 6.31585026 3.68554688
v -7.54953861 5.63889742 4.14706898
v -8.20673275 6.01119852 3.89327931
v -8.13669968 6.30589151 3.56848836
v -7.24935389 5.20584822 4.35066414
v -7.63988066 4.74356985 4.46608925
v -7.21482325 4.82562685 5.05840015
v -8.03351021 5.54373455 3.86223292
v -8.13911629 5.59341526 3.99034166
v -8.94560528 5.97691965 3.64968228
v -8.56975842 5.67450571 3.97745252
v -9.16311169 6.05544043 3.62780809
v -8.94151878 5.33174467 3.76720715
v -8.69405651 4.75143051 4.4819479
v -8.050354 5.13446045 4.56812477
v -9.41512871 6.48574638 3.06825852
v -7.73359299 4.72711897 5.09618235
v -7.97767735 4.94933224 5.1437974
v -8.72801781 4.60314274 4.89925241
v -9.09560108 4.90590811 4.14057636
v -9.26764297 5.63746738 3.67508435
v -9.48435783 5.83032751 3.59441829
v -7.07501221 4.42573929 6.09641409
v -8.46059513 3.85318756 6.03097725
v -7.36942863 4.25294733 6.06335926
v -9.33231258 4.13690901 5.04084587
v -9.36308479 4.7090168 4.11945057
v -6.62979698 4.19758177 6.34671783
v -9.82310295 6.43224478 2.43638277
v -10.379818 6.003335 1.97516596
v -10.0358343 5.35434246 3.01773405
v -10.3972044 4.76987028 3.63106322
v -9.87741947 4.47451353 4.52575207
v -10.5989857 4.20406103 3.92911243
v -9.86873722 3.8976934 5.50493479
v -7.35096502 3.91268396 6.61590338
v -9.95893097 6.42798281 1.59770775
v -10.5528927 5.73714209 1.10552514
v -9.72060013 6.12233162 0.643067718
v -10.7111921 5.34533024 2.15403914
v -10.3944063 5.33208561 2.58432126
v -10.7443199 5.16850185 2.75221133
v -10.1252813 5.71807671 0.629452527
v -10.3976316 5.48166418 -0.148023009
v -10.8272638 5.1911478 0.233907983
v -10.8947802 5.48366022 1.03482676
v -11.206543 5.5479784 1.09093416
v -11.1173296 5.57323551 2.64774346
v -11.508462 5.75126219 2.07092571
v -11.1960602 4.82194281 2.78212333
v -11.7173681 5.58164215 0.230702266
v -11.927331 5.53181934 2.37988305
v -11.8040915 5.58547211 1.71046734
v -9.94400883 6.35056973 -0.91058594
v -10.4932175 5.63823366 -0.650391698
v -11.4237213 4.75388575 3.96073055
v -11.5982819 4.71953773 3.28471422
v -11.5430136 5.43537283 0.0756285638
v -10.9454527 5.30213261 -0.344291717
v -10.9287958 5.18802786 -0.704665959
v -10.7283278 5.69048452 -1.22104859
v -11.2652254 5.31017399 -0.636975229
v -11.1272097 5.54730225 -1.29024005
v -12.1853867 5.32566452 2.42435837
v -12.1974268 5.36311865 1.71482205
v -12.0790405 5.03727055 3.23050404
v -12.36378 5.43056154 2.53818011
v -12.620038 5.24094963 2.47062945
v -12.0415144 4.61990261 3.3129952
v -12.1442719 4.14928675 4.8360157
v -11.7811813 5.27118349 -0.799109995
v -11.4659462 5.56274271 -1.19313753
v -11.6370373 5.36664534 -1.58429444
v -11.0208721 5.58627224 -2.29629779
v -11.721755 3.99658132 4.90167522
v -10.5586157 3.90447044 5.20873547
v -11.9623938 4.8679862 -0.251189858
v -11.9715548 5.35310888 0.309086889
v -11.9578552 5.46823645 1.25158012
v -12.3246164 5.22508907 0.848663867
v -12.2789364 5.24650383 0.374881089
v -12.3346519 5.06851149 -0.709352016
v -11.9886599 5.2662735 -0.871388733
v -11.9063873 5.18538761 -1.64428759
v -12.2128515 5.12934303 -1.49541903
v -12.2317352 5.20688486 1.22346056
v -12.9273911 5.47253275 0.622759819
v -13.2795973 5.40377712 0.591498673
v -12.7076721 5.06137419 -0.366534233
v -13.4140997 5.01829815 1.68841982
v -11.6753912 5.46057844 -2.44194889
v -11.9484539 5.20963955 -2.3510139
v -12.2619209 4.8528986 -3.44853163
v -13.0662365 4.74983978 -0.760933816
v -11.4211836 5.2891798 -3.05942869
v -11.7866783 4.99055147 -3.40454888
v -11.5005951 5.44062567 -3.64793777
v -10.8713131 5.44578171 -3.13129568
v -12.9905958 4.83170843 -0.396601617
v -14.2525902 4.54081917 0.28859368
v -12.2309237 4.18723822 -4.32598877
v -10.5916672 5.4981761 -2.69756484
v -10.1690741 5.65457821 -2.72871113
v -10.4409742 5.52894926 -3.67410874
v -10.4246483 5.67806196 -2.30981374
v -14.0480194 4.58672523 0.100321777
v -9.50923252 6.40967369 -1.06357729
v -8.71843529 6.29637241 -0.0726940483
v -6.61442614 6.3784318 1.08541894
v -6.1331625 6.14569283 1.09316349
v -5.73156166 6.29208899 1.28737807
v -13.8500071 4.41796827 -0.605636954
v -14.5549202 4.59653282 -0.592216849
v -13.2037554 4.55865192 -1.68352246
v -13.063694 4.26870632 -3.82990313
v -14.3834162 4.93224859 -1.14491665
v -12.5776558 4.59431839 -3.76323771
v -12.0905724 4.07194853 -4.71490669
v -14.9524889 4.15691996 -0.477109373
v -12.0701294 4.5175333 -4.41977549
v -11.419775 4.96828508 -4.46070099
v -11.4517975 4.6307435 -4.98626232
v -10.9264746 5.56426859 -3.98054886
v -10.9636116 5.73546839 -4.7331934
v -10.4713621 5.96260071 -4.29592562
v -10.9136152 5.54184294 -5.21807909
v -9.74509811 5.27796793 -3.32922173
v -10.3391037 5.86449003 -5.44278288
v -12.3473997 4.59200096 -4.99722433
v -12.8622532 4.52306318 -5.21977997
v -13.7980223 4.40959644 -5.48884487
v -13.3078651 4.69723749 -5.04193401
v -10.3243847 5.20342636 -5.86013365
v -10.2966833 5.62238407 -5.71107101
v -11.7782545 4.496768 -5.37090683
v -10.6901855 5.28358698 -6.19291735
v -9.36968327 5.81345463 -6.04757357
v -9.12102127 5.93933868 -6.30101299
v -13.4034166 4.63271332 -4.67622328
v -14.0582294 3.90315294 -4.82482576
v -14.0609751 4.57307291 -3.4059155
v -14.2917194 3.88411283 -4.87488222
v -13.7851791 4.47806263 -1.82655084
v -14.1578808 4.59625816 -2.53729701
v -14.5356646 4.66274881 -1.57918978
v -14.9755659 4.03241348 -1.30679023
v -14.4048901 4.01251411 -4.06131554
v -14.9055815 4.19436646 -1.82347512
v -14.512805 4.34712839 -2.63757086
v -15.8708944 4.31909704 -1.26279974
v -15.6426878 4.09638119 -1.0197525
v -14.8626366 4.27340984 -5.55320978
v -14.7601929 4.40800571 -4.46892691
v -15.3094635 4.59442091 -3.93451905
v -15.7766466 4.73377848 -2.89390898
v -15.0804186 4.33147287 -5.56685734
v -14.5935364 3.67043042 -6.91162443
v -15.7804489 4.19519901 -5.18547678
v -17.2518044 4.49772406 -6.56673431
v -15.8844833 3.92162967 -7.27846289
v -14.7472897 3.41975904 -8.16338444
v -15.7301731 4.61260605 -3.57125759
v -14.6196012 4.40141106 -5.42573309
v -14.077467 4.04221106 -6.68948269
v -16.1623878 4.40530539 -3.4251442
v -15.7696314 3.6260159 -7.69356775
v -16.0000782 4.19324398 -3.87670207
v -14.2663136 3.59165692 -7.87956476
v -14.3293505 3.67599535 -6.89181852
v -14.0018959 4.13315487 -7.02473068
v -13.4385719 4.14171314 -6.21510124
v -13.7354841 3.73752832 -8.1762085
v -12.693778 4.32893276 -5.7436986
v -13.4529924 4.28244257 -7.11557341
v -12.8939438 4.60486221 -7.23592472
v -11.992981 4.78595734 -6.25748348
v -12.4148426 4.47984934 -6.45456886
v -11.7695379 4.71167898 -6.49441719
v -10.9744244 5.20883179 -6.88050699
v -12.5548801 4.60079956 -7.27044106
v -12.3927326 4.3072772 -8.40577412
v -12.9378052 4.04264164 -8.19942665
v -13.042099 3.93697858 -8.55304432
v -13.2300224 3.75074911 -8.53168964
v -13.5729389 3.19666219 -8.94514656
v -13.5445147 2.69606829 -9.42989063
v -14.7252674 3.15771484 -8.42765522
v -15.4047604 3.37936306 -7.83450127
v -16.0421448 3.2159307 -7.66947985
v -15.984642 2.8337481 -7.99916935
v -16.6363831 2.58778524 -7.88548326
v -16.8034611 4.116117 -7.10564089
v -15.9004688 2.93962121 -8.49163532
v -17.2986145 4.05876875 -7.04619932
v -14.4180908 2.34064865 -9.50383663
v -15.7776728 2.67751837 -8.96876049
v -18.1841164 4.08218384 -6.42291689
v -17.7996731 3.63292718 -7.01840973
v -16.6789627 2.54369497 -8.67515564
v -16.4572792 2.45906234 -8.72563744
v -17.8345833 2.05049658 -8.62671375
v -16.437891 1.3712846 -9.99830723
v -16.0670776 1.68302655 -9.83533192
v -15.4472675 2.11548567 -9.57800484
v -16.8574734 2.45258164 -7.87703085
v -17.0392742 2.4404192 -7.93332624
v -18.1678715 2.06547189 -8.17401028
v -18.9840775 1.54752803 -7.8842206
v -17.9318237 2.04276657 -7.86822176
v -18.3777714 2.50561953 -7.58661413
v -18.1831226 3.80369687 -6.87314034
v -18.6884766 3.59500551 -6.6638813
v -18.9535294 3.78133893 -6.21923828
v -19.0049591 2.67610765 -7.39818764
v -20.4675407 1.52770972 -7.55483055
v -19.9257946 2.58419681 -7.11413479
v -20.3427582 2.95015049 -6.48115826
v -19.843647 2.80567336 -6.75390482
v -19.3685169 3.22298145 -6.73766327
v -19.4106579 3.49034452 -6.39971161
v -19.7210464 3.53302646 -6.19993877
v -18.3590393 4.40993595 -5.84720087
v -17.6097889 4.67074633 -5.78493643
v -20.17663 1.03681958 -7.69569063
v -19.6059303 1.47356594 -8.08796406
v -20.6314812 0.844702601 -7.75865889
v -19.8896809 3.39555812 -5.88179302
v -19.3921795 3.82311797 -5.26260567
v -18.3439884 4.46959972 -5.28090429
v -18.9695549 3.88333178 -4.89015627
v -17.9804516 4.49555492 -4.53597593
v -17.8738308 4.56414843 -5.32115173
v -19.6079044 3.43784046 -4.90934706
v -20.1263237 3.53968978 -4.33261442
v -19.9596767 3.40583825 -4.78983927
v -20.3676338 3.01502132 -5.45710278
v -21.0135765 2.89122367 -4.48924112
v -20.757761 3.04454803 -5.32166576
v -20.374115 3.10308337 -4.09740543
v -20.5829811 3.119735 -6.0975852
v -21.2225533 2.38700366 -6.52961779
v -19.118576 3.94593835 -4.48469687
v -21.2762089 2.62194157 -5.9889555
v -19.9033451 3.2423439 -4.04118156
v -19.4777508 3.22109652 -3.93587542
v -20.7090092 2.75597262 -3.7927587
v -18.8611107 3.75302577 -3.82342362
v -19.6444931 3.26459455 -3.71119308
v -18.9471588 3.79602122 -3.31771564
v -22.3649311 2.26409483 -5.2200675
v -22.7228909 2.00876713 -5.55395365
v -23.1678123 1.92062664 -5.30188751
v -22.7126713 1.73935044 -6.01844645
v -22.4433861 1.72698486 -6.34585667
v -22.81777 1.41181183 -6.58028173
v -21.7693138 1.42282486 -7.15521431
v -22.6530113 0.0463750511 -7.62389994
v -23.0401974 0.0238041207 -7.429914
v -24.4947853 0.0364432409 -7.02186775
v -22.3248806 0.184921771 -8.2463026
v -23.0603466 0.0580015369 -7.96326208
v -22.3772869 0.0461792499 -8.49724483
v -21.0422306 0.718465865 -8.17823982
v -20.7383938 0.681596756 -8.55098438
v -20.1694946 0.0330178067 -9.40173531
v -18.9920464 0.0352155752 -10.0301752
v -17.9317303 0.0416238457 -10.7378416
v -18.0897827 0.0377669968 -11.0779953
v -16.4622612 1.40083289 -10.3718443
v -16.5620975 1.31607234 -11.229291
v -15.4363203 2.09582162 -10.7869959
v -16.9166927 0.757185757 -12.1680279
v -17.7418079 0.040678896 -11.8785496
v -17.8982639 0.0444736369 -12.0929012
v -17.525568 0.0369240455 -12.6142731
v -15.7039146 0.538214445 -12.8553648
v -16.4152393 0.0296018515 -13.0044603
v -15.3846607 2.42795467 -10.0972834
v -16.3313274 1.26570451 -11.9637213
v -16.0018635 1.67199266 -11.8090668
v -15.9766426 1.85001218 -11.2220907
v -14.8631029 2.77343774 -10.7676764
v -14.5595636 2.70969701 -9.92577839
v -14.7729406 2.61267209 -11.2758589
v -14.5500622 1.11961424 -12.9671497
v -14.6040344 2.70722342 -10.4226999
v -14.3198128 2.9978075 -10.0031147
v -14.2950926 1.34758878 -13.2425909
v -14.4147482 2.99988461 -10.7401352
v -13.8592968 2.99908185 -9.94396496
v -13.252984 1.87119889 -13.0332832
v -12.2712765 2.37579656 -13.1394386
v -12.0944653 3.17780328 -12.2405357
v -13.4329138 2.67172241 -11.9342213
v -13.3523121 3.5726397 -10.3685455
v -14.8954916 0.475988865 -13.7772655
v -14.7868786 0.0128670251 -14.0188189
v -13.5709419 1.52540946 -13.5078144
v -11.4723921 2.10991693 -13.7549458
v -13.398056 3.50544834 -9.99294472
v -11.0881605 1.75859082 -14.3521576
v -11.3698187 2.44418287 -13.9509935
v -11.0550804 2.83951831 -13.5232038
v -11.0418577 2.91263509 -14.0898018
v -10.7907362 3.29553604 -13.9889021
v -13.2831821 2.98085189 -9.32935619
v -12.5152388 3.32477832 -9.56599617
v -12.6909056 3.48731279 -9.78129101
v -12.7848034 3.78679228 -10.4471722
v -10.0833979 3.55872154 -14.0510139
v -9.99755859 3.48410511 -13.8857565
v -10.8049603 3.06666231 -13.3351021
v -9.4932251 3.42552876 -13.4952898
v -9.36861706 3.65692806 -13.8409643
v -12.4592285 3.87049437 -9.85379314
v -11.9454212 4.07571554 -10.6092157
v -9.15933418 4.22175932 -13.4698925
v -12.3004246 3.26059127 -11.4949703
v -11.8373842 3.51721311 -11.5186052
v -8.83273411 4.53169441 -13.8548517
v -9.16281605 3.99542522 -13.2380524
v -8.79964352 4.22635221 -14.9390621
v -8.06673717 4.06943703 -14.5940304
v -8.4685955 4.21461058 -13.3107576
v -8.27176762 4.28285074 -11.8325033
v -7.01549339 3.972543 -13.3583412
v -9.60435104 4.54149294 -11.9307556
v -10.2718649 3.95485616 -11.9793396
v -6.58367586 4.00278902 -13.9491987
v -9.565588 4.7761302 -11.2696972
v -8.08296108 4.45374203 -10.4787178
v -10.1476908 4.68682671 -11.3376036
v -9.82543755 3.73633361 -12.8253956
v -10.5141058 3.32885098 -12.729104
v -10.4621887 3.30992174 -12.5323992
v -10.5032673 3.47882676 -12.4592943
v -11.1282625 3.44192624 -12.31707
v -11.3062391 3.09098649 -12.8232203
v -11.6944103 2.76366901 -13.1821184
v -11.7776461 3.00496554 -12.4160252
v -11.6171885 3.25356507 -12.2594948
v -11.3623238 3.55154872 -11.9361248
v -11.6148653 3.82574892 -11.2605639
v -10.9680738 4.14376736 -11.3669214
v -10.8746786 4.40001965 -10.6541147
v -11.4482422 4.36879158 -10.7074461
v -10.6071959 4.60764265 -10.6623516
v -10.3356552 4.85736895 -10.707099
v -9.71843433 4.78697824 -10.1547308
v -10.0550203 4.75050402 -10.0750885
v -8.73635864 4.80182171 -9.57792091
v -8.3553009 5.14738894 -9.10738754
v -10.667944 4.57078886 -9.77100945
v -10.3636169 4.55223703 -9.82636166
v -10.0080566 5.07128954 -9.61212254
v -9.51996613 5.01378965 -9.48728657
v -10.8985968 4.37787151 -9.73691654
v -10.4806795 4.91199017 -9.03961277
v -9.05088425 4.88222122 -8.87219238
v -9.57163525 5.19349861 -9.16919041
v -9.35786057 5.12177134 -8.90871716
v -9.57702255 5.77389622 -7.89146471
v -9.02989388 4.96359253 -8.56036282
v -10.5415249 5.32040834 -8.27862263
v -11.0581951 5.16081572 -8.4801693
v -11.1867428 4.26068211 -9.7106905
v -11.4785519 4.34195566 -9.11982441
v -11.4778318 4.30206108 -10.2372723
v -11.8301458 4.00152636 -10.2434816
v -11.4098473 4.33901834 -9.84628296
v -12.1868658 3.94019771 -9.2605772
v -12.0725155 4.66928625 -8.40441036
v -12.4572325 3.64758945 -9.20937634
v -12.0186892 4.86457062 -7.96504259
v -10.6291428 5.51956511 -7.78265238
v -11.1253986 5.48742914 -7.41339159
v -10.5022278 5.34988403 -7.56191826
v -10.3367987 5.30055904 -6.92697239
v -9.98859024 5.62182188 -8.00270939
v -9.91339588 5.6607337 -7.61289835
v -9.5389204 5.8310132 -7.29951572
v -9.28347588 5.91995955 -6.74441719
v -9.15572834 5.41558361 -8.12960052
v -9.19940376 5.5460391 -7.36341906
v -8.53685379 5.46896982 -8.43781567
v -8.13936043 5.94857645 -7.54220152
v -8.33433914 6.12757921 -6.29258919
v -8.0672369 5.62467289 -8.56648922
v -8.04038143 6.26838684 -7.18043756
v -7.706213 6.71795034 -5.85164309
v -7.71495819 6.16201687 -6.56660891
v -7.72161484 6.14814663 -7.22723484
v -7.43000221 5.65168381 -8.97456837
v -9.1660862 6.20302343 -5.29013586
v -9.34526634 6.25002527 -4.62818146
v -9.65709114 5.8944068 -3.79328537
v -9.27153492 5.66038609 -3.59900808
v -9.11708927 5.26860523 -3.30441236
v -8.56049061 5.87221527 -3.7255578
v -9.18841648 6.31261396 -4.68026447
v -7.85037374 6.90280628 -4.86820316
v -7.36704636 6.41838646 -3.83655
v -7.34024143 6.62349701 -6.10499907
v -7.22178221 6.69734526 -5.11164999
v -7.28142786 6.28529215 -6.44965696
v -6.71982813 6.55188227 -6.57997894
v -6.99624443 6.33872604 -7.41913986
v -6.52355766 6.53989983 -7.68963957
v -7.3909235 5.73834419 -8.08817196
v -7.08569431 5.19048882 -8.7431879
v -7.21172094 5.19320488 -9.60310745
v -7.94403172 5.53578663 -9.0704689
v -7.89330721 4.71544838 -9.97048473
v -7.50891876 4.6654644 -9.96424007
v -7.54543066 4.38665199 -10.4949474
v -7.03733635 4.48101234 -10.6142311
v -6.79077816 5.28920746 -9.79415703
v -7.54447842 4.03666687 -10.7101593
v -7.70074749 4.16554976 -10.8424568
v -6.87788439 3.94179153 -10.8757954
v -7.09296227 3.86677432 -11.89956
v -6.25803089 5.37945127 -8.83737183
v -4.9631815 5.77491379 -9.55845737
v -4.83780622 5.22937632 -10.3103905
v -6.38831234 4.85246229 -10.4355755
v -6.32332182 4.20155096 -10.6074734
v -6.32742929 4.02868938 -11.4413557
v -6.49634504 3.56114745 -12.6058416
v -5.93349695 5.45875072 -8.88979816
v -6.03765202 4.11679077 -11.3938084
v -6.39606571 3.767272 -12.9326277
v -5.8781004 3.50378323 -12.5400486
v -5.71690655 4.18560457 -14.0708284
v -5.57554007 3.86867595 -12.850071
v -5.92402458 3.91122007 -14.7859364
v -5.61297464 4.08047199 -10.8094063
v -3.82262492 3.99019957 -11.5150414
v -4.81979227 3.56279993 -12.0347052
v -5.51459169 4.22386646 -10.537159
v -5.34185123 3.42903805 -12.415184
v -4.63182545 4.10887003 -11.0706234
v -4.5166893 3.40660429 -12.2034588
v -4.71860027 4.33060884 -10.7155647
v -4.39677906 4.12126017 -10.6211939
v -4.37024879 4.04337549 -13.043088
v -4.38471508 5.30616331 -9.97054768
v -1.8881948 3.64271593 -11.569478
v -2.6299603 4.05499172 -11.0975876
v -3.22044373 4.00443602 -12.7016249
v -1.97624934 4.12005615 -11.4093599
v -2.41172671 5.51896048 -10.691865
v -3.17517471 4.07084942 -11.1168823
v -3.60415006 4.78593493 -10.6124678
v -3.9040041 4.2095027 -13.1431074
v -1.82033265 4.53107548 -11.1094122
v -1.55807602 4.73741388 -11.0332174
v -3.37782073 4.14899874 -13.7552509
v -3.74161434 5.07187414 -10.4355993
v -3.54169178 4.84634256 -9.78277493
v -3.54849672 4.9162879 -10.3110237
v -4.27501965 5.09374952 -8.92740154
v -2.27951384 5.44345999 -9.71044159
v -1.83047938 4.69255972 -10.8502426
v -2.60727096 5.44127655 -9.68978214
v -1.78412223 5.23788881 -9.77113628
v -1.87903702 5.4437499 -9.06951237
v -2.21024013 6.04587555 -8.50773621
v -2.41545081 5.76026917 -9.30658817
v -3.08988333 5.46229362 -9.45797539
v -3.67408323 5.34939337 -9.00350952
v -2.97607088 5.6400218 -8.79045773
v -3.31494594 5.86745119 -8.09285355
v -3.7653482 5.42375374 -8.33577156
v -2.91934919 5.71454382 -8.41289902
v -4.10109329 5.62581635 -8.30730247
v -4.11041784 5.9852829 -7.91987658
v -4.24600649 6.66356564 -6.98189735
v -3.41573453 6.52791309 -7.59003019
v -4.45261383 5.31999874 -8.76101398
v -2.97756314 6.23752356 -7.49158239
v -5.08155012 5.69362497 -8.72452641
v -5.42567682 5.74019766 -9.04469013
v -5.53840017 5.40457249 -8.33460712
v -6.15104532 6.40590763 -7.78357506
v -5.16753578 5.61013985 -8.35793018
v -5.73462534 6.6213522 -7.22373772
v -5.02636433 5.55242586 -8.17919254
v -6.09897947 6.56132746 -6.75034666
v -5.30989552 6.18879318 -7.23483324
v -6.50224352 6.6674366 -6.73632479
v -5.65574694 6.72433329 -6.8030777
v -4.8573904 6.49808025 -7.11142731
v -5.96484137 6.48777962 -6.53063011
v -6.34542608 6.96123648 -5.65201664
v -6.60652161 6.81993771 -6.3470726
v -5.46623325 6.61769629 -6.77460241
v -7.18432426 6.5562396 -5.66873693
v -7.02161741 6.79006767 -5.52544546
v -6.92969513 6.60313845 -4.8269124
v -4.79145575 6.89449883 -6.66137743
v -5.01148844 6.9285593 -5.86864471
v -5.17200422 6.79171944 -6.03914165
v -5.81906748 6.56598616 -5.98364067
v -6.99090862 6.43905497 -3.92632222
v -5.84941769 6.70291424 -5.64578915
v -5.84874725 6.79956102 -3.96087933
v -6.53181028 6.73201895 -4.95375967
v -6.48983145 6.55389452 -3.53509092
v -7.11213541 5.96096468 -3.54256463
v -6.25949383 6.44256639 -3.5364635
v -6.42917633 6.29036188 -3.34197259
v -7.72940969 5.69589138 -3.60952687
v -5.77109241 6.63156414 -4.72301388
v -5.712533 6.50352526 -3.33920932
v -7.32341242 6.57717752 -2.63655782
v -8.44070244 5.4250865 -3.50002503
v -8.65848351 5.82780647 -2.8743434
v -8.04096985 5.99329329 -2.65649295
v -8.8749218 5.74815178 -2.4775362
v -8.56385994 5.87589264 -1.8369987
v -8.29985428 6.01779795 -1.30589831
v -8.40188599 6.03678131 -2.25097513
v -8.11945248 5.99395514 -1.82222283
v -7.36325645 6.30880928 0.581386924
v -7.42636156 6.35730696 -1.61386108
v -7.90462208 6.35941744 -0.824526429
v -6.74756336 6.37320614 0.571825385
v -6.83229351 6.23555994 -0.0684941337
v -7.28856039 6.0678215 -0.205925941
v -7.3974638 6.09501886 -0.733494997
v -7.14299965 6.29311609 -2.10803103
v -6.85661793 6.7195158 -0.768614352
v -6.33302784 6.9900732 -2.40998554
v -6.75335264 6.52914476 -2.13490367
v -6.72134733 6.63786507 -1.00206423
v -6.61013603 6.59363747 -0.5516572
v -6.13547611 6.35026646 -3.10392761
v -5.89094353 6.65252066 -2.19163346
v -6.01465321 6.83787155 -2.408638
v -5.60613489 6.79548407 -2.80228257
v -6.40026188 6.50472355 -1.86052978
v -5.59879541 6.78867912 -2.24469018
v -5.80913067 6.78480816 -1.61501014
v -4.66697884 7.16047907 -0.900717318
v -4.78378725 7.00169802 -2.57925344
v -5.4409771 6.41262674 -3.44542861
v -5.89319849 6.85128832 -0.966296494
v -5.61781406 6.40578604 -0.60643518
v -5.07310867 6.61121082 -3.28193879
v -5.48831081 6.7908721 -3.95834041
v -6.4432168 6.56007814 -0.82379055
v -6.41410923 6.70800543 -0.483760178
v -4.76412678 6.93045378 -3.71496844
v -4.95767641 6.85788918 -4.86657381
v -4.37902021 6.92806053 -4.69905376
v -4.47799635 7.10478115 -4.32815218
v -4.29423809 6.81984282 -3.73170137
v -3.39434147 6.8772974 -3.99491119
v -3.93366957 6.92802 -3.18890524
v -6.01273727 6.2736578 -0.592508435
v -6.2047019 6.31743622 0.218610495
v -4.22712564 6.9574151 -6.37846708
v -3.91724324 6.45848989 -6.22706938
v -4.06947184 6.91929531 -5.62138605
v -3.54272914 6.94637489 -5.09703159
v -3.22861218 7.02633286 -5.88844633
v -3.11383915 6.59349489 -6.31576157
v -6.44001102 6.54050541 0.0890385211
v -5.48736095 6.61805058 0.582627594
v -2.86971068 6.69647217 -7.18092585
v -1.89224768 6.95889187 -7.07239342
v -2.31377316 6.13553524 -7.68173027
v -1.96200025 6.04740715 -7.81615973
v -5.40697908 6.34683943 0.978025436
v -5.1686039 6.7556448 0.459956795
v -4.84482384 6.61208963 1.12799346
v -4.89874792 6.35934544 1.54669678
v -4.92208004 6.75363684 -0.713884652
v -4.21577549 6.43168306 2.14218783
v -4.87059355 6.60485077 -0.132180125
v -3.63784814 7.01164246 0.0143329008
v -4.39050627 6.79813957 1.45162272
v -4.54680157 6.56132746 -0.46147567
v -3.97955394 7.18496084 -0.65988183
v -3.8205514 5.99088717 2.40507936
v -4.01760197 6.88763666 1.51392424
v -3.74114227 6.56944752 1.41220748
v -3.46893597 6.16714668 2.51742744
v -3.36822653 6.61116028 2.00467277
v -3.07730651 6.71012735 0.532938778
v -3.04842949 6.37360096 2.25227189
v -3.52122498 6.52638817 0.52142477
v -2.65330386 7.14003706 0.385503441
v -2.88826871 6.62090254 1.6433804
v -2.19495177 6.58998394 0.777905345
v -2.77296114 6.52470875 0.784913778
v -2.34055281 6.68691492 0.472720951
v -2.16113734 7.02663803 0.336554915
v -2.34616351 6.93543005 0.241751432
v -3.6165514 7.36498165 -0.945679605
v -3.59740019 7.3066678 -1.73303926
v -2.19962358 7.69041967 -1.61065817
v -2.81664848 7.44671392 -2.46289468
v -2.38114285 7.67137861 -2.47408772
v -4.10795784 7.21675396 -2.63928056
v -3.1626184 7.42298555 -2.76844263
v -2.24862695 7.33318281 -3.31633902
v -3.08806825 7.09793615 -3.19840193
v -3.0241673 7.02974272 -3.96077394
v -2.68013382 6.96110964 -4.09072638
v -2.94887757 7.27388668 -4.79244089
v -1.98273408 6.9078846 -3.87428975
v -2.31149292 7.22538137 -4.30226135
v -2.86038113 7.21375847 -5.6175909
v -1.99182975 6.88896227 -4.62900877
v -2.22786212 7.21883154 -4.66659546
v -2.85958266 6.69964457 -6.34699631
v -1.55144393 7.14121819 -4.64747381
v -2.38301396 6.51555204 -5.76091909
v -2.36606932 6.96884918 -6.50028133
v -2.00156093 6.70899439 -5.74093246
v -1.99576139 6.90831566 -6.227561
v -1.69020331 6.64131832 -5.63707399
v -1.25008166 6.45941734 -6.19267178
v -1.24607098 6.16655922 -6.4475255
v -0.96474874 6.00648165 -7.03801394
v -0.670894325 6.12089777 -6.99876738
v 0.0432924069 6.21663237 -7.10190964
v -1.42623794 6.2189188 -7.3991909
v -0.63397038 5.67028189 -7.335361
v 0.437376648 5.99180412 -7.51812124
v -0.652912378 5.58320808 -7.51701832
v -1.185745 5.99273443 -7.70254087
v 0.0338381194 5.78496456 -7.46837854
v 0.532688022 5.69435167 -8.28111839
v -0.332716554 5.57257175 -8.01775455
v -0.729825974 5.47259998 -8.00104809
v -0.85187161 5.43008232 -8.80352497
v -0.699279249 5.17797375 -9.30910873
v -1.03888309 5.45427608 -8.05069733
v -1.2829138 5.55906963 -8.42858887
v -1.07599783 5.0675931 -9.31453037
v -0.843435347 4.80227184 -9.93704605
v -1.22539866 4.86117983 -10.3535118
v -0.45827505 4.70001459 -10.4288454
v -0.882227898 4.51551151 -10.9836683
v -0.863907218 4.1105299 -11.0974646
v -0.288484365 4.2449379 -11.200016
v 0.00703505985 4.07045317 -11.1401634
v 0.668906629 4.67989922 -10.5891953
v -1.47650325 3.53913403 -11.6927204
v 1.33563781 4.59489965 -10.7931175
v 0.783133388 3.63025069 -11.4870224
v 2.83536983 4.04163647 -11.2939959
v 1.98710322 3.65300274 -11.5312109
v 0.441774428 3.65533328 -11.7206593
v -2.70576501 3.94229126 -12.2836571
v -3.0002408 3.93232417 -14.0531092
v -1.62880814 3.72321129 -13.3270397
v -0.8859815 3.50112534 -14.3228245
v -1.06988382 3.43498135 -14.629426
v -1.63673866 3.57815266 -14.6538277
v -2.27320242 3.83493614 -15.1231842
v -2.46914887 3.87315607 -14.0478344
v -2.59172654 3.90728545 -15.2352819
v -3.26371503 3.88271999 -14.7257929
v -2.15416479 3.69918227 -15.520442
v -2.51074958 3.73192596 -15.5627584
v -2.36017847 3.86649752 -16.3879986
v -4.55216932 3.65155625 -13.8164463
v -2.8718617 3.6554153 -15.4629803
v -3.10213685 3.81652784 -15.5100384
v -4.93872976 4.21207094 -13.7901392
v -3.14104486 3.64924884 -16.1699619
v -2.79174209 3.80928755 -16.2325001
v -3.45256805 3.43850279 -17.1318798
v -2.77011967 3.67240739 -17.4138279
v -4.95090389 3.38534379 -14.5386362
v -5.21710205 3.96870351 -14.0330725
v -5.40529156 3.2452364 -15.0864973
v -4.90414333 3.33077073 -15.0594635
v -5.12801504 3.26731229 -15.9240465
v -3.87544942 3.47655916 -15.5868425
v -2.34965014 3.77738833 -17.3610096
v -4.63326263 3.22260952 -15.7062492
v -3.49420333 3.4718926 -16.2260227
v -4.24306297 3.35357475 -15.7871199
v -4.43398619 3.56834984 -16.2489185
v -4.17695284 3.31674218 -16.5761566
v -4.35981083 3.4651196 -17.7617054
v -3.87579513 3.53208089 -16.9622707
v -4.66874266 3.38646054 -17.2426758
v -3.72969508 3.43837357 -17.3334942
v -3.75938368 3.50790429 -18.1451931
v -5.02679014 3.49069476 -17.7211475
v -4.37920475 3.42012739 -18.2232742
v -5.51898813 3.69203568 -17.2115364
v -5.2521081 3.35367036 -16.8006382
v -5.92139816 3.64961195 -17.9817104
v -6.00312233 3.93363833 -16.1313896
v -5.49626589 3.48100162 -16.1252289
v -5.84894323 3.8125236 -15.8919649
v -5.74657822 3.98448944 -15.610302
v -5.61396122 3.83330989 -15.4413404
v -5.53578949 3.67411375 -14.7835703
v -5.7597971 4.06196642 -15.2675352
v -3.74950433 3.07589746 -19.1209526
v -3.32065797 3.06535435 -18.7190914
v -3.2003665 3.22972536 -19.4176235
v -2.58219075 3.45442319 -19.4966469
v -2.38706231 3.38548827 -19.2784061
v -2.34028339 3.76450229 -18.6363277
v -2.47855639 3.83204913 -18.7623405
v -2.47290158 4.00162363 -17.8989162
v -3.00012445 3.71746874 -18.4557362
v -3.29051495 3.54219055 -18.5420399
v -2.97413778 3.73282671 -17.433569
v -24.7527409 0.82685101 -5.91163445
v -25.6335125 0.0460395627 -6.43358374
v -25.6517735 0.347707063 -5.79480076
v -26.2947903 0.0501483083 -5.97180796
v -25.6483078 0.396550506 -5.19320726
v -25.8216419 0.0519479923 -4.95296669
v -24.6005459 0.836614132 -5.00458813
v -25.6272774 0.39946574 -4.32123709
v -25.9769402 0.0478774682 -4.83052111
v -26.2545624 0.0422648564 -3.97153902
v -23.4975262 1.56167018 -4.71164656
v -23.977747 1.28207469 -4.44687462
v -24.7992516 0.684304237 -4.13484049
v -25.2178783 0.985417902 -3.34541559
v -26.6965694 0.0469415747 -3.66294456
v -26.8458767 0.0516869836 -2.73877716
v -23.5090427 1.38770545 -3.96909499
v -22.4065304 1.94241667 -3.95140958
v -22.2560425 2.1295464 -4.64268923
v -25.8248577 0.467375696 -2.74014306
v -26.8000889 0.0493401214 -1.86223328
v -24.6703415 1.07235408 -2.94699812
v -25.4908562 0.637072265 -2.59606981
v -23.3727589 1.71630645 -3.25365281
v -25.9015179 0.242535755 -1.58965921
v -26.466116 0.0496528372 -1.54217958
v -25.5668545 0.042906411 -1.44475019
v -23.847456 1.35375857 -2.80699587
v -25.1724377 0.186918795 -1.88171351
v -24.8983173 0.0483079031 -1.67901123
v -25.1876411 0.503533542 -1.97125149
v -24.3515892 0.837425292 -2.03430653
v -24.096735 0.476457864 -1.99736035
v -23.5473995 0.893857002 -1.92411375
v -22.8497772 1.57760191 -2.69065189
v -24.2912006 0.234998018 -1.50261283
v -24.6233425 0.0520854071 -1.23697352
v -24.6019478 0.045318611 -0.945819318
v -23.0801563 1.08351481 -0.0316307023
v -24.1860466 0.0324348211 -0.067895852
v -23.4356289 0.799726784 -1.39915621
v -22.4804039 1.68222654 -1.72261751
v -22.6070652 2.03740525 -3.2095964
v -22.7980785 0.599199891 0.359205157
v -22.8240089 0.0363408476 0.931207776
v -22.4427013 0.302676737 0.788301528
v -22.3869534 0.0399865732 1.14705086
v -22.0712757 0.0383717902 1.30893397
v -22.8502903 1.24963319 -1.48214877
v -22.7021961 1.72700059 -2.64040923
v -22.532999 0.566344738 0.308123052
v -22.4767857 0.727938652 -0.274480462
v -22.2852783 1.57785356 -1.21296883
v -22.1510391 1.83919585 -2.69276905
v -21.6589622 1.37691092 -0.161594659
v -21.4065228 1.24828768 0.434409976
v -21.9815369 2.35564566 -3.26710963
v -22.0917625 1.75862896 -1.08809865
v -21.3382244 2.52901983 -3.63106751
v -21.890234 2.16929507 -3.14689732
v -21.1589527 2.01733708 -3.06663871
v -20.9248848 2.72486377 -3.65805078
v -21.5005455 1.54974639 -1.12439847
v -21.0164032 1.77207422 -0.259697706
v -20.3467216 2.52295136 -3.4875381
v -20.9424553 2.19182754 -1.42327392
v -20.8999996 2.17005372 -3.06668019
v -20.7692966 2.46139932 -2.78191543
v -20.2243061 2.00749159 -1.86424112
v -19.7870979 1.27581108 -0.0485669263
v -20.4455147 2.26476312 -3.25113726
v -20.2450085 2.24854422 -2.97515035
v -20.0730896 2.63218594 -3.038028
v -19.8664989 2.83182693 -3.22003603
v -19.7246456 3.05166221 -2.4384985
v -19.4834976 2.99041557 -1.99171078
v -19.2594624 3.47083092 -2.55641723
v -19.4300842 3.14086723 -2.39151597
v -18.7322197 3.9741621 -2.11999369
v -18.9907532 3.73963881 -1.79475403
v -18.382515 3.98116755 -3.07355881
v -17.9522343 3.84274721 -2.06383944
v -18.564394 3.66392994 -1.60618699
v -17.8418713 4.12688398 -3.86088371
v -16.8127632 4.27791929 -4.24222565
v -17.423069 4.43707895 -4.92059183
v -17.1692104 4.44526911 -5.10678387
v -16.7886429 4.38130522 -4.76875305
v -16.6271992 4.18248177 -4.55560064
v -17.3470078 4.12200165 -3.50467587
v -17.3022594 4.09388924 -2.86228943
v -16.3178349 4.14532566 -3.14789176
v -17.802393 3.87637234 -2.61473441
v -16.6467228 3.81901073 -2.36406755
v -16.4574928 4.15638733 -2.82804656
v -16.8713741 3.74317241 -1.88083816
v -16.3256741 3.58548427 -0.637192249
v -16.8101807 3.2284317 -0.230139092
v -16.2110577 4.01298046 -0.15368481
v -17.3359089 3.1966095 -1.27784503
v -15.5639048 4.21643114 -0.759932399
v -15.6401062 4.5108242 -0.286417603
v -18.0069294 3.08712506 -0.875817597
v -14.6115503 4.33470964 0.1267059
v -17.4128399 2.94482636 -0.474639386
v -17.9464169 2.58035231 -0.765543401
v -18.8253765 3.02541494 -0.702146828
v -18.7865658 2.59461927 -0.697253764
v -19.1191883 3.41063499 -0.999070883
v -19.4583359 3.22850943 -1.66320539
v -19.394043 2.96408629 -1.05558741
v -19.3354664 2.02561188 -0.772312045
v -18.5278168 2.4027741 -0.579971254
v -19.7580776 1.34087229 -0.6257658
v -18.569582 2.20748949 -0.438364029
v -18.0734634 2.49579239 -0.474197656
v -17.8057976 2.54060531 0.0198901128
v -18.3097992 2.36487389 1.01659358
v -18.5387363 2.41579723 0.625921667
v -17.3571148 3.00570059 -0.00927806552
v -19.4249458 1.3216182 0.555275321
v -19.7504101 1.14564776 1.13894427
v -18.6522045 2.52568865 0.911341131
v -17.9145184 3.17266893 0.936902165
v -17.0973778 3.31046534 0.00590997934
v -17.0441189 3.95511746 1.00555384
v -20.1441765 1.41634476 0.995723248
v -18.4887657 2.49605966 1.73206937
v -17.3568134 3.72724056 0.909773707
v -17.3099976 3.64875364 2.29498196
v -20.8766994 1.56695342 0.198074967
v -20.8695183 1.52975523 0.674146235
v -20.5092449 1.14406335 1.33270919
v -21.304697 0.695030808 1.23625255
v -21.0719261 0.687446058 2.1121099
v -21.9583759 0.0467679985 1.86860251
v -21.1012917 0.0419204757 3.40383935
v -20.77314 0.304697156 3.38956714
v -21.196497 0.0483668409 3.89991021
v -20.1239738 0.963714778 1.90273917
v -19.9770584 1.01199663 2.12698627
v -19.8335094 0.791477025 3.20091796
v -18.4954491 2.69467402 2.40617394
v -19.7803936 0.833748996 3.62549257
v -20.8888798 0.0445958786 4.1749444
v -19.1924744 1.78480887 2.86073947
v -18.2336502 2.36616302 3.18112874
v -18.2653923 2.67807698 2.36161518
v -18.8874092 1.745718 3.16793442
v -19.6781445 0.665700912 4.24389458
v -20.4317589 0.0377937071 4.53863811
v -18.4721718 1.51044357 4.12846708
v -19.6992302 0.166802332 4.53174591
v -18.1284523 1.08688211 4.47724485
v -19.8622036 0.0472146012 4.65666819
v -19.5958614 0.043889869 5.05456829
v -17.7035713 3.38081479 2.34584403
v -18.0962429 2.3583672 3.10446954
v -17.4299908 2.87951136 3.52830124
v -17.9509029 1.99462962 4.11479044
v -17.5579205 2.31923413 4.12694073
v -16.9346542 2.79356265 4.01618195
v -16.6619492 3.10883379 4.06783724
v -16.5942135 2.47325182 4.37809467
v -16.4156704 2.10789704 4.57516813
v -16.2116776 1.74500084 5.2077508
v -19.1128349 0.0248541571 5.29230785
v -15.1229467 2.43126154 4.87463331
v -15.1960154 1.93856215 5.50921249
v -16.987999 0.486181289 5.55796003
v -16.3165741 0.00644773338 5.78748178
v -15.4811211 0.0237004068 6.32483768
v -14.9493856 0.0189827848 6.71317482
v -16.7950859 3.60848594 2.78445935
v -16.6485538 3.91769123 1.75411773
v -16.4879055 3.91239834 2.1616137
v -15.8511486 3.9123106 1.41121376
v -16.1039658 4.07622337 1.7641151
v -15.9732389 3.55358171 3.23756218
v -15.3888206 3.69369078 0.20593749
v -15.2691927 3.16256332 4.23908567
v -15.0183973 3.43714428 4.15738392
v -15.596446 3.90466237 3.14752197
v -15.6471519 4.10142279 2.05094242
v -14.8943796 4.08841276 0.186719418
v -14.9795294 4.65618896 2.51908493
v -14.8696604 4.81153584 1.84717619
v -14.4105749 4.42229223 0.982918441
v -14.559207 2.57855797 5.19089222
v -14.088192 2.37698436 5.729074
v -13.8452501 2.86238909 5.17570591
v -14.7052784 4.66210127 2.11794877
v -14.1492224 4.49732161 0.9515329
v -13.8532429 4.75871134 1.05397499
v -13.7411032 5.09405899 1.658988
v -13.6215496 5.17736483 2.81589293
v -14.7848816 4.55642462 2.53237414
v -14.3270664 4.54812431 3.28106022
v -14.2492914 3.54199266 4.48163033
v -13.24473 5.33268976 3.13242579
v -12.7976818 3.079386 5.47338295
v -13.5008583 4.93254852 3.60509539
v -13.3090534 4.79980659 3.75562167
v -12.8100147 5.39988613 3.27706075
v -12.0567713 3.22575641 5.58748722
v -12.7170038 2.87738919 5.8229661
v -10.746666 3.22054458 5.92182255
v -11.6881628 3.37482047 5.40786076
v -10.4767685 3.67471647 5.66609859
v -10.4935656 4.0603714 4.92828035
v -10.1688442 3.6707983 5.17171574
v -10.1565447 3.58788896 5.62990665
v -9.85079861 3.71242189 5.75752163
v -9.22926807 3.7132988 5.74063301
v -11.5659533 2.78189015 6.00829411
v -12.1648207 2.4790833 6.11789846
v -10.6061411 3.02970052 6.07272005
v -11.3819952 2.67216086 6.06165552
v -11.6789503 2.44432974 6.79725027
v -13.3823471 1.94060695 6.2248497
v -11.4336252 2.29923272 6.85711765
v -10.5528803 2.77159929 6.70833683
v -10.262991 2.85188293 6.69140053
v -9.89238548 2.85191655 7.67412901
v -10.7975597 2.79713368 7.1315794
v -10.9536285 2.61499548 6.9203186
v -11.0718756 2.7719667 7.46259117
v -11.9581709 2.08534002 7.6145978
v -13.0121698 1.22672045 7.23696136
v -10.4004946 3.01677799 8.1084547
v -13.5099525 1.04551446 7.03348732
v -13.6800718 1.60857332 6.23117161
v -13.8784161 1.58393991 6.26567364
v -14.2202387 0.0285807904 7.23730755
v -13.3629303 0.341246247 7.63140249
v -13.8690844 0.052934479 7.84624577
v -13.4314079 0.279934078 8.6686182
v -13.9260254 0.049842231 8.61928844
v -13.2130928 0.0261181444 8.91034794
v -13.0829315 0.602825224 7.81165266
v -12.6158094 0.866580963 7.82320213
v -13.1417513 0.619287312 8.38247395
v -12.3280249 0.971485019 8.5120945
v -11.7353172 1.80411434 8.08418751
v -11.7746496 1.51921403 8.57605553
v -11.9556103 0.348253101 9.32367992
v -12.1405153 0.0309812017 9.45583344
v -11.128541 2.65249658 7.99700546
v -11.2240992 0.784805 9.66171837
v -11.5284529 0.0427144095 11.0219345
v -11.2732735 0.508975327 10.3597431
v -11.0714169 0.0473200306 11.5325489
v -10.6284447 0.0458497368 11.9111652
v -10.4898443 1.26536572 10.0942354
v -10.3111887 1.01798666 10.7172499
v -10.4368048 0.626363993 11.1225414
v -10.1508608 0.0458868109 11.9515781
v -9.98771667 0.0224042404 11.547019
v -9.82017994 0.315790594 11.5443621
v -9.58368969 0.0255181417 11.5602894
v -9.33127785 0.0309561491 11.5668926
v -10.2316647 1.65746224 9.85676384
v -9.49771214 0.927158773 10.8907957
v -10.959691 1.94497275 9.09364319
v -10.9097242 2.387887 8.40929317
v -10.6008663 2.43229365 8.84234333
v -9.88647652 1.42688 9.99347496
v -10.4281492 2.77560663 8.65073299
v -8.43996048 0.795395732 10.9512262
v -8.35991478 0.0332271643 11.6229649
v -7.78546476 0.0349269584 11.6617918
v -8.75409794 1.46021163 10.2174034
v -8.27208996 1.26789391 10.0578938
v -8.14300156 0.573279262 11.0513134
v -9.85541439 2.02368045 9.59077835
v -9.9591608 2.68578649 7.95493889
v -6.93167877 0.661071002 11.3989706
v -7.12899637 0.0336895213 11.9941626
v -6.74535894 0.0338094048 11.8862152
v -7.84245539 0.926930428 10.5832691
v -6.93231392 0.885512531 11.0761042
v -8.82167721 1.89007759 9.91219902
v -9.86250114 2.23056626 8.83607006
v -9.31176186 2.58320665 8.5786705
v -9.74819469 2.83563542 7.98768759
v -8.49076843 1.88112128 9.72108364
v -7.22156668 1.33941066 10.2907162
v -6.049582 0.422587067 10.6856346
v -5.92070103 0.0471062064 11.1283998
v -8.35977077 2.6786716 8.64219952
v -7.44683456 2.40897202 9.48663998
v -6.85148907 1.43114698 10.2042885
v -5.70889473 0.542945445 10.5577135
v -5.61392736 0.0506378338 11.5797997
v -5.47392607 0.037961293 11.5452509
v -6.04238701 0.576492727 10.3699694
v -7.23601723 2.73889065 8.38834476
v -7.45492363 3.08639359 8.04341793
v -6.46322632 1.14018643 9.87113285
v -5.86083746 2.00304246 9.60691738
v -5.51295519 1.11478412 10.0945606
v -6.38316774 1.67669523 9.45889854
v -6.4212451 2.20148563 8.85774612
v -6.2578373 2.70532036 8.83115768
v -6.5580864 2.46793199 8.9221096
v -6.71267319 2.80852246 8.41403866
v -7.00993443 2.83898211 8.17312336
v -6.46545267 3.40323663 7.72400331
v -6.37481022 3.48086023 7.45203924
v -6.95564127 3.29639387 7.55447435
v -5.8103056 2.48586035 8.89759731
v -7.49112225 3.33177519 7.40604496
v -7.20393896 3.36940002 7.16221428
v -7.65773058 3.20344758 7.75756836
v -6.63356495 4.09179783 6.71558762
v -8.11216259 3.06069446 7.66035604
v -6.3816247 3.9481349 6.72465181
v -8.50471115 3.44011712 6.82158852
v -8.79276562 3.56725907 6.75053072
v -9.30779648 2.88572025 7.55527735
v -9.52988529 3.32549715 6.37399578
v -9.69499397 3.25334549 7.04729843
v -9.81420231 3.76277089 6.04423523
v -6.24009609 4.3494544 6.46369171
v -5.42749882 4.18744898 6.64669418
v -5.16194248 4.11509132 6.63630009
v -5.150424 4.13646936 6.84166527
v -4.11841679 4.4942584 6.67863274
v -4.14076519 3.80368495 7.03467321
v -3.71254802 4.29120207 7.07409334
v -6.17856836 3.8142271 7.11286926
v -4.95202446 3.85969234 6.71602631
v -5.26272821 3.74451184 7.2494235
v -5.9508214 3.24558759 7.87479973
v -5.10630417 3.56065297 7.25978756
v -5.96271276 2.77998066 8.93102646
v -5.36046314 3.44299793 7.790308
v -5.2932682 2.95399022 8.69040775
v -5.11207438 2.72992969 8.7868185
v -5.10204744 3.03481603 8.70966625
v -4.77482271 3.40263271 7.97637701
v -5.10055399 2.1185987 9.65012169
v -4.14232159 2.28548288 9.85219193
v -4.71852303 1.987198 10.0922852
v -4.88917875 2.716429 8.88459682
v -4.47035074 3.31272054 8.57803917
v -4.38411665 3.59306335 8.00977135
v -3.86329722 3.62760592 8.34158325
v -4.09430885 3.73915005 7.44337988
v -3.78112936 2.68557668 9.97604084
v -3.77057147 3.69532132 7.70987606
v -3.99012876 3.70555377 7.10534525
v -3.73908925 3.83121991 7.37693214
v -3.82313585 3.86330414 7.01989126
v -3.36061478 3.79994917 7.22196531
v -3.48705173 3.55365658 7.5490737
v -3.03755307 3.96524978 7.43394089
v -2.83914948 3.65666986 8.06957722
v -2.51386833 3.57262421 8.21156216
v -3.43078184 3.47297764 8.93600845
v -2.86295581 3.35915041 8.84898663
v -2.14526081 3.65904117 8.4311018
v -1.31131864 3.66878963 8.54952526
v -2.10106039 3.49922967 8.65484619
v -0.613627851 3.88729334 8.89805889
v -0.798481941 3.65957379 9.01247978
v -0.138804898 4.24503469 9.16560078
v -0.327678293 3.68873405 9.26139641
v -0.378860891 3.48975968 9.64082623
v -0.0835120827 3.61117291 9.33872128
v -2.35265255 3.48723626 10.1295271
v -1.6569351 3.34301424 8.99852848
v -1.16704965 3.2903688 9.16571617
v -1.09269381 3.53785753 10.2358284
v -3.05608845 3.31553125 9.30618668
v -1.88080657 3.5181067 10.1822844
v -2.5838089 3.05346775 10.5545673
v -3.13581085 2.8811419 10.8161812
v -1.79554224 3.62260222 10.5974779
v -1.65982401 3.55964065 10.8415461
v -3.45241046 2.60361695 10.6060238
v -3.66109633 2.57992697 10.7036724
v -3.59965563 2.71451449 11.4354124
v -3.14446497 3.1369195 11.5838795
v -3.24639297 2.07817721 12.3629389
v -2.27379155 3.20935082 11.2733555
v -4.22582245 2.13912296 10.7909555
v -4.46788979 2.0886519 11.1235609
v -4.15777683 1.92085862 11.4756403
v -4.62132359 1.67674649 11.1269331
v -2.17643189 3.4148519 11.344162
v -1.36162245 3.80453396 11.1135998
v -4.09565878 1.63248134 11.8031483
v -4.81617165 1.30202937 11.4629993
v -4.43707228 1.46786189 11.8833761
v -4.93322325 0.0162437595 12.2651958
v -4.26894712 1.43338633 12.3778362
v -1.28364909 3.719028 10.6862946
v -0.588737249 3.83856416 10.4789829
v -0.738720059 3.74231839 10.0765047
v -3.61871505 1.55553687 12.4121189
v -0.648690104 3.75048327 10.9665661
v -0.0908920467 3.77562428 9.81072903
v 0.129756853 4.12703562 10.0162039
v -0.124321595 4.13145208 10.3788109
v 1.25226557 4.22042084 10.6986132
v 1.00255001 3.98065019 9.87990379
v -0.00943749212 3.86855865 10.9061127
v 1.21396577 4.10682535 9.99008846
v 1.50118804 3.83663344 9.76444054
v 1.44465959 4.03867912 10.6572084
v 3.09972858 3.39191175 9.22199345
v 1.66552818 3.6698904 10.0926428
v 2.63277388 3.39131379 10.2019434
v 3.52458668 3.94308615 10.0058041
v 3.12418842 4.15644598 11.145669
v 2.08165669 3.33766103 11.0976133
v 1.72397995 3.73823261 10.7584047
v 1.87184274 3.19222569 11.5426006
v 1.39374328 3.28356981 11.3823309
v 2.23282599 2.98009229 11.4386787
v 1.59052813 3.30865955 11.8865376
v 4.13886118 4.3230257 10.1726723
v 3.82422018 4.13480711 10.0020247
v 4.46792173 4.4604249 10.1083679
v 4.37386751 4.93424988 11.1603785
v 4.67159557 4.71340179 10.2239094
v 4.59320593 4.97609568 11.4319515
v 4.98320627 4.64943266 10.4296665
v 3.0191803 3.61990643 11.7715693
v 4.60029459 4.83721733 11.4844074
v 4.36644077 4.85643768 11.7377357
v 4.98796415 5.01397371 11.6395226
v 5.82124424 5.3178606 11.2294064
v 5.91967154 5.66959143 10.9630604
v 6.45368385 5.5539856 11.0668745
v 6.63016891 5.28851795 11.2166204
v 6.68240213 5.47767162 11.0963097
v 7.18714285 5.71728182 10.9107885
v 7.49424124 5.14625645 11.7715998
v 6.98637867 5.17526293 11.812541
v 6.81760073 4.98836088 12.1947517
v 6.75983238 5.11260414 12.1884556
v 5.80340433 5.17138338 11.7461901
v 7.66199207 5.0466609 12.065589
v 8.013937 4.84335995 11.5099134
v 5.08629751 4.75980663 12.0849886
v 6.11002064 4.96206331 12.0961742
v 4.66131449 4.39869785 12.2897797
v 5.54144621 5.01023817 12.1692266
v 5.55861187 4.60095978 12.5967407
v 6.35120344 4.80143881 12.4432945
v 6.43836832 4.51941681 12.5101547
v 4.97056675 4.45437384 12.3941307
v 3.62929773 3.54753494 12.6699238
v 3.45552826 3.54453874 12.1058664
v 2.88272476 3.15796065 12.0895233
v 2.27750373 2.76102281 12.1735382
v 6.75180292 4.53694534 12.6185799
v 6.35129309 4.56768894 13.0730257
v 7.37522078 4.04484034 13.9065208
v 7.71468449 4.52032804 12.6511374
v 7.63712406 4.2256422 12.751256
v 8.05944347 4.6610918 11.9538631
v 7.98739386 4.2852807 12.5707569
v 8.66185188 4.64296865 11.6923704
v 8.22815514 4.86676025 11.4976931
v 10.103941 3.92436004 12.495492
v 8.38919353 3.7994206 13.9666033
v 11.3829012 3.36773014 14.1510382
v 7.96406794 3.94535971 13.8715773
v 8.35887337 3.64861441 14.3102398
v 9.46193027 3.48907065 14.5923767
v 11.855588 3.45492768 11.0366058
v 11.9134436 3.51439905 12.8093605
v 12.0092249 3.23209405 10.2341146
v 13.5177841 3.31014943 11.3648815
v 12.3637085 3.23450923 10.6052475
v 14.3379393 3.22301483 12.1911964
v 13.424262 3.20530486 13.699194
v 13.5862799 1.86485708 18.3460426
v 15.5306263 3.04825544 11.9628124
v 13.3557081 3.24353933 9.97540951
v 15.3810043 1.87350523 16.4088287
v 16.1414185 3.34830928 9.48970985
v 12.0095224 3.39497733 9.35655308
v 11.7158909 3.48165798 8.05071068
v 12.1576357 3.43313694 10.2586517
v 12.2598104 3.17241669 10.0577259
v 13.0679417 3.1373384 10.1365547
v 12.921977 3.44370747 9.49091625
v 13.6321249 3.30972552 9.40581131
v 12.3662939 3.14707899 8.2185564
v 14.16712 3.40769291 8.81826019
v 13.3346434 3.33470201 8.68610287
v 13.7498779 4.0035367 7.46163845
v 12.2919092 3.35260916 7.67225981
v 14.5248823 3.69906855 8.37320805
v 12.0562334 3.76698136 7.44003773
v 12.4222507 3.63206005 7.30651283
v 14.4905596 3.42618656 8.72163296
v 11.836256 4.22549725 7.30178881
v 11.2245092 4.61884928 6.81748295
v 12.0568666 4.60233259 6.43514633
v 12.4797277 4.31327057 6.50928688
v 13.3248692 3.99183321 6.87661934
v 10.9839754 4.6149478 6.48364067
v 11.4448109 4.44118452 5.70346594
v 11.8775368 4.58835793 5.94766235
v 11.0302315 4.77083349 4.50191832
v 11.3461628 4.66202021 5.24168444
v 11.3973618 4.80540752 3.84838438
v 12.1339769 4.79475355 5.73648787
v 12.2627401 5.2981267 4.49395132
v 12.0409288 5.1401844 3.60462999
v 12.3664827 5.20409155 4.26704168
v 12.4234285 4.99153566 5.00304079
v 11.8786106 5.15545702 2.40685034
v 12.6732359 4.49899769 5.97290754
v 12.8805189 4.32049513 5.74500275
v 12.6235695 5.36062241 3.98953629
v 12.9213324 4.32672739 6.64219904
v 13.4136887 4.43352842 6.34591436
v 13.6830769 4.10960722 6.64957619
v 13.309967 4.39216328 6.02877712
v 13.8525829 3.85617328 6.7492137
v 13.9637461 3.88142109 7.50246191
v 14.921999 3.91299152 7.52141571
v 14.7996883 4.50825262 6.66530514
v 14.020545 4.31889772 6.49101496
v 14.8734579 4.09204674 6.83596659
v 15.948082 3.29726839 7.01645422
v 15.3268385 4.02997541 6.84500551
v 14.9610558 4.4129858 6.57506323
v 15.8664484 3.42689657 7.4586339
v 17.6211243 3.11040926 9.4727459
v 13.9702492 4.70283413 5.50880861
v 14.5524654 4.82217741 6.21040821
v 14.9051733 4.96686316 5.90789652
v 13.4578285 4.45620584 5.307374
v 14.5916462 5.21701288 5.49945164
v 13.5013914 4.74782515 4.61353397
v 13.9118013 4.9214201 4.2198472
v 13.2410107 4.67159081 4.83429241
v 12.9359436 4.86595058 4.50130224
v 13.1783075 5.106359 3.748034
v 13.4355736 4.71504259 4.2411561
v 12.7886047 5.41355705 2.89264607
v 12.5656719 5.26705122 2.39686513
v 12.7723866 5.32143259 2.25817156
v 13.2259779 5.56539345 2.98202825
v 12.7401953 5.25507879 1.28092647
v 12.9398079 5.22888041 1.74348426
v 13.5372906 5.649158 2.20059562
v 13.4944506 5.20966101 3.91571856
v 13.8599443 5.16342831 3.98955703
v 13.5063486 5.17289162 0.649743259
v 12.1906929 5.06991291 1.64264655
v 13.1650982 5.22748423 0.626185715
v 11.9607849 5.18891573 1.83770072
v 12.7956686 5.26097822 0.286645114
v 12.0052366 5.54192209 1.29132581
v 11.6549292 5.45190716 1.29266751
v 10.9664268 5.51904345 0.803189993
v 10.8509645 5.54839659 0.321191728
v 11.5164099 5.71158934 0.633359075
v 11.9617043 5.7333622 0.394726217
v 13.3941078 4.98723698 0.202176154
v 12.289731 5.79045868 0.534072101
v 12.7062206 5.60925579 -0.182792872
v 10.2486572 5.53345346 0.771773458
v 12.0192137 5.91219568 -0.767919958
v 11.754303 6.34351063 -1.39833117
v 13.4282856 5.21417522 -1.4569242
v 13.5196943 4.90258789 -0.642567337
v 13.667119 4.79138994 -0.558113217
v 11.7012062 6.12781715 -0.711070895
v 11.362998 5.78685188 0.338250011
v 11.074707 5.76953745 -0.282247484
v 10.4606104 5.5116663 0.0531095713
v 10.0542336 5.5972724 0.38155514
v 13.6551161 5.04417515 1.04120827
v 10.7963629 6.19501257 -1.1904248
v 10.4114218 5.70309639 -0.143014967
v 9.351367 5.66994333 0.21733886
v 9.19221592 5.75540352 -0.639365256
v 10.4433784 5.89478302 -0.750630617
v 9.08722115 5.86595821 -1.36267257
v 10.1751299 5.93188381 -0.574293375
v 10.4783955 5.77756643 -1.63316953
v 10.7185469 6.30631828 -1.88470483
v 10.3058395 5.60176945 -2.65041471
v 10.1505957 5.93196726 -1.02962983
v 10.2097626 5.63760233 -2.07656837
v 9.48012829 5.85255241 -1.36824095
v 9.09807491 5.74116135 -1.76224244
v 9.81282425 5.8526063 -2.56621766
v 9.30559635 5.66487885 -3.54555321
v 9.32639599 5.68445587 -2.73220301
v 9.74392605 5.75908136 -3.1696074
v 9.50082397 5.53427029 -3.73307705
v 9.09423351 5.8068161 -3.95262957
v 9.71619129 5.63813162 -3.60654497
v 10.6696053 5.63896465 -3.43075657
v 10.0050926 5.35602427 -4.60955334
v 11.1202221 5.46902227 -4.32160187
v 10.7247677 5.4121542 -3.83625102
v 10.1023159 5.12009573 -4.86518574
v 10.5405674 6.13237095 -2.6656177
v 10.8806744 6.41577578 -2.6102972
v 10.7535219 5.13498974 -4.94131994
v 10.9995556 4.77868795 -5.40891647
v 11.6453896 4.85723972 -5.24625492
v 11.0155382 6.34317636 -3.09002948
v 11.6111364 6.30395699 -2.28056335
v 11.435771 4.50766039 -5.53629398
v 11.3694963 6.40903997 -2.9141078
v 11.5735369 5.25290346 -4.00393534
v 11.47192 5.33555269 -4.37705469
v 10.9982672 6.06901026 -3.38655877
v 11.641449 6.06296062 -3.39243412
v 12.299901 4.92855835 -4.85515451
v 12.3142529 5.15982056 -4.065063
v 12.1525574 5.88040161 -2.85029769
v 12.4119396 5.3179431 -3.78046417
v 13.4238701 5.04656982 -2.66472077
v 13.3168707 4.63722134 -4.31793737
v 12.501462 4.90516186 -4.05639601
v 12.5384092 4.75676727 -4.46213722
v 13.4481001 5.18986988 -2.18399787
v 12.9189129 4.90855837 -4.68297863
v 12.7496424 4.81727266 -5.28249979
v 14.1589146 5.07721901 -3.03181338
v 13.224658 5.02081394 -4.56668615
v 11.482461 4.38599539 -5.82257175
v 13.1383448 4.85301638 -5.80255795
v 13.3534555 4.7858572 -6.27257204
v 13.640852 4.96641207 -4.63552427
v 12.8023663 4.68429565 -5.82333136
v 12.5465326 4.67165852 -6.54624128
v 12.9035015 3.84945416 -7.86129332
v 11.7179317 4.43529606 -6.91191339
v 11.9310484 3.86291409 -7.75182009
v 11.7680883 4.05828285 -7.9331584
v 12.8290815 3.97539639 -8.03291512
v 13.9778786 4.42945099 -8.15094566
v 13.7649202 4.05440474 -7.77040958
v 14.1110106 4.1391902 -8.94990253
v 14.29214 4.75337458 -7.24319887
v 14.0301294 4.23241282 -7.8583746
v 14.3611708 4.06271648 -8.02589321
v 14.2225313 3.99569917 -7.6871562
v 14.6674948 4.28565168 -7.26901579
v 14.6808167 3.63615656 -9.33685303
v 14.0993214 5.20381355 -5.79977274
v 13.724741 4.92072535 -4.98396301
v 13.7969294 4.77836609 -4.36698484
v 14.4690914 5.22701025 -3.69100642
v 14.0255013 4.96699286 -4.92051268
v 14.7728806 5.41002989 -5.17742682
v 15.2365379 5.41284275 -5.41899109
v 14.3757763 4.97107887 -6.57769442
v 14.8885365 4.30556631 -6.9668889
v 15.441617 5.05320501 -5.86497116
v 15.3381538 3.78899312 -7.46389389
v 15.4343271 4.12089777 -6.57333565
v 16.0262756 3.60665417 -8.98095322
v 15.2304087 3.51769471 -9.58933735
v 15.367877 3.47416353 -10.1167402
v 15.9431429 3.64330792 -6.97625351
v 16.2676716 3.24122977 -6.7699213
v 16.7904682 3.15305805 -7.37752295
v 15.75774 4.25427914 -5.62803268
v 15.9099178 3.87773848 -5.84250355
v 16.6406956 3.20812678 -6.82835627
v 15.9368258 4.75735426 -5.46868753
v 15.4223051 3.39885449 -11.2710361
v 15.9465141 3.34468961 -10.4168673
v 14.638072 2.97316432 -11.297864
v 14.4522657 2.91331387 -11.9602671
v 15.2421923 2.84969997 -12.1538591
v 15.4186573 2.59296441 -12.3820677
v 15.8480682 3.10734606 -12.2460308
v 16.1658039 3.09884334 -11.8867016
v 17.5354824 2.84798431 -7.93736601
v 18.5292473 2.56687331 -7.12133598
v 19.1482029 1.89475644 -7.40412235
v 19.8113461 0.665629268 -6.98647976
v 20.5136356 0.038675826 -8.0044775
v 20.4428196 0.0312317386 -7.33784342
v 20.1677685 0.0312630199 -6.9472065
v 19.4368591 1.53989697 -6.90012264
v 19.4286995 2.04987383 -6.14051056
v 18.1741276 3.44093609 -6.01515961
v 17.8534565 3.15075493 -6.49964333
v 17.6794319 3.81818938 -6.00021839
v 17.2492542 3.47520351 -6.62779951
v 19.7190876 0.855320573 -6.69022036
v 19.7045097 1.5097158 -6.20731211
v 19.5894146 1.13827538 -6.43802881
v 20.2285805 1.35768247 -5.80341482
v 19.8468227 0.67791307 -6.60527325
v 20.8516769 0.53738606 -6.25734425
v 20.8599854 0.0169653017 -6.55506897
v 21.2675686 0.0179009307 -6.273458
v 20.9687939 1.4174484 -5.002738
v 21.2987442 1.43978477 -4.39022493
v 21.3788891 0.927284896 -5.43038368
v 21.8422775 0.50480485 -5.43535948
v 21.6325588 0.0123743797 -5.86232901
v 22.5341053 0.349028796 -5.17913866
v 22.3219795 0.0415789299 -5.67124701
v 22.7512074 0.0319869705 -5.32964516
v 23.0678463 0.037165463 -3.63686585
v 21.7113132 1.36646497 -2.82455826
v 22.778223 0.0328321159 -1.67927146
v 18.8255749 3.60430408 -4.4499588
v 18.8122807 4.57840824 -2.1643889
v 18.2822189 3.64120007 -5.59539652
v 20.8321838 2.43533158 -1.96159208
v 20.4416771 3.17466331 0.79309094
v 22.8848171 0.0346129425 -0.767438114
v 19.420372 4.14491177 -1.5717926
v 20.3665447 3.41288042 2.2666285
v 18.580637 4.86534357 -0.497812629
v 17.7985077 5.03891897 4.15969467
v 18.8836308 4.17099762 3.98326612
v 18.0212479 4.57198238 5.41210747
v 18.7479191 3.68789697 5.03867149
v 21.3745823 2.2448163 0.771592438
v 24.3169765 0.0371264704 1.31797206
v 18.0587311 5.01749468 -2.34652948
v 17.0649223 5.08463049 -3.90831017
v 20.6753044 3.10594678 1.69141185
v 25.3187943 0.526741862 4.31044197
v 25.3718739 0.0304650012 3.63328791
v 26.5440941 0.0397641733 4.66787386
v 24.0821552 1.85231268 4.78032017
v 26.5026169 0.622027755 5.65432739
v 27.1857681 0.0369771793 5.96927118
v 25.0729218 1.70784664 5.98971462
v 22.6829853 2.7973547 6.02432299
v 20.1307068 3.5713625 3.46904325
v 19.7141113 3.67274618 3.99083495
v 19.2969666 3.34025025 5.45624256
v 26.4684639 0.828263581 7.27171326
v 27.2620544 0.036987368 6.93684149
v 27.0110874 0.0420489237 8.50062752
v 24.7173424 1.57469559 8.38145351
v 26.1207237 0.0439807512 9.8578825
v 25.4325924 0.0432516672 10.4502649
v 21.491497 1.82692444 10.3940411
v 24.9273167 1.83861768 6.64062786
v 25.2262135 1.52859139 7.8156352
v 23.7600746 2.38794994 6.9629674
v 22.9457951 2.64688063 7.14347458
v 23.3932743 0.67405957 10.8631105
v 23.8633728 0.0448455513 11.3214121
v 21.1342163 1.20704973 11.8450813
v 22.7443142 0.524491727 11.6796656
v 23.4450703 0.253312469 11.1858482
v 23.6264114 0.0495885201 11.929409
v 22.7306786 0.0446787998 12.2224903
v 21.5127926 0.612321019 12.1778564
v 20.6782608 3.10636592 6.67022943
v 22.4282761 0.240917817 12.2492561
v 22.5958214 0.0520297289 12.7000093
v 22.4259949 0.0354575142 12.8244286
v 22.1276817 0.269350648 13.2604017
v 22.2193451 0.0129592549 13.3318405
v 21.7823486 0.0222275518 14.3690319
v 22.1853237 0.414146841 12.6971521
v 21.7330589 0.415943712 13.9490938
v 21.4297829 0.0462820604 14.9289351
v 21.4177666 0.574164093 12.8637981
v 21.078289 0.898530304 12.1458712
v 20.2573204 0.845780849 13.9547482
v 20.4790173 0.0461060144 15.1911345
v 20.2898979 0.81639576 13.4442768
v 19.4829655 0.71818471 14.4280634
v 19.5103016 0.0358413942 15.2873449
v 20.1357594 1.05018234 12.5698156
v 19.6194401 1.26659 12.8416557
v 19.0832329 1.75820053 12.9680529
v 19.1707592 0.695130587 14.9722786
v 19.252142 0.0310554095 15.5980511
v 19.4729519 1.19480491 13.293458
v 19.1292095 0.775587678 14.1720419
v 19.4829407 2.33101034 11.3818588
v 18.8139668 0.489743441 15.3065777
v 18.0933437 0.325330257 15.2313538
v 18.7166862 0.0418665893 15.7301464
v 17.6881714 0.0347712785 16.0200672
v 18.8621998 1.43819821 13.291152
v 18.9345093 0.895439029 14.1952353
v 18.288908 1.27458513 13.6993732
v 17.4167824 0.732925951 15.6009312
v 16.7299137 0.0203061122 17.0284424
v 14.9120417 1.33723402 18.0881042
v 18.24893 0.661733925 15.0302448
v 18.1102524 1.52049637 13.4722004
v 15.5524445 0.586063623 17.9542179
v 15.8549976 0.0219249055 17.9967995
v 15.4913836 0.523315787 18.2955971
v 15.8675604 0.0300088581 18.603302
v 15.0845795 0.837678492 19.043869
v 15.6410456 0.02551952 19.1912003
v 14.9829473 0.0166497994 19.7034855
v 14.42941 1.23880816 19.1238251
v 14.3808403 0.75556916 19.6154099
v 14.5189409 0.0271996725 19.8053551
v 13.4743404 1.47360826 19.2261429
v 13.3325853 1.02034283 19.5436878
v 14.4030685 0.0531921722 20.3007927
v 13.1038246 0.0472423434 20.5185299
v 12.3534937 0.283203453 20.1203384
v 13.0018463 0.0559437275 20.6361198
v 11.3260412 0.054127343 20.6739693
v 10.8098679 0.526919305 19.2342777
v 10.2734423 0.0533004366 20.1748867
v 12.4078712 1.01744282 19.2546883
v 10.4846172 0.751250565 18.7302494
v 9.40102005 0.420200497 18.6966991
v 8.38069534 0.526347697 18.4219666
v 8.69326878 0.0539328381 19.5609303
v 6.64077139 0.0565407164 19.4468594
v 6.19336414 0.05386547 18.9268837
v 12.4962292 1.35116971 19.2158222
v 11.6328659 1.53854823 19.0972538
v 12.6703672 1.74178541 18.6867275
v 12.0968075 1.56409466 18.9807415
v 13.4321985 1.60995698 18.8421059
v 14.1870127 1.38535964 18.8837414
v 12.1613131 1.94585097 18.5058231
v 12.960495 1.82912803 18.6837196
v 12.6256027 2.09259725 17.7028828
v 11.6541624 1.8863523 18.5364113
v 10.9960718 1.8681823 18.3956528
v 16.970274 1.03880394 15.3905144
v 17.0009346 1.113958 14.8715477
v 16.4175262 2.11994767 14.0408554
v 10.8521519 3.08142185 15.0791492
v 10.5154381 1.14443505 18.6995754
v 17.9183788 0.471603066 15.2958078
v 17.46422 1.07804585 14.7591219
v 18.1155434 1.25114715 14.1440544
v 17.7640915 1.75408876 13.4373579
v 18.3830032 2.49251437 11.8868418
v 20.8987465 2.1538527 9.85393906
v 20.0432739 2.27610922 8.73178101
v 21.0213757 2.26931334 8.90429688
v 18.6232414 2.90175939 8.6123085
v 22.2692432 2.03352356 8.98991108
v 21.391777 2.57350373 8.05785275
v 22.3931065 2.56643558 7.95982122
v 21.4947472 2.74293733 7.35825062
v 21.2341251 2.88241243 7.43496799
v 20.9509087 2.48092699 8.39218807
v 19.5704784 3.1403389 6.41057968
v 19.9024467 2.56247497 8.36017227
v 19.4103622 2.7066946 7.69475126
v 20.3462391 2.67310929 7.64771843
v 19.0985374 2.77073717 8.46489525
v 20.328474 2.98223376 7.19701767
v 19.3690128 2.97514701 6.92399836
v 18.6751232 2.79893637 7.45058632
v 18.9077225 2.89632893 6.72648382
v 18.1694775 2.77734876 7.20506048
v 18.6165504 3.12251163 5.83320522
v 18.1758099 3.18053055 6.13076639
v 18.2028427 2.96560287 7.8231945
v 17.4685917 3.12905622 7.00761461
v 18.474947 3.4356606 5.61352301
v 16.526926 3.08931565 6.92470789
v 18.7442226 3.49024534 5.22383118
v 17.5446205 3.17712331 6.78151274
v 17.5739422 3.40611267 6.56572819
v 16.7295914 3.87743449 6.78193998
v 18.2566853 3.05989528 6.61719227
v 15.9217501 4.21193027 6.71105337
v 15.3683481 4.58674431 6.64643002
v 15.3308201 4.9075532 6.31817245
v 17.9889526 3.45243716 6.11226368
v 17.7020912 3.86260176 6.36596489
v 18.293047 4.11121798 5.48745966
v 17.1231441 4.88706493 6.05401945
v 16.736187 4.53537226 6.33058405
v 15.8665533 4.68697214 6.35115528
v 15.7008066 5.03087378 5.87508154
v 17.1461926 5.23568964 5.7171855
v 16.3479099 5.20442486 5.85487556
v 15.3735762 5.36650991 5.61366129
v 17.5166035 5.20296192 5.15053034
v 16.8084049 5.7540741 4.88535023
v 16.2034206 5.65750122 5.2861042
v 15.7797775 4.87865782 5.8964982
v 15.7683105 5.39119148 5.36278296
v 16.280344 5.80736685 4.79690981
v 15.5568304 5.6347332 4.89429569
v 14.7209358 5.32962751 5.09129524
v 15.096468 5.55001831 5.17950249
v 15.1801538 5.46909904 3.95682693
v 15.6883698 5.56263113 4.16560984
v 14.5153341 5.34752798 4.70126963
v 14.9536848 5.48408079 4.07174397
v 14.8227692 5.6847415 3.88118649
v 16.1933937 5.73575115 3.95164704
v 15.5675745 5.89054298 3.86122632
v 16.3102131 5.78524399 2.9856832
v 15.616396 5.94161987 3.10949206
v 16.1964722 5.85212469 2.28821349
v 15.3115683 5.94613123 3.15005064
v 15.0573521 6.03662729 2.45842028
v 14.9638262 5.91741514 3.28629398
v 14.33494 5.67058468 3.08427858
v 13.8330927 5.51633024 2.67688322
v 14.4921913 5.93800831 2.17173672
v 13.7360077 5.51766539 2.01722932
v 14.0714979 5.42345715 1.24393582
v 14.046629 4.947824 0.380642086
v 14.3617773 5.82411671 1.46679151
v 14.8169165 6.13281155 1.28178835
v 15.3916903 6.0216589 1.37856758
v 14.9755402 5.39340115 0.0130083486
v 15.5952196 6.0165925 2.45396185
v 17.7551174 5.2629652 -0.83314693
v 16.4527473 5.69904184 -2.65107894
v 14.2731466 5.10516691 0.162590936
v 14.6480513 5.17834234 0.0684593394
v 14.6879387 5.26022625 -0.53572607
v 14.0970049 4.88626099 -0.459656239
v 15.280942 5.41043091 -0.254116118
v 15.9206352 5.64107847 0.184723988
v 13.6211729 4.93521976 -1.24750483
v 16.1094646 5.75047112 -1.56169569
v 15.5311422 5.64500046 -0.808700621
v 13.4300423 4.85413504 -0.873203278
v 13.9968214 4.8962431 -1.19665706
v 15.0657196 5.38172293 -1.01187897
v 13.8365974 5.30017185 -1.84759498
v 14.4165907 5.45054531 -2.16242719
v 14.4028196 5.1298027 -1.35046434
v 14.5161791 5.13852167 -1.77758861
v 15.4016638 5.67789459 -2.12490344
v 15.0708723 5.40738964 -1.94116187
v 14.0987558 5.30038548 -2.36654067
v 14.5067759 5.0983901 -2.75975895
v 15.0534554 5.54509449 -2.46169591
v 15.343606 5.60159588 -2.89674258
v 14.6898127 5.14894295 -3.04119229
v 16.0659428 5.7991004 -2.82416677
v 16.0526161 5.62586355 -3.52583194
v 14.6560297 5.21113777 -3.59381604
v 15.0489511 5.37462378 -4.09394789
v 16.1260147 5.67341614 -4.19535351
v 15.4209709 5.47307158 -4.57189465
v 15.8683119 5.22848988 -4.99612045
v 16.5695305 5.19039106 -4.76434803
v 16.2225151 4.05277157 -5.2714777
v 16.5282726 4.47066736 -5.13341951
v 16.6951561 4.19446135 -5.02455139
v 16.1376419 3.60606527 -5.59226751
v 16.4115219 3.77805281 -5.2780571
v 16.3409672 3.75728965 -5.49932957
v 17.0353565 3.80107474 -6.29352951
v 17.2078133 3.97401786 -5.05322123
v 17.3410625 3.93343592 -4.83777523
v 17.6724472 3.85791779 -4.89823055
v 18.3054447 3.70585918 -4.85925627
v 17.0774994 2.87082982 -7.65851974
v 16.3156796 3.44537091 -7.83921909
v 16.5694046 3.41837859 -7.60426569
v 10.0769777 3.2251668 15.0153484
v 9.4455452 3.2185986 15.098321
v 10.0505495 2.94337392 15.2475824
v 7.99269819 2.99966335 15.0035896
v 8.30874634 3.24357748 14.6291523
v 7.35536051 3.5202899 14.5837297
v 7.57766056 3.12102985 14.7175045
v 6.67481041 4.05707264 14.0220299
v 5.80136156 4.0755167 13.846941
v 6.85935354 4.02965927 14.2819099
v 5.55482054 4.43371105 13.514699
v 5.86779165 4.50427198 13.0039339
v 5.07884836 4.60425186 12.9905376
v 5.4381876 4.59621382 13.7302904
v 3.75568986 4.34188747 13.5249996
v 5.58731318 4.08461285 14.2779999
v 5.71717501 3.70135546 14.4172707
v 4.16972542 3.89171267 13.9233408
v 3.23646998 3.51191711 13.8655663
v 4.92265129 3.57681513 14.4142504
v 3.43821812 4.02654266 13.315052
v 4.15046263 3.40347838 14.484869
v 2.96539879 3.00339746 12.9438124
v 2.75251007 2.97282958 12.9004831
v 2.64111161 3.24118209 13.3070183
v 2.60755706 2.84099412 12.5094728
v 1.46291459 3.27361965 13.0976486
v 2.2751236 2.97660303 13.6969528
v 2.32237053 3.03603601 14.0460291
v 2.82631373 2.7407279 14.701128
v 2.53621602 2.80955553 15.0538826
v 1.57756758 2.80244279 12.2077513
v 1.50386918 3.43746901 13.8615837
v 3.81572723 2.72822833 14.7990084
v 1.02947915 3.18084097 11.7602053
v 3.08676815 2.28429508 15.0169811
v 1.11024225 3.28334594 11.1990757
v 0.786326051 3.56129503 11.0792723
v 0.463649809 3.57284045 11.6531029
v -0.259225845 3.2451303 11.282815
v 0.205918521 3.74853992 12.2704077
v -0.585531831 3.3875668 11.2272491
v -0.393153995 3.91872549 12.4670782
v -0.0595304966 3.58453512 12.1373787
v -0.0948836282 3.86467767 13.5929451
v 0.43068558 3.62701678 12.6401548
v 0.359216839 4.0251379 13.715929
v 0.972617865 3.70660973 13.9581976
v -0.879152298 3.22899842 11.3442945
v -1.43433785 3.23520875 12.1895103
v -1.72721243 3.40968752 11.5771809
v -1.97377563 2.82468009 11.7833738
v -1.52306271 2.91858006 12.5212078
v -1.08589566 3.63435268 13.2196674
v -1.31946146 3.22023487 13.532506
v -0.499078214 3.84179902 13.9813242
v -0.547664583 3.95356059 13.1829987
v -2.18485832 2.68651199 12.3591738
v -2.49124193 3.10919738 11.5378475
v -2.73919582 2.78961968 12.2840586
v -3.03310061 1.61597872 12.5695286
v -2.0405407 2.62342429 12.405592
v -1.90108442 2.95557785 12.3525534
v -1.55743861 2.35150576 12.7602081
v -2.80597639 1.63146639 13.0536566
v -1.56151223 1.59061861 13.258976
v -3.01907778 1.09254849 13.783534
v -1.31872094 2.21630645 13.9138355
v -1.28303695 1.22489619 14.4247446
v -2.50338936 1.36310601 13.8104057
v -1.15262103 1.78301299 14.4767265
v -0.935769796 1.15605032 14.6281281
v -0.758839428 3.06703973 14.5848923
v -2.23060417 1.45191038 14.306982
v -0.931267381 3.36580825 14.2574425
v -0.700078249 3.45923877 14.2008362
v -0.429000437 2.75830221 14.7585669
v -0.221008599 3.07916975 14.8598251
v -0.218388051 3.63732958 14.2736769
v -0.084309563 3.67439485 14.9240589
v 0.811525762 3.86607575 14.7414122
v 0.490860611 3.56391573 15.2318373
v 1.08655751 3.30650139 15.1886663
v 0.863167942 3.20396304 15.36938
v 1.1496402 1.43065441 15.679863
v 2.32403994 2.78753757 15.6795359
v 1.77866793 2.85089493 15.6176682
v 2.02480888 2.19084692 16.0638409
v 2.70496392 2.40391469 15.3140278
v 2.42671347 1.42358851 15.3674603
v 2.08657312 2.56285357 15.7390442
v 3.05139303 1.55742478 15.6947632
v 3.87145925 2.31382036 15.4600897
v 4.5398407 3.25267744 15.0115795
v 5.16683102 3.35361052 14.7740202
v 4.93794441 2.84404659 15.0379028
v 5.41330194 2.84061742 15.1721458
v 6.54302645 2.94000888 15.1783581
v 5.26856518 2.56606221 15.4289856
v 6.43721533 3.45710373 14.6138105
v 7.03609467 3.67693806 14.6889791
v 7.07448816 3.35891533 14.7354584
v 6.85834074 3.02110243 15.2231531
v 7.51545858 3.02380967 14.9694319
v 6.65585852 2.53629446 15.3051081
v 7.77650452 2.74070239 15.3814783
v 8.24539852 2.74396014 15.0988693
v 7.65532398 2.28581524 15.5812006
v 9.62193203 2.63738513 15.5259266
v 9.44641972 2.68336368 15.8839197
v 10.1211624 2.56560397 16.0993004
v 10.4078064 2.23178744 16.716526
v 9.50789738 2.22622395 16.2061653
v 10.3797064 2.09063339 18.2611599
v 6.4786582 2.35819149 15.975461
v 7.728374 2.24045038 16.634943
v 11.2918663 2.15129566 16.9630337
v 10.615056 2.11608362 16.8130302
v 11.1511335 2.14545918 17.181572
v 10.8519087 2.02970648 18.418396
v 10.1901989 1.66609597 18.4952393
v 9.83099365 1.34266794 18.6893253
v 8.91219997 0.956599712 18.5100288
v 8.96138954 1.40275526 18.2165871
v 8.32230759 1.05878806 18.1657715
v 8.57226849 1.50185609 17.771883
v 7.42094278 0.539280295 18.0975494
v 7.46171379 0.812393308 17.8013401
v 5.33238506 0.964217067 17.5245171
v 6.13191557 0.488121361 17.9811039
v 4.52918196 0.0449208952 18.1980286
v 3.37823296 0.0166188031 17.9555893
v 2.47164035 1.00423813 17.4815979
v 2.39697814 1.49149597 16.7371788
v 1.75025499 0.0202214327 18.0253201
v 1.16132402 0.935206532 17.4703846
v 0.599602401 0.021228347 17.9384727
v -0.398489416 0.0423130803 17.7908058
v 1.29039156 1.1819464 17.0559425
v -0.752086699 0.01511259 17.5072269
v -1.11084843 0.0374098122 17.5161247
v -0.618634462 0.531786978 17.0745945
v -1.56430793 0.0504959896 17.29175
v -1.72474313 0.0510371104 15.9329243
v 1.37620056 1.23475003 15.9223509
v -1.33848035 0.19966653 15.6474409
v 0.680262506 1.03396332 15.5571814
v -2.01524329 1.3580389 14.6188374
v -3.47300673 0.0394036621 15.6808577
v -1.03788221 0.329838127 15.4586878
v -2.89269686 0.811658382 15.0164766
v -4.10831118 0.0468375199 15.2099752
v -0.673263967 0.517010808 15.2802229
v 2.30295324 1.47211945 15.7492352
v 3.27667165 1.74673295 16.0331459
v 3.93791914 1.71486092 15.6362562
v 5.33923674 1.11953044 16.4444599
v 5.64826775 2.46486044 15.5966415
v 5.48972082 2.62455034 15.7052889
v -3.73119354 0.922817349 13.4933968
v -3.73236418 0.600496054 14.4924402
v -4.19149971 1.1151942 12.7275038
v -4.15097332 0.685411334 13.4534225
v -4.23346663 0.298175603 14.558075
v -4.62480927 0.0525290482 15.0081177
v -4.35633373 0.346883148 13.4265203
v -4.65553713 0.0338168629 13.3099651
vn 0.0184102543 -0.481880933 -0.8760432
vn 0.0184102692 -0.481880963 -0.87604332
vn 0.018410258 -0.481880963 -0.87604332
vn -0.0184108652 0.481879801 0.876043856
vn -0.0184108503 0.481879741 0.876043856
vn -0.0184108503 0.481879801 0.876043856
vn -0.243882298 0.595269322 0.765621245
vn -0.243882224 0.595269322 0.765621245
vn -0.243882269 0.595269322 0.765621305
vn 0.243882269 -0.595269322 -0.765621305
vn 0.243882284 -0.595269382 -0.765621185
vn 0.243882298 -0.595269322 -0.765621245
vn -0.188420892 0.913551271 -0.360446393
vn 0.148509979 0.868619621 -0.472699434
vn 0.000834419683 0.995313525 0.0966963843
vn -0.625977755 0.566066027 -0.536396503
vn -0.299057156 0.789730608 -0.535621405
vn -0.437318861 0.810455084 -0.389762402
vn -0.401081771 0.61582011 -0.678158462
vn -0.479659349 0.637947023 -0.602453768
vn -0.714648128 0.604300857 -0.352276385
vn -0.270726621 0.74770987 -0.606330812
vn -0.0840606466 0.734067202 -0.673853934
vn -0.202148214 0.878530681 -0.432804853
vn 0.0247866828 0.918300271 -0.395107836
vn -0.248760015 0.884670734 -0.394304603
vn -0.213643774 0.874344766 -0.435749382
vn -0.347283572 0.721130431 -0.599470615
vn -0.618883669 0.512500226 -0.595253408
vn -0.226277351 0.472998977 -0.851510644
vn -0.390327841 0.51875174 -0.760618687
vn -0.52511102 0.586254895 -0.616898298
vn -0.552933931 0.360337466 -0.751279533
vn -0.555186391 0.442498952 -0.704246104
vn -0.342155159 0.581579685 -0.738034487
vn -0.558653355 0.589441359 -0.583494067
vn -0.452557921 0.771878362 -0.44653675
vn -0.209496826 0.647475839 -0.732725203
vn -0.687987328 0.560763657 -0.460670829
vn -0.0764877126 0.785035312 -0.614710629
vn -0.717726648 0.511395991 -0.472591519
vn -0.564122856 0.390830576 -0.727335453
vn 0.194308296 0.545742631 -0.815112948
vn -0.822060347 0.545946062 -0.161739662
vn -0.781576037 0.546639144 -0.300540507
vn -0.84188956 0.539518952 -0.0118793231
vn -0.616922975 0.64008373 -0.457928836
vn -0.832706749 0.542129159 -0.112673536
vn -0.643935204 0.519883096 -0.561309993
vn -0.652366102 0.551960528 -0.519382477
vn -0.265057445 0.408598036 -0.873379827
vn -0.450685143 0.890914559 -0.0561629571
vn -0.749340057 0.440981686 -0.493988544
vn -0.733592272 0.677687824 -0.0508088246
vn -0.653314173 0.742933631 -0.145705268
vn -0.438402355 0.893842757 -0.0940666795
vn -0.478449434 0.753042042 -0.451678962
vn -0.596168399 0.780795634 -0.18692632
vn -0.608532846 0.708018601 -0.358325779
vn -0.634435177 0.522952259 -0.569221258
vn -0.549535334 0.808986485 -0.208690703
vn -0.649692655 0.381749183 -0.657394052
vn -0.632435858 0.469814241 -0.615873039
vn -0.0596586652 0.866142929 -0.496223152
vn -0.636287212 0.705390334 -0.312350631
vn -0.70278132 0.673071504 -0.230376333
vn -0.482129633 0.766126812 -0.42497161
vn -0.268722296 0.863912821 -0.425961345
vn 0.0363101847 0.764732659 -0.643323839
vn -0.0199710056 0.947433531 -0.319328845
vn 0.372018099 0.724698901 -0.580012143
vn -0.461348027 0.593855858 -0.659160972
vn -0.711157382 0.653515577 -0.259176701
vn -0.0133017786 0.464439452 -0.885504961
vn -0.168322638 0.8774243 -0.449214965
vn 0.0637539849 0.988363087 0.138108253
vn -0.322844863 0.408955246 -0.853537798
vn -0.0127382251 0.97340095 -0.228753731
vn 0.0565979853 0.997878313 -0.0321806744
vn -0.15191029 0.938447118 -0.310226232
vn -0.168613896 0.985295415 -0.0276090447
vn -0.344267011 0.87575084 -0.338438541
vn -0.531715035 0.345475882 -0.773256421
vn -0.529314458 0.707478225 -0.468295604
vn -0.412358642 0.461811692 -0.785296261
vn -0.0960408375 0.432598978 -0.89645654
vn -0.251569599 0.835398734 -0.488693804
vn -0.429859608 0.40168342 -0.808623016
vn -0.485525399 0.678700686 -0.551026881
vn -0.340049922 0.702876866 -0.624763966
vn -0.525155306 0.721711874 -0.450936526
vn -0.589598119 0.590863764 -0.550684988
vn -0.471170217 0.659153163 -0.586102188
vn -0.151159659 0.856461704 -0.493582934
vn -0.0403275676 0.995619953 -0.0843479782
vn -0.551713288 0.70991987 -0.437751293
vn -0.127970278 0.870741725 -0.474797398
vn -0.233660698 0.824515641 -0.515341282
vn -0.0940799713 0.813995361 -0.573201954
vn -0.138605058 0.595746934 -0.791122198
vn -0.467588246 0.682383895 -0.561883748
vn -0.159006715 0.732637048 -0.661785305
vn -0.340749294 0.681320548 -0.647836506
vn 0.269566834 0.650323749 -0.710220158
vn 0.29659313 0.547461152 -0.782508075
vn 0.366563022 0.407472968 -0.836419284
vn 0.0328448936 0.544096947 -0.838379264
vn -0.22100544 0.648290396 -0.728612483
vn 0.189447075 0.454502285 -0.870366335
vn 0.524426043 0.290917248 -0.800215304
vn -0.264755249 0.760066509 -0.593467414
vn 0.244317502 0.399987936 -0.883356452
vn 0.0790925026 0.328561306 -0.941165149
vn -0.350534588 0.867543101 -0.35283795
vn 0.114131123 0.712660789 -0.692162335
vn 0.339960933 0.588409781 -0.733621478
vn 0.342073917 0.559152961 -0.755204201
vn 0.101732209 0.468105227 -0.877797246
vn 0.604663312 0.244245484 -0.758107126
vn 0.0966771096 0.375312865 -0.921842575
vn 0.278274387 0.63536948 -0.720325589
vn 0.099711813 0.486442119 -0.868004382
vn 0.0946305096 0.591861904 -0.800465286
vn 0.223138765 0.491894126 -0.841575444
vn 0.381850183 0.661417842 -0.645536065
vn -0.0453558043 0.83969897 -0.541154683
vn 0.220251068 0.530257046 -0.818728805
vn 0.464443594 0.67032373 -0.578755796
vn 0.639789104 0.673641562 -0.369968802
vn 0.229900494 0.739806771 -0.632322609
vn 0.475798935 0.833891332 -0.279715329
vn 0.533850968 0.739628971 -0.409819543
vn 0.0717473179 0.88978827 -0.450698435
vn -0.113103777 0.947903633 -0.297802359
vn 0.776587784 0.499634415 -0.38376677
vn 0.746757925 0.650121808 -0.140336156
vn 0.536345065 0.736912131 -0.41145426
vn 0.485177487 0.778417587 -0.398332506
vn 0.452375829 0.687122405 -0.568523586
vn 0.424759269 0.877005935 -0.224589169
vn 0.316635996 0.847609937 -0.425792336
vn 0.301646978 0.946749866 -0.112577692
vn 0.364892423 0.879499674 -0.305506021
vn 0.185870916 0.8071962 -0.560255468
vn 0.326621324 0.448838145 -0.831782997
vn 0.531772435 0.681801915 -0.502358675
vn 0.316329628 0.796401203 -0.515442073
vn 0.254222542 0.955426157 -0.150105804
vn 0.504650712 0.829138398 -0.240535051
vn 0.338275522 0.874125659 -0.348531216
vn 0.00833482761 0.942605257 -0.333805144
vn 0.387021214 0.832633376 -0.39615193
vn 0.497816741 0.723492205 -0.478265136
vn 0.128609091 0.812349677 -0.56881243
vn -0.0573063344 0.86573112 -0.497217953
vn 0.112781525 0.925542057 -0.361458421
vn -0.152660817 0.852733135 -0.499540508
vn 0.118388318 0.866105914 -0.485638589
vn 0.0911516175 0.939790785 -0.32937035
vn -0.0524262413 0.805547178 -0.590207756
vn 0.0211256985 0.920329094 -0.390574008
vn 0.100072347 0.817088008 -0.567761123
vn 0.149394199 0.913519382 -0.378369838
vn 0.149159908 0.842097402 -0.518288851
vn 0.232572481 0.447540611 -0.863491356
vn -0.0113997795 0.855618536 -0.517481565
vn 0.175453126 0.707624912 -0.684458435
vn 0.0465638414 0.609036744 -0.791773975
vn 0.255209535 0.923252225 -0.287181675
vn 0.332765192 0.779343784 -0.530933678
vn 0.0974287167 0.73839134 -0.667297482
vn -0.104061089 0.866476238 -0.488252163
vn -0.191500872 0.814982414 -0.546928883
vn -0.0928432792 0.739945114 -0.666229248
vn 0.0751840621 0.529955745 -0.844685912
vn -0.0100849783 0.789042413 -0.614255965
vn 0.0460471921 0.625970185 -0.778486311
vn -0.0916898698 0.81988287 -0.565141559
vn 0.556830466 0.687714398 -0.465820432
vn 0.426710129 0.748571515 -0.507502854
vn 0.484674633 0.541817605 -0.686676204
vn 0.81989634 0.437371701 -0.369426399
vn 0.523481905 0.488413811 -0.698153794
vn 0.0778024122 0.675299823 -0.733428299
vn -0.0468338579 0.573756039 -0.817686141
vn 0.470079273 0.68392539 -0.557917178
vn 0.372868419 0.715665758 -0.590585887
vn -0.0753825605 0.941024959 -0.329832643
vn 0.407314926 0.6835742 -0.605657399
vn 0.21481429 0.748946369 -0.626844645
vn 0.191903055 0.976204038 -0.100989647
vn 0.182149112 0.956871808 -0.226314321
vn 0.486938983 0.845796824 0.217986673
vn 0.250988871 0.937252045 -0.24199824
vn 0.731082678 0.615200043 -0.29503715
vn -0.133687571 0.987655103 0.0816396773
vn 0.52496171 0.671935081 -0.522415996
vn 0.398335844 0.684993565 -0.610010207
vn 0.705068231 0.296386838 -0.644231141
vn 0.0203244798 0.604394317 -0.796426117
vn -0.109822907 0.869029701 -0.482417196
vn 0.14157936 0.895677924 -0.421564221
vn 0.0973957554 0.994226575 -0.0450283885
vn 0.170795366 0.97272563 -0.156951293
vn -0.000404058606 0.976981103 -0.213325098
vn -0.25548175 0.965956986 0.0406969115
vn 0.460082889 0.863703668 -0.205766186
vn 0.702732563 0.709725201 -0.0495687313
vn 0.34959352 0.936886787 -0.0052509387
vn -0.0527036637 0.997555315 0.0458879732
vn 0.241040498 0.944652617 0.222555175
vn -0.0488908887 0.874730229 0.48213768
vn 0.248288125 0.958106577 0.142775759
vn 0.158951163 0.882447183 0.442743242
vn 0.576545835 0.817063808 0.00122526113
vn 0.517409801 0.82007134 -0.244479313
vn -0.0339902453 0.845401645 0.533048511
vn 0.331712514 0.940126002 0.0782936737
vn 0.0537369587 0.963649452 0.261710078
vn -0.512744606 0.819176972 0.256986588
vn 0.205850035 0.977684438 -0.0419399105
vn 0.553452671 0.811695158 -0.186657578
vn 0.178356856 0.983935833 0.00769035798
vn 0.162682936 0.975776017 0.146271616
vn 0.49609375 0.866983414 0.0472318642
vn 0.113558464 0.979477406 -0.166518912
vn 0.0297486149 0.94286567 0.331842363
vn 0.193583876 0.980108082 0.0437428392
vn 0.377741486 0.897524714 -0.227509931
vn 0.459914118 0.78751874 -0.410235465
vn 0.69393158 0.719335437 0.0318655409
vn 0.238532186 0.959261894 0.151390538
vn 0.331396133 0.930902183 -0.153615937
vn -0.291379154 0.95623523 0.0266892444
vn 0.358064413 0.931829751 -0.0590191036
vn -0.107820563 0.993798435 0.0271929894
vn 0.791238606 0.586743891 -0.17225863
vn -0.128029436 0.989463151 0.0676104799
vn 0.443015516 0.800262153 0.404125959
vn -0.0267681107 0.958188415 0.284883201
vn 0.451802999 0.778295636 0.436038971
vn 0.363093913 0.926007152 0.103312269
vn 0.449446172 0.884416819 -0.125717953
vn 0.158627331 0.925198495 -0.344739139
vn -0.0456417948 0.876620531 -0.479012847
vn 0.00430698786 0.860776067 -0.508965611
vn 0.185388878 0.953370512 -0.238150373
vn 0.101641394 0.847998559 0.520160973
vn 0.807587624 0.501268625 0.310696065
vn -0.145110741 0.942193389 -0.302017182
vn 0.0892178491 0.905466259 0.414934903
vn -0.270109743 0.900372922 0.341129631
vn -0.38378635 0.893229425 0.234199196
vn -0.14341563 0.988715589 -0.0432834961
vn -0.461525679 0.885059237 -0.0605331883
vn 0.0292083267 0.906131625 -0.421986073
vn -0.508713245 0.744648814 -0.432098389
vn -0.528740346 0.656767249 -0.537671149
vn -0.285999417 0.95822072 -0.00418922724
vn -0.2639893 0.962492347 0.0625948459
vn -0.174660385 0.983148336 -0.0539737009
vn -0.123319268 0.988246262 -0.0903418809
vn -0.153350651 0.98409003 0.0897235125
vn -0.0417865403 0.82967186 -0.556685269
vn -0.132829741 0.989673018 -0.0538852215
vn -0.262430429 0.964437425 -0.0314747468
vn 0.161219656 0.757144272 -0.633040845
vn 0.317755103 0.9146806 -0.249782145
vn -0.0382910445 0.977696538 -0.206502587
vn -0.28333059 0.905221224 -0.316699147
vn -0.123553082 0.939806223 -0.318588823
vn -0.370311022 0.886808038 -0.276480317
vn -0.339271188 0.938283503 -0.0672258586
vn -0.339417845 0.853391945 -0.395623118
vn -0.17911382 0.976738572 -0.117897838
vn -0.0253924206 0.999675155 0.00221479265
vn -0.18931745 0.979468286 0.0692882538
vn -0.0126701416 0.960665524 0.277418852
vn 0.0691182613 0.990167022 -0.121622108
vn 0.294808149 0.954952478 -0.0339699723
vn -0.256120116 0.962390125 -0.0905968472
vn 0.213436976 0.973430216 0.0829345956
vn 0.0154535687 0.947532117 -0.319286823
vn 0.374343991 0.888511539 -0.265356153
vn 0.0560851544 0.981982827 0.180455521
vn 0.205013633 0.928337812 -0.310094148
vn 0.30475843 0.936572373 0.173073873
vn 0.498980671 0.756865144 -0.422105968
vn 0.169702843 0.956038952 0.239145339
vn 0.136480987 0.963255525 0.231326222
vn 0.412930757 0.90517509 -0.100728579
vn 0.246264189 0.956361473 0.157246947
vn 0.24765794 0.96874094 -0.0143733956
vn 0.276435703 0.96100831 -0.00679822685
vn 0.0324234441 0.817229927 0.575398862
vn 0.324018925 0.946048796 0.00184914388
vn 0.536439359 0.841378033 -0.0656950176
vn 0.306758732 0.945521832 0.109030128
vn 0.242320806 0.946171939 -0.21456778
vn 0.0369470902 0.90935719 -0.414372414
vn 0.247019529 0.933339 -0.26049909
vn 0.476048887 0.877640784 0.05589417
vn 0.507868528 0.586245 -0.631178558
vn 0.297689497 0.447793633 -0.843126178
vn 0.233156532 0.77560544 -0.586578429
vn 0.620803535 0.340548724 -0.706137121
vn 0.0975403264 0.759355307 -0.64332366
vn 0.377007246 0.59748286 -0.707728684
vn 0.0950705558 0.929829955 -0.355496496
vn 0.168819427 0.884468198 -0.434989601
vn -0.345388472 0.929118872 -0.132079676
vn 0.464739025 0.797654986 -0.384401083
vn 0.420704395 0.799784243 -0.428197414
vn 0.412368834 0.60492897 -0.681184947
vn 0.246743783 0.910255611 -0.332493901
vn -0.0304736849 0.740403295 -0.671471715
vn 0.297688007 0.449785262 -0.84206593
vn 0.435986936 0.714143515 -0.547644377
vn 0.196608365 0.914904952 -0.352553576
vn 0.29535535 0.595993996 -0.746696949
vn 0.245146409 0.939095557 -0.240837663
vn 0.35120818 0.710684955 -0.609573424
vn 0.251354665 0.807715476 -0.533307135
vn 0.34091723 0.770636439 -0.538418949
vn 0.34985128 0.696623266 -0.626354575
vn 0.38527146 0.561454535 -0.7323488
vn 0.17208913 0.87430203 -0.4538517
vn 0.362607807 0.493436933 -0.790591896
vn 0.391321123 0.379297733 -0.838451564
vn 0.395375699 0.249144137 -0.884084344
vn 0.426130116 0.287613988 -0.857724488
vn 0.484173238 0.420132279 -0.767505765
vn 0.401643693 0.408648133 -0.819566309
vn 0.383844227 0.485436112 -0.785503387
vn 0.433691919 0.48419416 -0.759912729
vn 0.486462325 0.501189888 -0.715655744
vn 0.369628012 0.830229342 -0.417246222
vn 0.199088559 0.765641093 -0.611684203
vn 0.382388979 0.920371354 0.0818239152
vn 0.513539851 0.857002497 0.0427026562
vn 0.466883123 0.869878769 0.159157261
vn 0.641927302 0.715494454 -0.275675476
vn 0.571159124 0.750305831 -0.332894087
vn 0.390349925 0.904172599 -0.173489869
vn 0.488416642 0.872434437 -0.0175310615
vn 0.181008175 0.849792421 -0.495064408
vn 0.283250421 0.946627557 -0.153836176
vn 0.393780947 0.919090033 -0.0144935613
vn 0.337764919 0.922221184 -0.188209683
vn 0.204073891 0.783348858 -0.587127268
vn 0.45871982 0.647470236 -0.608570814
vn 0.430225104 0.235401869 -0.871488571
vn 0.0554654971 0.95520705 -0.290694118
vn 0.374809057 0.429392189 -0.82166934
vn 0.266568303 0.854008257 -0.446778715
vn 0.223815754 0.700839639 -0.6772964
vn -0.0744742081 0.498941213 -0.863429964
vn -0.0816976801 0.108393326 -0.990745306
vn -0.0913773179 0.953564703 -0.286992013
vn 0.0168329086 0.820693851 -0.571120203
vn -0.074954249 0.928672016 -0.363249362
vn 0.0374292955 0.492660135 -0.869416535
vn -0.363559544 0.460099816 -0.810020089
vn -0.42312631 0.425597489 -0.799894273
vn -0.187104732 0.324817032 -0.927084506
vn -0.0762626603 0.534865022 -0.841488779
vn -0.404380858 0.436244845 -0.80384481
vn 0.139977157 0.597135186 -0.78983289
vn -0.235315323 0.549929082 -0.80137682
vn -0.159971938 0.709433615 -0.686376691
vn -0.145642892 0.56559056 -0.811723769
vn 0.0851760805 0.574961185 -0.813735008
vn 0.141463712 0.60067445 -0.786878824
vn -0.0629173294 0.685761154 -0.725102067
vn -0.169473484 0.613316119 -0.771441579
vn 0.0819182768 0.746052086 -0.660829604
vn 0.021500852 0.65053165 -0.759174764
vn 0.453201413 0.418494612 -0.787064612
vn 0.0597232133 0.668590546 -0.74122864
vn 0.350994736 0.866063416 -0.356001109
vn 0.145804316 0.749646306 -0.645578563
vn 0.222784504 0.822870433 -0.522734523
vn 0.075765498 0.821478903 -0.565183163
vn 0.303678989 0.82181263 -0.482082188
vn -0.0220801327 0.832974613 -0.552870512
vn 0.228319287 0.744427443 -0.627453685
vn 0.282561034 0.603384793 -0.745711684
vn 0.379107565 0.68079257 -0.62673676
vn 0.226030499 0.844724298 -0.485129982
vn 0.364236474 0.720274091 -0.590370357
vn 0.400603414 0.702496827 -0.588230491
vn 0.424793959 0.713829696 -0.55677402
vn 0.402557433 0.812305927 -0.422026783
vn 0.588173509 0.73231715 -0.343166828
vn 0.699496627 0.531262398 -0.477979779
vn 0.686334193 0.686654866 -0.239687979
vn 0.667418778 0.743338287 -0.0447263159
vn 0.48197335 0.860996306 -0.162440449
vn 0.413588107 0.869484484 -0.27007696
vn 0.327612102 0.888183653 -0.322180182
vn 0.662397921 0.740828991 -0.111361764
vn 0.740588069 0.671842813 0.0125093022
vn 0.74730432 0.647001982 -0.15140903
vn 0.717206061 0.683760107 -0.1344897
vn 0.77686137 0.626508117 -0.0630405545
vn 0.261391521 0.946153998 -0.190963805
vn 0.200363263 0.943433106 -0.264175206
vn 0.446343541 0.830819964 -0.332438827
vn 0.31557402 0.766224146 -0.559744239
vn 0.191449195 0.958892703 -0.209456593
vn 0.423080891 0.903374851 0.0701175258
vn 0.0378232189 0.979325354 -0.198723882
vn 0.0362519249 0.989995837 -0.136359736
vn 0.350571305 0.897933781 -0.26611048
vn 0.167386353 0.915694833 -0.365355819
vn 0.108539209 0.924635947 -0.365058452
vn 0.292761147 0.872635007 -0.390895128
vn 0.0869932696 0.891927361 -0.443731636
vn -0.043815311 0.907519042 -0.417719156
vn 0.199938789 0.954687476 -0.220445454
vn 0.235082924 0.903574049 -0.358175904
vn 0.489923507 0.864397705 -0.113099977
vn -0.0196696818 0.947472632 -0.31923151
vn 0.557252049 0.816477001 -0.151114047
vn 0.136589512 0.942779958 -0.304153413
vn 0.279970676 0.959673882 -0.0253506452
vn -0.161130145 0.985581696 -0.0516329184
vn -0.0161337573 0.870690525 -0.491566598
vn 0.0186678804 0.938806951 -0.343937546
vn -0.00763273519 0.72347635 -0.690306962
vn 0.0766612142 0.991003513 -0.109704845
vn 0.12910381 0.882959425 -0.451347828
vn 0.177151784 0.882307768 -0.436062276
vn 0.0593922958 0.953834057 -0.294403046
vn 0.120048285 0.818735063 -0.561481416
vn 0.0563773215 0.961577654 -0.268682152
vn 0.0715821013 0.816008091 -0.573591232
vn -0.00298709958 0.912510514 -0.409042269
vn -0.117257282 0.987801611 -0.102463745
vn -0.18052268 0.938836753 -0.293252558
vn -0.00398855284 0.989602745 -0.143772587
vn -0.0366858914 0.932850242 -0.358391583
vn -0.0387515947 0.944372654 -0.326586187
vn 0.17188555 0.985083878 -0.00807028543
vn 0.306029767 0.874419034 -0.376479834
vn 0.0750887021 0.765595198 -0.638925493
vn 0.19035314 0.974642098 0.11763715
vn 0.147363052 0.988923311 0.0177435894
vn -0.0094091855 0.998475373 -0.0543899462
vn -0.0314837471 0.979465067 0.199140757
vn 0.0738738775 0.997202873 -0.0113693671
vn 0.0190387908 0.997652113 -0.0657859892
vn -0.169118792 0.980985165 -0.0952203944
vn 0.287783116 0.878267407 -0.381873429
vn 0.0398622826 0.987737298 -0.150949925
vn -0.326762229 0.919954121 0.216589347
vn -0.106487706 0.96209079 0.251081109
vn -0.059877038 0.995541394 0.072883822
vn -0.150328219 0.952919245 0.263336837
vn 0.0747827217 0.880865037 0.467423111
vn -0.0333565734 0.994213164 0.10211508
vn 0.137473375 0.990071297 0.0293220766
vn -0.216170013 0.976306856 -0.00977693405
vn 0.0828454569 0.963574529 0.25428465
vn -0.168642834 0.984779418 -0.0420602597
vn 0.0625146255 0.994610548 0.0827155337
vn 0.157187104 0.785726666 -0.598269105
vn 0.00280234544 0.919459403 -0.393174827
vn 0.122277766 0.991288126 -0.0489500649
vn -0.0984803215 0.97834754 -0.182037964
vn -0.163350582 0.801920176 -0.574665725
vn -0.0254070871 0.935531855 -0.352327406
vn 0.0922243223 0.925325632 -0.367786855
vn 0.115468428 0.796643555 -0.593317807
vn 0.146062791 0.841968358 -0.519379377
vn 0.0127557209 0.705341101 -0.708753288
vn -0.0862655565 0.59628588 -0.798123717
vn 0.00632277038 0.924145758 -0.381987751
vn -0.163170189 0.883802712 -0.438483953
vn -0.0309023429 0.561113298 -0.827162027
vn 0.315704554 0.636175692 -0.703996599
vn -0.283612669 0.954412699 -0.0930611491
vn 0.270653278 0.842463434 -0.465834945
vn 0.207977101 0.888278782 -0.409519762
vn -0.0280697551 0.849852264 -0.526272953
vn 0.32699132 0.543238997 -0.773284018
vn 0.219217241 0.933050394 -0.285238117
vn 0.149543822 0.944385409 -0.292870194
vn -0.0525053293 0.609520614 -0.791029632
vn -0.00498792529 0.590076029 -0.807332218
vn 0.0478083491 0.875997007 -0.479941249
vn 0.0464315377 0.700064182 -0.71256876
vn 0.00171828398 0.730315447 -0.683107853
vn -0.0267530847 0.959352911 -0.28093794
vn 0.148398101 0.901789069 -0.405899465
vn 0.261750787 0.911443293 -0.317423314
vn 0.328682542 0.913218141 -0.24083288
vn 0.295857251 0.911464989 -0.285832107
vn 0.0575108677 0.959275246 -0.276556402
vn -0.0255126227 0.872340739 -0.488232225
vn -0.0145681957 0.824355543 -0.565885007
vn 0.0575845428 0.962828219 -0.263904899
vn -0.0672190934 0.973404944 -0.219007805
vn -0.290447325 0.896882951 -0.333528668
vn 0.140375942 0.887407482 -0.439092785
vn 0.0369787291 0.890094578 -0.454273343
vn 0.0789037049 0.907565296 -0.41243124
vn -0.00355488411 0.887364805 -0.461054325
vn -0.0103008011 0.987551749 -0.156956524
vn 0.190968484 0.791224003 -0.580943704
vn 0.380898207 0.623575211 -0.682693541
vn 0.235653341 0.729684174 -0.641894579
vn 0.188303262 0.963645041 -0.18955256
vn 0.201129466 0.137560934 -0.969857633
vn 0.057177335 0.921395361 -0.384397447
vn 0.161494419 0.915803671 -0.367726803
vn 0.22232607 0.974342883 0.0350304097
vn -0.096100539 0.928150833 -0.359583944
vn 0.146509305 0.951707602 -0.269791663
vn -0.0412350185 0.952946603 -0.300320446
vn 0.0696855336 0.828689694 -0.555353224
vn 0.0322196223 0.694038332 -0.719216645
vn -0.0240348373 0.854957104 -0.518141687
vn -0.056709785 0.673229337 -0.737255812
vn 0.061682988 0.834506094 -0.547535241
vn 0.0190739837 0.645073116 -0.763882816
vn -0.0621273145 0.815879822 -0.574874282
vn 0.125661567 0.86527729 -0.485287905
vn 0.193395317 0.799407482 -0.568810999
vn 0.102581479 0.963216126 -0.248378277
vn 0.147720531 0.892006278 -0.427204221
vn 0.26949957 0.899540842 -0.343796939
vn 0.329087704 0.932571471 -0.148363858
vn 0.164839491 0.967384815 -0.192339808
vn 0.37748459 0.924256742 0.0570505038
vn 0.208461419 0.854129016 -0.476453006
vn 0.389727265 0.908202529 -0.152580932
vn 0.426901966 0.886398613 -0.179031357
vn 0.337574214 0.924396634 -0.177579954
vn 0.232988805 0.959214032 -0.160076827
vn 0.113432251 0.930686235 -0.347787678
vn 0.147905901 0.89481914 -0.421215594
vn 0.0700105652 0.952802122 -0.295409143
vn -0.0210708715 0.945707083 -0.324336529
vn -0.0553673096 0.97819829 -0.200155973
vn -0.0240082536 0.960758448 -0.276345521
vn -0.0534496754 0.846157551 -0.530245662
vn -0.0515902676 0.981620193 -0.183739662
vn 0.220097572 0.830748796 -0.51128608
vn 0.197280228 0.847833574 -0.492197931
vn 0.189328641 0.84556514 -0.499173522
vn 0.120905027 0.93390131 -0.336467505
vn -0.0902586952 0.93163681 -0.352003247
vn 0.0587417595 0.743313313 -0.666359305
vn 0.254510403 0.883091152 -0.394175738
vn 0.223228917 0.690828025 -0.687695742
vn 0.241983578 0.960676253 -0.136179864
vn 0.167795166 0.735121191 -0.656842232
vn 0.245086268 0.699317396 -0.671481788
vn 0.107053243 0.871531367 -0.478510946
vn 0.269944251 0.955727458 0.11711181
vn 0.295993477 0.938407123 -0.178269237
vn 0.0987795666 0.986182809 -0.132989317
vn 0.0656907484 0.889862776 -0.451474249
vn -0.051351212 0.936246097 -0.347572029
vn 0.353190154 0.901005983 -0.25188297
vn 0.494269967 0.790244341 -0.362230688
vn 0.249854401 0.955543697 -0.156553492
vn 0.74637413 0.642072976 -0.17512241
vn 0.29611659 0.943458796 -0.148998097
vn 0.241510615 0.876142323 -0.417189777
vn 0.2051474 0.882865489 -0.422449023
vn 0.44707182 0.818087339 -0.361745507
vn -0.0628520474 0.882726789 -0.465664089
vn 0.264827698 0.936017454 -0.231813937
vn -0.0343789309 0.842006624 -0.53837055
vn 0.0680162534 0.917814314 -0.391140163
vn 0.294028521 0.76372087 -0.574697793
vn 0.0521841794 0.785212994 -0.617022991
vn 0.383330256 0.747785985 -0.542101383
vn 0.000721918361 0.666591287 -0.745423079
vn 0.333792299 0.734326601 -0.59105587
vn 0.127767339 0.965314388 -0.227692053
vn 0.148531094 0.979835629 -0.13364397
vn 0.20229657 0.903756678 -0.377226681
vn 0.456211418 0.872297287 -0.175979257
vn 0.598145247 0.781854331 -0.175858051
vn 0.0940908715 0.714669466 -0.693104982
vn 0.332742691 0.936390221 -0.111604787
vn -0.0727538541 0.733246744 -0.676059306
vn 0.069308795 0.856537402 -0.51140976
vn 0.0321715288 0.998072028 -0.0530782118
vn -0.0783621445 0.943000078 -0.323434949
vn -0.23001346 0.76869303 -0.596828878
vn 0.146889478 0.882118106 -0.447539032
vn -0.306981802 0.804003 -0.509255588
vn -0.0989690199 0.981034219 -0.166664034
vn -0.224097714 0.945714235 -0.235382423
vn -0.00143973087 0.982723236 0.185075819
vn -0.11079251 0.993674755 -0.018314518
vn -0.28281936 0.877500176 -0.387306929
vn 0.0376625173 0.88373065 -0.466477871
vn -0.333597898 0.922291875 -0.195166677
vn -0.194190845 0.980959773 -0.00280914898
vn -0.180302799 0.85144031 -0.492483795
vn -0.109184459 0.879333258 -0.463521063
vn -0.0617890283 0.85761565 -0.510565817
vn -0.206799313 0.955619216 -0.209823355
vn -0.276745349 0.950878561 -0.13871564
vn 0.243654475 0.93790561 -0.246911973
vn -0.478721291 0.865977228 -0.144600883
vn -0.483194858 0.87208128 0.0774402395
vn 0.0285567623 0.989503145 -0.141661257
vn 0.363433659 0.914767265 -0.176399469
vn -0.131521419 0.981863618 -0.136550248
vn -0.00552501297 0.999969244 0.00556634786
vn 0.0573933199 0.967678308 -0.245569855
vn -0.401595205 0.880173683 0.253013015
vn -0.512224078 0.777232289 0.365426332
vn -0.386592329 0.831684053 0.398557484
vn -0.334259868 0.940092683 0.0670524687
vn -0.165663615 0.845719755 0.507260978
vn -0.135608777 0.758200526 0.637763381
vn -0.0937195271 0.848316193 0.521129847
vn 0.174203828 0.896867573 0.406548262
vn 0.00353423506 0.997313678 -0.0731628016
vn -0.111007631 0.948873878 0.295492083
vn 0.0312830955 0.999289036 0.0210426655
vn 0.0925587714 0.99307102 0.0724066868
vn -0.078497611 0.94036293 0.330991954
vn -0.167704821 0.953852594 0.249078929
vn -0.0966054052 0.937025905 0.335633665
vn -0.176059157 0.873725533 0.453439057
vn -0.189985096 0.948374093 0.25395304
vn -0.172375113 0.944693267 0.279000551
vn 0.00661634514 0.985299945 0.170705482
vn -0.11614804 0.76434046 0.634265959
vn -0.0618407167 0.920784652 0.385138124
vn 0.0459967181 0.634277701 0.771735847
vn 0.0575805269 0.988698006 0.138423041
vn 0.442937315 0.829364657 -0.340530217
vn 0.0874789581 0.679402709 0.728532374
vn -0.149667114 0.985594332 0.0787640661
vn 0.167128995 0.52945435 0.831712723
vn 0.364153773 0.801621675 0.474125236
vn 0.168335572 0.90154177 0.398604631
vn -0.267075717 0.906670094 0.326526821
vn -0.112394527 0.96902889 0.219887167
vn 0.488001138 0.864493668 0.120439723
vn 0.0771650448 0.940291226 0.331508458
vn -0.320677996 0.941673577 0.102061488
vn -0.137226567 0.980994463 -0.137181565
vn -0.233943373 0.965927184 0.110703044
vn 0.0580445863 0.996139944 0.0658482611
vn -0.154427633 0.911323905 0.381629318
vn -0.367778808 0.845618308 0.386870146
vn 0.333015949 0.936362863 0.111017734
vn 0.140194565 0.840773642 0.522919834
vn 0.229141757 0.890426159 0.393236905
vn 0.785820484 0.603112817 0.136897758
vn 0.235881269 0.788377762 0.568173051
vn -0.429679692 0.573045313 0.697849929
vn -0.451566905 0.800357282 0.394354492
vn -0.0492796861 0.997625053 0.0481229797
vn 0.0264384355 0.926033854 0.376513451
vn 0.178554207 0.811132729 0.55693996
vn -0.402151078 0.629087329 0.665224433
vn -0.0561940484 0.937838256 0.342493206
vn 0.212494954 0.772238135 0.598743796
vn 0.0810568854 0.623412848 0.777680099
vn -0.71669811 0.694761455 0.060418237
vn 0.139775008 0.726815403 0.67245996
vn 0.0614426993 0.712783575 0.698687673
vn -0.0722454637 0.306091249 0.949256897
vn 0.03678881 0.808415055 0.587461948
vn -0.0876521543 0.226880088 0.969970345
vn 0.0333842561 0.665675819 0.745493889
vn -0.026440762 0.641499877 0.766667366
vn -0.0591998063 0.794234514 0.604720533
vn -0.0900395215 0.568553567 0.817703962
vn -0.0904247463 0.382659823 0.919453561
vn -0.0945467576 0.460518152 0.882600605
vn 0.295979023 0.787354648 0.540804029
vn -0.275384218 0.738448083 0.615514219
vn -0.136789739 0.838639796 0.527230263
vn 0.213442892 0.608432651 0.764363647
vn -0.0932637528 0.648979962 0.755067408
vn 0.114979096 0.735932827 0.667220235
vn -0.165920585 0.790536284 0.58951056
vn -0.0492101014 0.75206244 0.657252192
vn 0.0890127346 0.579774976 0.809899807
vn 0.00370769552 0.798838079 0.601534784
vn 0.0211015623 0.724407017 0.689049423
vn -0.0942234173 0.848500371 0.520739019
vn -0.115535587 0.921262264 0.371385604
vn -0.152359262 0.914281726 0.375333846
vn -0.241391048 0.96669966 0.0849826261
vn 0.012674096 0.987549961 0.156794578
vn -0.268615097 0.939554751 0.212326959
vn 0.0899381563 0.982044578 0.165829912
vn -0.170808867 0.951812685 0.254709452
vn -0.109290078 0.829919577 0.547073245
vn -0.0804958418 0.939007759 0.33434242
vn -0.164658919 0.982297003 0.089330636
vn -0.0810350329 0.988249898 0.129596934
vn -0.0576788969 0.873124003 0.484073877
vn -0.0152242286 0.94548291 0.325315714
vn 0.316838652 0.910528004 0.265616328
vn 0.0497216322 0.919546068 0.389823914
vn 0.236090496 0.92294234 0.304037541
vn 0.0377518833 0.868167877 0.494832546
vn 0.228532404 0.810874104 0.538754165
vn 0.209905505 0.962118268 0.173977613
vn 0.439742267 0.882190943 0.168421805
vn -0.166104451 0.938114405 0.303892314
vn 0.244516581 0.960125506 0.135537982
vn 0.279504985 0.956353962 0.0852303579
vn 0.451888204 0.874586821 0.175769791
vn 0.450310469 0.882521331 0.135560215
vn 0.391005754 0.918990552 0.0507033095
vn 0.540643156 0.84038806 0.0381166264
vn 0.523669481 0.851748109 -0.0171876717
vn 0.435691148 0.899852455 -0.0209458862
vn 0.377950072 0.921995044 0.0841365531
vn 0.288742751 0.935125232 0.205349937
vn 0.196748614 0.973795891 0.114067882
vn 0.348240465 0.933415592 0.0863939449
vn 0.135196239 0.990583181 0.021608714
vn 0.34475252 0.937613249 -0.0450236052
vn 0.479977459 0.850620568 0.214630634
vn 0.318872362 0.944719017 0.0763307959
vn 0.357904673 0.918895304 0.165938646
vn 0.336568713 0.917863607 0.210351825
vn 0.320773065 0.945028722 0.063444443
vn 0.232898802 0.807293117 0.542250693
vn 0.190031856 0.91705817 0.350559771
vn -0.26742667 0.876841366 0.399540037
vn -0.00661559356 0.973994017 0.226477087
vn 0.475823909 0.876696944 0.0706695467
vn -0.0631382614 0.990836024 0.119404785
vn 0.00458552968 0.985890508 -0.167328671
vn 0.620079041 0.768208802 0.159239426
vn 0.325585485 0.877685845 -0.351655513
vn 0.464449704 0.754664719 -0.463430196
vn 0.200942606 0.967528582 -0.153331637
vn 0.320642382 0.94352299 -0.0833833367
vn 0.217457786 0.975984693 -0.012881265
vn -0.164436609 0.979032278 0.120235093
vn 0.219414845 0.961863518 -0.163326636
vn -0.0956431925 0.988427103 0.117746562
vn 0.306881785 0.950885177 -0.0405112468
vn 0.388509542 0.882736444 -0.264266431
vn -0.0382397547 0.996090233 0.0796361342
vn 0.502889276 0.842577398 0.192784011
vn 0.287688017 0.85685879 0.427818388
vn 0.455275357 0.883062005 0.113691732
vn 0.274121165 0.926388979 0.258187801
vn 0.283106804 0.933195889 0.221350536
vn 0.564976752 0.78973031 -0.239012823
vn 0.533650458 0.845199704 -0.02923459
vn 0.157622054 0.951891124 0.262790263
vn 0.496066839 0.867295682 -0.041422464
vn 0.478394002 0.320365459 -0.817621589
vn 0.00393804023 0.780973852 -0.624551356
vn 0.0588217899 0.993364096 0.0988317281
vn -0.0964231119 0.92210412 0.374735445
vn 0.419900566 0.857288837 0.297891498
vn 0.424748361 0.898216486 0.113119289
vn -0.194871336 0.93825537 0.285835594
vn 0.827156425 0.427776456 -0.364443988
vn -0.10735701 0.989548564 0.0962707698
vn -0.348640978 0.865349293 0.360027641
vn -0.110496044 0.908337176 0.403378576
vn -0.402458221 0.915424526 0.00503764441
vn -0.445056975 0.735356331 0.511053145
vn -0.177555606 0.983384728 -0.0377962366
vn -0.317158997 0.840521336 0.439242512
vn -0.0328589007 0.94832468 -0.315595776
vn -0.116509475 0.973336041 -0.197591841
vn -0.085702084 0.996313989 -0.00369237224
vn -0.536575317 0.842675447 0.0445547439
vn -0.154799506 0.982212543 0.10628064
vn -0.440111667 0.88857621 0.129360616
vn 0.0152645539 0.997879982 0.0632655397
vn -0.331470251 0.506993651 0.795666397
vn -0.248432577 0.94010675 0.233411014
vn -0.458918273 0.693079948 0.555908382
vn -0.749121368 0.532154143 0.394498557
vn -0.560123801 0.789331377 0.251430482
vn -0.207897022 0.916009486 0.343082339
vn -0.453873992 0.809574604 0.372273207
vn 0.0243865829 0.931535959 0.36283049
vn -0.633022368 0.766117394 -0.111116245
vn -0.640877068 0.726445973 0.248098612
vn -0.243173793 0.912316978 0.329460502
vn -0.0227708872 0.768598437 0.639326096
vn -0.123388208 0.790886939 0.599394083
vn 0.088620685 0.981187105 0.17151767
vn 0.119278856 0.766813993 0.630689025
vn -0.814542055 0.510516882 0.27548787
vn -0.216779321 0.972155452 0.0889974013
vn 0.242867649 0.881845295 0.404183269
vn -0.0899437144 0.975731194 0.199646711
vn -0.263605475 0.959906101 0.0953539684
vn 0.0851289481 0.984756291 0.151684359
vn -0.11329484 0.97182852 -0.206673071
vn 0.0110750711 0.999837637 -0.0142121557
vn -0.0419525802 0.986763656 -0.156644151
vn 0.0242059324 0.957692862 0.28677249
vn -0.131013855 0.990445614 0.0430441983
vn -0.249548063 0.967931569 0.0288822073
vn -0.221896321 0.973920584 0.0473365672
vn -0.238567755 0.929699838 0.280613095
vn -0.269038886 0.963127255 0.00201979442
vn -0.299843341 0.924069643 0.23704268
vn -0.246197999 0.96810776 0.0464104302
vn 0.193389073 0.973446965 0.122481644
vn -0.0828190371 0.96930176 -0.23150593
vn -0.320182174 0.936480641 0.14313367
vn 0.26903677 0.958901465 0.0901506469
vn 0.102055743 0.981833756 0.159959808
vn 0.105050489 0.994064271 -0.0282965992
vn -0.000561143213 0.999952555 -0.00972289871
vn -0.154566661 0.987123489 -0.0411879905
vn -0.0290989466 0.998750329 -0.0406330265
vn -0.337103069 0.75228411 0.566065431
vn -0.266181022 0.702785313 0.659727514
vn -0.114272907 0.831388831 0.54381448
vn -0.21789591 0.787224233 0.576887608
vn -0.20428136 0.803366601 0.559348941
vn -0.220460445 0.901851714 0.371565163
vn -0.128228649 0.838303089 0.529910684
vn -0.0545728281 0.986263275 0.155905843
vn -0.0840153694 0.996380389 -0.0129425088
vn -0.0942831188 0.991576135 0.0888122097
vn 0.139903605 0.813447237 0.564562321
vn -0.175486639 0.661860645 0.728796959
vn 0.158691853 0.812579691 0.560830772
vn 0.0421950407 0.991180122 -0.12562497
vn -0.0516150966 0.911585927 0.407856464
vn 0.165978551 0.816687703 0.552695394
vn -0.121921994 0.966919839 0.224055856
vn -0.0416442081 0.939300895 0.340557814
vn -0.0521140844 0.936725974 0.346162677
vn -0.25023514 0.862770617 0.439328164
vn -0.153218225 0.632153749 0.759543061
vn -0.0453009754 0.868445635 0.493710458
vn -0.050058227 0.697018325 0.715303838
vn -0.39546752 0.503290117 0.768312693
vn -0.28660664 0.406285703 0.867633879
vn -0.464604408 0.748599708 0.473012775
vn -0.0253010225 0.568236232 0.822476387
vn -0.0793781579 0.897480547 0.433852345
vn -0.166674525 0.425162017 0.889638722
vn -0.160030991 0.360421568 0.918959439
vn -0.454979599 0.782522559 0.42503193
vn -0.817591667 0.575776935 0.00497648865
vn -0.111618772 0.875872731 0.469455272
vn 0.0216284189 0.952272773 0.304481119
vn 0.0039939126 0.92562592 0.378418624
vn 0.102490276 0.605218589 0.789434195
vn -0.204731852 0.686246157 0.697962165
vn -0.146472827 0.305733681 0.940782964
vn 0.153631896 0.286232114 0.945763469
vn 0.287186384 0.707284808 0.645966172
vn 0.423786968 0.905716062 -0.00910686888
vn -0.0934382379 0.81507045 0.571777463
vn 0.530737817 0.47349897 0.702933967
vn -0.0633877814 0.693919837 0.717256784
vn -0.0525076501 0.976058304 0.211076066
vn -0.153785586 0.977486372 0.144465744
vn 0.0584159121 0.992210507 -0.110026829
vn 0.0281092823 0.992866278 0.115872771
vn -0.10156659 0.972389996 0.210100085
vn 0.167968094 0.835644126 0.522958577
vn -0.0305610001 0.951771557 0.305281788
vn 0.144178838 0.980806649 0.1312657
vn 0.0879902616 0.995847583 0.0233488418
vn -0.158238828 0.87424016 0.45898217
vn -0.290979445 0.581661522 0.759605765
vn -0.206263915 0.894973218 0.395573348
vn 0.0488877781 0.997279227 0.0551736802
vn 0.0647440106 0.993718147 0.0912825167
vn -0.0175764505 0.992886603 -0.117759556
vn 0.166887835 0.961186826 0.219700575
vn -0.138730258 0.989694595 0.0354739949
vn -0.0718562156 0.948978007 0.307046294
vn -0.154044881 0.936814368 0.314084411
vn -0.100626066 0.709925532 0.697051048
vn 0.175046608 0.883990288 0.43349728
vn -0.26668936 0.735006809 0.623411298
vn 0.0824679509 0.669021666 0.7386536
vn 0.0153741129 0.876677215 0.480833203
vn -0.0552146286 0.482780665 0.87399894
vn -0.237608865 0.837445259 0.492166191
vn 0.0573342852 0.852878094 0.518952429
vn -0.156768277 0.823855162 0.544689238
vn -0.278562814 0.895355523 0.347478628
vn 0.48885265 0.808858395 0.326758564
vn 0.21183835 0.85507971 0.473247409
vn 0.197918162 0.943326771 0.266388655
vn 0.358678728 0.916359603 0.17786096
vn 0.252800822 0.941020131 0.224884033
vn -0.0102154752 0.999598444 -0.0264310297
vn -0.0980448574 0.992266834 0.0761164278
vn 0.191056371 0.948077977 0.254255086
vn 0.26906547 0.961705923 0.0522048436
vn 0.0355756171 0.964432716 0.261923581
vn 0.420499265 0.895599842 -0.145194426
vn 0.432657629 0.864530683 0.255722702
vn 0.2022295 0.94901669 0.241807103
vn -0.437926412 0.777168393 0.451917946
vn -0.268258512 0.800486565 0.535965025
vn 0.258027434 0.839010537 0.47904399
vn -0.113383412 0.990957141 0.0717498735
vn 0.0726310387 0.908378243 0.411793321
vn 0.40137887 0.81601882 0.415942848
vn -0.0320197381 0.886762023 0.461115956
vn 0.121155098 0.764351845 0.633314848
vn 0.458782971 0.764939308 0.45209083
vn -0.0310756136 0.809730887 0.585978031
vn 0.0985315368 0.843449235 0.528095543
vn 0.0779566616 0.847553551 0.524953067
vn -0.309438497 0.574108064 0.75805521
vn -0.383533359 0.634906769 0.670668006
vn -0.30083555 0.639292955 0.707673967
vn 0.201884001 0.85961771 0.469361514
vn -0.470811903 0.747504294 0.468586743
vn 0.39232415 0.846094072 0.360841483
vn -0.108199209 0.932353079 0.344979227
vn 0.341547757 0.939862013 0.0021243596
vn -0.123821072 0.978514612 -0.164856315
vn 0.21092774 0.956538379 -0.201354861
vn -0.293966413 0.850806832 0.435558796
vn -0.175476357 0.974445641 0.140227526
vn -0.309872597 0.868668795 0.386514604
vn -0.525091827 0.76683563 0.369109392
vn 0.108840272 0.537704706 0.836078584
vn -0.311463118 0.87667799 0.366642296
vn -0.440667331 0.808425844 0.390205055
vn -0.21497035 0.846525669 0.487013251
vn -0.263340414 0.872563839 0.411441773
vn -0.0513753705 0.978617787 0.199167415
vn 0.0638738573 0.992412031 0.105064429
vn 0.178920805 0.976149857 0.122958504
vn -0.266106308 0.949555278 0.165928334
vn -0.25640288 0.785205662 0.563657403
vn 0.40350613 0.857350588 0.319582283
vn 0.172587752 0.834398329 0.523443282
vn 0.176381484 0.556009948 0.812245309
vn -0.0585615784 0.955945492 0.287643403
vn -0.114141241 0.974529624 0.193038002
vn -0.0497714654 0.851440668 0.522083819
vn 0.208586007 0.949952602 0.23255533
vn -0.114652656 0.967590272 0.224997193
vn 0.363717109 0.775082231 0.516679168
vn 0.0784497932 0.889432132 0.450284481
vn 0.251547396 0.692264199 0.676383197
vn -0.244564906 0.761305034 0.600501895
vn -0.0904197916 0.85554415 0.509772837
vn -0.260158092 0.877567112 0.402732611
vn -0.292234838 0.454298496 0.841553092
vn 0.271135718 0.822704852 0.499641985
vn 0.164577946 0.964196086 0.207942411
vn 0.100448377 0.990455329 -0.0943831354
vn 0.301399827 0.882120967 0.361967951
vn 0.566918254 0.823643625 0.0146585377
vn 0.189284042 0.952484369 -0.238631815
vn -0.0773226321 0.990106285 -0.117092922
vn -0.134956405 0.988260627 -0.0716083571
vn -0.0389880091 0.913400888 0.405189604
vn 0.307187974 0.812016606 0.49625051
vn -0.244073078 0.845425248 0.47506249
vn -0.14488849 0.858831465 0.491340786
vn -0.284441084 0.385903478 0.877594292
vn -0.130993128 0.516649723 0.8461169
vn -0.11126107 0.851404428 0.512573242
vn -0.261913121 0.51178813 0.818214118
vn 0.03487055 0.867061377 0.496979564
vn -0.226159602 0.920460343 0.318754703
vn 0.161876097 0.331244916 0.929555297
vn 0.427441418 0.507077038 0.748442829
vn -0.15518263 0.489382535 0.858150899
vn -0.310515463 0.397805899 0.863325298
vn -0.144117996 0.520328224 0.841717601
vn -0.245215371 0.466620564 0.849785149
vn -0.279014438 0.838728607 0.467637956
vn 0.141120732 0.876730442 0.459813625
vn -0.333335847 0.85430789 0.398804724
vn 0.350898415 0.920777202 0.170410484
vn 0.0840728432 0.907011688 0.412627697
vn -0.441252112 0.768072844 0.464069694
vn -0.33242932 0.64353627 0.689457595
vn -0.336544782 0.203831747 0.91934222
vn -0.583589196 0.184164047 0.790890157
vn -0.226479828 0.69641 0.680970013
vn -0.261372089 0.835408628 0.483504862
vn -0.28996709 0.746447623 0.598944962
vn -0.18215394 0.824601471 0.53558594
vn -0.354836345 0.725034893 0.59026736
vn -0.225559354 0.805831134 0.547502518
vn -0.566966057 0.781979442 0.258954674
vn -0.786791205 0.585802972 0.194408178
vn -0.535548687 0.586278439 0.607836485
vn -0.497889191 0.677535295 0.541343033
vn -0.284861416 0.826864421 0.484921873
vn -0.0835429579 0.893043935 0.442146122
vn -0.335739493 0.801442623 0.494943082
vn -0.207715482 0.812005162 0.545437276
vn -0.476948261 0.865866601 -0.150981858
vn -0.629995167 0.7602669 -0.158430904
vn -0.474490553 0.864009082 -0.168365732
vn -0.164720893 0.953290105 0.253189355
vn -0.798850298 0.536703587 0.271638513
vn -0.122409381 0.76706183 0.629787445
vn -0.529340208 0.807319403 -0.260834038
vn -0.573344409 0.8025406 0.164938703
vn -0.172117665 0.980457127 -0.0952852219
vn -0.199816763 0.96966964 -0.140762359
vn 0.283647031 0.952190638 -0.113478146
vn 0.166809767 0.740879595 0.6505934
vn -0.0198788233 0.997105896 0.0733799338
vn -0.0155450366 0.720559895 0.69321835
vn -0.2505202 0.834859908 -0.490151644
vn -0.389209658 0.819321036 0.42098549
vn -0.495435059 0.867666125 -0.0412283242
vn -0.430483222 0.902207375 0.0265721586
vn -0.651025593 0.704508901 0.282547116
vn 0.0588339195 0.959477246 0.275575697
vn -0.0242994074 0.955026388 0.295523345
vn -0.0781889185 0.924349546 -0.373449296
vn -0.161528081 0.986804605 -0.0111910161
vn -0.210306019 0.971010447 0.113622382
vn -0.533611834 0.829514027 0.164817661
vn 0.127045393 0.988698661 0.0795889869
vn -0.187098816 0.967750907 0.168678284
vn 0.113301463 0.949175298 0.293647856
vn -0.122906469 0.985735953 -0.114972197
vn -0.170767069 0.631379068 0.756438434
vn -0.0375279002 0.933692992 0.356102556
vn -0.328633517 0.900710702 0.28411299
vn -0.0108128302 0.818759978 0.574034095
vn -0.0921502858 0.72356832 0.684073985
vn -0.331623822 0.922764122 0.19629541
vn -0.262242138 0.964259028 0.0378626212
vn -0.456747353 0.889098227 -0.0297690891
vn -0.188153192 0.975441098 -0.114512667
vn 0.0178990532 0.704390824 0.70958674
vn -0.138510689 0.857170105 0.496058553
vn -0.188310534 0.979330838 -0.0738262162
vn -0.505764008 0.763271034 -0.402020067
vn -0.528296471 0.847914994 -0.0440789051
vn -0.128664389 0.987991869 -0.0855426118
vn -0.55412966 0.809072077 -0.19581309
vn -0.0582382493 0.989734173 0.130515978
vn -0.236451939 0.956985891 0.168132782
vn -0.37810412 0.925590277 0.0178895276
vn -0.372852385 0.924037158 -0.084477067
vn -0.167423293 0.983824372 -0.0637105778
vn 0.143524528 0.602234364 -0.785311699
vn -0.366686493 0.910885096 -0.18928656
vn -0.286691338 0.931743205 -0.222851187
vn -0.220620856 0.975087225 -0.0230525862
vn -0.0749568939 0.99478215 -0.0692094341
vn -0.593349636 0.800095201 -0.0882259533
vn -0.336681157 0.873372257 -0.35194701
vn -0.451102048 0.879582107 -0.151136845
vn -0.365756005 0.928522885 -0.0637800619
vn -0.587088466 0.789207697 -0.18021746
vn -0.532001674 0.845778823 -0.0404031798
vn -0.191097856 0.9815377 -0.00808412954
vn -0.489231199 0.825829387 -0.280461699
vn -0.483499944 0.875166833 0.017628435
vn -0.485163301 0.777114689 -0.400885552
vn -0.204310849 0.974911988 -0.0883379951
vn -0.0924230069 0.953157127 -0.288009584
vn -0.0401701704 0.956255734 0.289760739
vn -0.462960064 0.857822537 -0.223178238
vn -0.162736386 0.985668302 -0.0444401056
vn 0.0133585278 0.985076129 -0.171600163
vn 0.0299599897 0.994628727 -0.0990767702
vn 0.195798174 0.971132755 -0.136250302
vn 0.00858399458 0.994905114 -0.100449987
vn -0.133173138 0.990883052 0.0203878991
vn -0.0231824778 0.999730647 0.00104780402
vn -0.382377535 0.882777274 0.272931457
vn -0.234925225 0.967168212 -0.0969315395
vn 0.0398199819 0.996988952 -0.0665393621
vn -0.211128473 0.976530731 0.0425733365
vn -0.347316355 0.819257379 -0.456277072
vn -0.322355747 0.928694963 0.183337241
vn -0.141543463 0.980333865 -0.137517437
vn -0.747531652 0.544579685 -0.380301654
vn -0.700027645 0.62663126 -0.342482805
vn -0.604922295 0.780876517 -0.155887827
vn -0.430504799 0.887665749 0.16344808
vn -0.675881326 0.731778204 -0.0876637474
vn -0.328855693 0.909808457 0.253184348
vn -0.712328851 0.486499578 -0.505871356
vn 0.0667270198 0.98957938 0.127593786
vn -0.406532019 0.815325558 -0.412281513
vn -0.217823744 0.839386404 0.497979134
vn 0.116588593 0.986706078 -0.1132176
vn -0.160356924 0.985984147 -0.046055261
vn -0.0931249708 0.990935981 -0.0968174934
vn -0.567680538 0.811233461 -0.140139744
vn -0.483202517 0.470495194 -0.738342464
vn -0.215482622 0.976392269 -0.0150125483
vn -0.368240982 0.900829792 0.230009541
vn -0.428367019 0.854694784 -0.293254852
vn -0.29043901 0.946461737 0.140908733
vn -0.154088274 0.987225711 0.0405234471
vn -0.187894151 0.879083455 -0.438073099
vn -0.347336441 0.933187783 -0.0922922343
vn 0.0720411092 0.995650947 0.059070114
vn 0.0303942095 0.980315387 -0.195084453
vn -0.145889983 0.984876513 -0.0934577808
vn -0.494403064 0.835692704 -0.239130214
vn -0.32755971 0.943554163 0.0490921065
vn -0.0460030138 0.991293371 -0.123374499
vn -0.219965816 0.962360203 0.159617871
vn -0.169573024 0.983398795 -0.0645889342
vn -0.167514265 0.89100951 0.421948969
vn -0.111686759 0.982986271 0.145822585
vn 0.0618497618 0.982788503 -0.174072564
vn 0.50681597 0.862040222 0.00492558209
vn 0.178658888 0.979345441 -0.0946757272
vn -0.247967541 0.96524173 0.0825866833
vn -0.0840816349 0.930356324 -0.35688585
vn -0.00302806473 0.946253359 -0.323412299
vn -0.0553633794 0.990139902 -0.128677502
vn -0.0579717644 0.914364934 -0.400719553
vn 0.142907917 0.898474693 -0.415115088
vn -0.246344611 0.815558732 -0.523620427
vn -0.361543 0.90061152 -0.241217002
vn -0.364646524 0.870176196 0.331400692
vn -0.388809919 0.903423131 -0.180702999
vn -0.762444675 0.576979816 -0.29286918
vn -0.241212413 0.489568353 -0.837937653
vn -0.45114994 0.880047739 -0.148255453
vn -0.365951747 0.912459612 -0.183020815
vn -0.342321426 0.804783165 -0.484912425
vn -0.526226223 0.845778167 -0.0880070776
vn -0.159118667 0.984017432 -0.0799424946
vn -0.328891397 0.833522737 -0.443926036
vn -0.182144478 0.978307247 -0.0986829847
vn -0.395617723 0.90977633 -0.12567319
vn -0.29260239 0.950268805 -0.10664504
vn -0.0920445174 0.994602501 -0.0478925183
vn -0.299155354 0.950284958 0.0863984898
vn -0.278248727 0.93281132 0.228999376
vn -0.259762287 0.93787384 0.23003529
vn -0.252928764 0.967433393 -0.00998791307
vn -0.573444724 0.721757472 -0.38759169
vn -0.492308944 0.817422986 -0.299084276
vn -0.541375816 0.769653559 -0.338445842
vn -0.554171026 0.74770534 -0.365829438
vn -0.36224857 0.666898191 -0.651170313
vn -0.540271461 0.841326714 0.0166144073
vn -0.266238511 0.739268541 -0.61854589
vn -0.418488592 0.264831543 -0.868752956
vn -0.297901273 0.419054836 -0.857699215
vn -0.363096744 0.864014149 -0.348769784
vn -0.410331488 0.749708891 -0.519196212
vn -0.0529187806 0.690345585 -0.721541703
vn -0.286055237 0.93491292 -0.210024446
vn -0.300792813 0.566788375 -0.766990662
vn -0.300356537 0.952889323 0.0422830656
vn -0.246386021 0.756742775 -0.60550338
vn -0.396725923 0.725905895 -0.561844289
vn -0.246764675 0.52074784 -0.817269206
vn -0.290171593 0.713564634 -0.637672365
vn -0.240366742 0.606154859 -0.758155704
vn -0.37092483 0.783102572 -0.499164343
vn -0.5415591 0.789057612 -0.290003061
vn -0.518948615 0.786733389 -0.334279507
vn -0.375660419 0.89751184 -0.230979666
vn -0.22358799 0.854337752 -0.469164759
vn -0.133463457 0.905789375 -0.402160555
vn -0.49969995 0.864017248 -0.0614332892
vn -0.318265498 0.865322292 -0.387200832
vn -0.390848219 0.829461336 -0.399038196
vn -0.181663647 0.463265717 -0.867400289
vn -0.202997461 0.718399405 -0.665352821
vn -0.386324763 0.674413264 -0.629221618
vn -0.40823248 0.830821514 -0.378261626
vn -0.19250755 0.548111618 -0.813949943
vn -0.24658528 0.420580566 -0.873102367
vn -0.382708848 0.619787276 -0.685126007
vn -0.372545928 0.750795066 -0.545450449
vn -0.367556632 0.713789701 -0.596159637
vn -0.33582437 0.672979772 -0.659029722
vn -0.293725163 0.751936913 -0.590183437
vn -0.474025309 0.818599641 -0.324337304
vn -0.490963489 0.835344255 -0.24729526
vn -0.0548327751 0.997106373 -0.0526528992
vn -0.369755089 0.781657398 -0.502287567
vn -0.37414977 0.92580992 0.0537391156
vn -0.381246239 0.798823237 -0.465330809
vn -0.644432604 0.764511168 -0.0151407048
vn -0.457532197 0.87998724 0.127618909
vn -0.467935979 0.883179724 0.0320864916
vn -0.48982048 0.867144465 -0.090201959
vn -0.159648359 0.950303674 0.267274141
vn -0.0879407451 0.991561234 0.0952510834
vn -0.455760658 0.879894316 -0.134418219
vn -0.437398553 0.867897451 0.235449836
vn -0.346315205 0.905988872 -0.24341327
vn -0.295835555 0.955163598 -0.0119928028
vn -0.451473325 0.88352102 0.124749489
vn -0.177630559 0.981600642 0.0700538158
vn -0.411928236 0.712961733 0.56745106
vn -0.0833098963 0.972046971 -0.219508514
vn -0.427912414 0.694345295 -0.578597903
vn -0.448104113 0.88676554 0.113355502
vn -0.511268914 0.809820294 -0.287741363
vn -0.260777861 0.788014472 0.557698965
vn -0.327271432 0.92600745 0.188158378
vn -0.150795296 0.878239036 0.453824937
vn -0.496383607 0.854980946 0.150369108
vn -0.46595186 0.884173095 0.0335694589
vn -0.477639318 0.874840915 -0.0807099938
vn -0.448435366 0.893514991 0.0231676754
vn -0.412390172 0.829460204 -0.376736104
vn -0.467442214 0.880037189 -0.0838580951
vn -0.408374548 0.805644929 -0.42914626
vn -0.423474371 0.770354688 -0.476679176
vn -0.403317988 0.70599252 -0.582158983
vn -0.348880678 0.577465177 -0.738116741
vn -0.347828656 0.833246827 -0.429784745
vn -0.318749279 0.531480193 -0.784810662
vn -0.315119177 0.699171126 -0.641762972
vn -0.325686097 0.922067523 -0.209093496
vn -0.160884559 0.986671865 0.0243904218
vn -0.320231438 0.828649819 -0.459120035
vn -0.397279918 0.907965779 -0.133291736
vn -0.345399618 0.753445864 -0.559480429
vn -0.320589811 0.652794778 -0.686353505
vn -0.356062084 0.680591822 -0.640323818
vn -0.632376134 0.767775893 -0.103056408
vn -0.698480189 0.715565443 -0.00956712011
vn -0.62239325 0.781883419 0.0358485542
vn -0.63752681 0.764326274 -0.0967726111
vn -0.718679249 0.680368304 0.143523991
vn -0.487822086 0.737203181 -0.467505187
vn -0.651361108 0.758483768 0.0207628664
vn -0.58682102 0.8096053 0.0134266075
vn -0.445199221 0.705101669 -0.551932395
vn -0.437621266 0.737435341 -0.514467478
vn -0.342632473 0.611792505 -0.71296072
vn -0.591467381 0.799373448 0.105681293
vn -0.505392611 0.689226091 -0.519177794
vn -0.499561489 0.721556485 -0.479368925
vn -0.637059867 0.767897129 0.0669985265
vn -0.490074873 0.871460855 -0.0195631757
vn -0.486087114 0.764879525 0.422704041
vn -0.350312501 0.807221889 -0.475051492
vn -0.448757261 0.872206271 -0.19460997
vn -0.410502374 0.883299708 0.226427436
vn -0.311697751 0.947646439 0.0693595037
vn -0.486088455 0.846653581 -0.216554359
vn -0.440069973 0.895688951 -0.063872613
vn -0.390599221 0.809959352 0.437490642
vn -0.453960121 0.841602504 -0.292618215
vn -0.381699264 0.71342665 -0.587646246
vn -0.233078673 0.817855835 -0.526104748
vn -0.416401565 0.737857461 -0.531202435
vn -0.404791296 0.913205624 -0.0468984582
vn -0.389523208 0.507178843 -0.768792093
vn -0.295915335 0.386266857 -0.873631537
vn -0.333236814 0.644904435 -0.687787414
vn -0.601522088 0.483484715 -0.635935247
vn -0.428383261 0.83755672 0.339096576
vn -0.792463124 0.400351077 -0.460131824
vn -0.915537238 0.314994812 -0.250139862
vn -0.673377037 0.710535407 -0.2042128
vn -0.801309109 0.470391572 -0.369642287
vn -0.588609517 0.808159709 -0.0204144288
vn -0.59571743 0.789849877 -0.145800486
vn -0.513905823 0.847507477 0.132785097
vn -0.398473799 0.679859817 0.615637243
vn -0.396823347 0.913043976 -0.0942441374
vn 0.117503837 0.989109874 0.088626273
vn -0.109619699 0.97014457 0.21634008
vn -0.413386315 0.902937174 -0.117541656
vn -0.576262295 0.81710887 -0.0159638729
vn -0.791309118 0.611305475 0.0116397617
vn -0.453311533 0.747546434 0.485471994
vn -0.439729899 0.877000988 -0.193667218
vn -0.524409235 0.717399597 0.458620518
vn 0.288561642 0.941485345 -0.174176455
vn -0.431026816 0.79222101 -0.431974322
vn -0.0601042397 0.990618944 0.122725569
vn -0.568033576 0.822447062 0.0303088725
vn 0.0451425165 0.876469612 -0.479336232
vn 0.211149216 0.957321703 -0.197360501
vn 0.0494719334 0.992709041 0.10991434
vn 0.24340421 0.960644603 -0.133851841
vn 0.190051883 0.977311075 0.0935058296
vn -0.170407027 0.870347202 -0.462014377
vn -0.534398198 0.67092818 -0.514075875
vn -0.0331051834 0.999209881 0.0219893921
vn 0.0868154615 0.972897708 -0.214320049
vn 0.22887142 0.910702586 -0.343858659
vn -0.447165996 0.782749712 -0.432834297
vn 0.490513504 0.871425271 0.00379814371
vn -0.187596187 0.942868412 -0.275330544
vn 0.178586349 0.915093482 -0.361539513
vn 0.220541596 0.744197428 -0.630501091
vn -0.257056296 0.873012006 -0.414453954
vn -0.40880537 0.824022055 -0.392257214
vn -0.453273684 0.738670886 -0.498907089
vn -0.250955105 0.761782587 -0.597250998
vn -0.289387465 0.758457422 -0.583949685
vn -0.368693292 0.79729414 -0.477898955
vn -0.455226421 0.73126334 -0.507959425
vn -0.024952339 0.879659474 -0.474948972
vn -0.31406045 0.923269212 -0.221224084
vn -0.32908541 0.9174757 -0.223474786
vn -0.605837524 0.78213191 -0.145706996
vn -0.402801037 0.91502738 -0.0218197014
vn 0.0204607174 0.98846966 -0.150030896
vn -0.386569083 0.916511118 -0.102819353
vn -0.0207361188 0.961837471 -0.272834361
vn -0.457933068 0.769936383 -0.444404334
vn -0.381365925 0.911569595 -0.153625563
vn -0.338920712 0.922288299 -0.185787454
vn -0.286317557 0.899723411 -0.329423845
vn 0.289199591 0.899153054 -0.328462124
vn -0.478603423 0.865283072 -0.149077013
vn -0.301401258 0.853908181 -0.424261808
vn 0.138082728 0.958734214 -0.248519167
vn 0.235675603 0.905813575 -0.352077991
vn 0.614065409 0.721681118 -0.319530845
vn 0.127348915 0.963410497 -0.235844105
vn 0.0680787563 0.875794291 -0.477859408
vn -0.169617072 0.92024678 -0.352669626
vn -0.304280698 0.852007329 -0.426024228
vn -0.342288941 0.93958497 -0.0042757215
vn -0.429627329 0.760328174 -0.487156421
vn -0.361243933 0.925739229 0.111846812
vn -0.408027112 0.91042155 0.0681654066
vn -0.102214478 0.954166353 0.281280667
vn -0.550378978 0.648993492 -0.5252527
vn -0.55878818 0.725934029 -0.400968432
vn -0.52755177 0.672227204 -0.519422412
vn -0.550668538 0.80249995 -0.229691237
vn 0.308981687 0.948775291 -0.0659990683
vn -0.220410824 0.965581477 0.138099149
vn -0.0128582073 0.980790138 0.194641843
vn -0.413430065 0.908951998 -0.0536823124
vn -0.21418412 -0.0129345041 -0.976707637
vn -0.432589948 0.900664687 0.0408554673
vn 0.0234295931 0.991976321 -0.124233574
vn -0.279104948 0.954384148 -0.106072739
vn 0.0603628494 0.865896344 -0.496568143
vn 0.131276146 0.929341614 -0.345095277
vn -0.415198892 0.799990773 -0.43315655
vn -0.280471534 0.863242328 -0.419700384
vn -0.279154599 0.924770594 -0.258596301
vn -0.328786612 0.874637604 -0.356242061
vn -0.0242502671 0.950114131 -0.310958296
vn -0.154000282 0.919298828 -0.362178981
vn -0.145865768 0.96511811 -0.217416853
vn -0.0394265316 0.960137606 -0.27673322
vn 0.24198629 0.866270125 -0.437056899
vn -0.346503735 0.903659999 -0.251661807
vn -0.22160776 0.960000694 0.171139017
vn -0.0746532008 0.793340504 0.604183495
vn -0.0162435323 0.7041412 0.709874094
vn -0.133945942 0.980909646 0.140977532
vn -0.121151023 0.657601357 0.74356097
vn -0.349437624 0.922146916 0.165946856
vn -0.0764803216 0.988175511 0.132890701
vn -0.0540036224 0.755067229 0.653419554
vn -0.201085299 0.892666459 -0.40337494
vn 0.146371722 0.984630764 0.0952767432
vn -0.348124862 0.902968228 -0.251907766
vn -0.230761006 0.932424664 -0.278089195
vn -0.425282359 0.869994938 -0.249486595
vn -0.128818333 0.912752867 -0.3876701
vn 0.227264896 0.87530309 -0.426843435
vn 0.239540279 0.911089838 -0.335463554
vn -0.190387428 0.870191991 -0.454442978
vn -0.15006043 0.917393267 -0.368607402
vn 0.0148518337 0.842829406 -0.537975907
vn -0.175016478 0.787390649 -0.591088176
vn -0.106511563 0.722767413 -0.682834148
vn -0.206944078 0.591479719 -0.779311121
vn -0.275787711 0.894139051 -0.35278374
vn 0.178907618 0.940279961 -0.289595544
vn 0.450864434 0.892516851 -0.0116160372
vn -0.0355410054 0.878545284 -0.476335078
vn 0.219359025 0.971681297 -0.0878477991
vn -0.272280335 0.889220834 -0.367627084
vn 0.202744767 0.959165037 -0.197223186
vn 0.152195439 0.603973687 -0.782337785
vn -0.0720769241 0.575713754 -0.814468265
vn 0.071262002 0.669579566 -0.739313841
vn -0.206269324 0.950719416 -0.231485665
vn 0.18544659 0.979230583 0.0819578245
vn -0.150651425 0.979582548 -0.13312526
vn -0.028155772 0.964627266 -0.262109846
vn -0.0589910559 0.897538245 0.436972767
vn 0.0336356349 0.987396061 0.154652804
vn 0.137107104 0.983151078 -0.120894626
vn -0.0898385346 0.859556973 0.503081501
vn 0.131575018 0.981593311 -0.138428867
vn 0.0152726527 0.970191002 -0.241859913
vn 0.05143933 0.885587573 -0.461615235
vn 0.0885676146 0.810891509 -0.578455329
vn -0.0579719581 0.601661265 -0.796644747
vn 0.114775918 0.991458714 0.061937131
vn -0.00759367179 0.912623823 -0.408729941
vn -0.0458672643 0.998044372 -0.0424696356
vn 0.165041059 0.654475987 -0.737849951
vn 0.133847371 0.773831964 -0.61908716
vn -0.103125006 0.967355192 0.231493607
vn 0.40340969 0.838316619 -0.366723001
vn 0.0971110463 0.873831093 -0.476433337
vn -0.139085099 0.600577593 -0.787376523
vn 0.0117938975 0.956179976 0.292541832
vn 0.042507641 0.361143678 -0.931540847
vn 0.140121654 0.869380772 -0.473859757
vn -0.0212068036 0.842354059 -0.538507223
vn -0.255388409 0.562338412 -0.786480844
vn -0.176021054 0.980820656 0.0837102681
vn 0.0871198922 0.600261331 -0.795044899
vn 0.00604197057 0.758361757 -0.651805937
vn 0.105724283 0.983724475 -0.145288363
vn 0.140581697 0.80749923 -0.572871506
vn -0.106505394 0.983573139 -0.14574109
vn 0.0867507458 0.992779076 -0.0828485116
vn 0.196003601 0.921648026 -0.334884435
vn 0.236177489 0.893380105 -0.382220119
vn -0.156536147 0.856060445 -0.492602378
vn -0.258979142 0.89680028 -0.358718783
vn 0.68428123 0.68960458 -0.237075195
vn 0.610839903 0.755425632 -0.237079635
vn 0.237294838 0.922548771 -0.304293901
vn -0.012394214 0.9098804 -0.414685458
vn -0.373180926 0.785698712 -0.493369639
vn -0.33254391 0.862024367 -0.382529199
vn -0.1516148 0.962909102 -0.223201647
vn -0.163013384 0.774988711 -0.610589206
vn 0.0131112617 0.903987586 -0.427357495
vn -0.207488373 0.883995473 -0.418927968
vn 0.17989406 0.804081321 -0.566649199
vn -0.455948681 0.611292958 -0.646862984
vn 0.114454202 0.925689638 -0.360553652
vn 0.0723306909 0.836955249 -0.542470515
vn 0.278583974 0.784177423 -0.554487884
vn 0.166099191 0.717936814 -0.67600131
vn 0.175804824 0.963315487 0.202771023
vn -0.341269851 0.939415455 -0.032146696
vn 0.00520372298 0.947727799 -0.319037497
vn 0.281515688 0.823004007 -0.49336952
vn -0.063948743 0.988729417 -0.13536799
vn 0.202739805 0.921235561 -0.3319965
vn 0.205744892 0.913390636 -0.351264328
vn -0.0430426784 0.987951815 0.1486561
vn 0.210493028 0.812487483 -0.543651462
vn -0.0526929088 0.96332109 0.263127357
vn 0.180464685 0.9684304 0.17197378
vn -0.183946565 0.749692023 -0.63570869
vn -0.0370277315 0.997689724 0.0569582321
vn 0.0978064686 0.991710901 -0.0833263546
vn 0.427380234 0.712179661 -0.556907892
vn -0.0102446033 0.960140049 -0.279331833
vn -0.0117329862 0.984880924 -0.172834784
vn -0.468898982 0.881926954 -0.0483584814
vn -0.07859727 0.97745961 0.195947036
vn 0.0205118861 0.966742098 -0.254929096
vn -0.217698336 0.971674383 -0.091957815
vn -0.395827681 0.891314507 -0.221086085
vn 0.0326876901 0.964097798 -0.263527989
vn -0.218936324 0.886651933 0.407326758
vn 0.131562904 0.977757752 -0.16334334
vn -0.110268876 0.967105329 0.229233488
vn -0.2904284 0.934490263 0.205862463
vn -0.0517714769 0.856059551 0.514277935
vn -0.381444722 0.906561375 0.180683091
vn -0.0474655665 0.892357349 0.448826611
vn -0.202954859 0.973377228 0.106517494
vn -0.334523052 0.868221879 0.366449177
vn 0.333795071 0.941929638 -0.0367347226
vn -0.0693146139 0.997145712 -0.0299309995
vn -0.402944475 0.904895723 -0.137111485
vn -0.226706877 0.93998915 0.254998684
vn -0.401965559 0.863842785 -0.303643316
vn -0.394201458 0.901640713 -0.177902207
vn -0.241395533 0.950307846 -0.196578622
vn -0.243636012 0.955081522 -0.168703049
vn -0.147161156 0.97395575 -0.172492862
vn 0.0972454995 0.950556397 -0.294933766
vn -0.186979279 0.977861106 -0.093949087
vn 0.073857747 0.958309174 -0.276022702
vn 0.109349295 0.988951504 0.100088134
vn -0.329567999 0.93105197 0.156611741
vn 0.190729842 0.969819367 -0.151896194
vn -0.413404793 0.901646197 0.127006844
vn 0.0762405843 0.991259277 -0.107668579
vn -0.0617790408 0.987465143 0.145244822
vn -0.0633175299 0.966463804 0.248874813
vn -0.216721445 0.962864459 0.161008567
vn 0.0231315736 0.991657913 0.126805097
vn -0.297183663 0.888416111 0.349855065
vn 0.196465313 0.980459332 -0.0100455945
vn -0.212591186 0.954123795 0.21083805
vn -0.0980226323 0.933366716 -0.345279902
vn -0.244648904 0.909945369 0.334882528
vn 0.180418894 0.983261406 0.025420621
vn -0.217204303 0.923388243 -0.316506624
vn -0.132143632 0.990235388 -0.0444051549
vn -0.229055658 0.972671509 0.0379962884
vn -0.29715091 0.944102526 -0.142728984
vn -0.265148699 0.881028891 0.39177078
vn -0.248941749 0.949034274 -0.193292439
vn -0.0860267729 0.993894279 0.0690902174
vn -0.244347632 0.883542538 0.399558455
vn -0.321765482 0.863121867 0.389214218
vn -0.299342304 0.940950036 -0.158136934
vn -0.176760584 0.954436779 0.240428984
vn 0.207738161 0.976228118 0.0618357882
vn 0.114674091 0.993284345 -0.0153639317
vn -0.0491950586 0.891785383 0.449776113
vn -0.220515907 0.97478503 -0.0341593102
vn 0.0685879141 0.994537771 -0.0786783025
vn 0.312633574 0.948933363 -0.0422584936
vn 0.0193357989 0.989836156 0.140892252
vn -0.239094093 0.970993936 0.00219685608
vn -0.199948549 0.920102119 -0.336797535
vn 0.102340274 0.925879598 0.363694251
vn 0.226569578 0.970116973 0.086829491
vn 0.350091904 0.891118467 -0.288692653
vn 0.299805522 0.896576464 -0.325986713
vn 0.0768393725 0.989053547 -0.125971779
vn -0.0548816621 0.997275174 0.049298346
vn -0.145072758 0.865941048 -0.478643954
vn -0.263291478 0.901316226 -0.343957186
vn -0.0939190537 0.929292262 0.357204467
vn -0.359216839 0.913717389 0.189957619
vn -0.171563193 0.883339405 -0.43620801
vn 0.298636585 0.887086093 -0.351986408
vn 0.0106796054 0.877948999 -0.478635132
vn 0.205814973 0.855338991 -0.475431889
vn -0.105795778 0.893095851 0.437249333
vn -0.0367824361 0.997828543 0.0546371378
vn -0.391083568 0.886131763 0.248644724
vn -0.366263658 0.882587612 0.294771194
vn -0.134929836 0.746988416 0.651001036
vn 0.0954391435 0.878491938 0.4681274
vn 0.251115501 0.967594862 0.0264804512
vn -0.102478214 0.993749261 -0.0442782119
vn -0.391712964 0.88001895 0.268565685
vn -0.129380345 0.948171496 0.290226549
vn -0.0946360007 0.682085395 0.725123107
vn 0.0802051574 0.944643378 0.318144679
vn 0.268621445 0.880303562 0.391034812
vn 0.306330502 0.901786685 0.304864854
vn -0.266612232 0.819121301 0.507895887
vn -0.0966342464 0.925242662 0.366862148
vn -0.0872585997 0.805181324 0.586573839
vn 0.00139704696 0.850848913 0.525408566
vn 0.223606303 0.915519238 0.334402114
vn 0.211962879 0.901741683 0.376740843
vn -0.0729700103 0.408365726 0.909897089
vn -0.343979299 0.923898518 0.167600051
vn 0.169994131 0.973420501 0.153475001
vn -0.0561625808 0.745574713 0.664051235
vn -0.161310464 0.844517052 0.510656297
vn -0.0507080816 0.966865838 0.250198096
vn -0.0777261555 0.94598043 0.314769208
vn -0.224432871 0.971943498 -0.0703970939
vn 0.674251318 0.73644948 -0.0550220571
vn -0.34274596 0.925755739 0.159691766
vn 0.0447979681 0.99408406 -0.098944582
vn -0.262130141 0.964954853 0.0122481035
vn -0.23406364 0.940798819 -0.245177105
vn 0.20398429 0.868967652 -0.450872123
vn -0.254356593 0.882239163 -0.39617759
vn -0.187747464 0.98217243 -0.00939278211
vn 0.0352381766 0.99344337 0.108759522
vn -0.291256934 0.954189241 0.0685003102
vn 0.0250205938 0.988837361 -0.146882623
vn 0.216354519 0.920475602 0.325446576
vn 0.170334414 0.913698554 -0.368972957
vn 0.259300292 0.965773046 0.00676989742
vn 0.517330885 0.853074491 -0.068063885
vn -0.260829687 0.959010839 -0.110752091
vn -0.152477518 0.983778894 0.0944973379
vn 0.0979364291 0.984780669 -0.143580839
vn -0.217884019 0.964133322 0.151570097
vn -0.138418362 0.990373611 -0.000737859169
vn 0.192449391 0.951731801 0.239101797
vn 0.164161682 0.954247773 -0.249924242
vn 0.784692526 0.532989144 -0.316512406
vn 0.313902885 0.905427158 -0.285773784
vn 0.282798707 0.860378504 -0.423997343
vn -0.213202864 0.774734259 -0.595257401
vn -0.316155076 0.71667856 -0.621625066
vn 0.47798422 0.717285156 -0.506984353
vn 0.0366015732 0.806724012 -0.589793801
vn -0.308594227 0.786584854 -0.534840167
vn 0.174857467 0.934811771 -0.309114546
vn 0.459178269 0.811881483 -0.360560298
vn -0.322154254 0.80186367 -0.503220975
vn 0.20477666 0.603416085 -0.770685136
vn -0.123936884 0.950609922 -0.284570605
vn 0.0298754405 0.972681642 -0.230212688
vn -0.00751723815 0.939034462 -0.343740761
vn -0.134895027 0.883943498 -0.447713315
vn 0.30009684 0.90541625 -0.300272316
vn 0.33786276 0.862679899 -0.376340419
vn 0.0601410568 0.912220359 -0.405261576
vn 0.0837012008 0.953245044 -0.290375352
vn 0.265953898 0.926862299 -0.264943004
vn 0.0457064435 0.913372755 -0.404550642
vn 0.150986508 0.673258543 -0.723827302
vn 0.0128349476 0.461728275 -0.886928499
vn 0.214277551 0.341769755 -0.915029287
vn 0.0832601786 0.657379568 -0.748945892
vn -0.0885109529 0.718321145 -0.69005841
vn 0.10983187 0.930186927 -0.350270391
vn 0.101060785 0.859654009 -0.500781059
vn 0.0172698367 0.887842178 -0.459823936
vn 0.0739675835 0.917668223 -0.390402257
vn -0.0739484802 0.819060922 -0.568920851
vn -0.0216562077 0.992353678 -0.12151254
vn -0.248455212 0.813001335 0.526591659
vn 0.230171382 0.971324503 -0.0595809892
vn 0.251180291 0.967868447 0.0117911277
vn 0.545952559 0.776793718 -0.313890666
vn 0.375909984 0.918222785 -0.124734022
vn 0.309488028 0.95016253 -0.0375280716
vn 0.253768682 0.959455073 -0.122668117
vn 0.137765527 0.989883482 0.0339326784
vn -0.00520390272 0.953050137 -0.302767694
vn -0.146062687 0.9763273 -0.159532622
vn 0.182577476 0.978423178 -0.0967135951
vn -0.0515779071 0.992698729 -0.109036259
vn 0.119188681 0.99256891 -0.0245142095
vn 0.176645681 0.875409484 -0.449949503
vn 0.0469545648 0.976156771 -0.211927652
vn 0.173069328 0.970647693 -0.167003423
vn 0.106741071 0.94157505 -0.319441527
vn -0.346694827 0.935800493 -0.0638767108
vn -0.267782748 0.960541427 0.0751826018
vn -0.198930562 0.979701877 -0.0247152727
vn -0.0151905324 0.997411788 0.0702783465
vn 0.0881274492 0.913469136 -0.397250086
vn 0.123561218 0.885060966 -0.448775619
vn 0.497157335 0.853764534 -0.15466322
vn -0.190759763 0.972635746 -0.132629052
vn 0.128959149 0.985444367 0.110765561
vn -0.314356208 0.908345699 -0.275841057
vn -0.0674476922 0.944322526 0.322033823
vn -0.132420167 0.986522496 0.0961152688
vn -0.316364408 0.944428563 -0.0892646685
vn -0.169092447 0.981672227 0.0879058018
vn 0.148262292 0.981801927 0.118673019
vn 0.186029777 0.979774535 0.0737210363
vn 0.0594759956 0.997725785 0.0317165442
vn -0.101882532 0.993833899 0.0437500216
vn -0.135044858 0.989081621 0.0589958057
vn 0.0511481911 0.997530282 -0.0481367856
vn -0.0511023887 0.98816222 -0.144650951
vn -0.0114936512 0.999297738 -0.0356644765
vn 0.0770841315 0.981100202 -0.17748335
vn 0.406253397 0.913135529 -0.0337895043
vn 0.312581688 0.938931763 0.143874407
vn 0.380702198 0.736321151 -0.559371948
vn 0.0579774864 0.957594991 0.28222388
vn 0.62958312 0.776639879 0.0213442463
vn 0.196558163 0.971333623 -0.133700535
vn -0.151073873 0.832401097 0.533183813
vn 0.631480575 0.569449246 -0.526269794
vn 0.876351178 0.481522471 0.0120236622
vn -0.250864565 0.845412314 -0.47153461
vn 0.084878616 0.953638852 -0.288736016
vn -0.184523806 0.896270633 -0.403298765
vn -0.322468191 0.943729103 -0.0734143108
vn -0.0235072076 0.998608172 -0.0472140536
vn -0.27605167 0.928872526 -0.246964291
vn 0.146040425 0.958157301 -0.246184319
vn 0.0665636733 0.86470288 -0.497853696
vn 0.198040962 0.975005865 0.10071487
vn -0.461037308 0.819960475 -0.339277714
vn -0.341484964 0.668576479 -0.66060102
vn -0.142742589 0.989440501 -0.0251393896
vn -0.418866098 0.850727499 -0.317512006
vn -0.351179659 0.803977907 -0.479887933
vn -0.424933195 0.877718151 -0.221455798
vn -0.444032222 0.880798459 -0.164406702
vn -0.52147764 0.791436195 0.318888485
vn -0.562398493 0.826428652 0.0268995389
vn -0.509491444 0.860442758 -0.00753195398
vn -0.469759911 0.882782042 -0.00463292608
vn -0.418059379 0.856058836 -0.30395636
vn -0.431404442 0.815835774 -0.385100305
vn -0.484823495 0.857363224 0.172842488
vn -0.490436971 0.863954604 0.114253499
vn -0.439160019 0.898397982 0.00442772917
vn -0.424978763 0.900674522 -0.0904349685
vn -0.474227697 0.8382622 -0.269118041
vn -0.433198214 0.901035368 0.0217851046
vn -0.439759254 0.88049221 -0.177045509
vn -0.447971672 0.893124342 -0.040622633
vn -0.478928506 0.852555811 0.209227353
vn -0.40122515 0.900364995 0.168408245
vn -0.334003538 0.930850029 0.148188755
vn -0.365560263 0.88294214 0.294582576
vn -0.378637463 0.91267246 0.153826937
vn -0.349654317 0.9281829 0.12735115
vn -0.0936691463 0.786475182 0.610477567
vn -0.266957015 0.878791213 0.395550013
vn 0.176722094 0.791277707 0.585362136
vn -0.28717491 0.866773784 0.407717794
vn 0.151013955 0.603611648 0.782845914
vn -0.140426964 0.860883772 0.489039212
vn -0.0957616717 0.70191133 0.705797434
vn -0.171971619 0.60898155 0.774317205
vn -0.333477199 0.563740015 0.755638897
vn -0.463753492 0.779849052 0.420438081
vn -0.518367052 0.781839073 0.346443713
vn -0.467415661 0.872694016 0.141165584
vn -0.406540424 0.906274676 0.115720473
vn -0.567985535 0.818309188 0.088104859
vn -0.11310932 0.886104703 0.449471653
vn -0.601643503 0.651116908 0.462679058
vn -0.587306678 0.801536739 0.112293087
vn 0.0638555139 0.992160022 0.107428923
vn -0.394441575 0.903037131 0.170116916
vn -0.120870613 0.701079369 0.70276469
vn -0.341029942 0.697508395 0.630222499
vn -0.335596353 0.727706313 0.59817946
vn -0.300109476 0.746806383 0.593476653
vn -0.517105758 0.726066768 0.453242272
vn -0.485271543 0.774334848 0.406099766
vn -0.513436913 0.81652379 0.263953298
vn -0.0927775651 0.878219604 0.469172299
vn -0.101344593 0.935915291 0.33733055
vn -0.629190803 0.700815201 0.336120516
vn -0.443630368 0.852830231 0.275449812
vn -0.472195327 0.819071054 0.325812995
vn -0.500787675 0.789346874 0.355166554
vn -0.157760441 0.933321536 0.322525233
vn -0.331365079 0.870060027 0.364955902
vn -0.325878948 0.862283885 0.387645811
vn 0.190339342 0.794256687 0.576998591
vn -0.270803601 0.898145497 0.346410304
vn -0.142632797 0.872515917 0.467302799
vn -0.191278353 0.957394779 0.216351092
vn -0.1739849 0.941933811 0.287210733
vn -0.377805591 0.704043031 0.601320446
vn -0.23046805 0.949395835 0.213382363
vn -0.401129693 0.916020811 0.000935863878
vn -0.203935593 0.974801898 -0.0903969258
vn -0.164231464 0.905124784 0.392144352
vn 0.0875576511 0.988726854 0.121461309
vn -0.249567404 0.898067236 0.362203568
vn -0.429539055 0.866854846 0.253098786
vn -0.770491302 0.615172207 0.167051688
vn -0.693432987 0.703682542 0.154859602
vn -0.571728647 0.812866926 0.111237153
vn -0.822104514 0.523420572 0.2239981
vn -0.76388675 0.638392687 0.0945082754
vn -0.692976058 0.708755791 0.13209635
vn -0.250639975 0.947848499 0.196882948
vn -0.493609339 0.836415648 0.238241062
vn -0.173601776 0.984581649 0.0214807987
vn 0.0997267962 0.939415157 0.327953905
vn 0.0852798596 0.85494113 0.511666954
vn -0.15203464 0.951187611 0.268565893
vn 0.131419346 0.982737243 0.13021642
vn 0.131497502 0.981867075 0.136548862
vn -0.0764249936 0.945013285 0.317976415
vn 0.21378547 0.947471976 0.237892151
vn 0.339072526 0.929391503 0.145811826
vn -0.0415825509 0.995248139 0.088045679
vn -0.0616869032 0.946522117 0.316686839
vn -0.663932502 0.724137545 -0.186596975
vn -0.0215553418 0.967354834 0.252507359
vn -0.687712073 0.722331345 -0.0727298334
vn -0.854019821 0.489959687 -0.174898982
vn -0.339752585 0.891914189 0.298424721
vn -0.626399457 0.779217839 0.0210551023
vn -0.559696794 0.802225232 -0.207783923
vn -0.477901429 0.871637046 -0.108899362
vn -0.242438376 0.842166126 0.481642783
vn -0.363739073 0.825769603 -0.431043416
vn -0.297221392 0.944698691 0.138577625
vn 0.240245402 0.530897021 0.8126688
vn -0.423474699 0.905681551 0.0202545431
vn -0.559929788 0.820784271 0.113101363
vn -0.266021609 0.751646519 0.603539646
vn -0.0816026777 0.377240896 0.922513008
vn -0.0797989517 0.143406212 0.986441433
vn -0.344321072 0.702869058 0.622429132
vn -0.910898507 0.412521392 -0.00949430931
vn -0.857134044 0.202096134 0.47379151
vn -0.574057996 0.390286803 0.719815016
vn -0.0917826742 0.528552115 0.843924522
vn -0.0324561112 0.937253296 0.347135246
vn -0.474330515 0.82842809 0.297854811
vn -0.516804457 0.849220812 0.108338647
vn -0.619066596 0.779195845 -0.0980324969
vn -0.271298289 0.948179841 -0.165384665
vn -0.0555251613 0.962068498 -0.267097831
vn -0.629106641 0.702553749 -0.332630575
vn -0.631820738 0.774994552 0.0136336619
vn -0.291844934 0.946875751 0.135103509
vn -0.275565505 0.946968198 -0.165272236
vn -0.79499042 0.574086785 -0.195996165
vn -0.439033061 0.669575155 -0.599098563
vn -0.350969553 0.930770874 -0.102400631
vn 0.246775746 0.887754619 0.388578802
vn -0.539919853 0.827785194 -0.152506486
vn -0.607637465 0.758911788 -0.23415716
vn -0.422375292 0.875405371 0.235083833
vn -0.313702822 0.877727628 0.362194419
vn -0.255389214 0.911382139 0.3227368
vn -0.192064509 0.866934478 0.45993039
vn -0.529085398 0.738553643 0.41786027
vn -0.475897223 0.833940148 0.279402405
vn -0.608697534 0.770912349 0.187567487
vn -0.622984111 0.771951139 0.126420736
vn -0.484819233 0.857565224 0.171849579
vn -0.484793812 0.857434392 0.172572717
vn -0.241166621 0.946816623 0.213018417
vn -0.605568111 0.789167821 0.102476403
vn -0.594922602 0.790185392 0.147221863
vn -0.355521947 0.928459167 0.107553154
vn -0.550451577 0.814984262 0.181118146
vn -0.394924253 0.808303356 0.436669618
vn -0.676733553 0.626753151 0.386279911
vn -0.430506587 0.840625763 0.328652143
vn -0.399106473 0.909405351 0.117029808
vn -0.580321133 0.637363136 0.506947398
vn -0.377477825 0.702608883 0.603200853
vn -0.32426405 0.714728773 0.619690001
vn -0.459935963 0.597105145 0.657209575
vn -0.294995964 0.725542784 0.62174356
vn -0.378094465 0.652029455 0.657192647
vn -0.260468602 0.844252646 0.468394756
vn -0.437070876 0.799046457 0.412908912
vn -0.659070969 0.724777102 0.200807139
vn -0.316754878 0.946018398 0.0686695576
vn -0.500529408 0.730692923 0.464282453
vn -0.495317876 0.561868072 0.662544072
vn -0.347083271 0.529391944 0.774130046
vn -0.500488937 0.532683969 0.682465017
vn -0.393649578 0.670156062 0.62923044
vn -0.456728429 0.254131556 0.852535188
vn -0.365470856 0.560840487 0.742892265
vn -0.353702068 0.628266156 0.692947567
vn -0.308949143 0.550952852 0.775242805
vn -0.385508806 0.646402836 0.658442259
vn -0.375519663 0.585465431 0.718481064
vn -0.187526584 0.293633372 0.937343657
vn -0.294383645 0.299064517 0.907688677
vn -0.521573067 0.398909271 0.754210114
vn -0.488696218 0.465228707 0.738063931
vn -0.222772896 0.910564005 0.348203063
vn -0.198624894 0.976151288 0.087617971
vn -0.259711027 0.931094229 0.256151617
vn -0.0208305921 0.982608199 -0.184518442
vn -0.142491892 0.97453326 -0.173150226
vn -0.305274427 0.84782213 0.433595836
vn -0.234376729 0.920635283 0.312246859
vn -0.301958293 0.668646753 0.679509044
vn -0.420446634 0.649659038 0.633378029
vn -0.499428719 0.746974349 0.438862383
vn -0.418983728 0.90780139 -0.0186840724
vn -0.584137499 0.740566313 0.332182109
vn -0.238505751 0.940736651 0.241100803
vn -0.0626137108 0.996222734 -0.0601650923
vn -0.0493939929 0.979685247 -0.194363222
vn -0.378611654 0.68933481 0.617633224
vn -0.312745214 0.625051677 0.715192854
vn -0.316702753 0.685983717 0.655076921
vn 0.0041667358 0.996105969 0.0880658031
vn -0.456765383 0.841346622 -0.288965911
vn -0.574587226 0.813275635 -0.0918270722
vn -0.107173666 0.954048812 -0.279829592
vn -0.366049349 0.929566741 0.0437441431
vn 0.0823055655 0.993993819 0.0721263513
vn -0.479364485 0.750426829 0.455048501
vn -0.361636639 0.612173438 0.703180254
vn -0.293896884 0.941814184 0.163127825
vn -0.281333596 0.722521186 0.631517708
vn -0.292452514 0.741989672 0.603260219
vn -0.208831713 0.674125493 0.708480179
vn 0.250876456 0.931043923 0.264987141
vn -0.146379262 0.729899704 0.667697251
vn -0.23146525 0.630940557 0.740498424
vn -0.195766628 0.570922136 0.79732269
vn -0.0748391747 0.740058541 0.668365479
vn 0.0639393926 0.744405091 0.664659798
vn 0.0191079564 0.975354791 0.219813555
vn -0.193571061 0.879667342 0.434414238
vn -0.276973844 0.892643392 0.355630785
vn -0.300620824 0.840714753 0.450362056
vn -0.115930244 0.985024452 0.127620712
vn -0.0635909066 0.61292541 0.787577748
vn -0.273376852 0.737518191 0.617520928
vn -0.329577297 0.707147658 0.625556409
vn -0.0452356413 0.75657779 0.652337074
vn -0.027751077 0.901780486 0.431302696
vn -0.376687527 0.589050353 0.714930952
vn -0.19974114 0.956934571 0.210664764
vn -0.315937489 0.945597589 0.0776447356
vn -0.43830815 0.866134524 0.240201816
vn -0.0525002927 0.971566796 0.230871528
vn -0.300174773 0.928279579 -0.219527289
vn -0.468827814 0.877774358 -0.0985530764
vn -0.46742326 0.882288754 -0.0555163845
vn -0.639732838 0.685127795 0.348341435
vn -0.521744192 0.593831539 0.612492442
vn 0.0376570933 0.972281873 0.230759367
vn -0.494866997 0.560574353 0.663975179
vn -0.278815776 0.631896317 0.723165751
vn -0.209615186 0.60946852 0.764597654
vn -0.507745028 0.591042042 0.626788855
vn -0.603040874 0.713567734 0.356598943
vn -0.446980029 0.889201045 0.0976239815
vn -0.446443468 0.735133171 0.510164142
vn -0.429581761 0.880101502 0.202190325
vn -0.307010293 0.565629184 0.765381157
vn -0.65096575 0.724717259 0.225895047
vn -0.567575455 0.724893928 0.390367746
vn -0.593203247 0.78992027 0.155357495
vn -0.567914486 0.687688231 0.452280879
vn -0.712337017 0.558479428 0.425060838
vn -0.656693518 0.575171411 0.487782151
vn -0.525579274 0.564753771 0.63625443
vn -0.522922158 0.623850226 0.580829978
vn -0.129939646 0.921759129 0.365343511
vn -0.650147974 0.601211965 0.464598447
vn -0.51708138 0.781709552 0.348650455
vn -0.605704606 0.730922818 0.314442098
vn -0.359520584 0.845544994 0.394713372
vn -0.225393921 0.824004889 0.519820631
vn -0.584665418 0.6638785 0.466295689
vn -0.28523165 0.756339431 0.58872211
vn -0.292329222 0.755262852 0.586618781
vn 0.295569122 0.827464938 0.477431297
vn 0.218412027 0.519225955 0.82625699
vn 0.277411193 0.583037317 0.763616741
vn 0.107770883 0.550688684 0.827724159
vn -0.0305214506 0.625571609 0.779569447
vn -0.0827324241 0.812316 0.577319622
vn -0.0314279795 0.71103251 0.702456474
vn -0.568646908 0.5351789 0.624679327
vn -0.34144333 0.809329808 0.477913916
vn -0.510653734 0.645972311 0.567408681
vn 0.113701023 0.815977633 0.566791594
vn -0.0862637758 0.856842935 0.508309722
vn 0.206737891 0.742577553 0.637054265
vn -0.0491441041 0.657490313 0.751858652
vn -0.184594661 0.685107052 0.704665184
vn 0.178109258 0.709378481 0.681952477
vn 0.138611764 0.687734723 0.712606251
vn 0.158839256 0.822905481 0.54552412
vn -0.241826221 0.71622932 0.654626369
vn 0.127996549 0.839792967 0.527602673
vn 0.295166492 0.745791376 0.597220182
vn -0.0894766077 0.700156987 0.708360314
vn 0.378633648 0.661426187 0.647419393
vn -0.16748178 0.801266193 0.574388683
vn 0.178090304 0.798287213 0.575344563
vn 0.126064479 0.730336845 0.671353757
vn 0.118269578 0.937958658 0.325953603
vn -0.184550866 0.860003233 0.475747228
vn -0.33521688 0.864023864 0.37562272
vn 0.100531675 0.715916336 0.690910459
vn -0.137691215 0.72383827 0.676091254
vn 0.289069295 0.787228703 0.544710934
vn -0.0893250555 0.837477386 0.539122105
vn -0.14586921 0.875417352 0.460832566
vn 0.206955865 0.784092546 0.585122287
vn 0.42639336 0.745795429 0.511837602
vn -0.40425241 0.696663678 0.592654824
vn -0.0614482164 0.896988809 0.437761545
vn -0.464126348 0.728242695 0.504231334
vn 0.107375249 0.76844722 0.630840302
vn 0.310723037 0.813490391 0.491614223
vn 0.0819001943 0.876422167 0.474527687
vn 0.360789061 0.735886633 0.57297653
vn 0.124862261 0.680501759 0.722029686
vn -0.227187604 0.646190166 0.72857666
vn -0.624399245 0.516959727 0.585557997
vn 0.101789027 0.459310681 0.882424295
vn -0.2804479 0.642138541 0.713447332
vn -0.0175250527 0.498894244 0.866485655
vn -0.267142713 0.800010383 0.537231863
vn -0.0626512542 0.852628648 0.518747807
vn 0.0427845493 0.90559715 0.421975344
vn -0.166413873 0.838277042 0.51922828
vn -0.153381571 0.907163024 0.391828418
vn 0.0733749568 0.501736999 0.861902654
vn 0.375261605 0.801671505 0.465297252
vn 0.0156201916 0.847711742 0.530227065
vn -0.123870768 0.902644753 0.412175387
vn 0.0556965433 0.88259089 0.466830969
vn -0.245230198 0.880135298 0.40647769
vn 0.0463904366 0.817305923 0.574333489
vn 0.0696226135 0.915575206 0.396074027
vn -0.1028888 0.887063682 0.450035512
vn -0.0929397792 0.956344604 0.277069062
vn 0.0898441747 0.861941695 0.498983413
vn 0.142605796 0.903369009 0.404460013
vn -0.096386604 0.995243371 0.0141496118
vn -0.222899035 0.715509057 0.662089765
vn 0.0201748367 0.832193077 0.554118812
vn 0.185959071 0.833656609 0.520034373
vn 0.456600219 0.812505722 0.362423539
vn -0.354587644 0.643149912 0.678694189
vn -0.106632262 0.71835953 0.687451243
vn -0.363819033 0.345414907 0.865057349
vn -0.236198261 0.815435708 0.528464794
vn 0.134219915 0.521122456 0.84286201
vn 0.339419007 0.719625056 0.605751157
vn -0.109667227 0.858233988 0.501405478
vn 0.248479187 0.8708781 0.424062937
vn -0.18025893 0.441016465 0.879210591
vn -0.102680452 0.905928016 0.410793334
vn -0.128461808 0.692036867 0.710339725
vn -0.184290633 0.530032456 0.827709317
vn -0.241882816 0.635449827 0.733277678
vn -0.281076699 0.890579164 0.357581735
vn -0.390313268 0.674166918 0.627020299
vn -0.552401364 0.722994447 0.414887637
vn -0.551803887 0.749848843 0.36501947
vn -0.259196758 0.687228858 0.678626359
vn -0.10241659 0.688331246 0.718130112
vn -0.276622832 0.922632515 0.268754601
vn -0.165434182 0.938024342 0.304535657
vn -0.129595563 0.981360078 0.141906098
vn -0.592490077 0.70198077 0.395194322
vn 0.0881512091 0.985687554 0.143699199
vn 0.0497853495 0.931233883 0.361005187
vn 0.0528744422 0.991560996 0.118368365
vn -0.167278722 0.23655799 0.957109272
vn -0.351065099 0.611215293 0.709344268
vn 0.0664040372 0.97399193 0.216633976
vn -0.451880395 0.650935471 0.609989405
vn 0.00450357236 0.942776322 0.333395511
vn -0.188907743 0.88919735 0.416703522
vn -0.104798853 0.926444888 0.361548394
vn 0.0205748994 0.98229605 0.186201468
vn -0.302326947 0.774211347 0.556053281
vn -0.32013765 0.771847188 0.549330413
vn -0.119011253 0.933299422 0.338804692
vn -0.446363866 0.650842011 0.614136815
vn -0.402157903 0.720795572 0.564555407
vn -0.392863005 0.877940595 0.273640215
vn -0.356586725 0.629694402 0.690167248
vn -0.353581995 0.929201365 -0.107537962
vn -0.442812085 0.678307414 0.586358726
vn -0.354838639 0.917875469 0.177747622
vn -0.0210523494 0.951171398 0.307944357
vn -0.138822332 0.939970851 0.311742187
vn -0.234958246 0.925625741 -0.296667695
vn -0.0469365939 0.981103063 0.187706262
vn -0.00359069626 0.985922217 -0.167165726
vn -0.406665266 0.900118351 0.156238422
vn -0.506877244 0.860098183 -0.0575023256
vn 0.19890289 0.976508319 -0.0828798935
vn -0.229388207 0.967439592 -0.106965616
vn -0.44923234 0.887281358 0.104509287
vn -0.409624815 0.912189245 -0.01087627
vn -0.687569916 0.690757453 0.223834559
vn -0.426776916 0.875252366 0.2275846
vn -0.441429645 0.415661305 0.795214117
vn -0.503897548 0.838238657 0.208430037
vn -0.331469029 0.930850506 0.153771117
vn -0.484816253 0.766458154 0.421301633
vn -0.647530437 0.55163151 0.5257442
vn -0.75661236 0.545765281 0.360108435
vn -0.700289369 0.643608928 0.308807969
vn -0.0866570175 0.976569057 0.196986064
vn -0.508086562 0.740170658 0.440449268
vn -0.782787323 0.520355642 0.341282725
vn -0.621508121 0.696947396 0.357759595
vn -0.790496886 0.430648893 0.435495317
vn -0.579108953 0.712017775 0.397068739
vn -0.320206374 0.890053749 -0.324456781
vn -0.382869363 0.914015949 -0.13411136
vn -0.292892247 0.847464442 -0.442739427
vn -0.372113138 0.770319939 0.517821312
vn -0.029934397 0.843239665 0.536703527
vn -0.635369658 0.687683582 -0.351278603
vn -0.233999625 0.891720653 -0.387399524
vn -0.346210808 0.93808043 0.011964119
vn 0.303388476 0.878589392 0.368830681
vn 0.285556436 0.945436656 -0.15686664
vn -0.0704745352 0.714787126 0.695782065
vn 0.703066587 0.29265663 -0.648112297
vn 0.343528003 0.930307388 0.128517002
vn 0.687252104 0.711155057 0.148132056
vn -0.316292375 0.832361877 0.455118507
vn 0.416107506 0.903502226 0.102655895
vn -0.1756064 0.981619239 -0.074740611
vn -0.49945417 0.80194509 -0.327764571
vn -0.590442598 0.800272107 0.104604505
vn 0.0994430482 0.902056754 0.42000562
vn 0.717986286 0.687933862 0.106031068
vn 0.417781264 0.860801399 0.290653765
vn -0.139131874 0.897996843 0.417425394
vn -0.0422197394 0.854618251 0.517537653
vn 0.0629679859 0.896426797 0.438695729
vn -0.373887777 0.829589069 -0.414716691
vn 0.172488436 -0.0392528735 -0.984229088
vn -0.492729068 0.738752544 -0.459850788
vn -0.322026312 0.943937242 -0.0726747289
vn -0.159955338 0.945452094 -0.283786178
vn 0.469692886 0.837559998 0.279073358
vn -0.202773988 0.957431316 -0.205445722
vn -0.571104228 0.609865129 0.549458385
vn 0.36381492 0.93125838 0.0199125763
vn -0.470114559 0.837404788 0.278828621
vn -0.288039029 0.9469136 0.142787471
vn -0.306064844 0.85724324 0.414075077
vn -0.273835361 0.910298765 0.310435891
vn 0.0426333696 0.807833791 0.587866485
vn -0.250117719 0.781334341 0.571802199
vn -0.0852006823 0.807027578 0.58433497
vn 0.0342431292 0.962415755 0.269412994
vn 0.27367422 0.903208852 0.330630094
vn -0.0882024989 0.921820581 0.377448022
vn 0.0866574124 0.708047271 0.700827718
vn 0.406474352 0.623660266 0.667702258
vn -0.137738138 0.929760814 0.341427803
vn 0.389598578 0.832930028 0.392989367
vn 0.351634592 0.787654519 0.505918443
vn -0.316531271 0.770811856 0.552862704
vn -0.00919448305 0.832901478 0.553344965
vn -0.373325318 0.674035788 0.637419701
vn -0.272744894 0.867991924 0.414970189
vn -0.108327992 0.923365176 0.368322939
vn 0.719144404 0.605335116 0.341175586
vn 0.0394844897 0.89143306 0.451428771
vn -0.374483675 0.893315256 0.248495206
vn -0.611409247 0.77027905 -0.181242213
vn -0.536263406 0.699917018 0.471739113
vn -0.575508773 0.743204534 0.341228306
vn -0.0516964868 0.993351281 0.102862619
vn 0.0296644643 0.886655271 0.461478561
vn 0.0945256576 0.975687146 0.197735474
vn 0.153827429 0.903049469 0.401047021
vn 0.329283535 0.528841674 0.782239616
vn 0.189537138 0.78193903 0.593840897
vn 0.472086489 0.775995612 0.41828841
vn 0.312947184 0.808857083 0.497809619
vn 0.284543216 0.853867769 0.435826778
vn 0.0138709508 0.692118704 0.721650422
vn 0.234858155 0.953315139 0.189820692
vn 0.158425525 0.934280217 0.319408357
vn 0.125397176 0.959511399 0.252216935
vn 0.21991086 0.93142581 0.2899746
vn 0.0595799685 0.792899966 0.60643214
vn 0.0302211251 0.914748728 0.402891397
vn 0.234334081 0.963695407 -0.127979279
vn 0.156529993 0.9850927 0.0713505968
vn 0.0566022694 0.995498836 -0.0760151669
vn 0.116069421 0.991358161 -0.06112995
vn 0.126400277 0.978012741 -0.165873379
vn 0.12471775 0.989579141 0.0719634369
vn 0.186517194 0.961920977 0.199798137
vn 0.219545886 0.906451941 0.360755622
vn 0.206751034 0.955317199 0.211241335
vn -0.192792311 0.979293883 -0.0617633872
vn 0.456139505 0.827306986 0.327871889
vn 0.0979952589 0.991917431 0.080601953
vn 0.128930226 0.987994969 0.0851049721
vn 0.498838395 0.826483727 0.260930896
vn -0.109531336 0.989149392 -0.0979104713
vn 0.175043926 0.984440207 0.0153987426
vn -0.34227702 0.861940026 -0.374039948
vn 0.0475194938 0.988689601 0.142249033
vn -0.0177309252 0.996479928 0.0819357038
vn 0.0572371222 0.989951313 0.129307047
vn -0.0578015372 0.955625117 0.288859516
vn -0.138010874 0.979071677 0.149570987
vn 0.0852005184 0.988180995 0.127433419
vn 0.125517786 0.854043841 0.504831016
vn 0.319478959 0.821528018 0.472255111
vn 0.426023513 0.57031095 0.702317119
vn 0.132533565 0.785530925 0.604463458
vn 0.136969149 0.937676311 0.319378346
vn 0.352285743 0.650217235 0.673136234
vn -0.102469139 0.958585978 0.265731156
vn 0.344949871 0.933079243 0.101846412
vn 0.152913466 0.846998692 0.509127378
vn 0.0370863527 0.889432132 0.455560237
vn 0.103743814 0.991578698 0.0775174424
vn -0.132501468 0.971590459 0.196100369
vn -0.273520172 0.912486315 0.30422914
vn 0.172785655 0.977072179 0.124399439
vn -0.578853607 0.740881622 0.340621322
vn -0.210625827 0.9723593 0.100767307
vn -0.0291953366 0.903458536 0.427680194
vn 0.167702779 0.979777932 0.109137602
vn -0.337892652 0.940309703 0.0405727029
vn 0.0384505391 0.998577476 0.0369414575
vn 0.478078932 0.806710958 0.347358614
vn -0.251354545 0.967839658 0.0103556244
vn 0.442585677 0.868967772 0.221388638
vn 0.304403335 0.94157064 0.144164205
vn -0.0160074849 0.98538208 0.169605136
vn -0.0946945399 0.759877026 0.643132806
vn 0.449605137 0.891341865 0.0580081902
vn 0.0680426806 0.680930674 0.729180038
vn -0.10695672 0.99232012 0.0621370077
vn 0.0653506219 0.83989799 0.53879565
vn 0.289952755 0.95564872 -0.0516028628
vn 0.291842222 0.885258079 0.362141371
vn 0.192560717 0.626146138 0.755553722
vn -0.316765368 0.82733804 0.463865697
vn -0.0122800246 0.776519656 0.629973412
vn 0.318553537 0.79588449 0.514870465
vn 0.206675202 0.60359937 0.770034492
vn 0.16683431 0.608422995 0.775878668
vn -0.029651951 0.98186034 -0.18727313
vn 0.21344617 0.972936988 0.0885119736
vn -0.500906289 0.812385142 0.298535198
vn -0.246533796 0.826415718 0.506219447
vn -0.151746109 0.843928099 0.514546931
vn -0.245312959 0.937835038 0.245533988
vn -0.196492285 0.917514443 0.345771581
vn -0.349005431 0.93204695 0.0973841995
vn -0.401570201 0.836740911 0.372298449
vn 0.113180637 0.925281942 0.361999214
vn 0.0238353405 0.753357351 0.657179296
vn 0.0476317555 0.889192402 0.455047548
vn 0.0470672697 0.93773216 0.34415555
vn -0.345139861 0.937776089 0.0381374396
vn -0.258437186 0.964723885 -0.0501802973
vn -0.219744518 0.965813637 -0.13753666
vn -0.0906967446 0.972060144 0.216501921
vn -0.216824099 0.958522439 -0.18499206
vn -0.0596354455 0.98827821 -0.14053455
vn 0.00435100915 0.992940664 -0.118532352
vn -0.252901316 0.36858204 0.894532382
vn -0.269711971 0.764590263 0.585369349
vn 0.442663491 0.875406921 -0.194195077
vn 0.156409279 0.984515071 0.0791600421
vn 0.138926134 0.984530091 -0.10677053
vn 0.244273379 0.916495264 0.316807151
vn 0.491283357 0.825049639 0.279166102
vn 0.258154571 0.848866403 0.461283058
vn -0.19559665 0.877443552 0.437989503
vn -0.184264258 0.95904386 0.215131372
vn -0.204284891 0.967135906 0.151379973
vn -0.136943355 0.983810544 0.115599699
vn -0.081847325 0.973089218 0.215403005
vn 0.198481008 0.962434053 -0.185272977
vn 0.326174796 0.896141648 0.300899088
vn 0.561109126 0.811570227 0.162820116
vn -0.0952808931 0.975629866 0.197656333
vn 0.22145091 0.89308691 0.391605943
vn 0.259141713 0.958989799 0.114822134
vn 0.441867083 0.871172071 0.214039162
vn 0.632894933 0.77115941 0.0689728931
vn 0.167502269 0.984287739 0.0558629483
vn 0.191337377 0.932188094 0.307270527
vn -0.196064502 0.690392494 0.696359694
vn -0.251151562 0.914508998 0.317168951
vn 0.157829672 0.918640912 0.362199754
vn 0.0187491998 0.971059799 0.238099128
vn 0.253521681 0.904595613 -0.342685878
vn -0.420453131 0.881324768 0.215605602
vn 0.0939165279 0.887272894 0.451582283
vn -0.00172386586 0.866298079 0.499524325
vn -0.00784454215 0.985194266 0.171261922
vn -0.0371088311 0.98239249 0.183106422
vn 0.289482325 0.950123727 -0.116038226
vn 0.0126482127 0.965947092 0.258430481
vn -0.537311018 0.838828444 -0.0875433907
vn -0.566244423 0.813576877 0.13213633
vn -0.290611237 0.948914051 -0.122911014
vn -0.751444161 0.656244338 -0.068373248
vn 0.0399568342 0.997067988 -0.0652607009
vn 0.0380483642 0.989150584 -0.141893104
vn 0.255409658 0.960612833 -0.10949374
vn 0.107969269 0.991579056 -0.0715089887
vn 0.57748121 0.816372275 0.00719766272
vn -0.0753985643 0.994186997 -0.0768582448
vn 0.0587427206 0.971301675 -0.230483145
vn 0.180113554 0.977442384 -0.110297024
vn -0.761197269 0.437609076 0.478619814
vn -0.102749906 0.967975914 -0.229052678
vn -0.306063026 0.821691871 -0.480778486
vn 0.14440532 0.887184799 -0.438235372
vn 0.188806266 0.956247866 -0.223477542
vn -0.14893651 0.975185394 -0.163803235
vn 0.229019001 0.879779339 -0.416579723
vn -0.800070822 0.573558092 -0.175834671
vn -0.317398161 0.945494652 -0.0727894679
vn -0.0238233991 0.736370146 -0.676159322
vn 0.25089851 0.909244776 -0.33215031
vn 0.254683673 0.676285028 -0.691212535
vn -0.301772177 0.829580307 -0.469819248
vn 0.38052693 0.922432542 -0.0657078177
vn 0.258049995 0.857730091 -0.444645047
vn 0.241229266 0.948277414 -0.206345275
vn 0.14868769 0.93032217 -0.335250229
vn 0.27696684 0.943852186 -0.180089891
vn -0.348453432 0.614172876 -0.708076179
vn 0.293119043 0.769498527 -0.567409337
vn 0.168407023 0.948309481 -0.26897639
vn 0.517162323 0.739744723 -0.430489242
vn 0.564493954 0.802823901 -0.191886351
vn 0.476013571 0.750010848 -0.459232956
vn 0.185774043 0.943852484 -0.27318576
vn -0.0180131681 0.98004365 0.197964847
vn 0.403861284 0.724828601 -0.558139503
vn 0.367174983 0.928727031 0.0514647365
vn 0.149990201 0.973632455 -0.171880171
vn -0.18334277 0.937253714 0.296548307
vn -0.186593249 0.957891047 -0.218237802
vn -0.174811333 0.977779269 -0.115709327
vn -0.142741635 0.872057855 0.468123704
vn 0.436998546 0.89104718 -0.12274792
vn -0.168366119 0.977643549 -0.125959828
vn -0.198050275 0.935939968 -0.291191608
vn 0.327789277 0.909672141 0.2550506
vn -0.347634345 0.935128868 -0.0684431419
vn -0.115395941 0.957991242 -0.262557715
vn -0.0475359336 0.998856187 0.00516296225
vn -0.182911724 0.905046403 -0.38397181
vn 0.16858305 0.984621048 0.0458388105
vn 0.296724051 0.873223722 0.386568397
vn 0.060696546 0.939850688 0.336149812
vn 0.113336973 0.988071442 0.104256593
vn -0.378808826 0.925196111 0.0227130651
vn 0.0812858418 0.865523934 -0.494227618
vn 0.148024157 0.82528168 -0.544976115
vn 0.108903818 0.991146028 0.0759569556
vn 0.297846854 0.952327073 -0.06603349
vn 0.370330602 0.853905499 -0.365650952
vn 0.516677201 0.707062602 -0.48281154
vn 0.190192267 0.886186421 -0.422493279
vn -0.28954044 0.949347258 -0.122090116
vn -0.108715191 0.990835667 0.0801605061
vn -0.297238797 0.952350318 0.0683959201
vn -0.104608677 0.990071774 -0.0938869789
vn -0.303896159 0.892481267 0.333353281
vn 0.196070552 0.71819818 0.667643428
vn 0.18276833 0.950210571 -0.252380103
vn 0.178858191 0.89320004 -0.412557095
vn 0.544374168 0.691432297 -0.47495079
vn 0.597967148 0.612822235 -0.516608357
vn 0.404869258 0.896358252 -0.180618048
vn 0.690116525 0.598166883 -0.407351971
vn 0.288654715 0.952222705 -0.0997518376
vn -0.0697455779 0.967289329 -0.243899375
vn -0.137534708 0.97770077 -0.158698842
vn -0.115179524 0.683377624 0.720922112
vn 0.369459599 0.920288503 -0.128719494
vn 0.407791942 0.90682292 -0.106667735
vn 0.776550233 0.259925783 -0.573940992
vn 0.705854416 0.680891573 -0.195336476
vn 0.0241644755 0.928718388 -0.369997501
vn 0.783507168 0.319891691 -0.53271538
vn -0.166146025 0.948471248 -0.269810736
vn 0.32829237 0.933913589 -0.141525701
vn -0.152176201 0.983145833 -0.101325482
vn 0.036426615 0.983397961 -0.177767754
vn -0.000185185534 0.905917168 -0.423454791
vn 0.191791818 0.859793425 -0.473255843
vn 0.140406623 0.981526911 -0.129964978
vn 0.416547954 0.857499421 -0.301964462
vn 0.349317998 0.929798722 -0.115979344
vn 0.57327956 0.779881716 -0.251266897
vn 0.781502187 0.613142073 -0.115373753
vn 0.859959185 0.505597651 0.0695783421
vn 0.682299078 0.730781972 0.0206340309
vn 0.749221027 0.626064003 0.216129199
vn 0.767144203 0.626981556 -0.135587543
vn 0.907090902 0.358923823 -0.21990861
vn 0.73322463 0.596092582 -0.327192932
vn 0.5424335 0.679689825 -0.493748486
vn 0.320479304 0.775617123 -0.543793261
vn 0.282354623 0.888823688 -0.360926896
vn 0.17151311 0.54824239 -0.818543553
vn 0.884956062 0.461747438 -0.0603498742
vn 0.754954338 0.313211054 -0.576144755
vn 0.843378186 0.338870853 -0.416988909
vn 0.546738088 0.566950202 -0.6161533
vn 0.643303514 0.587480307 -0.490945429
vn 0.467067182 0.567737162 -0.677881181
vn 0.474689901 0.44275254 -0.760683715
vn 0.578058541 0.452031791 -0.679349422
vn 0.565030456 0.703746438 -0.430675685
vn 0.624577343 0.73927331 -0.251750261
vn 0.514923394 0.700569987 -0.494019926
vn 0.47574228 0.620660603 -0.623257339
vn 0.612887323 0.388434887 -0.688104272
vn 0.577842891 0.720413089 -0.383539528
vn 0.217425391 0.782936156 -0.582869887
vn 0.658868074 0.639350951 -0.396387756
vn 0.70593977 0.708032131 -0.0184279196
vn 0.727358997 0.68462652 -0.0472793467
vn 0.76025176 0.649617612 -0.00377746532
vn 0.577539742 0.748161137 -0.326653808
vn 0.595074952 0.780930102 -0.189826295
vn 0.615881741 0.731328189 -0.292999595
vn 0.772440076 0.634452343 -0.0284005441
vn 0.738122761 0.667821467 -0.0958605409
vn 0.700503111 0.673267305 -0.236657009
vn 0.690830708 0.715401649 -0.104658231
vn 0.525649905 0.848671257 -0.0587314293
vn 0.532185256 0.846624672 -0.00236674654
vn 0.563852668 0.823537052 0.0621032864
vn 0.601305187 0.756187558 0.258093923
vn 0.70287466 0.581670821 0.409421921
vn 0.695674062 0.523394465 0.492032409
vn 0.632514656 0.711027801 -0.307188064
vn 0.613384306 0.706950188 -0.352109581
vn 0.483410209 0.855637729 -0.184928671
vn 0.555291712 0.753465533 -0.35205242
vn 0.585092604 0.791038811 -0.17867358
vn 0.548655808 0.707704186 -0.445119798
vn 0.672903001 0.620812118 -0.402235955
vn 0.509458661 0.742579937 -0.434772134
vn 0.607509196 0.680801749 -0.409196079
vn 0.609557033 0.745656252 -0.269141138
vn 0.690801203 0.705596745 -0.157882705
vn 0.522740364 0.836999834 -0.161783621
vn 0.302847326 0.953038871 -0.000533015816
vn 0.366818935 0.930279255 -0.00493167574
vn 0.357861578 0.904294252 0.232780978
vn 0.0675846338 0.958004653 0.278674215
vn 0.615311503 0.78311938 0.090087831
vn 0.708494425 0.705619514 0.0116951438
vn 0.578569412 0.772791505 0.260864943
vn 0.396060109 0.843443751 0.362958699
vn 0.450331986 0.798397899 0.399702251
vn 0.370142639 0.788741708 0.490796328
vn 0.337702811 0.876295686 0.343602508
vn 0.485764891 0.874088943 0.00103177305
vn 0.512963057 0.806786418 0.293196976
vn 0.381611049 0.917377114 0.113102697
vn 0.258467108 0.948248923 0.184441745
vn 0.383170933 0.736057997 0.558031023
vn 0.344342947 0.810079336 0.474551797
vn 0.407972336 0.7150383 0.567696035
vn 0.371979564 0.765566409 0.524918318
vn 0.368641883 0.758007944 0.538077235
vn 0.371124715 0.875077009 0.310655445
vn 0.377438575 0.80498147 0.45776087
vn 0.400727004 0.828669906 0.390799224
vn 0.0777589381 0.981434822 0.1753259
vn 0.476137906 0.797282457 -0.370989889
vn 0.269968778 0.919707 0.285054177
vn 0.662287712 0.694150984 0.282009423
vn 0.668932676 0.695427239 0.262507111
vn 0.843917489 0.401003212 0.356370181
vn 0.748090684 0.522956669 0.408505321
vn 0.535298944 0.83437252 0.13144362
vn 0.540469825 0.788500726 0.293528527
vn 0.302427948 0.828348577 0.471567571
vn 0.609844327 0.792329192 -0.0174424816
vn 0.402155995 0.76798749 0.498463482
vn 0.223032027 0.934436142 0.277643323
vn 0.123886637 0.826848745 0.54861027
vn 0.381062418 0.921779573 0.0715108961
vn 0.158770323 0.911319554 0.379853547
vn 0.427866787 0.693771422 0.579319596
vn 0.476813138 0.697859704 0.534454048
vn 0.548535049 0.660686314 0.512447894
vn 0.350826412 0.73747623 0.577104449
vn 0.268647075 0.86040771 0.433044225
vn 0.388481528 0.64404422 0.659006238
vn 0.484817386 0.764054239 0.425644517
vn 0.218840629 0.937707424 0.269840002
vn 0.323127538 0.902115107 0.285966605
vn -0.0472954065 0.812527597 0.581000924
vn 0.306270868 0.68327713 0.66282022
vn 0.0363374911 0.771339595 0.635385633
vn 0.503774881 0.677489698 0.535927713
vn 0.244872078 0.695288062 0.675730884
vn 0.367480576 0.912108898 0.181701064
vn 0.403369337 0.795442998 0.452287167
vn 0.575963855 0.733342946 0.361211538
vn 0.662142277 0.48484537 0.571395338
vn 0.587550402 0.704389811 0.398270518
vn 0.532667398 0.489234805 0.690590143
vn 0.329757392 0.697446048 0.636261821
vn 0.747469783 0.503513396 0.433316439
vn 0.781468511 0.503623486 0.368334562
vn 0.767789185 0.61586839 0.176651895
vn 0.780541599 0.611705601 0.128728241
vn 0.600716829 0.725789368 0.335215032
vn 0.681031883 0.553573608 0.47932446
vn 0.434512258 0.438054502 0.7869609
vn 0.400129855 0.788165212 0.4676449
vn 0.140303642 0.444121569 0.884912908
vn 0.38580671 0.571940482 0.723904192
vn 0.107850455 0.781974912 0.613908291
vn 0.0459101871 0.632823765 0.772933602
vn 0.443605185 0.802831411 0.398341715
vn 0.0826541856 0.842783391 0.531868875
vn -0.094162479 0.852143168 0.514767408
vn 0.165296704 0.962255299 0.216197923
vn -0.0700108483 0.934168279 0.349897295
vn -0.209485561 0.864368141 0.457147241
vn -0.170058355 0.923022985 0.345121324
vn -0.235232875 0.454607576 0.859067798
vn -0.24623099 0.449410588 0.858720243
vn -0.149885654 0.777408361 0.610876799
vn -0.198205292 0.688804448 0.697325647
vn -0.0532166287 0.932642996 0.356854349
vn -0.136308029 0.967678547 0.21217519
vn -0.147387058 0.930843472 0.334376097
vn -0.108635411 0.528133929 0.842183471
vn -0.182079569 0.483477354 0.856210649
vn -0.0530373864 0.669295907 0.741100609
vn 0.0689490438 0.807116091 0.586352825
vn 0.180712983 0.884366512 0.430393755
vn 0.306304455 0.895836174 0.321955204
vn -0.00994831137 0.914239466 0.405052036
vn 0.0114111556 0.767106354 0.641418457
vn -0.0275500268 0.954447091 0.29710567
vn -0.0782548487 0.891412795 0.446384728
vn 0.0563635156 0.805284381 0.590203524
vn 0.560699463 0.791354954 0.243666485
vn 0.560268998 0.757780373 0.33446604
vn 0.409949243 0.836036444 0.364670724
vn 0.0338231251 0.910967231 0.411089629
vn -0.161321431 0.258512914 0.952442288
vn 0.499272645 0.580370426 0.643348277
vn 0.20246464 0.81730932 0.539456666
vn 0.438685507 0.813830316 0.381097436
vn 0.381938756 0.731324852 0.565054774
vn 0.235414863 0.928884983 0.285923988
vn 0.287062466 0.949613333 0.125815645
vn 0.176330626 0.947717547 0.265968204
vn 0.0781994611 0.957497299 0.277639717
vn 0.293444723 0.951978624 0.0873317495
vn 0.20085533 0.916225195 0.346682161
vn 0.0697933286 0.932501912 0.354357332
vn 0.163196534 0.927191377 0.337169468
vn 0.235736892 0.941460192 0.240999728
vn 0.252678484 0.935119033 0.248406768
vn 0.0283536967 0.935429573 0.352374256
vn -0.113137037 0.964415789 0.238960713
vn 0.153135434 0.929889977 0.334446043
vn 0.0505801253 0.969690025 0.239045739
vn -0.0223307181 0.937138736 0.348241657
vn 0.300821543 0.941786706 0.150147557
vn -0.0373765081 0.929261804 0.367526144
vn -0.119729035 0.957568467 0.262159675
vn 0.0623978302 0.997963071 0.0132728498
vn -0.132668778 0.972881198 0.189475626
vn 0.262324572 0.964617968 0.0264221542
vn 0.18055661 0.844461441 0.504266024
vn 0.554271579 0.713131249 0.429216415
vn 0.292977482 0.945747614 -0.140448377
vn 0.18838796 0.979432046 0.0722699463
vn -0.060441751 0.901424229 0.428697109
vn 0.221254945 0.893705428 0.390303522
vn 0.446798027 0.78267324 0.433352202
vn 0.0568793453 0.812742889 0.579839408
vn 0.351575345 0.524153829 0.775665879
vn 0.247070655 0.339514107 0.907571614
vn 0.990779519 0.124573551 0.0532666594
vn 0.143295184 0.454236805 0.879281163
vn -0.0401851572 0.584716618 0.81024158
vn -0.000492361665 0.767374575 0.641198933
vn 0.807020426 0.476181626 0.349240541
vn 0.530948579 0.366581559 0.764010131
vn 0.72497493 0.41475898 0.549896717
vn 0.338289112 0.580970347 0.740293145
vn 0.0955932513 0.582851887 0.806935906
vn 0.132458508 0.730803132 0.669613004
vn 0.576396048 0.676790357 0.457954556
vn 0.386867136 0.737803936 0.553153813
vn -0.083833389 0.726386011 0.682154953
vn 0.0480108373 0.867751181 0.494674444
vn 0.642950892 0.737432301 0.206900135
vn 0.293261379 0.955416322 -0.0343118645
vn -0.193009377 0.880366027 0.433247209
vn 0.329238802 0.832188785 0.446165353
vn -0.254403055 0.83030194 0.495860606
vn -0.113525167 0.990889132 0.0724626705
vn 0.251285613 0.963152885 0.0958749726
vn -0.363652527 0.87318182 0.324515462
vn -0.296548933 0.897886336 0.325359553
vn -0.0855013952 0.941912532 0.324792802
vn -0.208125561 0.930918574 0.30012387
vn -0.504838109 0.861281931 0.0577238128
vn -0.0584180094 0.943666577 0.325700313
vn -0.0575078651 0.854070783 0.516968071
vn -0.258715481 0.961366475 0.0940253884
vn -0.204780236 0.876592398 0.435489058
vn 0.33281514 0.942352176 0.0347344205
vn 0.140080601 0.986347556 0.0865794942
vn 0.323953867 0.945983171 0.013027424
vn -0.0409065783 0.977583945 0.206533745
vn -0.10642872 0.98841536 0.108203925
vn -0.134719238 0.945980072 0.294910818
vn -0.415604383 0.885267973 0.208742797
vn -0.206895813 0.958449066 0.19639127
vn -0.402255952 0.912329435 0.0764544457
vn -0.103319407 0.957417548 -0.269586146
vn -0.595008373 0.739376724 -0.315098673
vn -0.414411128 0.880697906 -0.229422182
vn -0.696627855 0.702281713 -0.14666301
vn -0.208207741 0.940648973 -0.268009126
vn 0.166584849 0.973607719 -0.156005055
vn -0.375732899 0.889612377 -0.259643197
vn 0.161232129 0.985820413 0.0465003252
vn 0.367721319 0.929860175 -0.0118814334
vn 0.334198773 0.938981056 -0.0813991204
vn -0.511522174 0.832277894 -0.213678464
vn -0.391138583 0.905371547 -0.165266141
vn -0.386086822 0.922461569 -0.00123736495
vn -0.378236413 0.92566973 -0.00852824561
vn -0.324043721 0.944241762 -0.0583368577
vn -0.0311235283 0.983040035 -0.180730775
vn 0.172982544 0.838436306 0.516818762
vn 0.0690896884 0.996723711 0.0420538299
vn -0.333687484 0.938697457 0.086601302
vn 0.677106917 0.710589468 -0.191282377
vn -0.149451151 0.950339198 0.272982866
vn -0.428732961 0.902798414 0.0338099301
vn -0.0855954364 0.974440992 0.207697526
vn -0.177356169 0.981767714 0.0683882236
vn -0.274095148 0.954955816 0.11371506
vn -0.102366537 0.9498685 0.295416325
vn -0.225706786 0.973982453 0.0203638077
vn -0.411067098 0.839411795 0.355544209
vn -0.161025196 0.917143881 -0.364579141
vn -0.19941704 0.949140906 -0.243648022
vn -0.348972648 0.912539423 -0.213283435
vn -0.364104211 0.898007989 -0.247001469
vn -0.296221137 0.9544698 -0.0352187678
vn 0.0238501113 0.993389726 -0.11228554
vn -0.243615732 0.968599558 -0.0496627539
vn -0.131487861 0.989738047 0.0559424981
vn -0.309670806 0.950405836 0.0288559049
vn 0.139363229 0.968855202 -0.204688832
vn -0.108490422 0.985088527 -0.13353084
vn 0.387384385 0.742384136 -0.546625257
vn 0.571603179 0.581881881 -0.578518093
vn 0.471242338 0.309117258 -0.826061249
vn 0.477645487 0.255883455 -0.840463221
vn 0.533422589 0.38760823 -0.751811266
vn 0.35714817 0.86884743 -0.342854679
vn 0.33223936 0.761124909 -0.557051063
vn -0.0445198379 0.866932333 -0.496433675
vn -0.338738531 0.771800458 -0.538126647
vn 0.186298475 0.962486863 -0.197261274
vn 0.28925842 0.865865588 -0.408174515
vn 0.244587466 0.969624341 0.00238097133
vn 0.32216534 0.904259145 -0.280222774
vn 0.0162601024 0.902346253 -0.430705011
vn 0.513880312 0.853148401 -0.089804396
vn 0.711352825 0.60697794 -0.354337424
vn 0.10264919 0.806565523 0.582164288
vn -0.0681608394 0.739619255 0.669565082
vn -0.0183379278 0.757484555 0.65259552
vn 0.0235226285 0.778220654 0.627550244
vn -0.0646795183 0.754166126 0.653490663
vn 0.244911477 0.580833733 0.776305676
vn 0.147158772 0.712480247 0.686087549
vn 0.0857529119 0.991505563 0.0977910832
vn 0.312871784 0.774901092 0.549217224
vn 0.415689349 0.893958092 0.167455301
vn 0.42381525 0.895636916 0.134963423
vn -0.0699239001 0.976480603 0.203951374
vn -0.0830459669 0.995756328 -0.0396571569
vn 0.309116781 0.901059985 0.304200172
vn -0.485290557 0.845835567 0.221484229
vn 0.315200418 0.601192594 0.734313428
vn 0.0424440801 0.663773596 0.746728182
vn -0.234633878 0.624539018 0.74491483
vn -0.458179295 0.743316531 0.48739329
vn -0.178978443 0.712366104 0.678602457
vn -0.639411509 0.726243198 -0.252435416
vn -0.142059401 0.62000221 0.771632254
vn -0.423835695 0.903374791 -0.0654024407
vn -0.162442133 0.955341995 -0.246848524
vn -0.331652045 0.922760606 -0.196264803
vn -0.322511673 0.94220984 -0.0907021761
vn -0.80079639 0.591228068 -0.0957842097
vn -0.0145257264 0.997812986 0.0644848198
vn 0.0848340467 0.990374744 0.109366491
vn 0.168456018 0.816780746 0.551807642
vn 0.534109712 0.801653624 0.268474102
vn 0.179706052 0.964769363 0.192160621
vn 0.445384979 0.889899671 -0.0985439643
vn -0.329403937 0.628831804 0.704317868
vn 0.30057922 0.933170974 0.197088733
vn 0.112727717 0.577024102 0.808910191
vn 0.0254733097 0.809916317 0.585992157
vn 0.135333672 0.717340887 0.683452129
vn 0.134522155 0.98628819 -0.095599696
vn 0.0948832482 0.971557498 0.216963604
vn 0.0431012362 0.977296531 -0.207445875
vn 0.0669810325 0.89089781 0.449237913
vn 0.069554247 0.970265031 -0.231836125
vn 0.0358182453 0.935914278 -0.350401908
vn -0.0980483145 0.993894041 0.050607495
vn 0.5929299 0.782314181 -0.19083643
vn 0.0856644884 0.99392128 -0.0691518411
vn 0.498492002 0.863867342 -0.0723803043
vn -0.0285582095 0.936228275 0.35022983
vn -0.556961 0.803990781 0.208310723
vn -0.434171587 0.716786265 0.545630336
vn -0.244789347 0.840913892 0.482640713
vn -0.769232869 0.503204763 0.393784016
vn -0.680635273 0.728235662 0.0800523162
vn -0.885854006 0.383200318 0.261572689
vn -0.215393275 0.888989806 0.4041076
vn -0.208580345 0.977973402 0.0078859441
vn 0.0688463598 0.692233562 0.718382001
vn 0.0835607573 0.906686842 0.413444579
vn -0.197693005 0.625374496 0.754866958
vn -0.209949091 0.796130717 0.567536116
vn -0.365328491 0.553766906 0.74824959
vn -0.438983113 0.852911472 0.282552391
vn -0.73886776 0.3306683 0.587139547
vn -0.182227269 0.954208493 0.237232983
vn -0.600482821 0.651011765 0.464331836
vn -0.404300362 0.852732778 0.330738515
vn -0.943524539 0.126582995 0.306166887
vn -0.314982802 0.682044983 0.660000324
vn -0.243741333 0.942250907 0.229681045
vn -0.715195239 0.126387626 0.687402248
vn -0.382631212 0.404800653 0.830499768
vn -0.358967215 0.455159366 0.814845026
vn -0.106022678 0.991500258 0.0754083544
vn -0.641062975 0.502529562 0.580088139
vn -0.192166001 0.584736764 0.788133979
vn -0.459562957 0.145695537 0.876113415
vn -0.606309474 0.148863778 0.781171203
vn -0.486687988 0.771656156 0.409489274
vn -0.611233592 0.569114327 0.550002098
vn 0.416706204 0.863764584 0.283313811
vn -0.136131063 0.485200167 0.863741279
vn 0.342204213 0.798679411 0.494982243
vn -0.130167559 0.396670192 0.908685386
vn -0.502807498 0.225065604 0.8345837
vn 0.46069321 0.504968286 0.729910195
vn 0.0162728187 0.606900692 0.794611037
vn 0.339419931 0.189732894 0.921301007
vn 0.697787106 0.200640887 0.687631071
vn 0.328202754 0.725091457 0.605413258
vn 0.37898618 0.279275268 0.882255495
vn -0.183758393 0.982063174 0.0422475412
vn -0.325414777 0.580631375 0.746305883
vn -0.21334666 0.735138834 0.643470407
vn -0.0088595245 0.701003611 0.713102639
vn 0.00033342751 0.550052524 0.835129917
vn -0.117302045 0.691795349 0.712502182
vn -0.127514482 0.491769731 0.861337662
vn -0.324559778 0.668945968 0.668709278
vn -0.0611309744 0.649818718 0.757626951
vn 0.141248047 0.542858541 0.827860832
vn 0.160111174 0.544153214 0.823566437
vn -0.0565353706 0.574596107 0.816482067
vn 0.168738529 0.858343124 0.484535187
vn 0.0357452258 0.684162319 0.728453338
vn 0.216276154 0.532659292 0.818229079
vn -0.00946327951 0.618728578 0.785547853
vn 0.00116849097 0.864873946 0.501987755
vn -0.0547922999 0.917054653 0.394979209
vn -0.0607905947 0.898052216 0.435668051
vn -0.0216260664 0.878854573 0.476599306
vn 0.00228972174 0.941250265 0.337701827
vn -0.13717638 0.873529255 0.467043012
vn -0.10977795 0.871124804 0.478633702
vn -0.109692685 0.832331717 0.543315113
vn -0.165902972 0.901625156 0.399434954
vn -0.094437696 0.93991363 0.328091055
vn 0.0479503237 0.836486697 0.545885265
vn 0.0799091905 0.981183052 0.17576766
vn 0.375864655 0.681853056 0.627536654
vn -0.133957475 0.498139411 0.85668689
vn -0.232424542 0.414790094 0.879731834
vn -0.275316149 0.273647189 0.921584606
vn -0.364154756 0.659564972 0.657544971
vn -0.384203434 0.558649421 0.735050023
vn -0.350478113 0.694788992 0.6280393
vn -0.176094115 0.803741097 0.568323076
vn -0.296008438 0.713914514 0.634590447
vn 0.054762397 0.87181288 0.486768156
vn -0.107350491 0.759074628 0.642091572
vn -0.151168346 0.818179727 0.55473417
vn -0.0479164422 0.43679297 0.898285031
vn -0.0167890433 0.676764011 0.736008525
vn -0.12121135 0.950048685 0.287602544
vn -0.021193726 0.48444128 0.874567032
vn -0.198918581 0.733996987 0.649368763
vn -0.0975914896 0.500526488 0.860202968
vn -0.338236958 0.785897493 0.517649233
vn -0.247837469 0.92875284 0.275671631
vn -0.0816022828 0.480545223 0.87316519
vn -0.213661432 0.712532043 0.668316424
vn -0.340824842 0.894477069 0.289394438
vn -0.393303275 0.885082543 0.248880371
vn -0.184233174 0.892250657 0.412246197
vn -0.411343664 0.765625179 0.494585156
vn -0.106062792 0.918740034 0.380351722
vn -0.45958823 0.714852989 0.52703315
vn 0.0359282643 0.881393313 0.471014827
vn -0.275716394 0.73734194 0.616690695
vn -0.157021359 0.897092521 0.413000375
vn -0.294744074 0.7975806 0.526299477
vn -0.337406307 0.835775256 0.433170348
vn -0.283795238 0.804713905 0.521436274
vn 0.508550584 0.793363094 0.334591389
vn -0.0619655959 0.997824311 0.0225146785
vn -0.105553366 0.664816737 0.73951143
vn -0.0182925053 0.85754019 0.51409173
vn -0.111121304 0.57046771 0.813768268
vn -0.00148804358 0.243524656 0.969893515
vn -0.439950228 0.799328864 0.409288496
vn -0.439115375 0.839971662 0.318787158
vn -0.764253259 0.440102071 0.471409738
vn -0.683127522 0.661752105 0.308902591
vn -0.444125891 0.860794961 0.248564184
vn -0.310597301 0.913467109 0.262882113
vn -0.795598209 0.583877504 0.161587179
vn -0.739345014 0.663116515 0.11681319
g submesh0
f 1//1 2//2 3//3
f 4//4 5//5 6//6
f 7//7 8//8 9//9
f 10//10 11//11 12//12
f 13//13 14//14 15//15
f 14//14 13//13 16//16
f 16//16 17//17 14//14
f 16//16 13//13 18//18
f 19//19 17//17 16//16
f 20//20 17//17 19//19
f 17//17 20//20 21//21
f 18//18 22//22 16//16
f 16//16 22//22 19//19
f 18//18 23//23 22//22
f 22//22 23//23 19//19
f 20//20 24//24 21//21
f 21//21 24//24 25//25
f 24//24 26//26 25//25
f 20//20 26//26 24//24
f 26//26 27//27 25//25
f 18//18 28//28 23//23
f 29//29 28//28 18//18
f 28//28 29//29 30//30
f 28//28 30//30 23//23
f 31//31 30//30 29//29
f 32//32 26//26 20//20
f 27//27 26//26 32//32
f 31//31 33//33 30//30
f 34//34 30//30 33//33
f 33//33 31//31 35//35
f 36//36 33//33 35//35
f 35//35 37//37 36//36
f 38//38 36//36 37//37
f 36//36 38//38 39//39
f 40//40 39//39 38//38
f 41//41 39//39 40//40
f 33//33 36//36 42//42
f 33//33 42//42 34//34
f 30//30 34//34 43//43
f 43//43 23//23 30//30
f 39//39 41//41 44//44
f 41//41 45//45 44//44
f 44//44 45//45 46//46
f 39//39 47//47 36//36
f 47//47 42//42 36//36
f 44//44 46//46 48//48
f 48//48 46//46 49//49
f 49//49 50//50 48//48
f 49//49 51//51 50//50
f 48//48 52//52 44//44
f 50//50 52//52 48//48
f 50//50 53//53 52//52
f 54//54 39//39 44//44
f 54//54 44//44 52//52
f 55//55 39//39 54//54
f 55//55 54//54 52//52
f 47//47 39//39 55//55
f 52//52 53//53 56//56
f 52//52 56//56 55//55
f 55//55 56//56 57//57
f 55//55 58//58 47//47
f 57//57 58//58 55//55
f 58//58 59//59 47//47
f 60//60 56//56 53//53
f 56//56 60//60 57//57
f 58//58 57//57 61//61
f 58//58 61//61 59//59
f 47//47 59//59 62//62
f 47//47 62//62 42//42
f 63//63 42//42 62//62
f 59//59 63//63 62//62
f 42//42 63//63 34//34
f 63//63 59//59 34//34
f 64//64 57//57 60//60
f 61//61 57//57 65//65
f 64//64 65//65 57//57
f 61//61 66//66 59//59
f 61//61 65//65 66//66
f 59//59 67//67 34//34
f 59//59 66//66 67//67
f 67//67 66//66 68//68
f 34//34 67//67 69//69
f 69//69 43//43 34//34
f 67//67 70//70 69//69
f 68//68 70//70 67//67
f 43//43 69//69 71//71
f 70//70 71//71 69//69
f 72//72 64//64 60//60
f 60//60 53//53 72//72
f 66//66 65//65 73//73
f 68//68 66//66 73//73
f 74//74 43//43 71//71
f 74//74 23//23 43//43
f 71//71 70//70 75//75
f 76//76 70//70 68//68
f 75//75 70//70 76//76
f 77//77 74//74 71//71
f 77//77 71//71 75//75
f 68//68 78//78 76//76
f 78//78 79//79 76//76
f 79//79 78//78 80//80
f 76//76 79//79 80//80
f 76//76 80//80 75//75
f 75//75 80//80 81//81
f 80//80 78//78 81//81
f 75//75 82//82 77//77
f 81//81 82//82 75//75
f 83//83 74//74 77//77
f 83//83 77//77 82//82
f 84//84 23//23 74//74
f 85//85 74//74 83//83
f 85//85 84//84 74//74
f 83//83 86//86 85//85
f 83//83 82//82 86//86
f 84//84 87//87 23//23
f 87//87 19//19 23//23
f 84//84 85//85 88//88
f 88//88 85//85 86//86
f 89//89 87//87 84//84
f 88//88 89//89 84//84
f 87//87 90//90 19//19
f 90//90 87//87 89//89
f 90//90 20//20 19//19
f 88//88 91//91 89//89
f 91//91 90//90 89//89
f 20//20 90//90 92//92
f 91//91 92//92 90//90
f 93//93 20//20 92//92
f 20//20 93//93 32//32
f 88//88 86//86 94//94
f 94//94 91//91 88//88
f 91//91 94//94 95//95
f 96//96 92//92 91//91
f 96//96 93//93 92//92
f 95//95 96//96 91//91
f 97//97 93//93 96//96
f 95//95 97//97 96//96
f 97//97 98//98 93//93
f 32//32 93//93 99//99
f 99//99 93//93 98//98
f 99//99 98//98 100//100
f 99//99 101//101 32//32
f 99//99 100//100 101//101
f 101//101 27//27 32//32
f 102//102 27//27 101//101
f 100//100 102//102 101//101
f 103//103 27//27 102//102
f 104//104 103//103 102//102
f 102//102 105//105 104//104
f 100//100 105//105 102//102
f 106//106 105//105 100//100
f 100//100 107//107 106//106
f 98//98 108//108 100//100
f 107//107 100//100 108//108
f 106//106 107//107 109//109
f 109//109 110//110 106//106
f 108//108 98//98 111//111
f 107//107 108//108 111//111
f 109//109 112//112 110//110
f 113//113 110//110 112//112
f 114//114 111//111 98//98
f 107//107 111//111 115//115
f 111//111 114//114 115//115
f 107//107 116//116 109//109
f 116//116 107//107 115//115
f 109//109 117//117 112//112
f 109//109 116//116 117//117
f 112//112 118//118 113//113
f 112//112 117//117 118//118
f 119//119 113//113 118//118
f 120//120 113//113 119//119
f 121//121 120//120 119//119
f 122//122 120//120 121//121
f 122//122 121//121 123//123
f 123//123 124//124 122//122
f 119//119 118//118 125//125
f 117//117 125//125 118//118
f 119//119 125//125 121//121
f 115//115 114//114 126//126
f 115//115 126//126 116//116
f 127//127 124//124 123//123
f 127//127 128//128 124//124
f 129//129 125//125 117//117
f 130//130 117//117 116//116
f 129//129 117//117 130//130
f 121//121 125//125 131//131
f 129//129 131//131 125//125
f 129//129 132//132 131//131
f 133//133 116//116 126//126
f 133//133 130//130 116//116
f 134//134 130//130 133//133
f 134//134 135//135 130//130
f 130//130 135//135 129//129
f 129//129 136//136 132//132
f 136//136 129//129 135//135
f 121//121 131//131 137//137
f 138//138 121//121 137//137
f 138//138 123//123 121//121
f 131//131 139//139 137//137
f 139//139 131//131 132//132
f 138//138 137//137 139//139
f 140//140 138//138 139//139
f 141//141 123//123 138//138
f 140//140 141//141 138//138
f 141//141 142//142 123//123
f 140//140 142//142 141//141
f 142//142 140//140 143//143
f 142//142 144//144 123//123
f 143//143 144//144 142//142
f 144//144 127//127 123//123
f 139//139 132//132 145//145
f 145//145 140//140 139//139
f 127//127 144//144 146//146
f 146//146 147//147 127//127
f 147//147 128//128 127//127
f 144//144 148//148 146//146
f 147//147 146//146 148//148
f 148//148 144//144 143//143
f 147//147 149//149 128//128
f 149//149 147//147 148//148
f 128//128 149//149 150//150
f 151//151 150//150 149//149
f 149//149 148//148 152//152
f 152//152 151//151 149//149
f 152//152 148//148 153//153
f 148//148 143//143 153//153
f 154//154 151//151 152//152
f 153//153 154//154 152//152
f 155//155 151//151 154//154
f 155//155 156//156 151//151
f 157//157 151//151 156//156
f 156//156 158//158 157//157
f 158//158 156//156 159//159
f 155//155 159//159 156//156
f 159//159 160//160 158//158
f 159//159 155//155 160//160
f 160//160 161//161 158//158
f 162//162 161//161 160//160
f 163//163 161//161 162//162
f 162//162 164//164 163//163
f 165//165 164//164 162//162
f 166//166 164//164 165//165
f 167//167 154//154 153//153
f 154//154 168//168 155//155
f 167//167 168//168 154//154
f 169//169 167//167 153//153
f 169//169 153//153 143//143
f 167//167 170//170 168//168
f 169//169 170//170 167//167
f 155//155 168//168 171//171
f 172//172 160//160 155//155
f 172//172 155//155 171//171
f 173//173 160//160 172//172
f 160//160 174//174 162//162
f 160//160 173//173 174//174
f 173//173 162//162 174//174
f 171//171 168//168 175//175
f 168//168 170//170 175//175
f 171//171 176//176 172//172
f 173//173 172//172 176//176
f 176//176 171//171 175//175
f 177//177 176//176 175//175
f 176//176 177//177 178//178
f 178//178 173//173 176//176
f 143//143 179//179 169//169
f 169//169 180//180 170//170
f 169//169 179//179 180//180
f 179//179 143//143 181//181
f 143//143 140//140 181//181
f 180//180 179//179 182//182
f 182//182 179//179 181//181
f 170//170 180//180 183//183
f 180//180 182//182 183//183
f 175//175 170//170 184//184
f 184//184 170//170 183//183
f 185//185 181//181 140//140
f 145//145 185//185 140//140
f 186//186 181//181 185//185
f 186//186 182//182 181//181
f 187//187 185//185 145//145
f 187//187 186//186 185//185
f 175//175 184//184 188//188
f 177//177 175//175 188//188
f 189//189 187//187 145//145
f 145//145 132//132 189//189
f 190//190 189//189 132//132
f 187//187 189//189 191//191
f 190//190 191//191 189//189
f 187//187 192//192 186//186
f 191//191 192//192 187//187
f 193//193 192//192 191//191
f 186//186 194//194 182//182
f 192//192 194//194 186//186
f 195//195 182//182 194//194
f 182//182 195//195 183//183
f 194//194 192//192 196//196
f 196//196 195//195 194//194
f 183//183 195//195 197//197
f 183//183 197//197 184//184
f 198//198 190//190 132//132
f 198//198 132//132 136//136
f 198//198 136//136 199//199
f 199//199 190//190 198//198
f 136//136 135//135 199//199
f 199//199 135//135 200//200
f 190//190 199//199 200//200
f 200//200 135//135 201//201
f 201//201 135//135 134//134
f 190//190 200//200 202//202
f 202//202 200//200 201//201
f 201//201 203//203 202//202
f 190//190 202//202 204//204
f 204//204 202//202 203//203
f 191//191 190//190 204//204
f 204//204 193//193 191//191
f 193//193 204//204 203//203
f 184//184 197//197 205//205
f 188//188 184//184 205//205
f 201//201 134//134 206//206
f 203//203 201//201 206//206
f 197//197 207//207 205//205
f 208//208 207//207 197//197
f 208//208 197//197 195//195
f 195//195 196//196 208//208
f 207//207 208//208 209//209
f 209//209 208//208 196//196
f 206//206 134//134 210//210
f 211//211 203//203 206//206
f 206//206 210//210 211//211
f 212//212 203//203 211//211
f 210//210 213//213 211//211
f 213//213 212//212 211//211
f 214//214 203//203 212//212
f 214//214 193//193 203//203
f 212//212 215//215 214//214
f 212//212 213//213 215//215
f 213//213 216//216 215//215
f 215//215 217//217 214//214
f 214//214 217//217 193//193
f 218//218 215//215 216//216
f 215//215 218//218 217//217
f 218//218 219//219 217//217
f 219//219 218//218 220//220
f 220//220 218//218 221//221
f 221//221 219//219 220//220
f 216//216 222//222 218//218
f 218//218 222//222 221//221
f 193//193 217//217 223//223
f 219//219 224//224 217//217
f 223//223 217//217 224//224
f 223//223 225//225 193//193
f 193//193 225//225 192//192
f 196//196 192//192 225//225
f 225//225 223//223 226//226
f 224//224 226//226 223//223
f 227//227 196//196 225//225
f 227//227 225//225 226//226
f 226//226 224//224 227//227
f 196//196 227//227 209//209
f 228//228 227//227 224//224
f 209//209 227//227 228//228
f 224//224 229//229 228//228
f 228//228 229//229 209//209
f 224//224 219//219 229//229
f 230//230 209//209 229//229
f 230//230 207//207 209//209
f 219//219 231//231 229//229
f 230//230 229//229 231//231
f 231//231 232//232 230//230
f 207//207 230//230 233//233
f 232//232 233//233 230//230
f 232//232 234//234 233//233
f 207//207 233//233 235//235
f 205//205 207//207 235//235
f 236//236 235//235 233//233
f 235//235 236//236 205//205
f 236//236 233//233 237//237
f 234//234 237//237 233//233
f 238//238 205//205 236//236
f 236//236 237//237 238//238
f 238//238 237//237 234//234
f 238//238 188//188 205//205
f 219//219 239//239 231//231
f 232//232 231//231 240//240
f 239//239 240//240 231//231
f 239//239 219//219 241//241
f 221//221 241//241 219//219
f 239//239 241//241 242//242
f 242//242 240//240 239//239
f 221//221 243//243 241//241
f 241//241 243//243 242//242
f 221//221 244//244 243//243
f 244//244 221//221 222//222
f 245//245 242//242 243//243
f 243//243 244//244 245//245
f 246//246 245//245 244//244
f 245//245 246//246 247//247
f 244//244 247//247 246//246
f 222//222 247//247 244//244
f 240//240 242//242 248//248
f 240//240 249//249 232//232
f 249//249 240//240 248//248
f 248//248 242//242 250//250
f 245//245 250//250 242//242
f 248//248 251//251 249//249
f 251//251 232//232 249//249
f 251//251 248//248 250//250
f 232//232 251//251 252//252
f 250//250 252//252 251//251
f 232//232 252//252 234//234
f 253//253 252//252 250//250
f 252//252 253//253 234//234
f 245//245 254//254 250//250
f 250//250 254//254 253//253
f 254//254 255//255 253//253
f 254//254 245//245 256//256
f 257//257 254//254 256//256
f 257//257 255//255 254//254
f 257//257 256//256 258//258
f 258//258 255//255 257//257
f 234//234 253//253 259//259
f 260//260 253//253 255//255
f 259//259 253//253 260//260
f 234//234 259//259 261//261
f 238//238 234//234 261//261
f 260//260 262//262 259//259
f 262//262 261//261 259//259
f 263//263 238//238 261//261
f 238//238 263//263 188//188
f 263//263 264//264 188//188
f 177//177 188//188 264//264
f 265//265 263//263 261//261
f 265//265 264//264 263//263
f 261//261 266//266 265//265
f 262//262 266//266 261//261
f 267//267 177//177 264//264
f 267//267 264//264 268//268
f 267//267 268//268 269//269
f 265//265 270//270 264//264
f 270//270 268//268 264//264
f 270//270 265//265 266//266
f 270//270 269//269 268//268
f 271//271 270//270 266//266
f 271//271 269//269 270//270
f 266//266 272//272 271//271
f 269//269 271//271 272//272
f 266//266 262//262 273//273
f 272//272 266//266 273//273
f 262//262 274//274 273//273
f 274//274 262//262 260//260
f 275//275 272//272 273//273
f 275//275 273//273 274//274
f 276//276 274//274 260//260
f 276//276 260//260 255//255
f 277//277 274//274 276//276
f 275//275 274//274 277//277
f 255//255 278//278 276//276
f 278//278 277//277 276//276
f 272//272 279//279 269//269
f 272//272 275//275 279//279
f 275//275 280//280 279//279
f 278//278 255//255 281//281
f 278//278 281//281 282//282
f 281//281 255//255 258//258
f 281//281 258//258 283//283
f 283//283 282//282 281//281
f 283//283 284//284 282//282
f 256//256 283//283 258//258
f 278//278 285//285 277//277
f 285//285 278//278 282//282
f 277//277 286//286 275//275
f 286//286 280//280 275//275
f 280//280 286//286 287//287
f 287//287 286//286 288//288
f 288//288 286//286 277//277
f 277//277 285//285 288//288
f 287//287 288//288 285//285
f 285//285 282//282 289//289
f 289//289 287//287 285//285
f 289//289 290//290 287//287
f 284//284 291//291 282//282
f 289//289 282//282 292//292
f 291//291 292//292 282//282
f 293//293 289//289 292//292
f 293//293 292//292 291//291
f 294//294 290//290 289//289
f 293//293 294//294 289//289
f 280//280 287//287 295//295
f 296//296 295//295 287//287
f 295//295 296//296 280//280
f 297//297 280//280 296//296
f 290//290 298//298 287//287
f 296//296 287//287 298//298
f 299//299 280//280 297//297
f 279//279 280//280 299//299
f 300//300 279//279 299//299
f 269//269 279//279 300//300
f 300//300 301//301 269//269
f 299//299 301//301 300//300
f 301//301 267//267 269//269
f 299//299 302//302 301//301
f 299//299 297//297 302//302
f 302//302 267//267 301//301
f 297//297 303//303 302//302
f 267//267 302//302 303//303
f 304//304 267//267 303//303
f 267//267 304//304 305//305
f 304//304 303//303 306//306
f 267//267 305//305 307//307
f 177//177 267//267 307//307
f 308//308 177//177 307//307
f 308//308 309//309 177//177
f 308//308 307//307 310//310
f 305//305 310//310 307//307
f 304//304 310//310 305//305
f 304//304 308//308 310//310
f 309//309 178//178 177//177
f 309//309 311//311 178//178
f 178//178 311//311 173//173
f 297//297 312//312 303//303
f 303//303 312//312 306//306
f 313//313 306//306 312//312
f 314//314 304//304 306//306
f 314//314 306//306 313//313
f 308//308 315//315 309//309
f 309//309 315//315 311//311
f 173//173 311//311 316//316
f 316//316 162//162 173//173
f 315//315 317//317 311//311
f 311//311 317//317 316//316
f 316//316 317//317 162//162
f 308//308 317//317 315//315
f 317//317 165//165 162//162
f 165//165 317//317 318//318
f 308//308 318//318 317//317
f 165//165 318//318 319//319
f 166//166 165//165 319//319
f 320//320 166//166 319//319
f 320//320 319//319 318//318
f 321//321 166//166 320//320
f 318//318 321//321 320//320
f 318//318 322//322 321//321
f 323//323 322//322 318//318
f 322//322 323//323 324//324
f 308//308 325//325 318//318
f 323//323 318//318 325//325
f 323//323 326//326 324//324
f 326//326 323//323 325//325
f 325//325 308//308 326//326
f 326//326 327//327 324//324
f 308//308 304//304 326//326
f 328//328 327//327 326//326
f 328//328 326//326 304//304
f 329//329 328//328 304//304
f 330//330 328//328 329//329
f 329//329 304//304 314//314
f 331//331 330//330 329//329
f 314//314 331//331 329//329
f 332//332 330//330 331//331
f 332//332 331//331 314//314
f 333//333 330//330 332//332
f 313//313 332//332 314//314
f 333//333 332//332 334//334
f 334//334 332//332 313//313
f 335//335 333//333 334//334
f 336//336 334//334 313//313
f 335//335 334//334 336//336
f 336//336 313//313 337//337
f 338//338 337//337 313//313
f 312//312 338//338 313//313
f 337//337 338//338 312//312
f 312//312 339//339 337//337
f 339//339 312//312 297//297
f 297//297 340//340 339//339
f 340//340 297//297 296//296
f 341//341 337//337 339//339
f 341//341 339//339 340//340
f 342//342 336//336 337//337
f 342//342 337//337 341//341
f 343//343 335//335 336//336
f 343//343 336//336 342//342
f 340//340 296//296 344//344
f 298//298 344//344 296//296
f 345//345 341//341 340//340
f 340//340 344//344 345//345
f 346//346 345//345 344//344
f 344//344 298//298 347//347
f 347//347 346//346 344//344
f 347//347 298//298 290//290
f 345//345 348//348 341//341
f 342//342 341//341 348//348
f 346//346 348//348 345//345
f 342//342 348//348 349//349
f 343//343 342//342 349//349
f 348//348 346//346 349//349
f 346//346 350//350 349//349
f 351//351 335//335 343//343
f 352//352 335//335 351//351
f 343//343 349//349 353//353
f 349//349 350//350 353//353
f 351//351 343//343 353//353
f 354//354 352//352 351//351
f 355//355 351//351 353//353
f 355//355 354//354 351//351
f 355//355 356//356 354//354
f 352//352 354//354 357//357
f 352//352 357//357 358//358
f 359//359 355//355 353//353
f 356//356 355//355 359//359
f 353//353 360//360 359//359
f 350//350 360//360 353//353
f 356//356 359//359 360//360
f 360//360 361//361 356//356
f 354//354 362//362 357//357
f 356//356 362//362 354//354
f 357//357 363//363 358//358
f 363//363 364//364 358//358
f 357//357 362//362 365//365
f 357//357 365//365 363//363
f 366//366 362//362 356//356
f 366//366 365//365 362//362
f 364//364 363//363 367//367
f 368//368 364//364 367//367
f 363//363 365//365 369//369
f 369//369 365//365 366//366
f 369//369 367//367 363//363
f 370//370 366//366 356//356
f 370//370 369//369 366//366
f 356//356 361//361 370//370
f 369//369 370//370 367//367
f 368//368 367//367 371//371
f 368//368 371//371 372//372
f 373//373 367//367 370//370
f 370//370 361//361 373//373
f 373//373 371//371 367//367
f 371//371 374//374 372//372
f 374//374 375//375 372//372
f 376//376 375//375 374//374
f 377//377 375//375 376//376
f 378//378 371//371 373//373
f 371//371 379//379 374//374
f 378//378 379//379 371//371
f 380//380 378//378 373//373
f 373//373 361//361 380//380
f 379//379 378//378 380//380
f 376//376 374//374 381//381
f 379//379 381//381 374//374
f 381//381 379//379 382//382
f 383//383 376//376 381//381
f 382//382 383//383 381//381
f 384//384 383//383 382//382
f 383//383 385//385 376//376
f 385//385 377//377 376//376
f 384//384 385//385 383//383
f 386//386 377//377 385//385
f 387//387 377//377 386//386
f 386//386 388//388 387//387
f 389//389 386//386 385//385
f 384//384 389//389 385//385
f 390//390 388//388 386//386
f 390//390 386//386 389//389
f 388//388 390//390 391//391
f 390//390 389//389 392//392
f 384//384 392//392 389//389
f 392//392 393//393 390//390
f 393//393 391//391 390//390
f 384//384 393//393 392//392
f 394//394 391//391 393//393
f 394//394 395//395 391//391
f 396//396 395//395 394//394
f 397//397 396//396 394//394
f 398//398 397//397 394//394
f 398//398 394//394 399//399
f 399//399 394//394 393//393
f 399//399 393//393 384//384
f 400//400 399//399 384//384
f 398//398 399//399 400//400
f 400//400 384//384 382//382
f 401//401 397//397 398//398
f 402//402 397//397 401//401
f 403//403 402//402 401//401
f 401//401 404//404 403//403
f 405//405 403//403 404//404
f 400//400 406//406 398//398
f 400//400 382//382 407//407
f 407//407 406//406 400//400
f 407//407 382//382 408//408
f 408//408 406//406 407//407
f 382//382 409//409 408//408
f 382//382 379//379 409//409
f 379//379 380//380 409//409
f 410//410 409//409 380//380
f 408//408 409//409 411//411
f 410//410 411//411 409//409
f 412//412 410//410 380//380
f 380//380 361//361 412//412
f 410//410 413//413 411//411
f 411//411 413//413 408//408
f 410//410 412//412 413//413
f 413//413 414//414 408//408
f 414//414 413//413 412//412
f 408//408 414//414 406//406
f 412//412 361//361 415//415
f 414//414 412//412 415//415
f 406//406 414//414 416//416
f 414//414 415//415 416//416
f 361//361 417//417 415//415
f 417//417 361//361 360//360
f 417//417 418//418 415//415
f 416//416 415//415 418//418
f 360//360 419//419 417//417
f 417//417 419//419 418//418
f 360//360 350//350 419//419
f 416//416 420//420 406//406
f 398//398 406//406 420//420
f 398//398 420//420 421//421
f 421//421 422//422 398//398
f 420//420 423//423 421//421
f 401//401 398//398 422//422
f 424//424 401//401 422//422
f 422//422 421//421 424//424
f 424//424 404//404 401//401
f 425//425 420//420 416//416
f 420//420 425//425 423//423
f 418//418 426//426 416//416
f 416//416 426//426 425//425
f 418//418 419//419 427//427
f 418//418 427//427 426//426
f 419//419 428//428 427//427
f 429//429 426//426 427//427
f 429//429 427//427 428//428
f 430//430 429//429 428//428
f 425//425 426//426 431//431
f 426//426 429//429 431//431
f 425//425 431//431 432//432
f 431//431 429//429 432//432
f 423//423 425//425 433//433
f 425//425 432//432 433//433
f 432//432 434//434 433//433
f 432//432 429//429 435//435
f 429//429 430//430 435//435
f 435//435 434//434 432//432
f 436//436 428//428 419//419
f 436//436 419//419 350//350
f 437//437 423//423 433//433
f 421//421 423//423 437//437
f 438//438 421//421 437//437
f 439//439 435//435 430//430
f 434//434 435//435 439//439
f 439//439 430//430 440//440
f 439//439 440//440 434//434
f 440//440 430//430 441//441
f 440//440 441//441 434//434
f 442//442 441//441 430//430
f 428//428 443//443 430//430
f 430//430 443//443 442//442
f 444//444 443//443 428//428
f 428//428 436//436 444//444
f 444//444 436//436 445//445
f 445//445 436//436 350//350
f 445//445 350//350 446//446
f 346//346 446//446 350//350
f 446//446 447//447 445//445
f 446//446 346//346 447//447
f 444//444 445//445 447//447
f 447//447 346//346 347//347
f 448//448 444//444 447//447
f 448//448 447//447 347//347
f 449//449 443//443 444//444
f 444//444 448//448 449//449
f 443//443 450//450 442//442
f 449//449 450//450 443//443
f 442//442 451//451 441//441
f 450//450 451//451 442//442
f 347//347 452//452 448//448
f 452//452 347//347 290//290
f 450//450 449//449 453//453
f 448//448 454//454 449//449
f 454//454 453//453 449//449
f 455//455 454//454 448//448
f 455//455 453//453 454//454
f 452//452 455//455 448//448
f 450//450 453//453 456//456
f 451//451 450//450 456//456
f 455//455 456//456 453//453
f 290//290 457//457 452//452
f 452//452 458//458 455//455
f 452//452 457//457 458//458
f 456//456 455//455 459//459
f 455//455 458//458 459//459
f 290//290 460//460 457//457
f 294//294 460//460 290//290
f 461//461 458//458 457//457
f 459//459 458//458 461//461
f 457//457 460//460 461//461
f 462//462 456//456 459//459
f 451//451 456//456 462//462
f 463//463 459//459 461//461
f 462//462 459//459 463//463
f 464//464 461//461 460//460
f 463//463 461//461 464//464
f 464//464 460//460 465//465
f 463//463 464//464 465//465
f 460//460 294//294 466//466
f 465//465 460//460 466//466
f 294//294 467//467 466//466
f 467//467 465//465 466//466
f 293//293 467//467 294//294
f 468//468 451//451 462//462
f 463//463 469//469 462//462
f 462//462 469//469 468//468
f 451//451 468//468 470//470
f 470//470 468//468 469//469
f 441//441 451//451 470//470
f 471//471 469//469 463//463
f 465//465 471//471 463//463
f 472//472 470//470 469//469
f 469//469 471//471 472//472
f 472//472 473//473 470//470
f 472//472 471//471 474//474
f 474//474 473//473 472//472
f 473//473 474//474 475//475
f 471//471 476//476 474//474
f 476//476 471//471 465//465
f 476//476 475//475 474//474
f 467//467 477//477 465//465
f 476//476 465//465 477//477
f 478//478 441//441 470//470
f 470//470 473//473 478//478
f 478//478 473//473 479//479
f 480//480 475//475 476//476
f 477//477 480//480 476//476
f 477//477 467//467 481//481
f 293//293 481//481 467//467
f 482//482 441//441 478//478
f 478//478 479//479 482//482
f 483//483 481//481 293//293
f 293//293 291//291 483//483
f 483//483 291//291 484//484
f 483//483 484//484 485//485
f 485//485 486//486 483//483
f 483//483 486//486 481//481
f 484//484 291//291 284//284
f 487//487 485//485 484//484
f 487//487 484//484 284//284
f 487//487 488//488 485//485
f 489//489 477//477 481//481
f 481//481 486//486 490//490
f 489//489 481//481 490//490
f 491//491 489//489 490//490
f 489//489 492//492 477//477
f 491//491 492//492 489//489
f 492//492 480//480 477//477
f 490//490 486//486 493//493
f 485//485 493//493 486//486
f 490//490 493//493 491//491
f 494//494 491//491 493//493
f 480//480 492//492 495//495
f 492//492 491//491 495//495
f 475//475 480//480 495//495
f 491//491 496//496 495//495
f 496//496 475//475 495//495
f 475//475 496//496 497//497
f 498//498 497//497 496//496
f 491//491 499//499 496//496
f 491//491 494//494 499//499
f 499//499 498//498 496//496
f 500//500 493//493 485//485
f 494//494 493//493 500//500
f 500//500 485//485 501//501
f 500//500 501//501 494//494
f 502//502 475//475 497//497
f 502//502 473//473 475//475
f 485//485 503//503 501//501
f 488//488 503//503 485//485
f 473//473 502//502 504//504
f 473//473 504//504 479//479
f 503//503 505//505 501//501
f 494//494 501//501 506//506
f 506//506 501//501 505//505
f 488//488 507//507 503//503
f 505//505 503//503 507//507
f 508//508 505//505 507//507
f 505//505 509//509 506//506
f 508//508 509//509 505//505
f 509//509 508//508 510//510
f 511//511 510//510 508//508
f 512//512 508//508 507//507
f 507//507 488//488 512//512
f 511//511 508//508 512//512
f 506//506 513//513 494//494
f 509//509 514//514 506//506
f 514//514 513//513 506//506
f 513//513 515//515 494//494
f 513//513 516//516 515//515
f 494//494 515//515 499//499
f 513//513 514//514 517//517
f 516//516 513//513 517//517
f 518//518 517//517 514//514
f 518//518 514//514 509//509
f 518//518 516//516 517//517
f 509//509 510//510 519//519
f 518//518 509//509 519//519
f 499//499 515//515 520//520
f 498//498 499//499 520//520
f 521//521 520//520 515//515
f 498//498 520//520 521//521
f 516//516 522//522 515//515
f 515//515 522//522 521//521
f 518//518 519//519 523//523
f 524//524 519//519 510//510
f 524//524 523//523 519//519
f 523//523 525//525 518//518
f 525//525 516//516 518//518
f 526//526 523//523 524//524
f 526//526 525//525 523//523
f 524//524 527//527 526//526
f 525//525 526//526 527//527
f 525//525 528//528 516//516
f 525//525 527//527 528//528
f 522//522 516//516 529//529
f 529//529 516//516 528//528
f 528//528 530//530 529//529
f 522//522 529//529 531//531
f 531//531 529//529 530//530
f 531//531 532//532 522//522
f 521//521 522//522 532//532
f 532//532 531//531 530//530
f 533//533 532//532 530//530
f 530//530 534//534 533//533
f 534//534 535//535 533//533
f 521//521 532//532 536//536
f 536//536 532//532 533//533
f 533//533 537//537 536//536
f 538//538 537//537 533//533
f 498//498 521//521 536//536
f 537//537 498//498 536//536
f 498//498 537//537 539//539
f 540//540 539//539 537//537
f 539//539 497//497 498//498
f 497//497 539//539 540//540
f 541//541 534//534 530//530
f 541//541 542//542 534//534
f 541//541 530//530 543//543
f 544//544 541//541 543//543
f 528//528 543//543 530//530
f 545//545 543//543 528//528
f 545//545 544//544 543//543
f 545//545 528//528 527//527
f 545//545 527//527 546//546
f 546//546 544//544 545//545
f 546//546 527//527 547//547
f 524//524 547//547 527//527
f 524//524 510//510 547//547
f 547//547 548//548 546//546
f 546//546 548//548 544//544
f 541//541 549//549 542//542
f 549//549 541//541 544//544
f 510//510 550//550 547//547
f 548//548 547//547 550//550
f 550//550 510//510 551//551
f 550//550 552//552 548//548
f 552//552 550//550 551//551
f 544//544 548//548 553//553
f 553//553 548//548 552//552
f 544//544 553//553 554//554
f 554//554 549//549 544//544
f 552//552 554//554 553//553
f 549//549 554//554 555//555
f 555//555 542//542 549//549
f 555//555 554//554 552//552
f 551//551 510//510 556//556
f 511//511 556//556 510//510
f 551//551 556//556 557//557
f 557//557 556//556 558//558
f 558//558 556//556 511//511
f 512//512 558//558 511//511
f 558//558 512//512 559//559
f 557//557 558//558 559//559
f 559//559 512//512 560//560
f 560//560 512//512 488//488
f 560//560 561//561 559//559
f 559//559 561//561 557//557
f 562//562 560//560 488//488
f 560//560 562//562 561//561
f 562//562 488//488 563//563
f 563//563 488//488 487//487
f 564//564 563//563 487//487
f 487//487 284//284 564//564
f 564//564 565//565 563//563
f 565//565 564//564 284//284
f 563//563 566//566 562//562
f 563//563 565//565 566//566
f 567//567 562//562 566//566
f 562//562 567//567 561//561
f 566//566 565//565 568//568
f 569//569 567//567 566//566
f 570//570 565//565 284//284
f 570//570 568//568 565//565
f 284//284 283//283 570//570
f 570//570 283//283 568//568
f 568//568 283//283 256//256
f 568//568 256//256 566//566
f 571//571 561//561 567//567
f 571//571 567//567 569//569
f 569//569 566//566 572//572
f 569//569 572//572 571//571
f 561//561 571//571 573//573
f 557//557 561//561 573//573
f 574//574 571//571 572//572
f 574//574 573//573 571//571
f 566//566 575//575 572//572
f 572//572 575//575 574//574
f 574//574 575//575 576//576
f 577//577 575//575 566//566
f 573//573 574//574 578//578
f 557//557 573//573 578//578
f 576//576 578//578 574//574
f 557//557 578//578 579//579
f 580//580 557//557 579//579
f 579//579 578//578 581//581
f 576//576 581//581 578//578
f 557//557 580//580 551//551
f 580//580 582//582 551//551
f 582//582 580//580 579//579
f 575//575 577//577 583//583
f 575//575 583//583 576//576
f 551//551 582//582 584//584
f 584//584 552//552 551//551
f 584//584 585//585 552//552
f 585//585 555//555 552//552
f 582//582 586//586 584//584
f 584//584 586//586 585//585
f 586//586 582//582 587//587
f 582//582 579//579 587//587
f 588//588 555//555 585//585
f 588//588 542//542 555//555
f 586//586 589//589 585//585
f 586//586 587//587 589//589
f 590//590 588//588 585//585
f 589//589 590//590 585//585
f 588//588 591//591 542//542
f 588//588 590//590 591//591
f 592//592 589//589 587//587
f 589//589 593//593 590//590
f 592//592 593//593 589//589
f 590//590 593//593 594//594
f 590//590 594//594 591//591
f 587//587 579//579 595//595
f 592//592 587//587 595//595
f 595//595 579//579 596//596
f 597//597 593//593 592//592
f 594//594 593//593 597//597
f 595//595 598//598 592//592
f 596//596 598//598 595//595
f 592//592 599//599 597//597
f 592//592 598//598 599//599
f 594//594 597//597 600//600
f 599//599 600//600 597//597
f 600//600 601//601 594//594
f 600//600 599//599 602//602
f 600//600 602//602 601//601
f 599//599 598//598 603//603
f 598//598 596//596 603//603
f 603//603 604//604 599//599
f 604//604 602//602 599//599
f 591//591 594//594 605//605
f 601//601 605//605 594//594
f 591//591 605//605 606//606
f 605//605 601//601 606//606
f 606//606 607//607 591//591
f 542//542 591//591 607//607
f 596//596 608//608 603//603
f 608//608 604//604 603//603
f 609//609 606//606 601//601
f 607//607 606//606 609//609
f 610//610 542//542 607//607
f 542//542 610//610 534//534
f 601//601 602//602 611//611
f 609//609 601//601 612//612
f 601//601 611//611 612//612
f 607//607 609//609 613//613
f 610//610 607//607 614//614
f 614//614 607//607 613//613
f 534//534 610//610 615//615
f 615//615 616//616 534//534
f 535//535 534//534 616//616
f 611//611 602//602 617//617
f 611//611 618//618 612//612
f 611//611 617//617 618//618
f 619//619 609//609 612//612
f 613//613 609//609 620//620
f 609//609 619//619 620//620
f 612//612 621//621 619//619
f 618//618 621//621 612//612
f 619//619 622//622 620//620
f 622//622 619//619 621//621
f 620//620 623//623 613//613
f 620//620 622//622 624//624
f 624//624 623//623 620//620
f 623//623 625//625 613//613
f 625//625 614//614 613//613
f 618//618 626//626 621//621
f 627//627 622//622 621//621
f 627//627 621//621 626//626
f 628//628 618//618 617//617
f 626//626 618//618 628//628
f 629//629 626//626 628//628
f 628//628 617//617 629//629
f 624//624 622//622 630//630
f 622//622 627//627 630//630
f 631//631 624//624 630//630
f 626//626 629//629 632//632
f 626//626 632//632 627//627
f 630//630 627//627 633//633
f 633//633 631//631 630//630
f 631//631 633//633 634//634
f 631//631 634//634 635//635
f 631//631 635//635 636//636
f 637//637 633//633 627//627
f 627//627 632//632 637//637
f 634//634 633//633 637//637
f 634//634 637//637 638//638
f 632//632 639//639 637//637
f 629//629 639//639 632//632
f 637//637 639//639 638//638
f 624//624 631//631 640//640
f 641//641 631//631 636//636
f 640//640 631//631 641//641
f 640//640 641//641 636//636
f 640//640 642//642 624//624
f 624//624 642//642 623//623
f 643//643 640//640 636//636
f 640//640 643//643 642//642
f 623//623 642//642 644//644
f 625//625 623//623 644//644
f 644//644 645//645 625//625
f 642//642 645//645 644//644
f 614//614 625//625 645//645
f 642//642 643//643 646//646
f 645//645 642//642 646//646
f 643//643 647//647 646//646
f 648//648 647//647 643//643
f 643//643 636//636 648//648
f 645//645 649//649 614//614
f 610//610 614//614 649//649
f 645//645 646//646 650//650
f 645//645 650//650 649//649
f 647//647 650//650 646//646
f 649//649 651//651 610//610
f 651//651 649//649 650//650
f 651//651 615//615 610//610
f 651//651 650//650 652//652
f 615//615 651//651 652//652
f 650//650 647//647 652//652
f 615//615 652//652 653//653
f 647//647 653//653 652//652
f 653//653 616//616 615//615
f 648//648 636//636 654//654
f 654//654 636//636 635//635
f 616//616 653//653 655//655
f 653//653 647//647 656//656
f 656//656 655//655 653//653
f 616//616 655//655 657//657
f 616//616 657//657 535//535
f 658//658 535//535 657//657
f 659//659 647//647 648//648
f 648//648 654//654 660//660
f 659//659 648//648 660//660
f 659//659 660//660 661//661
f 647//647 662//662 656//656
f 659//659 662//662 647//647
f 656//656 662//662 663//663
f 663//663 662//662 659//659
f 656//656 663//663 655//655
f 660//660 654//654 664//664
f 664//664 654//654 635//635
f 659//659 665//665 663//663
f 665//665 659//659 661//661
f 666//666 665//665 661//661
f 663//663 665//665 667//667
f 667//667 655//655 663//663
f 667//667 665//665 666//666
f 668//668 660//660 664//664
f 660//660 668//668 661//661
f 655//655 667//667 669//669
f 657//657 655//655 669//669
f 669//669 667//667 670//670
f 657//657 669//669 670//670
f 666//666 670//670 667//667
f 671//671 664//664 635//635
f 664//664 671//671 668//668
f 657//657 670//670 672//672
f 672//672 658//658 657//657
f 668//668 671//671 673//673
f 668//668 674//674 661//661
f 674//674 668//668 673//673
f 673//673 671//671 675//675
f 635//635 675//675 671//671
f 673//673 676//676 674//674
f 673//673 675//675 676//676
f 670//670 677//677 672//672
f 670//670 666//666 678//678
f 670//670 678//678 677//677
f 672//672 679//679 658//658
f 672//672 677//677 679//679
f 661//661 674//674 680//680
f 674//674 676//676 681//681
f 674//674 681//681 680//680
f 676//676 675//675 682//682
f 676//676 682//682 681//681
f 683//683 666//666 661//661
f 661//661 680//680 683//683
f 682//682 675//675 684//684
f 684//684 675//675 635//635
f 635//635 685//685 684//684
f 635//635 634//634 685//685
f 683//683 686//686 666//666
f 687//687 683//683 680//680
f 687//687 686//686 683//683
f 686//686 687//687 688//688
f 688//688 687//687 689//689
f 689//689 687//687 680//680
f 681//681 689//689 680//680
f 666//666 686//686 690//690
f 678//678 666//666 690//690
f 691//691 690//690 686//686
f 691//691 678//678 690//690
f 692//692 686//686 688//688
f 691//691 686//686 692//692
f 678//678 691//691 693//693
f 677//677 678//678 693//693
f 693//693 691//691 694//694
f 694//694 691//691 692//692
f 677//677 693//693 695//695
f 695//695 693//693 694//694
f 677//677 695//695 696//696
f 697//697 696//696 695//695
f 679//679 677//677 696//696
f 694//694 698//698 695//695
f 697//697 695//695 698//698
f 698//698 694//694 699//699
f 699//699 697//697 698//698
f 694//694 692//692 700//700
f 694//694 700//700 699//699
f 700//700 692//692 701//701
f 692//692 688//688 701//701
f 696//696 702//702 679//679
f 696//696 703//703 702//702
f 702//702 658//658 679//679
f 704//704 696//696 697//697
f 703//703 696//696 704//704
f 699//699 700//700 705//705
f 700//700 701//701 705//705
f 702//702 706//706 658//658
f 703//703 706//706 702//702
f 658//658 706//706 707//707
f 703//703 707//707 706//706
f 658//658 707//707 708//708
f 658//658 708//708 535//535
f 703//703 709//709 707//707
f 707//707 709//709 708//708
f 710//710 708//708 709//709
f 710//710 709//709 711//711
f 709//709 712//712 711//711
f 709//709 703//703 712//712
f 703//703 704//704 713//713
f 713//713 712//712 703//703
f 712//712 714//714 711//711
f 714//714 712//712 713//713
f 713//713 704//704 715//715
f 697//697 715//715 704//704
f 716//716 714//714 713//713
f 711//711 714//714 716//716
f 713//713 715//715 717//717
f 713//713 717//717 716//716
f 708//708 718//718 535//535
f 719//719 708//708 710//710
f 719//719 718//718 708//708
f 718//718 720//720 535//535
f 718//718 721//721 720//720
f 722//722 721//721 718//718
f 718//718 719//719 722//722
f 720//720 533//533 535//535
f 533//533 720//720 723//723
f 721//721 723//723 720//720
f 533//533 723//723 538//538
f 723//723 721//721 538//538
f 710//710 724//724 719//719
f 719//719 724//724 722//722
f 710//710 725//725 724//724
f 726//726 722//722 724//724
f 726//726 724//724 725//725
f 727//727 726//726 725//725
f 727//727 728//728 726//726
f 727//727 725//725 729//729
f 721//721 722//722 730//730
f 726//726 731//731 722//722
f 731//731 730//730 722//722
f 726//726 732//732 731//731
f 726//726 728//728 733//733
f 732//732 726//726 733//733
f 733//733 728//728 734//734
f 733//733 734//734 732//732
f 731//731 735//735 730//730
f 732//732 735//735 731//731
f 725//725 710//710 736//736
f 710//710 737//737 736//736
f 737//737 710//710 711//711
f 736//736 737//737 711//711
f 738//738 725//725 736//736
f 739//739 736//736 711//711
f 738//738 736//736 739//739
f 740//740 725//725 738//738
f 740//740 729//729 725//725
f 740//740 738//738 741//741
f 741//741 729//729 740//740
f 741//741 738//738 739//739
f 742//742 739//739 711//711
f 742//742 711//711 716//716
f 716//716 743//743 742//742
f 744//744 742//742 743//743
f 743//743 745//745 744//744
f 739//739 742//742 746//746
f 741//741 739//739 746//746
f 746//746 742//742 744//744
f 747//747 729//729 741//741
f 747//747 727//727 729//729
f 748//748 741//741 746//746
f 747//747 741//741 748//748
f 749//749 748//748 746//746
f 746//746 744//744 749//749
f 750//750 748//748 749//749
f 747//747 748//748 750//750
f 743//743 716//716 751//751
f 751//751 716//716 717//717
f 749//749 744//744 752//752
f 752//752 750//750 749//749
f 717//717 753//753 751//751
f 753//753 717//717 715//715
f 727//727 747//747 754//754
f 727//727 754//754 755//755
f 755//755 754//754 756//756
f 747//747 757//757 754//754
f 757//757 747//747 750//750
f 758//758 754//754 757//757
f 758//758 757//757 750//750
f 758//758 756//756 754//754
f 752//752 759//759 750//750
f 750//750 759//759 758//758
f 759//759 752//752 760//760
f 760//760 761//761 759//759
f 759//759 761//761 758//758
f 762//762 758//758 761//761
f 762//762 756//756 758//758
f 760//760 762//762 761//761
f 763//763 760//760 752//752
f 744//744 763//763 752//752
f 764//764 763//763 744//744
f 763//763 764//764 760//760
f 744//744 745//745 764//764
f 745//745 760//760 764//764
f 760//760 765//765 762//762
f 760//760 745//745 766//766
f 765//765 760//760 766//766
f 762//762 765//765 767//767
f 767//767 768//768 762//762
f 756//756 762//762 768//768
f 767//767 765//765 769//769
f 770//770 767//767 769//769
f 770//770 769//769 771//771
f 771//771 767//767 770//770
f 772//772 769//769 765//765
f 766//766 772//772 765//765
f 771//771 769//769 772//772
f 766//766 745//745 773//773
f 773//773 772//772 766//766
f 771//771 772//772 774//774
f 773//773 775//775 772//772
f 775//775 774//774 772//772
f 773//773 745//745 776//776
f 775//775 773//773 777//777
f 776//776 777//777 773//773
f 776//776 745//745 778//778
f 745//745 743//743 778//778
f 778//778 779//779 776//776
f 776//776 779//779 777//777
f 743//743 780//780 778//778
f 780//780 779//779 778//778
f 780//780 781//781 779//779
f 743//743 782//782 780//780
f 782//782 781//781 780//780
f 743//743 751//751 782//782
f 777//777 779//779 783//783
f 779//779 781//781 783//783
f 751//751 784//784 782//782
f 751//751 753//753 784//784
f 777//777 785//785 775//775
f 783//783 785//785 777//777
f 786//786 775//775 785//785
f 783//783 787//787 785//785
f 786//786 785//785 787//787
f 788//788 783//783 781//781
f 787//787 783//783 788//788
f 789//789 788//788 781//781
f 782//782 790//790 781//781
f 790//790 782//782 784//784
f 790//790 791//791 781//781
f 791//791 789//789 781//781
f 791//791 790//790 792//792
f 784//784 792//792 790//790
f 786//786 793//793 775//775
f 793//793 774//774 775//775
f 794//794 787//787 788//788
f 788//788 789//789 794//794
f 794//794 795//795 787//787
f 789//789 795//795 794//794
f 792//792 796//796 791//791
f 789//789 791//791 796//796
f 796//796 797//797 789//789
f 796//796 798//798 797//797
f 798//798 799//799 797//797
f 786//786 800//800 793//793
f 800//800 774//774 793//793
f 789//789 801//801 795//795
f 797//797 801//801 789//789
f 796//796 792//792 802//802
f 802//802 798//798 796//796
f 801//801 803//803 795//795
f 797//797 803//803 801//801
f 792//792 804//804 802//802
f 805//805 804//804 792//792
f 784//784 805//805 792//792
f 806//806 802//802 804//804
f 798//798 802//802 806//806
f 805//805 806//806 804//804
f 807//807 805//805 784//784
f 753//753 807//807 784//784
f 807//807 808//808 805//805
f 805//805 808//808 806//806
f 809//809 807//807 753//753
f 809//809 808//808 807//807
f 753//753 715//715 809//809
f 810//810 809//809 715//715
f 809//809 810//810 808//808
f 715//715 697//697 810//810
f 811//811 806//806 808//808
f 808//808 810//810 811//811
f 810//810 697//697 812//812
f 810//810 812//812 811//811
f 697//697 699//699 812//812
f 812//812 699//699 813//813
f 813//813 811//811 812//812
f 813//813 699//699 705//705
f 814//814 806//806 811//811
f 814//814 811//811 813//813
f 813//813 705//705 814//814
f 798//798 806//806 814//814
f 705//705 815//815 814//814
f 815//815 705//705 701//701
f 814//814 815//815 816//816
f 816//816 798//798 814//814
f 815//815 701//701 817//817
f 815//815 817//817 816//816
f 817//817 701//701 688//688
f 818//818 798//798 816//816
f 819//819 798//798 818//818
f 819//819 799//799 798//798
f 816//816 817//817 820//820
f 817//817 688//688 821//821
f 817//817 821//821 820//820
f 816//816 820//820 822//822
f 822//822 818//818 816//816
f 820//820 823//823 822//822
f 823//823 818//818 822//822
f 821//821 823//823 820//820
f 818//818 823//823 824//824
f 824//824 819//819 818//818
f 821//821 825//825 823//823
f 825//825 824//824 823//823
f 819//819 826//826 799//799
f 819//819 824//824 827//827
f 827//827 826//826 819//819
f 826//826 828//828 799//799
f 799//799 828//828 797//797
f 829//829 826//826 827//827
f 826//826 829//829 828//828
f 830//830 827//827 824//824
f 827//827 831//831 829//829
f 830//830 831//831 827//827
f 831//831 830//830 832//832
f 831//831 832//832 833//833
f 829//829 831//831 834//834
f 828//828 829//829 834//834
f 831//831 833//833 834//834
f 835//835 830//830 824//824
f 835//835 824//824 825//825
f 836//836 828//828 834//834
f 797//797 828//828 836//836
f 830//830 835//835 837//837
f 830//830 837//837 832//832
f 833//833 838//838 834//834
f 838//838 836//836 834//834
f 839//839 835//835 825//825
f 835//835 839//839 837//837
f 797//797 836//836 840//840
f 838//838 841//841 836//836
f 836//836 841//841 840//840
f 842//842 797//797 840//840
f 803//803 797//797 842//842
f 840//840 841//841 843//843
f 840//840 843//843 842//842
f 803//803 842//842 844//844
f 842//842 843//843 844//844
f 803//803 844//844 845//845
f 803//803 845//845 795//795
f 846//846 841//841 838//838
f 843//843 841//841 846//846
f 844//844 843//843 847//847
f 847//847 845//845 844//844
f 848//848 843//843 846//846
f 848//848 847//847 843//843
f 845//845 849//849 795//795
f 847//847 850//850 845//845
f 845//845 850//850 849//849
f 849//849 850//850 851//851
f 848//848 852//852 847//847
f 850//850 847//847 852//852
f 853//853 850//850 852//852
f 854//854 852//852 848//848
f 848//848 846//846 854//854
f 854//854 853//853 852//852
f 838//838 855//855 846//846
f 846//846 855//855 854//854
f 849//849 856//856 795//795
f 795//795 856//856 787//787
f 849//849 857//857 856//856
f 849//849 851//851 857//857
f 856//856 858//858 787//787
f 858//858 856//856 857//857
f 858//858 786//786 787//787
f 859//859 858//858 857//857
f 858//858 859//859 786//786
f 857//857 851//851 859//859
f 854//854 860//860 853//853
f 854//854 855//855 860//860
f 861//861 855//855 838//838
f 833//833 861//861 838//838
f 862//862 861//861 833//833
f 862//862 863//863 861//861
f 864//864 855//855 861//861
f 863//863 864//864 861//861
f 865//865 860//860 855//855
f 855//855 864//864 865//865
f 860//860 865//865 866//866
f 860//860 866//866 853//853
f 867//867 853//853 866//866
f 867//867 866//866 868//868
f 865//865 868//868 866//866
f 868//868 865//865 864//864
f 869//869 864//864 863//863
f 869//869 863//863 862//862
f 868//868 864//864 870//870
f 870//870 867//867 868//868
f 870//870 864//864 869//869
f 871//871 862//862 833//833
f 872//872 871//871 833//833
f 832//832 872//872 833//833
f 871//871 872//872 873//873
f 873//873 862//862 871//871
f 872//872 832//832 873//873
f 832//832 874//874 873//873
f 874//874 862//862 873//873
f 832//832 875//875 874//874
f 832//832 837//837 875//875
f 875//875 837//837 876//876
f 877//877 875//875 876//876
f 874//874 875//875 877//877
f 878//878 876//876 837//837
f 878//878 837//837 839//839
f 862//862 879//879 869//869
f 862//862 874//874 880//880
f 879//879 862//862 880//880
f 879//879 881//881 869//869
f 870//870 869//869 881//881
f 878//878 839//839 882//882
f 878//878 883//883 876//876
f 882//882 883//883 878//878
f 884//884 882//882 839//839
f 884//884 839//839 825//825
f 885//885 883//883 882//882
f 885//885 882//882 884//884
f 825//825 886//886 884//884
f 821//821 886//886 825//825
f 821//821 887//887 886//886
f 688//688 887//887 821//821
f 884//884 886//886 888//888
f 888//888 886//886 887//887
f 688//688 889//889 887//887
f 887//887 889//889 888//888
f 889//889 688//688 689//689
f 888//888 889//889 689//689
f 884//884 888//888 890//890
f 885//885 884//884 890//890
f 891//891 888//888 689//689
f 888//888 891//891 890//890
f 681//681 891//891 689//689
f 681//681 892//892 891//891
f 891//891 892//892 890//890
f 681//681 682//682 892//892
f 885//885 890//890 893//893
f 890//890 892//892 893//893
f 682//682 894//894 892//892
f 892//892 894//894 893//893
f 894//894 682//682 684//684
f 894//894 684//684 895//895
f 894//894 895//895 893//893
f 885//885 893//893 896//896
f 896//896 883//883 885//885
f 684//684 897//897 895//895
f 684//684 685//685 897//897
f 893//893 895//895 898//898
f 893//893 898//898 896//896
f 895//895 899//899 898//898
f 900//900 895//895 897//897
f 895//895 900//900 899//899
f 901//901 896//896 898//898
f 899//899 901//901 898//898
f 896//896 902//902 883//883
f 903//903 896//896 901//901
f 903//903 902//902 896//896
f 902//902 904//904 883//883
f 883//883 904//904 876//876
f 904//904 902//902 905//905
f 902//902 903//903 905//905
f 904//904 905//905 876//876
f 905//905 906//906 876//876
f 901//901 907//907 903//903
f 908//908 907//907 901//901
f 899//899 907//907 908//908
f 899//899 908//908 901//901
f 903//903 909//909 905//905
f 909//909 906//906 905//905
f 909//909 903//903 907//907
f 910//910 899//899 900//900
f 910//910 907//907 899//899
f 911//911 910//910 900//900
f 911//911 900//900 897//897
f 906//906 912//912 876//876
f 876//876 912//912 877//877
f 912//912 913//913 877//877
f 913//913 874//874 877//877
f 914//914 913//913 912//912
f 914//914 912//912 906//906
f 913//913 915//915 874//874
f 914//914 915//915 913//913
f 874//874 915//915 916//916
f 874//874 916//916 880//880
f 914//914 917//917 915//915
f 917//917 916//916 915//915
f 916//916 917//917 918//918
f 919//919 880//880 916//916
f 918//918 919//919 916//916
f 906//906 920//920 914//914
f 914//914 920//920 917//917
f 880//880 919//919 921//921
f 879//879 880//880 921//921
f 921//921 922//922 879//879
f 922//922 881//881 879//879
f 921//921 919//919 923//923
f 923//923 922//922 921//921
f 919//919 918//918 924//924
f 919//919 924//924 923//923
f 923//923 925//925 922//922
f 922//922 925//925 881//881
f 923//923 924//924 926//926
f 925//925 923//923 926//926
f 906//906 927//927 920//920
f 928//928 920//920 927//927
f 927//927 906//906 929//929
f 929//929 906//906 909//909
f 930//930 928//928 927//927
f 929//929 930//930 927//927
f 929//929 909//909 931//931
f 929//929 932//932 930//930
f 932//932 929//929 931//931
f 933//933 931//931 909//909
f 932//932 931//931 933//933
f 933//933 909//909 907//907
f 934//934 930//930 932//932
f 930//930 934//934 928//928
f 932//932 935//935 934//934
f 935//935 932//932 933//933
f 934//934 936//936 928//928
f 936//936 934//934 935//935
f 920//920 928//928 937//937
f 937//937 938//938 920//920
f 920//920 938//938 917//917
f 939//939 917//917 938//938
f 937//937 939//939 938//938
f 917//917 939//939 918//918
f 928//928 940//940 937//937
f 940//940 939//939 937//937
f 936//936 941//941 928//928
f 940//940 928//928 941//941
f 942//942 939//939 940//940
f 942//942 918//918 939//939
f 943//943 940//940 941//941
f 942//942 940//940 943//943
f 944//944 935//935 933//933
f 933//933 945//945 944//944
f 907//907 945//945 933//933
f 935//935 946//946 936//936
f 936//936 947//947 941//941
f 947//947 936//936 946//946
f 948//948 947//947 946//946
f 948//948 949//949 947//947
f 948//948 950//950 949//949
f 946//946 935//935 951//951
f 944//944 951//951 935//935
f 952//952 951//951 944//944
f 941//941 947//947 953//953
f 949//949 953//953 947//947
f 941//941 953//953 954//954
f 953//953 949//949 954//954
f 954//954 943//943 941//941
f 955//955 948//948 946//946
f 951//951 955//955 946//946
f 954//954 949//949 956//956
f 943//943 954//954 957//957
f 956//956 957//957 954//954
f 949//949 950//950 958//958
f 956//956 949//949 958//958
f 959//959 956//956 958//958
f 958//958 950//950 959//959
f 960//960 943//943 957//957
f 960//960 957//957 961//961
f 942//942 943//943 960//960
f 956//956 962//962 957//957
f 959//959 962//962 956//956
f 962//962 961//961 957//957
f 959//959 961//961 962//962
f 963//963 955//955 951//951
f 951//951 964//964 963//963
f 951//951 952//952 964//964
f 963//963 964//964 965//965
f 965//965 964//964 952//952
f 963//963 966//966 955//955
f 966//966 948//948 955//955
f 966//966 963//963 967//967
f 967//967 963//963 965//965
f 967//967 948//948 966//966
f 968//968 948//948 967//967
f 965//965 969//969 967//967
f 969//969 968//968 967//967
f 970//970 969//969 965//965
f 969//969 970//970 971//971
f 968//968 972//972 948//948
f 950//950 948//948 972//972
f 968//968 973//973 972//972
f 968//968 969//969 973//973
f 950//950 972//972 973//973
f 974//974 973//973 969//969
f 974//974 969//969 971//971
f 975//975 950//950 973//973
f 975//975 973//973 974//974
f 976//976 975//975 974//974
f 977//977 974//974 971//971
f 977//977 976//976 974//974
f 971//971 976//976 977//977
f 978//978 950//950 975//975
f 979//979 978//978 975//975
f 978//978 959//959 950//950
f 978//978 980//980 959//959
f 979//979 980//980 978//978
f 961//961 959//959 980//980
f 976//976 981//981 975//975
f 979//979 975//975 981//981
f 976//976 982//982 981//981
f 979//979 981//981 982//982
f 976//976 971//971 983//983
f 984//984 982//982 976//976
f 983//983 984//984 976//976
f 983//983 971//971 985//985
f 983//983 986//986 984//984
f 985//985 986//986 983//983
f 987//987 982//982 984//984
f 987//987 984//984 986//986
f 982//982 988//988 979//979
f 988//988 982//982 987//987
f 989//989 985//985 971//971
f 970//970 989//989 971//971
f 990//990 980//980 979//979
f 979//979 988//988 991//991
f 979//979 991//991 990//990
f 987//987 992//992 988//988
f 991//991 988//988 992//992
f 986//986 993//993 987//987
f 993//993 992//992 987//987
f 994//994 986//986 985//985
f 986//986 994//994 993//993
f 989//989 995//995 985//985
f 985//985 995//995 994//994
f 996//996 980//980 990//990
f 961//961 980//980 996//996
f 991//991 992//992 997//997
f 997//997 998//998 991//991
f 990//990 991//991 998//998
f 998//998 996//996 990//990
f 997//997 992//992 999//999
f 992//992 993//993 1000//1000
f 994//994 1000//1000 993//993
f 1000//1000 999//999 992//992
f 961//961 996//996 1001//1001
f 996//996 998//998 1001//1001
f 995//995 989//989 1002//1002
f 1003//1003 995//995 1002//1002
f 970//970 1002//1002 989//989
f 1004//1004 994//994 995//995
f 1004//1004 1000//1000 994//994
f 1004//1004 995//995 1003//1003
f 1000//1000 1004//1004 1005//1005
f 1003//1003 1005//1005 1004//1004
f 999//999 1000//1000 1006//1006
f 1005//1005 1006//1006 1000//1000
f 1005//1005 1007//1007 1006//1006
f 1007//1007 1008//1008 1006//1006
f 1008//1008 999//999 1006//1006
f 1009//1009 1001//1001 998//998
f 1009//1009 998//998 997//997
f 1002//1002 1010//1010 1003//1003
f 1010//1010 1011//1011 1003//1003
f 1012//1012 1011//1011 1010//1010
f 1013//1013 1003//1003 1011//1011
f 970//970 1010//1010 1002//1002
f 1012//1012 1010//1010 970//970
f 1005//1005 1003//1003 1014//1014
f 1003//1003 1013//1013 1014//1014
f 1014//1014 1015//1015 1005//1005
f 1014//1014 1013//1013 1015//1015
f 1007//1007 1005//1005 1015//1015
f 1011//1011 1012//1012 1016//1016
f 1016//1016 1017//1017 1011//1011
f 1016//1016 1012//1012 1017//1017
f 1017//1017 1018//1018 1011//1011
f 1013//1013 1011//1011 1019//1019
f 1018//1018 1019//1019 1011//1011
f 1013//1013 1019//1019 1020//1020
f 1019//1019 1018//1018 1020//1020
f 1013//1013 1021//1021 1015//1015
f 1022//1022 1013//1013 1020//1020
f 1013//1013 1022//1022 1021//1021
f 1021//1021 1023//1023 1015//1015
f 1007//1007 1015//1015 1023//1023
f 1024//1024 1020//1020 1018//1018
f 1020//1020 1024//1024 1022//1022
f 1022//1022 1025//1025 1021//1021
f 1025//1025 1023//1023 1021//1021
f 1022//1022 1024//1024 1026//1026
f 1025//1025 1022//1022 1026//1026
f 1017//1017 1012//1012 1027//1027
f 1018//1018 1017//1017 1028//1028
f 1028//1028 1017//1017 1027//1027
f 1007//1007 1023//1023 1029//1029
f 1030//1030 1023//1023 1025//1025
f 1023//1023 1030//1030 1029//1029
f 1031//1031 1024//1024 1018//1018
f 1018//1018 1028//1028 1032//1032
f 1031//1031 1018//1018 1032//1032
f 1033//1033 1032//1032 1028//1028
f 1028//1028 1027//1027 1034//1034
f 1033//1033 1028//1028 1034//1034
f 1033//1033 1035//1035 1032//1032
f 1032//1032 1035//1035 1031//1031
f 1036//1036 1033//1033 1034//1034
f 1035//1035 1033//1033 1036//1036
f 1025//1025 1037//1037 1030//1030
f 1037//1037 1025//1025 1038//1038
f 1038//1038 1025//1025 1026//1026
f 1039//1039 1030//1030 1037//1037
f 1037//1037 1038//1038 1040//1040
f 1040//1040 1039//1039 1037//1037
f 1040//1040 1041//1041 1039//1039
f 1042//1042 1030//1030 1039//1039
f 1042//1042 1039//1039 1041//1041
f 1042//1042 1029//1029 1030//1030
f 1043//1043 1042//1042 1041//1041
f 1043//1043 1029//1029 1042//1042
f 1031//1031 1035//1035 1044//1044
f 1045//1045 1035//1035 1036//1036
f 1045//1045 1044//1044 1035//1035
f 1045//1045 1036//1036 1046//1046
f 1046//1046 1044//1044 1045//1045
f 1046//1046 1036//1036 1047//1047
f 1036//1036 1034//1034 1047//1047
f 1043//1043 1048//1048 1029//1029
f 1049//1049 1029//1029 1048//1048
f 1029//1029 1049//1049 1007//1007
f 1050//1050 1031//1031 1044//1044
f 1051//1051 1031//1031 1050//1050
f 1024//1024 1031//1031 1051//1051
f 1052//1052 1024//1024 1051//1051
f 1024//1024 1052//1052 1026//1026
f 1053//1053 1026//1026 1052//1052
f 1054//1054 1052//1052 1051//1051
f 1051//1051 1050//1050 1054//1054
f 1052//1052 1054//1054 1053//1053
f 1050//1050 1055//1055 1054//1054
f 1054//1054 1055//1055 1053//1053
f 1044//1044 1056//1056 1050//1050
f 1056//1056 1055//1055 1050//1050
f 1057//1057 1056//1056 1044//1044
f 1046//1046 1057//1057 1044//1044
f 1056//1056 1058//1058 1055//1055
f 1057//1057 1058//1058 1056//1056
f 1053//1053 1059//1059 1026//1026
f 1038//1038 1026//1026 1059//1059
f 1059//1059 1060//1060 1038//1038
f 1053//1053 1060//1060 1059//1059
f 1053//1053 1061//1061 1060//1060
f 1062//1062 1061//1061 1053//1053
f 1062//1062 1053//1053 1055//1055
f 1058//1058 1062//1062 1055//1055
f 1038//1038 1060//1060 1040//1040
f 1040//1040 1060//1060 1061//1061
f 1061//1061 1063//1063 1040//1040
f 1041//1041 1040//1040 1063//1063
f 1057//1057 1046//1046 1064//1064
f 1065//1065 1058//1058 1057//1057
f 1057//1057 1064//1064 1065//1065
f 1066//1066 1058//1058 1065//1065
f 1067//1067 1062//1062 1058//1058
f 1067//1067 1058//1058 1066//1066
f 1068//1068 1064//1064 1046//1046
f 1068//1068 1046//1046 1047//1047
f 1064//1064 1069//1069 1065//1065
f 1069//1069 1066//1066 1065//1065
f 1064//1064 1068//1068 1069//1069
f 1069//1069 1068//1068 1070//1070
f 1068//1068 1047//1047 1071//1071
f 1071//1071 1070//1070 1068//1068
f 1062//1062 1067//1067 1072//1072
f 1072//1072 1061//1061 1062//1062
f 1061//1061 1072//1072 1073//1073
f 1066//1066 1069//1069 1074//1074
f 1069//1069 1070//1070 1074//1074
f 1075//1075 1071//1071 1047//1047
f 1034//1034 1075//1075 1047//1047
f 1076//1076 1071//1071 1075//1075
f 1077//1077 1071//1071 1076//1076
f 1070//1070 1071//1071 1077//1077
f 1078//1078 1076//1076 1075//1075
f 1078//1078 1075//1075 1034//1034
f 1027//1027 1078//1078 1034//1034
f 1076//1076 1078//1078 1027//1027
f 1072//1072 1079//1079 1073//1073
f 1067//1067 1079//1079 1072//1072
f 1027//1027 1080//1080 1076//1076
f 1080//1080 1027//1027 1012//1012
f 1080//1080 1012//1012 1081//1081
f 970//970 1081//1081 1012//1012
f 1082//1082 1081//1081 970//970
f 1082//1082 970//970 965//965
f 1083//1083 1082//1082 965//965
f 1083//1083 965//965 1084//1084
f 965//965 952//952 1084//1084
f 1085//1085 1079//1079 1067//1067
f 1073//1073 1079//1079 1086//1086
f 1085//1085 1086//1086 1079//1079
f 1087//1087 1085//1085 1067//1067
f 1067//1067 1066//1066 1087//1087
f 1066//1066 1088//1088 1087//1087
f 1085//1085 1089//1089 1086//1086
f 1089//1089 1085//1085 1087//1087
f 1066//1066 1090//1090 1088//1088
f 1066//1066 1074//1074 1090//1090
f 1074//1074 1088//1088 1090//1090
f 1074//1074 1091//1091 1088//1088
f 1092//1092 1073//1073 1086//1086
f 1092//1092 1086//1086 1089//1089
f 1074//1074 1093//1093 1091//1091
f 1070//1070 1093//1093 1074//1074
f 1070//1070 1094//1094 1093//1093
f 1093//1093 1094//1094 1091//1091
f 1095//1095 1091//1091 1094//1094
f 1096//1096 1094//1094 1070//1070
f 1096//1096 1070//1070 1077//1077
f 1094//1094 1096//1096 1097//1097
f 1098//1098 1096//1096 1077//1077
f 1098//1098 1097//1097 1096//1096
f 1099//1099 1094//1094 1097//1097
f 1099//1099 1095//1095 1094//1094
f 1098//1098 1077//1077 1100//1100
f 1100//1100 1077//1077 1076//1076
f 1101//1101 1097//1097 1098//1098
f 1099//1099 1097//1097 1101//1101
f 1102//1102 1091//1091 1095//1095
f 1091//1091 1102//1102 1103//1103
f 1103//1103 1102//1102 1095//1095
f 1095//1095 1104//1104 1103//1103
f 1103//1103 1104//1104 1105//1105
f 1091//1091 1103//1103 1105//1105
f 1088//1088 1091//1091 1105//1105
f 1095//1095 1099//1099 1106//1106
f 1107//1107 1099//1099 1101//1101
f 1107//1107 1106//1106 1099//1099
f 1095//1095 1108//1108 1104//1104
f 1095//1095 1106//1106 1108//1108
f 1108//1108 1106//1106 1109//1109
f 1107//1107 1110//1110 1106//1106
f 1107//1107 1101//1101 1110//1110
f 1111//1111 1109//1109 1106//1106
f 1111//1111 1106//1106 1110//1110
f 1088//1088 1105//1105 1112//1112
f 1105//1105 1104//1104 1113//1113
f 1105//1105 1113//1113 1112//1112
f 1112//1112 1114//1114 1088//1088
f 1088//1088 1114//1114 1087//1087
f 1113//1113 1115//1115 1112//1112
f 1114//1114 1112//1112 1115//1115
f 1087//1087 1114//1114 1116//1116
f 1089//1089 1087//1087 1116//1116
f 1117//1117 1116//1116 1114//1114
f 1118//1118 1089//1089 1116//1116
f 1118//1118 1116//1116 1117//1117
f 1119//1119 1089//1089 1118//1118
f 1119//1119 1092//1092 1089//1089
f 1120//1120 1114//1114 1115//1115
f 1114//1114 1120//1120 1117//1117
f 1121//1121 1118//1118 1117//1117
f 1121//1121 1119//1119 1118//1118
f 1122//1122 1117//1117 1120//1120
f 1117//1117 1122//1122 1121//1121
f 1122//1122 1123//1123 1121//1121
f 1119//1119 1121//1121 1124//1124
f 1123//1123 1124//1124 1121//1121
f 1113//1113 1125//1125 1115//1115
f 1120//1120 1115//1115 1126//1126
f 1115//1115 1125//1125 1126//1126
f 1122//1122 1120//1120 1127//1127
f 1127//1127 1120//1120 1126//1126
f 1123//1123 1122//1122 1128//1128
f 1128//1128 1122//1122 1127//1127
f 1129//1129 1127//1127 1126//1126
f 1125//1125 1129//1129 1126//1126
f 1130//1130 1129//1129 1125//1125
f 1130//1130 1131//1131 1129//1129
f 1132//1132 1131//1131 1130//1130
f 1133//1133 1132//1132 1130//1130
f 1130//1130 1134//1134 1133//1133
f 1127//1127 1129//1129 1135//1135
f 1127//1127 1135//1135 1128//1128
f 1131//1131 1135//1135 1129//1129
f 1136//1136 1125//1125 1113//1113
f 1136//1136 1113//1113 1104//1104
f 1137//1137 1125//1125 1136//1136
f 1130//1130 1125//1125 1137//1137
f 1137//1137 1136//1136 1104//1104
f 1138//1138 1128//1128 1135//1135
f 1123//1123 1128//1128 1138//1138
f 1132//1132 1133//1133 1139//1139
f 1139//1139 1133//1133 1134//1134
f 1140//1140 1135//1135 1131//1131
f 1135//1135 1140//1140 1138//1138
f 1134//1134 1130//1130 1141//1141
f 1130//1130 1137//1137 1142//1142
f 1142//1142 1141//1141 1130//1130
f 1142//1142 1137//1137 1143//1143
f 1141//1141 1142//1142 1143//1143
f 1104//1104 1144//1144 1137//1137
f 1143//1143 1137//1137 1144//1144
f 1143//1143 1145//1145 1141//1141
f 1141//1141 1145//1145 1134//1134
f 1144//1144 1104//1104 1146//1146
f 1104//1104 1108//1108 1146//1146
f 1143//1143 1144//1144 1147//1147
f 1145//1145 1143//1143 1147//1147
f 1148//1148 1144//1144 1146//1146
f 1147//1147 1144//1144 1148//1148
f 1149//1149 1146//1146 1108//1108
f 1150//1150 1146//1146 1149//1149
f 1148//1148 1146//1146 1150//1150
f 1108//1108 1151//1151 1149//1149
f 1150//1150 1149//1149 1151//1151
f 1150//1150 1151//1151 1152//1152
f 1109//1109 1151//1151 1108//1108
f 1151//1151 1109//1109 1152//1152
f 1148//1148 1150//1150 1153//1153
f 1153//1153 1150//1150 1152//1152
f 1148//1148 1153//1153 1154//1154
f 1147//1147 1148//1148 1155//1155
f 1155//1155 1148//1148 1154//1154
f 1156//1156 1155//1155 1154//1154
f 1155//1155 1157//1157 1147//1147
f 1156//1156 1157//1157 1155//1155
f 1145//1145 1147//1147 1157//1157
f 1158//1158 1145//1145 1157//1157
f 1158//1158 1157//1157 1156//1156
f 1159//1159 1158//1158 1156//1156
f 1160//1160 1158//1158 1159//1159
f 1134//1134 1145//1145 1158//1158
f 1160//1160 1134//1134 1158//1158
f 1160//1160 1161//1161 1134//1134
f 1161//1161 1139//1139 1134//1134
f 1162//1162 1139//1139 1161//1161
f 1163//1163 1161//1161 1160//1160
f 1163//1163 1162//1162 1161//1161
f 1164//1164 1162//1162 1163//1163
f 1162//1162 1165//1165 1139//1139
f 1162//1162 1164//1164 1165//1165
f 1132//1132 1139//1139 1165//1165
f 1160//1160 1166//1166 1163//1163
f 1164//1164 1163//1163 1166//1166
f 1132//1132 1165//1165 1167//1167
f 1167//1167 1165//1165 1164//1164
f 1159//1159 1168//1168 1160//1160
f 1169//1169 1166//1166 1160//1160
f 1169//1169 1160//1160 1168//1168
f 1167//1167 1170//1170 1132//1132
f 1167//1167 1164//1164 1171//1171
f 1167//1167 1171//1171 1170//1170
f 1172//1172 1164//1164 1166//1166
f 1166//1166 1169//1169 1173//1173
f 1173//1173 1172//1172 1166//1166
f 1173//1173 1174//1174 1172//1172
f 1175//1175 1174//1174 1173//1173
f 1176//1176 1173//1173 1169//1169
f 1175//1175 1173//1173 1176//1176
f 1169//1169 1168//1168 1177//1177
f 1169//1169 1177//1177 1176//1176
f 1164//1164 1178//1178 1171//1171
f 1164//1164 1172//1172 1178//1178
f 1179//1179 1178//1178 1172//1172
f 1178//1178 1179//1179 1171//1171
f 1174//1174 1180//1180 1172//1172
f 1180//1180 1179//1179 1172//1172
f 1181//1181 1180//1180 1174//1174
f 1182//1182 1179//1179 1180//1180
f 1182//1182 1180//1180 1181//1181
f 1182//1182 1183//1183 1179//1179
f 1179//1179 1183//1183 1171//1171
f 1181//1181 1183//1183 1182//1182
f 1184//1184 1171//1171 1183//1183
f 1184//1184 1170//1170 1171//1171
f 1183//1183 1185//1185 1184//1184
f 1170//1170 1184//1184 1185//1185
f 1186//1186 1170//1170 1185//1185
f 1183//1183 1181//1181 1187//1187
f 1187//1187 1185//1185 1183//1183
f 1187//1187 1181//1181 1188//1188
f 1187//1187 1188//1188 1189//1189
f 1189//1189 1188//1188 1190//1190
f 1190//1190 1191//1191 1189//1189
f 1192//1192 1187//1187 1189//1189
f 1189//1189 1191//1191 1192//1192
f 1192//1192 1185//1185 1187//1187
f 1192//1192 1191//1191 1190//1190
f 1185//1185 1192//1192 1193//1193
f 1193//1193 1186//1186 1185//1185
f 1192//1192 1194//1194 1193//1193
f 1190//1190 1194//1194 1192//1192
f 1193//1193 1194//1194 1186//1186
f 1170//1170 1186//1186 1195//1195
f 1170//1170 1195//1195 1132//1132
f 1196//1196 1132//1132 1195//1195
f 1196//1196 1131//1131 1132//1132
f 1181//1181 1197//1197 1188//1188
f 1181//1181 1198//1198 1197//1197
f 1174//1174 1198//1198 1181//1181
f 1188//1188 1197//1197 1199//1199
f 1198//1198 1199//1199 1197//1197
f 1190//1190 1200//1200 1194//1194
f 1186//1186 1194//1194 1201//1201
f 1201//1201 1194//1194 1200//1200
f 1202//1202 1195//1195 1186//1186
f 1201//1201 1203//1203 1186//1186
f 1202//1202 1186//1186 1203//1203
f 1203//1203 1204//1204 1202//1202
f 1195//1195 1202//1202 1205//1205
f 1204//1204 1205//1205 1202//1202
f 1196//1196 1195//1195 1205//1205
f 1206//1206 1201//1201 1200//1200
f 1203//1203 1201//1201 1206//1206
f 1203//1203 1206//1206 1207//1207
f 1206//1206 1200//1200 1208//1208
f 1206//1206 1208//1208 1207//1207
f 1208//1208 1200//1200 1209//1209
f 1209//1209 1200//1200 1190//1190
f 1208//1208 1210//1210 1207//1207
f 1209//1209 1210//1210 1208//1208
f 1211//1211 1210//1210 1209//1209
f 1210//1210 1212//1212 1207//1207
f 1190//1190 1213//1213 1209//1209
f 1211//1211 1209//1209 1213//1213
f 1214//1214 1213//1213 1190//1190
f 1190//1190 1188//1188 1214//1214
f 1215//1215 1203//1203 1207//1207
f 1204//1204 1203//1203 1215//1215
f 1211//1211 1213//1213 1216//1216
f 1213//1213 1214//1214 1216//1216
f 1212//1212 1217//1217 1207//1207
f 1207//1207 1218//1218 1215//1215
f 1207//1207 1217//1217 1218//1218
f 1212//1212 1219//1219 1217//1217
f 1219//1219 1212//1212 1210//1210
f 1215//1215 1220//1220 1204//1204
f 1220//1220 1215//1215 1218//1218
f 1217//1217 1221//1221 1218//1218
f 1217//1217 1219//1219 1221//1221
f 1222//1222 1220//1220 1218//1218
f 1218//1218 1221//1221 1222//1222
f 1211//1211 1223//1223 1210//1210
f 1216//1216 1224//1224 1211//1211
f 1224//1224 1223//1223 1211//1211
f 1225//1225 1223//1223 1224//1224
f 1224//1224 1226//1226 1225//1225
f 1216//1216 1226//1226 1224//1224
f 1227//1227 1226//1226 1216//1216
f 1227//1227 1216//1216 1214//1214
f 1226//1226 1227//1227 1228//1228
f 1225//1225 1226//1226 1228//1228
f 1229//1229 1227//1227 1214//1214
f 1229//1229 1228//1228 1227//1227
f 1229//1229 1214//1214 1188//1188
f 1230//1230 1229//1229 1188//1188
f 1230//1230 1228//1228 1229//1229
f 1199//1199 1230//1230 1188//1188
f 1230//1230 1231//1231 1228//1228
f 1228//1228 1231//1231 1232//1232
f 1225//1225 1228//1228 1232//1232
f 1199//1199 1233//1233 1230//1230
f 1233//1233 1234//1234 1230//1230
f 1235//1235 1234//1234 1233//1233
f 1199//1199 1236//1236 1233//1233
f 1198//1198 1236//1236 1199//1199
f 1235//1235 1233//1233 1237//1237
f 1237//1237 1233//1233 1236//1236
f 1237//1237 1236//1236 1198//1198
f 1235//1235 1237//1237 1238//1238
f 1237//1237 1198//1198 1174//1174
f 1238//1238 1237//1237 1174//1174
f 1238//1238 1174//1174 1239//1239
f 1174//1174 1175//1175 1239//1239
f 1239//1239 1175//1175 1240//1240
f 1240//1240 1175//1175 1241//1241
f 1241//1241 1175//1175 1242//1242
f 1242//1242 1175//1175 1176//1176
f 1242//1242 1243//1243 1241//1241
f 1242//1242 1176//1176 1244//1244
f 1243//1243 1242//1242 1244//1244
f 1243//1243 1245//1245 1241//1241
f 1246//1246 1241//1241 1245//1245
f 1245//1245 1247//1247 1246//1246
f 1245//1245 1248//1248 1247//1247
f 1248//1248 1245//1245 1249//1249
f 1250//1250 1248//1248 1249//1249
f 1176//1176 1251//1251 1244//1244
f 1177//1177 1251//1251 1176//1176
f 1252//1252 1245//1245 1243//1243
f 1249//1249 1245//1245 1252//1252
f 1253//1253 1252//1252 1243//1243
f 1253//1253 1249//1249 1252//1252
f 1254//1254 1243//1243 1244//1244
f 1243//1243 1254//1254 1253//1253
f 1254//1254 1244//1244 1255//1255
f 1244//1244 1251//1251 1255//1255
f 1256//1256 1251//1251 1177//1177
f 1177//1177 1168//1168 1256//1256
f 1253//1253 1254//1254 1257//1257
f 1254//1254 1255//1255 1257//1257
f 1249//1249 1253//1253 1258//1258
f 1253//1253 1257//1257 1258//1258
f 1255//1255 1251//1251 1259//1259
f 1259//1259 1251//1251 1256//1256
f 1256//1256 1168//1168 1260//1260
f 1256//1256 1260//1260 1259//1259
f 1159//1159 1260//1260 1168//1168
f 1249//1249 1258//1258 1261//1261
f 1261//1261 1250//1250 1249//1249
f 1255//1255 1262//1262 1257//1257
f 1255//1255 1259//1259 1262//1262
f 1263//1263 1259//1259 1260//1260
f 1159//1159 1263//1263 1260//1260
f 1263//1263 1262//1262 1259//1259
f 1264//1264 1258//1258 1257//1257
f 1264//1264 1261//1261 1258//1258
f 1262//1262 1264//1264 1257//1257
f 1261//1261 1264//1264 1265//1265
f 1264//1264 1266//1266 1265//1265
f 1266//1266 1264//1264 1267//1267
f 1262//1262 1267//1267 1264//1264
f 1262//1262 1268//1268 1267//1267
f 1263//1263 1268//1268 1262//1262
f 1268//1268 1266//1266 1267//1267
f 1250//1250 1261//1261 1269//1269
f 1269//1269 1270//1270 1250//1250
f 1270//1270 1269//1269 51//51
f 1269//1269 1261//1261 1271//1271
f 51//51 1269//1269 1271//1271
f 1271//1271 1261//1261 1265//1265
f 50//50 51//51 1271//1271
f 1271//1271 1272//1272 50//50
f 1272//1272 1271//1271 1265//1265
f 1263//1263 1273//1273 1268//1268
f 1159//1159 1273//1273 1263//1263
f 1274//1274 50//50 1272//1272
f 1274//1274 53//53 50//50
f 1275//1275 1274//1274 1272//1272
f 1275//1275 53//53 1274//1274
f 1272//1272 1265//1265 1276//1276
f 1275//1275 1272//1272 1276//1276
f 1275//1275 1277//1277 53//53
f 53//53 1277//1277 72//72
f 1277//1277 1275//1275 1278//1278
f 1278//1278 72//72 1277//1277
f 1275//1275 1276//1276 1278//1278
f 1273//1273 1159//1159 1279//1279
f 1280//1280 1273//1273 1279//1279
f 1281//1281 1273//1273 1280//1280
f 1159//1159 1156//1156 1279//1279
f 1280//1280 1279//1279 1156//1156
f 1268//1268 1273//1273 1281//1281
f 1281//1281 1282//1282 1268//1268
f 1268//1268 1282//1282 1266//1266
f 72//72 1278//1278 1283//1283
f 1283//1283 64//64 72//72
f 1283//1283 1284//1284 64//64
f 1278//1278 1284//1284 1283//1283
f 1284//1284 65//65 64//64
f 1276//1276 1285//1285 1278//1278
f 1284//1284 1278//1278 1285//1285
f 1286//1286 1284//1284 1285//1285
f 1286//1286 1287//1287 1284//1284
f 1284//1284 1287//1287 65//65
f 65//65 1287//1287 73//73
f 1281//1281 1288//1288 1282//1282
f 1288//1288 1289//1289 1282//1282
f 1281//1281 1280//1280 1288//1288
f 1286//1286 1290//1290 1287//1287
f 73//73 1287//1287 1290//1290
f 1289//1289 1291//1291 1282//1282
f 1282//1282 1291//1291 1266//1266
f 1292//1292 1291//1291 1289//1289
f 1292//1292 1266//1266 1291//1291
f 73//73 1290//1290 1293//1293
f 1290//1290 1286//1286 1294//1294
f 1293//1293 1290//1290 1294//1294
f 1295//1295 73//73 1293//1293
f 68//68 73//73 1295//1295
f 1295//1295 1296//1296 68//68
f 1296//1296 1295//1295 1293//1293
f 78//78 68//68 1296//1296
f 1294//1294 1297//1297 1293//1293
f 1296//1296 1293//1293 1297//1297
f 1298//1298 1297//1297 1294//1294
f 1297//1297 1299//1299 1296//1296
f 1297//1297 1298//1298 1299//1299
f 1300//1300 1294//1294 1286//1286
f 1300//1300 1298//1298 1294//1294
f 1301//1301 1300//1300 1286//1286
f 1302//1302 78//78 1296//1296
f 1302//1302 1296//1296 1299//1299
f 1300//1300 1303//1303 1298//1298
f 1304//1304 1298//1298 1303//1303
f 1300//1300 1301//1301 1305//1305
f 1305//1305 1303//1303 1300//1300
f 1286//1286 1306//1306 1301//1301
f 1286//1286 1307//1307 1306//1306
f 1286//1286 1285//1285 1307//1307
f 1301//1301 1306//1306 1308//1308
f 1306//1306 1307//1307 1308//1308
f 1308//1308 1307//1307 1309//1309
f 1301//1301 1308//1308 1309//1309
f 1310//1310 1307//1307 1285//1285
f 1310//1310 1309//1309 1307//1307
f 1310//1310 1285//1285 1311//1311
f 1276//1276 1311//1311 1285//1285
f 1311//1311 1276//1276 1312//1312
f 1265//1265 1312//1312 1276//1276
f 1313//1313 1311//1311 1312//1312
f 1313//1313 1312//1312 1265//1265
f 1311//1311 1313//1313 1310//1310
f 1265//1265 1266//1266 1313//1313
f 1314//1314 1313//1313 1266//1266
f 1313//1313 1314//1314 1310//1310
f 1266//1266 1292//1292 1314//1314
f 1314//1314 1315//1315 1310//1310
f 1292//1292 1315//1315 1314//1314
f 1310//1310 1315//1315 1309//1309
f 1292//1292 1316//1316 1315//1315
f 1316//1316 1292//1292 1289//1289
f 1309//1309 1315//1315 1317//1317
f 1316//1316 1317//1317 1315//1315
f 1318//1318 1309//1309 1317//1317
f 1309//1309 1318//1318 1301//1301
f 1317//1317 1316//1316 1319//1319
f 1316//1316 1289//1289 1319//1319
f 1317//1317 1319//1319 1318//1318
f 1318//1318 1320//1320 1301//1301
f 1301//1301 1320//1320 1305//1305
f 1320//1320 1321//1321 1305//1305
f 1303//1303 1305//1305 1321//1321
f 1322//1322 1303//1303 1321//1321
f 1321//1321 1320//1320 1323//1323
f 1321//1321 1323//1323 1322//1322
f 1303//1303 1322//1322 1324//1324
f 1324//1324 1304//1304 1303//1303
f 1324//1324 1325//1325 1304//1304
f 1318//1318 1326//1326 1320//1320
f 1323//1323 1320//1320 1327//1327
f 1320//1320 1326//1326 1327//1327
f 1323//1323 1328//1328 1322//1322
f 1328//1328 1323//1323 1327//1327
f 1324//1324 1322//1322 1329//1329
f 1329//1329 1322//1322 1328//1328
f 1318//1318 1330//1330 1326//1326
f 1330//1330 1318//1318 1319//1319
f 1327//1327 1326//1326 1331//1331
f 1327//1327 1331//1331 1328//1328
f 1331//1331 1326//1326 1330//1330
f 1332//1332 1325//1325 1324//1324
f 1329//1329 1332//1332 1324//1324
f 1333//1333 1329//1329 1328//1328
f 1328//1328 1331//1331 1333//1333
f 1334//1334 1332//1332 1329//1329
f 1329//1329 1333//1333 1334//1334
f 1335//1335 1332//1332 1334//1334
f 1333//1333 1335//1335 1334//1334
f 1335//1335 1336//1336 1332//1332
f 1325//1325 1332//1332 1336//1336
f 1331//1331 1337//1337 1333//1333
f 1333//1333 1337//1337 1335//1335
f 1338//1338 1331//1331 1330//1330
f 1338//1338 1337//1337 1331//1331
f 1330//1330 1319//1319 1339//1339
f 1330//1330 1340//1340 1338//1338
f 1340//1340 1330//1330 1339//1339
f 1319//1319 1341//1341 1339//1339
f 1319//1319 1289//1289 1341//1341
f 1289//1289 1342//1342 1341//1341
f 1288//1288 1342//1342 1289//1289
f 1343//1343 1341//1341 1342//1342
f 1343//1343 1342//1342 1288//1288
f 1339//1339 1341//1341 1343//1343
f 1280//1280 1343//1343 1288//1288
f 1280//1280 1339//1339 1343//1343
f 1340//1340 1339//1339 1344//1344
f 1280//1280 1344//1344 1339//1339
f 1338//1338 1340//1340 1345//1345
f 1340//1340 1344//1344 1345//1345
f 1346//1346 1344//1344 1280//1280
f 1280//1280 1156//1156 1346//1346
f 1156//1156 1154//1154 1346//1346
f 1346//1346 1154//1154 1344//1344
f 1345//1345 1344//1344 1154//1154
f 1345//1345 1154//1154 1347//1347
f 1345//1345 1347//1347 1338//1338
f 1347//1347 1154//1154 1153//1153
f 1338//1338 1347//1347 1348//1348
f 1348//1348 1337//1337 1338//1338
f 1153//1153 1349//1349 1347//1347
f 1347//1347 1349//1349 1348//1348
f 1349//1349 1153//1153 1152//1152
f 1349//1349 1152//1152 1348//1348
f 1348//1348 1350//1350 1337//1337
f 1350//1350 1348//1348 1152//1152
f 1335//1335 1337//1337 1350//1350
f 1152//1152 1351//1351 1350//1350
f 1152//1152 1109//1109 1351//1351
f 1352//1352 1335//1335 1350//1350
f 1352//1352 1350//1350 1353//1353
f 1353//1353 1350//1350 1351//1351
f 1335//1335 1352//1352 1353//1353
f 1353//1353 1351//1351 1354//1354
f 1109//1109 1354//1354 1351//1351
f 1335//1335 1353//1353 1354//1354
f 1355//1355 1354//1354 1109//1109
f 1111//1111 1355//1355 1109//1109
f 1356//1356 1335//1335 1354//1354
f 1356//1356 1336//1336 1335//1335
f 1354//1354 1357//1357 1356//1356
f 1355//1355 1357//1357 1354//1354
f 1356//1356 1358//1358 1336//1336
f 1358//1358 1356//1356 1357//1357
f 1336//1336 1358//1358 1325//1325
f 1359//1359 1358//1358 1357//1357
f 1355//1355 1359//1359 1357//1357
f 1360//1360 1355//1355 1111//1111
f 1360//1360 1111//1111 1110//1110
f 1325//1325 1358//1358 1361//1361
f 1361//1361 1358//1358 1359//1359
f 1360//1360 1362//1362 1355//1355
f 1362//1362 1359//1359 1355//1355
f 1110//1110 1363//1363 1360//1360
f 1360//1360 1364//1364 1362//1362
f 1364//1364 1360//1360 1363//1363
f 1359//1359 1362//1362 1365//1365
f 1365//1365 1362//1362 1364//1364
f 1366//1366 1361//1361 1359//1359
f 1365//1365 1366//1366 1359//1359
f 1363//1363 1110//1110 1367//1367
f 1110//1110 1101//1101 1367//1367
f 1368//1368 1367//1367 1101//1101
f 1368//1368 1101//1101 1098//1098
f 1098//1098 1369//1369 1368//1368
f 1100//1100 1369//1369 1098//1098
f 1370//1370 1369//1369 1100//1100
f 1369//1369 1370//1370 1368//1368
f 1370//1370 1100//1100 1371//1371
f 1076//1076 1371//1371 1100//1100
f 1370//1370 1372//1372 1368//1368
f 1372//1372 1370//1370 1371//1371
f 1373//1373 1367//1367 1368//1368
f 1372//1372 1373//1373 1368//1368
f 1373//1373 1374//1374 1367//1367
f 1374//1374 1363//1363 1367//1367
f 1372//1372 1375//1375 1373//1373
f 1374//1374 1373//1373 1375//1375
f 1374//1374 1376//1376 1363//1363
f 1377//1377 1374//1374 1375//1375
f 1377//1377 1376//1376 1374//1374
f 1363//1363 1376//1376 1378//1378
f 1363//1363 1378//1378 1364//1364
f 1379//1379 1364//1364 1378//1378
f 1376//1376 1379//1379 1378//1378
f 1380//1380 1364//1364 1379//1379
f 1364//1364 1380//1380 1365//1365
f 1381//1381 1380//1380 1379//1379
f 1380//1380 1381//1381 1382//1382
f 1365//1365 1380//1380 1382//1382
f 1365//1365 1382//1382 1366//1366
f 1382//1382 1383//1383 1366//1366
f 1383//1383 1382//1382 1381//1381
f 1366//1366 1383//1383 1384//1384
f 1366//1366 1384//1384 1361//1361
f 1384//1384 1385//1385 1361//1361
f 1385//1385 1325//1325 1361//1361
f 1325//1325 1385//1385 1386//1386
f 1304//1304 1325//1325 1386//1386
f 1385//1385 1387//1387 1386//1386
f 1384//1384 1387//1387 1385//1385
f 1387//1387 1388//1388 1386//1386
f 1304//1304 1386//1386 1388//1388
f 1389//1389 1387//1387 1384//1384
f 1387//1387 1389//1389 1388//1388
f 1384//1384 1383//1383 1390//1390
f 1389//1389 1384//1384 1390//1390
f 1391//1391 1304//1304 1388//1388
f 1391//1391 1388//1388 1389//1389
f 1391//1391 1392//1392 1304//1304
f 1392//1392 1298//1298 1304//1304
f 1393//1393 1391//1391 1389//1389
f 1392//1392 1391//1391 1393//1393
f 1392//1392 1394//1394 1298//1298
f 1393//1393 1394//1394 1392//1392
f 1299//1299 1298//1298 1394//1394
f 1383//1383 1395//1395 1390//1390
f 1390//1390 1395//1395 1396//1396
f 1390//1390 1396//1396 1397//1397
f 1395//1395 1383//1383 1381//1381
f 1398//1398 1389//1389 1390//1390
f 1398//1398 1393//1393 1389//1389
f 1390//1390 1397//1397 1398//1398
f 1393//1393 1398//1398 1399//1399
f 1398//1398 1397//1397 1399//1399
f 1393//1393 1400//1400 1394//1394
f 1393//1393 1399//1399 1400//1400
f 1401//1401 1299//1299 1394//1394
f 1400//1400 1401//1401 1394//1394
f 1395//1395 1402//1402 1396//1396
f 1381//1381 1402//1402 1395//1395
f 1400//1400 1399//1399 1403//1403
f 1403//1403 1401//1401 1400//1400
f 1401//1401 1404//1404 1299//1299
f 1302//1302 1299//1299 1404//1404
f 1403//1403 1405//1405 1401//1401
f 1401//1401 1405//1405 1404//1404
f 1406//1406 1302//1302 1404//1404
f 1405//1405 1407//1407 1404//1404
f 1406//1406 1404//1404 1407//1407
f 1408//1408 1302//1302 1406//1406
f 78//78 1302//1302 1408//1408
f 1403//1403 1399//1399 1409//1409
f 1403//1403 1409//1409 1410//1410
f 1403//1403 1410//1410 1411//1411
f 1403//1403 1411//1411 1405//1405
f 1412//1412 1409//1409 1399//1399
f 1399//1399 1397//1397 1412//1412
f 1411//1411 1413//1413 1405//1405
f 1407//1407 1405//1405 1413//1413
f 1412//1412 1414//1414 1409//1409
f 1414//1414 1410//1410 1409//1409
f 1413//1413 1411//1411 1415//1415
f 1410//1410 1415//1415 1411//1411
f 1416//1416 1414//1414 1412//1412
f 1412//1412 1397//1397 1416//1416
f 1416//1416 1417//1417 1414//1414
f 1417//1417 1416//1416 1397//1397
f 1414//1414 1417//1417 1410//1410
f 1413//1413 1418//1418 1407//1407
f 1415//1415 1418//1418 1413//1413
f 1419//1419 1417//1417 1397//1397
f 1419//1419 1397//1397 1396//1396
f 1410//1410 1420//1420 1415//1415
f 1410//1410 1421//1421 1420//1420
f 1422//1422 1415//1415 1420//1420
f 1421//1421 1423//1423 1420//1420
f 1421//1421 1424//1424 1423//1423
f 1425//1425 1410//1410 1417//1417
f 1410//1410 1425//1425 1421//1421
f 1426//1426 1425//1425 1417//1417
f 1426//1426 1421//1421 1425//1425
f 1419//1419 1426//1426 1417//1417
f 1424//1424 1421//1421 1426//1426
f 1415//1415 1427//1427 1418//1418
f 1415//1415 1422//1422 1427//1427
f 1423//1423 1428//1428 1420//1420
f 1428//1428 1423//1423 1424//1424
f 1429//1429 1420//1420 1428//1428
f 1418//1418 1427//1427 1430//1430
f 1422//1422 1430//1430 1427//1427
f 1431//1431 1426//1426 1419//1419
f 1431//1431 1419//1419 1432//1432
f 1431//1431 1433//1433 1426//1426
f 1426//1426 1433//1433 1424//1424
f 1433//1433 1431//1431 1432//1432
f 1424//1424 1433//1433 1432//1432
f 1419//1419 1434//1434 1432//1432
f 1434//1434 1419//1419 1396//1396
f 1435//1435 1428//1428 1424//1424
f 1429//1429 1428//1428 1436//1436
f 1435//1435 1436//1436 1428//1428
f 1424//1424 1432//1432 1437//1437
f 1437//1437 1435//1435 1424//1424
f 1435//1435 1438//1438 1436//1436
f 1429//1429 1436//1436 1438//1438
f 1429//1429 1438//1438 1439//1439
f 1440//1440 1439//1439 1438//1438
f 1440//1440 1438//1438 1441//1441
f 1441//1441 1438//1438 1435//1435
f 1435//1435 1437//1437 1441//1441
f 1432//1432 1442//1442 1437//1437
f 1437//1437 1442//1442 1441//1441
f 1443//1443 1432//1432 1434//1434
f 1432//1432 1443//1443 1442//1442
f 1444//1444 1440//1440 1441//1441
f 1444//1444 1441//1441 1442//1442
f 1445//1445 1444//1444 1442//1442
f 1443//1443 1446//1446 1442//1442
f 1445//1445 1442//1442 1446//1446
f 1444//1444 1447//1447 1440//1440
f 1445//1445 1447//1447 1444//1444
f 1447//1447 1445//1445 1440//1440
f 1443//1443 1448//1448 1446//1446
f 1448//1448 1443//1443 1434//1434
f 1445//1445 1446//1446 1449//1449
f 1448//1448 1449//1449 1446//1446
f 1450//1450 1449//1449 1448//1448
f 1450//1450 1451//1451 1449//1449
f 1451//1451 1445//1445 1449//1449
f 1448//1448 1434//1434 1452//1452
f 1448//1448 1452//1452 1450//1450
f 1445//1445 1453//1453 1440//1440
f 1453//1453 1445//1445 1451//1451
f 1434//1434 1454//1454 1452//1452
f 1434//1434 1396//1396 1454//1454
f 1454//1454 1396//1396 1455//1455
f 1455//1455 1396//1396 1402//1402
f 1455//1455 1402//1402 1456//1456
f 1456//1456 1454//1454 1455//1455
f 1456//1456 1402//1402 1457//1457
f 1381//1381 1457//1457 1402//1402
f 1456//1456 1458//1458 1454//1454
f 1459//1459 1456//1456 1457//1457
f 1456//1456 1459//1459 1458//1458
f 1458//1458 1460//1460 1454//1454
f 1460//1460 1452//1452 1454//1454
f 1460//1460 1458//1458 1459//1459
f 1461//1461 1457//1457 1381//1381
f 1461//1461 1459//1459 1457//1457
f 1460//1460 1462//1462 1452//1452
f 1459//1459 1462//1462 1460//1460
f 1463//1463 1461//1461 1381//1381
f 1379//1379 1463//1463 1381//1381
f 1461//1461 1463//1463 1379//1379
f 1459//1459 1461//1461 1464//1464
f 1464//1464 1462//1462 1459//1459
f 1465//1465 1452//1452 1462//1462
f 1465//1465 1450//1450 1452//1452
f 1461//1461 1466//1466 1464//1464
f 1461//1461 1379//1379 1466//1466
f 1379//1379 1467//1467 1466//1466
f 1468//1468 1467//1467 1379//1379
f 1468//1468 1379//1379 1376//1376
f 1469//1469 1462//1462 1464//1464
f 1462//1462 1469//1469 1465//1465
f 1466//1466 1469//1469 1464//1464
f 1468//1468 1376//1376 1470//1470
f 1470//1470 1376//1376 1377//1377
f 1471//1471 1468//1468 1470//1470
f 1467//1467 1468//1468 1471//1471
f 1377//1377 1471//1471 1470//1470
f 1472//1472 1471//1471 1377//1377
f 1471//1471 1472//1472 1467//1467
f 1473//1473 1450//1450 1465//1465
f 1473//1473 1465//1465 1469//1469
f 1450//1450 1473//1473 1474//1474
f 1475//1475 1474//1474 1473//1473
f 1475//1475 1473//1473 1469//1469
f 1476//1476 1469//1469 1466//1466
f 1475//1475 1469//1469 1476//1476
f 1467//1467 1476//1476 1466//1466
f 1475//1475 1476//1476 1474//1474
f 1472//1472 1377//1377 1477//1477
f 1477//1477 1377//1377 1375//1375
f 1467//1467 1478//1478 1476//1476
f 1478//1478 1474//1474 1476//1476
f 1479//1479 1478//1478 1467//1467
f 1467//1467 1472//1472 1480//1480
f 1480//1480 1479//1479 1467//1467
f 1477//1477 1481//1481 1472//1472
f 1481//1481 1480//1480 1472//1472
f 1482//1482 1477//1477 1375//1375
f 1481//1481 1477//1477 1482//1482
f 1483//1483 1480//1480 1481//1481
f 1483//1483 1479//1479 1480//1480
f 1483//1483 1481//1481 1484//1484
f 1484//1484 1481//1481 1482//1482
f 1482//1482 1375//1375 1485//1485
f 1375//1375 1372//1372 1485//1485
f 1486//1486 1474//1474 1478//1478
f 1478//1478 1479//1479 1486//1486
f 1479//1479 1483//1483 1487//1487
f 1487//1487 1483//1483 1484//1484
f 1482//1482 1485//1485 1488//1488
f 1488//1488 1484//1484 1482//1482
f 1485//1485 1372//1372 1489//1489
f 1485//1485 1489//1489 1490//1490
f 1489//1489 1372//1372 1371//1371
f 1371//1371 1490//1490 1489//1489
f 1488//1488 1485//1485 1491//1491
f 1490//1490 1491//1491 1485//1485
f 1371//1371 1492//1492 1490//1490
f 1371//1371 1076//1076 1492//1492
f 1076//1076 1493//1493 1492//1492
f 1490//1490 1492//1492 1493//1493
f 1493//1493 1076//1076 1080//1080
f 1494//1494 1493//1493 1080//1080
f 1080//1080 1081//1081 1494//1494
f 1493//1493 1495//1495 1490//1490
f 1493//1493 1494//1494 1495//1495
f 1496//1496 1490//1490 1495//1495
f 1491//1491 1490//1490 1496//1496
f 1494//1494 1496//1496 1495//1495
f 1494//1494 1081//1081 1497//1497
f 1081//1081 1082//1082 1497//1497
f 1496//1496 1498//1498 1491//1491
f 1491//1491 1498//1498 1488//1488
f 1496//1496 1494//1494 1499//1499
f 1499//1499 1494//1494 1497//1497
f 1499//1499 1498//1498 1496//1496
f 1500//1500 1497//1497 1082//1082
f 1497//1497 1500//1500 1501//1501
f 1497//1497 1501//1501 1502//1502
f 1497//1497 1502//1502 1499//1499
f 1500//1500 1082//1082 1083//1083
f 1501//1501 1500//1500 1083//1083
f 1499//1499 1502//1502 1503//1503
f 1503//1503 1498//1498 1499//1499
f 1502//1502 1501//1501 1503//1503
f 1504//1504 1488//1488 1498//1498
f 1503//1503 1504//1504 1498//1498
f 1501//1501 1505//1505 1503//1503
f 1505//1505 1504//1504 1503//1503
f 1488//1488 1504//1504 1506//1506
f 1506//1506 1484//1484 1488//1488
f 1504//1504 1505//1505 1507//1507
f 1507//1507 1506//1506 1504//1504
f 1507//1507 1505//1505 1508//1508
f 1509//1509 1505//1505 1501//1501
f 1505//1505 1509//1509 1508//1508
f 1510//1510 1484//1484 1506//1506
f 1484//1484 1510//1510 1487//1487
f 1511//1511 1506//1506 1507//1507
f 1510//1510 1506//1506 1512//1512
f 1512//1512 1506//1506 1511//1511
f 1513//1513 1487//1487 1510//1510
f 1513//1513 1510//1510 1512//1512
f 1514//1514 1507//1507 1508//1508
f 1514//1514 1511//1511 1507//1507
f 1511//1511 1515//1515 1512//1512
f 1515//1515 1513//1513 1512//1512
f 1514//1514 1516//1516 1511//1511
f 1508//1508 1516//1516 1514//1514
f 1515//1515 1511//1511 1516//1516
f 1515//1515 1516//1516 1517//1517
f 1517//1517 1518//1518 1515//1515
f 1518//1518 1513//1513 1515//1515
f 1513//1513 1519//1519 1487//1487
f 1519//1519 1479//1479 1487//1487
f 1516//1516 1508//1508 1520//1520
f 1517//1517 1516//1516 1520//1520
f 1520//1520 1508//1508 1521//1521
f 1521//1521 1517//1517 1520//1520
f 1518//1518 1522//1522 1513//1513
f 1513//1513 1522//1522 1519//1519
f 1479//1479 1519//1519 1523//1523
f 1479//1479 1523//1523 1486//1486
f 1524//1524 1521//1521 1508//1508
f 1508//1508 1509//1509 1524//1524
f 1524//1524 1509//1509 1525//1525
f 1509//1509 1501//1501 1525//1525
f 1526//1526 1519//1519 1522//1522
f 1519//1519 1526//1526 1523//1523
f 1523//1523 1527//1527 1486//1486
f 1474//1474 1486//1486 1527//1527
f 1474//1474 1527//1527 1528//1528
f 1527//1527 1523//1523 1529//1529
f 1526//1526 1529//1529 1523//1523
f 1528//1528 1527//1527 1529//1529
f 1530//1530 1529//1529 1526//1526
f 1522//1522 1530//1530 1526//1526
f 1528//1528 1529//1529 1530//1530
f 1531//1531 1528//1528 1530//1530
f 1530//1530 1522//1522 1532//1532
f 1531//1531 1530//1530 1532//1532
f 1524//1524 1525//1525 1533//1533
f 1521//1521 1524//1524 1533//1533
f 1534//1534 1533//1533 1525//1525
f 1534//1534 1521//1521 1533//1533
f 1535//1535 1474//1474 1528//1528
f 1535//1535 1450//1450 1474//1474
f 1535//1535 1536//1536 1450//1450
f 1536//1536 1451//1451 1450//1450
f 1528//1528 1537//1537 1535//1535
f 1535//1535 1537//1537 1536//1536
f 1537//1537 1528//1528 1538//1538
f 1538//1538 1528//1528 1531//1531
f 1539//1539 1537//1537 1538//1538
f 1536//1536 1537//1537 1539//1539
f 1531//1531 1539//1539 1538//1538
f 1540//1540 1451//1451 1536//1536
f 1536//1536 1539//1539 1540//1540
f 1525//1525 1541//1541 1534//1534
f 1525//1525 1501//1501 1541//1541
f 1541//1541 1501//1501 1083//1083
f 1541//1541 1083//1083 1534//1534
f 1542//1542 1534//1534 1083//1083
f 1084//1084 1542//1542 1083//1083
f 1534//1534 1542//1542 1521//1521
f 1540//1540 1543//1543 1451//1451
f 1451//1451 1543//1543 1453//1453
f 1543//1543 1544//1544 1453//1453
f 1453//1453 1544//1544 1545//1545
f 1440//1440 1453//1453 1545//1545
f 1545//1545 1546//1546 1440//1440
f 1545//1545 1544//1544 1546//1546
f 1439//1439 1440//1440 1546//1546
f 1542//1542 1084//1084 1547//1547
f 952//952 1547//1547 1084//1084
f 1542//1542 1548//1548 1521//1521
f 1547//1547 1549//1549 1542//1542
f 1542//1542 1549//1549 1548//1548
f 1550//1550 1547//1547 952//952
f 1550//1550 1549//1549 1547//1547
f 1551//1551 1521//1521 1548//1548
f 1521//1521 1551//1551 1517//1517
f 1550//1550 952//952 1552//1552
f 952//952 944//944 1552//1552
f 1548//1548 1549//1549 1553//1553
f 1548//1548 1553//1553 1551//1551
f 1554//1554 1553//1553 1549//1549
f 1555//1555 1554//1554 1549//1549
f 1549//1549 1550//1550 1555//1555
f 1550//1550 1552//1552 1555//1555
f 1553//1553 1556//1556 1551//1551
f 1554//1554 1556//1556 1553//1553
f 1551//1551 1556//1556 1557//1557
f 1551//1551 1557//1557 1517//1517
f 1558//1558 1552//1552 944//944
f 1558//1558 944//944 945//945
f 1555//1555 1552//1552 1559//1559
f 1555//1555 1559//1559 1554//1554
f 1552//1552 1560//1560 1559//1559
f 1552//1552 1558//1558 1560//1560
f 1554//1554 1559//1559 1560//1560
f 1558//1558 945//945 1561//1561
f 1561//1561 945//945 907//907
f 1561//1561 1562//1562 1558//1558
f 1558//1558 1562//1562 1560//1560
f 1562//1562 1563//1563 1560//1560
f 907//907 1564//1564 1561//1561
f 1561//1561 1564//1564 1562//1562
f 910//910 1564//1564 907//907
f 911//911 1564//1564 910//910
f 911//911 1562//1562 1564//1564
f 1563//1563 1562//1562 911//911
f 1554//1554 1560//1560 1565//1565
f 1565//1565 1560//1560 1563//1563
f 1554//1554 1565//1565 1566//1566
f 1566//1566 1565//1565 1563//1563
f 1567//1567 1563//1563 911//911
f 1567//1567 911//911 897//897
f 1568//1568 1567//1567 897//897
f 897//897 685//685 1568//1568
f 1569//1569 1563//1563 1567//1567
f 1568//1568 1569//1569 1567//1567
f 1570//1570 1563//1563 1569//1569
f 1570//1570 1569//1569 1568//1568
f 1568//1568 685//685 1570//1570
f 1563//1563 1570//1570 1566//1566
f 1566//1566 638//638 1554//1554
f 638//638 1556//1556 1554//1554
f 1557//1557 1556//1556 638//638
f 1571//1571 1570//1570 685//685
f 685//685 634//634 1571//1571
f 1566//1566 1570//1570 1572//1572
f 1572//1572 1570//1570 1571//1571
f 1572//1572 1571//1571 634//634
f 1572//1572 638//638 1566//1566
f 634//634 638//638 1572//1572
f 639//639 1557//1557 638//638
f 1573//1573 1557//1557 639//639
f 1573//1573 1517//1517 1557//1557
f 629//629 1573//1573 639//639
f 1573//1573 1574//1574 1517//1517
f 1574//1574 1518//1518 1517//1517
f 629//629 1575//1575 1573//1573
f 1575//1575 1574//1574 1573//1573
f 1576//1576 1518//1518 1574//1574
f 1575//1575 1576//1576 1574//1574
f 1575//1575 629//629 1577//1577
f 1575//1575 1577//1577 1576//1576
f 1577//1577 629//629 617//617
f 1518//1518 1576//1576 1578//1578
f 1518//1518 1578//1578 1522//1522
f 1532//1532 1522//1522 1578//1578
f 1576//1576 1579//1579 1578//1578
f 1577//1577 1579//1579 1576//1576
f 1579//1579 1532//1532 1578//1578
f 1577//1577 617//617 1580//1580
f 1577//1577 1580//1580 1579//1579
f 617//617 602//602 1580//1580
f 1579//1579 1581//1581 1532//1532
f 1579//1579 1580//1580 1581//1581
f 1581//1581 1531//1531 1532//1532
f 1580//1580 1582//1582 1581//1581
f 1581//1581 1582//1582 1531//1531
f 1583//1583 1580//1580 602//602
f 1583//1583 1582//1582 1580//1580
f 1584//1584 1531//1531 1582//1582
f 1583//1583 1584//1584 1582//1582
f 1531//1531 1584//1584 1539//1539
f 602//602 1585//1585 1583//1583
f 602//602 604//604 1585//1585
f 1586//1586 1583//1583 1585//1585
f 1586//1586 1584//1584 1583//1583
f 1584//1584 1587//1587 1539//1539
f 1540//1540 1539//1539 1587//1587
f 1588//1588 1585//1585 604//604
f 1588//1588 1586//1586 1585//1585
f 1589//1589 1584//1584 1586//1586
f 1584//1584 1589//1589 1587//1587
f 1588//1588 1589//1589 1586//1586
f 1587//1587 1590//1590 1540//1540
f 1590//1590 1543//1543 1540//1540
f 1588//1588 604//604 1591//1591
f 604//604 608//608 1591//1591
f 1592//1592 1587//1587 1589//1589
f 1592//1592 1590//1590 1587//1587
f 1543//1543 1590//1590 1593//1593
f 1593//1593 1590//1590 1592//1592
f 1544//1544 1543//1543 1593//1593
f 1589//1589 1588//1588 1594//1594
f 1594//1594 1592//1592 1589//1589
f 1588//1588 1591//1591 1594//1594
f 1592//1592 1595//1595 1593//1593
f 1592//1592 1594//1594 1595//1595
f 1593//1593 1595//1595 1544//1544
f 1591//1591 1596//1596 1594//1594
f 1595//1595 1594//1594 1596//1596
f 1597//1597 1596//1596 1591//1591
f 1591//1591 608//608 1597//1597
f 1595//1595 1596//1596 1597//1597
f 1598//1598 1597//1597 608//608
f 1595//1595 1597//1597 1598//1598
f 1595//1595 1598//1598 1544//1544
f 1598//1598 608//608 596//596
f 1544//1544 1598//1598 1599//1599
f 1598//1598 596//596 1600//1600
f 1599//1599 1598//1598 1600//1600
f 1601//1601 1600//1600 596//596
f 596//596 579//579 1601//1601
f 1544//1544 1599//1599 1602//1602
f 1602//1602 1546//1546 1544//1544
f 1600//1600 1603//1603 1599//1599
f 1600//1600 1601//1601 1603//1603
f 579//579 1604//1604 1601//1601
f 579//579 581//581 1604//1604
f 1605//1605 1602//1602 1599//1599
f 1603//1603 1605//1605 1599//1599
f 1546//1546 1602//1602 1606//1606
f 1605//1605 1606//1606 1602//1602
f 1439//1439 1546//1546 1606//1606
f 1607//1607 1603//1603 1601//1601
f 1601//1601 1604//1604 1607//1607
f 1603//1603 1607//1607 1605//1605
f 581//581 1608//1608 1604//1604
f 1608//1608 1607//1607 1604//1604
f 581//581 576//576 1608//1608
f 1609//1609 1607//1607 1608//1608
f 1607//1607 1609//1609 1605//1605
f 1609//1609 1608//1608 576//576
f 1605//1605 1609//1609 1610//1610
f 1610//1610 1606//1606 1605//1605
f 1611//1611 1609//1609 576//576
f 1609//1609 1611//1611 1610//1610
f 576//576 583//583 1611//1611
f 1612//1612 1611//1611 583//583
f 577//577 1612//1612 583//583
f 1606//1606 1610//1610 1613//1613
f 1606//1606 1613//1613 1614//1614
f 1610//1610 1614//1614 1613//1613
f 1611//1611 1614//1614 1610//1610
f 1439//1439 1606//1606 1614//1614
f 1615//1615 1614//1614 1611//1611
f 1611//1611 1612//1612 1615//1615
f 1614//1614 1615//1615 1439//1439
f 1616//1616 1615//1615 1612//1612
f 1615//1615 1616//1616 1439//1439
f 577//577 1616//1616 1612//1612
f 1617//1617 1439//1439 1616//1616
f 1429//1429 1439//1439 1617//1617
f 1618//1618 1617//1617 1616//1616
f 577//577 1618//1618 1616//1616
f 1619//1619 1429//1429 1617//1617
f 1618//1618 1619//1619 1617//1617
f 1620//1620 1429//1429 1619//1619
f 1429//1429 1620//1620 1420//1420
f 1619//1619 1618//1618 1621//1621
f 1619//1619 1621//1621 1620//1620
f 1621//1621 1618//1618 1622//1622
f 1620//1620 1621//1621 1622//1622
f 1623//1623 1618//1618 577//577
f 1618//1618 1623//1623 1622//1622
f 1622//1622 1624//1624 1620//1620
f 1420//1420 1620//1620 1624//1624
f 1623//1623 577//577 1625//1625
f 1625//1625 577//577 566//566
f 1626//1626 1622//1622 1623//1623
f 1626//1626 1624//1624 1622//1622
f 1626//1626 1623//1623 1625//1625
f 1627//1627 1625//1625 566//566
f 256//256 1627//1627 566//566
f 1628//1628 1625//1625 1627//1627
f 256//256 1628//1628 1627//1627
f 1628//1628 1626//1626 1625//1625
f 245//245 1628//1628 256//256
f 245//245 1626//1626 1628//1628
f 1626//1626 245//245 1629//1629
f 1624//1624 1626//1626 1629//1629
f 245//245 247//247 1629//1629
f 1624//1624 1629//1629 247//247
f 247//247 1420//1420 1624//1624
f 247//247 1630//1630 1420//1420
f 1422//1422 1420//1420 1630//1630
f 1631//1631 1422//1422 1630//1630
f 1422//1422 1631//1631 1430//1430
f 247//247 1632//1632 1630//1630
f 1632//1632 1631//1631 1630//1630
f 1633//1633 1632//1632 247//247
f 247//247 222//222 1633//1633
f 222//222 1634//1634 1633//1633
f 1634//1634 222//222 216//216
f 1635//1635 1633//1633 1634//1634
f 1635//1635 1632//1632 1633//1633
f 1634//1634 216//216 1635//1635
f 1635//1635 1636//1636 1632//1632
f 1635//1635 216//216 1636//1636
f 1632//1632 1637//1637 1631//1631
f 1637//1637 1632//1632 1636//1636
f 1637//1637 1638//1638 1631//1631
f 1637//1637 1636//1636 1638//1638
f 1430//1430 1631//1631 1639//1639
f 1631//1631 1638//1638 1639//1639
f 216//216 1640//1640 1636//1636
f 213//213 1640//1640 216//216
f 1638//1638 1636//1636 1641//1641
f 1641//1641 1636//1636 1640//1640
f 213//213 1642//1642 1640//1640
f 1641//1641 1640//1640 1642//1642
f 1642//1642 213//213 210//210
f 1639//1639 1643//1643 1430//1430
f 1643//1643 1418//1418 1430//1430
f 1639//1639 1638//1638 1644//1644
f 1644//1644 1638//1638 1641//1641
f 1644//1644 1645//1645 1639//1639
f 1643//1643 1639//1639 1645//1645
f 1418//1418 1643//1643 1646//1646
f 1418//1418 1646//1646 1407//1407
f 1641//1641 1647//1647 1644//1644
f 1644//1644 1647//1647 1645//1645
f 1642//1642 1648//1648 1641//1641
f 1647//1647 1641//1641 1648//1648
f 1648//1648 1649//1649 1647//1647
f 1642//1642 210//210 1650//1650
f 1650//1650 1648//1648 1642//1642
f 1643//1643 1651//1651 1646//1646
f 1651//1651 1643//1643 1645//1645
f 1646//1646 1652//1652 1407//1407
f 1652//1652 1646//1646 1651//1651
f 1651//1651 1653//1653 1652//1652
f 1653//1653 1651//1651 1654//1654
f 1654//1654 1651//1651 1645//1645
f 1653//1653 1654//1654 1655//1655
f 1407//1407 1652//1652 1406//1406
f 1653//1653 1406//1406 1652//1652
f 1647//1647 1656//1656 1645//1645
f 1645//1645 1656//1656 1654//1654
f 1650//1650 210//210 1657//1657
f 134//134 1657//1657 210//210
f 1658//1658 1655//1655 1654//1654
f 1658//1658 1654//1654 1656//1656
f 1656//1656 1647//1647 1659//1659
f 1649//1649 1659//1659 1647//1647
f 1660//1660 1658//1658 1656//1656
f 1660//1660 1656//1656 1659//1659
f 1658//1658 1660//1660 1661//1661
f 1658//1658 1661//1661 1655//1655
f 1662//1662 1660//1660 1659//1659
f 1660//1660 1662//1662 1661//1661
f 1662//1662 1663//1663 1661//1661
f 1659//1659 1664//1664 1662//1662
f 1664//1664 1659//1659 1649//1649
f 1664//1664 1663//1663 1662//1662
f 1655//1655 1661//1661 1665//1665
f 1661//1661 1663//1663 1665//1665
f 1649//1649 1666//1666 1664//1664
f 1664//1664 1666//1666 1663//1663
f 1649//1649 1667//1667 1666//1666
f 1666//1666 1667//1667 1663//1663
f 1665//1665 1663//1663 95//95
f 1655//1655 1665//1665 1668//1668
f 95//95 1668//1668 1665//1665
f 1669//1669 95//95 1663//1663
f 1667//1667 1669//1669 1663//1663
f 95//95 1669//1669 97//97
f 1669//1669 1667//1667 97//97
f 1668//1668 95//95 94//94
f 1670//1670 1668//1668 94//94
f 94//94 86//86 1670//1670
f 1671//1671 1655//1655 1668//1668
f 1670//1670 1671//1671 1668//1668
f 86//86 1672//1672 1670//1670
f 82//82 1672//1672 86//86
f 1670//1670 1672//1672 1673//1673
f 1673//1673 1672//1672 82//82
f 1671//1671 1670//1670 1673//1673
f 1673//1673 82//82 81//81
f 1655//1655 1671//1671 1674//1674
f 1674//1674 1671//1671 1673//1673
f 1674//1674 1653//1653 1655//1655
f 1675//1675 1673//1673 81//81
f 1673//1673 1675//1675 1674//1674
f 78//78 1675//1675 81//81
f 1675//1675 1676//1676 1674//1674
f 1653//1653 1674//1674 1676//1676
f 78//78 1677//1677 1675//1675
f 1675//1675 1677//1677 1676//1676
f 1677//1677 1653//1653 1676//1676
f 1677//1677 78//78 1408//1408
f 1677//1677 1678//1678 1653//1653
f 1653//1653 1678//1678 1406//1406
f 1408//1408 1406//1406 1678//1678
f 1679//1679 1678//1678 1677//1677
f 1679//1679 1408//1408 1678//1678
f 1408//1408 1679//1679 1677//1677
f 98//98 97//97 1680//1680
f 98//98 1680//1680 114//114
f 1680//1680 97//97 1667//1667
f 1680//1680 1667//1667 1681//1681
f 114//114 1680//1680 1682//1682
f 1682//1682 1680//1680 1681//1681
f 114//114 1682//1682 126//126
f 126//126 1682//1682 1683//1683
f 1681//1681 1683//1683 1682//1682
f 126//126 1683//1683 133//133
f 1683//1683 1684//1684 133//133
f 1681//1681 1684//1684 1683//1683
f 133//133 1684//1684 134//134
f 1685//1685 134//134 1684//1684
f 134//134 1685//1685 1657//1657
f 1685//1685 1684//1684 1686//1686
f 1681//1681 1686//1686 1684//1684
f 1685//1685 1687//1687 1657//1657
f 1687//1687 1685//1685 1686//1686
f 1650//1650 1657//1657 1687//1687
f 1687//1687 1686//1686 1688//1688
f 1686//1686 1681//1681 1688//1688
f 1688//1688 1650//1650 1687//1687
f 1667//1667 1689//1689 1681//1681
f 1681//1681 1689//1689 1688//1688
f 1689//1689 1667//1667 1649//1649
f 1650//1650 1688//1688 1690//1690
f 1688//1688 1689//1689 1690//1690
f 1690//1690 1689//1689 1649//1649
f 1690//1690 1648//1648 1650//1650
f 1690//1690 1649//1649 1648//1648
f 1691//1691 1232//1232 1692//1692
f 1691//1691 1225//1225 1232//1232
f 1693//1693 1691//1691 1692//1692
f 1692//1692 1694//1694 1693//1693
f 1694//1694 1695//1695 1693//1693
f 1695//1695 1691//1691 1693//1693
f 1696//1696 1695//1695 1694//1694
f 1691//1691 1695//1695 1697//1697
f 1697//1697 1695//1695 1696//1696
f 1691//1691 1697//1697 1225//1225
f 1698//1698 1697//1697 1696//1696
f 1696//1696 1699//1699 1698//1698
f 1698//1698 1699//1699 1700//1700
f 1225//1225 1697//1697 1701//1701
f 1702//1702 1697//1697 1698//1698
f 1697//1697 1702//1702 1701//1701
f 1698//1698 1700//1700 1703//1703
f 1702//1702 1698//1698 1703//1703
f 1704//1704 1703//1703 1700//1700
f 1700//1700 1705//1705 1704//1704
f 1705//1705 1706//1706 1704//1704
f 1707//1707 1702//1702 1703//1703
f 1707//1707 1701//1701 1702//1702
f 1704//1704 1707//1707 1703//1703
f 1708//1708 1701//1701 1707//1707
f 1708//1708 1707//1707 1704//1704
f 1225//1225 1701//1701 1709//1709
f 1701//1701 1708//1708 1709//1709
f 1223//1223 1225//1225 1709//1709
f 1223//1223 1709//1709 1210//1210
f 1708//1708 1210//1210 1709//1709
f 1710//1710 1704//1704 1706//1706
f 1711//1711 1710//1710 1706//1706
f 1710//1710 1712//1712 1704//1704
f 1711//1711 1713//1713 1710//1710
f 1712//1712 1710//1710 1713//1713
f 1714//1714 1704//1704 1712//1712
f 1708//1708 1704//1704 1714//1714
f 1711//1711 1715//1715 1713//1713
f 1716//1716 1715//1715 1711//1711
f 1716//1716 1717//1717 1715//1715
f 1713//1713 1718//1718 1712//1712
f 1718//1718 1714//1714 1712//1712
f 1715//1715 1717//1717 1719//1719
f 1717//1717 1720//1720 1719//1719
f 1715//1715 1721//1721 1713//1713
f 1713//1713 1721//1721 1718//1718
f 1715//1715 1719//1719 1721//1721
f 1721//1721 1719//1719 1722//1722
f 1721//1721 1722//1722 1718//1718
f 1723//1723 1719//1719 1720//1720
f 1722//1722 1719//1719 1723//1723
f 1722//1722 1724//1724 1718//1718
f 1723//1723 1724//1724 1722//1722
f 1718//1718 1725//1725 1714//1714
f 1725//1725 1718//1718 1724//1724
f 1720//1720 1726//1726 1723//1723
f 1726//1726 1720//1720 1727//1727
f 1728//1728 1726//1726 1727//1727
f 1726//1726 1728//1728 1729//1729
f 1728//1728 1730//1730 1729//1729
f 1723//1723 1726//1726 1731//1731
f 1724//1724 1723//1723 1731//1731
f 1726//1726 1729//1729 1731//1731
f 1732//1732 1724//1724 1731//1731
f 1725//1725 1724//1724 1732//1732
f 1733//1733 1714//1714 1725//1725
f 1733//1733 1708//1708 1714//1714
f 1729//1729 1730//1730 1734//1734
f 1734//1734 1730//1730 1735//1735
f 1735//1735 1736//1736 1734//1734
f 1737//1737 1736//1736 1735//1735
f 1738//1738 1736//1736 1737//1737
f 1739//1739 1731//1731 1729//1729
f 1732//1732 1731//1731 1739//1739
f 1725//1725 1732//1732 1740//1740
f 1740//1740 1733//1733 1725//1725
f 1741//1741 1729//1729 1734//1734
f 1734//1734 1736//1736 1741//1741
f 1729//1729 1742//1742 1739//1739
f 1741//1741 1742//1742 1729//1729
f 1743//1743 1732//1732 1739//1739
f 1732//1732 1743//1743 1740//1740
f 1742//1742 1743//1743 1739//1739
f 1744//1744 1733//1733 1740//1740
f 1740//1740 1743//1743 1744//1744
f 1745//1745 1742//1742 1741//1741
f 1743//1743 1742//1742 1745//1745
f 1741//1741 1736//1736 1746//1746
f 1746//1746 1745//1745 1741//1741
f 1733//1733 1744//1744 1747//1747
f 1708//1708 1733//1733 1747//1747
f 1744//1744 1743//1743 1748//1748
f 1745//1745 1748//1748 1743//1743
f 1747//1747 1749//1749 1708//1708
f 1210//1210 1708//1708 1749//1749
f 1744//1744 1750//1750 1747//1747
f 1748//1748 1750//1750 1744//1744
f 1749//1749 1747//1747 1750//1750
f 1750//1750 1748//1748 1751//1751
f 1751//1751 1749//1749 1750//1750
f 1752//1752 1210//1210 1749//1749
f 1752//1752 1749//1749 1751//1751
f 1752//1752 1219//1219 1210//1210
f 1753//1753 1748//1748 1745//1745
f 1753//1753 1751//1751 1748//1748
f 1753//1753 1745//1745 1754//1754
f 1745//1745 1746//1746 1754//1754
f 1752//1752 1755//1755 1219//1219
f 1221//1221 1219//1219 1755//1755
f 1756//1756 1751//1751 1753//1753
f 1754//1754 1756//1756 1753//1753
f 1751//1751 1757//1757 1752//1752
f 1751//1751 1758//1758 1757//1757
f 1751//1751 1756//1756 1758//1758
f 1759//1759 1758//1758 1756//1756
f 1760//1760 1759//1759 1756//1756
f 1756//1756 1754//1754 1760//1760
f 1752//1752 1757//1757 1761//1761
f 1758//1758 1761//1761 1757//1757
f 1755//1755 1752//1752 1761//1761
f 1761//1761 1758//1758 1762//1762
f 1762//1762 1758//1758 1759//1759
f 1763//1763 1761//1761 1762//1762
f 1763//1763 1755//1755 1761//1761
f 1763//1763 1762//1762 1759//1759
f 1755//1755 1764//1764 1221//1221
f 1755//1755 1763//1763 1764//1764
f 1763//1763 1759//1759 1765//1765
f 1763//1763 1765//1765 1764//1764
f 1759//1759 1766//1766 1765//1765
f 1764//1764 1767//1767 1221//1221
f 1221//1221 1767//1767 1222//1222
f 1764//1764 1765//1765 1768//1768
f 1765//1765 1766//1766 1768//1768
f 1767//1767 1764//1764 1768//1768
f 1768//1768 1766//1766 1767//1767
f 1222//1222 1767//1767 1769//1769
f 1770//1770 1767//1767 1766//1766
f 1767//1767 1770//1770 1769//1769
f 1771//1771 1222//1222 1769//1769
f 1769//1769 1772//1772 1771//1771
f 1771//1771 1220//1220 1222//1222
f 1770//1770 1773//1773 1769//1769
f 1769//1769 1773//1773 1772//1772
f 1771//1771 1774//1774 1220//1220
f 1220//1220 1774//1774 1204//1204
f 1204//1204 1774//1774 1775//1775
f 1204//1204 1775//1775 1776//1776
f 1205//1205 1204//1204 1776//1776
f 1776//1776 1777//1777 1205//1205
f 1777//1777 1776//1776 1775//1775
f 1196//1196 1205//1205 1777//1777
f 1777//1777 1778//1778 1196//1196
f 1777//1777 1775//1775 1778//1778
f 1778//1778 1131//1131 1196//1196
f 1779//1779 1131//1131 1778//1778
f 1778//1778 1775//1775 1779//1779
f 1140//1140 1131//1131 1779//1779
f 1775//1775 1140//1140 1779//1779
f 1775//1775 1774//1774 1780//1780
f 1780//1780 1140//1140 1775//1775
f 1774//1774 1771//1771 1781//1781
f 1780//1780 1774//1774 1781//1781
f 1782//1782 1140//1140 1780//1780
f 1780//1780 1781//1781 1782//1782
f 1138//1138 1140//1140 1782//1782
f 1781//1781 1771//1771 1783//1783
f 1783//1783 1771//1771 1772//1772
f 1784//1784 1781//1781 1783//1783
f 1781//1781 1784//1784 1782//1782
f 1784//1784 1783//1783 1772//1772
f 1782//1782 1785//1785 1138//1138
f 1782//1782 1784//1784 1785//1785
f 1123//1123 1138//1138 1785//1785
f 1785//1785 1784//1784 1786//1786
f 1786//1786 1123//1123 1785//1785
f 1784//1784 1772//1772 1786//1786
f 1123//1123 1786//1786 1787//1787
f 1788//1788 1787//1787 1786//1786
f 1787//1787 1788//1788 1789//1789
f 1787//1787 1124//1124 1123//1123
f 1124//1124 1787//1787 1789//1789
f 1790//1790 1786//1786 1772//1772
f 1786//1786 1790//1790 1788//1788
f 1124//1124 1789//1789 1791//1791
f 1124//1124 1791//1791 1119//1119
f 1119//1119 1791//1791 1792//1792
f 1789//1789 1792//1792 1791//1791
f 1792//1792 1092//1092 1119//1119
f 1793//1793 1790//1790 1772//1772
f 1773//1773 1793//1793 1772//1772
f 1794//1794 1092//1092 1792//1792
f 1794//1794 1073//1073 1092//1092
f 1790//1790 1795//1795 1788//1788
f 1793//1793 1796//1796 1790//1790
f 1795//1795 1790//1790 1796//1796
f 1773//1773 1797//1797 1793//1793
f 1796//1796 1793//1793 1798//1798
f 1798//1798 1793//1793 1797//1797
f 1773//1773 1799//1799 1797//1797
f 1799//1799 1773//1773 1770//1770
f 1799//1799 1770//1770 1800//1800
f 1766//1766 1800//1800 1770//1770
f 1801//1801 1799//1799 1800//1800
f 1799//1799 1801//1801 1797//1797
f 1766//1766 1801//1801 1800//1800
f 1802//1802 1797//1797 1801//1801
f 1801//1801 1766//1766 1802//1802
f 1797//1797 1802//1802 1798//1798
f 1766//1766 1759//1759 1802//1802
f 1798//1798 1802//1802 1803//1803
f 1803//1803 1796//1796 1798//1798
f 1759//1759 1804//1804 1802//1802
f 1802//1802 1804//1804 1803//1803
f 1759//1759 1760//1760 1804//1804
f 1803//1803 1805//1805 1796//1796
f 1803//1803 1804//1804 1805//1805
f 1806//1806 1796//1796 1805//1805
f 1795//1795 1796//1796 1806//1806
f 1807//1807 1795//1795 1806//1806
f 1806//1806 1805//1805 1807//1807
f 1805//1805 1808//1808 1807//1807
f 1808//1808 1805//1805 1809//1809
f 1804//1804 1809//1809 1805//1805
f 1807//1807 1810//1810 1795//1795
f 1788//1788 1795//1795 1810//1810
f 1811//1811 1809//1809 1804//1804
f 1804//1804 1760//1760 1811//1811
f 1812//1812 1811//1811 1760//1760
f 1811//1811 1813//1813 1809//1809
f 1813//1813 1808//1808 1809//1809
f 1813//1813 1811//1811 1812//1812
f 1810//1810 1807//1807 1814//1814
f 1808//1808 1814//1814 1807//1807
f 1788//1788 1810//1810 1815//1815
f 1815//1815 1810//1810 1814//1814
f 1815//1815 1816//1816 1788//1788
f 1816//1816 1789//1789 1788//1788
f 1760//1760 1817//1817 1812//1812
f 1754//1754 1817//1817 1760//1760
f 1812//1812 1818//1818 1813//1813
f 1808//1808 1813//1813 1818//1818
f 1814//1814 1819//1819 1815//1815
f 1815//1815 1819//1819 1816//1816
f 1820//1820 1819//1819 1814//1814
f 1816//1816 1819//1819 1820//1820
f 1821//1821 1817//1817 1754//1754
f 1746//1746 1821//1821 1754//1754
f 1746//1746 1822//1822 1821//1821
f 1817//1817 1821//1821 1822//1822
f 1736//1736 1822//1822 1746//1746
f 1823//1823 1817//1817 1822//1822
f 1823//1823 1812//1812 1817//1817
f 1822//1822 1736//1736 1824//1824
f 1823//1823 1822//1822 1824//1824
f 1824//1824 1736//1736 1738//1738
f 1824//1824 1738//1738 1825//1825
f 1824//1824 1825//1825 1823//1823
f 1826//1826 1825//1825 1738//1738
f 1826//1826 1827//1827 1825//1825
f 1827//1827 1828//1828 1825//1825
f 1828//1828 1823//1823 1825//1825
f 1827//1827 1829//1829 1828//1828
f 1823//1823 1830//1830 1812//1812
f 1823//1823 1828//1828 1830//1830
f 1812//1812 1830//1830 1831//1831
f 1830//1830 1828//1828 1831//1831
f 1818//1818 1812//1812 1831//1831
f 1832//1832 1828//1828 1829//1829
f 1831//1831 1828//1828 1832//1832
f 1818//1818 1831//1831 1833//1833
f 1818//1818 1833//1833 1808//1808
f 1829//1829 1834//1834 1832//1832
f 1829//1829 1835//1835 1834//1834
f 1836//1836 1831//1831 1832//1832
f 1833//1833 1831//1831 1836//1836
f 1837//1837 1833//1833 1836//1836
f 1838//1838 1833//1833 1837//1837
f 1833//1833 1838//1838 1808//1808
f 1836//1836 1832//1832 1839//1839
f 1832//1832 1834//1834 1839//1839
f 1837//1837 1836//1836 1839//1839
f 1840//1840 1834//1834 1835//1835
f 1840//1840 1835//1835 1841//1841
f 1839//1839 1834//1834 1842//1842
f 1842//1842 1834//1834 1840//1840
f 1837//1837 1839//1839 1842//1842
f 1840//1840 1841//1841 1843//1843
f 1843//1843 1842//1842 1840//1840
f 1844//1844 1842//1842 1843//1843
f 1843//1843 1841//1841 1845//1845
f 1843//1843 1845//1845 1846//1846
f 1843//1843 1846//1846 1844//1844
f 1847//1847 1808//1808 1838//1838
f 1808//1808 1847//1847 1814//1814
f 1820//1820 1814//1814 1847//1847
f 1847//1847 1838//1838 1848//1848
f 1848//1848 1838//1838 1837//1837
f 1849//1849 1847//1847 1848//1848
f 1847//1847 1849//1849 1820//1820
f 1848//1848 1837//1837 1849//1849
f 1842//1842 1850//1850 1837//1837
f 1850//1850 1842//1842 1844//1844
f 1850//1850 1851//1851 1837//1837
f 1849//1849 1837//1837 1851//1851
f 1850//1850 1844//1844 1851//1851
f 1852//1852 1849//1849 1851//1851
f 1852//1852 1820//1820 1849//1849
f 1851//1851 1844//1844 1852//1852
f 1852//1852 1853//1853 1820//1820
f 1854//1854 1853//1853 1852//1852
f 1854//1854 1852//1852 1855//1855
f 1852//1852 1844//1844 1855//1855
f 1854//1854 1855//1855 1853//1853
f 1844//1844 1856//1856 1855//1855
f 1856//1856 1844//1844 1846//1846
f 1846//1846 1857//1857 1856//1856
f 1858//1858 1853//1853 1855//1855
f 1856//1856 1858//1858 1855//1855
f 1858//1858 1856//1856 1859//1859
f 1856//1856 1860//1860 1859//1859
f 1857//1857 1860//1860 1856//1856
f 1860//1860 1857//1857 1861//1861
f 1859//1859 1860//1860 1861//1861
f 1861//1861 1862//1862 1859//1859
f 1859//1859 1862//1862 1863//1863
f 1820//1820 1853//1853 1864//1864
f 1820//1820 1864//1864 1865//1865
f 1816//1816 1820//1820 1865//1865
f 1866//1866 1864//1864 1853//1853
f 1864//1864 1866//1866 1865//1865
f 1865//1865 1867//1867 1816//1816
f 1867//1867 1789//1789 1816//1816
f 1865//1865 1866//1866 1868//1868
f 1868//1868 1867//1867 1865//1865
f 1869//1869 1866//1866 1853//1853
f 1868//1868 1866//1866 1869//1869
f 1867//1867 1870//1870 1789//1789
f 1789//1789 1870//1870 1792//1792
f 1871//1871 1869//1869 1853//1853
f 1853//1853 1858//1858 1871//1871
f 1858//1858 1872//1872 1871//1871
f 1873//1873 1869//1869 1871//1871
f 1868//1868 1869//1869 1873//1873
f 1871//1871 1872//1872 1873//1873
f 1867//1867 1868//1868 1874//1874
f 1870//1870 1867//1867 1874//1874
f 1874//1874 1868//1868 1873//1873
f 1870//1870 1875//1875 1792//1792
f 1875//1875 1870//1870 1874//1874
f 1792//1792 1875//1875 1794//1794
f 1874//1874 1873//1873 1876//1876
f 1876//1876 1873//1873 1872//1872
f 1877//1877 1875//1875 1874//1874
f 1877//1877 1794//1794 1875//1875
f 1876//1876 1877//1877 1874//1874
f 1877//1877 1878//1878 1794//1794
f 1073//1073 1794//1794 1878//1878
f 1858//1858 1879//1879 1872//1872
f 1879//1879 1858//1858 1859//1859
f 1879//1879 1859//1859 1880//1880
f 1879//1879 1880//1880 1881//1881
f 1879//1879 1881//1881 1872//1872
f 1882//1882 1877//1877 1876//1876
f 1878//1878 1877//1877 1882//1882
f 1073//1073 1878//1878 1883//1883
f 1061//1061 1073//1073 1883//1883
f 1061//1061 1883//1883 1884//1884
f 1878//1878 1884//1884 1883//1883
f 1063//1063 1061//1061 1884//1884
f 1878//1878 1885//1885 1884//1884
f 1884//1884 1885//1885 1063//1063
f 1878//1878 1882//1882 1885//1885
f 1886//1886 1063//1063 1885//1885
f 1882//1882 1886//1886 1885//1885
f 1041//1041 1063//1063 1886//1886
f 1882//1882 1876//1876 1887//1887
f 1882//1882 1887//1887 1886//1886
f 1887//1887 1876//1876 1888//1888
f 1872//1872 1888//1888 1876//1876
f 1886//1886 1887//1887 1888//1888
f 1889//1889 1872//1872 1881//1881
f 1888//1888 1872//1872 1889//1889
f 1886//1886 1890//1890 1041//1041
f 1888//1888 1890//1890 1886//1886
f 1889//1889 1881//1881 1891//1891
f 1891//1891 1881//1881 1880//1880
f 1889//1889 1892//1892 1888//1888
f 1888//1888 1892//1892 1890//1890
f 1889//1889 1893//1893 1892//1892
f 1890//1890 1892//1892 1893//1893
f 1893//1893 1889//1889 1891//1891
f 1894//1894 1041//1041 1890//1890
f 1894//1894 1890//1890 1893//1893
f 1041//1041 1894//1894 1043//1043
f 1894//1894 1893//1893 1043//1043
f 1893//1893 1895//1895 1043//1043
f 1893//1893 1891//1891 1895//1895
f 1895//1895 1048//1048 1043//1043
f 1880//1880 1896//1896 1891//1891
f 1896//1896 1895//1895 1891//1891
f 1895//1895 1896//1896 1897//1897
f 1895//1895 1897//1897 1898//1898
f 1048//1048 1895//1895 1898//1898
f 1048//1048 1898//1898 1049//1049
f 1049//1049 1898//1898 1899//1899
f 1898//1898 1897//1897 1899//1899
f 1900//1900 1049//1049 1899//1899
f 1007//1007 1049//1049 1900//1900
f 1900//1900 1901//1901 1007//1007
f 1899//1899 1901//1901 1900//1900
f 1901//1901 1008//1008 1007//1007
f 1899//1899 1902//1902 1901//1901
f 1897//1897 1902//1902 1899//1899
f 1902//1902 1008//1008 1901//1901
f 1902//1902 1903//1903 1008//1008
f 1897//1897 1903//1903 1902//1902
f 1903//1903 1904//1904 1008//1008
f 997//997 1904//1904 1903//1903
f 1904//1904 999//999 1008//1008
f 1904//1904 997//997 999//999
f 1897//1897 1896//1896 1905//1905
f 1896//1896 1906//1906 1905//1905
f 1880//1880 1906//1906 1896//1896
f 1907//1907 1903//1903 1897//1897
f 1908//1908 1897//1897 1905//1905
f 1897//1897 1908//1908 1907//1907
f 1909//1909 1905//1905 1906//1906
f 1880//1880 1910//1910 1906//1906
f 1909//1909 1906//1906 1910//1910
f 1905//1905 1911//1911 1908//1908
f 1909//1909 1911//1911 1905//1905
f 1908//1908 1912//1912 1907//1907
f 1913//1913 1903//1903 1907//1907
f 1912//1912 1913//1913 1907//1907
f 1903//1903 1913//1913 1914//1914
f 1915//1915 1914//1914 1913//1913
f 1915//1915 1913//1913 1912//1912
f 1916//1916 1912//1912 1908//1908
f 1911//1911 1916//1916 1908//1908
f 1912//1912 1916//1916 1915//1915
f 1911//1911 1917//1917 1916//1916
f 1915//1915 1916//1916 1917//1917
f 1909//1909 1918//1918 1911//1911
f 1917//1917 1911//1911 1918//1918
f 1919//1919 1909//1909 1910//1910
f 1918//1918 1909//1909 1919//1919
f 1920//1920 1914//1914 1915//1915
f 1915//1915 1917//1917 1920//1920
f 1919//1919 1910//1910 1921//1921
f 1910//1910 1922//1922 1921//1921
f 1922//1922 1910//1910 1880//1880
f 1922//1922 1880//1880 1923//1923
f 1922//1922 1923//1923 1921//1921
f 1859//1859 1923//1923 1880//1880
f 1923//1923 1859//1859 1863//1863
f 1923//1923 1863//1863 1921//1921
f 1863//1863 1924//1924 1921//1921
f 1925//1925 1921//1921 1924//1924
f 1925//1925 1919//1919 1921//1921
f 1925//1925 1924//1924 1926//1926
f 1927//1927 1925//1925 1926//1926
f 1927//1927 1926//1926 1928//1928
f 1927//1927 1928//1928 1929//1929
f 1919//1919 1925//1925 1930//1930
f 1925//1925 1927//1927 1930//1930
f 1919//1919 1930//1930 1931//1931
f 1919//1919 1931//1931 1918//1918
f 1930//1930 1927//1927 1932//1932
f 1931//1931 1930//1930 1932//1932
f 1933//1933 1932//1932 1927//1927
f 1927//1927 1929//1929 1933//1933
f 1933//1933 1931//1931 1932//1932
f 1918//1918 1931//1931 1934//1934
f 1934//1934 1931//1931 1933//1933
f 1935//1935 1934//1934 1933//1933
f 1933//1933 1929//1929 1936//1936
f 1936//1936 1935//1935 1933//1933
f 1929//1929 1937//1937 1936//1936
f 1938//1938 1918//1918 1934//1934
f 1935//1935 1938//1938 1934//1934
f 1917//1917 1918//1918 1938//1938
f 1939//1939 1936//1936 1937//1937
f 1935//1935 1936//1936 1939//1939
f 1937//1937 1940//1940 1939//1939
f 1940//1940 1941//1941 1939//1939
f 1941//1941 1940//1940 1942//1942
f 1942//1942 1943//1943 1941//1941
f 1939//1939 1944//1944 1935//1935
f 1941//1941 1944//1944 1939//1939
f 1941//1941 1945//1945 1944//1944
f 1941//1941 1943//1943 1946//1946
f 1941//1941 1946//1946 1945//1945
f 1946//1946 1943//1943 1947//1947
f 1946//1946 1947//1947 1948//1948
f 1946//1946 1948//1948 1949//1949
f 1949//1949 1945//1945 1946//1946
f 1948//1948 1950//1950 1949//1949
f 1945//1945 1949//1949 1950//1950
f 1950//1950 1951//1951 1945//1945
f 1944//1944 1952//1952 1935//1935
f 1944//1944 1945//1945 1952//1952
f 1951//1951 1953//1953 1945//1945
f 1952//1952 1945//1945 1953//1953
f 1952//1952 1954//1954 1935//1935
f 1935//1935 1954//1954 1938//1938
f 1955//1955 1938//1938 1954//1954
f 1955//1955 1917//1917 1938//1938
f 1956//1956 1955//1955 1954//1954
f 1952//1952 1956//1956 1954//1954
f 1956//1956 1917//1917 1955//1955
f 1957//1957 1956//1956 1952//1952
f 1952//1952 1953//1953 1957//1957
f 1917//1917 1956//1956 1958//1958
f 1958//1958 1956//1956 1957//1957
f 1958//1958 1920//1920 1917//1917
f 1951//1951 1959//1959 1953//1953
f 1951//1951 1960//1960 1959//1959
f 1959//1959 1960//1960 1961//1961
f 1957//1957 1953//1953 1962//1962
f 1962//1962 1953//1953 1959//1959
f 1959//1959 1963//1963 1962//1962
f 1959//1959 1961//1961 1964//1964
f 1964//1964 1963//1963 1959//1959
f 1957//1957 1962//1962 1965//1965
f 1965//1965 1958//1958 1957//1957
f 1920//1920 1958//1958 1966//1966
f 1920//1920 1966//1966 1914//1914
f 1961//1961 1967//1967 1964//1964
f 1961//1961 1968//1968 1967//1967
f 1968//1968 1969//1969 1967//1967
f 1970//1970 1964//1964 1967//1967
f 1970//1970 1963//1963 1964//1964
f 1971//1971 1967//1967 1969//1969
f 1971//1971 1970//1970 1967//1967
f 1962//1962 1972//1972 1965//1965
f 1963//1963 1972//1972 1962//1962
f 1973//1973 1958//1958 1965//1965
f 1973//1973 1966//1966 1958//1958
f 1974//1974 1973//1973 1965//1965
f 1965//1965 1972//1972 1974//1974
f 1974//1974 1966//1966 1973//1973
f 1914//1914 1966//1966 1975//1975
f 1966//1966 1974//1974 1975//1975
f 1974//1974 1972//1972 1976//1976
f 1963//1963 1976//1976 1972//1972
f 1963//1963 1970//1970 1977//1977
f 1971//1971 1977//1977 1970//1970
f 1978//1978 1971//1971 1969//1969
f 1979//1979 1978//1978 1969//1969
f 1974//1974 1976//1976 1980//1980
f 1980//1980 1975//1975 1974//1974
f 1981//1981 1976//1976 1963//1963
f 1963//1963 1977//1977 1981//1981
f 1980//1980 1976//1976 1981//1981
f 1971//1971 1982//1982 1977//1977
f 1982//1982 1971//1971 1978//1978
f 1977//1977 1982//1982 1981//1981
f 1979//1979 1983//1983 1978//1978
f 1984//1984 1983//1983 1979//1979
f 1983//1983 1984//1984 1985//1985
f 1982//1982 1978//1978 1986//1986
f 1986//1986 1978//1978 1983//1983
f 1981//1981 1982//1982 1987//1987
f 1980//1980 1981//1981 1988//1988
f 1981//1981 1987//1987 1988//1988
f 1982//1982 1986//1986 1989//1989
f 1982//1982 1989//1989 1987//1987
f 1990//1990 1986//1986 1983//1983
f 1985//1985 1991//1991 1983//1983
f 1991//1991 1990//1990 1983//1983
f 1989//1989 1986//1986 1992//1992
f 1990//1990 1992//1992 1986//1986
f 1993//1993 1989//1989 1992//1992
f 1993//1993 1992//1992 1990//1990
f 1994//1994 1993//1993 1990//1990
f 1993//1993 1994//1994 1995//1995
f 1993//1993 1995//1995 1989//1989
f 1995//1995 1987//1987 1989//1989
f 1996//1996 1987//1987 1995//1995
f 1995//1995 1994//1994 1996//1996
f 1997//1997 1987//1987 1996//1996
f 1987//1987 1997//1997 1988//1988
f 1996//1996 1998//1998 1997//1997
f 1998//1998 1996//1996 1994//1994
f 1998//1998 1994//1994 1999//1999
f 2000//2000 1997//1997 1998//1998
f 1997//1997 2000//2000 1988//1988
f 1999//1999 2000//2000 1998//1998
f 2001//2001 1990//1990 1991//1991
f 1994//1994 1990//1990 2001//2001
f 2000//2000 2002//2002 1988//1988
f 2003//2003 2000//2000 1999//1999
f 2003//2003 2002//2002 2000//2000
f 2004//2004 1988//1988 2002//2002
f 2004//2004 1980//1980 1988//1988
f 2003//2003 1009//1009 2002//2002
f 2004//2004 2002//2002 1009//1009
f 2003//2003 2005//2005 1009//1009
f 2005//2005 2003//2003 1999//1999
f 2005//2005 1001//1001 1009//1009
f 997//997 2004//2004 1009//1009
f 2006//2006 1980//1980 2004//2004
f 1980//1980 2006//2006 1975//1975
f 2005//2005 2007//2007 1001//1001
f 2005//2005 1999//1999 2007//2007
f 2004//2004 997//997 2008//2008
f 2008//2008 2006//2006 2004//2004
f 997//997 2009//2009 2008//2008
f 2009//2009 2006//2006 2008//2008
f 2009//2009 997//997 1903//1903
f 2010//2010 1975//1975 2006//2006
f 2009//2009 2010//2010 2006//2006
f 1914//1914 1975//1975 2010//2010
f 2011//2011 2009//2009 1903//1903
f 2011//2011 2010//2010 2009//2009
f 2012//2012 1914//1914 2010//2010
f 2012//2012 2010//2010 2011//2011
f 2013//2013 2011//2011 1903//1903
f 2013//2013 1903//1903 1914//1914
f 2013//2013 1914//1914 2012//2012
f 2011//2011 2013//2013 2012//2012
f 2007//2007 2014//2014 1001//1001
f 2014//2014 961//961 1001//1001
f 2014//2014 960//960 961//961
f 960//960 2014//2014 2015//2015
f 2007//2007 2015//2015 2014//2014
f 960//960 2015//2015 2016//2016
f 960//960 2016//2016 942//942
f 2015//2015 2007//2007 2017//2017
f 2016//2016 2015//2015 2017//2017
f 2018//2018 942//942 2016//2016
f 2016//2016 2019//2019 2018//2018
f 918//918 942//942 2018//2018
f 918//918 2018//2018 2020//2020
f 2020//2020 2018//2018 2019//2019
f 924//924 918//918 2020//2020
f 2007//2007 2021//2021 2017//2017
f 2021//2021 2007//2007 1999//1999
f 2022//2022 2016//2016 2017//2017
f 2019//2019 2016//2016 2022//2022
f 2017//2017 2021//2021 2023//2023
f 2022//2022 2017//2017 2023//2023
f 2024//2024 2021//2021 1999//1999
f 2021//2021 2024//2024 2023//2023
f 1999//1999 1994//1994 2024//2024
f 2022//2022 2023//2023 2025//2025
f 2025//2025 2019//2019 2022//2022
f 2024//2024 1994//1994 2026//2026
f 2001//2001 2026//2026 1994//1994
f 2024//2024 2027//2027 2023//2023
f 2023//2023 2027//2027 2025//2025
f 2024//2024 2026//2026 2028//2028
f 2028//2028 2027//2027 2024//2024
f 2001//2001 2029//2029 2026//2026
f 2026//2026 2029//2029 2028//2028
f 2027//2027 2028//2028 2030//2030
f 2028//2028 2029//2029 2030//2030
f 2025//2025 2027//2027 2031//2031
f 2031//2031 2027//2027 2030//2030
f 2032//2032 2029//2029 2001//2001
f 2033//2033 2029//2029 2032//2032
f 2001//2001 1991//1991 2032//2032
f 1991//1991 2034//2034 2032//2032
f 2032//2032 2034//2034 2033//2033
f 1991//1991 1985//1985 2034//2034
f 2029//2029 2035//2035 2030//2030
f 2035//2035 2029//2029 2033//2033
f 2031//2031 2030//2030 2036//2036
f 2035//2035 2036//2036 2030//2030
f 2025//2025 2031//2031 2037//2037
f 2036//2036 2037//2037 2031//2031
f 2035//2035 2038//2038 2036//2036
f 2037//2037 2036//2036 2038//2038
f 2039//2039 2025//2025 2037//2037
f 2039//2039 2019//2019 2025//2025
f 2040//2040 2035//2035 2033//2033
f 2035//2035 2040//2040 2038//2038
f 2038//2038 2041//2041 2037//2037
f 2037//2037 2041//2041 2039//2039
f 2042//2042 2019//2019 2039//2039
f 2043//2043 2039//2039 2041//2041
f 2039//2039 2043//2043 2042//2042
f 2044//2044 2019//2019 2042//2042
f 2019//2019 2044//2044 2020//2020
f 2044//2044 2042//2042 2045//2045
f 2020//2020 2044//2044 2045//2045
f 2042//2042 2043//2043 2045//2045
f 2020//2020 2045//2045 924//924
f 2046//2046 2043//2043 2041//2041
f 2043//2043 2046//2046 2045//2045
f 924//924 2045//2045 2047//2047
f 2045//2045 2046//2046 2047//2047
f 2047//2047 926//926 924//924
f 2046//2046 2041//2041 2048//2048
f 2041//2041 2038//2038 2048//2048
f 2047//2047 2046//2046 2048//2048
f 2049//2049 926//926 2047//2047
f 2047//2047 2048//2048 2049//2049
f 2049//2049 925//925 926//926
f 2048//2048 2038//2038 2050//2050
f 2038//2038 2040//2040 2050//2050
f 2048//2048 2051//2051 2049//2049
f 2050//2050 2051//2051 2048//2048
f 2052//2052 925//925 2049//2049
f 2052//2052 2053//2053 925//925
f 881//881 925//925 2053//2053
f 2052//2052 2049//2049 2054//2054
f 2054//2054 2049//2049 2051//2051
f 2053//2053 2052//2052 2054//2054
f 881//881 2053//2053 2055//2055
f 870//870 881//881 2055//2055
f 2053//2053 2054//2054 2056//2056
f 2053//2053 2056//2056 2055//2055
f 2055//2055 2057//2057 870//870
f 2057//2057 867//867 870//870
f 2055//2055 2058//2058 2057//2057
f 2055//2055 2056//2056 2058//2058
f 2058//2058 867//867 2057//2057
f 2058//2058 2056//2056 2059//2059
f 2058//2058 2060//2060 867//867
f 2059//2059 2060//2060 2058//2058
f 2061//2061 2054//2054 2051//2051
f 2056//2056 2054//2054 2062//2062
f 2061//2061 2062//2062 2054//2054
f 2063//2063 2059//2059 2056//2056
f 2056//2056 2062//2062 2063//2063
f 2062//2062 2064//2064 2063//2063
f 2064//2064 2059//2059 2063//2063
f 2065//2065 2061//2061 2051//2051
f 2065//2065 2051//2051 2050//2050
f 2062//2062 2066//2066 2064//2064
f 2061//2061 2066//2066 2062//2062
f 2067//2067 2061//2061 2065//2065
f 2065//2065 2050//2050 2068//2068
f 2068//2068 2067//2067 2065//2065
f 2069//2069 2066//2066 2061//2061
f 2067//2067 2069//2069 2061//2061
f 2070//2070 2064//2064 2066//2066
f 2069//2069 2070//2070 2066//2066
f 2050//2050 2071//2071 2068//2068
f 2071//2071 2050//2050 2040//2040
f 2040//2040 2072//2072 2071//2071
f 2033//2033 2072//2072 2040//2040
f 2071//2071 2073//2073 2068//2068
f 2072//2072 2073//2073 2071//2071
f 2067//2067 2068//2068 2074//2074
f 2074//2074 2068//2068 2073//2073
f 2073//2073 2075//2075 2074//2074
f 2067//2067 2076//2076 2069//2069
f 2067//2067 2074//2074 2076//2076
f 2072//2072 2033//2033 2077//2077
f 2077//2077 2073//2073 2072//2072
f 2033//2033 2078//2078 2077//2077
f 2033//2033 2034//2034 2078//2078
f 2073//2073 2077//2077 2079//2079
f 2077//2077 2078//2078 2079//2079
f 2079//2079 2075//2075 2073//2073
f 2078//2078 2034//2034 2080//2080
f 2080//2080 2079//2079 2078//2078
f 2081//2081 2069//2069 2076//2076
f 2069//2069 2081//2081 2070//2070
f 2081//2081 2082//2082 2070//2070
f 2075//2075 2079//2079 2083//2083
f 2080//2080 2083//2083 2079//2079
f 2080//2080 2034//2034 2084//2084
f 2084//2084 2034//2034 1985//1985
f 2084//2084 2085//2085 2080//2080
f 2084//2084 1985//1985 2085//2085
f 2080//2080 2085//2085 2083//2083
f 1985//1985 2086//2086 2085//2085
f 2083//2083 2085//2085 2087//2087
f 2085//2085 2086//2086 2087//2087
f 2070//2070 2082//2082 2088//2088
f 2070//2070 2088//2088 2064//2064
f 2088//2088 2089//2089 2064//2064
f 2064//2064 2089//2089 2090//2090
f 2059//2059 2064//2064 2090//2090
f 2090//2090 2089//2089 2059//2059
f 2087//2087 2091//2091 2083//2083
f 2091//2091 2075//2075 2083//2083
f 2088//2088 2082//2082 2092//2092
f 2089//2089 2088//2088 2092//2092
f 2059//2059 2089//2089 2093//2093
f 2093//2093 2060//2060 2059//2059
f 2093//2093 2089//2089 2094//2094
f 2093//2093 2094//2094 2060//2060
f 2095//2095 2089//2089 2092//2092
f 2094//2094 2089//2089 2095//2095
f 2094//2094 2095//2095 2096//2096
f 2094//2094 2097//2097 2060//2060
f 2060//2060 2097//2097 867//867
f 2098//2098 2095//2095 2092//2092
f 2098//2098 2096//2096 2095//2095
f 2094//2094 2096//2096 2099//2099
f 2099//2099 2097//2097 2094//2094
f 2097//2097 2100//2100 867//867
f 867//867 2100//2100 853//853
f 2097//2097 2099//2099 2101//2101
f 2096//2096 2101//2101 2099//2099
f 853//853 2100//2100 2102//2102
f 850//850 853//853 2102//2102
f 850//850 2102//2102 851//851
f 2097//2097 2103//2103 2100//2100
f 2097//2097 2101//2101 2103//2103
f 2100//2100 2104//2104 2102//2102
f 2103//2103 2104//2104 2100//2100
f 2102//2102 2105//2105 851//851
f 2105//2105 2102//2102 2104//2104
f 2105//2105 2104//2104 2106//2106
f 2103//2103 2107//2107 2104//2104
f 2106//2106 2104//2104 2107//2107
f 2103//2103 2101//2101 2108//2108
f 2108//2108 2107//2107 2103//2103
f 2108//2108 2101//2101 2109//2109
f 2109//2109 2107//2107 2108//2108
f 2101//2101 2096//2096 2110//2110
f 2101//2101 2110//2110 2109//2109
f 2111//2111 2107//2107 2109//2109
f 2107//2107 2111//2111 2106//2106
f 2110//2110 2112//2112 2109//2109
f 2111//2111 2109//2109 2112//2112
f 2113//2113 851//851 2105//2105
f 2114//2114 2105//2105 2106//2106
f 2113//2113 2105//2105 2114//2114
f 2113//2113 2115//2115 851//851
f 851//851 2115//2115 859//859
f 2114//2114 2116//2116 2113//2113
f 2114//2114 2106//2106 2116//2116
f 2115//2115 2113//2113 2117//2117
f 859//859 2115//2115 2117//2117
f 2117//2117 2113//2113 2116//2116
f 2116//2116 2106//2106 2118//2118
f 2117//2117 2116//2116 2118//2118
f 859//859 2117//2117 2119//2119
f 859//859 2119//2119 786//786
f 786//786 2119//2119 800//800
f 2106//2106 2111//2111 2120//2120
f 2106//2106 2120//2120 2118//2118
f 2118//2118 2121//2121 2117//2117
f 2117//2117 2121//2121 2119//2119
f 2118//2118 2122//2122 2121//2121
f 2122//2122 2118//2118 2120//2120
f 2119//2119 2121//2121 2123//2123
f 2122//2122 2123//2123 2121//2121
f 800//800 2119//2119 2124//2124
f 2119//2119 2123//2123 2124//2124
f 800//800 2124//2124 2125//2125
f 800//800 2125//2125 774//774
f 2125//2125 2126//2126 774//774
f 774//774 2126//2126 771//771
f 2127//2127 2126//2126 2125//2125
f 2125//2125 2124//2124 2127//2127
f 771//771 2126//2126 2128//2128
f 2128//2128 2126//2126 2127//2127
f 771//771 2128//2128 2129//2129
f 771//771 2129//2129 767//767
f 2128//2128 2130//2130 2129//2129
f 2130//2130 767//767 2129//2129
f 2127//2127 2131//2131 2128//2128
f 2131//2131 2130//2130 2128//2128
f 2127//2127 2132//2132 2131//2131
f 2124//2124 2133//2133 2127//2127
f 2127//2127 2133//2133 2132//2132
f 2123//2123 2134//2134 2124//2124
f 2124//2124 2134//2134 2133//2133
f 2130//2130 2131//2131 2135//2135
f 2132//2132 2135//2135 2131//2131
f 767//767 2130//2130 2136//2136
f 2135//2135 2136//2136 2130//2130
f 2123//2123 2137//2137 2134//2134
f 2137//2137 2123//2123 2122//2122
f 2134//2134 2138//2138 2133//2133
f 2133//2133 2138//2138 2132//2132
f 2139//2139 2137//2137 2122//2122
f 2139//2139 2122//2122 2120//2120
f 2140//2140 2138//2138 2134//2134
f 2140//2140 2134//2134 2137//2137
f 2137//2137 2141//2141 2140//2140
f 2140//2140 2142//2142 2138//2138
f 2140//2140 2141//2141 2142//2142
f 2138//2138 2142//2142 2143//2143
f 2138//2138 2143//2143 2132//2132
f 2142//2142 2141//2141 2143//2143
f 2137//2137 2139//2139 2144//2144
f 2144//2144 2141//2141 2137//2137
f 2145//2145 2144//2144 2139//2139
f 2139//2139 2120//2120 2146//2146
f 2146//2146 2145//2145 2139//2139
f 2146//2146 2120//2120 2147//2147
f 2146//2146 2147//2147 2145//2145
f 2111//2111 2147//2147 2120//2120
f 2147//2147 2111//2111 2148//2148
f 2111//2111 2112//2112 2148//2148
f 2132//2132 2143//2143 2149//2149
f 2143//2143 2141//2141 2150//2150
f 2143//2143 2150//2150 2149//2149
f 2150//2150 2151//2151 2149//2149
f 2132//2132 2149//2149 2152//2152
f 2132//2132 2152//2152 2135//2135
f 2149//2149 2151//2151 2153//2153
f 2153//2153 2152//2152 2149//2149
f 2152//2152 2154//2154 2135//2135
f 2136//2136 2135//2135 2154//2154
f 2154//2154 2152//2152 2155//2155
f 2152//2152 2153//2153 2155//2155
f 2156//2156 2136//2136 2154//2154
f 2155//2155 2156//2156 2154//2154
f 2157//2157 2136//2136 2156//2156
f 2136//2136 2157//2157 767//767
f 2157//2157 2156//2156 767//767
f 768//768 767//767 2156//2156
f 2156//2156 2155//2155 2158//2158
f 2158//2158 768//768 2156//2156
f 2155//2155 2153//2153 2159//2159
f 2155//2155 2159//2159 2158//2158
f 2158//2158 2159//2159 2160//2160
f 2161//2161 2153//2153 2151//2151
f 2153//2153 2161//2161 2159//2159
f 2161//2161 2162//2162 2159//2159
f 2161//2161 2151//2151 2162//2162
f 2159//2159 2163//2163 2160//2160
f 2163//2163 2159//2159 2162//2162
f 2158//2158 2164//2164 768//768
f 2160//2160 2165//2165 2158//2158
f 2164//2164 2158//2158 2165//2165
f 2166//2166 768//768 2164//2164
f 768//768 2166//2166 756//756
f 2167//2167 2164//2164 2165//2165
f 2168//2168 2166//2166 2164//2164
f 2168//2168 2164//2164 2167//2167
f 2165//2165 2169//2169 2167//2167
f 2170//2170 2165//2165 2160//2160
f 2169//2169 2165//2165 2170//2170
f 2171//2171 2170//2170 2160//2160
f 2172//2172 2169//2169 2170//2170
f 2173//2173 2167//2167 2169//2169
f 2173//2173 2168//2168 2167//2167
f 2171//2171 2174//2174 2170//2170
f 2172//2172 2170//2170 2174//2174
f 2169//2169 2175//2175 2173//2173
f 2172//2172 2175//2175 2169//2169
f 756//756 2166//2166 2176//2176
f 756//756 2176//2176 2177//2177
f 2177//2177 755//755 756//756
f 2168//2168 2178//2178 2166//2166
f 2179//2179 2166//2166 2178//2178
f 2178//2178 2168//2168 2179//2179
f 2166//2166 2179//2179 2176//2176
f 2179//2179 2168//2168 2180//2180
f 2168//2168 2173//2173 2180//2180
f 2176//2176 2179//2179 2181//2181
f 2180//2180 2181//2181 2179//2179
f 2182//2182 2180//2180 2173//2173
f 2181//2181 2180//2180 2182//2182
f 2176//2176 2181//2181 2183//2183
f 2176//2176 2183//2183 2177//2177
f 2182//2182 2173//2173 2184//2184
f 2184//2184 2173//2173 2175//2175
f 2185//2185 2181//2181 2182//2182
f 2185//2185 2183//2183 2181//2181
f 2184//2184 2185//2185 2182//2182
f 2185//2185 2186//2186 2183//2183
f 2183//2183 2187//2187 2177//2177
f 2186//2186 2187//2187 2183//2183
f 2188//2188 2185//2185 2184//2184
f 2185//2185 2188//2188 2186//2186
f 2189//2189 2177//2177 2187//2187
f 2177//2177 2189//2189 755//755
f 2189//2189 2187//2187 2190//2190
f 2187//2187 2186//2186 2190//2190
f 2191//2191 2184//2184 2175//2175
f 2184//2184 2191//2191 2188//2188
f 2189//2189 2192//2192 755//755
f 2189//2189 2190//2190 2192//2192
f 755//755 2192//2192 2193//2193
f 2192//2192 2190//2190 2194//2194
f 2193//2193 2192//2192 2194//2194
f 2195//2195 2194//2194 2190//2190
f 2196//2196 2195//2195 2190//2190
f 2186//2186 2196//2196 2190//2190
f 2193//2193 2197//2197 755//755
f 2197//2197 727//727 755//755
f 2193//2193 2198//2198 2197//2197
f 2194//2194 2198//2198 2193//2193
f 727//727 2197//2197 2198//2198
f 2199//2199 2194//2194 2195//2195
f 2198//2198 2194//2194 2199//2199
f 727//727 2198//2198 2200//2200
f 728//728 727//727 2200//2200
f 2198//2198 2199//2199 2201//2201
f 2201//2201 2200//2200 2198//2198
f 2200//2200 2202//2202 728//728
f 2201//2201 2202//2202 2200//2200
f 2203//2203 2201//2201 2199//2199
f 2203//2203 2199//2199 2195//2195
f 2204//2204 2201//2201 2203//2203
f 2204//2204 2202//2202 2201//2201
f 2204//2204 2203//2203 2195//2195
f 728//728 2202//2202 2205//2205
f 2202//2202 2204//2204 2205//2205
f 2205//2205 734//734 728//728
f 2206//2206 2205//2205 2204//2204
f 2204//2204 2195//2195 2207//2207
f 2206//2206 2204//2204 2207//2207
f 2208//2208 734//734 2205//2205
f 2208//2208 2205//2205 2206//2206
f 2195//2195 2209//2209 2207//2207
f 2210//2210 2207//2207 2209//2209
f 2211//2211 2207//2207 2210//2210
f 2206//2206 2207//2207 2211//2211
f 2210//2210 2209//2209 2212//2212
f 2195//2195 2212//2212 2209//2209
f 2212//2212 2195//2195 2196//2196
f 2213//2213 2210//2210 2212//2212
f 2212//2212 2196//2196 2213//2213
f 2213//2213 2196//2196 2214//2214
f 2210//2210 2213//2213 2215//2215
f 2213//2213 2214//2214 2215//2215
f 2216//2216 2214//2214 2196//2196
f 2216//2216 2196//2196 2186//2186
f 2186//2186 2217//2217 2216//2216
f 2217//2217 2186//2186 2188//2188
f 2218//2218 2217//2217 2188//2188
f 2218//2218 2216//2216 2217//2217
f 2218//2218 2188//2188 2191//2191
f 2216//2216 2219//2219 2214//2214
f 2215//2215 2214//2214 2220//2220
f 2219//2219 2220//2220 2214//2214
f 2216//2216 2218//2218 2221//2221
f 2221//2221 2219//2219 2216//2216
f 2222//2222 2218//2218 2191//2191
f 2221//2221 2218//2218 2223//2223
f 2218//2218 2222//2222 2223//2223
f 2219//2219 2221//2221 2224//2224
f 2223//2223 2224//2224 2221//2221
f 2191//2191 2225//2225 2222//2222
f 2225//2225 2191//2191 2175//2175
f 2175//2175 2226//2226 2225//2225
f 2175//2175 2172//2172 2226//2226
f 2215//2215 2220//2220 2227//2227
f 2219//2219 2228//2228 2220//2220
f 2227//2227 2220//2220 2228//2228
f 2219//2219 2229//2229 2228//2228
f 2229//2229 2219//2219 2224//2224
f 2230//2230 2215//2215 2227//2227
f 2210//2210 2215//2215 2230//2230
f 2227//2227 2228//2228 2231//2231
f 2228//2228 2229//2229 2231//2231
f 2232//2232 2230//2230 2227//2227
f 2210//2210 2230//2230 2232//2232
f 2232//2232 2227//2227 2231//2231
f 2232//2232 2231//2231 2233//2233
f 2210//2210 2232//2232 2234//2234
f 2234//2234 2235//2235 2210//2210
f 2211//2211 2210//2210 2235//2235
f 2235//2235 2234//2234 2211//2211
f 2211//2211 2234//2234 2236//2236
f 2232//2232 2237//2237 2234//2234
f 2232//2232 2233//2233 2237//2237
f 2236//2236 2234//2234 2237//2237
f 2237//2237 2233//2233 2236//2236
f 2238//2238 2211//2211 2236//2236
f 2206//2206 2211//2211 2238//2238
f 2239//2239 2206//2206 2238//2238
f 2206//2206 2239//2239 2208//2208
f 2239//2239 2238//2238 2240//2240
f 2238//2238 2236//2236 2241//2241
f 2238//2238 2241//2241 2240//2240
f 2240//2240 2242//2242 2239//2239
f 2242//2242 2208//2208 2239//2239
f 2241//2241 2243//2243 2240//2240
f 2240//2240 2243//2243 2242//2242
f 2244//2244 2243//2243 2241//2241
f 2236//2236 2245//2245 2241//2241
f 2244//2244 2241//2241 2245//2245
f 2246//2246 2245//2245 2236//2236
f 2233//2233 2246//2246 2236//2236
f 2245//2245 2246//2246 2244//2244
f 2242//2242 2243//2243 2247//2247
f 2243//2243 2244//2244 2247//2247
f 2248//2248 2208//2208 2242//2242
f 2249//2249 2242//2242 2247//2247
f 2248//2248 2242//2242 2249//2249
f 2250//2250 2208//2208 2248//2248
f 2208//2208 2250//2250 734//734
f 2248//2248 2249//2249 2251//2251
f 2248//2248 2252//2252 2250//2250
f 2251//2251 2252//2252 2248//2248
f 2250//2250 2253//2253 734//734
f 2250//2250 2252//2252 2253//2253
f 2253//2253 2254//2254 734//734
f 732//732 734//734 2254//2254
f 2254//2254 2255//2255 732//732
f 2254//2254 2253//2253 2256//2256
f 2252//2252 2256//2256 2253//2253
f 2256//2256 2255//2255 2254//2254
f 2252//2252 2257//2257 2256//2256
f 2256//2256 2257//2257 2255//2255
f 2247//2247 2258//2258 2249//2249
f 2249//2249 2258//2258 2251//2251
f 2259//2259 2252//2252 2251//2251
f 2252//2252 2259//2259 2257//2257
f 2260//2260 2259//2259 2251//2251
f 2251//2251 2258//2258 2260//2260
f 2255//2255 2261//2261 732//732
f 732//732 2261//2261 735//735
f 2262//2262 2257//2257 2259//2259
f 2260//2260 2262//2262 2259//2259
f 2260//2260 2263//2263 2262//2262
f 2264//2264 2263//2263 2260//2260
f 2264//2264 2260//2260 2265//2265
f 2258//2258 2265//2265 2260//2260
f 2266//2266 2258//2258 2247//2247
f 2265//2265 2258//2258 2266//2266
f 2267//2267 2257//2257 2262//2262
f 2263//2263 2267//2267 2262//2262
f 2268//2268 2255//2255 2257//2257
f 2267//2267 2268//2268 2257//2257
f 2269//2269 2255//2255 2268//2268
f 2267//2267 2269//2269 2268//2268
f 2270//2270 2261//2261 2255//2255
f 2255//2255 2269//2269 2270//2270
f 2261//2261 2270//2270 2271//2271
f 2261//2261 2271//2271 735//735
f 2266//2266 2247//2247 2272//2272
f 2247//2247 2244//2244 2272//2272
f 2267//2267 2263//2263 2273//2273
f 2269//2269 2267//2267 2273//2273
f 2274//2274 2270//2270 2269//2269
f 2274//2274 2271//2271 2270//2270
f 735//735 2271//2271 2275//2275
f 730//730 735//735 2275//2275
f 2275//2275 2271//2271 2276//2276
f 2275//2275 2276//2276 730//730
f 2276//2276 2271//2271 2274//2274
f 2274//2274 2269//2269 2277//2277
f 2273//2273 2277//2277 2269//2269
f 2276//2276 2278//2278 730//730
f 2278//2278 721//721 730//730
f 2274//2274 2279//2279 2276//2276
f 2277//2277 2279//2279 2274//2274
f 2276//2276 2279//2279 2278//2278
f 2280//2280 2277//2277 2273//2273
f 2281//2281 2273//2273 2263//2263
f 2280//2280 2273//2273 2281//2281
f 2280//2280 2281//2281 2282//2282
f 2277//2277 2280//2280 2283//2283
f 2277//2277 2283//2283 2279//2279
f 2283//2283 2280//2280 2284//2284
f 2284//2284 2279//2279 2283//2283
f 2280//2280 2282//2282 2284//2284
f 2278//2278 2279//2279 2285//2285
f 2284//2284 2285//2285 2279//2279
f 721//721 2278//2278 2286//2286
f 2286//2286 2278//2278 2285//2285
f 2284//2284 2287//2287 2285//2285
f 2282//2282 2287//2287 2284//2284
f 721//721 2286//2286 2288//2288
f 721//721 2288//2288 538//538
f 2289//2289 2286//2286 2285//2285
f 2287//2287 2289//2289 2285//2285
f 2288//2288 2286//2286 2289//2289
f 2289//2289 2287//2287 2290//2290
f 2287//2287 2282//2282 2290//2290
f 2288//2288 2289//2289 2291//2291
f 2290//2290 2291//2291 2289//2289
f 538//538 2288//2288 2292//2292
f 2292//2292 2288//2288 2291//2291
f 2293//2293 2291//2291 2290//2290
f 2290//2290 2282//2282 2293//2293
f 2282//2282 2294//2294 2293//2293
f 2295//2295 2292//2292 2291//2291
f 2292//2292 2295//2295 538//538
f 2295//2295 2291//2291 2293//2293
f 2293//2293 2296//2296 2295//2295
f 2294//2294 2297//2297 2293//2293
f 2297//2297 2296//2296 2293//2293
f 2296//2296 2297//2297 2294//2294
f 2295//2295 2298//2298 538//538
f 538//538 2298//2298 537//537
f 2299//2299 2294//2294 2282//2282
f 2282//2282 2281//2281 2299//2299
f 2300//2300 2299//2299 2281//2281
f 2300//2300 2281//2281 2263//2263
f 2301//2301 2295//2295 2296//2296
f 2301//2301 2298//2298 2295//2295
f 2302//2302 537//537 2298//2298
f 2302//2302 540//540 537//537
f 2301//2301 2303//2303 2298//2298
f 2303//2303 2302//2302 2298//2298
f 2296//2296 2303//2303 2301//2301
f 2304//2304 2294//2294 2299//2299
f 2304//2304 2299//2299 2300//2300
f 2305//2305 2300//2300 2263//2263
f 2263//2263 2264//2264 2305//2305
f 2302//2302 2306//2306 540//540
f 2302//2302 2303//2303 2306//2306
f 2300//2300 2307//2307 2304//2304
f 2300//2300 2305//2305 2307//2307
f 2308//2308 2296//2296 2294//2294
f 2309//2309 2303//2303 2296//2296
f 2309//2309 2296//2296 2308//2308
f 2310//2310 2294//2294 2304//2304
f 2294//2294 2310//2310 2308//2308
f 2304//2304 2311//2311 2310//2310
f 2311//2311 2304//2304 2307//2307
f 2310//2310 2311//2311 2308//2308
f 2303//2303 2309//2309 2312//2312
f 2303//2303 2312//2312 2306//2306
f 2313//2313 2309//2309 2308//2308
f 2313//2313 2308//2308 2311//2311
f 2309//2309 2313//2313 2312//2312
f 2314//2314 2311//2311 2307//2307
f 2307//2307 2305//2305 2314//2314
f 2314//2314 2315//2315 2311//2311
f 2311//2311 2315//2315 2313//2313
f 2316//2316 2314//2314 2305//2305
f 2314//2314 2316//2316 2315//2315
f 2315//2315 2316//2316 2317//2317
f 2317//2317 2318//2318 2315//2315
f 2318//2318 2313//2313 2315//2315
f 2318//2318 2317//2317 2319//2319
f 2318//2318 2319//2319 2313//2313
f 2319//2319 2312//2312 2313//2313
f 2320//2320 2316//2316 2305//2305
f 2320//2320 2305//2305 2264//2264
f 2321//2321 2312//2312 2319//2319
f 2319//2319 2317//2317 2321//2321
f 2312//2312 2321//2321 2322//2322
f 2306//2306 2312//2312 2322//2322
f 2323//2323 2317//2317 2316//2316
f 2323//2323 2316//2316 2320//2320
f 2321//2321 2324//2324 2322//2322
f 2324//2324 2321//2321 2317//2317
f 2306//2306 2322//2322 2325//2325
f 540//540 2306//2306 2325//2325
f 2324//2324 2326//2326 2322//2322
f 2324//2324 2327//2327 2326//2326
f 2328//2328 2327//2327 2324//2324
f 2317//2317 2328//2328 2324//2324
f 2322//2322 2326//2326 2329//2329
f 2322//2322 2329//2329 2325//2325
f 2329//2329 2326//2326 2330//2330
f 2325//2325 2329//2329 2330//2330
f 2330//2330 2326//2326 2327//2327
f 2327//2327 2331//2331 2330//2330
f 2330//2330 2332//2332 2325//2325
f 2325//2325 2332//2332 540//540
f 2331//2331 2332//2332 2330//2330
f 2332//2332 2333//2333 540//540
f 2333//2333 2332//2332 2331//2331
f 497//497 540//540 2333//2333
f 2333//2333 2334//2334 497//497
f 2334//2334 502//502 497//497
f 2333//2333 2335//2335 2334//2334
f 502//502 2334//2334 2335//2335
f 2335//2335 2333//2333 2331//2331
f 504//504 502//502 2335//2335
f 2331//2331 504//504 2335//2335
f 504//504 2331//2331 2336//2336
f 2337//2337 2331//2331 2327//2327
f 2336//2336 2331//2331 2337//2337
f 2336//2336 2338//2338 504//504
f 479//479 504//504 2338//2338
f 2337//2337 2327//2327 2339//2339
f 2336//2336 2337//2337 2340//2340
f 2337//2337 2339//2339 2340//2340
f 2341//2341 2338//2338 2336//2336
f 2340//2340 2342//2342 2336//2336
f 2341//2341 2336//2336 2342//2342
f 2342//2342 2340//2340 2343//2343
f 2343//2343 2341//2341 2342//2342
f 2343//2343 2340//2340 2339//2339
f 2341//2341 2344//2344 2338//2338
f 479//479 2338//2338 2344//2344
f 2343//2343 2344//2344 2341//2341
f 2339//2339 2327//2327 2345//2345
f 2345//2345 2327//2327 2346//2346
f 2328//2328 2346//2346 2327//2327
f 2347//2347 2346//2346 2328//2328
f 2328//2328 2317//2317 2347//2347
f 2347//2347 2317//2317 2348//2348
f 2317//2317 2323//2323 2348//2348
f 2346//2346 2347//2347 2349//2349
f 2349//2349 2347//2347 2348//2348
f 2345//2345 2346//2346 2350//2350
f 2346//2346 2349//2349 2350//2350
f 2349//2349 2351//2351 2350//2350
f 2352//2352 2345//2345 2350//2350
f 2345//2345 2352//2352 2339//2339
f 2351//2351 2352//2352 2350//2350
f 2353//2353 2343//2343 2339//2339
f 2353//2353 2339//2339 2352//2352
f 2351//2351 2354//2354 2352//2352
f 2354//2354 2353//2353 2352//2352
f 2353//2353 2355//2355 2343//2343
f 2344//2344 2343//2343 2355//2355
f 2356//2356 2353//2353 2354//2354
f 2356//2356 2355//2355 2353//2353
f 2355//2355 2357//2357 2344//2344
f 2344//2344 2357//2357 2358//2358
f 479//479 2344//2344 2358//2358
f 2359//2359 2358//2358 2357//2357
f 479//479 2358//2358 2359//2359
f 2355//2355 2360//2360 2357//2357
f 482//482 479//479 2359//2359
f 2355//2355 2356//2356 2361//2361
f 2360//2360 2355//2355 2361//2361
f 2360//2360 2361//2361 2362//2362
f 2354//2354 2363//2363 2356//2356
f 2364//2364 2361//2361 2356//2356
f 2363//2363 2364//2364 2356//2356
f 2362//2362 2361//2361 2365//2365
f 2361//2361 2364//2364 2365//2365
f 2354//2354 2366//2366 2363//2363
f 2351//2351 2366//2366 2354//2354
f 2367//2367 482//482 2359//2359
f 2357//2357 2368//2368 2359//2359
f 2359//2359 2368//2368 2367//2367
f 2367//2367 2369//2369 482//482
f 441//441 482//482 2369//2369
f 2369//2369 2370//2370 441//441
f 2370//2370 434//434 441//441
f 2371//2371 434//434 2370//2370
f 2371//2371 2370//2370 2369//2369
f 433//433 434//434 2371//2371
f 2369//2369 2367//2367 438//438
f 2371//2371 2369//2369 438//438
f 2372//2372 433//433 2371//2371
f 2372//2372 2371//2371 438//438
f 437//437 433//433 2372//2372
f 437//437 2372//2372 2373//2373
f 437//437 2373//2373 438//438
f 2373//2373 2372//2372 438//438
f 438//438 2367//2367 2374//2374
f 2368//2368 2374//2374 2367//2367
f 2374//2374 421//421 438//438
f 2368//2368 421//421 2374//2374
f 421//421 2368//2368 2357//2357
f 421//421 2357//2357 424//424
f 2375//2375 424//424 2357//2357
f 2376//2376 424//424 2375//2375
f 2376//2376 404//404 424//424
f 2377//2377 404//404 2376//2376
f 2377//2377 405//405 404//404
f 2377//2377 2378//2378 405//405
f 405//405 2378//2378 2379//2379
f 2379//2379 2378//2378 2380//2380
f 2378//2378 2381//2381 2380//2380
f 2382//2382 2378//2378 2377//2377
f 2383//2383 2377//2377 2376//2376
f 2383//2383 2382//2382 2377//2377
f 2383//2383 2376//2376 2384//2384
f 2384//2384 2376//2376 2385//2385
f 2385//2385 2376//2376 2375//2375
f 2386//2386 2384//2384 2385//2385
f 2385//2385 2387//2387 2386//2386
f 2388//2388 2381//2381 2378//2378
f 2388//2388 2378//2378 2382//2382
f 2383//2383 2389//2389 2382//2382
f 2390//2390 2388//2388 2382//2382
f 2390//2390 2382//2382 2389//2389
f 2391//2391 2389//2389 2383//2383
f 2391//2391 2390//2390 2389//2389
f 2384//2384 2391//2391 2383//2383
f 2390//2390 2392//2392 2388//2388
f 2392//2392 2381//2381 2388//2388
f 2391//2391 2392//2392 2390//2390
f 2381//2381 2392//2392 2393//2393
f 2393//2393 2392//2392 2391//2391
f 2394//2394 2381//2381 2393//2393
f 2395//2395 2394//2394 2393//2393
f 2396//2396 2393//2393 2391//2391
f 2396//2396 2391//2391 2384//2384
f 2396//2396 2384//2384 2397//2397
f 2398//2398 2393//2393 2396//2396
f 2398//2398 2395//2395 2393//2393
f 2396//2396 2397//2397 2398//2398
f 2399//2399 2395//2395 2398//2398
f 2398//2398 2397//2397 2399//2399
f 2395//2395 2399//2399 2400//2400
f 2399//2399 2401//2401 2400//2400
f 2401//2401 2399//2399 2397//2397
f 2402//2402 2400//2400 2401//2401
f 2403//2403 2402//2402 2401//2401
f 2404//2404 2403//2403 2401//2401
f 2404//2404 2401//2401 2405//2405
f 2405//2405 2401//2401 2397//2397
f 2405//2405 2406//2406 2404//2404
f 2407//2407 2397//2397 2384//2384
f 2397//2397 2408//2408 2405//2405
f 2408//2408 2397//2397 2407//2407
f 2407//2407 2384//2384 2409//2409
f 2409//2409 2384//2384 2386//2386
f 2406//2406 2405//2405 2410//2410
f 2406//2406 2410//2410 2411//2411
f 2412//2412 2406//2406 2411//2411
f 2413//2413 2410//2410 2405//2405
f 2413//2413 2405//2405 2408//2408
f 2410//2410 2413//2413 2411//2411
f 2414//2414 2411//2411 2413//2413
f 2414//2414 2413//2413 2415//2415
f 2413//2413 2408//2408 2415//2415
f 2414//2414 2415//2415 2416//2416
f 2416//2416 2417//2417 2414//2414
f 2416//2416 2418//2418 2417//2417
f 2417//2417 2418//2418 2419//2419
f 2420//2420 2412//2412 2411//2411
f 2421//2421 2412//2412 2420//2420
f 2408//2408 2422//2422 2415//2415
f 2422//2422 2408//2408 2407//2407
f 2407//2407 2423//2423 2422//2422
f 2424//2424 2411//2411 2414//2414
f 2420//2420 2411//2411 2424//2424
f 2421//2421 2420//2420 2425//2425
f 2425//2425 2426//2426 2421//2421
f 2426//2426 2425//2425 2427//2427
f 2428//2428 2420//2420 2424//2424
f 2425//2425 2420//2420 2428//2428
f 2427//2427 2425//2425 2429//2429
f 2429//2429 2425//2425 2428//2428
f 2427//2427 2429//2429 2430//2430
f 2428//2428 2424//2424 2431//2431
f 2424//2424 2414//2414 2431//2431
f 2429//2429 2428//2428 2431//2431
f 2432//2432 2431//2431 2414//2414
f 2432//2432 2414//2414 2433//2433
f 2414//2414 2417//2417 2433//2433
f 2434//2434 2433//2433 2417//2417
f 2432//2432 2433//2433 2434//2434
f 2432//2432 2434//2434 2435//2435
f 2417//2417 2419//2419 2434//2434
f 2429//2429 2436//2436 2430//2430
f 2437//2437 2430//2430 2436//2436
f 2438//2438 2437//2437 2436//2436
f 2439//2439 2438//2438 2436//2436
f 2440//2440 2438//2438 2439//2439
f 2441//2441 2440//2440 2439//2439
f 2439//2439 2442//2442 2441//2441
f 2443//2443 2436//2436 2429//2429
f 2431//2431 2443//2443 2429//2429
f 2443//2443 2431//2431 2432//2432
f 2444//2444 2436//2436 2443//2443
f 2444//2444 2439//2439 2436//2436
f 2444//2444 2443//2443 2445//2445
f 2445//2445 2443//2443 2432//2432
f 2446//2446 2444//2444 2445//2445
f 2446//2446 2445//2445 2432//2432
f 2446//2446 2439//2439 2444//2444
f 2442//2442 2447//2447 2441//2441
f 2448//2448 2441//2441 2447//2447
f 2442//2442 2449//2449 2447//2447
f 2447//2447 2449//2449 2450//2450
f 2447//2447 2451//2451 2448//2448
f 2450//2450 2451//2451 2447//2447
f 2452//2452 2448//2448 2451//2451
f 2450//2450 2452//2452 2451//2451
f 2453//2453 2452//2452 2450//2450
f 2450//2450 2454//2454 2453//2453
f 2454//2454 2450//2450 2449//2449
f 2455//2455 2446//2446 2432//2432
f 2435//2435 2455//2455 2432//2432
f 2453//2453 2454//2454 2456//2456
f 2457//2457 2453//2453 2456//2456
f 2458//2458 2457//2457 2456//2456
f 2456//2456 2459//2459 2458//2458
f 2460//2460 2458//2458 2459//2459
f 2461//2461 2460//2460 2459//2459
f 2454//2454 2462//2462 2456//2456
f 2456//2456 2462//2462 2459//2459
f 2463//2463 2461//2461 2459//2459
f 2464//2464 2461//2461 2463//2463
f 2462//2462 2465//2465 2459//2459
f 2465//2465 2462//2462 2454//2454
f 2463//2463 2459//2459 2465//2465
f 2465//2465 2454//2454 2466//2466
f 2466//2466 2463//2463 2465//2465
f 2466//2466 2454//2454 2449//2449
f 2467//2467 2464//2464 2463//2463
f 2467//2467 2468//2468 2464//2464
f 2469//2469 2463//2463 2466//2466
f 2467//2467 2463//2463 2469//2469
f 2470//2470 2468//2468 2467//2467
f 2471//2471 2468//2468 2470//2470
f 2466//2466 2472//2472 2469//2469
f 2472//2472 2466//2466 2449//2449
f 2467//2467 2469//2469 2473//2473
f 2473//2473 2469//2469 2472//2472
f 2467//2467 2473//2473 2470//2470
f 2473//2473 2472//2472 2449//2449
f 2474//2474 2473//2473 2449//2449
f 2471//2471 2470//2470 2475//2475
f 2476//2476 2471//2471 2475//2475
f 2470//2470 2473//2473 2477//2477
f 2477//2477 2473//2473 2474//2474
f 2478//2478 2470//2470 2477//2477
f 2475//2475 2470//2470 2478//2478
f 2449//2449 2479//2479 2474//2474
f 2449//2449 2442//2442 2479//2479
f 2480//2480 2476//2476 2475//2475
f 2481//2481 2480//2480 2475//2475
f 2480//2480 2482//2482 2476//2476
f 2481//2481 2482//2482 2480//2480
f 2483//2483 2482//2482 2481//2481
f 2478//2478 2477//2477 2484//2484
f 2484//2484 2477//2477 2474//2474
f 2485//2485 2475//2475 2478//2478
f 2475//2475 2485//2485 2481//2481
f 2486//2486 2478//2478 2484//2484
f 2478//2478 2486//2486 2485//2485
f 2487//2487 2483//2483 2481//2481
f 2488//2488 2483//2483 2487//2487
f 2488//2488 2487//2487 2489//2489
f 2490//2490 2481//2481 2485//2485
f 2490//2490 2485//2485 2486//2486
f 2491//2491 2486//2486 2484//2484
f 2484//2484 2474//2474 2491//2491
f 2489//2489 2492//2492 2488//2488
f 2492//2492 2493//2493 2488//2488
f 2493//2493 2492//2492 2494//2494
f 2494//2494 2492//2492 2489//2489
f 2495//2495 2493//2493 2494//2494
f 2496//2496 2495//2495 2494//2494
f 2497//2497 2495//2495 2496//2496
f 2498//2498 2497//2497 2496//2496
f 2496//2496 2494//2494 2499//2499
f 2489//2489 2499//2499 2494//2494
f 2500//2500 2498//2498 2496//2496
f 2499//2499 2500//2500 2496//2496
f 2501//2501 2498//2498 2500//2500
f 2501//2501 2500//2500 2502//2502
f 2500//2500 2499//2499 2502//2502
f 2503//2503 2501//2501 2502//2502
f 2504//2504 2501//2501 2503//2503
f 2505//2505 2504//2504 2503//2503
f 2503//2503 2506//2506 2505//2505
f 2507//2507 2505//2505 2506//2506
f 2507//2507 2506//2506 2508//2508
f 2508//2508 2506//2506 2509//2509
f 2509//2509 2510//2510 2508//2508
f 2511//2511 2506//2506 2503//2503
f 2511//2511 2509//2509 2506//2506
f 2509//2509 2511//2511 2512//2512
f 2513//2513 2510//2510 2509//2509
f 2513//2513 2509//2509 2512//2512
f 2514//2514 2513//2513 2512//2512
f 2513//2513 2515//2515 2510//2510
f 2514//2514 2515//2515 2513//2513
f 2515//2515 2514//2514 2516//2516
f 2517//2517 2516//2516 2514//2514
f 2518//2518 2511//2511 2503//2503
f 2503//2503 2502//2502 2518//2518
f 2512//2512 2511//2511 2519//2519
f 2518//2518 2519//2519 2511//2511
f 2520//2520 2518//2518 2502//2502
f 2519//2519 2518//2518 2521//2521
f 2518//2518 2520//2520 2521//2521
f 2502//2502 2522//2522 2520//2520
f 2522//2522 2502//2502 2499//2499
f 2499//2499 2523//2523 2522//2522
f 2499//2499 2489//2489 2523//2523
f 2520//2520 2524//2524 2521//2521
f 2520//2520 2522//2522 2525//2525
f 2524//2524 2520//2520 2525//2525
f 2523//2523 2171//2171 2522//2522
f 2522//2522 2171//2171 2525//2525
f 2489//2489 2174//2174 2523//2523
f 2171//2171 2523//2523 2174//2174
f 2525//2525 2171//2171 2526//2526
f 2524//2524 2525//2525 2526//2526
f 2521//2521 2524//2524 2527//2527
f 2519//2519 2521//2521 2527//2527
f 2527//2527 2524//2524 2528//2528
f 2519//2519 2527//2527 2528//2528
f 2528//2528 2524//2524 2526//2526
f 2174//2174 2489//2489 2529//2529
f 2487//2487 2529//2529 2489//2489
f 2529//2529 2487//2487 2530//2530
f 2529//2529 2531//2531 2174//2174
f 2531//2531 2529//2529 2530//2530
f 2174//2174 2531//2531 2172//2172
f 2171//2171 2532//2532 2526//2526
f 2532//2532 2171//2171 2160//2160
f 2533//2533 2519//2519 2528//2528
f 2533//2533 2512//2512 2519//2519
f 2487//2487 2534//2534 2530//2530
f 2534//2534 2487//2487 2481//2481
f 2481//2481 2490//2490 2534//2534
f 2534//2534 2490//2490 2535//2535
f 2530//2530 2534//2534 2535//2535
f 2535//2535 2490//2490 2536//2536
f 2530//2530 2535//2535 2536//2536
f 2490//2490 2486//2486 2536//2536
f 2536//2536 2486//2486 2491//2491
f 2530//2530 2536//2536 2491//2491
f 2537//2537 2530//2530 2491//2491
f 2530//2530 2537//2537 2531//2531
f 2491//2491 2474//2474 2537//2537
f 2531//2531 2537//2537 2538//2538
f 2537//2537 2474//2474 2538//2538
f 2172//2172 2531//2531 2538//2538
f 2538//2538 2474//2474 2479//2479
f 2172//2172 2538//2538 2479//2479
f 2226//2226 2172//2172 2479//2479
f 2479//2479 2539//2539 2226//2226
f 2479//2479 2442//2442 2539//2539
f 2226//2226 2539//2539 2540//2540
f 2541//2541 2539//2539 2442//2442
f 2539//2539 2541//2541 2540//2540
f 2226//2226 2540//2540 2542//2542
f 2542//2542 2225//2225 2226//2226
f 2541//2541 2442//2442 2543//2543
f 2544//2544 2541//2541 2543//2543
f 2543//2543 2442//2442 2439//2439
f 2439//2439 2545//2545 2543//2543
f 2543//2543 2545//2545 2544//2544
f 2545//2545 2439//2439 2446//2446
f 2545//2545 2446//2446 2546//2546
f 2546//2546 2544//2544 2545//2545
f 2455//2455 2546//2546 2446//2446
f 2547//2547 2546//2546 2455//2455
f 2547//2547 2544//2544 2546//2546
f 2540//2540 2541//2541 2548//2548
f 2548//2548 2541//2541 2544//2544
f 2549//2549 2547//2547 2455//2455
f 2549//2549 2455//2455 2435//2435
f 2548//2548 2550//2550 2540//2540
f 2551//2551 2548//2548 2544//2544
f 2551//2551 2550//2550 2548//2548
f 2552//2552 2544//2544 2547//2547
f 2551//2551 2544//2544 2552//2552
f 2540//2540 2550//2550 2553//2553
f 2540//2540 2553//2553 2542//2542
f 2552//2552 2547//2547 2554//2554
f 2549//2549 2554//2554 2547//2547
f 2552//2552 2554//2554 2555//2555
f 2552//2552 2555//2555 2551//2551
f 2554//2554 2549//2549 2555//2555
f 2550//2550 2551//2551 2556//2556
f 2553//2553 2550//2550 2556//2556
f 2556//2556 2551//2551 2555//2555
f 2557//2557 2555//2555 2549//2549
f 2435//2435 2557//2557 2549//2549
f 2556//2556 2555//2555 2557//2557
f 2557//2557 2558//2558 2556//2556
f 2558//2558 2557//2557 2559//2559
f 2559//2559 2557//2557 2435//2435
f 2560//2560 2558//2558 2559//2559
f 2556//2556 2561//2561 2553//2553
f 2561//2561 2542//2542 2553//2553
f 2556//2556 2558//2558 2561//2561
f 2561//2561 2562//2562 2542//2542
f 2558//2558 2562//2562 2561//2561
f 2542//2542 2562//2562 2225//2225
f 2563//2563 2559//2559 2435//2435
f 2559//2559 2563//2563 2560//2560
f 2564//2564 2225//2225 2562//2562
f 2225//2225 2564//2564 2222//2222
f 2435//2435 2565//2565 2563//2563
f 2435//2435 2434//2434 2565//2565
f 2434//2434 2419//2419 2565//2565
f 2419//2419 2563//2563 2565//2565
f 2563//2563 2419//2419 2560//2560
f 2562//2562 2558//2558 2566//2566
f 2566//2566 2564//2564 2562//2562
f 2566//2566 2558//2558 2567//2567
f 2567//2567 2564//2564 2566//2566
f 2568//2568 2222//2222 2564//2564
f 2564//2564 2567//2567 2568//2568
f 2560//2560 2569//2569 2558//2558
f 2567//2567 2558//2558 2569//2569
f 2567//2567 2569//2569 2560//2560
f 2568//2568 2570//2570 2222//2222
f 2222//2222 2570//2570 2223//2223
f 2223//2223 2570//2570 2571//2571
f 2571//2571 2224//2224 2223//2223
f 2572//2572 2224//2224 2571//2571
f 2229//2229 2224//2224 2572//2572
f 2560//2560 2419//2419 2573//2573
f 2567//2567 2560//2560 2574//2574
f 2573//2573 2574//2574 2560//2560
f 2419//2419 2575//2575 2573//2573
f 2418//2418 2575//2575 2419//2419
f 2575//2575 2418//2418 2573//2573
f 2574//2574 2573//2573 2418//2418
f 2576//2576 2568//2568 2567//2567
f 2576//2576 2567//2567 2574//2574
f 2577//2577 2570//2570 2568//2568
f 2577//2577 2568//2568 2576//2576
f 2571//2571 2570//2570 2578//2578
f 2570//2570 2577//2577 2578//2578
f 2579//2579 2572//2572 2571//2571
f 2579//2579 2571//2571 2578//2578
f 2418//2418 2580//2580 2574//2574
f 2580//2580 2576//2576 2574//2574
f 2581//2581 2577//2577 2576//2576
f 2578//2578 2577//2577 2581//2581
f 2581//2581 2576//2576 2580//2580
f 2572//2572 2579//2579 2582//2582
f 2582//2582 2229//2229 2572//2572
f 2418//2418 2583//2583 2580//2580
f 2416//2416 2583//2583 2418//2418
f 2584//2584 2580//2580 2583//2583
f 2584//2584 2583//2583 2416//2416
f 2585//2585 2580//2580 2584//2584
f 2585//2585 2581//2581 2580//2580
f 2578//2578 2581//2581 2586//2586
f 2586//2586 2579//2579 2578//2578
f 2586//2586 2581//2581 2587//2587
f 2585//2585 2587//2587 2581//2581
f 2579//2579 2586//2586 2587//2587
f 2585//2585 2584//2584 2588//2588
f 2416//2416 2588//2588 2584//2584
f 2587//2587 2585//2585 2588//2588
f 2589//2589 2579//2579 2587//2587
f 2589//2589 2582//2582 2579//2579
f 2590//2590 2229//2229 2582//2582
f 2231//2231 2229//2229 2590//2590
f 2590//2590 2582//2582 2591//2591
f 2589//2589 2591//2591 2582//2582
f 2591//2591 2589//2589 2592//2592
f 2589//2589 2587//2587 2593//2593
f 2593//2593 2587//2587 2588//2588
f 2593//2593 2592//2592 2589//2589
f 2231//2231 2590//2590 2594//2594
f 2594//2594 2590//2590 2591//2591
f 2233//2233 2231//2231 2594//2594
f 2595//2595 2594//2594 2591//2591
f 2595//2595 2233//2233 2594//2594
f 2591//2591 2592//2592 2595//2595
f 2596//2596 2233//2233 2595//2595
f 2596//2596 2595//2595 2592//2592
f 2596//2596 2246//2246 2233//2233
f 2597//2597 2593//2593 2588//2588
f 2593//2593 2598//2598 2592//2592
f 2598//2598 2593//2593 2597//2597
f 2597//2597 2588//2588 2599//2599
f 2599//2599 2588//2588 2416//2416
f 2600//2600 2598//2598 2597//2597
f 2600//2600 2597//2597 2599//2599
f 2601//2601 2599//2599 2416//2416
f 2601//2601 2600//2600 2599//2599
f 2416//2416 2415//2415 2601//2601
f 2598//2598 2602//2602 2592//2592
f 2602//2602 2598//2598 2600//2600
f 2602//2602 2600//2600 2603//2603
f 2604//2604 2592//2592 2602//2602
f 2604//2604 2596//2596 2592//2592
f 2603//2603 2604//2604 2602//2602
f 2605//2605 2596//2596 2604//2604
f 2603//2603 2605//2605 2604//2604
f 2605//2605 2246//2246 2596//2596
f 2246//2246 2605//2605 2606//2606
f 2244//2244 2246//2246 2606//2606
f 2606//2606 2605//2605 2607//2607
f 2603//2603 2607//2607 2605//2605
f 2606//2606 2608//2608 2244//2244
f 2607//2607 2608//2608 2606//2606
f 2608//2608 2272//2272 2244//2244
f 2608//2608 2609//2609 2272//2272
f 2607//2607 2609//2609 2608//2608
f 2272//2272 2609//2609 2610//2610
f 2272//2272 2610//2610 2266//2266
f 2609//2609 2607//2607 2611//2611
f 2610//2610 2609//2609 2611//2611
f 2603//2603 2612//2612 2607//2607
f 2607//2607 2612//2612 2611//2611
f 2612//2612 2603//2603 2613//2613
f 2614//2614 2611//2611 2612//2612
f 2614//2614 2612//2612 2613//2613
f 2613//2613 2603//2603 2615//2615
f 2615//2615 2603//2603 2600//2600
f 2601//2601 2615//2615 2600//2600
f 2601//2601 2613//2613 2615//2615
f 2613//2613 2601//2601 2616//2616
f 2415//2415 2616//2616 2601//2601
f 2415//2415 2422//2422 2616//2616
f 2616//2616 2422//2422 2617//2617
f 2617//2617 2422//2422 2423//2423
f 2618//2618 2610//2610 2611//2611
f 2619//2619 2611//2611 2614//2614
f 2618//2618 2611//2611 2619//2619
f 2614//2614 2620//2620 2619//2619
f 2620//2620 2618//2618 2619//2619
f 2621//2621 2610//2610 2618//2618
f 2620//2620 2621//2621 2618//2618
f 2610//2610 2621//2621 2266//2266
f 2622//2622 2614//2614 2613//2613
f 2620//2620 2614//2614 2622//2622
f 2616//2616 2623//2623 2613//2613
f 2613//2613 2623//2623 2622//2622
f 2621//2621 2624//2624 2266//2266
f 2624//2624 2265//2265 2266//2266
f 2616//2616 2625//2625 2623//2623
f 2625//2625 2616//2616 2617//2617
f 2623//2623 2626//2626 2622//2622
f 2625//2625 2626//2626 2623//2623
f 2627//2627 2265//2265 2624//2624
f 2627//2627 2264//2264 2265//2265
f 2624//2624 2264//2264 2627//2627
f 2628//2628 2624//2624 2621//2621
f 2628//2628 2264//2264 2624//2624
f 2628//2628 2621//2621 2620//2620
f 2626//2626 2629//2629 2622//2622
f 2629//2629 2620//2620 2622//2622
f 2628//2628 2630//2630 2264//2264
f 2320//2320 2264//2264 2630//2630
f 2320//2320 2630//2630 2631//2631
f 2632//2632 2628//2628 2620//2620
f 2630//2630 2628//2628 2632//2632
f 2629//2629 2632//2632 2620//2620
f 2633//2633 2630//2630 2632//2632
f 2631//2631 2630//2630 2633//2633
f 2633//2633 2632//2632 2629//2629
f 2626//2626 2634//2634 2629//2629
f 2625//2625 2634//2634 2626//2626
f 2633//2633 2629//2629 2635//2635
f 2633//2633 2635//2635 2631//2631
f 2635//2635 2629//2629 2634//2634
f 2634//2634 2631//2631 2635//2635
f 2631//2631 2636//2636 2320//2320
f 2636//2636 2323//2323 2320//2320
f 2323//2323 2636//2636 2637//2637
f 2637//2637 2636//2636 2631//2631
f 2637//2637 2348//2348 2323//2323
f 2638//2638 2631//2631 2634//2634
f 2637//2637 2631//2631 2638//2638
f 2625//2625 2639//2639 2634//2634
f 2638//2638 2634//2634 2639//2639
f 2638//2638 2640//2640 2637//2637
f 2640//2640 2348//2348 2637//2637
f 2639//2639 2640//2640 2638//2638
f 2639//2639 2625//2625 2641//2641
f 2617//2617 2641//2641 2625//2625
f 2641//2641 2642//2642 2639//2639
f 2642//2642 2641//2641 2617//2617
f 2640//2640 2639//2639 2642//2642
f 2348//2348 2640//2640 2643//2643
f 2349//2349 2348//2348 2643//2643
f 2643//2643 2640//2640 2644//2644
f 2349//2349 2643//2643 2644//2644
f 2644//2644 2640//2640 2642//2642
f 2349//2349 2644//2644 2351//2351
f 2617//2617 2645//2645 2642//2642
f 2423//2423 2645//2645 2617//2617
f 2644//2644 2642//2642 2646//2646
f 2644//2644 2646//2646 2351//2351
f 2646//2646 2642//2642 2645//2645
f 2646//2646 2647//2647 2351//2351
f 2647//2647 2646//2646 2645//2645
f 2647//2647 2366//2366 2351//2351
f 2648//2648 2645//2645 2423//2423
f 2645//2645 2648//2648 2647//2647
f 2647//2647 2649//2649 2366//2366
f 2366//2366 2649//2649 2363//2363
f 2650//2650 2647//2647 2648//2648
f 2649//2649 2647//2647 2650//2650
f 2651//2651 2650//2650 2648//2648
f 2423//2423 2651//2651 2648//2648
f 2363//2363 2649//2649 2652//2652
f 2364//2364 2363//2363 2652//2652
f 2649//2649 2650//2650 2653//2653
f 2653//2653 2650//2650 2651//2651
f 2364//2364 2652//2652 2387//2387
f 2387//2387 2365//2365 2364//2364
f 2654//2654 2652//2652 2649//2649
f 2649//2649 2653//2653 2654//2654
f 2652//2652 2654//2654 2387//2387
f 2365//2365 2387//2387 2385//2385
f 2385//2385 2362//2362 2365//2365
f 2385//2385 2375//2375 2362//2362
f 2655//2655 2387//2387 2654//2654
f 2387//2387 2655//2655 2386//2386
f 2654//2654 2386//2386 2655//2655
f 2653//2653 2386//2386 2654//2654
f 2651//2651 2656//2656 2653//2653
f 2656//2656 2386//2386 2653//2653
f 2651//2651 2657//2657 2656//2656
f 2423//2423 2657//2657 2651//2651
f 2386//2386 2656//2656 2658//2658
f 2656//2656 2657//2657 2658//2658
f 2658//2658 2409//2409 2386//2386
f 2657//2657 2423//2423 2659//2659
f 2657//2657 2659//2659 2658//2658
f 2658//2658 2659//2659 2409//2409
f 2407//2407 2659//2659 2423//2423
f 2407//2407 2409//2409 2659//2659
f 2375//2375 2660//2660 2362//2362
f 2660//2660 2375//2375 2357//2357
f 2357//2357 2661//2661 2660//2660
f 2660//2660 2661//2661 2362//2362
f 2661//2661 2357//2357 2360//2360
f 2662//2662 2360//2360 2362//2362
f 2661//2661 2360//2360 2662//2662
f 2661//2661 2662//2662 2362//2362
f 2663//2663 2160//2160 2163//2163
f 2663//2663 2532//2532 2160//2160
f 2663//2663 2163//2163 2664//2664
f 2532//2532 2663//2663 2665//2665
f 2664//2664 2665//2665 2663//2663
f 2163//2163 2666//2666 2664//2664
f 2667//2667 2666//2666 2163//2163
f 2162//2162 2667//2667 2163//2163
f 2667//2667 2162//2162 2668//2668
f 2667//2667 2669//2669 2666//2666
f 2668//2668 2669//2669 2667//2667
f 2162//2162 2670//2670 2668//2668
f 2151//2151 2670//2670 2162//2162
f 2671//2671 2670//2670 2151//2151
f 2670//2670 2672//2672 2668//2668
f 2672//2672 2670//2670 2671//2671
f 2151//2151 2673//2673 2671//2671
f 2150//2150 2673//2673 2151//2151
f 2674//2674 2673//2673 2150//2150
f 2141//2141 2674//2674 2150//2150
f 2141//2141 2675//2675 2674//2674
f 2673//2673 2674//2674 2675//2675
f 2144//2144 2675//2675 2141//2141
f 2675//2675 2676//2676 2673//2673
f 2676//2676 2671//2671 2673//2673
f 2677//2677 2675//2675 2144//2144
f 2676//2676 2675//2675 2677//2677
f 2145//2145 2677//2677 2144//2144
f 2671//2671 2676//2676 2678//2678
f 2672//2672 2671//2671 2679//2679
f 2671//2671 2678//2678 2679//2679
f 2680//2680 2678//2678 2676//2676
f 2677//2677 2680//2680 2676//2676
f 2677//2677 2681//2681 2680//2680
f 2680//2680 2682//2682 2678//2678
f 2678//2678 2682//2682 2679//2679
f 2683//2683 2677//2677 2145//2145
f 2677//2677 2683//2683 2681//2681
f 2681//2681 2684//2684 2680//2680
f 2682//2682 2680//2680 2684//2684
f 2685//2685 2683//2683 2145//2145
f 2686//2686 2685//2685 2145//2145
f 2147//2147 2686//2686 2145//2145
f 2687//2687 2683//2683 2685//2685
f 2687//2687 2681//2681 2683//2683
f 2686//2686 2687//2687 2685//2685
f 2688//2688 2686//2686 2147//2147
f 2147//2147 2148//2148 2688//2688
f 2148//2148 2686//2686 2688//2688
f 2686//2686 2689//2689 2687//2687
f 2689//2689 2686//2686 2148//2148
f 2690//2690 2681//2681 2687//2687
f 2690//2690 2687//2687 2689//2689
f 2691//2691 2681//2681 2690//2690
f 2691//2691 2690//2690 2689//2689
f 2692//2692 2684//2684 2681//2681
f 2691//2691 2692//2692 2681//2681
f 2693//2693 2692//2692 2691//2691
f 2694//2694 2689//2689 2148//2148
f 2694//2694 2148//2148 2112//2112
f 2695//2695 2691//2691 2689//2689
f 2695//2695 2693//2693 2691//2691
f 2689//2689 2694//2694 2695//2695
f 2692//2692 2696//2696 2684//2684
f 2684//2684 2696//2696 2682//2682
f 2694//2694 2112//2112 2697//2697
f 2110//2110 2697//2697 2112//2112
f 2692//2692 2693//2693 2698//2698
f 2696//2696 2692//2692 2698//2698
f 2697//2697 2110//2110 2699//2699
f 2096//2096 2699//2699 2110//2110
f 2096//2096 2700//2700 2699//2699
f 2096//2096 2098//2098 2700//2700
f 2699//2699 2701//2701 2697//2697
f 2699//2699 2700//2700 2701//2701
f 2098//2098 2702//2702 2700//2700
f 2700//2700 2702//2702 2701//2701
f 2098//2098 2092//2092 2702//2702
f 2697//2697 2703//2703 2694//2694
f 2697//2697 2701//2701 2703//2703
f 2092//2092 2704//2704 2702//2702
f 2704//2704 2705//2705 2702//2702
f 2704//2704 2092//2092 2082//2082
f 2702//2702 2706//2706 2701//2701
f 2706//2706 2703//2703 2701//2701
f 2702//2702 2705//2705 2706//2706
f 2703//2703 2706//2706 2707//2707
f 2706//2706 2705//2705 2707//2707
f 2708//2708 2694//2694 2703//2703
f 2694//2694 2708//2708 2695//2695
f 2708//2708 2703//2703 2709//2709
f 2703//2703 2707//2707 2709//2709
f 2710//2710 2695//2695 2708//2708
f 2708//2708 2709//2709 2710//2710
f 2710//2710 2693//2693 2695//2695
f 2711//2711 2704//2704 2082//2082
f 2704//2704 2711//2711 2705//2705
f 2712//2712 2711//2711 2082//2082
f 2711//2711 2712//2712 2705//2705
f 2082//2082 2713//2713 2712//2712
f 2713//2713 2082//2082 2081//2081
f 2081//2081 2714//2714 2713//2713
f 2076//2076 2714//2714 2081//2081
f 2713//2713 2715//2715 2712//2712
f 2714//2714 2715//2715 2713//2713
f 2705//2705 2712//2712 2716//2716
f 2712//2712 2715//2715 2716//2716
f 2715//2715 2717//2717 2716//2716
f 2717//2717 2718//2718 2716//2716
f 2716//2716 2719//2719 2705//2705
f 2719//2719 2716//2716 2718//2718
f 2719//2719 2707//2707 2705//2705
f 2718//2718 2707//2707 2719//2719
f 2720//2720 2714//2714 2076//2076
f 2721//2721 2720//2720 2076//2076
f 2074//2074 2721//2721 2076//2076
f 2721//2721 2074//2074 2722//2722
f 2722//2722 2720//2720 2721//2721
f 2074//2074 2075//2075 2722//2722
f 2720//2720 2722//2722 2075//2075
f 2075//2075 2723//2723 2720//2720
f 2723//2723 2075//2075 2091//2091
f 2720//2720 2724//2724 2714//2714
f 2720//2720 2723//2723 2724//2724
f 2725//2725 2714//2714 2724//2724
f 2714//2714 2725//2725 2715//2715
f 2726//2726 2725//2725 2724//2724
f 2715//2715 2725//2725 2726//2726
f 2726//2726 2724//2724 2723//2723
f 2717//2717 2715//2715 2726//2726
f 2723//2723 2091//2091 2727//2727
f 2723//2723 2728//2728 2726//2726
f 2723//2723 2727//2727 2728//2728
f 2091//2091 2729//2729 2727//2727
f 2729//2729 2091//2091 2087//2087
f 2726//2726 2730//2730 2717//2717
f 2730//2730 2726//2726 2728//2728
f 2731//2731 2730//2730 2728//2728
f 2727//2727 2732//2732 2728//2728
f 2727//2727 2729//2729 2732//2732
f 2732//2732 2731//2731 2728//2728
f 2717//2717 2730//2730 2733//2733
f 2730//2730 2731//2731 2733//2733
f 2733//2733 2731//2731 2734//2734
f 2717//2717 2733//2733 2735//2735
f 2733//2733 2734//2734 2735//2735
f 2729//2729 2736//2736 2732//2732
f 2731//2731 2732//2732 2736//2736
f 2717//2717 2735//2735 2737//2737
f 2717//2717 2737//2737 2718//2718
f 2738//2738 2737//2737 2735//2735
f 2738//2738 2718//2718 2737//2737
f 2735//2735 2739//2739 2738//2738
f 2735//2735 2734//2734 2739//2739
f 2738//2738 2740//2740 2718//2718
f 2740//2740 2738//2738 2739//2739
f 2741//2741 2718//2718 2740//2740
f 2741//2741 2707//2707 2718//2718
f 2707//2707 2741//2741 2742//2742
f 2741//2741 2740//2740 2742//2742
f 2707//2707 2742//2742 2709//2709
f 2709//2709 2742//2742 2743//2743
f 2743//2743 2710//2710 2709//2709
f 2740//2740 2744//2744 2742//2742
f 2743//2743 2742//2742 2744//2744
f 2743//2743 2745//2745 2710//2710
f 2745//2745 2743//2743 2744//2744
f 2745//2745 2693//2693 2710//2710
f 2744//2744 2740//2740 2746//2746
f 2746//2746 2740//2740 2739//2739
f 2746//2746 2745//2745 2744//2744
f 2739//2739 2734//2734 2747//2747
f 2739//2739 2747//2747 2746//2746
f 2748//2748 2693//2693 2745//2745
f 2749//2749 2745//2745 2746//2746
f 2745//2745 2749//2749 2748//2748
f 2746//2746 2750//2750 2749//2749
f 2746//2746 2747//2747 2750//2750
f 2748//2748 2751//2751 2693//2693
f 2748//2748 2752//2752 2751//2751
f 2748//2748 2753//2753 2752//2752
f 2748//2748 2749//2749 2753//2753
f 2749//2749 2750//2750 2753//2753
f 2750//2750 2752//2752 2753//2753
f 2751//2751 2698//2698 2693//2693
f 2752//2752 2698//2698 2751//2751
f 2754//2754 2698//2698 2752//2752
f 2698//2698 2754//2754 2696//2696
f 2755//2755 2696//2696 2754//2754
f 2756//2756 2696//2696 2755//2755
f 2682//2682 2696//2696 2756//2756
f 2682//2682 2756//2756 2757//2757
f 2682//2682 2757//2757 2679//2679
f 2755//2755 2758//2758 2756//2756
f 2756//2756 2758//2758 2757//2757
f 2758//2758 2759//2759 2757//2757
f 2757//2757 2760//2760 2679//2679
f 2757//2757 2759//2759 2760//2760
f 2755//2755 2761//2761 2758//2758
f 2758//2758 2761//2761 2759//2759
f 2762//2762 2679//2679 2760//2760
f 2762//2762 2672//2672 2679//2679
f 2672//2672 2762//2762 2763//2763
f 2672//2672 2763//2763 2668//2668
f 2763//2763 2764//2764 2668//2668
f 2762//2762 2764//2764 2763//2763
f 2764//2764 2669//2669 2668//2668
f 2762//2762 2760//2760 2765//2765
f 2764//2764 2762//2762 2765//2765
f 2764//2764 2766//2766 2669//2669
f 2764//2764 2765//2765 2766//2766
f 2669//2669 2766//2766 2666//2666
f 2760//2760 2767//2767 2765//2765
f 2767//2767 2760//2760 2759//2759
f 2766//2766 2765//2765 2768//2768
f 2666//2666 2766//2766 2768//2768
f 2765//2765 2767//2767 2768//2768
f 2768//2768 2769//2769 2666//2666
f 2769//2769 2664//2664 2666//2666
f 2768//2768 2767//2767 2770//2770
f 2768//2768 2770//2770 2769//2769
f 2664//2664 2769//2769 2771//2771
f 2664//2664 2771//2771 2665//2665
f 2769//2769 2772//2772 2771//2771
f 2769//2769 2770//2770 2772//2772
f 2771//2771 2773//2773 2665//2665
f 2773//2773 2771//2771 2772//2772
f 2773//2773 2774//2774 2665//2665
f 2774//2774 2532//2532 2665//2665
f 2773//2773 2772//2772 2775//2775
f 2770//2770 2775//2775 2772//2772
f 2775//2775 2774//2774 2773//2773
f 2775//2775 2776//2776 2774//2774
f 2770//2770 2767//2767 2777//2777
f 2767//2767 2759//2759 2777//2777
f 2778//2778 2775//2775 2770//2770
f 2775//2775 2778//2778 2776//2776
f 2777//2777 2778//2778 2770//2770
f 2774//2774 2779//2779 2532//2532
f 2532//2532 2779//2779 2526//2526
f 2526//2526 2779//2779 2528//2528
f 2780//2780 2779//2779 2774//2774
f 2776//2776 2780//2780 2774//2774
f 2528//2528 2779//2779 2781//2781
f 2781//2781 2779//2779 2780//2780
f 2781//2781 2780//2780 2528//2528
f 2528//2528 2780//2780 2782//2782
f 2782//2782 2780//2780 2776//2776
f 2528//2528 2782//2782 2783//2783
f 2783//2783 2782//2782 2776//2776
f 2783//2783 2533//2533 2528//2528
f 2784//2784 2533//2533 2783//2783
f 2512//2512 2533//2533 2784//2784
f 2785//2785 2512//2512 2784//2784
f 2784//2784 2783//2783 2785//2785
f 2512//2512 2785//2785 2514//2514
f 2783//2783 2776//2776 2786//2786
f 2785//2785 2783//2783 2786//2786
f 2787//2787 2514//2514 2785//2785
f 2786//2786 2787//2787 2785//2785
f 2788//2788 2786//2786 2776//2776
f 2787//2787 2786//2786 2788//2788
f 2776//2776 2778//2778 2788//2788
f 2788//2788 2778//2778 2787//2787
f 2789//2789 2514//2514 2787//2787
f 2789//2789 2517//2517 2514//2514
f 2787//2787 2778//2778 2790//2790
f 2787//2787 2790//2790 2789//2789
f 2790//2790 2791//2791 2789//2789
f 2790//2790 2778//2778 2777//2777
f 2789//2789 2792//2792 2517//2517
f 2791//2791 2792//2792 2789//2789
f 2793//2793 2517//2517 2792//2792
f 2794//2794 2793//2793 2792//2792
f 2794//2794 2792//2792 2795//2795
f 2791//2791 2795//2795 2792//2792
f 2791//2791 2796//2796 2795//2795
f 2795//2795 2797//2797 2794//2794
f 2797//2797 2795//2795 2798//2798
f 2796//2796 2798//2798 2795//2795
f 2798//2798 2799//2799 2797//2797
f 2798//2798 2800//2800 2799//2799
f 2801//2801 2800//2800 2798//2798
f 2801//2801 2798//2798 2796//2796
f 2800//2800 2801//2801 2802//2802
f 2802//2802 2801//2801 2803//2803
f 2803//2803 2801//2801 2804//2804
f 2803//2803 2804//2804 2805//2805
f 2805//2805 2804//2804 2806//2806
f 2801//2801 2796//2796 2807//2807
f 2807//2807 2804//2804 2801//2801
f 2808//2808 2806//2806 2804//2804
f 2809//2809 2804//2804 2807//2807
f 2804//2804 2809//2809 2808//2808
f 2806//2806 2808//2808 2810//2810
f 2810//2810 2811//2811 2806//2806
f 2808//2808 2809//2809 2812//2812
f 2810//2810 2808//2808 2812//2812
f 2811//2811 2810//2810 2813//2813
f 2814//2814 2811//2811 2813//2813
f 2812//2812 2731//2731 2810//2810
f 2810//2810 2731//2731 2736//2736
f 2810//2810 2736//2736 2813//2813
f 2812//2812 2734//2734 2731//2731
f 2729//2729 2813//2813 2736//2736
f 2815//2815 2734//2734 2812//2812
f 2809//2809 2815//2815 2812//2812
f 2809//2809 2734//2734 2815//2815
f 2809//2809 2747//2747 2734//2734
f 2809//2809 2807//2807 2747//2747
f 2807//2807 2750//2750 2747//2747
f 2807//2807 2816//2816 2750//2750
f 2807//2807 2796//2796 2816//2816
f 2752//2752 2750//2750 2816//2816
f 2816//2816 2796//2796 2752//2752
f 2817//2817 2752//2752 2796//2796
f 2752//2752 2817//2817 2754//2754
f 2817//2817 2796//2796 2791//2791
f 2817//2817 2818//2818 2754//2754
f 2817//2817 2791//2791 2818//2818
f 2754//2754 2818//2818 2755//2755
f 2819//2819 2818//2818 2791//2791
f 2818//2818 2819//2819 2755//2755
f 2819//2819 2791//2791 2790//2790
f 2790//2790 2777//2777 2819//2819
f 2819//2819 2820//2820 2755//2755
f 2777//2777 2820//2820 2819//2819
f 2820//2820 2761//2761 2755//2755
f 2777//2777 2759//2759 2820//2820
f 2761//2761 2821//2821 2759//2759
f 2820//2820 2759//2759 2821//2821
f 2761//2761 2820//2820 2821//2821
f 2729//2729 2822//2822 2813//2813
f 2729//2729 2087//2087 2822//2822
f 2823//2823 2813//2813 2822//2822
f 2823//2823 2814//2814 2813//2813
f 2824//2824 2822//2822 2087//2087
f 2086//2086 2824//2824 2087//2087
f 2822//2822 2825//2825 2823//2823
f 2825//2825 2822//2822 2824//2824
f 2823//2823 2826//2826 2814//2814
f 2823//2823 2825//2825 2826//2826
f 2814//2814 2826//2826 2827//2827
f 2086//2086 2828//2828 2824//2824
f 2828//2828 2825//2825 2824//2824
f 2828//2828 2826//2826 2825//2825
f 2828//2828 2827//2827 2826//2826
f 2086//2086 2829//2829 2828//2828
f 2829//2829 2827//2827 2828//2828
