# cliff_hills_large_f_height
v 1.39633501 7.2291398 2.90272188
v 3.15535116 6.63466358 3.34991026
v 2.46865773 7.01336527 2.76115751
v -1.7883364 8.13793182 1.33688867
v -0.221384048 8.00463676 1.83225632
v 0.02193252 8.1144352 1.39275098
v -1.66527939 9.20666885 0.0894168541
v 0.851599634 8.75082779 -0.428008497
v 0.980360448 7.72478867 1.78040063
v 3.68332481 7.23740578 1.34300673
v 3.88065076 7.72449827 -0.463543773
v 1.39633501 7.2291398 2.90272188
v -1.5037781 9.34250736 -0.619477689
v 2.46865773 7.01336527 2.76115751
v 1.25819433 8.72655296 -0.923820198
v 4.66735506 6.7562542 2.82803035
v 3.15535116 6.63466358 3.34991026
v 4.60991859 6.55586958 3.28342605
v 4.41706419 6.97826576 1.78766501
v 5.30345869 6.90986061 2.30600119
v 4.27870703 7.15393114 0.878776073
v 5.94625616 6.38010931 1.03004467
v 5.24082947 6.9460063 -0.293673486
v 6.73680782 6.30732536 -0.76549542
v 7.53664112 6.46402168 -1.73118639
v 7.47724342 6.28595018 -1.04054976
v 7.9361434 6.21728802 -1.2918365
v 5.56367826 7.42711115 -2.09728026
v 7.98590136 6.43331385 -2.8100369
v 3.88666105 7.99326038 -1.76900244
v 3.97763348 7.97288084 -2.99508166
v 8.49925613 6.03924751 -2.80758357
v 8.55936337 5.74328232 -1.45499659
v 7.83851624 6.51803446 -3.57431173
v 8.34836197 6.18898535 -4.023489
v 9.67144489 4.98243904 -3.48633289
v 8.77555752 5.21602392 -0.861259162
v 10.5087938 4.16568613 -3.07696486
v 9.69774532 3.90966058 -0.5275774
v 10.3470478 3.22077727 -0.172828883
v 7.53610992 6.4564395 -4.93824339
v 9.62963581 5.03346252 -4.67065096
v 2.30200934 8.34667683 -3.48677826
v 2.40499663 7.86688137 -6.49378967
v 7.70141029 5.86583042 -6.71230841
v 9.10550976 5.00031137 -6.94388151
v 0.373653054 8.90494156 -1.2982856
v -1.61696148 9.16101074 -1.45407808
v -0.999501169 8.69745922 -2.33913302
v 0.156662077 8.57683754 -3.29412413
v 1.62174785 8.21839523 -5.6381855
v 1.15147781 8.15634346 -6.0371933
v -0.110271573 8.40709305 -4.11391735
v 0.348914564 8.17517376 -5.32932186
v 2.41204762 7.40760612 -8.30591488
v 3.76408434 6.90279531 -8.35237598
v -0.229270965 7.87896299 -6.07376575
v -0.352684766 7.54753828 -5.54965878
v -0.302090734 7.77301693 -6.82773113
v -0.173847437 7.38717222 -7.85049343
v 0.84179455 7.54078579 -8.12454319
v 0.497503817 7.50049257 -8.62584305
v -0.515101969 7.24988317 -8.30701351
v 0.185604796 7.56485224 -9.26036263
v 1.96223199 7.42408752 -9.11278725
v 2.65486574 7.24802399 -9.34616089
v 8.15721321 5.04494476 -8.42538071
v 5.25371552 6.0101428 -8.91041946
v 5.20555735 5.89998341 -9.93899345
v 7.09139681 5.18959236 -9.16780186
v 9.14495373 4.57611084 -8.95216751
v 11.1058502 4.01874304 -7.29817247
v 11.1836348 3.78770232 -8.96413231
v 11.5746994 3.82169771 -8.00762653
v 11.7897005 3.81691313 -6.85886049
v 11.7116928 3.73692703 -6.18452072
v 10.8852501 4.1587553 -6.12110138
v 11.864975 3.68334246 -5.18517828
v 10.6676426 4.28746605 -4.88852119
v 11.2716894 3.85577202 -4.31866217
v 12.0834351 3.37433863 -3.82810235
v 11.4913683 3.5353694 -3.46227217
v 12.0832949 2.71696043 -2.33704805
v 12.2489681 2.40470362 -1.48835218
v 11.6899853 2.51410913 -0.480265498
v 10.8147249 2.97862601 0.148294777
v 10.193367 5.99692631 5.69730759
v 12.6041193 5.2562108 4.91551495
v 10.2858343 6.7817626 4.71140099
v 11.3731117 4.72043848 7.30209684
v 9.89519501 5.73673487 6.70753527
v 13.8105688 4.08326292 6.10066319
v 13.5136127 4.69608545 5.13095999
v 14.3760471 4.3238101 5.33308649
v 12.4744549 3.99188995 8.68469906
v 10.1508608 4.85665512 8.75999451
v 10.8296595 3.58033085 11.5906372
v 9.77748108 5.47332954 7.74375963
v 9.64727116 5.63930082 7.43655396
v 9.4202795 5.73035812 7.816782
v 9.17697144 5.40712595 8.56247616
v 8.40689278 5.02372599 10.3542461
v 8.50340271 4.51662111 11.3531446
v 7.81168747 4.98885632 10.7513647
v 9.4998045 3.79124451 12.9789667
v 7.73506927 4.55773544 11.3451815
v 6.78059816 4.8977685 11.2122498
v 8.36375999 4.38792896 11.8927431
v 7.57787752 4.45932627 12.0399122
v 7.41643667 4.55365753 13.0103741
v 6.62439394 4.82794809 11.9253912
v 6.25522518 4.86983919 12.5906162
v 8.34266853 4.12821865 13.0844822
v 9.39860535 3.4659884 14.0632677
v 9.16696072 3.4790175 14.2782545
v 8.40228939 3.55870104 14.5154428
v 7.64854288 3.26738572 15.945179
v 6.52846289 4.15154457 14.8165865
v 4.32045937 5.0023098 13.9976501
v 4.54680824 4.5156889 14.993679
v 4.80157089 4.045084 15.6825676
v 7.70960569 5.50531435 -14.2369452
v 8.05142403 5.20116854 -16.2960205
v 7.48944521 5.34333467 -15.4206829
v 7.78542328 5.57303524 -13.4508238
v 10.1167469 4.86768961 -16.272089
v 10.1764736 4.89835262 -13.374279
v 6.33412409 5.60781288 -13.4644537
v 7.54715919 4.90602493 -17.677763
v 5.74202013 5.68339443 -13.1260128
v 9.57105637 4.41029549 -17.5712337
v 5.85301876 5.82284021 -12.631546
v 5.1144619 5.85811472 -12.9043293
v 5.03126287 6.11887693 -11.5143995
v 3.65665793 6.55655193 -12.141633
v 6.62349844 5.72005796 -12.2914133
v 7.93042469 5.52268124 -12.6992016
v 6.52036428 5.59560394 -11.182435
v 7.43461418 5.02475834 -9.81570148
v 4.17839718 6.44311714 -11.563364
v 2.4883461 7.21695471 -11.8254623
v 2.65486574 7.24802399 -9.34616089
v 5.20555735 5.89998341 -9.93899345
v 5.25371552 6.0101428 -8.91041946
v 7.09139681 5.18959236 -9.16780186
v 9.14495373 4.57611084 -8.95216751
v 9.04167747 5.12841415 -12.2580795
v 10.0299873 4.79275608 -12.4451532
v 8.33687401 4.90086555 -10.6171026
v 8.29668808 4.80550957 -9.83309078
v 11.1836348 3.78770232 -8.96413231
v 10.6945095 4.01875591 -10.2156038
v 11.6028662 3.60553479 -10.5775375
v 11.2649145 3.9459846 -10.9043665
v 11.8830128 3.22707915 -10.382761
v 12.6463728 3.44021893 -11.1743393
v 14.1790733 3.61877537 -12.9589148
v 14.0542393 3.99847865 -13.6913805
v 13.5981617 4.23670721 -14.175046
v 12.5696859 4.55316925 -14.9618464
v 12.3785324 4.6482563 -15.650094
v 12.9506264 4.41791964 -15.569747
v 12.8150024 4.50765371 -16.3847198
v 11.9075727 4.43729734 -16.8007507
v 12.2613201 4.35231352 -17.133131
v 11.921793 4.18086672 -17.3129826
v 10.4723415 3.99900532 -17.8904018
v -1.66527939 9.20666885 0.0894168541
v -3.56947327 9.9697113 0.202324212
v -3.3436079 8.84703064 1.38965273
v -1.7883364 8.13793182 1.33688867
v 4.80157089 4.045084 15.6825676
v 5.45608377 3.35631895 16.333086
v 7.64854288 3.26738572 15.945179
v 7.52895164 3.13211012 16.1901417
v 16.9630947 3.86171627 9.49173355
v 16.4554729 3.38987255 6.53895617
v 16.1678829 3.96770906 8.5790472
v 18.2726727 2.80148268 7.00832272
v 17.1967888 3.17049217 6.2951355
v 19.1085052 2.91440892 9.45985985
v 17.4312 3.6827023 10.1612501
v 19.245718 3.11731863 10.5173206
v 17.7118187 3.65932417 10.8352184
v 18.9459057 3.48458767 11.6842175
v 17.6277657 3.89639974 12.2361012
v 19.9609585 4.22581148 14.799161
v 17.5263386 4.17576599 13.1940317
v 19.5967216 4.49890089 15.7835627
v 18.291235 4.56140852 15.7481918
v 17.7043457 4.41445112 14.8708057
v 17.0423527 4.47670412 15.6285095
v 17.2263565 4.64587736 16.3914146
v 16.7529583 4.59259796 15.9767303
v 16.3807983 4.40977621 16.5840359
v 16.7471294 4.52978849 17.4272385
v 17.3940029 4.61896801 17.2826614
v 18.3874493 4.52355576 17.1919899
v 19.2621441 4.52917814 17.0319767
v 20.0604668 4.34760141 16.6156483
v 20.2715054 4.11394453 17.2370853
v 21.1555214 3.86131358 16.064064
v 20.9149246 3.68482637 17.0936241
v 21.0040932 4.01823616 15.4866037
v 21.6937885 3.52238345 16.4418564
v 22.7325115 2.94335556 16.6089115
v 21.5217628 3.86117053 14.8873348
v 21.8018932 3.75751328 15.784132
v 22.4936028 3.67436576 15.659852
v 23.0937195 3.51909757 15.63696
v 23.6008434 2.90829682 16.2400417
v 23.6851444 3.23509049 15.7563038
v 22.3527851 3.78425407 14.9948339
v 23.7602901 3.40101576 15.1103706
v 25.1275406 2.46012998 15.3815203
v 25.7975197 1.91312683 14.6393261
v 24.8557053 2.29466796 16.0555096
v 26.2451115 1.40099466 15.383296
v 27.7028465 0.407718301 14.6245394
v 27.2632618 0.25716418 15.7520065
v 27.8554363 -0.0122819161 15.2314301
v 28.541132 -0.0122801168 13.9120369
v 28.6558437 -0.0122817578 13.3096371
v 25.7301483 1.86854136 12.534111
v 28.5667896 -0.0122825867 12.2319794
v 24.6096821 2.69462085 14.0885191
v 22.3758755 3.76019216 14.5047865
v 26.4998283 0.944432497 10.988431
v 28.1582146 -0.0122819338 11.3173218
v 25.7938576 1.41063035 10.7404394
v 22.1571255 3.61840439 13.9319372
v 24.8986645 2.02705169 11.4701357
v 22.8737297 3.25128961 13.4727049
v 22.5243282 2.85940766 11.9572544
v 23.8047123 2.15238762 11.1799774
v 24.8386879 1.67344511 10.7897663
v 22.6706657 2.09434557 10.9097776
v 22.0834465 2.71165776 11.4679327
v 21.4700146 3.5901773 13.9035749
v 22.2438126 3.0663271 12.7027893
v 21.7730732 3.10968137 12.6128693
v 19.9941483 3.72945094 13.6157122
v 20.5799408 3.18265676 12.9390955
v 20.3989506 3.13662648 12.5211449
v 21.9071522 2.99531174 12.0427647
v 21.0607948 3.05977082 12.5294409
v 21.0443134 2.58246613 11.2133322
v 21.6602612 2.34056401 11.0568457
v 21.2283287 1.84804559 9.27510452
v 22.5420322 1.71357703 10.1996937
v 20.1798916 1.98432779 8.35027218
v 22.9265137 0.921845019 8.92333603
v 23.4637184 1.08165157 9.63379765
v 23.8636646 0.489414781 9.17501068
v 22.7578506 0.676446974 8.70359802
v 23.4334221 0.317528844 8.64942932
v 24.0264397 -0.0122818071 8.91941929
v 23.1140385 -0.012282487 8.27680016
v 22.2873001 0.438806415 7.81360626
v 22.6604252 -0.0122814756 7.36427784
v 22.5811844 -0.0122816954 6.23660946
v 18.6890469 2.62438083 6.01320362
v 22.7250843 -0.012281511 5.89700222
v 19.3672752 2.92816091 4.80466509
v 22.2081642 0.967320383 5.11811209
v 23.4304371 -0.0122839408 5.17583609
v 22.4081192 0.914910316 4.74429941
v 23.5324535 -0.0122840153 4.79862881
v 23.4704189 -0.0122826975 4.3852458
v 17.7676754 3.69071484 4.91428661
v 18.3751125 3.6040256 4.48664236
v 17.3408813 4.1439209 4.05260801
v 16.2076359 4.27714491 4.68161964
v 15.8087721 3.44547987 6.22267151
v 14.3760471 4.3238101 5.33308649
v 0.166829646 8.00015926 -11.0351353
v 1.96223199 7.42408752 -9.11278725
v 0.995270312 7.85162401 -11.1161594
v 0.185604796 7.56485224 -9.26036263
v -0.922872066 7.63032341 -9.56941319
v -0.787356377 7.9802599 -10.9163885
v -1.05302393 7.38591051 -8.94992161
v -0.515101969 7.24988317 -8.30701351
v 7.70960569 5.50531435 -14.2369452
v 7.48944521 5.34333467 -15.4206829
v 6.90446806 5.27421808 -14.7180548
v 6.57969284 5.31631899 -14.5612602
v 6.08735418 5.35511303 -14.4203234
v 6.33412409 5.60781288 -13.4644537
v 4.50326824 4.9917078 -14.0933819
v 5.26473141 5.34298754 -13.6140232
v 5.74202013 5.68339443 -13.1260128
v 5.1144619 5.85811472 -12.9043293
v 4.6041441 5.7423768 -13.4478416
v 3.6029129 5.10298586 -14.2273598
v 3.75404572 5.83874321 -13.4015465
v 3.24910212 5.61218119 -13.7553759
v 14.988451 3.22787476 -10.3770027
v 14.5478821 3.34472442 -10.3959064
v 15.1409521 3.8273387 -8.68604088
v 14.2836933 3.75259066 -9.47480488
v 14.2608576 4.5892787 -8.36722469
v 14.7208643 4.80776644 -7.21275091
v 16.4254875 3.25578451 -8.02634048
v 17.4193401 1.79438353 -9.42903996
v 17.1936913 2.48778701 -8.07687569
v 18.1583824 0.894999087 -10.2279797
v 17.0623951 3.16593981 -7.17722511
v 18.239769 1.00030482 -8.34222221
v 18.8791428 -0.0122835618 -9.70220947
v 18.8120766 -0.0122826155 -8.47728062
v 19.6213875 -0.0122822504 -7.06602049
v 18.526062 1.58271003 -7.08800173
v 20.0048523 -0.0122835236 -6.1043067
v 18.1228218 2.42385912 -6.34961891
v 18.1028481 2.61456966 -5.4770689
v 20.3720894 -0.0122825773 -4.81015158
v 17.1671219 3.44818163 -5.76469469
v 16.4269295 3.86372256 -6.57362843
v 15.7617331 4.45486355 -5.69319773
v 15.0621185 4.72519588 -6.06950808
v 15.2334137 4.76483774 -5.54368162
v 15.6896496 4.436409 -4.58647346
v 17.1690254 3.44680524 -5.1189518
v 17.65905 2.89543462 -3.06212854
v 15.9844284 3.92659283 -3.88870239
v 18.8287926 1.90728951 -3.26842833
v 18.9475079 1.95007265 -2.28238511
v 21.1551418 -0.0122836865 -2.68519402
v 18.1039467 2.59190297 -2.29876924
v 20.4913406 0.913222194 -1.13750064
v 21.5125904 -0.012282012 -1.23707163
v 21.7135143 -0.0122823995 1.17110324
v 19.7491379 1.75002837 0.863917828
v 18.6900444 2.43849134 0.737171471
v 17.0673637 3.2722168 -3.20310807
v 16.3397732 3.57069111 -3.05139303
v 16.2284794 3.55004287 -1.46579337
v 17.4067822 3.00319839 -1.32906008
v 16.6880093 3.24400353 -0.426004082
v 15.8908796 3.31629443 -0.672527075
v 16.0690613 3.34524798 0.0464155488
v 16.2081261 3.42498136 0.377450943
v 0.980360448 7.72478867 1.78040063
v 0.806926012 7.61363506 2.73501611
v 1.39633501 7.2291398 2.90272188
v -0.105233602 7.58735514 2.59553361
v -0.221384048 8.00463676 1.83225632
v 0.02193252 8.1144352 1.39275098
v -1.61696148 9.16101074 -1.45407808
v -2.33111954 9.46761799 -1.34246826
v -1.5037781 9.34250736 -0.619477689
v -3.13221526 9.93961525 -0.575174332
v -1.66527939 9.20666885 0.0894168541
v -3.56947327 9.9697113 0.202324212
v 18.1583824 0.894999087 -10.2279797
v 18.8791428 -0.0122835618 -9.70220947
v 18.8582783 -0.0122834528 -11.0025806
v 17.9226208 1.11148608 -10.6018305
v 18.8115482 0.417014003 -11.2928791
v 17.0072269 2.02997303 -11.7499285
v 18.1535778 1.01514232 -11.5500584
v 17.9362583 1.31456375 -11.774107
v 17.3711529 1.93989193 -12.1510849
v 16.6553707 2.58153701 -12.8159704
v 15.2337694 3.12666488 -11.3215904
v 17.4193401 1.79438353 -9.42903996
v 16.370615 2.36733198 -11.1799574
v 14.8409376 3.26164579 -10.9648008
v 16.4045792 2.41681457 -10.2862616
v 15.1409521 3.8273387 -8.68604088
v 14.988451 3.22787476 -10.3770027
v 14.5478821 3.34472442 -10.3959064
v 9.4998045 3.79124451 12.9789667
v 9.39860535 3.4659884 14.0632677
v 9.77294064 3.70360684 13.5006323
v 10.2157726 3.7204473 13.240366
v 10.7096167 3.62839317 12.7547045
v 10.8296595 3.58033085 11.5906372
v 11.5045576 3.53850389 11.319665
v 12.4744549 3.99188995 8.68469906
v -2.07638311 7.18700409 -5.59827137
v -2.27490807 7.75124693 -4.90698195
v -1.57617486 7.35174036 -5.55388975
v -1.44653106 8.27413464 -4.2120719
v -1.79371715 8.63389015 -3.42058825
v -1.5365907 8.63611889 -2.98065019
v -0.606773794 8.2150383 -4.42902374
v -0.352684766 7.54753828 -5.54965878
v 0.348914564 8.17517376 -5.32932186
v -0.110271573 8.40709305 -4.11391735
v 0.156662077 8.57683754 -3.29412413
v -1.05863464 8.63885593 -2.68103695
v -0.999501169 8.69745922 -2.33913302
v 2.65486574 7.24802399 -9.34616089
v 2.4883461 7.21695471 -11.8254623
v 1.7133534 7.66128826 -11.9734631
v 0.995270312 7.85162401 -11.1161594
v 1.96223199 7.42408752 -9.11278725
v 2.4883461 7.21695471 -11.8254623
v 2.2876339 6.69568443 -12.723464
v 1.7133534 7.66128826 -11.9734631
v 2.86135578 6.69984484 -12.707552
v 2.38050723 6.21067381 -13.3001575
v 2.76365447 5.71500826 -13.627964
v 3.24910212 5.61218119 -13.7553759
v 3.65665793 6.55655193 -12.141633
v 3.75404572 5.83874321 -13.4015465
v 4.00505352 6.16566372 -12.876997
v 5.1144619 5.85811472 -12.9043293
v 4.6041441 5.7423768 -13.4478416
v 4.32045937 5.0023098 13.9976501
v 6.25522518 4.86983919 12.5906162
v 5.26141119 4.95084381 12.4639378
v 5.90828609 4.83094072 11.6188326
v 6.62439394 4.82794809 11.9253912
v 6.78059816 4.8977685 11.2122498
v 5.99304676 4.78693295 10.7627935
v 9.4202795 5.73035812 7.816782
v 8.58484077 5.57128143 8.2372179
v 9.17697144 5.40712595 8.56247616
v 7.69086409 5.39588499 9.04747772
v 8.40689278 5.02372599 10.3542461
v 6.82137108 5.36025333 9.83084774
v 7.81168747 4.98885632 10.7513647
v 6.78059816 4.8977685 11.2122498
v 6.1707325 5.19548464 10.1799984
v 5.99304676 4.78693295 10.7627935
v 23.011198 2.53521347 16.8183346
v 22.7325115 2.94335556 16.6089115
v 20.9149246 3.68482637 17.0936241
v 20.9505482 3.26688766 17.8745155
v 20.4848576 3.8019259 17.4560413
v 20.2715054 4.11394453 17.2370853
v 22.0486088 2.08288193 18.6766338
v 23.9978504 0.718130112 18.4257679
v 22.9319973 1.03905213 19.3119736
v 22.938036 0.649826348 20.6987038
v 23.3033848 0.413850188 21.1310329
v 23.537466 -0.0122813629 21.5053482
v 24.0751038 1.15832078 17.3123741
v 23.7013378 2.02571988 16.5392818
v 24.4486523 1.17119968 16.6461582
v 24.5722485 0.660538018 17.172472
v 25.6440907 -0.0122813452 16.5302639
v 25.0143871 0.453869224 16.4606457
v 24.7170486 0.535621107 16.6859894
v -12.2464705 4.25579977 -4.54220486
v -11.8071613 4.47111034 -4.48121595
v -11.7947302 4.43176556 -4.97427654
v -12.4903154 4.25215483 -5.21670723
v -12.8870192 4.2288599 -4.43480539
v -13.2035027 4.31989574 -5.54173946
v -13.5047884 4.34605408 -3.98981357
v -12.9272957 4.03561497 -3.730057
v -13.1092663 4.10059881 -3.52554607
v -14.4355431 4.5766592 -4.38917923
v -13.550251 4.47705603 -5.5971489
v -14.5382214 4.60172939 -5.27127361
v -15.076108 4.69911051 -4.51668978
v -14.0323534 4.58534193 -5.83189631
v -15.1654062 4.67822266 -5.75319433
v -15.6400862 4.68572521 -4.85835123
v -16.0320358 4.55945492 -5.33751154
v -15.9241505 4.82603788 -5.65775871
v -15.6607599 4.79488373 -6.09234619
v -14.3823872 4.6384201 -6.46648407
v -14.3236504 4.633214 -6.99279118
v -16.1686954 4.54352951 -6.89046621
v -16.6069279 4.45017529 -6.82988977
v -15.2280779 4.22606611 -8.97509384
v -13.9858656 4.27060461 -8.60958767
v -17.2150917 4.48619795 -7.29272985
v -17.0370579 4.25619364 -6.45379877
v -17.9842911 4.40256357 -7.57164955
v -17.3668499 4.15492201 -9.35691071
v -16.6174221 4.08781528 -9.65488434
v -17.020071 4.21085215 -10.608182
v -17.7354412 4.18077326 -8.87919903
v -18.2283669 4.38050985 -8.2140379
v -19.00033 4.20387697 -8.5632019
v -18.6257725 3.95416164 -9.26668262
v -19.1496143 3.32017994 -10.9784937
v -19.8264523 3.69477725 -9.27288723
v -19.4471931 3.45764279 -10.3126278
v -14.4837255 5.42530918 4.17868471
v -14.15839 5.56121254 2.43238187
v -14.8942566 5.56528664 4.1166482
v -15.9999475 5.8427844 3.44883871
v -15.9620008 5.65579748 4.74915075
v -17.6382523 5.64028978 5.24427223
v -16.8394737 5.76333809 1.5797416
v -14.3218117 5.36047363 1.41692567
v -19.242487 5.99450684 4.5063591
v -18.2153339 5.68842697 5.59730721
v -18.7140732 5.90902185 2.9656961
v -19.7352791 5.79657745 3.51566434
v -19.3984623 5.82071447 2.21632433
v -18.7869244 5.84499216 1.5955584
v -17.0040073 5.92550039 2.69254565
v -17.0752068 5.3212719 0.190989375
v -18.1819859 5.47333717 0.552296519
v -15.4717941 5.31989622 0.120967664
v -15.9118137 5.20708227 -0.0628486574
v -15.8424177 5.21039486 -0.505833864
v -15.1691046 5.24959946 -0.719005585
v -13.5966225 5.01160192 0.367867947
v -15.8969231 5.33840036 -0.878963172
v -13.2356768 5.02046824 -0.729538858
v -15.6275873 5.17709255 -1.96699321
v -13.073698 4.83051491 -1.82031703
v -15.124691 4.96748257 -2.12423134
v -15.4914618 4.85075426 -2.53450608
v -14.6627026 4.52076101 -3.44945955
v -13.60252 4.69255686 -2.63554096
v -13.1092663 4.10059881 -3.52554607
v -13.6498699 4.46444702 -3.30161977
v -13.5047884 4.34605408 -3.98981357
v -14.738575 4.58152437 -3.89166594
v -14.4355431 4.5766592 -4.38917923
v -15.076108 4.69911051 -4.51668978
v -16.7588005 5.14960194 5.88315058
v -17.6382523 5.64028978 5.24427223
v -18.2153339 5.68842697 5.59730721
v -16.4356728 5.42220688 5.48355579
v -15.8867245 5.11636686 6.37015772
v -14.9916401 5.14322805 6.32158995
v -15.9620008 5.65579748 4.74915075
v -15.0584602 5.03681421 6.87155437
v -14.3492403 4.88536835 6.82493162
v -13.9863033 4.83055353 6.36614132
v -13.5481758 4.94251394 5.74358892
v -14.9688034 5.50490522 4.67587852
v -14.8942566 5.56528664 4.1166482
v -13.9892311 5.19630194 5.04105568
v -14.4837255 5.42530918 4.17868471
v -14.0859022 5.26009369 4.5301609
v -8.37664795 5.50889874 -7.84553862
v -7.15558434 5.30606842 -7.57568598
v -8.73658752 5.82103205 -8.50978661
v -7.71372652 5.89167166 -9.09350491
v -8.38922024 6.06132984 -9.85438251
v -6.49545527 5.18819809 -7.78438282
v -9.00597477 6.00055456 -9.0535202
v -9.35252666 6.24835682 -9.57317162
v -6.94976616 5.70935678 -8.93382931
v -9.18315125 6.2214179 -10.2529306
v -7.6409359 6.11871815 -9.79447079
v -6.98726225 6.17544365 -9.48314762
v -7.21500063 6.40703392 -9.98358059
v -7.92170858 6.04226112 -10.5722408
v -7.43688583 6.1201787 -10.7237282
v -8.27935123 5.5377903 -11.8845224
v -7.59968996 5.66278076 -11.531024
v -8.47989082 6.02421856 -10.5137253
v -8.89976501 6.01507235 -10.8215609
v -9.5289526 6.06296015 -10.9036741
v -9.0962944 5.79651356 -11.161603
v -9.22612953 5.87704372 -12.0791645
v -9.12342834 5.61610937 -12.6749096
v -7.95255899 5.47455692 -12.0463009
v -7.78106356 5.34844637 -12.1887693
v -7.74002647 5.5615921 -12.7858458
v -7.28006697 5.71326351 -13.8173523
v -8.6336298 5.60161304 -13.8006268
v -7.74002647 5.5615921 -12.7858458
v -7.66569662 5.70382977 -14.445797
v -6.73310757 5.55309916 -14.1812944
v -7.85239506 5.87770605 -14.8828688
v -6.81882238 5.45272255 -14.9410143
v -5.75592375 5.32253695 -14.5995197
v -6.1669755 5.43988991 -15.4232378
v -5.87841845 5.35808229 -14.2155647
v -5.16792774 5.27902937 -15.0170984
v -4.73497486 5.34728432 -15.6883163
v -4.31955242 5.20163631 -14.3796568
v -4.24182129 5.23800707 -15.9089708
v -3.97592926 5.32725096 -14.7243967
v -2.4268055 5.22733593 -14.7416716
v -3.89372826 5.16229916 -16.2405281
v -2.09518051 4.90698767 -15.7975206
v -2.83372617 4.78144217 -16.6103535
v 0.11306899 4.87630749 -14.4774961
v -0.86079669 4.52808523 -17.1696091
v -0.273114204 4.76647282 -16.0258884
v 1.04343915 4.86742306 -14.861021
v 1.99642754 4.61777878 -15.6377821
v 0.600311458 4.45157719 -16.9132671
v 2.10453725 4.77180338 -14.9447107
v 1.96597481 4.26942873 -16.5653381
v 2.37342167 4.56720066 -15.0066614
v 2.5341568 4.55074263 -16.0019302
v 2.62046647 4.52630234 -15.4267464
v -8.37664795 5.50889874 -7.84553862
v -7.47379208 5.10763407 -6.5297842
v -7.15558434 5.30606842 -7.57568598
v -7.19380093 5.19857216 -6.90602112
v -7.16834879 5.31881237 -6.09641266
v -6.67638731 5.34434748 -6.2168045
v -6.81529236 5.11221409 -7.13145447
v -6.49545527 5.18819809 -7.78438282
v -6.14520311 4.80274391 -6.79495335
v -6.20872402 4.47170305 -7.36800528
v -6.0447669 4.40239048 -7.1743598
v -8.62371349 5.54917383 -14.2173395
v -7.66569662 5.70382977 -14.445797
v -7.85239506 5.87770605 -14.8828688
v -8.6336298 5.60161304 -13.8006268
v -9.37562847 5.63421726 -13.7673378
v -9.12342834 5.61610937 -12.6749096
v -7.74002647 5.5615921 -12.7858458
v 19.272665 3.14790916 4.21434021
v 19.3672752 2.92816091 4.80466509
v 22.2081642 0.967320383 5.11811209
v 22.4081192 0.914910316 4.74429941
v 18.3751125 3.6040256 4.48664236
v 19.7459793 2.75966883 3.44828677
v 23.4704189 -0.0122826975 4.3852458
v 18.6217422 3.43085074 3.11444521
v 21.799675 1.02687919 3.03278565
v 23.151865 -0.0122822626 3.68775511
v 20.7636127 1.19456768 1.76249909
v 22.2090588 -0.0122823985 2.50746107
v 21.9744396 -0.0122824283 2.02223539
v 21.7135143 -0.0122823995 1.17110324
v 19.7491379 1.75002837 0.863917828
v 19.2500763 2.23953176 1.36239326
v 18.6900444 2.43849134 0.737171471
v 17.6344242 4.0443778 3.53612971
v 17.3408813 4.1439209 4.05260801
v 18.1134319 2.91715693 1.22151506
v 16.6880093 3.24400353 -0.426004082
v 16.2081261 3.42498136 0.377450943
v 16.456419 3.82433224 1.41214442
v 17.4064655 3.85619354 2.48831487
v 16.4604416 3.92714357 1.70502985
v 16.994833 4.19356775 2.95533347
v 16.4748402 4.07195568 2.24326515
v 15.6897736 4.39347315 2.74515033
v 16.7657185 4.35191345 3.68845582
v 16.2076359 4.27714491 4.68161964
v 14.2321644 4.82122135 3.15756679
v 14.7567968 4.5807972 2.75326324
v 13.3690443 5.08314085 2.62712741
v 13.9282503 4.92269135 3.64849424
v 14.3760471 4.3238101 5.33308649
v 13.5136127 4.69608545 5.13095999
v 13.4847107 5.1059413 3.19519138
v 13.1117315 5.14070654 4.47275686
v 12.6041193 5.2562108 4.91551495
v 10.2858343 6.7817626 4.71140099
v 11.3034286 6.60075617 3.6941812
v 11.0036058 6.82320499 2.81834579
v 11.3547955 6.10000086 1.90112424
v 10.6361704 6.4148798 2.08389211
v 12.7155886 5.12350368 1.64461493
v 10.8928261 6.05038643 1.7405746
v 11.7887621 5.71741343 1.52628279
v 11.5666685 5.84291744 1.44304061
v 22.8668957 0.380329579 -12.8387032
v 23.750803 -0.0122830337 -12.9953966
v 23.2717915 0.320501596 -14.1438713
v 22.252409 0.611291051 -12.9246473
v 23.69594 -0.0122845424 -13.5300388
v 21.6051903 1.12624156 -13.5847282
v 24.0631752 -0.0122841233 -15.1422825
v 21.4209957 1.61907697 -14.5927477
v 20.9741631 1.43858767 -13.7595491
v 18.1156559 3.86184692 -14.6226416
v 19.6358299 2.50310993 -14.1325178
v 19.929224 1.92528749 -13.7205658
v 18.8426456 2.66807222 -13.575963
v 18.2276649 3.47137022 -14.0333796
v 17.6002026 4.29977703 -14.1662693
v 17.5834694 4.43506813 -14.6791601
v 23.3198586 0.773761988 -15.9585104
v 23.0860596 1.00884819 -16.48839
v 24.3321133 -0.01228364 -16.3394108
v 23.6011391 0.535562754 -16.7410374
v 22.8018589 1.09866261 -17.4827271
v 18.3738117 3.81076837 -14.9830027
v 17.4119949 4.43503904 -16.3142166
v 16.9285011 4.93808746 -16.0331059
v 17.0489006 4.41558409 -16.7143154
v 17.0074768 3.78282762 -17.8984852
v 21.7953167 1.68532467 -16.9205627
v 22.4415493 1.15069067 -17.6518459
v 21.5954266 1.48698223 -17.600729
v 20.4049301 2.33670139 -17.0201797
v 17.5627308 3.14011598 -18.2554131
v 20.7817669 1.82925224 -17.7573547
v 19.6874161 2.16085601 -17.7400208
vn 0.30084005 0.907444954 0.293323964
vn 0.108796895 0.893088579 0.436527282
vn 0.195075199 0.92172873 0.335204154
vn 0.143695503 0.783843696 0.604103148
vn 0.129774824 0.869051635 0.477396816
vn 0.157656118 0.881204784 0.445670903
vn 0.264840364 0.868893147 0.41819188
vn 0.250376552 0.929399669 0.271160275
vn 0.215946823 0.916329503 0.337205082
vn 0.239281669 0.935606837 0.259584337
vn 0.360224873 0.900242865 0.244541809
vn 0.30084005 0.907444954 0.293323964
vn 0.267324537 0.963485658 0.0152677484
vn 0.195075199 0.92172873 0.335204154
vn 0.265692741 0.960535169 0.0823380649
vn 0.0617970973 0.951469302 0.301475167
vn 0.108796895 0.893088579 0.436527282
vn 0.0679886043 0.910000443 0.408994883
vn 0.243180871 0.966960669 0.076486744
vn 0.163734406 0.984799087 0.0579820499
vn 0.360073179 0.919287026 0.158929944
vn 0.387381285 0.918922901 0.0742736906
vn 0.430720061 0.857457936 0.281506926
vn 0.416962951 0.816701353 0.398924768
vn 0.371558666 0.903235078 0.214733735
vn 0.17852971 0.948953152 0.260029197
vn 0.451812923 0.872090757 0.187943578
vn 0.368363976 0.924280405 0.100068696
vn 0.505100906 0.859895468 0.0738429353
vn 0.313760161 0.944694877 0.0954265594
vn 0.292876929 0.953132212 -0.0759088397
vn 0.651268482 0.75470525 0.0791788995
vn 0.716651738 0.675562561 0.17327857
vn 0.432314783 0.900136411 -0.0534631871
vn 0.569665372 0.816940904 -0.0899381489
vn 0.656517148 0.749112308 0.0884089991
vn 0.749538064 0.615651429 0.243240863
vn 0.624386907 0.750759006 0.215642869
vn 0.681653857 0.674075603 0.284552544
vn 0.549829543 0.809749424 0.20492278
vn 0.409226507 0.890313983 -0.199686125
vn 0.597166121 0.8002069 -0.0553317517
vn 0.194677666 0.975164771 -0.105613783
vn 0.252913952 0.943958819 -0.212076262
vn 0.413688511 0.870573342 -0.266390353
vn 0.459884495 0.869204581 -0.181630775
vn 0.157756701 0.979938328 -0.121794149
vn 0.223451704 0.934903562 -0.275725871
vn 0.0381480008 0.968538523 -0.245922372
vn 0.0123668266 0.986056328 -0.16595161
vn 0.133880332 0.976624191 -0.168170273
vn -0.0365349427 0.971421897 -0.234530732
vn -0.108977966 0.969168186 -0.220990494
vn -0.311600864 0.913701952 -0.260871053
vn 0.219947755 0.963067174 -0.155320823
vn 0.378601998 0.900063813 -0.215744793
vn -0.370753199 0.928426564 -0.0237950478
vn -0.462399095 0.833521664 -0.302371591
vn -0.0979786664 0.954235911 -0.282549202
vn -0.193023026 0.965912819 -0.172494918
vn -0.054115098 0.986880779 -0.152111664
vn -0.0715687498 0.996730447 0.0375029705
vn -0.171149984 0.978548706 0.114673629
vn -0.0176050682 0.976280689 0.215791717
vn 0.161305323 0.986585617 0.0250866711
vn 0.356650651 0.933269501 -0.0425237827
vn 0.352525085 0.897390604 -0.265360415
vn 0.388182789 0.885142684 -0.256586373
vn 0.401171982 0.915754437 -0.0213265922
vn 0.358117074 0.918359518 -0.168427736
vn 0.348707229 0.92717576 -0.136924729
vn 0.359035403 0.931229234 -0.062496163
vn 0.344255984 0.937352359 -0.0534644872
vn 0.245293647 0.963685572 -0.105552144
vn 0.233228058 0.968949676 0.082105197
vn 0.409786433 0.912150264 0.00754882628
vn 0.465504467 0.884329379 -0.0355963819
vn 0.456445277 0.887666583 0.0608753562
vn 0.544915736 0.838027775 0.0278609395
vn 0.509331584 0.849479437 0.137717083
vn 0.428446621 0.866659701 0.255606264
vn 0.511783719 0.821507454 0.251402229
vn 0.598845124 0.774966776 0.202016994
vn 0.553952396 0.800206125 0.229797602
vn 0.487430871 0.859591365 0.153341621
vn 0.464194804 0.885695577 -0.00816036388
vn 0.409411401 0.785334945 0.464361161
vn 0.443431169 0.811484575 0.38060686
vn 0.447133005 0.746102393 0.493359238
vn 0.390076071 0.873349905 0.291720033
vn 0.453799576 0.832009137 0.319102973
vn 0.355600983 0.855889499 0.375501215
vn 0.391895831 0.855853856 0.337537885
vn 0.239911422 0.89411056 0.378164977
vn 0.333991766 0.909903526 0.24601835
vn 0.390415579 0.865036786 0.315098196
vn 0.202551156 0.969311833 0.139310941
vn 0.543872416 0.784990191 0.296636581
vn 0.501546741 0.832050741 0.23694399
vn 0.473603964 0.785541713 0.398275614
vn 0.244905248 0.902213871 0.355009079
vn 0.262922853 0.906355381 0.330743998
vn 0.226629734 0.912642241 0.340180904
vn 0.13534832 0.900122523 0.41407761
vn 0.2023063 0.961675286 0.18507494
vn 0.158594906 0.906068444 0.392285287
vn 0.0518124998 0.967237592 0.248529464
vn 0.194250271 0.959743261 0.202878281
vn 0.219227791 0.974518239 0.0474711694
vn 0.282878071 0.938137949 0.199692696
vn 0.172012255 0.983386934 0.0579829328
vn 0.15575856 0.983192265 0.0952490494
vn 0.333105087 0.903646767 0.26919058
vn 0.223219156 0.931129396 0.288394123
vn 0.262317717 0.912148774 0.314919084
vn 0.296760499 0.887413204 0.352747589
vn 0.221743524 0.853447556 0.471653461
vn 0.24730365 0.890184104 0.382639796
vn 0.207117632 0.938117802 0.277556062
vn 0.195698321 0.878154159 0.436517268
vn 0.173862606 0.82040596 0.544707239
vn 0.0714250877 0.987966716 -0.137187123
vn 0.147176042 0.971555471 -0.185524106
vn -0.0393120795 0.990957379 -0.128288567
vn 0.15975064 0.986158013 -0.0444090851
vn 0.155877948 0.965576828 -0.208239108
vn 0.239491597 0.968055308 0.0742466971
vn -0.0626018047 0.972136736 -0.225900784
vn 0.189814568 0.927625656 -0.321684778
vn -0.000148053397 0.918086708 -0.396379441
vn 0.193134338 0.880241096 -0.433445245
vn 0.120688647 0.976164401 -0.180381089
vn 0.2112827 0.910761476 -0.354786098
vn 0.315353096 0.948974371 -0.000329813454
vn 0.363102168 0.893480539 -0.264290422
vn 0.187456861 0.981028497 0.0494267046
vn 0.233943433 0.967676342 0.0941966102
vn 0.277170956 0.943403363 0.182115927
vn 0.3105461 0.949373484 0.0474470109
vn 0.400785208 0.913317382 -0.0722675025
vn 0.44357869 0.861573935 -0.246836603
vn 0.356650651 0.933269501 -0.0425237827
vn 0.401171982 0.915754437 -0.0213265922
vn 0.388182789 0.885142684 -0.256586373
vn 0.358117074 0.918359518 -0.168427736
vn 0.348707229 0.92717576 -0.136924729
vn 0.31432271 0.928606451 0.197209015
vn 0.310128897 0.92699188 0.210964963
vn 0.298304647 0.93416965 0.195809975
vn 0.279940933 0.957945824 0.0630298927
vn 0.344255984 0.937352359 -0.0534644872
vn 0.367308736 0.92163372 0.125201583
vn 0.745115399 0.626184523 -0.229556113
vn 0.397305131 0.864096284 0.30900842
vn 0.435545564 0.743090868 0.508051217
vn 0.383236319 0.805688739 0.451658726
vn 0.307130158 0.875968874 0.371953785
vn 0.279745162 0.902185678 0.328334838
vn 0.240741268 0.952755392 0.185204774
vn 0.236476675 0.968081474 0.0830488876
vn 0.224400267 0.974446893 -0.00988590624
vn 0.36920163 0.928739369 0.0336641967
vn 0.173388377 0.974123716 -0.144980744
vn 0.0509912185 0.92203784 -0.383726656
vn -0.0880173296 0.938577652 -0.333654106
vn -0.0270719863 0.893578351 -0.448090196
vn 0.160243005 0.824497044 -0.542703152
vn 0.264840364 0.868893147 0.41819188
vn 0.362407893 0.825837433 0.432033718
vn 0.331237435 0.70823139 0.6234501
vn 0.143695503 0.783843696 0.604103148
vn 0.173862606 0.82040596 0.544707239
vn 0.143917158 0.754377425 0.640470624
vn 0.221743524 0.853447556 0.471653461
vn 0.127229437 0.840686619 0.526363671
vn 0.382380545 0.912132382 -0.147647068
vn 0.339369059 0.929938495 -0.14157334
vn 0.359045953 0.910041988 -0.207146272
vn 0.428354114 0.897562563 -0.104375035
vn 0.297646433 0.920412779 0.253469527
vn 0.397934318 0.889922142 -0.222905338
vn 0.365809411 0.926771462 -0.0853121504
vn 0.32872051 0.921342134 -0.207536519
vn 0.285286397 0.948127687 -0.140233964
vn 0.285071075 0.929832637 -0.23269251
vn 0.191598967 0.953714132 -0.231774256
vn 0.197193608 0.947847664 -0.250398785
vn 0.1246491 0.96342963 -0.237204462
vn 0.170178309 0.982515574 -0.0755140185
vn 0.0283089373 0.99579829 -0.0870874301
vn -0.0476892069 0.989847481 -0.133894145
vn -0.00627111923 0.981342971 -0.192163199
vn -0.0593189932 0.997600138 -0.0357112959
vn -0.0591796972 0.996414542 -0.0604622625
vn -0.260068268 0.964725435 0.0408565924
vn -0.197794348 0.980072141 0.0183300879
vn -0.0138856554 0.99928695 0.0351114608
vn 0.0581414253 0.998270392 0.00870810356
vn 0.116069064 0.992459476 0.0393968783
vn 0.353132933 0.92846489 0.115109205
vn 0.48140192 0.833808899 0.270212471
vn 0.382116139 0.898049653 0.217931375
vn 0.512300134 0.786471546 0.344979852
vn 0.333358645 0.940469682 0.0662471056
vn 0.362879276 0.865905702 0.344275773
vn 0.368981212 0.728000462 0.577813208
vn 0.180817604 0.976702094 -0.115576759
vn 0.207611188 0.951810539 0.225730315
vn 0.236016169 0.922341943 0.305911094
vn 0.274793267 0.896795988 0.346764594
vn 0.266564995 0.780139267 0.565973341
vn 0.387430698 0.831947505 0.397191137
vn 0.158824235 0.987279892 0.00729967654
vn 0.425378501 0.90501523 0.000805552176
vn 0.603157997 0.775041103 0.18844524
vn 0.605311453 0.795496404 0.0279938001
vn 0.559440613 0.724083543 0.403396994
vn 0.64017719 0.739402175 0.208464772
vn 0.619269609 0.727953196 0.294260621
vn 0.636531472 0.691979349 0.34057647
vn 0.622800946 0.707846105 0.333276033
vn 0.602197886 0.778908968 0.175095811
vn 0.565173149 0.824862719 0.0134456158
vn 0.496647418 0.856910229 -0.138007969
vn 0.538040578 0.832589388 -0.131556839
vn 0.477625459 0.866511345 -0.145024404
vn -0.0112091973 0.988097608 -0.153419092
vn 0.545275211 0.810698986 -0.21317181
vn 0.520192444 0.821830571 -0.232366532
vn 0.471503466 0.844268143 -0.254746407
vn 0.096826084 0.941236258 -0.323572516
vn 0.31962043 0.891916275 -0.319887608
vn 0.283416241 0.913448513 -0.292039514
vn 0.193212435 0.907788873 -0.372274578
vn 0.189100325 0.85850817 -0.476660043
vn 0.207832366 0.847132206 -0.489053011
vn 0.157983586 0.807779849 -0.567919731
vn 0.15508157 0.846157908 -0.509869039
vn 0.0855530277 0.931060851 -0.354692012
vn 0.087459892 0.956321478 -0.278926641
vn 0.0511714742 0.978411436 -0.200231418
vn 0.324239641 0.865682781 -0.381394714
vn 0.314664871 0.861958325 -0.397509396
vn 0.305222571 0.915817022 -0.260994941
vn 0.0544828549 0.95433104 -0.293741077
vn 0.00565607473 0.949074566 -0.315000743
vn 0.220332235 0.931235313 -0.290266216
vn 0.255770504 0.841707051 -0.475510955
vn 0.400125206 0.834316671 -0.379230142
vn 0.340086102 0.861412466 -0.377239943
vn 0.480439723 0.826146722 -0.294379205
vn 0.315939546 0.70473659 -0.635239005
vn 0.387676299 0.792186737 -0.47132498
vn 0.512229502 0.623413742 -0.590742171
vn 0.355737746 0.657689154 -0.663999796
vn 0.449144989 0.527187169 -0.72134757
vn 0.567225218 0.461528897 -0.682089865
vn 0.508891165 0.618596315 -0.598638773
vn 0.532240689 0.758223116 -0.376586825
vn 0.556792438 0.806694806 -0.198054567
vn 0.54460156 0.831559062 0.109172985
vn 0.469996214 0.839838862 0.271614045
vn 0.515982926 0.743946671 0.42462334
vn 0.490472645 0.79910624 0.347657621
vn 0.514118791 0.76044172 0.396749616
vn 0.592627764 0.745593607 0.304766268
vn 0.6095559 0.792207718 0.029130267
vn 0.634775162 0.771854222 0.0360775217
vn 0.639725924 0.751125872 -0.162974566
vn 0.338248044 0.85548389 0.392091274
vn 0.441586643 0.870178103 0.218612671
vn 0.330754369 0.928589284 0.168296337
vn 0.204522684 0.917790711 0.340339005
vn 0.168025985 0.848683298 0.50150156
vn 0.239911422 0.89411056 0.378164977
vn 0.069331415 0.975727797 0.207721785
vn 0.161305323 0.986585617 0.0250866711
vn 0.24226974 0.966683745 0.08263091
vn -0.0176050682 0.976280689 0.215791717
vn -0.0222689155 0.954782665 0.29646942
vn 0.0112447254 0.967533767 0.252491355
vn -0.0591997541 0.948684931 0.31063202
vn -0.171149984 0.978548706 0.114673629
vn 0.0714250877 0.987966716 -0.137187123
vn -0.0393120795 0.990957379 -0.128288567
vn -0.122877799 0.959087729 -0.255052477
vn -0.043340642 0.92148149 -0.385996848
vn -0.159041837 0.959240139 -0.233589694
vn -0.0626018047 0.972136736 -0.225900784
vn 0.0975878388 0.733165026 -0.673012376
vn 0.00142107008 0.848927975 -0.528506517
vn -0.000148053397 0.918086708 -0.396379441
vn 0.2112827 0.910761476 -0.354786098
vn 0.200338051 0.777828872 -0.59569025
vn 0.131891042 0.695338726 -0.706476331
vn 0.10795816 0.756265759 -0.645296156
vn 0.106410727 0.714976072 -0.691003621
vn 0.391875446 0.898606956 -0.197330132
vn 0.254138917 0.94168824 -0.220536977
vn 0.48270148 0.786840737 -0.384553164
vn 0.300045758 0.862353027 -0.407823205
vn 0.499876857 0.754979849 -0.424415529
vn 0.521355152 0.806260467 -0.279522479
vn 0.571181774 0.737940371 -0.359437674
vn 0.619485617 0.747906566 -0.238481313
vn 0.695490003 0.650594413 -0.304992765
vn 0.764216721 0.640381873 -0.0767074302
vn 0.636061192 0.708094656 -0.306640267
vn 0.796017289 0.557235897 -0.23631455
vn 0.813500166 0.581151903 -0.0219064355
vn 0.841369569 0.502182364 -0.199774936
vn 0.774255872 0.521490932 -0.358573675
vn 0.747041881 0.572459877 -0.337961793
vn 0.776886404 0.582624257 -0.238739535
vn 0.730733395 0.649286807 -0.210844755
vn 0.71953845 0.690811336 -0.0710229501
vn 0.721693099 0.670049608 -0.173760146
vn 0.633133054 0.768833756 -0.0896509215
vn 0.571930289 0.792244673 -0.212707028
vn 0.525103927 0.849085569 -0.0576157533
vn 0.401423723 0.911295295 -0.0916507617
vn 0.483371258 0.870140553 -0.095956549
vn 0.526701212 0.841200352 0.122343376
vn 0.616407335 0.786740184 0.0328915752
vn 0.584262431 0.811184227 0.0248462427
vn 0.304210365 0.849991798 0.430081457
vn 0.697538018 0.713818371 -0.0624818578
vn 0.626620889 0.769064128 -0.126042306
vn 0.634797394 0.746949732 -0.197733149
vn 0.634281695 0.768122017 -0.0876091346
vn 0.643199265 0.756971598 -0.115276568
vn 0.661911547 0.741902709 -0.107020214
vn 0.690192819 0.703794718 -0.168246672
vn 0.606801748 0.780733466 -0.149153918
vn 0.513234437 0.845816553 -0.145550326
vn 0.494666308 0.869044542 0.00817686319
vn 0.39860788 0.908715665 0.123885483
vn 0.320192754 0.940076172 0.117189683
vn 0.404613972 0.913878322 0.0333740078
vn 0.257688016 0.966141641 0.0129282819
vn 0.0458386838 0.98884064 0.141750231
vn 0.0337502509 0.985385776 -0.166960329
vn 0.244992375 0.944473028 -0.218973711
vn 0.215946823 0.916329503 0.337205082
vn 0.245886803 0.956652582 0.156063154
vn 0.30084005 0.907444954 0.293323964
vn 0.111671709 0.944802999 0.308020711
vn 0.129774824 0.869051635 0.477396816
vn 0.157656118 0.881204784 0.445670903
vn 0.223451704 0.934903562 -0.275725871
vn 0.33733952 0.913361609 -0.22797516
vn 0.267324537 0.963485658 0.0152677484
vn 0.364610493 0.926682174 0.0912097469
vn 0.264840364 0.868893147 0.41819188
vn 0.362407893 0.825837433 0.432033718
vn 0.764216721 0.640381873 -0.0767074302
vn 0.813500166 0.581151903 -0.0219064355
vn 0.795155346 0.565833569 0.218083367
vn 0.694248796 0.719717264 0.00505253859
vn 0.735930383 0.552259207 0.391683728
vn 0.563832402 0.795239091 0.222907946
vn 0.644847095 0.753568053 0.127700508
vn 0.564833045 0.719857633 0.403446019
vn 0.541081727 0.779404998 0.315845788
vn 0.537186861 0.808324277 0.240919396
vn 0.524570107 0.817215323 0.238715962
vn 0.619485617 0.747906566 -0.238481313
vn 0.561552882 0.825965166 0.0493950136
vn 0.443531603 0.89612335 0.0155770332
vn 0.583069742 0.798751771 -0.148408562
vn 0.48270148 0.786840737 -0.384553164
vn 0.391875446 0.898606956 -0.197330132
vn 0.254138917 0.94168824 -0.220536977
vn 0.2023063 0.961675286 0.18507494
vn 0.223219156 0.931129396 0.288394123
vn -0.0985644758 0.971662343 0.214842364
vn 0.0988554507 0.995101035 -0.0012514285
vn 0.115492538 0.992637873 -0.0364897698
vn 0.202551156 0.969311833 0.139310941
vn 0.125874534 0.978655338 0.162447721
vn 0.333991766 0.909903526 0.24601835
vn -0.184114948 0.734896302 -0.652709186
vn -0.0971287787 0.819273233 -0.565117121
vn -0.12172763 0.8019678 -0.584833384
vn -0.0670077875 0.896045446 -0.438876301
vn 0.270555615 0.9155882 -0.297485799
vn 0.0943430737 0.972805381 -0.211539656
vn -0.153105751 0.875381708 -0.458547086
vn -0.462399095 0.833521664 -0.302371591
vn -0.311600864 0.913701952 -0.260871053
vn -0.108977966 0.969168186 -0.220990494
vn 0.0123668266 0.986056328 -0.16595161
vn -0.00146393431 0.994626701 -0.103516012
vn 0.0381480008 0.968538523 -0.245922372
vn 0.356650651 0.933269501 -0.0425237827
vn 0.44357869 0.861573935 -0.246836603
vn 0.446930856 0.880133867 -0.160053506
vn 0.24226974 0.966683745 0.08263091
vn 0.161305323 0.986585617 0.0250866711
vn 0.44357869 0.861573935 -0.246836603
vn 0.212142229 0.814820826 -0.539502323
vn 0.446930856 0.880133867 -0.160053506
vn 0.212802231 0.827591717 -0.519429624
vn 0.172543108 0.686321676 -0.706534803
vn 0.114365399 0.693142295 -0.711670101
vn 0.106410727 0.714976072 -0.691003621
vn 0.363102168 0.893480539 -0.264290422
vn 0.10795816 0.756265759 -0.645296156
vn 0.236060724 0.859194934 -0.45393756
vn 0.2112827 0.910761476 -0.354786098
vn 0.200338051 0.777828872 -0.59569025
vn 0.207117632 0.938117802 0.277556062
vn 0.15575856 0.983192265 0.0952490494
vn 0.0830862522 0.996434569 -0.0146541838
vn -0.00747825485 0.999603331 -0.0271548238
vn 0.172012255 0.983386934 0.0579829328
vn 0.0518124998 0.967237592 0.248529464
vn -0.276854873 0.92596966 0.256771505
vn 0.473603964 0.785541713 0.398275614
vn 0.0707561597 0.936382413 0.343775511
vn 0.244905248 0.902213871 0.355009079
vn 0.102976844 0.967362881 0.23152709
vn 0.262922853 0.906355381 0.330743998
vn 0.0532763489 0.960536361 0.273004681
vn 0.13534832 0.900122523 0.41407761
vn 0.0518124998 0.967237592 0.248529464
vn -0.176808193 0.912953675 0.367769569
vn -0.276854873 0.92596966 0.256771505
vn 0.546478271 0.698295295 0.462325811
vn 0.368981212 0.728000462 0.577813208
vn 0.512300134 0.786471546 0.344979852
vn 0.49527967 0.767346203 0.407281011
vn 0.549006641 0.724055946 0.417534143
vn 0.48140192 0.833808899 0.270212471
vn 0.527216375 0.727141082 0.439668953
vn 0.620625079 0.719538927 0.311589718
vn 0.508068502 0.798971355 0.321731508
vn 0.379085332 0.902621806 0.203882828
vn 0.633296609 0.734059095 0.245137691
vn 0.7040447 0.660481751 0.260930926
vn 0.712220669 0.620606542 0.328007758
vn 0.649596632 0.642371774 0.406672686
vn 0.745801032 0.475142539 0.466926634
vn 0.656802118 0.735981047 0.164142683
vn 0.606032372 0.768099487 0.206755757
vn 0.585050702 0.774138033 0.241714448
vn 0.542403698 0.795337975 0.270621032
vn -0.223560885 0.974553406 0.0163130127
vn -0.429324389 0.899365902 -0.0825926811
vn -0.349093258 0.936941028 0.0165936556
vn -0.0580891371 0.996538401 0.059471339
vn 0.166568786 0.982790589 0.0798592493
vn 0.225045696 0.969862342 0.0933896899
vn 0.333177269 0.942502618 0.0261094123
vn 0.400577962 0.897898734 0.18252477
vn 0.468220949 0.881175935 -0.0655606389
vn 0.180147737 0.983142376 0.0312705338
vn 0.28706494 0.94602704 0.150421515
vn 0.130490616 0.991248608 0.0199596323
vn 0.12191207 0.992430031 0.0148372455
vn 0.134152636 0.987840831 0.0785723627
vn 0.0841165334 0.989028096 0.121440344
vn -0.086274609 0.994801164 -0.0541054606
vn -0.021263808 0.972141922 0.233426362
vn 0.106647104 0.944993615 0.309214264
vn 0.00950663164 0.991865575 -0.126934335
vn 0.0828562975 0.996259212 -0.0245479234
vn -0.019825086 0.994620562 -0.101671085
vn -0.0939383134 0.985243082 -0.143078879
vn -0.182702512 0.965912163 0.183394328
vn -0.00778413424 0.983608902 -0.180147246
vn 0.0277269781 0.976607025 -0.213237122
vn -0.111482754 0.991347969 0.069287397
vn -0.181887105 0.937802136 0.295709938
vn -0.0227532275 0.996994257 -0.0740590245
vn -0.0685665682 0.994188547 -0.0829923451
vn 0.0513739735 0.994180322 -0.094689846
vn -0.150024921 0.986002445 -0.0727446675
vn -0.0937604457 0.974336088 -0.204641134
vn 0.0989756733 0.970874369 -0.218189642
vn -0.123936206 0.915940404 -0.381697416
vn -0.190514237 0.938382685 -0.288344175
vn -0.285361081 0.923914909 -0.254853457
vn -0.197434783 0.921892703 -0.333366483
vn -0.202951208 0.936710596 -0.285278648
vn 0.292866379 0.948814988 0.11823494
vn 0.157996416 0.984160602 -0.0804054588
vn 0.23285304 0.964723647 0.122832462
vn 0.113587469 0.992541432 0.0442653969
vn 0.0901867971 0.974140584 0.20716317
vn 0.157505125 0.949811518 0.270278066
vn 0.0713677928 0.977208972 -0.199923277
vn 0.160634741 0.971972525 -0.171656281
vn 0.0152875325 0.999482393 0.0283043589
vn 0.194089204 0.963203073 0.185928017
vn -0.0484206937 0.998098671 -0.0381389558
vn -0.150379345 0.985568225 -0.0777254999
vn -0.095011197 0.995009422 -0.0304818433
vn -0.00811610185 0.98958379 -0.143728927
vn 0.0639716759 0.997428 -0.032326445
vn 0.00830980577 0.947737753 -0.318941921
vn 0.0246245656 0.946153045 -0.322781682
vn 0.00784222595 0.987629712 -0.156607747
vn -0.115851641 0.945864916 -0.30317995
vn -0.0684188381 0.994441211 0.0800352171
vn 0.0892409757 0.994461954 -0.0555100925
vn 0.189530581 0.980064034 -0.059603069
vn 0.103506006 0.991450965 0.0794453248
vn 0.128057539 0.989968359 -0.0596977621
vn 0.163758025 0.944217086 -0.285722554
vn 0.172560468 0.956474781 -0.235327423
vn 0.129927292 0.880977213 -0.45497039
vn 0.105287813 0.9277367 -0.35807696
vn 0.0575944781 0.992811501 -0.104919776
vn 0.210926354 0.926123798 -0.312737405
vn 0.468220949 0.881175935 -0.0655606389
vn 0.302911192 0.930718243 -0.204959616
vn 0.333177269 0.942502618 0.0261094123
vn 0.0977511406 0.991960585 0.0803670734
vn 0.180147737 0.983142376 0.0312705338
vn 0.12191207 0.992430031 0.0148372455
vn -0.0440392569 0.869682372 0.491643399
vn 0.157505125 0.949811518 0.270278066
vn 0.194089204 0.963203073 0.185928017
vn -0.00177494762 0.914345384 0.404931158
vn -0.0466554686 0.944991708 0.323750019
vn 0.136670336 0.964887023 0.224308401
vn 0.0901867971 0.974140584 0.20716317
vn 0.136493355 0.975373805 0.173249632
vn 0.258156419 0.952974856 0.158727124
vn 0.263499618 0.920233965 0.289374202
vn 0.234251663 0.938239515 0.254622787
vn 0.205570862 0.965231836 0.161456645
vn 0.23285304 0.964723647 0.122832462
vn 0.243992627 0.954757929 0.170014158
vn 0.292866379 0.948814988 0.11823494
vn 0.34340179 0.937741697 0.0521119945
vn 0.0767885298 0.932346106 0.3533189
vn 0.186470002 0.951156199 0.246030018
vn 0.105516702 0.955105901 0.276837498
vn 0.0940577313 0.952454329 0.289799809
vn 0.0785984695 0.993730068 0.0795154944
vn 0.423831224 0.840935051 0.336445123
vn 0.2177376 0.946170032 0.239484131
vn 0.230732262 0.961212456 0.151106805
vn 0.0589907952 0.910017848 0.410350591
vn 0.180063039 0.974214315 -0.135954723
vn -0.234085843 0.935392439 0.265037268
vn -0.343505442 0.73246932 0.587786198
vn -0.393557161 0.888204396 0.237077534
vn -0.178714842 0.962405324 -0.204540938
vn -0.197943166 0.926763594 -0.319261342
vn 0.158698887 0.948409379 -0.274471074
vn 0.104830652 0.871664703 -0.478760064
vn 0.0910945982 0.975391626 -0.200780615
vn 0.163449109 0.933448434 -0.319309294
vn 0.123836644 0.896058857 -0.42631346
vn 0.165306136 0.934643745 -0.314825356
vn 0.24276036 0.950569332 -0.193611369
vn 0.139178574 0.98839426 -0.060877502
vn 0.226431698 0.953395247 -0.199414521
vn 0.60783571 0.793523312 0.0292664561
vn 0.0640655681 0.992150664 0.107390553
vn 0.0338925943 0.999349058 -0.0123548675
vn -0.022919016 0.999224663 -0.0320143066
vn 0.0640655681 0.992150664 0.107390553
vn -0.00134070939 0.978893578 0.204365909
vn 0.226565883 0.969398677 -0.0945211127
vn 0.0819359273 0.964592457 0.250694752
vn 0.240979865 0.967191339 -0.0804344267
vn 0.121173359 0.992611706 -0.00624187011
vn 0.101104856 0.989354849 0.104665838
vn 0.147654265 0.986033142 -0.0770513713
vn 0.102256522 0.992338657 0.0693375468
vn 0.276840568 0.921533287 0.272278577
vn -0.0506488457 0.998697877 0.00609973911
vn 0.0682977512 0.99739325 -0.0232810397
vn -0.153563589 0.98706913 -0.04596534
vn 0.14822498 0.967821479 -0.203349203
vn 0.128845647 0.974940777 -0.181353524
vn 0.128186643 0.966184497 -0.223731488
vn 0.158801183 0.943743467 -0.290052563
vn 0.0367988124 0.994057298 -0.10244929
vn 0.0673668608 0.97053808 -0.23133865
vn 0.0685030445 0.981643736 -0.177997157
vn 0.055228211 0.98570621 -0.159163773
vn 0.121644378 0.970977306 -0.205926389
vn 0.11976473 0.957511485 -0.262351096
vn 0.306926638 0.917807281 -0.251844823
vn 0.118652977 0.928256214 -0.352507979
vn 0.375883549 0.914237857 -0.151263207
vn -0.00476694573 0.982186198 -0.187849686
vn 0.143559635 0.989631593 0.00445899088
vn 0.0767885298 0.932346106 0.3533189
vn -0.257493556 0.96621412 0.0112809874
vn 0.186470002 0.951156199 0.246030018
vn -0.0416833684 0.999130785 0.000539929781
vn -0.199639365 0.97013098 -0.137804002
vn 0.159285143 0.961633205 -0.223360315
vn 0.432579488 0.901586592 -0.00407664478
vn 0.423831224 0.840935051 0.336445123
vn 0.548237264 0.714543641 -0.434584051
vn 0.708386064 0.701066077 -0.0818264708
vn 0.606410563 0.682890654 -0.407340854
vn -0.101646245 0.993540704 -0.0504464433
vn -0.00134070939 0.978893578 0.204365909
vn 0.0819359273 0.964592457 0.250694752
vn -0.022919016 0.999224663 -0.0320143066
vn 0.042629268 0.998699427 -0.0279686227
vn 0.139178574 0.98839426 -0.060877502
vn 0.0640655681 0.992150664 0.107390553
vn 0.52113539 0.851054251 0.0642228499
vn 0.490472645 0.79910624 0.347657621
vn 0.514118791 0.76044172 0.396749616
vn 0.6095559 0.792207718 0.029130267
vn 0.441586643 0.870178103 0.218612671
vn 0.571299374 0.793714345 -0.208889067
vn 0.639725924 0.751125872 -0.162974566
vn 0.50396651 0.83610636 -0.216665879
vn 0.640629232 0.692559779 -0.331594795
vn 0.675770044 0.643527389 -0.359454274
vn 0.640354216 0.683036625 -0.351293951
vn 0.692983508 0.524948895 -0.49416852
vn 0.705655277 0.644727588 -0.293899506
vn 0.690192819 0.703794718 -0.168246672
vn 0.606801748 0.780733466 -0.149153918
vn 0.550240755 0.789334953 -0.272370279
vn 0.513234437 0.845816553 -0.145550326
vn 0.424484491 0.901617527 -0.0830585584
vn 0.330754369 0.928589284 0.168296337
vn 0.470363677 0.8355546 -0.283912957
vn 0.257688016 0.966141641 0.0129282819
vn 0.244992375 0.944473028 -0.218973711
vn 0.387370825 0.838945508 -0.382248819
vn 0.415255606 0.850402713 -0.32307595
vn 0.308556557 0.897981286 -0.313723534
vn 0.302262038 0.925643682 -0.227643371
vn 0.155881092 0.948484659 -0.275822341
vn 0.190584555 0.935396194 -0.297844768
vn 0.243827611 0.9695943 0.0208570454
vn 0.204522684 0.917790711 0.340339005
vn 0.28397274 0.953807235 -0.0980365351
vn 0.221154407 0.937045753 -0.270251811
vn 0.493720889 0.848224461 -0.191716313
vn 0.293944627 0.949712694 0.10790024
vn 0.239911422 0.89411056 0.378164977
vn 0.391895831 0.855853856 0.337537885
vn 0.451744735 0.891973257 -0.0176173076
vn 0.46849674 0.849862278 0.241339713
vn 0.443431169 0.811484575 0.38060686
vn 0.447133005 0.746102393 0.493359238
vn 0.542035937 0.819180727 0.187456504
vn 0.48378399 0.82932204 -0.279603362
vn 0.334418863 0.828649282 -0.448892444
vn 0.194939658 0.785681784 -0.587113857
vn 0.519313812 0.801541686 -0.296385139
vn 0.125329718 0.787155926 -0.60388577
vn 0.544646025 0.814322412 -0.200598374
vn 0.422201812 0.859786808 -0.287249237
vn 0.372624189 0.925091445 0.0731914788
vn 0.483401686 0.87387681 0.0515968278
vn 0.502587974 0.853466928 0.137838989
vn 0.42917949 0.891299427 0.146254554
vn 0.635333776 0.771965861 -0.0204889122
vn 0.447717845 0.844332814 0.294365168
vn 0.572004855 0.801225245 0.175637916
vn 0.505336463 0.810442328 0.296341389
vn 0.408511579 0.805086613 0.430062592
vn 0.651989937 0.687953234 0.318793654
vn 0.488857985 0.701034009 0.519200623
vn 0.382682562 0.657229006 0.649310529
vn 0.511297405 0.678381145 0.527611613
vn 0.594644904 0.70696187 0.382887036
vn 0.730359912 0.653909564 0.197424814
vn 0.673559904 0.736112535 0.0667493567
vn 0.582595408 0.79548341 0.166699499
vn 0.574539304 0.818473995 -0.00223675347
vn 0.640303969 0.763912618 0.0803015828
vn 0.638759017 0.759815931 -0.121106341
vn 0.466126949 0.867464066 -0.173872739
vn 0.573694289 0.804437876 0.154125556
vn 0.544844985 0.791280925 -0.277522087
vn 0.644872069 0.735642493 -0.207292408
vn 0.452857554 0.770594835 -0.448445886
vn 0.44495669 0.755587459 -0.480729878
vn 0.446044654 0.856817126 -0.258666784
vn 0.309135824 0.876953542 -0.36795035
vn 0.378330469 0.853330553 -0.358738065
vn 0.379373908 0.774733603 -0.505829215
vn 0.443195224 0.692279518 -0.569497228
vn 0.364906222 0.843515217 -0.394113749
vn 0.397414774 0.717938364 -0.571512043
vt 0.254950345 0.430123627
vt 0.256569982 0.467991024
vt 0.263509691 0.449828684
vt 0.274385095 0.0176013932
vt 0.26682058 0.0437687598
vt 0.274083912 0.0478519797
vt 0.302122176 0.018591851
vt 0.306193858 0.0625983477
vt 0.269296825 0.0709699094
vt 0.268185169 0.111408383
vt 0.299778283 0.11644733
vt 0.249274015 0.0811469555
vt 0.31417188 0.0221586823
vt 0.24524653 0.0890555382
vt 0.313735664 0.0702909529
vt 0.240530238 0.125936568
vt 0.235433057 0.108587295
vt 0.232213587 0.124403298
vt 0.258950323 0.123362362
vt 0.25182122 0.133377761
vt 0.274898797 0.122568548
vt 0.267463803 0.152815849
vt 0.29267323 0.14224866
vt 0.295625806 0.171350211
vt 0.312223852 0.186101824
vt 0.299103379 0.18486014
vt 0.302848935 0.193719238
vt 0.323959827 0.148615867
vt 0.331568718 0.194241971
vt 0.322160125 0.117912263
vt 0.342465073 0.121788114
vt 0.331299365 0.205083162
vt 0.305876285 0.208328396
vt 0.345279306 0.192113549
vt 0.352907866 0.202613026
vt 0.344666988 0.232491523
vt 0.296542943 0.219005495
vt 0.338745296 0.252499193
vt 0.295753002 0.245172292
vt 0.291395485 0.260770589
vt 0.369413853 0.189458519
vt 0.365119636 0.232199818
vt 0.354150712 0.0938331783
vt 0.404654205 0.102705687
vt 0.40050894 0.197844714
vt 0.404423147 0.225837201
vt 0.321726143 0.0558682382
vt 0.333615541 0.0348705947
vt 0.340354383 0.0436520278
vt 0.355814576 0.0571881235
vt 0.39158982 0.0871795118
vt 0.399461627 0.0803274214
vt 0.370369732 0.054636091
vt 0.389909536 0.0650438666
vt 0.435958862 0.10759455
vt 0.434636921 0.13211897
vt 0.404811919 0.0571601689
vt 0.397952616 0.054983858
vt 0.416918993 0.0623491704
vt 0.435011268 0.0625062883
vt 0.436575443 0.0805259645
vt 0.445888758 0.0759845078
vt 0.445022225 0.0652356446
vt 0.457365453 0.072375983
vt 0.45058614 0.101662785
vt 0.453097105 0.113997936
vt 0.430618942 0.21192655
vt 0.442773908 0.161728412
vt 0.455103695 0.148796529
vt 0.444960654 0.195499092
vt 0.438927412 0.230298787
vt 0.41127342 0.264088899
vt 0.439744323 0.266062349
vt 0.423888564 0.27274242
vt 0.404247224 0.276461333
vt 0.392362833 0.275097877
vt 0.390873432 0.259240896
vt 0.375164628 0.278122157
vt 0.369565547 0.254496366
vt 0.360117257 0.267307013
vt 0.35200265 0.284089714
vt 0.345509052 0.273296446
vt 0.325221598 0.289225429
vt 0.310609341 0.294391245
vt 0.294457287 0.284216195
vt 0.285218418 0.269447774
vt 0.924542665 0.88571763
vt 0.953169107 0.912648439
vt 0.939484715 0.889067173
vt 0.92131412 0.925487995
vt 0.909319341 0.896009326
vt 0.965410709 0.941729069
vt 0.972594619 0.923107147
vt 0.981200337 0.936807394
vt 0.905523956 0.955859423
vt 0.889291644 0.928256631
vt 0.866039932 0.976539731
vt 0.895952761 0.90828979
vt 0.897849739 0.902286649
vt 0.890387177 0.903292537
vt 0.879114687 0.912002563
vt 0.849464536 0.927390695
vt 0.839341342 0.943490744
vt 0.837599099 0.926078916
vt 0.833468974 0.977493644
vt 0.829307199 0.935302258
vt 0.819006026 0.921490073
vt 0.831473351 0.949237585
vt 0.819833875 0.942234635
vt 0.806448698 0.951605558
vt 0.808912158 0.928740025
vt 0.796639383 0.932626486
vt 0.817628384 0.964684129
vt 0.82096374 0.98389554
vt 0.812144279 0.986761093
vt 0.802284718 0.985935926
vt 0.776731431 0.996661305
vt 0.775240541 0.966034174
vt 0.764644265 0.936172724
vt 0.747955501 0.945289731
vt 0.743430316 0.95946312
vt 0.0904627442 0.849408984
vt 0.125366271 0.853404105
vt 0.110150814 0.844710827
vt 0.0773855448 0.851369858
vt 0.12776649 0.888885081
vt 0.0788272619 0.893304408
vt 0.0764402151 0.826898038
vt 0.140412986 0.861423671
vt 0.0703758597 0.817194521
vt 0.151120722 0.87821275
vt 0.0617611408 0.81920737
vt 0.0660266876 0.806619704
vt 0.0420729518 0.805550098
vt 0.0512949228 0.780618608
vt 0.0567787886 0.832663119
vt 0.0650407672 0.854583502
vt 0.037887156 0.832521856
vt 0.0153656602 0.851111174
vt 0.0419731736 0.790064156
vt 0.038551569 0.766619027
vt 0.0028949976 0.763230979
vt 0.0156503916 0.811018109
vt 0.00590956211 0.816220403
vt 0.00413632393 0.845244527
vt 0.00208765268 0.880989969
vt 0.0587303638 0.874730408
vt 0.0627384186 0.8921749
vt 0.0297471881 0.865662873
vt 0.0163930058 0.865960836
vt 0.00283789635 0.917159379
vt 0.0241752863 0.907941997
vt 0.0304033756 0.924546659
vt 0.0364984274 0.917077839
vt 0.0262266994 0.93153137
vt 0.0416343212 0.941893756
vt 0.0735616684 0.965144932
vt 0.0871973634 0.961091816
vt 0.09573102 0.952045143
vt 0.10858047 0.932779491
vt 0.120176435 0.928235233
vt 0.119507909 0.938643873
vt 0.133414507 0.934983313
vt 0.139846027 0.919119656
vt 0.14585495 0.924824655
vt 0.149744034 0.919048131
vt 0.158908844 0.894048035
vt 0.260524511 0.330293715
vt 0.246798038 0.321266115
vt 0.231592357 0.332876474
vt 0.246900678 0.361433208
vt 0.854859591 0.343440324
vt 0.869403481 0.331586868
vt 0.860381484 0.295057982
vt 0.865228057 0.296708554
vt 0.151719645 0.176350966
vt 0.202608004 0.170758739
vt 0.16792728 0.163265765
vt 0.193820357 0.204239622
vt 0.206307992 0.184058994
vt 0.150821641 0.216026291
vt 0.13865906 0.183729693
vt 0.131937772 0.215830624
vt 0.12578021 0.187270597
vt 0.110430136 0.207486108
vt 0.0998793468 0.183223456
vt 0.0528531782 0.219419301
vt 0.0814788491 0.180540934
vt 0.0355200432 0.212112978
vt 0.0366531312 0.190682754
vt 0.0521566644 0.181652829
vt 0.0391874686 0.169563428
vt 0.0257705599 0.171527401
vt 0.0331255347 0.164336875
vt 0.0234794505 0.156294018
vt 0.00872227363 0.162135452
vt 0.0108262859 0.173773378
vt 0.0118194576 0.191203758
vt 0.0142387599 0.205845267
vt 0.0210407712 0.219548658
vt 0.0100711584 0.223864838
vt 0.0290714242 0.239945754
vt 0.011163488 0.236726835
vt 0.0394147933 0.236654028
vt 0.0217655934 0.250182509
vt 0.0163251907 0.269874334
vt 0.0495873764 0.245586574
vt 0.0342938453 0.250674844
vt 0.0358175784 0.262062907
vt 0.0364234149 0.272411227
vt 0.0239221081 0.283460081
vt 0.0337791592 0.282788992
vt 0.0471271947 0.259595633
vt 0.0448442474 0.282876968
vt 0.0389811248 0.309609115
vt 0.0497674346 0.324622869
vt 0.0273422599 0.306551039
vt 0.035991326 0.335089922
vt 0.0474437177 0.365277708
vt 0.0274981335 0.360094607
vt 0.0359622836 0.371168256
vt 0.0588706136 0.381200492
vt 0.0689909905 0.38310802
vt 0.0852146074 0.325424194
vt 0.0872110128 0.382563055
vt 0.0608428344 0.301276267
vt 0.0553036854 0.260215163
vt 0.111179307 0.345191598
vt 0.103351958 0.377688885
vt 0.114068292 0.330714762
vt 0.0652907863 0.257580876
vt 0.10389673 0.311921775
vt 0.0732934847 0.271070004
vt 0.100694187 0.269678175
vt 0.112277761 0.294884443
vt 0.116553463 0.314769089
vt 0.122044034 0.277456045
vt 0.110669181 0.263899386
vt 0.0671747327 0.246475592
vt 0.0882429406 0.262686491
vt 0.0917939171 0.255319417
vt 0.0750026554 0.222517297
vt 0.0879764929 0.234968022
vt 0.0957280397 0.232609823
vt 0.100903839 0.259064913
vt 0.095572032 0.243864134
vt 0.118761405 0.247417077
vt 0.121088944 0.258930981
vt 0.15373683 0.258024812
vt 0.135810405 0.278130531
vt 0.17087023 0.241069436
vt 0.159548879 0.291303098
vt 0.146450311 0.298521459
vt 0.15595305 0.309804678
vt 0.165839046 0.290789485
vt 0.166526884 0.304168046
vt 0.163076818 0.316773176
vt 0.176180139 0.302138269
vt 0.182804644 0.285060823
vt 0.191560954 0.29395318
vt 0.210415304 0.291776717
vt 0.210966229 0.211554989
vt 0.216413975 0.293434024
vt 0.234237641 0.218550608
vt 0.231004328 0.275641203
vt 0.230909944 0.301965237
vt 0.237676829 0.278470635
vt 0.23729375 0.303140581
vt 0.244265646 0.302341044
vt 0.232186809 0.190560549
vt 0.239847198 0.199573562
vt 0.240489691 0.181357875
vt 0.238175139 0.164098725
vt 0.208977416 0.159246504
vt 0.229355752 0.133615866
vt 0.832033098 0.794175744
vt 0.806221426 0.822586298
vt 0.832535326 0.808516979
vt 0.800990939 0.793705344
vt 0.80712235 0.774971843
vt 0.830629408 0.77829814
vt 0.795764267 0.772120595
vt 0.783886015 0.780853391
vt 0.622876525 0.064776063
vt 0.60455513 0.0634416342
vt 0.616838813 0.0715401173
vt 0.620631516 0.0762635469
vt 0.624742389 0.083615303
vt 0.638198614 0.074374795
vt 0.635043502 0.10922128
vt 0.640721202 0.0929379463
vt 0.646268487 0.0808000565
vt 0.65445745 0.0879604816
vt 0.650718331 0.100839198
vt 0.638268173 0.124634624
vt 0.655381203 0.114887238
vt 0.651013613 0.126736224
vt 0.92195338 0.205115139
vt 0.936208129 0.21225518
vt 0.935853183 0.191219807
vt 0.946554601 0.208096147
vt 0.955188394 0.188300312
vt 0.953392982 0.168806434
vt 0.914515734 0.175037265
vt 0.885808885 0.195002377
vt 0.896847129 0.17254138
vt 0.871510088 0.193675816
vt 0.908946037 0.157891035
vt 0.867223561 0.174636006
vt 0.847674549 0.197836161
vt 0.847768664 0.176061511
vt 0.843277037 0.14710784
vt 0.874395251 0.150466681
vt 0.842408538 0.128721654
vt 0.892147839 0.139320612
vt 0.898630321 0.125433564
vt 0.84251976 0.106013238
vt 0.917185366 0.134208322
vt 0.92592746 0.15104115
vt 0.944430828 0.140910268
vt 0.954410434 0.150437355
vt 0.954379559 0.141284227
vt 0.951090932 0.123722136
vt 0.920927286 0.123660743
vt 0.917321324 0.0866196156
vt 0.948001862 0.108561039
vt 0.88972944 0.0866057873
vt 0.891180873 0.0703918934
vt 0.839778304 0.0664488077
vt 0.909364223 0.0728316903
vt 0.864341974 0.0458779931
vt 0.841396213 0.0411769748
vt 0.847257435 0.00241267681
vt 0.887944162 0.0160068274
vt 0.907794893 0.0209765434
vt 0.929550707 0.0913125873
vt 0.944187164 0.0913228393
vt 0.948808968 0.0638444424
vt 0.926430941 0.0589064956
vt 0.94109726 0.0448086262
vt 0.954812765 0.0491399765
vt 0.951418698 0.0369043946
vt 0.948941827 0.0312619209
vt 0.269603074 0.410904616
vt 0.254371643 0.416328877
vt 0.254950345 0.430123627
vt 0.247209013 0.401092052
vt 0.258000433 0.390277624
vt 0.266815186 0.389571041
vt 0.29809618 0.716348827
vt 0.299896389 0.70325619
vt 0.283087641 0.712341964
vt 0.291895062 0.685000002
vt 0.275907785 0.691909373
vt 0.281595767 0.67369324
vt 0.306172132 0.438230634
vt 0.302138031 0.458495408
vt 0.321950972 0.455233097
vt 0.311123312 0.431630135
vt 0.327516198 0.448000968
vt 0.324028909 0.405067921
vt 0.327603936 0.431718469
vt 0.329810441 0.424250543
vt 0.332655013 0.408430189
vt 0.338320494 0.388964623
vt 0.306018949 0.37406534
vt 0.287761569 0.423408657
vt 0.310951859 0.396646142
vt 0.297848046 0.36977011
vt 0.296248794 0.400779754
vt 0.281489313 0.397677749
vt 0.289352387 0.374426723
vt 0.28729707 0.367040932
vt 0.101073757 0.0399518609
vt 0.0819836482 0.0359866247
vt 0.0920607746 0.0438642949
vt 0.0958761871 0.0520117655
vt 0.103677601 0.0616002455
vt 0.123822987 0.066649057
vt 0.126633659 0.0787259489
vt 0.170615599 0.100046471
vt 0.377254575 0.742350042
vt 0.364025891 0.733086765
vt 0.370988071 0.749264896
vt 0.344223261 0.740576088
vt 0.333329618 0.729061782
vt 0.3248353 0.730032146
vt 0.341772318 0.755315244
vt 0.361109048 0.766822517
vt 0.345125198 0.766398489
vt 0.33250463 0.760433257
vt 0.316925853 0.743295372
vt 0.31630975 0.734949529
vt 0.310182124 0.733035982
vt 0.0028949976 0.763230979
vt 0.0383875482 0.760127425
vt 0.0364447758 0.747454345
vt 0.0250509623 0.735108018
vt 0.00642579794 0.748752773
vt 0.844844997 0.836045146
vt 0.863412857 0.835583687
vt 0.846136153 0.821270943
vt 0.861176312 0.844929695
vt 0.875757754 0.839655399
vt 0.883760631 0.848757386
vt 0.884515524 0.857310295
vt 0.851437509 0.858358145
vt 0.87556386 0.864223361
vt 0.864405751 0.86638701
vt 0.86364013 0.885904789
vt 0.874244928 0.878729582
vt 0.685755253 0.0111005306
vt 0.644662857 0.0082347244
vt 0.656270862 0.0205369592
vt 0.638468623 0.024699837
vt 0.63272512 0.0127218217
vt 0.622732639 0.0198840946
vt 0.626523852 0.0288367867
vt 0.226064026 0.622466981
vt 0.210434973 0.615113854
vt 0.211778045 0.627063692
vt 0.188130558 0.611387372
vt 0.182225943 0.627941489
vt 0.166127026 0.609146953
vt 0.165199637 0.633130431
vt 0.146371663 0.625968277
vt 0.152380168 0.60544318
vt 0.139638424 0.611746967
vt 0.21833396 0.876328409
vt 0.227092654 0.881212592
vt 0.257196307 0.889092743
vt 0.259504199 0.874465704
vt 0.266761303 0.886419296
vt 0.269466341 0.893468738
vt 0.241455346 0.848681569
vt 0.203489214 0.834880173
vt 0.226428151 0.826567829
vt 0.229627341 0.800567746
vt 0.223287046 0.792221308
vt 0.218145251 0.783604741
vt 0.197767079 0.854412079
vt 0.203645378 0.873818636
vt 0.188108653 0.86331147
vt 0.186226159 0.850828111
vt 0.162536263 0.851781487
vt 0.173623681 0.858321726
vt 0.179615021 0.856161535
vt 0.154800773 0.807546854
vt 0.159948409 0.814220667
vt 0.165649951 0.808058381
vt 0.160084426 0.796537697
vt 0.145926774 0.801314652
vt 0.154945672 0.783520401
vt 0.133174896 0.79976958
vt 0.136892617 0.809933305
vt 0.132254362 0.810470045
vt 0.126302123 0.785186768
vt 0.150860727 0.778377414
vt 0.134072185 0.77252394
vt 0.119207442 0.777702868
vt 0.146625102 0.770014346
vt 0.130118251 0.759869993
vt 0.115144074 0.767901182
vt 0.113805473 0.757296145
vt 0.119393289 0.753183365
vt 0.126639485 0.750156283
vt 0.147960186 0.757675767
vt 0.153803945 0.750898778
vt 0.12649864 0.733804941
vt 0.119427264 0.730244696
vt 0.160013378 0.714011669
vt 0.17366612 0.731321752
vt 0.115938842 0.717608333
vt 0.108536959 0.731238306
vt 0.108505905 0.705853403
vt 0.134606421 0.686298728
vt 0.147837222 0.689691305
vt 0.1522367 0.6715222
vt 0.124953032 0.689425707
vt 0.111736119 0.694836378
vt 0.104316235 0.682538748
vt 0.115884483 0.674740672
vt 0.122764826 0.643416941
vt 0.0975273252 0.663879514
vt 0.112117112 0.650388598
vt 0.588797092 0.361103654
vt 0.569986105 0.355247021
vt 0.593643188 0.379226387
vt 0.583115816 0.387319565
vt 0.595612526 0.392713726
vt 0.61692512 0.416525781
vt 0.550248027 0.398655772
vt 0.551562846 0.35588336
vt 0.600659251 0.441992283
vt 0.619004846 0.426400423
vt 0.574477673 0.431673408
vt 0.583980441 0.450513005
vt 0.561814189 0.442207873
vt 0.550167143 0.430594206
vt 0.569663167 0.402796566
vt 0.524035692 0.400726914
vt 0.530186236 0.419895172
vt 0.525521398 0.372739434
vt 0.520758629 0.379994512
vt 0.513113976 0.376774549
vt 0.511861622 0.364382982
vt 0.535598457 0.340937853
vt 0.506230474 0.375452876
vt 0.518033206 0.33181417
vt 0.488711923 0.366768122
vt 0.500259459 0.324167252
vt 0.486947089 0.357306242
vt 0.47814998 0.362289548
vt 0.465295017 0.343395114
vt 0.484251827 0.32933259
vt 0.470541179 0.315554619
vt 0.472748607 0.327100754
vt 0.462823033 0.320806026
vt 0.457746297 0.341077447
vt 0.452572435 0.332604527
vt 0.445463508 0.340185165
vt 0.609892607 0.873870254
vt 0.623334169 0.888604164
vt 0.633848965 0.885849357
vt 0.603262305 0.881429195
vt 0.594803035 0.864771307
vt 0.579276383 0.864519775
vt 0.593837082 0.893719792
vt 0.581111312 0.854951739
vt 0.568468809 0.853859425
vt 0.561705351 0.861792088
vt 0.552967548 0.871581495
vt 0.576598644 0.893089473
vt 0.574582279 0.902611017
vt 0.55975306 0.884738624
vt 0.567263246 0.900721908
vt 0.560487568 0.893767595
vt 0.785161972 0.635514498
vt 0.776178837 0.655025005
vt 0.798428833 0.631545186
vt 0.805712521 0.650432348
vt 0.821404696 0.640604615
vt 0.77650696 0.666901469
vt 0.808913767 0.628453612
vt 0.81902945 0.623419642
vt 0.799239933 0.662934303
vt 0.829855084 0.627128363
vt 0.81845814 0.653599858
vt 0.811392367 0.664426327
vt 0.821303666 0.662680864
vt 0.833282232 0.649693489
vt 0.834836185 0.658392191
vt 0.858886659 0.645189166
vt 0.851396084 0.656096101
vt 0.833432436 0.639900446
vt 0.839717686 0.632690549
vt 0.841037452 0.621602654
vt 0.847102642 0.629302979
vt 0.863333583 0.629344702
vt 0.873944998 0.632206559
vt 0.861611128 0.650495768
vt 0.863801777 0.653960347
vt 0.874806941 0.655019283
vt 0.677643895 0.311918706
vt 0.684094429 0.329396218
vt 0.695405006 0.31930849
vt 0.667376339 0.319705069
vt 0.669178188 0.302464604
vt 0.658993959 0.319326073
vt 0.655981362 0.305758715
vt 0.657700539 0.286733508
vt 0.645054221 0.296103358
vt 0.665476561 0.287246972
vt 0.648149192 0.278083146
vt 0.635415196 0.272260725
vt 0.656192124 0.262834132
vt 0.629371107 0.264799356
vt 0.65045464 0.256542325
vt 0.641175032 0.231474698
vt 0.622096837 0.259954989
vt 0.621031046 0.228552967
vt 0.609247983 0.243645817
vt 0.638844967 0.186399698
vt 0.59254849 0.211330324
vt 0.612947702 0.198559463
vt 0.629332781 0.172165215
vt 0.614307165 0.158554733
vt 0.595088065 0.186177254
vt 0.626117468 0.15408051
vt 0.59719336 0.162409604
vt 0.624062896 0.149301052
vt 0.607450783 0.150986791
vt 0.6168378 0.146737218
vt 0.478717029 0.671021402
vt 0.449757218 0.664829671
vt 0.462490857 0.68117255
vt 0.452759892 0.6735304
vt 0.439443588 0.6660344
vt 0.436644465 0.674402416
vt 0.453009844 0.681572139
vt 0.46193856 0.692991555
vt 0.442156851 0.689106882
vt 0.449941278 0.69540602
vt 0.446612895 0.695604503
vt 0.663629055 0.461194128
vt 0.65680939 0.477203131
vt 0.66446197 0.479063928
vt 0.657799363 0.457036853
vt 0.664372444 0.446369916
vt 0.646645427 0.439387351
vt 0.6404109 0.45566681
vt 0.978764236 0.69395113
vt 0.98902446 0.690991938
vt 0.989668667 0.660074472
vt 0.989433825 0.629507601
vt 0.982722938 0.711147487
vt 0.966139734 0.683264792
vt 0.983721316 0.605618477
vt 0.959679186 0.704905212
vt 0.959925354 0.638082147
vt 0.971353948 0.609500587
vt 0.936371505 0.652998149
vt 0.948348224 0.620682836
vt 0.939859688 0.623897791
vt 0.925336778 0.627497971
vt 0.92060715 0.672230482
vt 0.928922355 0.684103608
vt 0.917802513 0.693624198
vt 0.965862334 0.724638522
vt 0.974123299 0.730385125
vt 0.925686538 0.706481278
vt 0.907157004 0.723592758
vt 0.908217251 0.738475919
vt 0.927425921 0.738488019
vt 0.947712123 0.725678325
vt 0.93287915 0.739765406
vt 0.95536834 0.734836698
vt 0.942232668 0.741374791
vt 0.949760139 0.756827354
vt 0.96723038 0.740212023
vt 0.983501971 0.750103831
vt 0.95452863 0.783568323
vt 0.948224127 0.773238301
vt 0.944767892 0.798945546
vt 0.962771952 0.789334416
vt 0.981566608 0.781111538
vt 0.988590777 0.794347882
vt 0.954740465 0.797472715
vt 0.976926506 0.803556919
vt 0.984925449 0.811756968
vt 0.983800828 0.858163893
vt 0.964163125 0.842901111
vt 0.949632108 0.849806845
vt 0.932337821 0.838145554
vt 0.933636487 0.851535916
vt 0.926952302 0.809410214
vt 0.927386463 0.844856977
vt 0.925839007 0.828330696
vt 0.92460829 0.832769275
vt 0.90935266 0.612767458
vt 0.922721267 0.622882009
vt 0.930018663 0.60270071
vt 0.902585864 0.603753328
vt 0.928555071 0.616251469
vt 0.901993454 0.585509658
vt 0.952255368 0.602625132
vt 0.911284685 0.568174839
vt 0.89627564 0.574130774
vt 0.86970526 0.514477491
vt 0.883414149 0.547132254
vt 0.88235867 0.560125589
vt 0.867147446 0.543702841
vt 0.864438415 0.525296569
vt 0.856515706 0.509714723
vt 0.862721026 0.503168344
vt 0.951568961 0.580046892
vt 0.954925478 0.570253968
vt 0.970383942 0.592627168
vt 0.96579963 0.576600552
vt 0.964734793 0.55627203
vt 0.877268553 0.513763666
vt 0.882872045 0.48444283
vt 0.871871829 0.478981972
vt 0.885455668 0.475601912
vt 0.905231595 0.466091514
vt 0.945601583 0.546510458
vt 0.963890433 0.549879074
vt 0.954723358 0.537759185
vt 0.931514025 0.524641514
vt 0.919306874 0.47126317
vt 0.947945833 0.524459243
vt 0.937807322 0.507943392
g submesh0
f 1/1/1 2/2/2 3/3/3
f 4/4/4 5/5/5 6/6/6
f 4/4/4 6/6/6 7/7/7
f 7/7/7 6/6/6 8/8/8
f 9/9/9 8/8/8 6/6/6
f 8/8/8 9/9/9 10/10/10
f 11/11/11 8/8/8 10/10/10
f 10/10/10 9/9/9 12/12/12
f 8/8/8 13/13/13 7/7/7
f 14/14/14 10/10/10 12/12/12
f 8/8/8 15/15/15 13/13/13
f 11/11/11 15/15/15 8/8/8
f 14/14/14 16/16/16 10/10/10
f 17/17/17 16/16/16 14/14/14
f 16/16/16 17/17/17 18/18/18
f 16/16/16 19/19/19 10/10/10
f 20/20/20 19/19/19 16/16/16
f 10/10/10 19/19/19 21/21/21
f 21/21/21 19/19/19 20/20/20
f 11/11/11 10/10/10 21/21/21
f 21/21/21 20/20/20 22/22/22
f 23/23/23 21/21/21 22/22/22
f 23/23/23 11/11/11 21/21/21
f 23/23/23 22/22/22 24/24/24
f 25/25/25 23/23/23 24/24/24
f 11/11/11 23/23/23 25/25/25
f 25/25/25 24/24/24 26/26/26
f 26/26/26 27/27/27 25/25/25
f 28/28/28 11/11/11 25/25/25
f 27/27/27 29/29/29 25/25/25
f 28/28/28 25/25/25 29/29/29
f 11/11/11 28/28/28 30/30/30
f 30/30/30 15/15/15 11/11/11
f 31/31/31 30/30/30 28/28/28
f 30/30/30 31/31/31 15/15/15
f 32/32/32 29/29/29 27/27/27
f 32/32/32 27/27/27 33/33/33
f 34/34/34 28/28/28 29/29/29
f 31/31/31 28/28/28 34/34/34
f 29/29/29 35/35/35 34/34/34
f 35/35/35 29/29/29 32/32/32
f 32/32/32 33/33/33 36/36/36
f 36/36/36 33/33/33 37/37/37
f 37/37/37 38/38/38 36/36/36
f 38/38/38 37/37/37 39/39/39
f 38/38/38 39/39/39 40/40/40
f 34/34/34 41/41/41 31/31/31
f 41/41/41 34/34/34 35/35/35
f 36/36/36 42/42/42 32/32/32
f 32/32/32 42/42/42 35/35/35
f 43/43/43 15/15/15 31/31/31
f 31/31/31 41/41/41 44/44/44
f 31/31/31 44/44/44 43/43/43
f 35/35/35 45/45/45 41/41/41
f 41/41/41 45/45/45 44/44/44
f 46/46/46 35/35/35 42/42/42
f 46/46/46 45/45/45 35/35/35
f 15/15/15 43/43/43 47/47/47
f 13/13/13 15/15/15 47/47/47
f 47/47/47 48/48/48 13/13/13
f 47/47/47 49/49/49 48/48/48
f 47/47/47 50/50/50 49/49/49
f 43/43/43 50/50/50 47/47/47
f 50/50/50 43/43/43 51/51/51
f 43/43/43 44/44/44 51/51/51
f 50/50/50 51/51/51 52/52/52
f 53/53/53 50/50/50 52/52/52
f 54/54/54 53/53/53 52/52/52
f 55/55/55 51/51/51 44/44/44
f 52/52/52 51/51/51 55/55/55
f 56/56/56 44/44/44 45/45/45
f 55/55/55 44/44/44 56/56/56
f 57/57/57 54/54/54 52/52/52
f 57/57/57 58/58/58 54/54/54
f 59/59/59 57/57/57 52/52/52
f 52/52/52 60/60/60 59/59/59
f 61/61/61 60/60/60 52/52/52
f 61/61/61 52/52/52 55/55/55
f 60/60/60 61/61/61 62/62/62
f 63/63/63 60/60/60 62/62/62
f 62/62/62 64/64/64 63/63/63
f 62/62/62 65/65/65 64/64/64
f 65/65/65 62/62/62 61/61/61
f 61/61/61 55/55/55 65/65/65
f 65/65/65 55/55/55 66/66/66
f 56/56/56 66/66/66 55/55/55
f 67/67/67 56/56/56 45/45/45
f 46/46/46 67/67/67 45/45/45
f 68/68/68 66/66/66 56/56/56
f 68/68/68 56/56/56 67/67/67
f 66/66/66 68/68/68 69/69/69
f 67/67/67 70/70/70 68/68/68
f 70/70/70 67/67/67 71/71/71
f 46/46/46 71/71/71 67/67/67
f 46/46/46 72/72/72 71/71/71
f 73/73/73 71/71/71 72/72/72
f 74/74/74 73/73/73 72/72/72
f 72/72/72 75/75/75 74/74/74
f 75/75/75 72/72/72 76/76/76
f 77/77/77 72/72/72 46/46/46
f 72/72/72 77/77/77 76/76/76
f 46/46/46 42/42/42 77/77/77
f 77/77/77 78/78/78 76/76/76
f 77/77/77 42/42/42 79/79/79
f 78/78/78 77/77/77 79/79/79
f 36/36/36 79/79/79 42/42/42
f 80/80/80 78/78/78 79/79/79
f 80/80/80 79/79/79 36/36/36
f 78/78/78 80/80/80 81/81/81
f 36/36/36 38/38/38 80/80/80
f 80/80/80 82/82/82 81/81/81
f 80/80/80 38/38/38 82/82/82
f 82/82/82 83/83/83 81/81/81
f 82/82/82 38/38/38 83/83/83
f 83/83/83 38/38/38 84/84/84
f 38/38/38 40/40/40 84/84/84
f 84/84/84 40/40/40 85/85/85
f 86/86/86 85/85/85 40/40/40
f 87/87/87 88/88/88 89/89/89
f 90/90/90 88/88/88 87/87/87
f 90/90/90 87/87/87 91/91/91
f 92/92/92 88/88/88 90/90/90
f 93/93/93 88/88/88 92/92/92
f 94/94/94 93/93/93 92/92/92
f 92/92/92 90/90/90 95/95/95
f 90/90/90 96/96/96 95/95/95
f 90/90/90 91/91/91 96/96/96
f 96/96/96 97/97/97 95/95/95
f 91/91/91 98/98/98 96/96/96
f 98/98/98 91/91/91 99/99/99
f 99/99/99 100/100/100 98/98/98
f 101/101/101 98/98/98 100/100/100
f 102/102/102 98/98/98 101/101/101
f 98/98/98 102/102/102 96/96/96
f 97/97/97 96/96/96 103/103/103
f 102/102/102 103/103/103 96/96/96
f 104/104/104 103/103/103 102/102/102
f 103/103/103 105/105/105 97/97/97
f 104/104/104 106/106/106 103/103/103
f 107/107/107 106/106/106 104/104/104
f 103/103/103 108/108/108 105/105/105
f 108/108/108 103/103/103 106/106/106
f 109/109/109 106/106/106 107/107/107
f 109/109/109 108/108/108 106/106/106
f 109/109/109 110/110/110 108/108/108
f 107/107/107 111/111/111 109/109/109
f 109/109/109 111/111/111 110/110/110
f 111/111/111 112/112/112 110/110/110
f 108/108/108 113/113/113 105/105/105
f 113/113/113 108/108/108 110/110/110
f 105/105/105 113/113/113 114/114/114
f 114/114/114 113/113/113 115/115/115
f 116/116/116 115/115/115 113/113/113
f 110/110/110 116/116/116 113/113/113
f 110/110/110 117/117/117 116/116/116
f 110/110/110 112/112/112 118/118/118
f 110/110/110 118/118/118 117/117/117
f 112/112/112 119/119/119 118/118/118
f 118/118/118 119/119/119 120/120/120
f 117/117/117 118/118/118 120/120/120
f 121/121/121 117/117/117 120/120/120
f 122/122/122 123/123/123 124/124/124
f 122/122/122 125/125/125 123/123/123
f 125/125/125 126/126/126 123/123/123
f 125/125/125 127/127/127 126/126/126
f 122/122/122 128/128/128 125/125/125
f 123/123/123 126/126/126 129/129/129
f 130/130/130 125/125/125 128/128/128
f 129/129/129 126/126/126 131/131/131
f 130/130/130 132/132/132 125/125/125
f 133/133/133 132/132/132 130/130/130
f 133/133/133 134/134/134 132/132/132
f 134/134/134 133/133/133 135/135/135
f 125/125/125 132/132/132 136/136/136
f 134/134/134 136/136/136 132/132/132
f 137/137/137 125/125/125 136/136/136
f 127/127/127 125/125/125 137/137/137
f 137/137/137 136/136/136 138/138/138
f 134/134/134 138/138/138 136/136/136
f 139/139/139 138/138/138 134/134/134
f 134/134/134 135/135/135 140/140/140
f 135/135/135 141/141/141 140/140/140
f 141/141/141 142/142/142 140/140/140
f 142/142/142 143/143/143 140/140/140
f 140/140/140 143/143/143 134/134/134
f 143/143/143 139/139/139 134/134/134
f 144/144/144 139/139/139 143/143/143
f 139/139/139 144/144/144 145/145/145
f 139/139/139 145/145/145 146/146/146
f 137/137/137 138/138/138 147/147/147
f 147/147/147 127/127/127 137/137/137
f 147/147/147 148/148/148 127/127/127
f 138/138/138 149/149/149 147/147/147
f 139/139/139 149/149/149 138/138/138
f 148/148/148 147/147/147 149/149/149
f 139/139/139 146/146/146 150/150/150
f 150/150/150 149/149/149 139/139/139
f 146/146/146 151/151/151 150/150/150
f 150/150/150 152/152/152 149/149/149
f 150/150/150 151/151/151 152/152/152
f 149/149/149 152/152/152 148/148/148
f 152/152/152 151/151/151 153/153/153
f 154/154/154 152/152/152 153/153/153
f 152/152/152 154/154/154 148/148/148
f 153/153/153 155/155/155 154/154/154
f 154/154/154 155/155/155 156/156/156
f 157/157/157 154/154/154 156/156/156
f 148/148/148 154/154/154 157/157/157
f 158/158/158 148/148/148 157/157/157
f 148/148/148 158/158/158 159/159/159
f 127/127/127 148/148/148 159/159/159
f 127/127/127 159/159/159 160/160/160
f 160/160/160 161/161/161 127/127/127
f 162/162/162 161/161/161 160/160/160
f 127/127/127 161/161/161 126/126/126
f 161/161/161 162/162/162 163/163/163
f 126/126/126 161/161/161 163/163/163
f 163/163/163 164/164/164 126/126/126
f 165/165/165 164/164/164 163/163/163
f 131/131/131 126/126/126 164/164/164
f 165/165/165 166/166/166 164/164/164
f 167/167/167 131/131/131 164/164/164
f 166/166/166 167/167/167 164/164/164
f 168/168/168 169/169/169 170/170/170
f 168/168/168 170/170/170 171/171/171
f 172/172/172 173/173/173 174/174/174
f 174/174/174 173/173/173 175/175/175
f 176/176/176 177/177/177 178/178/178
f 176/176/176 179/179/179 177/177/177
f 179/179/179 180/180/180 177/177/177
f 181/181/181 179/179/179 176/176/176
f 182/182/182 181/181/181 176/176/176
f 181/181/181 182/182/182 183/183/183
f 183/183/183 182/182/182 184/184/184
f 183/183/183 184/184/184 185/185/185
f 185/185/185 184/184/184 186/186/186
f 187/187/187 185/185/185 186/186/186
f 186/186/186 188/188/188 187/187/187
f 189/189/189 187/187/187 188/188/188
f 188/188/188 190/190/190 189/189/189
f 188/188/188 191/191/191 190/190/190
f 191/191/191 192/192/192 190/190/190
f 192/192/192 193/193/193 190/190/190
f 192/192/192 194/194/194 193/193/193
f 193/193/193 194/194/194 195/195/195
f 193/193/193 195/195/195 196/196/196
f 196/196/196 197/197/197 193/193/193
f 190/190/190 193/193/193 197/197/197
f 190/190/190 197/197/197 198/198/198
f 198/198/198 189/189/189 190/190/190
f 198/198/198 199/199/199 189/189/189
f 200/200/200 189/189/189 199/199/199
f 200/200/200 199/199/199 201/201/201
f 201/201/201 202/202/202 200/200/200
f 202/202/202 201/201/201 203/203/203
f 204/204/204 189/189/189 200/200/200
f 200/200/200 202/202/202 204/204/204
f 202/202/202 203/203/203 205/205/205
f 206/206/206 205/205/205 203/203/203
f 189/189/189 204/204/204 207/207/207
f 189/189/189 207/207/207 187/187/187
f 204/204/204 202/202/202 208/208/208
f 208/208/208 202/202/202 205/205/205
f 204/204/204 208/208/208 207/207/207
f 206/206/206 209/209/209 205/205/205
f 208/208/208 205/205/205 209/209/209
f 206/206/206 210/210/210 209/209/209
f 206/206/206 211/211/211 210/210/210
f 212/212/212 210/210/210 211/211/211
f 209/209/209 213/213/213 208/208/208
f 209/209/209 210/210/210 213/213/213
f 207/207/207 208/208/208 213/213/213
f 212/212/212 214/214/214 210/210/210
f 210/210/210 214/214/214 213/213/213
f 212/212/212 215/215/215 214/214/214
f 216/216/216 214/214/214 215/215/215
f 212/212/212 217/217/217 215/215/215
f 217/217/217 218/218/218 215/215/215
f 216/216/216 215/215/215 218/218/218
f 216/216/216 218/218/218 219/219/219
f 218/218/218 220/220/220 219/219/219
f 220/220/220 221/221/221 219/219/219
f 221/221/221 222/222/222 219/219/219
f 219/219/219 222/222/222 216/216/216
f 216/216/216 222/222/222 223/223/223
f 223/223/223 224/224/224 216/216/216
f 223/223/223 225/225/225 224/224/224
f 226/226/226 214/214/214 216/216/216
f 216/216/216 224/224/224 226/226/226
f 227/227/227 213/213/213 214/214/214
f 227/227/227 214/214/214 226/226/226
f 225/225/225 228/228/228 224/224/224
f 228/228/228 225/225/225 229/229/229
f 228/228/228 230/230/230 224/224/224
f 227/227/227 231/231/231 213/213/213
f 213/213/213 231/231/231 207/207/207
f 224/224/224 232/232/232 226/226/226
f 232/232/232 224/224/224 230/230/230
f 226/226/226 233/233/233 227/227/227
f 231/231/231 227/227/227 233/233/233
f 233/233/233 226/226/226 232/232/232
f 234/234/234 233/233/233 232/232/232
f 230/230/230 235/235/235 232/232/232
f 232/232/232 235/235/235 234/234/234
f 236/236/236 235/235/235 230/230/230
f 237/237/237 234/234/234 235/235/235
f 237/237/237 238/238/238 234/234/234
f 231/231/231 239/239/239 207/207/207
f 239/239/239 187/187/187 207/207/207
f 240/240/240 231/231/231 233/233/233
f 239/239/239 231/231/231 240/240/240
f 233/233/233 234/234/234 240/240/240
f 240/240/240 234/234/234 241/241/241
f 242/242/242 187/187/187 239/239/239
f 239/239/239 243/243/243 242/242/242
f 185/185/185 187/187/187 242/242/242
f 243/243/243 185/185/185 242/242/242
f 243/243/243 244/244/244 185/185/185
f 185/185/185 244/244/244 183/183/183
f 245/245/245 241/241/241 234/234/234
f 234/234/234 238/238/238 245/245/245
f 245/245/245 246/246/246 241/241/241
f 247/247/247 244/244/244 246/246/246
f 247/247/247 246/246/246 245/245/245
f 245/245/245 238/238/238 247/247/247
f 247/247/247 183/183/183 244/244/244
f 248/248/248 247/247/247 238/238/238
f 183/183/183 247/247/247 248/248/248
f 248/248/248 181/181/181 183/183/183
f 249/249/249 181/181/181 248/248/248
f 249/249/249 248/248/248 250/250/250
f 251/251/251 181/181/181 249/249/249
f 179/179/179 181/181/181 251/251/251
f 252/252/252 249/249/249 250/250/250
f 252/252/252 250/250/250 253/253/253
f 252/252/252 253/253/253 254/254/254
f 255/255/255 251/251/251 249/249/249
f 252/252/252 255/255/255 249/249/249
f 252/252/252 254/254/254 256/256/256
f 255/255/255 252/252/252 256/256/256
f 257/257/257 256/256/256 254/254/254
f 257/257/257 258/258/258 256/256/256
f 256/256/256 258/258/258 255/255/255
f 255/255/255 259/259/259 251/251/251
f 255/255/255 258/258/258 259/259/259
f 259/259/259 179/179/179 251/251/251
f 258/258/258 260/260/260 259/259/259
f 179/179/179 259/259/259 260/260/260
f 179/179/179 260/260/260 261/261/261
f 261/261/261 262/262/262 179/179/179
f 262/262/262 261/261/261 263/263/263
f 179/179/179 262/262/262 180/180/180
f 263/263/263 264/264/264 262/262/262
f 263/263/263 265/265/265 264/264/264
f 263/263/263 266/266/266 265/265/265
f 266/266/266 267/267/267 265/265/265
f 266/266/266 268/268/268 267/267/267
f 268/268/268 269/269/269 267/267/267
f 270/270/270 262/262/262 264/264/264
f 270/270/270 180/180/180 262/262/262
f 270/270/270 264/264/264 271/271/271
f 270/270/270 271/271/271 272/272/272
f 270/270/270 272/272/272 273/273/273
f 273/273/273 180/180/180 270/270/270
f 273/273/273 274/274/274 180/180/180
f 274/274/274 273/273/273 275/275/275
f 276/276/276 277/277/277 278/278/278
f 277/277/277 276/276/276 279/279/279
f 276/276/276 280/280/280 279/279/279
f 281/281/281 280/280/280 276/276/276
f 279/279/279 280/280/280 282/282/282
f 279/279/279 282/282/282 283/283/283
f 284/284/284 285/285/285 286/286/286
f 284/284/284 286/286/286 287/287/287
f 288/288/288 284/284/284 287/287/287
f 284/284/284 288/288/288 289/289/289
f 290/290/290 289/289/289 288/288/288
f 290/290/290 291/291/291 289/289/289
f 289/289/289 291/291/291 292/292/292
f 292/292/292 291/291/291 293/293/293
f 291/291/291 294/294/294 293/293/293
f 294/294/294 291/291/291 290/290/290
f 294/294/294 290/290/290 295/295/295
f 294/294/294 295/295/295 296/296/296
f 295/295/295 297/297/297 296/296/296
f 298/298/298 299/299/299 300/300/300
f 299/299/299 301/301/301 300/300/300
f 301/301/301 302/302/302 300/300/300
f 300/300/300 302/302/302 303/303/303
f 304/304/304 300/300/300 303/303/303
f 300/300/300 304/304/304 305/305/305
f 304/304/304 306/306/306 305/305/305
f 305/305/305 306/306/306 307/307/307
f 304/304/304 303/303/303 308/308/308
f 308/308/308 306/306/306 304/304/304
f 306/306/306 309/309/309 307/307/307
f 307/307/307 309/309/309 310/310/310
f 310/310/310 309/309/309 311/311/311
f 312/312/312 311/311/311 309/309/309
f 309/309/309 306/306/306 313/313/313
f 312/312/312 309/309/309 313/313/313
f 313/313/313 306/306/306 308/308/308
f 312/312/312 313/313/313 314/314/314
f 313/313/313 315/315/315 314/314/314
f 315/315/315 313/313/313 308/308/308
f 314/314/314 315/315/315 316/316/316
f 314/314/314 316/316/316 317/317/317
f 318/318/318 315/315/315 308/308/308
f 315/315/315 318/318/318 316/316/316
f 319/319/319 308/308/308 303/303/303
f 319/319/319 318/318/318 308/308/308
f 320/320/320 319/319/319 303/303/303
f 320/320/320 318/318/318 319/319/319
f 320/320/320 303/303/303 321/321/321
f 321/321/321 322/322/322 320/320/320
f 320/320/320 322/322/322 323/323/323
f 318/318/318 320/320/320 324/324/324
f 324/324/324 316/316/316 318/318/318
f 324/324/324 320/320/320 323/323/323
f 324/324/324 323/323/323 325/325/325
f 325/325/325 323/323/323 326/326/326
f 316/316/316 324/324/324 327/327/327
f 317/317/317 316/316/316 327/327/327
f 327/327/327 324/324/324 325/325/325
f 317/317/317 327/327/327 328/328/328
f 328/328/328 329/329/329 317/317/317
f 327/327/327 330/330/330 328/328/328
f 325/325/325 330/330/330 327/327/327
f 329/329/329 328/328/328 331/331/331
f 330/330/330 331/331/331 328/328/328
f 332/332/332 329/329/329 331/331/331
f 332/332/332 331/331/331 333/333/333
f 333/333/333 331/331/331 334/334/334
f 331/331/331 330/330/330 334/334/334
f 334/334/334 330/330/330 335/335/335
f 330/330/330 325/325/325 335/335/335
f 326/326/326 336/336/336 325/325/325
f 326/326/326 337/337/337 336/336/336
f 337/337/337 338/338/338 336/336/336
f 339/339/339 335/335/335 325/325/325
f 336/336/336 339/339/339 325/325/325
f 336/336/336 338/338/338 339/339/339
f 340/340/340 335/335/335 339/339/339
f 338/338/338 340/340/340 339/339/339
f 340/340/340 338/338/338 341/341/341
f 341/341/341 342/342/342 340/340/340
f 340/340/340 342/342/342 343/343/343
f 344/344/344 345/345/345 346/346/346
f 347/347/347 345/345/345 344/344/344
f 347/347/347 344/344/344 348/348/348
f 344/344/344 349/349/349 348/348/348
f 350/350/350 351/351/351 352/352/352
f 351/351/351 353/353/353 352/352/352
f 353/353/353 354/354/354 352/352/352
f 355/355/355 354/354/354 353/353/353
f 356/356/356 357/357/357 358/358/358
f 358/358/358 359/359/359 356/356/356
f 359/359/359 358/358/358 360/360/360
f 359/359/359 360/360/360 361/361/361
f 360/360/360 362/362/362 361/361/361
f 361/361/361 362/362/362 363/363/363
f 364/364/364 361/361/361 363/363/363
f 361/361/361 364/364/364 365/365/365
f 366/366/366 361/361/361 365/365/365
f 356/356/356 359/359/359 367/367/367
f 361/361/361 366/366/366 368/368/368
f 368/368/368 359/359/359 361/361/361
f 368/368/368 366/366/366 369/369/369
f 367/367/367 359/359/359 370/370/370
f 370/370/370 359/359/359 368/368/368
f 370/370/370 371/371/371 367/367/367
f 371/371/371 370/370/370 372/372/372
f 370/370/370 368/368/368 372/372/372
f 372/372/372 368/368/368 369/369/369
f 369/369/369 373/373/373 372/372/372
f 374/374/374 375/375/375 376/376/376
f 376/376/376 377/377/377 374/374/374
f 374/374/374 377/377/377 378/378/378
f 379/379/379 374/374/374 378/378/378
f 380/380/380 379/379/379 378/378/378
f 381/381/381 379/379/379 380/380/380
f 382/382/382 383/383/383 384/384/384
f 383/383/383 385/385/385 384/384/384
f 383/383/383 386/386/386 385/385/385
f 387/387/387 385/385/385 386/386/386
f 388/388/388 384/384/384 385/385/385
f 389/389/389 384/384/384 388/388/388
f 388/388/388 390/390/390 389/389/389
f 388/388/388 391/391/391 390/390/390
f 385/385/385 391/391/391 388/388/388
f 385/385/385 392/392/392 391/391/391
f 385/385/385 387/387/387 392/392/392
f 387/387/387 393/393/393 392/392/392
f 393/393/393 394/394/394 392/392/392
f 395/395/395 396/396/396 397/397/397
f 395/395/395 397/397/397 398/398/398
f 395/395/395 398/398/398 399/399/399
f 400/400/400 401/401/401 402/402/402
f 403/403/403 401/401/401 400/400/400
f 403/403/403 404/404/404 401/401/401
f 404/404/404 403/403/403 405/405/405
f 403/403/403 406/406/406 405/405/405
f 403/403/403 400/400/400 407/407/407
f 403/403/403 408/408/408 406/406/406
f 403/403/403 407/407/407 409/409/409
f 409/409/409 408/408/408 403/403/403
f 410/410/410 409/409/409 407/407/407
f 411/411/411 408/408/408 409/409/409
f 410/410/410 411/411/411 409/409/409
f 412/412/412 413/413/413 414/414/414
f 413/413/413 415/415/415 414/414/414
f 413/413/413 416/416/416 415/415/415
f 415/415/415 416/416/416 417/417/417
f 415/415/415 417/417/417 418/418/418
f 419/419/419 420/420/420 421/421/421
f 422/422/422 421/421/421 420/420/420
f 423/423/423 421/421/421 422/422/422
f 422/422/422 424/424/424 423/423/423
f 425/425/425 423/423/423 424/424/424
f 425/425/425 424/424/424 426/426/426
f 426/426/426 424/424/424 427/427/427
f 427/427/427 428/428/428 426/426/426
f 429/429/429 430/430/430 431/431/431
f 431/431/431 432/432/432 429/429/429
f 431/431/431 433/433/433 432/432/432
f 431/431/431 434/434/434 433/433/433
f 432/432/432 435/435/435 429/429/429
f 436/436/436 429/429/429 435/435/435
f 436/436/436 435/435/435 437/437/437
f 438/438/438 436/436/436 437/437/437
f 439/439/439 436/436/436 438/438/438
f 439/439/439 440/440/440 436/436/436
f 429/429/429 436/436/436 441/441/441
f 441/441/441 442/442/442 429/429/429
f 441/441/441 443/443/443 442/442/442
f 436/436/436 440/440/440 444/444/444
f 444/444/444 441/441/441 436/436/436
f 440/440/440 445/445/445 444/444/444
f 445/445/445 446/446/446 444/444/444
f 441/441/441 447/447/447 443/443/443
f 447/447/447 446/446/446 443/443/443
f 446/446/446 447/447/447 444/444/444
f 447/447/447 441/441/441 444/444/444
f 448/448/448 449/449/449 450/450/450
f 448/448/448 450/450/450 451/451/451
f 451/451/451 452/452/452 448/448/448
f 451/451/451 453/453/453 452/452/452
f 454/454/454 452/452/452 453/453/453
f 452/452/452 454/454/454 455/455/455
f 456/456/456 455/455/455 454/454/454
f 454/454/454 453/453/453 457/457/457
f 458/458/458 457/457/457 453/453/453
f 458/458/458 459/459/459 457/457/457
f 459/459/459 460/460/460 457/457/457
f 461/461/461 459/459/459 458/458/458
f 460/460/460 459/459/459 462/462/462
f 459/459/459 461/461/461 462/462/462
f 460/460/460 462/462/462 463/463/463
f 464/464/464 463/463/463 462/462/462
f 462/462/462 465/465/465 464/464/464
f 466/466/466 462/462/462 461/461/461
f 466/466/466 465/465/465 462/462/462
f 466/466/466 461/461/461 467/467/467
f 461/461/461 468/468/468 467/467/467
f 465/465/465 466/466/466 469/469/469
f 469/469/469 466/466/466 467/467/467
f 469/469/469 467/467/467 468/468/468
f 465/465/465 469/469/469 470/470/470
f 469/469/469 468/468/468 471/471/471
f 471/471/471 468/468/468 472/472/472
f 473/473/473 470/470/470 469/469/469
f 469/469/469 471/471/471 473/473/473
f 470/470/470 473/473/473 474/474/474
f 473/473/473 475/475/475 474/474/474
f 473/473/473 471/471/471 476/476/476
f 471/471/471 477/477/477 476/476/476
f 477/477/477 478/478/478 476/476/476
f 475/475/475 473/473/473 479/479/479
f 473/473/473 476/476/476 479/479/479
f 475/475/475 479/479/479 480/480/480
f 481/481/481 480/480/480 479/479/479
f 478/478/478 482/482/482 476/476/476
f 476/476/476 482/482/482 479/479/479
f 482/482/482 481/481/481 479/479/479
f 478/478/478 483/483/483 482/482/482
f 482/482/482 484/484/484 481/481/481
f 482/482/482 483/483/483 485/485/485
f 485/485/485 484/484/484 482/482/482
f 486/486/486 487/487/487 488/488/488
f 488/488/488 487/487/487 489/489/489
f 488/488/488 489/489/489 490/490/490
f 489/489/489 491/491/491 490/490/490
f 492/492/492 489/489/489 487/487/487
f 487/487/487 493/493/493 492/492/492
f 494/494/494 491/491/491 489/489/489
f 494/494/494 495/495/495 491/491/491
f 494/494/494 489/489/489 496/496/496
f 494/494/494 496/496/496 497/497/497
f 498/498/498 497/497/497 496/496/496
f 496/496/496 499/499/499 498/498/498
f 489/489/489 500/500/500 496/496/496
f 492/492/492 500/500/500 489/489/489
f 496/496/496 500/500/500 499/499/499
f 499/499/499 500/500/500 492/492/492
f 499/499/499 492/492/492 501/501/501
f 501/501/501 502/502/502 499/499/499
f 492/492/492 503/503/503 501/501/501
f 493/493/493 503/503/503 492/492/492
f 501/501/501 503/503/503 504/504/504
f 503/503/503 505/505/505 504/504/504
f 506/506/506 503/503/503 493/493/493
f 503/503/503 506/506/506 505/505/505
f 507/507/507 506/506/506 493/493/493
f 506/506/506 508/508/508 505/505/505
f 506/506/506 507/507/507 509/509/509
f 506/506/506 510/510/510 508/508/508
f 506/506/506 509/509/509 510/510/510
f 509/509/509 511/511/511 510/510/510
f 510/510/510 511/511/511 512/512/512
f 510/510/510 512/512/512 513/513/513
f 514/514/514 513/513/513 512/512/512
f 511/511/511 515/515/515 512/512/512
f 515/515/515 514/514/514 512/512/512
f 511/511/511 516/516/516 515/515/515
f 517/517/517 514/514/514 515/515/515
f 517/517/517 515/515/515 516/516/516
f 518/518/518 517/517/517 516/516/516
f 514/514/514 517/517/517 519/519/519
f 520/520/520 517/517/517 518/518/518
f 519/519/519 517/517/517 520/520/520
f 521/521/521 519/519/519 520/520/520
f 522/522/522 523/523/523 524/524/524
f 522/522/522 525/525/525 523/523/523
f 522/522/522 526/526/526 525/525/525
f 526/526/526 527/527/527 525/525/525
f 523/523/523 525/525/525 528/528/528
f 527/527/527 528/528/528 525/525/525
f 527/527/527 526/526/526 529/529/529
f 530/530/530 527/527/527 529/529/529
f 530/530/530 531/531/531 527/527/527
f 527/527/527 531/531/531 532/532/532
f 527/527/527 533/533/533 528/528/528
f 533/533/533 527/527/527 532/532/532
f 534/534/534 528/528/528 533/533/533
f 533/533/533 532/532/532 535/535/535
f 533/533/533 536/536/536 534/534/534
f 536/536/536 533/533/533 535/535/535
f 537/537/537 536/536/536 535/535/535
f 538/538/538 539/539/539 540/540/540
f 541/541/541 540/540/540 539/539/539
f 541/541/541 542/542/542 540/540/540
f 541/541/541 539/539/539 543/543/543
f 542/542/542 544/544/544 540/540/540
f 545/545/545 544/544/544 542/542/542
f 541/541/541 543/543/543 546/546/546
f 547/547/547 545/545/545 542/542/542
f 548/548/548 541/541/541 546/546/546
f 548/548/548 542/542/542 541/541/541
f 549/549/549 548/548/548 546/546/546
f 550/550/550 548/548/548 549/549/549
f 550/550/550 551/551/551 548/548/548
f 542/542/542 548/548/548 551/551/551
f 550/550/550 552/552/552 551/551/551
f 551/551/551 552/552/552 553/553/553
f 552/552/552 554/554/554 553/553/553
f 551/551/551 555/555/555 542/542/542
f 547/547/547 542/542/542 555/555/555
f 551/551/551 553/553/553 555/555/555
f 555/555/555 556/556/556 547/547/547
f 555/555/555 553/553/553 556/556/556
f 556/556/556 557/557/557 547/547/547
f 557/557/557 556/556/556 558/558/558
f 558/558/558 556/556/556 553/553/553
f 558/558/558 553/553/553 559/559/559
f 560/560/560 559/559/559 553/553/553
f 554/554/554 561/561/561 553/553/553
f 560/560/560 553/553/553 561/561/561
f 562/562/562 561/561/561 554/554/554
f 560/560/560 561/561/561 563/563/563
f 561/561/561 562/562/562 563/563/563
f 564/564/564 565/565/565 566/566/566
f 567/567/567 565/565/565 564/564/564
f 564/564/564 568/568/568 567/567/567
f 567/567/567 568/568/568 569/569/569
f 570/570/570 569/569/569 568/568/568
f 571/571/571 570/570/570 568/568/568
f 570/570/570 571/571/571 572/572/572
f 571/571/571 568/568/568 573/573/573
f 574/574/574 572/572/572 571/571/571
f 573/573/573 574/574/574 571/571/571
f 575/575/575 572/572/572 574/574/574
f 573/573/573 576/576/576 574/574/574
f 574/574/574 577/577/577 575/575/575
f 576/576/576 577/577/577 574/574/574
f 578/578/578 577/577/577 576/576/576
f 577/577/577 578/578/578 579/579/579
f 577/577/577 579/579/579 580/580/580
f 581/581/581 580/580/580 579/579/579
f 581/581/581 582/582/582 580/580/580
f 579/579/579 583/583/583 581/581/581
f 584/584/584 582/582/582 581/581/581
f 581/581/581 583/583/583 585/585/585
f 584/584/584 581/581/581 585/585/585
f 583/583/583 586/586/586 585/585/585
f 586/586/586 587/587/587 585/585/585
f 584/584/584 585/585/585 588/588/588
f 588/588/588 585/585/585 587/587/587
f 586/586/586 589/589/589 587/587/587
f 588/588/588 587/587/587 590/590/590
f 589/589/589 591/591/591 587/587/587
f 590/590/590 587/587/587 592/592/592
f 587/587/587 591/591/591 593/593/593
f 587/587/587 593/593/593 592/592/592
f 594/594/594 595/595/595 596/596/596
f 596/596/596 595/595/595 597/597/597
f 598/598/598 597/597/597 595/595/595
f 597/597/597 598/598/598 599/599/599
f 597/597/597 600/600/600 596/596/596
f 600/600/600 597/597/597 599/599/599
f 600/600/600 601/601/601 596/596/596
f 600/600/600 599/599/599 602/602/602
f 600/600/600 603/603/603 601/601/601
f 604/604/604 600/600/600 602/602/602
f 603/603/603 600/600/600 604/604/604
f 605/605/605 606/606/606 607/607/607
f 605/605/605 608/608/608 606/606/606
f 608/608/608 605/605/605 609/609/609
f 608/608/608 609/609/609 610/610/610
f 608/608/608 610/610/610 611/611/611
f 612/612/612 613/613/613 614/614/614
f 612/612/612 614/614/614 615/615/615
f 612/612/612 616/616/616 613/613/613
f 617/617/617 612/612/612 615/615/615
f 617/617/617 615/615/615 618/618/618
f 619/619/619 616/616/616 612/612/612
f 619/619/619 612/612/612 617/617/617
f 617/617/617 618/618/618 620/620/620
f 617/617/617 620/620/620 619/619/619
f 621/621/621 620/620/620 618/618/618
f 621/621/621 622/622/622 620/620/620
f 621/621/621 623/623/623 622/622/622
f 624/624/624 622/622/622 623/623/623
f 622/622/622 624/624/624 625/625/625
f 626/626/626 622/622/622 625/625/625
f 627/627/627 620/620/620 622/622/622
f 626/626/626 627/627/627 622/622/622
f 620/620/620 627/627/627 619/619/619
f 626/626/626 628/628/628 627/627/627
f 616/616/616 619/619/619 629/629/629
f 629/629/629 630/630/630 616/616/616
f 631/631/631 627/627/627 628/628/628
f 632/632/632 631/631/631 628/628/628
f 632/632/632 633/633/633 631/631/631
f 633/633/633 634/634/634 631/631/631
f 627/627/627 635/635/635 619/619/619
f 631/631/631 635/635/635 627/627/627
f 635/635/635 631/631/631 634/634/634
f 619/619/619 635/635/635 629/629/629
f 635/635/635 634/634/634 636/636/636
f 635/635/635 636/636/636 637/637/637
f 629/629/629 635/635/635 637/637/637
f 636/636/636 638/638/638 637/637/637
f 639/639/639 637/637/637 638/638/638
f 630/630/630 629/629/629 640/640/640
f 640/640/640 629/629/629 637/637/637
f 641/641/641 630/630/630 640/640/640
f 639/639/639 642/642/642 637/637/637
f 642/642/642 640/640/640 637/637/637
f 642/642/642 639/639/639 643/643/643
f 643/643/643 644/644/644 642/642/642
f 645/645/645 641/641/641 640/640/640
f 645/645/645 640/640/640 642/642/642
f 645/645/645 646/646/646 641/641/641
f 645/645/645 647/647/647 646/646/646
f 642/642/642 648/648/648 645/645/645
f 648/648/648 642/642/642 644/644/644
f 645/645/645 649/649/649 647/647/647
f 649/649/649 645/645/645 648/648/648
f 647/647/647 649/649/649 650/650/650
f 650/650/650 649/649/649 651/651/651
f 652/652/652 651/651/651 649/649/649
f 652/652/652 649/649/649 648/648/648
f 653/653/653 652/652/652 648/648/648
f 644/644/644 653/653/653 648/648/648
f 653/653/653 644/644/644 654/654/654
f 653/653/653 654/654/654 655/655/655
f 644/644/644 656/656/656 654/654/654
f 654/654/654 657/657/657 655/655/655
f 656/656/656 658/658/658 654/654/654
f 659/659/659 657/657/657 654/654/654
f 658/658/658 659/659/659 654/654/654
f 660/660/660 661/661/661 662/662/662
f 663/663/663 660/660/660 662/662/662
f 661/661/661 664/664/664 662/662/662
f 662/662/662 665/665/665 663/663/663
f 662/662/662 664/664/664 666/666/666
f 665/665/665 662/662/662 667/667/667
f 666/666/666 667/667/667 662/662/662
f 667/667/667 668/668/668 665/665/665
f 667/667/667 666/666/666 669/669/669
f 669/669/669 670/670/670 667/667/667
f 670/670/670 668/668/668 667/667/667
f 668/668/668 670/670/670 671/671/671
f 670/670/670 672/672/672 671/671/671
f 670/670/670 673/673/673 672/672/672
f 673/673/673 670/670/670 669/669/669
f 674/674/674 673/673/673 669/669/669
f 675/675/675 674/674/674 669/669/669
f 666/666/666 676/676/676 669/669/669
f 677/677/677 669/669/669 676/676/676
f 666/666/666 678/678/678 676/676/676
f 676/676/676 678/678/678 677/677/677
f 677/677/677 678/678/678 679/679/679
f 680/680/680 677/677/677 679/679/679
f 681/681/681 675/675/675 669/669/669
f 681/681/681 669/669/669 677/677/677
f 681/681/681 682/682/682 675/675/675
f 681/681/681 677/677/677 682/682/682
f 683/683/683 675/675/675 682/682/682
f 682/682/682 684/684/684 683/683/683
f 685/685/685 684/684/684 682/682/682
f 686/686/686 677/677/677 680/680/680
f 682/682/682 677/677/677 686/686/686
f 687/687/687 686/686/686 680/680/680
f 686/686/686 687/687/687 688/688/688
f 689/689/689 685/685/685 682/682/682
f 686/686/686 689/689/689 682/682/682
f 688/688/688 689/689/689 686/686/686
f 685/685/685 689/689/689 690/690/690
f 691/691/691 689/689/689 688/688/688
f 692/692/692 690/690/690 689/689/689
f 691/691/691 692/692/692 689/689/689
