# cliff_hills_mid_d_COL_B
v 8.77408409 0.0104187867 7.89932108
v 9.10311699 0.0224541035 7.80391598
v 9.54367924 -0.0105425222 7.6231432
v 8.39806747 0.871672273 7.66238546
v 7.79816103 1.16823483 8.09189701
v 7.99295187 0.646894574 8.2208147
v 8.89286423 0.0148680359 8.19330502
v 8.65718937 0.0117402868 8.50866604
v 8.14333248 0.250133306 8.63372993
v 7.66681433 0.00118286291 9.16718578
v 7.56116676 0.946207404 8.45122147
v 7.53968 1.3329376 8.11853409
v 7.41060448 1.61555505 7.94129419
v 7.28319693 0.988681078 8.77089119
v 6.96416378 1.19939601 8.70925808
v 6.98486137 1.63884103 8.30059242
v 7.07528019 0.567533731 9.15808487
v 6.21076822 1.33930206 9.00720215
v 7.04828548 -0.0128482319 9.1709528
v 6.59165859 1.36804903 8.71494389
v 6.62231255 0.267397881 9.20956802
v 6.55089903 -0.00969963986 9.29926968
v 6.20469046 -0.00647821417 9.59078121
v 6.07805157 0.615305126 9.43948174
v 5.96436024 1.05012989 9.29380894
v 5.67305422 0.465555876 9.58643627
v 5.10608816 0.00390482903 9.72677994
v 5.39971495 0.442726135 9.51060486
v 5.32366848 0.321632594 9.37565041
v 4.84962702 1.61826938E-06 9.88264942
v 5.49582195 0.813151479 8.87012959
v 5.2715044 0.987988472 8.83548832
v 4.44724274 0.404766142 9.84479427
v 4.23262262 -0.00439263601 9.88020325
v 4.07633257 0.501630485 9.57587624
v 3.69799948 0.00190243451 9.67614746
v 4.32989931 1.10503733 9.34497356
v 3.92977643 0.884553969 9.26151466
v 4.43742037 1.34836936 8.66211128
v 3.73516417 0.954125583 8.8751297
v 3.27409506 0.00563005591 9.49293137
v 5.94863701 1.6808573 8.78684902
v 6.26657629 1.77345121 8.50903034
v 4.81170559 1.48604584 8.64337349
v 5.40919018 1.63271892 8.5030756
v 5.04481649 1.48707175 8.3593502
v 5.49879456 1.55683494 8.25980473
v 5.52751064 2.27447486 8.07330704
v 5.77650928 2.19189382 8.21038723
v 4.84067202 1.76765084 8.51190281
v 6.47251749 1.7207222 8.76137352
v 6.47063017 1.67588639 8.53419971
v 6.01503468 1.9743371 8.27356625
v 6.47902393 1.84799111 8.14223385
v 6.60655451 1.73923159 8.11854935
v 6.16331244 1.89116132 8.14567089
v 6.94376326 1.86781716 7.97451162
v 5.97382689 2.20370746 7.64064264
v 6.39276648 2.0293901 8.05230236
v 6.70102215 1.9920311 7.6939559
v 6.99871206 2.08882594 7.60168123
v 5.9609561 2.41062689 7.37155914
v 6.66817999 2.14147973 7.53677034
v 7.08445835 2.40006399 7.5316968
v 8.01871109 1.50984061 7.7280426
v 6.39211416 2.77289271 7.13532925
v 6.72863579 2.32964206 7.49576139
v 6.7094512 2.54347849 7.15171146
v 5.7143693 2.55209351 7.14395332
v 6.11339903 2.5240047 7.34091234
v 6.13860703 3.08232999 6.86053944
v 6.68206453 2.8444562 6.46967268
v 6.91745234 2.86780095 6.52889919
v 5.65519381 2.81244802 7.05035686
v 6.6763463 2.93894029 6.15870857
v 5.40503407 2.73889732 7.1068573
v 5.29996204 2.64922333 7.57592678
v 5.77805948 3.0523901 6.81313086
v 7.05084038 2.88187885 6.29036379
v 6.69359112 3.21869183 5.7321043
v 7.18424749 2.5496006 7.0844121
v 7.3331275 2.93216801 6.49398279
v 7.74937105 2.30286026 7.3685112
v 7.71928549 2.67900324 6.67421198
v 7.79388523 2.11972165 7.58583498
v 8.15898991 1.66968298 7.55178928
v 8.87222672 1.51644635 6.96601343
v 7.84250212 2.48385239 6.75157166
v 9.61887741 1.81297851 4.98430967
v 7.76330042 2.75894761 6.23309135
v 7.15330696 3.07061934 6.20578527
v 8.33261299 1.56507063 7.68532896
v 8.40797806 1.34433961 7.68105125
v 8.76416397 1.21442688 7.68803883
v 9.70659637 0.761935413 7.59446716
v 10.3501892 -0.0039629126 7.55787134
v 10.5164642 0.0042923484 7.4424386
v 11.0725708 0.0107951686 6.7980032
v 10.5225239 0.878656387 5.99204779
v 11.74265 0.0121721756 5.70593882
v 11.6740046 0.362830728 4.83846903
v 12.0474119 0.00905608945 4.54923105
v 11.6111412 0.500978827 4.28325748
v 12.068326 0.0111839455 3.81707335
v 11.7936201 0.200062677 3.0041101
v 11.7469788 0.0153645044 1.06515193
v 9.73827171 1.67547774 3.08174157
v 9.38022614 2.08124542 4.21446705
v 7.71025181 3.50894952 3.6379354
v 10.1022902 1.37229073 1.66792619
v 8.04158688 2.93890643 2.48703265
v 8.13716125 2.85784197 2.74337721
v 8.0405941 3.13076806 3.35296917
v 8.17080593 3.08929372 2.96854019
v 7.43680716 3.45491409 5.04387999
v 6.84639215 3.7777791 5.41452885
v 6.7536273 3.62779617 5.55369854
v 6.26607895 3.57872224 5.42468262
v 6.64766216 3.53545403 5.54374504
v 6.46034718 3.39267421 5.49333954
v 6.19473267 3.20259261 5.92899561
v 6.01223183 3.43579865 5.54001617
v 5.76300669 3.19550753 6.31370211
v 5.57838917 3.4411006 5.78319979
v 5.50058222 3.6137836 5.22865057
v 5.10438061 3.55110884 6.01288795
v 5.17346478 3.19514036 6.50695133
v 5.15093899 3.11441898 6.73451662
v 5.05568981 3.28227472 6.49884367
v 5.13304424 2.99234819 6.98735905
v 4.66843605 3.53774285 6.33001328
v 4.95610237 3.82222962 5.17749739
v 5.93902588 3.76809287 4.61807966
v 4.5917244 4.17253017 4.22396517
v 5.66771126 3.82546401 3.71945262
v 3.91084337 4.36953306 5.37647581
v 3.27083683 4.82524633 4.62707996
v 3.5628314 4.0405488 6.47871399
v 4.28212881 3.5895915 6.96092415
v 4.5304718 3.32658768 7.47600126
v 4.75428438 2.78545189 7.84603882
v 3.81895924 3.68468094 7.60583544
v 3.64240265 3.47731781 7.81839657
v 4.94207525 2.61230016 7.94120932
v 5.2512908 2.22951269 8.23541451
v 4.60267591 1.55350995 8.64245033
v 3.46443772 1.47347939 8.73016644
v 3.54981828 2.28812695 8.42841148
v 3.22843122 2.43236208 8.52605247
v 2.80498385 2.62136936 8.61160851
v 2.35991216 2.7438643 8.56696796
v 3.04032993 3.3089757 8.04350471
v 2.85053921 4.07468462 7.46952152
v 2.58555102 3.1737051 8.32466888
v 3.28718567 3.79452562 7.73980379
v 3.53599763 3.89783597 7.373909
v 2.75646353 4.19567919 6.91939259
v 3.46365142 3.95898318 6.9283452
v 3.09893346 4.07738256 6.43486738
v 3.23011994 4.23181248 6.18239594
v 2.87245178 4.21604681 6.41304064
v 2.30768752 4.21331072 6.50105381
v 2.26902771 4.10662031 7.5282073
v 3.09497428 4.54137087 5.42258167
v 2.77793455 4.45921612 6.06651402
v 2.54727244 3.660707 7.86648035
v 2.65995049 4.70548248 5.18517876
v 2.76177788 4.69462252 4.84908772
v 2.30126023 4.47773695 6.26117468
v 2.3207376 4.64265728 4.98826504
v 1.50632775 4.04345226 7.07309723
v 1.55185997 3.798383 7.69264698
v 1.97121751 3.0617547 8.37514591
v 1.58207595 3.56594205 7.83778143
v 2.02609038 2.8607347 8.53265381
v 1.09023392 3.67932367 7.73801374
v 1.5580771 3.25666928 8.35606766
v 1.07618713 3.331671 8.11144733
v 1.14607227 3.48433948 7.84391928
v 0.557902873 3.55949616 7.67540073
v 2.09698129 4.47281027 6.1794529
v 1.32795608 3.99455094 6.32414865
v 2.03039479 4.56623888 5.20192623
v 1.16991997 4.32253027 5.64445925
v 2.13717437 4.20766544 4.54306555
v 1.31533313 4.31107235 5.92669582
v 2.41348743 4.30550766 4.50491476
v 0.871585011 4.15139198 5.87810946
v 2.85376453 4.7739954 4.67681885
v 1.02322781 3.93224978 6.33745098
v 0.678536236 3.97184372 6.14111567
v 1.01988602 3.93194723 6.93711424
v 0.498789191 3.77371907 6.59233618
v -0.0899702162 2.91021323 6.73104858
v 0.420920908 3.5420959 6.2066946
v -0.503201187 3.58198452 6.18710566
v 0.336564094 3.48338532 7.59030437
v 0.378079176 3.59736037 5.9787631
v 0.90088284 3.87533832 5.28971863
v 0.314627349 3.23620653 7.96701288
v 0.154735684 3.88192797 5.64315844
v 0.923741639 3.69164085 4.96144772
v -0.0242467523 3.9670155 5.26434326
v 1.17324567 3.84115219 4.88196993
v -0.0864729136 3.2530849 7.73329449
v 0.172920302 3.23749638 8.165658
v 0.0732570142 3.24269962 8.42770672
v 1.18832779 3.23642254 8.46972656
v -0.18902193 3.11479998 7.45105457
v -0.846896112 3.42645693 7.94558477
v -0.228677705 3.38856864 8.17067814
v 0.997685015 2.5356729 9.15021324
v -0.874548793 3.22937608 8.63469982
v -0.627338231 2.97573519 7.27362776
v 2.2523818 1.65310121 9.11527061
v 2.6237874 1.3574183 9.09954262
v 3.07977676 0.299782991 9.28445435
v 2.91834092 0.0972524434 9.2686348
v 2.6728766 -0.0146686053 9.1773119
v 2.33383155 0.905037999 9.28394604
v 1.77849412 1.60479712 9.24292564
v 1.8429693 0.659364164 9.1877737
v 2.36109972 0.00302707986 9.36417007
v 1.17778337 -0.00531613501 9.55008602
v 0.391279221 2.47591734 9.29622459
v 0.51144135 1.80327356 9.29234791
v 1.22435784 0.795793295 9.33024502
v 0.522617996 1.03023589 9.33538342
v 0.617009163 -0.0066356766 9.53603935
v 0.291525424 1.17761016 9.3720808
v 0.419457287 -0.00853015576 9.65409374
v 0.159327507 2.94971895 8.85814095
v 0.257359385 2.1245563 9.55227184
v -0.368253589 1.14808917 9.66263962
v -0.154657423 -0.0105309105 9.65294552
v -0.780328333 0.661179125 9.67019653
v -0.333198577 -0.00298370165 9.76292133
v -0.647158802 -0.00604932941 9.73120594
v -0.268062055 1.69050777 9.76124954
v -0.872805297 1.8332063 10.1951418
v -0.407307416 2.55807281 9.77581692
v 0.282913536 2.69864321 9.41372299
v -1.00257182 0.22187525 9.77142906
v -1.23045301 -0.000508402532 10.2481918
v -0.150627822 3.05084562 8.8973074
v -0.402479708 2.97817707 8.90671635
v -0.104414254 2.55039597 9.60023212
v -1.05177414 0.94733417 10.0415592
v -1.43536806 0.23584941 10.4680233
v -1.45814729 -0.0180815794 11.1203375
v -1.27217352 0.580482543 10.4189911
v -1.40212917 0.629810035 10.89639
v -1.03943992 2.96962094 8.89645386
v -1.05498219 2.38432097 10.0047464
v -1.37664294 0.281727225 11.1758614
v -1.23143995 0.00144051097 11.5053606
v -1.27278435 0.0169566572 11.6271248
v -1.7356559 0.300017983 11.0457516
v -2.14169788 0.0117681082 11.3244114
v -1.46795237 1.20453608 11.0283966
v -1.3141706 1.48269844 10.8428078
v -0.990489841 1.83257747 10.6739845
v -1.68009841 1.16178131 11.057765
v -2.88053226 1.06614983 11.0809155
v -2.17300105 0.259363621 11.0568762
v -2.51707721 0.387186766 11.0760679
v -2.56617689 0.00127230294 11.3022499
v -1.75549006 1.46142173 10.8723011
v -1.90040147 1.81938243 10.7116699
v -2.04158998 2.11162758 10.7162323
v -3.05706835 1.38162529 10.8422585
v -3.27278471 1.95935941 10.6436987
v -4.17535448 1.57669854 10.6045141
v -4.90708065 1.33433509 10.6425123
v -4.12956762 1.58601403 10.7063532
v -4.01885843 1.40065432 10.8085146
v -3.74909878 1.48540521 11.2739401
v -5.18265295 1.1365689 10.7896767
v -5.23612785 1.05592155 10.9990549
v -4.27637243 1.56419325 11.3189955
v -5.44467354 1.11700428 10.7485704
v -4.92297983 1.83728492 10.3561497
v -4.42791605 2.05125141 10.4283352
v -3.51701903 0.782247782 11.7349377
v -3.83775806 1.51113677 11.4803305
v -2.86523104 0.613730788 11.3421412
v -2.76421905 0.159652635 11.4214563
v -3.25975204 -0.00115066313 12.0183458
v -3.67849684 0.704923511 12.0853491
v -3.84955931 0.933763683 11.9505434
v -3.73822093 0.00140677567 12.4950628
v -3.94709086 -0.000593158591 12.2625008
v -4.05282211 1.47317231 11.6522608
v -4.46139956 1.48020947 11.3912191
v -4.21979523 0.344752699 12.0180798
v -4.3611784 0.00294414186 12.2418385
v -4.30779934 0.519290388 12.0166197
v -5.10246038 -0.000806957018 11.8449726
v -5.20198488 -0.000661526516 11.6485834
v -5.80078363 0.606533051 11.1839514
v -5.54922962 0.00766852405 11.5821075
v -5.73303223 0.0106353937 11.8231907
v -5.56937313 1.01943195 10.9031811
v -6.17280579 0.615646839 11.2889585
v -6.09637213 0.025160756 11.8434544
v -6.50514317 0.00792034343 12.2521429
v -5.80763721 0.946368098 10.6683168
v -6.22567797 0.945943713 11.000226
v -6.37703705 0.862836003 11.3152809
v -6.68532515 1.04425156 11.1443796
v -6.6177969 0.430508494 11.7456198
v -5.53670931 1.51468527 10.3558445
v -6.18949938 1.40896785 9.93726921
v -6.5488677 0.794286072 10.2447071
v -7.55893087 0.183372721 10.7239904
v -6.52915621 0.278275251 12.0696306
v -6.79808807 0.0115880948 12.2561493
v -6.93831587 0.00926992949 12.0887756
v -6.66468048 0.71253109 11.6008482
v -7.33513784 0.386171907 11.9780006
v -7.31598759 0.00106841186 12.1663837
v -7.79764032 0.00891669653 11.9617376
v -8.13890457 0.0138572175 11.4430466
v -6.66794348 1.00282896 11.3347597
v -7.70980024 0.338130474 11.1670237
v -7.9828043 0.00983133353 11.1088629
v -7.13685942 0.86164403 11.2284203
v -7.21135426 0.770326078 11.0482845
v -7.7588439 0.0158701353 10.5821667
v -7.59867716 0.0117781218 10.3996315
v -7.13219976 0.396637946 10.0433435
v -7.50402403 0.00569817005 9.91761112
v -7.50162029 0.545681 9.55964088
v -7.84073734 -0.00668544555 9.37352371
v -7.78868246 0.732287347 9.24951839
v -8.47822285 -0.00724946288 8.80187702
v -7.55879021 0.776993573 9.28992558
v -8.31889725 0.963220894 8.87548923
v -8.75082302 -0.00304524181 8.723176
v -8.00036049 0.966764212 9.06877327
v -8.69233227 0.260177046 8.54585266
v -9.03944969 0.00553815579 8.37240887
v -8.27310276 1.08097589 8.67923832
v -9.00163841 0.192372859 8.20906734
v -9.21355247 0.000372230221 8.05631065
v -7.63320923 1.00100338 8.73579979
v -6.68979216 1.56738472 8.39204693
v -5.97443295 1.87997842 8.99414921
v -8.4882412 0.654784977 8.42703438
v -8.10349274 0.66627419 8.39267254
v -7.65040636 0.894461215 8.47003841
v -8.08842182 0.780653834 8.14054585
v -8.7065649 0.758771122 8.15176964
v -8.00628185 0.699911237 7.44609308
v -8.62438297 0.582299709 8.21058846
v -7.89448452 0.958443284 7.94928837
v -9.01777267 0.172134131 8.09245396
v -8.94735241 0.560221434 8.01351452
v -10.2755775 0.00931036193 7.40809631
v -6.81900072 1.57976305 8.33493137
v -9.06682587 0.80133599 7.77038002
v -9.23680592 1.05235565 7.27337074
v -8.18427467 0.677771509 7.19694281
v -10.1623402 0.19866024 7.08042717
v -10.3693447 0.0128193852 7.05507612
v -9.96252632 0.0135601806 6.71685791
v -9.44997597 0.733137786 6.94964218
v -7.02495956 1.63783216 7.58651495
v -6.66452122 1.61500347 7.73516035
v -7.79505682 0.970176816 7.46352816
v -6.80544472 1.64291501 7.44704866
v -7.97851658 0.551637352 6.88819504
v -7.84482718 0.659538805 7.01888943
v -6.50146341 1.53179705 6.98989058
v -6.06103706 1.84897649 7.00178099
v -6.05952072 1.5806675 6.61616611
v -4.96845007 2.3497386 6.64088631
v -6.34083176 1.70290756 6.46649408
v -6.53095436 1.76394379 6.43999052
v -8.17336559 0.737173498 6.53448582
v -7.45515442 0.64065367 6.60953045
v -7.76587629 0.872609615 6.48723507
v -8.04707909 0.930016279 6.19604778
v -6.31122303 1.84308875 8.09650898
v -6.06851053 2.09507513 8.26636028
v -8.33401489 0.854762852 6.58345604
v -6.16233635 1.72555327 8.59061718
v -5.46477652 2.17272949 8.67413902
v -5.53473663 2.4394722 8.19439602
v -5.41582584 2.26764679 9.11154366
v -5.10722876 2.2053721 9.67572784
v -4.83275557 2.61659145 9.28316307
v -4.75981331 2.54343843 8.7345438
v -4.61213779 3.01023006 8.30944538
v -4.08725119 2.65594411 9.86537933
v -4.12996197 2.87274623 9.37146473
v -3.89266491 2.22505474 10.3658638
v -3.6896286 2.66443896 9.36328506
v -4.29738092 2.77678847 8.813797
v -3.67463636 2.96926498 8.93397427
v -3.3597424 2.35331464 10.2858868
v -3.32482648 2.51216435 9.94670677
v -3.68493342 3.16916585 8.56531143
v -3.16830373 3.04390073 9.13582325
v -3.1721704 3.12580228 8.91084766
v -3.03268313 2.21247053 10.0775404
v -2.79166412 2.61199641 9.73312664
v -2.20641589 2.39392352 10.4899292
v -2.59358144 2.39873338 10.0536184
v -2.25376964 2.44725752 9.90575027
v -2.29742527 2.71898961 9.15931416
v -1.84634781 2.40556407 10.0408077
v -2.55820084 2.56941009 9.76102352
v -2.54797602 3.00756001 9.30717468
v -2.91289425 2.95641017 8.96045113
v -2.45260763 2.91766095 9.03044701
v -3.080652 3.14170289 8.38963223
v -3.33104825 3.24891615 8.56290531
v -3.33789515 3.30519152 8.14211655
v -3.67734528 3.21945453 8.0182848
v -3.7842288 3.35202622 7.29415941
v -3.92231059 3.43548179 7.79154348
v -2.85984349 3.24636531 8.0628252
v -3.94727159 3.41803479 7.11187315
v -2.24210477 2.71466422 8.79122448
v -2.45496154 2.98538518 8.70012283
v -1.95575714 2.9176724 8.60050488
v -1.89104033 2.74217677 8.75528336
v -1.62067139 2.88380098 8.78190613
v -1.54506648 3.06983948 8.61223507
v -2.7634778 3.20663238 7.13627863
v -2.93765163 3.33029675 7.12482977
v -2.37637305 3.11137438 6.94566154
v -1.56515121 2.90975332 7.75936031
v -3.5166018 3.38008022 6.99919128
v -3.65809512 3.38353896 6.69267273
v -1.46503496 3.03964019 7.47863579
v -3.81684494 3.35613465 6.94277382
v -3.94991326 3.09495544 6.7232933
v -4.52488089 2.93186307 6.98603201
v -4.7842164 3.09535885 8.08867359
v -4.94691563 2.90316772 7.43911219
v -5.34862518 2.44236708 7.04677391
v -5.59853077 2.12570238 6.91779327
v -5.85533667 1.8689822 7.05432987
v -4.60055399 2.83770037 6.65467644
v -3.94343734 3.39368773 6.6797576
v -5.00094128 2.91710067 6.5238595
v -4.49359083 2.93449736 6.4820776
v -4.17661476 3.71819544 5.66129923
v -4.45262432 3.51782012 5.57933664
v -3.60047913 3.50422406 6.62608862
v -3.92071319 3.59906816 6.21065617
v -5.59322929 2.72224236 6.10411739
v -5.05189848 3.45304585 5.69500542
v -2.84285283 3.39521122 6.59207344
v -3.00524139 3.18843436 6.71421862
v -3.4906044 3.47770953 6.25728178
v -3.67884731 3.76162219 5.75080347
v -3.12279963 3.51837087 6.22510672
v -3.43465638 3.78740931 5.31886768
v -3.96153188 3.91833997 5.32178593
v -4.34083748 3.84967065 5.48186588
v -3.97829604 3.82912779 4.86607122
v -3.82883143 3.76030993 4.86258984
v -4.6901865 3.5934453 5.36233807
v -2.73622918 3.5673635 5.93008852
v -2.0471561 3.44367266 6.46595764
v -1.67820036 3.53907228 5.03396654
v -1.56976259 3.17716098 6.68041992
v -1.56171322 3.36405396 6.40578794
v -2.26051307 3.07458663 6.73019075
v -1.33391726 2.99846387 7.22792912
v -1.2021997 3.02677202 6.74989176
v -1.0664196 3.16585088 6.75034571
v -1.32544899 3.13061953 6.94562674
v -0.796088636 2.97298121 6.80623865
v -0.665272534 2.90236545 6.95479393
v -1.15490937 3.30082035 7.72534943
v -1.21282387 3.45536709 6.42926025
v -1.46807098 2.96302915 7.90781832
v -0.370618492 3.01370955 6.69117498
v -1.54118454 3.0578897 8.08727074
v -1.20139372 3.39600801 8.13058472
v -1.34805357 3.22769213 8.68051624
v -1.62155426 2.54283834 9.51273441
v -1.41425455 2.54199648 9.74242878
v -1.34400463 2.35527039 10.5750256
v -0.917858958 2.12998176 10.4637947
v -1.25572658 2.10044312 10.7744179
v -0.954041123 2.20776224 10.1444683
v -0.909812272 3.66824555 6.05486441
v -0.511885762 3.54714155 5.85186386
v -0.223129332 3.86754751 5.15800285
v -0.872981548 3.64968777 4.93041658
v -0.234271467 3.66580558 4.87949276
v -1.12162995 3.67744994 6.00253296
v -1.13722861 3.76685834 4.99689674
v -1.43958604 3.55794334 5.0071516
v 0.0984749123 3.76417494 4.5755415
v -0.836862683 3.44162035 4.78577328
v -1.51864946 3.25092983 4.70734835
v -1.60341811 3.37843347 4.75831604
v -1.82276177 3.49761796 4.80983925
v -0.756470799 3.67308497 4.23764229
v -1.71426523 3.49379206 4.35125256
v -1.46411157 3.49721813 4.26903296
v -1.91213083 3.50687575 3.62430692
v -2.30891085 3.56757951 3.22013736
v -2.86184835 3.68633533 3.26107121
v -2.70487809 3.60011792 2.99032044
v -1.82719505 3.73249507 2.88913178
v -1.6384201 3.57602143 3.65927052
v -0.779625595 3.69508791 3.59059024
v -0.928975344 3.78148389 3.13133073
v 0.69438529 4.28560638 4.12965488
v 0.965936661 4.10072613 4.62155342
v 1.0522002 3.98874474 4.41302013
v 2.28726578 4.26126194 4.18237782
v 2.49383092 4.41573238 4.03613758
v 0.980577648 3.84487367 3.57348013
v 0.654993951 4.09967852 3.6499455
v -0.267203867 3.81790423 2.76266575
v 2.56476736 4.3108573 4.40303183
v 3.15348387 4.53742743 3.92399669
v 0.795065761 3.94854259 3.3179729
v 2.65141773 4.41542864 3.86111712
v 2.79603958 4.25844669 3.35953236
v 3.46488833 4.58802938 3.58909273
v 2.20467544 4.26689291 3.76229596
v 1.49308205 4.002388 3.5696547
v 1.02908242 3.75848198 3.2024982
v 1.66807568 3.7871635 3.16157961
v 0.854742765 3.95354676 2.82478786
v 0.942230284 3.85722065 2.67179561
v 0.56545049 3.81443286 2.67905736
v 3.84544635 4.47635794 3.53802371
v 4.0221405 4.26272726 3.19696975
v 2.26337838 3.85052395 3.26900411
v -0.649632394 3.77477622 2.49372935
v 3.24749136 3.99129558 3.18188524
v 4.44591856 4.0683732 3.43355393
v -1.30091226 3.67725658 2.61214495
v -2.28142476 3.57786846 2.62089014
v -1.18960762 3.80335164 2.26364231
v -0.676311791 3.89253569 2.25390625
v 0.523466766 3.91578937 2.22757101
v 1.07299936 3.8812871 2.40984845
v 0.799527705 4.05940199 1.91047299
v -0.0809904858 4.00586271 2.09190345
v -0.721789658 4.09201097 2.12502789
v -0.0851855278 4.22907639 1.78530645
v 0.110214084 4.13740635 2.02532816
v -0.971197128 4.12314606 1.95244455
v 0.173615739 4.26433659 1.71520245
v 1.75170517 3.95312071 2.44759774
v 1.49437618 4.08101988 2.10165167
v 1.55867088 4.01667833 2.69085526
v 2.1520853 3.81452727 3.11181188
v 2.17113662 3.90722919 2.40894651
v 2.89723253 4.13443279 1.92394924
v 2.56921697 3.87375784 2.99873233
v 2.33621025 3.79132795 2.58948302
v 3.37107468 3.651582 2.61866522
v 2.91408014 3.84798765 2.93290758
v 3.37626004 3.63875294 2.78299713
v 3.4003756 3.77182698 2.90726256
v 4.20928955 3.96597195 2.9571023
v 4.14614725 3.72559476 2.89327455
v 4.31729746 3.82832813 2.92557096
v 4.54277992 3.79112244 2.32280326
v 4.72370577 3.78775144 2.79193807
v 5.74377918 3.36012864 2.26144385
v 4.66013956 3.65831137 1.36091876
v 4.27325487 3.8680954 2.00669789
v 3.29986095 4.52638817 -0.656988382
v 4.58259678 3.8669796 -0.666398048
v 2.46686172 5.24901438 -2.23709798
v 3.41091824 4.06185913 1.99673796
v 3.33515501 3.78265667 2.26325846
v 1.71072853 4.63554907 0.813360274
v 2.71452785 4.52777624 0.650747001
v 1.4057045 4.7876935 -0.256475151
v 2.08704543 4.2619257 1.63594353
v 1.48798263 4.22475719 1.61523175
v 1.91537702 4.25677347 1.50177741
v 0.995147824 4.38197756 1.44679391
v 1.01366627 4.48693275 1.21293378
v 1.00887942 4.8695488 0.834204853
v 0.125617936 4.61489201 1.32724285
v 0.734256566 4.89660454 1.10280788
v 1.0683502 4.84262133 0.649069726
v 0.759288788 4.91168642 0.374022126
v 0.524496853 4.86149263 0.262659281
v -0.0676153377 4.76494598 1.40734208
v -0.802379429 4.79983616 1.42483425
v 0.409854144 5.0359869 0.888408244
v 0.0872372761 4.91021538 1.19250679
v -0.328023523 4.91744852 1.15922439
v 0.0929867178 5.03819847 1.00885475
v 0.149571374 5.08615732 0.32636413
v -0.919947028 4.42299747 1.71503282
v -2.04749775 4.11054993 1.63837266
v -1.55057478 4.01251745 1.7537657
v -0.301415622 5.11603403 0.55880326
v -1.83780956 3.80971146 2.17446113
v -2.03754377 3.72009325 2.1092062
v -1.9660697 3.90254211 1.73053145
v -2.77857041 3.74828076 1.66718793
v -2.32539678 3.88342404 2.15197134
v -0.3292301 5.0623455 0.904249191
v -0.634727359 4.82029152 0.575645983
v -0.548059762 4.65745115 0.243898824
v -0.312004894 4.97855663 0.190814853
v 0.183671609 4.92635155 0.0757386759
v 0.519503057 4.10694981 -0.114581279
v -0.266444117 4.81043673 0.0370757915
v -1.16750872 4.55788946 0.850956857
v -0.777400196 4.72990608 0.371195644
v -1.42419243 4.45228815 1.06427944
v 0.953771949 4.37943363 -0.335154265
v 1.02609277 4.29789829 -0.646606743
v 1.09348691 4.64748812 -0.313734621
v 1.43489313 4.79311752 -0.732239068
v 1.96708214 4.74044752 -0.121182829
v 2.56260896 4.74960995 -0.75215596
v 1.95104074 4.78944921 -0.810839772
v 1.76462626 4.99158955 -1.33246315
v 1.96890557 4.93778992 -1.33010268
v 2.21685314 4.98141718 -1.39416254
v 1.78772306 5.18962097 -1.60042274
v 2.41495585 5.18300343 -1.91996062
v 1.97970307 5.27086639 -1.75905073
v 2.19236827 5.38270378 -1.84135437
v 2.33556342 5.31758308 -2.89596987
v 1.94577467 5.3989892 -1.85177779
v 1.65976286 5.1164794 -1.94692421
v 1.59979808 5.00816107 -1.55884719
v 1.51220155 4.65361691 -1.27965927
v 3.61557388 4.65906239 -2.33864784
v 2.53343558 5.22093439 -3.53580379
v 2.27312064 5.41191864 -3.46662283
v 1.84734702 4.9366312 -2.55778217
v 1.57565844 4.61383915 -1.83680892
v 2.16152549 5.30294609 -2.87087798
v 2.15992832 5.31590509 -3.23137546
v 1.49713182 4.86974716 -3.76789117
v 1.65322196 4.87129354 -3.05387378
v 1.18209505 4.34122849 -3.02385449
v 1.42605913 4.48053932 -1.53676093
v 0.473083287 4.40628147 -1.70212829
v 1.46460259 4.76509857 -2.45651126
v 0.54791832 3.91759992 -3.15475583
v 0.630982816 3.86856294 -3.28981614
v 0.500125468 3.84376526 -3.3553412
v 0.925729513 4.60713911 -2.45794225
v 0.441276044 4.05635691 -2.20339942
v 0.339098245 4.19692087 -1.19853675
v 1.06166911 4.13160133 -0.818429708
v 0.554634511 3.85710144 -0.379611343
v 0.589336455 3.85869479 -0.634103298
v -0.0624547228 3.87119722 -0.890942216
v -0.400398284 3.95481062 -0.360011369
v -0.159515619 4.0015955 -0.243914485
v 0.335479885 4.19010639 -1.58412933
v 0.368180811 4.0416255 -1.85632849
v -0.628951311 4.25232029 -0.290018201
v -0.791844845 4.24662638 -0.139270157
v 0.0372485407 4.16852522 -1.80951595
v -0.946335793 4.47382116 0.165775239
v 0.292362034 3.9456234 -2.73105574
v 0.391847908 3.94440579 -3.06319594
v -0.204267114 4.36893606 -2.44404149
v -1.16809571 4.43390989 -0.0650540739
v -1.20239341 4.64065552 0.325101644
v -1.49957144 4.53902769 0.626480877
v -1.38767421 4.20519114 -0.212860882
v -1.47799802 4.40448093 0.391924471
v -2.01501417 4.13183832 1.21947205
v -1.9028343 3.89931154 -0.127843559
v -1.94672799 3.93028045 -0.305534542
v -2.07595086 4.25482368 0.604063988
v -2.37184286 4.41778326 1.06336224
v -2.66102767 4.30819798 0.473901153
v -2.62353396 4.10796022 1.61417747
v -2.58691239 4.32510328 1.31560802
v -3.23311305 3.96784282 1.0435245
v -3.493927 3.6095736 1.56462395
v -1.43269563 3.84170461 -0.618346274
v -1.09440434 4.03468943 -0.420803547
v -0.510564089 3.96601892 -0.714605331
v -1.06620431 4.02994823 -0.742188752
v -0.875552952 4.26937771 -0.805343866
v -1.31295288 4.25895405 -0.797834516
v -1.80174315 3.81232715 -0.703609765
v -1.01192379 4.49943161 -1.22750282
v -0.763958514 4.6396327 -2.10874152
v -1.27614295 4.69196606 -1.42742884
v -1.83148134 4.91527367 -1.84675193
v -1.02869892 4.70230055 -2.52662897
v -0.860274017 4.26401377 -4.1617856
v 0.496120095 3.8219595 -4.15864754
v -1.88233352 4.52381754 -3.47605157
v -1.72473693 4.38671112 -4.19477701
v -2.17069697 4.37645102 -3.42254233
v -2.00416374 4.93540859 -2.4067688
v -2.1229496 4.78924131 -3.08815169
v 0.584477425 3.8893764 -3.81027818
v 0.784563482 3.9757812 -4.04422188
v 0.645297229 3.867625 -4.1769352
v 0.518125951 3.92143512 -4.38155746
v -0.123227835 3.85499644 -4.89544106
v 0.562738061 4.03168774 -4.66890144
v -2.25613761 4.90900707 -2.13695073
v 1.60585141 4.83551979 -4.14057684
v 1.55680025 5.01033783 -4.37290812
v 2.07620788 5.22025299 -4.16692257
v 0.907429576 4.43744755 -4.58167934
v 0.616164863 3.69131398 -5.32454252
v 2.38222289 5.33257675 -3.78783369
v 1.35417187 4.97479916 -4.54139709
v 2.2575767 5.01719904 -4.15311337
v 1.30145931 4.86046886 -4.9757309
v 1.3080287 4.5939374 -5.25720644
v 1.03143251 3.93302178 -5.69310045
v 1.64714062 4.9303236 -5.0081315
v 1.54878664 4.97070932 -5.27503586
v 2.66655397 4.7190237 -4.71316004
v 2.53211474 4.87179947 -4.56676006
v 4.03166389 3.96760392 -5.33825254
v 4.34870148 4.1218071 -4.04607153
v 1.61335921 4.54781723 -5.75259447
v 4.29649401 4.24549341 -3.54287744
v 2.25205255 4.71394062 -5.88939428
v 2.59430027 4.42724705 -6.11461782
v 1.76207864 4.73490667 -5.71255827
v 2.12271738 4.77624702 -6.02599287
v 1.72099793 4.68503714 -5.9151597
v 1.62244797 4.22253942 -5.79496241
v 2.13490653 4.54417944 -6.27746153
v 1.67082775 4.14091444 -6.0848918
v 1.93902183 3.63362074 -6.31791162
v 1.71334803 3.7947216 -6.03584766
v 2.70798445 4.03170633 -6.37883425
v 3.37204409 4.0127902 -6.49957991
v 1.24140346 3.65245628 -6.74018621
v 3.13151693 3.55835772 -6.73941994
v 2.42347622 3.32561016 -6.62563324
v 2.00330329 3.15055656 -6.87928104
v 2.13867807 3.1875329 -6.69182968
v 1.82214677 3.42914391 -6.70929718
v 0.916828454 3.76665664 -6.53947496
v 1.06799972 3.29943895 -7.07922268
v 0.304846287 3.6065731 -6.90049076
v 0.587620556 3.68585229 -6.30771351
v 0.33824119 3.66608119 -5.49429941
v 0.153966203 3.72119164 -6.35912085
v -0.0887157544 3.73122191 -5.67302465
v -0.244241551 3.71133137 -5.83512878
v -0.449668288 3.26258755 -6.35098886
v 0.035689652 3.35130525 -6.94637489
v 0.867220461 2.93844104 -7.1056962
v 1.26835322 2.88113308 -7.0961628
v 2.03548527 2.99196768 -7.17482853
v 0.980869591 2.92738914 -7.33926916
v -0.1855257 3.86027598 -5.5642786
v -0.293401182 3.94561934 -5.13462734
v -0.512540817 3.58335352 -5.38717461
v -1.30599678 3.09391284 -5.78466558
v -0.461340368 3.18642783 -6.87568665
v -0.390786022 3.92539048 -4.81371498
v -0.54015553 3.8167367 -4.7336731
v -0.764745951 4.09344244 -4.49961948
v -0.948919356 4.30020666 -4.51179934
v -0.892790496 3.90916562 -4.74664974
v -0.79170239 3.55173326 -5.08610153
v -1.5266726 3.89563346 -4.65901041
v -1.31588304 4.08421326 -4.6537466
v -1.15191758 3.28577018 -5.09817791
v -2.67785954 2.96652317 -5.31601191
v -3.15478826 2.85187888 -5.75616264
v -1.51575935 3.28735471 -4.89774084
v -2.23762584 3.08920312 -4.8538146
v -1.63218915 3.85972881 -4.71185493
v -1.93707824 3.55519652 -4.62805033
v -1.89437926 3.85852003 -4.60347414
v -2.39896131 3.09492755 -4.75060368
v -2.15505815 3.89261889 -4.63102674
v -2.26481581 4.55901241 -4.22670555
v -2.48019481 3.32024813 -4.57314539
v -2.01987791 4.57155561 -4.15537882
v -2.61638546 4.04907179 -4.17262793
v -2.25100231 4.62220621 -3.97162628
v -2.22687197 4.25184917 -3.41003799
v -2.38001347 4.18286514 -3.49063492
v -2.5458405 4.64759445 -3.2907238
v -2.78086209 4.52983093 -3.31710315
v -2.38885832 4.9467721 -2.41445184
v -2.50796461 4.87898731 -2.09940886
v -2.68603754 4.63321352 -2.17802906
v -2.03671479 4.73209953 -1.65805936
v -2.45386767 4.49712324 -1.61601782
v -1.83977246 4.20943356 -1.18427742
v -1.85459113 4.0102706 -0.728108704
v -2.15080762 4.16594934 -0.936484218
v -3.18625975 3.86547351 -1.5390178
v -2.56087327 3.81652117 -0.876783669
v -2.92564535 4.23702765 -1.71701479
v -3.08538699 4.69396591 -2.08596039
v -3.15892935 4.76408482 -2.35884452
v -3.44686913 3.7772851 -1.57558215
v -2.72594929 3.6099925 -0.280574799
v -2.82834721 3.80181336 -0.923103452
v -3.27321553 3.7011714 -1.23092544
v -3.47806478 3.59850526 -0.860543132
v -3.47368002 3.61037254 -0.598869026
v -2.72381425 3.7362895 0.0112666786
v -2.98473501 4.11280918 0.638030231
v -2.98599267 3.593575 -0.351384699
v -3.05765557 3.93808031 0.361674994
v -3.53563309 3.68126607 0.141726896
v -3.50166035 3.49610376 -0.28197968
v -3.70999026 3.78042555 0.370268255
v -4.33271456 3.46265912 0.437329859
v -4.68847084 3.21378207 0.405272931
v -3.88337064 3.12804365 -0.736343145
v -5.24075794 3.06343627 -0.927033067
v -4.63305473 2.89075351 -0.776888669
v -4.25063848 3.23980808 -0.267918229
v -4.09978628 3.47513294 1.09836054
v -5.10811758 2.89067221 -0.463255137
v -3.9875021 3.27518892 1.57894683
v -4.49138403 3.23942375 0.947982371
v -5.10827112 2.94529653 0.0999092534
v -4.60983467 2.88866115 1.52801073
v -4.99035311 3.08204055 1.04212761
v -4.15358829 3.53903317 1.7726754
v -4.94695377 3.02340174 0.59165889
v -5.20701885 2.78327632 1.57568848
v -5.13559294 2.74830675 0.67121321
v -4.44230413 3.15776014 2.63199711
v -3.55997157 3.88840222 1.99284577
v -3.83544087 3.65453243 2.44647908
v -3.3614645 3.86318803 1.91282821
v -3.75440669 3.51062393 2.69501376
v -3.04822564 3.93982744 2.62659287
v -2.99696231 4.00938463 2.18102741
v -2.78650045 3.86407137 2.72719693
v -3.10929465 3.82774162 3.10381746
v -3.68055034 3.88110638 3.20113468
v -3.60543919 3.66172266 3.86149955
v -4.04967165 3.78766251 3.02556276
v -3.65417743 3.87741041 3.37592888
v -4.76117659 3.52629662 3.69813824
v -4.58811665 3.62546968 3.4979229
v -5.24641752 2.52458906 2.85937834
v -5.3683753 2.49079299 2.70992088
v -5.67957878 2.66578341 2.9162488
v -5.36012125 2.64713287 3.24919009
v -5.32136154 2.63242126 2.19307613
v -5.39940596 2.90721846 1.5955143
v -5.23307371 2.8262651 1.2694279
v -5.57932901 2.81823111 2.10408235
v -5.42609119 2.70704198 0.833163798
v -6.34832859 3.00092554 2.29760885
v -5.54839182 2.76091456 0.151921988
v -5.91838694 2.96376586 0.375217021
v -5.58341646 2.82249069 -0.116277061
v -5.80829859 2.82604599 0.0880342945
v -5.65311527 2.76073265 -0.509500206
v -5.26578903 2.80257797 -0.497288972
v -5.65608072 2.88587832 -0.721529245
v -5.81122446 2.82565761 -0.530036867
v -5.71464443 2.87673736 -0.141264439
v -6.38203621 2.95067692 -0.573528111
v -6.26958847 3.16130233 0.42468524
v -6.3823638 3.08122969 -0.937310994
v -5.58668613 3.06796646 -1.16095948
v -6.43645191 3.10467625 1.24195373
v -6.34013844 2.9767015 -0.242545649
v -6.59121513 2.86268306 -0.303595006
v -6.81162882 2.96766567 0.261592776
v -6.55682421 3.14863825 1.80510509
v -6.74261284 3.07234359 0.774344981
v -7.14858246 3.39836669 1.58961999
v -6.67867613 3.07650495 1.12545037
v -6.7932024 3.23456955 1.05198824
v -7.06187439 3.10759664 0.827255011
v -7.12879753 2.89726138 0.511715055
v -7.0070343 2.97853017 0.195583537
v -7.18054247 3.19221449 1.0142982
v -7.33713245 2.75372434 0.253793776
v -7.41170073 3.06295276 0.494925141
v -7.91642237 2.9328723 0.836899757
v -7.62987614 3.01998568 1.33594024
v -7.63427782 2.6731081 0.311564028
v -7.88496494 2.01114631 -0.267892152
v -7.87924862 2.42903733 0.346333981
v -7.52636147 2.0527072 -0.603048384
v -8.21220303 2.14746165 0.313643277
v -8.25994587 2.07467437 0.0707043931
v -6.87053823 2.29672956 -0.81732595
v -6.45881414 2.65959764 -0.826492429
v -7.13713264 2.53783369 -1.38617218
v -7.41190767 2.16125584 -1.01762056
v -6.44816446 3.3904748 -1.44645643
v -7.98467445 1.93313348 -0.603930712
v -8.00070858 2.06865621 -1.20090759
v -7.60323954 2.16085386 -1.26684165
v -8.18404007 1.96955705 -1.57602501
v -8.20670509 1.86501062 -0.248078302
v -9.13699532 1.01014984 -0.0334281959
v -9.73022079 0.00473689474 -0.357686043
v -8.64535046 1.31169569 -0.545828104
v -9.55144405 0.00512416894 -0.615796685
v -9.446908 0.00591981271 -1.06901658
v -10.2584496 0.00170093414 -0.052374348
v -8.43797874 1.64573133 -1.56965506
v -7.95511436 2.03772235 -2.20274115
v -8.63580322 1.77162385 -2.10147572
v -9.59469128 0.00475684227 -1.49232018
v -8.41073799 1.90215051 -1.72815549
v -9.1020937 1.2898159 -2.13229299
v -9.87237835 0.010207573 -1.89425945
v -6.86971712 3.36503172 -2.50501943
v -7.64961672 2.07422185 -2.75923204
v -8.87333202 1.93499935 -2.65378737
v -9.01167965 1.35476696 -2.51749754
v -9.07143879 1.95482695 -2.85237622
v -6.87000704 3.24383903 -1.91673017
v -6.64776039 3.46766376 -2.54748487
v -6.70922232 3.29142809 -3.13368821
v -7.95720434 2.01604247 -2.9525156
v -5.65383339 3.30212784 -1.50461221
v -7.03850079 2.75523973 -3.17760921
v -5.27489901 3.57304502 -1.42027366
v -4.43759918 3.70887232 -1.19522631
v -5.99169016 3.39634395 -2.29864025
v -6.46131325 3.21927571 -3.42773104
v -5.50187206 3.65541983 -2.18355918
v -4.04922533 4.18616962 -1.47491562
v -4.68500948 3.8507185 -1.51595736
v -4.72585678 3.97245097 -2.19169116
v -4.4489069 4.07249212 -2.32666516
v -4.54693079 4.02665615 -1.80626202
v -5.42642641 3.51748252 -2.68248749
v -5.86389637 2.93898368 -3.37020802
v -3.66817617 4.01642847 -1.83865082
v -3.71446466 4.20251799 -2.1053381
v -3.87811947 4.34276915 -2.29057026
v -3.80336118 4.29769325 -2.54557371
v -4.54597807 3.6514976 -2.93718505
v -4.51052332 3.41790509 -3.19973111
v -3.64763379 3.29241538 -3.38440919
v -4.98171139 3.15451813 -3.38762951
v -4.55287266 3.20018983 -3.28643203
v -5.35484123 2.95617366 -3.41750073
v -3.06571555 3.68062973 -3.4210012
v -2.60254478 4.01115322 -3.87006879
v -2.93578148 3.97332501 -4.06388617
v -2.64624381 3.99686217 -4.03882885
v -5.89843988 3.07930923 -3.84472799
v -4.38154173 3.23318911 -3.53708887
v -6.6915946 3.25110531 -3.84270763
v -6.74800539 3.10628343 -3.4363811
v -6.57230091 3.22503185 -4.11946964
v -7.483325 2.8498261 -3.70534325
v -8.00694656 2.22236371 -3.33631349
v -8.55023861 2.35492277 -3.46470213
v -5.6980896 3.02682734 -3.98219967
v -4.76282835 3.30197906 -3.82629776
v -5.99392509 3.47026634 -5.2922287
v -5.80755663 3.50993276 -5.22872686
v -4.98299646 3.09737635 -4.5630784
v -5.08476162 3.59459162 -5.83238125
v -4.04213428 3.06580591 -5.49126005
v -4.75157547 3.06527972 -4.62923527
v -4.22521687 3.21504974 -4.5035944
v -4.05020809 3.53354335 -3.96702027
v -3.68739676 3.4354167 -3.88562346
v -3.31285477 3.59713125 -3.91747618
v -3.94218493 3.27197528 -4.97486925
v -3.42260146 3.38679385 -4.06471586
v -3.19736075 3.40627885 -4.35295439
v -2.95806217 3.71956706 -4.34473419
v -2.86467481 3.56432939 -4.38465834
v -2.73329878 3.32857656 -4.92339659
v -3.58418989 3.47746086 -5.02717113
v -2.99757409 2.90749741 -5.3620429
v -3.070678 3.19762588 -4.93009806
v -3.33547258 3.00717878 -5.63531923
v -3.67147398 2.80593061 -5.86312962
v -4.05404854 3.08615899 -5.6929574
v -4.62888288 3.46866488 -6.12161493
v -3.42047572 2.80995727 -6.14618206
v -1.88952208 2.88705683 -6.13892937
v -1.35408902 2.80321407 -7.18005276
v -0.981653273 2.99186611 -6.94953823
v -0.506743133 2.9964664 -7.38102102
v -0.303548813 3.1419363 -6.99465132
v -0.289722741 3.19419026 -6.51851749
v -0.17533128 3.05335689 -7.51484585
v 0.387332559 2.76321292 -7.72094059
v -0.410438716 3.03130174 -7.73728275
v -0.831493676 3.19625854 -7.51562071
v -1.11992776 3.09183621 -7.46020317
v -0.67424047 2.9234395 -8.08444786
v -0.650094986 2.97663498 -8.36068058
v 0.597025275 2.75909233 -7.83508158
v -1.30814791 3.16742301 -7.7955718
v -1.58245802 2.97977448 -7.34016705
v 1.18849492 2.89910483 -7.68769884
v 0.615325451 2.99972034 -8.29479885
v 0.813708305 3.28325558 -8.90333748
v -0.345130384 3.26557636 -9.05039024
v 1.21269143 3.04217219 -8.19524002
v -2.33457589 3.35176849 -6.55874681
v -2.91405797 2.90121627 -6.17819262
v -2.73432159 3.28603077 -6.85600138
v -3.33437896 3.1446507 -6.60071039
v -2.12066245 3.32149291 -7.55118799
v -2.58197188 3.37951493 -7.46816874
v -3.15629315 3.31108212 -7.13381433
v -3.49069357 3.49536991 -7.43099546
v -3.21098447 3.21818328 -7.83593082
v -2.61844778 3.18733001 -7.74159288
v -1.87939966 3.29164243 -7.7604804
v -4.33965492 3.66641998 -6.93179083
v -2.6711669 2.79201126 -8.07647419
v -1.64794993 2.87848067 -8.11498547
v -1.01393175 3.0001657 -8.46470833
v -2.46004105 2.58763599 -8.5836277
v -0.504351616 3.26080799 -8.77430439
v -1.76705563 2.79188871 -8.86096859
v -3.06275868 2.77085996 -7.90386534
v -3.33162141 2.22805882 -8.72943783
v -3.41802692 2.67083955 -7.92494345
v -4.14639139 2.50865936 -7.89217377
v -3.56562924 2.97917485 -7.96647739
v -3.9557631 3.63865447 -7.32197857
v -3.86750841 3.17891097 -7.8443284
v -4.3664484 3.24260855 -7.65527773
v -4.87158966 2.45346713 -7.48486233
v -4.48575592 3.51496243 -7.41396284
v -4.73916483 3.56149864 -6.6092906
v -5.02164888 3.71511793 -6.27239847
v -4.85583782 3.45665836 -6.70628834
v -5.04126453 3.32801557 -6.9386673
v -5.13963985 3.64424181 -6.36850452
v -5.29199839 3.60770416 -6.0690937
v -5.34605455 3.33209443 -6.39441395
v -5.52515554 3.65370464 -5.85522938
v -5.96552849 3.36488795 -6.0518961
v -5.43825436 2.32919502 -6.62055874
v -5.26985693 3.66131759 -5.66631889
v -5.99677277 3.4543221 -5.70851374
v -6.09538794 3.30373812 -5.44549465
v -6.42099857 3.2165575 -5.008461
v -6.4401083 2.82773066 -5.46920776
v -6.85529709 2.86642122 -5.23975086
v -6.63401413 3.2966423 -4.50032377
v -6.79626226 3.28394556 -4.17074203
v -7.56549644 3.02505064 -4.27013683
v -7.77073336 2.75729322 -3.71128631
v -8.29213715 2.48786378 -3.77272415
v -8.01602173 2.81383181 -4.28017616
v -8.455616 2.48403025 -4.07422256
v -7.97989035 2.69177151 -4.87491894
v -8.56847763 2.46663594 -4.29003191
v -8.76895332 2.32488036 -3.4473381
v -9.3206625 2.31344342 -3.21922898
v -9.80314445 2.48658609 -3.14364338
v -9.40813541 1.98805618 -2.96954226
v -9.9852066 1.97700632 -3.18891501
v -9.36394215 0.9692958 -2.52562237
v -9.83576012 0.414961547 -2.4056983
v -10.1095095 0.48040098 -2.38962364
v -10.1907301 0.36995998 -2.19697523
v -10.2617359 0.0103291245 -1.86800981
v -10.5374384 0.00744785927 -2.20611501
v -10.6410627 0.169582173 -2.51071811
v -11.2811642 -0.00159283192 -2.91711354
v -11.1212816 0.757241547 -3.12069631
v -10.1032009 1.05871463 -2.91092992
v -10.6191664 0.553735435 -2.84417057
v -10.61376 1.25529039 -3.16946745
v -11.4983196 0.28975758 -3.13617516
v -11.6673155 -0.00434035761 -3.08766675
v -11.9818201 -0.0297794398 -3.14231372
v -12.5099859 -0.0221392643 -2.93923545
v -11.5659466 1.38034081 -2.91354489
v -12.5234032 0.804574251 -2.8293283
v -13.2678146 -0.00312505127 -2.80229068
v -10.5396776 2.14390135 -3.16174674
v -11.8695765 1.3964299 -3.0975554
v -10.1585236 2.42814541 -3.2214613
v -10.7079096 2.23195648 -3.35543704
v -13.2016916 0.548059285 -3.13880181
v -12.7773876 0.823417425 -3.28746724
v -13.4718771 0.315662116 -3.114187
v -13.8531075 0.0139886374 -3.2413559
v -13.3529453 0.0101286853 -3.99495625
v -13.1112518 0.509282768 -3.52867413
v -12.7841072 0.267893642 -4.20318413
v -12.9827547 0.00620265305 -4.20886946
v -13.0629902 0.0118592605 -4.39617825
v -12.0646162 0.954695165 -4.33365059
v -11.8892832 1.294559 -3.85008264
v -11.6448545 1.53452754 -3.5841434
v -10.7598352 2.282655 -3.88358521
v -10.5330696 2.44484973 -4.03822088
v -11.9755487 0.676911175 -5.06685829
v -12.8215141 0.0129482029 -5.13139105
v -10.2803059 2.16957998 -5.04729319
v -9.87614632 2.57761765 -3.98750687
v -10.1059723 2.33234453 -4.93304539
v -9.41079044 2.48869252 -4.16273069
v -9.69553185 2.42101765 -5.37739754
v -12.7206707 0.240186095 -5.30138397
v -13.1748066 0.0130707473 -5.63106251
v -12.8170786 0.301970035 -5.6939187
v -12.7662535 0.00808594655 -6.1558342
v -11.641408 1.15862787 -5.6100626
v -12.298193 0.794499874 -5.71901941
v -12.4585571 0.000669366564 -6.23880434
v -10.2057514 2.39835572 -5.38932848
v -10.9872322 1.66147625 -5.34985685
v -10.8858824 1.57984507 -5.12248087
v -11.77561 0.855269074 -5.07083321
v -11.7779083 1.08843338 -5.36441994
v -11.3449669 1.45250499 -5.60778189
v -10.8089218 1.86181641 -5.71893787
v -11.9774761 0.941326261 -6.03305244
v -9.65188694 2.39299488 -5.74381018
v -11.2974281 0.788508117 -6.04922915
v -11.6126204 -0.0055967886 -6.14822149
v -10.0224094 1.93852746 -5.78840876
v -10.9502954 0.797309101 -6.06687689
v -11.1591187 0.0039324793 -6.52567482
v -10.5086336 0.284310162 -6.77810431
v -10.6675644 0.00153001875 -6.81960917
v -10.5515175 0.00817837566 -7.03051329
v -9.95326328 0.573536813 -6.76161385
v -9.84256077 0.00939998403 -7.34907007
v -8.65290737 0.00549365673 -7.90987635
v -10.2172098 0.748774767 -6.69575167
v -9.68335533 2.03814435 -6.0272584
v -9.41313553 2.34371185 -5.9046073
v -9.26612091 2.00829101 -6.38107538
v -8.4072237 2.35762835 -4.93100166
v -8.5555687 2.03318 -6.53908539
v -7.99549627 1.22817433 -7.02781868
v -8.44774246 0.92900902 -7.23534775
v -8.05255985 0.860844731 -7.84156561
v -7.40526247 1.09522784 -8.26284122
v -8.25398445 0.000547461445 -8.25567913
v -7.69956732 -0.00168269896 -8.56290627
v -8.16902161 2.45181084 -5.16235399
v -8.09597969 2.23672843 -5.47949409
v -7.59026051 1.3338635 -7.83839226
v -6.88090563 0.924431443 -8.74634266
v -6.69650602 -0.0120491805 -9.37726593
v -8.43830967 2.23453474 -5.68068886
v -9.01936722 2.30489635 -5.82160378
v -8.29916954 2.159585 -5.99267864
v -8.33207512 1.98651826 -6.72387362
v -7.77045822 2.28538704 -5.89930534
v -7.88377476 2.33106828 -5.69058943
v -7.48259306 2.35117435 -5.63068247
v -7.54969597 2.37703037 -6.07966948
v -6.49007845 2.48228908 -5.73573589
v -6.27365017 2.51705885 -5.90032864
v -7.75043869 2.06055045 -6.37995291
v -5.91610146 2.48024273 -6.24281788
v -6.79373884 2.07019472 -6.84327364
v -7.88169622 1.95353925 -6.83754873
v -6.67155218 2.1778574 -7.44949675
v -7.52176619 1.91150784 -7.41676664
v -8.11005497 1.83648241 -6.81442308
v -7.73196936 1.39395034 -7.18926859
v -6.64644384 2.1338644 -6.97327185
v -6.02455378 2.05439639 -7.26920509
v -7.66575623 1.80878139 -7.45610952
v -7.46991301 1.66685534 -8.16915226
v -6.56003523 2.24015284 -7.25381947
v -5.45337629 1.92848122 -7.56444025
v -6.01381683 1.89043939 -7.59083605
v -6.9797349 1.28051543 -8.48352528
v -6.52360773 2.19907928 -7.6229229
v -7.06011152 2.03202271 -7.53820705
v -7.11011028 2.0521946 -8.01755142
v -6.83231926 1.92024732 -7.87499142
v -6.29831171 1.37778914 -8.49550533
v -7.20092106 1.67366242 -8.40646935
v -6.35534525 1.97903454 -8.00388622
v -5.58173609 1.82884026 -8.04703999
v -5.28550816 1.51780176 -8.57624817
v -6.65574741 1.15189064 -8.79454708
v -5.23435545 2.10924792 -7.8186326
v -4.87882233 2.37649679 -7.70252132
v -4.09375763 1.98226142 -8.64492035
v -3.57265687 2.26497245 -9.00716972
v -6.875947 1.05757797 -9.07068253
v -6.44178677 1.26677752 -10.0432062
v -6.53635359 -0.0161970053 -9.68302155
v -6.3186841 1.46554303 -9.46108913
v -5.81007385 1.64891672 -9.23164368
v -4.91681099 1.63571358 -8.83419323
v -1.79283082 2.8555119 -8.96026611
v -1.98197126 2.80872345 -9.19424725
v -5.22179794 1.52662909 -8.88743496
v -6.19593191 1.60957181 -9.70484638
v -4.91622305 1.66130006 -9.00196266
v -3.30752707 2.48241758 -9.38348961
v -2.15365386 2.90021825 -9.41237068
v -1.38723338 2.95651746 -9.21907043
v -0.434392124 3.31243491 -9.60739708
v -5.35557222 1.54628599 -9.6690464
v -1.43531108 3.09760785 -9.49138641
v 0.537312627 3.3572681 -9.10467339
v -1.44557381 2.98970532 -9.79345703
v -3.90347743 2.23834348 -9.65379047
v -4.85920286 1.76065016 -9.63837051
v -5.46473122 1.24983978 -10.5164061
v -5.03555918 1.49297833 -10.4532175
v -5.25625229 1.10998082 -11.0105543
v -6.00254297 1.23530769 -10.57337
v -4.61285734 1.77811933 -10.2945032
v -4.24156523 1.94975364 -10.3667774
v -4.62371922 1.34427655 -11.0552416
v -5.48869133 1.08851695 -10.7186327
v -3.96611452 1.81604123 -10.6589699
v -6.33400202 1.03980279 -10.2705784
v -6.42513466 0.5628528 -10.0424204
v -6.45185518 -0.00853159372 -10.0332003
v -6.01463985 0.518799603 -10.5246649
v -6.21914911 0.0013318531 -10.8355494
v -5.67185593 0.970255315 -11.3131123
v -6.0815239 0.261362374 -11.6198692
v -6.09659433 -0.00451658899 -11.7268591
v -5.44194698 0.00330142584 -12.0724487
v -4.74918175 0.948710918 -11.2428465
v -5.34214354 1.01920772 -11.435956
v -5.53766394 0.856892169 -11.5797243
v -5.56738472 0.315127373 -11.9283466
v -5.01366806 0.359274119 -11.8853817
v -5.06964684 -0.00448604627 -12.0448103
v -4.94953012 -0.0128462147 -11.7452784
v -5.00544119 0.531863809 -11.563673
v -4.92424679 0.193825677 -11.7199898
v -4.4306922 0.310718238 -11.3377695
v -4.35541296 -0.00192533014 -11.4299469
v -4.11148214 0.00234918157 -11.2660303
v -4.46305084 0.584767222 -11.36833
v -4.13946629 0.436578751 -10.9578962
v -3.92039371 -0.00129596749 -11.1250763
v -3.10222459 0.000913182972 -11.3693161
v -4.21346235 0.713401556 -11.0071115
v -4.49803782 0.912854493 -11.1384649
v -3.90283871 1.28557181 -11.0887976
v -3.70124722 1.06207454 -10.9053783
v -3.53905201 1.30887103 -10.7138433
v -3.67578387 1.85431314 -10.3006611
v -3.30456829 2.24874115 -10.0121517
v -2.90133071 1.61872625 -10.6435719
v -3.00448489 1.16922438 -10.6323671
v -2.82534885 1.33598948 -10.5992212
v -3.1066854 2.00916052 -10.1979523
v -3.1969614 0.343495637 -11.1933079
v -2.88392305 0.548680663 -10.977025
v -2.40745306 0.261846513 -11.1914024
v -2.39691496 -0.00437599374 -11.2708807
v -1.83929121 -0.00156711019 -11.3609276
v -2.41284466 0.774716616 -11.0222187
v -1.87316465 0.932296276 -10.9401522
v -1.74290335 0.0128607517 -11.2559481
v -1.36025453 -0.00455584889 -11.3945112
v -2.06216121 1.50588822 -10.6525192
v -0.900210559 0.949619174 -11.2154665
v -0.853213966 0.299962521 -11.2751293
v -1.08913708 0.00287397113 -11.3653965
v -0.814578891 -0.00189861306 -12.0624237
v -0.727258682 0.0180768482 -12.3856115
v -1.28547466 1.56087625 -10.8612938
v -0.457188219 0.499380797 -11.383462
v -0.555491149 0.0183005966 -12.3575659
v 0.0680963621 0.142957479 -12.0833836
v -0.323047787 0.0170878675 -12.3474474
v 0.27053076 -0.00888666511 -12.1060247
v -2.32762218 1.56800091 -10.3173695
v -1.65530503 1.70271444 -10.3596287
v -2.35707784 1.70614803 -10.3423176
v -2.13237739 1.79149139 -10.3405123
v -2.48722291 2.22351885 -10.0757971
v -3.02346969 2.1607039 -9.84479713
v -2.27846074 2.74437213 -9.79827499
v -1.77496195 1.83702159 -10.3783178
v -1.06732976 1.61603332 -10.583869
v -0.831188202 1.45494354 -10.9456892
v -0.442456126 1.92531419 -10.646081
v -0.565738916 1.38019967 -10.9315844
v -0.570429623 1.01256442 -11.0872889
v -0.700264752 0.638816535 -11.0757074
v -0.431082219 0.967703819 -11.0438442
v -0.282108277 2.80780053 -10.3042278
v -0.194394305 1.20683563 -10.9448814
v -0.0777284205 0.869476855 -11.4068699
v -0.198654458 3.22887206 -9.8881216
v 0.557315886 3.26257277 -9.91699219
v 0.48949188 2.99485612 -10.3227186
v 0.413062513 2.3400557 -10.6827965
v 0.087572284 1.63473737 -10.8845882
v 0.908057392 2.33849931 -10.5660801
v 0.962602496 1.03081214 -11.3443661
v 0.465685576 0.942328393 -11.3558798
v 0.134246707 0.888957739 -11.5818062
v 0.241708457 0.330348432 -12.0718145
v 1.00003088 0.826456428 -11.5464783
v 1.1358192 3.02276754 -10.0315237
v 0.607429087 0.111839473 -11.7934694
v 0.603740394 -0.0246837307 -11.7578297
v 1.0759902 -0.0125251068 -12.2220888
v 1.26880157 1.61379516 -11.0989752
v 1.12202835 2.52517724 -10.4651003
v 1.59577894 1.8941139 -11.1307306
v 1.33289015 2.75533962 -10.0616207
v 1.25094378 1.01190996 -11.2679052
v 1.22171617 3.19994473 -9.75983906
v 1.58286798 1.49566758 -11.2618227
v 0.805373907 3.3052783 -9.3339138
v 1.44612908 3.29908681 -9.48658752
v 1.57471359 3.15105939 -9.70123291
v 1.48949623 3.23925591 -8.63854599
v 1.59797478 1.42797041 -11.7795897
v 1.87060678 1.46466386 -11.328536
v 0.986240447 0.751605034 -11.7586498
v 0.964705706 0.322972298 -12.1426525
v 1.74479258 0.505433321 -12.1682587
v 1.68332517 -0.0179077443 -12.1995392
v 1.64155686 0.648942471 -12.142252
v 2.2267766 0.561420798 -12.0345592
v 2.27464223 -0.0214997344 -11.8744516
v 1.8261776 0.887597561 -12.0907965
v 2.15016127 1.15896094 -11.50352
v 2.59865499 0.389719903 -11.7217941
v 2.76248956 -0.0110569056 -11.5561152
v 2.62012196 0.728081584 -11.3443527
v 2.76803589 -0.00997102819 -11.3160801
v 2.97088981 -0.0094413003 -11.2284737
v 3.04471517 1.75453818 -10.8834906
v 2.28244233 1.37586677 -11.2090521
v 2.03486156 1.35533917 -11.2457933
v 2.19561315 1.88629055 -11.3329649
v 3.51622105 0.819873869 -11.0890512
v 3.6243329 -0.00579030812 -11.284831
v 3.77512431 0.329537004 -11.1516027
v 4.14509296 -0.0104892375 -10.7159443
v 3.55561852 1.62825084 -10.8784008
v 2.55426931 1.78945863 -11.2291718
v 2.46396399 2.04449344 -11.3239307
v 2.86353612 2.52074718 -11.1288576
v 2.78482485 1.77855253 -11.1554546
v 2.27244782 2.0731523 -11.2957478
v 1.93874907 1.94253647 -11.2296209
v 1.63256741 2.36348581 -10.8825607
v 1.75802827 3.05507874 -9.95488358
v 1.94982207 2.34009242 -10.6800804
v 2.13590717 2.38595343 -10.7353754
v 2.14291334 2.96786642 -9.79334736
v 1.68018019 3.28373647 -9.22835827
v 1.83458519 3.05888915 -9.32005024
v 1.92594421 3.19609499 -8.81589317
v 2.71915913 2.73805285 -10.9462328
v 1.76716208 3.08048701 -8.36563873
v 1.74516141 3.141325 -7.89237785
v 2.18584061 3.22442007 -7.88564491
v 2.45954442 3.07108903 -9.32605267
v 3.06855774 3.31177664 -8.64543724
v 3.08446336 3.07445407 -9.30723095
v 2.40880561 2.90882659 -9.51793957
v 2.30945587 3.15612936 -8.146842
v 3.48890424 3.23413754 -8.16457462
v 3.3194983 3.34168077 -7.7143755
v 3.53397036 3.34426332 -7.47004175
v 2.81966782 3.29877591 -7.7381134
v 3.12253308 3.38252258 -7.02098751
v 3.32926083 3.3053453 -7.43745041
v 3.82379794 3.44094253 -6.99149895
v 4.82192326 3.23437452 -7.07008648
v 3.3904767 3.16572237 -7.25919485
v 4.60623264 3.13601398 -7.53207302
v 4.39810896 3.61969662 -6.63238859
v 4.67263651 3.63054061 -6.50903845
v 4.50897551 3.64960384 -6.03877354
v 4.35921574 3.81411028 -5.44274139
v 4.30378389 4.20091248 -4.35955048
v 4.56737852 4.35378456 -4.33836269
v 4.50662327 3.85716033 -5.5313592
v 5.25998878 3.95929837 -6.11187983
v 4.66656351 3.8702693 -5.47971058
v 4.99341726 4.60684967 -4.0009737
v 4.89141703 4.60830975 -4.29394054
v 5.12377071 4.17590141 -5.38363075
v 5.40188932 4.27670479 -5.75866079
v 5.58813047 3.92729545 -6.16054296
v 4.49002409 4.25725222 -3.43059111
v 5.51194954 3.68094873 -6.4271493
v 4.69692183 3.95020366 -2.49891186
v 4.76344299 3.79176593 -1.23342431
v 4.80724096 3.93629932 -2.44551182
v 4.81698132 4.37673759 -2.87435651
v 5.27097225 3.81879592 -1.73700309
v 5.03815889 3.73967195 -1.25057983
v 5.02090311 4.75597763 -3.61046052
v 4.98585844 4.72455025 -3.16199112
v 5.36255312 4.77823973 -3.90560937
v 5.52981138 4.97847319 -3.12604117
v 5.31806135 4.79593611 -4.26206779
v 5.60852146 4.88505745 -3.41849208
v 5.76827192 4.88930845 -2.74943256
v 5.80427647 4.52596998 -3.9344449
v 5.25109625 4.89352036 -3.12256193
v 5.19135857 4.40533447 -2.43833089
v 5.26772499 4.62555981 -4.59078169
v 5.31334448 4.0955615 -2.06653595
v 5.60439634 4.61298513 -2.09771562
v 5.52608681 4.64076614 -4.49216557
v 5.72989368 4.41789341 -5.27730131
v 6.00007629 4.40033913 -5.30885792
v 7.18050146 3.20045686 -5.58971834
v 7.37305689 2.98637271 -3.43584704
v 5.66525698 4.31097603 -1.83231711
v 5.93478298 4.38529062 -5.84355879
v 6.18403482 4.45116615 -5.66598368
v 5.67732525 4.07337284 -6.02060843
v 6.5224762 3.8899858 -5.60882187
v 6.19049263 4.32313347 -5.85890055
v 5.97818756 3.52153301 -6.12544346
v 6.51019764 3.40912342 -5.9319253
v 6.97011709 3.23916364 -5.63751841
v 6.68858767 3.17272353 -6.38247061
v 6.24538088 3.25460696 -6.691257
v 5.70439005 3.12122893 -7.11351538
v 4.9723959 3.08020592 -7.68527269
v 6.12057304 3.13508153 -6.94571495
v 6.37703371 2.77466178 -8.12528992
v 6.38395882 3.00415492 -6.98618412
v 7.26751709 2.86101532 -6.89442778
v 7.64363098 2.90247679 -6.44527006
v 9.05569458 2.30109406 -7.14285803
v 6.7903266 2.712677 -7.91139364
v 8.14565086 2.66963959 -5.66185331
v 9.63375568 2.10207367 -6.71964931
v 4.62609625 2.9474318 -7.81761694
v 5.32855844 2.88630462 -8.2776165
v 4.39259338 3.310323 -7.74161673
v 4.20045662 2.89133906 -8.29290485
v 3.900177 3.2488327 -7.98202133
v 3.847965 3.25193238 -8.28978348
v 4.07329607 2.87384534 -8.51920986
v 4.78849554 2.54874086 -8.96593571
v 4.93363857 2.56645322 -8.8838377
v 3.51642609 3.0345602 -8.61793613
v 3.92248368 3.00425506 -8.71118069
v 4.37803316 2.60613394 -9.94452
v 3.36500597 2.74165154 -9.51973724
v 6.03754759 2.61181092 -8.69740868
v 6.70851135 2.53144479 -8.83881474
v 3.63451123 2.81335902 -9.38704777
v 6.85711432 2.59034061 -8.12768459
v 3.09867191 2.6950388 -9.62591076
v 3.6205709 2.81564784 -10.4477577
v 3.96250296 2.80186963 -10.4000988
v 2.77259779 2.8662312 -9.50023937
v 2.65923786 2.98283958 -9.6400671
v 2.68387413 3.0844481 -10.1444712
v 3.00521946 2.85027623 -10.3060236
v 2.63357472 3.01250601 -10.4866867
v 2.95246363 2.66903806 -10.8772383
v 3.29789782 2.90951467 -10.7079945
v 3.01503706 2.49565268 -10.9863195
v 3.6804812 2.65661836 -10.6608114
v 3.6474812 2.16652822 -10.6272984
v 4.02238989 1.92103326 -10.3507643
v 4.30912924 2.47381902 -10.546957
v 3.88006091 1.93142736 -10.6377172
v 3.90256023 0.896427989 -10.7547016
v 4.50465155 2.3659935 -10.2221355
v 4.71667099 2.31643891 -10.1602936
v 3.67523265 0.981163383 -10.8837252
v 4.01547241 0.391969323 -10.9619961
v 4.03083515 1.1614213 -10.4819927
v 4.57753563 1.3898263 -10.4562788
v 4.63844585 0.514059067 -10.5644703
v 4.72390842 -0.00498654321 -10.6979561
v 4.68012285 2.12939358 -10.3556299
v 4.78737354 1.33538759 -10.2269211
v 5.26221418 1.54294884 -10.0796909
v 5.10301638 0.931616902 -10.2867746
v 5.08270264 0.0481410511 -10.6090612
v 5.74525881 -0.0046316213 -10.5003719
v 4.9692378 0.717516363 -10.2109308
v 5.48624182 1.04572272 -10.1835032
v 5.72412729 0.983505785 -10.2167282
v 6.34315968 0.00108247006 -10.5739288
v 6.02695465 1.00859523 -10.1374025
v 6.48499441 -0.00025663292 -10.4084187
v 7.16161108 0.00371609675 -10.3347931
v 6.85186768 0.958510518 -9.77322388
v 7.61789799 0.00870730914 -9.93990421
v 6.68489742 1.2378068 -9.25548649
v 7.86399746 -0.00151285424 -9.36493015
v 6.41697121 1.28852749 -9.75655937
v 5.233428 1.94071138 -9.65903759
v 4.99833679 2.18152642 -10.0533104
v 5.04831123 1.94978666 -9.4339571
v 4.7264514 2.12278891 -9.48164749
v 4.63977766 2.45634294 -9.4315424
v 4.9820199 2.22715497 -9.20496655
v 5.73663998 1.9978497 -9.24947834
v 5.31779099 2.25365043 -9.12489414
v 5.87501764 2.32056117 -9.11865139
v 6.38156986 2.09148622 -9.19471645
v 7.21069765 1.69399488 -9.22703743
v 6.97662115 2.41314626 -8.82682133
v 7.06936026 2.32682824 -8.5948267
v 7.72512007 1.09566474 -9.23020744
v 7.82858753 1.45193207 -9.02434921
v 8.12852192 0.316188186 -9.34035397
v 8.5625391 -0.00614811294 -9.3388834
v 7.39735746 2.27197504 -8.5446949
v 8.19429779 2.0488503 -8.45610905
v 7.38608456 2.38017368 -8.19746113
v 7.62554121 2.42091298 -8.0579319
v 8.34370327 1.60076094 -8.7097168
v 8.99825954 -0.00188347872 -9.26879883
v 7.95621681 1.54194689 -8.83221531
v 8.24220848 2.20207548 -8.14203072
v 8.84819031 1.06478906 -8.85744953
v 8.96643925 1.79644012 -8.54215908
v 9.73113728 1.32819211 -8.66166401
v 9.90368462 -0.0036355739 -9.05672359
v 10.0577116 -0.00263322354 -8.86399174
v 8.99397087 1.8767643 -8.37495613
v 8.8328619 2.09784651 -7.79942369
v 9.73722172 1.50423014 -8.35741615
v 10.7412701 5.98409861E-05 -8.68306637
v 9.37047672 1.68869507 -8.55386448
v 9.37371063 1.99048853 -7.52903509
v 9.78692722 1.69315314 -7.58334398
v 10.5507488 0.861079752 -8.26400471
v 10.8231554 0.963270843 -7.60258532
v 10.8333263 -0.000485159748 -8.41683674
v 10.3697996 1.45283234 -7.31483078
v 9.98479366 1.89893794 -6.82998562
v 10.7396297 0.64372021 -8.15090656
v 11.4394588 0.00810567942 -8.0830307
v 10.6854229 0.831994474 -7.87868643
v 11.0692501 0.901457369 -7.314013
v 11.3452864 0.416640997 -7.53156519
v 11.759367 0.0126949269 -7.70859337
v 11.930027 0.0116720852 -7.33642578
v 11.9591122 0.0133296512 -6.5030179
v 11.7519512 0.012615758 -5.90396547
v 9.76056099 1.96370351 -6.26262331
v 9.34111023 1.89765787 -5.51704645
v 11.1977758 0.0124831721 -4.80225229
v 9.36531925 1.67085946 -4.84683514
v 9.73342609 1.31314242 -3.96699882
v 11.1159582 0.0119983191 -3.88602281
v 11.3816671 0.00948830508 -3.12746453
v 11.6598082 0.0139494538 -2.58371758
v 7.94949007 2.50741076 -3.38228297
v 7.80956793 2.9642489 -1.52568543
v 11.6616087 0.0148817236 -1.78344238
v 8.10643673 2.54317927 -0.727940798
v 10.745265 0.574204803 -0.860487521
v 11.4026375 0.0168407951 -0.047362227
v 6.29089642 4.40279245 -1.8075428
v 9.46809006 1.20307314 -0.115645796
v 5.92069387 4.80310345 -2.27914643
v 6.00246 4.54037809 -1.97098124
v 6.12741995 4.49209976 -1.47390378
v 5.9253602 4.47394896 -1.61807394
v 9.68778324 1.05231798 0.242855012
v 8.08418846 2.08033538 0.0980551913
v 8.60872841 1.87723196 0.626223803
v 8.32379818 2.06665206 -0.271477193
v 8.0030508 2.67601395 1.58360088
v 7.52826357 2.67480636 1.24986267
v 7.43563509 2.61483884 0.947008669
v 7.77919483 2.93676591 1.82697761
v 8.0692997 2.32281041 -0.417177886
v 7.88657618 2.11359882 -0.248756558
v 6.54855633 4.03875494 -0.86311239
v 7.58217382 2.53971767 -0.289705247
v 7.28979254 2.5624454 -0.266134173
v 7.25633812 2.64114809 0.285816193
v 6.88597536 2.89277577 -0.203272223
v 7.10698652 2.76937318 0.614110589
v 5.99613953 4.49621677 -0.48252517
v 6.05930996 4.27554178 -0.195405796
v 6.43482876 3.90417767 -0.456050396
v 6.17129564 3.88129306 -0.263444513
v 5.9281249 3.17302752 0.249117464
v 6.4460063 3.28249049 -0.103687443
v 6.79841471 2.96962857 0.230468988
v 6.70191193 2.80219316 0.706606805
v 6.66773319 2.70322776 1.2356534
v 7.19566536 2.78922653 2.02724552
v 6.39572859 2.76770329 1.21440876
v 6.15587473 2.83449936 1.40795875
v 5.94492579 3.91864991 0.0462843515
v 5.26355171 3.6359024 0.482837409
v 5.74534607 2.74608445 0.734399259
v 5.60062313 2.71346188 1.08549297
v 5.59769964 2.7174201 0.890212834
v 5.22296762 3.22133732 0.752393246
v 5.52663755 2.84416413 1.0913254
v 5.23983812 3.06180573 0.996707439
v 5.13130951 3.30460048 1.27533412
v 4.81673002 3.49433398 1.02488637
v 4.81628704 3.60009122 0.682921946
v 5.37288618 3.95585465 0.170442685
v 4.81476355 3.67532015 0.508950531
v 5.06703043 3.69149733 -0.0815035105
v 5.87035799 4.37066507 -0.228602827
v 5.12173939 3.77986574 -0.701287389
v 5.50993156 4.10634804 -0.462236822
v 5.76004076 4.10699654 -0.877466619
v 5.61914968 3.87363219 -1.38093841
v 6.60118008 3.24004626 3.53226137
v 6.39754725 3.52322316 3.95086074
v 6.22834396 3.76482511 4.57830811
v 6.38043642 3.65501857 5.0556798
v 6.48731852 3.54748464 4.47216749
v 6.79606676 3.78002954 5.00514412
v 6.93003321 3.87125969 4.8390274
v 6.78142262 3.8554523 4.4650712
v 6.67225456 3.57104659 4.14788103
v 6.77179909 3.54533291 3.9373517
v 7.17339134 3.89539003 4.3336668
v 7.23009872 3.89569902 4.06562567
v 7.15684843 3.04671311 3.15093327
v 7.28482628 3.49962306 3.54300714
v 7.44460678 3.58476591 3.60028291
v 7.73914862 3.49917626 3.36527181
v 7.59885359 3.4322958 3.21359634
v 8.03402615 3.26678848 3.00377154
v 7.43649769 2.87258482 2.86362505
v 7.87460232 3.03170443 2.49943352
v 7.32481718 2.75092125 2.50265169
v 7.41538763 2.93854785 1.95308423
v 7.52669859 2.86010742 1.64069712
v -8.6170063 2.16890621 0.287855029
v -8.70548725 2.27299881 0.703534126
v -8.89126778 2.01454139 0.260209441
v -8.20573235 2.59370637 0.724424958
v -8.48455524 2.6055913 1.20648468
v -9.09103107 2.15229797 1.21848238
v -8.1242485 2.63567185 1.3722049
v -9.03725529 2.1635561 0.767246544
v -9.22948074 2.08000946 0.493403614
v -9.56970501 1.62867332 0.352284759
v -9.77648258 0.896745682 0.202713773
v -10.1242285 1.03822124 0.545477211
v -10.546174 0.000558564148 0.458962113
v -9.9543066 1.71438766 0.733522236
v -10.4321547 0.50036037 0.698504686
v -11.0432367 -0.0287401211 0.835876822
v -11.9288902 0.00454581389 0.539802551
v -10.3477697 1.37880647 0.658103228
v -11.316328 0.751397252 0.927582741
v -11.1088095 0.741499364 0.606945574
v -12.1509628 0.0131369336 0.808070302
v -9.5021801 1.97085321 0.846250892
v -10.1512775 1.40920067 1.20882177
v -10.7459297 1.08185387 1.95728981
v -9.73020077 1.69136345 2.42996168
v -12.0611725 0.213258147 1.22569656
v -12.5817747 0.0171280149 1.58578348
v -12.3715029 0.0174782872 2.05478692
v -8.59854603 2.4254415 1.81001914
v -12.1845503 0.28622669 2.52750587
v -12.6260595 0.017730657 2.29088759
v -12.5080357 0.0132192681 2.51496434
v -12.6071272 0.0145523231 2.94746232
v -10.9556379 1.05532908 2.31688452
v -9.9122448 1.41330063 2.84880233
v -11.2062387 0.841920614 2.59728479
v -11.3556366 0.546756327 2.92379379
v -11.5898409 -0.00942523405 2.9332509
v -7.79526091 2.74934292 1.50342882
v -7.76797247 2.91196156 2.44300914
v -8.67451763 2.50150347 2.16825032
v -8.665205 2.46577621 2.50898767
v -8.58931446 2.38365936 2.6256566
v -10.1855688 0.916724086 3.18921757
v -11.210619 0.00845984183 3.16749954
v -11.1030807 0.0133544598 3.67188764
v -10.1609993 0.832490802 3.80448413
v -8.67952728 2.03696394 3.73208785
v -11.243866 0.011432982 3.87982726
v -8.67362499 1.76842523 4.0256629
v -9.30044556 1.46965921 4.56121826
v -8.6113615 2.33544707 2.86660767
v -10.8940487 0.382927656 3.9227519
v -11.2873764 0.0149609996 4.61289167
v -9.92861748 0.798584282 4.8529706
v -10.5052252 0.566299975 4.63493204
v -10.1517067 0.563508749 4.99658537
v -10.9135971 0.0161518566 5.52123356
v -9.43215466 1.27896476 4.6889143
v -9.01694012 1.22198772 5.48051357
v -10.2639074 0.362089306 5.46970224
v -10.0342236 0.223884448 5.65670776
v -10.1759644 0.0156609677 5.83315468
v -8.96680737 1.55520797 4.62010384
v -8.64747238 1.71243775 5.00334167
v -8.93762875 1.28789532 5.34160042
v -8.53618336 1.43778992 5.35601807
v -8.73660851 1.50992072 5.35717678
v -9.7578392 0.340328932 5.76661491
v -9.11058903 0.975267708 5.67345142
v -9.86424065 0.353857219 6.48742056
v -9.21129036 1.10829091 6.41463566
v -10.3259106 0.0146652441 6.50023317
v -9.49207211 0.46689564 6.7236166
v -8.78666878 1.24720955 5.59996319
v -9.40289974 0.939383507 6.6928196
v -9.18148041 1.0950017 6.7750864
v -9.16864491 1.23879516 6.00865459
v -8.92727089 1.02327597 6.7431798
v -8.85814095 1.35414135 6.16736984
v -8.8626976 1.40313041 5.88176823
v -8.62188435 1.27471471 5.89626646
v -8.02771568 1.17767382 5.38584995
v -7.93416262 0.965292633 5.52890348
v -8.12535763 1.52494812 4.76090908
v -7.74118519 1.19426441 5.85066938
v -7.42514086 1.25869775 5.38889933
v -6.86319017 1.92417419 6.12972927
v -6.84137487 1.84873343 5.48602295
v -6.63840723 1.9194839 5.737082
v -6.32008362 2.28124619 5.61201525
v -7.11959648 1.34336007 5.15338612
v -6.34882689 1.77942836 4.9519453
v -6.74915552 1.63042426 4.20077038
v -6.99959993 1.38708627 4.7444334
v -7.53591585 1.3894397 4.98763037
v -7.91614676 1.2591989 5.08974075
v -7.49701262 1.32251382 4.15632343
v -7.28859615 1.36208296 3.94441581
v -8.47194195 1.73809171 4.6600666
v -7.01578665 1.30284226 3.92681575
v -8.1018734 1.69328451 4.30771828
v -8.55738258 1.79071975 4.27851725
v -8.40646935 1.93342507 4.21788263
v -8.14696407 1.86998367 4.25356293
v -8.45141792 2.00068045 4.15715218
v -8.47434902 1.96893048 3.98483062
v -8.12832642 2.19218993 3.97843313
v -7.09508038 1.30916882 3.72054744
v -7.72353506 2.23676062 4.07719135
v -7.64358091 2.47339821 3.76092696
v -7.71690798 1.62118256 4.21657085
v -6.89674187 1.6960609 3.69620943
v -7.44489908 2.37349677 3.87060022
v -7.11443567 2.7957561 3.60631371
v -8.0927515 2.37543821 3.40192771
v -8.16705036 2.57608294 3.16872334
v -7.96396589 2.78699493 2.75821638
v -7.7576232 2.9377358 3.1326921
v -7.47092199 3.23046803 2.78686953
v -7.4409194 2.90411854 3.37141299
v -7.4948287 3.06977391 2.97771478
v -7.69554377 3.11710262 2.50171113
v -7.2273736 3.33414602 2.41904378
v -7.00428391 2.86682796 3.05357814
v -6.98409176 3.20533419 2.20747375
v -6.92578793 2.97054029 2.81036806
v -6.79457808 2.92495608 2.3198967
v -6.76799965 2.85150862 2.96211505
v -7.14022398 2.79403734 3.05273223
v -6.96480656 2.58222914 3.58168077
v -6.17469692 2.88024402 2.63689733
v -7.01038122 2.45251989 3.76741266
v -7.00183153 2.08421922 3.62755489
v -6.96632481 2.17313933 3.51984119
v -5.84600258 2.63214898 2.66481805
v -6.01142025 2.86298203 2.97193146
v -6.61685085 2.75824237 2.85795593
v -6.46916866 2.86395001 2.93795872
v -6.77100706 2.73560166 3.42773557
v -5.99148226 2.69744754 3.17549777
v -6.66931438 2.5494132 3.55328417
v -6.16401482 2.58669329 3.33515716
v -6.63382912 1.95472229 3.57097983
v -6.09613466 2.57077074 3.72177124
v -5.84373236 2.59091067 3.79356384
v -6.10511208 1.99993277 4.02541351
v -5.43172121 2.66532803 3.93339276
v -5.63748932 2.30037475 4.03321123
v -5.16278505 2.38013387 4.09337521
v -4.51269388 2.81387067 4.11776924
v -5.44006538 2.19108415 4.66787863
v -4.93707275 2.44289088 4.36684608
v -5.69835424 2.44780731 5.0194335
v -4.23252583 3.10070705 4.16684675
v -3.78833842 3.45266008 3.98019576
v -4.03160048 3.39318967 4.48689795
v -3.88733053 3.68667388 4.4028306
v -3.98744082 3.66117573 4.75099516
v -4.15560246 3.07745481 4.61920452
v -4.88256931 2.44337106 4.5664854
v -5.67737055 2.79394794 5.59475756
v -6.06189299 2.3177712 6.13318729
v -6.2692194 2.10739541 6.05481958
vn 0.554786801 0.676834524 0.483845562
vn -0.218453124 0.715963185 -0.663079798
vn 0.128831089 0.105580941 0.986030042
vn 0.348825485 0.239731908 0.906007349
vn 0.511526167 0.51755625 0.685912848
vn 0.61759764 0.569357753 0.542590976
vn 0.575008214 0.816399872 0.0534502305
vn 0.504217386 0.714855909 0.484505802
vn 0.478454977 0.637230575 0.604167223
vn 0.391154915 0.430358529 0.813504338
vn 0.602685332 0.574591458 0.553728521
vn 0.502734959 0.573761582 0.646571815
vn 0.448206782 0.66353929 0.599021018
vn 0.509336352 0.650025547 0.563953161
vn 0.381961852 0.662351012 0.644512475
vn 0.345319301 0.74090755 0.576030016
vn 0.292534411 0.300188839 0.907915294
vn 0.0452703573 0.585221291 0.809608996
vn 0.0832128823 0.0624367781 0.994573891
vn 0.496109188 0.575559914 0.650081873
vn 0.328612298 0.0428443179 0.943492651
vn 0.498396963 0.148076862 0.854209423
vn 0.392101377 0.230355188 0.890613854
vn 0.2866835 0.294123977 0.911758542
vn -0.208377779 0.683560073 0.69951725
vn -0.0163816623 0.380228877 0.924747348
vn 0.227078363 0.521999538 0.822162926
vn -0.627938986 0.683381498 0.37240085
vn -0.288838327 0.816432834 0.500009835
vn 0.337106496 0.415306747 0.84491396
vn -0.193141177 0.57885772 0.792224884
vn 0.170185819 0.535611391 0.827138007
vn -0.0151643967 0.437079608 0.899295032
vn -0.267570257 0.285375744 0.920307934
vn -0.420074344 0.446771502 0.789894164
vn -0.348951787 0.453022778 0.820367634
vn -0.112007134 0.768198073 0.630338013
vn -0.504898369 0.661642969 0.554351985
vn -0.103082716 0.607235074 0.787806749
vn -0.109567717 0.590139985 0.799831033
vn -0.375721663 0.550746441 0.745326459
vn -0.112631656 0.752911448 0.648412287
vn 0.0977941304 0.901838243 0.420861274
vn 0.0661433265 0.969218671 0.237150431
vn -0.386363834 0.888150394 0.248821154
vn 0.188326269 0.551647305 0.812538326
vn -0.149396777 0.836269438 0.527573586
vn 0.263036966 0.696409106 0.6677019
vn 0.121583998 0.698408365 0.705296397
vn 0.435397774 0.0464593023 0.899038553
vn 0.42344439 0.755548298 0.499841481
vn 0.543705821 0.803753793 0.241585985
vn 0.172530577 0.734944105 0.6558128
vn 0.501342595 0.713704824 0.489163727
vn 0.321962178 0.841013134 0.434784353
vn 0.213663191 0.96623534 0.144004539
vn 0.155056223 0.834682226 0.528453588
vn 0.189457446 0.829841673 0.524851084
vn 0.225797847 0.734301209 0.640169561
vn 0.246839657 0.783662081 0.570038617
vn 0.0259464569 0.533062398 0.845677972
vn 0.0800799727 0.783133984 0.616675198
vn 0.0543090515 0.644060493 0.763044417
vn 0.0147035401 0.663926065 0.747653663
vn 0.270597309 0.292542368 0.917167485
vn 0.28431192 0.727609038 0.624301136
vn -0.230318859 0.509733856 0.828929782
vn 0.212394506 0.869139016 0.446638614
vn 0.0356616452 0.665581524 0.74547267
vn 0.503351688 -0.282539487 0.816583514
vn 0.169560388 0.865950584 0.470509231
vn 0.199764162 0.923591673 0.327219814
vn -0.085020937 0.947350442 0.308704674
vn -0.0744164661 0.587184966 0.806024849
vn 0.325090379 0.84412843 0.426337242
vn 0.355708957 0.770425737 0.529070318
vn 0.505548179 0.773115396 0.383032233
vn -0.0659942701 0.860933661 0.504418492
vn -0.257058293 0.882766724 0.3932482
vn -0.252716094 0.721018374 0.645187736
vn 0.212914973 0.880051792 0.424471527
vn 0.156210363 0.917229235 0.366454303
vn 0.440858632 0.770808458 0.459889263
vn 0.548190713 0.762996912 0.342523843
vn 0.407160878 0.528537214 0.744894922
vn 0.518167317 0.610300064 0.599196494
vn 0.528371274 0.759403884 0.379643917
vn 0.68132472 0.671305716 0.291796744
vn 0.575613081 0.792724073 0.200644121
vn 0.552391708 0.782668293 0.28686884
vn -0.0649781525 0.764434874 0.641418099
vn 0.746799529 0.561045229 0.357097477
vn 0.238394663 0.345975071 0.907451987
vn 0.224109948 0.484944075 0.845342577
vn 0.392785579 0.490691394 0.777779818
vn 0.400687724 0.295259684 0.867335618
vn 0.597932577 0.516084492 0.613297164
vn 0.605507433 0.689750671 0.39699477
vn 0.56231904 0.771126866 0.298597813
vn 0.626432896 0.725866437 0.284077287
vn 0.663875937 0.727118492 0.174835414
vn 0.73997122 0.665980101 0.0944090486
vn 0.643985391 0.764860868 0.016449403
vn 0.71334374 0.699568629 -0.0417648703
vn 0.659700334 0.746994376 -0.0824301615
vn 0.562278032 0.810808599 -0.162581474
vn 0.590600193 0.804531932 -0.0626088381
vn 0.614448309 0.788895547 -0.00985819474
vn 0.553210616 0.83296895 -0.0109911701
vn 0.561458349 0.80414921 -0.195213884
vn 0.58116138 0.774658144 -0.249311581
vn 0.824168861 0.553793848 -0.118566677
vn 0.78034395 0.625203252 -0.0135700703
vn 0.984101713 0.173198372 0.0393223874
vn 0.596215665 0.768831432 0.23113884
vn 0.0823548138 0.927510977 0.364610761
vn -0.278575391 0.618619144 0.734646857
vn -0.0956620947 0.781710267 0.616261244
vn -0.377669185 0.294820875 0.877750933
vn -0.135496825 0.541365504 0.829797566
vn 0.134948403 0.947090924 0.291217655
vn 0.0879465267 0.840216756 0.535071254
vn 0.162776038 0.942907333 0.290567815
vn 0.28332001 0.912818074 0.294096917
vn 0.203721806 0.921160817 0.331602544
vn 0.266087949 0.901727557 0.34071213
vn 0.310353905 0.760463536 0.570416927
vn 0.278115302 0.848180532 0.450823307
vn 0.352725714 0.799596965 0.486034125
vn 0.549480259 0.773594856 0.315630257
vn 0.412294805 0.84674263 0.336214066
vn 0.352950633 0.896673381 0.267212749
vn 0.108211026 0.980774701 0.162393168
vn 0.374896139 0.927066565 0.000779556693
vn 0.332671076 0.923650146 -0.190263644
vn 0.391537875 0.878054619 0.275169402
vn 0.100965388 0.99465996 0.0213917606
vn 0.258445442 0.919628859 0.29578492
vn 0.480113417 0.854335666 0.199001908
vn 0.515917301 0.753601611 0.407325387
vn 0.346161097 0.606889904 0.715441942
vn 0.397726685 0.756784797 0.518739164
vn 0.229351446 0.514886916 0.826008022
vn 0.40271458 0.756194174 0.515743554
vn 0.287574589 0.431526601 0.855035424
vn 0.48567006 -0.0773702785 0.870711446
vn 0.232374489 0.354934901 0.905551374
vn 0.258476853 0.375569224 0.890021086
vn 0.353078038 0.364140242 0.861822307
vn 0.142861038 0.320042312 0.936570168
vn 0.0840991437 0.418020934 0.904536307
vn 0.228168696 0.569631577 0.789594173
vn 0.164225668 0.865551114 0.473129302
vn 0.118993498 0.593877971 0.795706809
vn -0.336467594 0.200195804 0.920169175
vn 0.363585532 0.896544933 0.253007233
vn 0.143612474 0.984528959 0.100390129
vn 0.0949320868 0.988613248 0.116754986
vn 0.278631121 0.896696866 0.343946904
vn 0.239864245 0.873691916 0.423234582
vn 0.267185539 0.888763189 0.372440398
vn -0.0793892741 0.921473801 0.380241275
vn -0.0599240959 0.866097033 0.496271193
vn 0.188683078 0.937014878 0.293941796
vn 0.23233059 0.891425312 0.389080346
vn -0.00819725078 0.660188615 0.751055002
vn 0.0356018133 0.995120823 0.0920168832
vn -0.254521728 0.967039227 -0.00734082982
vn -0.00908238348 0.846460164 0.53237462
vn -0.329941243 0.903501928 -0.273537844
vn -0.232026771 0.956991553 0.174157351
vn -0.153899029 0.741532505 0.653027296
vn 0.101740256 0.680161178 0.725968122
vn -0.0506515838 0.670672715 0.740022063
vn 0.15988721 0.544357181 0.823475182
vn -0.211296529 0.72206378 0.658769727
vn 0.181994468 0.791753769 0.58309865
vn -0.0747989193 0.920380473 0.383803397
vn -0.114211574 0.720324159 0.684170067
vn -0.252741247 0.955428004 0.152575061
vn -0.219564483 0.885633051 0.409201056
vn -0.259841055 0.912448764 0.316101015
vn -0.347046018 0.920856059 -0.177716509
vn -0.457039803 0.878067195 -0.141818687
vn -0.352853745 0.910768449 -0.214464799
vn -0.315817267 0.867782056 0.383684456
vn -0.361793071 0.882076919 -0.30173853
vn -0.560572922 0.825266182 0.0685106441
vn -0.384055912 0.921525538 -0.0573745295
vn -0.191344902 0.950339317 0.245442942
vn -0.54436785 0.819087267 0.180996105
vn -0.363824904 0.919426858 0.149283662
vn -0.651163459 0.715964854 0.251754791
vn -0.280793726 0.919179738 0.276158512
vn -0.610553265 0.763840675 0.2092181
vn 0.0275449175 0.895492077 0.444224268
vn -0.484208256 0.862990737 0.144185588
vn -0.275045574 0.904102087 0.327031225
vn -0.378089577 0.861273527 -0.339493811
vn -0.161450297 0.957008481 0.240974337
vn -0.0228631999 0.92444253 0.38063544
vn -0.284929216 0.958533406 -0.005383146
vn -0.245913103 0.967141271 -0.0645336211
vn -0.365667313 0.930319905 0.0281486381
vn -0.100113481 0.981063187 -0.165807933
vn 0.0846457034 0.995760381 -0.0360050388
vn 0.0892973244 0.933479309 0.347336292
vn 0.0815268382 0.848644137 0.522643745
vn -0.251176894 0.889787734 -0.381035566
vn -0.085739471 0.982284546 -0.166630447
vn 0.166335121 0.982519269 0.0835978389
vn 0.204280883 0.48948127 0.847748399
vn 0.0732515454 0.835649669 0.544356406
vn 0.0721173435 0.930927992 -0.358011335
vn 0.278570563 0.337689638 0.899090827
vn 0.292423338 0.328229934 0.898194611
vn 0.48062253 -0.297113061 0.825061142
vn -0.38419345 0.337008536 0.859546721
vn -0.0548116714 0.117852315 0.991517305
vn 0.0208260287 0.0465989858 0.998696625
vn 0.121735461 0.127308443 0.984364331
vn 0.072867997 0.118252493 0.990306258
vn 0.359629124 0.496269643 0.790179253
vn 0.107053556 0.258977145 0.959932446
vn 0.593260586 0.36395207 0.718039572
vn 0.344635457 -0.00989427045 0.938684464
vn 0.193311721 0.221937999 0.955706
vn 0.146626487 0.142781749 0.978832901
vn 0.226252407 0.224372163 0.947874963
vn 0.359989911 0.0577796511 0.931165278
vn 0.32713449 0.174428359 0.928739905
vn 0.243445978 0.82383424 0.511889815
vn 0.581011653 0.0592158623 0.811738253
vn 0.276985645 -0.104376495 0.955188215
vn 0.147108927 0.12255194 0.981498897
vn 0.392826706 -0.0996849462 0.914193749
vn 0.313292861 0.334976792 0.888615847
vn 0.120942727 0.247336909 0.961351812
vn 0.467900723 -0.129749358 0.874204695
vn 0.843072772 -0.0543427281 0.535046816
vn 0.253939778 0.623875022 0.739117444
vn 0.584615648 0.587867498 0.559139013
vn 0.6020509 0.228984445 0.764918864
vn 0.796933889 0.389607102 0.461630434
vn -0.0282308124 0.900447845 0.434046865
vn -0.0824450627 0.87870717 0.470187813
vn 0.312669516 0.589403927 0.744876385
vn 0.821117938 -0.23732543 0.519078016
vn 0.954701841 0.0696988329 0.289286226
vn 0.968565702 -0.0498958267 -0.243702382
vn 0.914572179 -0.322658747 0.243821651
vn 0.989876211 -0.0563496053 0.13026838
vn -0.0445067845 0.768566549 0.638219833
vn 0.175448701 0.802748203 0.569923818
vn 0.847163439 0.423750728 0.320545524
vn 0.882250845 0.470637619 0.0115572279
vn 0.268965423 0.851568937 0.449986577
vn -0.145015761 0.43133992 0.890458524
vn -0.0307670347 0.716442764 0.696967065
vn 0.40984273 0.229269177 0.882872999
vn 0.441156328 0.157360137 0.883526444
vn 0.707831681 -0.0171242058 0.706173539
vn 0.0423609316 0.257467031 0.965358138
vn 0.300374687 0.490265608 0.818177581
vn 0.103311747 0.420861125 0.901222825
vn 0.302387744 0.292993128 0.907037258
vn 0.39482528 0.434094131 0.809737861
vn -0.00410309155 0.468830258 0.883278787
vn -0.00337730465 0.203329042 0.979104638
vn -0.0148625709 0.445870519 0.894974172
vn 0.105388328 0.61203301 0.783778667
vn -0.0394484065 0.430168062 0.901886404
vn 0.02462212 0.336882263 0.941224754
vn -0.200058058 0.645604074 0.737002075
vn -0.157126635 0.84921664 0.504125237
vn -0.0818157494 0.902375221 0.423113585
vn 0.366573215 0.921602786 0.127563581
vn -0.179532021 0.851170838 0.493230641
vn -0.345638454 0.784172952 0.515370488
vn -0.177072823 0.983700812 -0.0312723182
vn -0.298779249 0.776810408 0.554343283
vn -0.353627712 0.64768827 0.674868524
vn -0.256725699 0.592935026 0.763229907
vn 0.655986488 0.487114012 0.576542974
vn 0.462667525 0.825914741 0.322185725
vn 0.666258514 0.369634241 0.647665083
vn 0.672329664 0.299110562 0.677130461
vn 0.662607908 0.368810892 0.651866019
vn 0.440972835 0.511526406 0.737484694
vn -0.0569029786 0.52105689 0.851622939
vn -0.0161351245 0.436319649 0.899647057
vn -0.475999624 0.394713461 0.785891533
vn -0.0789903626 0.688774347 0.720659792
vn -0.485941052 0.769523859 0.414360255
vn 0.102435842 0.330225736 0.938327134
vn -0.182792455 0.478626609 0.858780324
vn -0.178494602 0.337764353 0.924150944
vn -0.63079226 0.382798582 0.67495656
vn -0.632109165 0.387990057 0.670747221
vn 0.0951290727 0.61407125 0.783496559
vn 0.245816082 0.606154561 0.756406724
vn 0.337635636 0.686492383 0.643995583
vn -0.258988202 0.846373022 0.465379089
vn 0.349265337 0.452585697 0.820475399
vn 0.342813551 0.66626054 0.662250459
vn 0.317578703 0.622840106 0.714992225
vn -0.349791408 0.898940027 0.263728797
vn 0.163486794 0.969497144 0.182612509
vn 0.383497208 0.693389237 0.610033691
vn -0.0807581469 0.99657464 0.0178129375
vn 0.271375209 0.638153493 0.720496714
vn -0.41680488 0.687708676 0.594415963
vn -0.514170468 0.713608623 0.475806177
vn -0.517529845 0.817727149 0.251962751
vn -0.588838398 0.734980404 -0.336263239
vn 0.62203753 0.709857285 0.330411643
vn -0.331814587 0.742010593 0.582511127
vn -0.0905890614 0.658293486 0.747290671
vn 0.300081998 0.593113363 0.747106016
vn -0.247540846 0.671906412 0.698043942
vn -0.0785616338 0.434905916 0.897042215
vn -0.543694973 0.64331758 0.539015949
vn -0.622136176 0.780131459 0.0658892468
vn 0.597574115 0.74109292 0.306082398
vn -0.662785292 0.734058022 -0.147900283
vn -0.660329938 0.665568471 -0.347826093
vn -0.499432951 0.861423016 0.0922878683
vn -0.442268163 0.730517566 -0.520329654
vn -0.475153744 0.825345755 -0.305013537
vn -0.644416571 0.71785301 -0.263465732
vn -0.662948906 0.693126798 0.282973737
vn -0.777937531 0.551632464 0.300856858
vn -0.628288567 0.447604239 0.636320651
vn -0.716576338 0.223358601 0.660779357
vn -0.46375975 0.328055203 0.822986484
vn -0.438912183 0.0323826 0.897946179
vn -0.328255117 0.763827503 0.555712223
vn -0.671833873 0.507828832 0.539211452
vn -0.642069817 0.314173251 0.699315071
vn -0.208365485 0.717075765 0.665121257
vn -0.79040277 0.47314766 0.38909474
vn -0.694808245 0.536480129 0.478989124
vn -0.366649956 0.895196855 -0.253358066
vn -0.726580381 0.638842106 0.25290671
vn -0.590983748 0.410298705 0.694545329
vn -0.24476783 0.96953547 -0.00946717337
vn -0.414080977 0.877571821 0.241670549
vn -0.535993278 0.838603675 0.0972373411
vn -0.637930274 0.762687564 0.106549226
vn -0.170029923 0.969379067 -0.177184045
vn -0.516952634 0.855983794 0.0071778642
vn -0.314657658 0.93372345 0.170736954
vn -0.371419549 0.721387148 0.584506631
vn -0.344094396 0.910418808 -0.229644641
vn -0.767476737 0.287099689 0.573195755
vn -0.649015844 0.758291543 0.0614199266
vn -0.644363999 0.580333114 0.498004526
vn -0.55439049 0.311427891 0.77179265
vn -0.654028714 0.650886238 0.385478526
vn -0.258719444 0.86383301 0.432269305
vn -0.533159196 0.600199103 0.596240044
vn -0.283058941 0.932048678 0.226191893
vn 0.279939294 0.95915848 -0.0406100303
vn -0.654566407 0.72264868 -0.222084612
vn -0.645709574 0.74316746 -0.175388783
vn -0.644138575 0.762271643 0.063462764
vn -0.803936303 0.539076865 -0.251162648
vn -0.373832792 0.905467629 -0.20094128
vn -0.214343429 0.976648629 -0.0146421324
vn -0.524333239 0.542319715 -0.656478524
vn -0.118901007 0.958886683 -0.257680088
vn 0.0697723478 0.997560501 0.0022229529
vn -0.524085462 0.820160985 -0.229500577
vn -0.471747816 0.790621519 -0.390348107
vn -0.43650806 0.859641314 -0.26547575
vn -0.528534055 0.801632226 0.279352099
vn -0.589087367 0.734600484 0.336657315
vn -0.0694566667 0.869503856 0.489018291
vn -0.033495862 0.776123047 0.629691243
vn 0.321296036 0.821408093 0.471229941
vn -0.411174238 0.861503005 0.297906518
vn -0.248585448 0.579008043 0.776501715
vn -0.344461173 0.911007702 0.22674121
vn -0.612563372 0.78338033 -0.105268262
vn -0.574667811 0.790957868 0.210101455
vn 0.51197803 0.710468113 0.482818335
vn -0.402197063 0.898204088 0.1773891
vn -0.505727172 0.838735223 0.201899052
vn -0.570249736 0.795362294 0.205460653
vn -0.538003325 0.836746871 0.102014989
vn -0.455513507 0.762598157 0.459294498
vn -0.443445653 0.881853521 0.16028209
vn -0.469445586 0.852015913 0.231710374
vn -0.350561768 0.834394872 0.425313652
vn 0.0468600318 0.85508728 0.51636219
vn -0.078151457 0.963872135 0.254642934
vn -0.0671576783 0.733453989 0.676413357
vn 0.0277634226 0.868578434 0.494773418
vn -0.390936464 0.879015803 0.272946388
vn -0.223928422 0.87795186 0.423150748
vn 0.360187978 0.777548075 0.515444934
vn 0.00322524505 0.833360016 0.552721083
vn -0.213583946 0.910637736 0.353724271
vn -0.0544814467 0.923514485 0.379674643
vn 0.182833329 0.938609362 0.292548358
vn 0.0407923535 0.825921178 0.562308013
vn 0.00851382781 0.7644068 0.644677997
vn 0.331431419 0.862648487 0.38208729
vn -0.165551245 0.905360997 0.39104256
vn 0.0207690932 0.955543578 0.29411763
vn 0.397580564 0.882044673 0.252837807
vn -0.0912475884 0.943940639 0.317253828
vn 0.418298304 0.726094842 0.545722187
vn 0.367549032 0.880793273 0.298514456
vn 0.220953256 0.974026799 0.0495114625
vn 0.528561831 0.846771419 0.0600044094
vn 0.250260115 0.934215426 0.254187793
vn 0.0804954469 0.973876297 0.212333351
vn -0.00366482674 0.987809062 0.155626968
vn 0.161972478 0.976455152 0.142478883
vn 0.220418349 0.974994302 0.0283168834
vn 0.0527109653 0.992554843 0.109801956
vn 0.167737544 0.976623833 0.134424716
vn -0.167151213 0.958715141 -0.230055749
vn 0.321069598 0.8571468 0.402757436
vn 0.360720485 0.879113555 0.31151256
vn -0.047820624 0.862650573 0.503534675
vn -0.282399386 0.917207241 0.281036198
vn -0.322589934 0.815454185 0.480593562
vn -0.504479766 0.770474076 0.389705062
vn 0.382298917 0.878800869 0.285580933
vn 0.302623212 0.949278593 -0.0853777751
vn 0.170987874 0.977914929 -0.120189443
vn -0.210771739 0.972224534 0.101758271
vn 0.077872768 0.996928632 0.00831923541
vn -0.0817549601 0.803524852 0.589630425
vn -0.257242799 0.966344118 0.00228067092
vn -0.294645578 0.916585386 -0.270287305
vn -0.568946421 0.739797175 0.359165967
vn -0.476152688 0.778970659 -0.408023834
vn -0.178143755 0.966684282 0.183810323
vn -0.512203991 0.831682801 -0.214361221
vn -0.618331969 0.696990907 -0.36313805
vn -0.601344109 0.690793514 -0.40148434
vn -0.431171775 0.884974539 0.175815612
vn -0.226231262 0.463256091 0.856862426
vn -0.325516969 0.583621979 0.743924856
vn -0.28761977 0.604719996 0.742690086
vn -0.392567009 0.847829044 0.356478721
vn -0.339397818 0.791714191 0.50793469
vn -0.388819396 0.705542147 0.592477798
vn 0.0379188471 0.835405707 0.548324049
vn -0.126938239 0.934779465 0.331774086
vn -0.619642437 0.677057087 0.397035122
vn -0.443847597 0.887148738 0.126358315
vn 0.061738655 0.781107605 0.621336699
vn 0.23172912 0.919878542 0.316425472
vn 0.04578216 0.979743302 0.194954231
vn 0.0868359208 0.949523389 0.301437765
vn 0.0722761527 0.966435492 0.246533215
vn 0.168245465 0.984350324 0.0524204373
vn 0.0115027521 0.998734057 0.0489697047
vn -0.414154679 0.84821707 0.33015722
vn -0.0719828233 0.825734675 -0.559446692
vn 0.0702162087 0.961749077 -0.264780164
vn -0.829840004 -0.444045037 0.337919235
vn 0.0911380425 0.976256967 0.196509928
vn 0.102947496 0.901116431 0.421178222
vn 0.0627016425 0.98704797 -0.147664413
vn 0.0163915362 0.618008673 0.78600049
vn -0.0446468294 0.912733436 0.406108856
vn 0.0852381289 0.830949485 0.549779475
vn -0.0145279532 0.998563588 -0.0515717007
vn 0.0065525691 0.859918594 0.510389149
vn 0.107394211 0.5569157 0.823596597
vn 0.08627671 0.995049655 0.0493189432
vn 0.195508242 0.863263249 0.465352535
vn 0.089275308 0.994760811 0.0498071946
vn -0.372087002 0.922046423 -0.106684349
vn -0.0954735279 0.798085034 0.594932914
vn -0.368852943 0.886857152 -0.278265804
vn 0.155166879 0.739468515 0.655064523
vn -0.570584595 0.721261203 -0.392702937
vn -0.317003459 0.932912171 -0.170832172
vn -0.325778157 0.798665106 0.505967081
vn 0.0721703097 0.936948121 0.341935039
vn -0.0771485269 0.955244958 0.28557846
vn 0.161935821 0.85952419 0.484762847
vn 0.829180479 0.44895044 0.333021581
vn 0.205410212 0.201875448 0.957628787
vn 0.929200768 0.305942088 -0.207329005
vn 0.0963651314 0.964770615 0.244808987
vn -0.121400356 0.992318153 0.0238067005
vn -0.275728881 0.942886949 -0.186915949
vn 0.0439428352 0.851365745 -0.52272892
vn -0.157145008 0.925663412 -0.344169825
vn -0.243339896 0.947076857 0.20935905
vn -0.115236007 0.926863134 -0.357275099
vn -0.345887274 0.893981934 -0.284882873
vn -0.223411188 0.88262701 0.413590461
vn -0.205256537 0.92196852 -0.328395754
vn 0.219976932 0.958986282 -0.178760618
vn 0.523868084 0.778874815 -0.344842494
vn 0.252038121 0.957971215 -0.136995837
vn -0.28640008 0.930926323 0.226607755
vn 0.146698236 0.980894983 0.127768189
vn -0.0932562426 0.955825865 0.278747678
vn -0.0606475472 0.989438057 0.131659865
vn 0.0225208793 0.988833725 0.147311509
vn 0.272629201 0.961132526 0.0435613655
vn 0.287707806 0.944863856 0.156385705
vn -0.116769016 0.991322041 -0.0603778809
vn -0.193576872 0.95864588 0.208628938
vn -0.199038118 0.976375043 0.0841170549
vn -0.0635221004 0.994351029 0.0850342736
vn 0.12632677 0.991751015 0.0217150208
vn 0.266754538 0.866849124 0.421206236
vn 0.314567953 0.949221909 -0.00498016225
vn -0.261954576 0.889452517 0.374505252
vn -0.094910726 0.992644548 0.0751574785
vn 0.20597662 0.955765784 -0.209965259
vn 0.167143375 0.937178075 -0.306202918
vn -0.0809912905 0.992285728 -0.0938593149
vn -0.268690437 0.944014132 -0.191422567
vn -0.374985248 0.891780317 -0.253207594
vn 0.365139335 0.920934081 -0.1362122
vn -0.189895824 0.969960153 -0.152042717
vn -0.192880943 0.792409658 -0.578691483
vn -0.0617568865 0.893648922 -0.444497138
vn -0.261625201 0.888138354 -0.377839416
vn -0.221485466 0.910755754 -0.348522842
vn 0.244295672 0.967992246 -0.0575385392
vn -0.0837563798 0.994065523 -0.0694150925
vn 0.284408867 0.935893476 -0.207881793
vn 0.00219216244 0.999260485 -0.0383876525
vn -0.0634308979 0.970776856 -0.231449351
vn 0.356965363 0.895296812 -0.266494513
vn 0.220513374 0.76480943 -0.605343223
vn -0.208579645 0.87070173 -0.445390671
vn -0.0656755716 0.976330459 0.206071615
vn -0.00782467145 0.692123711 -0.721736491
vn 0.369271278 0.882818103 -0.290294766
vn -0.0891049728 0.994350255 0.0576871634
vn 0.12530306 0.981710792 0.143328145
vn -0.176359609 0.880524755 0.439969867
vn -0.0154352291 0.76208359 0.647294581
vn 0.0123620182 0.916258037 0.400397927
vn -0.0991230533 0.968844473 0.226969078
vn 0.0259612519 0.875786066 0.482000768
vn -0.0282711796 0.773640096 0.632994354
vn -0.0543385036 0.788504064 0.612624407
vn 0.0270197839 0.750968575 0.659784973
vn -0.059284661 0.794068038 0.604930699
vn -0.22759293 0.747325003 0.624265075
vn 0.121640749 0.78899163 0.602242231
vn 0.0821405649 0.987544179 0.134199083
vn -0.0676160976 0.931352913 0.357784599
vn -0.0731733441 0.996202648 0.0471804775
vn -0.0253211223 0.999484658 -0.0197306499
vn 0.122864068 0.931782722 0.341592371
vn 0.0788310245 0.896238744 0.436510831
vn -0.172662839 0.914272249 -0.366461128
vn 0.19145146 0.965042412 0.178995624
vn 0.0402040258 0.966143548 0.254853576
vn 0.11056038 0.815172374 -0.568568766
vn 0.0359077901 0.941452265 -0.335228682
vn 0.00115030643 0.702712417 -0.711472988
vn 0.368553489 0.608618915 -0.702674389
vn -0.154850677 0.798425972 -0.581839442
vn 0.00313637545 0.856864095 -0.515532732
vn 0.161278322 0.986788392 -0.0154303983
vn 0.192010283 0.958969295 -0.208589986
vn 0.36158523 0.898097694 -0.25035283
vn 0.512240827 0.856631815 -0.0615730733
vn 0.242728159 0.958609402 0.148832425
vn 0.366973668 0.917583704 0.152874023
vn 0.397173077 0.914999247 0.0709221661
vn 0.46881777 0.879716575 0.079427354
vn 0.10812071 0.891291082 0.440352172
vn -0.236485541 0.866474032 0.439656019
vn 0.198128358 0.951641858 0.2347828
vn 0.216644183 0.96004957 0.177115738
vn -0.051853016 0.997279227 -0.0523977205
vn -0.0553327538 0.92789644 0.368709207
vn -0.00125914358 0.918054879 0.396451324
vn -0.168854058 0.911545455 0.374931008
vn 0.18012023 0.805453002 0.56462568
vn 0.369012505 0.749783576 0.549230695
vn 0.280313522 0.930921614 0.234113708
vn 0.369159877 0.59570092 0.713345289
vn 0.309318364 0.797046006 0.518690526
vn 0.273518503 0.96179539 -0.0117168175
vn 0.0704983771 0.987270117 -0.142575204
vn 0.126144007 0.833082438 -0.538573325
vn 0.255232185 0.681358874 0.686007798
vn -0.22368513 0.878860354 0.421389997
vn 0.196789309 0.966740131 0.163363367
vn 0.139105484 0.718596518 0.681372702
vn -0.156136975 0.924289465 0.348296136
vn 0.0508197434 0.926161349 0.373687714
vn 0.184130803 0.943923235 -0.27405268
vn -0.100825109 0.61268121 0.783872485
vn -0.134772211 0.698346257 0.702957273
vn -0.207128555 0.660174787 0.721988142
vn -0.34385106 0.936021745 -0.0750322267
vn -0.282839715 0.428452998 0.858154774
vn -0.0636213794 0.952285945 0.298502564
vn -0.227144286 0.694709122 0.68248409
vn -0.0788686872 0.888655901 0.451741606
vn 0.398790866 0.915737808 -0.0488879308
vn 0.206429452 0.905745506 0.370151162
vn -0.489370346 0.853042722 -0.181203455
vn -0.325058997 0.641778111 -0.694591701
vn -0.470493466 0.723637342 -0.504960299
vn 0.199938521 0.60223496 -0.772876203
vn -0.306032598 0.544907928 -0.780653179
vn -0.374029517 0.226394683 -0.899359465
vn -0.329269469 0.944195747 0.00872287713
vn -0.336547524 0.852768958 -0.399400711
vn -0.418040484 0.90430975 0.0864064246
vn -0.692740262 0.523412406 -0.496135443
vn -0.760170341 0.482136518 -0.435528994
vn -0.557923615 0.671480596 -0.487683296
vn -0.436316699 0.896330476 -0.0788631141
vn 0.0610329472 0.985963404 0.155406609
vn 0.17757079 0.968403339 0.175109982
vn 0.0544472672 0.978798091 0.197458223
vn -0.250019878 0.871240079 0.422410786
vn 0.100467756 0.881564975 0.461247742
vn 0.0969545245 0.892446041 0.440613091
vn -0.317103297 0.877476871 0.359832942
vn 0.430596262 0.820273817 0.376480728
vn -0.0870411023 0.748088241 0.657866061
vn 0.362609535 0.719690204 0.592081428
vn 0.215634584 0.976457775 0.00565115083
vn -0.403717607 0.849200249 0.340398431
vn -0.835013151 0.520124495 -0.179509148
vn -0.833949149 0.522421658 0.177776292
vn -0.741368175 0.669139266 -0.0512445047
vn 0.495737731 0.866382718 0.0602081902
vn 0.544712186 0.830603421 -0.115700439
vn 0.00578638213 0.999887228 0.0138595868
vn -0.723835468 0.686024427 -0.073707439
vn -0.710405111 0.703732967 0.00918701384
vn -0.421973318 0.906025827 -0.032492023
vn -0.503529668 0.857399642 0.106412299
vn -0.681736827 0.729473233 -0.055711519
vn -0.692651749 0.704188287 0.156052634
vn -0.620086551 0.779307246 -0.0904041529
vn -0.445907533 0.880469501 -0.161058828
vn -0.629146993 0.776884019 -0.0250074938
vn -0.356030345 0.931079686 -0.079580605
vn -0.241223708 0.902716994 -0.356248468
vn -0.39133653 0.897200346 -0.204663828
vn 0.0801317766 0.989084661 -0.123654887
vn -0.447527587 0.847915292 -0.284180969
vn -0.444385886 0.866332114 -0.228012666
vn -0.456490874 0.834877849 0.307563126
vn -0.671327353 0.740565956 0.0296930037
vn -0.322095126 0.857363284 -0.401475757
vn -0.268645138 0.940475166 0.20817332
vn 0.0974950865 0.97020179 0.221818119
vn 0.160308316 0.854881942 -0.493434936
vn 0.144957572 0.728414953 -0.669625998
vn -0.854171634 0.484186947 -0.189614609
vn -0.430864513 0.901034057 -0.0499337986
vn -0.262224019 0.385883331 -0.884495616
vn -0.159761265 0.66399008 -0.73047477
vn 0.424820125 0.886609614 0.182896852
vn -0.00970796961 0.87226975 -0.488928467
vn 0.326542377 0.945174396 -0.00393483974
vn 0.364886135 0.930028081 -0.0436551794
vn 0.497237593 0.865593791 -0.0591790602
vn -0.101310201 0.789341092 -0.605538547
vn -0.0425604805 0.978290498 -0.202820584
vn -0.39155221 0.918684781 -0.0520110689
vn -0.264915228 0.776421249 -0.571830451
vn -0.520176589 0.740899384 -0.424834669
vn 0.0520706549 0.992197692 0.11328008
vn 0.106680125 0.986820996 -0.121670932
vn -0.146461263 0.961394548 -0.232958362
vn -0.0431380123 0.98116976 -0.188268483
vn 0.11845845 0.987403035 0.104894899
vn -0.324338913 0.871912658 -0.366841435
vn -0.21732454 0.599502206 0.770303249
vn -0.15867728 0.896158099 0.414393634
vn -0.485707313 0.853411734 0.189147785
vn -0.416879296 0.899934471 -0.127787054
vn -0.239124432 0.970939338 -0.00981337857
vn -0.0138351666 0.931979299 -0.362247348
vn 0.252290845 0.901710391 0.35109508
vn -0.0887472853 0.725028872 0.682976544
vn 0.181859195 0.68205905 0.708323836
vn -0.104268961 0.597327173 0.795190573
vn -0.0513188653 0.860618889 0.506657183
vn 0.304166466 0.864629805 0.399872661
vn 0.373152286 0.924714446 0.0752376914
vn 0.175482735 0.902285695 0.393810034
vn 0.00946269464 0.958453238 0.285092741
vn 0.269041836 0.94979012 -0.159734741
vn 0.276280075 0.949831843 -0.146591008
vn 0.00804446172 0.986575305 0.163108632
vn -0.138431713 0.919921517 -0.366853029
vn 0.12239369 0.891002834 -0.437188387
vn -0.739671409 0.651903987 -0.167055115
vn 0.010763552 0.989803553 -0.142031774
vn 0.127688453 0.889440894 -0.438851386
vn -0.441210955 0.897401333 -0.00193918124
vn -0.678335607 0.732803643 0.0534739457
vn -0.493492842 0.852216065 0.173760355
vn -0.0499862731 0.96056509 0.273525298
vn 0.18520233 0.965512156 -0.182992622
vn -0.53248471 0.845023751 -0.0489377752
vn -0.0558604971 0.995762169 0.0730565637
vn -0.659490347 0.728732824 0.184447929
vn -0.531930625 0.682545722 0.501179695
vn 0.0205829293 0.808820248 -0.587695658
vn -0.771184862 0.631883442 0.0774415135
vn -0.359276444 0.894901037 -0.264712274
vn 0.555778205 0.739807487 -0.379203677
vn -0.505721509 0.842259824 0.186665893
vn 0.299925685 0.803071439 -0.514898896
vn -0.636000454 0.728720903 -0.253907859
vn -0.745799839 0.509879053 -0.428726047
vn -0.474393517 0.787463844 -0.393511772
vn 0.0243488029 0.999636173 -0.0116040958
vn -0.323832035 0.908976138 -0.262478918
vn 0.205360636 0.87062639 -0.447030991
vn -0.449820995 0.554429889 -0.700191855
vn 0.359167308 0.906275451 -0.222853228
vn -0.123289913 0.991345942 -0.0450875759
vn -0.743091226 0.384138763 -0.547953367
vn 0.300033987 0.950627804 -0.0792861953
vn 0.401864529 0.909192085 -0.108971126
vn 0.395553976 0.783808053 -0.478729367
vn -0.40541777 0.82923609 -0.384712785
vn 0.10020946 0.946387351 -0.307097912
vn -0.661114812 0.625056267 -0.415008396
vn -0.677362382 0.182758898 -0.712586462
vn -0.0890469253 0.490591139 -0.866828144
vn -0.837689281 0.0593451411 -0.542913198
vn -0.0519229472 0.593564451 -0.803109825
vn -0.502560437 0.579612494 -0.641469002
vn -0.12136019 0.429608852 -0.894822836
vn 0.123411566 0.810102344 -0.573152542
vn 0.114371449 0.81463027 -0.568591893
vn -0.195868447 0.67302388 -0.713214099
vn -0.309029877 0.768321395 -0.560520113
vn 0.0291778184 0.823072731 -0.567186117
vn -0.041605033 0.924499273 -0.378906339
vn 0.391053766 0.69595021 -0.602270901
vn -0.0274877772 0.947384655 -0.318915009
vn 0.0697423443 0.402925372 -0.912571788
vn -0.207258284 0.730830789 -0.650330901
vn -0.160859063 0.985453188 -0.0548305511
vn 0.0629769936 0.993944705 -0.09004426
vn -0.139882654 0.975979924 -0.167020828
vn 0.289348513 0.940484047 -0.178233668
vn -0.448282033 0.850486517 -0.27516517
vn -0.424134105 0.855870605 -0.295965701
vn -0.343832105 0.777755499 -0.526190042
vn 0.233257607 0.797869563 -0.555873215
vn 0.0710938275 0.803775311 -0.59066993
vn -0.233272016 0.963644147 -0.130284846
vn 0.114883758 0.986041248 -0.120516777
vn 0.146318674 0.944257915 -0.29490304
vn -0.149652898 0.978434026 -0.142375886
vn -0.598226309 0.751280427 -0.278752446
vn -0.274293572 0.93614018 -0.2200104
vn -0.0894708112 0.971266925 -0.220534697
vn -0.227208361 0.913781464 -0.336719036
vn -0.366278559 0.656458437 -0.659471273
vn 0.311453581 0.771114767 -0.555318594
vn 0.315386415 0.833801806 -0.453107089
vn 0.106938958 0.636755049 -0.763614476
vn -0.354835927 0.743406355 -0.566955328
vn -0.172672153 0.541051924 -0.823071718
vn -0.202438578 0.487960219 -0.849066138
vn -0.380603224 0.772487164 -0.508335292
vn -0.0291283596 0.943781853 -0.329282999
vn 0.0404311791 0.967049479 -0.251357555
vn -0.33124131 0.591218412 -0.735350251
vn -0.252880335 0.875100672 -0.412614077
vn -0.101693988 0.599091589 -0.794196248
vn -0.145399973 0.251796603 -0.956795275
vn -0.0666705146 0.386847913 -0.919730306
vn 0.0888737813 0.769173443 -0.632829845
vn -0.195661321 0.339119047 -0.920171201
vn -0.363967568 0.749089062 -0.553528011
vn -0.133230194 0.665394008 -0.734506965
vn 0.374464601 0.877730548 -0.298940361
vn -0.882344604 0.338246673 -0.327195942
vn -0.302225322 0.93808347 0.169290289
vn -0.484324574 0.794396162 -0.366557628
vn -0.533531606 0.743528545 -0.403124481
vn -0.125732377 0.739434063 -0.661383867
vn -0.322575718 0.638771296 -0.698509991
vn -0.196342036 0.97856462 -0.0621389076
vn -0.559298694 0.791736424 0.245639026
vn -0.385636985 0.879395306 0.279191822
vn -0.270936489 0.725507617 0.632638931
vn -0.417152315 0.706839979 0.571280301
vn -0.24357529 0.770733535 0.588762283
vn -0.137199596 0.481791019 0.865478873
vn -0.16342929 0.782609344 0.60067755
vn -0.374622077 0.725789368 0.576964557
vn -0.301674366 0.868077219 0.394251734
vn -0.3382909 0.654229224 0.676419556
vn -0.252254874 0.814821064 0.521952271
vn -0.256709039 0.965132594 0.0511824414
vn 0.0707593486 0.87653321 0.476112008
vn -0.220588326 0.97180903 -0.0832347572
vn -0.153461948 0.965244949 0.211545929
vn -0.255602211 0.936967671 0.238241643
vn -0.381307483 0.880032301 0.283103913
vn -0.490996182 0.855836987 0.162682757
vn -0.199608266 0.833787262 -0.514738083
vn -0.469253182 0.853648186 -0.226022542
vn -0.106456891 0.991766036 0.0711843818
vn -0.144556895 0.851436019 -0.504142821
vn -0.277770758 0.837570846 -0.470444947
vn -0.38095817 0.909696996 -0.165294349
vn -0.400029451 0.863188386 -0.30802983
vn -0.522303045 0.837393999 -0.161154151
vn -0.485343367 0.869725168 -0.089554444
vn -0.415094107 0.845471382 0.335969061
vn -0.210321039 0.778582454 0.591248214
vn -0.203820631 0.894339919 0.398262799
vn -0.313602298 0.905280411 -0.286567807
vn -0.515496314 0.797789693 0.312722057
vn -0.247753277 0.968792081 0.00775550446
vn -0.504603744 0.802495778 -0.318395406
vn -0.440874457 0.858446538 0.262105316
vn -0.417233706 0.908088267 0.035940852
vn -0.319449037 0.911177695 -0.260206521
vn -0.523872077 0.842595339 0.124864288
vn -0.479972273 0.786264718 -0.389119923
vn -0.722862065 0.690125167 -0.0346092246
vn 0.0148041658 0.987066567 0.159625933
vn -0.533318698 0.845834553 0.0116201667
vn -0.598494828 0.787226915 -0.148585603
vn -0.100371718 0.994591534 0.0267038364
vn -0.348328114 0.873979092 0.338862658
vn -0.135788977 0.951037347 -0.277649611
vn -0.361853898 0.921762884 -0.139337867
vn -0.0652095228 0.983609021 0.168110564
vn -0.0706524253 0.993059754 -0.0940247327
vn 0.240630001 0.821110666 0.517565787
vn 0.309164256 0.916053534 0.255467027
vn -0.141817093 0.980089784 -0.138967186
vn -0.203682467 0.967011809 0.15297623
vn -0.276310802 0.867527008 -0.413580924
vn -0.00669359136 0.973123074 0.230187997
vn -0.562473536 0.757297575 0.331849098
vn -0.490680665 0.865988135 -0.0964213535
vn -0.331731468 0.927735984 -0.17105642
vn -0.0283439271 0.998529315 0.0462158807
vn 0.27180326 0.955605745 -0.113757573
vn -0.36639905 0.913001716 -0.179386884
vn -0.0190536827 0.968219578 0.249374792
vn 0.389109582 0.915795207 0.0995629802
vn -0.342391849 0.93603909 -0.081231609
vn 0.370535791 0.875970304 0.308835357
vn 0.204809755 0.969981551 -0.131106064
vn 0.111986898 0.963189065 0.244388521
vn 0.0483244322 0.992503524 0.112256818
vn 0.431598425 0.894219697 -0.118717477
vn 0.0350665785 0.998389125 0.0446028933
vn 0.496391594 0.861165345 0.109497175
vn 0.114187643 0.983226717 0.142219588
vn -0.249969259 0.926831186 -0.280177385
vn 0.0162282493 0.896609902 0.442523688
vn 0.255388677 0.958896935 0.123665631
vn 0.36545676 0.930799067 -0.00737506198
vn -0.353267401 0.93416369 -0.0504023321
vn 0.137972936 0.988797843 -0.0569401719
vn -0.376488596 0.772362173 0.511578798
vn -0.163521975 0.833347201 0.528008461
vn 0.168237016 0.982854247 -0.075457029
vn -0.0838607326 0.979566991 -0.182800278
vn -0.453092098 0.848228455 -0.274255514
vn -0.157431036 0.980943024 -0.113869861
vn 0.272712708 0.947444797 0.167260826
vn -0.0605191365 0.970387638 -0.233848751
vn -0.0905739367 0.992566943 -0.0812855363
vn 0.311646253 0.940686345 -0.134111673
vn 0.448286504 0.87668395 -0.174541116
vn -0.0908937305 0.865581095 -0.492450655
vn -0.00686562154 0.937633216 -0.34755826
vn -0.305137277 0.931723416 -0.196933329
vn -0.105928198 0.95346427 -0.282285422
vn -0.29161945 0.84227556 -0.45335418
vn -0.0623870566 0.841212809 -0.537092865
vn -0.522445142 0.823403835 -0.221488357
vn -0.588412166 0.808232844 0.0230432842
vn -0.518128455 0.626344025 -0.582439721
vn -0.415579915 0.829364598 -0.373427063
vn -0.557329834 0.639254689 -0.529846132
vn -0.382931113 0.913314641 -0.138636604
vn -0.350696146 0.855603099 -0.380730301
vn -0.397790134 0.750851452 -0.527242899
vn -0.582038224 0.810160756 0.0697933808
vn -0.802409589 0.586310387 0.11126136
vn -0.6369012 0.677087545 0.36865899
vn -0.355584145 0.887377083 0.293465197
vn -0.260381728 0.897392869 0.356212348
vn -0.487052202 0.873158991 0.0193253849
vn -0.453879297 0.886680424 0.0882688463
vn -0.400506794 0.903964877 0.149805427
vn -0.496483594 0.860860705 0.111458309
vn -0.588230848 0.696253777 -0.411357731
vn -0.497398853 0.464614332 -0.73261708
vn -0.566832662 0.528914571 -0.631624997
vn -0.619736493 0.554672778 0.555216014
vn -0.75828135 0.545016825 -0.357723355
vn -0.825766206 0.560940504 0.058787439
vn -0.610345542 0.447159886 -0.653855085
vn -0.78964746 0.550804734 0.27031675
vn -0.552246392 0.827662766 -0.0999914557
vn -0.825784266 0.392683238 0.404821336
vn -0.753279686 0.528202355 0.391882539
vn -0.596121311 0.719809115 0.355688274
vn -0.714610219 0.635647357 0.292035431
vn -0.40079844 0.673960924 0.620594263
vn -0.640128314 0.767726123 -0.0288485531
vn -0.566250622 0.823678374 0.0302369948
vn -0.461317211 0.796979249 0.389885366
vn -0.698290348 0.552194893 0.455490202
vn -0.170721561 0.675638914 0.717193246
vn -0.722868681 0.659846425 0.205093801
vn -0.158643231 0.983887017 -0.0824541748
vn -0.481241494 0.838080227 -0.256959498
vn -0.209705085 0.93653357 0.280942321
vn -0.281521112 0.870009303 0.404758871
vn -0.71150142 0.69511646 0.102853976
vn -0.438249111 0.772270203 0.459930986
vn -0.268050641 0.649810493 0.711263061
vn -0.121179692 0.989417136 -0.0798077807
vn 0.260678023 0.960073411 -0.101517588
vn -0.448233396 0.893913329 0.00240609911
vn -0.0127002336 0.90742296 0.420026481
vn -0.38139528 0.843862295 0.377404362
vn -0.388570637 0.92099148 0.0280644428
vn -0.381768256 0.895557284 -0.228539303
vn 0.568106711 0.660708427 0.490631253
vn -0.355849892 0.838159263 -0.413352162
vn 0.106138676 0.985356867 -0.133440897
vn 0.468674749 0.785562992 0.40402317
vn 0.0650802404 0.883389831 0.464097947
vn 0.0718047544 0.9974069 -0.00484195631
vn -0.436938137 0.860733688 -0.261194527
vn 0.0977331102 0.795876563 -0.597518921
vn -0.160744965 0.575951219 -0.801524341
vn -0.345061213 0.818198204 -0.459874332
vn 0.04486515 0.263194442 -0.963699043
vn -0.0845181942 0.763081968 -0.64075166
vn -0.17370224 0.892116964 -0.417078972
vn -0.48527509 0.70713979 -0.514258027
vn -0.549096286 0.828055203 0.113216549
vn -0.388427705 0.888873816 -0.242955193
vn -0.519593477 0.821292222 -0.235588118
vn 0.237438381 0.959362268 0.152470142
vn -0.151389375 0.951365709 0.268299133
vn -0.753038585 0.562191725 -0.341867387
vn -0.796453416 0.604258895 0.0230899677
vn 0.0344485305 0.9782179 0.204702124
vn -0.349313378 0.816204429 0.460206985
vn -0.208908036 0.817260146 0.537069321
vn -0.0424022675 0.920440555 0.388575882
vn 0.128522038 0.981304288 0.143262193
vn -0.253943086 0.96173948 0.102811389
vn -0.205973953 0.910526097 -0.358492702
vn -0.150680825 0.962884665 0.223938465
vn 0.230931491 0.908325076 0.348735362
vn 0.253110349 0.940629601 0.22616598
vn 0.208361283 0.970223546 -0.123498969
vn -0.0503803566 0.997451961 -0.0505116247
vn -0.22522682 0.958196163 -0.176445022
vn 0.0356912427 0.998832047 -0.0325693674
vn -0.123239644 0.992027581 -0.0263315514
vn -0.647262752 0.7218014 -0.245058298
vn -0.377268553 0.870058656 -0.317279488
vn -0.336767167 0.854836166 -0.39476946
vn -0.339819878 0.875204384 -0.344296038
vn -0.210891247 0.539022744 -0.815462649
vn -0.0341013595 0.63522321 -0.771575332
vn 0.178958312 0.839056969 -0.513767838
vn -0.0594508387 0.944825411 -0.322134435
vn 0.135665536 0.918530643 -0.371343851
vn 0.104602061 0.893613219 -0.436479002
vn 0.145665482 0.752182782 -0.642652869
vn 0.256538153 0.964441299 -0.0635709167
vn 0.566918075 0.823619366 0.0159650967
vn 0.41209656 0.883049011 0.224501207
vn 0.226669475 0.903831363 0.362918645
vn 0.0210433286 0.999774158 -0.0029607343
vn 0.0599056371 0.965964198 0.251643598
vn -0.31592086 0.920036554 -0.231790215
vn -0.0518791899 0.998190463 0.0304039847
vn -0.23802577 0.942342877 -0.235231236
vn -0.465823978 0.687775314 -0.556752324
vn 0.0450475663 0.942198157 -0.332013935
vn 0.115526959 0.967103243 -0.226638004
vn 0.218222737 0.936312675 -0.275131285
vn 0.0967799649 0.946726024 0.307153881
vn -0.106152445 0.821893871 0.559662521
vn 0.0958458111 0.989027381 -0.112420306
vn 0.0103042759 0.936239779 0.351210535
vn -0.134336263 0.979466796 0.150328085
vn 0.0356333405 0.972014189 -0.232203692
vn 0.319194704 0.882300317 0.345920235
vn -0.172569886 0.976190031 0.131425589
vn -0.103191897 0.907382786 0.407440633
vn 0.00184039166 0.970203996 0.242282197
vn -0.123110749 0.975323796 0.183268234
vn -0.122099325 0.953307331 0.27621904
vn 0.0966261029 0.921898782 0.375187874
vn -0.100178108 0.685398757 0.721243978
vn -0.186982766 0.949350059 0.252530932
vn 0.0321733691 0.885745168 0.463055462
vn 0.177542701 0.980799913 -0.0806855857
vn -0.117122293 0.952206314 -0.282109112
vn 0.103386015 0.986756563 0.124991193
vn 0.333136469 0.937629044 -0.0993566737
vn 0.0856874213 0.688643277 -0.720019639
vn -0.049829416 0.799942255 -0.59800458
vn 0.134158507 0.951158345 -0.278027415
vn 0.0276244096 0.99507767 0.0951699167
vn -0.153192744 0.748349726 -0.645371735
vn -0.108175948 0.883742571 -0.45529893
vn -0.193029925 0.956094861 0.220503971
vn -0.266441137 0.920000494 -0.28741622
vn 0.296227932 0.896328568 0.329915553
vn -0.278273165 0.914880812 0.292501688
vn -0.257437557 0.468059808 -0.845367312
vn -0.300707579 0.951574087 -0.063887246
vn -0.0756046847 0.505767286 -0.859350562
vn -0.330458999 0.544476926 -0.770935655
vn 0.0219243113 0.241511643 -0.970150292
vn 0.114202529 0.964109421 -0.239689052
vn -0.0724406764 0.542219162 -0.837108552
vn -0.406002909 0.423840344 -0.809642494
vn -0.639669716 0.582764328 -0.501206934
vn -0.408308506 0.711629212 -0.571723759
vn -0.162455201 0.975332439 -0.149449036
vn 0.0496667027 0.996643066 -0.0650829971
vn -0.291089803 0.87964642 -0.37615025
vn -0.684399545 0.53396672 -0.496464312
vn -0.466511786 0.790958226 -0.395919055
vn -0.313070387 0.923559129 -0.221417099
vn -0.655924678 0.455219209 -0.602111578
vn -0.238829702 0.952149987 -0.190710962
vn -0.628098488 0.571577251 -0.528007209
vn -0.495905876 0.635476828 -0.591816306
vn 0.475597233 0.730938137 0.489424825
vn -0.458231837 0.870247841 -0.18080996
vn -0.721696436 0.663598657 -0.196954429
vn -0.57490468 0.709928751 -0.406799555
vn -0.587635815 0.574793875 -0.569470167
vn -0.295298934 0.785340428 -0.544094682
vn -0.220290333 0.971531928 -0.087165229
vn -0.0820657536 0.949502826 0.302836001
vn -0.360606343 0.932657719 -0.0106139462
vn -0.348949909 0.773788989 0.52866298
vn -0.322849452 0.874287069 0.362477958
vn -0.515557885 0.856817663 0.00797367282
vn -0.383867025 0.916711032 0.110846438
vn -0.40600875 0.845688045 -0.346364766
vn -0.157342076 0.987538099 0.00344923581
vn -0.008423917 0.938313603 0.345682889
vn 0.266842276 0.887204289 0.376382321
vn -0.0659813359 0.74984175 0.658318937
vn -0.335745364 0.230798483 0.913239896
vn -0.179005206 0.144350812 0.973200858
vn -0.546242535 0.616040528 0.567550182
vn -0.246044189 0.586654842 0.771555781
vn -0.239204496 0.688239276 0.68491447
vn -0.228512049 0.799661934 0.555268407
vn -0.274579495 0.677960217 0.681891561
vn -0.604182303 0.60362941 0.520187676
vn -0.515835047 0.61026299 0.601243198
vn -0.485877275 0.365583748 0.793896556
vn -0.0761113763 0.120668769 0.98977077
vn -0.473305494 0.45911321 0.751795828
vn -0.321818501 0.564985871 0.759752512
vn 0.0473300107 0.0293515846 0.998448014
vn -0.0954141542 0.0605296567 0.99359566
vn -0.255665123 0.298573583 0.919504762
vn 0.235285014 -0.373256117 0.897396624
vn 0.200385675 -0.181302428 0.962795496
vn -0.0747817978 0.307183713 0.948707461
vn -0.246295318 0.419410586 0.873746812
vn -0.325850785 0.3188245 0.890040517
vn -0.155155256 0.453918934 0.877430618
vn -0.491380394 0.798177898 0.348507464
vn 0.25050503 0.967950106 0.0178833976
vn -0.433050931 0.823054373 0.367489159
vn -0.609449148 0.747327149 0.264714748
vn -0.556167006 0.829168379 -0.0561961345
vn -0.636996388 0.696664333 0.32999137
vn -0.629062712 0.776060641 0.0448328182
vn -0.559355378 0.671608388 -0.485863924
vn -0.561685085 0.741805613 -0.366379857
vn -0.652631462 0.718879044 -0.239343062
vn -0.743724585 0.572070599 -0.345845312
vn -0.699065387 0.714775681 -0.0200808309
vn -0.652027011 0.702118278 -0.286165684
vn -0.622279406 0.742884398 -0.246761262
vn -0.63014555 0.771110117 -0.0911355838
vn -0.605741024 0.79156965 -0.0805926621
vn -0.460537791 0.879948497 -0.116599999
vn -0.652922213 0.757347226 0.0108487625
vn -0.64066422 0.744789362 0.186649621
vn -0.67799902 0.734809875 0.0192824677
vn 0.00763849448 0.999479234 -0.0313533545
vn -0.354527771 0.932008862 -0.0752967969
vn 0.0690968558 0.997557402 0.0102428319
vn -0.0146849556 0.998968363 -0.0429706462
vn -0.584667563 0.70288074 0.405120462
vn -0.662112653 0.74921912 -0.0166570321
vn -0.644925892 0.756460011 -0.108806275
vn -0.441287369 0.625696123 -0.643249393
vn -0.584837854 0.633878767 0.506124854
vn -0.68024224 0.70377177 0.204879865
vn -0.194786862 0.430116355 -0.881509006
vn -0.41182676 0.907351136 -0.0843369141
vn -0.612277389 0.72651732 0.311911792
vn -0.66996026 0.737768948 0.0827662125
vn -0.643698454 0.758927941 0.0983909443
vn -0.836519301 0.547933757 0.00201198645
vn -0.609316945 0.740813613 0.28271544
vn -0.518279791 0.774173856 -0.363374412
vn -0.396645904 0.563822448 -0.724414408
vn -0.145113543 0.891605973 -0.428929746
vn -0.00299727544 0.181128025 -0.983454943
vn -0.135503829 0.252287 -0.958117902
vn -0.256034464 0.319450825 -0.912358284
vn -0.291140735 0.413094014 -0.862896502
vn -0.520407259 0.506884754 -0.687200129
vn -0.458328545 0.544572711 -0.702406943
vn -0.617838502 0.442630142 -0.649887741
vn -0.503708005 0.619850397 -0.601717353
vn -0.222071499 0.474551946 -0.851753891
vn -0.317515314 0.653352857 -0.687251091
vn -0.510171711 0.54793781 -0.662939727
vn -0.392854124 0.422606498 -0.816743255
vn -0.52050823 0.576981306 -0.629415452
vn -0.120362468 0.895943999 -0.427548081
vn -0.297288984 0.586710334 -0.753253043
vn -0.240283206 0.939115286 -0.245614141
vn -0.14513199 0.758203626 -0.635660231
vn -0.514185309 0.560178638 -0.649471581
vn -0.427821219 0.747339606 -0.50838238
vn -0.624438643 0.588259697 -0.513835549
vn -0.622612476 0.303809255 -0.721147537
vn -0.542998791 0.416223109 -0.729322016
vn -0.514639258 0.356634408 -0.779716849
vn -0.463404328 0.731537163 -0.500109911
vn -0.180242509 0.9714939 -0.153987661
vn -0.866703391 0.325457633 -0.378024578
vn -0.774400413 0.381491542 -0.504745603
vn -0.846548796 0.0822231397 -0.525922537
vn 0.0585522093 0.986179233 -0.154990867
vn 0.140290126 0.969186664 -0.202474639
vn -0.0517761931 0.966529489 -0.251276672
vn -0.345565975 0.610530496 -0.712626576
vn -0.427886724 0.808025956 -0.404977709
vn -0.160184413 0.986491323 0.0342911035
vn -0.185200527 0.949477911 -0.253362566
vn -0.290222079 0.912059486 -0.289686888
vn -0.313205153 0.862868726 -0.396686256
vn -0.518434942 0.681688249 -0.516261935
vn -0.108178921 0.91130054 -0.39727658
vn -0.449085861 0.611346781 -0.651595771
vn -0.205834463 0.972099245 -0.112495467
vn -0.231557548 0.919705689 -0.31705296
vn -0.335120529 0.92927897 -0.155353457
vn -0.52730453 0.821546674 -0.216819793
vn -0.344590217 0.311915189 -0.885418892
vn -0.802293539 0.378490806 -0.461594701
vn -0.237967998 0.970978796 0.0239029657
vn 0.0847461596 0.927847505 -0.363203853
vn -0.837981701 0.539129734 0.084414728
vn -0.771905303 0.337115318 -0.538994908
vn -0.0643853992 0.990491331 0.12157917
vn -0.371796697 0.899664819 -0.228845894
vn 0.194100201 0.951676965 -0.23798357
vn -0.377531499 0.325662494 -0.866841376
vn 0.0406670757 0.956322253 -0.289471775
vn -0.190297768 0.966845095 -0.170286059
vn -0.0595747232 0.93816334 -0.341028392
vn 0.118802994 0.910120428 -0.396946728
vn -0.0730241165 0.77744323 -0.624699473
vn -0.35693714 0.354904652 -0.864082515
vn 0.0335891992 0.823921204 -0.565707982
vn -0.160114273 0.884504497 -0.438195467
vn -0.232300699 0.936411798 -0.263000518
vn -0.461492121 0.869716704 -0.17497991
vn -0.514107645 0.797872066 -0.314791232
vn -0.377112359 0.828057528 -0.414857686
vn -0.373004824 0.896796167 -0.237958252
vn -0.335866064 0.733861625 -0.590458393
vn -0.909260452 0.410533607 -0.0686114207
vn -0.7934587 0.446500391 -0.413594931
vn -0.924313784 -0.0274616592 -0.380643904
vn -0.566764116 0.818832159 0.0910628736
vn -0.107387587 0.984618247 0.137821257
vn -0.36193037 0.932020307 0.0185639393
vn -0.261776894 0.914879024 0.307358414
vn -0.266303569 0.919357955 0.28959173
vn -0.119852766 0.992038131 0.0386726148
vn -0.386833072 0.91313231 -0.128645152
vn -0.378902644 0.916160882 0.130698875
vn -0.293250442 0.953579664 0.0684832484
vn -0.263171256 0.964748979 0.000593964767
vn -0.23200044 0.949714065 0.210282758
vn -0.188247457 0.960837126 -0.203359291
vn -0.144356072 0.978723168 -0.145816162
vn -0.226786926 0.970051646 0.0869910568
vn 0.0300827641 0.9880234 0.151343197
vn -0.30520609 0.722780406 -0.620030403
vn -0.335289478 0.929578781 -0.153181031
vn -0.431428343 0.901478112 -0.0347375162
vn -0.221553683 0.872307062 -0.435883373
vn -0.428692371 0.846215069 -0.316453636
vn -0.227337524 0.904044867 -0.361967713
vn -0.379013389 0.497825176 -0.780076265
vn -0.450538874 0.848858416 -0.276503474
vn -0.255639464 0.89388448 -0.368264884
vn -0.186634853 0.652991295 -0.734009385
vn -0.488028467 0.734292865 -0.471849799
vn 0.212299988 0.769265175 -0.602627456
vn -0.755248129 -0.0250522532 -0.654960096
vn -0.87441361 -0.0209024195 -0.484730929
vn -0.921984315 0.147644684 -0.357974976
vn -0.843749166 0.289237827 -0.452138156
vn -0.887841105 0.438558131 -0.139300942
vn -0.58141017 0.777226925 -0.240583479
vn -0.811054111 0.391815364 -0.434363693
vn -0.744493961 0.285120517 -0.603684604
vn -0.151444688 0.365616858 -0.918362021
vn 0.160257965 0.508624196 -0.845942497
vn 0.0529336557 0.842036486 -0.536817193
vn -0.231291011 0.642336011 -0.730690718
vn -0.277348578 0.414341122 -0.866832793
vn 0.603382349 0.423761636 -0.675541162
vn 0.494352579 0.283997595 -0.821559966
vn 0.781104743 0.0621719435 -0.621297061
vn 0.542988241 0.529402912 -0.651840627
vn 0.750008404 0.123174138 -0.649858117
vn 0.633655906 0.209622741 -0.744673371
vn 0.47733447 0.352278858 -0.805016398
vn 0.549061477 0.465898842 -0.69388026
vn 0.583478749 0.28809315 -0.759312093
vn 0.327020913 0.244126663 -0.912940025
vn 0.044203002 0.375562787 -0.925742269
vn -0.0104208114 0.425603569 -0.904849648
vn 0.492320836 -0.0249026828 -0.870057523
vn 0.42778179 0.0470647253 -0.9026559
vn 0.379632205 0.229485989 -0.896223009
vn 0.346975416 0.163990155 -0.923425853
vn 0.327234149 0.456771106 -0.827210963
vn 0.124015868 0.769328177 -0.626701057
vn 0.145465463 0.856904268 -0.494524807
vn 0.197182581 0.389103949 -0.899842858
vn 0.0541637577 0.298169911 -0.952974856
vn 0.0927661285 0.257675052 -0.96176815
vn 0.299807966 0.806205392 -0.510047078
vn 0.236565158 0.497230232 -0.834744811
vn 0.0444399528 0.50378406 -0.86268574
vn -0.0895630047 0.362921685 -0.927505493
vn -0.0139298681 0.285532355 -0.958267748
vn 0.277626336 0.363015473 -0.889462411
vn -0.240342513 0.374914527 -0.895362854
vn -0.12405505 0.384305447 -0.914833128
vn 0.202399075 0.343644351 -0.917029619
vn -0.138482377 0.243148312 -0.960052907
vn -0.200429767 0.742020369 -0.639713764
vn 0.115894504 0.251065671 -0.961006999
vn -0.24385789 0.541942596 -0.804258466
vn -0.278860986 0.475036591 -0.834611773
vn -0.854396999 0.469786108 -0.222051337
vn -0.235148132 0.882673562 -0.406931013
vn -0.0860194191 0.755991995 -0.648904324
vn -0.44918552 0.677394152 -0.58255434
vn 0.0482367799 0.89267385 -0.448114574
vn -0.0372228138 0.592115521 -0.804992974
vn 0.0645111948 0.860327005 -0.505643904
vn 0.403472841 0.16305913 -0.900345087
vn 0.0744168535 0.468264401 -0.880449057
vn -0.303844541 0.314619362 -0.899273634
vn 0.155220583 0.227713168 -0.961276889
vn -0.0658523589 0.263044029 -0.962533772
vn -0.162705213 0.555105567 -0.81571126
vn -0.112542391 0.829612374 -0.546879828
vn 0.210141897 0.752716541 -0.623905659
vn -0.184773982 0.209304214 -0.960234523
vn -0.0951623619 0.740195394 -0.665623665
vn 0.165462196 0.746515036 -0.644466877
vn -0.163815424 0.408696353 -0.897848427
vn 0.199438468 0.476480842 -0.856265306
vn 0.317101896 0.170435876 -0.932951272
vn -0.00137313362 0.376629829 -0.926362813
vn -0.0337443091 0.416249752 -0.908623934
vn -0.234886944 0.556066692 -0.797256529
vn -0.360120088 0.489277959 -0.794305146
vn -0.451452821 0.635304213 -0.626561165
vn -0.230511174 0.821728349 -0.521178544
vn 0.0795836151 0.924367189 -0.373111099
vn 0.069980368 0.660240293 -0.747787058
vn 0.0194262248 0.347889811 -0.93733412
vn -0.330914915 0.489730924 -0.806634307
vn 0.0294363592 0.501915336 -0.864415705
vn 0.0651622266 0.600496948 -0.796967566
vn -0.119874753 0.871614397 -0.475308627
vn -0.247986794 0.820897698 -0.514421523
vn 0.00742301159 0.398900926 -0.916963935
vn -0.394997507 0.768071771 -0.504026532
vn 0.4182522 0.645820439 -0.638733923
vn 0.0761519074 -0.0824436769 -0.993682027
vn 0.0165138859 -0.252970397 -0.967333078
vn -0.310854852 0.0689259544 -0.947954834
vn -0.279587865 0.398243189 -0.873632073
vn 0.0100953523 0.693930328 -0.719971418
vn -0.36952132 0.401767224 -0.837876558
vn 0.112378955 0.732321799 -0.67162174
vn -0.444772243 0.721109807 -0.531204402
vn 0.186162367 0.846311986 -0.499098659
vn -0.407631963 0.610854685 -0.678743482
vn 0.0846619681 0.994370878 -0.0637087524
vn 0.165263012 0.961416304 -0.219924435
vn 0.0961470231 0.868620098 -0.486060739
vn 0.0703123361 0.962960064 0.260315567
vn -0.137609735 0.814128458 -0.564144015
vn 0.247047424 0.569635212 -0.78388989
vn -0.68486321 0.578616619 -0.442905307
vn -0.494124442 0.317911744 -0.809180439
vn 0.136663586 0.161658317 -0.977338076
vn 0.202322707 -0.0169752371 -0.979171813
vn -0.118522517 0.331035823 -0.936145067
vn 0.5454548 0.222331136 -0.808113754
vn 0.526309848 -0.168766633 -0.83337611
vn 0.155113742 0.438930094 -0.885031104
vn 0.538018346 0.629056394 -0.561092079
vn 0.767251432 0.191967905 -0.611942351
vn 0.906412244 0.10894233 -0.408103347
vn 0.674772382 0.283622622 -0.6813519
vn 0.792007744 0.135927036 -0.595186889
vn 0.211984679 0.146036163 -0.96630013
vn 0.450731218 0.0940087065 -0.88769567
vn 0.118921921 0.200342879 -0.972481489
vn 0.389807671 0.423004597 -0.817995846
vn -0.0735069811 0.058899425 -0.995553911
vn 0.087725386 0.224115878 -0.970606208
vn 0.285840154 0.140960366 -0.947853208
vn 0.522107184 0.15018557 -0.839552402
vn 0.509771228 0.11696279 -0.852322221
vn 0.29865101 0.25855729 -0.918670654
vn 0.289801508 -0.060960494 -0.955143392
vn 0.204140097 0.0893231258 -0.974858105
vn 0.359869659 0.395261437 -0.845140338
vn 0.538504124 0.0186948553 -0.842415452
vn -0.285512507 0.50632304 -0.813707232
vn -0.275925338 0.494887769 -0.82398504
vn -0.291790038 0.670385838 -0.682232618
vn 0.0757190436 0.878499866 -0.471703947
vn 0.0545628443 0.806945622 -0.588100076
vn -0.282931805 0.807316005 -0.517871082
vn 0.0506335087 0.985014141 -0.164873928
vn 0.191277936 0.978098869 0.0820690766
vn 0.463914543 0.859380603 -0.215054527
vn 0.0701751336 0.997456729 0.0124763213
vn -0.117708474 0.79043889 -0.601124763
vn -0.0310051627 0.992802143 0.115682855
vn -0.239657491 0.962932765 0.123793468
vn -0.129452899 0.991584897 0.0011374685
vn -0.0152070103 0.876163483 -0.481774211
vn 0.149340704 0.982263982 -0.113379151
vn 0.268940926 0.815279543 -0.512825429
vn 0.0221378971 0.984932005 -0.171518892
vn -0.0890594646 0.989556849 -0.113338426
vn 0.00143694039 0.979851782 -0.199721068
vn -0.00418309448 0.996642351 -0.0817709044
vn 0.0548545346 0.939133286 0.339145541
vn -0.136783406 0.98983103 -0.0390505865
vn -0.0741264448 0.920324326 -0.384068221
vn 0.085646458 0.972333372 0.217330217
vn -0.0168955438 0.748823106 -0.662554383
vn 0.112291187 0.898674309 -0.423998892
vn 0.262291908 0.964609623 -0.0270425621
vn 0.230752796 0.941525817 -0.2455246
vn 0.237898782 0.905030549 -0.352595717
vn -0.0392889716 0.926220238 -0.374929875
vn -0.0128424726 0.977345705 -0.211259276
vn 0.0501479954 0.9629668 -0.264915228
vn -0.730531573 0.680802107 0.0532175414
vn -0.555583 0.827563584 -0.0804123655
vn -0.36344403 0.928755522 -0.072948873
vn -0.199363813 0.812489331 -0.547827601
vn -0.455126166 0.809056938 0.371869683
vn -0.531021357 0.847185433 -0.0171216056
vn -0.511978388 0.853375256 -0.0981261656
vn -0.408104837 0.882518172 -0.233692512
vn -0.320572346 0.872525096 -0.368691385
vn 0.251233399 0.64321357 -0.723296702
vn -0.485537976 0.862636685 0.141812384
vn 0.226964131 0.766858935 -0.600345433
vn 0.115921557 0.937556028 0.327949733
vn 0.353405178 0.934617579 0.0399330892
vn -0.305620492 0.846773148 0.435397863
vn -0.685639977 0.595025003 0.419336379
vn -0.358818442 0.882041216 0.305373013
vn -0.0579122119 0.997713685 0.0348358899
vn -0.501660526 0.851952672 -0.150044501
vn -0.598595083 0.772304893 0.212671533
vn -0.435619831 0.89969033 -0.0281557105
vn 0.0418720059 0.998856425 0.0230778921
vn -0.00618718192 0.983210325 -0.182371065
vn 0.458192199 0.858250737 -0.231226176
vn 0.303417623 0.948406935 0.0919890553
vn 0.651363432 0.747076571 -0.132674053
vn -0.411548704 0.864731431 -0.287866622
vn -0.672909379 0.530643284 0.515374303
vn -0.180636987 0.899316132 -0.398246884
vn -0.604597151 0.587632477 0.537726998
vn -0.419719607 0.693118334 0.586022556
vn 0.293981761 0.935368896 -0.19662112
vn -0.129127845 0.97014755 -0.205279231
vn 0.44069162 0.89065212 0.111936174
vn 0.522026837 0.742267549 -0.420151114
vn 0.680743992 0.728803992 -0.0737047493
vn -0.603060484 0.642816007 0.472340703
vn -0.0788144544 0.814222693 -0.575178027
vn 0.485800862 0.872829318 -0.046546042
vn 0.0417723767 0.554516017 -0.831123948
vn 0.797518194 0.560617149 -0.222874969
vn 0.483218431 0.542342484 -0.687287807
vn 0.428607255 0.65410471 -0.623251915
vn 0.515058577 0.655657411 -0.552112222
vn 0.406808794 0.648995996 -0.64289248
vn 0.321830392 0.915518641 -0.24135229
vn 0.300684363 0.862246215 -0.407578647
vn 0.0803658068 0.945578158 -0.315314233
vn -0.00243315799 0.944802046 -0.327632934
vn 0.23621057 0.888261259 -0.393949777
vn 0.20765835 0.943490505 -0.258270502
vn 0.279130638 0.885491848 -0.371470422
vn 0.24048546 0.929251909 -0.280459821
vn 0.321213514 0.934701324 -0.152168691
vn 0.372963369 0.898431778 -0.231772706
vn 0.263139278 0.916235089 -0.302110732
vn 0.447634637 0.86761415 0.216492444
vn 0.455413103 0.889272153 -0.0423570089
vn 0.225600764 0.871384799 -0.435652107
vn 0.0592418984 0.933398604 -0.35391739
vn 0.410074741 0.901684284 -0.137128264
vn 0.322582752 0.858044624 -0.399624586
vn 0.258581847 0.932797194 -0.251047343
vn 0.351124257 0.894299388 -0.277381212
vn 0.554472923 0.823428035 -0.120523833
vn 0.390605092 0.82370162 -0.411027223
vn 0.115833074 0.813400328 -0.570054948
vn 0.244850934 0.892113149 -0.379713207
vn 0.309147507 0.920227289 -0.240019634
vn 0.5034886 0.851182938 -0.148279384
vn 0.0100100273 0.965478122 -0.260291666
vn 0.0455875583 0.882081866 -0.468885332
vn 0.27213493 0.815460324 -0.510849297
vn -0.0564527921 0.986048341 -0.156594381
vn 0.345655322 0.885166526 -0.311452538
vn 0.202268496 0.950368822 -0.236403242
vn 0.168446407 0.971498311 -0.166784182
vn 0.311509639 0.897185862 -0.313080162
vn 0.281551152 0.886251032 -0.367815346
vn 0.224515274 0.913215935 0.340043396
vn 0.189557448 0.981430352 -0.0293675698
vn 0.286777973 0.95778054 -0.0203642771
vn -0.133381739 0.895713151 -0.424154907
vn 0.215713471 0.769739509 -0.600806832
vn 0.0943627879 0.88780874 -0.450434715
vn 0.532611549 0.21132198 -0.819553494
vn 0.397791415 0.35480082 -0.84609592
vn 0.475392401 0.109470248 -0.872936606
vn 0.468572319 0.0664136708 -0.880925238
vn 0.614798784 0.143541977 -0.775511503
vn 0.679648697 0.37557888 -0.630093813
vn 0.618624508 0.321041346 -0.717102647
vn 0.497687042 0.502333164 -0.707084835
vn 0.603365779 0.666983306 -0.437130362
vn 0.815789998 0.229538843 -0.530847073
vn 0.766017497 0.121187106 -0.631292999
vn 0.500657499 0.172214791 -0.848341942
vn 0.368715972 0.12873514 -0.9205845
vn 0.284823447 0.285624981 -0.915037692
vn 0.116598807 0.268649429 -0.956154883
vn 0.407989681 0.277736217 -0.869716704
vn 0.500157118 0.12339332 -0.857097983
vn 0.358602226 0.40097478 -0.842984915
vn 0.0957047269 -0.15508534 -0.983254373
vn 0.174604967 0.356731683 -0.917744815
vn 0.0282221083 0.278070062 -0.96014607
vn 0.200939447 0.25452739 -0.945959389
vn -0.00682440959 0.255201995 -0.966863692
vn 0.0981146023 0.362814963 -0.926681578
vn 0.371948481 0.430470973 -0.822404385
vn 0.287347823 0.490268707 -0.822841227
vn 0.373094887 0.394926667 -0.839543462
vn 0.397347957 0.500492692 -0.76916945
vn 0.602509141 0.66192925 -0.445906401
vn 0.649863362 0.635048449 -0.417601496
vn 0.339714497 0.508714855 -0.791077256
vn 0.308824569 0.360439241 -0.880176663
vn 0.45839715 0.741181672 -0.490430206
vn 0.539057255 0.84204036 -0.0196298771
vn 0.620305121 0.694675446 -0.364208132
vn 0.395127028 0.875037134 -0.279615492
vn 0.724453449 0.672297716 -0.152259782
vn 0.896600068 0.367234379 -0.247482002
vn 0.259561688 0.675597191 -0.690069556
vn 0.176299393 0.336514235 -0.925027966
vn -0.0227727871 0.947041333 -0.320303023
vn 0.0191045832 0.608758271 -0.793125689
vn 0.0325378552 0.300733209 -0.953153074
vn 0.27342543 0.390060335 -0.879256189
vn 0.572466135 0.744777203 -0.34291327
vn 0.500505805 0.785763562 -0.363414019
vn 0.302853078 0.25853771 -0.917299449
vn 0.520374 0.434373021 -0.735208154
vn 0.136673823 0.217709601 -0.966396868
vn 0.16395463 0.316273719 -0.93439275
vn 0.264927536 0.782360017 -0.563672066
vn 0.229538605 0.733939707 -0.639253139
vn 0.250444651 0.874380231 -0.415616095
vn 0.228808001 0.878259897 -0.419888705
vn 0.153838709 0.451682687 -0.878815353
vn 0.15742524 0.352024496 -0.922657073
vn 0.591339111 0.275319964 -0.757968962
vn 0.271202296 0.883717418 -0.381435096
vn 0.11155352 0.373639137 -0.920841753
vn 0.167972118 0.665069282 -0.727645636
vn 0.623654068 0.445257515 -0.642496288
vn 0.500942469 0.305141956 -0.809904277
vn 0.538515985 0.333173871 -0.773948133
vn 0.321025878 0.888041139 -0.329128146
vn 0.374312907 0.865028262 -0.334089905
vn 0.598573327 0.723525286 -0.343832999
vn 0.619170964 0.40504092 -0.672732592
vn 0.334652632 0.749218583 -0.571558595
vn 0.439802796 0.7878111 -0.431192607
vn 0.506227612 0.788975477 -0.348211557
vn 0.644657254 0.561635494 -0.518635213
vn 0.61154604 0.683281064 -0.39892149
vn 0.716498911 0.388792276 -0.579197645
vn 0.552830875 0.762073278 -0.337079048
vn 0.579119086 0.812246144 -0.0698369965
vn 0.681920588 0.51761508 -0.516777456
vn 0.566405952 0.615874529 -0.547615588
vn 0.772518337 0.393931568 -0.4980295
vn 0.685115516 0.703290343 -0.189734951
vn 0.631669283 0.636260808 -0.44290641
vn 0.568890095 0.740221441 -0.358380288
vn 0.679229736 0.712335527 -0.176705778
vn 0.639882922 0.757780731 0.127742529
vn 0.629928708 0.737951219 0.242111176
vn 0.559784174 0.789716959 0.250975698
vn 0.545760453 0.778495848 0.309983492
vn 0.652169883 0.734070659 0.189247996
vn 0.599557459 0.787193716 0.144418985
vn 0.614244998 0.789076269 0.00785767846
vn 0.685065508 0.721782386 -0.0985677019
vn 0.682667077 0.656623244 -0.320642501
vn 0.624405563 0.773193538 -0.110857286
vn 0.598947883 0.799388826 -0.0473176688
vn 0.65529716 0.755132854 0.0189720951
vn 0.600566089 0.798080027 0.0488734655
vn 0.587748587 0.730336964 0.34807983
vn 0.567818582 0.81107384 0.140504092
vn 0.526250303 0.850226045 -0.0132785887
vn 0.606368899 0.79223007 0.0684712902
vn 0.551254094 0.811996639 0.19178234
vn 0.303045034 0.92499423 0.229236439
vn -0.0758729205 0.860207915 0.504267454
vn 0.327019006 0.943187654 0.0587847456
vn -0.501396239 0.853169799 0.143885091
vn 0.527262032 0.841012537 -0.12121319
vn 0.476381093 0.877245843 -0.0591680035
vn 0.505883515 0.815899909 -0.279980779
vn 0.408177882 0.793089449 0.452106118
vn 0.449649692 0.806635082 -0.383607835
vn 0.210998833 0.93157059 -0.296067119
vn 0.560431182 0.787553668 -0.256273687
vn 0.210553259 0.939154625 -0.271396279
vn 0.378705084 0.610927343 0.695233941
vn 0.425556958 0.818077862 0.386846155
vn 0.698627889 0.683043838 0.213002682
vn 0.299013436 0.365449488 0.881497443
vn 0.487209231 0.548470557 0.67956394
vn 0.567464411 0.819802344 -0.0768653452
vn 0.577964008 0.661369681 0.478066593
vn 0.3517645 0.934302807 0.0577914268
vn -0.0406855159 0.979833245 0.195631087
vn 0.546107054 0.53603214 0.643767536
vn 0.662596941 0.470945179 0.582388103
vn 0.652701259 0.210433394 0.727804124
vn 0.370745659 0.621049523 0.690539777
vn 0.479889691 0.625887275 0.614793479
vn 0.461896211 0.852564931 0.244509578
vn 0.205052227 0.93711549 0.282432407
vn 0.140302628 0.99010402 -0.0030518088
vn -0.0784285888 0.986201823 -0.145790517
vn 0.131199792 0.989224613 0.0649717152
vn 0.224130556 0.898021877 -0.378579199
vn 0.586624563 0.286549062 0.75747025
vn 0.356275201 0.515546024 0.779281914
vn 0.0899962559 0.850850284 0.517643154
vn 0.469297379 0.799286008 -0.375369012
vn 0.382373333 0.897896051 0.218113378
vn 0.561912715 0.583827734 0.586002767
vn 0.595251024 0.624172091 -0.506048799
vn 0.710690737 0.703504384 -0.000658674282
vn 0.555079341 0.752022445 -0.355456233
vn 0.735604703 0.674078822 0.0671075284
vn 0.464010507 0.819545329 0.336213708
vn -0.291396797 0.862419963 0.413907886
vn -0.515126288 0.817829311 0.256515086
vn -0.270527244 0.962641239 0.0116979927
vn -0.213073015 0.884398878 0.415257186
vn -0.590736389 0.806295753 -0.0302949492
vn -0.566019356 0.81643343 -0.114273734
vn -0.700219154 0.702649176 -0.126401246
vn -0.599996924 0.787862897 0.138836965
vn 0.192419246 0.898317397 -0.394969374
vn 0.253042608 0.919555485 -0.300644487
vn 0.337323397 0.941302657 0.0127341803
vn -0.0755791366 0.994447589 0.0732236356
vn -0.0200355407 0.988951266 -0.146881074
vn -0.445194572 0.894927919 0.0300951451
vn 0.0546984635 0.980274618 0.189920098
vn -0.484751642 0.866563559 -0.118673734
vn -0.421966672 0.872621 -0.2459203
vn -0.289181203 0.82286489 -0.489149839
vn 0.339087009 0.934908926 0.104715221
vn 0.156698838 0.959005356 -0.236123115
vn -0.042706091 0.868882775 -0.493172318
vn -0.359713256 0.721912324 -0.591142178
vn 0.0063037849 0.893982589 -0.448057204
vn 0.370413184 0.909277737 -0.189758018
vn -0.223605648 0.75751853 -0.613323927
vn 0.463986456 0.852460623 -0.240888745
vn -0.208488673 0.872139275 -0.442612141
vn -0.00746637117 0.971136391 -0.238408223
vn 0.100241683 0.992671847 -0.0674858615
vn -0.35153687 0.925976157 -0.137804136
vn -0.224819556 0.902207613 -0.368072957
vn -0.22184141 0.809232235 -0.543994069
vn -0.398720413 0.852604628 -0.337768197
vn -0.250266194 0.602214396 -0.758092761
vn -0.50781548 0.676962912 -0.532770753
vn -0.517820656 0.811640859 0.270371556
vn -0.514778256 0.856170833 0.0444392301
vn -0.403363675 0.878819942 0.25489831
vn -0.308722705 0.94324851 -0.122362264
vn -0.342234582 0.842208922 -0.416604817
vn -0.470502377 0.421829432 -0.775040269
vn -0.463669747 0.396639615 -0.792267144
vn -0.530797899 0.269159377 -0.803621054
vn -0.711707592 0.417485595 -0.564958453
vn -0.598743975 0.757209122 -0.261036366
vn -0.474559277 0.191651165 -0.859106064
vn 0.0616363138 -0.316916257 -0.946448624
vn -0.423437178 0.515500009 -0.744956851
vn -0.391119331 0.507316768 -0.767890215
vn -0.584779739 0.791561604 -0.177377746
vn -0.292393386 0.415995836 -0.861077011
vn -0.566760957 0.750582278 -0.339717984
vn -0.493552953 0.866882443 0.0701453462
vn -0.528899014 0.838095546 0.133647487
vn -0.49999851 0.860756814 -0.0953900069
vn -0.532004893 0.833660603 0.148259223
vn -0.534967184 0.820909619 -0.199793771
vn -0.512962222 0.857986689 -0.0269941576
vn -0.492503405 0.86766088 -0.0678605139
vn -0.475874186 0.871516407 -0.118333682
vn -0.531238019 0.843598366 -0.0782818571
vn -0.473581553 0.874081135 -0.108179033
vn -0.643309891 0.756993949 0.114510231
vn -0.520377159 0.78586179 0.334109038
vn -0.496817589 0.867852092 -0.002241079
vn -0.481429309 0.737879336 0.473032534
vn -0.450600475 0.824156463 0.343111515
vn -0.166416883 0.42339626 0.89052856
vn -0.119441569 0.161389336 0.979636312
vn -0.625365138 0.759296 0.179967031
vn -0.731297016 0.681899488 -0.0147539685
vn -0.509963632 0.852365315 -0.115803137
vn -0.474362582 0.77359271 0.420160115
vn -0.495820552 0.772933543 0.395898819
vn -0.598054171 0.722976327 0.345885158
vn -0.570034027 0.630739212 0.526525617
vn -0.638410985 0.757719457 -0.135250151
vn -0.604438603 0.790020704 0.102573052
vn -0.508196414 0.770688951 0.38441512
vn -0.665769577 0.707721233 -0.236392558
vn -0.546165526 0.767225087 0.336257279
vn -0.462024868 0.831791103 0.307663172
vn -0.554345489 0.806499541 0.205571577
vn -0.572210729 0.737800479 -0.358085543
vn -0.579842269 0.800975144 0.149069369
vn -0.604198098 0.766279221 0.218542293
vn -0.477034658 0.848563075 0.228863671
vn -0.516522706 0.788243115 0.334480226
vn -0.428175837 0.831496298 0.353948087
vn -0.493783385 0.741721153 0.453902781
vn -0.428411007 0.788830221 0.440693617
vn -0.40879789 0.738473952 0.536227942
vn -0.394157469 0.648814976 0.650906384
vn -0.488980323 0.817741454 0.30363977
vn -0.445564479 0.863732934 0.235452235
vn -0.109315947 0.930827975 0.34872508
vn -0.434752405 0.840368748 0.323682964
vn 0.222812772 0.83529067 0.502636969
vn -0.26343894 0.590961039 0.762472987
vn -0.629554093 0.732310891 0.259581149
vn -0.722452462 0.67965889 0.126989126
vn -0.644177139 0.710397065 0.28349933
vn -0.712043047 0.702053428 0.010758508
vn -0.576822698 0.792574584 0.197739765
vn -0.771409094 0.63624841 0.0107686892
vn -0.387441278 0.918025434 0.084371604
vn -0.887317955 0.0312338173 -0.46009919
vn -0.214422628 0.963455439 0.160550416
vn -0.823827922 0.55207926 -0.128515303
vn 0.315814674 0.896823287 0.309788615
vn 0.0751429349 0.955053151 0.286752522
vn -0.0701285824 0.975787401 -0.20717378
vn 0.41839689 0.891240895 0.175024793
vn 0.26711002 0.806221306 0.52788192
vn -0.056440711 0.914883018 0.399754375
vn 0.476026118 0.827330649 0.298199862
vn -0.639156401 0.760329187 -0.115665995
vn -0.435949296 0.896005154 -0.0843981206
vn -0.270697445 0.914583683 0.300432444
vn -0.549670398 0.777432084 -0.305715293
vn -0.40134573 0.887910962 0.224801823
vn -0.662709832 0.74709636 -0.0516002662
vn -0.374126077 0.914910436 -0.151554108
vn -0.509783447 0.817249 -0.268746972
vn -0.588324547 0.808065891 -0.0300625172
vn -0.546645641 0.828512192 -0.121433809
vn -0.144412458 0.98192203 0.122369096
vn 0.101106107 0.963763177 0.246856481
vn 0.243276447 0.917000711 0.316111237
vn 0.475741267 0.670320392 0.569509208
vn 0.263797909 0.930809438 0.252991289
vn -0.436416566 0.893164396 0.108618855
vn 0.48341313 0.588526368 0.648034394
vn -0.471901923 0.866762936 0.16133976
vn -0.19919534 0.725562155 0.658696294
vn 0.0592981279 0.396680593 0.916039407
vn -0.50410378 0.702913821 0.501788437
vn -0.583024561 0.759752989 0.28785038
vn -0.305293262 0.804280162 0.509832919
vn 0.183333337 0.641897142 0.74455142
vn 0.13601993 0.54982245 0.824132144
vn -0.263981402 0.828852296 0.493272364
vn -0.0368697792 -0.556816638 0.829816699
vn 0.566244721 -0.0278327297 0.823767185
vn 0.229586229 0.430435896 0.872934759
vn 0.371605158 0.780913949 0.502078652
vn -0.451962322 0.778020501 0.436364651
vn -0.601277113 0.665528715 0.442196041
vn -0.607959807 0.79343611 0.0290514547
vn -0.495344341 0.772693098 0.396962851
vn -0.18839851 0.916050911 0.354057491
vn -0.224327937 0.775237262 0.590494871
vn 0.096963048 0.819589794 0.564686358
vn -0.801003754 0.552843988 0.22968775
vn 0.122154176 0.973626912 0.19268921
vn 0.304703683 0.208202228 0.929412425
vn 0.57404834 0.778543174 0.25365153
vn 0.478468806 0.824806571 0.301266551
vn 0.353087485 0.890113354 0.288144857
vn 0.112022482 0.951084077 0.287906319
vn 0.299299419 0.71407336 0.632865727
vn 0.595368624 0.495957553 0.632109463
vn 0.25415498 0.953385472 0.162669614
vn 0.634367645 0.0966281965 0.766968548
vn 0.749866962 0.155999824 0.642933607
vn 0.613092601 0.08747866 0.785152793
vn 0.322223604 0.760263979 0.564066231
vn 0.298614144 0.916536868 0.266063601
vn 0.483058393 0.828853786 0.282233953
vn 0.0604657419 0.94763732 -0.31357187
vn -0.0966948196 0.860328376 0.500484884
vn 0.446943462 0.457042068 -0.768995464
vn 0.295071781 0.143711999 0.944605529
vn -0.0164673738 0.822115719 0.56908226
vn -0.405354857 0.558423698 0.723775208
vn -0.431122899 0.782041371 0.450049251
vn -0.250988841 0.835977435 0.48800239
vn -0.577142239 0.752435803 0.317407131
vn -0.412336439 0.666799128 0.620771706
vn -0.232350096 0.461397082 0.856227815
vn -0.375718772 0.700072229 0.607234895
vn -0.613036871 0.649717569 0.449502885
vn -0.483261555 0.800089419 -0.35540849
vn -0.524659038 0.835694432 0.162319407
vn -0.546705127 0.610498786 -0.573065996
vn -0.620073557 0.729338288 0.289092541
vn -0.644209802 0.725870728 0.24105072
vn -0.864257097 0.477432817 -0.158484936
vn -0.621112227 0.738802075 -0.261516899
vn -0.726031065 0.577154219 -0.373860866
vn -0.737047076 0.634185255 -0.233603418
vn -0.534244478 0.756549954 -0.377113849
vn -0.675443113 0.730224609 -0.102706671
vn -0.597263992 0.651544631 0.467723489
vn -0.791274846 0.514568746 0.330307603
g submesh0
f 1//1 2//2 3//3
f 1//1 3//3 4//4
f 5//5 1//1 4//4
f 5//5 6//6 1//1
f 1//1 6//6 7//7
f 6//6 8//8 7//7
f 9//9 8//8 6//6
f 9//9 10//10 8//8
f 6//6 11//11 9//9
f 10//10 9//9 11//11
f 12//12 6//6 5//5
f 12//12 11//11 6//6
f 5//5 4//4 13//13
f 5//5 13//13 12//12
f 14//14 10//10 11//11
f 12//12 15//15 11//11
f 14//14 11//11 15//15
f 16//16 15//15 12//12
f 16//16 12//12 13//13
f 17//17 10//10 14//14
f 18//18 17//17 14//14
f 19//19 10//10 17//17
f 20//20 14//14 15//15
f 20//20 15//15 16//16
f 20//20 18//18 14//14
f 17//17 21//21 19//19
f 19//19 21//21 22//22
f 21//21 23//23 22//22
f 24//24 21//21 17//17
f 21//21 24//24 23//23
f 17//17 25//25 24//24
f 18//18 25//25 17//17
f 23//23 24//24 26//26
f 26//26 24//24 25//25
f 26//26 27//27 23//23
f 26//26 28//28 27//27
f 26//26 25//25 28//28
f 29//29 27//27 28//28
f 25//25 29//29 28//28
f 29//29 30//30 27//27
f 25//25 18//18 31//31
f 31//31 29//29 25//25
f 32//32 29//29 31//31
f 33//33 30//30 29//29
f 33//33 29//29 32//32
f 33//33 34//34 30//30
f 35//35 34//34 33//33
f 36//36 34//34 35//35
f 35//35 33//33 37//37
f 32//32 37//37 33//33
f 35//35 38//38 36//36
f 37//37 38//38 35//35
f 37//37 39//39 38//38
f 39//39 40//40 38//38
f 41//41 36//36 38//38
f 40//40 41//41 38//38
f 31//31 18//18 42//42
f 32//32 31//31 42//42
f 18//18 43//43 42//42
f 37//37 44//44 39//39
f 44//44 37//37 32//32
f 32//32 42//42 45//45
f 42//42 43//43 45//45
f 46//46 44//44 32//32
f 32//32 45//45 46//46
f 44//44 46//46 39//39
f 46//46 45//45 47//47
f 45//45 43//43 47//47
f 46//46 48//48 39//39
f 46//46 47//47 48//48
f 47//47 49//49 48//48
f 50//50 39//39 48//48
f 43//43 18//18 51//51
f 51//51 18//18 20//20
f 51//51 20//20 52//52
f 43//43 51//51 52//52
f 20//20 16//16 52//52
f 43//43 53//53 47//47
f 49//49 47//47 53//53
f 54//54 43//43 52//52
f 53//53 43//43 54//54
f 55//55 52//52 16//16
f 54//54 52//52 55//55
f 56//56 49//49 53//53
f 53//53 54//54 56//56
f 57//57 55//55 16//16
f 57//57 16//16 13//13
f 58//58 49//49 56//56
f 58//58 48//48 49//49
f 54//54 59//59 56//56
f 56//56 59//59 58//58
f 54//54 55//55 60//60
f 60//60 55//55 57//57
f 59//59 54//54 60//60
f 57//57 13//13 61//61
f 60//60 57//57 61//61
f 58//58 59//59 62//62
f 48//48 58//58 62//62
f 60//60 63//63 59//59
f 60//60 61//61 63//63
f 62//62 59//59 63//63
f 61//61 64//64 63//63
f 61//61 65//65 64//64
f 61//61 13//13 65//65
f 65//65 13//13 4//4
f 62//62 63//63 66//66
f 67//67 63//63 64//64
f 66//66 63//63 67//67
f 68//68 67//67 64//64
f 67//67 68//68 66//66
f 48//48 62//62 69//69
f 66//66 70//70 62//62
f 70//70 69//69 62//62
f 71//71 70//70 66//66
f 71//71 66//66 72//72
f 66//66 68//68 72//72
f 73//73 72//72 68//68
f 68//68 64//64 73//73
f 74//74 69//69 70//70
f 74//74 70//70 71//71
f 75//75 71//71 72//72
f 73//73 75//75 72//72
f 76//76 69//69 74//74
f 69//69 77//77 48//48
f 76//76 77//77 69//69
f 74//74 71//71 78//78
f 78//78 76//76 74//74
f 75//75 73//73 79//79
f 75//75 80//80 71//71
f 80//80 75//75 79//79
f 73//73 64//64 81//81
f 82//82 79//79 73//73
f 73//73 81//81 82//82
f 64//64 83//83 81//81
f 82//82 81//81 84//84
f 81//81 83//83 84//84
f 64//64 85//85 83//83
f 85//85 64//64 65//65
f 85//85 65//65 86//86
f 85//85 86//86 83//83
f 86//86 87//87 83//83
f 84//84 83//83 88//88
f 83//83 87//87 88//88
f 88//88 87//87 89//89
f 88//88 89//89 90//90
f 90//90 84//84 88//88
f 82//82 84//84 90//90
f 82//82 91//91 79//79
f 90//90 91//91 82//82
f 86//86 65//65 92//92
f 92//92 65//65 4//4
f 86//86 92//92 93//93
f 92//92 4//4 93//93
f 86//86 93//93 87//87
f 4//4 94//94 93//93
f 94//94 87//87 93//93
f 4//4 3//3 94//94
f 3//3 95//95 94//94
f 94//94 95//95 87//87
f 95//95 3//3 96//96
f 95//95 96//96 97//97
f 95//95 97//97 98//98
f 87//87 95//95 99//99
f 99//99 95//95 98//98
f 98//98 100//100 99//99
f 89//89 87//87 99//99
f 100//100 101//101 99//99
f 99//99 101//101 89//89
f 100//100 102//102 101//101
f 101//101 102//102 103//103
f 101//101 103//103 89//89
f 103//103 102//102 104//104
f 103//103 104//104 105//105
f 105//105 104//104 106//106
f 103//103 105//105 107//107
f 89//89 103//103 108//108
f 103//103 107//107 108//108
f 108//108 109//109 89//89
f 105//105 106//106 110//110
f 110//110 107//107 105//105
f 110//110 111//111 107//107
f 112//112 108//108 107//107
f 107//107 111//111 112//112
f 108//108 112//112 113//113
f 113//113 109//109 108//108
f 113//113 112//112 114//114
f 112//112 111//111 114//114
f 113//113 114//114 109//109
f 89//89 109//109 115//115
f 115//115 90//90 89//89
f 90//90 115//115 116//116
f 90//90 116//116 91//91
f 91//91 116//116 117//117
f 79//79 91//91 117//117
f 117//117 116//116 118//118
f 119//119 117//117 118//118
f 117//117 80//80 79//79
f 119//119 80//80 117//117
f 120//120 80//80 119//119
f 118//118 120//120 119//119
f 80//80 120//120 121//121
f 71//71 80//80 121//121
f 120//120 118//118 122//122
f 120//120 122//122 121//121
f 121//121 123//123 71//71
f 123//123 78//78 71//71
f 122//122 124//124 121//121
f 124//124 123//123 121//121
f 125//125 124//124 122//122
f 125//125 122//122 118//118
f 126//126 123//123 124//124
f 126//126 124//124 125//125
f 78//78 123//123 127//127
f 127//127 128//128 78//78
f 128//128 76//76 78//78
f 129//129 127//127 123//123
f 129//129 128//128 127//127
f 126//126 129//129 123//123
f 128//128 130//130 76//76
f 129//129 130//130 128//128
f 130//130 77//77 76//76
f 129//129 126//126 131//131
f 130//130 129//129 131//131
f 132//132 126//126 125//125
f 132//132 131//131 126//126
f 125//125 118//118 133//133
f 125//125 133//133 132//132
f 134//134 132//132 133//133
f 135//135 134//134 133//133
f 132//132 136//136 131//131
f 132//132 134//134 136//136
f 136//136 134//134 137//137
f 138//138 136//136 137//137
f 131//131 136//136 138//138
f 139//139 131//131 138//138
f 139//139 130//130 131//131
f 139//139 140//140 130//130
f 140//140 77//77 130//130
f 141//141 77//77 140//140
f 142//142 140//140 139//139
f 142//142 139//139 138//138
f 140//140 142//142 141//141
f 142//142 143//143 141//141
f 77//77 141//141 144//144
f 144//144 48//48 77//77
f 144//144 145//145 48//48
f 144//144 141//141 145//145
f 145//145 50//50 48//48
f 141//141 50//50 145//145
f 146//146 50//50 141//141
f 143//143 146//146 141//141
f 39//39 50//50 146//146
f 146//146 147//147 39//39
f 39//39 147//147 40//40
f 148//148 146//146 143//143
f 146//146 148//148 147//147
f 149//149 148//148 143//143
f 149//149 147//147 148//148
f 147//147 149//149 150//150
f 151//151 40//40 147//147
f 147//147 150//150 151//151
f 152//152 150//150 149//149
f 152//152 149//149 143//143
f 152//152 143//143 153//153
f 154//154 150//150 152//152
f 151//151 150//150 154//154
f 153//153 154//154 152//152
f 155//155 153//153 143//143
f 143//143 142//142 155//155
f 156//156 155//155 142//142
f 155//155 156//156 153//153
f 142//142 138//138 156//156
f 156//156 157//157 153//153
f 156//156 138//138 158//158
f 158//158 157//157 156//156
f 158//158 138//138 159//159
f 159//159 157//157 158//158
f 160//160 159//159 138//138
f 157//157 159//159 161//161
f 159//159 160//160 161//161
f 157//157 161//161 162//162
f 163//163 153//153 157//157
f 163//163 157//157 162//162
f 160//160 138//138 164//164
f 164//164 138//138 137//137
f 161//161 160//160 165//165
f 161//161 165//165 162//162
f 165//165 160//160 164//164
f 163//163 166//166 153//153
f 154//154 153//153 166//166
f 167//167 165//165 164//164
f 164//164 137//137 168//168
f 164//164 168//168 167//167
f 169//169 165//165 167//167
f 162//162 165//165 169//169
f 168//168 170//170 167//167
f 167//167 170//170 169//169
f 163//163 162//162 171//171
f 172//172 166//166 163//163
f 171//171 172//172 163//163
f 173//173 154//154 166//166
f 166//166 172//172 174//174
f 173//173 166//166 174//174
f 173//173 175//175 154//154
f 154//154 175//175 151//151
f 172//172 171//171 176//176
f 172//172 176//176 174//174
f 173//173 174//174 177//177
f 175//175 173//173 177//177
f 178//178 177//177 174//174
f 176//176 179//179 174//174
f 178//178 174//174 179//179
f 180//180 179//179 176//176
f 180//180 178//178 179//179
f 181//181 162//162 169//169
f 182//182 171//171 162//162
f 182//182 162//162 181//181
f 181//181 169//169 183//183
f 183//183 184//184 181//181
f 169//169 170//170 183//183
f 170//170 185//185 183//183
f 183//183 185//185 184//184
f 182//182 181//181 186//186
f 186//186 181//181 184//184
f 187//187 185//185 170//170
f 168//168 187//187 170//170
f 186//186 188//188 182//182
f 186//186 184//184 188//188
f 189//189 187//187 168//168
f 168//168 137//137 189//189
f 190//190 171//171 182//182
f 188//188 191//191 182//182
f 191//191 190//190 182//182
f 190//190 192//192 171//171
f 192//192 176//176 171//171
f 191//191 193//193 190//190
f 190//190 193//193 192//192
f 193//193 194//194 192//192
f 194//194 193//193 195//195
f 191//191 195//195 193//193
f 194//194 195//195 196//196
f 197//197 176//176 192//192
f 192//192 194//194 197//197
f 176//176 197//197 180//180
f 195//195 191//191 198//198
f 191//191 188//188 198//198
f 195//195 198//198 196//196
f 199//199 198//198 188//188
f 188//188 184//184 199//199
f 197//197 200//200 180//180
f 180//180 200//200 178//178
f 198//198 201//201 196//196
f 198//198 199//199 201//201
f 184//184 202//202 199//199
f 203//203 201//201 199//199
f 199//199 202//202 203//203
f 204//204 202//202 184//184
f 185//185 204//204 184//184
f 197//197 205//205 200//200
f 178//178 200//200 206//206
f 200//200 205//205 206//206
f 207//207 178//178 206//206
f 178//178 207//207 208//208
f 178//178 208//208 177//177
f 205//205 197//197 209//209
f 209//209 210//210 205//205
f 210//210 211//211 205//205
f 205//205 211//211 206//206
f 206//206 211//211 207//207
f 209//209 197//197 194//194
f 208//208 212//212 177//177
f 175//175 177//177 212//212
f 213//213 211//211 210//210
f 207//207 211//211 213//213
f 194//194 214//214 209//209
f 209//209 214//214 210//210
f 215//215 175//175 212//212
f 175//175 215//215 151//151
f 216//216 151//151 215//215
f 216//216 40//40 151//151
f 217//217 40//40 216//216
f 215//215 217//217 216//216
f 40//40 217//217 218//218
f 41//41 40//40 218//218
f 41//41 218//218 219//219
f 218//218 217//217 219//219
f 220//220 217//217 215//215
f 219//219 217//217 220//220
f 221//221 215//215 212//212
f 221//221 220//220 215//215
f 219//219 220//220 222//222
f 222//222 220//220 221//221
f 223//223 219//219 222//222
f 224//224 223//223 222//222
f 221//221 212//212 225//225
f 208//208 225//225 212//212
f 226//226 222//222 221//221
f 225//225 226//226 221//221
f 224//224 222//222 227//227
f 226//226 227//227 222//222
f 228//228 224//224 227//227
f 227//227 226//226 228//228
f 224//224 228//228 229//229
f 229//229 228//228 230//230
f 226//226 230//230 228//228
f 230//230 231//231 229//229
f 225//225 208//208 232//232
f 208//208 207//207 232//232
f 233//233 226//226 225//225
f 233//233 230//230 226//226
f 234//234 231//231 230//230
f 234//234 235//235 231//231
f 236//236 235//235 234//234
f 236//236 237//237 235//235
f 238//238 237//237 236//236
f 239//239 234//234 230//230
f 230//230 233//233 239//239
f 239//239 236//236 234//234
f 236//236 239//239 240//240
f 241//241 240//240 239//239
f 239//239 233//233 241//241
f 232//232 242//242 225//225
f 225//225 242//242 233//233
f 238//238 236//236 243//243
f 243//243 244//244 238//238
f 232//232 245//245 242//242
f 232//232 207//207 245//245
f 246//246 245//245 207//207
f 233//233 242//242 247//247
f 242//242 245//245 247//247
f 233//233 247//247 241//241
f 245//245 246//246 247//247
f 246//246 241//241 247//247
f 248//248 243//243 236//236
f 248//248 236//236 240//240
f 243//243 249//249 244//244
f 248//248 249//249 243//243
f 250//250 244//244 249//249
f 251//251 249//249 248//248
f 248//248 240//240 251//251
f 252//252 250//250 249//249
f 252//252 249//249 251//251
f 207//207 253//253 246//246
f 213//213 253//253 207//207
f 246//246 254//254 241//241
f 241//241 254//254 240//240
f 250//250 252//252 255//255
f 255//255 256//256 250//250
f 257//257 256//256 255//255
f 255//255 258//258 257//257
f 258//258 259//259 257//257
f 260//260 255//255 252//252
f 258//258 255//255 260//260
f 252//252 251//251 261//261
f 261//261 260//260 252//252
f 240//240 262//262 251//251
f 262//262 261//261 251//251
f 258//258 260//260 263//263
f 261//261 263//263 260//260
f 263//263 264//264 258//258
f 259//259 258//258 265//265
f 259//259 265//265 266//266
f 265//265 258//258 266//266
f 266//266 258//258 264//264
f 259//259 266//266 267//267
f 266//266 264//264 267//267
f 263//263 261//261 268//268
f 261//261 262//262 269//269
f 268//268 261//261 269//269
f 262//262 270//270 269//269
f 268//268 271//271 263//263
f 263//263 271//271 264//264
f 269//269 270//270 272//272
f 269//269 272//272 273//273
f 274//274 273//273 272//272
f 275//275 268//268 269//269
f 273//273 275//275 269//269
f 271//271 268//268 275//275
f 274//274 275//275 273//273
f 271//271 275//275 276//276
f 264//264 271//271 277//277
f 277//277 271//271 276//276
f 278//278 275//275 274//274
f 276//276 275//275 278//278
f 279//279 276//276 278//278
f 279//279 280//280 276//276
f 276//276 280//280 277//277
f 281//281 278//278 274//274
f 281//281 279//279 278//278
f 282//282 281//281 274//274
f 274//274 272//272 283//283
f 283//283 282//282 274//274
f 284//284 264//264 277//277
f 285//285 277//277 280//280
f 285//285 284//284 277//277
f 286//286 264//264 284//284
f 267//267 264//264 286//286
f 287//287 267//267 286//286
f 267//267 287//287 288//288
f 287//287 286//286 288//288
f 286//286 284//284 288//288
f 284//284 289//289 288//288
f 285//285 289//289 284//284
f 285//285 290//290 289//289
f 289//289 291//291 288//288
f 290//290 291//291 289//289
f 292//292 291//291 290//290
f 293//293 285//285 280//280
f 293//293 290//290 285//285
f 293//293 280//280 294//294
f 293//293 294//294 290//290
f 279//279 294//294 280//280
f 295//295 292//292 290//290
f 292//292 295//295 296//296
f 297//297 295//295 290//290
f 295//295 297//297 296//296
f 297//297 290//290 294//294
f 297//297 298//298 296//296
f 297//297 294//294 298//298
f 294//294 279//279 298//298
f 298//298 279//279 299//299
f 300//300 299//299 279//279
f 301//301 299//299 300//300
f 302//302 301//301 300//300
f 303//303 300//300 279//279
f 281//281 303//303 279//279
f 304//304 302//302 300//300
f 304//304 305//305 302//302
f 306//306 305//305 304//304
f 281//281 307//307 303//303
f 303//303 308//308 300//300
f 308//308 303//303 307//307
f 300//300 309//309 304//304
f 300//300 308//308 309//309
f 308//308 310//310 309//309
f 304//304 311//311 306//306
f 311//311 304//304 309//309
f 312//312 307//307 281//281
f 313//313 307//307 312//312
f 307//307 313//313 314//314
f 307//307 314//314 308//308
f 314//314 310//310 308//308
f 310//310 314//314 315//315
f 312//312 281//281 282//282
f 282//282 313//313 312//312
f 316//316 306//306 311//311
f 317//317 306//306 316//316
f 316//316 318//318 317//317
f 316//316 311//311 318//318
f 309//309 319//319 311//311
f 319//319 318//318 311//311
f 319//319 309//309 310//310
f 320//320 318//318 319//319
f 321//321 318//318 320//320
f 322//322 321//321 320//320
f 320//320 323//323 322//322
f 324//324 319//319 310//310
f 324//324 320//320 319//319
f 320//320 325//325 323//323
f 326//326 323//323 325//325
f 320//320 324//324 327//327
f 327//327 324//324 310//310
f 320//320 327//327 325//325
f 327//327 310//310 328//328
f 328//328 325//325 327//327
f 315//315 328//328 310//310
f 315//315 325//325 328//328
f 326//326 325//325 315//315
f 315//315 329//329 326//326
f 330//330 329//329 315//315
f 330//330 315//315 331//331
f 330//330 331//331 332//332
f 331//331 315//315 314//314
f 333//333 332//332 331//331
f 331//331 314//314 333//333
f 334//334 332//332 333//333
f 313//313 333//333 314//314
f 335//335 334//334 333//333
f 335//335 336//336 334//334
f 337//337 333//333 313//313
f 337//337 335//335 333//333
f 336//336 335//335 338//338
f 336//336 338//338 339//339
f 335//335 337//337 340//340
f 340//340 338//338 335//335
f 339//339 338//338 341//341
f 339//339 341//341 342//342
f 338//338 340//340 343//343
f 338//338 343//343 341//341
f 341//341 344//344 342//342
f 344//344 345//345 342//342
f 340//340 337//337 346//346
f 346//346 343//343 340//340
f 347//347 346//346 337//337
f 337//337 348//348 347//347
f 313//313 348//348 337//337
f 341//341 343//343 349//349
f 344//344 341//341 349//349
f 350//350 343//343 346//346
f 343//343 350//350 349//349
f 351//351 350//350 346//346
f 346//346 347//347 351//351
f 350//350 352//352 349//349
f 351//351 352//352 350//350
f 353//353 349//349 352//352
f 352//352 354//354 353//353
f 344//344 349//349 355//355
f 355//355 349//349 353//353
f 351//351 356//356 352//352
f 356//356 354//354 352//352
f 357//357 344//344 355//355
f 357//357 345//345 344//344
f 355//355 358//358 357//357
f 357//357 358//358 345//345
f 358//358 355//355 353//353
f 345//345 358//358 359//359
f 360//360 351//351 347//347
f 356//356 351//351 360//360
f 361//361 358//358 353//353
f 361//361 359//359 358//358
f 361//361 353//353 362//362
f 362//362 359//359 361//361
f 362//362 353//353 363//363
f 353//353 354//354 363//363
f 364//364 359//359 362//362
f 359//359 364//364 365//365
f 364//364 366//366 365//365
f 367//367 364//364 362//362
f 366//366 364//364 367//367
f 356//356 360//360 368//368
f 360//360 347//347 369//369
f 368//368 360//360 369//369
f 368//368 370//370 356//356
f 356//356 370//370 354//354
f 368//368 371//371 370//370
f 369//369 371//371 368//368
f 354//354 370//370 371//371
f 354//354 372//372 363//363
f 373//373 354//354 371//371
f 354//354 373//373 372//372
f 373//373 371//371 374//374
f 371//371 369//369 374//374
f 373//373 374//374 372//372
f 375//375 374//374 369//369
f 372//372 374//374 376//376
f 375//375 376//376 374//374
f 375//375 377//377 376//376
f 376//376 377//377 378//378
f 379//379 376//376 378//378
f 363//363 372//372 380//380
f 362//362 363//363 380//380
f 376//376 381//381 372//372
f 381//381 380//380 372//372
f 376//376 382//382 381//381
f 379//379 382//382 376//376
f 381//381 382//382 380//380
f 380//380 382//382 383//383
f 382//382 379//379 383//383
f 375//375 369//369 384//384
f 385//385 375//375 384//384
f 347//347 384//384 369//369
f 385//385 384//384 347//347
f 386//386 362//362 380//380
f 383//383 386//386 380//380
f 385//385 347//347 387//387
f 387//387 347//347 348//348
f 348//348 388//388 387//387
f 387//387 388//388 385//385
f 389//389 385//385 388//388
f 388//388 348//348 390//390
f 348//348 313//313 390//390
f 391//391 390//390 313//313
f 391//391 313//313 282//282
f 392//392 390//390 391//391
f 392//392 388//388 390//390
f 392//392 391//391 282//282
f 388//388 393//393 389//389
f 388//388 392//392 393//393
f 389//389 393//393 394//394
f 282//282 395//395 392//392
f 395//395 282//282 283//283
f 393//393 392//392 396//396
f 396//396 392//392 395//395
f 283//283 397//397 395//395
f 272//272 397//397 283//283
f 395//395 397//397 398//398
f 395//395 398//398 396//396
f 396//396 399//399 393//393
f 394//394 393//393 399//399
f 399//399 396//396 400//400
f 398//398 400//400 396//396
f 397//397 272//272 401//401
f 398//398 397//397 401//401
f 398//398 401//401 402//402
f 272//272 402//402 401//401
f 403//403 394//394 399//399
f 400//400 403//403 399//399
f 404//404 400//400 398//398
f 398//398 402//402 404//404
f 403//403 400//400 405//405
f 404//404 405//405 400//400
f 272//272 406//406 402//402
f 407//407 404//404 402//402
f 406//406 407//407 402//402
f 272//272 408//408 406//406
f 270//270 408//408 272//272
f 409//409 406//406 408//408
f 406//406 409//409 407//407
f 408//408 270//270 410//410
f 408//408 410//410 409//409
f 411//411 409//409 410//410
f 410//410 412//412 411//411
f 270//270 412//412 410//410
f 409//409 413//413 407//407
f 413//413 409//409 411//411
f 407//407 413//413 414//414
f 414//414 404//404 407//407
f 413//413 411//411 414//414
f 415//415 404//404 414//414
f 404//404 415//415 405//405
f 415//415 414//414 416//416
f 414//414 411//411 416//416
f 415//415 417//417 405//405
f 416//416 417//417 415//415
f 417//417 418//418 405//405
f 405//405 418//418 403//403
f 417//417 419//419 418//418
f 418//418 420//420 403//403
f 418//418 419//419 420//420
f 420//420 419//419 421//421
f 420//420 422//422 403//403
f 420//420 421//421 422//422
f 403//403 422//422 394//394
f 417//417 416//416 423//423
f 417//417 423//423 419//419
f 424//424 422//422 421//421
f 394//394 422//422 424//424
f 411//411 425//425 416//416
f 426//426 423//423 416//416
f 416//416 425//425 426//426
f 426//426 425//425 427//427
f 427//427 423//423 426//426
f 428//428 425//425 411//411
f 425//425 428//428 427//427
f 429//429 428//428 411//411
f 411//411 412//412 429//429
f 430//430 427//427 428//428
f 429//429 430//430 428//428
f 431//431 419//419 423//423
f 421//421 419//419 432//432
f 419//419 431//431 432//432
f 431//431 433//433 432//432
f 431//431 423//423 434//434
f 434//434 423//423 427//427
f 421//421 432//432 435//435
f 432//432 433//433 435//435
f 421//421 435//435 436//436
f 436//436 435//435 433//433
f 437//437 431//431 434//434
f 437//437 433//433 431//431
f 421//421 436//436 438//438
f 439//439 438//438 436//436
f 424//424 421//421 438//438
f 438//438 439//439 424//424
f 440//440 424//424 439//439
f 394//394 424//424 440//440
f 394//394 440//440 441//441
f 441//441 389//389 394//394
f 441//441 440//440 442//442
f 442//442 389//389 441//441
f 442//442 440//440 443//443
f 442//442 443//443 389//389
f 440//440 439//439 443//443
f 444//444 389//389 443//443
f 389//389 444//444 385//385
f 444//444 445//445 385//385
f 445//445 375//375 385//385
f 444//444 375//375 445//445
f 377//377 375//375 444//444
f 443//443 377//377 444//444
f 443//443 439//439 377//377
f 439//439 446//446 377//377
f 447//447 446//446 439//439
f 439//439 436//436 447//447
f 448//448 377//377 446//446
f 377//377 448//448 378//378
f 447//447 449//449 446//446
f 448//448 446//446 449//449
f 450//450 449//449 447//447
f 451//451 448//448 449//449
f 450//450 451//451 449//449
f 447//447 436//436 452//452
f 453//453 450//450 447//447
f 447//447 452//452 453//453
f 448//448 454//454 378//378
f 448//448 451//451 455//455
f 448//448 455//455 454//454
f 452//452 436//436 456//456
f 456//456 436//436 457//457
f 436//436 433//433 457//457
f 453//453 452//452 458//458
f 458//458 459//459 453//453
f 459//459 450//450 453//453
f 452//452 460//460 458//458
f 460//460 452//452 456//456
f 459//459 458//458 460//460
f 459//459 460//460 461//461
f 462//462 459//459 461//461
f 462//462 450//450 459//459
f 450//450 463//463 451//451
f 462//462 463//463 450//450
f 462//462 464//464 463//463
f 464//464 462//462 465//465
f 465//465 462//462 461//461
f 464//464 466//466 463//463
f 451//451 463//463 466//466
f 455//455 451//451 466//466
f 464//464 455//455 466//466
f 467//467 460//460 456//456
f 467//467 461//461 460//460
f 468//468 467//467 456//456
f 461//461 467//467 469//469
f 467//467 468//468 469//469
f 470//470 468//468 456//456
f 457//457 470//470 456//456
f 471//471 469//469 468//468
f 470//470 471//471 468//468
f 472//472 470//470 457//457
f 457//457 433//433 472//472
f 473//473 472//472 433//433
f 473//473 433//433 437//437
f 474//474 470//470 472//472
f 471//471 470//470 475//475
f 475//475 470//470 474//474
f 476//476 474//474 472//472
f 473//473 476//476 472//472
f 475//475 474//474 477//477
f 477//477 474//474 476//476
f 473//473 478//478 476//476
f 478//478 477//477 476//476
f 473//473 437//437 479//479
f 478//478 473//473 479//479
f 475//475 477//477 480//480
f 475//475 480//480 471//471
f 437//437 481//481 479//479
f 481//481 437//437 434//434
f 482//482 477//477 478//478
f 482//482 480//480 477//477
f 434//434 483//483 481//481
f 483//483 434//434 427//427
f 484//484 483//483 427//427
f 483//483 484//484 481//481
f 484//484 427//427 430//430
f 479//479 481//481 210//210
f 484//484 210//210 481//481
f 485//485 484//484 430//430
f 210//210 484//484 485//485
f 485//485 430//430 429//429
f 214//214 479//479 210//210
f 479//479 214//214 478//478
f 210//210 485//485 213//213
f 214//214 194//194 478//478
f 482//482 478//478 194//194
f 485//485 253//253 213//213
f 253//253 485//485 429//429
f 194//194 196//196 482//482
f 196//196 480//480 482//482
f 429//429 486//486 253//253
f 253//253 486//486 246//246
f 412//412 486//486 429//429
f 487//487 246//246 486//486
f 412//412 487//487 486//486
f 487//487 254//254 246//246
f 412//412 488//488 487//487
f 488//488 412//412 270//270
f 489//489 254//254 487//487
f 489//489 487//487 488//488
f 490//490 488//488 270//270
f 488//488 490//490 489//489
f 490//490 270//270 262//262
f 489//489 490//490 262//262
f 489//489 262//262 240//240
f 240//240 254//254 491//491
f 489//489 240//240 491//491
f 254//254 489//489 491//491
f 492//492 480//480 196//196
f 492//492 196//196 493//493
f 196//196 201//201 493//493
f 493//493 201//201 494//494
f 203//203 494//494 201//201
f 493//493 494//494 495//495
f 493//493 495//495 492//492
f 203//203 496//496 494//494
f 495//495 494//494 496//496
f 202//202 496//496 203//203
f 497//497 480//480 492//492
f 497//497 471//471 480//480
f 498//498 492//492 495//495
f 497//497 492//492 498//498
f 471//471 497//497 499//499
f 499//499 497//497 498//498
f 499//499 469//469 471//471
f 496//496 202//202 500//500
f 204//204 500//500 202//202
f 495//495 496//496 501//501
f 495//495 501//501 498//498
f 500//500 501//501 496//496
f 502//502 499//499 498//498
f 498//498 501//501 502//502
f 499//499 503//503 469//469
f 503//503 499//499 502//502
f 469//469 503//503 504//504
f 469//469 504//504 461//461
f 500//500 505//505 501//501
f 505//505 502//502 501//501
f 506//506 503//503 502//502
f 503//503 506//506 504//504
f 506//506 502//502 507//507
f 505//505 507//507 502//502
f 506//506 508//508 504//504
f 508//508 506//506 507//507
f 504//504 509//509 461//461
f 508//508 509//509 504//504
f 461//461 509//509 510//510
f 510//510 509//509 511//511
f 510//510 465//465 461//461
f 512//512 509//509 508//508
f 512//512 511//511 509//509
f 507//507 513//513 508//508
f 508//508 513//513 512//512
f 514//514 507//507 505//505
f 514//514 513//513 507//507
f 512//512 513//513 515//515
f 515//515 513//513 514//514
f 514//514 505//505 516//516
f 516//516 505//505 500//500
f 500//500 517//517 516//516
f 204//204 517//517 500//500
f 518//518 517//517 204//204
f 518//518 516//516 517//517
f 518//518 204//204 185//185
f 518//518 185//185 519//519
f 520//520 518//518 519//519
f 185//185 187//187 519//519
f 519//519 187//187 520//520
f 516//516 518//518 521//521
f 521//521 518//518 520//520
f 522//522 514//514 516//516
f 516//516 521//521 522//522
f 523//523 514//514 522//522
f 514//514 523//523 515//515
f 520//520 187//187 524//524
f 189//189 524//524 187//187
f 189//189 525//525 524//524
f 189//189 137//137 525//525
f 522//522 521//521 526//526
f 523//523 522//522 526//526
f 527//527 520//520 524//524
f 527//527 524//524 525//525
f 528//528 527//527 525//525
f 529//529 525//525 137//137
f 529//529 528//528 525//525
f 520//520 527//527 530//530
f 528//528 530//530 527//527
f 531//531 521//521 520//520
f 520//520 530//530 531//531
f 526//526 521//521 532//532
f 521//521 531//531 532//532
f 531//531 530//530 533//533
f 532//532 531//531 533//533
f 526//526 532//532 534//534
f 534//534 523//523 526//526
f 535//535 534//534 532//532
f 532//532 533//533 535//535
f 523//523 534//534 536//536
f 534//534 535//535 536//536
f 137//137 537//537 529//529
f 537//537 137//137 134//134
f 538//538 529//529 537//537
f 134//134 538//538 537//537
f 533//533 530//530 539//539
f 530//530 528//528 539//539
f 536//536 540//540 523//523
f 515//515 523//523 540//540
f 528//528 529//529 541//541
f 529//529 538//538 541//541
f 538//538 134//134 542//542
f 542//542 134//134 135//135
f 543//543 515//515 540//540
f 543//543 512//512 515//515
f 543//543 544//544 512//512
f 544//544 543//543 545//545
f 512//512 544//544 511//511
f 540//540 546//546 543//543
f 546//546 545//545 543//543
f 540//540 547//547 546//546
f 540//540 536//536 547//547
f 547//547 536//536 548//548
f 547//547 548//548 549//549
f 548//548 536//536 535//535
f 546//546 547//547 550//550
f 545//545 546//546 551//551
f 551//551 546//546 550//550
f 551//551 550//550 552//552
f 553//553 550//550 547//547
f 553//553 547//547 549//549
f 553//553 552//552 550//550
f 551//551 554//554 545//545
f 552//552 554//554 551//551
f 555//555 553//553 549//549
f 552//552 553//553 555//555
f 535//535 556//556 548//548
f 548//548 557//557 549//549
f 548//548 556//556 557//557
f 558//558 556//556 535//535
f 533//533 558//558 535//535
f 558//558 533//533 559//559
f 559//559 556//556 558//558
f 539//539 559//559 533//533
f 560//560 557//557 556//556
f 556//556 559//559 560//560
f 560//560 561//561 557//557
f 559//559 539//539 562//562
f 528//528 562//562 539//539
f 560//560 559//559 563//563
f 559//559 562//562 563//563
f 561//561 560//560 563//563
f 563//563 564//564 561//561
f 562//562 528//528 565//565
f 563//563 562//562 565//565
f 565//565 528//528 541//541
f 563//563 565//565 566//566
f 563//563 566//566 564//564
f 541//541 567//567 565//565
f 566//566 565//565 567//567
f 541//541 568//568 567//567
f 538//538 568//568 541//541
f 566//566 567//567 569//569
f 568//568 569//569 567//567
f 566//566 569//569 564//564
f 538//538 570//570 568//568
f 570//570 569//569 568//568
f 570//570 538//538 542//542
f 571//571 569//569 570//570
f 564//564 569//569 571//571
f 570//570 542//542 572//572
f 570//570 572//572 571//571
f 571//571 572//572 573//573
f 574//574 571//571 573//573
f 542//542 135//135 572//572
f 572//572 135//135 573//573
f 564//564 571//571 575//575
f 575//575 571//571 574//574
f 574//574 576//576 575//575
f 577//577 576//576 574//574
f 578//578 576//576 577//577
f 564//564 575//575 579//579
f 579//579 575//575 576//576
f 564//564 579//579 580//580
f 561//561 564//564 580//580
f 579//579 561//561 580//580
f 561//561 579//579 581//581
f 579//579 576//576 582//582
f 581//581 579//579 582//582
f 581//581 582//582 583//583
f 561//561 581//581 584//584
f 557//557 561//561 584//584
f 585//585 557//557 584//584
f 549//549 557//557 585//585
f 584//584 581//581 586//586
f 584//584 586//586 585//585
f 587//587 549//549 585//585
f 586//586 588//588 585//585
f 585//585 588//588 587//587
f 589//589 586//586 581//581
f 586//586 589//589 588//588
f 549//549 587//587 590//590
f 555//555 549//549 590//590
f 591//591 587//587 588//588
f 588//588 589//589 591//591
f 587//587 591//591 590//590
f 581//581 592//592 589//589
f 583//583 592//592 581//581
f 593//593 589//589 592//592
f 591//591 589//589 593//593
f 592//592 583//583 593//593
f 593//593 583//583 594//594
f 590//590 595//595 555//555
f 595//595 552//552 555//555
f 552//552 595//595 596//596
f 597//597 591//591 593//593
f 597//597 593//593 594//594
f 591//591 598//598 590//590
f 590//590 598//598 595//595
f 598//598 591//591 597//597
f 598//598 599//599 595//595
f 595//595 599//599 596//596
f 600//600 598//598 597//597
f 599//599 598//598 600//600
f 597//597 601//601 600//600
f 601//601 597//597 594//594
f 602//602 552//552 596//596
f 554//554 552//552 602//602
f 602//602 596//596 603//603
f 604//604 602//602 603//603
f 602//602 604//604 554//554
f 545//545 554//554 604//604
f 599//599 600//600 605//605
f 600//600 601//601 605//605
f 545//545 604//604 606//606
f 545//545 606//606 607//607
f 545//545 607//607 544//544
f 606//606 604//604 608//608
f 604//604 603//603 608//608
f 608//608 607//607 606//606
f 608//608 609//609 607//607
f 603//603 609//609 608//608
f 610//610 544//544 607//607
f 607//607 609//609 610//610
f 511//511 544//544 610//610
f 599//599 605//605 611//611
f 611//611 612//612 599//599
f 611//611 605//605 612//612
f 612//612 605//605 613//613
f 613//613 605//605 614//614
f 601//601 614//614 605//605
f 612//612 596//596 599//599
f 614//614 601//601 615//615
f 594//594 615//615 601//601
f 594//594 616//616 615//615
f 617//617 614//614 615//615
f 613//613 614//614 617//617
f 616//616 617//617 615//615
f 617//617 616//616 613//613
f 618//618 596//596 612//612
f 612//612 613//613 619//619
f 618//618 612//612 619//619
f 618//618 620//620 596//596
f 596//596 620//620 603//603
f 621//621 616//616 594//594
f 621//621 622//622 616//616
f 621//621 594//594 623//623
f 623//623 622//622 621//621
f 623//623 594//594 583//583
f 623//623 583//583 624//624
f 622//622 623//623 624//624
f 625//625 624//624 583//583
f 583//583 582//582 625//625
f 625//625 582//582 626//626
f 626//626 582//582 576//576
f 625//625 627//627 624//624
f 626//626 627//627 625//625
f 628//628 624//624 627//627
f 624//624 628//628 622//622
f 626//626 629//629 627//627
f 628//628 627//627 629//629
f 576//576 630//630 626//626
f 626//626 630//630 629//629
f 628//628 629//629 631//631
f 630//630 631//631 629//629
f 632//632 630//630 576//576
f 632//632 576//576 578//578
f 633//633 630//630 632//632
f 631//631 630//630 633//633
f 634//634 632//632 578//578
f 632//632 634//634 633//633
f 635//635 634//634 578//578
f 633//633 634//634 636//636
f 636//636 634//634 635//635
f 631//631 633//633 637//637
f 633//633 636//636 637//637
f 628//628 631//631 638//638
f 638//638 631//631 637//637
f 639//639 622//622 628//628
f 639//639 628//628 638//638
f 635//635 578//578 640//640
f 641//641 635//635 640//640
f 635//635 641//641 642//642
f 578//578 577//577 640//640
f 643//643 637//637 636//636
f 637//637 644//644 638//638
f 644//644 637//637 643//643
f 635//635 645//645 636//636
f 645//645 643//643 636//636
f 635//635 646//646 645//645
f 635//635 642//642 646//646
f 642//642 647//647 646//646
f 648//648 645//645 646//646
f 645//645 648//648 643//643
f 648//648 646//646 647//647
f 648//648 649//649 643//643
f 647//647 649//649 648//648
f 644//644 650//650 638//638
f 644//644 651//651 650//650
f 651//651 644//644 652//652
f 652//652 644//644 643//643
f 652//652 643//643 649//649
f 649//649 653//653 652//652
f 638//638 650//650 639//639
f 639//639 650//650 651//651
f 654//654 649//649 647//647
f 649//649 654//654 653//653
f 653//653 654//654 655//655
f 653//653 656//656 652//652
f 652//652 656//656 651//651
f 653//653 657//657 656//656
f 656//656 657//657 651//651
f 651//651 658//658 639//639
f 658//658 659//659 639//639
f 622//622 639//639 659//659
f 622//622 659//659 660//660
f 660//660 616//616 622//622
f 659//659 658//658 661//661
f 659//659 661//661 660//660
f 662//662 661//661 658//658
f 662//662 660//660 661//661
f 660//660 662//662 663//663
f 660//660 664//664 616//616
f 660//660 663//663 664//664
f 664//664 613//613 616//616
f 658//658 651//651 665//665
f 665//665 662//662 658//658
f 665//665 651//651 666//666
f 651//651 657//657 666//666
f 666//666 662//662 665//665
f 667//667 613//613 664//664
f 667//667 664//664 663//663
f 613//613 667//667 668//668
f 667//667 663//663 668//668
f 668//668 619//619 613//613
f 666//666 657//657 669//669
f 666//666 669//669 662//662
f 619//619 668//668 670//670
f 670//670 618//618 619//619
f 657//657 671//671 669//669
f 657//657 653//653 671//671
f 671//671 653//653 672//672
f 653//653 655//655 672//672
f 671//671 672//672 673//673
f 669//669 671//671 673//673
f 655//655 673//673 672//672
f 670//670 668//668 674//674
f 675//675 618//618 670//670
f 675//675 670//670 674//674
f 676//676 618//618 675//675
f 618//618 676//676 620//620
f 674//674 668//668 677//677
f 668//668 663//663 677//677
f 675//675 674//674 678//678
f 676//676 675//675 678//678
f 679//679 620//620 676//676
f 679//679 603//603 620//620
f 674//674 680//680 678//678
f 680//680 674//674 677//677
f 681//681 680//680 677//677
f 682//682 680//680 681//681
f 678//678 680//680 682//682
f 678//678 682//682 676//676
f 676//676 682//682 679//679
f 679//679 683//683 603//603
f 683//683 679//679 682//682
f 681//681 684//684 682//682
f 683//683 682//682 684//684
f 685//685 603//603 683//683
f 685//685 609//609 603//603
f 686//686 683//683 684//684
f 685//685 683//683 686//686
f 685//685 686//686 687//687
f 684//684 687//687 686//686
f 685//685 688//688 609//609
f 687//687 688//688 685//685
f 677//677 689//689 681//681
f 677//677 690//690 689//689
f 677//677 663//663 690//690
f 663//663 691//691 690//690
f 691//691 663//663 662//662
f 692//692 689//689 690//690
f 691//691 692//692 690//690
f 693//693 691//691 662//662
f 691//691 693//693 692//692
f 692//692 693//693 694//694
f 694//694 695//695 692//692
f 689//689 692//692 695//695
f 695//695 681//681 689//689
f 662//662 696//696 693//693
f 694//694 693//693 696//696
f 662//662 669//669 696//696
f 696//696 669//669 697//697
f 673//673 697//697 669//669
f 698//698 694//694 696//696
f 698//698 696//696 697//697
f 699//699 698//698 697//697
f 694//694 698//698 699//699
f 700//700 697//697 673//673
f 700//700 699//699 697//697
f 673//673 655//655 700//700
f 655//655 701//701 700//700
f 702//702 701//701 655//655
f 703//703 700//700 701//701
f 703//703 701//701 704//704
f 703//703 704//704 705//705
f 706//706 700//700 703//703
f 700//700 706//706 699//699
f 707//707 706//706 703//703
f 707//707 703//703 705//705
f 655//655 708//708 702//702
f 708//708 655//655 654//654
f 709//709 708//708 654//654
f 654//654 647//647 709//709
f 708//708 710//710 702//702
f 708//708 709//709 710//710
f 702//702 711//711 701//701
f 702//702 710//710 711//711
f 712//712 701//701 711//711
f 713//713 712//712 711//711
f 711//711 710//710 713//713
f 714//714 699//699 706//706
f 714//714 706//706 707//707
f 709//709 647//647 715//715
f 716//716 710//710 709//709
f 716//716 709//709 715//715
f 647//647 717//717 715//715
f 717//717 716//716 715//715
f 717//717 647//647 642//642
f 718//718 713//713 710//710
f 710//710 716//716 718//718
f 713//713 719//719 712//712
f 719//719 713//713 718//718
f 717//717 642//642 720//720
f 641//641 720//720 642//642
f 716//716 717//717 721//721
f 721//721 718//718 716//716
f 720//720 722//722 717//717
f 722//722 720//720 641//641
f 717//717 722//722 721//721
f 718//718 721//721 723//723
f 718//718 724//724 719//719
f 718//718 723//723 724//724
f 724//724 725//725 719//719
f 721//721 726//726 723//723
f 722//722 726//726 721//721
f 723//723 727//727 724//724
f 726//726 727//727 723//723
f 722//722 728//728 726//726
f 727//727 726//726 728//728
f 641//641 729//729 722//722
f 728//728 722//722 729//729
f 730//730 729//729 641//641
f 729//729 730//730 728//728
f 731//731 730//730 641//641
f 725//725 724//724 732//732
f 727//727 732//732 724//724
f 733//733 731//731 641//641
f 641//641 640//640 733//733
f 734//734 727//727 728//728
f 728//728 730//730 735//735
f 728//728 735//735 734//734
f 727//727 734//734 736//736
f 732//732 727//727 736//736
f 736//736 734//734 737//737
f 734//734 735//735 737//737
f 732//732 736//736 738//738
f 736//736 737//737 738//738
f 739//739 725//725 732//732
f 738//738 739//739 732//732
f 740//740 738//738 737//737
f 737//737 735//735 740//740
f 741//741 739//739 738//738
f 741//741 738//738 740//740
f 741//741 740//740 742//742
f 743//743 739//739 741//741
f 743//743 725//725 739//739
f 741//741 742//742 743//743
f 744//744 740//740 735//735
f 740//740 744//744 742//742
f 735//735 730//730 745//745
f 745//745 744//744 735//735
f 743//743 746//746 725//725
f 743//743 742//742 746//746
f 747//747 744//744 745//745
f 744//744 748//748 742//742
f 744//744 747//747 748//748
f 748//748 747//747 749//749
f 748//748 749//749 750//750
f 750//750 742//742 748//748
f 742//742 750//750 751//751
f 746//746 742//742 751//751
f 750//750 749//749 751//751
f 746//746 751//751 749//749
f 746//746 752//752 725//725
f 753//753 746//746 749//749
f 746//746 753//753 752//752
f 753//753 754//754 752//752
f 755//755 725//725 752//752
f 752//752 754//754 755//755
f 755//755 719//719 725//725
f 719//719 755//755 756//756
f 712//712 719//719 756//756
f 757//757 756//756 755//755
f 754//754 757//757 755//755
f 757//757 758//758 756//756
f 756//756 758//758 712//712
f 758//758 757//757 759//759
f 757//757 754//754 759//759
f 754//754 760//760 759//759
f 761//761 760//760 754//754
f 753//753 762//762 754//754
f 754//754 762//762 761//761
f 763//763 762//762 753//753
f 763//763 753//753 749//749
f 763//763 749//749 764//764
f 762//762 763//763 765//765
f 765//765 761//761 762//762
f 766//766 712//712 758//758
f 766//766 758//758 759//759
f 767//767 712//712 766//766
f 767//767 766//766 759//759
f 768//768 759//759 760//760
f 759//759 768//768 767//767
f 760//760 769//769 768//768
f 769//769 760//760 770//770
f 771//771 712//712 767//767
f 712//712 771//771 701//701
f 771//771 767//767 772//772
f 772//772 767//767 768//768
f 773//773 701//701 771//771
f 773//773 771//771 772//772
f 774//774 701//701 773//773
f 704//704 701//701 774//774
f 773//773 772//772 775//775
f 773//773 775//775 774//774
f 776//776 772//772 768//768
f 775//775 772//772 776//776
f 775//775 776//776 777//777
f 774//774 775//775 778//778
f 704//704 774//774 778//778
f 775//775 777//777 778//778
f 704//704 778//778 777//777
f 779//779 776//776 768//768
f 776//776 779//779 777//777
f 779//779 768//768 769//769
f 779//779 769//769 780//780
f 781//781 780//780 769//769
f 777//777 779//779 782//782
f 783//783 779//779 780//780
f 782//782 779//779 783//783
f 777//777 782//782 784//784
f 783//783 785//785 782//782
f 785//785 784//784 782//782
f 784//784 786//786 777//777
f 704//704 777//777 786//786
f 785//785 786//786 784//784
f 787//787 785//785 783//783
f 783//783 780//780 787//787
f 788//788 786//786 785//785
f 785//785 787//787 788//788
f 789//789 704//704 786//786
f 788//788 789//789 786//786
f 787//787 790//790 788//788
f 790//790 787//787 780//780
f 789//789 791//791 704//704
f 704//704 791//791 705//705
f 789//789 788//788 792//792
f 788//788 790//790 792//792
f 793//793 791//791 789//789
f 705//705 791//791 793//793
f 789//789 792//792 793//793
f 794//794 705//705 793//793
f 707//707 705//705 794//794
f 793//793 795//795 794//794
f 795//795 793//793 792//792
f 794//794 796//796 707//707
f 796//796 794//794 795//795
f 796//796 795//795 797//797
f 798//798 796//796 797//797
f 798//798 707//707 796//796
f 714//714 707//707 798//798
f 714//714 798//798 799//799
f 714//714 799//799 699//699
f 797//797 800//800 798//798
f 798//798 800//800 799//799
f 801//801 699//699 799//799
f 699//699 801//801 694//694
f 802//802 801//801 799//799
f 802//802 799//799 800//800
f 694//694 801//801 803//803
f 801//801 802//802 803//803
f 803//803 804//804 694//694
f 804//804 695//695 694//694
f 805//805 804//804 803//803
f 805//805 803//803 802//802
f 805//805 802//802 806//806
f 804//804 807//807 695//695
f 807//807 804//804 805//805
f 805//805 806//806 807//807
f 695//695 807//807 681//681
f 800//800 808//808 802//802
f 808//808 806//806 802//802
f 808//808 800//800 809//809
f 806//806 808//808 809//809
f 809//809 800//800 810//810
f 800//800 797//797 810//810
f 809//809 811//811 806//806
f 809//809 810//810 811//811
f 807//807 812//812 681//681
f 807//807 806//806 813//813
f 812//812 807//807 813//813
f 806//806 811//811 814//814
f 814//814 813//813 806//806
f 814//814 811//811 815//815
f 814//814 816//816 813//813
f 814//814 815//815 816//816
f 817//817 681//681 812//812
f 684//684 681//681 817//817
f 684//684 817//817 818//818
f 684//684 818//818 687//687
f 813//813 816//816 819//819
f 813//813 819//819 812//812
f 817//817 812//812 820//820
f 818//818 817//817 820//820
f 821//821 820//820 812//812
f 821//821 812//812 819//819
f 820//820 821//821 818//818
f 819//819 816//816 822//822
f 821//821 819//819 822//822
f 823//823 818//818 821//821
f 823//823 687//687 818//818
f 824//824 823//823 821//821
f 822//822 824//824 821//821
f 823//823 824//824 687//687
f 822//822 825//825 824//824
f 816//816 826//826 822//822
f 816//816 815//815 826//826
f 826//826 815//815 827//827
f 828//828 826//826 827//827
f 822//822 826//826 829//829
f 828//828 829//829 826//826
f 822//822 829//829 825//825
f 824//824 830//830 687//687
f 824//824 825//825 830//830
f 828//828 831//831 829//829
f 827//827 831//831 828//828
f 832//832 687//687 830//830
f 832//832 688//688 687//687
f 830//830 825//825 833//833
f 832//832 830//830 833//833
f 829//829 831//831 834//834
f 829//829 834//834 825//825
f 832//832 833//833 835//835
f 836//836 833//833 825//825
f 836//836 835//835 833//833
f 832//832 835//835 837//837
f 688//688 832//832 837//837
f 838//838 825//825 834//834
f 838//838 836//836 825//825
f 839//839 837//837 835//835
f 839//839 835//835 836//836
f 836//836 838//838 840//840
f 838//838 834//834 840//840
f 841//841 837//837 839//839
f 837//837 841//841 842//842
f 842//842 688//688 837//837
f 842//842 841//841 843//843
f 688//688 842//842 844//844
f 609//609 688//688 844//844
f 842//842 843//843 845//845
f 843//843 841//841 845//845
f 842//842 845//845 844//844
f 844//844 845//845 846//846
f 609//609 844//844 847//847
f 846//846 847//847 844//844
f 610//610 609//609 847//847
f 610//610 847//847 846//846
f 846//846 848//848 610//610
f 511//511 610//610 848//848
f 846//846 511//511 848//848
f 846//846 849//849 511//511
f 511//511 849//849 510//510
f 850//850 846//846 845//845
f 850//850 849//849 846//846
f 851//851 510//510 849//849
f 465//465 510//510 851//851
f 845//845 852//852 850//850
f 845//845 841//841 852//852
f 849//849 850//850 853//853
f 853//853 850//850 852//852
f 849//849 853//853 851//851
f 854//854 851//851 853//853
f 854//854 853//853 855//855
f 855//855 853//853 852//852
f 855//855 852//852 841//841
f 854//854 855//855 856//856
f 855//855 841//841 856//856
f 857//857 856//856 841//841
f 858//858 856//856 857//857
f 856//856 859//859 854//854
f 856//856 858//858 859//859
f 841//841 860//860 857//857
f 839//839 860//860 841//841
f 839//839 861//861 860//860
f 862//862 861//861 839//839
f 862//862 839//839 836//836
f 836//836 840//840 862//862
f 857//857 860//860 863//863
f 863//863 860//860 861//861
f 862//862 840//840 864//864
f 862//862 864//864 861//861
f 857//857 863//863 865//865
f 863//863 861//861 865//865
f 840//840 866//866 864//864
f 864//864 867//867 861//861
f 864//864 866//866 867//867
f 840//840 868//868 866//866
f 840//840 834//834 868//868
f 869//869 867//867 866//866
f 866//866 868//868 869//869
f 868//868 834//834 870//870
f 831//831 870//870 834//834
f 831//831 871//871 870//870
f 831//831 827//827 871//871
f 872//872 870//870 871//871
f 872//872 871//871 827//827
f 870//870 873//873 868//868
f 873//873 870//870 872//872
f 874//874 869//869 868//868
f 873//873 874//874 868//868
f 873//873 875//875 874//874
f 876//876 867//867 869//869
f 876//876 869//869 874//874
f 873//873 872//872 877//877
f 873//873 877//877 875//875
f 827//827 878//878 872//872
f 872//872 878//878 877//877
f 867//867 876//876 879//879
f 867//867 879//879 861//861
f 876//876 874//874 880//880
f 880//880 874//874 875//875
f 880//880 875//875 881//881
f 880//880 882//882 876//876
f 882//882 880//880 881//881
f 883//883 861//861 879//879
f 883//883 865//865 861//861
f 884//884 876//876 882//882
f 879//879 876//876 884//884
f 883//883 879//879 885//885
f 885//885 879//879 886//886
f 884//884 886//886 879//879
f 886//886 887//887 885//885
f 884//884 887//887 886//886
f 888//888 887//887 884//884
f 888//888 885//885 887//887
f 889//889 884//884 882//882
f 884//884 889//889 888//888
f 890//890 882//882 881//881
f 882//882 890//890 889//889
f 888//888 891//891 885//885
f 888//888 889//889 891//891
f 892//892 889//889 890//890
f 892//892 890//890 881//881
f 893//893 889//889 892//892
f 891//891 889//889 893//893
f 891//891 893//893 894//894
f 894//894 895//895 891//891
f 891//891 895//895 885//885
f 896//896 893//893 892//892
f 896//896 892//892 881//881
f 893//893 896//896 894//894
f 896//896 881//881 897//897
f 896//896 898//898 894//894
f 898//898 896//896 897//897
f 881//881 899//899 897//897
f 899//899 881//881 875//875
f 894//894 898//898 900//900
f 897//897 901//901 898//898
f 898//898 901//901 900//900
f 875//875 902//902 899//899
f 902//902 875//875 903//903
f 903//903 875//875 877//877
f 903//903 877//877 904//904
f 903//903 905//905 902//902
f 902//902 905//905 899//899
f 905//905 903//903 904//904
f 877//877 906//906 904//904
f 906//906 877//877 878//878
f 899//899 907//907 897//897
f 905//905 908//908 899//899
f 907//907 899//899 908//908
f 905//905 909//909 908//908
f 904//904 909//909 905//905
f 908//908 909//909 910//910
f 910//910 907//907 908//908
f 901//901 897//897 911//911
f 911//911 897//897 907//907
f 901//901 911//911 912//912
f 911//911 907//907 913//913
f 911//911 913//913 912//912
f 907//907 914//914 913//913
f 914//914 907//907 910//910
f 913//913 914//914 915//915
f 915//915 914//914 916//916
f 913//913 917//917 912//912
f 914//914 918//918 916//916
f 918//918 914//914 910//910
f 919//919 910//910 909//909
f 909//909 904//904 919//919
f 916//916 918//918 920//920
f 916//916 920//920 921//921
f 918//918 910//910 922//922
f 919//919 922//922 910//910
f 918//918 922//922 920//920
f 923//923 921//921 920//920
f 923//923 924//924 921//921
f 904//904 925//925 919//919
f 926//926 922//922 919//919
f 926//926 919//919 925//925
f 922//922 927//927 920//920
f 927//927 922//922 926//926
f 928//928 923//923 920//920
f 928//928 920//920 927//927
f 927//927 929//929 928//928
f 904//904 930//930 925//925
f 930//930 904//904 906//906
f 930//930 931//931 925//925
f 906//906 931//931 930//930
f 926//926 925//925 932//932
f 925//925 931//931 932//932
f 926//926 933//933 927//927
f 927//927 933//933 929//929
f 934//934 931//931 906//906
f 878//878 934//934 906//906
f 935//935 926//926 932//932
f 935//935 933//933 926//926
f 936//936 934//934 878//878
f 878//878 827//827 936//936
f 827//827 937//937 936//936
f 937//937 827//827 815//815
f 931//931 934//934 938//938
f 931//931 939//939 932//932
f 939//939 931//931 938//938
f 934//934 936//936 940//940
f 934//934 940//940 938//938
f 937//937 815//815 941//941
f 942//942 936//936 937//937
f 937//937 941//941 942//942
f 943//943 940//940 936//936
f 942//942 943//943 936//936
f 940//940 943//943 944//944
f 942//942 941//941 944//944
f 944//944 943//943 945//945
f 943//943 942//942 945//945
f 942//942 944//944 945//945
f 946//946 938//938 940//940
f 946//946 940//940 944//944
f 946//946 947//947 938//938
f 938//938 947//947 939//939
f 941//941 815//815 948//948
f 811//811 948//948 815//815
f 811//811 949//949 948//948
f 941//941 948//948 949//949
f 949//949 811//811 810//810
f 950//950 941//941 949//949
f 941//941 950//950 944//944
f 951//951 949//949 810//810
f 949//949 951//951 950//950
f 951//951 944//944 950//950
f 951//951 810//810 797//797
f 944//944 952//952 946//946
f 946//946 952//952 947//947
f 944//944 951//951 953//953
f 952//952 944//944 953//953
f 797//797 953//953 951//951
f 954//954 953//953 797//797
f 953//953 955//955 952//952
f 955//955 947//947 952//952
f 956//956 955//955 953//953
f 954//954 956//956 953//953
f 955//955 957//957 947//947
f 957//957 955//955 956//956
f 797//797 958//958 954//954
f 795//795 958//958 797//797
f 958//958 795//795 959//959
f 795//795 792//792 959//959
f 960//960 958//958 959//959
f 954//954 958//958 960//960
f 792//792 961//961 959//959
f 959//959 961//961 960//960
f 790//790 961//961 792//792
f 957//957 962//962 947//947
f 962//962 939//939 947//947
f 957//957 956//956 963//963
f 956//956 954//954 963//963
f 962//962 964//964 939//939
f 964//964 932//932 939//939
f 932//932 964//964 965//965
f 932//932 965//965 935//935
f 966//966 965//965 964//964
f 964//964 962//962 966//966
f 967//967 935//935 965//965
f 967//967 965//965 966//966
f 967//967 968//968 935//935
f 968//968 933//933 935//935
f 933//933 968//968 969//969
f 933//933 969//969 929//929
f 970//970 962//962 957//957
f 971//971 957//957 963//963
f 971//971 970//970 957//957
f 972//972 966//966 962//962
f 970//970 972//972 962//962
f 972//972 970//970 973//973
f 973//973 970//970 974//974
f 975//975 973//973 974//974
f 976//976 975//975 974//974
f 974//974 977//977 976//976
f 974//974 970//970 977//977
f 971//971 977//977 970//970
f 978//978 977//977 971//971
f 963//963 979//979 971//971
f 978//978 971//971 979//979
f 963//963 980//980 979//979
f 980//980 978//978 979//979
f 980//980 963//963 954//954
f 981//981 980//980 954//954
f 960//960 981//981 954//954
f 982//982 976//976 977//977
f 977//977 978//978 982//982
f 980//980 983//983 978//978
f 980//980 981//981 983//983
f 984//984 978//978 983//983
f 981//981 984//984 983//983
f 981//981 960//960 985//985
f 984//984 981//981 985//985
f 961//961 985//985 960//960
f 961//961 986//986 985//985
f 984//984 985//985 986//986
f 986//986 961//961 790//790
f 986//986 790//790 987//987
f 987//987 984//984 986//986
f 790//790 780//780 987//987
f 988//988 982//982 978//978
f 984//984 988//988 978//978
f 780//780 989//989 987//987
f 989//989 780//780 781//781
f 990//990 984//984 987//987
f 988//988 984//984 990//990
f 989//989 990//990 987//987
f 982//982 988//988 991//991
f 988//988 990//990 991//991
f 991//991 990//990 989//989
f 989//989 781//781 991//991
f 991//991 976//976 982//982
f 991//991 781//781 976//976
f 781//781 992//992 976//976
f 993//993 976//976 992//992
f 976//976 993//993 994//994
f 993//993 992//992 994//994
f 976//976 994//994 975//975
f 781//781 995//995 992//992
f 781//781 996//996 995//995
f 769//769 996//996 781//781
f 769//769 997//997 996//996
f 998//998 997//997 769//769
f 997//997 998//998 999//999
f 770//770 998//998 769//769
f 998//998 770//770 999//999
f 999//999 770//770 1000//1000
f 760//760 1000//1000 770//770
f 760//760 1001//1001 1000//1000
f 1001//1001 760//760 761//761
f 1000//1000 1001//1001 761//761
f 1000//1000 761//761 1002//1002
f 1002//1002 999//999 1000//1000
f 1002//1002 761//761 1003//1003
f 761//761 765//765 1003//1003
f 1002//1002 1004//1004 999//999
f 1004//1004 1002//1002 1003//1003
f 999//999 1004//1004 1005//1005
f 999//999 1006//1006 997//997
f 1006//1006 999//999 1005//1005
f 1005//1005 1004//1004 1007//1007
f 1003//1003 1007//1007 1004//1004
f 1008//1008 1007//1007 1003//1003
f 1003//1003 765//765 1009//1009
f 1003//1003 1009//1009 1008//1008
f 1010//1010 1006//1006 1005//1005
f 1010//1010 1005//1005 1007//1007
f 1011//1011 997//997 1006//1006
f 1006//1006 1010//1010 1011//1011
f 1009//1009 765//765 1012//1012
f 765//765 763//763 1012//1012
f 1012//1012 763//763 764//764
f 1013//1013 1009//1009 1012//1012
f 1013//1013 1008//1008 1009//1009
f 1013//1013 1014//1014 1008//1008
f 1015//1015 1008//1008 1014//1014
f 1013//1013 1012//1012 1016//1016
f 1016//1016 1012//1012 764//764
f 1014//1014 1013//1013 1016//1016
f 997//997 1011//1011 1017//1017
f 997//997 1017//1017 996//996
f 1018//1018 996//996 1017//1017
f 1018//1018 995//995 996//996
f 1018//1018 1019//1019 995//995
f 1017//1017 1019//1019 1018//1018
f 995//995 1019//1019 1020//1020
f 995//995 1020//1020 992//992
f 1011//1011 1021//1021 1017//1017
f 1022//1022 1019//1019 1017//1017
f 1022//1022 1017//1017 1021//1021
f 1020//1020 1019//1019 1023//1023
f 1023//1023 1019//1019 1022//1022
f 1020//1020 1024//1024 992//992
f 1020//1020 1023//1023 1024//1024
f 1025//1025 1024//1024 1023//1023
f 1023//1023 1022//1022 1026//1026
f 1026//1026 1022//1022 1021//1021
f 1025//1025 1023//1023 1026//1026
f 1027//1027 1021//1021 1011//1011
f 1026//1026 1021//1021 1027//1027
f 1010//1010 1027//1027 1011//1011
f 992//992 1024//1024 1028//1028
f 994//994 992//992 1028//1028
f 1026//1026 1027//1027 1029//1029
f 1025//1025 1026//1026 1029//1029
f 1027//1027 1010//1010 1030//1030
f 1030//1030 1029//1029 1027//1027
f 1010//1010 1007//1007 1030//1030
f 1031//1031 1030//1030 1007//1007
f 1008//1008 1031//1031 1007//1007
f 1032//1032 1029//1029 1030//1030
f 1030//1030 1031//1031 1032//1032
f 1033//1033 1031//1031 1008//1008
f 1033//1033 1008//1008 1015//1015
f 1034//1034 1031//1031 1033//1033
f 1031//1031 1034//1034 1032//1032
f 1034//1034 1033//1033 1015//1015
f 1032//1032 1035//1035 1029//1029
f 1029//1029 1035//1035 1025//1025
f 1036//1036 1035//1035 1032//1032
f 1034//1034 1036//1036 1032//1032
f 1037//1037 1025//1025 1035//1035
f 1035//1035 1036//1036 1037//1037
f 1037//1037 1036//1036 1038//1038
f 1025//1025 1037//1037 1039//1039
f 1039//1039 1037//1037 1038//1038
f 1040//1040 1025//1025 1039//1039
f 1025//1025 1040//1040 1024//1024
f 1024//1024 1040//1040 1028//1028
f 1038//1038 1041//1041 1039//1039
f 1041//1041 1040//1040 1039//1039
f 1042//1042 1040//1040 1041//1041
f 1041//1041 1038//1038 1042//1042
f 1038//1038 1043//1043 1042//1042
f 1043//1043 1044//1044 1042//1042
f 1040//1040 1042//1042 1044//1044
f 1028//1028 1040//1040 1044//1044
f 1044//1044 1045//1045 1028//1028
f 994//994 1028//1028 1045//1045
f 1046//1046 994//994 1045//1045
f 1046//1046 975//975 994//994
f 1045//1045 1044//1044 1047//1047
f 1046//1046 1045//1045 1047//1047
f 1044//1044 1048//1048 1047//1047
f 1043//1043 1048//1048 1044//1044
f 1049//1049 1046//1046 1047//1047
f 1047//1047 1048//1048 1049//1049
f 1049//1049 1050//1050 1046//1046
f 1046//1046 1050//1050 975//975
f 1049//1049 1048//1048 1051//1051
f 1049//1049 1051//1051 1050//1050
f 1048//1048 1043//1043 1051//1051
f 975//975 1050//1050 1052//1052
f 1052//1052 1050//1050 1051//1051
f 1051//1051 1053//1053 1052//1052
f 1051//1051 1054//1054 1053//1053
f 1051//1051 1043//1043 1054//1054
f 1052//1052 1055//1055 975//975
f 1055//1055 973//973 975//975
f 1055//1055 1052//1052 973//973
f 973//973 1052//1052 1053//1053
f 1053//1053 1056//1056 973//973
f 1057//1057 973//973 1056//1056
f 1057//1057 1056//1056 1053//1053
f 972//972 973//973 1057//1057
f 1058//1058 972//972 1057//1057
f 1053//1053 1059//1059 1057//1057
f 1059//1059 1058//1058 1057//1057
f 1058//1058 1059//1059 1060//1060
f 1058//1058 1061//1061 972//972
f 1060//1060 1061//1061 1058//1058
f 1061//1061 966//966 972//972
f 1061//1061 1062//1062 966//966
f 1062//1062 967//967 966//966
f 1062//1062 1061//1061 1063//1063
f 1061//1061 1060//1060 1063//1063
f 1062//1062 1064//1064 967//967
f 1063//1063 1064//1064 1062//1062
f 968//968 967//967 1064//1064
f 968//968 1064//1064 1065//1065
f 1065//1065 969//969 968//968
f 1064//1064 1063//1063 1066//1066
f 1065//1065 1064//1064 1066//1066
f 1067//1067 969//969 1065//1065
f 1067//1067 1065//1065 1066//1066
f 1068//1068 1066//1066 1063//1063
f 1060//1060 1068//1068 1063//1063
f 1068//1068 1067//1067 1066//1066
f 1068//1068 1069//1069 1067//1067
f 969//969 1067//1067 1070//1070
f 1069//1069 1070//1070 1067//1067
f 969//969 1070//1070 929//929
f 1069//1069 1071//1071 1070//1070
f 1070//1070 1071//1071 929//929
f 1072//1072 929//929 1071//1071
f 1072//1072 1073//1073 929//929
f 1074//1074 1073//1073 1072//1072
f 928//928 929//929 1073//1073
f 1073//1073 1075//1075 928//928
f 1075//1075 923//923 928//928
f 923//923 1075//1075 1076//1076
f 923//923 1076//1076 924//924
f 1075//1075 1073//1073 1077//1077
f 1075//1075 1077//1077 1076//1076
f 924//924 1076//1076 1078//1078
f 1077//1077 1078//1078 1076//1076
f 1079//1079 924//924 1078//1078
f 1080//1080 1079//1079 1078//1078
f 1081//1081 1080//1080 1078//1078
f 1077//1077 1081//1081 1078//1078
f 1081//1081 1082//1082 1080//1080
f 1081//1081 1083//1083 1082//1082
f 1077//1077 1073//1073 1084//1084
f 1084//1084 1073//1073 1074//1074
f 1081//1081 1077//1077 1085//1085
f 1077//1077 1084//1084 1085//1085
f 1083//1083 1081//1081 1085//1085
f 1084//1084 1086//1086 1085//1085
f 1084//1084 1074//1074 1086//1086
f 1085//1085 1086//1086 1083//1083
f 1086//1086 1074//1074 1083//1083
f 1083//1083 1087//1087 1082//1082
f 1087//1087 1088//1088 1082//1082
f 1088//1088 1087//1087 1089//1089
f 1090//1090 1089//1089 1087//1087
f 1090//1090 1087//1087 1083//1083
f 1083//1083 1091//1091 1090//1090
f 1083//1083 1074//1074 1091//1091
f 1090//1090 1091//1091 1092//1092
f 1090//1090 1092//1092 1093//1093
f 1094//1094 1091//1091 1074//1074
f 1091//1091 1095//1095 1092//1092
f 1095//1095 1091//1091 1094//1094
f 1094//1094 1074//1074 1096//1096
f 1096//1096 1074//1074 1072//1072
f 1097//1097 1094//1094 1096//1096
f 1094//1094 1097//1097 1095//1095
f 1097//1097 1096//1096 1072//1072
f 1098//1098 1093//1093 1092//1092
f 1092//1092 1095//1095 1099//1099
f 1092//1092 1099//1099 1098//1098
f 1098//1098 1100//1100 1093//1093
f 1101//1101 1093//1093 1100//1100
f 1102//1102 1101//1101 1100//1100
f 1103//1103 1100//1100 1098//1098
f 1103//1103 1102//1102 1100//1100
f 1099//1099 1103//1103 1098//1098
f 1102//1102 1103//1103 1104//1104
f 1103//1103 1099//1099 1104//1104
f 1104//1104 1105//1105 1102//1102
f 1104//1104 1106//1106 1105//1105
f 1104//1104 1107//1107 1106//1106
f 1099//1099 1108//1108 1104//1104
f 1107//1107 1104//1104 1108//1108
f 1095//1095 1109//1109 1099//1099
f 1099//1099 1109//1109 1108//1108
f 1110//1110 1109//1109 1095//1095
f 1109//1109 1110//1110 1108//1108
f 1108//1108 1110//1110 1107//1107
f 1097//1097 1110//1110 1095//1095
f 1110//1110 1097//1097 1111//1111
f 1072//1072 1111//1111 1097//1097
f 1112//1112 1106//1106 1107//1107
f 1112//1112 1113//1113 1106//1106
f 1110//1110 1114//1114 1107//1107
f 1114//1114 1110//1110 1111//1111
f 1072//1072 1115//1115 1111//1111
f 1115//1115 1072//1072 1071//1071
f 1116//1116 1111//1111 1115//1115
f 1114//1114 1111//1111 1116//1116
f 1071//1071 1117//1117 1115//1115
f 1116//1116 1115//1115 1117//1117
f 1117//1117 1071//1071 1069//1069
f 1116//1116 1117//1117 1118//1118
f 1117//1117 1069//1069 1118//1118
f 1112//1112 1119//1119 1113//1113
f 1120//1120 1113//1113 1119//1119
f 1120//1120 1119//1119 1121//1121
f 1120//1120 1121//1121 1122//1122
f 1119//1119 1123//1123 1121//1121
f 1119//1119 1112//1112 1123//1123
f 1124//1124 1122//1122 1121//1121
f 1124//1124 1121//1121 1123//1123
f 1122//1122 1124//1124 1125//1125
f 1116//1116 1118//1118 1126//1126
f 1126//1126 1114//1114 1116//1116
f 1126//1126 1127//1127 1114//1114
f 1128//1128 1114//1114 1127//1127
f 1114//1114 1128//1128 1107//1107
f 1129//1129 1107//1107 1128//1128
f 1107//1107 1129//1129 1112//1112
f 1127//1127 1129//1129 1128//1128
f 1129//1129 1130//1130 1112//1112
f 1130//1130 1123//1123 1112//1112
f 1130//1130 1129//1129 1127//1127
f 1130//1130 1127//1127 1123//1123
f 1131//1131 1123//1123 1127//1127
f 1123//1123 1131//1131 1124//1124
f 1131//1131 1127//1127 1132//1132
f 1132//1132 1127//1127 1126//1126
f 1131//1131 1132//1132 1124//1124
f 1125//1125 1124//1124 1133//1133
f 1124//1124 1132//1132 1133//1133
f 1132//1132 1126//1126 1134//1134
f 1134//1134 1133//1133 1132//1132
f 1118//1118 1134//1134 1126//1126
f 1135//1135 1125//1125 1133//1133
f 1125//1125 1135//1135 1136//1136
f 1137//1137 1135//1135 1133//1133
f 1137//1137 1133//1133 1134//1134
f 1135//1135 1138//1138 1136//1136
f 1137//1137 1138//1138 1135//1135
f 1136//1136 1138//1138 1139//1139
f 1139//1139 1138//1138 1140//1140
f 1140//1140 1138//1138 1137//1137
f 1139//1139 1140//1140 1141//1141
f 1140//1140 1142//1142 1141//1141
f 1143//1143 1142//1142 1140//1140
f 1144//1144 1142//1142 1143//1143
f 1143//1143 1145//1145 1144//1144
f 1137//1137 1146//1146 1140//1140
f 1146//1146 1143//1143 1140//1140
f 1134//1134 1147//1147 1137//1137
f 1146//1146 1137//1137 1147//1147
f 1147//1147 1134//1134 1148//1148
f 1148//1148 1134//1134 1118//1118
f 1149//1149 1146//1146 1147//1147
f 1149//1149 1143//1143 1146//1146
f 1147//1147 1148//1148 1149//1149
f 1150//1150 1148//1148 1118//1118
f 1069//1069 1150//1150 1118//1118
f 1151//1151 1149//1149 1148//1148
f 1149//1149 1151//1151 1143//1143
f 1151//1151 1152//1152 1143//1143
f 1145//1145 1143//1143 1153//1153
f 1143//1143 1152//1152 1153//1153
f 1153//1153 1154//1154 1145//1145
f 1153//1153 1152//1152 1154//1154
f 1145//1145 1154//1154 1155//1155
f 1156//1156 1145//1145 1155//1155
f 1156//1156 1155//1155 1157//1157
f 1150//1150 1069//1069 1158//1158
f 1158//1158 1069//1069 1068//1068
f 1158//1158 1068//1068 1159//1159
f 1158//1158 1159//1159 1150//1150
f 1060//1060 1159//1159 1068//1068
f 1160//1160 1154//1154 1152//1152
f 1155//1155 1154//1154 1160//1160
f 1157//1157 1155//1155 1161//1161
f 1162//1162 1157//1157 1161//1161
f 1159//1159 1163//1163 1150//1150
f 1150//1150 1163//1163 1164//1164
f 1164//1164 1148//1148 1150//1150
f 1164//1164 1151//1151 1148//1148
f 1165//1165 1151//1151 1164//1164
f 1165//1165 1164//1164 1163//1163
f 1151//1151 1165//1165 1166//1166
f 1152//1152 1151//1151 1166//1166
f 1163//1163 1167//1167 1165//1165
f 1166//1166 1165//1165 1167//1167
f 1163//1163 1159//1159 1168//1168
f 1167//1167 1163//1163 1168//1168
f 1169//1169 1168//1168 1159//1159
f 1169//1169 1159//1159 1060//1060
f 1167//1167 1168//1168 1170//1170
f 1170//1170 1168//1168 1169//1169
f 1060//1060 1171//1171 1169//1169
f 1059//1059 1171//1171 1060//1060
f 1171//1171 1172//1172 1169//1169
f 1059//1059 1172//1172 1171//1171
f 1169//1169 1172//1172 1170//1170
f 1059//1059 1053//1053 1172//1172
f 1170//1170 1173//1173 1167//1167
f 1166//1166 1167//1167 1173//1173
f 1172//1172 1053//1053 1174//1174
f 1174//1174 1053//1053 1054//1054
f 1170//1170 1172//1172 1175//1175
f 1173//1173 1170//1170 1175//1175
f 1174//1174 1175//1175 1172//1172
f 1166//1166 1173//1173 1176//1176
f 1175//1175 1176//1176 1173//1173
f 1176//1176 1175//1175 1177//1177
f 1178//1178 1176//1176 1177//1177
f 1179//1179 1166//1166 1176//1176
f 1176//1176 1178//1178 1179//1179
f 1179//1179 1152//1152 1166//1166
f 1180//1180 1152//1152 1179//1179
f 1180//1180 1179//1179 1178//1178
f 1152//1152 1180//1180 1160//1160
f 1175//1175 1174//1174 1181//1181
f 1175//1175 1181//1181 1177//1177
f 1174//1174 1054//1054 1182//1182
f 1181//1181 1174//1174 1182//1182
f 1180//1180 1183//1183 1160//1160
f 1183//1183 1180//1180 1178//1178
f 1183//1183 1184//1184 1160//1160
f 1178//1178 1184//1184 1183//1183
f 1184//1184 1155//1155 1160//1160
f 1185//1185 1177//1177 1181//1181
f 1185//1185 1181//1181 1182//1182
f 1182//1182 1054//1054 1186//1186
f 1043//1043 1186//1186 1054//1054
f 1182//1182 1187//1187 1185//1185
f 1182//1182 1186//1186 1187//1187
f 1188//1188 1155//1155 1184//1184
f 1155//1155 1188//1188 1161//1161
f 1185//1185 1189//1189 1177//1177
f 1187//1187 1189//1189 1185//1185
f 1190//1190 1178//1178 1177//1177
f 1178//1178 1191//1191 1184//1184
f 1190//1190 1191//1191 1178//1178
f 1190//1190 1177//1177 1192//1192
f 1189//1189 1192//1192 1177//1177
f 1190//1190 1192//1192 1191//1191
f 1193//1193 1191//1191 1192//1192
f 1194//1194 1184//1184 1191//1191
f 1194//1194 1188//1188 1184//1184
f 1191//1191 1193//1193 1194//1194
f 1193//1193 1188//1188 1194//1194
f 1189//1189 1195//1195 1192//1192
f 1187//1187 1195//1195 1189//1189
f 1195//1195 1193//1193 1192//1192
f 1196//1196 1195//1195 1187//1187
f 1195//1195 1196//1196 1193//1193
f 1196//1196 1197//1197 1193//1193
f 1187//1187 1186//1186 1196//1196
f 1198//1198 1188//1188 1193//1193
f 1197//1197 1198//1198 1193//1193
f 1198//1198 1161//1161 1188//1188
f 1196//1196 1186//1186 1199//1199
f 1196//1196 1199//1199 1197//1197
f 1186//1186 1043//1043 1199//1199
f 1200//1200 1199//1199 1043//1043
f 1043//1043 1038//1038 1200//1200
f 1200//1200 1201//1201 1199//1199
f 1038//1038 1201//1201 1200//1200
f 1201//1201 1197//1197 1199//1199
f 1201//1201 1038//1038 1036//1036
f 1202//1202 1201//1201 1036//1036
f 1036//1036 1034//1034 1202//1202
f 1198//1198 1203//1203 1161//1161
f 1161//1161 1203//1203 1162//1162
f 1162//1162 1203//1203 1204//1204
f 1205//1205 1162//1162 1204//1204
f 1203//1203 1198//1198 1206//1206
f 1203//1203 1206//1206 1204//1204
f 1207//1207 1206//1206 1198//1198
f 1207//1207 1198//1198 1197//1197
f 1201//1201 1208//1208 1197//1197
f 1201//1201 1202//1202 1208//1208
f 1034//1034 1209//1209 1202//1202
f 1015//1015 1209//1209 1034//1034
f 1209//1209 1210//1210 1202//1202
f 1208//1208 1202//1202 1210//1210
f 1197//1197 1208//1208 1211//1211
f 1211//1211 1207//1207 1197//1197
f 1207//1207 1212//1212 1206//1206
f 1212//1212 1204//1204 1206//1206
f 1208//1208 1213//1213 1211//1211
f 1208//1208 1210//1210 1213//1213
f 1210//1210 1214//1214 1213//1213
f 1210//1210 1215//1215 1214//1214
f 1210//1210 1209//1209 1216//1216
f 1015//1015 1216//1216 1209//1209
f 1215//1215 1210//1210 1216//1216
f 1015//1015 1217//1217 1216//1216
f 1207//1207 1211//1211 1218//1218
f 1212//1212 1207//1207 1218//1218
f 1218//1218 1211//1211 1213//1213
f 1216//1216 1219//1219 1215//1215
f 1217//1217 1219//1219 1216//1216
f 1015//1015 1220//1220 1217//1217
f 1220//1220 1015//1015 1014//1014
f 1221//1221 1215//1215 1219//1219
f 1219//1219 1217//1217 1221//1221
f 1213//1213 1214//1214 1222//1222
f 1223//1223 1218//1218 1213//1213
f 1223//1223 1213//1213 1222//1222
f 1224//1224 1212//1212 1218//1218
f 1218//1218 1223//1223 1225//1225
f 1224//1224 1218//1218 1225//1225
f 1225//1225 1226//1226 1224//1224
f 1224//1224 1227//1227 1212//1212
f 1227//1227 1204//1204 1212//1212
f 1228//1228 1225//1225 1223//1223
f 1225//1225 1228//1228 1226//1226
f 1228//1228 1223//1223 1229//1229
f 1223//1223 1222//1222 1229//1229
f 1230//1230 1228//1228 1229//1229
f 1228//1228 1230//1230 1226//1226
f 1227//1227 1224//1224 1231//1231
f 1231//1231 1224//1224 1226//1226
f 1232//1232 1229//1229 1222//1222
f 1232//1232 1230//1230 1229//1229
f 1233//1233 1204//1204 1227//1227
f 1204//1204 1233//1233 1234//1234
f 1227//1227 1234//1234 1233//1233
f 1205//1205 1204//1204 1234//1234
f 1205//1205 1234//1234 1235//1235
f 1227//1227 1236//1236 1234//1234
f 1234//1234 1236//1236 1235//1235
f 1231//1231 1236//1236 1227//1227
f 1236//1236 1237//1237 1235//1235
f 1238//1238 1236//1236 1231//1231
f 1238//1238 1237//1237 1236//1236
f 1226//1226 1238//1238 1231//1231
f 1237//1237 1238//1238 1239//1239
f 1240//1240 1237//1237 1239//1239
f 1241//1241 1240//1240 1239//1239
f 1226//1226 1230//1230 1242//1242
f 1243//1243 1238//1238 1226//1226
f 1243//1243 1226//1226 1242//1242
f 1238//1238 1244//1244 1239//1239
f 1238//1238 1243//1243 1244//1244
f 1244//1244 1245//1245 1239//1239
f 1245//1245 1241//1241 1239//1239
f 1244//1244 1243//1243 1245//1245
f 1245//1245 1246//1246 1241//1241
f 1243//1243 1246//1246 1245//1245
f 1247//1247 1241//1241 1246//1246
f 1248//1248 1247//1247 1246//1246
f 1246//1246 1243//1243 1249//1249
f 1243//1243 1242//1242 1249//1249
f 1250//1250 1248//1248 1246//1246
f 1246//1246 1249//1249 1250//1250
f 1250//1250 1251//1251 1248//1248
f 1248//1248 1251//1251 1252//1252
f 1252//1252 1251//1251 1253//1253
f 1250//1250 1249//1249 1254//1254
f 1249//1249 1242//1242 1254//1254
f 1254//1254 1251//1251 1250//1250
f 1253//1253 1251//1251 1255//1255
f 1253//1253 1255//1255 1256//1256
f 1255//1255 1257//1257 1256//1256
f 1251//1251 1254//1254 1258//1258
f 1255//1255 1251//1251 1258//1258
f 1254//1254 1242//1242 1259//1259
f 1259//1259 1258//1258 1254//1254
f 1242//1242 1260//1260 1259//1259
f 1259//1259 1260//1260 1258//1258
f 1242//1242 1230//1230 1260//1260
f 1230//1230 1232//1232 1260//1260
f 1255//1255 1258//1258 1261//1261
f 1258//1258 1260//1260 1261//1261
f 1261//1261 1257//1257 1255//1255
f 1262//1262 1260//1260 1232//1232
f 1262//1262 1261//1261 1260//1260
f 1263//1263 1262//1262 1232//1232
f 1232//1232 1222//1222 1263//1263
f 1264//1264 1263//1263 1222//1222
f 1214//1214 1264//1264 1222//1222
f 1263//1263 1265//1265 1262//1262
f 1265//1265 1263//1263 1264//1264
f 1266//1266 1261//1261 1262//1262
f 1266//1266 1262//1262 1265//1265
f 1265//1265 1267//1267 1266//1266
f 1268//1268 1265//1265 1264//1264
f 1264//1264 1214//1214 1268//1268
f 1261//1261 1266//1266 1269//1269
f 1257//1257 1261//1261 1269//1269
f 1269//1269 1266//1266 1270//1270
f 1257//1257 1269//1269 1270//1270
f 1270//1270 1266//1266 1267//1267
f 1270//1270 1271//1271 1257//1257
f 1267//1267 1271//1271 1270//1270
f 1272//1272 1257//1257 1271//1271
f 1273//1273 1272//1272 1271//1271
f 1271//1271 1274//1274 1273//1273
f 1271//1271 1267//1267 1274//1274
f 1275//1275 1273//1273 1274//1274
f 1273//1273 1275//1275 1276//1276
f 1276//1276 1275//1275 1277//1277
f 1267//1267 1278//1278 1274//1274
f 1275//1275 1274//1274 1278//1278
f 1277//1277 1275//1275 1279//1279
f 1280//1280 1277//1277 1279//1279
f 1280//1280 1281//1281 1277//1277
f 1282//1282 1281//1281 1280//1280
f 1283//1283 1282//1282 1280//1280
f 1275//1275 1278//1278 1284//1284
f 1275//1275 1284//1284 1279//1279
f 1280//1280 1285//1285 1283//1283
f 1283//1283 1285//1285 1286//1286
f 1286//1286 1285//1285 1287//1287
f 1286//1286 1287//1287 1288//1288
f 1287//1287 1289//1289 1288//1288
f 1290//1290 1278//1278 1267//1267
f 1278//1278 1291//1291 1284//1284
f 1291//1291 1278//1278 1290//1290
f 1267//1267 1292//1292 1290//1290
f 1292//1292 1267//1267 1265//1265
f 1268//1268 1292//1292 1265//1265
f 1292//1292 1293//1293 1290//1290
f 1291//1291 1290//1290 1293//1293
f 1292//1292 1268//1268 1294//1294
f 1294//1294 1293//1293 1292//1292
f 1295//1295 1294//1294 1268//1268
f 1268//1268 1214//1214 1295//1295
f 1294//1294 1295//1295 1296//1296
f 1214//1214 1296//1296 1295//1295
f 1293//1293 1294//1294 1296//1296
f 1214//1214 1215//1215 1296//1296
f 1296//1296 1215//1215 1293//1293
f 1215//1215 1297//1297 1293//1293
f 1291//1291 1293//1293 1297//1297
f 1221//1221 1297//1297 1215//1215
f 1297//1297 1298//1298 1291//1291
f 1297//1297 1221//1221 1298//1298
f 1298//1298 1284//1284 1291//1291
f 1284//1284 1298//1298 1299//1299
f 1279//1279 1284//1284 1299//1299
f 1298//1298 1221//1221 1300//1300
f 1299//1299 1298//1298 1301//1301
f 1298//1298 1300//1300 1301//1301
f 1279//1279 1299//1299 1302//1302
f 1299//1299 1301//1301 1302//1302
f 1279//1279 1302//1302 1303//1303
f 1279//1279 1303//1303 1280//1280
f 1301//1301 1304//1304 1302//1302
f 1302//1302 1304//1304 1303//1303
f 1304//1304 1280//1280 1303//1303
f 1300//1300 1304//1304 1301//1301
f 1280//1280 1304//1304 1285//1285
f 1221//1221 1305//1305 1300//1300
f 1217//1217 1305//1305 1221//1221
f 1304//1304 1300//1300 1306//1306
f 1285//1285 1304//1304 1306//1306
f 1300//1300 1305//1305 1306//1306
f 1285//1285 1306//1306 1307//1307
f 1285//1285 1307//1307 1287//1287
f 1305//1305 1217//1217 1308//1308
f 1217//1217 1309//1309 1308//1308
f 1217//1217 1220//1220 1309//1309
f 1305//1305 1308//1308 1310//1310
f 1310//1310 1308//1308 1309//1309
f 1306//1306 1305//1305 1311//1311
f 1311//1311 1305//1305 1310//1310
f 1306//1306 1311//1311 1312//1312
f 1306//1306 1312//1312 1307//1307
f 1311//1311 1310//1310 1313//1313
f 1311//1311 1313//1313 1312//1312
f 1313//1313 1314//1314 1312//1312
f 1307//1307 1312//1312 1315//1315
f 1312//1312 1314//1314 1315//1315
f 1307//1307 1315//1315 1316//1316
f 1316//1316 1287//1287 1307//1307
f 1315//1315 1314//1314 1316//1316
f 1316//1316 1317//1317 1287//1287
f 1314//1314 1317//1317 1316//1316
f 1317//1317 1314//1314 1318//1318
f 1289//1289 1287//1287 1317//1317
f 1318//1318 1289//1289 1317//1317
f 1319//1319 1310//1310 1309//1309
f 1313//1313 1310//1310 1319//1319
f 1320//1320 1289//1289 1318//1318
f 1321//1321 1289//1289 1320//1320
f 1320//1320 1322//1322 1321//1321
f 1323//1323 1314//1314 1313//1313
f 1313//1313 1319//1319 1324//1324
f 1324//1324 1323//1323 1313//1313
f 1325//1325 1323//1323 1324//1324
f 1324//1324 1326//1326 1325//1325
f 1326//1326 1324//1324 1319//1319
f 1314//1314 1323//1323 1327//1327
f 1318//1318 1314//1314 1327//1327
f 1323//1323 1325//1325 1327//1327
f 1328//1328 1319//1319 1309//1309
f 1326//1326 1319//1319 1328//1328
f 1329//1329 1318//1318 1327//1327
f 1327//1327 1325//1325 1329//1329
f 1328//1328 1309//1309 1330//1330
f 1309//1309 1220//1220 1330//1330
f 1220//1220 1014//1014 1330//1330
f 1330//1330 1331//1331 1328//1328
f 1330//1330 1014//1014 1331//1331
f 1328//1328 1332//1332 1326//1326
f 1328//1328 1331//1331 1332//1332
f 1014//1014 1333//1333 1331//1331
f 1333//1333 1014//1014 1016//1016
f 1318//1318 1329//1329 1334//1334
f 1329//1329 1325//1325 1335//1335
f 1329//1329 1335//1335 1334//1334
f 1318//1318 1334//1334 1336//1336
f 1318//1318 1336//1336 1320//1320
f 1336//1336 1337//1337 1320//1320
f 1320//1320 1337//1337 1322//1322
f 1322//1322 1337//1337 1338//1338
f 1338//1338 1339//1339 1322//1322
f 1336//1336 1340//1340 1337//1337
f 1337//1337 1340//1340 1338//1338
f 1339//1339 1338//1338 1341//1341
f 1341//1341 1338//1338 1340//1340
f 1341//1341 1342//1342 1339//1339
f 1340//1340 1336//1336 1343//1343
f 1343//1343 1336//1336 1334//1334
f 1340//1340 1343//1343 1341//1341
f 1343//1343 1334//1334 1344//1344
f 1341//1341 1343//1343 1344//1344
f 1344//1344 1334//1334 1335//1335
f 1341//1341 1345//1345 1342//1342
f 1345//1345 1341//1341 1344//1344
f 1342//1342 1345//1345 1346//1346
f 1345//1345 1347//1347 1346//1346
f 1347//1347 1348//1348 1346//1346
f 1349//1349 1348//1348 1347//1347
f 1347//1347 1350//1350 1349//1349
f 1344//1344 1351//1351 1345//1345
f 1347//1347 1345//1345 1351//1351
f 1335//1335 1352//1352 1344//1344
f 1352//1352 1351//1351 1344//1344
f 1335//1335 1353//1353 1352//1352
f 1352//1352 1353//1353 1351//1351
f 1325//1325 1353//1353 1335//1335
f 1350//1350 1354//1354 1349//1349
f 1354//1354 1355//1355 1349//1349
f 1355//1355 1354//1354 1356//1356
f 1356//1356 1357//1357 1355//1355
f 1358//1358 1354//1354 1350//1350
f 1356//1356 1354//1354 1358//1358
f 1347//1347 1351//1351 1359//1359
f 1351//1351 1353//1353 1360//1360
f 1360//1360 1359//1359 1351//1351
f 1360//1360 1361//1361 1359//1359
f 1362//1362 1347//1347 1359//1359
f 1347//1347 1362//1362 1350//1350
f 1361//1361 1362//1362 1359//1359
f 1362//1362 1361//1361 1350//1350
f 1363//1363 1360//1360 1353//1353
f 1361//1361 1360//1360 1363//1363
f 1364//1364 1363//1363 1353//1353
f 1325//1325 1364//1364 1353//1353
f 1325//1325 1365//1365 1364//1364
f 1365//1365 1325//1325 1326//1326
f 1366//1366 1365//1365 1326//1326
f 1332//1332 1366//1366 1326//1326
f 1364//1364 1365//1365 1367//1367
f 1367//1367 1365//1365 1366//1366
f 1368//1368 1364//1364 1367//1367
f 1363//1363 1364//1364 1368//1368
f 1368//1368 1367//1367 1369//1369
f 1368//1368 1369//1369 1363//1363
f 1366//1366 1369//1369 1367//1367
f 1370//1370 1366//1366 1332//1332
f 1331//1331 1370//1370 1332//1332
f 1366//1366 1370//1370 1371//1371
f 1369//1369 1366//1366 1371//1371
f 1370//1370 1331//1331 1372//1372
f 1370//1370 1372//1372 1371//1371
f 1331//1331 1333//1333 1372//1372
f 1369//1369 1373//1373 1363//1363
f 1363//1363 1373//1373 1361//1361
f 1333//1333 1374//1374 1372//1372
f 1016//1016 1374//1374 1333//1333
f 1374//1374 1016//1016 1375//1375
f 1375//1375 1016//1016 764//764
f 1376//1376 1374//1374 1375//1375
f 1376//1376 1375//1375 764//764
f 1371//1371 1372//1372 1377//1377
f 1374//1374 1378//1378 1372//1372
f 1372//1372 1378//1378 1377//1377
f 1378//1378 1379//1379 1377//1377
f 1380//1380 1371//1371 1377//1377
f 1369//1369 1371//1371 1380//1380
f 1377//1377 1379//1379 1380//1380
f 1378//1378 1374//1374 1381//1381
f 1381//1381 1374//1374 1376//1376
f 1382//1382 1378//1378 1381//1381
f 1382//1382 1379//1379 1378//1378
f 1381//1381 1376//1376 1383//1383
f 1383//1383 1382//1382 1381//1381
f 1383//1383 1384//1384 1382//1382
f 764//764 1385//1385 1376//1376
f 1385//1385 1383//1383 1376//1376
f 1385//1385 764//764 1386//1386
f 749//749 1386//1386 764//764
f 747//747 1386//1386 749//749
f 1387//1387 1383//1383 1385//1385
f 1383//1383 1387//1387 1384//1384
f 1387//1387 1385//1385 1386//1386
f 1388//1388 1386//1386 747//747
f 747//747 745//745 1388//1388
f 1388//1388 745//745 1389//1389
f 1387//1387 1386//1386 1390//1390
f 1390//1390 1386//1386 1388//1388
f 1387//1387 1390//1390 1384//1384
f 1391//1391 1390//1390 1388//1388
f 1391//1391 1388//1388 1389//1389
f 1391//1391 1384//1384 1390//1390
f 1392//1392 1389//1389 745//745
f 1392//1392 745//745 730//730
f 1392//1392 1393//1393 1389//1389
f 1392//1392 730//730 1394//1394
f 1394//1394 1393//1393 1392//1392
f 1394//1394 730//730 1395//1395
f 1395//1395 730//730 1396//1396
f 1396//1396 730//730 731//731
f 1396//1396 1397//1397 1395//1395
f 1396//1396 731//731 1397//1397
f 1394//1394 1395//1395 1398//1398
f 1399//1399 1393//1393 1394//1394
f 1394//1394 1398//1398 1399//1399
f 1397//1397 1400//1400 1395//1395
f 1395//1395 1400//1400 1398//1398
f 1401//1401 1397//1397 731//731
f 1397//1397 1402//1402 1400//1400
f 1397//1397 1401//1401 1402//1402
f 1398//1398 1400//1400 1403//1403
f 1400//1400 1402//1402 1403//1403
f 1398//1398 1404//1404 1399//1399
f 1398//1398 1403//1403 1404//1404
f 1405//1405 1393//1393 1399//1399
f 1405//1405 1399//1399 1404//1404
f 1401//1401 731//731 1406//1406
f 733//733 1406//1406 731//731
f 1393//1393 1405//1405 1407//1407
f 1407//1407 1389//1389 1393//1393
f 733//733 1408//1408 1406//1406
f 640//640 1408//1408 733//733
f 1409//1409 1408//1408 640//640
f 640//640 577//577 1409//1409
f 1408//1408 1409//1409 1410//1410
f 1411//1411 1406//1406 1408//1408
f 1410//1410 1411//1411 1408//1408
f 1412//1412 1411//1411 1410//1410
f 1410//1410 1409//1409 1413//1413
f 1413//1413 1409//1409 577//577
f 1410//1410 1413//1413 1412//1412
f 1401//1401 1406//1406 1414//1414
f 1406//1406 1411//1411 1415//1415
f 1415//1415 1414//1414 1406//1406
f 1414//1414 1416//1416 1401//1401
f 1415//1415 1417//1417 1414//1414
f 1414//1414 1417//1417 1416//1416
f 1401//1401 1416//1416 1418//1418
f 1401//1401 1418//1418 1402//1402
f 1419//1419 1416//1416 1417//1417
f 1418//1418 1416//1416 1419//1419
f 1419//1419 1417//1417 1420//1420
f 1419//1419 1420//1420 1421//1421
f 1421//1421 1418//1418 1419//1419
f 1415//1415 1422//1422 1417//1417
f 1417//1417 1422//1422 1420//1420
f 1411//1411 1423//1423 1415//1415
f 1422//1422 1415//1415 1423//1423
f 1402//1402 1418//1418 1424//1424
f 1402//1402 1424//1424 1403//1403
f 1423//1423 1411//1411 1425//1425
f 1425//1425 1411//1411 1412//1412
f 1423//1423 1426//1426 1422//1422
f 1423//1423 1425//1425 1426//1426
f 1420//1420 1422//1422 1426//1426
f 1427//1427 1418//1418 1421//1421
f 1418//1418 1427//1427 1424//1424
f 1424//1424 1428//1428 1403//1403
f 1404//1404 1403//1403 1428//1428
f 1429//1429 1424//1424 1427//1427
f 1427//1427 1421//1421 1429//1429
f 1424//1424 1429//1429 1428//1428
f 1429//1429 1421//1421 1430//1430
f 1431//1431 1430//1430 1421//1421
f 1421//1421 1420//1420 1431//1431
f 1432//1432 1425//1425 1412//1412
f 1432//1432 1426//1426 1425//1425
f 1404//1404 1428//1428 1433//1433
f 1429//1429 1434//1434 1428//1428
f 1434//1434 1433//1433 1428//1428
f 1435//1435 1404//1404 1433//1433
f 1405//1405 1404//1404 1435//1435
f 1436//1436 1434//1434 1429//1429
f 1429//1429 1430//1430 1436//1436
f 1434//1434 1437//1437 1433//1433
f 1437//1437 1435//1435 1433//1433
f 1437//1437 1434//1434 1436//1436
f 1435//1435 1438//1438 1405//1405
f 1435//1435 1437//1437 1438//1438
f 1407//1407 1405//1405 1438//1438
f 1436//1436 1439//1439 1437//1437
f 1439//1439 1438//1438 1437//1437
f 1440//1440 1439//1439 1436//1436
f 1440//1440 1436//1436 1430//1430
f 1439//1439 1441//1441 1438//1438
f 1439//1439 1440//1440 1441//1441
f 1407//1407 1438//1438 1442//1442
f 1442//1442 1438//1438 1441//1441
f 1407//1407 1442//1442 1443//1443
f 1407//1407 1443//1443 1389//1389
f 1389//1389 1443//1443 1444//1444
f 1389//1389 1444//1444 1391//1391
f 1445//1445 1443//1443 1442//1442
f 1443//1443 1445//1445 1444//1444
f 1446//1446 1444//1444 1445//1445
f 1447//1447 1445//1445 1442//1442
f 1447//1447 1446//1446 1445//1445
f 1448//1448 1442//1442 1441//1441
f 1447//1447 1442//1442 1448//1448
f 1441//1441 1440//1440 1449//1449
f 1449//1449 1448//1448 1441//1441
f 1450//1450 1448//1448 1449//1449
f 1447//1447 1448//1448 1451//1451
f 1447//1447 1451//1451 1446//1446
f 1448//1448 1450//1450 1451//1451
f 1449//1449 1440//1440 1452//1452
f 1452//1452 1440//1440 1430//1430
f 1450//1450 1449//1449 1453//1453
f 1452//1452 1453//1453 1449//1449
f 1391//1391 1444//1444 1454//1454
f 1446//1446 1455//1455 1444//1444
f 1455//1455 1454//1454 1444//1444
f 1391//1391 1454//1454 1456//1456
f 1456//1456 1384//1384 1391//1391
f 1457//1457 1456//1456 1454//1454
f 1454//1454 1455//1455 1457//1457
f 1458//1458 1384//1384 1456//1456
f 1456//1456 1457//1457 1458//1458
f 1459//1459 1384//1384 1458//1458
f 1382//1382 1384//1384 1459//1459
f 1458//1458 1457//1457 1460//1460
f 1458//1458 1460//1460 1459//1459
f 1460//1460 1457//1457 1461//1461
f 1455//1455 1462//1462 1457//1457
f 1461//1461 1457//1457 1462//1462
f 1463//1463 1382//1382 1459//1459
f 1463//1463 1379//1379 1382//1382
f 1460//1460 1464//1464 1459//1459
f 1463//1463 1459//1459 1464//1464
f 1464//1464 1460//1460 1461//1461
f 1464//1464 1461//1461 1465//1465
f 1464//1464 1466//1466 1463//1463
f 1379//1379 1463//1463 1466//1466
f 1462//1462 1455//1455 1467//1467
f 1467//1467 1455//1455 1446//1446
f 1446//1446 1468//1468 1467//1467
f 1464//1464 1465//1465 1469//1469
f 1466//1466 1464//1464 1469//1469
f 1446//1446 1470//1470 1468//1468
f 1446//1446 1451//1451 1470//1470
f 1466//1466 1471//1471 1379//1379
f 1466//1466 1469//1469 1472//1472
f 1466//1466 1472//1472 1471//1471
f 1473//1473 1469//1469 1465//1465
f 1473//1473 1472//1472 1469//1469
f 1474//1474 1379//1379 1471//1471
f 1380//1380 1379//1379 1474//1474
f 1474//1474 1475//1475 1380//1380
f 1369//1369 1380//1380 1475//1475
f 1475//1475 1474//1474 1476//1476
f 1474//1474 1471//1471 1476//1476
f 1369//1369 1475//1475 1476//1476
f 1471//1471 1477//1477 1476//1476
f 1471//1471 1472//1472 1477//1477
f 1476//1476 1478//1478 1369//1369
f 1477//1477 1478//1478 1476//1476
f 1478//1478 1373//1373 1369//1369
f 1373//1373 1478//1478 1479//1479
f 1477//1477 1479//1479 1478//1478
f 1479//1479 1361//1361 1373//1373
f 1472//1472 1480//1480 1477//1477
f 1479//1479 1477//1477 1480//1480
f 1361//1361 1479//1479 1481//1481
f 1479//1479 1480//1480 1481//1481
f 1361//1361 1481//1481 1350//1350
f 1472//1472 1482//1482 1480//1480
f 1480//1480 1482//1482 1481//1481
f 1472//1472 1473//1473 1482//1482
f 1483//1483 1350//1350 1481//1481
f 1482//1482 1483//1483 1481//1481
f 1482//1482 1484//1484 1483//1483
f 1350//1350 1483//1483 1358//1358
f 1482//1482 1473//1473 1485//1485
f 1484//1484 1482//1482 1485//1485
f 1485//1485 1473//1473 1465//1465
f 1486//1486 1483//1483 1484//1484
f 1358//1358 1483//1483 1486//1486
f 1487//1487 1358//1358 1486//1486
f 1484//1484 1487//1487 1486//1486
f 1488//1488 1484//1484 1485//1485
f 1488//1488 1485//1485 1465//1465
f 1465//1465 1489//1489 1488//1488
f 1487//1487 1490//1490 1358//1358
f 1490//1490 1356//1356 1358//1358
f 1491//1491 1356//1356 1490//1490
f 1487//1487 1491//1491 1490//1490
f 1491//1491 1357//1357 1356//1356
f 1492//1492 1491//1491 1487//1487
f 1484//1484 1492//1492 1487//1487
f 1357//1357 1491//1491 1492//1492
f 1488//1488 1493//1493 1484//1484
f 1493//1493 1492//1492 1484//1484
f 1357//1357 1492//1492 1494//1494
f 1493//1493 1494//1494 1492//1492
f 1495//1495 1357//1357 1494//1494
f 1496//1496 1493//1493 1488//1488
f 1488//1488 1489//1489 1496//1496
f 1497//1497 1493//1493 1496//1496
f 1493//1493 1497//1497 1494//1494
f 1489//1489 1497//1497 1496//1496
f 1498//1498 1497//1497 1489//1489
f 1499//1499 1497//1497 1498//1498
f 1495//1495 1494//1494 1500//1500
f 1501//1501 1495//1495 1500//1500
f 1494//1494 1497//1497 1502//1502
f 1499//1499 1502//1502 1497//1497
f 1494//1494 1502//1502 1500//1500
f 1503//1503 1502//1502 1499//1499
f 1502//1502 1503//1503 1500//1500
f 1499//1499 1498//1498 1503//1503
f 1504//1504 1501//1501 1500//1500
f 1503//1503 1504//1504 1500//1500
f 1503//1503 1498//1498 1504//1504
f 1505//1505 1501//1501 1504//1504
f 1506//1506 1505//1505 1504//1504
f 1504//1504 1498//1498 1506//1506
f 1506//1506 1507//1507 1505//1505
f 1507//1507 1506//1506 1508//1508
f 1509//1509 1508//1508 1506//1506
f 1510//1510 1508//1508 1509//1509
f 1509//1509 1511//1511 1510//1510
f 1512//1512 1510//1510 1511//1511
f 1509//1509 1506//1506 1513//1513
f 1498//1498 1513//1513 1506//1506
f 1511//1511 1509//1509 1513//1513
f 1513//1513 1498//1498 1514//1514
f 1511//1511 1513//1513 1514//1514
f 1515//1515 1514//1514 1498//1498
f 1489//1489 1515//1515 1498//1498
f 1514//1514 1515//1515 1516//1516
f 1511//1511 1514//1514 1516//1516
f 1517//1517 1515//1515 1489//1489
f 1517//1517 1516//1516 1515//1515
f 1517//1517 1489//1489 1518//1518
f 1489//1489 1465//1465 1518//1518
f 1461//1461 1518//1518 1465//1465
f 1517//1517 1518//1518 1461//1461
f 1461//1461 1519//1519 1517//1517
f 1516//1516 1517//1517 1519//1519
f 1519//1519 1461//1461 1462//1462
f 1520//1520 1511//1511 1516//1516
f 1520//1520 1516//1516 1519//1519
f 1462//1462 1521//1521 1519//1519
f 1462//1462 1467//1467 1521//1521
f 1519//1519 1522//1522 1520//1520
f 1519//1519 1521//1521 1522//1522
f 1521//1521 1467//1467 1522//1522
f 1520//1520 1522//1522 1511//1511
f 1468//1468 1522//1522 1467//1467
f 1522//1522 1523//1523 1511//1511
f 1522//1522 1468//1468 1523//1523
f 1512//1512 1511//1511 1523//1523
f 1468//1468 1524//1524 1523//1523
f 1524//1524 1512//1512 1523//1523
f 1524//1524 1468//1468 1525//1525
f 1468//1468 1526//1526 1525//1525
f 1524//1524 1525//1525 1526//1526
f 1526//1526 1468//1468 1470//1470
f 1524//1524 1527//1527 1512//1512
f 1526//1526 1528//1528 1524//1524
f 1527//1527 1524//1524 1528//1528
f 1527//1527 1529//1529 1512//1512
f 1527//1527 1528//1528 1529//1529
f 1530//1530 1512//1512 1529//1529
f 1531//1531 1526//1526 1470//1470
f 1526//1526 1531//1531 1528//1528
f 1531//1531 1532//1532 1528//1528
f 1533//1533 1532//1532 1531//1531
f 1531//1531 1470//1470 1533//1533
f 1451//1451 1533//1533 1470//1470
f 1533//1533 1451//1451 1534//1534
f 1533//1533 1534//1534 1532//1532
f 1534//1534 1451//1451 1450//1450
f 1535//1535 1530//1530 1529//1529
f 1535//1535 1536//1536 1530//1530
f 1528//1528 1537//1537 1529//1529
f 1528//1528 1532//1532 1537//1537
f 1529//1529 1537//1537 1535//1535
f 1535//1535 1537//1537 1532//1532
f 1538//1538 1534//1534 1450//1450
f 1532//1532 1534//1534 1538//1538
f 1536//1536 1535//1535 1539//1539
f 1532//1532 1540//1540 1535//1535
f 1540//1540 1539//1539 1535//1535
f 1536//1536 1539//1539 1541//1541
f 1539//1539 1540//1540 1541//1541
f 1542//1542 1536//1536 1541//1541
f 1543//1543 1542//1542 1541//1541
f 1538//1538 1544//1544 1532//1532
f 1544//1544 1540//1540 1532//1532
f 1545//1545 1538//1538 1450//1450
f 1544//1544 1538//1538 1545//1545
f 1546//1546 1543//1543 1541//1541
f 1546//1546 1547//1547 1543//1543
f 1540//1540 1548//1548 1541//1541
f 1548//1548 1540//1540 1544//1544
f 1546//1546 1541//1541 1548//1548
f 1544//1544 1546//1546 1548//1548
f 1450//1450 1549//1549 1545//1545
f 1549//1549 1450//1450 1453//1453
f 1544//1544 1545//1545 1550//1550
f 1544//1544 1550//1550 1546//1546
f 1550//1550 1545//1545 1549//1549
f 1546//1546 1551//1551 1547//1547
f 1551//1551 1546//1546 1550//1550
f 1552//1552 1551//1551 1550//1550
f 1547//1547 1551//1551 1553//1553
f 1554//1554 1550//1550 1549//1549
f 1550//1550 1554//1554 1552//1552
f 1555//1555 1549//1549 1453//1453
f 1549//1549 1555//1555 1554//1554
f 1553//1553 1551//1551 1556//1556
f 1557//1557 1553//1553 1556//1556
f 1557//1557 1556//1556 1552//1552
f 1551//1551 1558//1558 1556//1556
f 1558//1558 1552//1552 1556//1556
f 1558//1558 1551//1551 1552//1552
f 1552//1552 1554//1554 1559//1559
f 1559//1559 1554//1554 1555//1555
f 1560//1560 1557//1557 1552//1552
f 1559//1559 1560//1560 1552//1552
f 1561//1561 1557//1557 1560//1560
f 1562//1562 1561//1561 1560//1560
f 1562//1562 1560//1560 1559//1559
f 1563//1563 1562//1562 1559//1559
f 1564//1564 1563//1563 1559//1559
f 1559//1559 1555//1555 1564//1564
f 1453//1453 1565//1565 1555//1555
f 1555//1555 1565//1565 1564//1564
f 1565//1565 1453//1453 1452//1452
f 1566//1566 1564//1564 1565//1565
f 1452//1452 1566//1566 1565//1565
f 1566//1566 1567//1567 1564//1564
f 1430//1430 1566//1566 1452//1452
f 1566//1566 1568//1568 1567//1567
f 1568//1568 1566//1566 1430//1430
f 1569//1569 1567//1567 1568//1568
f 1570//1570 1567//1567 1569//1569
f 1569//1569 1571//1571 1570//1570
f 1572//1572 1571//1571 1569//1569
f 1568//1568 1430//1430 1573//1573
f 1573//1573 1569//1569 1568//1568
f 1573//1573 1572//1572 1569//1569
f 1430//1430 1431//1431 1573//1573
f 1574//1574 1572//1572 1573//1573
f 1431//1431 1574//1574 1573//1573
f 1574//1574 1575//1575 1572//1572
f 1576//1576 1575//1575 1574//1574
f 1576//1576 1577//1577 1575//1575
f 1420//1420 1574//1574 1431//1431
f 1575//1575 1577//1577 1578//1578
f 1420//1420 1579//1579 1574//1574
f 1579//1579 1576//1576 1574//1574
f 1578//1578 1577//1577 1580//1580
f 1576//1576 1580//1580 1577//1577
f 1579//1579 1420//1420 1581//1581
f 1426//1426 1581//1581 1420//1420
f 1581//1581 1426//1426 1582//1582
f 1581//1581 1582//1582 1579//1579
f 1426//1426 1432//1432 1582//1582
f 1579//1579 1582//1582 1583//1583
f 1576//1576 1579//1579 1583//1583
f 1582//1582 1432//1432 1584//1584
f 1583//1583 1582//1582 1584//1584
f 1432//1432 1412//1412 1584//1584
f 1578//1578 1580//1580 1585//1585
f 1585//1585 1580//1580 1586//1586
f 106//106 1578//1578 1585//1585
f 1585//1585 1587//1587 106//106
f 1587//1587 1585//1585 1586//1586
f 1587//1587 110//110 106//106
f 1588//1588 1580//1580 1576//1576
f 1586//1586 1580//1580 1588//1588
f 1587//1587 1589//1589 110//110
f 1589//1589 1587//1587 1590//1590
f 1590//1590 1587//1587 1591//1591
f 1586//1586 1591//1591 1587//1587
f 111//111 110//110 1589//1589
f 1592//1592 1589//1589 1590//1590
f 1589//1589 1592//1592 111//111
f 1593//1593 1588//1588 1576//1576
f 1586//1586 1588//1588 1594//1594
f 1594//1594 1588//1588 1593//1593
f 1593//1593 1576//1576 1595//1595
f 1576//1576 1583//1583 1595//1595
f 1596//1596 1594//1594 1593//1593
f 1596//1596 1593//1593 1595//1595
f 1586//1586 1594//1594 1597//1597
f 1594//1594 1596//1596 1597//1597
f 1586//1586 1598//1598 1591//1591
f 1598//1598 1586//1586 1597//1597
f 1599//1599 1597//1597 1596//1596
f 1598//1598 1597//1597 1599//1599
f 1590//1590 1591//1591 1600//1600
f 1600//1600 1591//1591 1598//1598
f 1601//1601 1595//1595 1583//1583
f 1602//1602 1595//1595 1601//1601
f 1603//1603 1595//1595 1602//1602
f 1603//1603 1596//1596 1595//1595
f 1599//1599 1596//1596 1603//1603
f 1601//1601 1583//1583 1584//1584
f 1599//1599 1603//1603 1604//1604
f 1603//1603 1602//1602 1604//1604
f 1602//1602 1605//1605 1604//1604
f 1604//1604 1606//1606 1599//1599
f 1606//1606 1598//1598 1599//1599
f 1606//1606 1604//1604 1605//1605
f 1606//1606 1607//1607 1598//1598
f 1598//1598 1607//1607 1600//1600
f 1608//1608 1607//1607 1606//1606
f 1607//1607 1608//1608 1600//1600
f 1606//1606 1605//1605 1608//1608
f 1609//1609 1600//1600 1608//1608
f 1600//1600 1609//1609 1590//1590
f 1610//1610 1590//1590 1609//1609
f 1609//1609 1608//1608 1611//1611
f 1605//1605 1611//1611 1608//1608
f 1610//1610 1609//1609 1612//1612
f 1612//1612 1609//1609 1611//1611
f 1602//1602 1613//1613 1605//1605
f 1613//1613 1614//1614 1605//1605
f 1602//1602 1614//1614 1613//1613
f 1605//1605 1615//1615 1611//1611
f 1615//1615 1605//1605 1614//1614
f 1616//1616 1612//1612 1611//1611
f 1615//1615 1616//1616 1611//1611
f 1616//1616 1615//1615 1617//1617
f 1618//1618 1615//1615 1614//1614
f 1615//1615 1618//1618 1617//1617
f 1617//1617 1619//1619 1616//1616
f 1619//1619 1612//1612 1616//1616
f 1620//1620 1619//1619 1617//1617
f 1618//1618 1620//1620 1617//1617
f 1621//1621 1612//1612 1619//1619
f 1620//1620 1621//1621 1619//1619
f 1622//1622 1620//1620 1618//1618
f 1621//1621 1620//1620 1622//1622
f 1623//1623 1618//1618 1614//1614
f 1623//1623 1622//1622 1618//1618
f 1624//1624 1614//1614 1602//1602
f 1624//1624 1623//1623 1614//1614
f 573//573 1612//1612 1621//1621
f 1612//1612 573//573 1610//1610
f 1622//1622 574//574 1621//1621
f 573//573 1621//1621 574//574
f 574//574 1622//1622 1623//1623
f 1623//1623 577//577 574//574
f 577//577 1623//1623 1625//1625
f 1624//1624 1625//1625 1623//1623
f 1625//1625 1626//1626 577//577
f 1624//1624 1626//1626 1625//1625
f 577//577 1626//1626 1413//1413
f 1627//1627 1624//1624 1602//1602
f 1601//1601 1627//1627 1602//1602
f 1628//1628 1413//1413 1626//1626
f 1628//1628 1412//1412 1413//1413
f 1624//1624 1629//1629 1626//1626
f 1627//1627 1629//1629 1624//1624
f 1626//1626 1629//1629 1628//1628
f 1627//1627 1601//1601 1630//1630
f 1627//1627 1630//1630 1629//1629
f 1584//1584 1630//1630 1601//1601
f 1584//1584 1412//1412 1631//1631
f 1628//1628 1631//1631 1412//1412
f 1629//1629 1631//1631 1628//1628
f 1584//1584 1631//1631 1630//1630
f 1630//1630 1631//1631 1629//1629
f 1610//1610 573//573 1632//1632
f 573//573 135//135 1632//1632
f 1632//1632 135//135 1633//1633
f 1633//1633 135//135 1634//1634
f 135//135 133//133 1634//1634
f 133//133 1635//1635 1634//1634
f 1635//1635 133//133 118//118
f 1634//1634 1635//1635 1636//1636
f 1633//1633 1634//1634 1636//1636
f 118//118 1637//1637 1635//1635
f 1637//1637 1636//1636 1635//1635
f 1637//1637 118//118 116//116
f 116//116 1638//1638 1637//1637
f 1638//1638 116//116 115//115
f 1637//1637 1639//1639 1636//1636
f 1638//1638 1639//1639 1637//1637
f 1640//1640 1633//1633 1636//1636
f 1636//1636 1639//1639 1640//1640
f 1633//1633 1640//1640 1641//1641
f 1641//1641 1632//1632 1633//1633
f 1641//1641 1640//1640 1639//1639
f 1642//1642 1638//1638 115//115
f 1642//1642 1639//1639 1638//1638
f 115//115 1643//1643 1642//1642
f 1642//1642 1643//1643 1639//1639
f 1641//1641 1639//1639 1643//1643
f 109//109 1643//1643 115//115
f 1641//1641 1644//1644 1632//1632
f 1610//1610 1632//1632 1644//1644
f 1641//1641 1643//1643 1645//1645
f 1644//1644 1641//1641 1645//1645
f 1646//1646 1643//1643 109//109
f 1646//1646 1645//1645 1643//1643
f 1647//1647 1646//1646 109//109
f 109//109 114//114 1647//1647
f 1648//1648 1645//1645 1646//1646
f 1647//1647 1648//1648 1646//1646
f 1647//1647 114//114 1649//1649
f 1647//1647 1649//1649 1648//1648
f 114//114 111//111 1649//1649
f 1650//1650 1645//1645 1648//1648
f 1644//1644 1645//1645 1650//1650
f 1650//1650 1648//1648 1649//1649
f 1651//1651 1649//1649 111//111
f 1649//1649 1651//1651 1650//1650
f 1651//1651 111//111 1592//1592
f 1644//1644 1650//1650 1652//1652
f 1650//1650 1651//1651 1652//1652
f 1644//1644 1652//1652 1610//1610
f 1652//1652 1653//1653 1610//1610
f 1653//1653 1652//1652 1651//1651
f 1653//1653 1590//1590 1610//1610
f 1654//1654 1651//1651 1592//1592
f 1653//1653 1651//1651 1654//1654
f 1592//1592 1590//1590 1654//1654
f 1653//1653 1654//1654 1590//1590
f 1655//1655 901//901 912//912
f 901//901 1655//1655 900//900
f 1656//1656 900//900 1655//1655
f 1655//1655 912//912 1657//1657
f 1655//1655 1657//1657 1656//1656
f 1658//1658 900//900 1656//1656
f 1658//1658 894//894 900//900
f 1659//1659 894//894 1658//1658
f 1656//1656 1659//1659 1658//1658
f 1660//1660 1659//1659 1656//1656
f 1661//1661 894//894 1659//1659
f 1661//1661 1659//1659 1660//1660
f 1661//1661 895//895 894//894
f 1656//1656 1657//1657 1662//1662
f 1656//1656 1662//1662 1660//1660
f 1662//1662 1657//1657 1663//1663
f 1660//1660 1662//1662 1663//1663
f 1657//1657 912//912 1664//1664
f 1657//1657 1664//1664 1663//1663
f 1665//1665 1664//1664 912//912
f 1665//1665 912//912 917//917
f 1665//1665 917//917 1666//1666
f 1666//1666 1664//1664 1665//1665
f 917//917 1667//1667 1666//1666
f 1664//1664 1668//1668 1663//1663
f 1668//1668 1664//1664 1666//1666
f 1669//1669 1666//1666 1667//1667
f 1669//1669 1667//1667 1670//1670
f 1670//1670 1671//1671 1669//1669
f 1669//1669 1672//1672 1666//1666
f 1668//1668 1666//1666 1672//1672
f 1673//1673 1668//1668 1672//1672
f 1669//1669 1674//1674 1672//1672
f 1674//1674 1669//1669 1671//1671
f 1674//1674 1673//1673 1672//1672
f 1674//1674 1671//1671 1673//1673
f 1671//1671 1675//1675 1673//1673
f 1663//1663 1668//1668 1676//1676
f 1676//1676 1660//1660 1663//1663
f 1676//1676 1668//1668 1677//1677
f 1676//1676 1677//1677 1660//1660
f 1668//1668 1673//1673 1677//1677
f 1673//1673 1678//1678 1677//1677
f 1678//1678 1679//1679 1677//1677
f 1680//1680 1673//1673 1675//1675
f 1673//1673 1680//1680 1678//1678
f 1680//1680 1675//1675 1681//1681
f 1678//1678 1680//1680 1681//1681
f 1681//1681 1682//1682 1678//1678
f 1660//1660 1677//1677 1683//1683
f 1679//1679 1683//1683 1677//1677
f 1660//1660 1683//1683 1661//1661
f 1682//1682 1684//1684 1678//1678
f 1684//1684 1682//1682 1685//1685
f 1685//1685 1686//1686 1684//1684
f 1686//1686 1687//1687 1684//1684
f 1684//1684 1688//1688 1678//1678
f 1678//1678 1688//1688 1679//1679
f 1689//1689 1679//1679 1688//1688
f 1684//1684 1690//1690 1688//1688
f 1684//1684 1687//1687 1690//1690
f 1688//1688 1690//1690 1689//1689
f 1690//1690 1687//1687 1691//1691
f 1690//1690 1691//1691 1689//1689
f 1687//1687 1692//1692 1691//1691
f 1692//1692 1689//1689 1691//1691
f 1683//1683 1693//1693 1661//1661
f 1694//1694 1693//1693 1683//1683
f 895//895 1693//1693 1694//1694
f 895//895 1661//1661 1693//1693
f 1695//1695 1683//1683 1679//1679
f 1695//1695 1694//1694 1683//1683
f 1695//1695 1679//1679 1696//1696
f 1695//1695 1696//1696 1694//1694
f 1696//1696 1679//1679 1697//1697
f 1697//1697 1679//1679 1689//1689
f 1696//1696 1697//1697 1694//1694
f 1698//1698 1689//1689 1692//1692
f 1692//1692 1699//1699 1698//1698
f 1700//1700 1698//1698 1699//1699
f 1698//1698 1700//1700 1701//1701
f 1701//1701 1702//1702 1698//1698
f 1701//1701 1700//1700 1703//1703
f 1701//1701 1704//1704 1702//1702
f 1701//1701 1705//1705 1704//1704
f 1689//1689 1698//1698 1706//1706
f 1697//1697 1689//1689 1706//1706
f 1706//1706 1698//1698 1702//1702
f 1707//1707 1701//1701 1703//1703
f 1708//1708 1707//1707 1703//1703
f 1709//1709 1701//1701 1707//1707
f 1701//1701 1709//1709 1705//1705
f 1708//1708 1710//1710 1707//1707
f 1709//1709 1707//1707 1710//1710
f 1710//1710 1708//1708 1711//1711
f 1711//1711 1709//1709 1710//1710
f 1708//1708 1712//1712 1711//1711
f 1713//1713 1705//1705 1709//1709
f 1709//1709 1711//1711 1713//1713
f 1714//1714 1713//1713 1711//1711
f 1715//1715 1711//1711 1712//1712
f 1711//1711 1715//1715 1714//1714
f 1716//1716 1715//1715 1712//1712
f 1715//1715 1716//1716 1714//1714
f 1712//1712 1717//1717 1716//1716
f 1718//1718 1705//1705 1713//1713
f 1705//1705 1718//1718 1704//1704
f 1719//1719 1704//1704 1718//1718
f 1713//1713 1720//1720 1718//1718
f 1713//1713 1714//1714 1720//1720
f 1720//1720 1719//1719 1718//1718
f 1720//1720 1714//1714 1721//1721
f 1719//1719 1720//1720 1722//1722
f 1721//1721 1722//1722 1720//1720
f 1719//1719 1722//1722 1721//1721
f 1716//1716 1717//1717 1723//1723
f 1714//1714 1716//1716 1724//1724
f 1716//1716 1723//1723 1724//1724
f 1717//1717 1725//1725 1723//1723
f 1724//1724 1723//1723 1725//1725
f 1726//1726 1724//1724 1725//1725
f 1725//1725 1717//1717 1727//1727
f 1727//1727 366//366 1725//1725
f 1728//1728 1725//1725 366//366
f 1728//1728 1726//1726 1725//1725
f 1728//1728 366//366 367//367
f 367//367 1726//1726 1728//1728
f 1714//1714 1724//1724 1729//1729
f 1721//1721 1714//1714 1729//1729
f 1730//1730 1726//1726 367//367
f 1730//1730 367//367 362//362
f 1731//1731 1730//1730 362//362
f 1726//1726 1730//1730 1731//1731
f 1732//1732 1724//1724 1726//1726
f 1724//1724 1732//1732 1729//1729
f 362//362 1733//1733 1731//1731
f 386//386 1733//1733 362//362
f 1734//1734 1726//1726 1731//1731
f 1733//1733 1734//1734 1731//1731
f 1734//1734 1732//1732 1726//1726
f 1733//1733 386//386 1734//1734
f 1735//1735 1729//1729 1732//1732
f 1734//1734 1735//1735 1732//1732
f 1735//1735 1736//1736 1729//1729
f 1736//1736 1735//1735 1734//1734
f 1736//1736 1734//1734 386//386
f 1721//1721 1729//1729 1736//1736
f 1721//1721 1736//1736 1737//1737
f 1736//1736 386//386 1738//1738
f 1736//1736 1738//1738 1737//1737
f 386//386 383//383 1738//1738
f 1721//1721 1737//1737 1739//1739
f 1739//1739 1719//1719 1721//1721
f 383//383 1740//1740 1738//1738
f 1738//1738 1741//1741 1737//1737
f 1741//1741 1738//1738 1740//1740
f 1740//1740 383//383 1742//1742
f 1742//1742 383//383 379//379
f 1740//1740 1743//1743 1741//1741
f 1742//1742 1743//1743 1740//1740
f 1744//1744 1742//1742 379//379
f 1744//1744 1743//1743 1742//1742
f 1744//1744 1745//1745 1743//1743
f 1744//1744 379//379 378//378
f 1744//1744 378//378 1745//1745
f 1741//1741 1743//1743 1746//1746
f 1737//1737 1741//1741 1746//1746
f 1747//1747 1743//1743 1745//1745
f 1747//1747 1746//1746 1743//1743
f 1746//1746 1747//1747 1748//1748
f 1748//1748 1749//1749 1746//1746
f 1746//1746 1750//1750 1737//1737
f 1749//1749 1750//1750 1746//1746
f 1751//1751 1737//1737 1750//1750
f 1751//1751 1739//1739 1737//1737
f 1750//1750 1752//1752 1751//1751
f 1751//1751 1752//1752 1739//1739
f 1750//1750 1749//1749 1752//1752
f 1749//1749 1753//1753 1752//1752
f 1739//1739 1752//1752 1754//1754
f 1739//1739 1754//1754 1719//1719
f 1755//1755 1749//1749 1748//1748
f 1753//1753 1749//1749 1755//1755
f 1754//1754 1752//1752 1756//1756
f 1756//1756 1752//1752 1753//1753
f 1754//1754 1757//1757 1719//1719
f 1757//1757 1704//1704 1719//1719
f 1758//1758 1757//1757 1754//1754
f 1756//1756 1758//1758 1754//1754
f 1758//1758 1704//1704 1757//1757
f 1758//1758 1756//1756 1759//1759
f 1753//1753 1759//1759 1756//1756
f 1758//1758 1760//1760 1704//1704
f 1758//1758 1759//1759 1760//1760
f 1704//1704 1760//1760 1761//1761
f 1704//1704 1761//1761 1702//1702
f 1760//1760 1762//1762 1761//1761
f 1759//1759 1762//1762 1760//1760
f 1762//1762 1702//1702 1761//1761
f 1763//1763 1755//1755 1748//1748
f 1753//1753 1755//1755 1763//1763
f 1764//1764 1762//1762 1759//1759
f 1762//1762 1765//1765 1702//1702
f 1762//1762 1764//1764 1765//1765
f 1759//1759 1753//1753 1766//1766
f 1759//1759 1766//1766 1764//1764
f 1766//1766 1753//1753 1767//1767
f 1763//1763 1767//1767 1753//1753
f 1766//1766 1768//1768 1764//1764
f 1764//1764 1768//1768 1765//1765
f 1766//1766 1767//1767 1768//1768
f 1765//1765 1768//1768 1769//1769
f 1765//1765 1770//1770 1702//1702
f 1770//1770 1765//1765 1769//1769
f 1702//1702 1770//1770 1706//1706
f 1771//1771 1706//1706 1770//1770
f 1697//1697 1706//1706 1771//1771
f 1771//1771 1772//1772 1697//1697
f 1772//1772 1694//1694 1697//1697
f 1771//1771 1770//1770 1773//1773
f 1773//1773 1772//1772 1771//1771
f 1774//1774 1694//1694 1772//1772
f 1772//1772 1773//1773 1774//1774
f 1770//1770 1775//1775 1773//1773
f 1775//1775 1770//1770 1769//1769
f 1773//1773 1775//1775 1776//1776
f 1773//1773 1776//1776 1774//1774
f 1776//1776 1775//1775 1769//1769
f 1777//1777 1694//1694 1774//1774
f 1777//1777 895//895 1694//1694
f 885//885 895//895 1777//1777
f 1774//1774 1778//1778 1777//1777
f 1777//1777 1778//1778 885//885
f 1774//1774 1776//1776 1779//1779
f 1779//1779 1778//1778 1774//1774
f 1778//1778 1780//1780 885//885
f 883//883 885//885 1780//1780
f 1780//1780 1778//1778 1781//1781
f 1778//1778 1779//1779 1781//1781
f 883//883 1780//1780 1782//1782
f 1781//1781 1782//1782 1780//1780
f 865//865 883//883 1782//1782
f 1783//1783 1782//1782 1781//1781
f 1781//1781 1779//1779 1783//1783
f 865//865 1782//1782 1783//1783
f 1776//1776 1784//1784 1779//1779
f 1769//1769 1784//1784 1776//1776
f 1779//1779 1784//1784 1783//1783
f 1769//1769 1785//1785 1784//1784
f 1784//1784 1785//1785 1783//1783
f 865//865 1783//1783 1786//1786
f 857//857 865//865 1786//1786
f 1769//1769 1787//1787 1785//1785
f 1769//1769 1768//1768 1787//1787
f 1788//1788 1787//1787 1768//1768
f 1767//1767 1788//1788 1768//1768
f 1789//1789 1787//1787 1788//1788
f 1789//1789 1788//1788 1767//1767
f 1785//1785 1787//1787 1789//1789
f 857//857 1786//1786 1790//1790
f 1790//1790 858//858 857//857
f 1791//1791 1790//1790 1786//1786
f 858//858 1790//1790 1791//1791
f 1792//1792 1786//1786 1783//1783
f 1791//1791 1786//1786 1792//1792
f 1783//1783 1793//1793 1792//1792
f 1792//1792 1793//1793 1791//1791
f 1785//1785 1794//1794 1783//1783
f 1783//1783 1794//1794 1793//1793
f 1793//1793 1795//1795 1791//1791
f 1795//1795 1793//1793 1794//1794
f 1796//1796 1794//1794 1785//1785
f 1795//1795 1794//1794 1796//1796
f 1789//1789 1796//1796 1785//1785
f 1795//1795 1797//1797 1791//1791
f 1797//1797 1795//1795 1796//1796
f 1796//1796 1789//1789 1797//1797
f 1791//1791 1797//1797 858//858
f 1789//1789 1767//1767 1798//1798
f 1797//1797 1789//1789 1798//1798
f 1798//1798 1767//1767 1763//1763
f 1797//1797 1798//1798 1799//1799
f 858//858 1797//1797 1799//1799
f 1763//1763 1799//1799 1798//1798
f 1799//1799 1800//1800 858//858
f 859//859 858//858 1800//1800
f 1763//1763 1801//1801 1799//1799
f 1801//1801 1800//1800 1799//1799
f 1748//1748 1801//1801 1763//1763
f 1800//1800 1802//1802 859//859
f 1800//1800 1801//1801 1802//1802
f 859//859 1802//1802 854//854
f 1803//1803 1801//1801 1748//1748
f 1803//1803 1802//1802 1801//1801
f 1748//1748 1804//1804 1803//1803
f 1804//1804 1802//1802 1803//1803
f 854//854 1802//1802 1805//1805
f 1804//1804 1805//1805 1802//1802
f 1804//1804 1748//1748 1806//1806
f 1806//1806 1748//1748 1747//1747
f 1807//1807 1805//1805 1804//1804
f 1806//1806 1807//1807 1804//1804
f 1808//1808 1806//1806 1747//1747
f 1747//1747 1745//1745 1808//1808
f 854//854 1805//1805 1809//1809
f 1810//1810 854//854 1809//1809
f 1810//1810 851//851 854//854
f 1809//1809 1805//1805 1811//1811
f 1809//1809 1811//1811 1810//1810
f 1807//1807 1811//1811 1805//1805
f 1810//1810 1812//1812 851//851
f 1810//1810 1811//1811 1812//1812
f 851//851 1812//1812 465//465
f 465//465 1812//1812 1813//1813
f 1811//1811 1813//1813 1812//1812
f 464//464 465//465 1813//1813
f 1808//1808 464//464 1806//1806
f 1813//1813 1811//1811 1814//1814
f 1811//1811 1807//1807 1814//1814
f 464//464 1813//1813 1814//1814
f 1815//1815 1807//1807 1806//1806
f 1814//1814 1807//1807 1815//1815
f 464//464 1814//1814 1815//1815
f 1806//1806 464//464 1815//1815
f 1808//1808 455//455 464//464
f 1816//1816 455//455 1808//1808
f 454//454 455//455 1816//1816
f 1808//1808 1745//1745 1816//1816
f 1817//1817 454//454 1816//1816
f 1817//1817 1816//1816 1745//1745
f 378//378 454//454 1817//1817
f 378//378 1818//1818 1745//1745
f 1818//1818 1817//1817 1745//1745
f 378//378 1817//1817 1818//1818
