# collision_CH47_body
v -1.14678836 1.18569195 -4.68897867
v -0.856927633 1.10145259 -4.29166842
v -1.07746148 1.15402579 -4.29166842
v 1.25127375 1.33633208 -5.2818222
v 1.16932702 1.19447088 -4.68903065
v 0.86619246 1.10145259 -4.29166842
v -0.856927633 1.10145259 -4.29166842
v 1.08672655 1.15402579 -4.29166842
v 1.25127363 1.26258576 -4.29166842
v 1.35983348 1.42713284 -4.29166746
v 1.35983384 2.04560113 -5.96600819
v 1.41240668 1.64766693 -4.29166746
v 1.41240704 2.20406127 -5.96600819
v 1.41240668 2.69192672 -4.29166746
v 1.41240704 2.95439243 -5.96600676
v -1.24200892 1.33633196 -5.2818222
v -1.24200869 1.26258576 -4.29166842
v -1.07746148 1.15402579 -4.29166842
v -1.35056865 1.42713284 -4.29166746
v -1.35056865 2.04560113 -5.96600819
v -1.40314186 1.64766693 -4.29166746
v -1.25613916 1.80270004 -5.98934317
v 1.2786777 1.8026998 -5.98934317
v 1.2786777 2.47520018 -6.98739624
v 1.35983384 2.52348256 -6.98739624
v -1.25613928 2.46730375 -6.98739624
v -1.40314186 2.20406127 -5.96600819
v -1.40314186 2.69192672 -4.29166746
v -1.40314186 2.95439243 -5.96600676
v 1.41240704 2.61004329 -6.98739481
v 1.41240704 2.95439243 -5.96600676
v 1.41240704 3.01991868 -6.98739481
v 1.26235342 2.62384844 -7.20190907
v -1.35056865 2.52348256 -6.98739624
v -1.24045634 2.63710141 -7.22990942
v -1.24045634 2.63710141 -7.22990942
v -1.40314186 2.61004329 -6.98739481
v -1.40314186 2.95439243 -5.96600676
v -1.40314186 3.01991868 -6.98739481
v 1.21164608 2.74235654 -7.36801481
v -1.19682741 2.78376508 -7.42445278
v -1.40314186 3.01991868 -6.98739481
v 1.16381037 2.85503054 -7.51402426
v -1.17575145 2.85926962 -7.4691
v -1.06333721 2.94959641 -7.70723963
v 1.07260239 2.92835736 -7.70723963
v -1.06333733 3.06609941 -7.70723963
v -1.06333721 2.94959641 -7.70723963
v -1.29953325 3.22325277 -6.98739481
v -0.984737456 3.15040064 -7.70723963
v -1.06333733 3.06609941 -7.70723963
v -0.988706887 3.34525323 -6.98739481
v -0.748937309 3.20098138 -7.70723963
v -0.470663249 3.38592005 -6.98739481
v -0.355937719 3.21784163 -7.70723963
v 0.365202844 3.21784163 -7.70723963
v 0.479928464 3.38592005 -6.98739481
v -1.29953325 3.32662225 -5.96600676
v -1.29953325 3.20997024 -4.29166746
v -0.988706946 3.5499599 -5.96600676
v -0.988706887 3.52079678 -4.29166746
v -0.470663279 3.6244061 -5.96600676
v -0.470663399 3.62440538 -4.29166746
v 0.479928315 3.62440538 -4.29166746
v 0.479928434 3.6244061 -5.96600676
v 0.997972012 3.52079678 -4.29166746
v 0.99797225 3.54996014 -5.96600676
v 1.30879807 3.20997024 -4.29166746
v 0.99797231 3.34525347 -6.98739481
v 1.30879831 3.32662225 -5.96600676
v 1.30879831 3.22325277 -6.98739481
v 1.41240704 3.01991868 -6.98739481
v 0.758202732 3.20098138 -7.70723963
v 0.365202844 3.21784163 -7.70723963
v 0.994002521 3.15040064 -7.70723963
v 1.07260239 3.06609941 -7.70723963
v 1.16381037 2.85503054 -7.51402426
v 1.07260239 3.06609941 -7.70723963
v 0.994002521 3.15040064 -7.70723963
v 0.982071757 3.01918411 -7.70723963
v 1.07260239 3.06609941 -7.70723963
v 1.07260239 2.92835736 -7.70723963
v 0.679173946 3.07997704 -7.70723963
v 0.365202844 3.21784163 -7.70723963
v -0.355937719 3.21784163 -7.70723963
v -0.691115022 3.07997727 -7.70723963
v -0.748937309 3.20098138 -7.70723963
v -0.984737456 3.15040064 -7.70723963
v -0.994012833 3.01918459 -7.70723963
v -1.06333733 3.06609941 -7.70723963
v 1.92910075 1.24718857 -2.79643297
v 2.26120734 1.3644768 -2.79643297
v 2.26120734 1.3644768 -2.5886302
v 1.92910075 1.24718857 -2.5886302
v 2.26120734 1.60846651 -2.5886302
v 2.26120734 1.3644768 -2.79643297
v 2.26120734 1.60846651 -2.79643297
v 1.92910075 1.52780557 -2.5886302
v 1.92910075 1.52780557 -2.79643297
v 1.92910075 1.24718857 -2.79643297
v 2.26120734 1.60846651 -2.5886302
v 1.92910075 1.52780557 -2.5886302
v 1.92910075 1.52780557 -2.5886302
v 2.26120734 1.3644768 -2.5886302
v 2.26120734 1.60846651 -2.5886302
v 1.92910075 1.24718857 -2.5886302
v 1.92910075 1.52780557 -2.79643297
v 2.26120734 1.60846651 -2.79643297
v 2.26120734 1.3644768 -2.79643297
v 1.92910075 1.24718857 -2.79643297
v 1.92910075 1.24718857 -1.4912219
v 2.25397182 1.34882128 -1.4912219
v 2.25397182 1.34882128 -1.22205794
v 1.92910075 1.24718857 -1.22205794
v 2.25397182 1.52780557 -1.22205794
v 2.25397182 1.34882128 -1.4912219
v 2.25397182 1.52780557 -1.4912219
v 1.92910075 1.52780557 -1.22205794
v 1.92910075 1.52780557 -1.4912219
v 1.92910075 1.24718857 -1.4912219
v 2.25397182 1.52780557 -1.22205794
v 1.92910075 1.52780557 -1.22205794
v 2.25397182 1.34882128 -1.22205794
v 2.25397182 1.52780557 -1.22205794
v 1.92910075 1.52780557 -1.22205794
v 1.92910075 1.24718857 -1.22205794
v 1.92910075 1.52780557 -1.4912219
v 2.25397182 1.52780557 -1.4912219
v 2.25397182 1.34882128 -1.4912219
v 1.92910075 1.24718857 -1.4912219
v -2.24639773 1.3644768 -2.5886302
v -2.24639773 1.3644768 -2.79643297
v -1.91429138 1.24718881 -2.79643297
v -1.91429138 1.24718881 -2.5886302
v -2.24639773 1.60846651 -2.5886302
v -2.24639773 1.3644768 -2.79643297
v -2.24639773 1.60846651 -2.79643297
v -1.91429138 1.52780557 -2.5886302
v -1.91429138 1.52780557 -2.79643297
v -1.91429138 1.24718881 -2.79643297
v -2.24639773 1.60846651 -2.5886302
v -1.91429138 1.52780557 -2.5886302
v -1.91429138 1.24718881 -2.5886302
v -1.91429138 1.52780557 -2.5886302
v -2.24639773 1.3644768 -2.5886302
v -2.24639773 1.60846651 -2.5886302
v -1.91429138 1.52780557 -2.79643297
v -1.91429138 1.24718881 -2.79643297
v -2.24639773 1.3644768 -2.79643297
v -2.24639773 1.60846651 -2.79643297
v -2.23916221 1.34882128 -1.22205818
v -2.23916221 1.34882128 -1.49122214
v -1.91429138 1.24718881 -1.49122214
v -1.91429138 1.24718881 -1.22205818
v -2.23916221 1.52780557 -1.22205818
v -2.23916221 1.34882128 -1.49122214
v -2.23916221 1.52780557 -1.49122214
v -1.91429138 1.52780557 -1.22205818
v -1.91429138 1.52780557 -1.49122214
v -1.91429138 1.24718881 -1.49122214
v -2.23916221 1.52780557 -1.22205818
v -1.91429138 1.52780557 -1.22205818
v -1.91429138 1.24718881 -1.22205818
v -1.91429138 1.52780557 -1.22205818
v -2.23916221 1.34882128 -1.22205818
v -2.23916221 1.52780557 -1.22205818
v -1.91429138 1.52780557 -1.49122214
v -1.91429138 1.24718881 -1.49122214
v -2.23916221 1.34882128 -1.49122214
v -2.23916221 1.52780557 -1.49122214
v 0.779481888 1.24583066 1.61284959
v 0.802571058 1.71091306 1.61284959
v 0.779481888 1.71091306 1.61284959
v 0.802571058 1.24583066 1.61284959
v 0.779482126 1.24583066 -1.89379823
v 0.779481888 1.71091306 1.61284959
v 0.779482126 1.71091306 -1.89379823
v 0.802571297 1.24583066 -1.89379823
v 0.802571297 1.71091306 -1.89379823
v 0.802571058 1.71091306 1.61284959
v 0.779482126 1.24583066 -1.89379823
v 0.802571297 1.24583066 -1.89379823
v 0.802571058 1.24583066 1.61284959
v 0.779481888 1.24583066 1.61284959
v 0.802571297 1.24583066 -1.89379823
v 0.779482126 1.24583066 -1.89379823
v 0.802571297 1.71091306 -1.89379823
v 0.779482126 1.71091306 -1.89379823
v 0.802571058 1.71091306 1.61284959
v 0.779481888 1.71091306 1.61284959
v 0.777832568 1.71091306 1.61284959
v 0.777832568 1.65648866 1.61284959
v 1.25610888 1.71091306 1.61284959
v 1.25610888 1.65648866 1.61284959
v 0.777832806 1.65648866 -1.89379823
v 0.777832568 1.71091306 1.61284959
v 0.777832806 1.71091306 -1.89379823
v 1.256109 1.65648866 -1.89379823
v 1.256109 1.71091306 -1.89379823
v 1.25610888 1.71091306 1.61284959
v 0.777832806 1.65648866 -1.89379823
v 1.256109 1.65648866 -1.89379823
v 1.25610888 1.65648866 1.61284959
v 0.777832568 1.65648866 1.61284959
v 0.777832806 1.65648866 -1.89379823
v 1.256109 1.65648866 -1.89379823
v 1.256109 1.71091306 -1.89379823
v 0.777832806 1.71091306 -1.89379823
v 1.25610888 1.71091306 1.61284959
v 0.777832568 1.71091306 1.61284959
v -0.767610073 1.24583066 -1.92396736
v -0.790699303 1.71091306 -1.92396736
v -0.767610073 1.71091306 -1.92396736
v -0.790699303 1.24583066 -1.92396736
v -0.767610133 1.24583066 1.58268034
v -0.767610073 1.71091306 -1.92396736
v -0.767610133 1.71091306 1.58268034
v -0.790699363 1.24583066 1.58268034
v -0.790699363 1.71091306 1.58268034
v -0.790699303 1.71091306 -1.92396736
v -0.767610133 1.24583066 1.58268034
v -0.790699363 1.24583066 1.58268034
v -0.767610133 1.24583066 1.58268034
v -0.790699363 1.24583066 1.58268034
v -0.767610073 1.24583066 -1.92396736
v -0.790699303 1.24583066 -1.92396736
v -0.767610073 1.71091306 -1.92396736
v -0.790699303 1.71091306 -1.92396736
v -0.790699363 1.71091306 1.58268034
v -0.767610133 1.71091306 1.58268034
v -0.765960753 1.71091306 -1.92396736
v -0.765960753 1.65648866 -1.92396736
v -1.24423707 1.71091306 -1.92396736
v -1.24423707 1.65648866 -1.92396736
v -0.765960813 1.65648866 1.58268034
v -0.765960753 1.71091306 -1.92396736
v -0.765960813 1.71091306 1.58268034
v -1.24423707 1.65648866 1.58268034
v -1.24423707 1.71091306 1.58268034
v -1.24423707 1.71091306 -1.92396736
v -0.765960813 1.65648866 1.58268034
v -1.24423707 1.65648866 1.58268034
v -0.765960813 1.65648866 1.58268034
v -1.24423707 1.65648866 1.58268034
v -1.24423707 1.65648866 -1.92396736
v -0.765960753 1.65648866 -1.92396736
v -0.765960753 1.71091306 -1.92396736
v -1.24423707 1.71091306 -1.92396736
v -0.765960813 1.71091306 1.58268034
v -1.24423707 1.71091306 1.58268034
v 0.400751591 1.10862875 7.03395557
v 0.44553104 1.06384933 7.03395557
v 0.44553104 0.998380721 7.0339551
v 0.400751591 0.953601301 7.0339551
v 0.334870726 0.953601301 7.0339551
v 0.334870726 1.10862875 7.03395557
v 0.290091246 0.998380721 7.0339551
v 0.290091246 1.06384933 7.03395557
v 0.290091246 1.06384933 7.11769819
v 0.290091246 0.998380721 7.11769819
v 0.334870726 0.953601301 7.11769819
v 0.334870726 1.10862875 7.11769819
v 0.400751591 1.10862875 7.11769819
v 0.400751591 0.953601301 7.11769819
v 0.44553104 1.06384933 7.11769819
v 0.44553104 0.998380721 7.11769819
v 0.400751591 0.953601301 7.0339551
v 0.400751591 0.953601301 7.11769819
v 0.334870726 0.953601301 7.11769819
v 0.334870726 0.953601301 7.0339551
v 0.290091246 0.998380721 7.11769819
v 0.290091246 1.06384933 7.11769819
v 0.290091246 1.06384933 7.03395557
v 0.290091246 0.998380721 7.0339551
v 0.334870726 0.953601301 7.0339551
v 0.334870726 0.953601301 7.11769819
v 0.334870726 1.10862875 7.03395557
v 0.400751591 1.10862875 7.11769819
v 0.400751591 1.10862875 7.03395557
v 0.334870726 1.10862875 7.11769819
v 0.290091246 1.06384933 7.03395557
v 0.290091246 1.06384933 7.11769819
v 0.400751591 0.953601301 7.11769819
v 0.400751591 0.953601301 7.0339551
v 0.44553104 0.998380721 7.0339551
v 0.44553104 0.998380721 7.11769819
v 0.44553104 1.06384933 7.03395557
v 0.44553104 1.06384933 7.11769819
v 0.400751591 1.10862875 7.03395557
v 0.400751591 1.10862875 7.11769819
v -0.33556509 1.10862875 7.03395557
v -0.29078564 1.06384933 7.03395557
v -0.29078564 0.998380721 7.0339551
v -0.33556509 0.953601301 7.0339551
v -0.401445985 0.953601301 7.0339551
v -0.401445985 1.10862875 7.03395557
v -0.446225464 0.998380721 7.0339551
v -0.446225464 1.06384933 7.03395557
v -0.446225464 1.06384933 7.11769819
v -0.446225464 0.998380721 7.11769819
v -0.401445985 0.953601301 7.11769819
v -0.401445985 1.10862875 7.11769819
v -0.33556509 1.10862875 7.11769819
v -0.33556509 0.953601301 7.11769819
v -0.29078564 1.06384933 7.11769819
v -0.29078564 0.998380721 7.11769819
v -0.33556509 0.953601301 7.0339551
v -0.33556509 0.953601301 7.11769819
v -0.401445985 0.953601301 7.11769819
v -0.401445985 0.953601301 7.0339551
v -0.446225464 0.998380721 7.11769819
v -0.446225464 1.06384933 7.11769819
v -0.446225464 1.06384933 7.03395557
v -0.446225464 0.998380721 7.0339551
v -0.401445985 0.953601301 7.0339551
v -0.401445985 0.953601301 7.11769819
v -0.401445985 1.10862875 7.03395557
v -0.33556509 1.10862875 7.11769819
v -0.33556509 1.10862875 7.03395557
v -0.401445985 1.10862875 7.11769819
v -0.446225464 1.06384933 7.03395557
v -0.446225464 1.06384933 7.11769819
v -0.33556509 0.953601301 7.11769819
v -0.33556509 0.953601301 7.0339551
v -0.29078564 0.998380721 7.0339551
v -0.29078564 0.998380721 7.11769819
v -0.29078564 1.06384933 7.03395557
v -0.29078564 1.06384933 7.11769819
v -0.33556509 1.10862875 7.03395557
v -0.33556509 1.10862875 7.11769819
v 0.074068673 4.19565487 4.59283113
v 0.109974876 3.5040338 4.59283113
v -0.0965086147 3.5040338 4.59283113
v -0.0606025346 4.19565487 4.59283113
v -0.239558101 4.22653198 4.68583012
v -0.366366118 3.5040338 4.69072056
v -0.550271153 3.5040338 4.91948032
v -0.371682614 4.2986908 4.90316153
v -0.424996734 4.54378176 6.91263485
v -0.457367152 3.11629629 7.03462315
v -0.21303688 3.11629629 7.15547943
v -0.202114746 4.54378176 7.02745295
v 0.226502642 3.11629629 7.15547943
v 0.215580627 4.54378176 7.02745295
v 0.438462615 4.54378176 6.91263485
v 0.470832914 3.11629629 7.03462315
v -0.550271153 3.5040338 4.91948032
v -0.366366118 3.5040338 4.69072056
v -0.0965086147 3.5040338 4.59283113
v 0.563737333 3.5040338 4.9194808
v 0.109974876 3.5040338 4.59283113
v 0.379832268 3.5040338 4.69072056
v -0.718051612 3.5040338 5.69648075
v 0.731517613 3.5040338 5.69648075
v -0.739422143 3.2468133 6.24825048
v 0.752888143 3.2468133 6.24825048
v 0.618323803 3.11629629 6.80002069
v -0.604857981 3.11629629 6.80002069
v -0.21303688 3.11629629 7.15547943
v -0.457367152 3.11629629 7.03462315
v 0.226502642 3.11629629 7.15547943
v 0.470832914 3.11629629 7.03462315
v -0.424996734 4.54378176 6.91263485
v -0.604857981 3.11629629 6.80002069
v -0.539814711 4.54378176 6.68975258
v -0.739422143 3.2468133 6.24825048
v -0.539814651 4.54378176 6.16554785
v -0.718051612 3.5040338 5.69648075
v -0.539814651 4.54378176 5.64134407
v -0.371682614 4.2986908 4.90316153
v -0.550271153 3.5040338 4.91948032
v 0.438462615 4.54378176 6.91263485
v 0.618323803 3.11629629 6.80002069
v 0.553280652 4.54378176 6.68975258
v 0.752888143 3.2468133 6.24825048
v 0.553280771 4.54378176 6.16554785
v 0.731517613 3.5040338 5.69648075
v 0.553280711 4.54378176 5.64134407
v 0.385148734 4.2986908 4.90316153
v 0.563737333 3.5040338 4.9194808
v 0.25302431 4.22653198 4.68583012
v 0.379832268 3.5040338 4.69072056
v 0.109974876 3.5040338 4.59283113
v 0.074068673 4.19565487 4.59283113
v 0.074068673 4.19565487 4.59283113
v -0.0606025346 4.19565487 4.59283113
v -0.239558101 4.22653198 4.68583012
v 0.25302431 4.22653198 4.68583012
v 0.385148734 4.2986908 4.90316153
v -0.371682614 4.2986908 4.90316153
v -0.539814651 4.54378176 5.64134407
v 0.553280711 4.54378176 5.64134407
v -0.539814651 4.54378176 6.16554785
v 0.553280771 4.54378176 6.16554785
v 0.553280652 4.54378176 6.68975258
v -0.539814711 4.54378176 6.68975258
v 0.215580627 4.54378176 7.02745295
v 0.438462615 4.54378176 6.91263485
v -0.202114746 4.54378176 7.02745295
v -0.424996734 4.54378176 6.91263485
v -1.0746659 3.9855144 -5.93934059
v -1.21580946 4.08806133 -5.93934059
v -1.1776036 4.20564651 -3.83928299
v -0.974641621 4.05818605 -3.83928299
v -0.897117138 3.81959009 -3.83928299
v -1.02075386 3.81959033 -5.93934059
v -1.0746659 3.65366626 -5.93934059
v -1.6314404 4.05818605 -3.83928299
v -1.1776036 4.20564651 -3.83928299
v -1.42847848 4.20564651 -3.83928299
v -1.21580946 4.08806133 -5.93934059
v -1.3902725 4.08806133 -5.93934059
v -1.53141594 3.9855144 -5.93934059
v -1.70896494 3.81959009 -3.83928299
v -1.58532798 3.81959033 -5.93934059
v -1.53141594 3.65366626 -5.93934059
v -1.63144052 3.58099413 -3.83928299
v -0.974641681 3.58099389 -3.83928299
v -1.1776036 3.43353319 -3.83928299
v -1.21580946 3.55111957 -5.93934059
v -1.42847848 3.43353319 -3.83928299
v -1.3902725 3.55111957 -5.93934059
v -1.0746659 3.9855144 -5.93934059
v -1.02075386 3.81959033 -5.93934059
v -1.0746659 3.65366626 -5.93934059
v -1.21580946 3.55111957 -5.93934059
v -1.3902725 3.55111957 -5.93934059
v -1.53141594 3.9855144 -5.93934059
v -1.53141594 3.65366626 -5.93934059
v -1.58532798 3.81959033 -5.93934059
v -1.21580946 4.08806133 -5.93934059
v -1.3902725 4.08806133 -5.93934059
v -1.23898697 3.81959033 -3.14353728
v -1.25122023 3.8572402 -3.14353728
v -1.28324723 3.8805089 -3.14353728
v -1.25122023 3.78194022 -3.14353728
v -1.32283473 3.8805089 -3.14353728
v -1.28324723 3.75867128 -3.14353728
v -1.32283485 3.75867128 -3.14353728
v -1.35486186 3.78194022 -3.14353728
v -1.36709499 3.81959033 -3.14353728
v -1.35486186 3.8572402 -3.14353728
v -1.32283473 3.8805089 -3.14353728
v -1.28324723 3.8805089 -3.14353728
v -1.13649786 4.33215714 -3.82378197
v -1.46958411 4.33215714 -3.82378197
v -1.35486186 3.8572402 -3.14353728
v -1.73905683 4.136374 -3.82378268
v -1.73905683 3.50280643 -3.82378268
v -1.84198618 3.81959009 -3.82378268
v -1.36709499 3.81959033 -3.14353728
v -1.35486186 3.78194022 -3.14353728
v -0.867025256 4.136374 -3.82378268
v -1.13649786 4.33215714 -3.82378197
v -1.46958435 3.30702257 -3.82378268
v -1.32283485 3.75867128 -3.14353728
v -1.13649774 3.30702257 -3.82378268
v -1.28324723 3.75867128 -3.14353728
v -1.25122023 3.78194022 -3.14353728
v -0.867025375 3.50280595 -3.82378268
v -0.764095962 3.81958985 -3.82378268
v -1.23898697 3.81959033 -3.14353728
v -1.25122023 3.8572402 -3.14353728
v -1.28324723 3.8805089 -3.14353728
v 1.53375089 3.9855144 -5.93934059
v 1.39260733 4.08806133 -5.93934059
v 1.43081331 4.20564651 -3.83928299
v 1.63377512 4.05818605 -3.83928299
v 1.71129966 3.81959009 -3.83928299
v 1.58766294 3.81959033 -5.93934059
v 1.53375089 3.65366626 -5.93934059
v 1.63377512 3.58099389 -3.83928299
v 1.43081331 3.43353319 -3.83928299
v 1.39260733 3.55111957 -5.93934059
v 0.976976275 3.58099413 -3.83928299
v 1.17993832 3.43353319 -3.83928299
v 1.2181443 3.55111957 -5.93934059
v 1.07700074 3.65366626 -5.93934059
v 0.899451911 3.81959009 -3.83928299
v 1.02308881 3.81959033 -5.93934059
v 1.07700086 3.9855144 -5.93934059
v 0.976976454 4.05818605 -3.83928299
v 1.17993844 4.20564651 -3.83928299
v 1.43081331 4.20564651 -3.83928299
v 1.2181443 4.08806133 -5.93934059
v 1.39260733 4.08806133 -5.93934059
v 1.53375089 3.9855144 -5.93934059
v 1.58766294 3.81959033 -5.93934059
v 1.53375089 3.65366626 -5.93934059
v 1.39260733 3.55111957 -5.93934059
v 1.2181443 3.55111957 -5.93934059
v 1.07700086 3.9855144 -5.93934059
v 1.39260733 4.08806133 -5.93934059
v 1.2181443 4.08806133 -5.93934059
v 1.02308881 3.81959033 -5.93934059
v 1.07700074 3.65366626 -5.93934059
v 1.36942995 3.81959033 -3.14353728
v 1.35719657 3.8572402 -3.14353728
v 1.32516968 3.8805089 -3.14353728
v 1.35719657 3.78194022 -3.14353728
v 1.28558207 3.8805089 -3.14353728
v 1.32516968 3.75867128 -3.14353728
v 1.28558195 3.75867128 -3.14353728
v 1.25355494 3.78194022 -3.14353728
v 1.2413218 3.81959033 -3.14353728
v 1.25355494 3.8572402 -3.14353728
v 1.28558207 3.8805089 -3.14353728
v 1.32516968 3.8805089 -3.14353728
v 1.47191906 4.33215714 -3.82378197
v 1.13883257 4.33215714 -3.82378197
v 1.25355494 3.8572402 -3.14353728
v 0.86936003 4.136374 -3.82378268
v 1.74139154 4.136374 -3.82378268
v 1.47191906 4.33215714 -3.82378197
v 1.35719657 3.8572402 -3.14353728
v 1.32516968 3.8805089 -3.14353728
v 1.84432077 3.81958985 -3.82378268
v 1.36942995 3.81959033 -3.14353728
v 1.35719657 3.78194022 -3.14353728
v 0.766430736 3.81959009 -3.82378268
v 1.2413218 3.81959033 -3.14353728
v 1.25355494 3.78194022 -3.14353728
v 0.86935997 3.50280643 -3.82378268
v 1.74139142 3.50280595 -3.82378268
v 1.13883257 3.30702257 -3.82378268
v 1.28558195 3.75867128 -3.14353728
v 1.47191906 3.30702257 -3.82378268
v 1.32516968 3.75867128 -3.14353728
v -1.60231292 0.791490912 -4.90981817
v -1.60231292 1.38622928 -4.75877333
v -1.60231292 1.38622928 -4.90981817
v -1.60231292 0.791490912 -4.75877333
v -1.43993986 0.791490912 -4.90981817
v -1.60231292 1.38622928 -4.90981817
v -1.43993986 1.38622928 -4.90981817
v -1.43993986 1.38622928 -4.75877333
v -1.60231292 1.38622928 -4.75877333
v -1.43993986 0.791490912 -4.75877333
v -1.43993986 0.791490912 -4.90981817
v -1.43993986 0.791490912 -4.75877333
v -1.60231292 0.791490912 -4.75877333
v -1.60231292 0.791490912 -4.90981817
v -1.43993986 0.791490912 -4.75877333
v -1.43993986 0.791490912 -4.90981817
v -1.60231292 1.38622928 -4.90981817
v -1.60231292 1.38622928 -4.75877333
v -1.43993986 1.38622928 -4.90981817
v -1.43993986 1.38622928 -4.75877333
v -1.76388288 1.14060104 -5.00369596
v -1.76388276 1.14060104 -4.80184889
v -1.53942299 1.14060092 -5.00369596
v -1.53942299 1.14060092 -4.80184889
v -1.76388276 1.02195823 -4.63855124
v -1.53942299 1.02195811 -4.63855124
v -1.76388276 0.829990149 -4.57617712
v -1.53942299 0.829990089 -4.57617712
v -1.76388276 0.638022184 -4.63855124
v -1.53942299 0.638022006 -4.63855124
v -1.76388276 0.519379318 -4.80184889
v -1.53942299 0.519379139 -4.80184889
v -1.53942299 0.519379139 -5.00369596
v -1.76388288 0.519379318 -5.00369596
v -1.76388288 0.638022006 -5.16699314
v -1.53942299 0.638022006 -5.16699314
v -1.76388288 0.829990149 -5.22936773
v -1.53942299 0.829990089 -5.22936773
v -1.76388288 1.02195823 -5.16699314
v -1.53942299 1.02195811 -5.16699314
v -1.76388288 1.14060104 -5.00369596
v -1.53942299 1.14060092 -5.00369596
v -1.76388276 1.14060104 -4.80184889
v -1.76388288 1.14060104 -5.00369596
v -1.76388288 1.02195823 -5.16699314
v -1.76388276 1.02195823 -4.63855124
v -1.76388276 0.638022184 -4.63855124
v -1.76388276 0.829990149 -4.57617712
v -1.76388288 0.829990149 -5.22936773
v -1.76388288 0.638022006 -5.16699314
v -1.76388276 0.519379318 -4.80184889
v -1.76388288 0.519379318 -5.00369596
v -1.53942299 1.02195811 -5.16699314
v -1.53942299 1.14060092 -5.00369596
v -1.53942299 1.14060092 -4.80184889
v -1.53942299 1.02195811 -4.63855124
v -1.53942299 0.829990089 -4.57617712
v -1.53942299 0.829990089 -5.22936773
v -1.53942299 0.638022006 -4.63855124
v -1.53942299 0.638022006 -5.16699314
v -1.53942299 0.519379139 -4.80184889
v -1.53942299 0.519379139 -5.00369596
v 1.43864894 0.791490912 -4.90981817
v 1.43864894 1.38622928 -4.75877333
v 1.43864894 1.38622928 -4.90981817
v 1.43864894 0.791490912 -4.75877333
v 1.60102201 0.791490912 -4.90981817
v 1.43864894 1.38622928 -4.90981817
v 1.60102201 1.38622928 -4.90981817
v 1.60102201 1.38622928 -4.75877333
v 1.43864894 1.38622928 -4.75877333
v 1.60102201 0.791490912 -4.75877333
v 1.60102201 0.791490912 -4.90981817
v 1.60102201 0.791490912 -4.75877333
v 1.43864894 0.791490912 -4.75877333
v 1.43864894 0.791490912 -4.90981817
v 1.60102201 0.791490912 -4.75877333
v 1.60102201 0.791490912 -4.90981817
v 1.43864894 1.38622928 -4.90981817
v 1.43864894 1.38622928 -4.75877333
v 1.60102201 1.38622928 -4.90981817
v 1.60102201 1.38622928 -4.75877333
v 1.54422545 1.14060104 -5.00369596
v 1.54422557 1.14060092 -4.80184889
v 1.76868522 1.14060092 -5.00369596
v 1.76868522 1.14060092 -4.80184889
v 1.54422557 1.02195811 -4.63855124
v 1.76868522 1.02195811 -4.63855124
v 1.54422557 0.829990089 -4.57617712
v 1.76868522 0.82998997 -4.57617712
v 1.54422557 0.638022125 -4.63855124
v 1.76868522 0.638021946 -4.63855124
v 1.54422557 0.519379199 -4.80184889
v 1.76868522 0.519379079 -4.80184889
v 1.76868522 0.519379079 -5.00369596
v 1.54422545 0.519379199 -5.00369596
v 1.54422545 0.638021946 -5.16699314
v 1.76868522 0.638021946 -5.16699314
v 1.54422545 0.829990089 -5.22936773
v 1.76868522 0.82998997 -5.22936773
v 1.54422545 1.02195811 -5.16699314
v 1.76868522 1.02195811 -5.16699314
v 1.54422545 1.14060104 -5.00369596
v 1.76868522 1.14060092 -5.00369596
v 1.54422557 1.14060092 -4.80184889
v 1.54422545 1.14060104 -5.00369596
v 1.54422545 1.02195811 -5.16699314
v 1.54422557 1.02195811 -4.63855124
v 1.54422557 0.638022125 -4.63855124
v 1.54422557 0.829990089 -4.57617712
v 1.54422545 0.829990089 -5.22936773
v 1.54422545 0.638021946 -5.16699314
v 1.54422557 0.519379199 -4.80184889
v 1.54422545 0.519379199 -5.00369596
v 1.76868522 1.02195811 -5.16699314
v 1.76868522 1.14060092 -5.00369596
v 1.76868522 1.14060092 -4.80184889
v 1.76868522 1.02195811 -4.63855124
v 1.76868522 0.82998997 -4.57617712
v 1.76868522 0.82998997 -5.22936773
v 1.76868522 0.638021946 -4.63855124
v 1.76868522 0.638021946 -5.16699314
v 1.76868522 0.519379079 -4.80184889
v 1.76868522 0.519379079 -5.00369596
v 0.298165262 3.72875595 -3.22153091
v 0.298165262 3.53139925 -3.22153091
v -0.298063606 3.72875595 -3.22153091
v -0.298063606 3.53139925 -3.22153091
v 0.298164755 3.72875476 4.83009958
v 0.298164755 3.53139758 4.83009958
v 0.298165262 3.72875595 -3.22153091
v -0.298064142 3.53139758 4.83009958
v -0.298064142 3.72875476 4.83009958
v -0.298063606 3.72875595 -3.22153091
v 0.298164755 3.53139758 4.83009958
v -0.298064142 3.53139758 4.83009958
v 0.298164755 3.53139758 4.83009958
v -0.298064142 3.53139758 4.83009958
v 0.298165262 3.53139925 -3.22153091
v -0.298063606 3.53139925 -3.22153091
v 0.298165262 3.72875595 -3.22153091
v -0.298063606 3.72875595 -3.22153091
v 0.298164755 3.72875476 4.83009958
v -0.298064142 3.72875476 4.83009958
v 1.27083862 2.06867051 -5.81963253
v 1.262591 1.71528733 -5.81963253
v 1.25861657 1.54499662 -5.50933456
v 1.27352297 2.18368411 -5.15936518
v 1.25449336 1.36833584 -5.15936518
v 1.27385211 2.19778323 -4.61243868
v 1.24996722 1.17441368 -4.49909687
v 1.27313423 2.16703415 -4.49909639
v 1.25981796 1.22249031 -4.29212952
v 1.27113497 2.08136678 -3.83882856
v 1.24808061 1.09357798 -4.29212952
v 1.25981736 1.22248816 3.59891176
v 1.2711345 2.08136463 3.59891176
v 1.25981736 1.27174437 4.04421234
v 1.27242517 2.13666868 4.04421329
v 0.867690802 1.22906315 -4.29212809
v 1.26929784 2.00267768 4.48951578
v 1.27331924 2.17497778 4.09732676
v 1.25002182 1.17677474 4.4895153
v 1.24793601 1.08740294 4.29095459
v 1.24883795 1.12604761 4.47332525
v 1.24805081 1.09232163 4.04421234
v 0.968411565 1.27831721 4.04421329
v 0.867690265 1.22906101 3.59891176
v 0.956645012 1.09889448 4.04421329
v 1.24808002 1.09357572 3.59891081
v 0.855952919 1.10014856 3.59891105
v 0.855953455 1.10015082 -4.29212856
v -0.856927931 1.10145056 0.697866559
v -0.85692811 1.10144973 2.68056488
v -1.07746208 1.15402281 2.68056488
v -1.07746184 1.15402377 0.356487334
v -1.24200892 1.26258373 0.356487334
v -1.24200916 1.26258278 2.68056488
v -1.24200928 1.26258183 5.00464296
v -1.0774622 1.15402186 5.00464296
v -0.85692811 1.10144973 2.68056488
v -0.856928229 1.10144866 5.00464296
v -1.07746172 1.15402484 -1.96759033
v -1.24200881 1.26258481 -1.96759045
v -1.07746148 1.15402579 -4.29166842
v -1.24200869 1.26258576 -4.29166842
v -0.856927633 1.10145259 -4.29166842
v -0.856927752 1.10145152 -1.96759033
v -1.07746172 1.15402484 -1.96759033
v 0.86619246 1.10145259 -4.29166842
v 0.866191983 1.10144973 2.68056512
v 0.866191864 1.10144866 5.00464296
v 1.08672583 1.15402186 5.00464296
v 0.866192162 1.10145056 0.697867036
v 0.866192281 1.10145152 -1.96758997
v 1.08672595 1.15402281 2.68056488
v 1.08672619 1.15402377 0.356487483
v 1.08672619 1.15402377 0.356487483
v 1.08672631 1.15402484 -1.96759033
v 1.08672655 1.15402579 -4.29166842
v 1.25127363 1.26258576 -4.29166842
v 1.25127351 1.26258481 -1.96758986
v 1.25127327 1.26258373 0.356487811
v 1.08672595 1.15402281 2.68056488
v 1.25127304 1.26258278 2.68056512
v 1.25127292 1.26258183 5.00464296
v -0.424227118 3.54702139 6.1769681
v 0.433491051 3.53711224 6.1769681
v 0.479927748 3.62440109 5.00464392
v -0.470663965 3.62440109 5.00464392
v -0.689010143 3.4741869 6.1769681
v -0.65632987 3.37019491 6.61785507
v -0.988707542 3.50539732 5.00464392
v -0.891657531 3.41844392 6.1769681
v -0.847431004 3.29384327 6.58699512
v -1.17211556 3.13701582 6.17696762
v -1.29953384 3.20996594 5.00464392
v -1.40314233 2.68006039 5.00464487
v -1.26560187 2.63689566 6.17696762
v -1.11932671 3.06427598 6.3475852
v -1.11932671 3.06427598 6.3475852
v -1.15129328 2.72260833 6.43113041
v -1.06763196 2.99304295 6.51466799
v -1.04769182 3.06103945 6.52196932
v -1.06763196 2.99304295 6.51466799
v -1.01186335 2.99232054 6.71861792
v -0.831451416 3.27293611 6.57891846
v -0.647274256 3.34529281 6.61040163
v -1.02412713 3.05448103 6.51668501
v -0.630866289 3.32409477 6.69275331
v -0.97794354 3.05800891 6.71437931
v -0.956171751 3.05254149 6.70493841
v -0.930817306 3.0533371 6.76261234
v -0.952253163 3.05767083 6.77285814
v -0.877811134 3.05252671 6.87094164
v -0.63993752 3.34748363 6.70408392
v -0.577622473 3.28094101 6.86423159
v -0.487248868 3.39470291 6.69932795
v -0.587132692 3.29603529 6.86667585
v -0.464662075 3.19545674 7.05898666
v -0.466208756 3.18173051 7.04951096
v -0.462354273 3.12864733 7.11485338
v -0.464625984 3.11418819 7.09863138
v -0.46649611 3.05236363 7.13905001
v -0.492544621 3.31317949 6.87206459
v -0.397267878 3.42960167 6.69932795
v -0.386294961 3.32376432 6.88118744
v -0.375206739 3.19279957 7.05223799
v -0.370308608 3.14022326 7.13059378
v -0.463525712 3.05676222 7.15607595
v -0.363047212 3.05700064 7.16936302
v -0.359879524 3.02069569 7.18627596
v -0.678663075 3.02029538 7.12933636
v -0.681643128 3.05254793 7.10813093
v -0.672451794 3.05382156 7.08435535
v -0.824858785 3.05613708 6.96328163
v -0.844772041 3.02069569 6.99880219
v -0.843887329 3.05299735 6.97395992
v -0.900284648 3.02069569 6.91090727
v -0.897911906 3.05570006 6.88369656
v -0.824858785 3.05613708 6.96328163
v -0.95828557 2.98754358 6.84490776
v -0.98067081 2.99430037 6.7911191
v -1.07196808 2.71977663 6.71147633
v -1.09555817 2.72129321 6.6377635
v -1.11446905 2.44367909 6.73696089
v -1.09690547 2.44084716 6.81200314
v -0.900284648 3.02069569 6.91090727
v -0.979522526 2.81581044 6.90549994
v -0.927421629 2.81695986 6.9902401
v -1.02600992 2.44363523 7.02946043
v -0.976086318 2.4515996 7.12663746
v -1.03681791 2.37713051 7.06688261
v -1.09690547 2.44084716 6.81200314
v -1.17238426 2.37713075 6.55857944
v -1.11446905 2.44367909 6.73696089
v -1.16485703 2.44367909 6.5316577
v -1.26560199 1.62876463 6.17696619
v -1.15129328 2.72260833 6.43113041
v -1.14364934 1.79095364 6.76388311
v -1.01923096 1.60850465 7.13059235
v -1.09100473 1.79300177 7.08451319
v -1.02600992 2.44363523 7.02946043
v -1.03681791 2.37713051 7.06688261
v -1.01796591 2.35243011 7.16441154
v -1.06784213 2.25375676 7.11000347
v -0.843162537 2.45320368 7.30954075
v -1.04321671 2.25174475 7.2093668
v -1.08003199 2.00246692 7.2008605
v -1.04835558 2.00549626 7.30181313
v -1.034199 1.79378486 7.27077055
v -0.991519809 1.78828883 7.37653112
v -0.926582038 1.65897548 7.42317343
v -1.01923096 1.60850465 7.13059235
v -1.09100473 1.79300177 7.08451319
v -0.882864654 1.5961889 7.44582033
v -0.892863512 2.25856113 7.48630333
v -1.04321671 2.25174475 7.2093668
v -0.92555809 2.1970706 7.48630333
v -0.898082614 2.1866138 7.53926849
v -0.753660619 2.13962889 7.81941557
v -0.864887536 2.11581945 7.64121246
v -0.869208217 1.96728003 7.69522667
v -0.771169007 2.3977356 7.45800924
v -0.62782222 2.45580268 7.40555048
v -0.58768791 2.26536822 7.80643272
v -0.299701601 2.45976257 7.46216822
v -0.29087618 2.32187271 7.78419304
v -0.812316597 1.94499695 7.82040024
v -0.855133891 1.89777291 7.72050238
v -0.579582155 2.05835652 8.04647923
v -0.449681878 2.14247775 8.04148293
v -0.767079175 1.67551506 7.81266594
v -0.86344254 1.77317488 7.68085718
v -0.883208811 1.65295839 7.52120972
v -0.218465701 2.16892791 8.0329237
v 0.227729052 2.16892791 8.0329237
v 0.300139606 2.32187271 7.78419304
v -0.203775957 1.96983504 8.18733025
v -0.106235072 1.98868954 8.18733025
v 0.115498349 1.98868954 8.18733025
v 0.227729052 2.16892791 8.0329237
v -0.23823899 1.94562602 8.18733025
v -0.246041775 1.88733041 8.18733025
v -0.61928302 1.91681814 8.04685879
v -0.585123599 1.71438408 8.04388142
v -0.242570207 1.78041053 8.18733025
v -0.511941373 1.61119747 8.0401907
v -0.232923239 1.72071075 8.18733025
v -0.663114309 1.53990495 7.80307245
v -0.883208811 1.65295839 7.52120972
v -0.430363864 1.55225945 8.03678703
v -0.194833964 1.69034028 8.18733025
v -0.57135731 1.45469022 7.7942276
v -0.78053695 1.49715602 7.51885605
v -0.31501466 1.48816574 8.03291893
v -0.143403769 1.65014589 8.18733025
v -0.664025843 1.39211082 7.5005064
v -0.91706264 1.44624507 7.13059235
v -0.423230052 1.36627793 7.78417826
v -0.22221528 1.45811486 8.0304327
v -0.107678637 1.63636208 8.18733025
v -0.298313051 1.32141829 7.77772093
v -0.78514266 1.32574093 7.13059187
v -0.503095925 1.29628694 7.49380779
v -0.326741874 1.22437966 7.48630238
v 0.302530289 1.3375206 7.77772093
v 0.352802843 1.23385644 7.49295807
v -0.646619499 1.21342552 7.13059139
v -0.420523286 1.14162993 7.13059139
v 0.431028426 1.14663231 7.13059187
v 0.352802843 1.23385644 7.49295807
v -0.593357742 1.11414146 6.17696619
v 0.431028426 1.14663231 7.13059187
v 0.730971873 1.12227404 6.17696619
v -0.870794892 1.14040315 6.17696619
v -0.856928229 1.10144866 5.00464296
v -1.0774622 1.15402186 5.00464296
v -1.07242203 1.26831734 6.17696619
v -1.24200928 1.26258183 5.00464296
v -1.19200563 1.41438413 6.17696571
v -1.35056925 1.42470002 5.00464392
v -1.35056925 1.42470002 5.00464392
v -1.40314257 1.64358914 5.00464439
v -1.26560187 2.63689566 6.17696762
v -1.40314233 2.68006039 5.00464487
v 0.866191864 1.10144866 5.00464296
v -0.593357742 1.11414146 6.17696619
v 0.921098173 1.17211747 6.17696619
v 1.08672583 1.15402186 5.00464296
v 0.642075956 1.22899783 7.13059187
v 1.05839396 1.28525019 6.17696619
v 1.25127292 1.26258183 5.00464296
v 1.30383861 1.34225702 5.00464344
v 0.77683264 1.31547451 7.13059187
v 0.522794068 1.30068386 7.51288366
v 1.18861461 1.43719113 6.17696619
v 1.35983288 1.42469978 5.00464344
v 0.920682192 1.44154918 7.12549734
v 0.65977627 1.38372195 7.51639748
v 0.436222911 1.37172914 7.78417969
v 0.302530289 1.3375206 7.77772093
v 1.23737097 1.62785995 6.17696619
v 0.770608783 1.48574603 7.51420689
v 0.546007812 1.4527427 7.79422855
v 0.644660175 1.53732157 7.80307245
v 0.884846032 1.59618866 7.44581938
v 0.884993732 1.64217782 7.50689363
v 0.748718381 1.67551506 7.81266594
v 1.03256106 1.61298931 7.13059235
v 0.920999408 1.64939678 7.42662811
v 1.03426635 1.79378462 7.27077007
v 1.07369983 1.79300153 7.13059235
v 1.0173893 1.85655999 7.35190582
v 1.08479762 1.98707616 7.20535469
v 1.06044269 2.04691172 7.28530979
v 1.07838321 2.19484878 7.13059235
v 1.04655063 2.25174427 7.20936632
v 0.521204889 1.61119747 8.0401907
v 0.43962726 1.55225945 8.03678703
v 0.324278295 1.48816574 8.03291988
v 0.242186442 1.72071075 8.18733025
v 0.204097107 1.69034028 8.18733025
v 0.251833498 1.78041053 8.18733025
v 0.15266712 1.65014589 8.18733025
v 0.573429108 1.71438396 8.04388142
v 0.255305022 1.88733041 8.18733025
v 0.231478736 1.45811486 8.0304327
v 0.116941981 1.63636231 8.18733025
v -0.22221528 1.45811486 8.0304327
v -0.107678637 1.63636208 8.18733025
v 0.628546536 1.91681814 8.04685879
v 0.58884573 2.05835652 8.04647923
v 0.247502297 1.9456259 8.18733025
v 0.821580172 1.94499695 7.82040024
v 0.762924433 2.13962889 7.81941557
v 0.458945334 2.14247751 8.04148293
v 0.213039234 1.96983504 8.18733025
v 0.529787242 2.27512836 7.79362631
v 0.85528326 1.89777267 7.72050142
v 0.854946554 1.77317452 7.6808567
v 0.884993732 1.64217782 7.50689363
v 0.878471911 1.96728003 7.69522619
v 0.864201844 2.1138103 7.6419425
v 0.895598054 2.18661356 7.53926802
v 0.902127147 2.25856113 7.48630333
v 0.919382393 2.19707036 7.48630333
v 1.03353965 2.23626423 7.28777695
v 0.739694059 2.38614845 7.45943689
v 0.612336338 2.45665407 7.42038631
v 0.305557251 2.46092224 7.44493389
v 0.260071188 2.46209097 7.44454527
v -0.258879155 2.46092486 7.45843315
v -0.29087618 2.32187271 7.78419304
v -0.299701601 2.45976257 7.46216822
v 0.115498349 1.98868954 8.18733025
v 0.816632986 2.45381165 7.3129015
v 0.976111114 2.45159292 7.12883663
v 0.739694059 2.38614845 7.45943689
v 0.612336338 2.45665407 7.42038631
v 0.255305022 1.88733041 8.18733025
v 0.247502297 1.9456259 8.18733025
v 0.115498349 1.98868954 8.18733025
v 0.251833498 1.78041053 8.18733025
v 0.204097107 1.69034028 8.18733025
v 0.242186442 1.72071075 8.18733025
v 0.15266712 1.65014589 8.18733025
v -0.106235072 1.98868954 8.18733025
v -0.107678637 1.63636208 8.18733025
v -0.194833964 1.69034028 8.18733025
v -0.143403769 1.65014589 8.18733025
v -0.242570207 1.78041053 8.18733025
v -0.232923239 1.72071075 8.18733025
v -0.246041775 1.88733041 8.18733025
v -0.203775957 1.96983504 8.18733025
v 1.24011791 2.63689566 6.17696762
v 1.23737097 1.62785995 6.17696619
v 1.41240609 1.64358914 5.00464392
v 1.41240585 2.68006039 5.00464487
v 1.15781534 2.72260761 6.43112946
v 1.14858043 3.13701582 6.17696762
v 1.06721437 2.99304223 6.51466703
v 1.16755676 2.44367862 6.53165674
v 1.41240585 2.68006039 5.00464487
v 1.30879748 3.20996594 5.00464392
v 0.900921524 3.43708849 6.1769681
v 0.997971416 3.52079225 5.00464392
v 0.433491051 3.53711224 6.1769681
v 0.652775109 3.37880754 6.60994244
v 0.839138687 3.30221057 6.59123421
v 0.410035819 3.44787765 6.63143301
v -0.397267878 3.42960167 6.69932795
v 1.03693175 3.05954146 6.5270896
v 1.06721437 2.99304223 6.51466703
v 1.01266384 2.99332547 6.7178216
v 0.813265145 3.26974607 6.57680511
v 0.638189197 3.33936977 6.59715557
v 1.00438666 3.05215049 6.52013397
v 0.624442399 3.31809878 6.68026733
v 0.639237821 3.35482907 6.69933462
v 0.576745212 3.26006222 6.88127661
v 0.406531781 3.43454671 6.69932795
v 0.573052645 3.28151298 6.89546728
v 0.463831484 3.18466234 7.05177069
v 0.395558476 3.33168387 6.87819815
v -0.386294961 3.32376432 6.88118744
v 0.977341533 3.06132603 6.71750593
v 0.948274612 3.05628657 6.70788431
v 0.952300608 3.06077719 6.77530766
v 0.981196404 2.99198699 6.79346848
v 0.924987257 3.05756116 6.76122952
v 0.936956525 3.06049609 6.81208372
v 0.907438278 3.05765796 6.80435467
v 0.961316586 2.98963881 6.84242773
v 0.895521224 3.05801606 6.89081526
v 0.874278784 3.05613399 6.8793478
v 0.384984016 3.1993022 7.04402637
v -0.375206739 3.19279957 7.05223799
v 0.380337447 3.13792014 7.12657881
v -0.370308608 3.14022326 7.13059378
v 0.46664533 3.19595003 7.0617938
v 0.470302075 3.13041186 7.10848236
v 0.459100246 3.11460137 7.09716797
v 0.461208642 3.06250215 7.14949942
v 0.461081147 3.0592618 7.12857723
v 0.695790529 3.05844903 7.07733583
v 0.850850105 3.05457735 6.96214104
v 0.827898741 3.05738497 6.95122337
v 0.706602156 3.06105638 7.09121752
v 0.901896656 3.01602435 6.92403555
v 0.9856323 2.81094074 6.90540457
v 0.85653317 3.01712584 6.98092747
v 0.927309036 2.81498098 6.99338293
v 0.704138935 3.02325487 7.10903072
v 1.04034555 2.44363451 7.02946043
v 0.369481713 3.02326751 7.18470573
v 0.373069018 3.06484556 7.16546869
v 0.302058756 3.02418756 7.18427944
v 0.257738858 3.01952529 7.18643665
v 0.303271234 2.82897425 7.27466965
v 0.258536249 2.82894897 7.27474451
v 0.260071188 2.46209097 7.44454527
v 0.305557251 2.46092224 7.44493389
v -0.25771296 3.02069139 7.18613243
v -0.302033961 3.02069569 7.18619347
v -0.363047212 3.05700064 7.16936302
v -0.359879524 3.02069569 7.18627596
v -0.301235378 2.82863307 7.2756896
v -0.258113056 2.82865739 7.27561712
v -0.258879155 2.46092486 7.45843315
v -0.299701601 2.45976257 7.46216822
v 1.16381037 2.90448666 -6.989851
v 1.26355958 2.64069724 -6.99014616
v 1.27217007 2.76097441 -5.47842741
v 1.16381049 3.04607773 -5.48915148
v 0.982071877 3.08742309 -6.98267698
v 1.27867794 2.81486845 -4.33587027
v 1.16381061 3.15477562 -4.3370862
v 0.982071877 3.2274096 -5.49628401
v 0.679174006 3.14980865 -6.96531963
v 1.26774919 2.84723043 -3.5867455
v 1.26940882 2.6817534 -3.76080132
v 1.25403965 2.4610064 -3.76243854
v 1.16932702 1.24426425 -4.33227921
v 1.24332476 2.30711246 -3.60798216
v 1.24342263 2.30852818 -3.36457086
v 1.26822984 2.84581447 -3.36599517
v 1.1693269 1.24432945 -2.18455815
v -1.14678836 1.2442646 -4.33227921
v 1.25462985 2.46950173 -3.20741081
v -1.14678848 1.24432981 -2.18455768
v -1.22088397 2.30852866 -3.36457062
v -1.23209107 2.46950221 -3.20741057
v -1.22078574 2.30711293 -3.60798168
v -1.23150063 2.46100688 -3.7624383
v -1.25613892 2.81486869 -4.33587027
v -1.2468698 2.68175387 -3.76080108
v -1.24849057 2.84723067 -3.58674526
v -1.17575109 3.15477586 -4.3370862
v -1.24882698 2.84581494 -3.36599445
v -1.17575121 3.03807068 -5.57402086
v -1.24929786 2.75818944 -5.59830809
v -1.17575133 2.9046433 -6.98819447
v -1.24176729 2.65505457 -6.98799801
v -0.994012654 3.08705187 -6.98661852
v -0.994012594 3.22434044 -5.5288744
v -0.691114962 3.14814758 -6.98296976
v -0.691114843 3.28743529 -5.50310516
v -0.994012415 3.33651328 -4.33781624
v 0.679174125 3.28779054 -5.49932957
v -0.691114664 3.3970921 -4.3380599
v 0.679174304 3.39709187 -4.3380599
v 0.982072055 3.33651304 -4.33781624
v 0.679174185 3.39715719 -2.19033837
v -0.691114783 3.39715743 -2.19033837
v -0.994012594 3.33657861 -2.19009519
v 0.982071877 3.33657837 -2.19009519
v 0.679174006 3.39722228 -0.0426172502
v 1.16381049 3.15484095 -2.18936515
v -1.17575121 3.15484118 -2.18936539
v -0.691114962 3.39722276 -0.0426173359
v 0.982071757 3.3366437 -0.0423743278
v -0.994012713 3.3366437 -0.0423744544
v 0.679173887 3.39728761 2.10510421
v -0.691115081 3.39728785 2.10510421
v 0.679173708 3.39735293 4.25282478
v 0.982071579 3.33670855 2.10534668
v 1.16381037 3.15490603 -0.0416440703
v -1.24850595 2.84723067 -1.48838556
v -1.24686551 2.68175387 -1.66244137
v -1.24727213 2.6875484 -3.20741057
v -1.23149633 2.46100616 -1.66407859
v -1.22078145 2.30711222 -1.50962198
v -1.24884248 2.84581423 -1.26763511
v -1.22087944 2.30852818 -1.26621091
v -1.14678872 1.24439514 -0.0368369333
v -1.23208666 2.4695015 -1.10905087
v -0.669566989 1.24438083 -0.50647074
v 0.674451232 1.24438071 -0.50647068
v -0.669567108 1.24439514 -0.0368369669
v -0.669567108 1.24441338 0.565080285
v 1.16932678 1.2443949 -0.0368370935
v 0.674451113 1.24439502 -0.03683706
v 0.674451113 1.24441326 0.565080345
v 1.16932666 1.24446023 2.11088371
v -1.14678872 1.24446058 2.11088395
v 1.16932654 1.24452555 4.25860453
v -1.14678895 1.24452579 4.25860453
v -1.22087073 2.30852723 2.96487427
v -1.22077262 2.30711126 2.72146297
v -1.23207796 2.46950078 3.12203431
v -1.2561394 2.81512952 4.25501347
v -1.24725902 2.68754721 3.12203431
v -1.23148751 2.46100545 2.56700659
v -1.24887347 2.84581351 2.96344995
v -1.17575157 3.15503693 4.25379753
v -1.23208225 2.46950102 1.01168811
v -1.24685669 2.68175268 2.56864381
v -1.22087514 2.30852747 0.85452801
v -1.24726343 2.68754792 1.01168811
v -1.22077703 2.30711198 0.611116767
v -1.23149192 2.46100593 0.45666033
v -1.24885798 2.84581423 0.853103757
v -1.2468611 2.68175316 0.45829761
v -1.24726772 2.68754792 -1.10905087
v -1.24852145 2.8472302 0.632353485
v -1.24853683 2.84722948 2.74269962
v -1.17575133 3.15490651 -0.0416445211
v -1.17575145 3.1549716 2.10607624
v -0.994012892 3.33670902 2.10534668
v -0.994013011 3.33677411 4.25306749
v -0.69111526 3.39735317 4.25282478
v -0.909255803 3.33979368 5.94639158
v -0.629134655 3.4556303 5.94614935
v -0.786497355 3.30971146 6.5171752
v -1.00184655 3.1143322 6.47561884
v -0.540722668 3.39058137 6.51693201
v -1.07423317 3.14388537 5.94712162
v -1.02676547 3.04551959 6.51308537
v -1.03407252 2.99301696 6.5165329
v 0.620411456 3.45067549 5.94614935
v -1.17049432 3.11021328 5.510077
v -1.1559366 3.09795713 4.53311396
v -1.21939898 2.75956655 4.53311396
v -1.19852662 1.50354302 4.53311348
v -1.1297214 1.34225702 4.53311348
v -1.07081079 1.34225702 5.51007509
v -1.15044153 2.84576368 5.94833708
v -1.24173188 2.85695672 5.510077
v -1.27073765 2.28644753 5.51007557
v -1.20525014 2.29402709 5.94963741
v -1.27233386 1.69238472 5.51007557
v 1.09267128 1.3422569 5.51007414
v -1.0415777 1.3842907 5.95192862
v -1.11762941 2.72260833 6.43113041
v -1.18027878 1.66756928 5.95120287
v -1.06763196 2.99304295 6.51466799
v -1.01186335 2.99232054 6.71861792
v -1.15129328 2.72260833 6.43113041
v -0.991286457 2.99293828 6.71823883
v -1.14539802 2.44367909 6.5316577
v -1.16485703 2.44367909 6.5316577
v -1.11446905 2.44367909 6.73696089
v -1.14596689 2.37713075 6.55857944
v -1.09133959 1.63870633 6.50960493
v -1.09482276 2.44367886 6.73696089
v -1.0754329 2.44084716 6.81200314
v -1.01157141 2.37713027 7.06688261
v -1.07141316 2.71694493 6.63643408
v -1.09555817 2.72129321 6.6377635
v -1.0514828 2.71977663 6.71147633
v -0.957297742 2.99536991 6.79050112
v -1.0280267 1.45472312 6.5082736
v -0.98067081 2.99430037 6.7911191
v -1.07196808 2.71977663 6.71147633
v -0.95828557 2.98754358 6.84490776
v -1.09690547 2.44084716 6.81200314
v -0.928025782 2.98882961 6.84418631
v -1.02600992 2.44363523 7.02946043
v -0.948745489 2.83280969 6.90543747
v -0.979522526 2.81581044 6.90549994
v -0.882661521 3.01826072 6.88812113
v -0.994615614 2.44367886 7.03288126
v -0.926224411 2.82555127 6.9615097
v -0.975486457 2.45160675 7.07614708
v -0.831738114 2.45631576 7.27342033
v -1.02058101 2.25174475 7.2093668
v -1.04558182 2.25194955 7.11063528
v -1.03681791 2.37713051 7.06688261
v -1.17238426 2.37713075 6.55857944
v -1.06784213 2.25375676 7.11000347
v -1.14364934 1.79095364 6.76388311
v -1.04881358 2.01300836 7.19070292
v -1.08003199 2.00246692 7.2008605
v -1.034199 1.79378486 7.27077055
v -0.992888331 1.79378486 7.27077055
v -1.11175239 1.79095352 6.76388311
v -1.0640583 1.79266262 7.06987333
v -1.09100473 1.79300177 7.08451319
v -0.961399436 1.60206687 7.06611633
v -0.872875631 1.52515566 7.06461906
v -1.00778174 2.00160503 7.30210114
v -0.808445871 1.55025172 7.43215418
v -0.847163856 1.5961889 7.44582033
v 0.775020421 1.54233217 7.43026161
v 1.01383424 1.45472288 6.5082736
v -0.932923973 1.7710861 7.38273668
v -0.572566152 1.59881616 7.8338151
v 0.885057688 1.52515531 7.06461906
v 1.06411517 1.38429046 5.95192862
v 1.20114362 1.72398651 5.95108986
v 1.11345887 1.6901803 6.50997162
v 1.20114362 2.31241393 5.94963598
v 1.25627577 1.76649904 5.51007509
v 1.25609612 2.34064913 5.51007509
v 0.954666793 1.61857581 7.06652498
v 1.14271021 2.37713027 6.55857897
v 1.11819756 1.79095316 6.76388216
v 1.15087605 1.79095316 6.76388216
v 1.17427194 2.37713027 6.55857897
v 1.07369983 1.79300153 7.13059235
v 1.04274452 2.37713003 7.06688213
v 1.03414881 1.79299128 7.12876558
v 1.03426635 1.79378462 7.27077007
v 0.996685565 1.79378462 7.27077007
v 0.80836302 1.59618878 7.44581938
v 1.04261231 1.99985361 7.19595194
v 1.08479762 1.98707616 7.20535469
v 1.07838321 2.19484878 7.13059235
v 1.03159356 2.22040439 7.11178637
v 0.962763548 1.84761894 7.35513115
v 1.00515723 2.37713003 7.06688213
v 0.988486767 2.25174427 7.20936632
v 1.06684422 2.44084692 6.81200218
v 1.00409794 2.04244113 7.28692198
v 0.572230279 1.57753885 7.81174803
v 1.0173893 1.85655999 7.35190582
v 1.06044269 2.04691172 7.28530979
v 0.920999408 1.64939678 7.42662811
v 1.04655063 2.25174427 7.20936632
v 0.884846032 1.59618866 7.44581938
v 0.884993732 1.64217782 7.50689363
v 1.03353965 2.23626423 7.28777695
v 0.797747016 1.77317452 7.6808567
v 0.854946554 1.77317452 7.6808567
v 0.85528326 1.89777267 7.72050142
v 0.785681188 1.89777267 7.72050142
v 0.878471911 1.96728003 7.69522619
v 0.606760859 1.81145418 7.81366634
v 0.763060749 2.11581922 7.64121199
v 0.864201844 2.1138103 7.6419425
v 0.981271803 2.23184371 7.31016827
v 0.919382393 2.19707036 7.48630333
v 0.889427066 2.22087812 7.43956757
v 0.895598054 2.18661356 7.53926802
v 0.778577507 2.18661356 7.53926802
v 0.641386032 2.33046508 7.43949747
v 0.641291499 2.04536939 7.81558371
v -0.573987007 2.0445962 7.83200407
v 0.798065484 2.45175719 7.28490353
v 0.976111114 2.45159292 7.09911251
v 0.608228803 2.45671105 7.38878632
v 0.441567898 2.14146352 7.81152868
v -0.573276579 1.82170618 7.83291006
v -0.762997508 1.77317488 7.68085718
v 1.01223826 2.44367862 7.03288078
v 0.535250783 2.39133596 7.43876696
v -0.720673025 1.89777291 7.72050238
v 0.32428813 2.18721938 7.81438446
v 0.370765328 2.41442561 7.43852377
v -0.42157045 2.13144779 7.81980371
v -0.635240972 2.32206607 7.43949699
v -0.775788605 2.11581945 7.64121246
v -0.855133891 1.89777291 7.72050238
v -0.869208217 1.96728003 7.69522667
v -0.86344254 1.77317488 7.68085718
v -0.883208811 1.65295839 7.52120972
v -0.882864654 1.5961889 7.44582033
v -0.926582038 1.65897548 7.42317343
v -0.991519809 1.78828883 7.37653112
v -1.04835558 2.00549626 7.30181313
v -1.04321671 2.25174475 7.2093668
v -0.864887536 2.11581945 7.64121246
v -0.92555809 2.1970706 7.48630333
v -0.839939773 2.1866138 7.53926849
v -0.898082614 2.1866138 7.53926849
v -0.880233288 2.20699191 7.43604898
v -0.619236827 2.4558785 7.3788414
v -0.533141911 2.39133596 7.43876696
v -0.843162537 2.45320368 7.30954075
v -0.976086318 2.4515996 7.12663746
v -0.927421629 2.81695986 6.9902401
v -0.62782222 2.45580268 7.40555048
v -0.900284648 3.02069569 6.91090727
v -0.299701601 2.45976257 7.46216822
v -0.299701601 2.45976257 7.41659689
v -0.288911253 2.41442585 7.43852377
v -0.258879155 2.46092486 7.41603518
v 0.260071188 2.46209097 7.4154706
v -0.301235378 2.82863307 7.2756896
v -0.301163733 2.81140709 7.24652767
v -0.302033961 3.02069569 7.18619347
v -0.302033961 3.02069569 7.14530611
v -0.359879524 3.02069569 7.18627596
v -0.826069117 3.02143359 6.97996569
v -0.844772041 3.02069569 6.99880219
v -0.674672306 3.0243063 7.10201597
v -0.678663075 3.02029538 7.12933636
v -0.433483332 3.02069569 7.14530611
v -0.824858785 3.05613708 6.96328163
v -0.672451794 3.05382156 7.08435535
v -0.46649611 3.05236363 7.13905001
v -0.877811134 3.05252671 6.87094164
v -0.928025782 2.98882961 6.84418631
v -0.957297742 2.99536991 6.79050112
v -0.930817306 3.0533371 6.76261234
v -0.991286457 2.99293828 6.71823883
v -0.956171751 3.05254149 6.70493841
v -1.03407252 2.99301696 6.5165329
v -1.02412713 3.05448103 6.51668501
v -0.464625984 3.11418819 7.09863138
v -0.25771296 3.02069139 7.14530802
v -0.25814876 2.81151938 7.24647331
v 0.459100246 3.11460137 7.09716797
v -0.466208756 3.18173051 7.04951096
v -0.258113056 2.82865739 7.27561712
v -0.258879155 2.46092486 7.45843315
v 0.260071188 2.46209097 7.44454527
v -0.25771296 3.02069139 7.18613243
v 0.258536249 2.82894897 7.27474451
v 0.257738858 3.01952529 7.14587212
v 0.257738858 3.01952529 7.18643665
v 0.258603543 2.81286621 7.24582195
v 0.303370625 2.8129828 7.24576521
v 0.302058756 3.02418756 7.14361763
v 0.463831484 3.18466234 7.05177069
v -0.481330901 3.27282381 6.86490059
v 0.490085602 3.27636385 6.87526178
v 0.525732696 3.31157279 6.6851697
v -0.513540626 3.31242108 6.68523312
v 0.556655049 3.38704252 6.51693201
v 0.831605196 3.27392173 6.5171752
v 0.883227229 3.33805513 5.94639158
v 0.982071459 3.33677387 4.25306749
v 1.16381001 3.15503645 4.25379753
v 1.06266332 3.14846754 5.94712162
v 1.16381013 3.15497136 2.10607672
v 1.16903532 3.09996057 5.51007605
v 1.22457671 2.95071077 5.51007605
v 1.14580965 3.09795713 4.5597558
v 1.15653276 2.83446312 5.94833708
v 1.23772538 2.84395432 5.51007605
v 1.14926445 3.09795713 4.53311396
v 1.27867746 2.81512928 4.25501347
v 1.24347246 2.74342442 4.53311396
v 1.12423241 2.72260761 6.43112946
v 1.1573658 1.34225702 4.53311348
v 1.26829505 2.84581327 2.96344972
v 1.26979721 2.68754697 3.12203383
v 1.2678144 2.84722924 2.74269915
v 1.25461602 2.4695003 3.12203383
v 1.2434088 2.30852675 2.96487379
v 1.24331069 2.30711079 2.72146273
v 1.25402582 2.46100497 2.56700611
v 1.26827335 2.84581375 0.853103518
v 1.26939499 2.6817522 2.56864333
v 1.26980186 2.68754745 1.01168787
v 1.25462067 2.46950054 1.01168787
v 1.24341345 2.30852699 0.854527771
v 1.24331546 2.3071115 0.611116469
v 1.26779258 2.84722996 0.632353187
v 1.25403035 2.46100545 0.456660062
v 1.26825154 2.84581375 -1.26763535
v 1.26939952 2.68175292 0.458297342
v 1.26777077 2.84723043 -1.4883858
v 1.2698065 2.68754745 -1.10905111
v 1.25462532 2.46950102 -1.10905111
v 1.2434181 2.30852771 -1.26621115
v 1.26940417 2.6817534 -1.66244149
v 1.26981103 2.68754816 -3.20741081
v 1.254035 2.46100569 -1.66407883
v 1.24332011 2.30711174 -1.50962234
v 0.813265145 3.26974607 6.57680511
v 0.831605196 3.27392173 6.5171752
v 0.638189197 3.33936977 6.59715557
v 0.556655049 3.38704252 6.51693201
v 0.525732696 3.31157279 6.6851697
v 0.624442399 3.31809878 6.68026733
v 0.576745212 3.26006222 6.88127661
v 0.490085602 3.27636385 6.87526178
v 0.463831484 3.18466234 7.05177069
v 0.883227229 3.33805513 5.94639158
v 1.06266332 3.14846754 5.94712162
v 1.00438666 3.05215049 6.52013397
v 1.03722835 2.99301696 6.51651049
v 1.15653276 2.83446312 5.94833708
v 1.12423241 2.72260761 6.43112946
v 0.948274612 3.05628657 6.70788431
v 0.978055656 2.99021077 6.71997118
v 0.924987257 3.05756116 6.76122952
v 0.940857828 2.99304247 6.79218102
v 0.907438278 3.05765796 6.80435467
v 0.922808647 2.99518943 6.84394646
v 0.874278784 3.05613399 6.8793478
v 0.885375857 2.9937439 6.89212036
v 0.874839008 3.0178864 6.90255404
v 0.827898741 3.05738497 6.95122337
v 0.830966532 3.01828504 6.96576166
v 0.692253947 3.02363491 7.08210754
v 0.695790529 3.05844903 7.07733583
v 0.461081147 3.0592618 7.12857723
v 0.434078634 3.02238607 7.14448833
v 0.434078634 3.02238607 7.14448833
v 0.369481713 3.02326751 7.18470573
v 0.302058756 3.02418756 7.18427944
v 0.704138935 3.02325487 7.10903072
v 0.692253947 3.02363491 7.08210754
v 0.85653317 3.01712584 6.98092747
v 0.874839008 3.0178864 6.90255404
v 0.901896656 3.01602435 6.92403555
v 0.885375857 2.9937439 6.89212036
v 0.303271234 2.82897425 7.27466965
v 0.927309036 2.81498098 6.99338293
v 0.305557281 2.46092224 7.41603613
v 0.305557251 2.46092224 7.44493389
v 0.612336338 2.45665407 7.42038631
v 0.816632986 2.45381165 7.3129015
v 0.798065484 2.45175719 7.28490353
v 0.92409575 2.79209232 6.94998932
v 0.95414269 2.79356623 6.91201162
v 0.922808647 2.99518943 6.84394646
v 1.04034555 2.44363451 7.02946043
v 0.9856323 2.81094074 6.90540457
v 0.961316586 2.98963881 6.84242773
v 1.09487808 2.44084692 6.81200218
v 0.940857828 2.99304247 6.79218102
v 0.981196404 2.99198699 6.79346848
v 1.07422817 2.71914005 6.71323347
v 1.02607286 2.71977615 6.71147585
v 0.978055656 2.99021077 6.71997118
v 1.09244537 2.44367862 6.73696041
v 1.06835365 2.71694422 6.6364336
v 1.01266384 2.99332547 6.7178216
v 1.03722835 2.99301696 6.51651049
v 1.09149122 2.72129273 6.63776302
v 1.06721437 2.99304223 6.51466703
v 1.12196755 2.44367862 6.73696041
v 1.15781534 2.72260761 6.43112946
v 1.14508522 2.44367862 6.53165674
v 1.16755676 2.44367862 6.53165674
v 1.07422817 2.71914005 6.71323347
v 1.01266384 2.99332547 6.7178216
v 0.981196404 2.99198699 6.79346848
v 1.09149122 2.72129273 6.63776302
v 1.12196755 2.44367862 6.73696041
v 1.09487808 2.44084692 6.81200218
v 1.07369983 1.79300153 7.13059235
v 1.03256106 1.61298931 7.13059235
v 1.15087605 1.79095316 6.76388216
v 1.17427194 2.37713027 6.55857897
v 1.16755676 2.44367862 6.53165674
v 1.12196755 2.44367862 6.73696041
v 1.09487808 2.44084692 6.81200218
v 1.04274452 2.37713003 7.06688213
v 1.04655063 2.25174427 7.20936632
v 1.07838321 2.19484878 7.13059235
v 1.41240609 1.64358914 5.00464392
v 1.359833 1.4271301 2.68840384
v 1.41240633 1.64766395 2.68840337
v 1.35983324 1.42713106 0.360302806
v 1.41240633 2.30852675 2.96487379
v 1.41240633 2.30711079 2.72146273
v 1.41240633 2.4695003 3.12203383
v 1.41240633 2.68973494 3.11984134
v 1.41240644 1.64766502 0.360302567
v 1.41240644 2.30852699 0.854527771
v 1.41240633 2.30711079 2.72146273
v 1.41240644 2.3071115 0.611116409
v 1.41240633 2.46100497 2.56700611
v 1.41240644 2.46950054 1.01168787
v 1.41240644 2.68973589 1.0094949
v 1.41240633 2.68683767 2.57399297
v 1.35983336 1.42713213 -1.97264349
v 1.41240656 1.6476661 -1.97264421
v 1.25127351 1.26258481 -1.96758986
v 1.25127327 1.26258373 0.356487811
v 1.35983348 1.42713284 -4.29166746
v 1.35983348 1.42713284 -4.29166746
v 1.41240668 1.64766693 -4.29166746
v 1.41240668 2.30852818 -3.36457086
v 1.41240668 2.30711246 -3.60798216
v 1.41240668 2.4610064 -3.76243854
v 1.41240668 2.30711246 -3.60798216
v 1.41240668 2.69192672 -4.29166746
v 1.41240668 2.68683982 -3.7554512
v 1.30879807 3.20997024 -4.29166746
v 1.41240668 2.68683982 -3.7554512
v 1.38134611 2.84723043 -3.5867455
v 1.38162935 2.84581447 -3.36599517
v 1.30879784 3.20996952 -1.96758926
v 0.997971833 3.52079558 -1.96758938
v 0.997972012 3.52079678 -4.29166746
v 0.479928166 3.62440419 -1.96758938
v 0.479928315 3.62440538 -4.29166746
v 0.997971714 3.52079463 0.356488347
v 0.479928017 3.62440324 0.356488615
v 0.997971535 3.52079344 2.68056607
v 0.479927897 3.62440228 2.68056607
v 0.479927748 3.62440109 5.00464392
v 0.997971416 3.52079225 5.00464392
v 1.30879772 3.20996809 0.356488556
v 1.3087976 3.20996737 2.68056607
v 1.30879748 3.20996594 5.00464392
v 1.38134599 2.84723043 -1.4883858
v 1.41240656 2.68683958 -1.65709174
v 1.41240668 2.68973684 -3.20960402
v 1.38162899 2.84581375 -1.26763535
v 1.38134563 2.84722996 0.632353187
v 1.41240644 2.68683887 0.463646829
v 1.41240656 2.68973637 -1.1112442
v 1.38162887 2.84581375 0.853103518
v 1.38134539 2.84722924 2.74269915
v 1.41240633 2.68683767 2.57399297
v 1.41240644 2.68973589 1.0094949
v 1.38162851 2.84581327 2.96344972
v 1.30879748 3.20996594 5.00464392
v 1.41240633 2.68973494 3.11984134
v -1.35056901 1.42713106 0.37841621
v -1.24200892 1.26258373 0.356487334
v -1.24200916 1.26258278 2.68056488
v -1.35056913 1.4271301 2.69046259
v -1.24200928 1.26258183 5.00464296
v -1.40314257 1.64358914 5.00464439
v -1.40314233 1.64766395 2.69046259
v -1.35056925 1.42470002 5.00464392
v -1.35056901 1.42713106 0.37841621
v -1.40314221 1.64766502 0.37841627
v -1.40314233 2.30852723 2.96487427
v -1.40314233 2.30711126 2.72146297
v -1.40314233 2.46950078 3.12203431
v -1.40314233 2.68006039 5.00464487
v -1.40314233 2.68973541 3.11984181
v -1.40314209 1.6476661 -1.942294
v -1.35056877 1.42713213 -1.94229424
v -1.24200892 1.26258373 0.356487334
v -1.24200881 1.26258481 -1.96759045
v -1.35056865 1.42713284 -4.29166746
v -1.40314186 1.64766693 -4.29166746
v -1.35056865 1.42713284 -4.29166746
v -1.40314209 2.30852818 -1.26621079
v -1.40314209 2.30711222 -1.50962222
v -1.40314209 2.4695015 -1.10905075
v -1.40314186 2.30852866 -3.36457062
v -1.40314209 2.30711222 -1.50962222
v -1.40314209 2.46100616 -1.66407859
v -1.40314186 2.30711293 -3.60798168
v -1.40314186 2.46950221 -3.20741057
v -1.40314186 2.68973708 -3.20960355
v -1.40314209 2.68683958 -1.65709174
v -1.40314186 2.46100688 -3.7624383
v -1.40314186 2.69192672 -4.29166746
v -1.40314186 2.68684006 -3.75545096
v -1.40314221 2.46100593 0.45666033
v -1.40314209 2.68973637 -1.11124372
v -1.40314221 2.68683887 0.463646919
v -1.40314221 2.30711198 0.611116767
v -1.40314221 2.30852747 0.854528129
v -1.40314221 2.30711198 0.611116767
v -1.40314233 2.46100545 2.56700659
v -1.40314233 2.30711126 2.72146297
v -1.40314221 2.46950102 1.01168811
v -1.40314221 2.68973637 1.0094955
v -1.40314233 2.68683791 2.57399297
v -1.37236452 2.84581423 -1.26763511
v -1.40314209 2.68973637 -1.11124372
v -1.40314221 2.68683887 0.463646919
v -1.37208128 2.8472302 0.632353485
v -1.29953349 3.20996809 0.356488109
v -1.37236452 2.84581423 0.853103876
v -1.29953337 3.20996904 -1.9675895
v -1.37208128 2.84723067 -1.48838556
v -1.37236428 2.84581494 -3.36599445
v -1.40314209 2.68683958 -1.65709174
v -1.40314186 2.68973708 -3.20960355
v -1.29953325 3.20997024 -4.29166746
v -1.37208116 2.84723067 -3.58674526
v -1.40314186 2.68684006 -3.75545096
v -1.40314186 2.69192672 -4.29166746
v -0.988707006 3.52079558 -1.96758938
v -0.988706887 3.52079678 -4.29166746
v -0.988707185 3.52079463 0.356488168
v -0.470663548 3.62440419 -1.96758938
v -0.470663399 3.62440538 -4.29166746
v -0.470663697 3.62440324 0.356488228
v 0.479928166 3.62440419 -1.96758938
v 0.479928315 3.62440538 -4.29166746
v 0.479928017 3.62440324 0.356488615
v -0.470663816 3.62440228 2.68056607
v 0.479927897 3.62440228 2.68056607
v 0.479927748 3.62440109 5.00464392
v -0.470663965 3.62440109 5.00464392
v -0.988707423 3.52079344 2.68056607
v -0.988707542 3.50539732 5.00464392
v -1.29953361 3.2099669 2.68056607
v -1.29953384 3.20996594 5.00464392
v -1.3720814 2.84722948 2.74269962
v -1.40314233 2.68683791 2.57399297
v -1.40314221 2.68973637 1.0094955
v -1.37236464 2.84581351 2.96344995
v -1.40314233 2.68973541 3.11984181
v -1.40314233 2.68006039 5.00464487
v 1.25127327 1.26258373 0.356487811
v 1.35983324 1.42713106 0.360302806
v 1.25127304 1.26258278 2.68056512
v 1.359833 1.4271301 2.68840384
v 1.25127292 1.26258183 5.00464296
v 1.30383861 1.34225702 5.00464344
v 1.41240656 2.68973637 -1.1112442
v 1.41240644 2.68683887 0.463646829
v 1.41240644 2.46100545 0.456660032
v 1.41240656 2.46950102 -1.10905111
v 1.41240656 2.30852771 -1.26621115
v 1.41240644 2.3071115 0.611116409
v 1.41240644 1.64766502 0.360302567
v 1.41240656 2.30711174 -1.50962234
v 1.41240668 2.30852818 -3.36457086
v 1.41240656 2.30711174 -1.50962234
v 1.41240656 2.46100569 -1.66407883
v 1.41240668 2.46950173 -3.20741081
v 1.41240668 2.68973684 -3.20960402
v 1.41240656 2.68683958 -1.65709174
v -1.25529647 1.54499602 -5.50933456
v -1.25927103 1.71528649 -5.81963253
v -1.26751876 2.0686698 -5.81963253
v -1.27020288 2.18368363 -5.15936518
v -1.25117326 1.36833525 -5.15936518
v -1.27053213 2.19778252 -4.61243868
v -1.24664724 1.17441308 -4.49909639
v -1.26981425 2.16703343 -4.49909639
v -1.25649798 1.22248971 -4.29212904
v -1.26781487 2.08136606 -3.83882833
v -1.24476051 1.09357727 -4.29212904
v -1.2564975 1.22248757 3.598912
v -1.2678144 2.08136392 3.598912
v -1.25649738 1.27174366 4.04421282
v -1.26910508 2.13666797 4.04421329
v -0.864370763 1.22906244 -4.29212809
v -1.26597786 2.00267696 4.48951626
v -1.26999927 2.17497683 4.09732676
v -1.24670184 1.17677414 4.48951578
v -1.24461603 1.08740234 4.29095459
v -1.24551797 1.1260469 4.47332525
v -1.24473083 1.09232104 4.04421282
v -0.965091527 1.2783165 4.04421329
v -0.864370346 1.22906041 3.59891176
v -0.953325033 1.09889376 4.04421329
v -1.24476016 1.09357512 3.59891105
v -0.85263294 1.10014796 3.59891105
v -0.852633417 1.10015011 -4.29212856
v -1.00184655 3.1143322 6.47561884
v -0.831451416 3.27293611 6.57891846
v -0.786497355 3.30971146 6.5171752
v -0.647274256 3.34529281 6.61040163
v -0.540722668 3.39058137 6.51693201
v -0.513540626 3.31242108 6.68523312
v -0.630866289 3.32409477 6.69275331
v -0.577622473 3.28094101 6.86423159
v -0.481330901 3.27282381 6.86490059
v 0.227753878 2.2251575 7.81414223
v -0.193048015 2.22855258 7.81058311
v -0.3244268 2.20098472 7.81465912
v -1.3260293 2.17497706 4.04421329
v -1.26910508 2.13666797 4.04421329
v -1.2678144 2.08136392 3.598912
v -1.26999927 2.17497683 4.09732676
v -1.36396897 2.1749773 3.598912
v -1.26781487 2.08136606 -3.83882833
v -1.38002717 1.92102551 4.48951626
v -1.26597786 2.00267696 4.48951626
v -1.74720943 1.92102563 4.04421329
v -1.41175294 1.67535508 4.48951578
v -1.35920501 1.37999845 4.48951578
v -1.24670184 1.17677414 4.48951578
v -1.77843368 1.12604713 4.04421282
v -1.24551797 1.1260469 4.47332525
v -1.871997 1.37999845 4.04421329
v -1.86476803 1.6753552 4.04421329
v -1.81666505 1.92102575 3.598912
v -1.36396945 2.17497945 -3.83882833
v -1.95192146 1.67535532 3.598912
v -1.97400427 1.37999856 3.59891176
v -1.95192194 1.67535734 -3.83882833
v -1.49680841 1.08740234 4.04421282
v -1.24461603 1.08740234 4.29095459
v -1.24473083 1.09232104 4.04421282
v -1.24476016 1.09357512 3.59891105
v -1.57927549 1.08740234 3.59891129
v -1.88567328 1.12604737 3.59891129
v -1.57927597 1.08740461 -3.83882856
v -1.24476051 1.09357727 -4.29212904
v -1.97400475 1.38000071 -3.83882833
v -1.81666541 1.92102778 -3.83882833
v -1.88567376 1.12604952 -3.83882856
v -1.54991198 1.16904068 -4.49909639
v -1.24664724 1.17441308 -4.49909639
v -1.84544325 1.20538712 -4.49909639
v -1.92134321 1.44423449 -4.49909639
v -1.8891511 1.72202468 -4.49909639
v -1.75213563 1.95308363 -4.49909639
v -1.41659725 1.36573541 -5.15936518
v -1.25117326 1.36833525 -5.15936518
v -1.25529647 1.54499602 -5.50933456
v -1.66947842 1.39630401 -5.15936518
v -1.73644054 1.59718215 -5.15936518
v -1.34759164 1.72067332 -5.81963253
v -1.25927103 1.71528649 -5.81963253
v -1.71125579 1.83081234 -5.15936518
v -1.39799654 1.8306632 -5.81963253
v -1.38539517 1.95858657 -5.81963253
v -1.26751876 2.0686698 -5.81963253
v -1.59543502 2.02514029 -5.15936518
v -1.30821347 2.06498981 -5.81963253
v -1.27020288 2.18368363 -5.15936518
v -1.27053213 2.19778252 -4.61243868
v -1.31887627 2.19193101 -4.49909639
v -1.26981425 2.16703343 -4.49909639
v 1.2711345 2.08136463 3.59891176
v 1.27242517 2.13666868 4.04421329
v 1.32934928 2.17497778 4.04421329
v 1.27331924 2.17497778 4.09732676
v 1.36728895 2.17497778 3.59891176
v 1.27113497 2.08136678 -3.83882856
v 1.38334703 1.92102611 4.48951578
v 1.26929784 2.00267768 4.48951578
v 1.75052941 1.92102647 4.04421329
v 1.41507292 1.67535567 4.48951578
v 1.36252499 1.37999904 4.48951578
v 1.25002182 1.17677474 4.4895153
v 1.78175378 1.12604773 4.04421234
v 1.24883795 1.12604761 4.47332525
v 1.87531722 1.37999916 4.04421282
v 1.86808813 1.67535591 4.04421282
v 1.81998503 1.92102647 3.59891176
v 1.95524168 1.67535591 3.59891176
v 1.97732449 1.37999916 3.59891129
v 1.95524216 1.67535806 -3.83882856
v 1.81998551 1.92102849 -3.83882856
v 1.50012863 1.08740306 4.04421234
v 1.24793601 1.08740294 4.29095459
v 1.24805081 1.09232163 4.04421234
v 1.24808002 1.09357572 3.59891081
v 1.58259559 1.08740306 3.59891105
v 1.8889935 1.12604785 3.59891105
v 1.58259606 1.08740532 -3.83882904
v 1.24808061 1.09357798 -4.29212952
v 1.97732496 1.38000154 -3.83882856
v 1.36728942 2.17497993 -3.83882856
v 1.32219613 2.19193196 -4.49909639
v 1.27313423 2.16703415 -4.49909639
v 1.27385211 2.19778323 -4.61243868
v 1.75545549 1.95308435 -4.49909639
v 1.89247108 1.72202539 -4.49909639
v 1.59875488 2.025141 -5.15936518
v 1.27352297 2.18368411 -5.15936518
v 1.88899398 1.12605 -3.83882904
v 1.92466319 1.44423521 -4.49909639
v 1.84876323 1.20538771 -4.49909687
v 1.71457565 1.83081293 -5.15936518
v 1.31153345 2.06499076 -5.81963253
v 1.27083862 2.06867051 -5.81963253
v 1.38871515 1.95858729 -5.81963253
v 1.262591 1.71528733 -5.81963253
v 1.55323195 1.1690414 -4.49909687
v 1.24996722 1.17441368 -4.49909687
v 1.6727984 1.39630461 -5.15936518
v 1.73976052 1.59718275 -5.15936518
v 1.40131652 1.83066404 -5.81963253
v 1.41991723 1.36573601 -5.15936518
v 1.25449336 1.36833584 -5.15936518
v 1.25861657 1.54499662 -5.50933456
v 1.35091186 1.72067404 -5.81963253
v -0.815924764 0.922402143 6.50988102
v -0.815924764 1.25856757 6.66376495
v -0.831628263 1.25856757 6.66376495
v -0.815924764 1.23551297 6.52895546
v -0.831628263 1.23551297 6.52895546
v -0.831628323 0.922402143 6.5098815
v -0.815924764 0.917660892 6.45293427
v -0.831628263 0.917660892 6.45293427
v 0.83169812 0.922402143 6.50988102
v 0.831698179 1.25856757 6.66376495
v 0.81599462 1.25856757 6.66376495
v 0.83169812 1.23551297 6.52895546
v 0.81599462 1.23551297 6.52895546
v 0.81599462 0.922402143 6.5098815
v 0.83169812 0.917660892 6.45293427
v 0.81599462 0.917660892 6.45293427
v -1.69304037 0.852899432 0.814448297
v -1.70658171 0.852899432 0.814448237
v -1.6396383 1.10569596 0.887929082
v -1.70658171 0.852899432 0.888219178
v -1.69304037 0.852899432 0.888219178
v -1.61073792 1.10569596 0.887929082
v -1.63963842 1.11066675 1.05158234
v -1.61073792 1.11066675 1.05158234
v -1.69249642 0.852899373 -0.374090672
v -1.70658159 0.852899373 -0.374090761
v -1.63478863 1.11168242 -0.300609916
v -1.70658159 0.852899373 -0.300319791
v -1.62070358 1.11168253 -0.300609887
v -1.69249642 0.852899373 -0.300319761
v -1.63478875 1.11665332 -0.136956602
v -1.62070358 1.11665332 -0.136956558
v 1.63529348 1.10569572 0.887929201
v 1.70223677 0.852899313 0.814448357
v 1.68869543 0.852899313 0.814448476
v 1.70223689 0.852899313 0.888219357
v 1.60639298 1.10569572 0.887929261
v 1.68869543 0.852899313 0.888219357
v 1.63529348 1.11066663 1.05158257
v 1.60639298 1.11066663 1.05158257
v 1.63044405 1.11168242 -0.300609708
v 1.70223677 0.852899313 -0.374090493
v 1.68815172 0.852899313 -0.374090463
v 1.70223677 0.852899313 -0.300319552
v 1.61635876 1.11168242 -0.300609678
v 1.68815172 0.852899313 -0.300319523
v 1.63044405 1.11665332 -0.136956379
v 1.61635888 1.11665332 -0.136956334
v -0.837816656 0.663202047 5.50815582
v -0.837816596 1.1652602 5.60260296
v -0.866717219 1.1652602 5.60260296
v -0.837816656 1.16028941 5.34246063
v -0.866717219 1.16028941 5.34246063
v -0.866717219 0.663202047 5.50815582
v -0.837816656 0.663202047 5.34411716
v -0.866717219 0.663202047 5.34411716
v 0.869231343 0.663202047 5.50815582
v 0.869231403 1.1652602 5.60260296
v 0.84033078 1.1652602 5.60260296
v 0.869231343 1.16028941 5.34246063
v 0.84033078 1.16028941 5.34246063
v 0.84033078 0.663202047 5.50815582
v 0.869231343 0.663202047 5.34411716
v 0.84033078 0.663202047 5.34411716
v 0.115106635 5.61940718 -7.49247646
v 0.115106821 3.07667351 -7.70327854
v -0.118432678 3.07667351 -7.70327854
v 0.73936522 3.3534584 -6.22744989
v -0.118432827 5.61940718 -7.49247646
v -0.742691338 3.35345888 -6.22744989
v -0.501752973 5.9082818 -6.22767305
v 0.498427719 5.9082818 -6.22767305
v -0.527492166 5.73651838 -4.80672264
v -0.683684587 3.4192493 -4.61044264
v 0.524167061 5.73651791 -4.80672264
v 0.680358768 3.4192493 -4.61044264
v 0.336991072 5.31693888 -3.5682888
v -0.340315968 5.31693935 -3.56828809
v -0.35841915 3.54989767 -2.98555136
v -0.108550623 5.25245762 -3.37796354
v 0.355093479 3.54989743 -2.98555136
v 0.105225697 5.25245762 -3.37796354
v -0.0980019569 3.58166862 -2.69871783
v 0.0946763754 3.58166862 -2.69871783
vt 0.0561318062 0
vt 0.196698412 0
vt 0.0985241607 0
vt 1 3.83698477E-08
vt 0.951692939 0
vt 0.806000531 0
vt 0.193999425 0
vt 0.903000355 0
vt 1 -1.86264479E-08
vt 1 0.108249016
vt 1 0.108249031
vt 1 0.216498032
vt 1 0.216498032
vt 1 0.63040185
vt 0.99999994 0.513900101
vt 8.67244054E-09 0
vt 0 0
vt 0.0969996005 0
vt 0 0.108249016
vt 0 0.108249016
vt 0 0.216498032
vt 0 0.0140899727
vt 1 0.0273253731
vt 0.99999994 0.0273253061
vt 1 0.108249016
vt 0 0.0140900379
vt 0 0.216498032
vt 0 0.63040185
vt 0 0.513900042
vt 1 0.216498032
vt 1 0.63040185
vt 0.99999994 0.442596853
vt 0.99999994 0.108248964
vt 0 0.108249016
vt 0 0.0785801783
vt 0 0.108438991
vt 0 0.216498032
vt 0 0.63040185
vt 0 0.442596823
vt 1 0.159260988
vt 0 0.216497898
vt 0 0.63040185
vt 1 0.216498002
vt 0 0.274823487
vt -0.0647051707 0.289274126
vt 1.00000012 0.249004439
vt 0 0.388100922
vt 0 0.27045247
vt 0.0367987603 0.835734129
vt 0.0367987603 0.835734129
vt 0 0.63040185
vt 0.147195041 0.958933532
vt 0.147195041 0.958933532
vt 0.331188887 1
vt 0.331188917 1
vt 0.587316871 1
vt 0.668811083 1
vt 0.0367987603 0.835734129
vt 0.0367987603 0.835734129
vt 0.147195041 0.958933532
vt 0.147195041 0.958933532
vt 0.331188887 1
vt 0.331188887 1
vt 0.668811083 1
vt 0.668811083 1
vt 0.852804899 0.958933532
vt 0.852804899 0.958933532
vt 0.963201225 0.835734189
vt 0.852804899 0.958933532
vt 0.963201225 0.835734189
vt 0.963201225 0.835734189
vt 1 0.63040185
vt 0.852804899 0.958933532
vt 0.668811083 1
vt 0.963201225 0.835734189
vt 1 0.63040185
vt 1 0.252511084
vt 1 0.38809979
vt 0.973535836 0.836686015
vt 0.970579505 0.506616473
vt 1.0153687 0.626419365
vt 1.01861441 0.280194759
vt 0.815592229 0.653140604
vt 0.653175354 0.993160725
vt 0.287591577 0.978201807
vt 0.120921388 0.624716997
vt 0.088756904 0.927670002
vt -0.0295906067 0.795640409
vt -0.0312007666 0.465626687
vt -0.0674504787 0.582112849
vt 0 1
vt 1 1
vt 1 0
vt 0 0
vt 1 1
vt 0 0
vt 0 1
vt 0 1
vt 1 1
vt 1 0
vt 0 0
vt 1 0
vt 1 1
vt 0 0
vt 0 1
vt 1 0
vt 0 1
vt 1 1
vt 1 0
vt 0 0
vt 0 1
vt 1 1
vt 1 0
vt 0 0
vt 1 1
vt 0 0
vt 0 1
vt 0 1
vt 1 1
vt 1 0
vt 0 0
vt 1 0
vt 0 0
vt 0 1
vt 1 1
vt 1 0
vt 0 1
vt 1 1
vt 1 0
vt 0 0
vt 1 0
vt 1 1
vt 0 1
vt 0 0
vt 1 1
vt 0 0
vt 0 1
vt 0 1
vt 1 1
vt 1 0
vt 0 0
vt 1 0
vt 1 0
vt 1 1
vt 0 0
vt 0 1
vt 0 1
vt 0 0
vt 1 0
vt 1 1
vt 1 0
vt 1 1
vt 0 1
vt 0 0
vt 1 1
vt 0 0
vt 0 1
vt 0 1
vt 1 1
vt 1 0
vt 0 0
vt 1 0
vt 1 0
vt 1 1
vt 0 0
vt 0 1
vt 0 1
vt 0 0
vt 1 0
vt 1 1
vt 1 0
vt 0 1
vt 1 1
vt 0 0
vt 1 1
vt 0 0
vt 0 1
vt 0 1
vt 1 1
vt 1 0
vt 0 0
vt 1 0
vt 1 0
vt 0 0
vt 1 1
vt 0 1
vt 0 1
vt 1 1
vt 0 0
vt 1 0
vt 1 1
vt 1 0
vt 0 1
vt 0 0
vt 1 1
vt 0 0
vt 0 1
vt 0 1
vt 1 1
vt 1 0
vt 0 0
vt 1 0
vt 1 0
vt 0 0
vt 0 1
vt 1 1
vt 0 1
vt 1 1
vt 0 0
vt 1 0
vt 1 0
vt 0 1
vt 1 1
vt 0 0
vt 1 1
vt 0 0
vt 0 1
vt 0 1
vt 1 1
vt 1 0
vt 0 0
vt 1 0
vt 0 1
vt 1 1
vt 0 0
vt 1 0
vt 1 0
vt 0 0
vt 0 1
vt 1 1
vt 1 1
vt 1 0
vt 0 1
vt 0 0
vt 1 1
vt 0 0
vt 0 1
vt 0 1
vt 1 1
vt 1 0
vt 0 0
vt 1 0
vt 0 1
vt 1 1
vt 1 0
vt 0 0
vt 1 0
vt 0 0
vt 1 1
vt 0 1
vt 0.711917758 1
vt 1 0.711151481
vt 1 0.28884849
vt 0.711917758 0
vt 0.288082272 0
vt 0.288082272 1
vt 0 0.28884849
vt 0 0.711151481
vt 1 0.711151481
vt 1 0.28884849
vt 0.711917758 0
vt 0.711917758 1
vt 0.288082272 1
vt 0.288082272 0
vt 0 0.711151481
vt 0 0.28884849
vt 0.288082272 0
vt 0.288082272 1
vt 0.711917758 1
vt 0.711917758 0
vt 0.28884849 1
vt 0.711151481 1
vt 0.711151481 0
vt 0.28884849 0
vt -0.467130512 -3.43420822E-07
vt -0.467130631 0.999999642
vt 0.288082272 0
vt 0.711917758 1
vt 0.711917758 0
vt 0.288082272 1
vt -0.468372941 -3.44334211E-07
vt -0.46837303 0.999999642
vt 1.46713042 1.00000012
vt 1.46713054 1.71710411E-07
vt 0.711151481 0
vt 0.711151481 1
vt 0.28884849 0
vt 0.28884849 1
vt -0.467130512 -3.43420822E-07
vt -0.467130631 0.999999642
vt 0.711917758 1
vt 1 0.711151481
vt 1 0.28884849
vt 0.711917758 0
vt 0.288082272 0
vt 0.288082272 1
vt 0 0.28884849
vt 0 0.711151481
vt 1 0.711151481
vt 1 0.28884849
vt 0.711917758 0
vt 0.711917758 1
vt 0.288082272 1
vt 0.288082272 0
vt 0 0.711151481
vt 0 0.28884849
vt 0.288082272 0
vt 0.288082272 1
vt 0.711917758 1
vt 0.711917758 0
vt 0.28884849 1
vt 0.711151481 1
vt 0.711151481 0
vt 0.28884849 0
vt -0.467130512 -3.43420822E-07
vt -0.467130631 0.999999642
vt 0.288082272 0
vt 0.711917758 1
vt 0.711917758 0
vt 0.288082272 1
vt -0.468372941 -3.44334211E-07
vt -0.46837303 0.999999642
vt 1.46713042 1.00000012
vt 1.46713054 1.71710411E-07
vt 0.711151481 0
vt 0.711151481 1
vt 0.28884849 0
vt 0.28884849 1
vt -0.467130512 -3.43420822E-07
vt -0.467130631 0.999999642
vt 0.616769135 1
vt 0.616769135 0
vt 0.383230865 0
vt 0.383230865 1
vt 0.196400806 0.99999994
vt 0.196400836 -2.13469402E-08
vt 0.00957080349 -4.26938804E-08
vt 0.00957076065 0.99999994
vt 1 1
vt 1 0
vt 0.691060781 0
vt 0.691060781 1
vt 0.308939189 0
vt 0.308939189 1
vt 0 1
vt 0 0
vt 0 0.911867082
vt 0.0958077163 0.977966785
vt 0.383230865 1
vt 1 0.911867082
vt 0.616769135 1
vt 0.904192269 0.977966785
vt 0 0.5693537
vt 1 0.5693537
vt 0 0.35403055
vt 1 0.35403055
vt 1 0.138707384
vt 0 0.138707384
vt 0.308939189 0
vt 0 0
vt 0.691060781 0
vt 1 0
vt 0 1
vt 0.138707384 0
vt 0.138707384 1
vt 0.35403055 0
vt 0.35403055 1
vt 0.5693537 0
vt 0.5693537 1
vt 0.911867082 1
vt 0.911867082 0
vt 1 1
vt 0.861292601 0
vt 0.861292601 1
vt 0.64596945 0
vt 0.64596945 1
vt 0.4306463 0
vt 0.4306463 1
vt 0.0881329253 1
vt 0.0881329253 0
vt -0.0560694374 0.99999994
vt -0.0560693853 -3.99740934E-08
vt -0.200271696 -7.99481867E-08
vt -0.2002718 0.999999881
vt 0.383230865 1
vt 0.616769135 1
vt 0.904192269 0.977966785
vt 0.0958077163 0.977966785
vt 0 0.911867082
vt 1 0.911867082
vt 1 0.5693537
vt 0 0.5693537
vt 1 0.35403055
vt 0 0.35403055
vt 0 0.138707384
vt 1 0.138707384
vt 0.308939189 0
vt 0 0
vt 0.691060781 0
vt 1 0
vt 0.150000021 0
vt 0.0500000194 0
vt 0.0500000194 0.5
vt 0.150000021 0.5
vt 0.25000003 0.5
vt 0.25000003 0
vt 0.350000054 0
vt 0.850000024 0.5
vt 1.05000007 0.5
vt 0.949999988 0.5
vt 1.05000007 0
vt 0.949999988 0
vt 0.850000024 0
vt 0.75 0.5
vt 0.75 0
vt 0.650000095 0
vt 0.650000095 0.5
vt 0.350000054 0.5
vt 0.449999988 0.5
vt 0.449999988 0
vt 0.550000012 0.5
vt 0.550000012 0
vt 0.206107438 0.0954914689
vt 0.50000006 0
vt 0.793892741 0.0954915583
vt 0.97552824 0.345491469
vt 0.97552824 0.654508591
vt 0.206107378 0.904508471
vt 0.793892443 0.904508591
vt 0.49999997 1
vt 0.0244717598 0.345491469
vt 0.02447173 0.654508471
vt 0.50000006 0
vt 0.206107438 0.0954914689
vt 0.0244717598 0.345491469
vt 0.793892741 0.0954915583
vt 0.02447173 0.654508471
vt 0.97552824 0.345491469
vt 0.97552824 0.654508591
vt 0.793892443 0.904508591
vt 0.49999997 1
vt 0.206107378 0.904508471
vt 0.949999988 1
vt 1.05000007 1
vt 1.05000007 0.5
vt 0.949999988 0.5
vt 0.850000024 1
vt 0.850000024 0.5
vt 0.650000095 0.5
vt 0.75 0.5
vt 0.75 1
vt 0.650000095 1
vt 0.150000021 0.5
vt 0.0500000194 0.5
vt 0.550000012 0.5
vt 0.550000012 1
vt 0.449999988 0.5
vt 0.449999988 1
vt 0.350000054 1
vt 0.350000054 0.5
vt 0.25000003 0.5
vt 0.25000003 1
vt 0.150000021 1
vt 0.0500000194 1
vt 0.150000021 0
vt 0.0500000194 0
vt 0.0500000194 0.5
vt 0.150000021 0.5
vt 0.25000003 0.5
vt 0.25000003 0
vt 0.350000054 0
vt 0.350000054 0.5
vt 0.449999988 0.5
vt 0.449999988 0
vt 0.650000095 0.5
vt 0.550000012 0.5
vt 0.550000012 0
vt 0.650000095 0
vt 0.75 0.5
vt 0.75 0
vt 0.850000024 0
vt 0.850000024 0.5
vt 0.949999988 0.5
vt 1.05000007 0.5
vt 0.949999988 0
vt 1.05000007 0
vt 0.206107438 0.0954914689
vt 0.50000006 0
vt 0.793892741 0.0954915583
vt 0.97552824 0.345491469
vt 0.97552824 0.654508591
vt 0.206107378 0.904508471
vt 0.0244717598 0.345491469
vt 0.02447173 0.654508471
vt 0.49999997 1
vt 0.793892443 0.904508591
vt 0.50000006 0
vt 0.206107438 0.0954914689
vt 0.0244717598 0.345491469
vt 0.793892741 0.0954915583
vt 0.02447173 0.654508471
vt 0.97552824 0.345491469
vt 0.97552824 0.654508591
vt 0.793892443 0.904508591
vt 0.49999997 1
vt 0.206107378 0.904508471
vt 0.949999988 1
vt 1.05000007 1
vt 1.05000007 0.5
vt 0.949999988 0.5
vt 0.850000024 1
vt 0.850000024 0.5
vt 0.150000021 0.5
vt 0.0500000194 0.5
vt 0.150000021 1
vt 0.0500000194 1
vt 0.25000003 0.5
vt 0.25000003 1
vt 0.350000054 1
vt 0.75 0.5
vt 0.75 1
vt 0.650000095 1
vt 0.650000095 0.5
vt 0.350000054 0.5
vt 0.550000012 0.5
vt 0.550000012 1
vt 0.449999988 0.5
vt 0.449999988 1
vt 1 0
vt 0 1
vt 1 1
vt 0 0
vt 1 1
vt 0 0
vt 0 1
vt 1 1
vt 1 0
vt 0 1
vt 0 0
vt 1 0
vt 1 0
vt 0 0
vt 1 1
vt 0 1
vt 1 0
vt 0 0
vt 1 1
vt 0 1
vt 1.05000007 0
vt 0.949999988 0
vt 1.05000007 0.99999994
vt 0.949999988 0.99999994
vt 0.850000024 0
vt 0.850000024 0.99999994
vt 0.75 0
vt 0.75 0.99999994
vt 0.650000095 0
vt 0.650000095 0.99999994
vt 0.550000012 0
vt 0.550000012 0.99999994
vt 0.449999988 0.99999994
vt 0.449999988 0
vt 0.350000024 0
vt 0.350000024 0.99999994
vt 0.25000003 0
vt 0.25000003 0.99999994
vt 0.150000021 0
vt 0.150000021 0.99999994
vt 0.0500000194 0
vt 0.0500000194 0.99999994
vt 0.0244717598 0.654508471
vt 0.0244717896 0.345491469
vt 0.206107438 0.0954914689
vt 0.206107348 0.904508471
vt 0.793892443 0.904508591
vt 0.49999997 1
vt 0.50000006 0
vt 0.793892741 0.0954915285
vt 0.97552824 0.654508591
vt 0.97552824 0.345491469
vt 0.206107438 0.0954914689
vt 0.0244717896 0.345491469
vt 0.0244717598 0.654508471
vt 0.206107348 0.904508471
vt 0.49999997 1
vt 0.50000006 0
vt 0.793892443 0.904508591
vt 0.793892741 0.0954915285
vt 0.97552824 0.654508591
vt 0.97552824 0.345491469
vt 1 0
vt 0 1
vt 1 1
vt 0 0
vt 1 1
vt 0 0
vt 0 1
vt 1 1
vt 1 0
vt 0 1
vt 0 0
vt 1 0
vt 1 0
vt 0 0
vt 1 1
vt 0 1
vt 1 0
vt 0 0
vt 1 1
vt 0 1
vt 1.05000007 0
vt 0.949999988 0
vt 1.05000007 0.99999994
vt 0.949999988 0.99999994
vt 0.850000024 0
vt 0.850000024 0.99999994
vt 0.75 0
vt 0.75 0.99999994
vt 0.650000095 0
vt 0.650000095 0.99999994
vt 0.550000012 0
vt 0.550000012 0.99999994
vt 0.449999988 0.99999994
vt 0.449999988 0
vt 0.350000024 0
vt 0.350000024 0.99999994
vt 0.25000003 0
vt 0.25000003 0.99999994
vt 0.150000021 0
vt 0.150000021 0.99999994
vt 0.0500000194 0
vt 0.0500000194 0.99999994
vt 0.0244717598 0.654508471
vt 0.0244717896 0.345491469
vt 0.206107438 0.0954914689
vt 0.206107348 0.904508471
vt 0.793892443 0.904508591
vt 0.49999997 1
vt 0.50000006 0
vt 0.793892741 0.0954915285
vt 0.97552824 0.654508591
vt 0.97552824 0.345491469
vt 0.206107438 0.0954914689
vt 0.0244717896 0.345491469
vt 0.0244717598 0.654508471
vt 0.206107348 0.904508471
vt 0.49999997 1
vt 0.50000006 0
vt 0.793892443 0.904508591
vt 0.793892741 0.0954915285
vt 0.97552824 0.654508591
vt 0.97552824 0.345491469
vt 1 1
vt 1 0
vt 0 1
vt 0 0
vt 0 1
vt 1 1
vt 0 0
vt 0 1
vt 1 1
vt 1 0
vt 0 0
vt 1 0
vt 0 1
vt 1 1
vt 0 0
vt 1 0
vt 1 0
vt 0 0
vt 1 1
vt 0 1
vt 0.0408717841 0.199439302
vt 0.117799759 0.199439287
vt 0.154870361 0.208749145
vt 0.0158343799 0.219249308
vt 0.193327621 0.219249308
vt 0.0127651254 0.23565872
vt 0.235542461 0.239059389
vt 0.0194589216 0.239059329
vt 0.145623684 0.25886932
vt 0.0381078012 0.25886935
vt 0.253139555 0.25886929
vt 0.145623609 0.482023835
vt 0.0381077342 0.482023835
vt 0.139740527 0.495384216
vt 0.0260685626 0.495384216
vt 0.145623684 0.25886932
vt 0.0552370213 0.508744657
vt 0.0177290384 0.496977806
vt 0.23502785 0.508744657
vt 0.254483253 0.502787232
vt 0.246070653 0.508258939
vt 0.253412485 0.495384246
vt 0.139740527 0.495384216
vt 0.145623609 0.482023835
vt 0.253412485 0.495384246
vt 0.253139496 0.482023835
vt 0.253139496 0.482023835
vt 0.253139555 0.25886929
vt 0.806000829 0.49999994
vt 0.806000829 0.713277936
vt 0.903000355 0.749999881
vt 0.903000355 0.49999994
vt 0.999999881 0.49999994
vt 0.99999994 0.74999994
vt 1 1
vt 0.903000355 0.999999881
vt 0.806000769 0.75
vt 0.806000769 1
vt 0.903000355 0.24999997
vt 0.999999821 0.249999925
vt 0.903000355 0
vt 0.999999762 -5.96046377E-08
vt 0.806000769 2.98023224E-08
vt 0.806000769 0.25
vt 0.903000295 0.282018811
vt 0.193999216 0
vt 0.193999186 0.75
vt 0.193999231 1
vt 0.0969996154 1
vt 0.193999201 0.5
vt 0.193999216 0.25
vt 0.0969996303 0.793044806
vt 0.096999608 0.5
vt 0.0969996005 0.46798116
vt 0.0969995931 0.24999997
vt 0.096999608 0
vt 0 0
vt 0 0.25
vt 0 0.5
vt 0.096999608 0.75
vt 0 0.75
vt 0 0.999999881
vt 0.668811083 1.00000012
vt 0.364174813 1
vt 0.331188887 1
vt 0.668811083 1
vt 0.773037136 0.976737261
vt 0.768321812 0.97778976
vt 0.852804899 0.958933532
vt 0.852804899 0.958933532
vt 0.852804899 0.958933592
vt 0.963201225 0.835734189
vt 0.963201225 0.835734189
vt 1.00135994 0.622813642
vt 1.0000006 0.630401552
vt 0.963201225 0.835734189
vt 0.964380443 0.829154253
vt 0.987476945 0.700278938
vt 0.965535223 0.822710752
vt 0.950395346 0.850025177
vt 0.963201225 0.835734189
vt 0.963201165 0.835734189
vt 0.852804899 0.958933592
vt 0.768321812 0.97778976
vt 0.950395346 0.850025177
vt 0.767360568 0.978004336
vt 0.936299801 0.865755439
vt 0.936299801 0.865755439
vt 0.937358201 0.864574194
vt 0.937358201 0.864574194
vt 0.904028177 0.901769757
vt 0.767360568 0.978004336
vt 0.743515193 0.983326435
vt 0.70660603 0.991564393
vt 0.743515193 0.983326435
vt 0.719669819 0.988648593
vt 0.719669819 0.988648593
vt 0.72244513 0.988029122
vt 0.72244513 0.988029122
vt 0.725843549 0.987270713
vt 0.713137925 0.990106463
vt 0.668811083 1
vt 0.668811083 1
vt 0.668811083 1
vt 0.668811083 1
vt 0.725843549 0.987270713
vt 0.668811083 1
vt 0.668811083 1
vt 0.852804899 0.958933592
vt 0.852804899 0.958933592
vt 0.852804899 0.958933592
vt 0.893498719 0.913520336
vt 0.906899333 0.89856565
vt 0.900116324 0.906135321
vt 0.912481546 0.892336071
vt 0.904028177 0.901769757
vt 0.898361206 0.908093989
vt 0.929324985 0.873539209
vt 0.963201165 0.835734129
vt 0.981191516 0.735350728
vt 0.982595086 0.727519393
vt 1 0.63040185
vt 1 0.63040185
vt 0.914616406 0.889953673
vt 0.963201284 0.835734248
vt 0.963201284 0.835734189
vt 1 0.63040185
vt 1 0.63040185
vt 1 0.606933236
vt 1 0.609269023
vt 1 0.55942142
vt 1 0.603417337
vt 1 0.584227324
vt 1 0.216498032
vt 1 0.63040179
vt 1 0.33794719
vt 0.99999994 0.299158186
vt 1 0.373065144
vt 1 0.586920559
vt 1 0.573387861
vt 1 0.63040179
vt 1 0.515004277
vt 0.963201284 0.835734189
vt 1 0.591377139
vt 1 0.45410943
vt 1 0.444827735
vt 1 0.393214583
vt 1 0.298278332
vt 1 0.216498032
vt 1 0.216498032
vt 1 0.308848083
vt 1 0.174623147
vt 0.963201225 0.835734189
vt 1 0.63040185
vt 0.972106636 0.786043048
vt 0.970882356 0.792874515
vt 0.963201225 0.835734189
vt 0.975863934 0.765077889
vt 1 0.63040185
vt 0.899075806 0.907296419
vt 0.852804899 0.958933532
vt 0.852804899 0.958933532
vt 0.738773346 0.984384775
vt 0.668811083 1
vt 1 0.63040179
vt 1 0.547294796
vt 0.889781058 0.791008472
vt 0.818928838 0.878104627
vt 1 0.216498017
vt 1 0.367262006
vt 1 0.216498122
vt 0.660225511 0.888108015
vt 0.40533337 0.888107955
vt 0.331188887 1
vt 0.785052717 0.797275662
vt 0.651639998 0.77621603
vt 0.492394358 0.776216447
vt 0.339775056 0.88810885
vt 0.816360891 0.746282756
vt 0.896693826 0.355915427
vt 0.948346913 0.493158638
vt 0.98996824 0.280377954
vt 0.97993654 0.344257951
vt 1 0.0452901572
vt 1 -0.0176687017
vt 1 0.108249016
vt 1 0.203061819
vt 0.932773471 0.0609687231
vt 0.865546942 0.121937446
vt 1 0
vt 1 0.108249016
vt 0.833539486 0
vt 0.764078677 0
vt 1 0
vt 1 0.108249016
vt 0.903000355 0
vt 0.750572026 0
vt 0.695143223 0
vt 0.806000769 0
vt 1 0
vt 0.903000355 0
vt 0.80600071 0
vt 0.246503055 0
vt 0.193999216 0
vt 0.903000355 0
vt 0.806000769 0
vt 0.193999216 0
vt 0.507609248 0
vt 0.806000769 0
vt 0.471294522 0
vt 0.193999216 0
vt 0.903000355 0
vt 0.806000531 0
vt 0.903000355 0
vt 1 0
vt 1 0
vt 1 0.108249016
vt -1.9958868 19.0713997
vt 0.99999994 0.105303988
vt 1 0.214883253
vt 1 0.616081834
vt 1 0.625699937
vt 0.193999216 0
vt 0.746207654 0
vt 0.096999608 0
vt 0.0969995856 0
vt 0.096999608 0
vt 0 0
vt 0 0
vt 0 0.0524151027
vt 0 1.1537332E-15
vt 0.096999608 0
vt 0 0.108249016
vt 0.445875496 0.528763294
vt 0 0.108249016
vt 0 0
vt 0.096999608 0
vt 0.193999216 0
vt 0 0.216498032
vt 0 0.108249016
vt 0 0
vt 0 0.108249016
vt 0 0.181649074
vt 0 0.205891535
vt 6.17353724E-09 0.216498032
vt 0 0.216498032
vt 0 0.216498032
vt 0 0.393214077
vt 0 0.308847934
vt 0 0.474018395
vt 0 0.454108894
vt 0 0.532697558
vt 0 0.515003681
vt 0 0.591376662
vt 0 0.0452896878
vt 0.118738182 0.115416452
vt 0.168901801 0.0237994362
vt 0 -0.0176696405
vt 0.237476334 0.230832875
vt 0.103574775 0.346100807
vt 0.240804017 0.0475988053
vt 0.0517873876 0.281299412
vt 0.103306584 0.355914652
vt 0.209766567 0.0474265553
vt 0.225533932 0.0948531106
vt 0.668037117 0.0474265553
vt 0.493282914 0.0713725388
vt 0.0516533069 0.493158251
vt 0.0938866362 0.759506583
vt 0.150974467 0.683278978
vt 5.59607916E-09 0.63040185
vt 0.0367987603 0.835734129
vt 0.170099959 0.878104925
vt 0.193004876 0.797276258
vt 0.147195041 0.958933532
vt 0 0.531061888
vt 0 0.341600895
vt 0 0.216498047
vt 0 0.63040185
vt 0.0199066643 0.741478443
vt 0.0277443863 0.785211921
vt 0.0367987566 0.835734129
vt 0.0278932787 0.786042631
vt 0 0.630401909
vt 0.106228992 0.913216472
vt 0.147195071 0.958933532
vt 0.331188887 1
vt 0.400929451 1
vt 0.640648305 1
vt 0.636214793 1
vt 0.667004764 1
vt 0.348361224 0.776217699
vt 0.0367988124 0.835734189
vt 0 0.63040185
vt 0.104995184 0.911839604
vt 0.145233214 0.956744254
vt 0.108748198 0.623489738
vt 0.137447 0.746282458
vt 0.335091382 0.83699137
vt 0.0809654742 0.398274869
vt 0.120194085 0.208551735
vt 0.0762269944 0.272523761
vt 0.179808751 0.123886853
vt 0.645005047 0.83699131
vt 0.539483309 0.0948530436
vt 0.67777431 0.208551526
vt 0.593622446 0.123886466
vt 0.771986306 0.39827466
vt 0.740281224 0.272524118
vt 0.809473455 0.623489678
vt 0.775581598 0.797276318
vt 0 0.630401671
vt 0 0.230818093
vt 0 0.214703098
vt 0 0.625519931
vt 0.0125230076 0.70027864
vt 0.0367987603 0.835734129
vt 0.0344646946 0.822710335
vt 1.76536243E-08 0.630401909
vt 0.184799284 0.789839387
vt 0.0367987603 0.835734129
vt 0.147195041 0.958933532
vt 0.147195041 0.958933532
vt 0.331188887 1
vt 0.228320152 0.977040291
vt 0.147195041 0.958933592
vt 0.331188858 1
vt 0.64758718 0.99999994
vt 0.0569517277 0.858224332
vt 0.0367988013 0.835734189
vt 0.0522863641 0.853017867
vt 0.147195041 0.958933592
vt 0.228320152 0.977040291
vt 0.0569517277 0.858224332
vt 0.229700595 0.977348328
vt 0.229700595 0.977348328
vt 0.26619637 0.985494018
vt 0.331188768 0.999999881
vt 0.26619637 0.985494018
vt 0.302692145 0.993639708
vt 0.331188947 1
vt 0.638903379 1
vt 0.0750023127 0.878368318
vt 0.0750023052 0.878368318
vt 0.084521234 0.888991117
vt 0.0646223202 0.866784453
vt 0.084521234 0.888991117
vt 0.0894910395 0.89453733
vt 0.0894910395 0.89453733
vt 0.0706748068 0.873538911
vt 0.0873025805 0.892095089
vt 0.0873025805 0.892095089
vt 0.331188977 0.99999994
vt 0.63021946 0.99999994
vt 0.331188887 1
vt 0.626363337 0.99999994
vt 0.302692145 0.993639708
vt 0.264301836 0.985071182
vt 0.264301836 0.985071182
vt 0.27581346 0.9876405
vt 0.27581346 0.9876405
vt 0.147195041 0.958933592
vt 0.0838110074 0.888198614
vt 0.0838110074 0.888198614
vt 0.147195041 0.958933592
vt 0.075785324 0.879242122
vt 0.0367987603 0.835734129
vt 0.07579007 0.879247427
vt 0.0367987528 0.835734069
vt 0.147195041 0.958933592
vt 0 0.63040185
vt 0.331188977 1
vt 0.331188887 1
vt 0.361580759 1
vt 0.381353945 1
vt 0.353762925 1
vt 0.374184757 0.99999994
vt 0.392028511 1.00000012
vt 0.338349938 1
vt 0.614511251 1
vt 0.634744763 1
vt 0.663478613 1
vt 0.661152422 0.999999881
vt 0.629724264 1
vt 0.610038638 1.00000012
vt 0.601152301 1
vt 0.620181382 1
vt 1 1
vt 1 1
vt 0.999999762 0.999999762
vt 1 1
vt 1 1
vt 0.999999583 0.999999583
vt 1 1
vt 1 1
vt 1 1
vt 1.00000012 1.00000012
vt 1 1
vt 1 1
vt 0.99999994 0.99999994
vt 1 1
vt 0.99999994 0.99999994
vt 0.99999994 0.99999994
vt 1 1
vt 1 1
vt 0.99999994 0.99999994
vt 1 1
vt 0.99999994 0.99999994
vt 0.999999881 0.999999881
vt 0.99999994 0.99999994
vt 1 1
vt 0.999999762 0.999999762
vt 1 1
vt 1 1
vt 1 1
vt 1 1
vt 1 1
vt 0.999999881 0.999999881
vt 1 1
vt 1 1
vt 1 1
vt 1 1
vt 1 1
vt 1 1
vt 1 1
vt 1 1
vt 1 1
vt 1 1
vt 1 1
vt 1 1
vt 1 1
vt 1 1
vt 0.99999994 0.99999994
vt 1 1
vt 1 1
vt 1 1
vt 1 1
vt 1 1
vt 1 1
vt 1 1
vt 1 1
vt 1 1
vt 1 1
vt 1 1
vt 1 1
vt 0.99999994 0.99999994
vt 0.99999994 0.99999994
vt 1 1
vt 1 1
vt 1 1
vt 1 1
vt 1 1
vt 1 1
vt 1 1
vt 1 1
vt 0.99999994 0.99999994
vt 0.99999994 0.99999994
vt 1 1
vt 1 1
vt 1 1
vt 1 1
vt 1 1
vt 1 1
vt 1 1
vt 0.999999762 0.999999762
vt 1 1
vt 1.00000024 1.00000024
vt 1 1
vt 1 1
vt 1 1
vt 1 1
vt 1 1
vt 0.999999881 0.999999881
vt 1 1
vt 0.999999881 0.999999881
vt 1 1
vt 0.99999994 0.99999994
vt 0.999999881 0.999999881
vt 1 1
vt 1 1
vt 0.99999994 0.99999994
vt 1 1
vt 1 1
vt 0.999999881 0.999999881
vt 1 1
vt 1 1
vt 1 1
vt 1 1
vt 1 1
vt 1 1
vt 1 1
vt 1 1
vt 1 1
vt 1 1
vt 1 1
vt 1 1
vt 1 1
vt 0.99999994 0.99999994
vt 1 1
vt 1 1
vt 1 1
vt 1 1
vt 0.99999994 0.99999994
vt 1 1
vt 1 1
vt 0.99999994 0.99999994
vt 1 1
vt 1 1
vt 1 1
vt 1 1
vt 1 1
vt 1 1
vt 1 1
vt 1 1
vt 1 1
vt 1 1
vt 1 1
vt 1 1
vt 1 1
vt 1 1
vt 1 1
vt 1 1
vt 1 1
vt 1 1
vt 1 1
vt 1 1
vt 1 1
vt 1 1
vt 1 1
vt 1 1
vt 1 1
vt 1 1
vt 1 1
vt 1 1
vt 1 1
vt 1 1
vt 1 1
vt 1 1
vt 1 1
vt 1 1
vt 1 1
vt 1 1
vt 1 1
vt 1 1
vt 0.99999994 0.99999994
vt 1 1
vt 1 1
vt 1 1
vt 1 1
vt 1 1
vt 1 1
vt 1 1
vt 1 1
vt 1 1
vt 1 1
vt 1 1
vt 1 1
vt 1 1
vt 1 1
vt 1 1
vt 1 1
vt 1 1
vt 1 1
vt 1 1
vt 1 1
vt 1 1
vt 1 1
vt 1 1
vt 1 1
vt 1 1
vt 1 1
vt 1 1
vt 1 1
vt 1 1
vt 1 1
vt 1 1
vt 1 1
vt 1 1
vt 1 1
vt 1 1
vt 1 1
vt 1 1
vt 1 1
vt 1 1
vt 1 1
vt 1 1
vt 1 1
vt 1 1
vt 1 1
vt 1 1
vt 1 1
vt 1 1
vt 1 1
vt 1 1
vt 0.999999881 0.999999881
vt 1 1
vt 1 1
vt 1 1
vt 1 1
vt 1 1
vt 0.99999994 0.99999994
vt 1 1
vt 1 1
vt 1 1
vt 1 1
vt 1 1
vt 0.999999881 0.999999881
vt 1 1
vt 1 1
vt 1 1
vt 1 1
vt 1 1
vt 1 1
vt 1 1
vt 1 1
vt 1 1
vt 1 1
vt 1 1
vt 1 1
vt 1 1
vt 1 1
vt 1 1
vt 1 1
vt 1 1
vt 1 1
vt 1 1
vt 1 1
vt 1 1
vt 1 1
vt 1 1
vt 1 1
vt 1 1
vt 1 1
vt 1 1
vt 1 1
vt 1 1
vt 1 1
vt 1 1
vt 1 1
vt 1 1
vt 1 1
vt 1 1
vt 1 1
vt 1 1
vt 1 1
vt 0.348361224 0.776217699
vt 0.339775056 0.88810885
vt 1 1
vt 1 1
vt 1 1
vt 1 1
vt 1 1
vt 1 1
vt 1 1
vt 0.99999994 0.99999994
vt 1 1
vt 1 1
vt 1 1
vt 1 1
vt 1 1
vt 1 1
vt 1 1
vt 1 1
vt 1 1
vt 1 1
vt 1 1
vt 1 1
vt 1 1
vt 1 1
vt 0.193004861 0.797276258
vt 0.170099959 0.878104925
vt 1 1
vt 0.901836753 5.96046448E-08
vt 1 1
vt 5.9604659E-08 5.9604659E-08
vt 1.00000012 1.00000012
vt 1 1
vt 1.00000012 1.00000012
vt 1 1
vt 1 1
vt 1 1
vt 1 1
vt 1 1
vt 1 1
vt 0.999999881 0.999999881
vt 1 1
vt 1 1
vt 0.999999762 0.999999762
vt 1 1
vt 1.00000012 1.00000012
vt 1 1
vt 1 1
vt 1 1
vt 0.99999994 0.99999994
vt 1 1
vt 1 1
vt 1 1
vt 1 1
vt 1 1
vt 1 1
vt 1 1
vt 1 1
vt 1 1
vt 1 1
vt 0.99999994 0.99999994
vt 1 1
vt 1 1
vt 1 1
vt 1 1
vt 1 1
vt 1 1
vt 1 1
vt 1 1
vt 1 1
vt 0.99999994 0.99999994
vt 1 1
vt 1 1
vt 1 1
vt 1 1
vt 0.999999881 0.999999881
vt 1 1
vt 0.999999881 0.999999881
vt 1 1
vt 1 1
vt 1 1
vt 1 1
vt 1 1
vt 1 1
vt 1 1
vt 1 1
vt 1 1
vt 1 1
vt 0.99999994 0.99999994
vt 1 1
vt 1 1
vt 0.99999994 0.99999994
vt 1.00000012 1.00000012
vt 0.99999994 0.99999994
vt 1 1
vt 0.507609248 5.96046448E-08
vt 1 1
vt 0.806000769 0
vt 0.837456226 0.162142247
vt 1 1
vt 0.951500177 0.75
vt 0.870228291 0.331071109
vt 0.903000355 0.5
vt 0.903000355 5.96046448E-08
vt 0.903000355 5.71568926E-08
vt 1 1
vt 1 0.108249024
vt 0.852804899 0.958933532
vt 0.852804899 0.958933532
vt 1 1
vt 0.806000769 0
vt 0.999999762 0.999999762
vt 0.0516533181 0.493158251
vt 1 1
vt 0.051787395 0.281299412
vt 1 1
vt 0 0.108438991
vt 0 0.108249016
vt 1 1
vt 1 1
vt 0 0.0140901469
vt 1 1
vt 1 1
vt 1 0.216498032
vt 1 1
vt 1 1
vt 0.99999994 0.99999994
vt 1 1
vt 1 1
vt 1 1
vt 1 1
vt 1 1
vt 1 1
vt 1 1
vt 1 1
vt 1 1
vt 1 1
vt 1 1
vt 1 1
vt 0.147195041 0.958933532
vt 1 1
vt 1 1
vt 1 1
vt 1 1
vt 1 1
vt 1 1
vt 1.00000012 1.00000012
vt 1 1
vt 1 1
vt 1 1
vt 1 1
vt 1 1
vt 1 1
vt 1 1
vt 1 1
vt 1 1
vt 1 1
vt 1 1
vt 1 1
vt 1 1
vt 1 1
vt 1 1
vt 0.0188084152 0.73535037
vt 0.0367987677 0.835734129
vt 0.036798764 0.835734129
vt 0.0174049344 0.727519155
vt 9.41526679E-09 0.630401909
vt 1.17690835E-09 0.63040185
vt 0 0.373064995
vt 0 0.299158216
vt 0 0.337947071
vt 0 0.559421182
vt 0 0.584227145
vt 0 0.603417158
vt 0 0.609268785
vt 0 0.606933117
vt 0 0.553348005
vt 0 0.538049698
vt 0.391750991 0.582887888
vt 0.891750932 0.711958349
vt 0.783501983 0.711958289
vt 0.891750991 0.474638849
vt 0.521561742 0.747525752
vt 0.522122979 0.716211319
vt 0.457758009 0.767744184
vt 0.370465517 0.767462134
vt 0.783501923 0.474638849
vt 0.521561861 0.553573906
vt 0.52212286 0.743822336
vt 0.522123039 0.528700113
vt 0.461125195 0.734727144
vt 0.457758158 0.576549828
vt 0.370465457 0.585842431
vt 0.37161386 0.745197356
vt 0.891751111 0.237319514
vt 0.783501863 0.23731941
vt 1 0.24999994
vt 0.99999994 0.486417115
vt 0.891750932 -0.0121367723
vt 0.891750991 0
vt 0.783501863 0
vt 0.521562219 0.0997274742
vt 0.522123456 0.0748073533
vt 0.461125821 0.0569289811
vt 0.522123337 0.073543787
vt 0.36959812 5.96046448E-08
vt 0.371614218 0.0576805994
vt 0.142632961 -5.26410524E-08
vt 0.369598508 0.0582556315
vt 0.301556528 0.0758275539
vt 0.302176863 0.0995735675
vt 0.142632648 0.249999821
vt -0.0843321979 0.249999911
vt -0.084332183 -1.05282105E-07
vt -0.311297387 0.249999821
vt -0.311297357 -1.78813934E-07
vt -0.0843322277 0.499999881
vt -0.311297417 0.499999821
vt -0.0843322277 0.749999881
vt -0.311297417 0.749999821
vt -0.311297446 0.999999821
vt -0.084332265 0.999999881
vt 0.142632961 0.499999821
vt 0.142632917 0.749999762
vt 0.142632976 0.999999702
vt 0.301556289 0.301547259
vt 0.369598687 0.283975095
vt 0.369598627 0.116160356
vt 0.302176684 0.325293273
vt 0.30155611 0.529674292
vt 0.369598627 0.512102365
vt 0.369598567 0.341880292
vt 0.302176476 0.553420305
vt 0.301555902 0.756683111
vt 0.369598627 0.739110708
vt 0.369598657 0.570007086
vt 0.302176327 0.780429363
vt -0.0269344673 0.782537699
vt 0.369598657 0.797016382
vt 0.108249068 0.463252187
vt 7.4505806E-09 0.499999881
vt 1.11758709E-08 0.749999821
vt 0.10824912 0.711957932
vt 1.49011603E-08 0.999999762
vt 0.214605987 1.01000726
vt 0.216497958 0.711958289
vt 0.107120894 1.01000714
vt 0.108249001 0.474638849
vt 0.216498017 0.474638849
vt 0.478438556 0.785831332
vt 0.477877319 0.7543993
vt 0.542242229 0.815457821
vt 0.625700355 1.07020032
vt 0.629534721 0.828015983
vt 0.216498032 0.237319469
vt 0.108249016 0.237319425
vt -1.49011612E-08 0.487663627
vt 1.0177442E-08 0.24999994
vt 0.108249083 -0.0154017508
vt 0.216498077 0
vt 0.108249016 0
vt 0.478438139 0.324192911
vt 0.477876902 0.299263299
vt 0.542241812 0.344584584
vt 0.47843802 0.0981413126
vt 0.477876902 0.285507321
vt 0.538874507 0.270951003
vt 0.477876782 0.073543787
vt 0.542241693 0.115110748
vt 0.629534364 0.116386078
vt 0.628385961 0.273191661
vt 0.538874388 0.0569289625
vt 0.63040185 0
vt 0.628385901 0.057680577
vt 0.538874745 0.50446862
vt 0.629534364 0.350270897
vt 0.62838614 0.511243939
vt 0.47787717 0.516133428
vt 0.478438258 0.552437186
vt 0.47787711 0.527390361
vt 0.538874865 0.734888673
vt 0.477877259 0.744006336
vt 0.542241931 0.575615287
vt 0.629534602 0.585030556
vt 0.62838614 0.745491087
vt -0.280206352 0.32529369
vt -0.34739992 0.341881186
vt -0.34739989 0.512102306
vt -0.279587895 0.52967447
vt -0.121203542 0.49999994
vt -0.280206174 0.553420722
vt -0.121203512 0.24999994
vt -0.279588073 0.301547438
vt -0.280206412 0.0995742008
vt -0.34739989 0.283975989
vt -0.34739989 0.116161235
vt -0.121203482 -1.17492071E-07
vt -0.279588282 0.0758281797
vt -0.347399771 0.0582560264
vt -0.34739989 3.4194295E-07
vt 0.104992852 0.24999994
vt 0.104993001 -1.17492071E-07
vt 0.104992822 0.49999994
vt 0.331188917 0.250000119
vt 0.331188887 0
vt 0.331188887 0.5
vt 0.668811083 0.25
vt 0.668811083 0
vt 0.668811083 0.5
vt 0.331188858 0.75
vt 0.668811083 0.75
vt 0.668811083 1
vt 0.331188887 1
vt 0.10499274 0.74999994
vt 0.10499265 0.99999994
vt -0.121203579 0.74999994
vt -0.121203594 0.99999994
vt -0.279587775 0.756683588
vt -0.34739998 0.739110947
vt -0.34739995 0.570007503
vt -0.280206025 0.780429363
vt -0.34739989 0.797016859
vt -0.352379769 1.00000107
vt 1 0.499999911
vt 0.891750991 0.4615255
vt 1 0.749999881
vt 0.891750813 0.750843287
vt 1 0.999999821
vt 0.947584808 0.999999881
vt 0.370465696 0.349114418
vt 0.37161383 0.518493235
vt 0.461125523 0.513597429
vt 0.457758397 0.3453089
vt 0.52156204 0.325447112
vt 0.522123098 0.527390242
vt 0.783502042 0.488305628
vt 0.522123218 0.299234092
vt 0.521562219 0.0973173752
vt 0.522123218 0.296984375
vt 0.461125672 0.282648504
vt 0.457758576 0.116632983
vt 0.370465875 0.119676426
vt 0.371614009 0.286763579
vt 0.154870361 0.208749145
vt 0.117799759 0.199439287
vt 0.0408717841 0.199439302
vt 0.0158343799 0.219249308
vt 0.193327621 0.219249308
vt 0.0127651254 0.23565872
vt 0.235542461 0.239059389
vt 0.0194589216 0.239059329
vt 0.145623684 0.25886932
vt 0.0381078012 0.25886935
vt 0.253139555 0.25886929
vt 0.145623609 0.482023835
vt 0.0381077342 0.482023835
vt 0.139740527 0.495384216
vt 0.0260685626 0.495384216
vt 0.145623684 0.25886932
vt 0.0552370213 0.508744657
vt 0.0177290384 0.496977806
vt 0.23502785 0.508744657
vt 0.254483253 0.502787232
vt 0.246070653 0.508258939
vt 0.253412485 0.495384246
vt 0.139740527 0.495384216
vt 0.145623609 0.482023835
vt 0.253412485 0.495384246
vt 0.253139496 0.482023835
vt 0.253139496 0.482023835
vt 0.253139555 0.25886929
vt 0 0
vt 1 1
vt 0.096999608 0
vt 1 1
vt 0.0969996154 0
vt 0.0969996154 0
vt 1 1
vt 1 1
vt 0.0969996154 0
vt 1 1
vt 1 1
vt 1 1
vt 27.4540367 67.9045334
vt 29.9412155 64.073616
vt 30.0702953 58.5431938
vt 29.8518009 67.9045334
vt 23.66008 67.9045258
vt 30.0702972 58.5430679
vt 22.0542603 42.5094032
vt 30.253952 50.6745491
vt -14.6639748 42.5093918
vt 18.8816643 17.9423485
vt 24.1364517 -11.593317
vt 32.1815414 -31.9157505
vt -17.7864075 -36.9884644
vt 32.2999306 -36.9884567
vt -27.1427402 -11.5933228
vt -26.4198475 17.9423409
vt -21.6095352 42.5093803
vt 23.66008 67.9044037
vt -35.1352005 17.9423313
vt -37.343483 -11.5933285
vt -35.1352005 17.942215
vt 10.376112 -40.8529434
vt 32.3901367 -40.8529434
vt 32.3786507 -40.3610687
vt 32.3757401 -40.235672
vt 2.12940979 -40.8529472
vt -28.5103874 -36.9884682
vt 2.12940979 -40.8530655
vt 32.3757324 -40.2357979
vt -37.343483 -11.5934448
vt -21.6095352 42.5092621
vt -28.5103836 -36.9885864
vt 5.06582832 -32.689476
vt 32.1870575 -32.1522217
vt -24.4872971 -29.0548439
vt -32.077301 -5.17009926
vt -28.8580952 22.6089039
vt -15.1565218 45.7148132
vt 18.3972893 -13.0200386
vt 31.7344627 -12.7600698
vt 31.3221397 4.90597057
vt -6.89082432 -9.96319962
vt -13.5870399 10.1246223
vt 25.2978477 22.4737206
vt 30.9246941 21.9350605
vt -11.0685444 33.487648
vt 20.2573929 33.4727211
vt 21.5175095 46.2650414
vt 30.0999298 57.273365
vt 0.513536453 52.920433
vt 29.2356873 56.9053841
vt 29.831501 68.7747803
vt 29.7985802 70.1846924
vt 28.1694031 69.599556
vt 29.8703518 67.1097794
vt 30.0702953 58.5431938
vt 29.9412155 64.073616
vt 27.4540367 67.9045334
vt 29.8518009 67.9045334
vt 23.66008 67.9045258
vt 30.0702972 58.5430679
vt 22.0542603 42.5094032
vt 30.253952 50.6745491
vt -14.6639748 42.5093918
vt 18.8816643 17.9423485
vt 24.1364517 -11.593317
vt 32.1815414 -31.9157505
vt -17.7864075 -36.9884644
vt 32.2999306 -36.9884567
vt -27.1427402 -11.5933228
vt -26.4198475 17.9423409
vt -21.6095352 42.5093803
vt -35.1352005 17.9423313
vt -37.343483 -11.5933285
vt -35.1352005 17.942215
vt -21.6095352 42.5092621
vt 10.376112 -40.8529434
vt 32.3901367 -40.8529434
vt 32.3786507 -40.3610687
vt 32.3757401 -40.235672
vt 2.12940979 -40.8529472
vt -28.5103874 -36.9884682
vt 2.12940979 -40.8530655
vt 32.3757324 -40.2357979
vt -37.343483 -11.5934448
vt 23.66008 67.9044037
vt 28.1694031 69.599556
vt 29.8703518 67.1097794
vt 29.7985802 70.1846924
vt -15.1565218 45.7148132
vt -28.8580952 22.6089039
vt 0.513536453 52.920433
vt 29.831501 68.7747803
vt -28.5103836 -36.9885864
vt -32.077301 -5.17009926
vt -24.4872971 -29.0548439
vt -11.0685444 33.487648
vt 29.2356873 56.9053841
vt 30.0999298 57.273365
vt 21.5175095 46.2650414
vt 30.9246941 21.9350605
vt 5.06582832 -32.689476
vt 32.1870575 -32.1522217
vt -6.89082432 -9.96319962
vt -13.5870399 10.1246223
vt 20.2573929 33.4727211
vt 18.3972893 -13.0200386
vt 31.7344627 -12.7600698
vt 31.3221397 4.90597057
vt 25.2978477 22.4737206
vt -9.27303886 -13.178421
vt 6.11536407 20.4381256
vt 6.11536789 20.4381256
vt -7.36558485 18.1326618
vt -7.36558056 18.1326618
vt -9.2730341 -13.1784201
vt -14.9677315 -13.6525497
vt -14.9677277 -13.6525488
vt -9.27303886 -13.178421
vt 6.11536407 20.4381256
vt 6.11536789 20.4381256
vt -7.36558485 18.1326618
vt -7.36558056 18.1326618
vt -9.2730341 -13.1784201
vt -14.9677315 -13.6525497
vt -14.9677277 -13.6525488
vt 29.4404831 -113.355103
vt 30.7946186 -113.355095
vt 24.1002846 -120.703178
vt 30.7946243 -120.732193
vt 29.4404888 -120.732193
vt 21.2102318 -120.703178
vt 24.1002903 -137.068512
vt 21.2102375 -137.068512
vt 29.3860912 5.49879742
vt 30.7946014 5.49880266
vt 23.6153145 -1.84927726
vt 30.7946072 -1.87829232
vt 22.2068043 -1.84928167
vt 29.386095 -1.87829649
vt 23.6153183 -18.2146111
vt 22.2068081 -18.2146149
vt 120.703186 19.2707443
vt 113.355103 -6.00890303
vt 113.35511 -6.0089016
vt 120.732201 -6.00890303
vt 120.703186 19.2707462
vt 120.732201 -6.0089016
vt 137.068512 19.7678299
vt 137.068512 19.7678318
vt 1.84928513 19.8694077
vt -5.49879456 -6.00890303
vt -5.49878979 -6.00890255
vt 1.87830067 -6.00890303
vt 1.84928918 19.8694115
vt 1.87830448 -6.00890255
vt 18.2146187 20.3664932
vt 18.2146225 20.366497
vt 5.88220215 -24.9786301
vt 15.3269043 25.2271881
vt 15.3269081 25.22719
vt -10.6873169 24.7301025
vt -10.6873131 24.7301044
vt 5.88220596 -24.9786282
vt -10.5216675 -24.9786301
vt -10.5216637 -24.9786282
vt 5.88220215 -24.9786301
vt 15.3269043 25.2271881
vt 15.3269081 25.22719
vt -10.6873169 24.7301025
vt -10.6873131 24.7301044
vt 5.88220596 -24.9786282
vt -10.5216675 -24.9786301
vt -10.5216637 -24.9786282
vt -79.8790894 210.800491
vt -79.8791122 231.880508
vt -56.5251617 231.880508
vt -142.304962 84.2977066
vt -56.5251427 210.800491
vt 5.90069008 84.2976685
vt -18.1931324 84.3201294
vt -118.211205 84.3201599
vt -15.6192265 -57.7749939
vt 1.15727707E-05 -77.4030151
vt -120.785149 -57.7749748
vt -136.404327 -77.4029922
vt -102.067558 -181.618378
vt -34.336853 -181.618423
vt -32.5265427 -239.892166
vt -57.5133896 -200.650894
vt -103.877808 -239.89212
vt -78.8910217 -200.650894
vt -58.568264 -268.5755
vt -77.8360977 -268.57547
g submesh0
f 1/1 2/2 3/3
f 4/4 5/5 1/1
f 1/1 5/5 6/6
f 6/6 7/7 1/1
f 6/6 5/5 8/8
f 5/5 9/9 8/8
f 4/4 9/9 5/5
f 10/10 9/9 4/4
f 11/11 10/10 4/4
f 11/11 12/12 10/10
f 12/12 11/11 13/13
f 14/14 12/12 13/13
f 14/14 13/13 15/15
f 1/1 16/16 4/4
f 16/16 1/1 17/17
f 18/18 17/17 1/1
f 16/16 17/17 19/19
f 20/20 16/16 19/19
f 19/19 21/21 20/20
f 16/16 22/22 4/4
f 20/20 22/22 16/16
f 4/4 23/23 11/11
f 23/23 4/4 22/22
f 24/24 11/11 23/23
f 24/24 23/23 22/22
f 25/25 13/13 11/11
f 11/11 24/24 25/25
f 22/22 26/26 24/24
f 22/22 20/20 26/26
f 27/27 20/20 21/21
f 21/21 28/28 27/27
f 29/29 27/27 28/28
f 13/13 25/25 30/30
f 31/31 13/13 30/30
f 31/31 30/30 32/32
f 25/25 24/24 33/33
f 33/33 24/24 26/26
f 30/30 25/25 33/33
f 20/20 27/27 34/34
f 20/20 34/34 26/26
f 35/35 26/26 34/34
f 26/26 36/36 33/33
f 27/27 37/37 34/34
f 34/34 37/37 36/36
f 37/37 27/27 38/38
f 38/38 39/39 37/37
f 30/30 33/33 40/40
f 40/40 33/33 36/36
f 41/41 36/36 37/37
f 36/36 41/41 40/40
f 41/41 37/37 42/42
f 30/30 40/40 43/43
f 41/41 44/44 40/40
f 43/43 40/40 44/44
f 42/42 44/44 41/41
f 44/44 45/45 43/43
f 45/45 46/46 43/43
f 47/47 44/44 42/42
f 44/44 47/47 48/48
f 49/49 42/42 38/38
f 50/50 42/42 49/49
f 50/50 51/51 42/42
f 50/50 49/49 52/52
f 52/52 53/53 50/50
f 53/53 52/52 54/54
f 54/54 55/55 53/53
f 55/55 54/54 56/56
f 56/56 54/54 57/57
f 49/49 38/38 58/58
f 52/52 49/49 58/58
f 58/58 38/38 59/59
f 28/28 59/59 38/38
f 58/58 60/60 52/52
f 60/60 58/58 59/59
f 54/54 52/52 60/60
f 59/59 61/61 60/60
f 62/62 60/60 61/61
f 60/60 62/62 54/54
f 61/61 63/63 62/62
f 62/62 63/63 64/64
f 54/54 62/62 65/65
f 65/65 62/62 64/64
f 57/57 54/54 65/65
f 65/65 64/64 66/66
f 66/66 67/67 65/65
f 57/57 65/65 67/67
f 67/67 66/66 68/68
f 69/69 57/57 67/67
f 68/68 70/70 67/67
f 69/69 67/67 70/70
f 68/68 31/31 70/70
f 68/68 14/14 31/31
f 70/70 31/31 71/71
f 71/71 69/69 70/70
f 72/72 71/71 31/31
f 57/57 69/69 73/73
f 73/73 74/74 57/57
f 69/69 71/71 75/75
f 71/71 72/72 75/75
f 75/75 73/73 69/69
f 76/76 75/75 72/72
f 72/72 30/30 77/77
f 72/72 77/77 78/78
f 78/78 77/77 46/46
f 73/73 79/79 80/80
f 80/80 79/79 81/81
f 81/81 82/82 80/80
f 80/80 83/83 73/73
f 83/83 80/80 46/46
f 73/73 83/83 84/84
f 85/85 84/84 83/83
f 86/86 83/83 46/46
f 83/83 86/86 85/85
f 85/85 86/86 87/87
f 46/46 45/45 86/86
f 88/88 87/87 86/86
f 45/45 89/89 86/86
f 86/86 89/89 88/88
f 89/89 45/45 90/90
f 90/90 88/88 89/89
f 91/91 92/92 93/93
f 93/93 94/94 91/91
f 95/95 93/93 96/96
f 97/97 95/95 96/96
f 98/98 99/99 94/94
f 99/99 100/100 94/94
f 97/97 99/99 101/101
f 99/99 102/102 101/101
f 103/103 104/104 105/105
f 103/103 106/106 104/104
f 107/107 108/108 109/109
f 109/109 110/110 107/107
f 111/111 112/112 113/113
f 113/113 114/114 111/111
f 115/115 113/113 116/116
f 117/117 115/115 116/116
f 114/114 118/118 119/119
f 119/119 120/120 114/114
f 117/117 119/119 121/121
f 119/119 122/122 121/121
f 123/123 124/124 125/125
f 125/125 126/126 123/123
f 127/127 128/128 129/129
f 129/129 130/130 127/127
f 131/131 132/132 133/133
f 131/131 133/133 134/134
f 135/135 136/136 131/131
f 137/137 136/136 135/135
f 138/138 134/134 139/139
f 139/139 134/134 140/140
f 137/137 141/141 139/139
f 139/139 141/141 142/142
f 143/143 144/144 145/145
f 146/146 145/145 144/144
f 147/147 148/148 149/149
f 149/149 150/150 147/147
f 151/151 152/152 153/153
f 151/151 153/153 154/154
f 155/155 156/156 151/151
f 157/157 156/156 155/155
f 158/158 154/154 159/159
f 159/159 154/154 160/160
f 157/157 161/161 159/159
f 159/159 161/161 162/162
f 163/163 164/164 165/165
f 166/166 165/165 164/164
f 167/167 168/168 169/169
f 169/169 170/170 167/167
f 171/171 172/172 173/173
f 172/172 171/171 174/174
f 175/175 171/171 176/176
f 176/176 177/177 175/175
f 178/178 179/179 174/174
f 180/180 174/174 179/179
f 177/177 179/179 181/181
f 179/179 182/182 181/181
f 183/183 184/184 185/185
f 184/184 186/186 185/185
f 187/187 188/188 189/189
f 188/188 190/190 189/189
f 191/191 192/192 193/193
f 194/194 193/193 192/192
f 195/195 192/192 196/196
f 196/196 197/197 195/195
f 198/198 199/199 194/194
f 200/200 194/194 199/199
f 199/199 201/201 197/197
f 199/199 202/202 201/201
f 203/203 204/204 205/205
f 205/205 206/206 203/203
f 207/207 208/208 209/209
f 208/208 210/210 209/209
f 211/211 212/212 213/213
f 212/212 211/211 214/214
f 215/215 211/211 216/216
f 216/216 217/217 215/215
f 218/218 219/219 214/214
f 220/220 214/214 219/219
f 217/217 219/219 221/221
f 219/219 222/222 221/221
f 223/223 224/224 225/225
f 224/224 226/226 225/225
f 227/227 228/228 229/229
f 229/229 230/230 227/227
f 231/231 232/232 233/233
f 234/234 233/233 232/232
f 235/235 232/232 236/236
f 236/236 237/237 235/235
f 238/238 239/239 234/234
f 240/240 234/234 239/239
f 239/239 241/241 237/237
f 239/239 242/242 241/241
f 243/243 244/244 245/245
f 245/245 246/246 243/243
f 247/247 248/248 249/249
f 248/248 250/250 249/249
f 251/251 252/252 253/253
f 251/251 253/253 254/254
f 254/254 255/255 251/251
f 255/255 256/256 251/251
f 255/255 257/257 256/256
f 257/257 258/258 256/256
f 259/259 260/260 261/261
f 262/262 259/259 261/261
f 261/261 263/263 262/262
f 263/263 261/261 264/264
f 264/264 265/265 263/263
f 264/264 266/266 265/265
f 267/267 268/268 269/269
f 269/269 270/270 267/267
f 271/271 272/272 273/273
f 273/273 274/274 271/271
f 271/271 274/274 275/275
f 276/276 271/271 275/275
f 277/277 278/278 279/279
f 277/277 280/280 278/278
f 277/277 281/281 280/280
f 281/281 282/282 280/280
f 283/283 284/284 285/285
f 286/286 283/283 285/285
f 286/286 285/285 287/287
f 287/287 288/288 286/286
f 287/287 289/289 288/288
f 289/289 290/290 288/288
f 291/291 292/292 293/293
f 291/291 293/293 294/294
f 294/294 295/295 291/291
f 295/295 296/296 291/291
f 295/295 297/297 296/296
f 297/297 298/298 296/296
f 299/299 300/300 301/301
f 302/302 299/299 301/301
f 301/301 303/303 302/302
f 303/303 301/301 304/304
f 304/304 305/305 303/303
f 304/304 306/306 305/305
f 307/307 308/308 309/309
f 309/309 310/310 307/307
f 311/311 312/312 313/313
f 313/313 314/314 311/311
f 311/311 314/314 315/315
f 315/315 316/316 311/311
f 317/317 318/318 319/319
f 317/317 320/320 318/318
f 317/317 321/321 320/320
f 321/321 322/322 320/320
f 323/323 324/324 325/325
f 326/326 323/323 325/325
f 326/326 325/325 327/327
f 327/327 328/328 326/326
f 327/327 329/329 328/328
f 329/329 330/330 328/328
f 331/331 332/332 333/333
f 334/334 331/331 333/333
f 335/335 334/334 333/333
f 333/333 336/336 335/335
f 335/335 336/336 337/337
f 338/338 335/335 337/337
f 339/339 340/340 341/341
f 341/341 342/342 339/339
f 342/342 341/341 343/343
f 343/343 344/344 342/342
f 343/343 345/345 344/344
f 345/345 343/343 346/346
f 347/347 348/348 349/349
f 349/349 350/350 347/347
f 349/349 351/351 350/350
f 351/351 352/352 350/350
f 353/353 347/347 350/350
f 350/350 354/354 353/353
f 355/355 353/353 354/354
f 355/355 354/354 356/356
f 355/355 356/356 357/357
f 358/358 355/355 357/357
f 358/358 357/357 359/359
f 359/359 360/360 358/358
f 361/361 359/359 357/357
f 357/357 362/362 361/361
f 363/363 364/364 360/360
f 364/364 363/363 365/365
f 365/365 366/366 364/364
f 366/366 365/365 367/367
f 367/367 368/368 366/366
f 368/368 367/367 369/369
f 368/368 369/369 370/370
f 370/370 371/371 368/368
f 372/372 362/362 373/373
f 373/373 374/374 372/372
f 374/374 373/373 375/375
f 376/376 374/374 375/375
f 375/375 377/377 376/376
f 378/378 376/376 377/377
f 378/378 377/377 379/379
f 379/379 377/377 380/380
f 381/381 379/379 380/380
f 380/380 382/382 381/381
f 383/383 381/381 382/382
f 384/384 381/381 383/383
f 385/385 386/386 387/387
f 387/387 388/388 385/385
f 389/389 388/388 387/387
f 387/387 390/390 389/389
f 390/390 391/391 389/389
f 391/391 392/392 389/389
f 392/392 391/391 393/393
f 393/393 394/394 392/392
f 395/395 394/394 393/393
f 393/393 396/396 395/395
f 397/397 395/395 396/396
f 397/397 398/398 395/395
f 399/399 397/397 396/396
f 396/396 400/400 399/399
f 401/401 402/402 403/403
f 403/403 404/404 401/401
f 401/401 404/404 405/405
f 405/405 406/406 401/401
f 405/405 407/407 406/406
f 405/405 404/404 408/408
f 408/408 404/404 409/409
f 409/409 410/410 408/408
f 410/410 409/409 411/411
f 411/411 412/412 410/410
f 410/410 412/412 413/413
f 413/413 408/408 410/410
f 413/413 414/414 408/408
f 413/413 415/415 414/414
f 414/414 415/415 416/416
f 408/408 414/414 417/417
f 408/408 417/417 405/405
f 416/416 417/417 414/414
f 405/405 418/418 407/407
f 417/417 418/418 405/405
f 407/407 418/418 419/419
f 419/419 418/418 417/417
f 419/419 420/420 407/407
f 416/416 421/421 417/417
f 417/417 421/421 419/419
f 420/420 419/419 421/421
f 421/421 416/416 422/422
f 421/421 422/422 420/420
f 423/423 424/424 425/425
f 423/423 425/425 426/426
f 426/426 427/427 423/423
f 427/427 428/428 423/423
f 427/427 429/429 428/428
f 429/429 430/430 428/428
f 428/428 431/431 423/423
f 428/428 432/432 431/431
f 433/433 434/434 435/435
f 436/436 433/433 435/435
f 436/436 435/435 437/437
f 437/437 438/438 436/436
f 437/437 439/439 438/438
f 440/440 439/439 437/437
f 437/437 441/441 440/440
f 437/437 442/442 441/441
f 443/443 444/444 445/445
f 445/445 446/446 443/443
f 447/447 443/443 446/446
f 446/446 448/448 447/447
f 449/449 448/448 446/446
f 447/447 448/448 450/450
f 449/449 450/450 448/448
f 450/450 451/451 447/447
f 452/452 451/451 450/450
f 450/450 449/449 452/452
f 446/446 453/453 449/449
f 446/446 454/454 453/453
f 449/449 455/455 452/452
f 456/456 452/452 455/455
f 457/457 456/456 455/455
f 457/457 455/455 449/449
f 458/458 456/456 457/457
f 459/459 458/458 457/457
f 460/460 457/457 449/449
f 457/457 460/460 459/459
f 453/453 460/460 449/449
f 460/460 461/461 459/459
f 453/453 461/461 460/460
f 462/462 459/459 461/461
f 463/463 462/462 461/461
f 461/461 453/453 463/463
f 453/453 454/454 463/463
f 454/454 464/464 463/463
f 465/465 466/466 467/467
f 467/467 468/468 465/465
f 465/465 468/468 469/469
f 469/469 470/470 465/465
f 469/469 471/471 470/470
f 469/469 472/472 471/471
f 472/472 469/469 468/468
f 471/471 472/472 473/473
f 473/473 474/474 471/471
f 473/473 472/472 475/475
f 468/468 475/475 472/472
f 474/474 473/473 476/476
f 475/475 476/476 473/473
f 476/476 477/477 474/474
f 476/476 478/478 477/477
f 478/478 476/476 475/475
f 478/478 475/475 479/479
f 479/479 480/480 478/478
f 481/481 480/480 479/479
f 482/482 479/479 475/475
f 475/475 468/468 482/482
f 481/481 479/479 482/482
f 468/468 483/483 482/482
f 481/481 482/482 483/483
f 468/468 484/484 483/483
f 483/483 485/485 481/481
f 483/483 484/484 486/486
f 486/486 485/485 483/483
f 487/487 488/488 489/489
f 487/487 489/489 490/490
f 490/490 491/491 487/487
f 491/491 492/492 487/487
f 492/492 493/493 487/487
f 492/492 494/494 493/493
f 495/495 492/492 491/491
f 491/491 496/496 495/495
f 497/497 498/498 499/499
f 500/500 497/497 499/499
f 500/500 499/499 501/501
f 501/501 502/502 500/500
f 501/501 503/503 502/502
f 501/501 504/504 503/503
f 501/501 505/505 504/504
f 501/501 506/506 505/505
f 507/507 508/508 509/509
f 509/509 510/510 507/507
f 511/511 507/507 510/510
f 510/510 512/512 511/511
f 512/512 510/510 513/513
f 510/510 514/514 513/513
f 513/513 514/514 515/515
f 514/514 516/516 515/515
f 517/517 513/513 515/515
f 513/513 517/517 512/512
f 515/515 518/518 517/517
f 518/518 519/519 517/517
f 511/511 512/512 520/520
f 520/520 521/521 511/511
f 522/522 521/521 520/520
f 523/523 520/520 512/512
f 523/523 512/512 517/517
f 520/520 523/523 522/522
f 524/524 517/517 519/519
f 517/517 524/524 523/523
f 523/523 525/525 522/522
f 525/525 523/523 524/524
f 526/526 522/522 525/525
f 527/527 524/524 519/519
f 524/524 527/527 525/525
f 527/527 526/526 525/525
f 519/519 528/528 527/527
f 528/528 526/526 527/527
f 529/529 530/530 531/531
f 530/530 529/529 532/532
f 533/533 529/529 534/534
f 534/534 535/535 533/533
f 532/532 536/536 537/537
f 536/536 532/532 538/538
f 539/539 535/535 536/536
f 536/536 540/540 539/539
f 541/541 542/542 543/543
f 543/543 542/542 544/544
f 545/545 546/546 547/547
f 547/547 546/546 548/548
f 549/549 550/550 551/551
f 551/551 550/550 552/552
f 550/550 553/553 552/552
f 552/552 553/553 554/554
f 553/553 555/555 554/554
f 554/554 555/555 556/556
f 555/555 557/557 556/556
f 556/556 557/557 558/558
f 557/557 559/559 558/558
f 558/558 559/559 560/560
f 561/561 560/560 559/559
f 559/559 562/562 561/561
f 562/562 563/563 561/561
f 561/561 563/563 564/564
f 564/564 563/563 565/565
f 565/565 566/566 564/564
f 566/566 565/565 567/567
f 567/567 568/568 566/566
f 567/567 569/569 568/568
f 568/568 569/569 570/570
f 571/571 572/572 573/573
f 573/573 574/574 571/571
f 575/575 574/574 573/573
f 575/575 576/576 574/574
f 573/573 577/577 575/575
f 577/577 578/578 575/575
f 578/578 579/579 575/575
f 578/578 580/580 579/579
f 581/581 582/582 583/583
f 583/583 584/584 581/581
f 584/584 585/585 581/581
f 586/586 581/581 585/585
f 585/585 587/587 586/586
f 587/587 588/588 586/586
f 587/587 589/589 588/588
f 589/589 590/590 588/588
f 591/591 592/592 593/593
f 592/592 591/591 594/594
f 595/595 591/591 596/596
f 596/596 597/597 595/595
f 594/594 598/598 599/599
f 598/598 594/594 600/600
f 601/601 597/597 598/598
f 598/598 602/602 601/601
f 603/603 604/604 605/605
f 605/605 604/604 606/606
f 607/607 608/608 609/609
f 609/609 608/608 610/610
f 611/611 612/612 613/613
f 613/613 612/612 614/614
f 612/612 615/615 614/614
f 614/614 615/615 616/616
f 615/615 617/617 616/616
f 616/616 617/617 618/618
f 617/617 619/619 618/618
f 618/618 619/619 620/620
f 619/619 621/621 620/620
f 620/620 621/621 622/622
f 623/623 622/622 621/621
f 621/621 624/624 623/623
f 624/624 625/625 623/623
f 623/623 625/625 626/626
f 626/626 625/625 627/627
f 627/627 628/628 626/626
f 628/628 627/627 629/629
f 629/629 630/630 628/628
f 629/629 631/631 630/630
f 630/630 631/631 632/632
f 633/633 634/634 635/635
f 635/635 636/636 633/633
f 637/637 636/636 635/635
f 637/637 638/638 636/636
f 635/635 639/639 637/637
f 639/639 640/640 637/637
f 640/640 641/641 637/637
f 640/640 642/642 641/641
f 643/643 644/644 645/645
f 645/645 646/646 643/643
f 646/646 647/647 643/643
f 648/648 643/643 647/647
f 647/647 649/649 648/648
f 649/649 650/650 648/648
f 649/649 651/651 650/650
f 651/651 652/652 650/650
f 653/653 654/654 655/655
f 656/656 655/655 654/654
f 657/657 658/658 654/654
f 654/654 659/659 657/657
f 660/660 661/661 656/656
f 662/662 656/656 661/661
f 661/661 663/663 657/657
f 661/661 664/664 663/663
f 665/665 666/666 667/667
f 666/666 668/668 667/667
f 669/669 670/670 671/671
f 670/670 672/672 671/671
f 673/673 674/674 675/675
f 673/673 675/675 676/676
f 676/676 675/675 677/677
f 676/676 677/677 678/678
f 678/678 677/677 679/679
f 679/679 680/680 678/678
f 680/680 679/679 681/681
f 681/681 682/682 680/680
f 681/681 679/679 683/683
f 682/682 681/681 684/684
f 684/684 685/685 682/682
f 685/685 684/684 686/686
f 687/687 685/685 686/686
f 681/681 683/683 688/688
f 684/684 681/681 688/688
f 687/687 686/686 689/689
f 689/689 690/690 687/687
f 691/691 689/689 686/686
f 686/686 692/692 691/691
f 692/692 693/693 691/691
f 686/686 694/694 692/692
f 695/695 686/686 684/684
f 694/694 686/686 695/695
f 684/684 696/696 695/695
f 688/688 696/696 684/684
f 695/695 697/697 694/694
f 696/696 697/697 695/695
f 698/698 694/694 697/697
f 696/696 699/699 697/697
f 699/699 696/696 688/688
f 697/697 699/699 698/698
f 688/688 700/700 699/699
f 698/698 699/699 700/700
f 700/700 688/688 683/683
f 700/700 683/683 698/698
f 701/701 702/702 703/703
f 704/704 701/701 703/703
f 705/705 704/704 703/703
f 703/703 706/706 705/705
f 707/707 706/706 703/703
f 708/708 707/707 703/703
f 708/708 703/703 709/709
f 710/710 708/708 709/709
f 711/711 704/704 705/705
f 705/705 712/712 711/711
f 713/713 711/711 712/712
f 712/712 714/714 713/713
f 711/711 713/713 715/715
f 716/716 711/711 715/715
f 701/701 704/704 716/716
f 704/704 717/717 716/716
f 716/716 715/715 718/718
f 710/710 709/709 719/719
f 710/710 719/719 720/720
f 721/721 720/720 719/719
f 709/709 701/701 722/722
f 709/709 722/722 719/719
f 701/701 716/716 723/723
f 723/723 716/716 718/718
f 722/722 701/701 723/723
f 722/722 724/724 719/719
f 724/724 722/722 725/725
f 723/723 726/726 722/722
f 726/726 723/723 727/727
f 718/718 727/727 723/723
f 727/727 718/718 728/728
f 727/727 728/728 729/729
f 730/730 727/727 729/729
f 725/725 727/727 730/730
f 731/731 725/725 730/730
f 732/732 725/725 731/731
f 719/719 732/732 721/721
f 733/733 732/732 731/731
f 721/721 732/732 733/733
f 734/734 721/721 733/733
f 735/735 736/736 737/737
f 737/737 738/738 735/735
f 738/738 739/739 735/735
f 735/735 739/739 740/740
f 739/739 738/738 741/741
f 741/741 742/742 739/739
f 739/739 743/743 740/740
f 743/743 739/739 742/742
f 741/741 744/744 742/742
f 744/744 741/741 745/745
f 744/744 745/745 746/746
f 746/746 747/747 744/744
f 742/742 744/744 748/748
f 743/743 742/742 748/748
f 749/749 744/744 747/747
f 749/749 747/747 750/750
f 750/750 751/751 749/749
f 748/748 752/752 743/743
f 753/753 752/752 748/748
f 752/752 753/753 754/754
f 740/740 743/743 755/755
f 755/755 756/756 740/740
f 757/757 755/755 743/743
f 743/743 752/752 757/757
f 758/758 740/740 756/756
f 759/759 757/757 752/752
f 754/754 759/759 752/752
f 759/759 760/760 757/757
f 761/761 760/760 759/759
f 759/759 762/762 761/761
f 759/759 754/754 762/762
f 763/763 761/761 762/762
f 740/740 758/758 764/764
f 764/764 758/758 765/765
f 740/740 764/764 766/766
f 735/735 740/740 766/766
f 765/765 767/767 764/764
f 766/766 764/764 767/767
f 768/768 767/767 765/765
f 769/769 768/768 765/765
f 770/770 768/768 769/769
f 769/769 771/771 770/770
f 772/772 770/770 771/771
f 767/767 773/773 766/766
f 773/773 767/767 768/768
f 766/766 774/774 735/735
f 774/774 766/766 773/773
f 773/773 775/775 774/774
f 775/775 773/773 768/768
f 768/768 776/776 775/775
f 776/776 768/768 770/770
f 770/770 777/777 776/776
f 772/772 778/778 770/770
f 779/779 777/777 770/770
f 770/770 778/778 779/779
f 778/778 780/780 779/779
f 780/780 778/778 781/781
f 782/782 778/778 772/772
f 778/778 782/782 781/781
f 772/772 783/783 782/782
f 782/782 783/783 784/784
f 785/785 781/781 782/782
f 782/782 784/784 786/786
f 782/782 786/786 785/785
f 785/785 786/786 787/787
f 788/788 787/787 786/786
f 788/788 786/786 789/789
f 789/789 763/763 788/788
f 790/790 787/787 788/788
f 762/762 788/788 763/763
f 788/788 762/762 790/790
f 762/762 791/791 790/790
f 762/762 754/754 791/791
f 791/791 754/754 792/792
f 754/754 793/793 792/792
f 794/794 792/792 793/793
f 792/792 794/794 795/795
f 796/796 790/790 797/797
f 797/797 798/798 796/796
f 798/798 797/797 799/799
f 799/799 800/800 798/798
f 801/801 799/799 802/802
f 803/803 801/801 802/802
f 802/802 804/804 803/803
f 804/804 805/805 803/803
f 803/803 805/805 747/747
f 747/747 806/806 803/803
f 807/807 747/747 805/805
f 803/803 806/806 808/808
f 809/809 808/808 806/806
f 809/809 810/810 808/808
f 811/811 812/812 800/800
f 812/812 813/813 800/800
f 813/813 812/812 814/814
f 815/815 800/800 813/813
f 814/814 816/816 813/813
f 816/816 814/814 817/817
f 817/817 818/818 816/816
f 819/819 818/818 817/817
f 818/818 819/819 820/820
f 820/820 819/819 821/821
f 819/819 822/822 821/821
f 823/823 822/822 819/819
f 824/824 821/821 822/822
f 813/813 825/825 815/815
f 813/813 826/826 825/825
f 827/827 825/825 826/826
f 825/825 827/827 828/828
f 825/825 828/828 829/829
f 828/828 830/830 829/829
f 830/830 831/831 829/829
f 832/832 815/815 825/825
f 832/832 825/825 829/829
f 833/833 815/815 832/832
f 834/834 833/833 832/832
f 829/829 834/834 832/832
f 835/835 833/833 834/834
f 834/834 836/836 835/835
f 829/829 831/831 837/837
f 831/831 838/838 837/837
f 839/839 834/834 829/829
f 839/839 829/829 837/837
f 834/834 840/840 836/836
f 834/834 839/839 840/840
f 837/837 838/838 841/841
f 838/838 842/842 841/841
f 841/841 842/842 843/843
f 836/836 840/840 844/844
f 836/836 844/844 845/845
f 836/836 845/845 846/846
f 847/847 844/844 840/840
f 844/844 847/847 848/848
f 844/844 848/848 849/849
f 844/844 849/849 850/850
f 851/851 847/847 840/840
f 851/851 840/840 839/839
f 852/852 851/851 839/839
f 839/839 853/853 852/852
f 837/837 853/853 839/839
f 852/852 853/853 854/854
f 854/854 853/853 837/837
f 854/854 855/855 852/852
f 837/837 841/841 854/854
f 855/855 854/854 856/856
f 841/841 856/856 854/854
f 856/856 857/857 855/855
f 841/841 858/858 856/856
f 858/858 841/841 859/859
f 857/857 856/856 860/860
f 860/860 861/861 857/857
f 856/856 858/858 862/862
f 862/862 860/860 856/856
f 859/859 863/863 858/858
f 859/859 824/824 863/863
f 861/861 860/860 864/864
f 864/864 865/865 861/861
f 862/862 858/858 866/866
f 863/863 866/866 858/858
f 863/863 824/824 867/867
f 822/822 867/867 824/824
f 867/867 822/822 806/806
f 860/860 862/862 868/868
f 868/868 864/864 860/860
f 865/865 864/864 869/869
f 869/869 870/870 865/865
f 871/871 869/869 864/864
f 864/864 868/868 871/871
f 863/863 867/867 872/872
f 872/872 866/866 863/863
f 868/868 862/862 873/873
f 873/873 862/862 866/866
f 871/871 868/868 874/874
f 874/874 868/868 873/873
f 875/875 871/871 874/874
f 874/874 876/876 875/875
f 873/873 866/866 877/877
f 866/866 872/872 877/877
f 874/874 873/873 878/878
f 873/873 877/877 878/878
f 874/874 878/878 879/879
f 879/879 880/880 874/874
f 878/878 877/877 881/881
f 882/882 878/878 881/881
f 881/881 883/883 882/882
f 877/877 884/884 881/881
f 877/877 872/872 884/884
f 885/885 881/881 884/884
f 884/884 886/886 885/885
f 886/886 884/884 887/887
f 872/872 887/887 884/884
f 887/887 888/888 886/886
f 889/889 887/887 872/872
f 888/888 887/887 889/889
f 872/872 867/867 889/889
f 889/889 890/890 888/888
f 806/806 889/889 867/867
f 891/891 889/889 806/806
f 806/806 892/892 891/891
f 893/893 892/892 806/806
f 894/894 892/892 893/893
f 895/895 896/896 885/885
f 896/896 895/895 883/883
f 897/897 883/883 895/895
f 895/895 898/898 897/897
f 883/883 897/897 899/899
f 899/899 879/879 883/883
f 900/900 897/897 898/898
f 898/898 901/901 900/900
f 901/901 902/902 900/900
f 903/903 899/899 897/897
f 897/897 900/900 903/903
f 879/879 899/899 904/904
f 904/904 876/876 879/879
f 905/905 900/900 902/902
f 902/902 906/906 905/905
f 907/907 900/900 905/905
f 907/907 903/903 900/900
f 899/899 903/903 908/908
f 908/908 904/904 899/899
f 876/876 904/904 909/909
f 909/909 910/910 876/876
f 911/911 905/905 906/906
f 907/907 905/905 911/911
f 912/912 908/908 903/903
f 903/903 907/907 912/912
f 904/904 908/908 913/913
f 913/913 909/909 904/904
f 908/908 912/912 914/914
f 914/914 913/913 908/908
f 907/907 915/915 912/912
f 912/912 915/915 916/916
f 914/914 912/912 916/916
f 916/916 917/917 914/914
f 915/915 907/907 918/918
f 911/911 918/918 907/907
f 918/918 919/919 915/915
f 919/919 918/918 920/920
f 920/920 918/918 921/921
f 920/920 922/922 919/919
f 923/923 922/922 920/920
f 923/923 924/924 922/922
f 925/925 924/924 923/923
f 925/925 926/926 924/924
f 927/927 914/914 917/917
f 913/913 914/914 927/927
f 927/927 928/928 913/913
f 909/909 913/913 928/928
f 928/928 929/929 909/909
f 910/910 909/909 929/929
f 930/930 928/928 927/927
f 928/928 930/930 931/931
f 931/931 929/929 928/928
f 932/932 930/930 927/927
f 929/929 931/931 933/933
f 932/932 927/927 934/934
f 917/917 934/934 927/927
f 935/935 932/932 934/934
f 936/936 929/929 933/933
f 929/929 936/936 910/910
f 936/936 933/933 937/937
f 910/910 936/936 938/938
f 938/938 871/871 910/910
f 939/939 936/936 937/937
f 939/939 869/869 936/936
f 935/935 934/934 940/940
f 935/935 940/940 941/941
f 941/941 942/942 935/935
f 943/943 940/940 934/934
f 941/941 940/940 943/943
f 941/941 943/943 944/944
f 934/934 917/917 943/943
f 942/942 941/941 945/945
f 945/945 946/946 942/942
f 941/941 944/944 947/947
f 947/947 945/945 941/941
f 917/917 948/948 943/943
f 917/917 949/949 948/948
f 949/949 917/917 950/950
f 943/943 948/948 951/951
f 944/944 943/943 951/951
f 951/951 952/952 944/944
f 944/944 952/952 953/953
f 953/953 954/954 944/944
f 954/954 953/953 955/955
f 954/954 955/955 956/956
f 944/944 954/954 957/957
f 957/957 947/947 944/944
f 947/947 957/957 958/958
f 959/959 947/947 958/958
f 959/959 846/846 947/947
f 959/959 960/960 846/846
f 945/945 947/947 846/846
f 960/960 961/961 846/846
f 961/961 962/962 846/846
f 962/962 961/961 963/963
f 846/846 850/850 945/945
f 946/946 945/945 850/850
f 850/850 964/964 946/946
f 965/965 954/954 956/956
f 956/956 966/966 965/965
f 966/966 956/956 926/926
f 965/965 967/967 954/954
f 967/967 965/965 968/968
f 969/969 970/970 946/946
f 969/969 946/946 971/971
f 972/972 969/969 971/971
f 971/971 973/973 972/972
f 973/973 974/974 972/972
f 973/973 971/971 937/937
f 937/937 975/975 973/973
f 971/971 976/976 937/937
f 977/977 937/937 976/976
f 976/976 978/978 977/977
f 978/978 979/979 977/977
f 980/980 978/978 976/976
f 980/980 981/981 978/978
f 976/976 982/982 980/980
f 976/976 983/983 982/982
f 983/983 851/851 982/982
f 984/984 985/985 986/986
f 986/986 987/987 984/984
f 988/988 984/984 989/989
f 989/989 990/990 988/988
f 984/984 988/988 991/991
f 989/989 984/984 992/992
f 992/992 993/993 989/989
f 994/994 989/989 993/993
f 994/994 993/993 995/995
f 994/994 995/995 737/737
f 737/737 996/996 994/994
f 994/994 996/996 997/997
f 989/989 994/994 998/998
f 997/997 998/998 994/994
f 996/996 999/999 997/997
f 999/999 996/996 735/735
f 735/735 1000/1000 999/999
f 998/998 1001/1001 989/989
f 989/989 1001/1001 1002/1002
f 1002/1002 1001/1001 1003/1003
f 997/997 1004/1004 998/998
f 1004/1004 997/997 1005/1005
f 1006/1006 998/998 1004/1004
f 998/998 1006/1006 1001/1001
f 1007/1007 1005/1005 997/997
f 997/997 1008/1008 1007/1007
f 999/999 1008/1008 997/997
f 1009/1009 1007/1007 1008/1008
f 1000/1000 1010/1010 999/999
f 999/999 1010/1010 1008/1008
f 1008/1008 1011/1011 1009/1009
f 1010/1010 1011/1011 1008/1008
f 1012/1012 1009/1009 1011/1011
f 1000/1000 1013/1013 1010/1010
f 1010/1010 1013/1013 1011/1011
f 1000/1000 1014/1014 1013/1013
f 1015/1015 1001/1001 1006/1006
f 1015/1015 1003/1003 1001/1001
f 1006/1006 1016/1016 1015/1015
f 1003/1003 1015/1015 1017/1017
f 1017/1017 1015/1015 1016/1016
f 1017/1017 1018/1018 1003/1003
f 1016/1016 1019/1019 1017/1017
f 1018/1018 1017/1017 1020/1020
f 1020/1020 1017/1017 1019/1019
f 1019/1019 1021/1021 1020/1020
f 1020/1020 1022/1022 1018/1018
f 1023/1023 1020/1020 1021/1021
f 1022/1022 1020/1020 1023/1023
f 1021/1021 1024/1024 1023/1023
f 1014/1014 1025/1025 1013/1013
f 1014/1014 1026/1026 1025/1025
f 1026/1026 1027/1027 1025/1025
f 1026/1026 1028/1028 1027/1027
f 1013/1013 1025/1025 1029/1029
f 1025/1025 1027/1027 1029/1029
f 1011/1011 1013/1013 1029/1029
f 1029/1029 1012/1012 1011/1011
f 1012/1012 1029/1029 1030/1030
f 1029/1029 1027/1027 1030/1030
f 1030/1030 1031/1031 1012/1012
f 1031/1031 1030/1030 1032/1032
f 1027/1027 1032/1032 1030/1030
f 1031/1031 1032/1032 1033/1033
f 1034/1034 1033/1033 1032/1032
f 1035/1035 1023/1023 1024/1024
f 1024/1024 1036/1036 1035/1035
f 1036/1036 1034/1034 1037/1037
f 1032/1032 1037/1037 1034/1034
f 1037/1037 1035/1035 1036/1036
f 1023/1023 1035/1035 1038/1038
f 1023/1023 1038/1038 1022/1022
f 1022/1022 1038/1038 1039/1039
f 1035/1035 1040/1040 1038/1038
f 1039/1039 1038/1038 1041/1041
f 1042/1042 1040/1040 1035/1035
f 1035/1035 1037/1037 1042/1042
f 1032/1032 1042/1042 1037/1037
f 1039/1039 1041/1041 1043/1043
f 1044/1044 1042/1042 1032/1032
f 1041/1041 966/966 1043/1043
f 1032/1032 1045/1045 1044/1044
f 1027/1027 1045/1045 1032/1032
f 1045/1045 1046/1046 1044/1044
f 1046/1046 1045/1045 1027/1027
f 1047/1047 1046/1046 1027/1027
f 1027/1027 777/777 1047/1047
f 1046/1046 1047/1047 1048/1048
f 1047/1047 1049/1049 1048/1048
f 1048/1048 1049/1049 1050/1050
f 1050/1050 1051/1051 1048/1048
f 777/777 1052/1052 1047/1047
f 1053/1053 1052/1052 777/777
f 777/777 1054/1054 1053/1053
f 1054/1054 1055/1055 1053/1053
f 1052/1052 1053/1053 1056/1056
f 1056/1056 1057/1057 1052/1052
f 1057/1057 1056/1056 1058/1058
f 1056/1056 1059/1059 1058/1058
f 1060/1060 1061/1061 1062/1062
f 1060/1060 1062/1062 1063/1063
f 1064/1064 1060/1060 1063/1063
f 1063/1063 1062/1062 1065/1065
f 1063/1063 1065/1065 1066/1066
f 1064/1064 1063/1063 1067/1067
f 1067/1067 1063/1063 1066/1066
f 1067/1067 1068/1068 1064/1064
f 1066/1066 1065/1065 1069/1069
f 1065/1065 1070/1070 1069/1069
f 1071/1071 1070/1070 1065/1065
f 1065/1065 1072/1072 1071/1071
f 1072/1072 1073/1073 1071/1071
f 1074/1074 1073/1073 1072/1072
f 1066/1066 1069/1069 1075/1075
f 1072/1072 1076/1076 1074/1074
f 1077/1077 1076/1076 1072/1072
f 1078/1078 1074/1074 1076/1076
f 1077/1077 1079/1079 1076/1076
f 1079/1079 1077/1077 1080/1080
f 1079/1079 1080/1080 1081/1081
f 1082/1082 1080/1080 1077/1077
f 1083/1083 1082/1082 1077/1077
f 1077/1077 1084/1084 1083/1083
f 1084/1084 1085/1085 1083/1083
f 1086/1086 1085/1085 1084/1084
f 1086/1086 1084/1084 1087/1087
f 1088/1088 1086/1086 1087/1087
f 1089/1089 1087/1087 1084/1084
f 1084/1084 1090/1090 1089/1089
f 1091/1091 1089/1089 1090/1090
f 1090/1090 1092/1092 1091/1091
f 1089/1089 1091/1091 1093/1093
f 1093/1093 1094/1094 1089/1089
f 1087/1087 1089/1089 1094/1094
f 1094/1094 1093/1093 1095/1095
f 1096/1096 1094/1094 1095/1095
f 1096/1096 1095/1095 1068/1068
f 1094/1094 1097/1097 1087/1087
f 1097/1097 1094/1094 1096/1096
f 1098/1098 1096/1096 1068/1068
f 1068/1068 1067/1067 1098/1098
f 1099/1099 1096/1096 1098/1098
f 1096/1096 1099/1099 1097/1097
f 1100/1100 1098/1098 1067/1067
f 1100/1100 1099/1099 1098/1098
f 1067/1067 1101/1101 1100/1100
f 1067/1067 1066/1066 1101/1101
f 1102/1102 1099/1099 1100/1100
f 1102/1102 1100/1100 1101/1101
f 1103/1103 1097/1097 1099/1099
f 1103/1103 1099/1099 1102/1102
f 1104/1104 1087/1087 1097/1097
f 1097/1097 1103/1103 1104/1104
f 1105/1105 1101/1101 1066/1066
f 1105/1105 1102/1102 1101/1101
f 1106/1106 1103/1103 1102/1102
f 1106/1106 1102/1102 1105/1105
f 1107/1107 1105/1105 1066/1066
f 1066/1066 1075/1075 1107/1107
f 1087/1087 1104/1104 1108/1108
f 1087/1087 1108/1108 1088/1088
f 1109/1109 1104/1104 1103/1103
f 1109/1109 1103/1103 1106/1106
f 1110/1110 1106/1106 1105/1105
f 1110/1110 1105/1105 1107/1107
f 1111/1111 1108/1108 1104/1104
f 1104/1104 1109/1109 1111/1111
f 1112/1112 1109/1109 1106/1106
f 1112/1112 1106/1106 1110/1110
f 1113/1113 1111/1111 1109/1109
f 1113/1113 1109/1109 1112/1112
f 1113/1113 1112/1112 1114/1114
f 1115/1115 1112/1112 1110/1110
f 1114/1114 1112/1112 1115/1115
f 1116/1116 1110/1110 1107/1107
f 1115/1115 1110/1110 1116/1116
f 1088/1088 1108/1108 1117/1117
f 1118/1118 1088/1088 1117/1117
f 1118/1118 1119/1119 1088/1088
f 1081/1081 1119/1119 1118/1118
f 1118/1118 1120/1120 1081/1081
f 1081/1081 1120/1120 1079/1079
f 1120/1120 1121/1121 1079/1079
f 1122/1122 1117/1117 1108/1108
f 1121/1121 1123/1123 1079/1079
f 1124/1124 1079/1079 1123/1123
f 1124/1124 1123/1123 1125/1125
f 1079/1079 1124/1124 1126/1126
f 1079/1079 1126/1126 1127/1127
f 1126/1126 1124/1124 1128/1128
f 1127/1127 1076/1076 1079/1079
f 1129/1129 1128/1128 1124/1124
f 1130/1130 1076/1076 1127/1127
f 1127/1127 1131/1131 1130/1130
f 1130/1130 1131/1131 1132/1132
f 1130/1130 1132/1132 1133/1133
f 1134/1134 1133/1133 1132/1132
f 1132/1132 1129/1129 1134/1134
f 1124/1124 1134/1134 1129/1129
f 1133/1133 1134/1134 1135/1135
f 1134/1134 1136/1136 1135/1135
f 1136/1136 1134/1134 1137/1137
f 1134/1134 1138/1138 1137/1137
f 1137/1137 1139/1139 1136/1136
f 1140/1140 1136/1136 1139/1139
f 1139/1139 1141/1141 1140/1140
f 1142/1142 1138/1138 1134/1134
f 1140/1140 1141/1141 1143/1143
f 1144/1144 1140/1140 1143/1143
f 1134/1134 1145/1145 1142/1142
f 1146/1146 1142/1142 1145/1145
f 1134/1134 1147/1147 1145/1145
f 1146/1146 1145/1145 1148/1148
f 1147/1147 1134/1134 1124/1124
f 1124/1124 1149/1149 1147/1147
f 1150/1150 1149/1149 1124/1124
f 1125/1125 1150/1150 1124/1124
f 1146/1146 1148/1148 1151/1151
f 1152/1152 1150/1150 1125/1125
f 1125/1125 1153/1153 1152/1152
f 1153/1153 1122/1122 1152/1152
f 1152/1152 1122/1122 1154/1154
f 1151/1151 1155/1155 1146/1146
f 1122/1122 1156/1156 1154/1154
f 1151/1151 1154/1154 1156/1156
f 1156/1156 1122/1122 1108/1108
f 1108/1108 1111/1111 1156/1156
f 1151/1151 1157/1157 1155/1155
f 1157/1157 1151/1151 1156/1156
f 1143/1143 1155/1155 1157/1157
f 1144/1144 1143/1143 1157/1157
f 1158/1158 1156/1156 1111/1111
f 1156/1156 1158/1158 1157/1157
f 1111/1111 1113/1113 1158/1158
f 1157/1157 1158/1158 1159/1159
f 1159/1159 1144/1144 1157/1157
f 1158/1158 1113/1113 1160/1160
f 1160/1160 1159/1159 1158/1158
f 1114/1114 1160/1160 1113/1113
f 1161/1161 1159/1159 1160/1160
f 1144/1144 1159/1159 1161/1161
f 1162/1162 1160/1160 1114/1114
f 1160/1160 1162/1162 1161/1161
f 1163/1163 1161/1161 1162/1162
f 1161/1161 1163/1163 1164/1164
f 1165/1165 1163/1163 1162/1162
f 1164/1164 1166/1166 1161/1161
f 1161/1161 1166/1166 1144/1144
f 1167/1167 1166/1166 1164/1164
f 1166/1166 1167/1167 1168/1168
f 1162/1162 1114/1114 1169/1169
f 1165/1165 1162/1162 1169/1169
f 1144/1144 1166/1166 1170/1170
f 1170/1170 1171/1171 1144/1144
f 1140/1140 1144/1144 1171/1171
f 1171/1171 1172/1172 1140/1140
f 1140/1140 1172/1172 1173/1173
f 1140/1140 1173/1173 1136/1136
f 1173/1173 1174/1174 1136/1136
f 1136/1136 1174/1174 1175/1175
f 1166/1166 1176/1176 1170/1170
f 1168/1168 1176/1176 1166/1166
f 1177/1177 1170/1170 1176/1176
f 1178/1178 1177/1177 1176/1176
f 1176/1176 1179/1179 1178/1178
f 1179/1179 1180/1180 1178/1178
f 1136/1136 1175/1175 1181/1181
f 1136/1136 1181/1181 1135/1135
f 1182/1182 1175/1175 1180/1180
f 1175/1175 1182/1182 1181/1181
f 1168/1168 1183/1183 1176/1176
f 1183/1183 1179/1179 1176/1176
f 1180/1180 1184/1184 1182/1182
f 1179/1179 1184/1184 1180/1180
f 1168/1168 1185/1185 1183/1183
f 1185/1185 1168/1168 1186/1186
f 1187/1187 1183/1183 1185/1185
f 1188/1188 1186/1186 1168/1168
f 1183/1183 1187/1187 1189/1189
f 1179/1179 1183/1183 1189/1189
f 1189/1189 1187/1187 1190/1190
f 1189/1189 1190/1190 1191/1191
f 1179/1179 1189/1189 1192/1192
f 1179/1179 1192/1192 1193/1193
f 1193/1193 1184/1184 1179/1179
f 1194/1194 1192/1192 1189/1189
f 1191/1191 1194/1194 1189/1189
f 1192/1192 1194/1194 1195/1195
f 1192/1192 1195/1195 1196/1196
f 1197/1197 1186/1186 1188/1188
f 1197/1197 1194/1194 1191/1191
f 1186/1186 1197/1197 1198/1198
f 1198/1198 1197/1197 1191/1191
f 1199/1199 1197/1197 1188/1188
f 1194/1194 1197/1197 1199/1199
f 1199/1199 1195/1195 1194/1194
f 1188/1188 1200/1200 1199/1199
f 1193/1193 1201/1201 1184/1184
f 1182/1182 1184/1184 1201/1201
f 1200/1200 1202/1202 1199/1199
f 1203/1203 1199/1199 1202/1202
f 1199/1199 1203/1203 1195/1195
f 1200/1200 1204/1204 1202/1202
f 1203/1203 1205/1205 1195/1195
f 1206/1206 1204/1204 1200/1200
f 1195/1195 1205/1205 1207/1207
f 1204/1204 1206/1206 1208/1208
f 1208/1208 1209/1209 1204/1204
f 1206/1206 1210/1210 1208/1208
f 1207/1207 1211/1211 1195/1195
f 1209/1209 1211/1211 1207/1207
f 1211/1211 1209/1209 1208/1208
f 1211/1211 1196/1196 1195/1195
f 1211/1211 1208/1208 1212/1212
f 1212/1212 1208/1208 1210/1210
f 1211/1211 1213/1213 1196/1196
f 1212/1212 1213/1213 1211/1211
f 1196/1196 1213/1213 1214/1214
f 1214/1214 1215/1215 1196/1196
f 1215/1215 1216/1216 1196/1196
f 1217/1217 1196/1196 1216/1216
f 1196/1196 1217/1217 1192/1192
f 1217/1217 1218/1218 1192/1192
f 1216/1216 1219/1219 1217/1217
f 1192/1192 1218/1218 1220/1220
f 1221/1221 1219/1219 1216/1216
f 1216/1216 1215/1215 1221/1221
f 1219/1219 1221/1221 1222/1222
f 1223/1223 1222/1222 1221/1221
f 1221/1221 1224/1224 1223/1223
f 1220/1220 1225/1225 1192/1192
f 1192/1192 1225/1225 1193/1193
f 1226/1226 1225/1225 1220/1220
f 1223/1223 1224/1224 1226/1226
f 1220/1220 1227/1227 1226/1226
f 1226/1226 1227/1227 1223/1223
f 1226/1226 1228/1228 1225/1225
f 1225/1225 1228/1228 1193/1193
f 1226/1226 1224/1224 1228/1228
f 1228/1228 1229/1229 1193/1193
f 1201/1201 1193/1193 1229/1229
f 1215/1215 1230/1230 1221/1221
f 1221/1221 1230/1230 1224/1224
f 1229/1229 1228/1228 1231/1231
f 1224/1224 1231/1231 1228/1228
f 1232/1232 1231/1231 1224/1224
f 1229/1229 1231/1231 1233/1233
f 1234/1234 1201/1201 1229/1229
f 1182/1182 1201/1201 1234/1234
f 1230/1230 1235/1235 1224/1224
f 1224/1224 1235/1235 1232/1232
f 1233/1233 1231/1231 1236/1236
f 1231/1231 1232/1232 1236/1236
f 1229/1229 1233/1233 1237/1237
f 1229/1229 1237/1237 1234/1234
f 1182/1182 1234/1234 1238/1238
f 1238/1238 1181/1181 1182/1182
f 1239/1239 1238/1238 1234/1234
f 1181/1181 1238/1238 1239/1239
f 1240/1240 1234/1234 1237/1237
f 1239/1239 1234/1234 1240/1240
f 1241/1241 1239/1239 1240/1240
f 1239/1239 1242/1242 1181/1181
f 1241/1241 1242/1242 1239/1239
f 1243/1243 1242/1242 1241/1241
f 1233/1233 1244/1244 1237/1237
f 1240/1240 1237/1237 1244/1244
f 1245/1245 1241/1241 1240/1240
f 1245/1245 1240/1240 1246/1246
f 1244/1244 1246/1246 1240/1240
f 1247/1247 1245/1245 1246/1246
f 1248/1248 1245/1245 1247/1247
f 1247/1247 1246/1246 1249/1249
f 1245/1245 1248/1248 1250/1250
f 1246/1246 1251/1251 1249/1249
f 1251/1251 1246/1246 1244/1244
f 1249/1249 1251/1251 1252/1252
f 1253/1253 1251/1251 1244/1244
f 1251/1251 1253/1253 1252/1252
f 1244/1244 1233/1233 1253/1253
f 1253/1253 1233/1233 1254/1254
f 1252/1252 1253/1253 1255/1255
f 1255/1255 1256/1256 1252/1252
f 1257/1257 1256/1256 1255/1255
f 1258/1258 1250/1250 1257/1257
f 1258/1258 1257/1257 1255/1255
f 1253/1253 1259/1259 1255/1255
f 1254/1254 1259/1259 1253/1253
f 1250/1250 1260/1260 1245/1245
f 1260/1260 1250/1250 1258/1258
f 1260/1260 1258/1258 1261/1261
f 1245/1245 1260/1260 1262/1262
f 1255/1255 1263/1263 1258/1258
f 1263/1263 1255/1255 1259/1259
f 1261/1261 1258/1258 1263/1263
f 1254/1254 1233/1233 1264/1264
f 1236/1236 1264/1264 1233/1233
f 1265/1265 1263/1263 1259/1259
f 1266/1266 1263/1263 1265/1265
f 1265/1265 1259/1259 1267/1267
f 1267/1267 1259/1259 1254/1254
f 1263/1263 1266/1266 1268/1268
f 1268/1268 1261/1261 1263/1263
f 1254/1254 1269/1269 1267/1267
f 1269/1269 1254/1254 1270/1270
f 1261/1261 1268/1268 1271/1271
f 1270/1270 1254/1254 1272/1272
f 1264/1264 1272/1272 1254/1254
f 1272/1272 1273/1273 1270/1270
f 1274/1274 1273/1273 1272/1272
f 1275/1275 1274/1274 1272/1272
f 1276/1276 1274/1274 1275/1275
f 1277/1277 1272/1272 1264/1264
f 1275/1275 1272/1272 1277/1277
f 1276/1276 1275/1275 1278/1278
f 1278/1278 1279/1279 1276/1276
f 1271/1271 1280/1280 1261/1261
f 1281/1281 1280/1280 1271/1271
f 1281/1281 1282/1282 1280/1280
f 1282/1282 1281/1281 1283/1283
f 1284/1284 1283/1283 1279/1279
f 1279/1279 1278/1278 1284/1284
f 1283/1283 1284/1284 1282/1282
f 1285/1285 1284/1284 1278/1278
f 1285/1285 1282/1282 1284/1284
f 1286/1286 1278/1278 1275/1275
f 1286/1286 1275/1275 1277/1277
f 1285/1285 1278/1278 1286/1286
f 1286/1286 1277/1277 1287/1287
f 1288/1288 1280/1280 1282/1282
f 1288/1288 1261/1261 1280/1280
f 1285/1285 1288/1288 1282/1282
f 1261/1261 1288/1288 1289/1289
f 1261/1261 1289/1289 1260/1260
f 1290/1290 1288/1288 1285/1285
f 1285/1285 1286/1286 1291/1291
f 1287/1287 1291/1291 1286/1286
f 1292/1292 1287/1287 1277/1277
f 1277/1277 1264/1264 1292/1292
f 1236/1236 1292/1292 1264/1264
f 1293/1293 1292/1292 1236/1236
f 1236/1236 1232/1232 1293/1293
f 1260/1260 1289/1289 1294/1294
f 1260/1260 1294/1294 1262/1262
f 1295/1295 1290/1290 1285/1285
f 1295/1295 1285/1285 1291/1291
f 1292/1292 1296/1296 1287/1287
f 1296/1296 1292/1292 1293/1293
f 1291/1291 1297/1297 1295/1295
f 1290/1290 1295/1295 1298/1298
f 1298/1298 1295/1295 1297/1297
f 1287/1287 1299/1299 1291/1291
f 1297/1297 1291/1291 1299/1299
f 1300/1300 1299/1299 1287/1287
f 1301/1301 1287/1287 1296/1296
f 1287/1287 1301/1301 1300/1300
f 1296/1296 1293/1293 1302/1302
f 1296/1296 1302/1302 1303/1303
f 1303/1303 1301/1301 1296/1296
f 1302/1302 1293/1293 1304/1304
f 1305/1305 1304/1304 1293/1293
f 1232/1232 1305/1305 1293/1293
f 1232/1232 1306/1306 1305/1305
f 1307/1307 1306/1306 1232/1232
f 1307/1307 1232/1232 1235/1235
f 1235/1235 1308/1308 1307/1307
f 1308/1308 1235/1235 1230/1230
f 1230/1230 1309/1309 1308/1308
f 1309/1309 1230/1230 1215/1215
f 1215/1215 1310/1310 1309/1309
f 1311/1311 1301/1301 1303/1303
f 1312/1312 1310/1310 1215/1215
f 1301/1301 1311/1311 1313/1313
f 1313/1313 1311/1311 1314/1314
f 1301/1301 1313/1313 1300/1300
f 1315/1315 1314/1314 1312/1312
f 1215/1215 1315/1315 1312/1312
f 1313/1313 1314/1314 1315/1315
f 1313/1313 1315/1315 1300/1300
f 1214/1214 1315/1315 1215/1215
f 1315/1315 1214/1214 1300/1300
f 1316/1316 1300/1300 1214/1214
f 1300/1300 1316/1316 1317/1317
f 1300/1300 1317/1317 1299/1299
f 1316/1316 1214/1214 1318/1318
f 1318/1318 1214/1214 1319/1319
f 1213/1213 1319/1319 1214/1214
f 1319/1319 1213/1213 1320/1320
f 1212/1212 1320/1320 1213/1213
f 1321/1321 1316/1316 1318/1318
f 1320/1320 1212/1212 1322/1322
f 1316/1316 1321/1321 1323/1323
f 1210/1210 1322/1322 1212/1212
f 1323/1323 1324/1324 1316/1316
f 1317/1317 1316/1316 1324/1324
f 1324/1324 1325/1325 1317/1317
f 1324/1324 1326/1326 1325/1325
f 1325/1325 1326/1326 1327/1327
f 1324/1324 1323/1323 1328/1328
f 1328/1328 1329/1329 1324/1324
f 1329/1329 1326/1326 1324/1324
f 1329/1329 1328/1328 1330/1330
f 1330/1330 1331/1331 1329/1329
f 1330/1330 1332/1332 1331/1331
f 1322/1322 1210/1210 1333/1333
f 1333/1333 1334/1334 1322/1322
f 1334/1334 1333/1333 1335/1335
f 1334/1334 1335/1335 1336/1336
f 1336/1336 1337/1337 1332/1332
f 1331/1331 1332/1332 1337/1337
f 1337/1337 1336/1336 1335/1335
f 1210/1210 1338/1338 1333/1333
f 1335/1335 1333/1333 1338/1338
f 1338/1338 1339/1339 1335/1335
f 1340/1340 1335/1335 1339/1339
f 1335/1335 1340/1340 1337/1337
f 1338/1338 1210/1210 1341/1341
f 1342/1342 1341/1341 1210/1210
f 1341/1341 1342/1342 1343/1343
f 1343/1343 1344/1344 1341/1341
f 1344/1344 1343/1343 1345/1345
f 1345/1345 1346/1346 1344/1344
f 1346/1346 1345/1345 1347/1347
f 1347/1347 1348/1348 1346/1346
f 1337/1337 1340/1340 1349/1349
f 1331/1331 1337/1337 1349/1349
f 1350/1350 1331/1331 1349/1349
f 1331/1331 1350/1350 1351/1351
f 1351/1351 1329/1329 1331/1331
f 1326/1326 1329/1329 1351/1351
f 1350/1350 1349/1349 1352/1352
f 1352/1352 1349/1349 1353/1353
f 1326/1326 1351/1351 1354/1354
f 1354/1354 1355/1355 1326/1326
f 1326/1326 1355/1355 1356/1356
f 1357/1357 1354/1354 1351/1351
f 1351/1351 1350/1350 1357/1357
f 1326/1326 1356/1356 1327/1327
f 1358/1358 1327/1327 1356/1356
f 1357/1357 1350/1350 1359/1359
f 1352/1352 1359/1359 1350/1350
f 1357/1357 1359/1359 1360/1360
f 1361/1361 1358/1358 1360/1360
f 1327/1327 1358/1358 1361/1361
f 1360/1360 1359/1359 1361/1361
f 1359/1359 1362/1362 1361/1361
f 1361/1361 1362/1362 1327/1327
f 1352/1352 1363/1363 1359/1359
f 1362/1362 1359/1359 1363/1363
f 1353/1353 1364/1364 1352/1352
f 1364/1364 1353/1353 1365/1365
f 1365/1365 1366/1366 1364/1364
f 1365/1365 1367/1367 1366/1366
f 1365/1365 1368/1368 1367/1367
f 1367/1367 1368/1368 1165/1165
f 1165/1165 1369/1369 1367/1367
f 1165/1165 1169/1169 1369/1369
f 1370/1370 1369/1369 1169/1169
f 1169/1169 1371/1371 1370/1370
f 1114/1114 1371/1371 1169/1169
f 1371/1371 1114/1114 1372/1372
f 1371/1371 1372/1372 1373/1373
f 1373/1373 1374/1374 1371/1371
f 1372/1372 1114/1114 1115/1115
f 1372/1372 1115/1115 1375/1375
f 1373/1373 1372/1372 1375/1375
f 1375/1375 1115/1115 1116/1116
f 1376/1376 1374/1374 1373/1373
f 1374/1374 1376/1376 1377/1377
f 1373/1373 1378/1378 1376/1376
f 1377/1377 1379/1379 1374/1374
f 1379/1379 1377/1377 1380/1380
f 1379/1379 1380/1380 1243/1243
f 1243/1243 1241/1241 1379/1379
f 1373/1373 1381/1381 1378/1378
f 1373/1373 1382/1382 1381/1381
f 1381/1381 1382/1382 1383/1383
f 1384/1384 1379/1379 1241/1241
f 1385/1385 1383/1383 1382/1382
f 1382/1382 1373/1373 1386/1386
f 1375/1375 1386/1386 1373/1373
f 1386/1386 1387/1387 1382/1382
f 1375/1375 1388/1388 1386/1386
f 1387/1387 1389/1389 1382/1382
f 1382/1382 1135/1135 1385/1385
f 1135/1135 1382/1382 1389/1389
f 1135/1135 1181/1181 1385/1385
f 1389/1389 1390/1390 1135/1135
f 1133/1133 1135/1135 1390/1390
f 1390/1390 1391/1391 1133/1133
f 1133/1133 1391/1391 1392/1392
f 1388/1388 1375/1375 1393/1393
f 1394/1394 1388/1388 1393/1393
f 1116/1116 1393/1393 1375/1375
f 1393/1393 1395/1395 1394/1394
f 1394/1394 1395/1395 1396/1396
f 1396/1396 1392/1392 1394/1394
f 1392/1392 1396/1396 1133/1133
f 1396/1396 1397/1397 1133/1133
f 1130/1130 1133/1133 1397/1397
f 1397/1397 1398/1398 1130/1130
f 1116/1116 1399/1399 1393/1393
f 1130/1130 1398/1398 1400/1400
f 1399/1399 1116/1116 1401/1401
f 1107/1107 1401/1401 1116/1116
f 1401/1401 1402/1402 1399/1399
f 1107/1107 1403/1403 1401/1401
f 1401/1401 1404/1404 1402/1402
f 1403/1403 1107/1107 1075/1075
f 1404/1404 1405/1405 1402/1402
f 1400/1400 1402/1402 1405/1405
f 1130/1130 1400/1400 1405/1405
f 1405/1405 1406/1406 1130/1130
f 1407/1407 1403/1403 1075/1075
f 1075/1075 1408/1408 1407/1407
f 1407/1407 1408/1408 1078/1078
f 1078/1078 1409/1409 1407/1407
f 1406/1406 1076/1076 1130/1130
f 1076/1076 1409/1409 1078/1078
f 1406/1406 1410/1410 1076/1076
f 1076/1076 1410/1410 1409/1409
f 1411/1411 1370/1370 1006/1006
f 1412/1412 1411/1411 1413/1413
f 1412/1412 1413/1413 1414/1414
f 1415/1415 1414/1414 1413/1413
f 1413/1413 1416/1416 1415/1415
f 1415/1415 1416/1416 1417/1417
f 1417/1417 1418/1418 1415/1415
f 1418/1418 1417/1417 1419/1419
f 1412/1412 1420/1420 1421/1421
f 1421/1421 1422/1422 1412/1412
f 1422/1422 1421/1421 1423/1423
f 1423/1423 1421/1421 1424/1424
f 1424/1424 1425/1425 1423/1423
f 1426/1426 1422/1422 1423/1423
f 1423/1423 1427/1427 1426/1426
f 1428/1428 1426/1426 1427/1427
f 1427/1427 1429/1429 1428/1428
f 1430/1430 1428/1428 1429/1429
f 1429/1429 1431/1431 1430/1430
f 1430/1430 1431/1431 1432/1432
f 1431/1431 1433/1433 1432/1432
f 1432/1432 1433/1433 1434/1434
f 1432/1432 1434/1434 1435/1435
f 1434/1434 1436/1436 1435/1435
f 1435/1435 1436/1436 1437/1437
f 1437/1437 1438/1438 1435/1435
f 1439/1439 1438/1438 1437/1437
f 1437/1437 1440/1440 1439/1439
f 1352/1352 1439/1439 1440/1440
f 1352/1352 1441/1441 1363/1363
f 1441/1441 1442/1442 1363/1363
f 1443/1443 1363/1363 1442/1442
f 1442/1442 1441/1441 1444/1444
f 1445/1445 1444/1444 1441/1441
f 1444/1444 1445/1445 1436/1436
f 1436/1436 1446/1446 1444/1444
f 1447/1447 1446/1446 1436/1436
f 1447/1447 1448/1448 1446/1446
f 1362/1362 1363/1363 1443/1443
f 1449/1449 1448/1448 1447/1447
f 1443/1443 1450/1450 1362/1362
f 1449/1449 1451/1451 1448/1448
f 1362/1362 1450/1450 1452/1452
f 1453/1453 1452/1452 1450/1450
f 1362/1362 1452/1452 1327/1327
f 1452/1452 1453/1453 1454/1454
f 1327/1327 1452/1452 1298/1298
f 1327/1327 1298/1298 1325/1325
f 1452/1452 1454/1454 1290/1290
f 1298/1298 1452/1452 1290/1290
f 1455/1455 1290/1290 1454/1454
f 1290/1290 1455/1455 1456/1456
f 966/966 1456/1456 1455/1455
f 1456/1456 966/966 1289/1289
f 1451/1451 1289/1289 966/966
f 1289/1289 1451/1451 1457/1457
f 1457/1457 1451/1451 1449/1449
f 1457/1457 1294/1294 1289/1289
f 1458/1458 1457/1457 1449/1449
f 1294/1294 1457/1457 1458/1458
f 1449/1449 1459/1459 1458/1458
f 1460/1460 1294/1294 1458/1458
f 1262/1262 1294/1294 1460/1460
f 1458/1458 1461/1461 1460/1460
f 1461/1461 1458/1458 1459/1459
f 1459/1459 1462/1462 1461/1461
f 1463/1463 1262/1262 1460/1460
f 1462/1462 1459/1459 1464/1464
f 1464/1464 1465/1465 1462/1462
f 1262/1262 1463/1463 1466/1466
f 1467/1467 1465/1465 1464/1464
f 1465/1465 1467/1467 1466/1466
f 1466/1466 1467/1467 1262/1262
f 1464/1464 1468/1468 1467/1467
f 1469/1469 1262/1262 1467/1467
f 1262/1262 1469/1469 1245/1245
f 1468/1468 1470/1470 1467/1467
f 1467/1467 1470/1470 1469/1469
f 1468/1468 1471/1471 1470/1470
f 1471/1471 1468/1468 1472/1472
f 1473/1473 1470/1470 1471/1471
f 1469/1469 1470/1470 1473/1473
f 1472/1472 1474/1474 1471/1471
f 1474/1474 1472/1472 1384/1384
f 1473/1473 1475/1475 1469/1469
f 1384/1384 1476/1476 1474/1474
f 1469/1469 1477/1477 1245/1245
f 1477/1477 1469/1469 1475/1475
f 1477/1477 1476/1476 1384/1384
f 1241/1241 1245/1245 1477/1477
f 1241/1241 1477/1477 1384/1384
f 1478/1478 1477/1477 1475/1475
f 1476/1476 1477/1477 1478/1478
f 1479/1479 1480/1480 1481/1481
f 1480/1480 1479/1479 1482/1482
f 1482/1482 1479/1479 1483/1483
f 1479/1479 1484/1484 1483/1483
f 1485/1485 1486/1486 1487/1487
f 911/911 1487/1487 1486/1486
f 1487/1487 911/911 1488/1488
f 1488/1488 911/911 984/984
f 984/984 1489/1489 1488/1488
f 1490/1490 1488/1488 1489/1489
f 1488/1488 1490/1490 1491/1491
f 1491/1491 1492/1492 1488/1488
f 1491/1491 1043/1043 1492/1492
f 966/966 1492/1492 1043/1043
f 1492/1492 966/966 1493/1493
f 1493/1493 1494/1494 1492/1492
f 906/906 1495/1495 911/911
f 1495/1495 906/906 1496/1496
f 1495/1495 1496/1496 1497/1497
f 1497/1497 1496/1496 1498/1498
f 1497/1497 1499/1499 1495/1495
f 1500/1500 1499/1499 1497/1497
f 1499/1499 1501/1501 1495/1495
f 992/992 1495/1495 1501/1501
f 1502/1502 992/992 1501/1501
f 1497/1497 1498/1498 1503/1503
f 1503/1503 1504/1504 1497/1497
f 1504/1504 1505/1505 1497/1497
f 1506/1506 1504/1504 1503/1503
f 1507/1507 1505/1505 1504/1504
f 1504/1504 1508/1508 1507/1507
f 1507/1507 1508/1508 1509/1509
f 1509/1509 1510/1510 1507/1507
f 1503/1503 1498/1498 1511/1511
f 1503/1503 1511/1511 1512/1512
f 1498/1498 1513/1513 1511/1511
f 1498/1498 1514/1514 1513/1513
f 1511/1511 1513/1513 9/9
f 1511/1511 9/9 1515/1515
f 1512/1512 1511/1511 1516/1516
f 1512/1512 1516/1516 1517/1517
f 1517/1517 1518/1518 1512/1512
f 1517/1517 1519/1519 1518/1518
f 1520/1520 1521/1521 1517/1517
f 1520/1520 1517/1517 1522/1522
f 1520/1520 1522/1522 1523/1523
f 1524/1524 1525/1525 1522/1522
f 1526/1526 1525/1525 1524/1524
f 1527/1527 1526/1526 1524/1524
f 1524/1524 1528/1528 1527/1527
f 1529/1529 1528/1528 1524/1524
f 1529/1529 1524/1524 1530/1530
f 1531/1531 1529/1529 1530/1530
f 1530/1530 1532/1532 1531/1531
f 1529/1529 1531/1531 1533/1533
f 1533/1533 1528/1528 1529/1529
f 1531/1531 1534/1534 1533/1533
f 1533/1533 1534/1534 1535/1535
f 1534/1534 1536/1536 1535/1535
f 1537/1537 1535/1535 1536/1536
f 1535/1535 1537/1537 1538/1538
f 1535/1535 1539/1539 1533/1533
f 1533/1533 1539/1539 1528/1528
f 1538/1538 1540/1540 1535/1535
f 1535/1535 1540/1540 1539/1539
f 1540/1540 1538/1538 1541/1541
f 1542/1542 1527/1527 1528/1528
f 1542/1542 1543/1543 1527/1527
f 1543/1543 1544/1544 1527/1527
f 1528/1528 1545/1545 1542/1542
f 1545/1545 1528/1528 1539/1539
f 1539/1539 1546/1546 1545/1545
f 1546/1546 1547/1547 1545/1545
f 1547/1547 1548/1548 1545/1545
f 1539/1539 1549/1549 1546/1546
f 1549/1549 1539/1539 1540/1540
f 1540/1540 1550/1550 1549/1549
f 1550/1550 1551/1551 1549/1549
f 1551/1551 1552/1552 1549/1549
f 1553/1553 1550/1550 1540/1540
f 1540/1540 1554/1554 1553/1553
f 1555/1555 1553/1553 1554/1554
f 1554/1554 992/992 1555/1555
f 1556/1556 1557/1557 1558/1558
f 1556/1556 1558/1558 1559/1559
f 1559/1559 1558/1558 1560/1560
f 1559/1559 1560/1560 890/890
f 1561/1561 1562/1562 1559/1559
f 1559/1559 1563/1563 1561/1561
f 1564/1564 1559/1559 1562/1562
f 1562/1562 1565/1565 1564/1564
f 1561/1561 1566/1566 1562/1562
f 1562/1562 1566/1566 1567/1567
f 1568/1568 1566/1566 1561/1561
f 1568/1568 1561/1561 1569/1569
f 1569/1569 1570/1570 1568/1568
f 1564/1564 1565/1565 1571/1571
f 1571/1571 1572/1572 1564/1564
f 1572/1572 1573/1573 1564/1564
f 1572/1572 1574/1574 1573/1573
f 1575/1575 1574/1574 1572/1572
f 1575/1575 17/17 1574/1574
f 1576/1576 1572/1572 1571/1571
f 1576/1576 1577/1577 1572/1572
f 1565/1565 1578/1578 1571/1571
f 1571/1571 1578/1578 1579/1579
f 1580/1580 1578/1578 1565/1565
f 1576/1576 1571/1571 1581/1581
f 1571/1571 1582/1582 1581/1581
f 1581/1581 1582/1582 1583/1583
f 1581/1581 1584/1584 1576/1576
f 1583/1583 1585/1585 1581/1581
f 1586/1586 1585/1585 1583/1583
f 1583/1583 1587/1587 1586/1586
f 1588/1588 1576/1576 1584/1584
f 1589/1589 1576/1576 1588/1588
f 1589/1589 1588/1588 1590/1590
f 1580/1580 1565/1565 1591/1591
f 1592/1592 1580/1580 1591/1591
f 1591/1591 1593/1593 1592/1592
f 1591/1591 1565/1565 1594/1594
f 1565/1565 1595/1595 1596/1596
f 1595/1595 1565/1565 1562/1562
f 1562/1562 1597/1597 1595/1595
f 1597/1597 1562/1562 1598/1598
f 1599/1599 1595/1595 1597/1597
f 1600/1600 1599/1599 1597/1597
f 1597/1597 1601/1601 1600/1600
f 1602/1602 1603/1603 1604/1604
f 1602/1602 1604/1604 1605/1605
f 1602/1602 1605/1605 1606/1606
f 1607/1607 1606/1606 1605/1605
f 1608/1608 1602/1602 1606/1606
f 1608/1608 1609/1609 1602/1602
f 1608/1608 1610/1610 1609/1609
f 1611/1611 1609/1609 1610/1610
f 1610/1610 1612/1612 1611/1611
f 1610/1610 1608/1608 1613/1613
f 1613/1613 1614/1614 1610/1610
f 1615/1615 1614/1614 1613/1613
f 1613/1613 1616/1616 1615/1615
f 1608/1608 1617/1617 1613/1613
f 1618/1618 1613/1613 1617/1617
f 1608/1608 1606/1606 1619/1619
f 1619/1619 1617/1617 1608/1608
f 1618/1618 1617/1617 1620/1620
f 1621/1621 1618/1618 1620/1620
f 1620/1620 1617/1617 1622/1622
f 1617/1617 1619/1619 1622/1622
f 1621/1621 1620/1620 1623/1623
f 1623/1623 1620/1620 1622/1622
f 1624/1624 1621/1621 1623/1623
f 1622/1622 1625/1625 1623/1623
f 1625/1625 1622/1622 1626/1626
f 1622/1622 1619/1619 1626/1626
f 1626/1626 1627/1627 1625/1625
f 1627/1627 1626/1626 1628/1628
f 1626/1626 1629/1629 1628/1628
f 1619/1619 1630/1630 1626/1626
f 1626/1626 1630/1630 1629/1629
f 1630/1630 1619/1619 1606/1606
f 1630/1630 1631/1631 1629/1629
f 1606/1606 1632/1632 1630/1630
f 1630/1630 1632/1632 1631/1631
f 1632/1632 1606/1606 1607/1607
f 1632/1632 1633/1633 1631/1631
f 1607/1607 1634/1634 1632/1632
f 1635/1635 1634/1634 1607/1607
f 1607/1607 1636/1636 1635/1635
f 1637/1637 1632/1632 1634/1634
f 1637/1637 1633/1633 1632/1632
f 1637/1637 1638/1638 1633/1633
f 1638/1638 1639/1639 1633/1633
f 1640/1640 1641/1641 1642/1642
f 1496/1496 1642/1642 1641/1641
f 1642/1642 1643/1643 1644/1644
f 1645/1645 1644/1644 1643/1643
f 906/906 1645/1645 1643/1643
f 1646/1646 1647/1647 1648/1648
f 1648/1648 1649/1649 1646/1646
f 1650/1650 1649/1649 1648/1648
f 1648/1648 1651/1651 1650/1650
f 1651/1651 1652/1652 1650/1650
f 1512/1512 1650/1650 1652/1652
f 1653/1653 1650/1650 1512/1512
f 1512/1512 1654/1654 1655/1655
f 1656/1656 1655/1655 1654/1654
f 1654/1654 1657/1657 1656/1656
f 1656/1656 1657/1657 1658/1658
f 1658/1658 1659/1659 1656/1656
f 1660/1660 1661/1661 1662/1662
f 1663/1663 1660/1660 1662/1662
f 1663/1663 1664/1664 1660/1660
f 1663/1663 1665/1665 1664/1664
f 1665/1665 1666/1666 1664/1664
f 1666/1666 1665/1665 1667/1667
f 1668/1668 1666/1666 1667/1667
f 1667/1667 1669/1669 1668/1668
f 1666/1666 1668/1668 1670/1670
f 1671/1671 1668/1668 1669/1669
f 1669/1669 1672/1672 1671/1671
f 1673/1673 1671/1671 1672/1672
f 1672/1672 1674/1674 1673/1673
f 1670/1670 1668/1668 1675/1675
f 1675/1675 1668/1668 1671/1671
f 1673/1673 1674/1674 1676/1676
f 1674/1674 1677/1677 1676/1676
f 1673/1673 1676/1676 1678/1678
f 1673/1673 1678/1678 1679/1679
f 1678/1678 1680/1680 1679/1679
f 1679/1679 1681/1681 1673/1673
f 1671/1671 1673/1673 1682/1682
f 1682/1682 1673/1673 1681/1681
f 1671/1671 1682/1682 1683/1683
f 1671/1671 1683/1683 1675/1675
f 1681/1681 1684/1684 1682/1682
f 1682/1682 1684/1684 1683/1683
f 1684/1684 1681/1681 1685/1685
f 1686/1686 1683/1683 1684/1684
f 1683/1683 1686/1686 1675/1675
f 1685/1685 1686/1686 1684/1684
f 1687/1687 1675/1675 1686/1686
f 1686/1686 1685/1685 1687/1687
f 1675/1675 1687/1687 1670/1670
f 1685/1685 1670/1670 1687/1687
f 1348/1348 1688/1688 1689/1689
f 1688/1688 1690/1690 1689/1689
f 1689/1689 1690/1690 1691/1691
f 1690/1690 1692/1692 1691/1691
f 1691/1691 1692/1692 1693/1693
f 1693/1693 1694/1694 1691/1691
f 1693/1693 1695/1695 1694/1694
f 1696/1696 1695/1695 1693/1693
f 1695/1695 1696/1696 1353/1353
f 1297/1297 1697/1697 1298/1298
f 1325/1325 1298/1298 1697/1697
f 1698/1698 1697/1697 1297/1297
f 1697/1697 1698/1698 1325/1325
f 1299/1299 1698/1698 1297/1297
f 1698/1698 1699/1699 1325/1325
f 1299/1299 1699/1699 1698/1698
f 1325/1325 1699/1699 1317/1317
f 1699/1699 1299/1299 1317/1317
f 1700/1700 1701/1701 1702/1702
f 1703/1703 1701/1701 1700/1700
f 1702/1702 1704/1704 1700/1700
f 1704/1704 1702/1702 1705/1705
f 1706/1706 1703/1703 1700/1700
f 1703/1703 1706/1706 1707/1707
f 1700/1700 1708/1708 1706/1706
f 1708/1708 1700/1700 1704/1704
f 1707/1707 1706/1706 1709/1709
f 1709/1709 1706/1706 1708/1708
f 1707/1707 1709/1709 1710/1710
f 1707/1707 1710/1710 1711/1711
f 1712/1712 1711/1711 1710/1710
f 1713/1713 1711/1711 1712/1712
f 1709/1709 1714/1714 1710/1710
f 1710/1710 1714/1714 1712/1712
f 1708/1708 1715/1715 1709/1709
f 1715/1715 1714/1714 1709/1709
f 1704/1704 1716/1716 1708/1708
f 1716/1716 1715/1715 1708/1708
f 1705/1705 1717/1717 1704/1704
f 1716/1716 1704/1704 1717/1717
f 1718/1718 1714/1714 1715/1715
f 1716/1716 1718/1718 1715/1715
f 1718/1718 1719/1719 1714/1714
f 1712/1712 1714/1714 1719/1719
f 1720/1720 1718/1718 1716/1716
f 1719/1719 1718/1718 1720/1720
f 1712/1712 1721/1721 1713/1713
f 1721/1721 1722/1722 1713/1713
f 1723/1723 1722/1722 1721/1721
f 1723/1723 1721/1721 1724/1724
f 1721/1721 1712/1712 1725/1725
f 1724/1724 1721/1721 1725/1725
f 1719/1719 1726/1726 1712/1712
f 1712/1712 1726/1726 1725/1725
f 1724/1724 1725/1725 1727/1727
f 1725/1725 1726/1726 1727/1727
f 1724/1724 1727/1727 1728/1728
f 1726/1726 1719/1719 1729/1729
f 1720/1720 1729/1729 1719/1719
f 1716/1716 1730/1730 1720/1720
f 1717/1717 1730/1730 1716/1716
f 1726/1726 1731/1731 1727/1727
f 1729/1729 1731/1731 1726/1726
f 1732/1732 1728/1728 1727/1727
f 1732/1732 1733/1733 1728/1728
f 1727/1727 1731/1731 1734/1734
f 1731/1731 1729/1729 1734/1734
f 1734/1734 1732/1732 1727/1727
f 1729/1729 1720/1720 1735/1735
f 1735/1735 1734/1734 1729/1729
f 1720/1720 1730/1730 1736/1736
f 1736/1736 1735/1735 1720/1720
f 1737/1737 1730/1730 1717/1717
f 1737/1737 1736/1736 1730/1730
f 1733/1733 1732/1732 1738/1738
f 1738/1738 1739/1739 1733/1733
f 1740/1740 1739/1739 1738/1738
f 1741/1741 1732/1732 1734/1734
f 1732/1732 1741/1741 1738/1738
f 1741/1741 1734/1734 1735/1735
f 1740/1740 1738/1738 1741/1741
f 1742/1742 1735/1735 1736/1736
f 1735/1735 1742/1742 1741/1741
f 1741/1741 1743/1743 1740/1740
f 1741/1741 1742/1742 1743/1743
f 1743/1743 1744/1744 1740/1740
f 1736/1736 1745/1745 1742/1742
f 1745/1745 1736/1736 1737/1737
f 1742/1742 1746/1746 1743/1743
f 1744/1744 1743/1743 1746/1746
f 1746/1746 1742/1742 1745/1745
f 1746/1746 1747/1747 1744/1744
f 1745/1745 1747/1747 1746/1746
f 1748/1748 1744/1744 1747/1747
f 1747/1747 1745/1745 1749/1749
f 1737/1737 1749/1749 1745/1745
f 1747/1747 1750/1750 1748/1748
f 1749/1749 1750/1750 1747/1747
f 1751/1751 1748/1748 1750/1750
f 1750/1750 1749/1749 1751/1751
f 1751/1751 1749/1749 1752/1752
f 1752/1752 1749/1749 1737/1737
f 1737/1737 1753/1753 1752/1752
f 1737/1737 1717/1717 1753/1753
f 1752/1752 1753/1753 1754/1754
f 1753/1753 1717/1717 1705/1705
f 1705/1705 1754/1754 1753/1753
f 1755/1755 1756/1756 1757/1757
f 1758/1758 1757/1757 1756/1756
f 1759/1759 1755/1755 1757/1757
f 1760/1760 1755/1755 1759/1759
f 1757/1757 1758/1758 1761/1761
f 1758/1758 1762/1762 1761/1761
f 1763/1763 1757/1757 1761/1761
f 1759/1759 1757/1757 1763/1763
f 1764/1764 1761/1761 1762/1762
f 1761/1761 1764/1764 1763/1763
f 1765/1765 1764/1764 1762/1762
f 1766/1766 1765/1765 1762/1762
f 1767/1767 1765/1765 1766/1766
f 1766/1766 1768/1768 1767/1767
f 1764/1764 1765/1765 1769/1769
f 1765/1765 1767/1767 1769/1769
f 1770/1770 1763/1763 1764/1764
f 1770/1770 1764/1764 1769/1769
f 1771/1771 1763/1763 1770/1770
f 1759/1759 1763/1763 1771/1771
f 1772/1772 1770/1770 1769/1769
f 1770/1770 1772/1772 1771/1771
f 1769/1769 1773/1773 1772/1772
f 1773/1773 1769/1769 1767/1767
f 1771/1771 1772/1772 1774/1774
f 1774/1774 1772/1772 1773/1773
f 1775/1775 1759/1759 1771/1771
f 1771/1771 1774/1774 1775/1775
f 1768/1768 1776/1776 1767/1767
f 1768/1768 1777/1777 1776/1776
f 1778/1778 1776/1776 1777/1777
f 1776/1776 1778/1778 1779/1779
f 1780/1780 1767/1767 1776/1776
f 1779/1779 1780/1780 1776/1776
f 1767/1767 1781/1781 1773/1773
f 1767/1767 1780/1780 1781/1781
f 1780/1780 1779/1779 1782/1782
f 1781/1781 1780/1780 1782/1782
f 1783/1783 1782/1782 1779/1779
f 1784/1784 1773/1773 1781/1781
f 1773/1773 1784/1784 1774/1774
f 1759/1759 1775/1775 1785/1785
f 1785/1785 1760/1760 1759/1759
f 1760/1760 1785/1785 1786/1786
f 1786/1786 1787/1787 1760/1760
f 1788/1788 1787/1787 1786/1786
f 1789/1789 1786/1786 1785/1785
f 1785/1785 1775/1775 1789/1789
f 1788/1788 1786/1786 1789/1789
f 1775/1775 1774/1774 1790/1790
f 1775/1775 1790/1790 1789/1789
f 1789/1789 1791/1791 1788/1788
f 1792/1792 1788/1788 1791/1791
f 1781/1781 1793/1793 1784/1784
f 1782/1782 1793/1793 1781/1781
f 1774/1774 1784/1784 1794/1794
f 1774/1774 1794/1794 1790/1790
f 1784/1784 1793/1793 1795/1795
f 1793/1793 1782/1782 1795/1795
f 1784/1784 1795/1795 1794/1794
f 1789/1789 1790/1790 1796/1796
f 1789/1789 1796/1796 1791/1791
f 1792/1792 1791/1791 1797/1797
f 1797/1797 1798/1798 1792/1792
f 1791/1791 1799/1799 1797/1797
f 1798/1798 1797/1797 1799/1799
f 1791/1791 1796/1796 1799/1799
f 1800/1800 1798/1798 1799/1799
f 1782/1782 1801/1801 1795/1795
f 1783/1783 1801/1801 1782/1782
f 1783/1783 1802/1802 1801/1801
f 1794/1794 1795/1795 1803/1803
f 1795/1795 1801/1801 1803/1803
f 1790/1790 1794/1794 1804/1804
f 1790/1790 1804/1804 1796/1796
f 1794/1794 1803/1803 1804/1804
f 1796/1796 1805/1805 1799/1799
f 1799/1799 1805/1805 1800/1800
f 1796/1796 1804/1804 1805/1805
f 1801/1801 1802/1802 1806/1806
f 1801/1801 1806/1806 1803/1803
f 1802/1802 1807/1807 1806/1806
f 1808/1808 1806/1806 1807/1807
f 1803/1803 1806/1806 1808/1808
f 1808/1808 1800/1800 1809/1809
f 1805/1805 1809/1809 1800/1800
f 1804/1804 1809/1809 1805/1805
f 1804/1804 1803/1803 1809/1809
f 1808/1808 1809/1809 1803/1803
f 1810/1810 1811/1811 1812/1812
f 1813/1813 1811/1811 1810/1810
f 1812/1812 1811/1811 1813/1813
f 1813/1813 1814/1814 1812/1812
f 1812/1812 1815/1815 1810/1810
f 1812/1812 1814/1814 1815/1815
f 1816/1816 1814/1814 1813/1813
f 1810/1810 1816/1816 1813/1813
f 1810/1810 1815/1815 1817/1817
f 1814/1814 1817/1817 1815/1815
f 1814/1814 1816/1816 1817/1817
f 1817/1817 1816/1816 1810/1810
f 1818/1818 1819/1819 1820/1820
f 1821/1821 1819/1819 1818/1818
f 1820/1820 1819/1819 1821/1821
f 1821/1821 1822/1822 1820/1820
f 1820/1820 1823/1823 1818/1818
f 1820/1820 1822/1822 1823/1823
f 1824/1824 1822/1822 1821/1821
f 1818/1818 1824/1824 1821/1821
f 1818/1818 1823/1823 1825/1825
f 1822/1822 1825/1825 1823/1823
f 1822/1822 1824/1824 1825/1825
f 1825/1825 1824/1824 1818/1818
f 1826/1826 1827/1827 1828/1828
f 1829/1829 1827/1827 1826/1826
f 1829/1829 1828/1828 1827/1827
f 1830/1830 1829/1829 1826/1826
f 1828/1828 1831/1831 1826/1826
f 1831/1831 1830/1830 1826/1826
f 1829/1829 1830/1830 1832/1832
f 1832/1832 1828/1828 1829/1829
f 1831/1831 1828/1828 1833/1833
f 1830/1830 1831/1831 1833/1833
f 1833/1833 1832/1832 1830/1830
f 1828/1828 1832/1832 1833/1833
f 1834/1834 1835/1835 1836/1836
f 1837/1837 1835/1835 1834/1834
f 1837/1837 1836/1836 1835/1835
f 1836/1836 1838/1838 1834/1834
f 1839/1839 1837/1837 1834/1834
f 1838/1838 1839/1839 1834/1834
f 1840/1840 1836/1836 1837/1837
f 1838/1838 1836/1836 1840/1840
f 1837/1837 1839/1839 1840/1840
f 1840/1840 1841/1841 1838/1838
f 1841/1841 1840/1840 1839/1839
f 1839/1839 1838/1838 1841/1841
f 1842/1842 1843/1843 1844/1844
f 1845/1845 1843/1843 1842/1842
f 1844/1844 1843/1843 1845/1845
f 1844/1844 1846/1846 1842/1842
f 1845/1845 1847/1847 1844/1844
f 1846/1846 1844/1844 1847/1847
f 1848/1848 1845/1845 1842/1842
f 1848/1848 1842/1842 1846/1846
f 1847/1847 1845/1845 1848/1848
f 1846/1846 1849/1849 1848/1848
f 1848/1848 1849/1849 1847/1847
f 1849/1849 1846/1846 1847/1847
f 1850/1850 1851/1851 1852/1852
f 1853/1853 1851/1851 1850/1850
f 1852/1852 1851/1851 1853/1853
f 1852/1852 1854/1854 1850/1850
f 1853/1853 1855/1855 1852/1852
f 1854/1854 1852/1852 1855/1855
f 1856/1856 1853/1853 1850/1850
f 1856/1856 1850/1850 1854/1854
f 1855/1855 1853/1853 1856/1856
f 1854/1854 1857/1857 1856/1856
f 1856/1856 1857/1857 1855/1855
f 1857/1857 1854/1854 1855/1855
f 1858/1858 1859/1859 1860/1860
f 1861/1861 1859/1859 1858/1858
f 1860/1860 1859/1859 1861/1861
f 1861/1861 1862/1862 1860/1860
f 1860/1860 1863/1863 1858/1858
f 1860/1860 1862/1862 1863/1863
f 1864/1864 1862/1862 1861/1861
f 1858/1858 1864/1864 1861/1861
f 1858/1858 1863/1863 1865/1865
f 1862/1862 1865/1865 1863/1863
f 1862/1862 1864/1864 1865/1865
f 1865/1865 1864/1864 1858/1858
f 1866/1866 1867/1867 1868/1868
f 1869/1869 1867/1867 1866/1866
f 1868/1868 1867/1867 1869/1869
f 1869/1869 1870/1870 1868/1868
f 1868/1868 1871/1871 1866/1866
f 1868/1868 1870/1870 1871/1871
f 1872/1872 1870/1870 1869/1869
f 1866/1866 1872/1872 1869/1869
f 1866/1866 1871/1871 1873/1873
f 1870/1870 1873/1873 1871/1871
f 1870/1870 1872/1872 1873/1873
f 1873/1873 1872/1872 1866/1866
f 1874/1874 1875/1875 1876/1876
f 1874/1874 1877/1877 1875/1875
f 1876/1876 1875/1875 1877/1877
f 1876/1876 1878/1878 1874/1874
f 1878/1878 1876/1876 1879/1879
f 1877/1877 1879/1879 1876/1876
f 1874/1874 1878/1878 1880/1880
f 1880/1880 1878/1878 1879/1879
f 1880/1880 1881/1881 1874/1874
f 1877/1877 1874/1874 1881/1881
f 1882/1882 1880/1880 1879/1879
f 1881/1881 1880/1880 1882/1882
f 1883/1883 1879/1879 1877/1877
f 1879/1879 1883/1883 1882/1882
f 1881/1881 1884/1884 1877/1877
f 1882/1882 1884/1884 1881/1881
f 1884/1884 1885/1885 1877/1877
f 1883/1883 1877/1877 1885/1885
f 1882/1882 1886/1886 1884/1884
f 1884/1884 1886/1886 1885/1885
f 1887/1887 1882/1882 1883/1883
f 1882/1882 1887/1887 1886/1886
f 1888/1888 1883/1883 1885/1885
f 1883/1883 1888/1888 1887/1887
f 1887/1887 1889/1889 1886/1886
f 1889/1889 1887/1887 1888/1888
f 1890/1890 1888/1888 1885/1885
f 1886/1886 1890/1890 1885/1885
f 1889/1889 1891/1891 1886/1886
f 1886/1886 1891/1891 1890/1890
f 1892/1892 1888/1888 1890/1890
f 1888/1888 1892/1892 1889/1889
f 1893/1893 1891/1891 1889/1889
f 1891/1891 1893/1893 1890/1890
f 1889/1889 1892/1892 1893/1893
f 1890/1890 1893/1893 1892/1892
