# ground_junk_a_LOD0
v -0.466075629 0.027109541 0.330420226
v -0.432569921 0.0263942163 0.344405442
v -0.41431284 0.0485727154 0.313810408
v -0.256431103 0.0207349323 0.444257319
v -0.272132635 0.0215818416 0.434624076
v -0.255615622 0.00438363943 0.394179463
v 0.677479327 0.00322910002 -0.655638337
v 0.697070301 0.00362365157 -0.625070155
v 0.670110404 -0.00860924181 -0.601777732
v 0.825991392 0.00674514147 -0.468946487
v 0.813777983 0.00627801241 -0.482736647
v 0.776815951 0.0157639515 -0.459447473
v 0.0981205851 -0.0016261714 0.0558326654
v 0.177268714 0.00288194837 -0.0551302098
v 0.193176076 -0.00159281807 -0.0392228477
v 0.082204178 0.00285111857 0.0399162658
v 0.163783133 0.015625136 -0.0686158016
v 0.0687109306 0.0156015772 0.0264230166
v 0.059695024 0.0346839093 0.0174071062
v 0.154772326 0.0346966721 -0.0776266009
v 0.0565290451 0.0571931005 0.0142411264
v 0.151608154 0.0571931265 -0.080790773
v 0.154772311 0.0796894357 -0.0776266158
v 0.0596950129 0.0797022134 0.0174070932
v 0.163783103 0.0987609774 -0.068615824
v 0.0687109232 0.0987845808 0.0264229979
v 0.082204178 0.111535035 0.0399162509
v 0.177268714 0.111504145 -0.0551302172
v 0.0981205702 0.116012372 0.0558326393
v 0.193176076 0.115978993 -0.0392228588
v 0.209083393 0.111504182 -0.0233155396
v 0.114036955 0.111534983 0.0717490241
v 0.222569004 0.0987610444 -0.0098299291
v 0.127530202 0.0987846255 0.0852422789
v 0.136546135 0.0797022283 0.0942582041
v 0.231579795 0.0796894431 -0.000819128123
v 0.139712095 0.0571930967 0.0974241644
v 0.234743968 0.0571930483 0.00234504812
v 0.23157981 0.0346966311 -0.000819116598
v 0.136546135 0.0346839316 0.0942582116
v 0.222569004 0.0156251919 -0.00982990861
v 0.127530217 0.0156015651 0.0852423012
v 0.114036955 0.00285117468 0.071749039
v 0.209083438 0.00288201775 -0.02331548
v 0.0981205851 -0.0016261714 0.0558326654
v 0.193176076 -0.00159281807 -0.0392228477
v -0.469693899 0.0296186041 -0.548271716
v -0.327560365 0.0562269837 -0.494600356
v -0.324393541 0.0296185818 -0.505157173
v -0.472822636 0.0559065901 -0.537842095
v -0.480376035 0.0667954385 -0.512662649
v -0.335205883 0.0672485605 -0.469114035
v -0.342851371 0.0562269874 -0.443627656
v -0.490244359 0.0527161099 -0.539737284
v -0.487495333 0.0296186116 -0.5489012
v -0.519745767 0.029618606 -0.54303658
v -0.487929434 0.0559066013 -0.487483174
v -0.346018225 0.0296186078 -0.433070868
v -0.491058201 0.0296186116 -0.477053523
v -0.342851341 0.0030102001 -0.443627656
v -0.521242142 0.0421915799 -0.538048267
v -0.587291718 0.0391035154 -0.554638028
v -0.586162806 0.0296186078 -0.558401108
v -0.59503895 0.0296186134 -0.563388228
v -0.496881068 0.0622834153 -0.517613828
v -0.503517687 0.0527161248 -0.495490342
v -0.528467417 0.0421915874 -0.513962686
v -0.524854779 0.0473994873 -0.526005507
v -0.506266713 0.0296186116 -0.486326486
v -0.529963851 0.0296186116 -0.508974433
v -0.593871295 0.0296186153 -0.532705069
v -0.59001708 0.0430322923 -0.545553088
v -0.599532843 0.045258712 -0.548407674
v -0.592742383 0.0391035154 -0.536468208
v -0.602710485 0.0406778343 -0.537814796
v -0.604026675 0.0296186153 -0.53342706
v -0.612685025 0.0296186339 -0.536358833
v -0.611395717 0.0404513255 -0.540656686
v -0.608283103 0.0449383743 -0.551032603
v -0.605170488 0.0404513143 -0.56140846
v -0.59635514 0.0406778343 -0.559000552
v -0.603881299 0.0296186153 -0.565706313
v -0.59503895 0.0296186134 -0.563388228
v -0.605170608 0.01878592 -0.56140846
v -0.603881299 0.0296186153 -0.565706313
v -0.59635514 0.0185593907 -0.559000552
v -0.599532843 0.0139785148 -0.548407674
v -0.608283222 0.0142988777 -0.551032603
v -0.586162806 0.0296186078 -0.558401108
v -0.611395717 0.018785933 -0.540656626
v -0.587291718 0.0201337077 -0.554638028
v -0.521242142 0.0170456301 -0.538048267
v -0.519745767 0.029618606 -0.54303658
v -0.602710485 0.0185593925 -0.537814796
v -0.592742383 0.0201337095 -0.536468208
v -0.612685025 0.0296186339 -0.536358833
v -0.604026675 0.0296186153 -0.53342706
v -0.593871295 0.0296186153 -0.532705069
v -0.529963851 0.0296186116 -0.508974433
v -0.59001708 0.0162049346 -0.545553088
v -0.528467417 0.0170456301 -0.513962686
v -0.506266713 0.0296186116 -0.486326486
v -0.524854779 0.0118377348 -0.526005447
v -0.490244389 0.00652110064 -0.539737344
v -0.487495333 0.0296186116 -0.5489012
v -0.469693899 0.0296186041 -0.548271716
v -0.496881068 -0.00304619479 -0.517613828
v -0.480376035 -0.00755822798 -0.51266259
v -0.472822636 0.00333061116 -0.537842035
v -0.324393541 0.0296185818 -0.505157173
v -0.327560425 0.00301018916 -0.494600356
v -0.335205883 -0.00801137649 -0.469113976
v -0.503517687 0.00652110809 -0.495490342
v -0.487929434 0.00333062233 -0.487483174
v 0.424476117 0.0296186805 0.300717264
v 0.410734177 0.056227047 0.14941062
v 0.399853736 0.0296186488 0.151168644
v 0.435225606 0.0559066683 0.298980415
v 0.461176962 0.0667954981 0.294787288
v 0.437001914 0.0672486126 0.145166382
v 0.463269651 0.0562270358 0.140922159
v 0.441123754 0.0527161807 0.315482557
v 0.431678951 0.0296186861 0.317008615
v 0.451030791 0.0296186768 0.343465954
v 0.487128437 0.0559066534 0.29059419
v 0.474150062 0.0296186544 0.139164135
v 0.497877836 0.0296186637 0.288857341
v 0.463269651 0.00301024644 0.140922174
v 0.456172019 0.0421916507 0.342635214
v 0.470071971 0.03910359 0.409302711
v 0.466193497 0.0296186842 0.409929395
v 0.465580255 0.0296186898 0.420092046
v 0.46392554 0.0622834824 0.311798304
v 0.486727357 0.0527161807 0.308114111
v 0.480996042 0.0421916507 0.338624299
v 0.468584001 0.0473995544 0.340629756
v 0.49617213 0.0296186656 0.306588054
v 0.486137271 0.029618673 0.337793559
v 0.492677331 0.0296186823 0.405650198
v 0.479435444 0.0430323631 0.407789826
v 0.481020063 0.0452587828 0.417597294
v 0.488798946 0.0391035862 0.406276911
v 0.491937727 0.0406779051 0.415833265
v 0.496459961 0.0296186823 0.415102601
v 0.497600913 0.0296187028 0.424172342
v 0.493171304 0.0404513963 0.424888015
v 0.482477278 0.0449384451 0.426615924
v 0.47178328 0.0404513925 0.428343803
v 0.470102459 0.0406779088 0.419361323
v 0.467353702 0.0296186935 0.429059565
v 0.465580255 0.0296186898 0.420092046
v 0.47178328 0.0187859945 0.428343832
v 0.467353702 0.0296186935 0.429059565
v 0.470102459 0.018559467 0.419361323
v 0.481020063 0.0139785837 0.417597294
v 0.482477278 0.0142989522 0.426615924
v 0.466193497 0.0296186842 0.409929395
v 0.493171275 0.0187860001 0.424888015
v 0.470071971 0.020133784 0.409302711
v 0.456172019 0.0170457009 0.342635214
v 0.451030791 0.0296186768 0.343465954
v 0.491937727 0.0185594633 0.415833324
v 0.488798946 0.0201337785 0.406276911
v 0.497600913 0.0296187028 0.424172342
v 0.496459961 0.0296186823 0.415102601
v 0.492677331 0.0296186823 0.405650198
v 0.486137271 0.029618673 0.337793559
v 0.479435444 0.0162050072 0.407789826
v 0.480996042 0.0170456972 0.338624299
v 0.49617213 0.0296186656 0.306588054
v 0.468584001 0.0118378028 0.340629756
v 0.441123754 0.00652117422 0.315482557
v 0.431678951 0.0296186861 0.317008615
v 0.424476117 0.0296186805 0.300717264
v 0.46392554 -0.00304612564 0.311798334
v 0.461176962 -0.00755815627 0.294787318
v 0.435225546 0.00333068473 0.298980445
v 0.399853736 0.0296186488 0.151168644
v 0.410734177 0.00301025435 0.149410635
v 0.437001854 -0.00801131222 0.145166397
v 0.486727357 0.00652116584 0.308114141
v 0.487128407 0.00333067682 0.29059419
v -0.390163541 0.0296187792 0.781332076
v -0.510428727 0.0562271662 0.688494503
v -0.516540349 0.0296187699 0.697666287
v -0.384125501 0.0559067614 0.77227062
v -0.36954844 0.066795595 0.750394404
v -0.495674014 0.0672487319 0.666351616
v -0.480919331 0.056227155 0.644208729
v -0.368016571 0.0527162775 0.779170752
v -0.373321801 0.0296187829 0.787132502
v -0.340764463 0.029618768 0.790941119
v -0.354971409 0.0559067465 0.728518188
v -0.47480768 0.0296187699 0.635036886
v -0.348933399 0.0296187568 0.719456792
v -0.480919331 0.00301036239 0.644208729
v -0.337876648 0.0421917439 0.786607265
v -0.279550523 0.0391036682 0.821761549
v -0.281729102 0.0296187662 0.825031042
v -0.274696261 0.029618768 0.832392633
v -0.355208695 0.0622835755 0.759949565
v -0.342400849 0.0527162738 0.740728438
v -0.323932856 0.0421917364 0.765681446
v -0.330904752 0.0473996438 0.776144326
v -0.337095648 0.0296187568 0.732766807
v -0.321045041 0.0296187606 0.761347592
v -0.266852975 0.0296187606 0.802705884
v -0.274291039 0.043032445 0.813868463
v -0.266023636 0.045258861 0.819377422
v -0.269031525 0.0391036607 0.805975378
v -0.259891123 0.0406779796 0.810174167
v -0.257350951 0.0296187587 0.806362033
v -0.249926195 0.0296187773 0.811694443
v -0.252414346 0.0404514745 0.815428436
v -0.258421242 0.0449385196 0.824443161
v -0.264428109 0.040451467 0.833457828
v -0.27215609 0.040677987 0.828580618
v -0.266916186 0.0296187736 0.83719188
v -0.274696261 0.029618768 0.832392633
v -0.264428079 0.0187860765 0.833457947
v -0.266916186 0.0296187736 0.83719188
v -0.27215609 0.0185595453 0.828580558
v -0.266023636 0.0139786638 0.819377422
v -0.258421212 0.0142990248 0.824443161
v -0.281729102 0.0296187662 0.825031042
v -0.252414346 0.0187860802 0.815428495
v -0.279550523 0.0201338623 0.821761549
v -0.337876648 0.0170457903 0.786607265
v -0.340764463 0.029618768 0.790941119
v -0.259891123 0.0185595397 0.810174167
v -0.269031525 0.0201338604 0.805975378
v -0.249926195 0.0296187773 0.811694443
v -0.257350951 0.0296187587 0.806362033
v -0.266852975 0.0296187606 0.802705884
v -0.321045041 0.0296187606 0.761347592
v -0.274291039 0.0162050854 0.813868463
v -0.323932856 0.0170457847 0.765681446
v -0.337095648 0.0296187568 0.732766807
v -0.330904752 0.0118378913 0.776144326
v -0.368016571 0.00652127014 0.779170752
v -0.373321801 0.0296187829 0.787132502
v -0.390163541 0.0296187792 0.781332076
v -0.355208695 -0.00304603181 0.759949625
v -0.36954844 -0.00755806081 0.750394404
v -0.384125501 0.00333078252 0.77227062
v -0.516540349 0.0296187699 0.697666287
v -0.510428786 0.00301037566 0.688494503
v -0.495674044 -0.00801119395 0.666351616
v -0.342400849 0.0065212613 0.740728438
v -0.354971409 0.00333076948 0.728518188
v 0.505784571 0.00516617997 0.200113043
v 0.668234468 0.0563577972 0.548487961
v 0.505784571 0.0563577861 0.200113028
v 0.668234468 0.00516619114 0.548487961
v 0.755614281 0.05635776 0.0836155117
v 0.918064177 0.00516616413 0.431990415
v 0.755614281 0.00516615249 0.0836155191
v 0.918064177 0.0563577674 0.431990385
v 0.748979092 0.00516615249 0.0812004656
v 0.755614281 0.05635776 0.0836155117
v 0.755614281 0.00516615249 0.0836155191
v 0.748979092 0.05635776 0.0812004656
v 0.508199632 0.0563577861 0.193477795
v 0.508199573 0.0051661795 0.19347778
v 0.505784571 0.00516617997 0.200113043
v 0.505784571 0.0563577861 0.200113028
v 0.674869657 0.00516619114 0.550903022
v 0.668234468 0.0563577972 0.548487961
v 0.668234468 0.00516619114 0.548487961
v 0.674869657 0.0563577972 0.550903022
v 0.915649176 0.0051661646 0.438625634
v 0.915649176 0.0563577749 0.438625664
v 0.918064177 0.00516616413 0.431990415
v 0.918064177 0.0563577674 0.431990385
v -0.901981711 0.0170472302 0.321510702
v -0.87707907 0.00989395287 0.310768932
v -0.895622313 0.00779176876 0.327870101
v -0.882734299 0.018124558 0.305113673
v -0.903890193 0.0296671912 0.319602162
v -0.862234414 0.00772768538 0.294438332
v -0.884431541 0.0293470826 0.303416461
v -0.899631083 0.0410807021 0.323861271
v -0.880643964 0.0394967385 0.307203948
v -0.891734004 0.0475474782 0.33175841
v -0.873621345 0.0452474393 0.314226627
v -0.882742286 0.0453459248 0.340750128
v -0.865625262 0.0432896763 0.32222265
v -0.849310994 0.0454085767 0.307361782
v -0.858333051 0.0476175584 0.298339754
v -0.825510144 0.0739848465 0.303169787
v -0.866256833 0.0411289446 0.290415943
v -0.870530307 0.0296769403 0.286142468
v -0.868615329 0.0170143992 0.288057446
v -0.848374367 0.079586558 0.280305624
v -0.874432266 0.00204272312 0.254247725
v -0.858261466 -0.0214913357 0.270418495
v -0.847568631 -0.016019376 0.251854211
v -0.879285336 0.0341263674 0.24939464
v -0.868455231 0.0631415844 0.26022476
v -0.867583454 0.00484983204 0.231839448
v -0.824660957 0.00134531246 0.239118055
v -0.835331202 0.073599577 0.264091671
v -0.807031929 0.0686269253 0.292390943
v -0.873590171 0.0332930982 0.225832686
v -0.860185504 0.0590143129 0.239237279
v -0.845597208 0.0137435971 0.218181774
v -0.811860085 0.0643296242 0.251918972
v -0.782257915 0.0516515039 0.281521171
v -0.85188055 0.030648822 0.211898461
v -0.837858796 0.0459379517 0.225920215
v -0.654080749 0.00814533606 0.0266642869
v -0.635921121 0.000214426283 0.0503776632
v -0.679585934 0.0234619398 0.03960279
v -0.668008506 0.0396339782 0.056069117
v -0.64207238 0.0535076931 0.0821308941
v -0.611364126 0.00343927345 -0.0141177317
v -0.589012384 -0.00365693681 -0.0060982923
v -0.632966518 0.0158506539 -0.0106527777
v -0.648287952 0.0296522342 0.00190094346
v -0.655350327 0.0431222208 0.0220439713
v -0.652261317 0.0532669164 0.045622237
v -0.638086677 0.0568781085 0.0670904219
v -0.620099783 0.0581067838 0.0875589177
v -0.612533569 0.0494585708 0.111797243
v -0.596588254 0.0519651622 0.098666124
v -0.572506428 0.0403954163 0.0993804559
v -0.588382363 0.0329920575 0.132349208
v -0.554327548 0.0276847929 0.0918876752
v -0.56568718 0.0170376115 0.118200913
v -0.542885602 0.0137443943 0.0751740634
v -0.542176902 0.00298270467 0.0541473553
v -0.75990659 0.0401000902 0.303872496
v -0.576449096 0.00325258495 0.104592949
v -0.548928618 -0.00610156823 0.029048061
v -0.78566438 0.0491978452 0.313758492
v -0.807031929 0.0686269253 0.292390943
v -0.755633235 0.0229883268 0.308145881
v -0.607410967 -0.000586128794 0.0816320702
v -0.565368652 -0.00857560616 0.00761126122
v -0.589012384 -0.00365693681 -0.0060982923
v -0.635921121 0.000214426283 0.0503776632
v -0.767817974 0.00718650781 0.295961112
v -0.794779122 -0.000440039817 0.269000024
v -0.824660957 0.00134531246 0.239118055
v -0.847568631 -0.016019376 0.251854211
v -0.781579018 0.0204033628 0.317843825
v -0.793227494 -0.00618971977 0.306195319
v -0.819001913 -0.0190130379 0.280420929
v -0.835181236 -0.0248751901 0.293498725
v -0.858261466 -0.0214913357 0.270418495
v -0.862234414 0.00772768538 0.294438332
v -0.814357042 -0.0104048504 0.314322948
v -0.804945707 0.0195874814 0.323734224
v -0.853127122 0.00639040675 0.303545654
v -0.87707907 0.00989395287 0.310768932
v -0.808246434 0.0520647466 0.320433527
v -0.825510144 0.0739848465 0.303169787
v -0.849310994 0.0454085767 0.307361782
v -0.844910026 0.0121029029 0.31176272
v -0.841196418 0.0239389557 0.315476358
v -0.842498839 0.03675621 0.314173937
v -0.865625262 0.0432896763 0.32222265
v -0.869007468 0.00870876852 0.318840504
v -0.895622313 0.00779176876 0.327870101
v -0.886545599 0.00645897118 0.336946785
v -0.861724854 0.0137716327 0.326123118
v -0.878356099 0.0121522844 0.345136255
v -0.858433485 0.0242616534 0.329414427
v -0.874655008 0.0239485279 0.348837376
v -0.859587848 0.0356212854 0.328260124
v -0.875953019 0.0367226638 0.347539335
v -0.882742286 0.0453459248 0.340750128
v 0.284662157 0.01704726 0.73222661
v 0.283085406 0.00989398453 0.705151975
v 0.292813152 0.00779179716 0.728425801
v 0.275837004 0.0181245878 0.708531916
v 0.282215953 0.029667221 0.733367264
v 0.272816867 0.00772771006 0.685617208
v 0.273661703 0.0293471124 0.709546268
v 0.287674934 0.0410807319 0.730821729
v 0.278516144 0.0394967683 0.707282543
v 0.297796786 0.047547508 0.726101816
v 0.28751722 0.0452474691 0.703085303
v 0.309321582 0.0453459509 0.720727742
v 0.297765851 0.0432897024 0.698306322
v 0.289381027 0.0454085991 0.677893102
v 0.277817369 0.0476175807 0.683285415
v 0.293582231 0.0739848688 0.654093981
v 0.267661363 0.0411289744 0.688021243
v 0.262183964 0.0296769682 0.690575421
v 0.264638394 0.0170144271 0.689430833
v 0.264276952 0.0795865878 0.667759299
v 0.230878159 0.00204275642 0.683333397
v 0.251604438 -0.0214913096 0.673668563
v 0.237816855 -0.0160193499 0.657271206
v 0.224657938 0.0341264009 0.686233938
v 0.23853901 0.0631416142 0.679761112
v 0.212163687 0.0048498665 0.669233561
v 0.23368372 0.00134533667 0.631389081
v 0.253501803 0.0735996068 0.64995718
v 0.289773375 0.0686269403 0.633043528
v 0.204464778 0.0332931355 0.672823548
v 0.221645638 0.0590143465 0.664811969
v 0.206849381 0.0137436287 0.643902063
v 0.250090778 0.0643296465 0.623738348
v 0.288032293 0.0516515225 0.606045961
v 0.198796004 0.0306488574 0.647657454
v 0.216767862 0.0459379852 0.639276922
v 0.0923843458 0.00814536028 0.398432583
v 0.120878607 0.000214446132 0.389478594
v 0.0958192647 0.0234619677 0.426824868
v 0.115252309 0.0396340005 0.421577454
v 0.148613065 0.0535077117 0.406119078
v 0.0686717406 0.00343929278 0.344343841
v 0.0838522539 -0.00365691446 0.326082945
v 0.0645392537 0.0158506799 0.365828544
v 0.0710956529 0.0296522602 0.384519607
v 0.0876084492 0.0431222431 0.398045391
v 0.110821262 0.0532669388 0.403206944
v 0.135842785 0.0568781272 0.397229642
v 0.161228761 0.0581067987 0.387328088
v 0.186593115 0.0494585782 0.388508171
v 0.179707557 0.0519651733 0.369033426
v 0.188615263 0.04039542 0.346648216
v 0.214165837 0.032992065 0.372842669
v 0.187791884 0.0276847985 0.327002943
v 0.208633035 0.0170376152 0.346677125
v 0.175999597 0.013744398 0.310534656
v 0.156483367 0.00298271445 0.302677095
v 0.316680282 0.0401001014 0.59268713
v 0.192164958 0.00325259101 0.352135837
v 0.130588517 -0.00610155519 0.300437212
v 0.317160457 0.0491978601 0.620272756
v 0.289773375 0.0686269403 0.633043528
v 0.322157562 0.022988338 0.590133071
v 0.159999162 -0.000586119422 0.373377442
v 0.104821667 -0.00857558846 0.308553964
v 0.0838522539 -0.00365691446 0.326082945
v 0.120878607 0.000214446132 0.389478594
v 0.306540191 0.00718651852 0.597415566
v 0.271983802 -0.000440022559 0.613529444
v 0.23368372 0.00134533667 0.631389081
v 0.237816855 -0.0160193499 0.657271206
v 0.322396606 0.0204033758 0.617831051
v 0.307466626 -0.00618970674 0.624792993
v 0.274431199 -0.0190130174 0.640197635
v 0.28118667 -0.0248751678 0.659874201
v 0.251604438 -0.0214913096 0.673668563
v 0.272816867 0.00772771006 0.685617208
v 0.307877332 -0.0104048345 0.647428095
v 0.319939911 0.0195874982 0.641803205
v 0.284489781 0.0063904319 0.680173934
v 0.283085406 0.00989398453 0.705151975
v 0.315709382 0.0520647652 0.64377594
v 0.293582231 0.0739848688 0.654093981
v 0.289381027 0.0454085991 0.677893102
v 0.295021802 0.0121029299 0.675262809
v 0.299781591 0.0239389781 0.67304337
v 0.298112273 0.0367562324 0.673821807
v 0.297765851 0.0432897024 0.698306322
v 0.293430835 0.0087087946 0.700327754
v 0.292813152 0.00779179716 0.728425801
v 0.304446816 0.00645899819 0.723000824
v 0.302765101 0.0137716578 0.695975125
v 0.314943343 0.0121523123 0.71810627
v 0.30698362 0.0242616776 0.694007993
v 0.319687158 0.0239485539 0.715894222
v 0.305504113 0.0356213115 0.694697917
v 0.318023443 0.0367226861 0.716670036
v 0.309321582 0.0453459509 0.720727742
v -0.1399187 0.00991574954 0.17478238
v -0.168728068 0.0271316878 0.121564545
v -0.120430522 0.0257875957 0.14455004
v -0.185686246 0.000464498793 0.147022799
v -0.222445711 0.0288179014 0.091597639
v -0.240053222 0.00205211551 0.118813559
v -0.282596052 0.0308077298 0.0557976514
v -0.305593818 0.0112722712 0.0865529031
v -0.311811149 0.0314405225 0.03757938
v -0.278354049 -0.0199513715 0.18609418
v -0.305593818 0.0112722712 0.0865529031
v -0.321541399 0.0304271448 0.0825057998
v -0.334907591 0.00211606687 0.159812897
v -0.348420173 0.0281897131 0.153967381
v -0.223797187 -0.019809084 0.21519202
v -0.1399187 0.00991574954 0.17478238
v -0.349226445 -0.000872129807 0.192037582
v -0.35736078 0.0272964947 0.189377874
v -0.295803457 -0.0237328168 0.218398869
v -0.38014403 0.000431091001 0.242327362
v -0.395676643 0.0266639665 0.235581011
v -0.323338091 -0.0238035675 0.27193144
v -0.402529985 0.00118346454 0.285173714
v -0.411697149 0.0260743629 0.282389641
v -0.240833461 -0.0243491475 0.247539878
v -0.343461514 -0.0170128196 0.314487398
v -0.416785508 0.00482976623 0.309559107
v -0.433819413 0.0265378486 0.299186707
v -0.466075629 0.027109541 0.330420226
v -0.432569921 0.0263942163 0.344405442
v -0.369225383 0.0245455597 0.372544318
v -0.355211675 -0.00779084861 0.339662492
v -0.31681627 0.0230340324 0.405163109
v -0.265959203 -0.0219591297 0.30183515
v -0.288910836 -0.0158832334 0.34450531
v -0.301393449 -0.00728896772 0.370471865
v -0.272132635 0.0215818416 0.434624076
v -0.255615622 0.00438363943 0.394179463
v -0.222718477 0.00150097953 0.32354942
v -0.244660243 0.00233276817 0.367453724
v -0.247569308 0.021169655 0.398336172
v -0.256431103 0.0207349323 0.444257319
v -0.233370751 0.0210862402 0.373195589
v -0.212541729 0.0216997825 0.32976684
v -0.212570086 0.0032806932 0.264512718
v -0.202263981 0.0230159834 0.270838439
v -0.185109302 0.00289320224 0.240049645
v -0.212570086 0.0032806932 0.264512718
v -0.17511417 0.023238644 0.246291786
v -0.131411374 0.0244585015 0.181612551
v -0.102597117 0.0249195602 0.152665138
v -0.120430522 0.0257875957 0.14455004
v -0.376507282 0.0560369827 0.247895122
v -0.288200021 0.0785987973 0.228562802
v -0.343540251 0.0603027195 0.197411343
v -0.31667003 0.0731362775 0.281510055
v -0.399036735 0.0526496433 0.290474355
v -0.260360718 0.0671314672 0.309796035
v -0.338780254 0.0630919039 0.322537839
v -0.284511775 0.0580932982 0.351088375
v -0.242183015 0.0363330729 0.370737523
v -0.298240274 0.0483125299 0.375495136
v -0.233282879 0.0749971122 0.257294983
v -0.219726592 0.0399353057 0.327343404
v -0.41431284 0.0485727154 0.313810408
v -0.351779163 0.0527102835 0.345571905
v -0.433819413 0.0265378486 0.299186707
v -0.466075629 0.027109541 0.330420226
v -0.411697149 0.0260743629 0.282389641
v -0.376507282 0.0560369827 0.247895122
v -0.395676643 0.0266639665 0.235581011
v -0.369225383 0.0245455597 0.372544318
v -0.432569921 0.0263942163 0.344405442
v -0.31681627 0.0230340324 0.405163109
v -0.252341181 0.0344414003 0.397972286
v -0.272132635 0.0215818416 0.434624076
v -0.256431103 0.0207349323 0.444257319
v -0.247569308 0.021169655 0.398336172
v -0.233370751 0.0210862402 0.373195589
v -0.212541729 0.0216997825 0.32976684
v -0.202263981 0.0230159834 0.270838439
v -0.206139997 0.0433666967 0.26895687
v -0.17511417 0.023238644 0.246291786
v -0.182800189 0.0435272381 0.243653238
v -0.131411374 0.0244585015 0.181612551
v -0.137807116 0.0390162952 0.177818909
v -0.102597117 0.0249195602 0.152665138
v -0.120430522 0.0257875957 0.14455004
v -0.182383895 0.0533028208 0.151826948
v -0.182383895 0.0533028208 0.151826948
v -0.216847926 0.0715217888 0.22419481
v -0.206139997 0.0433666967 0.26895687
v -0.168728068 0.0271316878 0.121564545
v -0.236354798 0.0568698905 0.123354964
v -0.222445711 0.0288179014 0.091597639
v -0.271554947 0.0766072497 0.195272639
v -0.330750495 0.0595094003 0.165079355
v -0.343540251 0.0603027195 0.197411343
v -0.301590353 0.0546720475 0.0890578702
v -0.282596052 0.0308077298 0.0557976514
v -0.311811149 0.0314405225 0.03757938
v -0.321541399 0.0304271448 0.0825057998
v -0.301590353 0.0546720475 0.0890578702
v -0.348420173 0.0281897131 0.153967381
v -0.35736078 0.0272964947 0.189377874
v -0.376507282 0.0560369827 0.247895122
v 0.415875196 0.000840311637 -0.452866197
v 0.438889831 0.00118934363 -0.427258551
v 0.465184301 0.0119644254 -0.455247521
v 0.508335888 0.0170499515 -0.396304697
v 0.484590977 0.00228687283 -0.37423864
v 0.545557261 0.0179256368 -0.347662121
v 0.523430586 0.00321693625 -0.326540798
v 0.580842614 0.0127126575 -0.3074103
v 0.554453671 0.00395829789 -0.282968402
v 0.567943513 0.0291863102 -0.445706725
v 0.465184301 0.0119644254 -0.455247521
v 0.606072962 0.029107837 -0.397031546
v 0.580842614 0.0127126575 -0.3074103
v 0.532241046 0.0170146674 -0.496837407
v 0.458429426 0.00139925489 -0.47025001
v 0.415875196 0.000840311637 -0.452866197
v 0.524137855 0.00263334019 -0.509129643
v 0.596727312 0.0312720202 -0.468500733
v 0.561489701 0.0186628476 -0.516534448
v 0.557457924 0.00312600238 -0.524083436
v 0.60564667 0.0179440286 -0.555715144
v 0.596305609 0.00347487722 -0.569840193
v 0.644665301 0.0313110352 -0.504912853
v 0.643954813 0.0175290387 -0.585201144
v 0.639621198 0.00380007667 -0.593745589
v 0.634971082 0.0316119753 -0.419426143
v 0.683080256 0.0275654905 -0.532120407
v 0.665494323 0.0155178634 -0.603474617
v 0.652321637 0.00354443211 -0.618448615
v 0.677479327 0.00322910002 -0.655638337
v 0.697070301 0.00362365157 -0.625070155
v 0.735781372 0.00464331824 -0.567574322
v 0.705832601 0.022478966 -0.548063636
v 0.777005374 0.00547703076 -0.521625638
v 0.684078455 0.0302937161 -0.45359844
v 0.722114801 0.0269424543 -0.483610988
v 0.74551934 0.0222021583 -0.500413001
v 0.813777983 0.00627801241 -0.482736647
v 0.776815951 0.0157639515 -0.459447473
v 0.712971509 0.0173539333 -0.414785266
v 0.75239867 0.0168951433 -0.444017619
v 0.782306731 0.00650536455 -0.452245176
v 0.825991392 0.00674514147 -0.468946487
v 0.7600137 0.00655137748 -0.43389675
v 0.720861673 0.0062129735 -0.405842811
v 0.656593919 0.0163723119 -0.394539475
v 0.664613187 0.00548700895 -0.385488361
v 0.637271047 0.0165860429 -0.363247901
v 0.656593919 0.0163723119 -0.394539475
v 0.645153999 0.00536419777 -0.354488552
v 0.589046299 0.00469137635 -0.300218254
v 0.565542221 0.00443707732 -0.266815126
v 0.554453671 0.00395829789 -0.282968402
v 0.611761451 -0.0127262613 -0.553100467
v 0.608057141 -0.0251705684 -0.462777704
v 0.567769229 -0.0150790904 -0.511867881
v 0.655256271 -0.0221576393 -0.500009477
v 0.649781466 -0.0108579267 -0.582681417
v 0.692890525 -0.0188455787 -0.449467421
v 0.691821337 -0.0166175142 -0.528908134
v 0.729361713 -0.0138604436 -0.480421871
v 0.756062686 -0.00185824896 -0.442148238
v 0.751013756 -0.00846571568 -0.498180002
v 0.645889044 -0.0231839977 -0.413684189
v 0.71722728 -0.00384511543 -0.412497669
v 0.670110404 -0.00860924181 -0.601777732
v 0.712248206 -0.0108913705 -0.545709372
v 0.652321637 0.00354443211 -0.618448615
v 0.677479327 0.00322910002 -0.655638337
v 0.639621198 0.00380007667 -0.593745589
v 0.611761451 -0.0127262613 -0.553100467
v 0.596305609 0.00347487722 -0.569840193
v 0.735781372 0.00464331824 -0.567574322
v 0.697070301 0.00362365157 -0.625070155
v 0.777005374 0.00547703076 -0.521625638
v 0.781119764 -0.000814870233 -0.456881374
v 0.813777983 0.00627801241 -0.482736647
v 0.825991392 0.00674514147 -0.468946487
v 0.782306731 0.00650536455 -0.452245176
v 0.7600137 0.00655137748 -0.43389675
v 0.720861673 0.0062129735 -0.405842811
v 0.664613187 0.00548700895 -0.385488361
v 0.662087142 -0.0057377466 -0.388978809
v 0.645153999 0.00536419777 -0.354488552
v 0.641220868 -0.00582629023 -0.361599594
v 0.589046299 0.00469137635 -0.300218254
v 0.584199667 -0.00333820377 -0.305858076
v 0.565542221 0.00443707732 -0.266815126
v 0.554453671 0.00395829789 -0.282968402
v 0.550861895 -0.0112181604 -0.345244139
v 0.550861895 -0.0112181604 -0.345244139
v 0.61614567 -0.0212671254 -0.39175117
v 0.662087142 -0.0057377466 -0.388978809
v 0.523430586 0.00321693625 -0.326540798
v 0.513450563 -0.0131856399 -0.393451035
v 0.484590977 0.00228687283 -0.37423864
v 0.578163147 -0.0240720939 -0.440604806
v 0.538149297 -0.0146415187 -0.493657947
v 0.567769229 -0.0150790904 -0.511867881
v 0.468346447 -0.0119733978 -0.451739848
v 0.438889831 0.00118934363 -0.427258551
v 0.415875196 0.000840311637 -0.452866197
v 0.458429426 0.00139925489 -0.47025001
v 0.468346447 -0.0119733978 -0.451739848
v 0.524137855 0.00263334019 -0.509129643
v 0.557457924 0.00312600238 -0.524083436
v 0.611761451 -0.0127262613 -0.553100467
v -0.193721533 0.00434475811 0.399878412
v -0.213718951 0.00234292005 0.33935377
v -0.192255184 0.00287868408 0.399324179
v -0.216371819 0.00380398775 0.340051442
v -0.215046152 0.00381122436 0.33707267
v -0.216583967 0.0231258199 0.337635875
v -0.217897162 0.0229909085 0.340610117
v -0.215495214 0.0247766282 0.33999896
v -0.194055751 0.0283277668 0.399980813
v -0.195305377 0.0266947579 0.400456637
v -0.157050893 0.027988093 0.489072144
v -0.158298478 0.0263761319 0.48955065
v -0.12185128 0.0241420884 0.579228401
v -0.15672414 0.00474800449 0.488954335
v -0.192255184 0.00287868408 0.399324179
v -0.155257061 0.00331782876 0.48839283
v -0.123085953 0.0225324798 0.579690516
v -0.0990854427 0.021140134 0.639719963
v -0.121541515 0.00424019434 0.579106033
v -0.120054632 0.0028445113 0.57854861
v -0.101286627 0.0194028094 0.640836418
v -0.0983668491 0.0195083879 0.64222306
v -0.0968446732 0.0030306743 0.641649783
v -0.0997706801 0.00294820708 0.640262067
v -0.0972912014 0.00161444664 0.639039993
v -0.215046152 0.00381122436 0.33707267
v -0.143894628 0.00323088467 0.311403811
v -0.213718951 0.00234292005 0.33935377
v -0.144912705 0.0046848855 0.309758246
v -0.0580324046 0.00909836777 0.276969969
v -0.0571728796 0.00763446232 0.278209895
v -0.152981073 0.0311445855 0.31273216
v -0.216583967 0.0231258199 0.337635875
v -0.215495214 0.0247766282 0.33999896
v -0.152675822 0.0326791219 0.314665049
v -0.0661797598 0.0359264091 0.281445503
v -0.0663163289 0.034416575 0.279948682
v -0.0663163289 0.034416575 0.279948682
v -0.0580324046 0.00909836777 0.276969969
v 0.00654924195 0.0148440832 0.253372937
v 0.00716698635 0.013330196 0.254701257
v -0.0571728796 0.00763446232 0.278209895
v 0.0149978744 0.0191442538 0.251974851
v 0.00530844182 0.0308857989 0.253791243
v -0.0661797598 0.0359264091 0.281445503
v 0.00569872325 0.0323972665 0.255196393
v 0.0125789605 0.0241370797 0.251291394
v 0.0138780987 0.0255906023 0.252366215
v 0.0131956404 0.0206058435 0.251076013
v -0.0983668491 0.0195083879 0.64222306
v -0.0338702835 0.0276417863 0.617019653
v -0.0990854427 0.021140134 0.639719963
v -0.0331105329 0.0260667242 0.61878103
v 0.0545568541 0.0302387755 0.588286936
v 0.0539515242 0.0317638591 0.586957157
v 0.124202713 0.0313841216 0.563311458
v -0.0319966339 0.00688348338 0.618383765
v -0.0968446732 0.0030306743 0.641649783
v -0.0972912014 0.00161444664 0.639039993
v -0.0325577371 0.0054270844 0.61654377
v 0.0553370304 0.0103947958 0.586470127
v 0.0557428859 0.0118649863 0.587872624
v 0.124847561 0.0299071036 0.564628541
v 0.131362692 0.0256482102 0.554129064
v 0.126161397 0.0156786982 0.564156294
v 0.125784159 0.014209412 0.562742889
v 0.131821632 0.024214562 0.555518389
v 0.13250798 0.0206397604 0.555280924
v 0.132597476 0.0192033388 0.553701878
v 0.0516348295 0.0300682653 -0.51199013
v 0.0980374888 0.032070104 -0.468287528
v 0.0527567901 0.0315343402 -0.513084829
v 0.0962840244 0.030609034 -0.466178
v 0.0995439291 0.0306017995 -0.466120631
v 0.098383598 0.0112872012 -0.464964807
v 0.0951330364 0.0114221144 -0.465031713
v 0.0967020616 0.00963639561 -0.466950327
v 0.0514007844 0.00608525798 -0.511730552
v 0.0504413694 0.00771826832 -0.51079911
v -0.0137045262 0.0064249346 -0.582919896
v -0.0146654006 0.00803689938 -0.581991434
v -0.0805377662 0.0102709467 -0.652923286
v -0.0134596955 0.0296650268 -0.583166301
v 0.0527567901 0.0315343402 -0.513084829
v -0.012330723 0.0310952011 -0.584258616
v -0.0814784318 0.0118805552 -0.651999593
v -0.125740558 0.0132729029 -0.699120998
v -0.0802959651 0.0301728416 -0.653152287
v -0.0791624561 0.0315685272 -0.654264331
v -0.127682611 0.0150102265 -0.697597861
v -0.12770538 0.0149046499 -0.700830042
v -0.126542538 0.0313823633 -0.701967359
v -0.126521423 0.03146483 -0.698729098
v -0.124365985 0.0327985883 -0.700459719
v 0.0995439291 0.0306017995 -0.466120631
v 0.152877778 0.0311821327 -0.519757688
v 0.0980374888 0.032070104 -0.468287528
v 0.153938875 0.0297281314 -0.518139541
v 0.220372409 0.0253146421 -0.583022892
v 0.219611913 0.0267785415 -0.58432591
v 0.14783375 0.00326843304 -0.512083948
v 0.098383598 0.0112872012 -0.464964807
v 0.0967020616 0.00963639561 -0.466950327
v 0.146210968 0.0017338983 -0.513177454
v 0.212872952 -0.00151340163 -0.577530324
v 0.214171827 -3.56510168E-06 -0.576774001
v 0.214171827 -3.56510168E-06 -0.576774001
v 0.220372409 0.0253146421 -0.583022892
v 0.269051939 0.0195689183 -0.631581187
v 0.268109113 0.0210828111 -0.63270241
v 0.219611913 0.0267785415 -0.58432591
v 0.273889601 0.0152687514 -0.638647437
v 0.268148452 0.00352720427 -0.630633473
v 0.212872952 -0.00151340163 -0.577530324
v 0.267039895 0.00201573409 -0.631581008
v 0.273486704 0.0102759218 -0.636166334
v 0.273061663 0.00882240105 -0.637797952
v 0.27394253 0.0138071626 -0.636634171
v -0.12770538 0.0149046499 -0.700830042
v -0.0776060224 0.00677124411 -0.748632431
v -0.125740558 0.0132729029 -0.699120998
v -0.0788811892 0.00834630802 -0.750065446
v -0.0141942855 0.00417425064 -0.816631615
v -0.0132450042 0.00264916336 -0.815521061
v 0.0378747657 0.00302889757 -0.86919713
v -0.0780503601 0.0275295507 -0.750907063
v -0.126542538 0.0313823633 -0.701967359
v -0.124365985 0.0327985883 -0.700459719
v -0.0766199678 0.0289859511 -0.749620855
v -0.0122180255 0.0240182318 -0.816570938
v -0.0133176595 0.0225480404 -0.817531466
v 0.036953602 0.00450591557 -0.870338202
v 0.0492227338 0.008764809 -0.871805608
v 0.0379368328 0.0187343247 -0.871329427
v 0.0390583798 0.020203609 -0.870390177
v 0.0481575616 0.0101984562 -0.872808754
v 0.0486628823 0.0137732588 -0.873330414
v 0.0501317345 0.0152096795 -0.872744203
v 0.418575615 0.026103165 -0.156888425
v 0.454345465 0.0317964442 -0.129973173
v 0.429960996 0.0368048884 -0.142718926
v 0.454965264 0.0156598985 -0.148325756
v 0.41674003 0.0182844903 -0.175485924
v 0.472598642 0.00239707343 -0.190401584
v 0.52483511 0.0160743315 -0.109220549
v 0.492459297 0.0219392814 -0.116744049
v 0.426899403 0.0132931769 -0.194253266
v 0.513238251 0.0379800424 -0.108752184
v 0.446130216 0.0125377318 -0.203932121
v 0.525647402 0.0359820314 -0.106113166
v 0.473816454 0.0126788151 -0.200483471
v 0.549676955 0.0289121829 -0.109319992
v 0.526159465 0.0193603151 -0.183802918
v 0.563118815 0.0243075397 -0.12223357
v 0.552468836 0.0169857647 -0.154156789
v 0.55495435 0.0256201718 -0.169092044
v 0.567832232 0.0238088742 -0.140659317
v 0.563024521 0.027213065 -0.159177989
v -0.15709804 0.00716298958 -0.117821053
v -0.114279814 0.0014697134 -0.130879104
v -0.141553015 -0.00353872939 -0.127241954
v -0.119974323 0.0176062565 -0.113421321
v -0.165183634 0.0149816656 -0.100972898
v -0.117795169 0.030869076 -0.0678519979
v -0.0409433693 0.0171918217 -0.126271322
v -0.0739399046 0.0113268765 -0.130274728
v -0.162055776 0.0199729744 -0.0798626617
v -0.0516806915 -0.00471388921 -0.130677804
v -0.147295028 0.0207284167 -0.064190194
v -0.0391173065 -0.00271587959 -0.128913507
v -0.120099001 0.0205873325 -0.0579616204
v -0.0176337007 0.0043539675 -0.117681503
v -0.0652075708 0.013905827 -0.0557338595
v -0.0094191879 0.00895861071 -0.100949317
v -0.0303452462 0.0162803829 -0.0745937899
v -0.0331178457 0.00764597021 -0.0597091652
v -0.0112919733 0.00945727341 -0.0820226744
v -0.0221435539 0.00605307939 -0.0662651807
v -0.141553015 -0.00353872939 -0.127241954
v -0.149399176 -0.00534938928 -0.114133686
v -0.15709804 0.00716298958 -0.117821053
v -0.165183634 0.0149816656 -0.100972898
v -0.162055776 0.0199729744 -0.0798626617
v -0.114953429 -0.00699601835 -0.117376946
v -0.114279814 0.0014697134 -0.130879104
v -0.135022208 0.0117019638 -0.0651587173
v -0.147295028 0.0207284167 -0.064190194
v -0.120099001 0.0205873325 -0.0579616204
v -0.114589661 0.0143516446 -0.0681533664
v -0.0652075708 0.013905827 -0.0557338595
v -0.0731105059 -0.0033572258 -0.115704782
v -0.0739399046 0.0113268765 -0.130274728
v -0.0516806915 -0.00471388921 -0.130677804
v -0.0447011366 -0.00250348332 -0.0637084544
v -0.0331178457 0.00764597021 -0.0597091652
v -0.0221435539 0.00605307939 -0.0662651807
v -0.0397250354 -0.007336732 -0.120494381
v -0.0391173065 -0.00271587959 -0.128913507
v -0.0198811423 -0.00199007965 -0.107174642
v -0.0112919733 0.00945727341 -0.0820226744
v -0.0176337007 0.0043539675 -0.117681503
v -0.0094191879 0.00895861071 -0.100949317
v 0.429960996 0.0368048884 -0.142718926
v 0.427071303 0.0386155471 -0.157720223
v 0.418575615 0.026103165 -0.156888425
v 0.41674003 0.0182844903 -0.175485924
v 0.426899403 0.0132931769 -0.194253266
v 0.458330482 0.0402621739 -0.142891467
v 0.454345465 0.0317964442 -0.129973173
v 0.457331657 0.0215641819 -0.198824435
v 0.446130216 0.0125377318 -0.203932121
v 0.473816454 0.0126788151 -0.200483471
v 0.475507766 0.0189145058 -0.189022064
v 0.526159465 0.0193603151 -0.183802918
v 0.498221844 0.0366233811 -0.130151644
v 0.492459297 0.0219392814 -0.116744049
v 0.513238251 0.0379800424 -0.108752184
v 0.542701721 0.0357696302 -0.169295654
v 0.55495435 0.0256201718 -0.169092044
v 0.563024521 0.027213065 -0.159177989
v 0.52795583 0.0406028852 -0.114232413
v 0.525647402 0.0359820314 -0.106113166
v 0.551158607 0.0352562256 -0.119961873
v 0.567832232 0.0238088742 -0.140659317
v 0.549676955 0.0289121829 -0.109319992
v 0.563118815 0.0243075397 -0.12223357
v 0.226856917 0.0165604856 -0.686849058
v 0.268109113 0.0210828111 -0.63270241
v 0.273889601 0.0152687514 -0.638647437
v 0.273061663 0.00882240105 -0.637797952
v 0.220873773 0.0238843523 -0.680431783
v 0.172114909 0.0290863365 -0.63078475
v 0.219611913 0.0267785415 -0.58432591
v 0.106293052 0.0321628302 -0.565234125
v 0.152877778 0.0311821327 -0.519757688
v 0.0980374888 0.032070104 -0.468287528
v 0.0527567901 0.0315343402 -0.513084829
v -0.012330723 0.0310952011 -0.584258616
v 0.0401522778 0.0299242958 -0.635011256
v -0.0791624561 0.0315685272 -0.654264331
v 0.10586451 0.0265372861 -0.700732052
v -0.0295573864 0.0288794897 -0.702955008
v -0.124365985 0.0327985883 -0.700459719
v -0.0766199678 0.0289859511 -0.749620855
v 0.0361723527 0.0247513596 -0.768654287
v -0.0122180255 0.0240182318 -0.816570938
v 0.0390583798 0.020203609 -0.870390177
v 0.0875724554 0.0210730694 -0.820971608
v 0.0501317345 0.0152096795 -0.872744203
v 0.155782595 0.0224528909 -0.752367616
v 0.161981314 0.0160498507 -0.759030819
v 0.094009757 0.0155399395 -0.827752769
v 0.0931030363 0.00855413731 -0.826828063
v 0.0492227338 0.008764809 -0.871805608
v 0.161047667 0.00822775438 -0.758093119
v 0.0863723382 0.0017927232 -0.819816589
v 0.0378747657 0.00302889757 -0.86919713
v 0.225926906 0.00790311396 -0.685930073
v 0.154530779 0.000512751867 -0.751223564
v 0.21961996 -0.000679380493 -0.679311275
v 0.267039895 0.00201573409 -0.631581008
v 0.16629988 -0.00531785795 -0.625001192
v 0.212872952 -0.00151340163 -0.577530324
v 0.146210968 0.0017338983 -0.513177454
v 0.0341346599 -0.000686296145 -0.76664722
v -0.0132450042 0.00264916336 -0.815521061
v 0.101844944 -0.00366838952 -0.696786642
v 0.10068512 -0.00243042409 -0.55967921
v 0.0967020616 0.00963639561 -0.466950327
v 0.0514007844 0.00608525798 -0.511730552
v -0.0137045262 0.0064249346 -0.582919896
v 0.0363020524 -0.00117775018 -0.631270766
v -0.0805377662 0.0102709467 -0.652923286
v -0.0314518362 0.00279455562 -0.701094627
v -0.0776060224 0.00677124411 -0.748632431
v -0.125740558 0.0132729029 -0.699120998
v 0.0388064981 0.0178525224 0.314971834
v 0.00716698635 0.013330196 0.254701257
v 0.0149978744 0.0191442538 0.251974851
v 0.0138780987 0.0255906023 0.252366215
v 0.030461954 0.0105286557 0.317682356
v -0.0351399593 0.00532667432 0.340891093
v -0.0571728796 0.00763446232 0.278209895
v -0.122366533 0.00225018919 0.372843087
v -0.143894628 0.00323088467 0.311403811
v -0.213718951 0.00234292005 0.33935377
v -0.192255184 0.00287868408 0.399324179
v -0.155257061 0.00331782876 0.48839283
v -0.0870792717 0.00448872754 0.462276101
v -0.120054632 0.0028445113 0.57854861
v 0.000255154126 0.00787572749 0.430495292
v -0.0549619235 0.00553354109 0.554168761
v -0.0972912014 0.00161444664 0.639039993
v -0.0325577371 0.0054270844 0.61654377
v 0.0323604755 0.00966166053 0.522363067
v 0.0553370304 0.0103947958 0.586470127
v 0.125784159 0.014209412 0.562742889
v 0.101498656 0.0133399479 0.497889012
v 0.132597476 0.0192033388 0.553701878
v 0.0681492388 0.0119601199 0.407076359
v 0.0768077895 0.0183631591 0.404274434
v 0.110365003 0.0188730769 0.494920731
v 0.109143734 0.0258588791 0.495351642
v 0.131362692 0.0256482102 0.554129064
v 0.0755633786 0.0261852592 0.40472427
v 0.0999446586 0.0326202922 0.498488605
v 0.124202713 0.0313841216 0.563311458
v 0.0375806019 0.0265098903 0.31542626
v 0.0665833578 0.0339002609 0.40772742
v 0.0289164577 0.0350923911 0.3183451
v 0.00569872325 0.0323972665 0.255196393
v -0.0428392217 0.0397308692 0.343717068
v -0.0661797598 0.0359264091 0.281445503
v -0.152675822 0.0326791219 0.314665049
v 0.029680321 0.0350993164 0.523361683
v 0.0539515242 0.0317638591 0.586957157
v -0.0050192927 0.0380814038 0.432470918
v -0.129770994 0.0368434452 0.375577986
v -0.215495214 0.0247766282 0.33999896
v -0.194055751 0.0283277668 0.399980813
v -0.157050893 0.027988093 0.489072144
v -0.0920964777 0.0355907753 0.464184791
v -0.12185128 0.0241420884 0.579228401
v -0.0574486144 0.0316184759 0.555099487
v -0.0338702835 0.0276417863 0.617019653
v -0.0990854427 0.021140134 0.639719963
v 0.319687158 0.0239485539 0.715894222
v 0.301158518 0.0267763045 0.724534214
v 0.314943343 0.0121523123 0.71810627
v 0.318023443 0.0367226861 0.716670036
v 0.304446816 0.00645899819 0.723000824
v 0.309321582 0.0453459509 0.720727742
v 0.292813152 0.00779179716 0.728425801
v 0.297796786 0.047547508 0.726101816
v 0.284662157 0.01704726 0.73222661
v 0.287674934 0.0410807319 0.730821729
v 0.282215953 0.029667221 0.733367264
v 0.130588517 -0.00610155519 0.300437212
v 0.120531067 0.0237951018 0.291000783
v 0.156483367 0.00298271445 0.302677095
v 0.104821667 -0.00857558846 0.308553964
v 0.0999966413 0.0216225553 0.297152698
v 0.0838522539 -0.00365691446 0.326082945
v 0.145039544 0.0166737661 0.301355481
v 0.122939698 0.039572306 0.342342705
v 0.157526448 0.0412227623 0.301211834
v 0.175999597 0.013744398 0.310534656
v 0.187791884 0.0276847985 0.327002943
v 0.167590559 0.0534644723 0.31580916
v 0.188615263 0.04039542 0.346648216
v 0.0869867876 0.0105317971 0.318747491
v 0.173491627 0.0512822233 0.342623591
v 0.0719933137 0.032173343 0.326836616
v 0.162451595 0.0747861713 0.351803958
v 0.0686717406 0.00343929278 0.344343841
v 0.179707557 0.0519651733 0.369033426
v 0.0693664029 0.0430723503 0.345236093
v 0.0645392537 0.0158506799 0.365828544
v 0.0710956529 0.0296522602 0.384519607
v 0.148137093 0.0801794231 0.366977543
v 0.161228761 0.0581067987 0.387328088
v 0.135842785 0.0568781272 0.397229642
v 0.0795603469 0.0413442701 0.370764375
v 0.0890547335 0.0670207664 0.373792857
v 0.0876084492 0.0431222431 0.398045391
v 0.110821262 0.0532669388 0.403206944
v 0.107965678 0.0759292841 0.379012436
v 0.133023292 0.0665294454 0.385520667
v -0.874655008 0.0239485279 0.348837376
v -0.889110982 0.0267762747 0.334381163
v -0.878356099 0.0121522844 0.345136255
v -0.875953019 0.0367226638 0.347539335
v -0.886545599 0.00645897118 0.336946785
v -0.882742286 0.0453459248 0.340750128
v -0.895622313 0.00779176876 0.327870101
v -0.891734004 0.0475474782 0.33175841
v -0.901981711 0.0170472302 0.321510702
v -0.899631083 0.0410807021 0.323861271
v -0.903890193 0.0296671912 0.319602162
v -0.548928618 -0.00610156823 0.029048061
v -0.543501139 0.0237950888 0.016369706
v -0.542176902 0.00298270467 0.0541473553
v -0.565368652 -0.00857560616 0.00761126122
v -0.55630517 0.0216225404 -0.000822282513
v -0.589012384 -0.00365693681 -0.0060982923
v -0.544848979 0.0166737568 0.0429416373
v -0.590922952 0.0395722874 0.0361930355
v -0.540443182 0.0412227511 0.0546263605
v -0.542885602 0.0137443943 0.0751740634
v -0.554327548 0.0276847929 0.0918876752
v -0.550718129 0.0534644686 0.0690761283
v -0.572506428 0.0403954163 0.0993804559
v -0.581047297 0.0105317831 -0.00566167943
v -0.573897123 0.0512822121 0.0837924108
v -0.593776643 0.0321733207 -0.0169842802
v -0.586299777 0.0747861639 0.0765580237
v -0.611364126 0.00343927345 -0.0141177317
v -0.596588254 0.0519651622 0.098666124
v -0.611965001 0.043072328 -0.0131597631
v -0.632966518 0.0158506539 -0.0106527777
v -0.648287952 0.0296522342 0.00190094346
v -0.605454087 0.0801794156 0.0682964325
v -0.620099783 0.0581067838 0.0875589177
v -0.638086677 0.0568781085 0.0670904219
v -0.632467151 0.0413442478 0.00515061803
v -0.632065773 0.0670207441 0.0151082035
v -0.655350327 0.0431222208 0.0220439713
v -0.652261317 0.0532669164 0.045622237
v -0.630502641 0.0759292617 0.034663856
v -0.628048182 0.066529423 0.0604362227
v 0.672759593 0.0588513501 0.546377838
v 0.668234468 0.0563577972 0.548487961
v 0.674869657 0.0563577972 0.550903022
v 0.505784571 0.0563577861 0.200113028
v 0.913539052 0.0588513203 0.434100509
v 0.915649176 0.0563577749 0.438625664
v 0.918064177 0.0563577674 0.431990385
v 0.510309696 0.0588513352 0.19800292
v 0.508199632 0.0563577861 0.193477795
v 0.748979092 0.05635776 0.0812004656
v 0.751089156 0.0588513128 0.0857255831
v 0.755614281 0.05635776 0.0836155117
v 0.668234468 0.00516619114 0.548487961
v 0.672759593 0.002672642 0.546377838
v 0.674869657 0.00516619114 0.550903022
v 0.915649176 0.0051661646 0.438625634
v 0.510309696 0.00267263106 0.198002949
v 0.505784571 0.00516617997 0.200113043
v 0.508199573 0.0051661795 0.19347778
v 0.751089156 0.00267260079 0.0857255831
v 0.748979092 0.00516615249 0.0812004656
v 0.755614281 0.00516615249 0.0836155191
v 0.913539052 0.00267261174 0.434100509
v 0.918064177 0.00516616413 0.431990415
v -0.252414346 0.0187860802 0.815428495
v -0.258421242 0.0296187866 0.824443161
v -0.258421212 0.0142990248 0.824443161
v -0.249926195 0.0296187773 0.811694443
v -0.264428079 0.0187860765 0.833457947
v -0.252414346 0.0404514745 0.815428436
v -0.266916186 0.0296187736 0.83719188
v -0.258421242 0.0449385196 0.824443161
v -0.264428109 0.040451467 0.833457828
v 0.493171275 0.0187860001 0.424888015
v 0.482477278 0.0296187103 0.426615924
v 0.482477278 0.0142989522 0.426615924
v 0.497600913 0.0296187028 0.424172342
v 0.47178328 0.0187859945 0.428343832
v 0.493171304 0.0404513963 0.424888015
v 0.467353702 0.0296186935 0.429059565
v 0.482477278 0.0449384451 0.426615924
v 0.47178328 0.0404513925 0.428343803
v -0.611395717 0.018785933 -0.540656626
v -0.608283103 0.0296186376 -0.551032543
v -0.608283222 0.0142988777 -0.551032603
v -0.612685025 0.0296186339 -0.536358833
v -0.605170608 0.01878592 -0.56140846
v -0.611395717 0.0404513255 -0.540656686
v -0.603881299 0.0296186153 -0.565706313
v -0.608283103 0.0449383743 -0.551032603
v -0.605170488 0.0404513143 -0.56140846
v 0.386595994 0.033955656 0.725801349
v 0.429055423 -0.00299104536 0.738943756
v 0.376990587 -0.00418140506 0.713549554
v 0.293739647 -0.00598144345 0.692015827
v 0.443033665 0.0149767082 0.764184296
v 0.497603774 -0.000225631447 0.790525317
v 0.473605037 0.015646372 0.82267338
v 0.466770202 -0.00338424463 0.834117472
v 0.390843034 0.0564807244 0.835474372
v 0.400917649 0.0228629205 0.855214536
v 0.403226167 -0.00633728132 0.859087348
v 0.364376694 -0.00334618334 0.934840977
v 0.253773183 0.0233261921 0.696440876
v 0.154581919 -0.00228704722 0.699027717
v 0.150435627 0.0184034742 0.694707692
v 0.118392378 -0.00225944002 0.767282486
v 0.120541185 0.0245918632 0.786945701
v 0.0717836171 -0.0012901139 0.804420471
v 0.18871814 0.0467246287 0.748900115
v 0.258926183 0.0679142773 0.747059226
v 0.328854889 0.0780371055 0.764350116
v 0.216615275 0.0540795699 0.78619206
v 0.0479027592 0.0135309547 0.836038113
v 0.0427220762 -0.000372591545 0.845157206
v 0.08354491 -9.76079755E-05 0.905443549
v 0.145509109 0.0158127192 0.951129138
v 0.148487806 -0.00399012771 0.95082432
v 0.199989542 -0.000949814508 0.954386711
v 0.16946885 0.00992457662 0.822016597
v 0.244794518 0.111848332 0.792254746
v 0.321063846 0.11519742 0.854082525
v 0.184374601 0.0149283605 0.864145696
v 0.214518681 0.0928793028 0.856378675
v 0.282215297 0.0754036382 0.898384333
v 0.358871728 0.0791308656 0.871322095
v 0.206676722 0.0595657229 0.947187722
v 0.263028234 -0.000735639769 0.914973736
v 0.293253958 -0.0025750841 0.923405051
v 0.171536192 0.0406366959 0.935432971
v 0.355992109 0.0182482507 0.947214663
v 0.318416297 0.0378455371 0.944627106
v 0.348042905 0.0640638024 0.925146401
v -0.293958455 0.0339555219 -0.342923075
v -0.251499027 -0.00299117737 -0.329780608
v -0.303563863 -0.00418153731 -0.355174869
v -0.386814803 -0.00598157523 -0.376708627
v -0.237520739 0.014976576 -0.304540098
v -0.182950646 -0.000225763404 -0.278199047
v -0.206949398 0.0156462397 -0.246051043
v -0.213784233 -0.00338437664 -0.234606907
v -0.289711386 0.0564805977 -0.233250037
v -0.2796368 0.0228627883 -0.213509917
v -0.277328283 -0.0063374131 -0.209637061
v -0.316177726 -0.00334631535 -0.133883402
v -0.426781267 0.0233260598 -0.372283548
v -0.525972486 -0.00228717923 -0.369696736
v -0.530118823 0.0184033439 -0.374016702
v -0.562162042 -0.00225957204 -0.301441938
v -0.560013235 0.0245917309 -0.281778663
v -0.608770788 -0.00129024591 -0.264303923
v -0.49183628 0.0467244983 -0.319824338
v -0.421628207 0.0679141432 -0.321665198
v -0.351699501 0.0780369714 -0.304374337
v -0.46393916 0.0540794358 -0.282532364
v -0.632651687 0.0135308225 -0.232686281
v -0.637832344 -0.000372723473 -0.223567218
v -0.59700954 -9.77399468E-05 -0.163280889
v -0.535045326 0.0158125889 -0.11759527
v -0.532066643 -0.00399025949 -0.117900066
v -0.480564862 -0.000949946465 -0.11433772
v -0.51108557 0.00992444437 -0.246707812
v -0.435759902 0.111848198 -0.276469678
v -0.359490603 0.115197286 -0.214641884
v -0.496179849 0.0149282282 -0.204578742
v -0.466035753 0.0928791687 -0.212345734
v -0.398339152 0.0754035115 -0.170340136
v -0.321682692 0.079130739 -0.197402373
v -0.473877698 0.0595655888 -0.12153668
v -0.417526186 -0.000735771726 -0.153750658
v -0.387300491 -0.00257521635 -0.145319358
v -0.509018242 0.0406365618 -0.133291468
v -0.324562341 0.0182481185 -0.121509805
v -0.362138182 0.037845403 -0.124097325
v -0.332511544 0.0640636757 -0.143578008
v -0.333492756 0.00736482767 -0.620777607
v -0.42544955 -1.10181141E-07 -0.667148411
v -0.326114833 -1.09279163E-07 -0.592434704
v -0.277289093 -1.10665496E-07 -0.55596441
v -0.220400706 0.00588407321 -0.59025532
v -0.239199802 -1.13390058E-07 -0.528474927
v -0.206718236 -1.25248036E-07 -0.562278688
v -0.187118247 0.0185901802 -0.574109614
v -0.160495922 -1.34727998E-07 -0.557237029
v -0.156917125 0.00609269645 -0.580080271
v -0.0352918617 -1.73022983E-07 -0.631135345
v -0.207053125 0.0401253179 -0.61092335
v -0.412718028 0.0118955933 -0.68086338
v -0.303503454 0.0508704521 -0.671002865
v -0.225119263 0.0600830056 -0.661504984
v -0.196301401 0.0169639997 -0.652074277
v -0.171051785 0.00538044283 -0.623201191
v -0.307609588 0.0584033541 -0.76169163
v -0.277001619 0.0279357526 -0.752904058
v -0.0706628039 0.00703983707 -0.637371123
v -0.00347073656 0.0107036019 -0.653266668
v 0.01876726 -1.9199031E-07 -0.666875362
v -0.496330559 0.00887943525 -0.670605361
v -0.491221994 -9.45206509E-08 -0.653600156
v -0.536421001 -9.10649831E-08 -0.676183283
v -0.351036489 0.054982312 -0.720189333
v -0.437565297 0.0546137691 -0.710965931
v -0.569966257 0.00780538842 -0.71030575
v -0.584840178 -8.80235689E-08 -0.70154649
v -0.522062421 0.0252562556 -0.735678852
v -0.602237105 0.00442152657 -0.742923439
v -0.600911736 -9.57448449E-08 -0.753363013
v -0.503848135 -1.16969332E-07 -0.758476913
v -0.404788852 0.0525247902 -0.759484947
v -0.402656317 -1.33312014E-07 -0.753716469
v -0.36918509 0.0305138994 -0.762992978
v -0.356820494 -0.000556333107 -0.772659361
v -0.325123727 0.00973328482 -0.768849313
v -0.310608387 -1.57316876E-07 -0.777489007
v -0.290929168 0.0115279453 -0.761948884
v -0.252794266 -1.69378851E-07 -0.789774895
v -0.244822577 0.0145481313 -0.78220129
v -0.230797946 0.0056570298 -0.810384274
v -0.195353001 -1.96609207E-07 -0.858080447
v -0.140389815 0.00550113944 -0.881100357
v -0.122730516 -2.18231008E-07 -0.888747513
v -0.0252864212 -1.95503432E-07 -0.713338435
v -0.160716265 0.00494852476 -0.691681504
v -0.0536977202 0.00546944141 -0.713436127
v -0.104512051 0.0295829959 -0.668654859
v -0.000616388395 0.00670105265 -0.693053484
v -0.0150709078 0.0234119222 -0.696440816
v 0.77479279 0.00736486586 -0.0457941331
v 0.821163535 -8.58613305E-08 -0.137750894
v 0.746449769 -7.44697104E-08 -0.0384161696
v 0.709979534 -7.06045142E-08 0.0104095638
v 0.744270444 0.00588412676 0.067297928
v 0.682489991 -6.49287699E-08 0.0484988615
v 0.716293871 -7.03198708E-08 0.0809804201
v 0.728124678 0.0185902435 0.100580394
v 0.711252213 -7.02530372E-08 0.127202705
v 0.734095395 0.00609276164 0.130781516
v 0.785150409 -7.88794523E-08 0.252406806
v 0.764938414 0.0401253775 0.080645524
v 0.834878504 0.0118956221 -0.125019416
v 0.825017989 0.0508704968 -0.0158048403
v 0.815520048 0.0600830689 0.0625793412
v 0.806089461 0.0169640649 0.0913971961
v 0.777216315 0.00538051222 0.116646841
v 0.915706754 0.05840341 -0.0199109688
v 0.906919181 0.0279358141 0.0106970007
v 0.791386247 0.00703992695 0.2170358
v 0.807281792 0.0107037034 0.284227908
v 0.820890486 -8.10552478E-08 0.306465894
v 0.824620545 0.00887944549 -0.208631918
v 0.80761528 -8.54309548E-08 -0.203523368
v 0.830198407 -8.87557192E-08 -0.248722345
v 0.874204457 0.0549823567 -0.0633378476
v 0.864981055 0.0546137989 -0.149866641
v 0.864320874 0.00780539075 -0.2822676
v 0.855561495 -9.25603203E-08 -0.297141463
v 0.889693975 0.0252562705 -0.234363765
v 0.896938443 0.00442152563 -0.314538389
v 0.907378137 -9.83655895E-08 -0.31321308
v 0.912492037 -9.75436336E-08 -0.216149539
v 0.913500011 0.0525248274 -0.117090262
v 0.907731533 -9.61065112E-08 -0.114957675
v 0.917008102 0.0305139441 -0.0814864933
v 0.926674485 -0.000556282874 -0.0691218823
v 0.922864377 0.00973333977 -0.0374251269
v 0.93150413 -9.94423601E-08 -0.0229097791
v 0.915963948 0.011528004 -0.00323053193
v 0.943790019 -9.76482042E-08 0.0349043272
v 0.936216414 0.0145481993 0.0428760797
v 0.964399338 0.00565710757 0.0569006465
v 1.01209557 -1.06140838E-07 0.0923456103
v 1.03511548 0.00550124142 0.147308797
v 1.04276264 -1.12371303E-07 0.164968088
v 0.867353559 -8.76197603E-08 0.26241222
v 0.845696628 0.00494860206 0.126982361
v 0.867451251 0.00546954153 0.234000891
v 0.822669983 0.0295830816 0.183186591
v 0.847068608 0.00670116115 0.287082225
v 0.85045594 0.0234120283 0.272627711
v 0.167942122 0.00736485329 -0.311425865
v 0.0660183504 -7.54374696E-08 -0.296666354
v 0.190242648 -8.84494185E-08 -0.292440534
v 0.251156807 -9.4991691E-08 -0.290571183
v 0.278088629 0.00588408811 -0.351290464
v 0.298125118 -9.83021167E-08 -0.289900213
v 0.30534336 -1.15435732E-07 -0.336221308
v 0.314612806 0.0185901932 -0.357154727
v 0.346098214 -1.25591754E-07 -0.358603507
v 0.335927457 0.00609270576 -0.379368246
v 0.406273037 -1.7259643E-07 -0.490951538
v 0.277167648 0.0401253328 -0.375876576
v 0.0685807541 0.0118956277 -0.315203518
v 0.163699895 0.0508704744 -0.369769216
v 0.233356237 0.0600830242 -0.406948298
v 0.262371629 0.0169640146 -0.415752411
v 0.29961586 0.0053804582 -0.406583548
v 0.108319364 0.0584033802 -0.441701889
v 0.138432324 0.0279357806 -0.452059507
v 0.373722106 0.0070398408 -0.475771636
v 0.419645369 0.0107035991 -0.527332306
v 0.430056065 -1.91810628E-07 -0.551235139
v 0.00597314024 0.00887947623 -0.258842468
v 0.0199116543 -5.45205445E-08 -0.247842729
v -0.0300663617 -4.65931471E-08 -0.240416616
v 0.0965509266 0.0549823456 -0.382796556
v 0.0309610832 0.05461381 -0.32561022
v -0.0771168768 0.00780543685 -0.249127358
v -0.0842766389 -3.87298655E-08 -0.233420789
v -0.0524296984 0.0252563022 -0.297388256
v -0.122260198 0.00442157872 -0.257336318
v -0.127162531 -4.36811369E-08 -0.266648203
v -0.0505859666 -6.96533888E-08 -0.326510638
v 0.0299804676 0.0525248274 -0.384154469
v 0.0350360684 -9.81835981E-08 -0.380652368
v 0.0571332574 0.0305139329 -0.407449573
v 0.0617173091 -0.000556294632 -0.422459871
v 0.0898671672 0.00973331742 -0.437519342
v 0.0968019068 -1.26004707E-07 -0.452922285
v 0.121835649 0.0115279751 -0.451480061
v 0.137113497 -1.42676939E-07 -0.496147156
v 0.147987634 0.0145481573 -0.494515568
v 0.143310845 0.00565705867 -0.525645852
v 0.144988194 -1.69565666E-07 -0.585046709
v 0.176807687 0.00550116273 -0.635429084
v 0.18688713 -1.93157632E-07 -0.651822269
v 0.367319226 -1.86895974E-07 -0.564027309
v 0.268803537 0.00494854059 -0.468607515
v 0.343990028 0.0054694484 -0.54781121
v 0.328050882 0.0295830034 -0.481982648
v 0.39916271 0.00670105498 -0.561560988
v 0.385379404 0.0234119259 -0.556044936
v -0.625069797 0.00503529934 0.686094284
v -0.650670826 4.01715306E-06 0.596579313
v -0.622942924 4.02384876E-06 0.71017468
v -0.587613046 4.01822672E-06 0.718218744
v -0.626594365 0.00965258759 0.605290651
v -0.583188355 0.0194052625 0.693089306
v -0.554619133 0.0465002842 0.690835834
v -0.512106836 4.00137969E-06 0.696710825
v -0.618001819 0.0133829163 0.473677963
v -0.645427704 3.99874853E-06 0.450183988
v -0.571832418 0.0173071008 0.560179651
v -0.513954282 0.0150961336 0.664727032
v -0.386274874 3.97555095E-06 0.70646888
v -0.559692979 0.0151435491 0.509813309
v -0.553169489 0.0317462496 0.449241549
v -0.521053553 0.0131305475 0.51419282
v -0.631616056 0.0109552024 0.431392431
v -0.702796996 4.00573481E-06 0.405518264
v -0.543512583 0.0337734781 0.604093254
v -0.387664109 0.0160907041 0.672051549
v -0.348712981 3.9645397E-06 0.678347826
v -0.36761564 3.95131383E-06 0.543817222
v -0.654941797 0.0232888144 0.379318416
v -0.696335077 3.99756618E-06 0.373586804
v -0.586064994 3.97323174E-06 0.347603232
v -0.394612074 0.0150343627 0.542757988
v -0.381787419 3.94920517E-06 0.506779432
v -0.401003063 0.0293910969 0.480153978
v -0.370019376 3.93844084E-06 0.434542239
v -0.562127173 0.0110239694 0.358978212
v -0.567642629 3.96589621E-06 0.321261466
v -0.558856547 0.0297433846 0.382005274
v -0.489100784 0.0251000058 0.466288775
v -0.545888245 0.0129807768 0.311422139
v -0.528444886 0.0646179318 0.436088413
v -0.53875649 0.00537168002 0.213826582
v -0.549870074 3.9487586E-06 0.206254572
v -0.48733446 3.93361734E-06 0.196188807
v -0.508229375 0.0155632421 0.217426673
v -0.49368453 0.0146692833 0.298569947
v -0.406526417 0.0123415589 0.25329563
v -0.403536916 3.9216402E-06 0.23024863
v -0.52279079 0.0660188869 0.403151959
v -0.353295058 0.0241320748 0.303452194
v -0.336299896 3.91505E-06 0.300456315
v -0.445954382 0.0766759738 0.382891268
v -0.372688293 0.032275185 0.293394625
v -0.36110726 0.0447266884 0.344654351
v -0.433151364 0.0718779638 0.344128042
v -0.381977618 0.0124000441 0.414689541
v -0.435175627 0.045516748 0.412545562
v -0.425942689 0.0461505838 0.454247355
v 0.51945895 0.00503515406 0.0525036417
v 0.481531352 3.90100377E-06 0.137532085
v 0.533308327 3.87515001E-06 0.0326898061
v 0.511414647 3.86402689E-06 0.00381803652
v 0.468687266 0.00965247024 0.115382738
v 0.491872281 0.0194051135 0.0202242229
v 0.468538493 0.0465001389 0.00358653069
v 0.439748496 3.85242902E-06 -0.0282403249
v 0.377506018 0.0133828325 0.210680768
v 0.383413732 3.92403308E-06 0.246307194
v 0.397740364 0.0173069928 0.11473947
v 0.420605004 0.0150959929 -0.002551771
v 0.349627972 3.82221015E-06 -0.116598651
v 0.356066167 0.0151434569 0.145519257
v 0.312134087 0.0317461751 0.187726706
v 0.329281807 0.0131304516 0.117327414
v 0.36075455 0.0109551344 0.251824439
v 0.398650765 3.94485824E-06 0.317399412
v 0.404273212 0.0337733552 0.0628960952
v 0.328569144 0.0160905644 -0.0893404633
v 0.302778095 3.8184121E-06 -0.119201034
v 0.230783761 3.84581062E-06 -0.00399413845
v 0.345150441 0.0232887622 0.306708932
v 0.373175412 3.94788412E-06 0.337706685
v 0.272001743 3.92664651E-06 0.286731094
v 0.250783324 0.0150342565 0.0141702294
v 0.217832491 3.85480644E-06 0.0334878378
v 0.215438023 0.0293910075 0.0662357062
v 0.16238448 3.86533566E-06 0.0812603757
v 0.260976017 0.011023921 0.262630373
v 0.24095723 3.92788888E-06 0.295068324
v 0.273272008 0.0297433268 0.242888287
v 0.274012417 0.0250999238 0.133485213
v 0.217967734 0.0129807396 0.28862229
v 0.284739345 0.0646178648 0.181909963
v 0.149771303 0.00537167396 0.35880056
v 0.153417587 3.94272502E-06 0.371744752
v 0.0990424454 3.93106347E-06 0.339258492
v 0.128700361 0.0155632365 0.336420268
v 0.169716209 0.0146692507 0.264911711
v 0.0738474578 0.0123415375 0.243569657
v 0.0567429624 3.90550758E-06 0.259303093
v 0.259236872 0.0660188198 0.203506291
v 0.0653098002 0.0241320375 0.170931056
v 0.0503650792 3.88082208E-06 0.162301779
v 0.187353507 0.0766759142 0.169637427
v 0.0737010762 0.0322751515 0.191101313
v 0.0977785662 0.0447266437 0.144389912
v 0.152629226 0.0718779191 0.191102192
v 0.158783898 0.0123999771 0.104155101
v 0.198157892 0.0455166809 0.139992476
v 0.217890412 0.0461505018 0.102112226
v -0.488625199 0.0539235584 0.641842186
v -0.495674014 0.0672487319 0.666351616
v -0.480919331 0.056227155 0.644208729
v -0.47480768 0.0296187699 0.635036886
v -0.483042717 0.0296187587 0.633464396
v -0.502102554 0.0296187662 0.662068009
v -0.480919331 0.00301036239 0.644208729
v -0.488625199 0.00531397155 0.641842186
v -0.495674044 -0.00801119395 0.666351616
v -0.502102554 0.0639909357 0.662068009
v -0.515579879 0.0539235622 0.682293892
v -0.510428727 0.0562271662 0.688494503
v -0.521162331 0.0296187829 0.690671682
v -0.516540349 0.0296187699 0.697666287
v -0.515579879 0.00531398412 0.682293892
v -0.510428786 0.00301037566 0.688494503
v -0.502102554 -0.00475339312 0.662068009
v 0.459763318 0.053923443 0.13366358
v 0.437001914 0.0672486126 0.145166382
v 0.463269651 0.0562270358 0.140922159
v 0.474150062 0.0296186544 0.139164135
v 0.469701827 0.0296186414 0.132057771
v 0.435769707 0.0296186469 0.13754037
v 0.463269651 0.00301024644 0.140922174
v 0.459763318 0.00531385466 0.13366358
v 0.437001854 -0.00801131222 0.145166397
v 0.435769707 0.0639908165 0.13754037
v 0.411776125 0.0539234392 0.141417161
v 0.410734177 0.056227047 0.14941062
v 0.401837617 0.0296186637 0.143022969
v 0.399853736 0.0296186488 0.151168644
v 0.411776125 0.00531386305 0.141417176
v 0.410734177 0.00301025435 0.149410635
v 0.435769707 -0.00475351233 0.137540385
v -0.334790289 0.0539233945 -0.443614542
v -0.335205883 0.0672485605 -0.469114035
v -0.342851371 0.0562269874 -0.443627656
v -0.346018225 0.0296186078 -0.433070868
v -0.337682992 0.0296185948 -0.433971673
v -0.327806681 0.0296185892 -0.466894358
v -0.342851341 0.0030102001 -0.443627656
v -0.334790289 0.00531380298 -0.443614542
v -0.335205883 -0.00801137649 -0.469113976
v -0.327806681 0.0639907569 -0.466894418
v -0.320823133 0.0539233834 -0.490174234
v -0.327560365 0.0562269837 -0.494600356
v -0.31793043 0.0296185967 -0.499817103
v -0.324393541 0.0296185818 -0.505157173
v -0.320823133 0.00531379925 -0.490174234
v -0.327560425 0.00301018916 -0.494600356
v -0.327806741 -0.00475357519 -0.466894358
v 0.0981205851 -0.0016261714 0.0558326654
v 0.11044208 0.0060482882 0.0734710991
v 0.0954621136 0.00183435879 0.0584911294
v 0.0954621285 0.0571931079 0.0584910922
v 0.114036955 0.00285117468 0.071749039
v 0.082204178 0.00285111857 0.0399162658
v 0.12314149 0.0180485323 0.086170502
v 0.127530217 0.0156015651 0.0852423012
v 0.0804821253 0.00604823558 0.0435111411
v 0.0687109306 0.0156015772 0.0264230166
v 0.131626964 0.0360082202 0.0946559682
v 0.136546135 0.0346839316 0.0942582116
v 0.0677827299 0.0180485472 0.0308117457
v 0.059695024 0.0346839093 0.0174071062
v 0.134606659 0.0571931005 0.097635664
v 0.139712095 0.0571930967 0.0974241644
v 0.0592972562 0.0360082015 0.0223262701
v 0.131626964 0.0783779398 0.0946559682
v 0.0563175417 0.0571931005 0.0193465557
v 0.0565290451 0.0571931005 0.0142411264
v 0.136546135 0.0797022283 0.0942582041
v 0.0596950129 0.0797022134 0.0174070932
v 0.12314149 0.0963376537 0.0861704797
v 0.127530202 0.0987846255 0.0852422789
v 0.0592972487 0.0783779249 0.0223262608
v 0.0687109232 0.0987845808 0.0264229979
v 0.11044208 0.108337864 0.0734710768
v 0.114036955 0.111534983 0.0717490241
v 0.0677827224 0.0963376239 0.0308117289
v 0.082204178 0.111535035 0.0399162509
v 0.0954621136 0.112551838 0.0584911034
v 0.0981205702 0.116012372 0.0558326393
v 0.0804821253 0.108337916 0.0435111336
v 0.210804969 0.00608085608 -0.026910862
v 0.222569004 0.0156251919 -0.00982990861
v 0.209083438 0.00288201775 -0.02331548
v 0.223496273 0.0180734806 -0.01421957
v 0.195834532 0.057193093 -0.0418813229
v 0.23157981 0.0346966311 -0.000819116598
v 0.195834517 0.00186958024 -0.0418813117
v 0.193176076 -0.00159281807 -0.0392228477
v 0.231976345 0.0360216387 -0.00573949842
v 0.234743968 0.0571930483 0.00234504812
v 0.180864081 0.00608078716 -0.0568517521
v 0.177268714 0.00288194837 -0.0551302098
v 0.234954163 0.057193052 -0.00276169879
v 0.231579795 0.0796894431 -0.000819128123
v 0.168172777 0.018073421 -0.0695430636
v 0.163783133 0.015625136 -0.0686158016
v 0.23197633 0.0783644393 -0.00573951239
v 0.159692705 0.0360216759 -0.0780231431
v 0.223496258 0.0963127464 -0.0142195886
v 0.222569004 0.0987610444 -0.0098299291
v 0.154772326 0.0346966721 -0.0776266009
v 0.209083393 0.111504182 -0.0233155396
v 0.156714901 0.0571931191 -0.0810009539
v 0.151608154 0.0571931265 -0.080790773
v 0.210804939 0.108305335 -0.0269109178
v 0.193176076 0.115978993 -0.0392228588
v 0.159692705 0.0783644393 -0.0780231506
v 0.154772311 0.0796894357 -0.0776266158
v 0.195834532 0.112516589 -0.0418813229
v 0.177268714 0.111504145 -0.0551302172
v 0.168172777 0.0963126943 -0.0695430785
v 0.163783103 0.0987609774 -0.068615824
v 0.180864096 0.108305298 -0.0568517558
vn -0.370604843 0.921611071 0.11526075
vn -0.218868762 0.828039587 0.516185045
vn -0.215464726 0.827825367 0.517957628
vn 0.0525556281 -0.945798874 0.32047236
vn -0.211506695 -0.873387098 0.438702583
vn -0.252709776 -0.914032996 0.31730333
vn 0.0434472896 -0.974502683 -0.220129102
vn 0.297756493 -0.935855508 -0.188455671
vn 0.299256265 -0.935742438 -0.186632708
vn 0.181651965 0.982166588 -0.0484913997
vn 0.239171445 0.957473993 -0.161371231
vn 0.160012066 0.971272528 -0.176141575
vn -0.017119972 -0.999709785 0.016947262
vn -0.253019929 -0.923649192 -0.287841946
vn 0.0175000578 -0.999696851 -0.0173231047
vn -0.287628949 -0.923566759 -0.253562689
vn -0.482376397 -0.706979394 -0.51719749
vn -0.516949832 -0.706813633 -0.482884347
vn -0.670159996 -0.382453203 -0.636093676
vn -0.635640502 -0.382675827 -0.670462787
vn -0.723935068 0.000123054808 -0.689868033
vn -0.689480782 -0.000123762962 -0.72430408
vn -0.63570708 0.382448196 -0.670529544
vn -0.67009306 0.38268128 -0.636026978
vn -0.48249948 0.706804991 -0.517320991
vn -0.516826332 0.706988096 -0.482761264
vn -0.287467837 0.923660994 -0.253402174
vn -0.253181726 0.923554361 -0.288004279
vn -0.0169456117 0.999709785 0.0171214025
vn 0.0173238311 0.999696851 -0.0174994972
vn 0.287842095 0.923649192 0.25301984
vn 0.253563017 0.92356652 0.287629187
vn 0.51719743 0.706979692 0.482376069
vn 0.4828839 0.706814528 0.516948998
vn 0.636094034 0.382453024 0.670159757
vn 0.670463026 0.382675797 0.635640264
vn 0.689868152 -0.000123254431 0.723935008
vn 0.72430414 0.000123778416 0.689480603
vn 0.670529306 -0.382448524 0.63570708
vn 0.636027217 -0.382680863 0.67009306
vn 0.517320573 -0.706805468 0.482499272
vn 0.482760727 -0.70698905 0.516825497
vn 0.253401816 -0.923661113 0.287467629
vn 0.28800419 -0.923554242 0.253182024
vn -0.017119972 -0.999709785 0.016947262
vn 0.0175000578 -0.999696851 -0.0173231047
vn 0.295590818 0.000257085048 -0.955314577
vn 0.247225627 0.683565915 -0.686743855
vn 0.333070785 0.000853330421 -0.942901373
vn 0.206682116 0.684385777 -0.699212968
vn -0.0258749016 0.999642253 -0.00677773729
vn 0.0143197197 0.999890447 0.00375070563
vn -0.218281999 0.683944225 0.696112812
vn -0.142320246 0.657204747 -0.740153134
vn -0.0543773398 7.4937708E-07 -0.998520434
vn 0.095630683 -0.00277094892 -0.995413125
vn -0.258254558 0.683403671 0.682835281
vn -0.305709511 -0.000855317106 0.952124476
vn -0.344480246 -0.000254506711 0.93879348
vn -0.218655124 -0.684593856 0.695356786
vn 0.012747433 0.690038204 -0.723660588
vn 0.209786266 0.684331596 -0.698340833
vn 0.296311498 -0.00895110518 -0.955049455
vn 0.403400391 -0.00717131607 -0.914995492
vn -0.365050226 0.926064193 -0.0956208855
vn -0.563976109 0.629335761 0.534665763
vn -0.44651258 0.657544255 0.606846035
vn -0.204409137 0.977609694 -0.0499622934
vn -0.625896752 0 0.779905915
vn -0.497548193 0.0030146034 0.867431104
vn -0.342272162 0.00892063975 0.939558566
vn -0.0289913565 0.999579608 0.00026274129
vn 0.0912758037 0.995538533 0.0239085499
vn -0.255817831 0.684461474 0.682692945
vn -0.140527189 0.690378249 0.709668934
vn -0.232480913 0.00721803633 0.972574174
vn -0.918714166 1.10560654E-06 0.39492324
vn -0.880582154 0.416687489 0.225713313
vn -0.768447638 0.607431114 -0.201285094
vn -0.625165582 0.438065141 -0.64596194
vn 0.32260257 0.677373171 -0.66113019
vn -0.56691891 4.59893454E-06 -0.823773623
vn 0.403400391 -0.00717131607 -0.914995492
vn -0.625163376 -0.438064426 -0.645964682
vn -0.56691891 4.59893454E-06 -0.823773623
vn 0.31886068 -0.68314749 -0.656991124
vn 0.0912744105 -0.995538771 0.0239081793
vn -0.768451452 -0.607427478 -0.201281577
vn 0.296311498 -0.00895110518 -0.955049455
vn -0.880581617 -0.416686416 0.225717366
vn 0.209130794 -0.68614167 -0.696759641
vn 0.0103376452 -0.689986706 -0.723748147
vn 0.095630683 -0.00277094892 -0.995413125
vn -0.140004203 -0.684722185 0.715230286
vn -0.256248802 -0.682659984 0.684333146
vn -0.918714166 1.10560654E-06 0.39492324
vn -0.232480913 0.00721803633 0.972574174
vn -0.342272162 0.00892063975 0.939558566
vn -0.497548193 0.0030146034 0.867431104
vn -0.0241253618 -0.999608457 -0.014175131
vn -0.444469035 -0.65798533 0.607867301
vn -0.625896752 0 0.779905915
vn -0.202212453 -0.977707922 -0.0565449372
vn -0.142320201 -0.657204926 -0.740153134
vn -0.0543773398 7.4937708E-07 -0.998520434
vn 0.295590818 0.000257085048 -0.955314577
vn -0.365051001 -0.926064074 -0.0956197679
vn -0.0258751977 -0.999642253 -0.00677751098
vn 0.206757545 -0.684187591 -0.69938457
vn 0.333070785 0.000853330421 -0.942901373
vn 0.247990027 -0.682875633 -0.687154949
vn 0.0143195204 -0.999890447 0.00375089422
vn -0.563976288 -0.629335284 0.534666002
vn -0.25821051 -0.683601677 0.682653725
vn -0.974950194 0.000258924032 0.222423241
vn -0.714175045 0.688075364 0.128476754
vn -0.983095348 0.000863593246 0.183092132
vn -0.707480133 0.685747027 0.17094712
vn 0.0032481777 0.999634981 0.0268222559
vn -0.00179719308 0.999888182 -0.0148442397
vn 0.70980823 0.686197996 -0.159074366
vn -0.596494496 0.635676563 0.490009725
vn -0.844501078 1.35045198E-07 0.535553932
vn -0.911111414 -0.00270509976 0.412151307
vn 0.715539098 0.688774645 -0.116590314
vn 0.977283895 -0.000861655571 -0.211932898
vn 0.985295892 -0.000258442829 -0.170856938
vn 0.709299147 -0.686889768 -0.158357814
vn -0.645992815 0.677506387 0.351679355
vn -0.70806396 0.685933471 0.167752191
vn -0.975082994 -0.00900182035 0.221657723
vn -0.994380295 -0.00733563583 0.105611973
vn 0.0457579158 0.924726129 0.377872765
vn 0.714727402 0.654864669 0.245595485
vn 0.730081081 0.676612437 0.095798552
vn 0.0288796872 0.977275908 0.209994927
vn 0.984345973 -2.19966978E-07 0.176247224
vn 0.999975443 0.00312929787 0.00628360687
vn 0.984843016 0.00903711095 -0.173212707
vn 0.0107326526 0.999603331 0.0260395072
vn -0.0114572495 0.99544853 -0.0946098119
vn 0.714336097 0.689662039 -0.118702777
vn 0.687988937 0.686805844 -0.234454215
vn 0.958264947 0.00718857162 -0.285791278
vn 0.739300013 6.5037068E-07 0.673376143
vn 0.548187554 0.437129259 0.713027596
vn 0.0958484411 0.603571057 0.791527033
vn -0.337328404 0.414080083 0.845427215
vn -0.724496126 0.687660635 0.0472041629
vn -0.500014246 9.48032209E-07 0.866017222
vn -0.994380295 -0.00733563583 0.105611973
vn -0.337326914 -0.414078087 0.845428824
vn -0.500014246 9.48032209E-07 0.866017222
vn -0.719055831 -0.693259954 0.0484708995
vn -0.0114574535 -0.995448649 -0.0946082249
vn 0.0958497897 -0.603570998 0.791527033
vn -0.975082994 -0.00900182035 0.221657723
vn 0.548185289 -0.437128574 0.713029802
vn -0.706374407 -0.687727213 0.167530879
vn -0.645065129 -0.677298248 0.35377714
vn -0.911111414 -0.00270509976 0.412151307
vn 0.692624629 -0.681009948 -0.237690344
vn 0.715996563 -0.687859297 -0.119156852
vn 0.739300013 6.5037068E-07 0.673376143
vn 0.958264947 0.00718857162 -0.285791278
vn 0.984843016 0.00903711095 -0.173212707
vn 0.999975443 0.00312929787 0.00628360687
vn -0.0040641427 -0.999570549 0.0290204007
vn 0.730111957 -0.676922023 0.0933434963
vn 0.984345973 -2.19966978E-07 0.176247224
vn 0.0221387092 -0.977164209 0.211329028
vn -0.596494734 -0.635676265 0.490009964
vn -0.844501078 1.35045198E-07 0.535553932
vn -0.974950194 0.000258924032 0.222423241
vn 0.0457577109 -0.924726069 0.377872914
vn 0.00324789039 -0.999634981 0.0268226583
vn -0.707665682 -0.685550392 0.170967668
vn -0.983095348 0.000863593246 0.183092132
vn -0.714880645 -0.68743062 0.12800324
vn -0.00179764221 -0.999888182 -0.0148438998
vn 0.714727402 -0.654864669 0.24559544
vn 0.715355992 -0.688973784 -0.11653652
vn -0.546992898 0.000253552891 0.837137222
vn -0.428547829 0.678569615 0.596565247
vn -0.578681111 0.00084207789 0.815553486
vn -0.394196391 0.678592801 0.619774997
vn 0.0221364554 0.999653697 0.0142278532
vn -0.0122500286 0.999894023 -0.00787464064
vn 0.404144615 0.678367972 -0.613582909
vn -0.0830425024 0.648186028 0.756940484
vn -0.236211851 1.76981573E-07 0.971701562
vn -0.372744352 -0.00271195569 0.927930117
vn 0.437767506 0.678638279 -0.589753926
vn 0.555579066 -0.000842812413 -0.831463337
vn 0.58826375 -0.000251441903 -0.80866915
vn 0.404281646 -0.679032624 -0.612756968
vn -0.221228287 0.68172276 0.697360754
vn -0.396845043 0.678597629 0.61807704
vn -0.547593892 -0.00881303474 0.836697876
vn -0.637245536 -0.00709327869 0.770628154
vn 0.313019872 0.928192556 0.201189294
vn 0.685638666 0.632289171 -0.360707611
vn 0.593843281 0.657283008 -0.464035779
vn 0.176050618 0.978331447 0.108966999
vn 0.813098729 0 -0.582125783
vn 0.713647008 0.00299599394 -0.700499117
vn 0.586400211 0.00880022161 -0.809973657
vn 0.0271047838 0.999598682 0.00823746063
vn -0.0780996904 0.995681047 -0.0501949824
vn 0.435449839 0.679657698 -0.590295613
vn 0.335588664 0.68352747 -0.648205519
vn 0.492924988 0.00709076459 -0.87004298
vn 0.992708623 9.4756399E-07 -0.120539136
vn 0.904480815 0.424870074 0.0374156199
vn 0.664186597 0.613690913 0.42689535
vn 0.390883058 0.435121387 0.81109792
vn -0.492022872 0.674015641 0.551013887
vn 0.28278932 1.23187408E-06 0.959182024
vn -0.637245536 -0.00709327869 0.770628154
vn 0.390886158 -0.435118169 0.811098218
vn 0.28278932 1.23187408E-06 0.959182024
vn -0.487355679 -0.679775059 0.548078656
vn -0.0780977234 -0.995681286 -0.0501945093
vn 0.664185703 -0.61369127 0.426896125
vn -0.547593892 -0.00881303474 0.836697876
vn 0.904481351 -0.424868971 0.0374143086
vn -0.39579308 -0.680415571 0.616751671
vn -0.219029129 -0.681652129 0.698123693
vn -0.372744352 -0.00271195569 0.927930117
vn 0.336658418 -0.677804649 -0.653637528
vn 0.436309159 -0.677843928 -0.59174484
vn 0.992708623 9.4756399E-07 -0.120539136
vn 0.492924988 0.00709076459 -0.87004298
vn 0.586400211 0.00880022161 -0.809973657
vn 0.713647008 0.00299599394 -0.700499117
vn 0.0183367208 -0.999612033 0.0209694859
vn 0.592189729 -0.657670856 -0.465596855
vn 0.813098729 0 -0.582125783
vn 0.172061265 -0.978376865 0.114776395
vn -0.0830427483 -0.648185551 0.756940782
vn -0.236211851 1.76981573E-07 0.971701562
vn -0.546992898 0.000253552891 0.837137222
vn 0.313019782 -0.928192556 0.201189518
vn 0.0221362039 -0.999653697 0.0142283263
vn -0.394314796 -0.678393126 0.619918168
vn -0.578681111 0.00084207789 0.815553486
vn -0.429376751 -0.677886665 0.59674561
vn -0.0122503163 -0.999894023 -0.00787425134
vn 0.685638547 -0.63228941 -0.360707343
vn 0.437675208 -0.67883867 -0.58959192
vn -0.897020459 -0.085671939 0.433606476
vn -0.886565685 0.085566625 0.454620451
vn -0.897020459 0.0856720731 0.433606476
vn -0.886565685 -0.0855665058 0.454620391
vn 0.886565745 0.0855660439 -0.454620421
vn 0.8970204 -0.0856726915 -0.433606505
vn 0.886565685 -0.0855659544 -0.454620451
vn 0.8970204 0.0856725574 -0.433606535
vn -0.378358066 -0.0908467621 -0.92119056
vn 0.886565745 0.0855660439 -0.454620421
vn 0.886565685 -0.0855659544 -0.454620451
vn -0.378358066 0.0908464417 -0.92119056
vn -0.413493156 0.0910324901 -0.905945063
vn -0.413493246 -0.0910323039 -0.905945063
vn -0.897020459 -0.085671939 0.433606476
vn -0.897020459 0.0856720731 0.433606476
vn 0.378358096 -0.0908474997 0.921190441
vn -0.886565685 0.085566625 0.454620451
vn -0.886565685 -0.0855665058 0.454620391
vn 0.378357887 0.0908467621 0.92119056
vn 0.413493335 -0.0910311565 0.905945122
vn 0.413493514 0.0910305604 0.905945122
vn 0.8970204 -0.0856726915 -0.433606505
vn 0.8970204 0.0856725574 -0.433606535
vn -0.910413384 -0.390998363 -0.135158166
vn -0.309955001 -0.899769247 -0.307153612
vn -0.64180547 -0.758308887 0.114251107
vn -0.626659989 -0.468952328 -0.62239939
vn -0.969501972 0.120447315 -0.213444158
vn -0.740129411 -0.575701118 0.347529501
vn -0.70113337 0.144028142 -0.698332071
vn -0.812123835 0.58231914 -0.036868576
vn -0.508296728 0.697131276 -0.505610764
vn -0.479801834 0.832750559 0.276254594
vn -0.12077 0.985645831 -0.117970146
vn -0.127195969 0.750891984 0.64806056
vn 0.310819298 0.897276759 0.313505709
vn -0.288344026 0.598132968 0.747726262
vn -0.581926525 0.663655877 0.47002393
vn -0.13538155 0.784914613 0.604632914
vn -0.849281907 0.493772477 0.186839491
vn -0.989572465 0.129794955 0.0624460727
vn -0.951918781 -0.295397103 0.0811861008
vn -0.440405309 0.852651 0.28112182
vn -0.919053733 -0.392893076 0.0312287416
vn -0.636211932 -0.751343846 0.17526263
vn 0.0608170219 -0.834212303 -0.548079371
vn -0.993375957 0.10429842 0.0482280143
vn -0.818675518 0.567019284 0.0908809528
vn -0.509452283 -0.590763092 -0.625665486
vn -0.097201772 -0.978959024 -0.17941846
vn 0.140377581 0.916191757 -0.375348836
vn 0.451739609 0.890897095 0.0472609065
vn -0.766652822 0.170146897 -0.619107068
vn -0.250490636 0.773765981 -0.581842542
vn -0.410026342 -0.796879113 -0.443691283
vn -0.00316574681 0.9934448 -0.114268854
vn 0.2689372 0.944035292 0.190971598
vn -0.633321106 0.318841189 -0.70515579
vn -0.293273836 0.860131264 -0.417330414
vn -0.331215173 -0.895677567 -0.296745777
vn -0.0980471 -0.992234945 -0.0765279159
vn -0.722083151 0.0653544739 -0.688712358
vn -0.349336088 0.876018047 -0.332500637
vn -0.0810112581 0.991047442 -0.10612376
vn -0.198537812 -0.77403605 -0.601207912
vn -0.0581840314 -0.951792181 -0.3011747
vn -0.502390623 -0.311137855 -0.80671978
vn -0.712931752 0.0627880022 -0.698416829
vn -0.735821486 0.555904448 -0.386699945
vn -0.695186615 0.716836512 0.0534881391
vn -0.55024296 0.788220763 0.275573522
vn -0.311061978 0.797938347 0.516270041
vn 0.218358546 0.956022859 0.195805818
vn 0.135662496 0.735985279 0.663265646
vn 0.482169241 0.698761642 0.528436422
vn 0.504225671 0.714005053 0.485750347
vn 0.79281503 0.358763069 0.492679775
vn 0.612451315 -0.543320537 0.574200511
vn 0.92317158 -0.209108129 0.322533727
vn 0.715713978 -0.684989631 0.136171505
vn 0.452077478 0.773120224 0.444871992
vn 0.2122695 -0.949596703 0.230667979
vn 0.394204319 -0.918212533 -0.0385840237
vn 0.429024756 0.631094694 0.646264017
vn 0.451739609 0.890897095 0.0472609065
vn 0.647229016 -0.309165746 0.696786284
vn 0.016229758 -0.998788774 0.0464496501
vn 0.121385366 -0.965919852 -0.228614107
vn -0.0581840314 -0.951792181 -0.3011747
vn -0.0980471 -0.992234945 -0.0765279159
vn 0.292635262 -0.91847527 0.266022056
vn 0.0958233848 -0.995273769 0.0157547556
vn -0.097201772 -0.978959024 -0.17941846
vn 0.0608170219 -0.834212303 -0.548079371
vn 0.309479684 -0.170554727 0.935485601
vn 0.484165579 -0.829766631 0.277616799
vn 0.403696954 -0.874688566 -0.268232465
vn -0.237786978 -0.878049731 0.415314376
vn -0.636211932 -0.751343846 0.17526263
vn -0.740129411 -0.575701118 0.347529501
vn -0.0922257081 -0.575775564 0.812389553
vn -0.0556870401 -0.0963990539 0.993783712
vn -0.401504308 -0.708455503 0.580417931
vn -0.309955001 -0.899769247 -0.307153612
vn -0.0208118018 0.414843768 0.909654677
vn -0.13538155 0.784914613 0.604632914
vn -0.288344026 0.598132968 0.747726262
vn -0.201330572 -0.490707248 0.847745419
vn -0.0805793777 -0.0880461633 0.992851794
vn -0.0599714033 0.333002388 0.941016912
vn 0.310819298 0.897276759 0.313505709
vn 0.12180119 -0.984918296 0.122883633
vn -0.64180547 -0.758308887 0.114251107
vn -0.286231339 -0.823970437 0.489023954
vn 0.505803764 -0.695591748 0.510210395
vn 0.0504228957 -0.589109838 0.806478202
vn 0.699097693 -0.136974156 0.701783836
vn 0.197823092 -0.118241295 0.973080158
vn 0.624211431 0.468260437 0.62537384
vn 0.15054585 0.394219726 0.906601727
vn -0.127195969 0.750891984 0.64806056
vn -0.488230377 -0.374610007 0.788224816
vn -0.413502365 -0.886437416 0.207953066
vn -0.161282614 -0.756479502 0.633819103
vn -0.801632881 -0.442316622 0.402170092
vn -0.574669242 0.113806814 0.810434043
vn 0.0174068715 -0.58899349 0.807950318
vn -0.886303961 0.133982748 0.443299055
vn -0.366293401 0.567808926 0.73717171
vn -0.663526654 0.670286298 0.332338333
vn 0.0598939285 0.844214618 0.532648504
vn -0.161559477 0.983407795 0.0825084746
vn 0.569274247 0.766524076 0.297267079
vn 0.419652581 0.883754551 -0.207049921
vn 0.609111845 0.623853743 0.489682972
vn 0.205957681 0.687133849 0.696727037
vn 0.523275077 0.800192893 0.293043554
vn -0.180396497 0.493991256 0.850546718
vn -0.348633021 0.126931399 0.928624511
vn -0.317327201 -0.29019016 0.902825058
vn 0.0813096315 0.864350855 0.496272415
vn -0.34829697 -0.384034723 0.855106115
vn -0.102183171 -0.754191339 0.648655534
vn -0.496719658 -0.843488276 -0.204443559
vn -0.362501472 0.101772673 0.926409781
vn -0.255210817 0.560997725 0.787495315
vn -0.768371701 -0.564734221 0.301131636
vn -0.209513947 -0.976808965 0.044136893
vn -0.297981292 0.925470114 -0.233906657
vn 0.23193346 0.882342458 -0.409486026
vn -0.840155959 0.157857701 0.518863022
vn -0.643263876 0.761338055 0.0810915232
vn -0.574538946 -0.77538079 0.262087256
vn -0.109096423 0.993658364 -0.0272206627
vn 0.29031384 0.935523689 -0.201279327
vn -0.872983754 0.299059808 0.385308325
vn -0.507956743 0.845732629 0.163451239
vn -0.412215024 -0.881529629 0.230183244
vn -0.113167956 -0.99095422 0.0721304864
vn -0.884231687 0.0606716201 0.463090897
vn -0.451763242 0.860051095 0.23711212
vn -0.133902609 0.989817798 0.0482786
vn -0.64295578 -0.765391529 0.0279945154
vn -0.308150053 -0.951016784 -0.0247138795
vn -0.922744453 -0.295512468 0.247416884
vn -0.889631987 0.0583190806 0.452939034
vn -0.63849175 0.527022541 0.560870349
vn -0.238934949 0.709593475 0.662862897
vn 0.029282596 0.799418151 0.600060999
vn 0.365808427 0.819409192 0.441307932
vn 0.274359316 0.94936657 -0.15306893
vn 0.679120064 0.732511103 0.0471516736
vn 0.674707174 0.672882199 -0.303314507
vn 0.644772768 0.687464058 -0.334157556
vn 0.744958162 0.335195541 -0.576785266
vn 0.756523013 -0.514762998 -0.403351039
vn 0.648151457 -0.195963159 -0.735865533
vn 0.41626361 -0.664932549 -0.620152593
vn 0.590578496 0.749448121 -0.299239904
vn 0.304307759 -0.942503154 -0.138147131
vn 0.128726393 -0.915642977 -0.380824775
vn 0.761009037 0.608359158 -0.225309759
vn 0.23193346 0.882342458 -0.409486026
vn 0.869936705 -0.289610445 -0.399169058
vn 0.0506060831 -0.998714089 -0.00302680186
vn -0.165381566 -0.97045362 -0.175694555
vn -0.308150053 -0.951016784 -0.0247138795
vn -0.113167956 -0.99095422 0.0721304864
vn 0.368992001 -0.906982124 -0.203047529
vn 0.055048909 -0.994760692 -0.0861438289
vn -0.209513947 -0.976808965 0.044136893
vn -0.496719658 -0.843488276 -0.204443559
vn 0.985164642 -0.166035712 -0.0433921218
vn 0.453457177 -0.809177041 -0.373643011
vn -0.0844868198 -0.885408521 -0.457070827
vn 0.2966263 -0.892606974 0.339507759
vn -0.102183171 -0.754191339 0.648655534
vn 0.0174068715 -0.58899349 0.807950318
vn 0.745608449 -0.590275943 0.309260875
vn 0.940675914 -0.0992487893 0.324466467
vn 0.393088222 -0.735282779 0.552124023
vn -0.413502365 -0.886437416 0.207953066
vn 0.866270185 0.423292726 0.265328526
vn 0.523275077 0.800192893 0.293043554
vn 0.609111845 0.623853743 0.489682972
vn 0.744018853 -0.510745823 0.430783629
vn 0.932445705 -0.090983443 0.349667042
vn 0.885766745 0.342140079 0.313619703
vn 0.419652581 0.883754551 -0.207049921
vn 0.16659835 -0.982594669 -0.0821752176
vn -0.161282614 -0.756479502 0.633819103
vn 0.348992258 -0.843386948 0.408537477
vn 0.666704118 -0.668820441 -0.328914732
vn 0.787378669 -0.593469024 0.166821256
vn 0.888572335 -0.127424657 -0.440683663
vn 0.99065721 -0.117073759 0.0699423477
vn 0.803400397 0.441712886 -0.399296403
vn 0.914504468 0.392706275 0.0972794816
vn 0.569274247 0.766524076 0.297267079
vn 0.306028694 -0.838574708 -0.450709373
vn 0.347891539 -0.765339017 -0.54150492
vn 0.16950424 -0.900422335 -0.400634527
vn 0.272951603 -0.902627647 -0.332807481
vn 0.323992342 -0.742131114 -0.58674556
vn 0.145349935 -0.906840682 -0.395617872
vn 0.213659838 -0.845144272 -0.489980251
vn 0.154635862 -0.864888608 -0.477551669
vn -0.047755409 -0.921614707 -0.3851569
vn -0.0330291912 -0.971149504 -0.236172825
vn -0.322724849 -0.898134708 -0.298668236
vn -0.739104629 -0.619539559 -0.264376521
vn -0.445034742 -0.855043769 -0.266165912
vn -0.83591187 -0.461138397 -0.29766202
vn 0.244505435 -0.967659235 -0.0620695353
vn 0.464683205 -0.877351522 0.119682655
vn -0.509141147 -0.81880188 -0.265214443
vn -0.852167726 -0.338069677 -0.399398327
vn -0.147691429 -0.981899023 -0.118581034
vn -0.473847717 -0.846550465 -0.242529705
vn -0.72915256 -0.512123287 -0.453945279
vn -0.195607185 -0.980614722 -0.0115141589
vn -0.460217178 -0.877718449 -0.133455649
vn -0.816586792 -0.430110335 -0.384955943
vn 0.253191203 -0.96604377 0.0515141748
vn -0.228258833 -0.966761649 0.115194328
vn -0.388526022 -0.901274502 0.191707507
vn -0.505619049 -0.661802948 -0.553503633
vn -0.375448436 -0.913042665 0.159346968
vn -0.238704681 -0.854646385 0.461085379
vn -0.387469202 -0.73468399 0.556872606
vn -0.355129331 -0.823644161 0.44214645
vn -0.37463519 -0.743301272 0.554212749
vn 0.162159353 -0.972576678 0.166730464
vn 0.0730290636 -0.968413174 0.238417208
vn -0.179836541 -0.872384965 0.454536349
vn -0.211506695 -0.873387098 0.438702583
vn 0.267081231 -0.905136228 0.330750495
vn 0.579346299 -0.787774861 0.209209397
vn 0.416917324 -0.87350744 0.251325905
vn 0.850140095 -0.477029055 0.222946107
vn 0.0525556281 -0.945798874 0.32047236
vn 0.750439644 -0.547093868 0.370848417
vn 0.843031526 -0.490211636 0.221337751
vn 0.65511775 -0.739679515 0.15393132
vn 0.795502782 -0.511831641 0.324351013
vn 0.500094295 -0.801677465 0.327443063
vn 0.566504776 -0.505191088 0.651040971
vn 0.697856545 -0.507183492 0.505728364
vn 0.643139541 -0.599324286 0.476636082
vn 0.31002152 -0.936709464 -0.162671238
vn 0.16950424 -0.900422335 -0.400634527
vn -0.381666481 0.914137065 -0.136690184
vn -0.107290015 0.994187474 -0.00895361695
vn -0.272480071 0.958431542 -0.0846379027
vn -0.13249144 0.987254083 0.0881784558
vn -0.41030249 0.906107664 -0.103057228
vn 0.185180217 0.949173748 0.254514098
vn -0.160004452 0.960797071 0.226423055
vn 0.0870567411 0.937524915 0.336850643
vn 0.452604353 0.829831481 0.326387823
vn -0.0974812731 0.853204906 0.512385488
vn 0.290400833 0.944008291 0.156575054
vn 0.64049685 0.708672583 0.295883119
vn -0.363077521 0.907597601 0.210811287
vn -0.284260035 0.824348629 0.489536107
vn -0.509059012 0.701368928 -0.498939425
vn -0.370604843 0.921611071 0.11526075
vn -0.716321349 0.528531373 -0.455563784
vn -0.782118142 0.562503278 -0.268107027
vn -0.738087714 0.574872255 -0.353197455
vn -0.336723268 0.745741546 0.574880004
vn -0.218868762 0.828039587 0.516185045
vn -0.219215602 0.815392256 0.53579843
vn 0.192762524 0.914527416 0.355643272
vn -0.149406701 0.948792875 0.278333813
vn 0.0700880364 0.952006161 0.297946334
vn 0.906252623 0.324886113 0.27047199
vn 0.796323657 0.490463376 0.353997707
vn 0.882418275 0.390144467 0.262916952
vn 0.883335233 0.227526501 0.409817666
vn 0.811063051 0.514710486 0.277938396
vn 0.754655957 0.341923624 0.559984446
vn 0.586987913 0.756723464 0.287775517
vn 0.72188729 0.439069688 0.534880042
vn 0.42805028 0.896808624 0.111836255
vn 0.332297504 0.937681556 -0.101645038
vn 0.322920859 0.880669892 -0.346616119
vn 0.381298572 0.92025274 0.0880137682
vn 0.263890326 0.902264833 -0.340998411
vn 0.367031306 0.929899573 -0.0239744876
vn 0.546988606 0.763528883 0.343259484
vn 0.33437556 0.757919252 -0.560135067
vn 0.158276185 0.92999953 -0.331736952
vn 0.3258304 0.767484605 -0.552088737
vn 0.0118812239 0.978030741 -0.208121464
vn -0.363859415 0.900801539 -0.236987412
vn -0.588559508 0.740567029 -0.324280977
vn 0.127712786 0.867181122 -0.481338203
vn 0.316041917 0.828428328 -0.462411076
vn -0.111035042 0.910628319 -0.398029208
vn -0.739731133 0.646768272 -0.18571122
vn -0.263547063 0.95456171 -0.139122188
vn -0.791087329 0.555633307 -0.255836695
vn -0.768432379 0.457662076 -0.447277457
vn -0.381666481 0.914137065 -0.136690184
vn -0.228733942 0.972821891 0.0360319726
vn -0.277115345 0.944583178 0.17598252
vn -0.272261202 0.951618016 0.142467529
vn -0.218652144 0.967742741 0.125160769
vn -0.351987779 0.894299984 0.276282936
vn -0.170437589 0.966369569 0.192563832
vn -0.31394434 0.905860424 0.284351707
vn -0.242235497 0.944642305 0.221297875
vn -0.219384745 0.965749264 0.138559684
vn -0.13633652 0.990651011 0.00479002483
vn -0.208986416 0.965662837 -0.1543369
vn -0.0102116987 0.990240455 0.138995141
vn 0.117094547 0.9595263 0.256121248
vn -0.21123293 0.947777629 -0.238952607
vn -0.286950141 0.826919079 -0.483595252
vn -0.228733942 0.972821891 0.0360319726
vn -0.367370337 0.697456777 -0.615299046
vn -0.0807771683 0.994359553 -0.0687324181
vn -0.221608669 0.932520866 -0.285121679
vn -0.493650764 0.529409707 -0.689952433
vn -0.200555012 0.946045399 -0.25451088
vn -0.457048208 0.741919756 -0.490573108
vn -0.0256096683 0.994077444 -0.105613664
vn -0.129636928 0.957167923 -0.258889854
vn -0.443699628 0.643642485 -0.623582423
vn 0.0542853288 0.989319801 0.135275081
vn 0.0432312377 0.989705682 -0.136432007
vn 0.065587379 0.970367312 -0.232562929
vn -0.451946318 0.847265005 -0.279081583
vn 0.078192845 0.971073389 -0.225615427
vn 0.256294012 0.947578549 -0.190809712
vn 0.328103065 0.889363229 -0.318404406
vn 0.240357041 0.933442593 -0.266295463
vn 0.323733419 0.895893633 -0.304255337
vn 0.109984621 0.991291702 0.0724168569
vn 0.141376078 0.989827394 0.0159506314
vn 0.255800545 0.954084992 -0.155845955
vn 0.239171445 0.957473993 -0.161371231
vn 0.22176677 0.967281342 0.123232648
vn 0.201061875 0.918875337 0.339473248
vn 0.195992708 0.95602566 0.218178645
vn 0.299977839 0.701169848 0.646818519
vn 0.181651965 0.982166588 -0.0484913997
vn 0.386725605 0.76846236 0.509812593
vn 0.301152647 0.718014956 0.627504349
vn 0.177367911 0.896936357 0.405025572
vn 0.365210384 0.737182796 0.568491876
vn 0.266941875 0.923621356 0.275073886
vn 0.594049275 0.726235211 0.345959485
vn 0.497320056 0.728574932 0.471010834
vn 0.436041206 0.805532634 0.401229799
vn -0.0912666097 0.979409695 0.180075184
vn -0.219384745 0.965749264 0.138559684
vn -0.117981173 -0.972206175 -0.202226996
vn -0.015519877 -0.998247743 -0.0571021512
vn -0.0750059336 -0.987045884 -0.141825661
vn 0.0364050381 -0.996111214 -0.0802315399
vn -0.104169019 -0.969306827 -0.22269541
vn 0.163587138 -0.983461857 0.0777307525
vn 0.113054499 -0.987413764 -0.110601328
vn 0.203148186 -0.979040861 0.014481958
vn 0.250775188 -0.939145684 0.234770343
vn 0.303941488 -0.945878625 -0.113723971
vn 0.119853958 -0.98127836 0.150757715
vn 0.279065937 -0.880011201 0.384320796
vn 0.0826121569 -0.970686674 -0.225705087
vn 0.276126325 -0.933791459 -0.227569193
vn -0.387732267 -0.878104806 -0.280349106
vn 0.0434472896 -0.974502683 -0.220129102
vn -0.465134412 -0.742497325 -0.482024491
vn -0.297545344 -0.787159622 -0.540228248
vn -0.354083806 -0.795552731 -0.49165082
vn 0.342657804 -0.895230114 -0.284866065
vn 0.297756493 -0.935855508 -0.188455671
vn 0.312734246 -0.930349529 -0.191434279
vn 0.22215493 -0.971572697 0.0818159357
vn 0.144086733 -0.983362019 -0.110625952
vn 0.168004945 -0.985342979 -0.0295558199
vn 0.391595423 -0.532186568 0.750620008
vn 0.391863942 -0.722102046 0.570097625
vn 0.363676757 -0.609322727 0.704602838
vn 0.541927338 -0.379671961 0.749775946
vn 0.332225949 -0.73928535 0.585732937
vn 0.606333792 -0.558743358 0.565831482
vn 0.260399222 -0.902034104 0.344276905
vn 0.548428714 -0.66847837 0.502357066
vn 0.113004528 -0.965492249 0.234637454
vn -0.062454652 -0.981707811 0.179858983
vn -0.166502506 -0.960293889 0.223858282
vn 0.0891732499 -0.975832224 0.199498385
vn -0.174843356 -0.96672374 0.186748758
vn 0.0246855561 -0.977407753 0.209915996
vn 0.285045832 -0.903921068 0.318866253
vn -0.328979433 -0.902689695 0.277351499
vn -0.176851362 -0.976428986 0.123733848
vn -0.324423641 -0.906865358 0.268969506
vn -0.115990013 -0.99289155 0.0266938079
vn -0.175805733 -0.966693997 -0.185997233
vn -0.290223211 -0.892953694 -0.344098955
vn -0.273895085 -0.954724669 0.116112791
vn -0.25377965 -0.936626732 0.241508305
vn -0.2464993 -0.969132781 0.00444794958
vn -0.225177482 -0.841041625 -0.491878033
vn -0.101546817 -0.98672986 -0.126698196
vn -0.307265341 -0.771961093 -0.556474566
vn -0.484466612 -0.679038882 -0.551541686
vn -0.117981173 -0.972206175 -0.202226996
vn -0.90972805 -0.126448691 0.395481348
vn -0.0260131694 -0.999527097 -0.0163942091
vn -0.0256159119 -0.999516368 0.0176303536
vn -0.919191539 -0.18171218 0.349381834
vn -0.357837349 -0.110809557 -0.927185893
vn -0.376539171 0.105607092 -0.920361578
vn -0.936266899 0.0236544665 0.350492209
vn -0.166305155 0.985830486 -0.0219322983
vn -0.148039058 0.988119304 0.0412873514
vn -0.917247474 -0.0123174842 0.398127317
vn -0.120777391 0.989471614 0.0797416568
vn -0.91622299 -0.0125499116 0.400472194
vn -0.113001145 0.989180982 0.093549937
vn -0.908816874 -0.131420374 0.395955175
vn -0.0256159119 -0.999516368 0.0176303536
vn -0.00645694276 -0.999941111 0.00872954633
vn -0.923983812 -0.0149641205 0.382138759
vn -0.0971157998 0.987862587 0.12122684
vn -0.914860129 -0.152694866 0.37378493
vn 0.0112415235 -0.999888062 -0.00987862702
vn -0.9183532 0.0275851134 0.394799352
vn 0.260832489 0.121984914 0.957646072
vn 0.281665951 -0.130935147 0.950536907
vn -0.898461044 -0.21464029 0.383010924
vn 0.0300952196 -0.999546707 0.000693922164
vn -0.357837349 -0.110809557 -0.927185893
vn 0.0195608605 -0.998682797 -0.0474340133
vn -0.0260131694 -0.999527097 -0.0163942091
vn -0.324450701 -0.0697772056 -0.94332552
vn -0.313750058 -0.0586715974 -0.947691083
vn 0.0412063301 -0.996562183 -0.071874097
vn -0.333231837 0.0661073029 -0.940524518
vn -0.376539171 0.105607092 -0.920361578
vn -0.166305155 0.985830486 -0.0219322983
vn -0.0948628038 0.994139075 -0.0518516898
vn -0.0238582473 0.996852696 -0.0756005347
vn -0.318863451 0.0513317958 -0.946409643
vn -0.318863451 0.0513317958 -0.946409643
vn -0.313750058 -0.0586715974 -0.947691083
vn -0.298181534 -0.0761807039 -0.951464236
vn 0.12715818 -0.985379219 -0.1133954
vn 0.0412063301 -0.996562183 -0.071874097
vn 0.803026855 -0.473995358 -0.361214966
vn -0.298698455 0.0767893046 -0.951253176
vn -0.0238582473 0.996852696 -0.0756005347
vn 0.105282106 0.987610221 -0.116368845
vn -0.164395034 0.0793996602 -0.983193755
vn 0.752037823 0.560697973 -0.346492261
vn -0.0403842926 -0.134379178 -0.990106761
vn 0.260832489 0.121984914 0.957646072
vn -0.0399163291 0.993662119 0.105081879
vn -0.0971157998 0.987862587 0.12122684
vn 0.293768913 0.0922814608 0.951411545
vn 0.290026516 0.0728426874 0.954242468
vn 0.00225449284 0.996950746 0.0780005828
vn 0.0862411186 0.996007025 0.0230752192
vn 0.304492295 -0.0917996317 0.948080838
vn 0.281665951 -0.130935147 0.950536907
vn 0.0300952196 -0.999546707 0.000693922164
vn 0.0577732548 -0.998328269 0.00170929974
vn 0.061617963 -0.998047233 0.0102480641
vn 0.295658261 -0.0731716827 0.95248729
vn 0.342440099 0.0857225507 0.935620844
vn 0.674643815 0.69293797 -0.254347563
vn 0.350438744 -0.0923054293 0.932025909
vn 0.101599999 -0.994816482 -0.00420049252
vn 0.845893145 0.145715892 0.513061166
vn 0.89402318 -0.0459521525 0.445657849
vn 0.71841985 -0.639859796 -0.272859484
vn -0.721912801 0.124981306 0.680603862
vn 0.00325417076 0.999500394 0.0314369649
vn -0.0262248982 0.999517679 0.0166351441
vn -0.684332848 0.179124236 0.706825972
vn 0.664268613 0.112176813 0.739028871
vn 0.649371922 -0.106773257 0.752937973
vn -0.691879988 -0.0233004186 0.721636534
vn -0.051361654 -0.984842539 0.16567193
vn -0.0987051576 -0.987637401 0.121776618
vn -0.727181256 0.0121713132 0.68633759
vn -0.120699801 -0.98947084 0.0798684433
vn -0.728891909 0.0124039035 0.68451643
vn -0.129454702 -0.989339173 0.0667041019
vn -0.721986473 0.129904404 0.67960304
vn -0.0262248982 0.999517679 0.0166351441
vn -0.0103444997 0.999943733 0.00237578666
vn -0.715436399 0.0147692412 0.698521733
vn -0.146885097 -0.988343477 0.0400241055
vn -0.704452872 0.150726542 0.693561614
vn 0.0133750131 0.999890089 -0.00639225217
vn -0.724619746 -0.027252594 0.688609958
vn -0.737448514 -0.124280572 -0.663870513
vn -0.721150875 0.133217156 -0.679848969
vn -0.706388772 0.212129757 0.675289571
vn 0.0121573182 0.999516368 -0.02862061
vn 0.664268613 0.112176813 0.739028871
vn 0.0496308506 0.998766184 0.0017030891
vn 0.00325417076 0.999500394 0.0314369649
vn 0.694570601 0.0708151758 0.71593076
vn 0.703569591 0.0595897697 0.708123446
vn 0.0801165774 0.996750951 -0.00830877014
vn 0.687911868 -0.0670521781 0.722690344
vn 0.649371922 -0.106773257 0.752937973
vn -0.051361654 -0.984842539 0.16567193
vn 0.00495118182 -0.993781269 0.111239605
vn 0.0557625517 -0.996954322 0.0545219444
vn 0.700007796 -0.052118022 0.712230861
vn 0.700007796 -0.052118022 0.712230861
vn 0.703569591 0.0595897697 0.708123446
vn 0.714304507 0.0774460509 0.695536613
vn 0.152773932 0.985662282 -0.0716230124
vn 0.0801165774 0.996750951 -0.00830877014
vn 0.64968425 0.469950557 -0.597542286
vn 0.713868499 -0.0780671686 0.695914686
vn 0.0557625517 -0.996954322 0.0545219444
vn 0.146103472 -0.988016486 -0.0497722104
vn 0.806387484 -0.0813551769 0.585765004
vn 0.616386831 -0.556688726 -0.556924462
vn 0.870896101 0.138396844 0.471578538
vn -0.737448514 -0.124280572 -0.663870513
vn -0.108534187 -0.994068146 -0.0069919806
vn -0.146885097 -0.988343477 0.0400241055
vn -0.716313779 -0.0938376561 -0.691439927
vn -0.720672488 -0.0740959793 -0.689304769
vn -0.0670217574 -0.997130215 -0.0352055281
vn 0.0164598953 -0.995720804 -0.0909350961
vn -0.708243489 0.0932823122 -0.699778259
vn -0.721150875 0.133217156 -0.679848969
vn 0.0121573182 0.999516368 -0.02862061
vn 0.0230076201 0.998215795 -0.055098623
vn 0.0171979815 0.997907043 -0.0623359755
vn -0.716424942 0.074401319 -0.69368571
vn -0.679133713 -0.086888738 -0.728853762
vn 0.503742576 -0.687514603 -0.523036361
vn -0.67212683 0.0935034007 -0.734508514
vn 0.0467293262 0.994491816 -0.0938211307
vn -0.0859343261 -0.14174974 -0.986165404
vn -0.00891724322 0.0445507877 -0.99896729
vn 0.537643433 0.63423866 -0.55559057
vn -0.663778186 -0.563591123 0.491694689
vn -0.426595539 -0.135144368 0.894288719
vn -0.55212903 0.394567162 0.734486461
vn -0.231121853 -0.910397649 0.343159854
vn -0.580720246 -0.807394683 0.104296692
vn -0.00985879358 -0.999631166 0.0253065862
vn 0.0610611327 -0.956168294 0.28638044
vn -0.419679463 -0.301576942 0.856107771
vn -0.731244504 -0.0473110452 -0.680472791
vn -0.404527426 0.468897015 0.785170734
vn -0.24760291 -0.552210569 -0.796088099
vn 0.0120759383 0.197575748 0.980213225
vn 0.326408505 -0.15025191 -0.933210552
vn 0.422075897 -0.127918273 0.897490323
vn 0.389699727 -0.407669783 -0.825796306
vn 0.502854705 -0.825196922 0.257268727
vn 0.225030601 -0.974334598 -0.00575835118
vn 0.59668684 -0.354515433 -0.719919145
vn 0.996892154 0.0787793025 0.000144148406
vn 0.60923028 0.779635489 -0.144938052
vn -0.441691041 0.593423128 -0.672872961
vn -0.0278063212 0.139923677 -0.989771783
vn -0.223314807 -0.415040046 -0.881970644
vn -0.0745476708 0.918592811 -0.388110787
vn -0.511753142 0.820167363 -0.255800962
vn 0.0013267165 0.999648809 -0.0264672562
vn 0.176873177 0.951269805 -0.252590179
vn -0.0376001075 0.311841011 -0.949389994
vn -0.907677948 0.0440384336 0.417350382
vn -0.0534703285 -0.483531356 -0.873692393
vn -0.542041779 0.527320504 0.654311776
vn 0.409503371 -0.191346526 -0.89201653
vn -0.0855389014 0.153098002 0.984501898
vn 0.720440507 0.118958794 -0.683238029
vn 0.0214274321 0.419607371 0.907452703
vn 0.573075116 0.812358499 -0.107975297
vn 0.210023284 0.975534558 0.0649820119
vn 0.275551319 0.375101894 0.885081887
vn 0.959811866 -0.0804362744 0.268869996
vn 0.52413404 -0.795615673 0.303774953
vn -0.223314807 -0.415040046 -0.881970644
vn -0.263248622 -0.93030864 0.255393893
vn -0.441691041 0.593423128 -0.672872961
vn -0.511753142 0.820167363 -0.255800962
vn -0.907677948 0.0440384336 0.417350382
vn 0.0490824059 -0.979838014 0.193670511
vn -0.0278063212 0.139923677 -0.989771783
vn -0.161879331 -0.851012349 0.499573082
vn -0.542041779 0.527320504 0.654311776
vn -0.0855389014 0.153098002 0.984501898
vn -0.0806057006 -0.931971371 0.353457302
vn 0.0214274321 0.419607371 0.907452703
vn -0.135565981 -0.989544034 0.0492402166
vn -0.0376001075 0.311841011 -0.949389994
vn -0.0534703285 -0.483531356 -0.873692393
vn -0.0642433092 -0.957107306 0.282521427
vn 0.275551319 0.375101894 0.885081887
vn 0.52413404 -0.795615673 0.303774953
vn 0.0452026203 -0.998681605 0.0243252721
vn 0.409503371 -0.191346526 -0.89201653
vn 0.334028661 -0.940339804 0.0646972805
vn 0.959811866 -0.0804362744 0.268869996
vn 0.720440507 0.118958794 -0.683238029
vn 0.573075116 0.812358499 -0.107975297
vn -0.55212903 0.394567162 0.734486461
vn -0.142323539 0.938940585 -0.313264221
vn -0.663778186 -0.563591123 0.491694689
vn -0.580720246 -0.807394683 0.104296692
vn -0.731244504 -0.0473110452 -0.680472791
vn 0.127247751 0.977331579 -0.169206873
vn -0.426595539 -0.135144368 0.894288719
vn 0.0573051088 0.854652107 -0.516028941
vn -0.24760291 -0.552210569 -0.796088099
vn 0.326408505 -0.15025191 -0.933210552
vn 0.0723785684 0.932189047 -0.354661703
vn 0.389699727 -0.407669783 -0.825796306
vn -0.107293844 0.990810037 -0.0823624805
vn -0.419679463 -0.301576942 0.856107771
vn -0.404527426 0.468897015 0.785170734
vn 0.0580227152 0.95724231 -0.28340891
vn 0.59668684 -0.354515433 -0.719919145
vn 0.60923028 0.779635489 -0.144938052
vn 0.0528247207 0.998543382 -0.0109886201
vn 0.0120759383 0.197575748 0.980213225
vn 0.341767818 0.939389348 0.0272482708
vn 0.996892154 0.0787793025 0.000144148406
vn 0.422075897 -0.127918273 0.897490323
vn 0.502854705 -0.825196922 0.257268727
vn 0.669574142 0.403555334 -0.623549044
vn 0.152773932 0.985662282 -0.0716230124
vn 0.64968425 0.469950557 -0.597542286
vn 0.616386831 -0.556688726 -0.556924462
vn 0.121004768 0.986598015 -0.109463111
vn 0.040106602 0.998414636 -0.0394934602
vn 0.0801165774 0.996750951 -0.00830877014
vn 0.0128767313 0.99972707 -0.0194932111
vn 0.0496308506 0.998766184 0.0017030891
vn 0.00325417076 0.999500394 0.0314369649
vn -0.0262248982 0.999517679 0.0166351441
vn -0.0103444997 0.999943733 0.00237578666
vn 0.011611362 0.999383569 -0.0331306718
vn 0.0133750131 0.999890089 -0.00639225217
vn 0.0232516788 0.99850744 -0.049418252
vn 0.0280941166 0.998934925 -0.0366030671
vn 0.0121573182 0.999516368 -0.02862061
vn 0.0230076201 0.998215795 -0.055098623
vn 0.0265993625 0.998523772 -0.0473591648
vn 0.0171979815 0.997907043 -0.0623359755
vn 0.0467293262 0.994491816 -0.0938211307
vn 0.0753648281 0.992692471 -0.094242543
vn 0.537643433 0.63423866 -0.55559057
vn 0.0928897113 0.989873171 -0.107343383
vn 0.64511162 0.448239356 -0.618799269
vn 0.611561298 0.508616388 -0.606054544
vn 0.572800398 -0.592826724 -0.566088438
vn 0.503742576 -0.687514603 -0.523036361
vn 0.609508455 -0.536977291 -0.583227932
vn 0.0723428056 -0.992558241 -0.0979527906
vn 0.0164598953 -0.995720804 -0.0909350961
vn 0.634887338 -0.491692334 -0.595950305
vn 0.10194806 -0.988107741 -0.11510691
vn 0.122988939 -0.986792207 -0.105427004
vn 0.146103472 -0.988016486 -0.0497722104
vn 0.0146726025 -0.999884129 0.00407054741
vn 0.0557625517 -0.996954322 0.0545219444
vn 0.00495118182 -0.993781269 0.111239605
vn -0.031736739 -0.999276578 -0.0209545661
vn -0.0670217574 -0.997130215 -0.0352055281
vn -0.00879053865 -0.999746859 -0.0207082704
vn -0.0412307046 -0.997106493 0.0638653785
vn -0.051361654 -0.984842539 0.16567193
vn -0.0987051576 -0.987637401 0.121776618
vn -0.120699801 -0.98947084 0.0798684433
vn -0.0675260201 -0.997302175 0.0287863072
vn -0.129454702 -0.989339173 0.0667041019
vn -0.0849550143 -0.996219218 0.0181613192
vn -0.108534187 -0.994068146 -0.0069919806
vn -0.146885097 -0.988343477 0.0400241055
vn 0.835215747 -0.407434493 -0.369339615
vn 0.12715818 -0.985379219 -0.1133954
vn 0.803026855 -0.473995358 -0.361214966
vn 0.752037823 0.560697973 -0.346492261
vn 0.146734416 -0.986870348 -0.0674973801
vn 0.051422298 -0.99845612 -0.0210042074
vn 0.0412063301 -0.996562183 -0.071874097
vn 0.0224461425 -0.99974066 -0.00385410129
vn 0.0195608605 -0.998682797 -0.0474340133
vn -0.0260131694 -0.999527097 -0.0163942091
vn -0.0256159119 -0.999516368 0.0176303536
vn -0.00645694276 -0.999941111 0.00872954633
vn 0.0337935649 -0.999423981 0.00312025542
vn 0.0112415235 -0.999888062 -0.00987862702
vn 0.0529253669 -0.998598039 -0.000929682748
vn 0.0438095704 -0.998980105 -0.0109225549
vn 0.0300952196 -0.999546707 0.000693922164
vn 0.0577732548 -0.998328269 0.00170929974
vn 0.0525503606 -0.998606026 -0.00495422445
vn 0.061617963 -0.998047233 0.0102480641
vn 0.101599999 -0.994816482 -0.00420049252
vn 0.114111036 -0.992984772 -0.0309829544
vn 0.71841985 -0.639859796 -0.272859484
vn 0.132972568 -0.990232468 -0.0419290215
vn 0.820845604 -0.452700198 -0.348245561
vn 0.795313239 -0.51371336 -0.321831226
vn 0.742560267 0.597980261 -0.301701754
vn 0.674643815 0.69293797 -0.254347563
vn 0.773404598 0.541697264 -0.32925579
vn 0.116067052 0.992886007 -0.0265647862
vn 0.0862411186 0.996007025 0.0230752192
vn 0.795521498 0.496063799 -0.347945601
vn 0.143589318 0.988512754 -0.0471673906
vn 0.144050911 0.987014532 -0.0710740536
vn 0.105282106 0.987610221 -0.116368845
vn 0.00267526391 0.999875665 -0.0155369863
vn -0.0238582473 0.996852696 -0.0756005347
vn -0.0948628038 0.994139075 -0.0518516898
vn 0.00480025029 0.999237061 0.0387571752
vn 0.00225449284 0.996950746 0.0780005828
vn 0.0143164787 0.999751985 0.0170558579
vn -0.0731439665 0.997252405 0.0117279403
vn -0.166305155 0.985830486 -0.0219322983
vn -0.148039058 0.988119304 0.0412873514
vn -0.120777391 0.989471614 0.0797416568
vn -0.0537144281 0.997235239 0.0513493791
vn -0.113001145 0.989180982 0.093549937
vn -0.0518415347 0.996038318 0.0722507611
vn -0.0399163291 0.993662119 0.105081879
vn -0.0971157998 0.987862587 0.12122684
vn 0.99065721 -0.117073759 0.0699423477
vn 0.397628337 4.52339634E-07 0.91754657
vn 0.787378669 -0.593469024 0.166821256
vn 0.914504468 0.392706275 0.0972794816
vn 0.348992258 -0.843386948 0.408537477
vn 0.569274247 0.766524076 0.297267079
vn -0.161282614 -0.756479502 0.633819103
vn 0.0598939285 0.844214618 0.532648504
vn -0.488230377 -0.374610007 0.788224816
vn -0.366293401 0.567808926 0.73717171
vn -0.574669242 0.113806814 0.810434043
vn 0.128726393 -0.915642977 -0.380824775
vn 0.0859168097 0.628853917 -0.772762001
vn 0.41626361 -0.664932549 -0.620152593
vn -0.165381566 -0.97045362 -0.175694555
vn -0.59865582 0.598276734 -0.532612383
vn -0.308150053 -0.951016784 -0.0247138795
vn -0.0339672118 0.609183669 -0.792301416
vn -0.229662731 0.816334128 -0.529956281
vn -0.202464566 0.545134783 -0.813533127
vn 0.648151457 -0.195963159 -0.735865533
vn 0.744958162 0.335195541 -0.576785266
vn 0.0849603191 0.928436339 -0.361645967
vn 0.674707174 0.672882199 -0.303314507
vn -0.497508496 0.548910558 -0.671701252
vn 0.131204367 0.841932535 -0.523388028
vn -0.322728425 0.526334882 -0.786649823
vn 0.162549227 0.756852746 -0.633049488
vn -0.64295578 -0.765391529 0.0279945154
vn 0.679120064 0.732511103 0.0471516736
vn -0.457337856 0.866609037 -0.199577138
vn -0.922744453 -0.295512468 0.247416884
vn -0.889631987 0.0583190806 0.452939034
vn -0.311806738 0.944552541 -0.102942109
vn 0.365808427 0.819409192 0.441307932
vn 0.029282596 0.799418151 0.600060999
vn -0.523141503 0.794190526 -0.309167266
vn -0.592483938 0.711235166 -0.378295124
vn -0.63849175 0.527022541 0.560870349
vn -0.238934949 0.709593475 0.662862897
vn 0.0306851622 0.966984153 -0.252982438
vn -0.146306589 0.979424953 -0.139000148
vn 0.197823092 -0.118241295 0.973080158
vn -0.70710665 1.05367157E-07 0.707106829
vn 0.0504228957 -0.589109838 0.806478202
vn 0.15054585 0.394219726 0.906601727
vn -0.286231339 -0.823970437 0.489023954
vn -0.127195969 0.750891984 0.64806056
vn -0.64180547 -0.758308887 0.114251107
vn -0.479801834 0.832750559 0.276254594
vn -0.910413384 -0.390998363 -0.135158166
vn -0.812123835 0.58231914 -0.036868576
vn -0.969501972 0.120447315 -0.213444158
vn 0.394204319 -0.918212533 -0.0385840237
vn 0.744234025 0.62290287 -0.241055354
vn 0.715713978 -0.684989631 0.136171505
vn 0.121385366 -0.965919852 -0.228614107
vn 0.328385502 0.571143389 -0.752301931
vn -0.0581840314 -0.951792181 -0.3011747
vn 0.720707655 0.594838142 -0.356017053
vn 0.428044617 0.795962036 -0.428044617
vn 0.683544397 0.522193313 -0.509981632
vn 0.92317158 -0.209108129 0.322533727
vn 0.79281503 0.358763069 0.492679775
vn 0.363589168 0.928794384 -0.071721606
vn 0.482169241 0.698761642 0.528436422
vn 0.47480008 0.519309521 -0.710550725
vn 0.52896452 0.843182445 -0.0961242765
vn 0.622916579 0.499455333 -0.602095604
vn 0.6415025 0.758790374 -0.112745881
vn -0.198537812 -0.77403605 -0.601207912
vn 0.135662496 0.735985279 0.663265646
vn 0.0666243583 0.857748926 -0.50973326
vn -0.502390623 -0.311137855 -0.80671978
vn -0.712931752 0.0627880022 -0.698416829
vn 0.0146138165 0.941681504 -0.336187959
vn -0.311061978 0.797938347 0.516270041
vn -0.55024296 0.788220763 0.275573522
vn 0.150105551 0.777865946 -0.610239983
vn 0.194305941 0.690608084 -0.696638823
vn -0.735821486 0.555904448 -0.386699945
vn -0.695186615 0.716836512 0.0534881391
vn 0.246417269 0.966085374 -0.0771857053
vn 0.092104651 0.976332963 -0.195680097
vn -0.00629495876 0.999926805 0.0103363274
vn -0.886565685 0.085566625 0.454620451
vn 0.378357887 0.0908467621 0.92119056
vn -0.897020459 0.0856720731 0.433606476
vn 0.01142886 0.9999336 0.00150975876
vn 0.413493514 0.0910305604 0.905945122
vn 0.8970204 0.0856725574 -0.433606535
vn -0.0114287417 0.9999336 -0.00150976377
vn -0.413493156 0.0910324901 -0.905945063
vn -0.378358066 0.0908464417 -0.92119056
vn 0.00629512174 0.999926805 -0.0103364484
vn 0.886565745 0.0855660439 -0.454620421
vn -0.886565685 -0.0855665058 0.454620391
vn -0.00629512314 -0.999926805 0.0103364699
vn 0.378358096 -0.0908474997 0.921190441
vn 0.413493335 -0.0910311565 0.905945122
vn -0.0114289057 -0.9999336 -0.00150961755
vn -0.897020459 -0.085671939 0.433606476
vn -0.413493246 -0.0910323039 -0.905945063
vn 0.00629496016 -0.999926805 -0.0103363153
vn -0.378358066 -0.0908467621 -0.92119056
vn 0.886565685 -0.0855659544 -0.454620451
vn 0.0114287054 -0.9999336 0.00150992442
vn 0.8970204 -0.0856726915 -0.433606505
vn 0.904481351 -0.424868971 0.0374143086
vn 0.84122479 1.87285912E-06 0.540685534
vn 0.664185703 -0.61369127 0.426896125
vn 0.992708623 9.4756399E-07 -0.120539136
vn 0.390886158 -0.435118169 0.811098218
vn 0.904480815 0.424870074 0.0374156199
vn 0.28278932 1.23187408E-06 0.959182024
vn 0.664186597 0.613690913 0.42689535
vn 0.390883058 0.435121387 0.81109792
vn 0.548185289 -0.437128574 0.713029802
vn 0.120214209 8.36692209E-07 0.992747962
vn 0.0958497897 -0.603570998 0.791527033
vn 0.739300013 6.5037068E-07 0.673376143
vn -0.337326914 -0.414078087 0.845428824
vn 0.548187554 0.437129259 0.713027596
vn -0.500014246 9.48032209E-07 0.866017222
vn 0.0958484411 0.603571057 0.791527033
vn -0.337328404 0.414080083 0.845427215
vn -0.880581617 -0.416686416 0.225717366
vn -0.967364788 3.13345799E-06 -0.253387809
vn -0.768451452 -0.607427478 -0.201281577
vn -0.918714166 1.10560654E-06 0.39492324
vn -0.625163376 -0.438064426 -0.645964682
vn -0.880582154 0.416687489 0.225713313
vn -0.56691891 4.59893454E-06 -0.823773623
vn -0.768447638 0.607431114 -0.201285094
vn -0.625165582 0.438065141 -0.64596194
vn 0.4053334 0.71620065 -0.568120956
vn 0.5571751 0.38351801 -0.736525536
vn 0.327147424 0.21014519 -0.921310723
vn 0.177531749 0.296335191 -0.938439131
vn 0.473614126 0.808607578 -0.349060953
vn 0.472943991 0.851534784 -0.2263017
vn 0.539504468 0.836547673 0.0955140367
vn 0.475417256 0.268076122 0.837922215
vn 0.588524997 0.805622637 -0.0678996369
vn 0.685640931 0.416942716 0.596703708
vn 0.698911071 0.148057178 0.699715853
vn 0.625360727 -0.112069145 0.772246361
vn 0.0315521732 0.566948116 -0.823149025
vn -0.344962388 -0.206806779 -0.915549994
vn -0.352808952 0.710158587 -0.609262347
vn -0.831429243 0.352009326 -0.429900974
vn -0.317259133 0.944330931 0.0870963186
vn -0.53566891 0.52260083 -0.663285136
vn -0.246697962 0.931255281 -0.268148899
vn -0.0658082217 0.740469694 -0.668860197
vn 0.354969651 0.814630687 -0.458664834
vn -0.711647391 0.697710156 -0.0822098255
vn -0.134582564 0.990841866 -0.0109451311
vn -0.838832259 0.458693087 0.293191165
vn -0.534350038 0.712107837 0.455381721
vn -0.233009785 0.922723234 0.307063937
vn -0.393509597 -0.0646885037 0.917041719
vn 0.261709094 0.0741874427 0.9622913
vn -0.144802406 0.974046826 0.173968762
vn -0.250391155 0.922398269 -0.294084519
vn 0.266144395 0.959351718 0.0938695893
vn -0.758603215 0.63193047 -0.158697814
vn -0.597961009 0.793229342 0.115021423
vn 0.00452370988 0.708459437 0.705737114
vn 0.60547334 0.688843846 0.398617893
vn 0.0801376477 0.595730484 0.799176574
vn 0.330548644 0.107484497 0.937648535
vn -0.448657393 0.00253216876 0.893700302
vn -0.782255888 0.621270716 -0.0458077975
vn 0.698829174 0.267706305 0.663303137
vn -0.389255822 0.173301458 0.904680371
vn 0.360125393 0.766198099 0.532212555
vn 0.40533334 0.716200531 -0.568121195
vn 0.5571751 0.38351813 -0.736525536
vn 0.327147424 0.21014519 -0.921310723
vn 0.177531779 0.296335161 -0.938439131
vn 0.473614067 0.808607578 -0.349060923
vn 0.472944111 0.851534724 -0.226301566
vn 0.539504349 0.836547732 0.0955140069
vn 0.475417376 0.268076032 0.837922156
vn 0.588524997 0.805622637 -0.0678996071
vn 0.685640752 0.416942835 0.596703768
vn 0.69891125 0.148057178 0.699715674
vn 0.625360966 -0.112069085 0.772246242
vn 0.0315523371 0.566948056 -0.823149025
vn -0.34496206 -0.206806779 -0.915550232
vn -0.35280928 0.710158587 -0.609262109
vn -0.831429243 0.352009445 -0.429901034
vn -0.317259461 0.944330871 0.0870959088
vn -0.53566891 0.52260077 -0.663285196
vn -0.246697843 0.931255162 -0.268148929
vn -0.0658085123 0.740469813 -0.668860018
vn 0.35496974 0.814630806 -0.458664536
vn -0.711647749 0.697709918 -0.0822098851
vn -0.134582624 0.990841866 -0.0109450007
vn -0.838831961 0.458693266 0.293191582
vn -0.534350157 0.712107718 0.455381751
vn -0.233010218 0.922723114 0.307064027
vn -0.3935076 -0.0646882132 0.917042613
vn 0.261709481 0.0741873905 0.962291181
vn -0.144802481 0.974046707 0.173968971
vn -0.250391006 0.92239815 -0.294084936
vn 0.266144216 0.959351718 0.0938695446
vn -0.758603156 0.63193053 -0.158697918
vn -0.597960591 0.79322964 0.115021631
vn 0.00452381559 0.708459318 0.705737174
vn 0.60547334 0.688843846 0.398617923
vn 0.0801370963 0.595730305 0.799176693
vn 0.330548614 0.107484482 0.937648535
vn -0.448657006 0.00253182882 0.89370048
vn -0.782255948 0.621270776 -0.0458076335
vn 0.698829055 0.267706364 0.663303256
vn -0.389256418 0.173301458 0.904680192
vn 0.360125631 0.766198099 0.532212496
vn -0.241413638 0.841590345 0.483161598
vn -0.143398076 0.805314362 0.575244069
vn -0.243742809 0.916221201 0.318006545
vn -0.0420015082 0.99077034 0.128879547
vn -0.207438126 0.864391744 0.45803526
vn -0.0297917519 0.995310247 0.0920323208
vn -0.0906888247 0.919729054 0.381934345
vn -0.0203555841 0.824554801 0.5654158
vn 0.168350071 0.900835752 0.400191456
vn 0.199437037 0.973400176 0.112769373
vn 0.117349274 0.887671709 0.445272833
vn 0.0793241858 0.958191037 0.274913788
vn -0.151757732 0.730392456 0.665955186
vn -0.215066865 0.886975288 0.408682138
vn 0.334424585 0.941067636 0.0505162589
vn 0.441167653 0.871552646 -0.213932395
vn 0.21344918 0.975097656 0.0602009706
vn 0.185540646 0.886105835 -0.424724698
vn 0.50770092 0.7107777 -0.486862123
vn 0.0641696751 0.915455818 0.397269458
vn 0.279808104 0.866416812 0.413556933
vn 0.556508183 0.830219388 0.0321637206
vn -0.237236068 0.831632495 0.502102017
vn -0.0140068 0.878920197 0.476763099
vn -0.273690075 0.84072417 0.467200786
vn -0.13359496 0.940846622 0.311384022
vn -0.167536318 0.922558129 0.347589165
vn -0.254392713 0.924943745 0.282424271
vn -0.32374236 0.879534125 0.348726928
vn -0.298306525 0.930951953 -0.210574791
vn -0.337680191 0.910134017 -0.240058526
vn -0.0834767595 0.908306777 -0.409890652
vn -0.147659585 0.435712546 -0.887891412
vn -0.0937259048 0.744523346 -0.660984397
vn 0.011484527 -0.0806148276 -0.996679187
vn -0.0731775612 0.0931397453 -0.992960155
vn -0.134854808 0.242322028 -0.960777819
vn 0.0558549203 0.249864906 -0.966668367
vn -0.00889433362 0.775072396 -0.631809831
vn 0.0568984896 0.517573178 -0.853745103
vn -0.388590097 0.664877653 -0.637914956
vn 0.233892754 0.94496274 -0.228778318
vn 0.000801482005 0.9985165 -0.0544446036
vn -0.211307704 0.937111914 -0.277795464
vn 0.0324386731 0.997123897 -0.0684955195
vn 0.248920456 0.954179585 -0.16607143
vn 0.217475086 0.950637817 -0.221341759
vn 0.023375459 0.993472993 -0.111647211
vn 0.0278246216 0.987705886 -0.153826877
vn -0.0620914362 0.998057425 0.00508494815
vn 0.764961541 0.343164533 -0.545043051
vn 0.216362223 0.959840417 -0.178587779
vn -0.473131567 0.856598616 -0.205877081
vn -0.5718382 0.814562976 -0.0974083915
vn -0.302511245 0.927198529 -0.2208841
vn -0.125942796 0.991537094 -0.0315082856
vn -0.448787659 0.876792133 -0.17269969
vn -0.0899173766 0.995699763 -0.0222893134
vn -0.377513736 0.924078584 -0.0596845821
vn -0.565505683 0.824323773 0.0263393782
vn -0.410397977 0.889803648 0.199557051
vn -0.129125774 0.96944046 0.208594799
vn -0.451947153 0.878818393 0.153042302
vn -0.281241089 0.954210222 0.101912484
vn -0.66476953 0.740521789 -0.0985342637
vn -0.397542447 0.898857474 -0.184432447
vn -0.0780742019 0.937709868 0.338533193
vn 0.180721015 0.884038091 0.431064546
vn -0.0778714195 0.972698271 0.218618944
vn 0.415682703 0.896578193 0.152824759
vn 0.464351058 0.739150107 0.487888426
vn -0.401794523 0.910605907 0.0967366546
vn -0.429229587 0.848844469 0.308585644
vn -0.0779146776 0.826018989 0.558231056
vn -0.492978722 0.846723795 -0.200077116
vn -0.477018416 0.878526986 0.025372725
vn -0.45498839 0.857364595 -0.24064818
vn -0.30325833 0.946658194 -0.108961925
vn -0.337851584 0.930642009 -0.140576527
vn -0.265262991 0.935230315 -0.234477699
vn -0.328839749 0.895057321 -0.301225364
vn 0.233338937 0.920570731 -0.31321311
vn 0.264963001 0.897102892 -0.353554994
vn 0.415346026 0.902125001 -0.116867751
vn 0.8794415 0.424280226 -0.215798303
vn 0.662222564 0.734790385 -0.146780148
vn 0.994275033 -0.0802235007 -0.0705790818
vn 0.984031439 0.0914321244 -0.152716383
vn 0.949049652 0.235820055 -0.209030479
vn 0.967818558 0.250504047 -0.0239809863
vn 0.632389367 0.772247851 -0.0609671287
vn 0.854568541 0.519161224 -0.0135735692
vn 0.643905699 0.636855662 -0.424028575
vn 0.211945876 0.952760339 0.217547074
vn 0.0545634106 0.998503447 -0.00369973434
vn 0.293139249 0.927353323 -0.232562318
vn 0.0660677329 0.997452676 0.0268919468
vn 0.146968544 0.960199833 0.237521619
vn 0.205620408 0.957686067 0.201389536
vn 0.110132784 0.993815064 0.0142241986
vn 0.152133077 0.988243163 0.0152027542
vn 3.2931006E-05 0.998083353 -0.061884474
vn 0.517417371 0.367145985 0.772970259
vn 0.16225712 0.965530694 0.20352672
vn 0.0697467998 0.852330685 0.518331707
vn 0.210146889 0.818327665 0.534956217
vn -0.0283593666 0.921296179 0.387826145
vn 0.0378078185 0.99159497 0.123733215
vn 0.0847966447 0.874150813 0.478194416
vn 0.0271618012 0.99573189 0.0882052854
vn 0.142210782 0.926136792 0.349351972
vn 0.31163919 0.834902585 0.45367232
vn 0.376601577 0.901754797 0.212154418
vn 0.237167194 0.971074104 -0.027692087
vn 0.359347761 0.89109993 0.27714631
vn 0.227265134 0.959456086 0.16671741
vn 0.257177323 0.746084571 0.614180446
vn 0.0492807366 0.895080328 0.443173349
vn 0.317169368 0.936000824 -0.15266338
vn 0.258886397 0.870532691 -0.418510079
vn 0.219088316 0.972724617 -0.0762044191
vn -0.0844602659 0.89463979 -0.438732326
vn 0.161649495 0.719154239 -0.675785959
vn 0.285458535 0.919341087 0.270786673
vn 0.478931785 0.863591492 0.157588601
vn 0.494069606 0.819095433 -0.291509688
vn 0.0845313817 0.843024909 0.531190455
vn 0.264561623 0.886649728 0.379288048
vn 0.0320953466 0.850907624 0.524334073
vn 0.0637646616 0.945670843 0.318811387
vn 0.0552206375 0.928566933 0.367034227
vn -0.0581550449 0.928837776 0.36589396
vn -0.0803585872 0.885136604 0.458340079
vn -0.377646744 0.925904632 0.00913530029
vn -0.427808702 0.90382427 0.00902920403
vn -0.309484124 0.911960363 -0.26934731
vn -0.652701735 0.445073217 -0.613098919
vn -0.4674052 0.75381726 -0.461835325
vn -0.585756898 -0.0837739855 -0.806145549
vn -0.656185985 0.0962621868 -0.748434186
vn -0.687934935 0.248873606 -0.681767881
vn -0.52787447 0.259667337 -0.80865407
vn -0.376766205 0.786404848 -0.489504635
vn -0.455559611 0.533387303 -0.712715566
vn -0.700506508 0.661679208 -0.267340988
vn 0.0712064207 0.947419345 -0.311971605
vn -0.0306436867 0.998627186 -0.0424810126
vn -0.342242509 0.935041904 -0.092555739
vn -0.0113130743 0.997373223 -0.0715456605
vn 0.120220773 0.954867482 -0.271615744
vn 0.0612256229 0.95300281 -0.296710521
vn -0.0440249629 0.994046092 -0.0996694937
vn -0.0644889399 0.988762915 -0.134867042
vn -0.0508745834 0.997917473 0.0396543741
vn 0.35261941 0.346505374 -0.869248867
vn 0.0848307461 0.961142004 -0.26269713
vn -0.444394469 0.880158365 0.16683796
vn -0.400788337 0.915640533 0.0311626121
vn -0.14212577 0.963421702 0.227198139
vn -0.0344046764 0.579994857 0.813893318
vn -0.234570965 0.972034812 0.0111670988
vn -0.522029579 0.846023917 0.108299315
vn -0.108681269 0.925639272 0.362464011
vn 0.166588768 0.786153972 0.595155478
vn -0.261107326 0.963657618 0.0564527325
vn -0.411131501 0.899728596 0.146489933
vn -0.212957382 0.969092488 -0.124534361
vn 0.144067481 0.987900615 0.0574179739
vn 0.0120605193 0.899507582 0.436738759
vn -0.0585130304 0.993435025 0.0983017012
vn -0.264969021 0.927236259 0.264621288
vn 0.00254660891 0.998334467 0.0576362684
vn -0.323440492 0.898216188 0.297647238
vn -0.350159705 0.907214701 0.233129948
vn 0.274913579 0.952215493 -0.133072317
vn 0.0882624611 0.993179083 0.0761905462
vn 0.392818421 0.919616044 0.000204775861
vn 0.484653145 0.87069118 -0.0837144628
vn -0.241519392 0.938941121 -0.245066971
vn -0.386645108 0.803025842 -0.453491956
vn -0.104005419 0.771618128 -0.627525508
vn 0.0775727481 0.996383667 0.0346691459
vn 0.778316259 0.627581179 0.0191233978
vn 0.246204987 0.945699692 0.212214738
vn 0.806582272 0.573506057 0.143233612
vn -0.328037083 0.783051014 -0.528415263
vn -0.526477635 0.841336429 -0.122369498
vn -0.288100958 0.911620438 -0.293165535
vn 0.0152569767 0.907354951 0.420088291
vn -0.259315848 0.955901802 -0.137865826
vn -0.162840664 0.824612081 0.541754484
vn -0.318333119 0.931295216 -0.177068606
vn -0.33883068 0.926646769 -0.162848294
vn 0.177331179 0.850240946 -0.495624751
vn -0.0283581708 0.983264387 -0.179963782
vn -0.158357307 0.933843195 -0.320717722
vn 0.0259521529 0.953749239 -0.299480796
vn 0.278889984 0.823282957 -0.494394153
vn -0.402611792 0.853278756 -0.331389636
vn 0.663067818 0.589489758 -0.46134907
vn 0.895121515 0.417887121 -0.155331358
vn 0.24493894 0.918088615 0.311638027
vn 0.108984374 0.823579133 -0.556632578
vn 0.741863072 0.649472952 0.166805297
vn -0.0966112241 0.859320998 -0.502228856
vn 0.482850641 0.807510495 0.338794857
vn 0.319828928 0.85539335 0.407445461
vn 0.112194099 0.972111881 0.205939367
vn 0.429309011 0.890329123 0.151683301
vn 0.307943195 0.922027469 0.234597787
vn 0.248036101 0.964128017 -0.0945266038
vn 0.53526926 0.564999878 -0.627902865
vn 0.174817175 0.974239111 0.142468229
vn 0.448172182 0.857855439 0.25144735
vn 0.310460836 0.92326659 -0.226258352
vn 0.259666979 0.770014942 -0.582795024
vn 0.22332038 0.967005908 0.122587055
vn 0.391344637 0.908495426 0.1465794
vn 0.0714333057 0.968341827 0.239189014
vn -0.0656727254 0.987975419 -0.139969856
vn 0.270755708 0.891813397 -0.362436533
vn 0.105126277 0.993537605 -0.0427952781
vn 0.361165524 0.931362212 -0.0460858606
vn 0.0353537835 0.998180151 -0.0488518812
vn 0.425412774 0.904304326 -0.035463281
vn 0.403172791 0.914448977 0.035140682
vn -0.283113331 0.956628799 -0.0686162487
vn -0.0137722325 0.99276334 -0.119294718
vn -0.281546891 0.925037265 -0.255024195
vn -0.404115647 0.880773067 -0.246838659
vn 0.0140454294 0.934776723 0.354958087
vn -0.016611781 0.791000664 0.61158973
vn -0.323801637 0.755747378 0.569208562
vn -0.032937862 0.996375024 -0.0784341991
vn -0.554805398 0.641810894 -0.529405117
vn -0.0385122783 0.942643166 -0.331573159
vn -0.4904387 0.582813025 -0.64791888
vn -0.104896158 0.767864108 0.631966412
vn 0.29800871 0.845947027 0.442226648
vn 0.0161889922 0.905849874 0.423289478
vn 0.257987916 0.900077403 -0.351145297
vn 0.095867902 0.955203652 0.279991746
vn 0.462862819 0.819928229 -0.336861551
vn 0.112567574 0.930002511 0.349890918
vn 0.13642928 0.926102102 0.351741135
vn -0.444538772 0.847298384 0.290638775
vn -0.0956922024 0.981567442 0.16543375
vn -0.0933166742 0.927361608 0.362342864
vn -0.210955203 0.950571895 0.227839574
vn -0.518600225 0.824735284 0.225533709
vn 0.0727055147 0.846707582 0.527067423
vn -0.793077767 0.606965065 -0.0511965714
vn -0.768769503 0.435136527 -0.468668014
vn 0.0262038689 0.911556005 -0.41034016
vn -0.432881027 0.816357434 0.382327825
vn -0.426048577 0.656845629 -0.622122526
vn -0.25156951 0.847569227 0.467267901
vn -0.124774702 0.801613867 -0.584676325
vn 0.0343787484 0.845068276 -0.533552051
vn 0.0526917763 0.969251812 -0.240363404
vn -0.678885758 0.208120823 -0.70413053
vn -0.0122500286 0.999894023 -0.00787464064
vn 0.404144615 0.678367972 -0.613582909
vn 0.555579066 -0.000842812413 -0.831463337
vn -0.632950723 -0.00447626319 -0.774179041
vn -0.841224968 0 -0.540685356
vn 0.404281646 -0.679032624 -0.612756968
vn -0.686777771 -0.20520471 -0.697300017
vn -0.0122503163 -0.999894023 -0.00787425134
vn -0.808529079 0.27608639 -0.519670069
vn -0.919044673 0.202550113 -0.338127434
vn -0.428547829 0.678569615 0.596565247
vn -0.965593398 0.00439429143 -0.260019362
vn -0.578681111 0.00084207789 0.815553486
vn -0.921955347 -0.205313697 -0.328397036
vn -0.429376751 -0.677886665 0.59674561
vn -0.808529139 -0.27608645 -0.51966995
vn 0.0930360705 0.19886826 -0.975600243
vn -0.00179719308 0.999888182 -0.0148442397
vn 0.70980823 0.686197996 -0.159074366
vn 0.977283895 -0.000861655571 -0.211932898
vn 0.16824235 -0.00424640719 -0.985736549
vn -0.120214596 -1.95938071E-07 -0.992747962
vn 0.709299147 -0.686889768 -0.158357814
vn 0.0836211741 -0.196217969 -0.976988196
vn -0.00179764221 -0.999888182 -0.0148438998
vn -0.115769438 0.269417912 -0.956039369
vn -0.320277363 0.202322438 -0.925466418
vn -0.714175045 0.688075364 0.128476754
vn -0.410891384 0.00443628617 -0.911673546
vn -0.983095348 0.000863593246 0.183092132
vn -0.329624623 -0.205329716 -0.921513557
vn -0.714880645 -0.68743062 0.12800324
vn -0.115769573 -0.269417793 -0.956039488
vn 0.866387129 0.206776485 0.45455128
vn 0.0143197197 0.999890447 0.00375070563
vn -0.218281999 0.683944225 0.696112812
vn -0.305709511 -0.000855317106 0.952124476
vn 0.84502703 -0.00446283678 0.534704983
vn 0.96736455 0 0.253388852
vn -0.218655124 -0.684593856 0.695356786
vn 0.871671736 -0.20378162 0.445714414
vn 0.0143195204 -0.999890447 0.00375089422
vn 0.930907667 0.271943301 0.243839771
vn 0.979116142 0.198268771 0.0449565202
vn 0.247225627 0.683565915 -0.686743855
vn 0.99920696 0.00429146783 -0.0395865776
vn 0.333070785 0.000853330421 -0.942901373
vn 0.978969097 -0.200942725 0.0352368429
vn 0.247990027 -0.682875633 -0.687154949
vn 0.930907667 -0.271943271 0.243839905
vn -0.017119972 -0.999709785 0.016947262
vn -0.685549378 -0.0680772439 0.724836171
vn -0.705465913 -0.0735262334 0.704919577
vn -0.70710665 1.05367E-07 0.707106829
vn 0.253401816 -0.923661113 0.287467629
vn -0.287628949 -0.923566759 -0.253562689
vn -0.668622971 -0.0522642098 0.741762578
vn 0.482760727 -0.70698905 0.516825497
vn -0.72534138 -0.0677814484 0.685044169
vn -0.516949832 -0.706813633 -0.482884347
vn -0.657263756 -0.0284944791 0.753121793
vn 0.636027217 -0.382680863 0.67009306
vn -0.742149174 -0.0517174155 0.668236375
vn -0.670159996 -0.382453203 -0.636093676
vn -0.653202057 -0.000386499625 0.757183552
vn 0.689868152 -0.000123254431 0.723935008
vn -0.753330767 -0.0277801175 0.657054722
vn -0.657054543 0.0277803335 0.753331006
vn -0.75718379 0.000386695814 0.653201878
vn -0.723935068 0.000123054808 -0.689868033
vn 0.636094034 0.382453024 0.670159757
vn -0.67009306 0.38268128 -0.636026978
vn -0.668236256 0.0517177656 0.742149293
vn 0.4828839 0.706814528 0.516948998
vn -0.753121555 0.0284947138 0.657264113
vn -0.516826332 0.706988096 -0.482761264
vn -0.685044229 0.0677814335 0.72534132
vn 0.253563017 0.92356652 0.287629187
vn -0.741762638 0.052264452 0.668622911
vn -0.287467837 0.923660994 -0.253402174
vn -0.704919219 0.0735266805 0.70546633
vn -0.0169456117 0.999709785 0.0171214025
vn -0.72483629 0.0680774972 0.685549259
vn 0.725351512 -0.0678220615 -0.685029447
vn 0.517320573 -0.706805468 0.482499272
vn 0.28800419 -0.923554242 0.253182024
vn 0.742169201 -0.0517485887 -0.668211758
vn 0.707106769 0 -0.707106769
vn 0.670529306 -0.382448524 0.63570708
vn 0.705464363 -0.0735706165 -0.704916716
vn 0.0175000578 -0.999696851 -0.0173231047
vn 0.75335753 -0.0277966671 -0.65702343
vn 0.72430414 0.000123778416 0.689480603
vn 0.685535491 -0.0681186244 -0.72484535
vn -0.253019929 -0.923649192 -0.287841946
vn 0.757212698 0.000387166801 -0.65316838
vn 0.670463026 0.382675797 0.635640264
vn 0.66859895 -0.0522961095 -0.74178201
vn -0.482376397 -0.706979394 -0.51719749
vn 0.7531479 0.0285119116 -0.657233059
vn 0.657233 -0.0285120029 -0.75314796
vn 0.741782129 0.0522959717 -0.668598831
vn 0.51719743 0.706979692 0.482376069
vn -0.635640502 -0.382675827 -0.670462787
vn 0.287842095 0.923649192 0.25301984
vn 0.653168499 -0.000387374137 -0.75721252
vn -0.689480782 -0.000123762962 -0.72430408
vn 0.72484535 0.0681183636 -0.685535491
vn 0.0173238311 0.999696851 -0.0174994972
vn 0.657023549 0.0277964529 -0.75335753
vn -0.63570708 0.382448196 -0.670529544
vn 0.704916537 0.0735705793 -0.705464542
vn -0.253181726 0.923554361 -0.288004279
vn 0.668211579 0.0517484248 -0.742169321
vn -0.48249948 0.706804991 -0.517320991
vn 0.685029566 0.0678218529 -0.725351512
vt 0.556239069 0.990978122
vt 0.570384204 0.988670111
vt 0.572463751 0.968765616
vt 0.683385313 0.992599607
vt 0.689262211 0.991394579
vt 0.692298114 0.970068991
vt 0.556239069 0.990978122
vt 0.570384204 0.988670111
vt 0.572463751 0.968765616
vt 0.683385313 0.992599607
vt 0.689262211 0.991394579
vt 0.692298114 0.970068991
vt 0.0794189945 0.799865365
vt 0.0882279426 0.752352834
vt 0.0794214979 0.752352834
vt 0.0882279426 0.799865365
vt 0.0970358178 0.752352834
vt 0.0970357805 0.799865365
vt 0.105843768 0.799865425
vt 0.105843872 0.752352893
vt 0.114651956 0.799865484
vt 0.114652075 0.752353013
vt 0.123460382 0.752353072
vt 0.123460308 0.799865544
vt 0.132268876 0.752353072
vt 0.132268861 0.799865544
vt 0.141077697 0.799865544
vt 0.141077682 0.752353072
vt 0.149886817 0.799865544
vt 0.149886817 0.752353072
vt 0.158696204 0.752353072
vt 0.158696234 0.799865484
vt 0.167505831 0.752352953
vt 0.167505905 0.799865425
vt 0.176315278 0.799865246
vt 0.176315203 0.752352774
vt 0.185124263 0.799865127
vt 0.185124263 0.752352715
vt 0.193933025 0.752352774
vt 0.19393295 0.799865186
vt 0.202741414 0.752352893
vt 0.20274137 0.799865425
vt 0.211549491 0.799865484
vt 0.211549476 0.752353072
vt 0.220358506 0.799865544
vt 0.220356002 0.752353132
vt 0.180466071 0.913978815
vt 0.191383854 0.856057048
vt 0.180466071 0.856057048
vt 0.191260785 0.913978696
vt 0.202055499 0.913978577
vt 0.202174008 0.856057048
vt 0.212879345 0.856057048
vt 0.192874834 0.919532716
vt 0.183796018 0.922230363
vt 0.190880656 0.932643056
vt 0.212850213 0.913978457
vt 0.223644197 0.856057048
vt 0.223644927 0.913978338
vt 0.234409228 0.856057048
vt 0.196258575 0.931481063
vt 0.197935432 0.957157373
vt 0.193895951 0.957327843
vt 0.193247378 0.960883021
vt 0.202267006 0.918900609
vt 0.211691394 0.919518113
vt 0.208331838 0.931494653
vt 0.202294171 0.931184173
vt 0.220806584 0.922198176
vt 0.213710561 0.932679534
vt 0.210354015 0.957353294
vt 0.202121139 0.957020044
vt 0.202119231 0.960970223
vt 0.20631136 0.957159936
vt 0.206486598 0.961017251
vt 0.210990161 0.960905552
vt 0.211098462 0.964321434
vt 0.20658043 0.96443212
vt 0.202117875 0.964421511
vt 0.197651342 0.96442771
vt 0.19775109 0.961013317
vt 0.193129748 0.964300156
vt 0.254045665 0.960882366
vt 0.249641657 0.964427352
vt 0.254163444 0.9642995
vt 0.249541789 0.961012959
vt 0.245173529 0.960969925
vt 0.245174929 0.964421213
vt 0.253396899 0.957327187
vt 0.240712374 0.964431942
vt 0.249357253 0.957156956
vt 0.251033098 0.931480467
vt 0.256411195 0.932642162
vt 0.240806133 0.961017013
vt 0.240981236 0.957159817
vt 0.236194372 0.964321434
vt 0.236302555 0.960905552
vt 0.236938581 0.957353354
vt 0.233580202 0.932679951
vt 0.245171458 0.957019746
vt 0.238958955 0.931494653
vt 0.226482853 0.922198951
vt 0.244997039 0.931183934
vt 0.254415482 0.919531882
vt 0.2634947 0.922228873
vt 0.266823769 0.913977861
vt 0.245022759 0.91890049
vt 0.245234355 0.9139781
vt 0.256029069 0.913977981
vt 0.266823769 0.856057048
vt 0.255905747 0.856057048
vt 0.245115072 0.856057048
vt 0.235597968 0.919518352
vt 0.234439641 0.913978219
vt 0.180466071 0.913978815
vt 0.191383854 0.856057048
vt 0.180466071 0.856057048
vt 0.191260785 0.913978696
vt 0.202055499 0.913978577
vt 0.202174008 0.856057048
vt 0.212879345 0.856057048
vt 0.192874834 0.919532716
vt 0.183796018 0.922230363
vt 0.190880656 0.932643056
vt 0.212850213 0.913978457
vt 0.223644197 0.856057048
vt 0.223644927 0.913978338
vt 0.234409228 0.856057048
vt 0.196258575 0.931481063
vt 0.197935432 0.957157373
vt 0.193895951 0.957327843
vt 0.193247378 0.960883021
vt 0.202267006 0.918900609
vt 0.211691394 0.919518113
vt 0.208331838 0.931494653
vt 0.202294171 0.931184173
vt 0.220806584 0.922198176
vt 0.213710561 0.932679534
vt 0.210354015 0.957353294
vt 0.202121139 0.957020044
vt 0.202119231 0.960970223
vt 0.20631136 0.957159936
vt 0.206486598 0.961017251
vt 0.210990161 0.960905552
vt 0.211098462 0.964321434
vt 0.20658043 0.96443212
vt 0.202117875 0.964421511
vt 0.197651342 0.96442771
vt 0.19775109 0.961013317
vt 0.193129748 0.964300156
vt 0.254045665 0.960882366
vt 0.249641657 0.964427352
vt 0.254163444 0.9642995
vt 0.249541789 0.961012959
vt 0.245173529 0.960969925
vt 0.245174929 0.964421213
vt 0.253396899 0.957327187
vt 0.240712374 0.964431942
vt 0.249357253 0.957156956
vt 0.251033098 0.931480467
vt 0.256411195 0.932642162
vt 0.240806133 0.961017013
vt 0.240981236 0.957159817
vt 0.236194372 0.964321434
vt 0.236302555 0.960905552
vt 0.236938581 0.957353354
vt 0.233580202 0.932679951
vt 0.245171458 0.957019746
vt 0.238958955 0.931494653
vt 0.226482853 0.922198951
vt 0.244997039 0.931183934
vt 0.254415482 0.919531882
vt 0.2634947 0.922228873
vt 0.266823769 0.913977861
vt 0.245022759 0.91890049
vt 0.245234355 0.9139781
vt 0.256029069 0.913977981
vt 0.266823769 0.856057048
vt 0.255905747 0.856057048
vt 0.245115072 0.856057048
vt 0.235597968 0.919518352
vt 0.234439641 0.913978219
vt 0.180466071 0.913978815
vt 0.191383854 0.856057048
vt 0.180466071 0.856057048
vt 0.191260785 0.913978696
vt 0.202055499 0.913978577
vt 0.202174008 0.856057048
vt 0.212879345 0.856057048
vt 0.192874834 0.919532716
vt 0.183796018 0.922230363
vt 0.190880656 0.932643056
vt 0.212850213 0.913978457
vt 0.223644197 0.856057048
vt 0.223644927 0.913978338
vt 0.234409228 0.856057048
vt 0.196258575 0.931481063
vt 0.197935432 0.957157373
vt 0.193895951 0.957327843
vt 0.193247378 0.960883021
vt 0.202267006 0.918900609
vt 0.211691394 0.919518113
vt 0.208331838 0.931494653
vt 0.202294171 0.931184173
vt 0.220806584 0.922198176
vt 0.213710561 0.932679534
vt 0.210354015 0.957353294
vt 0.202121139 0.957020044
vt 0.202119231 0.960970223
vt 0.20631136 0.957159936
vt 0.206486598 0.961017251
vt 0.210990161 0.960905552
vt 0.211098462 0.964321434
vt 0.20658043 0.96443212
vt 0.202117875 0.964421511
vt 0.197651342 0.96442771
vt 0.19775109 0.961013317
vt 0.193129748 0.964300156
vt 0.254045665 0.960882366
vt 0.249641657 0.964427352
vt 0.254163444 0.9642995
vt 0.249541789 0.961012959
vt 0.245173529 0.960969925
vt 0.245174929 0.964421213
vt 0.253396899 0.957327187
vt 0.240712374 0.964431942
vt 0.249357253 0.957156956
vt 0.251033098 0.931480467
vt 0.256411195 0.932642162
vt 0.240806133 0.961017013
vt 0.240981236 0.957159817
vt 0.236194372 0.964321434
vt 0.236302555 0.960905552
vt 0.236938581 0.957353354
vt 0.233580202 0.932679951
vt 0.245171458 0.957019746
vt 0.238958955 0.931494653
vt 0.226482853 0.922198951
vt 0.244997039 0.931183934
vt 0.254415482 0.919531882
vt 0.2634947 0.922228873
vt 0.266823769 0.913977861
vt 0.245022759 0.91890049
vt 0.245234355 0.9139781
vt 0.256029069 0.913977981
vt 0.266823769 0.856057048
vt 0.255905747 0.856057048
vt 0.245115072 0.856057048
vt 0.235597968 0.919518352
vt 0.234439641 0.913978219
vt 0.155909568 0.506890118
vt 0.194499016 0.652451932
vt 0.194499016 0.506890118
vt 0.155909732 0.652451932
vt 0.00436744839 0.506890118
vt 0.0429561585 0.652451932
vt 0.0429561585 0.506890118
vt 0.00436744839 0.652451932
vt 0.116009928 0.500866413
vt 0.113411374 0.462675959
vt 0.113411374 0.502263248
vt 0.116009928 0.462491542
vt 0.216414437 0.462491542
vt 0.216414437 0.500866532
vt 0.219012976 0.502263248
vt 0.219012976 0.462675899
vt 0.107607186 0.462536454
vt 0.110205874 0.500726938
vt 0.110205874 0.461139441
vt 0.107607186 0.500911474
vt 0.00720266625 0.462536454
vt 0.00720266625 0.500911474
vt 0.00460411888 0.461139441
vt 0.00460411888 0.500726938
vt 0.0431123674 0.979561746
vt 0.0376424119 0.971334517
vt 0.0381914228 0.980279624
vt 0.0421975702 0.970147431
vt 0.0476611294 0.978918612
vt 0.0340910591 0.964669824
vt 0.0472334437 0.969411969
vt 0.0520927124 0.978908896
vt 0.0525536165 0.969426215
vt 0.0566334762 0.979597569
vt 0.0575971454 0.970165908
vt 0.0615466088 0.98030442
vt 0.0621362701 0.971380532
vt 0.0657199249 0.964795172
vt 0.0606407747 0.962125242
vt 0.0797033682 0.956143856
vt 0.0536445267 0.961096585
vt 0.0461428687 0.960996151
vt 0.0392290652 0.962157726
vt 0.0690789297 0.949142277
vt 0.0308053195 0.949426174
vt 0.0198774468 0.956018746
vt 0.0121149514 0.945464373
vt 0.0433621705 0.946746826
vt 0.0563392937 0.94709307
vt 0.0270927045 0.940861106
vt 0.00922960788 0.931726635
vt 0.072667934 0.940654695
vt 0.0875109583 0.945540845
vt 0.0422476716 0.939077318
vt 0.0574537963 0.939314544
vt 0.025349183 0.931726635
vt 0.074363336 0.931726635
vt 0.090494141 0.931726635
vt 0.0416402444 0.931726635
vt 0.0580562502 0.931726635
vt 0.025349183 0.83764267
vt 0.00922960788 0.83764267
vt 0.0416402444 0.83764267
vt 0.0580562502 0.83764267
vt 0.074363336 0.83764267
vt 0.0200583898 0.825385332
vt 0.00929729454 0.825378418
vt 0.0308497511 0.825410724
vt 0.0416967347 0.825463831
vt 0.0525711179 0.825411916
vt 0.0634268522 0.825396359
vt 0.0743074864 0.825383306
vt 0.0851408243 0.825403929
vt 0.090494141 0.83764267
vt 0.0959119648 0.825389922
vt 0.106715098 0.825447738
vt 0.106628947 0.83764267
vt 0.117560208 0.825392187
vt 0.122953288 0.83764267
vt 0.128448442 0.825400412
vt 0.1393843 0.825417697
vt 0.106628947 0.931726635
vt 0.139392227 0.83764267
vt 0.150261238 0.825414956
vt 0.108328827 0.940646768
vt 0.0934866145 0.945540845
vt 0.122953288 0.931726635
vt 0.155684993 0.83764267
vt 0.1610111 0.825410366
vt 0.171745747 0.825386524
vt 0.171795443 0.83764267
vt 0.139392227 0.931726635
vt 0.155684993 0.931726635
vt 0.171795443 0.931726635
vt 0.168903008 0.945471823
vt 0.123551391 0.939317167
vt 0.138767168 0.939073384
vt 0.153925508 0.940865576
vt 0.150206402 0.949428618
vt 0.16113314 0.956025243
vt 0.146914795 0.964671373
vt 0.137647852 0.946744919
vt 0.124666259 0.947091639
vt 0.141777158 0.962157726
vt 0.143360749 0.971334994
vt 0.111922413 0.94913733
vt 0.101298787 0.956140339
vt 0.115282655 0.964790821
vt 0.134862691 0.960994601
vt 0.127359271 0.961094201
vt 0.120361991 0.962121427
vt 0.11886549 0.9713763
vt 0.138805881 0.970146835
vt 0.142809227 0.980280101
vt 0.137888476 0.979560912
vt 0.133769587 0.969410062
vt 0.13333945 0.978916347
vt 0.128448784 0.969423711
vt 0.12890783 0.978906393
vt 0.123404913 0.97016257
vt 0.124366999 0.97959429
vt 0.119453438 0.980300605
vt 0.0431123674 0.979561746
vt 0.0376424119 0.971334517
vt 0.0381914228 0.980279624
vt 0.0421975702 0.970147431
vt 0.0476611294 0.978918612
vt 0.0340910591 0.964669824
vt 0.0472334437 0.969411969
vt 0.0520927124 0.978908896
vt 0.0525536165 0.969426215
vt 0.0566334762 0.979597569
vt 0.0575971454 0.970165908
vt 0.0615466088 0.98030442
vt 0.0621362701 0.971380532
vt 0.0657199249 0.964795172
vt 0.0606407747 0.962125242
vt 0.0797033682 0.956143856
vt 0.0536445267 0.961096585
vt 0.0461428687 0.960996151
vt 0.0392290652 0.962157726
vt 0.0690789297 0.949142277
vt 0.0308053195 0.949426174
vt 0.0198774468 0.956018746
vt 0.0121149514 0.945464373
vt 0.0433621705 0.946746826
vt 0.0563392937 0.94709307
vt 0.0270927045 0.940861106
vt 0.00922960788 0.931726635
vt 0.072667934 0.940654695
vt 0.0875109583 0.945540845
vt 0.0422476716 0.939077318
vt 0.0574537963 0.939314544
vt 0.025349183 0.931726635
vt 0.074363336 0.931726635
vt 0.090494141 0.931726635
vt 0.0416402444 0.931726635
vt 0.0580562502 0.931726635
vt 0.025349183 0.83764267
vt 0.00922960788 0.83764267
vt 0.0416402444 0.83764267
vt 0.0580562502 0.83764267
vt 0.074363336 0.83764267
vt 0.0200583898 0.825385332
vt 0.00929729454 0.825378418
vt 0.0308497511 0.825410724
vt 0.0416967347 0.825463831
vt 0.0525711179 0.825411916
vt 0.0634268522 0.825396359
vt 0.0743074864 0.825383306
vt 0.0851408243 0.825403929
vt 0.090494141 0.83764267
vt 0.0959119648 0.825389922
vt 0.106715098 0.825447738
vt 0.106628947 0.83764267
vt 0.117560208 0.825392187
vt 0.122953288 0.83764267
vt 0.128448442 0.825400412
vt 0.1393843 0.825417697
vt 0.106628947 0.931726635
vt 0.139392227 0.83764267
vt 0.150261238 0.825414956
vt 0.108328827 0.940646768
vt 0.0934866145 0.945540845
vt 0.122953288 0.931726635
vt 0.155684993 0.83764267
vt 0.1610111 0.825410366
vt 0.171745747 0.825386524
vt 0.171795443 0.83764267
vt 0.139392227 0.931726635
vt 0.155684993 0.931726635
vt 0.171795443 0.931726635
vt 0.168903008 0.945471823
vt 0.123551391 0.939317167
vt 0.138767168 0.939073384
vt 0.153925508 0.940865576
vt 0.150206402 0.949428618
vt 0.16113314 0.956025243
vt 0.146914795 0.964671373
vt 0.137647852 0.946744919
vt 0.124666259 0.947091639
vt 0.141777158 0.962157726
vt 0.143360749 0.971334994
vt 0.111922413 0.94913733
vt 0.101298787 0.956140339
vt 0.115282655 0.964790821
vt 0.134862691 0.960994601
vt 0.127359271 0.961094201
vt 0.120361991 0.962121427
vt 0.11886549 0.9713763
vt 0.138805881 0.970146835
vt 0.142809227 0.980280101
vt 0.137888476 0.979560912
vt 0.133769587 0.969410062
vt 0.13333945 0.978916347
vt 0.128448784 0.969423711
vt 0.12890783 0.978906393
vt 0.123404913 0.97016257
vt 0.124366999 0.97959429
vt 0.119453438 0.980300605
vt 0.695656121 0.856333196
vt 0.718303859 0.837156475
vt 0.694004834 0.838245273
vt 0.719447374 0.858110428
vt 0.746858537 0.837119937
vt 0.746322334 0.858871043
vt 0.778695107 0.839499056
vt 0.778485775 0.859400511
vt 0.792423725 0.838614881
vt 0.745565593 0.894632876
vt 0.778485775 0.859400511
vt 0.791152775 0.858168483
vt 0.775974751 0.89429909
vt 0.793450117 0.893127382
vt 0.718664467 0.893890321
vt 0.695656121 0.856333196
vt 0.774990022 0.910387516
vt 0.792873442 0.910594046
vt 0.745347917 0.909676433
vt 0.775924683 0.936781406
vt 0.79367888 0.938470483
vt 0.744413495 0.934849918
vt 0.774030805 0.958171129
vt 0.789564967 0.961420894
vt 0.718252122 0.909126759
vt 0.743427753 0.95484823
vt 0.773685634 0.970666587
vt 0.788202047 0.97472918
vt 0.788939357 0.993506551
vt 0.774653256 0.99140209
vt 0.742781699 0.992681146
vt 0.742911041 0.967536509
vt 0.713604748 0.992849171
vt 0.716430366 0.934315801
vt 0.7164343 0.955167532
vt 0.715782046 0.968193889
vt 0.689262211 0.991394579
vt 0.692298114 0.970068991
vt 0.691199183 0.935079694
vt 0.692124009 0.957052708
vt 0.682064712 0.972240031
vt 0.683385313 0.992599607
vt 0.679258049 0.958293676
vt 0.677814841 0.935331047
vt 0.695809245 0.90843606
vt 0.682120085 0.907756031
vt 0.694704175 0.891599357
vt 0.695809245 0.90843606
vt 0.681249499 0.89021498
vt 0.68627876 0.854758561
vt 0.687030315 0.836971998
vt 0.694004834 0.838245273
vt 0.571762085 0.935177326
vt 0.603656411 0.90917027
vt 0.573822141 0.908258498
vt 0.603448331 0.934619606
vt 0.572753429 0.956521451
vt 0.631102204 0.934610248
vt 0.6033144 0.955154002
vt 0.630356312 0.955727875
vt 0.654770434 0.958046496
vt 0.630398631 0.968953431
vt 0.630316794 0.909406543
vt 0.656460583 0.935993791
vt 0.572463751 0.968765616
vt 0.603209376 0.967839837
vt 0.556520402 0.972261965
vt 0.556239069 0.990978122
vt 0.55517453 0.959017396
vt 0.571762085 0.935177326
vt 0.550998151 0.936143219
vt 0.602122962 0.990070462
vt 0.570384204 0.988670111
vt 0.6307621 0.990626574
vt 0.654227316 0.971121609
vt 0.654709697 0.990680277
vt 0.660949886 0.992289066
vt 0.661927044 0.972070754
vt 0.665136814 0.958896637
vt 0.668076515 0.936635017
vt 0.666520596 0.908976912
vt 0.653515399 0.908889055
vt 0.667414367 0.891509712
vt 0.654456496 0.892768323
vt 0.663749278 0.856052399
vt 0.654684544 0.856972456
vt 0.66446799 0.839769781
vt 0.656801224 0.839631438
vt 0.630672693 0.858200133
vt 0.630672693 0.858200133
vt 0.630596578 0.894353151
vt 0.653515399 0.908889055
vt 0.63247627 0.836712837
vt 0.60385263 0.857739687
vt 0.603489339 0.834667563
vt 0.603685975 0.894096017
vt 0.573138416 0.892500162
vt 0.573822141 0.908258498
vt 0.572190762 0.857199132
vt 0.570771635 0.836159289
vt 0.55730617 0.834903002
vt 0.556283355 0.854595125
vt 0.572190762 0.857199132
vt 0.551696241 0.890186191
vt 0.552104652 0.908124447
vt 0.571762085 0.935177326
vt 0.792423725 0.838614881
vt 0.778695107 0.839499056
vt 0.778485775 0.859400511
vt 0.746322334 0.858871043
vt 0.746858537 0.837119937
vt 0.719447374 0.858110428
vt 0.718303859 0.837156475
vt 0.695656121 0.856333196
vt 0.694004834 0.838245273
vt 0.745565593 0.894632876
vt 0.778485775 0.859400511
vt 0.718664467 0.893890321
vt 0.695656121 0.856333196
vt 0.775974751 0.89429909
vt 0.791152775 0.858168483
vt 0.792423725 0.838614881
vt 0.793450117 0.893127382
vt 0.745347917 0.909676433
vt 0.774990022 0.910387516
vt 0.792873442 0.910594046
vt 0.775924683 0.936781406
vt 0.79367888 0.938470483
vt 0.744413495 0.934849918
vt 0.774030805 0.958171129
vt 0.789564967 0.961420894
vt 0.718252122 0.909126759
vt 0.743427753 0.95484823
vt 0.773685634 0.970666587
vt 0.788202047 0.97472918
vt 0.788939357 0.993506551
vt 0.774653256 0.99140209
vt 0.742781699 0.992681146
vt 0.742911041 0.967536509
vt 0.713604748 0.992849171
vt 0.716430366 0.934315801
vt 0.7164343 0.955167532
vt 0.715782046 0.968193889
vt 0.689262211 0.991394579
vt 0.692298114 0.970068991
vt 0.691199183 0.935079694
vt 0.692124009 0.957052708
vt 0.682064712 0.972240031
vt 0.683385313 0.992599607
vt 0.679258049 0.958293676
vt 0.677814841 0.935331047
vt 0.695809245 0.90843606
vt 0.682120085 0.907756031
vt 0.694704175 0.891599357
vt 0.695809245 0.90843606
vt 0.681249499 0.89021498
vt 0.68627876 0.854758561
vt 0.687030315 0.836971998
vt 0.694004834 0.838245273
vt 0.571762085 0.935177326
vt 0.603656411 0.90917027
vt 0.573822141 0.908258498
vt 0.603448331 0.934619606
vt 0.572753429 0.956521451
vt 0.631102204 0.934610248
vt 0.6033144 0.955154002
vt 0.630356312 0.955727875
vt 0.654770434 0.958046496
vt 0.630398631 0.968953431
vt 0.630316794 0.909406543
vt 0.656460583 0.935993791
vt 0.572463751 0.968765616
vt 0.603209376 0.967839837
vt 0.556520402 0.972261965
vt 0.556239069 0.990978122
vt 0.55517453 0.959017396
vt 0.571762085 0.935177326
vt 0.550998151 0.936143219
vt 0.602122962 0.990070462
vt 0.570384204 0.988670111
vt 0.6307621 0.990626574
vt 0.654227316 0.971121609
vt 0.654709697 0.990680277
vt 0.660949886 0.992289066
vt 0.661927044 0.972070754
vt 0.665136814 0.958896637
vt 0.668076515 0.936635017
vt 0.666520596 0.908976912
vt 0.653515399 0.908889055
vt 0.667414367 0.891509712
vt 0.654456496 0.892768323
vt 0.663749278 0.856052399
vt 0.654684544 0.856972456
vt 0.66446799 0.839769781
vt 0.656801224 0.839631438
vt 0.630672693 0.858200133
vt 0.630672693 0.858200133
vt 0.630596578 0.894353151
vt 0.653515399 0.908889055
vt 0.63247627 0.836712837
vt 0.60385263 0.857739687
vt 0.603489339 0.834667563
vt 0.603685975 0.894096017
vt 0.573138416 0.892500162
vt 0.573822141 0.908258498
vt 0.572190762 0.857199132
vt 0.570771635 0.836159289
vt 0.55730617 0.834903002
vt 0.556283355 0.854595125
vt 0.572190762 0.857199132
vt 0.551696241 0.890186191
vt 0.552104652 0.908124447
vt 0.571762085 0.935177326
vt 0.242136613 0.338348538
vt 0.240674138 0.309261858
vt 0.241168171 0.338279575
vt 0.241988093 0.309353113
vt 0.241700232 0.307983726
vt 0.250751734 0.307960987
vt 0.250580162 0.309333324
vt 0.251864165 0.309163094
vt 0.2532188 0.338165641
vt 0.25228852 0.338201731
vt 0.254340649 0.381888866
vt 0.253365457 0.381871551
vt 0.253605634 0.425804317
vt 0.243521273 0.382108271
vt 0.241165549 0.338425577
vt 0.24255842 0.382130504
vt 0.252669543 0.425779372
vt 0.25314799 0.455281466
vt 0.244338796 0.425967634
vt 0.243386194 0.426001608
vt 0.251881123 0.455174565
vt 0.252065808 0.456545055
vt 0.244287267 0.456671804
vt 0.244527996 0.455319315
vt 0.243235737 0.455445796
vt 0.127138317 0.287958175
vt 0.16142574 0.287270188
vt 0.127331376 0.286610693
vt 0.161261201 0.288354367
vt 0.203443065 0.28920272
vt 0.203602031 0.288274527
vt 0.157363161 0.300349981
vt 0.126395911 0.296714246
vt 0.12638934 0.298103184
vt 0.1571251 0.301451385
vt 0.19899185 0.304762602
vt 0.199216381 0.303835541
vt 0.199361175 0.301829785
vt 0.203351989 0.290359169
vt 0.234506458 0.292969704
vt 0.234689608 0.292047918
vt 0.203599244 0.289438754
vt 0.238465726 0.294889361
vt 0.233909786 0.300222784
vt 0.199254006 0.3027744
vt 0.233987764 0.30115369
vt 0.23732765 0.297156811
vt 0.237949058 0.297921419
vt 0.237619177 0.295588821
vt 0.117398143 0.297436208
vt 0.0860524774 0.301533073
vt 0.117380522 0.298821688
vt 0.0859593078 0.30041182
vt 0.0438922085 0.302287668
vt 0.0438370444 0.303228468
vt 0.010144677 0.302982211
vt 0.0854319334 0.291708767
vt 0.116664961 0.289965361
vt 0.116420187 0.288636178
vt 0.0853652731 0.290617675
vt 0.0432079807 0.293059975
vt 0.0433486998 0.293966562
vt 0.0102970432 0.302109987
vt 0.00467702746 0.300329
vt 0.00971283577 0.295698136
vt 0.0094333794 0.294843674
vt 0.00515766488 0.299553752
vt 0.00487499358 0.29793644
vt 0.00417976687 0.297296405
vt 0.242136613 0.338348538
vt 0.240674138 0.309261858
vt 0.241168171 0.338279575
vt 0.241988093 0.309353113
vt 0.241700232 0.307983726
vt 0.250751734 0.307960987
vt 0.250580162 0.309333324
vt 0.251864165 0.309163094
vt 0.2532188 0.338165641
vt 0.25228852 0.338201731
vt 0.254340649 0.381888866
vt 0.253365457 0.381871551
vt 0.253605634 0.425804317
vt 0.243521273 0.382108271
vt 0.241165549 0.338425577
vt 0.24255842 0.382130504
vt 0.252669543 0.425779372
vt 0.25314799 0.455281466
vt 0.244338796 0.425967634
vt 0.243386194 0.426001608
vt 0.251881123 0.455174565
vt 0.252065808 0.456545055
vt 0.244287267 0.456671804
vt 0.244527996 0.455319315
vt 0.243235737 0.455445796
vt 0.127138317 0.287958175
vt 0.16142574 0.287270188
vt 0.127331376 0.286610693
vt 0.161261201 0.288354367
vt 0.203443065 0.28920272
vt 0.203602031 0.288274527
vt 0.157363161 0.300349981
vt 0.126395911 0.296714246
vt 0.12638934 0.298103184
vt 0.1571251 0.301451385
vt 0.19899185 0.304762602
vt 0.199216381 0.303835541
vt 0.199361175 0.301829785
vt 0.203351989 0.290359169
vt 0.234506458 0.292969704
vt 0.234689608 0.292047918
vt 0.203599244 0.289438754
vt 0.238465726 0.294889361
vt 0.233909786 0.300222784
vt 0.199254006 0.3027744
vt 0.233987764 0.30115369
vt 0.23732765 0.297156811
vt 0.237949058 0.297921419
vt 0.237619177 0.295588821
vt 0.117398143 0.297436208
vt 0.0860524774 0.301533073
vt 0.117380522 0.298821688
vt 0.0859593078 0.30041182
vt 0.0438922085 0.302287668
vt 0.0438370444 0.303228468
vt 0.010144677 0.302982211
vt 0.0854319334 0.291708767
vt 0.116664961 0.289965361
vt 0.116420187 0.288636178
vt 0.0853652731 0.290617675
vt 0.0432079807 0.293059975
vt 0.0433486998 0.293966562
vt 0.0102970432 0.302109987
vt 0.00467702746 0.300329
vt 0.00971283577 0.295698136
vt 0.0094333794 0.294843674
vt 0.00515766488 0.299553752
vt 0.00487499358 0.29793644
vt 0.00417976687 0.297296405
vt 0.489808023 0.758190811
vt 0.48120901 0.735925615
vt 0.481385291 0.750658751
vt 0.494152308 0.738273978
vt 0.500337899 0.762605965
vt 0.519183576 0.737284124
vt 0.488877684 0.697105825
vt 0.484036565 0.713924348
vt 0.51300025 0.761062741
vt 0.476394862 0.699878514
vt 0.522172093 0.753198683
vt 0.479604572 0.692560196
vt 0.526578546 0.738519073
vt 0.490296334 0.682845294
vt 0.527400255 0.708827913
vt 0.50118494 0.679141104
vt 0.516040862 0.69101882
vt 0.52538842 0.691284835
vt 0.512112498 0.680344701
vt 0.521761239 0.685128152
vt 0.489808023 0.758190811
vt 0.48120901 0.735925615
vt 0.481385291 0.750658751
vt 0.494152308 0.738273978
vt 0.500337899 0.762605965
vt 0.519183576 0.737284124
vt 0.488877684 0.697105825
vt 0.484036565 0.713924348
vt 0.51300025 0.761062741
vt 0.476394862 0.699878514
vt 0.522172093 0.753198683
vt 0.479604572 0.692560196
vt 0.526578546 0.738519073
vt 0.490296334 0.682845294
vt 0.527400255 0.708827913
vt 0.50118494 0.679141104
vt 0.516040862 0.69101882
vt 0.52538842 0.691284835
vt 0.512112498 0.680344701
vt 0.521761239 0.685128152
vt 0.575855136 0.747345328
vt 0.568647504 0.750324965
vt 0.569966674 0.757882714
vt 0.558914483 0.762107611
vt 0.546442032 0.759805024
vt 0.570334494 0.732572079
vt 0.578834713 0.732423604
vt 0.540906787 0.743900478
vt 0.53789711 0.751202464
vt 0.534723938 0.736418366
vt 0.541212201 0.732987821
vt 0.532862842 0.706993461
vt 0.56965971 0.710361838
vt 0.581184626 0.711077929
vt 0.57690233 0.697976828
vt 0.541159868 0.695359468
vt 0.535958529 0.689122379
vt 0.540569127 0.682611227
vt 0.571284354 0.692289054
vt 0.57624501 0.69107002
vt 0.5635432 0.682190657
vt 0.549269795 0.675802529
vt 0.56944412 0.679078519
vt 0.55984652 0.674380064
vt 0.575855136 0.747345328
vt 0.568647504 0.750324965
vt 0.569966674 0.757882714
vt 0.558914483 0.762107611
vt 0.546442032 0.759805024
vt 0.570334494 0.732572079
vt 0.578834713 0.732423604
vt 0.540906787 0.743900478
vt 0.53789711 0.751202464
vt 0.534723938 0.736418366
vt 0.541212201 0.732987821
vt 0.532862842 0.706993461
vt 0.56965971 0.710361838
vt 0.581184626 0.711077929
vt 0.57690233 0.697976828
vt 0.541159868 0.695359468
vt 0.535958529 0.689122379
vt 0.540569127 0.682611227
vt 0.571284354 0.692289054
vt 0.57624501 0.69107002
vt 0.5635432 0.682190657
vt 0.549269795 0.675802529
vt 0.56944412 0.679078519
vt 0.55984652 0.674380064
vt 0.118445665 0.424954683
vt 0.114121139 0.455604464
vt 0.118979476 0.455494225
vt 0.122230053 0.455507457
vt 0.113202423 0.425169587
vt 0.0815736726 0.42627573
vt 0.0828458965 0.4563815
vt 0.0394076407 0.427237272
vt 0.0405678414 0.456749499
vt 0.00642757351 0.456494212
vt 0.00553322677 0.427597553
vt 0.00640493864 0.383776754
vt 0.0394751392 0.383566201
vt 0.00647686515 0.339802355
vt 0.0815137997 0.382577121
vt 0.0380129591 0.339381516
vt 0.00614851434 0.31047371
vt 0.0372713692 0.30932492
vt 0.0801970065 0.338458151
vt 0.0794983804 0.30758819
vt 0.113317929 0.30605489
vt 0.113500647 0.337444693
vt 0.118480667 0.308735043
vt 0.113945894 0.381254941
vt 0.118566237 0.380984783
vt 0.118495032 0.337213546
vt 0.121781461 0.337212056
vt 0.121706896 0.308737189
vt 0.121779293 0.380988866
vt 0.127188876 0.337390512
vt 0.127161413 0.306020439
vt 0.122469373 0.424957275
vt 0.126969337 0.381186664
vt 0.128170535 0.425095171
vt 0.127505988 0.455598176
vt 0.16270487 0.425983548
vt 0.162397146 0.456157655
vt 0.204719692 0.45614031
vt 0.161001787 0.338179201
vt 0.160861492 0.30728218
vt 0.161213994 0.382297575
vt 0.204842761 0.426566601
vt 0.235705629 0.455616802
vt 0.236227825 0.426627874
vt 0.234969437 0.382745326
vt 0.203276724 0.382885486
vt 0.23454389 0.338697881
vt 0.203180179 0.338681877
vt 0.203119338 0.308576584
vt 0.234595925 0.309326053
vt 0.118445665 0.424954683
vt 0.114121139 0.455604464
vt 0.118979476 0.455494225
vt 0.122230053 0.455507457
vt 0.113202423 0.425169587
vt 0.0815736726 0.42627573
vt 0.0828458965 0.4563815
vt 0.0394076407 0.427237272
vt 0.0405678414 0.456749499
vt 0.00642757351 0.456494212
vt 0.00553322677 0.427597553
vt 0.00640493864 0.383776754
vt 0.0394751392 0.383566201
vt 0.00647686515 0.339802355
vt 0.0815137997 0.382577121
vt 0.0380129591 0.339381516
vt 0.00614851434 0.31047371
vt 0.0372713692 0.30932492
vt 0.0801970065 0.338458151
vt 0.0794983804 0.30758819
vt 0.113317929 0.30605489
vt 0.113500647 0.337444693
vt 0.118480667 0.308735043
vt 0.113945894 0.381254941
vt 0.118566237 0.380984783
vt 0.118495032 0.337213546
vt 0.121781461 0.337212056
vt 0.121706896 0.308737189
vt 0.121779293 0.380988866
vt 0.127188876 0.337390512
vt 0.127161413 0.306020439
vt 0.122469373 0.424957275
vt 0.126969337 0.381186664
vt 0.128170535 0.425095171
vt 0.127505988 0.455598176
vt 0.16270487 0.425983548
vt 0.162397146 0.456157655
vt 0.204719692 0.45614031
vt 0.161001787 0.338179201
vt 0.160861492 0.30728218
vt 0.161213994 0.382297575
vt 0.204842761 0.426566601
vt 0.235705629 0.455616802
vt 0.236227825 0.426627874
vt 0.234969437 0.382745326
vt 0.203276724 0.382885486
vt 0.23454389 0.338697881
vt 0.203180179 0.338681877
vt 0.203119338 0.308576584
vt 0.234595925 0.309326053
vt 0.0929454044 0.958470404
vt 0.0908630863 0.966335297
vt 0.0973116234 0.961081326
vt 0.0878590792 0.958578706
vt 0.0989867374 0.965885043
vt 0.0840263888 0.961924791
vt 0.0978526399 0.970844507
vt 0.0825580582 0.966795564
vt 0.0938016996 0.973922133
vt 0.084555693 0.971474707
vt 0.0887344331 0.974376202
vt 0.0694624856 0.792032838
vt 0.058085978 0.787985146
vt 0.0616641417 0.802906513
vt 0.0703704879 0.778725207
vt 0.0585593954 0.781208098
vt 0.0641143695 0.766876519
vt 0.0547789857 0.797156692
vt 0.0380699597 0.783172488
vt 0.0463384092 0.802044511
vt 0.0523580685 0.812513173
vt 0.0394350849 0.815773964
vt 0.0397722647 0.803704798
vt 0.0266806614 0.81172961
vt 0.0565230921 0.771629095
vt 0.0300306771 0.803406835
vt 0.0488012135 0.765621901
vt 0.0227373708 0.796902478
vt 0.0561812185 0.756071687
vt 0.0146403331 0.805846691
vt 0.0424944684 0.763078034
vt 0.0437986478 0.751080573
vt 0.0305905342 0.753367603
vt 0.0191027466 0.791126013
vt 0.00752984919 0.794542134
vt 0.00742552429 0.781130075
vt 0.0327741392 0.762059212
vt 0.0246895533 0.767547965
vt 0.0178664438 0.757594049
vt 0.0093082469 0.767848551
vt 0.0203234646 0.772772312
vt 0.0163610373 0.781725883
vt 0.0929454044 0.958470404
vt 0.0908630863 0.966335297
vt 0.0973116234 0.961081326
vt 0.0878590792 0.958578706
vt 0.0989867374 0.965885043
vt 0.0840263888 0.961924791
vt 0.0978526399 0.970844507
vt 0.0825580582 0.966795564
vt 0.0938016996 0.973922133
vt 0.084555693 0.971474707
vt 0.0887344331 0.974376202
vt 0.0694624856 0.792032838
vt 0.058085978 0.787985146
vt 0.0616641417 0.802906513
vt 0.0703704879 0.778725207
vt 0.0585593954 0.781208098
vt 0.0641143695 0.766876519
vt 0.0547789857 0.797156692
vt 0.0380699597 0.783172488
vt 0.0463384092 0.802044511
vt 0.0523580685 0.812513173
vt 0.0394350849 0.815773964
vt 0.0397722647 0.803704798
vt 0.0266806614 0.81172961
vt 0.0565230921 0.771629095
vt 0.0300306771 0.803406835
vt 0.0488012135 0.765621901
vt 0.0227373708 0.796902478
vt 0.0561812185 0.756071687
vt 0.0146403331 0.805846691
vt 0.0424944684 0.763078034
vt 0.0437986478 0.751080573
vt 0.0305905342 0.753367603
vt 0.0191027466 0.791126013
vt 0.00752984919 0.794542134
vt 0.00742552429 0.781130075
vt 0.0327741392 0.762059212
vt 0.0246895533 0.767547965
vt 0.0178664438 0.757594049
vt 0.0093082469 0.767848551
vt 0.0203234646 0.772772312
vt 0.0163610373 0.781725883
vt 0.299949288 0.507095575
vt 0.302458972 0.506766498
vt 0.300277919 0.504585743
vt 0.302458972 0.652267933
vt 0.199908227 0.507095575
vt 0.199579403 0.504585743
vt 0.197398484 0.506766498
vt 0.299949288 0.651938915
vt 0.300277919 0.654448688
vt 0.199579403 0.654448688
vt 0.199908227 0.651938915
vt 0.197398484 0.652267933
vt 0.152274653 0.652451932
vt 0.149615183 0.651897252
vt 0.149675995 0.653849006
vt 0.0492714457 0.653849006
vt 0.149615183 0.507444978
vt 0.152274489 0.506890118
vt 0.149675995 0.505493402
vt 0.049332682 0.507444859
vt 0.0492714457 0.505493283
vt 0.0466729216 0.506890118
vt 0.049332682 0.651897252
vt 0.0466729216 0.652451932
vt 0.227369189 0.94239974
vt 0.223184004 0.938213587
vt 0.223183915 0.944133401
vt 0.229102924 0.938213587
vt 0.218998745 0.942399681
vt 0.227369189 0.934027553
vt 0.217265084 0.938213587
vt 0.223183915 0.932293892
vt 0.218998745 0.934027553
vt 0.227369189 0.94239974
vt 0.223184004 0.938213587
vt 0.223183915 0.944133401
vt 0.229102924 0.938213587
vt 0.218998745 0.942399681
vt 0.227369189 0.934027553
vt 0.217265084 0.938213587
vt 0.223183915 0.932293892
vt 0.218998745 0.934027553
vt 0.227369189 0.94239974
vt 0.223184004 0.938213587
vt 0.223183915 0.944133401
vt 0.229102924 0.938213587
vt 0.218998745 0.942399681
vt 0.227369189 0.934027553
vt 0.217265084 0.938213587
vt 0.223183915 0.932293892
vt 0.218998745 0.934027553
vt 0.865529537 0.0920684636
vt 0.846369267 0.0916208699
vt 0.864084244 0.105027154
vt 0.894499362 0.11512579
vt 0.844547629 0.0791288689
vt 0.82573235 0.0691932812
vt 0.834919155 0.0580981895
vt 0.832427859 0.0504563674
vt 0.864089966 0.0526627675
vt 0.85564208 0.0394764207
vt 0.849107563 0.0317787379
vt 0.870997787 0.00795597211
vt 0.909944355 0.106786847
vt 0.944681287 0.114747226
vt 0.944024622 0.109812051
vt 0.966425061 0.0941555947
vt 0.962747037 0.0826012939
vt 0.982422471 0.0787196234
vt 0.934641302 0.0897048265
vt 0.910154998 0.0851279572
vt 0.885837734 0.0779903829
vt 0.929444015 0.0765589923
vt 0.989017725 0.0652403608
vt 0.993408084 0.0635062903
vt 0.980578065 0.0393176451
vt 0.958888292 0.0225607008
vt 0.961916387 0.0170231536
vt 0.943879306 0.00747033954
vt 0.951342821 0.0665581077
vt 0.91301918 0.0674753338
vt 0.891839802 0.0486552417
vt 0.949686944 0.0530318916
vt 0.924695253 0.0508746244
vt 0.905652463 0.0312485062
vt 0.878692567 0.0427000411
vt 0.934800625 0.023881739
vt 0.913601637 0.00394530594
vt 0.899009526 0.00358487666
vt 0.947936356 0.0274568181
vt 0.876211286 0.0117644984
vt 0.888911247 0.0172665939
vt 0.882344007 0.0269016493
vt 0.865529537 0.0920684636
vt 0.846369267 0.0916208699
vt 0.864084244 0.105027154
vt 0.894499362 0.11512579
vt 0.844547629 0.0791288689
vt 0.82573235 0.0691932812
vt 0.834919155 0.0580981895
vt 0.832427859 0.0504563674
vt 0.864089966 0.0526627675
vt 0.85564208 0.0394764207
vt 0.849107563 0.0317787379
vt 0.870997787 0.00795597211
vt 0.909944355 0.106786847
vt 0.944681287 0.114747226
vt 0.944024622 0.109812051
vt 0.966425061 0.0941555947
vt 0.962747037 0.0826012939
vt 0.982422471 0.0787196234
vt 0.934641302 0.0897048265
vt 0.910154998 0.0851279572
vt 0.885837734 0.0779903829
vt 0.929444015 0.0765589923
vt 0.989017725 0.0652403608
vt 0.993408084 0.0635062903
vt 0.980578065 0.0393176451
vt 0.958888292 0.0225607008
vt 0.961916387 0.0170231536
vt 0.943879306 0.00747033954
vt 0.951342821 0.0665581077
vt 0.91301918 0.0674753338
vt 0.891839802 0.0486552417
vt 0.949686944 0.0530318916
vt 0.924695253 0.0508746244
vt 0.905652463 0.0312485062
vt 0.878692567 0.0427000411
vt 0.934800625 0.023881739
vt 0.913601637 0.00394530594
vt 0.899009526 0.00358487666
vt 0.947936356 0.0274568181
vt 0.876211286 0.0117644984
vt 0.888911247 0.0172665939
vt 0.882344007 0.0269016493
vt 0.517531991 0.0780616701
vt 0.490159482 0.0578907914
vt 0.518026352 0.0878334492
vt 0.532362223 0.10227026
vt 0.552350044 0.0940612257
vt 0.544334769 0.113139451
vt 0.556648016 0.103025094
vt 0.564307928 0.0967464745
vt 0.571720362 0.10534358
vt 0.574883103 0.0977654755
vt 0.616595149 0.0942010432
vt 0.560127497 0.0823731869
vt 0.495822459 0.0537154004
vt 0.532287121 0.0599775538
vt 0.555800319 0.0664207563
vt 0.571258903 0.0696958601
vt 0.575866818 0.0825157017
vt 0.537634492 0.0318410695
vt 0.551916838 0.0311301127
vt 0.607136726 0.088822566
vt 0.628397703 0.0913674831
vt 0.635152698 0.0924551636
vt 0.469812423 0.0456606075
vt 0.469040424 0.0521550402
vt 0.457505971 0.0407702476
vt 0.520783305 0.0414647534
vt 0.494020075 0.0353830755
vt 0.450879127 0.0265316814
vt 0.445306987 0.0284489617
vt 0.468687266 0.0214073956
vt 0.442976922 0.0141669288
vt 0.44198671 0.0113257319
vt 0.474844307 0.0105725601
vt 0.508324981 0.0235446915
vt 0.509485245 0.00744459778
vt 0.521108866 0.0182932839
vt 0.528130531 0.00943809003
vt 0.538072944 0.0159532651
vt 0.544551492 0.0139010474
vt 0.549202323 0.0224424154
vt 0.564623833 0.0188252926
vt 0.566026449 0.0246269852
vt 0.574780107 0.0171805471
vt 0.590999484 0.00609143823
vt 0.610788465 0.00478504598
vt 0.617056966 0.00356072932
vt 0.635466456 0.0694753379
vt 0.586871505 0.0601410605
vt 0.623805165 0.064812243
vt 0.600958824 0.0739810765
vt 0.635021091 0.0805504248
vt 0.629888177 0.0776165575
vt 0.517531991 0.0780616701
vt 0.490159482 0.0578907914
vt 0.518026352 0.0878334492
vt 0.532362223 0.10227026
vt 0.552350044 0.0940612257
vt 0.544334769 0.113139451
vt 0.556648016 0.103025094
vt 0.564307928 0.0967464745
vt 0.571720362 0.10534358
vt 0.574883103 0.0977654755
vt 0.616595149 0.0942010432
vt 0.560127497 0.0823731869
vt 0.495822459 0.0537154004
vt 0.532287121 0.0599775538
vt 0.555800319 0.0664207563
vt 0.571258903 0.0696958601
vt 0.575866818 0.0825157017
vt 0.537634492 0.0318410695
vt 0.551916838 0.0311301127
vt 0.607136726 0.088822566
vt 0.628397703 0.0913674831
vt 0.635152698 0.0924551636
vt 0.469812423 0.0456606075
vt 0.469040424 0.0521550402
vt 0.457505971 0.0407702476
vt 0.520783305 0.0414647534
vt 0.494020075 0.0353830755
vt 0.450879127 0.0265316814
vt 0.445306987 0.0284489617
vt 0.468687266 0.0214073956
vt 0.442976922 0.0141669288
vt 0.44198671 0.0113257319
vt 0.474844307 0.0105725601
vt 0.508324981 0.0235446915
vt 0.509485245 0.00744459778
vt 0.521108866 0.0182932839
vt 0.528130531 0.00943809003
vt 0.538072944 0.0159532651
vt 0.544551492 0.0139010474
vt 0.549202323 0.0224424154
vt 0.564623833 0.0188252926
vt 0.566026449 0.0246269852
vt 0.574780107 0.0171805471
vt 0.590999484 0.00609143823
vt 0.610788465 0.00478504598
vt 0.617056966 0.00356072932
vt 0.635466456 0.0694753379
vt 0.586871505 0.0601410605
vt 0.623805165 0.064812243
vt 0.600958824 0.0739810765
vt 0.635021091 0.0805504248
vt 0.629888177 0.0776165575
vt 0.517531991 0.0780616701
vt 0.490159482 0.0578907914
vt 0.518026352 0.0878334492
vt 0.532362223 0.10227026
vt 0.552350044 0.0940612257
vt 0.544334769 0.113139451
vt 0.556648016 0.103025094
vt 0.564307928 0.0967464745
vt 0.571720362 0.10534358
vt 0.574883103 0.0977654755
vt 0.616595149 0.0942010432
vt 0.560127497 0.0823731869
vt 0.495822459 0.0537154004
vt 0.532287121 0.0599775538
vt 0.555800319 0.0664207563
vt 0.571258903 0.0696958601
vt 0.575866818 0.0825157017
vt 0.537634492 0.0318410695
vt 0.551916838 0.0311301127
vt 0.607136726 0.088822566
vt 0.628397703 0.0913674831
vt 0.635152698 0.0924551636
vt 0.469812423 0.0456606075
vt 0.469040424 0.0521550402
vt 0.457505971 0.0407702476
vt 0.520783305 0.0414647534
vt 0.494020075 0.0353830755
vt 0.450879127 0.0265316814
vt 0.445306987 0.0284489617
vt 0.468687266 0.0214073956
vt 0.442976922 0.0141669288
vt 0.44198671 0.0113257319
vt 0.474844307 0.0105725601
vt 0.508324981 0.0235446915
vt 0.509485245 0.00744459778
vt 0.521108866 0.0182932839
vt 0.528130531 0.00943809003
vt 0.538072944 0.0159532651
vt 0.544551492 0.0139010474
vt 0.549202323 0.0224424154
vt 0.564623833 0.0188252926
vt 0.566026449 0.0246269852
vt 0.574780107 0.0171805471
vt 0.590999484 0.00609143823
vt 0.610788465 0.00478504598
vt 0.617056966 0.00356072932
vt 0.635466456 0.0694753379
vt 0.586871505 0.0601410605
vt 0.623805165 0.064812243
vt 0.600958824 0.0739810765
vt 0.635021091 0.0805504248
vt 0.629888177 0.0776165575
vt 0.402345717 0.0974229351
vt 0.373223186 0.106945522
vt 0.410522163 0.097242564
vt 0.41440165 0.0853082687
vt 0.375225484 0.0983673483
vt 0.403173149 0.0835984498
vt 0.400210261 0.0738675743
vt 0.407157958 0.0567523092
vt 0.33194375 0.0986100882
vt 0.325488091 0.109680936
vt 0.358669937 0.0810559317
vt 0.393540204 0.0580448806
vt 0.404304147 0.0148756942
vt 0.342125475 0.0782201216
vt 0.321037352 0.0773221105
vt 0.343499124 0.0644480288
vt 0.318711817 0.104974523
vt 0.311657667 0.129541263
vt 0.373337805 0.0706030801
vt 0.392073572 0.0169224702
vt 0.393694103 0.00322588673
vt 0.349982262 0.0112919072
vt 0.301861405 0.113332406
vt 0.300053895 0.128583506
vt 0.28354311 0.0948610976
vt 0.349629581 0.0216282122
vt 0.33759886 0.0142776584
vt 0.328780413 0.0253384598
vt 0.312338114 0.0099663483
vt 0.286967933 0.0861169696
vt 0.274073899 0.0887588263
vt 0.296586633 0.082693696
vt 0.32762599 0.0547711477
vt 0.271407723 0.0800899789
vt 0.313854516 0.0680953264
vt 0.238903165 0.0779442936
vt 0.236175716 0.0817406997
vt 0.231886864 0.061064586
vt 0.240240991 0.0677505061
vt 0.265918255 0.063235797
vt 0.250609457 0.0338589475
vt 0.242131352 0.0319519453
vt 0.304876268 0.0675517023
vt 0.266480803 0.0146127837
vt 0.264007151 0.00469549885
vt 0.295275509 0.0441719592
vt 0.264086485 0.022518713
vt 0.280530751 0.0179117564
vt 0.284427583 0.0410204306
vt 0.307045221 0.0162279978
vt 0.307220995 0.0375928804
vt 0.320178986 0.0340654962
vt 0.402345717 0.0974229351
vt 0.373223186 0.106945522
vt 0.410522163 0.097242564
vt 0.41440165 0.0853082687
vt 0.375225484 0.0983673483
vt 0.403173149 0.0835984498
vt 0.400210261 0.0738675743
vt 0.407157958 0.0567523092
vt 0.33194375 0.0986100882
vt 0.325488091 0.109680936
vt 0.358669937 0.0810559317
vt 0.393540204 0.0580448806
vt 0.404304147 0.0148756942
vt 0.342125475 0.0782201216
vt 0.321037352 0.0773221105
vt 0.343499124 0.0644480288
vt 0.318711817 0.104974523
vt 0.311657667 0.129541263
vt 0.373337805 0.0706030801
vt 0.392073572 0.0169224702
vt 0.393694103 0.00322588673
vt 0.349982262 0.0112919072
vt 0.301861405 0.113332406
vt 0.300053895 0.128583506
vt 0.28354311 0.0948610976
vt 0.349629581 0.0216282122
vt 0.33759886 0.0142776584
vt 0.328780413 0.0253384598
vt 0.312338114 0.0099663483
vt 0.286967933 0.0861169696
vt 0.274073899 0.0887588263
vt 0.296586633 0.082693696
vt 0.32762599 0.0547711477
vt 0.271407723 0.0800899789
vt 0.313854516 0.0680953264
vt 0.238903165 0.0779442936
vt 0.236175716 0.0817406997
vt 0.231886864 0.061064586
vt 0.240240991 0.0677505061
vt 0.265918255 0.063235797
vt 0.250609457 0.0338589475
vt 0.242131352 0.0319519453
vt 0.304876268 0.0675517023
vt 0.266480803 0.0146127837
vt 0.264007151 0.00469549885
vt 0.295275509 0.0441719592
vt 0.264086485 0.022518713
vt 0.280530751 0.0179117564
vt 0.284427583 0.0410204306
vt 0.307045221 0.0162279978
vt 0.307220995 0.0375928804
vt 0.320178986 0.0340654962
vt 0.209819108 0.980385602
vt 0.211552858 0.969167829
vt 0.206897825 0.980383754
vt 0.211536139 0.991605461
vt 0.213603407 0.98954165
vt 0.222763091 0.980396926
vt 0.222750574 0.996263623
vt 0.222753108 0.993342042
vt 0.233973414 0.991626143
vt 0.213617176 0.971235514
vt 0.222773165 0.96745193
vt 0.222775668 0.964530349
vt 0.231922835 0.971252263
vt 0.233990133 0.969188511
vt 0.235707104 0.980408311
vt 0.238628417 0.980410218
vt 0.231909096 0.989558518
vt 0.209819108 0.980385602
vt 0.211552858 0.969167829
vt 0.206897825 0.980383754
vt 0.211536139 0.991605461
vt 0.213603407 0.98954165
vt 0.222763091 0.980396926
vt 0.222750574 0.996263623
vt 0.222753108 0.993342042
vt 0.233973414 0.991626143
vt 0.213617176 0.971235514
vt 0.222773165 0.96745193
vt 0.222775668 0.964530349
vt 0.231922835 0.971252263
vt 0.233990133 0.969188511
vt 0.235707104 0.980408311
vt 0.238628417 0.980410218
vt 0.231909096 0.989558518
vt 0.209819108 0.980385602
vt 0.211552858 0.969167829
vt 0.206897825 0.980383754
vt 0.211536139 0.991605461
vt 0.213603407 0.98954165
vt 0.222763091 0.980396926
vt 0.222750574 0.996263623
vt 0.222753108 0.993342042
vt 0.233973414 0.991626143
vt 0.213617176 0.971235514
vt 0.222773165 0.96745193
vt 0.222775668 0.964530349
vt 0.231922835 0.971252263
vt 0.233990133 0.969188511
vt 0.235707104 0.980408311
vt 0.238628417 0.980410218
vt 0.231909096 0.989558518
vt 0.191708803 0.807483971
vt 0.185520172 0.813777924
vt 0.192414612 0.809203923
vt 0.200464904 0.828821898
vt 0.184209764 0.812458932
vt 0.200540513 0.80575937
vt 0.180900872 0.820643246
vt 0.179185569 0.819926322
vt 0.200534314 0.807618201
vt 0.209359765 0.807543516
vt 0.179261118 0.828754842
vt 0.177402332 0.828749061
vt 0.208642855 0.80925864
vt 0.216824964 0.812565625
vt 0.180850551 0.836877584
vt 0.179130986 0.837583721
vt 0.215506256 0.813876092
vt 0.185427755 0.843772292
vt 0.220080733 0.820767343
vt 0.221800655 0.820060968
vt 0.184109375 0.845082998
vt 0.223529816 0.828888893
vt 0.192294925 0.84838903
vt 0.191578731 0.850103915
vt 0.221670344 0.828883469
vt 0.221748188 0.83770752
vt 0.200405806 0.850024581
vt 0.20040068 0.851883173
vt 0.220032632 0.836991131
vt 0.216727823 0.845174313
vt 0.208525166 0.848433018
vt 0.20923166 0.850152194
vt 0.215416998 0.843856156
vt 0.25278905 0.849492311
vt 0.244293734 0.85187155
vt 0.253269225 0.851288378
vt 0.244537368 0.850028574
vt 0.247315556 0.82902211
vt 0.235777259 0.848977089
vt 0.260206878 0.845839858
vt 0.261337996 0.847315729
vt 0.23670809 0.847367167
vt 0.229018271 0.843040466
vt 0.265661329 0.839627445
vt 0.267271161 0.840558171
vt 0.230494305 0.841909707
vt 0.225046352 0.834967911
vt 0.268323809 0.831801593
vt 0.2701675 0.832045615
vt 0.226842657 0.834488392
vt 0.267789334 0.823553622
vt 0.226309016 0.826234639
vt 0.224465713 0.8259902
vt 0.269586146 0.823073626
vt 0.22736527 0.817474723
vt 0.264139295 0.816137493
vt 0.265615612 0.815006733
vt 0.228974745 0.818406284
vt 0.233302817 0.810718298
vt 0.257929683 0.810681343
vt 0.258861095 0.809071779
vt 0.234433383 0.812195122
vt 0.241374031 0.806750834
vt 0.25010398 0.808016121
vt 0.250348628 0.806172907
vt 0.241853237 0.808547318
g submesh0
f 1/1/1 2/2/2 3/3/3
f 4/4/4 5/5/5 6/6/6
f 7/7/7 8/8/8 9/9/9
f 10/10/10 11/11/11 12/12/12
f 13/13/13 14/14/14 15/15/15
f 14/14/14 13/13/13 16/16/16
f 16/16/16 17/17/17 14/14/14
f 17/17/17 16/16/16 18/18/18
f 19/19/19 17/17/17 18/18/18
f 17/17/17 19/19/19 20/20/20
f 21/21/21 20/20/20 19/19/19
f 20/20/20 21/21/21 22/22/22
f 21/21/21 23/23/23 22/22/22
f 23/23/23 21/21/21 24/24/24
f 24/24/24 25/25/25 23/23/23
f 25/25/25 24/24/24 26/26/26
f 27/27/27 25/25/25 26/26/26
f 25/25/25 27/27/27 28/28/28
f 29/29/29 28/28/28 27/27/27
f 28/28/28 29/29/29 30/30/30
f 29/29/29 31/31/31 30/30/30
f 31/31/31 29/29/29 32/32/32
f 32/32/32 33/33/33 31/31/31
f 33/33/33 32/32/32 34/34/34
f 35/35/35 33/33/33 34/34/34
f 33/33/33 35/35/35 36/36/36
f 37/37/37 36/36/36 35/35/35
f 36/36/36 37/37/37 38/38/38
f 37/37/37 39/39/39 38/38/38
f 39/39/39 37/37/37 40/40/40
f 40/40/40 41/41/41 39/39/39
f 41/41/41 40/40/40 42/42/42
f 43/43/43 41/41/41 42/42/42
f 41/41/41 43/43/43 44/44/44
f 45/45/45 44/44/44 43/43/43
f 44/44/44 45/45/45 46/46/46
f 47/47/47 48/48/48 49/49/49
f 48/48/48 47/47/47 50/50/50
f 51/51/51 48/48/48 50/50/50
f 48/48/48 51/51/51 52/52/52
f 51/51/51 53/53/53 52/52/52
f 47/47/47 54/54/54 50/50/50
f 54/54/54 51/51/51 50/50/50
f 54/54/54 47/47/47 55/55/55
f 56/56/56 54/54/54 55/55/55
f 53/53/53 51/51/51 57/57/57
f 57/57/57 58/58/58 53/53/53
f 58/58/58 57/57/57 59/59/59
f 59/59/59 60/60/60 58/58/58
f 54/54/54 56/56/56 61/61/61
f 56/56/56 62/62/62 61/61/61
f 62/62/62 56/56/56 63/63/63
f 64/64/64 62/62/62 63/63/63
f 51/51/51 54/54/54 65/65/65
f 61/61/61 65/65/65 54/54/54
f 51/51/51 66/66/66 57/57/57
f 66/66/66 51/51/51 65/65/65
f 65/65/65 67/67/67 66/66/66
f 65/65/65 61/61/61 68/68/68
f 62/62/62 68/68/68 61/61/61
f 67/67/67 65/65/65 68/68/68
f 69/69/69 57/57/57 66/66/66
f 57/57/57 69/69/69 59/59/59
f 67/67/67 69/69/69 66/66/66
f 69/69/69 67/67/67 70/70/70
f 67/67/67 71/71/71 70/70/70
f 72/72/72 67/67/67 68/68/68
f 68/68/68 62/62/62 72/72/72
f 62/62/62 73/73/73 72/72/72
f 67/67/67 72/72/72 74/74/74
f 71/71/71 67/67/67 74/74/74
f 73/73/73 74/74/74 72/72/72
f 75/75/75 71/71/71 74/74/74
f 74/74/74 73/73/73 75/75/75
f 71/71/71 75/75/75 76/76/76
f 75/75/75 77/77/77 76/76/76
f 77/77/77 75/75/75 78/78/78
f 73/73/73 78/78/78 75/75/75
f 78/78/78 73/73/73 79/79/79
f 73/73/73 80/80/80 79/79/79
f 73/73/73 62/62/62 81/81/81
f 80/80/80 73/73/73 81/81/81
f 62/62/62 64/64/64 81/81/81
f 64/64/64 80/80/80 81/81/81
f 80/80/80 64/64/64 82/82/82
f 83/83/83 84/84/84 85/85/85
f 84/84/84 83/83/83 86/86/86
f 87/87/87 84/84/84 86/86/86
f 84/84/84 87/87/87 88/88/88
f 89/89/89 86/86/86 83/83/83
f 87/87/87 90/90/90 88/88/88
f 86/86/86 89/89/89 91/91/91
f 91/91/91 87/87/87 86/86/86
f 89/89/89 92/92/92 91/91/91
f 92/92/92 89/89/89 93/93/93
f 90/90/90 87/87/87 94/94/94
f 87/87/87 95/95/95 94/94/94
f 94/94/94 96/96/96 90/90/90
f 96/96/96 94/94/94 97/97/97
f 95/95/95 97/97/97 94/94/94
f 97/97/97 95/95/95 98/98/98
f 95/95/95 99/99/99 98/98/98
f 87/87/87 91/91/91 100/100/100
f 92/92/92 100/100/100 91/91/91
f 95/95/95 87/87/87 100/100/100
f 99/99/99 95/95/95 101/101/101
f 101/101/101 102/102/102 99/99/99
f 103/103/103 95/95/95 100/100/100
f 100/100/100 92/92/92 103/103/103
f 95/95/95 103/103/103 101/101/101
f 93/93/93 104/104/104 92/92/92
f 104/104/104 93/93/93 105/105/105
f 106/106/106 104/104/104 105/105/105
f 92/92/92 107/107/107 103/103/103
f 107/107/107 101/101/101 103/103/103
f 107/107/107 92/92/92 104/104/104
f 104/104/104 108/108/108 107/107/107
f 104/104/104 106/106/106 109/109/109
f 108/108/108 104/104/104 109/109/109
f 110/110/110 109/109/109 106/106/106
f 109/109/109 110/110/110 111/111/111
f 111/111/111 108/108/108 109/109/109
f 108/108/108 111/111/111 112/112/112
f 60/60/60 108/108/108 112/112/112
f 101/101/101 107/107/107 113/113/113
f 108/108/108 113/113/113 107/107/107
f 102/102/102 101/101/101 113/113/113
f 108/108/108 60/60/60 114/114/114
f 113/113/113 108/108/108 114/114/114
f 114/114/114 102/102/102 113/113/113
f 60/60/60 59/59/59 114/114/114
f 102/102/102 114/114/114 59/59/59
f 115/115/115 116/116/116 117/117/117
f 116/116/116 115/115/115 118/118/118
f 119/119/119 116/116/116 118/118/118
f 116/116/116 119/119/119 120/120/120
f 119/119/119 121/121/121 120/120/120
f 115/115/115 122/122/122 118/118/118
f 122/122/122 119/119/119 118/118/118
f 122/122/122 115/115/115 123/123/123
f 124/124/124 122/122/122 123/123/123
f 121/121/121 119/119/119 125/125/125
f 125/125/125 126/126/126 121/121/121
f 126/126/126 125/125/125 127/127/127
f 127/127/127 128/128/128 126/126/126
f 122/122/122 124/124/124 129/129/129
f 124/124/124 130/130/130 129/129/129
f 130/130/130 124/124/124 131/131/131
f 132/132/132 130/130/130 131/131/131
f 119/119/119 122/122/122 133/133/133
f 129/129/129 133/133/133 122/122/122
f 119/119/119 134/134/134 125/125/125
f 134/134/134 119/119/119 133/133/133
f 133/133/133 135/135/135 134/134/134
f 133/133/133 129/129/129 136/136/136
f 130/130/130 136/136/136 129/129/129
f 135/135/135 133/133/133 136/136/136
f 137/137/137 125/125/125 134/134/134
f 125/125/125 137/137/137 127/127/127
f 135/135/135 137/137/137 134/134/134
f 137/137/137 135/135/135 138/138/138
f 135/135/135 139/139/139 138/138/138
f 140/140/140 135/135/135 136/136/136
f 136/136/136 130/130/130 140/140/140
f 130/130/130 141/141/141 140/140/140
f 135/135/135 140/140/140 142/142/142
f 139/139/139 135/135/135 142/142/142
f 141/141/141 142/142/142 140/140/140
f 143/143/143 139/139/139 142/142/142
f 142/142/142 141/141/141 143/143/143
f 139/139/139 143/143/143 144/144/144
f 143/143/143 145/145/145 144/144/144
f 145/145/145 143/143/143 146/146/146
f 141/141/141 146/146/146 143/143/143
f 146/146/146 141/141/141 147/147/147
f 141/141/141 148/148/148 147/147/147
f 141/141/141 130/130/130 149/149/149
f 148/148/148 141/141/141 149/149/149
f 130/130/130 132/132/132 149/149/149
f 132/132/132 148/148/148 149/149/149
f 148/148/148 132/132/132 150/150/150
f 151/151/151 152/152/152 153/153/153
f 152/152/152 151/151/151 154/154/154
f 155/155/155 152/152/152 154/154/154
f 152/152/152 155/155/155 156/156/156
f 157/157/157 154/154/154 151/151/151
f 155/155/155 158/158/158 156/156/156
f 154/154/154 157/157/157 159/159/159
f 159/159/159 155/155/155 154/154/154
f 157/157/157 160/160/160 159/159/159
f 160/160/160 157/157/157 161/161/161
f 158/158/158 155/155/155 162/162/162
f 155/155/155 163/163/163 162/162/162
f 162/162/162 164/164/164 158/158/158
f 164/164/164 162/162/162 165/165/165
f 163/163/163 165/165/165 162/162/162
f 165/165/165 163/163/163 166/166/166
f 163/163/163 167/167/167 166/166/166
f 155/155/155 159/159/159 168/168/168
f 160/160/160 168/168/168 159/159/159
f 163/163/163 155/155/155 168/168/168
f 167/167/167 163/163/163 169/169/169
f 169/169/169 170/170/170 167/167/167
f 171/171/171 163/163/163 168/168/168
f 168/168/168 160/160/160 171/171/171
f 163/163/163 171/171/171 169/169/169
f 161/161/161 172/172/172 160/160/160
f 172/172/172 161/161/161 173/173/173
f 174/174/174 172/172/172 173/173/173
f 160/160/160 175/175/175 171/171/171
f 175/175/175 169/169/169 171/171/171
f 175/175/175 160/160/160 172/172/172
f 172/172/172 176/176/176 175/175/175
f 172/172/172 174/174/174 177/177/177
f 176/176/176 172/172/172 177/177/177
f 178/178/178 177/177/177 174/174/174
f 177/177/177 178/178/178 179/179/179
f 179/179/179 176/176/176 177/177/177
f 176/176/176 179/179/179 180/180/180
f 128/128/128 176/176/176 180/180/180
f 169/169/169 175/175/175 181/181/181
f 176/176/176 181/181/181 175/175/175
f 170/170/170 169/169/169 181/181/181
f 176/176/176 128/128/128 182/182/182
f 181/181/181 176/176/176 182/182/182
f 182/182/182 170/170/170 181/181/181
f 128/128/128 127/127/127 182/182/182
f 170/170/170 182/182/182 127/127/127
f 183/183/183 184/184/184 185/185/185
f 184/184/184 183/183/183 186/186/186
f 187/187/187 184/184/184 186/186/186
f 184/184/184 187/187/187 188/188/188
f 187/187/187 189/189/189 188/188/188
f 183/183/183 190/190/190 186/186/186
f 190/190/190 187/187/187 186/186/186
f 190/190/190 183/183/183 191/191/191
f 192/192/192 190/190/190 191/191/191
f 189/189/189 187/187/187 193/193/193
f 193/193/193 194/194/194 189/189/189
f 194/194/194 193/193/193 195/195/195
f 195/195/195 196/196/196 194/194/194
f 190/190/190 192/192/192 197/197/197
f 192/192/192 198/198/198 197/197/197
f 198/198/198 192/192/192 199/199/199
f 200/200/200 198/198/198 199/199/199
f 187/187/187 190/190/190 201/201/201
f 197/197/197 201/201/201 190/190/190
f 187/187/187 202/202/202 193/193/193
f 202/202/202 187/187/187 201/201/201
f 201/201/201 203/203/203 202/202/202
f 201/201/201 197/197/197 204/204/204
f 198/198/198 204/204/204 197/197/197
f 203/203/203 201/201/201 204/204/204
f 205/205/205 193/193/193 202/202/202
f 193/193/193 205/205/205 195/195/195
f 203/203/203 205/205/205 202/202/202
f 205/205/205 203/203/203 206/206/206
f 203/203/203 207/207/207 206/206/206
f 208/208/208 203/203/203 204/204/204
f 204/204/204 198/198/198 208/208/208
f 198/198/198 209/209/209 208/208/208
f 203/203/203 208/208/208 210/210/210
f 207/207/207 203/203/203 210/210/210
f 209/209/209 210/210/210 208/208/208
f 211/211/211 207/207/207 210/210/210
f 210/210/210 209/209/209 211/211/211
f 207/207/207 211/211/211 212/212/212
f 211/211/211 213/213/213 212/212/212
f 213/213/213 211/211/211 214/214/214
f 209/209/209 214/214/214 211/211/211
f 214/214/214 209/209/209 215/215/215
f 209/209/209 216/216/216 215/215/215
f 209/209/209 198/198/198 217/217/217
f 216/216/216 209/209/209 217/217/217
f 198/198/198 200/200/200 217/217/217
f 200/200/200 216/216/216 217/217/217
f 216/216/216 200/200/200 218/218/218
f 219/219/219 220/220/220 221/221/221
f 220/220/220 219/219/219 222/222/222
f 223/223/223 220/220/220 222/222/222
f 220/220/220 223/223/223 224/224/224
f 225/225/225 222/222/222 219/219/219
f 223/223/223 226/226/226 224/224/224
f 222/222/222 225/225/225 227/227/227
f 227/227/227 223/223/223 222/222/222
f 225/225/225 228/228/228 227/227/227
f 228/228/228 225/225/225 229/229/229
f 226/226/226 223/223/223 230/230/230
f 223/223/223 231/231/231 230/230/230
f 230/230/230 232/232/232 226/226/226
f 232/232/232 230/230/230 233/233/233
f 231/231/231 233/233/233 230/230/230
f 233/233/233 231/231/231 234/234/234
f 231/231/231 235/235/235 234/234/234
f 223/223/223 227/227/227 236/236/236
f 228/228/228 236/236/236 227/227/227
f 231/231/231 223/223/223 236/236/236
f 235/235/235 231/231/231 237/237/237
f 237/237/237 238/238/238 235/235/235
f 239/239/239 231/231/231 236/236/236
f 236/236/236 228/228/228 239/239/239
f 231/231/231 239/239/239 237/237/237
f 229/229/229 240/240/240 228/228/228
f 240/240/240 229/229/229 241/241/241
f 242/242/242 240/240/240 241/241/241
f 228/228/228 243/243/243 239/239/239
f 243/243/243 237/237/237 239/239/239
f 243/243/243 228/228/228 240/240/240
f 240/240/240 244/244/244 243/243/243
f 240/240/240 242/242/242 245/245/245
f 244/244/244 240/240/240 245/245/245
f 246/246/246 245/245/245 242/242/242
f 245/245/245 246/246/246 247/247/247
f 247/247/247 244/244/244 245/245/245
f 244/244/244 247/247/247 248/248/248
f 196/196/196 244/244/244 248/248/248
f 237/237/237 243/243/243 249/249/249
f 244/244/244 249/249/249 243/243/243
f 238/238/238 237/237/237 249/249/249
f 244/244/244 196/196/196 250/250/250
f 249/249/249 244/244/244 250/250/250
f 250/250/250 238/238/238 249/249/249
f 196/196/196 195/195/195 250/250/250
f 238/238/238 250/250/250 195/195/195
f 251/251/251 252/252/252 253/253/253
f 252/252/252 251/251/251 254/254/254
f 255/255/255 256/256/256 257/257/257
f 256/256/256 255/255/255 258/258/258
f 259/259/259 260/260/260 261/261/261
f 260/260/260 259/259/259 262/262/262
f 259/259/259 263/263/263 262/262/262
f 263/263/263 259/259/259 264/264/264
f 265/265/265 263/263/263 264/264/264
f 263/263/263 265/265/265 266/266/266
f 267/267/267 268/268/268 269/269/269
f 268/268/268 267/267/267 270/270/270
f 271/271/271 270/270/270 267/267/267
f 270/270/270 271/271/271 272/272/272
f 273/273/273 272/272/272 271/271/271
f 272/272/272 273/273/273 274/274/274
f 275/275/275 276/276/276 277/277/277
f 276/276/276 275/275/275 278/278/278
f 279/279/279 278/278/278 275/275/275
f 278/278/278 280/280/280 276/276/276
f 278/278/278 279/279/279 281/281/281
f 282/282/282 281/281/281 279/279/279
f 281/281/281 282/282/282 283/283/283
f 284/284/284 283/283/283 282/282/282
f 283/283/283 284/284/284 285/285/285
f 286/286/286 285/285/285 284/284/284
f 285/285/285 286/286/286 287/287/287
f 288/288/288 285/285/285 287/287/287
f 285/285/285 288/288/288 289/289/289
f 289/289/289 283/283/283 285/285/285
f 290/290/290 289/289/289 288/288/288
f 291/291/291 281/281/281 283/283/283
f 283/283/283 289/289/289 291/291/291
f 292/292/292 278/278/278 281/281/281
f 281/281/281 291/291/291 292/292/292
f 280/280/280 278/278/278 293/293/293
f 278/278/278 292/292/292 293/293/293
f 289/289/289 290/290/290 294/294/294
f 294/294/294 291/291/291 289/289/289
f 295/295/295 280/280/280 293/293/293
f 280/280/280 295/295/295 296/296/296
f 295/295/295 297/297/297 296/296/296
f 298/298/298 293/293/293 292/292/292
f 293/293/293 298/298/298 295/295/295
f 299/299/299 292/292/292 291/291/291
f 291/291/291 294/294/294 299/299/299
f 292/292/292 299/299/299 298/298/298
f 297/297/297 295/295/295 300/300/300
f 298/298/298 300/300/300 295/295/295
f 300/300/300 301/301/301 297/297/297
f 290/290/290 302/302/302 294/294/294
f 302/302/302 290/290/290 303/303/303
f 299/299/299 304/304/304 298/298/298
f 300/300/300 298/298/298 304/304/304
f 294/294/294 305/305/305 299/299/299
f 305/305/305 294/294/294 302/302/302
f 304/304/304 299/299/299 305/305/305
f 301/301/301 300/300/300 306/306/306
f 304/304/304 306/306/306 300/300/300
f 303/303/303 307/307/307 302/302/302
f 307/307/307 303/303/303 308/308/308
f 305/305/305 309/309/309 304/304/304
f 306/306/306 304/304/304 309/309/309
f 302/302/302 310/310/310 305/305/305
f 310/310/310 302/302/302 307/307/307
f 309/309/309 305/305/305 310/310/310
f 311/311/311 301/301/301 306/306/306
f 301/301/301 311/311/311 312/312/312
f 313/313/313 306/306/306 309/309/309
f 306/306/306 313/313/313 311/311/311
f 314/314/314 309/309/309 310/310/310
f 309/309/309 314/314/314 313/313/313
f 315/315/315 310/310/310 307/307/307
f 310/310/310 315/315/315 314/314/314
f 316/316/316 312/312/312 311/311/311
f 312/312/312 316/316/316 317/317/317
f 311/311/311 318/318/318 316/316/316
f 311/311/311 319/319/319 318/318/318
f 319/319/319 311/311/311 313/313/313
f 313/313/313 320/320/320 319/319/319
f 320/320/320 313/313/313 314/314/314
f 314/314/314 321/321/321 320/320/320
f 314/314/314 322/322/322 321/321/321
f 322/322/322 314/314/314 315/315/315
f 315/315/315 323/323/323 322/322/322
f 307/307/307 324/324/324 315/315/315
f 323/323/323 315/315/315 324/324/324
f 324/324/324 325/325/325 323/323/323
f 324/324/324 326/326/326 325/325/325
f 324/324/324 307/307/307 308/308/308
f 326/326/326 324/324/324 327/327/327
f 308/308/308 327/327/327 324/324/324
f 327/327/327 328/328/328 326/326/326
f 328/328/328 327/327/327 329/329/329
f 329/329/329 330/330/330 328/328/328
f 329/329/329 331/331/331 330/330/330
f 327/327/327 308/308/308 332/332/332
f 332/332/332 329/329/329 327/327/327
f 331/331/331 329/329/329 333/333/333
f 333/333/333 334/334/334 331/331/331
f 308/308/308 335/335/335 332/332/332
f 335/335/335 308/308/308 336/336/336
f 329/329/329 332/332/332 337/337/337
f 337/337/337 333/333/333 329/329/329
f 334/334/334 333/333/333 338/338/338
f 338/338/338 339/339/339 334/334/334
f 338/338/338 340/340/340 339/339/339
f 340/340/340 338/338/338 341/341/341
f 342/342/342 338/338/338 333/333/333
f 333/333/333 337/337/337 342/342/342
f 343/343/343 341/341/341 338/338/338
f 338/338/338 342/342/342 343/343/343
f 341/341/341 343/343/343 344/344/344
f 343/343/343 345/345/345 344/344/344
f 332/332/332 346/346/346 337/337/337
f 346/346/346 332/332/332 335/335/335
f 337/337/337 347/347/347 342/342/342
f 347/347/347 343/343/343 342/342/342
f 347/347/347 337/337/337 346/346/346
f 345/345/345 343/343/343 348/348/348
f 343/343/343 347/347/347 348/348/348
f 349/349/349 345/345/345 348/348/348
f 347/347/347 349/349/349 348/348/348
f 345/345/345 349/349/349 350/350/350
f 349/349/349 351/351/351 350/350/350
f 346/346/346 352/352/352 347/347/347
f 349/349/349 347/347/347 352/352/352
f 335/335/335 353/353/353 346/346/346
f 352/352/352 346/346/346 353/353/353
f 351/351/351 349/349/349 354/354/354
f 354/354/354 355/355/355 351/351/351
f 353/353/353 335/335/335 356/356/356
f 336/336/336 356/356/356 335/335/335
f 356/356/356 336/336/336 357/357/357
f 358/358/358 356/356/356 357/357/357
f 359/359/359 349/349/349 352/352/352
f 349/349/349 359/359/359 354/354/354
f 360/360/360 352/352/352 353/353/353
f 356/356/356 360/360/360 353/353/353
f 352/352/352 360/360/360 359/359/359
f 356/356/356 358/358/358 361/361/361
f 360/360/360 356/356/356 361/361/361
f 362/362/362 361/361/361 358/358/358
f 355/355/355 354/354/354 363/363/363
f 363/363/363 364/364/364 355/355/355
f 364/364/364 363/363/363 365/365/365
f 366/366/366 354/354/354 359/359/359
f 354/354/354 366/366/366 363/363/363
f 366/366/366 365/365/365 363/363/363
f 360/360/360 366/366/366 359/359/359
f 365/365/365 366/366/366 367/367/367
f 366/366/366 360/360/360 368/368/368
f 368/368/368 367/367/367 366/366/366
f 361/361/361 368/368/368 360/360/360
f 367/367/367 368/368/368 369/369/369
f 368/368/368 361/361/361 370/370/370
f 370/370/370 369/369/369 368/368/368
f 361/361/361 362/362/362 370/370/370
f 369/369/369 370/370/370 371/371/371
f 362/362/362 371/371/371 370/370/370
f 371/371/371 362/362/362 372/372/372
f 373/373/373 374/374/374 375/375/375
f 374/374/374 373/373/373 376/376/376
f 377/377/377 376/376/376 373/373/373
f 376/376/376 378/378/378 374/374/374
f 376/376/376 377/377/377 379/379/379
f 380/380/380 379/379/379 377/377/377
f 379/379/379 380/380/380 381/381/381
f 382/382/382 381/381/381 380/380/380
f 381/381/381 382/382/382 383/383/383
f 384/384/384 383/383/383 382/382/382
f 383/383/383 384/384/384 385/385/385
f 386/386/386 383/383/383 385/385/385
f 383/383/383 386/386/386 387/387/387
f 387/387/387 381/381/381 383/383/383
f 388/388/388 387/387/387 386/386/386
f 389/389/389 379/379/379 381/381/381
f 381/381/381 387/387/387 389/389/389
f 390/390/390 376/376/376 379/379/379
f 379/379/379 389/389/389 390/390/390
f 378/378/378 376/376/376 391/391/391
f 376/376/376 390/390/390 391/391/391
f 387/387/387 388/388/388 392/392/392
f 392/392/392 389/389/389 387/387/387
f 393/393/393 378/378/378 391/391/391
f 378/378/378 393/393/393 394/394/394
f 393/393/393 395/395/395 394/394/394
f 396/396/396 391/391/391 390/390/390
f 391/391/391 396/396/396 393/393/393
f 397/397/397 390/390/390 389/389/389
f 389/389/389 392/392/392 397/397/397
f 390/390/390 397/397/397 396/396/396
f 395/395/395 393/393/393 398/398/398
f 396/396/396 398/398/398 393/393/393
f 398/398/398 399/399/399 395/395/395
f 388/388/388 400/400/400 392/392/392
f 400/400/400 388/388/388 401/401/401
f 397/397/397 402/402/402 396/396/396
f 398/398/398 396/396/396 402/402/402
f 392/392/392 403/403/403 397/397/397
f 403/403/403 392/392/392 400/400/400
f 402/402/402 397/397/397 403/403/403
f 399/399/399 398/398/398 404/404/404
f 402/402/402 404/404/404 398/398/398
f 401/401/401 405/405/405 400/400/400
f 405/405/405 401/401/401 406/406/406
f 403/403/403 407/407/407 402/402/402
f 404/404/404 402/402/402 407/407/407
f 400/400/400 408/408/408 403/403/403
f 408/408/408 400/400/400 405/405/405
f 407/407/407 403/403/403 408/408/408
f 409/409/409 399/399/399 404/404/404
f 399/399/399 409/409/409 410/410/410
f 411/411/411 404/404/404 407/407/407
f 404/404/404 411/411/411 409/409/409
f 412/412/412 407/407/407 408/408/408
f 407/407/407 412/412/412 411/411/411
f 413/413/413 408/408/408 405/405/405
f 408/408/408 413/413/413 412/412/412
f 414/414/414 410/410/410 409/409/409
f 410/410/410 414/414/414 415/415/415
f 409/409/409 416/416/416 414/414/414
f 409/409/409 417/417/417 416/416/416
f 417/417/417 409/409/409 411/411/411
f 411/411/411 418/418/418 417/417/417
f 418/418/418 411/411/411 412/412/412
f 412/412/412 419/419/419 418/418/418
f 412/412/412 420/420/420 419/419/419
f 420/420/420 412/412/412 413/413/413
f 413/413/413 421/421/421 420/420/420
f 405/405/405 422/422/422 413/413/413
f 421/421/421 413/413/413 422/422/422
f 422/422/422 423/423/423 421/421/421
f 422/422/422 424/424/424 423/423/423
f 422/422/422 405/405/405 406/406/406
f 424/424/424 422/422/422 425/425/425
f 406/406/406 425/425/425 422/422/422
f 425/425/425 426/426/426 424/424/424
f 426/426/426 425/425/425 427/427/427
f 427/427/427 428/428/428 426/426/426
f 427/427/427 429/429/429 428/428/428
f 425/425/425 406/406/406 430/430/430
f 430/430/430 427/427/427 425/425/425
f 429/429/429 427/427/427 431/431/431
f 431/431/431 432/432/432 429/429/429
f 406/406/406 433/433/433 430/430/430
f 433/433/433 406/406/406 434/434/434
f 427/427/427 430/430/430 435/435/435
f 435/435/435 431/431/431 427/427/427
f 432/432/432 431/431/431 436/436/436
f 436/436/436 437/437/437 432/432/432
f 436/436/436 438/438/438 437/437/437
f 438/438/438 436/436/436 439/439/439
f 440/440/440 436/436/436 431/431/431
f 431/431/431 435/435/435 440/440/440
f 441/441/441 439/439/439 436/436/436
f 436/436/436 440/440/440 441/441/441
f 439/439/439 441/441/441 442/442/442
f 441/441/441 443/443/443 442/442/442
f 430/430/430 444/444/444 435/435/435
f 444/444/444 430/430/430 433/433/433
f 435/435/435 445/445/445 440/440/440
f 445/445/445 441/441/441 440/440/440
f 445/445/445 435/435/435 444/444/444
f 443/443/443 441/441/441 446/446/446
f 441/441/441 445/445/445 446/446/446
f 447/447/447 443/443/443 446/446/446
f 445/445/445 447/447/447 446/446/446
f 443/443/443 447/447/447 448/448/448
f 447/447/447 449/449/449 448/448/448
f 444/444/444 450/450/450 445/445/445
f 447/447/447 445/445/445 450/450/450
f 433/433/433 451/451/451 444/444/444
f 450/450/450 444/444/444 451/451/451
f 449/449/449 447/447/447 452/452/452
f 452/452/452 453/453/453 449/449/449
f 451/451/451 433/433/433 454/454/454
f 434/434/434 454/454/454 433/433/433
f 454/454/454 434/434/434 455/455/455
f 456/456/456 454/454/454 455/455/455
f 457/457/457 447/447/447 450/450/450
f 447/447/447 457/457/457 452/452/452
f 458/458/458 450/450/450 451/451/451
f 454/454/454 458/458/458 451/451/451
f 450/450/450 458/458/458 457/457/457
f 454/454/454 456/456/456 459/459/459
f 458/458/458 454/454/454 459/459/459
f 460/460/460 459/459/459 456/456/456
f 453/453/453 452/452/452 461/461/461
f 461/461/461 462/462/462 453/453/453
f 462/462/462 461/461/461 463/463/463
f 464/464/464 452/452/452 457/457/457
f 452/452/452 464/464/464 461/461/461
f 464/464/464 463/463/463 461/461/461
f 458/458/458 464/464/464 457/457/457
f 463/463/463 464/464/464 465/465/465
f 464/464/464 458/458/458 466/466/466
f 466/466/466 465/465/465 464/464/464
f 459/459/459 466/466/466 458/458/458
f 465/465/465 466/466/466 467/467/467
f 466/466/466 459/459/459 468/468/468
f 468/468/468 467/467/467 466/466/466
f 459/459/459 460/460/460 468/468/468
f 467/467/467 468/468/468 469/469/469
f 460/460/460 469/469/469 468/468/468
f 469/469/469 460/460/460 470/470/470
f 471/471/471 472/472/472 473/473/473
f 472/472/472 471/471/471 474/474/474
f 474/474/474 475/475/475 472/472/472
f 475/475/475 474/474/474 476/476/476
f 476/476/476 477/477/477 475/475/475
f 477/477/477 476/476/476 478/478/478
f 479/479/479 477/477/477 478/478/478
f 474/474/474 480/480/480 476/476/476
f 480/480/480 481/481/481 476/476/476
f 479/479/479 481/481/481 482/482/482
f 483/483/483 482/482/482 481/481/481
f 481/481/481 480/480/480 483/483/483
f 482/482/482 483/483/483 484/484/484
f 480/480/480 474/474/474 485/485/485
f 486/486/486 485/485/485 474/474/474
f 487/487/487 484/484/484 483/483/483
f 484/484/484 487/487/487 488/488/488
f 489/489/489 483/483/483 480/480/480
f 485/485/485 489/489/489 480/480/480
f 483/483/483 489/489/489 487/487/487
f 490/490/490 488/488/488 487/487/487
f 488/488/488 490/490/490 491/491/491
f 492/492/492 487/487/487 489/489/489
f 487/487/487 492/492/492 490/490/490
f 493/493/493 491/491/491 490/490/490
f 491/491/491 493/493/493 494/494/494
f 489/489/489 485/485/485 495/495/495
f 495/495/495 492/492/492 489/489/489
f 496/496/496 490/490/490 492/492/492
f 490/490/490 496/496/496 493/493/493
f 497/497/497 494/494/494 493/493/493
f 494/494/494 497/497/497 498/498/498
f 498/498/498 497/497/497 499/499/499
f 499/499/499 497/497/497 500/500/500
f 497/497/497 501/501/501 500/500/500
f 493/493/493 502/502/502 497/497/497
f 501/501/501 497/497/497 502/502/502
f 502/502/502 493/493/493 496/496/496
f 502/502/502 503/503/503 501/501/501
f 504/504/504 496/496/496 492/492/492
f 492/492/492 495/495/495 504/504/504
f 505/505/505 502/502/502 496/496/496
f 496/496/496 504/504/504 505/505/505
f 503/503/503 502/502/502 506/506/506
f 502/502/502 505/505/505 506/506/506
f 506/506/506 507/507/507 503/503/503
f 507/507/507 506/506/506 508/508/508
f 495/495/495 509/509/509 504/504/504
f 509/509/509 505/505/505 504/504/504
f 510/510/510 506/506/506 505/505/505
f 506/506/506 510/510/510 508/508/508
f 505/505/505 509/509/509 510/510/510
f 510/510/510 511/511/511 508/508/508
f 512/512/512 508/508/508 511/511/511
f 511/511/511 510/510/510 513/513/513
f 509/509/509 513/513/513 510/510/510
f 513/513/513 509/509/509 514/514/514
f 509/509/509 495/495/495 515/515/515
f 515/515/515 514/514/514 509/509/509
f 485/485/485 515/515/515 495/495/495
f 514/514/514 515/515/515 516/516/516
f 515/515/515 485/485/485 517/517/517
f 517/517/517 516/516/516 518/518/518
f 516/516/516 517/517/517 519/519/519
f 485/485/485 486/486/486 517/517/517
f 486/486/486 519/519/519 517/517/517
f 519/519/519 486/486/486 520/520/520
f 520/520/520 486/486/486 521/521/521
f 521/521/521 486/486/486 522/522/522
f 523/523/523 524/524/524 525/525/525
f 524/524/524 523/523/523 526/526/526
f 527/527/527 526/526/526 523/523/523
f 528/528/528 524/524/524 526/526/526
f 526/526/526 527/527/527 529/529/529
f 526/526/526 530/530/530 528/528/528
f 530/530/530 526/526/526 529/529/529
f 531/531/531 528/528/528 530/530/530
f 529/529/529 532/532/532 530/530/530
f 532/532/532 531/531/531 530/530/530
f 524/524/524 528/528/528 533/533/533
f 528/528/528 531/531/531 534/534/534
f 534/534/534 533/533/533 528/528/528
f 535/535/535 529/529/529 527/527/527
f 532/532/532 529/529/529 536/536/536
f 529/529/529 535/535/535 536/536/536
f 527/527/527 537/537/537 535/535/535
f 538/538/538 535/535/535 537/537/537
f 537/537/537 527/527/527 539/539/539
f 540/540/540 539/539/539 527/527/527
f 539/539/539 540/540/540 541/541/541
f 535/535/535 542/542/542 536/536/536
f 542/542/542 535/535/535 543/543/543
f 544/544/544 536/536/536 542/542/542
f 536/536/536 544/544/544 532/532/532
f 544/544/544 545/545/545 532/532/532
f 545/545/545 544/544/544 546/546/546
f 547/547/547 545/545/545 546/546/546
f 547/547/547 548/548/548 545/545/545
f 549/549/549 545/545/545 548/548/548
f 531/531/531 532/532/532 545/545/545
f 545/545/545 549/549/549 531/531/531
f 550/550/550 531/531/531 549/549/549
f 531/531/531 550/550/550 534/534/534
f 551/551/551 534/534/534 550/550/550
f 534/534/534 551/551/551 552/552/552
f 533/533/533 534/534/534 552/552/552
f 553/553/553 552/552/552 551/551/551
f 552/552/552 553/553/553 554/554/554
f 555/555/555 554/554/554 553/553/553
f 554/554/554 555/555/555 556/556/556
f 556/556/556 555/555/555 557/557/557
f 556/556/556 557/557/557 558/558/558
f 559/559/559 554/554/554 556/556/556
f 558/558/558 560/560/560 556/556/556
f 554/554/554 559/559/559 561/561/561
f 561/561/561 562/562/562 554/554/554
f 562/562/562 561/561/561 533/533/533
f 560/560/560 558/558/558 563/563/563
f 561/561/561 524/524/524 533/533/533
f 563/563/563 564/564/564 560/560/560
f 564/564/564 561/561/561 560/560/560
f 564/564/564 563/563/563 565/565/565
f 524/524/524 561/561/561 566/566/566
f 561/561/561 564/564/564 566/566/566
f 567/567/567 524/524/524 566/566/566
f 564/564/564 567/567/567 566/566/566
f 524/524/524 567/567/567 568/568/568
f 565/565/565 569/569/569 564/564/564
f 569/569/569 565/565/565 570/570/570
f 570/570/570 571/571/571 569/569/569
f 569/569/569 571/571/571 572/572/572
f 567/567/567 564/564/564 573/573/573
f 574/574/574 573/573/573 572/572/572
f 573/573/573 574/574/574 567/567/567
f 575/575/575 567/567/567 574/574/574
f 567/567/567 575/575/575 568/568/568
f 541/541/541 568/568/568 575/575/575
f 568/568/568 541/541/541 576/576/576
f 577/577/577 578/578/578 579/579/579
f 578/578/578 580/580/580 579/579/579
f 580/580/580 578/578/578 581/581/581
f 581/581/581 582/582/582 580/580/580
f 582/582/582 581/581/581 583/583/583
f 583/583/583 584/584/584 582/582/582
f 584/584/584 583/583/583 585/585/585
f 582/582/582 586/586/586 580/580/580
f 586/586/586 587/587/587 580/580/580
f 586/586/586 582/582/582 588/588/588
f 589/589/589 588/588/588 582/582/582
f 587/587/587 586/586/586 590/590/590
f 590/590/590 591/591/591 587/587/587
f 592/592/592 587/587/587 591/591/591
f 591/591/591 590/590/590 593/593/593
f 594/594/594 590/590/590 586/586/586
f 588/588/588 594/594/594 586/586/586
f 595/595/595 593/593/593 590/590/590
f 590/590/590 594/594/594 595/595/595
f 593/593/593 595/595/595 596/596/596
f 597/597/597 596/596/596 595/595/595
f 596/596/596 597/597/597 598/598/598
f 599/599/599 595/595/595 594/594/594
f 595/595/595 599/599/599 597/597/597
f 600/600/600 598/598/598 597/597/597
f 598/598/598 600/600/600 601/601/601
f 594/594/594 588/588/588 602/602/602
f 602/602/602 599/599/599 594/594/594
f 603/603/603 597/597/597 599/599/599
f 597/597/597 603/603/603 600/600/600
f 604/604/604 601/601/601 600/600/600
f 601/601/601 604/604/604 605/605/605
f 605/605/605 604/604/604 606/606/606
f 606/606/606 604/604/604 607/607/607
f 604/604/604 608/608/608 607/607/607
f 600/600/600 609/609/609 604/604/604
f 608/608/608 604/604/604 609/609/609
f 609/609/609 600/600/600 603/603/603
f 609/609/609 610/610/610 608/608/608
f 611/611/611 603/603/603 599/599/599
f 599/599/599 602/602/602 611/611/611
f 612/612/612 609/609/609 603/603/603
f 603/603/603 611/611/611 612/612/612
f 610/610/610 609/609/609 613/613/613
f 609/609/609 612/612/612 613/613/613
f 613/613/613 614/614/614 610/610/610
f 614/614/614 613/613/613 615/615/615
f 602/602/602 616/616/616 611/611/611
f 616/616/616 612/612/612 611/611/611
f 617/617/617 613/613/613 612/612/612
f 613/613/613 617/617/617 615/615/615
f 612/612/612 616/616/616 617/617/617
f 617/617/617 618/618/618 615/615/615
f 619/619/619 615/615/615 618/618/618
f 618/618/618 617/617/617 620/620/620
f 616/616/616 620/620/620 617/617/617
f 620/620/620 616/616/616 621/621/621
f 616/616/616 602/602/602 622/622/622
f 622/622/622 621/621/621 616/616/616
f 588/588/588 622/622/622 602/602/602
f 621/621/621 622/622/622 623/623/623
f 622/622/622 588/588/588 624/624/624
f 624/624/624 623/623/623 625/625/625
f 623/623/623 624/624/624 626/626/626
f 588/588/588 589/589/589 624/624/624
f 589/589/589 626/626/626 624/624/624
f 626/626/626 589/589/589 627/627/627
f 627/627/627 589/589/589 628/628/628
f 628/628/628 589/589/589 629/629/629
f 630/630/630 631/631/631 632/632/632
f 631/631/631 630/630/630 633/633/633
f 634/634/634 633/633/633 630/630/630
f 635/635/635 631/631/631 633/633/633
f 633/633/633 634/634/634 636/636/636
f 633/633/633 637/637/637 635/635/635
f 637/637/637 633/633/633 636/636/636
f 638/638/638 635/635/635 637/637/637
f 636/636/636 639/639/639 637/637/637
f 639/639/639 638/638/638 637/637/637
f 631/631/631 635/635/635 640/640/640
f 635/635/635 638/638/638 641/641/641
f 641/641/641 640/640/640 635/635/635
f 642/642/642 636/636/636 634/634/634
f 639/639/639 636/636/636 643/643/643
f 636/636/636 642/642/642 643/643/643
f 634/634/634 644/644/644 642/642/642
f 645/645/645 642/642/642 644/644/644
f 644/644/644 634/634/634 646/646/646
f 647/647/647 646/646/646 634/634/634
f 646/646/646 647/647/647 648/648/648
f 642/642/642 649/649/649 643/643/643
f 649/649/649 642/642/642 650/650/650
f 651/651/651 643/643/643 649/649/649
f 643/643/643 651/651/651 639/639/639
f 651/651/651 652/652/652 639/639/639
f 652/652/652 651/651/651 653/653/653
f 654/654/654 652/652/652 653/653/653
f 654/654/654 655/655/655 652/652/652
f 656/656/656 652/652/652 655/655/655
f 638/638/638 639/639/639 652/652/652
f 652/652/652 656/656/656 638/638/638
f 657/657/657 638/638/638 656/656/656
f 638/638/638 657/657/657 641/641/641
f 658/658/658 641/641/641 657/657/657
f 641/641/641 658/658/658 659/659/659
f 640/640/640 641/641/641 659/659/659
f 660/660/660 659/659/659 658/658/658
f 659/659/659 660/660/660 661/661/661
f 662/662/662 661/661/661 660/660/660
f 661/661/661 662/662/662 663/663/663
f 663/663/663 662/662/662 664/664/664
f 663/663/663 664/664/664 665/665/665
f 666/666/666 661/661/661 663/663/663
f 665/665/665 667/667/667 663/663/663
f 661/661/661 666/666/666 668/668/668
f 668/668/668 669/669/669 661/661/661
f 669/669/669 668/668/668 640/640/640
f 667/667/667 665/665/665 670/670/670
f 668/668/668 631/631/631 640/640/640
f 670/670/670 671/671/671 667/667/667
f 671/671/671 668/668/668 667/667/667
f 671/671/671 670/670/670 672/672/672
f 631/631/631 668/668/668 673/673/673
f 668/668/668 671/671/671 673/673/673
f 674/674/674 631/631/631 673/673/673
f 671/671/671 674/674/674 673/673/673
f 631/631/631 674/674/674 675/675/675
f 672/672/672 676/676/676 671/671/671
f 676/676/676 672/672/672 677/677/677
f 677/677/677 678/678/678 676/676/676
f 676/676/676 678/678/678 679/679/679
f 674/674/674 671/671/671 680/680/680
f 681/681/681 680/680/680 679/679/679
f 680/680/680 681/681/681 674/674/674
f 682/682/682 674/674/674 681/681/681
f 674/674/674 682/682/682 675/675/675
f 648/648/648 675/675/675 682/682/682
f 675/675/675 648/648/648 683/683/683
f 684/684/684 685/685/685 686/686/686
f 685/685/685 684/684/684 687/687/687
f 685/685/685 687/687/687 688/688/688
f 687/687/687 689/689/689 688/688/688
f 689/689/689 687/687/687 690/690/690
f 691/691/691 689/689/689 690/690/690
f 690/690/690 692/692/692 691/691/691
f 687/687/687 693/693/693 690/690/690
f 692/692/692 690/690/690 693/693/693
f 693/693/693 687/687/687 684/684/684
f 693/693/693 694/694/694 692/692/692
f 694/694/694 693/693/693 695/695/695
f 684/684/684 695/695/695 693/693/693
f 695/695/695 696/696/696 694/694/694
f 695/695/695 684/684/684 697/697/697
f 698/698/698 697/697/697 684/684/684
f 697/697/697 698/698/698 699/699/699
f 696/696/696 695/695/695 700/700/700
f 697/697/697 700/700/700 695/695/695
f 700/700/700 701/701/701 696/696/696
f 699/699/699 702/702/702 697/697/697
f 700/700/700 697/697/697 702/702/702
f 702/702/702 699/699/699 703/703/703
f 701/701/701 700/700/700 704/704/704
f 702/702/702 704/704/704 700/700/700
f 701/701/701 704/704/704 705/705/705
f 704/704/704 706/706/706 705/705/705
f 703/703/703 707/707/707 702/702/702
f 704/704/704 702/702/702 707/707/707
f 706/706/706 704/704/704 707/707/707
f 707/707/707 703/703/703 708/708/708
f 708/708/708 706/706/706 707/707/707
f 709/709/709 710/710/710 711/711/711
f 710/710/710 709/709/709 712/712/712
f 713/713/713 710/710/710 712/712/712
f 710/710/710 713/713/713 714/714/714
f 709/709/709 715/715/715 712/712/712
f 715/715/715 709/709/709 716/716/716
f 717/717/717 715/715/715 716/716/716
f 715/715/715 717/717/717 718/718/718
f 719/719/719 715/715/715 718/718/718
f 715/715/715 719/719/719 720/720/720
f 721/721/721 712/712/712 715/715/715
f 712/712/712 721/721/721 722/722/722
f 721/721/721 723/723/723 722/722/722
f 724/724/724 722/722/722 723/723/723
f 722/722/722 724/724/724 725/725/725
f 723/723/723 726/726/726 724/724/724
f 723/723/723 721/721/721 727/727/727
f 728/728/728 727/727/727 721/721/721
f 727/727/727 728/728/728 729/729/729
f 729/729/729 730/730/730 727/727/727
f 730/730/730 723/723/723 727/727/727
f 730/730/730 729/729/729 731/731/731
f 726/726/726 730/730/730 731/731/731
f 723/723/723 730/730/730 732/732/732
f 730/730/730 726/726/726 732/732/732
f 726/726/726 723/723/723 732/732/732
f 733/733/733 734/734/734 735/735/735
f 734/734/734 733/733/733 736/736/736
f 737/737/737 734/734/734 736/736/736
f 734/734/734 737/737/737 738/738/738
f 737/737/737 739/739/739 738/738/738
f 733/733/733 740/740/740 736/736/736
f 740/740/740 733/733/733 741/741/741
f 742/742/742 740/740/740 741/741/741
f 740/740/740 742/742/742 743/743/743
f 744/744/744 740/740/740 743/743/743
f 745/745/745 736/736/736 740/740/740
f 736/736/736 745/745/745 737/737/737
f 740/740/740 744/744/744 745/745/745
f 739/739/739 737/737/737 746/746/746
f 745/745/745 746/746/746 737/737/737
f 746/746/746 747/747/747 739/739/739
f 744/744/744 748/748/748 745/745/745
f 746/746/746 745/745/745 748/748/748
f 748/748/748 744/744/744 749/749/749
f 747/747/747 746/746/746 750/750/750
f 748/748/748 750/750/750 746/746/746
f 749/749/749 751/751/751 748/748/748
f 750/750/750 748/748/748 751/751/751
f 751/751/751 747/747/747 750/750/750
f 751/751/751 749/749/749 752/752/752
f 747/747/747 751/751/751 752/752/752
f 753/753/753 754/754/754 755/755/755
f 754/754/754 753/753/753 756/756/756
f 754/754/754 756/756/756 757/757/757
f 756/756/756 758/758/758 757/757/757
f 758/758/758 756/756/756 759/759/759
f 760/760/760 758/758/758 759/759/759
f 759/759/759 761/761/761 760/760/760
f 756/756/756 762/762/762 759/759/759
f 761/761/761 759/759/759 762/762/762
f 762/762/762 756/756/756 753/753/753
f 762/762/762 763/763/763 761/761/761
f 763/763/763 762/762/762 764/764/764
f 753/753/753 764/764/764 762/762/762
f 764/764/764 765/765/765 763/763/763
f 764/764/764 753/753/753 766/766/766
f 767/767/767 766/766/766 753/753/753
f 766/766/766 767/767/767 768/768/768
f 765/765/765 764/764/764 769/769/769
f 766/766/766 769/769/769 764/764/764
f 769/769/769 770/770/770 765/765/765
f 768/768/768 771/771/771 766/766/766
f 769/769/769 766/766/766 771/771/771
f 771/771/771 768/768/768 772/772/772
f 770/770/770 769/769/769 773/773/773
f 771/771/771 773/773/773 769/769/769
f 770/770/770 773/773/773 774/774/774
f 773/773/773 775/775/775 774/774/774
f 772/772/772 776/776/776 771/771/771
f 773/773/773 771/771/771 776/776/776
f 775/775/775 773/773/773 776/776/776
f 776/776/776 772/772/772 777/777/777
f 777/777/777 775/775/775 776/776/776
f 778/778/778 779/779/779 780/780/780
f 779/779/779 778/778/778 781/781/781
f 782/782/782 779/779/779 781/781/781
f 779/779/779 782/782/782 783/783/783
f 778/778/778 784/784/784 781/781/781
f 784/784/784 778/778/778 785/785/785
f 786/786/786 784/784/784 785/785/785
f 784/784/784 786/786/786 787/787/787
f 788/788/788 784/784/784 787/787/787
f 784/784/784 788/788/788 789/789/789
f 790/790/790 781/781/781 784/784/784
f 781/781/781 790/790/790 791/791/791
f 790/790/790 792/792/792 791/791/791
f 793/793/793 791/791/791 792/792/792
f 791/791/791 793/793/793 794/794/794
f 792/792/792 795/795/795 793/793/793
f 792/792/792 790/790/790 796/796/796
f 797/797/797 796/796/796 790/790/790
f 796/796/796 797/797/797 798/798/798
f 798/798/798 799/799/799 796/796/796
f 799/799/799 792/792/792 796/796/796
f 799/799/799 798/798/798 800/800/800
f 795/795/795 799/799/799 800/800/800
f 792/792/792 799/799/799 801/801/801
f 799/799/799 795/795/795 801/801/801
f 795/795/795 792/792/792 801/801/801
f 802/802/802 803/803/803 804/804/804
f 803/803/803 802/802/802 805/805/805
f 806/806/806 803/803/803 805/805/805
f 803/803/803 806/806/806 807/807/807
f 806/806/806 808/808/808 807/807/807
f 802/802/802 809/809/809 805/805/805
f 809/809/809 802/802/802 810/810/810
f 811/811/811 809/809/809 810/810/810
f 809/809/809 811/811/811 812/812/812
f 813/813/813 809/809/809 812/812/812
f 814/814/814 805/805/805 809/809/809
f 805/805/805 814/814/814 806/806/806
f 809/809/809 813/813/813 814/814/814
f 808/808/808 806/806/806 815/815/815
f 814/814/814 815/815/815 806/806/806
f 815/815/815 816/816/816 808/808/808
f 813/813/813 817/817/817 814/814/814
f 815/815/815 814/814/814 817/817/817
f 817/817/817 813/813/813 818/818/818
f 816/816/816 815/815/815 819/819/819
f 817/817/817 819/819/819 815/815/815
f 818/818/818 820/820/820 817/817/817
f 819/819/819 817/817/817 820/820/820
f 820/820/820 816/816/816 819/819/819
f 820/820/820 818/818/818 821/821/821
f 816/816/816 820/820/820 821/821/821
f 822/822/822 823/823/823 824/824/824
f 825/825/825 823/823/823 822/822/822
f 822/822/822 826/826/826 825/825/825
f 825/825/825 826/826/826 827/827/827
f 827/827/827 828/828/828 825/825/825
f 825/825/825 829/829/829 823/823/823
f 825/825/825 828/828/828 829/829/829
f 827/827/827 826/826/826 830/830/830
f 829/829/829 828/828/828 831/831/831
f 827/827/827 830/830/830 832/832/832
f 831/831/831 828/828/828 833/833/833
f 832/832/832 834/834/834 827/827/827
f 828/828/828 835/835/835 833/833/833
f 836/836/836 827/827/827 834/834/834
f 828/828/828 837/837/837 835/835/835
f 838/838/838 827/827/827 836/836/836
f 828/828/828 827/827/827 838/838/838
f 838/838/838 837/837/837 828/828/828
f 838/838/838 836/836/836 839/839/839
f 838/838/838 840/840/840 837/837/837
f 841/841/841 838/838/838 839/839/839
f 838/838/838 841/841/841 840/840/840
f 842/842/842 843/843/843 844/844/844
f 845/845/845 843/843/843 842/842/842
f 842/842/842 846/846/846 845/845/845
f 845/845/845 846/846/846 847/847/847
f 847/847/847 848/848/848 845/845/845
f 845/845/845 849/849/849 843/843/843
f 845/845/845 848/848/848 849/849/849
f 847/847/847 846/846/846 850/850/850
f 849/849/849 848/848/848 851/851/851
f 847/847/847 850/850/850 852/852/852
f 851/851/851 848/848/848 853/853/853
f 852/852/852 854/854/854 847/847/847
f 848/848/848 855/855/855 853/853/853
f 856/856/856 847/847/847 854/854/854
f 848/848/848 857/857/857 855/855/855
f 858/858/858 847/847/847 856/856/856
f 848/848/848 847/847/847 858/858/858
f 858/858/858 857/857/857 848/848/848
f 858/858/858 856/856/856 859/859/859
f 858/858/858 860/860/860 857/857/857
f 861/861/861 858/858/858 859/859/859
f 858/858/858 861/861/861 860/860/860
f 862/862/862 863/863/863 864/864/864
f 863/863/863 865/865/865 864/864/864
f 863/863/863 866/866/866 865/865/865
f 862/862/862 867/867/867 863/863/863
f 867/867/867 862/862/862 868/868/868
f 866/866/866 863/863/863 869/869/869
f 867/867/867 869/869/869 863/863/863
f 866/866/866 869/869/869 870/870/870
f 869/869/869 871/871/871 870/870/870
f 872/872/872 871/871/871 869/869/869
f 869/869/869 867/867/867 872/872/872
f 872/872/872 873/873/873 871/871/871
f 868/868/868 874/874/874 867/867/867
f 874/874/874 872/872/872 867/867/867
f 874/874/874 868/868/868 875/875/875
f 874/874/874 875/875/875 876/876/876
f 873/873/873 872/872/872 877/877/877
f 872/872/872 874/874/874 877/877/877
f 877/877/877 878/878/878 873/873/873
f 879/879/879 878/878/878 877/877/877
f 880/880/880 874/874/874 876/876/876
f 877/877/877 874/874/874 880/880/880
f 880/880/880 879/879/879 877/877/877
f 880/880/880 876/876/876 881/881/881
f 879/879/879 880/880/880 882/882/882
f 881/881/881 882/882/882 880/880/880
f 879/879/879 882/882/882 883/883/883
f 882/882/882 881/881/881 884/884/884
f 883/883/883 882/882/882 885/885/885
f 885/885/885 882/882/882 884/884/884
f 886/886/886 887/887/887 888/888/888
f 887/887/887 889/889/889 888/888/888
f 887/887/887 890/890/890 889/889/889
f 886/886/886 891/891/891 887/887/887
f 891/891/891 886/886/886 892/892/892
f 890/890/890 887/887/887 893/893/893
f 891/891/891 893/893/893 887/887/887
f 890/890/890 893/893/893 894/894/894
f 893/893/893 895/895/895 894/894/894
f 896/896/896 895/895/895 893/893/893
f 893/893/893 891/891/891 896/896/896
f 896/896/896 897/897/897 895/895/895
f 892/892/892 898/898/898 891/891/891
f 898/898/898 896/896/896 891/891/891
f 898/898/898 892/892/892 899/899/899
f 898/898/898 899/899/899 900/900/900
f 897/897/897 896/896/896 901/901/901
f 896/896/896 898/898/898 901/901/901
f 901/901/901 902/902/902 897/897/897
f 903/903/903 902/902/902 901/901/901
f 904/904/904 898/898/898 900/900/900
f 901/901/901 898/898/898 904/904/904
f 904/904/904 903/903/903 901/901/901
f 904/904/904 900/900/900 905/905/905
f 903/903/903 904/904/904 906/906/906
f 905/905/905 906/906/906 904/904/904
f 903/903/903 906/906/906 907/907/907
f 906/906/906 905/905/905 908/908/908
f 907/907/907 906/906/906 909/909/909
f 909/909/909 906/906/906 908/908/908
f 910/910/910 911/911/911 912/912/912
f 913/913/913 910/910/910 912/912/912
f 911/911/911 910/910/910 914/914/914
f 915/915/915 911/911/911 914/914/914
f 911/911/911 915/915/915 916/916/916
f 917/917/917 916/916/916 915/915/915
f 916/916/916 917/917/917 918/918/918
f 917/917/917 919/919/919 918/918/918
f 919/919/919 917/917/917 920/920/920
f 917/917/917 921/921/921 920/920/920
f 921/921/921 917/917/917 922/922/922
f 915/915/915 922/922/922 917/917/917
f 922/922/922 923/923/923 921/921/921
f 914/914/914 924/924/924 915/915/915
f 922/922/922 915/915/915 924/924/924
f 923/923/923 922/922/922 925/925/925
f 924/924/924 925/925/925 922/922/922
f 925/925/925 926/926/926 923/923/923
f 926/926/926 925/925/925 927/927/927
f 928/928/928 927/927/927 925/925/925
f 925/925/925 924/924/924 928/928/928
f 927/927/927 928/928/928 929/929/929
f 928/928/928 930/930/930 929/929/929
f 930/930/930 928/928/928 931/931/931
f 924/924/924 931/931/931 928/928/928
f 931/931/931 932/932/932 930/930/930
f 924/924/924 914/914/914 933/933/933
f 931/931/931 924/924/924 933/933/933
f 910/910/910 933/933/933 914/914/914
f 934/934/934 931/931/931 933/933/933
f 933/933/933 910/910/910 934/934/934
f 932/932/932 931/931/931 935/935/935
f 931/931/931 934/934/934 935/935/935
f 936/936/936 932/932/932 935/935/935
f 934/934/934 936/936/936 935/935/935
f 932/932/932 936/936/936 937/937/937
f 910/910/910 938/938/938 934/934/934
f 936/936/936 934/934/934 938/938/938
f 939/939/939 937/937/937 936/936/936
f 938/938/938 939/939/939 936/936/936
f 937/937/937 939/939/939 940/940/940
f 938/938/938 910/910/910 941/941/941
f 910/910/910 913/913/913 941/941/941
f 941/941/941 942/942/942 938/938/938
f 939/939/939 938/938/938 942/942/942
f 913/913/913 943/943/943 941/941/941
f 942/942/942 941/941/941 943/943/943
f 943/943/943 913/913/913 944/944/944
f 944/944/944 945/945/945 943/943/943
f 945/945/945 942/942/942 943/943/943
f 945/945/945 944/944/944 946/946/946
f 947/947/947 945/945/945 946/946/946
f 948/948/948 940/940/940 939/939/939
f 940/940/940 948/948/948 949/949/949
f 950/950/950 939/939/939 942/942/942
f 942/942/942 945/945/945 950/950/950
f 939/939/939 950/950/950 948/948/948
f 945/945/945 947/947/947 951/951/951
f 951/951/951 950/950/950 945/945/945
f 952/952/952 951/951/951 947/947/947
f 951/951/951 952/952/952 953/953/953
f 954/954/954 951/951/951 953/953/953
f 950/950/950 951/951/951 955/955/955
f 951/951/951 954/954/954 955/955/955
f 955/955/955 948/948/948 950/950/950
f 956/956/956 955/955/955 954/954/954
f 957/957/957 949/949/949 948/948/948
f 948/948/948 955/955/955 957/957/957
f 955/955/955 956/956/956 957/957/957
f 949/949/949 957/957/957 958/958/958
f 959/959/959 957/957/957 956/956/956
f 957/957/957 959/959/959 958/958/958
f 960/960/960 961/961/961 962/962/962
f 963/963/963 960/960/960 962/962/962
f 961/961/961 960/960/960 964/964/964
f 965/965/965 961/961/961 964/964/964
f 961/961/961 965/965/965 966/966/966
f 967/967/967 966/966/966 965/965/965
f 966/966/966 967/967/967 968/968/968
f 967/967/967 969/969/969 968/968/968
f 969/969/969 967/967/967 970/970/970
f 967/967/967 971/971/971 970/970/970
f 971/971/971 967/967/967 972/972/972
f 965/965/965 972/972/972 967/967/967
f 972/972/972 973/973/973 971/971/971
f 964/964/964 974/974/974 965/965/965
f 972/972/972 965/965/965 974/974/974
f 973/973/973 972/972/972 975/975/975
f 974/974/974 975/975/975 972/972/972
f 975/975/975 976/976/976 973/973/973
f 976/976/976 975/975/975 977/977/977
f 978/978/978 977/977/977 975/975/975
f 975/975/975 974/974/974 978/978/978
f 977/977/977 978/978/978 979/979/979
f 978/978/978 980/980/980 979/979/979
f 980/980/980 978/978/978 981/981/981
f 974/974/974 981/981/981 978/978/978
f 981/981/981 982/982/982 980/980/980
f 974/974/974 964/964/964 983/983/983
f 981/981/981 974/974/974 983/983/983
f 960/960/960 983/983/983 964/964/964
f 984/984/984 981/981/981 983/983/983
f 983/983/983 960/960/960 984/984/984
f 982/982/982 981/981/981 985/985/985
f 981/981/981 984/984/984 985/985/985
f 986/986/986 982/982/982 985/985/985
f 984/984/984 986/986/986 985/985/985
f 982/982/982 986/986/986 987/987/987
f 960/960/960 988/988/988 984/984/984
f 986/986/986 984/984/984 988/988/988
f 989/989/989 987/987/987 986/986/986
f 988/988/988 989/989/989 986/986/986
f 987/987/987 989/989/989 990/990/990
f 988/988/988 960/960/960 991/991/991
f 960/960/960 963/963/963 991/991/991
f 991/991/991 992/992/992 988/988/988
f 989/989/989 988/988/988 992/992/992
f 963/963/963 993/993/993 991/991/991
f 992/992/992 991/991/991 993/993/993
f 993/993/993 963/963/963 994/994/994
f 994/994/994 995/995/995 993/993/993
f 995/995/995 992/992/992 993/993/993
f 995/995/995 994/994/994 996/996/996
f 997/997/997 995/995/995 996/996/996
f 998/998/998 990/990/990 989/989/989
f 990/990/990 998/998/998 999/999/999
f 1000/1000/1000 989/989/989 992/992/992
f 992/992/992 995/995/995 1000/1000/1000
f 989/989/989 1000/1000/1000 998/998/998
f 995/995/995 997/997/997 1001/1001/1001
f 1001/1001/1001 1000/1000/1000 995/995/995
f 1002/1002/1002 1001/1001/1001 997/997/997
f 1001/1001/1001 1002/1002/1002 1003/1003/1003
f 1004/1004/1004 1001/1001/1001 1003/1003/1003
f 1000/1000/1000 1001/1001/1001 1005/1005/1005
f 1001/1001/1001 1004/1004/1004 1005/1005/1005
f 1005/1005/1005 998/998/998 1000/1000/1000
f 1006/1006/1006 1005/1005/1005 1004/1004/1004
f 1007/1007/1007 999/999/999 998/998/998
f 998/998/998 1005/1005/1005 1007/1007/1007
f 1005/1005/1005 1006/1006/1006 1007/1007/1007
f 999/999/999 1007/1007/1007 1008/1008/1008
f 1009/1009/1009 1007/1007/1007 1006/1006/1006
f 1007/1007/1007 1009/1009/1009 1008/1008/1008
f 1010/1010/1010 1011/1011/1011 1012/1012/1012
f 1013/1013/1013 1011/1011/1011 1010/1010/1010
f 1012/1012/1012 1011/1011/1011 1014/1014/1014
f 1015/1015/1015 1011/1011/1011 1013/1013/1013
f 1014/1014/1014 1011/1011/1011 1016/1016/1016
f 1017/1017/1017 1011/1011/1011 1015/1015/1015
f 1016/1016/1016 1011/1011/1011 1018/1018/1018
f 1019/1019/1019 1011/1011/1011 1017/1017/1017
f 1018/1018/1018 1011/1011/1011 1020/1020/1020
f 1020/1020/1020 1011/1011/1011 1019/1019/1019
f 1021/1021/1021 1022/1022/1022 1023/1023/1023
f 1024/1024/1024 1022/1022/1022 1021/1021/1021
f 1022/1022/1022 1024/1024/1024 1025/1025/1025
f 1026/1026/1026 1025/1025/1025 1024/1024/1024
f 1023/1023/1023 1022/1022/1022 1027/1027/1027
f 1025/1025/1025 1028/1028/1028 1022/1022/1022
f 1022/1022/1022 1028/1028/1028 1027/1027/1027
f 1023/1023/1023 1027/1027/1027 1029/1029/1029
f 1027/1027/1027 1028/1028/1028 1029/1029/1029
f 1023/1023/1023 1029/1029/1029 1030/1030/1030
f 1029/1029/1029 1031/1031/1031 1030/1030/1030
f 1031/1031/1031 1029/1029/1029 1032/1032/1032
f 1029/1029/1029 1028/1028/1028 1032/1032/1032
f 1032/1032/1032 1033/1033/1033 1031/1031/1031
f 1026/1026/1026 1034/1034/1034 1025/1025/1025
f 1034/1034/1034 1028/1028/1028 1025/1025/1025
f 1028/1028/1028 1035/1035/1035 1032/1032/1032
f 1035/1035/1035 1033/1033/1033 1032/1032/1032
f 1036/1036/1036 1028/1028/1028 1034/1034/1034
f 1026/1026/1026 1036/1036/1036 1034/1034/1034
f 1028/1028/1028 1037/1037/1037 1035/1035/1035
f 1037/1037/1037 1033/1033/1033 1035/1035/1035
f 1038/1038/1038 1036/1036/1036 1026/1026/1026
f 1037/1037/1037 1039/1039/1039 1033/1033/1033
f 1038/1038/1038 1040/1040/1040 1036/1036/1036
f 1040/1040/1040 1028/1028/1028 1036/1036/1036
f 1040/1040/1040 1038/1038/1038 1041/1041/1041
f 1040/1040/1040 1041/1041/1041 1042/1042/1042
f 1043/1043/1043 1039/1039/1039 1037/1037/1037
f 1028/1028/1028 1043/1043/1043 1037/1037/1037
f 1039/1039/1039 1043/1043/1043 1044/1044/1044
f 1043/1043/1043 1045/1045/1045 1044/1044/1044
f 1040/1040/1040 1042/1042/1042 1046/1046/1046
f 1028/1028/1028 1040/1040/1040 1046/1046/1046
f 1046/1046/1046 1042/1042/1042 1047/1047/1047
f 1028/1028/1028 1046/1046/1046 1047/1047/1047
f 1047/1047/1047 1042/1042/1042 1048/1048/1048
f 1049/1049/1049 1047/1047/1047 1048/1048/1048
f 1047/1047/1047 1049/1049/1049 1050/1050/1050
f 1050/1050/1050 1049/1049/1049 1045/1045/1045
f 1028/1028/1028 1047/1047/1047 1050/1050/1050
f 1051/1051/1051 1045/1045/1045 1043/1043/1043
f 1028/1028/1028 1051/1051/1051 1043/1043/1043
f 1028/1028/1028 1050/1050/1050 1051/1051/1051
f 1050/1050/1050 1045/1045/1045 1051/1051/1051
f 1052/1052/1052 1053/1053/1053 1054/1054/1054
f 1055/1055/1055 1053/1053/1053 1052/1052/1052
f 1054/1054/1054 1053/1053/1053 1056/1056/1056
f 1057/1057/1057 1053/1053/1053 1055/1055/1055
f 1056/1056/1056 1053/1053/1053 1058/1058/1058
f 1059/1059/1059 1053/1053/1053 1057/1057/1057
f 1058/1058/1058 1053/1053/1053 1060/1060/1060
f 1061/1061/1061 1053/1053/1053 1059/1059/1059
f 1060/1060/1060 1053/1053/1053 1062/1062/1062
f 1062/1062/1062 1053/1053/1053 1061/1061/1061
f 1063/1063/1063 1064/1064/1064 1065/1065/1065
f 1066/1066/1066 1064/1064/1064 1063/1063/1063
f 1064/1064/1064 1066/1066/1066 1067/1067/1067
f 1068/1068/1068 1067/1067/1067 1066/1066/1066
f 1065/1065/1065 1064/1064/1064 1069/1069/1069
f 1067/1067/1067 1070/1070/1070 1064/1064/1064
f 1064/1064/1064 1070/1070/1070 1069/1069/1069
f 1065/1065/1065 1069/1069/1069 1071/1071/1071
f 1069/1069/1069 1070/1070/1070 1071/1071/1071
f 1065/1065/1065 1071/1071/1071 1072/1072/1072
f 1071/1071/1071 1073/1073/1073 1072/1072/1072
f 1073/1073/1073 1071/1071/1071 1074/1074/1074
f 1071/1071/1071 1070/1070/1070 1074/1074/1074
f 1074/1074/1074 1075/1075/1075 1073/1073/1073
f 1068/1068/1068 1076/1076/1076 1067/1067/1067
f 1076/1076/1076 1070/1070/1070 1067/1067/1067
f 1070/1070/1070 1077/1077/1077 1074/1074/1074
f 1077/1077/1077 1075/1075/1075 1074/1074/1074
f 1078/1078/1078 1070/1070/1070 1076/1076/1076
f 1068/1068/1068 1078/1078/1078 1076/1076/1076
f 1070/1070/1070 1079/1079/1079 1077/1077/1077
f 1079/1079/1079 1075/1075/1075 1077/1077/1077
f 1080/1080/1080 1078/1078/1078 1068/1068/1068
f 1079/1079/1079 1081/1081/1081 1075/1075/1075
f 1080/1080/1080 1082/1082/1082 1078/1078/1078
f 1082/1082/1082 1070/1070/1070 1078/1078/1078
f 1082/1082/1082 1080/1080/1080 1083/1083/1083
f 1082/1082/1082 1083/1083/1083 1084/1084/1084
f 1085/1085/1085 1081/1081/1081 1079/1079/1079
f 1070/1070/1070 1085/1085/1085 1079/1079/1079
f 1081/1081/1081 1085/1085/1085 1086/1086/1086
f 1085/1085/1085 1087/1087/1087 1086/1086/1086
f 1082/1082/1082 1084/1084/1084 1088/1088/1088
f 1070/1070/1070 1082/1082/1082 1088/1088/1088
f 1088/1088/1088 1084/1084/1084 1089/1089/1089
f 1070/1070/1070 1088/1088/1088 1089/1089/1089
f 1089/1089/1089 1084/1084/1084 1090/1090/1090
f 1091/1091/1091 1089/1089/1089 1090/1090/1090
f 1089/1089/1089 1091/1091/1091 1092/1092/1092
f 1092/1092/1092 1091/1091/1091 1087/1087/1087
f 1070/1070/1070 1089/1089/1089 1092/1092/1092
f 1093/1093/1093 1087/1087/1087 1085/1085/1085
f 1070/1070/1070 1093/1093/1093 1085/1085/1085
f 1070/1070/1070 1092/1092/1092 1093/1093/1093
f 1092/1092/1092 1087/1087/1087 1093/1093/1093
f 1094/1094/1094 1095/1095/1095 1096/1096/1096
f 1094/1094/1094 1097/1097/1097 1095/1095/1095
f 1096/1096/1096 1098/1098/1098 1094/1094/1094
f 1098/1098/1098 1096/1096/1096 1099/1099/1099
f 1100/1100/1100 1098/1098/1098 1099/1099/1099
f 1097/1097/1097 1094/1094/1094 1101/1101/1101
f 1098/1098/1098 1101/1101/1101 1094/1094/1094
f 1102/1102/1102 1097/1097/1097 1101/1101/1101
f 1101/1101/1101 1103/1103/1103 1102/1102/1102
f 1100/1100/1100 1104/1104/1104 1098/1098/1098
f 1101/1101/1101 1098/1098/1098 1104/1104/1104
f 1103/1103/1103 1101/1101/1101 1104/1104/1104
f 1104/1104/1104 1100/1100/1100 1105/1105/1105
f 1105/1105/1105 1103/1103/1103 1104/1104/1104
f 1106/1106/1106 1107/1107/1107 1108/1108/1108
f 1107/1107/1107 1109/1109/1109 1108/1108/1108
f 1106/1106/1106 1110/1110/1110 1107/1107/1107
f 1110/1110/1110 1106/1106/1106 1111/1111/1111
f 1112/1112/1112 1110/1110/1110 1111/1111/1111
f 1112/1112/1112 1113/1113/1113 1110/1110/1110
f 1113/1113/1113 1107/1107/1107 1110/1110/1110
f 1113/1113/1113 1112/1112/1112 1114/1114/1114
f 1113/1113/1113 1114/1114/1114 1115/1115/1115
f 1109/1109/1109 1107/1107/1107 1116/1116/1116
f 1107/1107/1107 1113/1113/1113 1116/1116/1116
f 1115/1115/1115 1116/1116/1116 1113/1113/1113
f 1116/1116/1116 1117/1117/1117 1109/1109/1109
f 1116/1116/1116 1115/1115/1115 1117/1117/1117
f 1118/1118/1118 1119/1119/1119 1120/1120/1120
f 1121/1121/1121 1119/1119/1119 1118/1118/1118
f 1120/1120/1120 1119/1119/1119 1122/1122/1122
f 1123/1123/1123 1119/1119/1119 1121/1121/1121
f 1122/1122/1122 1119/1119/1119 1124/1124/1124
f 1125/1125/1125 1119/1119/1119 1123/1123/1123
f 1124/1124/1124 1119/1119/1119 1126/1126/1126
f 1126/1126/1126 1119/1119/1119 1125/1125/1125
f 1127/1127/1127 1128/1128/1128 1129/1129/1129
f 1130/1130/1130 1128/1128/1128 1127/1127/1127
f 1129/1129/1129 1128/1128/1128 1131/1131/1131
f 1132/1132/1132 1128/1128/1128 1130/1130/1130
f 1131/1131/1131 1128/1128/1128 1133/1133/1133
f 1134/1134/1134 1128/1128/1128 1132/1132/1132
f 1133/1133/1133 1128/1128/1128 1135/1135/1135
f 1135/1135/1135 1128/1128/1128 1134/1134/1134
f 1136/1136/1136 1137/1137/1137 1138/1138/1138
f 1139/1139/1139 1137/1137/1137 1136/1136/1136
f 1138/1138/1138 1137/1137/1137 1140/1140/1140
f 1141/1141/1141 1137/1137/1137 1139/1139/1139
f 1140/1140/1140 1137/1137/1137 1142/1142/1142
f 1143/1143/1143 1137/1137/1137 1141/1141/1141
f 1142/1142/1142 1137/1137/1137 1144/1144/1144
f 1144/1144/1144 1137/1137/1137 1143/1143/1143
f 1145/1145/1145 1146/1146/1146 1147/1147/1147
f 1145/1145/1145 1147/1147/1147 1148/1148/1148
f 1149/1149/1149 1146/1146/1146 1145/1145/1145
f 1150/1150/1150 1146/1146/1146 1149/1149/1149
f 1149/1149/1149 1151/1151/1151 1150/1150/1150
f 1150/1150/1150 1151/1151/1151 1152/1152/1152
f 1153/1153/1153 1151/1151/1151 1149/1149/1149
f 1149/1149/1149 1145/1145/1145 1153/1153/1153
f 1151/1151/1151 1154/1154/1154 1152/1152/1152
f 1151/1151/1151 1153/1153/1153 1154/1154/1154
f 1152/1152/1152 1154/1154/1154 1155/1155/1155
f 1155/1155/1155 1154/1154/1154 1156/1156/1156
f 1145/1145/1145 1148/1148/1148 1157/1157/1157
f 1157/1157/1157 1148/1148/1148 1158/1158/1158
f 1158/1158/1158 1159/1159/1159 1157/1157/1157
f 1158/1158/1158 1160/1160/1160 1159/1159/1159
f 1159/1159/1159 1160/1160/1160 1161/1161/1161
f 1161/1161/1161 1160/1160/1160 1162/1162/1162
f 1163/1163/1163 1157/1157/1157 1159/1159/1159
f 1161/1161/1161 1163/1163/1163 1159/1159/1159
f 1157/1157/1157 1164/1164/1164 1145/1145/1145
f 1157/1157/1157 1163/1163/1163 1164/1164/1164
f 1145/1145/1145 1165/1165/1165 1153/1153/1153
f 1145/1145/1145 1164/1164/1164 1165/1165/1165
f 1164/1164/1164 1163/1163/1163 1166/1166/1166
f 1166/1166/1166 1163/1163/1163 1161/1161/1161
f 1161/1161/1161 1162/1162/1162 1167/1167/1167
f 1167/1167/1167 1162/1162/1162 1168/1168/1168
f 1169/1169/1169 1167/1167/1167 1168/1168/1168
f 1170/1170/1170 1167/1167/1167 1169/1169/1169
f 1169/1169/1169 1171/1171/1171 1170/1170/1170
f 1170/1170/1170 1171/1171/1171 1172/1172/1172
f 1173/1173/1173 1161/1161/1161 1167/1167/1167
f 1161/1161/1161 1173/1173/1173 1166/1166/1166
f 1167/1167/1167 1170/1170/1170 1173/1173/1173
f 1164/1164/1164 1174/1174/1174 1165/1165/1165
f 1164/1164/1164 1166/1166/1166 1174/1174/1174
f 1175/1175/1175 1153/1153/1153 1165/1165/1165
f 1175/1175/1175 1165/1165/1165 1174/1174/1174
f 1176/1176/1176 1166/1166/1166 1173/1173/1173
f 1176/1176/1176 1173/1173/1173 1170/1170/1170
f 1166/1166/1166 1177/1177/1177 1174/1174/1174
f 1176/1176/1176 1177/1177/1177 1166/1166/1166
f 1177/1177/1177 1175/1175/1175 1174/1174/1174
f 1177/1177/1177 1178/1178/1178 1175/1175/1175
f 1175/1175/1175 1179/1179/1179 1153/1153/1153
f 1175/1175/1175 1178/1178/1178 1179/1179/1179
f 1153/1153/1153 1179/1179/1179 1154/1154/1154
f 1180/1180/1180 1170/1170/1170 1172/1172/1172
f 1177/1177/1177 1180/1180/1180 1178/1178/1178
f 1181/1181/1181 1180/1180/1180 1172/1172/1172
f 1180/1180/1180 1181/1181/1181 1178/1178/1178
f 1181/1181/1181 1182/1182/1182 1178/1178/1178
f 1183/1183/1183 1177/1177/1177 1176/1176/1176
f 1176/1176/1176 1170/1170/1170 1183/1183/1183
f 1183/1183/1183 1180/1180/1180 1177/1177/1177
f 1183/1183/1183 1170/1170/1170 1180/1180/1180
f 1154/1154/1154 1179/1179/1179 1184/1184/1184
f 1184/1184/1184 1156/1156/1156 1154/1154/1154
f 1185/1185/1185 1182/1182/1182 1156/1156/1156
f 1185/1185/1185 1178/1178/1178 1182/1182/1182
f 1156/1156/1156 1184/1184/1184 1185/1185/1185
f 1178/1178/1178 1186/1186/1186 1179/1179/1179
f 1179/1179/1179 1186/1186/1186 1184/1184/1184
f 1178/1178/1178 1185/1185/1185 1186/1186/1186
f 1184/1184/1184 1186/1186/1186 1185/1185/1185
f 1187/1187/1187 1188/1188/1188 1189/1189/1189
f 1187/1187/1187 1189/1189/1189 1190/1190/1190
f 1191/1191/1191 1188/1188/1188 1187/1187/1187
f 1192/1192/1192 1188/1188/1188 1191/1191/1191
f 1191/1191/1191 1193/1193/1193 1192/1192/1192
f 1192/1192/1192 1193/1193/1193 1194/1194/1194
f 1195/1195/1195 1193/1193/1193 1191/1191/1191
f 1191/1191/1191 1187/1187/1187 1195/1195/1195
f 1193/1193/1193 1196/1196/1196 1194/1194/1194
f 1193/1193/1193 1195/1195/1195 1196/1196/1196
f 1194/1194/1194 1196/1196/1196 1197/1197/1197
f 1197/1197/1197 1196/1196/1196 1198/1198/1198
f 1187/1187/1187 1190/1190/1190 1199/1199/1199
f 1199/1199/1199 1190/1190/1190 1200/1200/1200
f 1200/1200/1200 1201/1201/1201 1199/1199/1199
f 1200/1200/1200 1202/1202/1202 1201/1201/1201
f 1201/1201/1201 1202/1202/1202 1203/1203/1203
f 1203/1203/1203 1202/1202/1202 1204/1204/1204
f 1205/1205/1205 1199/1199/1199 1201/1201/1201
f 1203/1203/1203 1205/1205/1205 1201/1201/1201
f 1199/1199/1199 1206/1206/1206 1187/1187/1187
f 1199/1199/1199 1205/1205/1205 1206/1206/1206
f 1187/1187/1187 1207/1207/1207 1195/1195/1195
f 1187/1187/1187 1206/1206/1206 1207/1207/1207
f 1206/1206/1206 1205/1205/1205 1208/1208/1208
f 1208/1208/1208 1205/1205/1205 1203/1203/1203
f 1203/1203/1203 1204/1204/1204 1209/1209/1209
f 1209/1209/1209 1204/1204/1204 1210/1210/1210
f 1211/1211/1211 1209/1209/1209 1210/1210/1210
f 1212/1212/1212 1209/1209/1209 1211/1211/1211
f 1211/1211/1211 1213/1213/1213 1212/1212/1212
f 1212/1212/1212 1213/1213/1213 1214/1214/1214
f 1215/1215/1215 1203/1203/1203 1209/1209/1209
f 1203/1203/1203 1215/1215/1215 1208/1208/1208
f 1209/1209/1209 1212/1212/1212 1215/1215/1215
f 1206/1206/1206 1216/1216/1216 1207/1207/1207
f 1206/1206/1206 1208/1208/1208 1216/1216/1216
f 1217/1217/1217 1195/1195/1195 1207/1207/1207
f 1217/1217/1217 1207/1207/1207 1216/1216/1216
f 1218/1218/1218 1208/1208/1208 1215/1215/1215
f 1218/1218/1218 1215/1215/1215 1212/1212/1212
f 1208/1208/1208 1219/1219/1219 1216/1216/1216
f 1218/1218/1218 1219/1219/1219 1208/1208/1208
f 1219/1219/1219 1217/1217/1217 1216/1216/1216
f 1219/1219/1219 1220/1220/1220 1217/1217/1217
f 1217/1217/1217 1221/1221/1221 1195/1195/1195
f 1217/1217/1217 1220/1220/1220 1221/1221/1221
f 1195/1195/1195 1221/1221/1221 1196/1196/1196
f 1222/1222/1222 1212/1212/1212 1214/1214/1214
f 1219/1219/1219 1222/1222/1222 1220/1220/1220
f 1223/1223/1223 1222/1222/1222 1214/1214/1214
f 1222/1222/1222 1223/1223/1223 1220/1220/1220
f 1223/1223/1223 1224/1224/1224 1220/1220/1220
f 1225/1225/1225 1219/1219/1219 1218/1218/1218
f 1218/1218/1218 1212/1212/1212 1225/1225/1225
f 1225/1225/1225 1222/1222/1222 1219/1219/1219
f 1225/1225/1225 1212/1212/1212 1222/1222/1222
f 1196/1196/1196 1221/1221/1221 1226/1226/1226
f 1226/1226/1226 1198/1198/1198 1196/1196/1196
f 1227/1227/1227 1224/1224/1224 1198/1198/1198
f 1227/1227/1227 1220/1220/1220 1224/1224/1224
f 1198/1198/1198 1226/1226/1226 1227/1227/1227
f 1220/1220/1220 1228/1228/1228 1221/1221/1221
f 1221/1221/1221 1228/1228/1228 1226/1226/1226
f 1220/1220/1220 1227/1227/1227 1228/1228/1228
f 1226/1226/1226 1228/1228/1228 1227/1227/1227
f 1229/1229/1229 1230/1230/1230 1231/1231/1231
f 1231/1231/1231 1232/1232/1232 1229/1229/1229
f 1233/1233/1233 1229/1229/1229 1232/1232/1232
f 1232/1232/1232 1234/1234/1234 1233/1233/1233
f 1233/1233/1233 1234/1234/1234 1235/1235/1235
f 1235/1235/1235 1236/1236/1236 1233/1233/1233
f 1236/1236/1236 1235/1235/1235 1237/1237/1237
f 1236/1236/1236 1237/1237/1237 1238/1238/1238
f 1238/1238/1238 1237/1237/1237 1239/1239/1239
f 1236/1236/1236 1240/1240/1240 1233/1233/1233
f 1240/1240/1240 1236/1236/1236 1238/1238/1238
f 1230/1230/1230 1229/1229/1229 1241/1241/1241
f 1242/1242/1242 1229/1229/1229 1233/1233/1233
f 1242/1242/1242 1241/1241/1241 1229/1229/1229
f 1243/1243/1243 1233/1233/1233 1240/1240/1240
f 1242/1242/1242 1233/1233/1233 1243/1243/1243
f 1244/1244/1244 1243/1243/1243 1240/1240/1240
f 1244/1244/1244 1240/1240/1240 1245/1245/1245
f 1240/1240/1240 1238/1238/1238 1245/1245/1245
f 1243/1243/1243 1246/1246/1246 1242/1242/1242
f 1247/1247/1247 1246/1246/1246 1243/1243/1243
f 1243/1243/1243 1244/1244/1244 1247/1247/1247
f 1245/1245/1245 1238/1238/1238 1248/1248/1248
f 1239/1239/1239 1248/1248/1248 1238/1238/1238
f 1248/1248/1248 1244/1244/1244 1245/1245/1245
f 1248/1248/1248 1239/1239/1239 1249/1249/1249
f 1249/1249/1249 1239/1239/1239 1250/1250/1250
f 1241/1241/1241 1251/1251/1251 1230/1230/1230
f 1251/1251/1251 1252/1252/1252 1230/1230/1230
f 1251/1251/1251 1253/1253/1253 1252/1252/1252
f 1241/1241/1241 1242/1242/1242 1254/1254/1254
f 1254/1254/1254 1242/1242/1242 1246/1246/1246
f 1241/1241/1241 1254/1254/1254 1255/1255/1255
f 1255/1255/1255 1251/1251/1251 1241/1241/1241
f 1255/1255/1255 1254/1254/1254 1246/1246/1246
f 1253/1253/1253 1251/1251/1251 1256/1256/1256
f 1256/1256/1256 1257/1257/1257 1253/1253/1253
f 1251/1251/1251 1255/1255/1255 1258/1258/1258
f 1258/1258/1258 1256/1256/1256 1251/1251/1251
f 1257/1257/1257 1256/1256/1256 1259/1259/1259
f 1258/1258/1258 1259/1259/1259 1256/1256/1256
f 1259/1259/1259 1260/1260/1260 1257/1257/1257
f 1259/1259/1259 1261/1261/1261 1260/1260/1260
f 1261/1261/1261 1259/1259/1259 1258/1258/1258
f 1258/1258/1258 1255/1255/1255 1262/1262/1262
f 1262/1262/1262 1261/1261/1261 1258/1258/1258
f 1246/1246/1246 1262/1262/1262 1255/1255/1255
f 1261/1261/1261 1262/1262/1262 1263/1263/1263
f 1263/1263/1263 1262/1262/1262 1264/1264/1264
f 1262/1262/1262 1246/1246/1246 1264/1264/1264
f 1263/1263/1263 1264/1264/1264 1265/1265/1265
f 1265/1265/1265 1264/1264/1264 1266/1266/1266
f 1266/1266/1266 1264/1264/1264 1246/1246/1246
f 1267/1267/1267 1265/1265/1265 1266/1266/1266
f 1268/1268/1268 1266/1266/1266 1246/1246/1246
f 1267/1267/1267 1266/1266/1266 1268/1268/1268
f 1246/1246/1246 1247/1247/1247 1268/1268/1268
f 1267/1267/1267 1268/1268/1268 1269/1269/1269
f 1268/1268/1268 1247/1247/1247 1270/1270/1270
f 1269/1269/1269 1268/1268/1268 1270/1270/1270
f 1270/1270/1270 1247/1247/1247 1244/1244/1244
f 1269/1269/1269 1270/1270/1270 1271/1271/1271
f 1244/1244/1244 1271/1271/1271 1270/1270/1270
f 1271/1271/1271 1272/1272/1272 1269/1269/1269
f 1273/1273/1273 1272/1272/1272 1271/1271/1271
f 1273/1273/1273 1274/1274/1274 1272/1272/1272
f 1273/1273/1273 1275/1275/1275 1274/1274/1274
f 1271/1271/1271 1244/1244/1244 1276/1276/1276
f 1273/1273/1273 1271/1271/1271 1276/1276/1276
f 1275/1275/1275 1273/1273/1273 1277/1277/1277
f 1276/1276/1276 1277/1277/1277 1273/1273/1273
f 1244/1244/1244 1278/1278/1278 1276/1276/1276
f 1276/1276/1276 1278/1278/1278 1277/1277/1277
f 1278/1278/1278 1244/1244/1244 1248/1248/1248
f 1248/1248/1248 1249/1249/1249 1278/1278/1278
f 1277/1277/1277 1279/1279/1279 1275/1275/1275
f 1279/1279/1279 1250/1250/1250 1275/1275/1275
f 1279/1279/1279 1249/1249/1249 1250/1250/1250
f 1278/1278/1278 1249/1249/1249 1280/1280/1280
f 1280/1280/1280 1277/1277/1277 1278/1278/1278
f 1279/1279/1279 1277/1277/1277 1280/1280/1280
f 1249/1249/1249 1279/1279/1279 1280/1280/1280
f 1281/1281/1281 1282/1282/1282 1283/1283/1283
f 1283/1283/1283 1284/1284/1284 1281/1281/1281
f 1285/1285/1285 1281/1281/1281 1284/1284/1284
f 1284/1284/1284 1286/1286/1286 1285/1285/1285
f 1285/1285/1285 1286/1286/1286 1287/1287/1287
f 1287/1287/1287 1288/1288/1288 1285/1285/1285
f 1288/1288/1288 1287/1287/1287 1289/1289/1289
f 1288/1288/1288 1289/1289/1289 1290/1290/1290
f 1290/1290/1290 1289/1289/1289 1291/1291/1291
f 1288/1288/1288 1292/1292/1292 1285/1285/1285
f 1292/1292/1292 1288/1288/1288 1290/1290/1290
f 1282/1282/1282 1281/1281/1281 1293/1293/1293
f 1294/1294/1294 1281/1281/1281 1285/1285/1285
f 1294/1294/1294 1293/1293/1293 1281/1281/1281
f 1295/1295/1295 1285/1285/1285 1292/1292/1292
f 1294/1294/1294 1285/1285/1285 1295/1295/1295
f 1296/1296/1296 1295/1295/1295 1292/1292/1292
f 1296/1296/1296 1292/1292/1292 1297/1297/1297
f 1292/1292/1292 1290/1290/1290 1297/1297/1297
f 1295/1295/1295 1298/1298/1298 1294/1294/1294
f 1299/1299/1299 1298/1298/1298 1295/1295/1295
f 1295/1295/1295 1296/1296/1296 1299/1299/1299
f 1297/1297/1297 1290/1290/1290 1300/1300/1300
f 1291/1291/1291 1300/1300/1300 1290/1290/1290
f 1300/1300/1300 1296/1296/1296 1297/1297/1297
f 1300/1300/1300 1291/1291/1291 1301/1301/1301
f 1301/1301/1301 1291/1291/1291 1302/1302/1302
f 1293/1293/1293 1303/1303/1303 1282/1282/1282
f 1303/1303/1303 1304/1304/1304 1282/1282/1282
f 1303/1303/1303 1305/1305/1305 1304/1304/1304
f 1293/1293/1293 1294/1294/1294 1306/1306/1306
f 1306/1306/1306 1294/1294/1294 1298/1298/1298
f 1293/1293/1293 1306/1306/1306 1307/1307/1307
f 1307/1307/1307 1303/1303/1303 1293/1293/1293
f 1307/1307/1307 1306/1306/1306 1298/1298/1298
f 1305/1305/1305 1303/1303/1303 1308/1308/1308
f 1308/1308/1308 1309/1309/1309 1305/1305/1305
f 1303/1303/1303 1307/1307/1307 1310/1310/1310
f 1310/1310/1310 1308/1308/1308 1303/1303/1303
f 1309/1309/1309 1308/1308/1308 1311/1311/1311
f 1310/1310/1310 1311/1311/1311 1308/1308/1308
f 1311/1311/1311 1312/1312/1312 1309/1309/1309
f 1311/1311/1311 1313/1313/1313 1312/1312/1312
f 1313/1313/1313 1311/1311/1311 1310/1310/1310
f 1310/1310/1310 1307/1307/1307 1314/1314/1314
f 1314/1314/1314 1313/1313/1313 1310/1310/1310
f 1298/1298/1298 1314/1314/1314 1307/1307/1307
f 1313/1313/1313 1314/1314/1314 1315/1315/1315
f 1315/1315/1315 1314/1314/1314 1316/1316/1316
f 1314/1314/1314 1298/1298/1298 1316/1316/1316
f 1315/1315/1315 1316/1316/1316 1317/1317/1317
f 1317/1317/1317 1316/1316/1316 1318/1318/1318
f 1318/1318/1318 1316/1316/1316 1298/1298/1298
f 1319/1319/1319 1317/1317/1317 1318/1318/1318
f 1320/1320/1320 1318/1318/1318 1298/1298/1298
f 1319/1319/1319 1318/1318/1318 1320/1320/1320
f 1298/1298/1298 1299/1299/1299 1320/1320/1320
f 1319/1319/1319 1320/1320/1320 1321/1321/1321
f 1320/1320/1320 1299/1299/1299 1322/1322/1322
f 1321/1321/1321 1320/1320/1320 1322/1322/1322
f 1322/1322/1322 1299/1299/1299 1296/1296/1296
f 1321/1321/1321 1322/1322/1322 1323/1323/1323
f 1296/1296/1296 1323/1323/1323 1322/1322/1322
f 1323/1323/1323 1324/1324/1324 1321/1321/1321
f 1325/1325/1325 1324/1324/1324 1323/1323/1323
f 1325/1325/1325 1326/1326/1326 1324/1324/1324
f 1325/1325/1325 1327/1327/1327 1326/1326/1326
f 1323/1323/1323 1296/1296/1296 1328/1328/1328
f 1325/1325/1325 1323/1323/1323 1328/1328/1328
f 1327/1327/1327 1325/1325/1325 1329/1329/1329
f 1328/1328/1328 1329/1329/1329 1325/1325/1325
f 1296/1296/1296 1330/1330/1330 1328/1328/1328
f 1328/1328/1328 1330/1330/1330 1329/1329/1329
f 1330/1330/1330 1296/1296/1296 1300/1300/1300
f 1300/1300/1300 1301/1301/1301 1330/1330/1330
f 1329/1329/1329 1331/1331/1331 1327/1327/1327
f 1331/1331/1331 1302/1302/1302 1327/1327/1327
f 1331/1331/1331 1301/1301/1301 1302/1302/1302
f 1330/1330/1330 1301/1301/1301 1332/1332/1332
f 1332/1332/1332 1329/1329/1329 1330/1330/1330
f 1331/1331/1331 1329/1329/1329 1332/1332/1332
f 1301/1301/1301 1331/1331/1331 1332/1332/1332
f 1333/1333/1333 1334/1334/1334 1335/1335/1335
f 1335/1335/1335 1336/1336/1336 1333/1333/1333
f 1337/1337/1337 1333/1333/1333 1336/1336/1336
f 1336/1336/1336 1338/1338/1338 1337/1337/1337
f 1337/1337/1337 1338/1338/1338 1339/1339/1339
f 1339/1339/1339 1340/1340/1340 1337/1337/1337
f 1340/1340/1340 1339/1339/1339 1341/1341/1341
f 1340/1340/1340 1341/1341/1341 1342/1342/1342
f 1342/1342/1342 1341/1341/1341 1343/1343/1343
f 1340/1340/1340 1344/1344/1344 1337/1337/1337
f 1344/1344/1344 1340/1340/1340 1342/1342/1342
f 1334/1334/1334 1333/1333/1333 1345/1345/1345
f 1346/1346/1346 1333/1333/1333 1337/1337/1337
f 1346/1346/1346 1345/1345/1345 1333/1333/1333
f 1347/1347/1347 1337/1337/1337 1344/1344/1344
f 1346/1346/1346 1337/1337/1337 1347/1347/1347
f 1348/1348/1348 1347/1347/1347 1344/1344/1344
f 1348/1348/1348 1344/1344/1344 1349/1349/1349
f 1344/1344/1344 1342/1342/1342 1349/1349/1349
f 1347/1347/1347 1350/1350/1350 1346/1346/1346
f 1351/1351/1351 1350/1350/1350 1347/1347/1347
f 1347/1347/1347 1348/1348/1348 1351/1351/1351
f 1349/1349/1349 1342/1342/1342 1352/1352/1352
f 1343/1343/1343 1352/1352/1352 1342/1342/1342
f 1352/1352/1352 1348/1348/1348 1349/1349/1349
f 1352/1352/1352 1343/1343/1343 1353/1353/1353
f 1353/1353/1353 1343/1343/1343 1354/1354/1354
f 1345/1345/1345 1355/1355/1355 1334/1334/1334
f 1355/1355/1355 1356/1356/1356 1334/1334/1334
f 1355/1355/1355 1357/1357/1357 1356/1356/1356
f 1345/1345/1345 1346/1346/1346 1358/1358/1358
f 1358/1358/1358 1346/1346/1346 1350/1350/1350
f 1345/1345/1345 1358/1358/1358 1359/1359/1359
f 1359/1359/1359 1355/1355/1355 1345/1345/1345
f 1359/1359/1359 1358/1358/1358 1350/1350/1350
f 1357/1357/1357 1355/1355/1355 1360/1360/1360
f 1360/1360/1360 1361/1361/1361 1357/1357/1357
f 1355/1355/1355 1359/1359/1359 1362/1362/1362
f 1362/1362/1362 1360/1360/1360 1355/1355/1355
f 1361/1361/1361 1360/1360/1360 1363/1363/1363
f 1362/1362/1362 1363/1363/1363 1360/1360/1360
f 1363/1363/1363 1364/1364/1364 1361/1361/1361
f 1363/1363/1363 1365/1365/1365 1364/1364/1364
f 1365/1365/1365 1363/1363/1363 1362/1362/1362
f 1362/1362/1362 1359/1359/1359 1366/1366/1366
f 1366/1366/1366 1365/1365/1365 1362/1362/1362
f 1350/1350/1350 1366/1366/1366 1359/1359/1359
f 1365/1365/1365 1366/1366/1366 1367/1367/1367
f 1367/1367/1367 1366/1366/1366 1368/1368/1368
f 1366/1366/1366 1350/1350/1350 1368/1368/1368
f 1367/1367/1367 1368/1368/1368 1369/1369/1369
f 1369/1369/1369 1368/1368/1368 1370/1370/1370
f 1370/1370/1370 1368/1368/1368 1350/1350/1350
f 1371/1371/1371 1369/1369/1369 1370/1370/1370
f 1372/1372/1372 1370/1370/1370 1350/1350/1350
f 1371/1371/1371 1370/1370/1370 1372/1372/1372
f 1350/1350/1350 1351/1351/1351 1372/1372/1372
f 1371/1371/1371 1372/1372/1372 1373/1373/1373
f 1372/1372/1372 1351/1351/1351 1374/1374/1374
f 1373/1373/1373 1372/1372/1372 1374/1374/1374
f 1374/1374/1374 1351/1351/1351 1348/1348/1348
f 1373/1373/1373 1374/1374/1374 1375/1375/1375
f 1348/1348/1348 1375/1375/1375 1374/1374/1374
f 1375/1375/1375 1376/1376/1376 1373/1373/1373
f 1377/1377/1377 1376/1376/1376 1375/1375/1375
f 1377/1377/1377 1378/1378/1378 1376/1376/1376
f 1377/1377/1377 1379/1379/1379 1378/1378/1378
f 1375/1375/1375 1348/1348/1348 1380/1380/1380
f 1377/1377/1377 1375/1375/1375 1380/1380/1380
f 1379/1379/1379 1377/1377/1377 1381/1381/1381
f 1380/1380/1380 1381/1381/1381 1377/1377/1377
f 1348/1348/1348 1382/1382/1382 1380/1380/1380
f 1380/1380/1380 1382/1382/1382 1381/1381/1381
f 1382/1382/1382 1348/1348/1348 1352/1352/1352
f 1352/1352/1352 1353/1353/1353 1382/1382/1382
f 1381/1381/1381 1383/1383/1383 1379/1379/1379
f 1383/1383/1383 1354/1354/1354 1379/1379/1379
f 1383/1383/1383 1353/1353/1353 1354/1354/1354
f 1382/1382/1382 1353/1353/1353 1384/1384/1384
f 1384/1384/1384 1381/1381/1381 1382/1382/1382
f 1383/1383/1383 1381/1381/1381 1384/1384/1384
f 1353/1353/1353 1383/1383/1383 1384/1384/1384
f 1385/1385/1385 1386/1386/1386 1387/1387/1387
f 1385/1385/1385 1387/1387/1387 1388/1388/1388
f 1386/1386/1386 1385/1385/1385 1389/1389/1389
f 1388/1388/1388 1390/1390/1390 1385/1385/1385
f 1390/1390/1390 1389/1389/1389 1385/1385/1385
f 1388/1388/1388 1391/1391/1391 1390/1390/1390
f 1391/1391/1391 1388/1388/1388 1392/1392/1392
f 1393/1393/1393 1386/1386/1386 1389/1389/1389
f 1386/1386/1386 1393/1393/1393 1394/1394/1394
f 1389/1389/1389 1390/1390/1390 1395/1395/1395
f 1390/1390/1390 1391/1391/1391 1395/1395/1395
f 1392/1392/1392 1396/1396/1396 1391/1391/1391
f 1397/1397/1397 1396/1396/1396 1392/1392/1392
f 1398/1398/1398 1393/1393/1393 1389/1389/1389
f 1389/1389/1389 1395/1395/1395 1398/1398/1398
f 1399/1399/1399 1393/1393/1393 1398/1398/1398
f 1400/1400/1400 1398/1398/1398 1395/1395/1395
f 1400/1400/1400 1399/1399/1399 1398/1398/1398
f 1394/1394/1394 1393/1393/1393 1401/1401/1401
f 1399/1399/1399 1401/1401/1401 1393/1393/1393
f 1394/1394/1394 1401/1401/1401 1402/1402/1402
f 1395/1395/1395 1391/1391/1391 1403/1403/1403
f 1391/1391/1391 1396/1396/1396 1403/1403/1403
f 1403/1403/1403 1400/1400/1400 1395/1395/1395
f 1396/1396/1396 1400/1400/1400 1403/1403/1403
f 1396/1396/1396 1397/1397/1397 1404/1404/1404
f 1404/1404/1404 1400/1400/1400 1396/1396/1396
f 1405/1405/1405 1404/1404/1404 1397/1397/1397
f 1406/1406/1406 1404/1404/1404 1405/1405/1405
f 1407/1407/1407 1402/1402/1402 1401/1401/1401
f 1401/1401/1401 1399/1399/1399 1407/1407/1407
f 1408/1408/1408 1402/1402/1402 1407/1407/1407
f 1407/1407/1407 1409/1409/1409 1408/1408/1408
f 1404/1404/1404 1406/1406/1406 1410/1410/1410
f 1404/1404/1404 1410/1410/1410 1400/1400/1400
f 1406/1406/1406 1411/1411/1411 1410/1410/1410
f 1411/1411/1411 1412/1412/1412 1410/1410/1410
f 1410/1410/1410 1412/1412/1412 1400/1400/1400
f 1413/1413/1413 1412/1412/1412 1411/1411/1411
f 1409/1409/1409 1407/1407/1407 1414/1414/1414
f 1414/1414/1414 1415/1415/1415 1409/1409/1409
f 1416/1416/1416 1414/1414/1414 1407/1407/1407
f 1416/1416/1416 1407/1407/1407 1399/1399/1399
f 1400/1400/1400 1417/1417/1417 1399/1399/1399
f 1417/1417/1417 1400/1400/1400 1412/1412/1412
f 1415/1415/1415 1414/1414/1414 1418/1418/1418
f 1414/1414/1414 1416/1416/1416 1418/1418/1418
f 1419/1419/1419 1399/1399/1399 1417/1417/1417
f 1399/1399/1399 1419/1419/1419 1416/1416/1416
f 1415/1415/1415 1418/1418/1418 1420/1420/1420
f 1420/1420/1420 1421/1421/1421 1415/1415/1415
f 1420/1420/1420 1422/1422/1422 1421/1421/1421
f 1420/1420/1420 1418/1418/1418 1423/1423/1423
f 1422/1422/1422 1420/1420/1420 1423/1423/1423
f 1418/1418/1418 1416/1416/1416 1424/1424/1424
f 1424/1424/1424 1423/1423/1423 1418/1418/1418
f 1425/1425/1425 1422/1422/1422 1423/1423/1423
f 1423/1423/1423 1424/1424/1424 1425/1425/1425
f 1422/1422/1422 1425/1425/1425 1426/1426/1426
f 1419/1419/1419 1427/1427/1427 1416/1416/1416
f 1424/1424/1424 1416/1416/1416 1427/1427/1427
f 1425/1425/1425 1428/1428/1428 1426/1426/1426
f 1428/1428/1428 1429/1429/1429 1426/1426/1426
f 1430/1430/1430 1427/1427/1427 1419/1419/1419
f 1419/1419/1419 1417/1417/1417 1430/1430/1430
f 1431/1431/1431 1425/1425/1425 1424/1424/1424
f 1428/1428/1428 1425/1425/1425 1431/1431/1431
f 1429/1429/1429 1428/1428/1428 1432/1432/1432
f 1428/1428/1428 1431/1431/1431 1432/1432/1432
f 1432/1432/1432 1413/1413/1413 1429/1429/1429
f 1433/1433/1433 1424/1424/1424 1427/1427/1427
f 1424/1424/1424 1433/1433/1433 1431/1431/1431
f 1427/1427/1427 1430/1430/1430 1433/1433/1433
f 1432/1432/1432 1431/1431/1431 1433/1433/1433
f 1432/1432/1432 1433/1433/1433 1430/1430/1430
f 1413/1413/1413 1432/1432/1432 1434/1434/1434
f 1432/1432/1432 1430/1430/1430 1434/1434/1434
f 1412/1412/1412 1413/1413/1413 1434/1434/1434
f 1435/1435/1435 1430/1430/1430 1417/1417/1417
f 1434/1434/1434 1430/1430/1430 1435/1435/1435
f 1436/1436/1436 1417/1417/1417 1412/1412/1412
f 1412/1412/1412 1434/1434/1434 1436/1436/1436
f 1436/1436/1436 1435/1435/1435 1417/1417/1417
f 1436/1436/1436 1434/1434/1434 1435/1435/1435
f 1437/1437/1437 1438/1438/1438 1439/1439/1439
f 1437/1437/1437 1439/1439/1439 1440/1440/1440
f 1438/1438/1438 1437/1437/1437 1441/1441/1441
f 1440/1440/1440 1442/1442/1442 1437/1437/1437
f 1442/1442/1442 1441/1441/1441 1437/1437/1437
f 1440/1440/1440 1443/1443/1443 1442/1442/1442
f 1443/1443/1443 1440/1440/1440 1444/1444/1444
f 1445/1445/1445 1438/1438/1438 1441/1441/1441
f 1438/1438/1438 1445/1445/1445 1446/1446/1446
f 1441/1441/1441 1442/1442/1442 1447/1447/1447
f 1442/1442/1442 1443/1443/1443 1447/1447/1447
f 1444/1444/1444 1448/1448/1448 1443/1443/1443
f 1449/1449/1449 1448/1448/1448 1444/1444/1444
f 1450/1450/1450 1445/1445/1445 1441/1441/1441
f 1441/1441/1441 1447/1447/1447 1450/1450/1450
f 1451/1451/1451 1445/1445/1445 1450/1450/1450
f 1452/1452/1452 1450/1450/1450 1447/1447/1447
f 1452/1452/1452 1451/1451/1451 1450/1450/1450
f 1446/1446/1446 1445/1445/1445 1453/1453/1453
f 1451/1451/1451 1453/1453/1453 1445/1445/1445
f 1446/1446/1446 1453/1453/1453 1454/1454/1454
f 1447/1447/1447 1443/1443/1443 1455/1455/1455
f 1443/1443/1443 1448/1448/1448 1455/1455/1455
f 1455/1455/1455 1452/1452/1452 1447/1447/1447
f 1448/1448/1448 1452/1452/1452 1455/1455/1455
f 1448/1448/1448 1449/1449/1449 1456/1456/1456
f 1456/1456/1456 1452/1452/1452 1448/1448/1448
f 1457/1457/1457 1456/1456/1456 1449/1449/1449
f 1458/1458/1458 1456/1456/1456 1457/1457/1457
f 1459/1459/1459 1454/1454/1454 1453/1453/1453
f 1453/1453/1453 1451/1451/1451 1459/1459/1459
f 1460/1460/1460 1454/1454/1454 1459/1459/1459
f 1459/1459/1459 1461/1461/1461 1460/1460/1460
f 1456/1456/1456 1458/1458/1458 1462/1462/1462
f 1456/1456/1456 1462/1462/1462 1452/1452/1452
f 1458/1458/1458 1463/1463/1463 1462/1462/1462
f 1463/1463/1463 1464/1464/1464 1462/1462/1462
f 1462/1462/1462 1464/1464/1464 1452/1452/1452
f 1465/1465/1465 1464/1464/1464 1463/1463/1463
f 1461/1461/1461 1459/1459/1459 1466/1466/1466
f 1466/1466/1466 1467/1467/1467 1461/1461/1461
f 1468/1468/1468 1466/1466/1466 1459/1459/1459
f 1468/1468/1468 1459/1459/1459 1451/1451/1451
f 1452/1452/1452 1469/1469/1469 1451/1451/1451
f 1469/1469/1469 1452/1452/1452 1464/1464/1464
f 1467/1467/1467 1466/1466/1466 1470/1470/1470
f 1466/1466/1466 1468/1468/1468 1470/1470/1470
f 1471/1471/1471 1451/1451/1451 1469/1469/1469
f 1451/1451/1451 1471/1471/1471 1468/1468/1468
f 1467/1467/1467 1470/1470/1470 1472/1472/1472
f 1472/1472/1472 1473/1473/1473 1467/1467/1467
f 1472/1472/1472 1474/1474/1474 1473/1473/1473
f 1472/1472/1472 1470/1470/1470 1475/1475/1475
f 1474/1474/1474 1472/1472/1472 1475/1475/1475
f 1470/1470/1470 1468/1468/1468 1476/1476/1476
f 1476/1476/1476 1475/1475/1475 1470/1470/1470
f 1477/1477/1477 1474/1474/1474 1475/1475/1475
f 1475/1475/1475 1476/1476/1476 1477/1477/1477
f 1474/1474/1474 1477/1477/1477 1478/1478/1478
f 1471/1471/1471 1479/1479/1479 1468/1468/1468
f 1476/1476/1476 1468/1468/1468 1479/1479/1479
f 1477/1477/1477 1480/1480/1480 1478/1478/1478
f 1480/1480/1480 1481/1481/1481 1478/1478/1478
f 1482/1482/1482 1479/1479/1479 1471/1471/1471
f 1471/1471/1471 1469/1469/1469 1482/1482/1482
f 1483/1483/1483 1477/1477/1477 1476/1476/1476
f 1480/1480/1480 1477/1477/1477 1483/1483/1483
f 1481/1481/1481 1480/1480/1480 1484/1484/1484
f 1480/1480/1480 1483/1483/1483 1484/1484/1484
f 1484/1484/1484 1465/1465/1465 1481/1481/1481
f 1485/1485/1485 1476/1476/1476 1479/1479/1479
f 1476/1476/1476 1485/1485/1485 1483/1483/1483
f 1479/1479/1479 1482/1482/1482 1485/1485/1485
f 1484/1484/1484 1483/1483/1483 1485/1485/1485
f 1484/1484/1484 1485/1485/1485 1482/1482/1482
f 1465/1465/1465 1484/1484/1484 1486/1486/1486
f 1484/1484/1484 1482/1482/1482 1486/1486/1486
f 1464/1464/1464 1465/1465/1465 1486/1486/1486
f 1487/1487/1487 1482/1482/1482 1469/1469/1469
f 1486/1486/1486 1482/1482/1482 1487/1487/1487
f 1488/1488/1488 1469/1469/1469 1464/1464/1464
f 1464/1464/1464 1486/1486/1486 1488/1488/1488
f 1488/1488/1488 1487/1487/1487 1469/1469/1469
f 1488/1488/1488 1486/1486/1486 1487/1487/1487
f 1489/1489/1489 1490/1490/1490 1491/1491/1491
f 1492/1492/1492 1489/1489/1489 1491/1491/1491
f 1489/1489/1489 1492/1492/1492 1493/1493/1493
f 1494/1494/1494 1489/1489/1489 1493/1493/1493
f 1495/1495/1495 1493/1493/1493 1492/1492/1492
f 1493/1493/1493 1495/1495/1495 1496/1496/1496
f 1494/1494/1494 1493/1493/1493 1496/1496/1496
f 1497/1497/1497 1496/1496/1496 1495/1495/1495
f 1490/1490/1490 1489/1489/1489 1498/1498/1498
f 1494/1494/1494 1498/1498/1498 1489/1489/1489
f 1499/1499/1499 1490/1490/1490 1498/1498/1498
f 1494/1494/1494 1499/1499/1499 1498/1498/1498
f 1490/1490/1490 1499/1499/1499 1500/1500/1500
f 1501/1501/1501 1500/1500/1500 1499/1499/1499
f 1494/1494/1494 1501/1501/1501 1499/1499/1499
f 1500/1500/1500 1501/1501/1501 1502/1502/1502
f 1503/1503/1503 1502/1502/1502 1501/1501/1501
f 1494/1494/1494 1503/1503/1503 1501/1501/1501
f 1502/1502/1502 1503/1503/1503 1504/1504/1504
f 1503/1503/1503 1497/1497/1497 1504/1504/1504
f 1494/1494/1494 1496/1496/1496 1505/1505/1505
f 1494/1494/1494 1505/1505/1505 1503/1503/1503
f 1497/1497/1497 1503/1503/1503 1505/1505/1505
f 1496/1496/1496 1497/1497/1497 1505/1505/1505
f 1506/1506/1506 1507/1507/1507 1508/1508/1508
f 1509/1509/1509 1506/1506/1506 1508/1508/1508
f 1506/1506/1506 1509/1509/1509 1510/1510/1510
f 1511/1511/1511 1506/1506/1506 1510/1510/1510
f 1512/1512/1512 1510/1510/1510 1509/1509/1509
f 1510/1510/1510 1512/1512/1512 1513/1513/1513
f 1511/1511/1511 1510/1510/1510 1513/1513/1513
f 1514/1514/1514 1513/1513/1513 1512/1512/1512
f 1507/1507/1507 1506/1506/1506 1515/1515/1515
f 1511/1511/1511 1515/1515/1515 1506/1506/1506
f 1516/1516/1516 1507/1507/1507 1515/1515/1515
f 1511/1511/1511 1516/1516/1516 1515/1515/1515
f 1507/1507/1507 1516/1516/1516 1517/1517/1517
f 1518/1518/1518 1517/1517/1517 1516/1516/1516
f 1511/1511/1511 1518/1518/1518 1516/1516/1516
f 1517/1517/1517 1518/1518/1518 1519/1519/1519
f 1520/1520/1520 1519/1519/1519 1518/1518/1518
f 1511/1511/1511 1520/1520/1520 1518/1518/1518
f 1519/1519/1519 1520/1520/1520 1521/1521/1521
f 1520/1520/1520 1514/1514/1514 1521/1521/1521
f 1511/1511/1511 1513/1513/1513 1522/1522/1522
f 1511/1511/1511 1522/1522/1522 1520/1520/1520
f 1514/1514/1514 1520/1520/1520 1522/1522/1522
f 1513/1513/1513 1514/1514/1514 1522/1522/1522
f 1523/1523/1523 1524/1524/1524 1525/1525/1525
f 1526/1526/1526 1523/1523/1523 1525/1525/1525
f 1523/1523/1523 1526/1526/1526 1527/1527/1527
f 1528/1528/1528 1523/1523/1523 1527/1527/1527
f 1529/1529/1529 1527/1527/1527 1526/1526/1526
f 1527/1527/1527 1529/1529/1529 1530/1530/1530
f 1528/1528/1528 1527/1527/1527 1530/1530/1530
f 1531/1531/1531 1530/1530/1530 1529/1529/1529
f 1524/1524/1524 1523/1523/1523 1532/1532/1532
f 1528/1528/1528 1532/1532/1532 1523/1523/1523
f 1533/1533/1533 1524/1524/1524 1532/1532/1532
f 1528/1528/1528 1533/1533/1533 1532/1532/1532
f 1524/1524/1524 1533/1533/1533 1534/1534/1534
f 1535/1535/1535 1534/1534/1534 1533/1533/1533
f 1528/1528/1528 1535/1535/1535 1533/1533/1533
f 1534/1534/1534 1535/1535/1535 1536/1536/1536
f 1537/1537/1537 1536/1536/1536 1535/1535/1535
f 1528/1528/1528 1537/1537/1537 1535/1535/1535
f 1536/1536/1536 1537/1537/1537 1538/1538/1538
f 1537/1537/1537 1531/1531/1531 1538/1538/1538
f 1528/1528/1528 1530/1530/1530 1539/1539/1539
f 1528/1528/1528 1539/1539/1539 1537/1537/1537
f 1531/1531/1531 1537/1537/1537 1539/1539/1539
f 1530/1530/1530 1531/1531/1531 1539/1539/1539
f 1540/1540/1540 1541/1541/1541 1542/1542/1542
f 1543/1543/1543 1542/1542/1542 1541/1541/1541
f 1541/1541/1541 1540/1540/1540 1544/1544/1544
f 1542/1542/1542 1545/1545/1545 1540/1540/1540
f 1544/1544/1544 1546/1546/1546 1541/1541/1541
f 1543/1543/1543 1541/1541/1541 1546/1546/1546
f 1546/1546/1546 1544/1544/1544 1547/1547/1547
f 1545/1545/1545 1542/1542/1542 1548/1548/1548
f 1543/1543/1543 1548/1548/1548 1542/1542/1542
f 1548/1548/1548 1549/1549/1549 1545/1545/1545
f 1547/1547/1547 1550/1550/1550 1546/1546/1546
f 1543/1543/1543 1546/1546/1546 1550/1550/1550
f 1550/1550/1550 1547/1547/1547 1551/1551/1551
f 1549/1549/1549 1548/1548/1548 1552/1552/1552
f 1543/1543/1543 1552/1552/1552 1548/1548/1548
f 1552/1552/1552 1553/1553/1553 1549/1549/1549
f 1551/1551/1551 1554/1554/1554 1550/1550/1550
f 1543/1543/1543 1550/1550/1550 1554/1554/1554
f 1554/1554/1554 1551/1551/1551 1555/1555/1555
f 1543/1543/1543 1556/1556/1556 1552/1552/1552
f 1553/1553/1553 1552/1552/1552 1556/1556/1556
f 1543/1543/1543 1554/1554/1554 1557/1557/1557
f 1555/1555/1555 1557/1557/1557 1554/1554/1554
f 1543/1543/1543 1558/1558/1558 1556/1556/1556
f 1556/1556/1556 1559/1559/1559 1553/1553/1553
f 1559/1559/1559 1556/1556/1556 1558/1558/1558
f 1557/1557/1557 1555/1555/1555 1560/1560/1560
f 1558/1558/1558 1561/1561/1561 1559/1559/1559
f 1560/1560/1560 1562/1562/1562 1557/1557/1557
f 1543/1543/1543 1557/1557/1557 1562/1562/1562
f 1562/1562/1562 1560/1560/1560 1563/1563/1563
f 1561/1561/1561 1558/1558/1558 1564/1564/1564
f 1543/1543/1543 1564/1564/1564 1558/1558/1558
f 1564/1564/1564 1565/1565/1565 1561/1561/1561
f 1563/1563/1563 1566/1566/1566 1562/1562/1562
f 1543/1543/1543 1562/1562/1562 1566/1566/1566
f 1566/1566/1566 1563/1563/1563 1567/1567/1567
f 1565/1565/1565 1564/1564/1564 1568/1568/1568
f 1543/1543/1543 1568/1568/1568 1564/1564/1564
f 1568/1568/1568 1569/1569/1569 1565/1565/1565
f 1567/1567/1567 1570/1570/1570 1566/1566/1566
f 1543/1543/1543 1566/1566/1566 1570/1570/1570
f 1570/1570/1570 1567/1567/1567 1571/1571/1571
f 1543/1543/1543 1572/1572/1572 1568/1568/1568
f 1569/1569/1569 1568/1568/1568 1572/1572/1572
f 1543/1543/1543 1570/1570/1570 1572/1572/1572
f 1571/1571/1571 1572/1572/1572 1570/1570/1570
f 1572/1572/1572 1571/1571/1571 1569/1569/1569
f 1573/1573/1573 1574/1574/1574 1575/1575/1575
f 1574/1574/1574 1573/1573/1573 1576/1576/1576
f 1573/1573/1573 1577/1577/1577 1576/1576/1576
f 1576/1576/1576 1578/1578/1578 1574/1574/1574
f 1575/1575/1575 1579/1579/1579 1573/1573/1573
f 1579/1579/1579 1577/1577/1577 1573/1573/1573
f 1579/1579/1579 1575/1575/1575 1580/1580/1580
f 1578/1578/1578 1576/1576/1576 1581/1581/1581
f 1576/1576/1576 1577/1577/1577 1581/1581/1581
f 1581/1581/1581 1582/1582/1582 1578/1578/1578
f 1580/1580/1580 1583/1583/1583 1579/1579/1579
f 1583/1583/1583 1577/1577/1577 1579/1579/1579
f 1583/1583/1583 1580/1580/1580 1584/1584/1584
f 1582/1582/1582 1581/1581/1581 1585/1585/1585
f 1581/1581/1581 1577/1577/1577 1585/1585/1585
f 1585/1585/1585 1586/1586/1586 1582/1582/1582
f 1584/1584/1584 1587/1587/1587 1583/1583/1583
f 1587/1587/1587 1577/1577/1577 1583/1583/1583
f 1587/1587/1587 1584/1584/1584 1588/1588/1588
f 1585/1585/1585 1577/1577/1577 1589/1589/1589
f 1586/1586/1586 1585/1585/1585 1589/1589/1589
f 1590/1590/1590 1577/1577/1577 1587/1587/1587
f 1588/1588/1588 1590/1590/1590 1587/1587/1587
f 1589/1589/1589 1577/1577/1577 1591/1591/1591
f 1589/1589/1589 1592/1592/1592 1586/1586/1586
f 1592/1592/1592 1589/1589/1589 1591/1591/1591
f 1590/1590/1590 1588/1588/1588 1593/1593/1593
f 1591/1591/1591 1594/1594/1594 1592/1592/1592
f 1593/1593/1593 1595/1595/1595 1590/1590/1590
f 1595/1595/1595 1577/1577/1577 1590/1590/1590
f 1595/1595/1595 1593/1593/1593 1596/1596/1596
f 1594/1594/1594 1591/1591/1591 1597/1597/1597
f 1591/1591/1591 1577/1577/1577 1597/1597/1597
f 1597/1597/1597 1598/1598/1598 1594/1594/1594
f 1596/1596/1596 1599/1599/1599 1595/1595/1595
f 1599/1599/1599 1577/1577/1577 1595/1595/1595
f 1599/1599/1599 1596/1596/1596 1600/1600/1600
f 1598/1598/1598 1597/1597/1597 1601/1601/1601
f 1597/1597/1597 1577/1577/1577 1601/1601/1601
f 1601/1601/1601 1602/1602/1602 1598/1598/1598
f 1600/1600/1600 1603/1603/1603 1599/1599/1599
f 1603/1603/1603 1577/1577/1577 1599/1599/1599
f 1603/1603/1603 1600/1600/1600 1604/1604/1604
f 1601/1601/1601 1577/1577/1577 1605/1605/1605
f 1602/1602/1602 1601/1601/1601 1605/1605/1605
f 1605/1605/1605 1577/1577/1577 1603/1603/1603
f 1604/1604/1604 1605/1605/1605 1603/1603/1603
f 1605/1605/1605 1604/1604/1604 1602/1602/1602
