# jungle_ruins_walls_3m_A_LOD1
v -0.569999993 3.3377983E-08 0.500002563
v 0 3.3377983E-08 0.500002563
v 0 0.500037372 0.500002801
v -0.577973783 0.500430465 0.500002801
v -1.5 3.33780008E-08 0.500002503
v 0 1.41372192 0.50000304
v -1.5 0.499882698 0.500002742
v -2.42999983 3.33780008E-08 0.500002503
v -0.585947633 1.41450799 0.500003099
v -0.593921483 2.32161212 0.500003397
v 0 2.32161212 0.500003397
v 0 2.85702252 0.500003755
v -0.161524355 2.94961905 0.500003755
v -0.733630657 2.88283849 0.500003755
v -0.910530806 2.82290697 0.500003755
v -1.50000012 1.41341245 0.50000298
v -1.50000012 2.32161212 0.500003338
v -1.08743095 2.81576228 0.500003755
v -1.55197632 2.85305715 0.500003636
v -2.0431695 2.85501575 0.500003636
v -2.43000007 2.32161212 0.500003278
v -2.4392066 2.76854753 0.500003636
v -2.42999983 1.41319239 0.50000298
v -3.00000024 2.32161212 0.500003219
v -3.00000024 2.79129696 0.500003517
v -3.00000024 1.41284811 0.500002861
v -2.42999983 0.499772668 0.500002742
v -3.00000024 0.499600619 0.500002682
v -3.00000024 3.33780008E-08 0.500002503
v 0 0.500326574 4.05389414E-07
v 0 1.52587845E-07 1.71661412E-07
v -0.569999993 1.52587845E-07 1.33514433E-07
v -0.569999993 0.500051856 3.73534846E-07
v 0 1.4143002 6.48498542E-07
v -1.5 1.52587873E-07 9.53674686E-08
v -0.569999993 1.41375053 6.10351549E-07
v -0.585947633 2.32161212 9.91821253E-07
v 0 2.32161212 9.91821253E-07
v -1.5 0.499900132 3.35351643E-07
v -0.161524355 2.87011051 1.30703381E-06
v 0 2.90640974 1.30329363E-06
v -0.733630657 2.87471914 1.31481147E-06
v -0.910530806 2.87454128 1.27662202E-06
v -1.5 1.41344726 5.72204556E-07
v -1.5 2.32161212 9.34600791E-07
v -1.08743095 2.81507659 1.2624447E-06
v -1.55197632 2.81100154 1.20425261E-06
v -2.0431695 2.86460972 1.21703374E-06
v -2.4177494 2.32161212 8.96453855E-07
v -2.48000717 2.81737733 1.18669925E-06
v -2.4177494 1.4135344 5.14984094E-07
v -3.00000024 2.32161212 8.01086401E-07
v -3.00000024 2.81770825 1.09141081E-06
v -3.00000024 1.41326201 4.38690165E-07
v -2.42387486 0.499943733 2.90857258E-07
v -3.00000024 0.499807507 2.24067563E-07
v -2.42999983 1.52587873E-07 5.72204932E-08
v -3.00000024 1.52587887E-07 3.63797873E-14
v -3.00000024 2.81770825 1.09141081E-06
v -3.00000024 2.79129696 0.500003517
v -2.4392066 2.76854753 0.500003636
v -2.48000717 2.81737733 1.18669925E-06
v -2.0431695 2.85501575 0.500003636
v -2.0431695 2.86460972 1.21703374E-06
v -1.55197632 2.85305715 0.500003636
v -1.55197632 2.81100154 1.20425261E-06
v -1.08743095 2.81576228 0.500003755
v -1.08743095 2.81507659 1.2624447E-06
v -0.910530806 2.87454128 1.27662202E-06
v -0.910530806 2.82290697 0.500003755
v -0.733630657 2.88283849 0.500003755
v -0.733630657 2.87471914 1.31481147E-06
v -0.161524355 2.94961905 0.500003755
v -0.161524355 2.87011051 1.30703381E-06
v 0 2.85702252 0.500003755
v 0 2.90640974 1.30329363E-06
v 0 2.85702252 0.500003755
v 0 2.32161212 9.91821253E-07
v 0 2.90640974 1.30329363E-06
v 0 2.32161212 0.500003397
v 0 1.4143002 6.48498542E-07
v 0 1.41372192 0.50000304
v 0 0.500326574 4.05389414E-07
v 0 0.500037372 0.500002801
v 0 1.52587845E-07 1.71661412E-07
v 0 3.3377983E-08 0.500002563
v -3.00000024 1.52587887E-07 3.63797873E-14
v -3.00000024 3.33780008E-08 0.500002503
v -3.00000024 0.499600619 0.500002682
v -3.00000024 0.499807507 2.24067563E-07
v -3.00000024 1.41326201 4.38690165E-07
v -3.00000024 1.41284811 0.500002861
v -3.00000024 2.32161212 0.500003219
v -3.00000024 2.32161212 8.01086401E-07
v -3.00000024 2.79129696 0.500003517
v -3.00000024 2.81770825 1.09141081E-06
v 0 3.3377983E-08 0.500002563
v -0.569999993 1.52587845E-07 1.33514433E-07
v 0 1.52587845E-07 1.71661412E-07
v -0.569999993 3.3377983E-08 0.500002563
v -1.5 3.33780008E-08 0.500002503
v -1.5 1.52587873E-07 9.53674686E-08
v -2.42999983 1.52587873E-07 5.72204932E-08
v -2.42999983 3.33780008E-08 0.500002503
v -3.00000024 3.33780008E-08 0.500002503
v -3.00000024 1.52587887E-07 3.63797873E-14
v -2.25403643 2.80642438 0.0628396422
v -2.32187533 2.75172997 0.0249933712
v -2.29182839 2.80352354 0.026254233
v -2.31245136 2.82420373 -0.0236783549
v -2.32187533 2.75172997 0.0249933712
v -2.43371725 2.83260036 -0.0330182165
v -2.38681364 2.72818565 0.0113671701
v -2.50869632 2.81027579 -0.0352185778
v -2.53548479 2.75784326 -0.0103366943
v -2.38681364 2.72818565 0.0113671701
v -2.55655909 2.74259543 0.0118341874
v 0.00268676761 2.80173993 0.452503204
v -0.0995910615 2.80349994 0.443879485
v -0.0189630128 2.80261588 0.35800451
v 0.0102464296 2.84018397 0.517792523
v -0.0258616637 2.80649948 0.477181077
v 0.0453521721 2.84875274 0.435365051
v -0.0189630128 2.80261588 0.35800451
v 0.0421209708 2.93731189 0.367794871
v -0.0579853803 2.87006879 0.307681352
v 0.0206187442 2.89920044 0.274870336
v -0.0075419615 2.84605861 0.203454301
v 0.0212403871 2.89820123 0.184505463
v 0.0168435667 2.88605809 0.099967584
v -0.0156349186 2.85928702 0.0942551196
v -0.0250393674 2.84662724 0.0162198376
v -0.0145320129 2.87665367 -0.0211831853
v 0.00505783083 2.94055128 0.0921891183
v 0.0126306154 2.96248627 0.0153003884
v -0.0288764946 2.98053789 -0.00311246398
v -0.00427856436 3.03854299 0.0733799189
v 0.00505783083 2.94055128 0.0921891183
v 0.0212403871 2.89820123 0.184505463
v 0.0324754342 2.96537781 0.140644312
v 0.00128570548 3.0074513 0.00371249369
v -0.0166090392 3.0044713 -0.0182875916
v -0.047338713 3.14865994 -0.0260749385
v -0.0283517446 3.14615583 0.0496803001
v -0.0520870946 3.16806269 0.0665550902
v -0.0323849469 3.17730856 0.106084809
v -0.0151658626 3.15149856 0.126830637
v -0.0530953966 3.18530083 0.142694429
v -0.01103424 3.07668877 0.101654299
v -0.0113536073 3.11216402 0.209727108
v -0.0339768976 3.15516448 0.283292204
v -0.0218211357 3.03697848 0.140063941
v -0.0195652768 3.12654924 0.371189266
v -0.0367762744 3.15455794 0.364622951
v -0.00304016098 3.14512539 0.424463689
v -0.000545043906 3.04502487 0.345969349
v 0.0151422117 2.98703432 0.419855148
v 0.0123422239 3.09256697 0.466971427
v -0.00960479677 3.1458807 0.478000998
v 0.00730972271 3.059973 0.47719574
v -0.0253848266 3.01017714 0.454615474
v 0.0476295464 2.96832967 0.316900969
v 0.0212403871 2.89820123 0.184505463
v 0.0329475403 3.02866578 0.360081255
v 0.0421209708 2.93731189 0.367794871
v 0.0125645446 2.95871425 0.505263567
v -0.0368266292 2.9897368 0.516822278
v -0.00127746584 2.92206383 0.526410162
v -1.94787729 2.83595824 0.0171146672
v -1.89485693 2.82425165 -0.00721852621
v -1.66802227 2.79483533 0.0185554288
v -1.69130766 2.86046219 -0.00834467355
v -1.66802227 2.79483533 0.0185554288
v -1.85714841 2.88551545 -0.0228171907
v -1.69130766 2.86046219 -0.00834467355
v -1.64129162 2.85391188 -0.0310320519
v -1.68676543 2.9321506 -0.00243996317
v -1.63397121 2.96262145 -0.00353609025
v -1.57549822 2.82830501 -0.0238482226
v -1.66802227 2.79483533 0.0185554288
v -1.58495343 2.79816031 0.0206825063
v -1.53272915 2.93962026 -0.0185451172
v -1.72998548 2.98209691 -0.0106648589
v -1.69130766 2.86046219 -0.00834467355
v -1.91588914 3.00242114 -0.0175136272
v -1.89485693 2.82425165 -0.00721852621
v -1.52466536 2.96954036 0.0122260684
v -1.44127846 2.98265648 0.00699114427
v -1.46792138 3.07914281 0.0263110828
v -1.66158688 3.10012317 0.0112343738
v -1.59753466 3.12101889 0.0534175299
v -1.73521936 3.05770683 0.0111154029
v -1.46579695 3.10180044 0.0832302049
v -1.8326422 3.03506827 0.00461936835
v -1.93780923 3.05252862 0.0303086136
v -1.91588914 3.00242114 -0.0175136272
v -2.00296235 3.01257753 0.0257094894
v -2.04002929 2.98033166 0.0119406171
v -1.50190461 3.09586787 0.120853737
v -1.44919276 3.07882524 0.15064086
v -1.45970535 3.05792117 0.253684491
v -1.99455619 2.91064453 -0.0216067787
v -1.98155391 2.86039972 -0.0177780762
v -1.94787729 2.83595824 0.0171146672
v -1.49315894 3.05478406 0.253179282
v -1.51163232 3.05910707 0.323526233
v -1.53658247 3.03068089 0.227980137
v -1.59026456 3.07136083 0.207922265
v -1.53658247 3.03068089 0.227980137
v -1.65225744 3.07214046 0.161542371
v -1.72425222 3.07887745 0.136878103
v -1.66158688 3.10012317 0.0112343738
v -1.73521936 3.05770683 0.0111154029
v -1.81056881 3.09162068 0.089458175
v -1.55424166 3.08557916 0.337410867
v -1.59026456 3.07136083 0.207922265
v -1.50794113 3.05086517 0.381529659
v -1.69534707 3.07282829 0.276013911
v -1.61785412 3.08344173 0.351563066
v -1.76167679 3.10908222 0.277407438
v -1.77160323 3.09897423 0.180797786
v -1.99870062 3.15907192 0.268621534
v -1.85477185 3.06990838 0.130876467
v -1.94010723 3.11987638 0.150330544
v -2.03236079 3.10568714 0.15448378
v -2.0520606 3.1521883 0.281855285
v -2.11099768 3.13861585 0.170933172
v -2.03236079 3.10568714 0.15448378
v -2.09883022 3.10441947 0.109806694
v -1.93780923 3.05252862 0.0303086136
v -2.02790785 3.08286428 0.0497099385
v -2.09883022 3.10441947 0.109806694
v -2.10615325 3.04427552 0.0553239062
v -2.16742969 3.0923171 0.138274327
v -2.16742969 3.0923171 0.138274327
v -2.33471847 3.13001943 0.142146438
v -2.24350762 3.09905839 0.0610078499
v -2.42941499 3.09308863 0.0142988889
v -2.14803147 3.08017731 0.0211322494
v -2.10615325 3.04427552 0.0553239062
v -2.13611007 3.04824424 -0.0103369113
v -2.00296235 3.01257753 0.0257094894
v -2.02790785 3.08286428 0.0497099385
v -2.30844808 3.0611968 0.00692419522
v -2.13212061 2.92762589 0.0179892462
v -2.15428972 2.91427279 -0.0180947036
v -2.21501708 2.99211669 -0.011476242
v -2.14169717 2.84803176 -0.0240504164
v -1.98155391 2.86039972 -0.0177780762
v -2.11252642 2.81856441 0.00414614147
v -1.94787729 2.83595824 0.0171146672
v -2.25852871 2.83829403 -0.0210019778
v -2.26649594 2.91092086 -0.00981036387
v -2.25408363 2.81677341 0.0163607839
v -2.26649594 2.91092086 -0.00981036387
v -2.25403643 2.80642438 0.0628396422
v -2.10969877 2.81831837 0.0557505786
v -2.29536819 2.9079113 -0.00757125113
v -2.2818296 2.86563587 0.0209610313
v -2.25852871 2.83829403 -0.0210019778
v -2.36347103 2.9613595 -0.00705661764
v -2.45076203 2.99670744 -0.0103242779
v -2.49355531 3.01852441 -0.0014337399
v -2.49918199 2.99629784 0.0305823423
v -2.50473022 3.01228595 0.0497253872
v -2.4953928 3.07687092 0.0302874278
v -2.4924953 3.08176661 0.099821575
v -2.43109608 3.12395644 0.124833696
v -2.46417642 3.0846355 0.185022667
v -2.38441062 3.12349272 0.216702685
v -2.43161941 3.10689855 0.23299019
v -2.22741914 3.13433623 0.21039249
v -2.37140346 3.08955216 0.289758652
v -2.42799902 3.08124018 0.289194435
v -2.43350506 3.09153247 0.327506483
v -2.20312595 3.11846304 0.269855231
v -2.1333344 3.13756514 0.244864017
v -2.0520606 3.1521883 0.281855285
v -2.13048339 3.11052966 0.310160488
v -2.04972076 3.10443068 0.364614815
v -2.13048339 3.11052966 0.310160488
v -2.1106267 3.06824398 0.338095605
v -2.10683179 3.02715254 0.445960462
v -2.00209785 3.11067796 0.318663418
v -1.99870062 3.15907192 0.268621534
v -2.21856451 3.09687614 0.329852104
v -2.1106267 3.06824398 0.338095605
v -2.29415107 3.09298205 0.299772859
v -2.35804701 3.13269734 0.387235641
v -2.21856451 3.09687614 0.329852104
v -2.29110503 3.1072371 0.44820556
v -2.38888931 3.04402518 0.410173178
v -2.44334126 3.04859161 0.444083631
v -1.83021307 3.08135557 0.319214225
v -1.76167679 3.10908222 0.277407438
v -1.87576616 3.09729052 0.469743878
v -2.01640916 3.09723663 0.482841015
v -1.88689661 3.03714681 0.48012951
v -2.05532956 3.01723099 0.484430671
v -1.95698822 3.02025843 0.486929029
v -1.86179638 3.02224827 0.536524236
v -2.00683522 2.96056461 0.539680481
v -1.75734329 3.02206373 0.504237771
v -2.11605811 2.98393798 0.493878096
v -1.7720108 2.99282098 0.533124089
v -1.69924462 3.04166126 0.352589041
v -1.74098825 3.0484314 0.314410746
v -1.83021307 3.08135557 0.319214225
v -1.71225333 2.99064517 0.496092677
v -1.6873132 3.00972366 0.452877939
v -1.92615926 2.852144 0.514856935
v -2.06931949 2.85088372 0.516261339
v -1.71061778 2.86395216 0.503002584
v -1.67024529 3.02987599 0.522501886
v -1.63298881 3.07510114 0.415608048
v -1.61818874 3.0358007 0.514496624
v -1.60483682 3.02280521 0.46858573
v -1.61746168 2.97968554 0.527825594
v -1.65572226 2.8823688 0.53337872
v -1.64906704 2.83645773 0.515007675
v -1.65513694 2.75381851 0.49372378
v -1.6399647 2.81737876 0.474551916
v -1.81133068 2.8297832 0.524836719
v -1.73650765 2.74225068 0.533074915
v -1.8996774 2.79735732 0.543687642
v -2.01786137 2.80446577 0.53505975
v -1.86079109 2.7253685 0.538884699
v -2.00337458 2.74346948 0.526282549
v -1.82025826 2.71904659 0.49917838
v -1.73406649 2.73436403 0.49370262
v -1.65513694 2.75381851 0.49372378
v -1.6087805 2.78912401 0.469188541
v -1.60658514 2.77120233 0.422405988
v -1.98565996 2.71999407 0.492320389
v -1.90422523 2.69607782 0.44139275
v -1.73406649 2.73436403 0.49370262
v -2.02483034 2.69210005 0.489586622
v -2.35830522 2.6778872 0.526117444
v -2.21864533 2.77705121 0.534323275
v -2.16689134 2.82902098 0.528205931
v -2.37323332 2.81868196 0.53584367
v -2.35830522 2.6778872 0.526117444
v -2.16688037 2.86750793 0.497736543
v -2.15837693 2.92009735 0.514797986
v -2.45775771 2.78081965 0.517707288
v -2.49662566 2.71497774 0.483228475
v -2.32785559 2.66139317 0.48631686
v -2.02483034 2.69210005 0.489586622
v -2.54452085 2.73734379 0.418471634
v -2.47320199 2.81842351 0.507440805
v -2.39189696 2.85490251 0.508173108
v -2.48990846 2.87063336 0.502221048
v -2.39036775 2.89455438 0.505505979
v -2.3524394 3.02152419 0.466042548
v -2.48927665 2.95063567 0.500916779
v -2.46363044 3.03619051 0.478510261
v -2.4844923 3.01067305 0.492600709
v -2.38888931 3.04402518 0.410173178
v -2.2297616 3.02730036 0.488512576
v -2.2559123 3.03377104 0.432706445
v -2.2559123 3.03377104 0.432706445
v -2.31966543 3.02757525 0.419918656
v -2.29672313 3.06230712 0.448967189
v -2.20272756 3.03901219 0.351325989
v -2.00296235 3.01257753 0.0257094894
v -0.921209514 2.81910825 0.0128187602
v -0.803629041 2.86730409 -0.0106497211
v -0.797728121 2.82557678 0.0171891097
v -0.887335896 2.9430151 -0.044735048
v -0.811422229 2.91317749 -0.0214778222
v -0.960766673 2.9220953 -0.0295174122
v -1.009951 2.8124454 0.0218126532
v -0.840301812 2.98041153 -0.0162886959
v -0.803644538 2.97539544 0.015088181
v -0.813609362 3.01926565 0.0278851259
v -0.947638512 2.9799571 0.0358553343
v -1.01393259 2.98703861 0.0099382652
v -1.09232104 2.9077065 -0.0231028497
v -1.08232987 2.81762505 -0.00640607346
v -0.898251951 3.1040988 0.0307710599
v -0.75068891 3.12911105 0.0511832982
v -1.07102656 2.96976209 -0.0223733522
v -1.23755598 2.88877749 -0.0310884845
v -1.30588269 2.95716572 -0.0342004001
v -1.30798006 2.7899642 0.0168424584
v -1.009951 2.8124454 0.0218126532
v -1.34184825 2.86237884 -0.0268273205
v -1.35608125 2.82211137 0.00995123386
v -1.35101914 2.9294064 -0.0159946699
v -1.01695275 3.06283402 0.0143169826
v -1.08380878 3.00280213 0.0194273852
v -1.19088674 2.99658656 -0.0129778003
v -0.906926394 3.1433444 0.0603261255
v -1.31174302 2.9943645 0.0131116174
v -1.05898619 3.13075614 0.0758861899
v -1.10296357 3.02205801 0.0482997485
v -1.09162986 3.10259199 0.0582055263
v -1.16410494 3.07926989 0.0229868591
v -1.36733913 3.0032289 0.0232903007
v -1.28158307 3.12253284 0.0475835204
v -1.11821008 3.11801791 0.109782055
v -1.03017163 3.14076161 0.118217617
v -0.80273664 3.15204668 0.072229296
v -0.737681806 3.15210748 0.10154447
v -0.704301536 3.13370013 0.116942763
v -0.892579257 3.15136528 0.15678677
v -0.749956012 3.14176059 0.176210016
v -0.787106395 3.12889576 0.23286438
v -0.686975896 3.13066816 0.164462313
v -0.712920904 3.14503145 0.216758564
v -0.72081542 3.12710261 0.29359293
v -1.03455615 3.12809348 0.169992581
v -1.07461166 3.09392571 0.182631046
v -0.925204754 3.11226153 0.215386406
v -0.751630902 3.10507345 0.30941993
v -0.632604063 3.08850741 0.364994764
v -0.859389007 3.09332943 0.246494502
v -0.763783753 3.07452536 0.374856859
v -0.691384256 3.06134701 0.38505286
v -0.602051556 3.07390809 0.422687024
v -0.649160922 3.04391646 0.463374078
v -0.588056028 3.05570388 0.486502439
v -0.737256289 3.01655078 0.419343472
v -0.671409667 2.99246049 0.449362338
v -0.588254392 2.97729111 0.46392417
v -0.804041982 3.06255126 0.41119352
v -0.859389007 3.09332943 0.246494502
v -0.946901739 3.07370138 0.263488084
v -1.03455615 3.12809348 0.169992581
v -1.03894687 3.07164979 0.263313472
v -0.570807338 2.9666729 0.511700034
v -0.563679636 3.03137541 0.506137252
v -0.48072356 2.97382784 0.517474115
v -0.759293199 2.92513275 0.503985226
v -0.783345342 2.97547579 0.485267133
v -0.50941962 2.87595677 0.530029535
v -0.442600995 2.85130572 0.485057831
v -1.1089679 3.05012417 0.18216759
v -1.11821008 3.11801791 0.109782055
v -0.706511915 2.84925246 0.523219228
v -1.22509933 3.04103541 0.201115534
v -1.36468732 3.08383894 0.149962977
v -0.825301588 2.9345026 0.502863586
v -0.873946428 3.01708794 0.463844299
v -0.856787682 2.94372773 0.515820801
v -0.95880872 3.05814409 0.424236894
v -0.939239502 2.97008228 0.490255207
v -0.772258341 2.85221553 0.506463051
v -0.873082817 3.0712707 0.385302424
v -0.990977824 3.06771755 0.331799895
v -1.047737 3.060184 0.406636089
v -0.797295034 2.80366993 0.492594898
v -0.611997724 2.82121754 0.52160877
v -0.540504456 2.78840089 0.502101958
v -0.502307713 2.76483607 0.437237233
v -0.429203033 2.81388426 0.429673821
v -0.699064136 2.74726152 0.40562892
v -0.611997724 2.82121754 0.52160877
v -0.85152638 2.82929826 0.47423026
v -0.823624015 2.83190966 0.529335022
v -0.905359149 2.84044194 0.51379925
v -0.976641297 2.78462577 0.485281318
v -1.12683094 2.79123688 0.537110746
v -1.10927486 2.76703882 0.490022659
v -1.12683094 2.79123688 0.537110746
v -1.25671899 2.79086208 0.489466548
v -1.17140269 2.80921721 0.534392357
v -1.04048622 2.8976872 0.515013933
v -1.13649905 2.913306 0.513445258
v -1.08741581 2.97996545 0.467441231
v -1.25438857 2.83849454 0.519049168
v -1.25671899 2.79086208 0.489466548
v -1.31794631 2.82284451 0.491241723
v -1.21604192 2.94172239 0.502611935
v -1.26756835 2.97137809 0.526748955
v -0.981165588 2.98636413 0.44869864
v -1.04227328 2.99371123 0.43859908
v -1.16400993 2.96053314 0.497919083
v -1.14509058 3.09039855 0.445369363
v -1.08930516 3.12746215 0.425499707
v -1.07913768 3.09497118 0.329672337
v -1.11974287 3.06507206 0.27440387
v -1.21127546 3.04342437 0.350302547
v -1.21127546 3.04342437 0.350302547
v -1.21108007 3.00986314 0.40276733
v -1.27534044 3.00765872 0.507152021
v -1.30457854 3.02801442 0.278535575
v -1.28004563 3.03906631 0.395801157
v -1.32511353 3.0295465 0.456127644
v -1.36408246 3.04251742 0.426188767
v -1.39495897 3.02265549 0.47674644
v -1.39666533 3.0156424 0.530726314
v -1.51866007 2.98750353 0.539095521
v -1.34638476 2.94996762 0.539179146
v -1.25438857 2.83849454 0.519049168
v -1.43312848 2.88538694 0.540976524
v -1.32643318 2.83990645 0.53476733
v -1.40485883 2.80824113 0.530724466
v -1.41260862 2.80170321 0.494225144
v -1.3273474 2.81062865 0.405644864
v -1.41158152 2.79291439 0.410516053
v -1.60658514 2.77120233 0.422405988
v -1.6087805 2.78912401 0.469188541
v -1.65572226 2.8823688 0.53337872
v -1.64906704 2.83645773 0.515007675
v -1.41260862 2.80170321 0.494225144
v -1.6399647 2.81737876 0.474551916
v -1.56633425 2.94494748 0.543678641
v -1.61746168 2.97968554 0.527825594
v -1.61818874 3.0358007 0.514496624
v -1.60483682 3.02280521 0.46858573
v -1.54400194 3.01995111 0.453925014
v -1.47571337 3.02462673 0.422636569
v -1.50794113 3.05086517 0.381529659
v -1.40581262 3.05699587 0.357682824
v -1.51163232 3.05910707 0.323526233
v -1.45970535 3.05792117 0.253684491
v -1.42291045 3.04426289 0.20254162
v -1.44919276 3.07882524 0.15064086
v -1.37245846 3.10226226 0.0967711061
v -1.46579695 3.10180044 0.0832302049
v -1.4100492 3.07981324 0.0600440502
v -1.46792138 3.07914281 0.0263110828
v -1.44127846 2.98265648 0.00699114427
v -1.53272915 2.93962026 -0.0185451172
v -1.40468645 2.82894993 -0.0245581958
v -1.34184825 2.86237884 -0.0268273205
v -1.57549822 2.82830501 -0.0238482226
v -1.48528349 2.7812674 0.0134467836
v -1.48528349 2.7812674 0.0134467836
v -1.58495343 2.79816031 0.0206825063
v -1.35813737 2.81411552 0.0594155677
v -1.30798006 2.7899642 0.0168424584
v -2.90319753 2.77217221 -0.0281915702
v -2.90140128 2.75713158 0.0123039531
v -2.96542954 2.74888062 0.0325321443
v -2.9735477 2.77838445 -0.0373723656
v -3.0174861 2.76687717 0.130415395
v -2.98071384 2.77291894 0.14771764
v -2.99202013 2.83393455 -0.0333857052
v -3.03943658 2.7752676 0.240760401
v -2.97936177 2.76787496 0.33286652
v -3.02092671 2.84247708 0.1133283
v -3.05073667 2.82261562 0.38010031
v -3.00084496 2.88599777 -0.00964435469
v -2.93082309 2.9078691 -0.0190148279
v -3.04142094 2.78790402 0.458021075
v -3.03554082 2.80010104 0.500961304
v -3.03724384 2.86788893 0.461515963
v -3.01925564 2.90732193 0.318301111
v -3.02195096 2.89053893 0.143396765
v -2.93815637 2.94592762 0.101127356
v -2.92046952 2.9234457 0.0546895675
v -2.88503695 2.92898822 0.0134731792
v -2.9143033 2.97485399 -0.00888202246
v -2.95642042 3.01054406 0.019012481
v -2.92573237 3.04920292 -0.0041577504
v -2.96604204 3.03343678 0.10666883
v -2.97550416 2.96925092 0.119591139
v -2.96384907 3.0322299 0.129618675
v -3.03388047 2.99898481 0.132775843
v -3.0657866 2.92105269 0.173960984
v -3.01484609 3.0601337 0.184298471
v -2.94211268 3.06012654 0.177802697
v -2.93941426 3.06134391 0.264266133
v -3.00555921 3.06117821 0.291513145
v -3.00889397 3.08567834 0.317250013
v -3.031708 2.9715054 0.346359462
v -3.01882482 3.03008819 0.414103717
v -2.99554181 2.94595003 0.441132128
v -2.98121905 3.08556509 0.421773225
v -2.97500873 3.09738493 0.381716341
v -2.97536206 3.02304506 0.431434929
v -2.99602103 2.99343014 0.452695072
v -2.97733021 2.94738054 0.50002563
v -3.02190208 2.89955235 0.497094035
v -2.97782469 2.92931747 0.530733526
v -2.99803972 2.89194036 0.561718941
v -2.99332809 2.7847383 0.561931074
v -2.98991442 2.77471757 0.512658417
v -2.93354535 2.77237701 0.456195086
v -2.97936177 2.76787496 0.33286652
v -2.25408363 2.81677341 0.0163607839
v -2.25403643 2.80642438 0.0628396422
v -2.29182839 2.80352354 0.026254233
v -2.2818296 2.86563587 0.0209610313
v -2.29536819 2.9079113 -0.00757125113
v -2.328408 2.90111971 -0.0430964157
v -2.31245136 2.82420373 -0.0236783549
v -2.4813745 2.93581843 0.00914895441
v -2.36347103 2.9613595 -0.00705661764
v -2.45076203 2.99670744 -0.0103242779
v -2.51126456 2.96330953 0.0160087384
v -2.49918199 2.99629784 0.0305823423
v -2.50473022 3.01228595 0.0497253872
v -2.49292517 2.90999985 -0.0554558635
v -2.43371725 2.83260036 -0.0330182165
v -2.53201461 2.9356215 -0.019030327
v -2.55569625 2.86393762 -0.0428366661
v -2.50869632 2.81027579 -0.0352185778
v -2.65308475 2.79960418 -0.0306114946
v -2.53548479 2.75784326 -0.0103366943
v -2.64517045 2.87748885 -0.0269104578
v -2.59676194 3.05162644 0.0172615256
v -2.55312777 3.04798889 0.0700124502
v -2.4924953 3.08176661 0.099821575
v -2.62852287 3.06720567 0.108650647
v -2.70110416 3.06140804 0.00779249659
v -2.70110416 3.06140804 0.00779249659
v -2.62746859 2.97171044 -0.0220784135
v -2.7248435 3.02404475 -0.0152893877
v -2.5423255 3.09453702 0.144553453
v -2.46417642 3.0846355 0.185022667
v -2.61015749 3.08789158 0.2019988
v -2.66826344 3.110461 0.26161629
v -2.64388537 2.90494537 0.00283724419
v -2.81737256 2.92230654 -0.00831547752
v -2.727144 2.94360805 -0.0138260312
v -2.49229383 3.102561 0.257587671
v -2.43161941 3.10689855 0.23299019
v -2.42799902 3.08124018 0.289194435
v -2.84476399 2.96893191 -0.0265370551
v -2.56713438 3.11424732 0.322301924
v -2.66826344 3.110461 0.26161629
v -2.47702098 3.11731839 0.32797116
v -2.43350506 3.09153247 0.327506483
v -2.47634983 3.10397935 0.406803966
v -2.44334126 3.04859161 0.444083631
v -2.48331761 3.06063962 0.454107583
v -2.46363044 3.03619051 0.478510261
v -2.58648586 3.10158229 0.415317893
v -2.58091116 3.05908155 0.437348008
v -2.50696635 3.02712202 0.480149835
v -2.4844923 3.01067305 0.492600709
v -2.62248111 3.123559 0.329802811
v -2.53122497 3.03180623 0.503920555
v -2.48927665 2.95063567 0.500916779
v -2.72080326 3.10711765 0.267041415
v -2.69761324 3.17610812 0.23801212
v -2.7638483 3.12192345 0.400454849
v -2.78485036 3.10451174 0.27018103
v -2.69761324 3.17610812 0.23801212
v -2.60589385 3.04510856 0.509792328
v -2.55873203 2.99394917 0.508613408
v -2.48990846 2.87063336 0.502221048
v -2.49262118 2.83534741 0.516426682
v -2.47320199 2.81842351 0.507440805
v -2.49662566 2.71497774 0.483228475
v -2.73998642 3.10742569 0.457412779
v -2.58683777 2.70918632 0.491817206
v -2.65675163 2.7954793 0.515386105
v -2.64049029 2.89804196 0.524601579
v -2.66207504 3.00977588 0.526916206
v -2.86914635 3.10910416 0.375183046
v -2.80872178 3.07536101 0.459719807
v -2.86914635 3.10910416 0.375183046
v -2.68832445 3.0151732 0.44132182
v -2.98121905 3.08556509 0.421773225
v -2.97500873 3.09738493 0.381716341
v -2.89875531 3.09534478 0.303664535
v -3.00889397 3.08567834 0.317250013
v -2.93941426 3.06134391 0.264266133
v -2.92572165 3.02675629 0.462419569
v -2.97536206 3.02304506 0.431434929
v -2.88612056 3.080369 0.219844043
v -2.94211268 3.06012654 0.177802697
v -2.89019394 3.09247398 0.133354977
v -2.96384907 3.0322299 0.129618675
v -2.96604204 3.03343678 0.10666883
v -2.92573237 3.04920292 -0.0041577504
v -2.80027151 3.05835104 0.21716319
v -2.80655456 3.13942337 0.15947327
v -2.74452162 3.17444825 0.137315929
v -2.78158927 3.16331911 0.0138652325
v -2.83879662 3.10663843 0.114418283
v -2.84580231 3.08900332 0.0105120009
v -2.75817561 3.15316272 0.00353060546
v -2.83743334 3.04240131 -0.0167894736
v -2.9143033 2.97485399 -0.00888202246
v -2.88503695 2.92898822 0.0134731792
v -2.93082309 2.9078691 -0.0190148279
v -2.86333966 2.85047269 -0.023681473
v -2.99202013 2.83393455 -0.0333857052
v -2.9735477 2.77838445 -0.0373723656
v -2.90319753 2.77217221 -0.0281915702
v -2.7542479 2.85840487 -0.029320512
v -2.65308475 2.79960418 -0.0306114946
v -2.77918291 2.74774837 0.0087960884
v -2.90140128 2.75713158 0.0123039531
v -2.55655909 2.74259543 0.0118341874
v -2.66669369 2.77314806 0.0225902312
v -2.77918291 2.74774837 0.0087960884
v -2.62852287 3.06720567 0.108650647
v -2.75817561 3.15316272 0.00353060546
v -2.75817561 3.15316272 0.00353060546
v -2.74452162 3.17444825 0.137315929
v -2.78158927 3.16331911 0.0138652325
v -2.98991442 2.77471757 0.512658417
v -2.93354535 2.77237701 0.456195086
v -2.87976837 2.76288009 0.455773711
v -2.60181737 2.76386976 0.412049353
v -2.69499636 2.75514531 0.497670472
v -2.63769031 2.74833465 0.480080366
v -2.65675163 2.7954793 0.515386105
v -2.58683777 2.70918632 0.491817206
v -2.54452085 2.73734379 0.418471634
v -2.89396501 2.77096128 0.526056767
v -2.87976837 2.76288009 0.455773711
v -2.69499636 2.75514531 0.497670472
v -2.99332809 2.7847383 0.561931074
v -2.81178308 2.78214216 0.543922782
v -2.97238827 2.85396409 0.567854702
v -2.99803972 2.89194036 0.561718941
v -2.80446553 2.87001944 0.551252186
v -2.94784117 2.92238879 0.554287374
v -2.97782469 2.92931747 0.530733526
v -2.88890886 2.94228053 0.521221399
v -2.97733021 2.94738054 0.50002563
v -2.82007861 2.92737055 0.542357862
v -2.72697377 2.9320693 0.508510113
v -2.7260921 2.98556209 0.532856047
v -2.8118012 2.96037841 0.541992128
v -2.87203217 3.02249479 0.521243274
v -2.95613647 3.00512075 0.495681822
v -2.99602103 2.99343014 0.452695072
v -0.0258616637 2.80649948 0.477181077
v -0.0995910615 2.80349994 0.443879485
v 0.00268676761 2.80173993 0.452503204
v -0.0809576362 2.80588031 0.491708487
v 0.0102464296 2.84018397 0.517792523
v -0.273795784 2.78002834 0.437283725
v -0.108465269 2.82770634 0.513146043
v -0.108465269 2.82770634 0.513146043
v -0.0615718067 2.96597552 0.536825895
v -0.00127746584 2.92206383 0.526410162
v -0.0368266292 2.9897368 0.516822278
v -0.257230967 2.8318212 0.509153306
v -0.320557714 2.95680189 0.518756986
v -0.155393675 2.99959826 0.534601569
v -0.0253848266 3.01017714 0.454615474
v -0.359265745 2.79975677 0.501865804
v -0.429203033 2.81388426 0.429673821
v -0.442600995 2.85130572 0.485057831
v -0.392724454 2.85121846 0.523586094
v -0.437633663 2.9520371 0.498243004
v -0.48072356 2.97382784 0.517474115
v -0.375392437 2.90791035 0.52921927
v -0.359265745 2.79975677 0.501865804
v -0.364109784 3.07820845 0.517864108
v -0.215100095 3.09678817 0.509077847
v -0.563679636 3.03137541 0.506137252
v -0.220048666 3.00210834 0.508652627
v -0.200464785 3.03176713 0.4773027
v -0.0557974242 3.05214429 0.484989911
v 0.00730972271 3.059973 0.47719574
v -0.00960479677 3.1458807 0.478000998
v -0.198861837 3.08029509 0.478461444
v -0.180090785 3.15742421 0.463223636
v -0.516535044 3.09522247 0.494564116
v -0.588056028 3.05570388 0.486502439
v -0.028825989 3.16300225 0.462127477
v -0.00304016098 3.14512539 0.424463689
v -0.0367762744 3.15455794 0.364622951
v -0.57724607 3.09188557 0.45460242
v -0.602051556 3.07390809 0.422687024
v -0.555077493 3.1088562 0.403499633
v -0.43121779 3.11060166 0.498941988
v -0.246585071 3.115556 0.501607418
v -0.209823146 3.15362787 0.40981108
v -0.411898196 3.11801386 0.421641558
v -0.550071239 3.19111633 0.39225933
v -0.559634864 3.0956955 0.340066403
v -0.591897488 3.12164187 0.184811965
v -0.632604063 3.08850741 0.364994764
v -0.616545379 3.1346674 0.306232482
v -0.72081542 3.12710261 0.29359293
v -0.675240695 3.13517356 0.256361991
v -0.712920904 3.14503145 0.216758564
v -0.686975896 3.13066816 0.164462313
v -0.271863103 3.12592673 0.415739506
v -0.517354906 3.1274786 0.125387013
v -0.485417634 3.18427658 0.13779074
v -0.625568986 3.15021229 0.0845540017
v -0.704301536 3.13370013 0.116942763
v -0.552416503 3.12904286 0.0496491417
v -0.517354906 3.1274786 0.125387013
v -0.532117903 3.10189652 0.0605354682
v -0.718568385 3.08671474 0.0592710376
v -0.75068891 3.12911105 0.0511832982
v -0.552416503 3.12904286 0.0496491417
v -0.728552938 3.00887537 0.0374795236
v -0.813609362 3.01926565 0.0278851259
v -0.803644538 2.97539544 0.015088181
v -0.588810742 3.00419068 0.0413640477
v -0.748793781 2.96676898 -0.0172502305
v -0.811422229 2.91317749 -0.0214778222
v -0.637831867 2.98455834 -0.00178679824
v -0.788349807 2.88684559 -0.0284044836
v -0.803629041 2.86730409 -0.0106497211
v -0.741983294 2.8315475 -0.0208151899
v -0.484627813 2.96099424 -0.0188983921
v -0.46019575 3.03872776 0.033158455
v -0.300866991 3.0011251 0.0058968449
v -0.253003985 2.9347775 -0.0225638058
v -0.292042702 3.06311727 -0.0323013999
v -0.67558682 2.89622402 -0.0265986957
v -0.627061903 2.80251908 0.00770418253
v -0.497874439 2.84714079 -0.0313938595
v -0.469019294 2.92440033 -0.023280954
v -0.484248102 2.85250568 0.0178807378
v -0.50396806 2.81569004 0.0163965262
v -0.325936586 3.10376072 0.075078696
v -0.46019575 3.03872776 0.033158455
v -0.532117903 3.10189652 0.0605354682
v -0.588810742 3.00419068 0.0413640477
v -0.29200545 3.09736419 -0.015289044
v -0.290755153 2.80002308 -0.016682338
v -0.484248102 2.85250568 0.0178807378
v -0.304481655 2.79232478 0.0271418951
v -0.203988343 3.12320876 -0.0252472106
v -0.325936586 3.10376072 0.075078696
v -0.210992128 3.1384933 0.079647027
v -0.0520870946 3.16806269 0.0665550902
v -0.196492001 3.18208861 0.107817046
v -0.147880703 3.19045353 0.116694823
v -0.129219815 3.09409285 -0.0233762786
v -0.115014493 3.14399838 0.00876804907
v -0.047338713 3.14865994 -0.0260749385
v -0.0166090392 3.0044713 -0.0182875916
v -0.125607148 3.02361655 -0.0050629843
v -0.0288764946 2.98053789 -0.00311246398
v -0.182076558 2.96833253 -0.0106049897
v -0.0145320129 2.87665367 -0.0211831853
v -0.111252442 2.85536122 -0.0282172635
v -0.0250393674 2.84662724 0.0162198376
v -0.121313781 2.84802175 0.0148104401
v -0.111252442 2.85536122 -0.0282172635
v -0.206204519 2.82743955 -0.0178493243
v -0.22791335 2.81104994 0.0275657307
v -0.290755153 2.80002308 -0.016682338
v -0.22791335 2.81104994 0.0275657307
v -0.497874439 2.84714079 -0.0313938595
v -0.627061903 2.80251908 0.00770418253
v -0.797728121 2.82557678 0.0171891097
v -0.788349807 2.88684559 -0.0284044836
v -0.346623212 3.2077508 0.124227591
v -0.262252957 3.20030141 0.179736167
v -0.273158729 3.17072868 0.106010415
v -0.273158729 3.17072868 0.106010415
v -0.196492001 3.18208861 0.107817046
v -0.204376832 3.18166947 0.230282187
v -0.343815446 3.21059656 0.219661802
v -0.346623212 3.2077508 0.124227591
v -0.350364685 3.15594411 0.189130113
v -0.367261648 3.10605526 0.116546221
v -0.273158729 3.17072868 0.106010415
v -0.39297089 3.14424348 0.149773732
v -0.161929324 3.18358994 0.22751312
v -0.2468431 3.20309114 0.362445265
v -0.345243067 3.19256759 0.411821216
v -0.175178528 3.17459488 0.360690415
v -0.377578259 3.14640737 0.246142551
v -0.343815446 3.21059656 0.219661802
v -0.352586359 3.14582157 0.409160554
v -0.138706818 3.17628908 0.296479642
v -0.147880703 3.19045353 0.116694823
v -0.0530953966 3.18530083 0.142694429
v -0.0658360273 3.18657947 0.0895906836
v -0.0323849469 3.17730856 0.106084809
v -0.0339768976 3.15516448 0.283292204
v -0.168178856 3.16937757 0.410255104
v -0.297053814 3.19225454 0.404376835
v -0.431841731 3.19353104 0.397471905
v -0.430277407 3.21498704 0.241703123
v -0.49638167 3.20847154 0.266847193
v -0.418584287 3.20573211 0.16223219
v -0.418584287 3.20573211 0.16223219
v -0.485417634 3.18427658 0.13779074
v -0.367261648 3.10605526 0.116546221
v -0.210992128 3.1384933 0.079647027
v -1.55424166 3.08557916 0.337410867
v -1.54400194 3.01995111 0.453925014
v -1.63298881 3.07510114 0.415608048
v -1.69534707 3.07282829 0.276013911
v -1.69924462 3.04166126 0.352589041
v -1.74098825 3.0484314 0.314410746
vn 0 -4.58023493E-07 1
vn 0 -4.5772947E-07 1
vn 0 -3.54116878E-07 1
vn 0 -3.75259845E-07 1
vn 0 -4.57871124E-07 1
vn 0 -3.14329384E-07 1
vn 0 -3.54208908E-07 1
vn 0 -4.57971908E-07 1
vn 0 -3.35569069E-07 1
vn 0 -4.96524535E-07 1
vn 0 -5.09693564E-07 1
vn -3.67596925E-07 -6.41232646E-07 1
vn 0 -4.3841564E-07 1
vn 1.15786321E-07 -5.14942656E-07 1
vn 0 -6.54113364E-07 1
vn 0 -3.35287552E-07 1
vn 0 -5.79024118E-07 1
vn 0 -6.96941299E-07 1
vn -1.07145048E-07 -5.84716474E-07 1
vn 0 -7.03260184E-07 1
vn 0 -5.8136078E-07 1
vn 0 -7.6887568E-07 1
vn 0 -3.14255487E-07 1
vn -2.00773485E-07 -5.33389084E-07 1
vn -2.3372202E-07 -7.30964018E-07 1
vn -1.33684495E-07 -2.72333807E-07 1
vn 0 -3.54274391E-07 1
vn 0 -2.95314038E-07 1
vn 0 -3.81774697E-07 1
vn 0 3.66571186E-07 -1
vn 0 4.6715104E-07 -1
vn 0 4.79991172E-07 -1
vn 0 3.69587895E-07 -1
vn 0 3.22193472E-07 -1
vn 0 4.80064386E-07 -1
vn 0 3.40156447E-07 -1
vn 0 5.31829869E-07 -1
vn 0 4.95231234E-07 -1
vn 0 3.69665855E-07 -1
vn 0 5.62958405E-07 -1
vn -1.42850141E-07 5.32615502E-07 -1
vn 1.03163259E-07 6.11501264E-07 -1
vn 0 6.74709725E-07 -1
vn 0 3.2915483E-07 -1
vn 0 5.49995661E-07 -1
vn 0 6.97326982E-07 -1
vn 0 5.59218449E-07 -1
vn 0 5.75977708E-07 -1
vn 0 5.18822674E-07 -1
vn 0 5.97360156E-07 -1
vn 0 3.32381063E-07 -1
vn 1.63790972E-07 4.92089384E-07 -1
vn 1.83622063E-07 5.85217776E-07 -1
vn 1.30884516E-07 3.16959017E-07 -1
vn 0 3.5554848E-07 -1
vn 1.1584828E-07 3.41632443E-07 -1
vn 0 4.66460051E-07 -1
vn 1.00386714E-07 4.48307787E-07 -1
vn 0.000635873352 0.998607576 0.0527490675
vn 0.0404766053 0.997789383 0.0527058467
vn -0.0335496068 0.994436383 0.0998531729
vn -0.0394356325 0.995423377 0.0870461687
vn -0.0462223478 0.998353481 0.0339690745
vn 0.0421594642 0.998927057 0.0191669408
vn 0.0407203101 0.995654821 -0.0837454349
vn 0.0512907803 0.995169699 -0.083704643
vn 0.0462484248 0.998928964 -0.00136998435
vn -0.0968413204 0.995298922 -0.00136500597
vn -0.265880048 0.960805357 0.0784917623
vn -0.134744883 0.985638678 0.101784855
vn -0.135567337 0.990761578 -0.00358876656
vn 0.00352445943 0.999861956 -0.0162360836
vn 0.0245610457 0.98729378 -0.156996071
vn -0.0441001914 0.986630857 -0.156890601
vn 0.495524168 0.86438781 0.0853789747
vn -0.218250707 0.97116673 0.095925957
vn 1 0 0
vn 1 0 0
vn 1 0 0
vn 1 0 0
vn 1 0 0
vn 1 0 0
vn 1 0 0
vn 1 0 0
vn 1 0 0
vn 1 0 0
vn -1 0 0
vn -1 0 0
vn -1 0 0
vn -1 0 0
vn -1 0 0
vn -1 0 0
vn -1 0 0
vn -1 0 0
vn -1 0 0
vn -1 0 0
vn 0 -1 -2.38418608E-07
vn 0 -1 -2.38418579E-07
vn 0 -1 -2.38418608E-07
vn 0 -1 -2.38418579E-07
vn 0 -1 -2.38418608E-07
vn 0 -1 -2.38418608E-07
vn 0 -1 -2.38418579E-07
vn 0 -1 -2.38418579E-07
vn 0 -1 -2.38418579E-07
vn 0 -1 -2.38418579E-07
vn 0.66123873 -0.367684513 -0.653889477
vn 0.258171618 -0.44641462 -0.856773913
vn 0.713808 -0.400106728 -0.574797988
vn 0.127549186 -0.56434238 -0.815627873
vn 0.258171618 -0.44641462 -0.856773913
vn 0.128423452 -0.385438323 -0.913753092
vn 0.205357775 -0.331225395 -0.920933187
vn 0.0765555352 -0.403708309 -0.911679149
vn -0.00469082128 -0.605767131 -0.79562813
vn 0.205357775 -0.331225395 -0.920933187
vn -0.0687628165 -0.790283024 -0.608871341
vn 0.440259755 -0.896628499 0.0472083539
vn -0.0167470034 -0.999845028 -0.0054302332
vn 0.618839324 -0.594173312 -0.51380533
vn 0.900073469 -0.159132421 0.405641019
vn 0.262731791 -0.844433546 0.466801703
vn 0.973724246 -0.223718032 -0.0425589867
vn 0.618839324 -0.594173312 -0.51380533
vn 0.97957176 -0.187357113 -0.0730516762
vn 0.683241248 -0.658848405 -0.314801902
vn 0.649138451 -0.732318163 0.205740765
vn 0.800508201 -0.590561986 0.102093481
vn 0.9344908 -0.353754908 -0.039805986
vn 0.96256882 -0.235214636 -0.134667844
vn 0.640465617 -0.7663638 -0.0499044545
vn 0.819828212 -0.552670538 -0.149789616
vn 0.942684889 -0.206023946 -0.262486756
vn 0.983776629 -0.0062625045 -0.179288715
vn 0.949178398 0.0802573487 -0.304333925
vn 0.676911175 0.228086591 -0.699834108
vn 0.972092927 0.234345376 -0.0108385067
vn 0.983776629 -0.0062625045 -0.179288715
vn 0.9344908 -0.353754908 -0.039805986
vn 0.957760096 0.241281569 -0.156457052
vn 0.987182975 -0.037690565 -0.155078456
vn 0.775281489 0.00713159982 -0.631575584
vn 0.921139956 0.304048091 -0.243014142
vn 0.920395076 0.347339213 -0.179522574
vn 0.534101844 0.796657324 -0.282970518
vn 0.806370676 0.586335421 -0.0773116946
vn 0.948566258 0.315337628 0.0280024689
vn 0.8017084 0.582867026 0.132399783
vn 0.99906379 0.0270686094 -0.0337487087
vn 0.967576206 0.252548307 -0.00393912476
vn 0.881897211 0.471440673 -0.00100789277
vn 0.970322549 0.239042208 -0.0365105793
vn 0.962932646 0.248009786 -0.106074415
vn 0.85795939 0.504532278 -0.0967102721
vn 0.964772463 0.154788524 -0.212731078
vn 0.895751894 0.444545448 0.0028018665
vn 0.958408654 0.235690534 0.160943061
vn 0.98476553 0.148063585 -0.091181539
vn 0.923854053 0.346820146 0.16189298
vn 0.861654937 -0.21840319 0.458094746
vn 0.688869059 0.297224462 0.66114819
vn 0.981540442 0.158411413 -0.107163385
vn 0.9344908 -0.353754908 -0.039805986
vn 0.832385182 0.551953316 0.0498232841
vn 0.97957176 -0.187357113 -0.0730516762
vn 0.885597587 0.313870341 0.342348039
vn 0.543973744 0.686044037 0.4831523
vn 0.709994078 0.131066576 0.691903114
vn -0.110519268 -0.916307271 -0.384923995
vn -0.0390803106 -0.552752674 -0.832428455
vn -0.0321873911 -0.491224438 -0.870438099
vn -0.0234974716 -0.183918059 -0.982660711
vn -0.0321873911 -0.491224438 -0.870438099
vn 0.00551544037 -0.0492623262 -0.998770654
vn -0.0234974716 -0.183918059 -0.982660711
vn -0.0758210048 -0.0984273851 -0.992251575
vn -0.00250705611 0.0853228495 -0.996350169
vn 0.0537192374 0.14724347 -0.98764044
vn -0.0241799373 -0.175281465 -0.984221339
vn -0.0321873911 -0.491224438 -0.870438099
vn 0.0474547558 -0.831818461 -0.553015471
vn -0.0893011615 0.339285582 -0.936435103
vn 0.043349985 0.0774845034 -0.996050656
vn -0.0234974716 -0.183918059 -0.982660711
vn -0.0309816245 0.220920026 -0.974799752
vn -0.0390803106 -0.552752674 -0.832428455
vn 0.0471083894 0.239091828 -0.969853461
vn -0.0979194716 0.236728385 -0.966628969
vn 0.106761165 0.368877411 -0.923326313
vn -0.135847941 0.646124601 -0.751044869
vn -0.0208485704 0.995741904 -0.0897958204
vn -0.121809065 0.801176727 -0.585899591
vn 0.173663974 0.981152177 -0.0847412571
vn -0.00167710346 0.495002896 -0.868889689
vn -0.00216983096 0.840537906 -0.541748405
vn -0.0309816245 0.220920026 -0.974799752
vn -0.0982087478 0.499160051 -0.86092633
vn -0.0715170503 0.14901486 -0.986245275
vn 0.0617494397 0.948062837 0.312031776
vn 0.181398362 0.956966341 0.226517513
vn -0.0297033824 0.978712797 0.203074053
vn -0.00726131257 0.0654537007 -0.997829139
vn 0.091257073 -0.234962583 -0.967711151
vn -0.110519268 -0.916307271 -0.384923995
vn -0.345643312 0.930729866 0.119467713
vn 0.332864493 0.917734861 -0.216711625
vn 0.168235615 0.974300683 0.14978303
vn 0.20133172 0.96695751 0.156393096
vn 0.168235615 0.974300683 0.14978303
vn -0.0650483295 0.983162999 0.170760825
vn 0.104775988 0.992838085 -0.0573992506
vn -0.135847941 0.646124601 -0.751044869
vn -0.121809065 0.801176727 -0.585899591
vn 0.000836175401 0.9739483 -0.22676824
vn 0.218023121 0.974406838 0.0547484085
vn 0.20133172 0.96695751 0.156393096
vn 0.264674962 0.873176634 0.409279585
vn 0.0461808667 0.996848881 0.0644953996
vn -0.103006549 0.994294703 0.0277081933
vn 0.285334975 0.941733003 0.178109109
vn 0.197138339 0.962810755 -0.184748411
vn 0.062464904 0.995821834 0.0666114762
vn -0.00688832486 0.938445449 -0.345358938
vn 0.0679118484 0.87260747 -0.483677745
vn 0.10601151 0.944748521 -0.310180545
vn -0.0684996843 0.988040268 0.138145909
vn 0.0519933105 0.963966131 -0.260894328
vn 0.10601151 0.944748521 -0.310180545
vn -0.150130361 0.84028405 -0.520944953
vn -0.00216983096 0.840537906 -0.541748405
vn 0.0325508527 0.845993221 -0.532199144
vn -0.150130361 0.84028405 -0.520944953
vn 0.170941263 0.894630849 -0.412813276
vn 0.103917383 0.82497263 -0.555537045
vn 0.103917383 0.82497263 -0.555537045
vn -0.00376534485 0.992663026 -0.120854944
vn 0.10987249 0.965592265 -0.235710889
vn -0.0638760775 0.752263129 -0.655759156
vn 0.273790985 0.890218973 -0.364072382
vn 0.170941263 0.894630849 -0.412813276
vn 0.155656159 0.35795036 -0.920675099
vn -0.0982087478 0.499160051 -0.86092633
vn 0.0325508527 0.845993221 -0.532199144
vn -0.00590907736 0.256061047 -0.966642559
vn 0.254261822 0.299475729 -0.919600546
vn 0.0387581736 0.147600353 -0.988287389
vn -0.0638067052 0.089737229 -0.993919492
vn -0.0171532519 -0.135346144 -0.990649879
vn 0.091257073 -0.234962583 -0.967711151
vn 0.0569555536 -0.848996103 -0.52532053
vn -0.110519268 -0.916307271 -0.384923995
vn -0.204226121 -0.231960341 -0.951044798
vn -0.119533069 0.0341343731 -0.99224323
vn -0.0976136476 -0.925641954 -0.365593404
vn -0.119533069 0.0341343731 -0.99224323
vn 0.0153008709 -0.985835552 -0.16701521
vn 0.0816714838 -0.996616662 -0.00922545325
vn -0.0403267406 -0.0515946485 -0.997853577
vn -0.849976122 -0.217454344 -0.479848087
vn -0.204226121 -0.231960341 -0.951044798
vn 0.0106242737 0.0935296789 -0.995559812
vn -0.0102487244 0.164619207 -0.986303985
vn -0.517501891 0.105386294 -0.849167466
vn -0.805756748 -0.410688698 -0.426720917
vn -0.990441203 0.102273338 -0.0925550684
vn -0.652310908 0.652546048 -0.385582685
vn -0.698563457 0.714374006 0.0409741737
vn -0.221044183 0.974173367 -0.0461033918
vn -0.531767488 0.825596571 0.188715398
vn -0.130207539 0.973632455 0.187311888
vn -0.263973832 0.947687984 0.17945832
vn -0.0498198345 0.995827138 0.0764604211
vn -0.110054657 0.988971293 0.099115178
vn -0.145165056 0.978424788 0.147010133
vn -0.378573418 0.915484786 0.136271164
vn -0.105023645 0.936587214 0.334326893
vn -0.113732681 0.988287032 0.101752385
vn -0.0684996843 0.988040268 0.138145909
vn -0.188271388 0.797933638 0.572586834
vn -0.351854444 0.882961929 0.310768098
vn -0.188271388 0.797933638 0.572586834
vn -0.35286352 0.744619846 0.566593885
vn -0.240258187 0.900085449 0.363486171
vn 0.123370297 0.952213228 0.279409438
vn 0.062464904 0.995821834 0.0666114762
vn 0.272364557 0.874933898 0.400384933
vn -0.35286352 0.744619846 0.566593885
vn 0.00154209742 0.99384129 -0.110801794
vn -0.255879611 0.928502798 0.269087464
vn 0.272364557 0.874933898 0.400384933
vn 0.291190714 0.765432715 0.573864877
vn -0.195988625 0.759573638 0.620190501
vn 0.228537247 0.906194568 0.355783761
vn 0.224028111 0.933341444 0.280508786
vn 0.285334975 0.941733003 0.178109109
vn 0.192964762 0.927762866 0.319406867
vn -0.19728367 0.872368276 0.44727248
vn -0.0463006869 0.503221571 0.862916231
vn -0.241576433 0.45831573 0.855328858
vn -0.128943965 0.525496542 0.840967774
vn -0.0149026252 0.517158151 0.855760098
vn -0.102111146 0.0545572154 0.993275881
vn 0.428298056 0.806806386 0.406969458
vn -0.0629265234 0.377431542 0.923897028
vn 0.150631219 -0.0642243773 0.986501634
vn -0.0317816027 0.973741651 0.225426823
vn 0.250038981 0.945109963 0.210351229
vn 0.224028111 0.933341444 0.280508786
vn 0.0943888798 0.450658709 0.887692213
vn -0.594418824 0.786082983 0.169528276
vn 0.0361639895 -0.0530286767 0.997937858
vn -0.0806998685 0.103552014 0.99134481
vn 0.0273685101 -0.0828580931 0.996185482
vn -0.461079299 0.530091584 0.711623967
vn -0.140505642 0.91626817 0.37511456
vn 0.17848298 0.799984992 0.572859347
vn 0.481150329 0.783767879 0.39268586
vn -0.0105616599 0.0944817662 0.995470524
vn -0.413562953 -0.0397239439 0.909608483
vn -0.101067968 -0.286391944 0.952766955
vn 0.331491232 -0.0410922356 0.942562997
vn 0.815529108 -0.0202191379 0.578362882
vn 0.121951461 0.303878307 0.944873452
vn 0.322943538 -0.0397461802 0.945583284
vn -0.0142261153 0.140509233 0.989977121
vn -0.00934073329 0.0840333924 0.996419191
vn 0.00274205464 -0.54600352 0.837778389
vn 0.0194617547 -0.394630283 0.918633878
vn 0.109584145 -0.96890521 0.221841961
vn 0.204632431 -0.959877551 0.191730827
vn 0.331491232 -0.0410922356 0.942562997
vn 0.648641765 -0.402981907 0.645654321
vn 0.672499716 -0.680029929 0.292067468
vn -0.0123140737 -0.878439128 0.477695554
vn -0.00509001268 -0.926708579 0.375746101
vn 0.204632431 -0.959877551 0.191730827
vn 0.122567207 -0.624919832 0.771007538
vn -0.0998078287 -0.473538518 0.875099838
vn 0.0151370997 -0.054038588 0.998424053
vn -0.0088515766 0.365145653 0.930908382
vn -0.0649521649 0.177831054 0.981915116
vn -0.0998078287 -0.473538518 0.875099838
vn -0.0188244469 0.090953581 0.995677173
vn -0.00467869965 0.0954536274 0.9954229
vn -0.322821736 -0.11295525 0.939695299
vn -0.398782432 -0.859203041 0.320535034
vn -0.00981224049 -0.933964431 0.357231319
vn 0.122567207 -0.624919832 0.771007538
vn -0.299132615 -0.948274732 -0.106276371
vn -0.228725657 0.145107642 0.96261543
vn -0.056349881 0.228433222 0.971927464
vn -0.0425671972 0.0467138365 0.99800092
vn -0.0254245438 0.194676876 0.980537832
vn -0.010646916 0.437391609 0.899208069
vn 0.0806466267 0.187606081 0.97892797
vn 0.159405574 0.353259534 0.921844721
vn 0.487397701 0.0815784559 0.869360924
vn -0.195988625 0.759573638 0.620190501
vn -0.0520900935 0.758597612 0.649473846
vn 0.233897448 0.935111761 0.26619181
vn 0.233897448 0.935111761 0.26619181
vn -0.164544106 0.548755288 0.819629729
vn -0.159567699 -0.178391784 0.970934927
vn 0.133630499 0.904355705 0.405319184
vn -0.0982087478 0.499160051 -0.86092633
vn -0.0481350534 -0.413325489 -0.909310222
vn 0.028689228 -0.440987468 -0.897054613
vn 0.058249671 -0.548329234 -0.834231377
vn -0.0997600108 -0.00946980529 -0.994966447
vn 0.347446918 0.0214375146 -0.937454581
vn -0.0545676164 -0.167347267 -0.984386742
vn 0.0178369675 -0.431231737 -0.90206486
vn 0.0162198972 0.683410943 -0.72985363
vn 0.638555646 0.33615303 -0.692277253
vn 0.0625600964 0.2402668 -0.968688846
vn 0.0431380346 0.21655719 -0.975316346
vn 0.137269616 0.312686384 -0.939885199
vn 0.0536373332 -0.139567047 -0.988758922
vn 0.11944814 -0.554015696 -0.823892474
vn 0.0489549749 0.271467865 -0.961201668
vn 0.145838365 0.437936634 -0.887097895
vn 0.0656995848 0.314067811 -0.9471246
vn 0.00838177837 -0.244859904 -0.969522238
vn -0.143644363 0.308769345 -0.940227568
vn -0.0533110052 -0.509158909 -0.859019935
vn 0.0178369675 -0.431231737 -0.90206486
vn -0.00930339191 -0.258469611 -0.965974569
vn 0.0651035309 -0.892581463 -0.446161419
vn -0.0936217085 0.23369424 -0.967792332
vn -0.146817043 0.379121333 -0.913625598
vn -0.0954701006 0.638409078 -0.763753355
vn -0.0272492226 0.771969855 -0.635074854
vn -0.0751662031 0.847188056 -0.52594918
vn -0.117042221 0.488411129 -0.86472863
vn -0.210704967 0.774711668 -0.596175492
vn 0.0319987908 0.309058875 -0.950504363
vn 0.126597211 0.686371624 -0.716147363
vn 0.13814798 0.195084155 -0.97100842
vn -0.0664528683 0.384225547 -0.920844495
vn -0.12185128 0.815677941 -0.565527856
vn -0.05856793 0.950113297 0.306356817
vn -0.142613947 0.989402115 0.0272897873
vn 0.00210340065 0.970648348 -0.240493774
vn 0.1887445 0.981471658 -0.032996539
vn 0.367332608 0.930085838 0.00266109291
vn -0.0697059333 0.981234372 0.179777995
vn 0.0434145108 0.990354419 0.131579891
vn -0.15722388 0.923973322 0.348645717
vn 0.159000441 0.98427552 -0.0769457519
vn -0.0986372381 0.992128491 0.0771478117
vn -0.236437619 0.848759174 0.472974598
vn -0.21373421 0.887793481 0.407603294
vn -0.587024748 0.6411044 0.494355083
vn -0.137561932 0.758780658 0.636654139
vn -0.249422416 0.85746783 0.450041592
vn -0.225658089 0.838447213 0.496069312
vn -0.182760626 0.899816155 0.396143228
vn -0.0210679732 0.902475893 0.430224836
vn -0.194327444 0.776744187 0.599087119
vn -0.281077504 0.895184577 0.345890135
vn -0.502103269 0.416785687 0.757747948
vn -0.545257568 0.175489083 0.819693744
vn 0.135720089 0.720180511 0.680382311
vn -0.147513717 0.544562638 0.825645983
vn -0.432549834 0.601445496 0.671687365
vn 0.113519333 0.855256081 0.505618989
vn -0.182760626 0.899816155 0.396143228
vn -0.0924243703 0.958379328 0.270123422
vn -0.21373421 0.887793481 0.407603294
vn -0.054866612 0.984896779 0.164219335
vn -0.169905141 0.303165644 0.93766886
vn -0.279145479 0.112737782 0.953607857
vn 0.11046169 0.0834997222 0.990366578
vn -0.0281711183 0.297882259 0.954186857
vn 0.139437333 0.564741075 0.81340313
vn 0.180178642 -0.0494651981 0.982389331
vn 0.510987163 -0.427946746 0.745488822
vn -0.191354722 0.920037985 0.341926187
vn -0.05856793 0.950113297 0.306356817
vn -0.0992698669 -0.0141205303 0.994960308
vn -0.0339585952 0.925598145 0.376981407
vn -0.0283045489 0.868402898 0.495050788
vn 0.171821713 0.357672274 0.917904079
vn 0.0198177416 0.644262075 0.764548004
vn 0.0703427792 0.262621522 0.962331355
vn -0.0999928415 0.869080186 0.484459579
vn -0.129961461 0.537455201 0.83321774
vn 0.0270621534 0.0133968778 0.999543965
vn -0.0441519693 0.984916449 0.16730319
vn -0.0133513296 0.996423304 0.0834399462
vn 0.413084418 0.823619902 0.388602197
vn -0.180133745 -0.86367327 0.47076568
vn -0.0610333197 -0.589629769 0.805364311
vn 0.124198347 -0.757019043 0.641480386
vn 0.25169158 -0.850878954 0.461146772
vn 0.499287605 -0.657084346 0.56475842
vn -0.0448704809 -0.858529389 0.510797441
vn -0.0610333197 -0.589629769 0.805364311
vn -0.171582058 -0.945159256 0.27790916
vn 0.0301469583 -0.217594296 0.975573599
vn 0.115415983 -0.264515191 0.957450211
vn 0.223935083 -0.677553296 0.70055306
vn 0.00824893825 -0.229787841 0.973205805
vn 0.018392574 -0.886477053 0.462406874
vn 0.00824893825 -0.229787841 0.973205805
vn -0.263377964 -0.606820285 0.749934137
vn -0.0807265639 0.0606988929 0.994886339
vn -0.0489545129 0.321382463 0.945683181
vn 0.0173978936 0.27511698 0.961253345
vn 0.170366734 0.454369366 0.874370456
vn -0.00994182285 -0.109848931 0.993898511
vn -0.263377964 -0.606820285 0.749934137
vn 0.193202019 -0.956152081 0.220105201
vn 0.110503606 0.391823918 0.913379908
vn 0.279747754 0.149779603 0.948318124
vn -0.206922635 0.689411461 0.694186389
vn 0.153822184 0.484392315 0.861221671
vn 0.104423769 0.365779042 0.924825072
vn -0.357757568 0.659017444 0.661593199
vn 0.0150577836 0.952646613 0.303706497
vn 0.30831781 0.935140133 -0.174508005
vn -0.323115438 0.914080977 -0.245055944
vn -0.308549017 0.950415313 -0.0388365909
vn -0.308549017 0.950415313 -0.0388365909
vn -0.424461305 0.791686654 0.439391583
vn 0.371314228 0.80109489 0.469438761
vn 0.0217545554 0.999260128 0.0317157321
vn 0.0836462826 0.992530406 0.0888076872
vn 0.111287773 0.943363309 0.312539339
vn 0.0307746585 0.982351303 0.184496403
vn -0.0585797578 0.964494288 0.257525146
vn -0.000466940837 0.5049932 0.863123178
vn 0.0247259047 0.360085964 0.932591379
vn 0.0741807893 0.0530131459 0.995834708
vn -0.00994182285 -0.109848931 0.993898511
vn 0.0067298552 -0.0422695093 0.999083638
vn 0.161579028 -0.277411401 0.947066545
vn 0.0761959702 -0.774891496 0.627484918
vn 0.130194783 -0.98037523 0.148032933
vn 0.215216368 -0.970422506 0.109371156
vn 0.168789074 -0.980046928 0.104967698
vn 0.0513097197 -0.961554348 0.269778788
vn -0.0447285548 -0.707077563 0.705719829
vn -0.0872046053 -0.211779356 0.97341913
vn -0.110002488 -0.638870597 0.761409104
vn 0.130194783 -0.98037523 0.148032933
vn -0.10445483 -0.832882941 0.543502748
vn -0.0320727155 0.0137067642 0.999391556
vn -0.162760258 0.191549629 0.967893481
vn 0.276978701 0.823205471 0.495596141
vn 0.322427243 0.943355858 0.0782324374
vn 0.0124172531 0.942031085 0.335295707
vn -0.0162400287 0.956393957 0.291628093
vn 0.0447967649 0.93852073 0.3423042
vn 0.130966917 0.989623964 0.0590938665
vn 0.00233544968 0.99851197 0.0544822067
vn 0.185339704 0.981301963 -0.0519199371
vn 0.170325026 0.949899912 0.262067825
vn 0.00727860164 0.922593355 0.385705203
vn -0.109634906 0.974174082 0.197395518
vn 0.0152440527 0.995398819 0.0945983827
vn 0.00303659285 0.573599875 -0.819130003
vn 0.432270914 0.498374522 -0.751508176
vn 0.0967199951 0.444330096 -0.890626669
vn 0.00804264937 0.110149361 -0.993882537
vn 0.068047002 -0.218824521 -0.973388672
vn -0.00930339191 -0.258469611 -0.965974569
vn -0.0387906842 -0.243285328 -0.969178796
vn 0.0298012421 -0.710599601 -0.7029652
vn 0.0298012421 -0.710599601 -0.7029652
vn -0.177016348 -0.797169626 -0.577222466
vn 0.105609514 -0.982346773 -0.154406428
vn -0.0533110052 -0.509158909 -0.859019935
vn -0.0181985795 -0.927140653 -0.374271452
vn 0.0106534595 -0.937222362 -0.348569661
vn -0.47113502 -0.846119642 -0.249225423
vn -0.738183558 -0.587092817 -0.33227551
vn -0.948573053 -0.270337284 -0.164702445
vn 0.0319091789 -0.995291948 0.0915197656
vn -0.959774554 -0.106088854 -0.259957701
vn -0.884869337 -0.459131777 -0.0787680447
vn -0.384345442 -0.916919649 0.107410833
vn -0.986484468 -0.0283471737 -0.161383957
vn -0.993824959 -0.0999173298 -0.048254516
vn -0.915881217 0.263952494 -0.302474469
vn -0.30664286 0.870841503 -0.384194225
vn -0.751324177 -0.650031984 0.113887928
vn -0.760937154 -0.571928263 0.306386322
vn -0.950037837 0.302801609 0.0757585615
vn -0.995256245 0.00966586173 0.0968062654
vn -0.964483202 0.0762723982 -0.252892584
vn -0.835960865 0.447445631 -0.317744941
vn -0.841130435 0.0857011974 -0.533999026
vn -0.755833685 0.203138962 -0.622454762
vn -0.688325286 -0.437799782 -0.578393877
vn -0.935587227 -0.0587092526 -0.348180652
vn -0.786031604 0.300016969 -0.540503442
vn -0.983715236 -0.118576877 -0.135069937
vn -0.362083852 -0.0274330564 -0.931741774
vn -0.346222341 0.633255482 -0.692183256
vn -0.716827273 0.296587467 -0.631026626
vn -0.978437901 -0.202185795 -0.0421906076
vn -0.626538396 0.775785148 -0.0748805553
vn -0.0100008547 0.993538558 -0.113053456
vn -0.0130039658 0.999338925 -0.0339476913
vn -0.806605279 0.590903342 -0.0148667581
vn -0.94154197 0.324989796 -0.0887710229
vn -0.981710255 -0.0313095897 0.18778871
vn -0.931305051 0.21568121 0.29351753
vn -0.968683898 0.163155138 0.187168062
vn -0.776303172 0.518000185 0.359206349
vn -0.567046285 0.809723914 0.151015326
vn -0.294662058 0.359946162 0.885219216
vn -0.871043205 0.0409509502 0.489496469
vn -0.81008333 0.513737321 0.282557905
vn -0.896659672 0.365309507 0.250100732
vn -0.690904796 0.637238204 0.341435492
vn -0.876798987 0.194397688 0.439810187
vn -0.829285204 -0.182637066 0.528137982
vn -0.44293642 -0.878550649 -0.178762466
vn -0.225654989 -0.970332623 0.0868011639
vn -0.384345442 -0.916919649 0.107410833
vn -0.0239287578 -0.55346936 -0.83252579
vn 0.274607211 -0.938513458 -0.209244609
vn 0.559588015 -0.325274289 -0.762271523
vn 0.587893963 -0.162176326 -0.792514801
vn 0.492805749 0.291650832 -0.819806278
vn 0.19473736 0.15799956 -0.968046188
vn 0.290362537 -0.178759307 -0.940071642
vn 0.029746227 0.634582043 -0.772282839
vn -0.101678208 -0.154202774 -0.98279345
vn -0.156756669 -0.189399585 -0.969306588
vn 0.182673723 0.460907549 -0.868443847
vn -0.582820594 0.497362137 -0.642612696
vn 0.363235384 0.572568417 -0.735000312
vn 0.0233933125 0.280151248 -0.959670782
vn 0.0536316819 -0.233201385 -0.970948339
vn -0.0231285132 0.60635215 -0.794859827
vn -0.0744278654 -0.107939944 -0.991367519
vn 0.0170441028 -0.22253941 -0.974774718
vn -0.0894058123 -0.397815317 -0.913098812
vn -0.0406959988 -0.526796758 -0.849016488
vn -0.082462512 0.353627592 -0.931744218
vn 0.200356767 0.676218867 -0.708932459
vn 0.133905098 0.852863431 -0.504671514
vn 0.0239434019 0.895422399 -0.444573402
vn 0.435947865 0.883120477 -0.173342794
vn 0.406382263 0.464660585 -0.786729932
vn 0.406382263 0.464660585 -0.786729932
vn 0.132730976 0.0983841419 -0.986257136
vn 0.070826076 0.212864637 -0.974511325
vn -0.0431740023 0.992863715 -0.111165002
vn 0.00660482096 0.988321602 -0.152238876
vn 0.01662343 0.980528891 -0.195670202
vn 0.240211204 0.962933838 -0.122706696
vn -0.025979219 0.0161337107 -0.999532223
vn -0.00944388658 -0.124594972 -0.992162764
vn 0.0249038693 -0.242047831 -0.969944656
vn 0.0098477751 0.980916917 -0.19417803
vn -0.0568871684 0.997745097 0.0356172249
vn 0.33516857 0.94215709 -0.0013923354
vn -0.0644849464 -0.15733172 -0.985438228
vn 0.0182154924 0.994935215 -0.098854281
vn 0.240211204 0.962933838 -0.122706696
vn 0.102634795 0.99172473 -0.0771248937
vn 0.597509742 0.794439614 0.108847708
vn 0.280936092 0.882644653 0.376846701
vn 0.581430197 0.681764722 0.443999767
vn 0.0528638177 0.696135879 0.715961158
vn 0.0715569258 0.709982455 0.700574517
vn 0.0929609984 0.912593007 0.398161054
vn 0.0128700612 0.584296107 0.811438382
vn 0.0777473748 0.834814012 0.54501456
vn 0.237750947 0.270765185 0.932823956
vn 0.0451148488 0.998338461 0.035845615
vn 0.21304746 0.444345981 0.870153606
vn 0.139024764 0.0278054383 0.989898384
vn -0.054069642 0.992643893 0.108326763
vn 0.256557167 0.949504793 0.180607229
vn -0.0157671794 0.995581806 0.0925652385
vn -0.295488328 0.955249965 0.0135727124
vn 0.256557167 0.949504793 0.180607229
vn 0.0604911894 0.545046508 0.836220741
vn 0.13549906 0.0741993114 0.987995207
vn 0.466395319 0.214935601 0.858066499
vn 0.121006928 -0.0981536657 0.987786949
vn 0.250610232 -0.213765368 0.944192231
vn 0.116266958 -0.595185459 0.795132935
vn 0.0808259547 0.571912944 0.816322684
vn -0.0589276478 -0.630212367 0.774183452
vn 0.110722609 -0.245207444 0.963127136
vn 0.0519812815 -0.033671286 0.998080254
vn -0.0850163996 0.437311709 0.895282507
vn -0.105201893 0.99274689 0.0581907146
vn -0.0340225883 0.252796799 0.966920972
vn -0.105201893 0.99274689 0.0581907146
vn -0.000927026733 0.470832676 0.882222116
vn -0.157792211 0.746742547 0.646124721
vn -0.107031196 0.993819177 -0.0294596013
vn -0.146396175 0.971173942 -0.188120872
vn -0.116037823 0.959062934 -0.258328348
vn -0.3055875 0.889241099 -0.340391845
vn -0.151035666 0.738100946 0.65756762
vn -0.509852171 0.573353112 0.641339839
vn -0.0983484834 0.990848303 -0.0924511775
vn -0.488641173 0.872407317 -0.0116353687
vn -0.340284884 0.939694107 0.0343678966
vn -0.631313562 0.774420083 -0.041433461
vn -0.596462846 0.799312413 -0.0730184913
vn -0.432252347 0.733154178 -0.525017023
vn -0.52054745 0.852748513 -0.0430168957
vn -0.68377912 0.689566016 0.23863104
vn 0.339186788 0.93732816 -0.0798017532
vn -0.480742306 0.843140423 -0.240833998
vn -0.581759036 0.804868758 0.117228508
vn -0.507826269 0.755391657 -0.414120674
vn 0.515932381 0.606753826 -0.604701161
vn -0.0330400094 0.201209128 -0.978990912
vn -0.205124274 -0.0936324075 -0.974246919
vn -0.246768326 0.26917541 -0.93094039
vn 0.0508279763 0.227355242 -0.972484529
vn 0.00566779729 0.132085428 -0.991222143
vn 0.0602871254 0.112871557 -0.99177891
vn 0.0816881433 0.0640088916 -0.994600415
vn 0.0998251438 -0.320702583 -0.941904902
vn -0.02311657 -0.0365309976 -0.999065101
vn -0.0894058123 -0.397815317 -0.913098812
vn 0.082395263 -0.4224796 -0.9026196
vn -0.0816887915 -0.935474157 -0.343824297
vn -0.196500853 -0.777499735 -0.597395658
vn 0.0190085359 -0.897168577 -0.441278905
vn 0.082395263 -0.4224796 -0.9026196
vn 0.435947865 0.883120477 -0.173342794
vn 0.515932381 0.606753826 -0.604701161
vn 0.515932381 0.606753826 -0.604701161
vn 0.339186788 0.93732816 -0.0798017532
vn -0.480742306 0.843140423 -0.240833998
vn -0.0633058771 -0.990173578 0.124694683
vn -0.173375309 -0.975884318 -0.132630259
vn -0.0563014671 -0.996042132 0.0687764138
vn -0.190770492 -0.93741864 -0.291295201
vn 0.0604106598 -0.955354631 0.289219797
vn -0.307693511 -0.920376539 0.241312444
vn 0.110722609 -0.245207444 0.963127136
vn -0.0589276478 -0.630212367 0.774183452
vn -0.150428653 -0.890802324 -0.428768665
vn -0.0421562605 -0.983169436 0.177766234
vn -0.0563014671 -0.996042132 0.0687764138
vn 0.0604106598 -0.955354631 0.289219797
vn 0.0504873358 -0.412476361 0.909568191
vn 0.117031001 -0.369008303 0.922028601
vn 0.0536278039 0.0206997767 0.998346448
vn -0.10170041 0.257907897 0.960802078
vn 0.124602765 0.0359613821 0.991554797
vn 0.0448973402 0.319200814 0.946623027
vn -0.155780315 0.838550985 0.522077441
vn -0.168597773 0.393227607 0.903851032
vn -0.326889038 0.443947077 0.83429879
vn 0.102937207 0.390234619 0.914943099
vn 0.0791981891 0.212161943 0.974020004
vn 0.0926802233 0.780212045 0.618610978
vn -0.0257877782 -0.20087184 0.979278147
vn -0.00524827978 0.848420978 0.529296041
vn -0.4010351 0.588228822 0.702251911
vn -0.689810932 0.526633441 0.496807933
vn 0.0646123737 -0.941143513 0.331773967
vn 0.11298465 -0.993545473 0.0100981966
vn -0.0301093832 -0.98736167 0.15559651
vn 0.0369150788 -0.899768293 0.434803784
vn -0.00886055175 -0.201876447 0.979370832
vn 0.0357205831 -0.942502618 0.332284421
vn -0.0252104066 -0.287304103 0.957507551
vn -0.0252104066 -0.287304103 0.957507551
vn -0.0109041771 -0.0797845423 0.996752501
vn 0.143946543 -0.0369130597 0.988896847
vn 0.191712633 0.821897089 0.536405981
vn -0.0360150412 -0.128967255 0.990994632
vn -0.0102655012 -0.0325863138 0.999416232
vn -0.0341910459 0.10081663 0.994317353
vn 0.179708868 0.371776253 0.910761893
vn -0.122870035 -0.820795715 0.557850659
vn -0.387033314 -0.900392056 0.198744714
vn -0.553487778 -0.443003297 0.705265462
vn -0.331770539 -0.268424749 0.904365242
vn -0.0619170368 -0.291841477 0.954460442
vn -0.0250279661 0.005064514 0.999673963
vn -0.0652272478 0.0452189073 0.996845305
vn -0.122870035 -0.820795715 0.557850659
vn -0.00480003189 0.141481057 0.989929378
vn 0.226516157 0.202966213 0.952625453
vn -0.131657586 0.193485394 0.972229242
vn 0.0218065772 0.344426662 0.93855989
vn 0.262253076 0.461174071 0.847668409
vn -0.000421906618 -0.1374567 0.990507722
vn 0.137828454 -0.134013623 0.981347919
vn -0.00466973428 0.208276659 0.978058815
vn 0.187744558 0.084560357 0.978571236
vn -0.182084873 0.586866319 0.788944125
vn -0.191406444 0.646482766 0.738528013
vn -0.461237967 0.545565844 0.699726701
vn 0.151500985 0.953714132 0.259763002
vn 0.473567426 0.875985324 -0.0915618315
vn 0.262661964 0.962136209 -0.0728184134
vn -0.467410475 0.819499314 0.331584692
vn -0.435842901 0.890692055 0.129261881
vn -0.522084594 0.657941222 0.542716384
vn -0.079153493 0.92771101 0.364810884
vn 0.00149045489 0.885637999 0.464373916
vn -0.228485003 0.766134322 0.600693464
vn -0.0535284355 0.880998969 0.470080286
vn -0.551055193 0.699096859 0.455633193
vn -0.851846337 0.437730044 0.28766337
vn -0.170500681 0.982414305 -0.0761027783
vn -0.0190050099 0.868737817 0.494907409
vn 0.22454609 0.943593025 0.243333519
vn -0.0865122601 0.924184561 0.372019559
vn 0.0584296919 0.9982692 0.00667235488
vn 0.240850151 0.970482945 0.0124113215
vn 0.055027876 0.994274318 0.0915992707
vn -0.117547214 0.879431784 0.461283326
vn -0.281524241 0.895249426 -0.34535858
vn -0.635013878 0.650938809 -0.415976018
vn -0.00594690815 0.959364772 -0.282105982
vn -0.173817873 0.920999169 -0.348637253
vn 0.103565313 0.571439624 -0.81408298
vn -0.281524241 0.895249426 -0.34535858
vn 0.143071309 0.526160419 -0.838263512
vn 0.0774308071 0.32666558 -0.941962898
vn 0.397348613 0.262498975 -0.879322767
vn 0.103565313 0.571439624 -0.81408298
vn 0.044164449 0.449810922 -0.892031193
vn 0.132588491 0.186486423 -0.973469675
vn -0.161866069 0.558486223 -0.813567817
vn -0.0466712564 0.454352349 -0.889598608
vn -0.0316627137 0.439955413 -0.897461236
vn -0.258317977 0.28945291 -0.921677172
vn 0.00158104592 0.542282224 -0.840194881
vn 0.0143564353 -0.0539988056 -0.998437822
vn -0.312620133 -0.493161291 -0.811825454
vn -0.00880546495 -0.440646887 -0.897637367
vn -0.0318800136 0.390172124 -0.920189977
vn -0.0261142552 0.518937469 -0.854413271
vn -0.189890072 0.42417261 -0.885448694
vn 0.00950945541 0.0227684304 -0.999695539
vn -0.449588984 -0.0321152434 -0.892658114
vn -0.110208713 0.0167917348 -0.993766665
vn -0.0540614426 -0.449532032 -0.891626716
vn 0.141458437 -0.24460195 -0.959249377
vn -0.028788697 -0.0311885234 -0.999098897
vn -0.0551193357 -0.307489634 -0.949953735
vn 0.0886371061 -0.572361708 -0.815196633
vn -0.165197253 0.750771224 -0.639572024
vn -0.0261142552 0.518937469 -0.854413271
vn 0.143071309 0.526160419 -0.838263512
vn -0.0466712564 0.454352349 -0.889598608
vn -0.492028505 0.760625839 -0.423504591
vn -0.00114551838 -0.260537028 -0.965463161
vn -0.0551193357 -0.307489634 -0.949953735
vn -0.0324240513 -0.982621372 -0.182767496
vn -0.157455236 0.814528167 -0.558347285
vn -0.165197253 0.750771224 -0.639572024
vn -0.23310636 0.8887766 -0.394635916
vn -0.153339237 0.934331119 -0.321733534
vn -0.092925258 0.871463835 -0.481576234
vn -0.0250628907 0.997485399 -0.0662935004
vn 0.0135485744 -0.0152528472 -0.99979192
vn -0.168120682 0.848242283 -0.502215624
vn -0.113451846 0.35190028 -0.929136515
vn -0.0815541819 -0.199218169 -0.976555645
vn 0.0266305003 -0.134289026 -0.990584373
vn 0.0144966142 0.110331371 -0.993789136
vn 0.0883008987 0.0944848955 -0.99160248
vn 0.0570547916 0.0724941418 -0.995735526
vn 0.045113232 -0.0305987429 -0.998513162
vn 0.165570468 -0.856140077 -0.489500374
vn 0.180417284 -0.971831441 -0.151635438
vn 0.045113232 -0.0305987429 -0.998513162
vn 0.0725960806 -0.333474278 -0.939960003
vn 0.295032531 -0.93743521 -0.184854478
vn -0.00114551838 -0.260537028 -0.965463161
vn 0.295032531 -0.93743521 -0.184854478
vn 0.141458437 -0.24460195 -0.959249377
vn -0.0540614426 -0.449532032 -0.891626716
vn -0.333080053 -0.716857195 -0.6125139
vn 0.0143564353 -0.0539988056 -0.998437822
vn -0.440579772 0.700323582 -0.561637282
vn 0.189373091 0.980245769 -0.057060793
vn -0.109033346 0.553775907 -0.825496197
vn -0.109033346 0.553775907 -0.825496197
vn -0.092925258 0.871463835 -0.481576234
vn 0.127921537 0.991777778 -0.00361211807
vn -0.303865641 0.952714801 -0.000334828277
vn -0.440579772 0.700323582 -0.561637282
vn -0.871676028 0.484076083 -0.0764937401
vn -0.187269598 0.861269772 -0.472381741
vn -0.109033346 0.553775907 -0.825496197
vn 0.340466022 0.620500684 -0.706443012
vn 0.0147885866 0.997691512 0.0662794486
vn 0.141074359 0.985629261 0.0929136649
vn -0.528140843 0.799642324 0.285725921
vn 0.162738934 0.985970557 0.0371231996
vn 0.127045453 0.990931153 -0.0437583402
vn -0.303865641 0.952714801 -0.000334828277
vn -0.133297145 0.738287091 0.661183834
vn 0.121376887 0.989623845 0.0768907443
vn -0.0250628907 0.997485399 -0.0662935004
vn 0.0921621844 0.991568148 0.0910975561
vn 0.039881628 0.956514359 -0.288945675
vn 0.33206901 0.93124795 -0.150024816
vn 0.210941702 0.969911873 0.121549904
vn -0.0242701992 0.978852451 0.203122497
vn 0.156139374 0.575063765 0.803070426
vn 0.200720564 0.865584612 0.458775133
vn 0.363579839 0.931047142 -0.030997159
vn -0.305793554 0.951269686 -0.0397026204
vn 0.404992163 0.749151587 -0.524169028
vn 0.404992163 0.749151587 -0.524169028
vn -0.635013878 0.650938809 -0.415976018
vn -0.187269598 0.861269772 -0.472381741
vn -0.23310636 0.8887766 -0.394635916
vn 0.218023121 0.974406838 0.0547484085
vn 0.162918821 0.865704238 0.473300785
vn -0.140505642 0.91626817 0.37511456
vn 0.0461808667 0.996848881 0.0644953996
vn -0.0317816027 0.973741651 0.225426823
vn 0.250038981 0.945109963 0.210351229
vt 0.189999998 0
vt 0 0
vt 0 0.166679144
vt 0.192657903 0.166810125
vt 0.5 0
vt 3.09082679E-08 0.47123909
vt 0.500069261 0.166633993
vt 0.810000002 0
vt 0.195423499 0.471530974
vt 0.19937107 0.774046838
vt -5.24781026E-05 0.773860693
vt 0 0.952340782
vt 0.0538414717 0.983206391
vt 0.244624391 0.960972846
vt 0.303510278 0.940968871
vt 0.500149369 0.471131295
vt 0.499912918 0.773744643
vt 0.362477005 0.938587427
vt 0.517325461 0.951018929
vt 0.681056499 0.951671958
vt 0.816776752 0.774144828
vt 0.825842857 0.923446894
vt 0.813840151 0.470969081
vt 1.00005877 0.773650527
vt 0.999999225 0.930546582
vt 0.999948919 0.470955849
vt 0.811621666 0.16652514
vt 1.00000143 0.166552991
vt 1.00000143 0
vt 1 0.166775629
vt 1 0
vt 0.809548616 0
vt 0.808243155 0.16910626
vt 1.00220203 0.471496165
vt 0.499721408 0
vt 0.808020115 0.476868391
vt 0.804507196 0.777463973
vt 1.00300848 0.774536848
vt 0.499813259 0.170232013
vt 0.96990639 0.966728508
vt 1 0.968754292
vt 0.755245864 0.979009092
vt 0.696101606 0.979090095
vt 0.49967736 0.479246318
vt 0.498121858 0.777348101
vt 0.637167752 0.958807409
vt 0.482460171 0.957382858
vt 0.31875962 0.97567755
vt 0.195023537 0.776068747
vt 0.173234358 0.939671874
vt 0.198198199 0.475742728
vt -5.3806456E-05 0.773975849
vt 0 0.9400599
vt -0.00129647611 0.471385896
vt 0.194446474 0.168668985
vt 0 0.166748583
vt 0.18989417 0
vt 0 0
vt 1.02160335 1.2141794
vt 0.993498743 1.04707742
vt 0.821958065 1.05636394
vt 0.824501514 1.20994544
vt 0.680361927 1.04274201
vt 0.676463366 1.20864952
vt 0.515940189 1.04226613
vt 0.516724765 1.20164442
vt 0.361479849 1.04274225
vt 0.371282071 1.20305347
vt 0.312429547 1.20188653
vt 0.312500566 1.05019617
vt 0.25388816 1.04839373
vt 0.26368171 1.20213282
vt 0.0552353002 1.04274237
vt 0.0484408662 1.21371198
vt 0 1.04274249
vt 0.0030722206 1.20752299
vt -0.0779920593 0.995224953
vt -0.224535763 0.863525569
vt -0.226792812 1.00802946
vt -0.0758176446 0.857133746
vt -0.226738155 0.62228632
vt -0.0776487887 0.621137202
vt -0.226763308 0.384209603
vt -0.0779797286 0.384135574
vt -0.226792932 0.254492342
vt -0.0779920593 0.254492342
vt 1.22093749 0.268535137
vt 1.09794927 0.268134147
vt 1.09568179 0.394885838
vt 1.22028673 0.391129285
vt 1.22433662 0.614190817
vt 1.09570706 0.624956548
vt 1.1009717 0.847568274
vt 1.22916138 0.833033144
vt 1.09789085 0.975290179
vt 1.22842097 0.95865047
vt 1 0.41666624
vt 0.810000002 0.583333731
vt 1 0.583333731
vt 0.810000002 0.41666624
vt 0.5 0.416666269
vt 0.5 0.583333731
vt 0.190000057 0.583333731
vt 0.190000057 0.416666269
vt 0 0.416666269
vt 0 0.583333731
vt 0.682647467 0.256560862
vt 0.696696579 0.247821793
vt 0.686172426 0.247688577
vt 0.685995877 0.236345276
vt 0.696696579 0.247821793
vt 0.702570975 0.220795736
vt 0.707439482 0.242424294
vt 0.716473758 0.216900572
vt 0.72627753 0.223691031
vt 0.707439482 0.242424294
vt 0.732045233 0.226054117
vt 0.834461689 0.0312554687
vt 0.831746697 0.0132714072
vt 0.817569733 0.0283052754
vt 0.845375776 0.0402963646
vt 0.840911925 0.0292953383
vt 0.829780519 0.0417285748
vt 0.817569733 0.0283052754
vt 0.816200852 0.0560530312
vt 0.803055882 0.032033015
vt 0.798884869 0.0483336635
vt 0.78489548 0.0403856821
vt 0.782494605 0.0501872189
vt 0.767645895 0.0474634357
vt 0.766038001 0.0400044806
vt 0.751779318 0.0386820622
vt 0.745402873 0.0448394902
vt 0.766218424 0.0576946624
vt 0.753413916 0.0601855405
vt 0.747105777 0.0653638095
vt 0.762849748 0.0767107457
vt 0.766218424 0.0576946624
vt 0.782494605 0.0501872189
vt 0.775658071 0.0615621395
vt 0.750340343 0.0718504936
vt 0.745494843 0.0711062998
vt 0.743700087 0.0974268168
vt 0.757805109 0.0970603675
vt 0.759770215 0.103292748
vt 0.767840803 0.103161439
vt 0.771721244 0.0979748219
vt 0.774702966 0.10700421
vt 0.767500758 0.0849692672
vt 0.786649048 0.0909637362
vt 0.799131274 0.0997835845
vt 0.774883568 0.0784399062
vt 0.814901888 0.0943269879
vt 0.813161969 0.10011135
vt 0.824488401 0.0976413935
vt 0.811400771 0.0792638808
vt 0.825756133 0.066738531
vt 0.831807494 0.0885915607
vt 0.833876193 0.0985556096
vt 0.834702253 0.0835285038
vt 0.834760845 0.0727135092
vt 0.806885421 0.061676342
vt 0.782494605 0.0501872189
vt 0.813870132 0.0727729052
vt 0.816200852 0.0560530312
vt 0.840794146 0.0606662221
vt 0.84642297 0.0689429492
vt 0.846084833 0.0551324673
vt 0.847851932 0.465704978
vt 0.837269247 0.463847339
vt 0.796780288 0.474827468
vt 0.799639821 0.461270511
vt 0.796780288 0.474827468
vt 0.829436958 0.453072727
vt 0.799639821 0.461270511
vt 0.789693594 0.462777495
vt 0.797425449 0.447432041
vt 0.787023902 0.442712486
vt 0.778316975 0.468702614
vt 0.796780288 0.474827468
vt 0.781913102 0.477746487
vt 0.768722951 0.449026763
vt 0.80463475 0.437423408
vt 0.799639821 0.461270511
vt 0.837859154 0.431182563
vt 0.837269247 0.463847339
vt 0.76696378 0.441442609
vt 0.751879513 0.439468801
vt 0.756045878 0.421296656
vt 0.789485753 0.419140756
vt 0.778311908 0.411027312
vt 0.803508937 0.422798157
vt 0.75445646 0.409681201
vt 0.822175622 0.425303936
vt 0.840951443 0.418245435
vt 0.837859154 0.431182563
vt 0.854129374 0.423990428
vt 0.861432135 0.429560483
vt 0.760031581 0.401665032
vt 0.749891162 0.396596849
vt 0.749803543 0.3770293
vt 0.854400277 0.445850194
vt 0.852464378 0.456402898
vt 0.847851932 0.465704978
vt 0.755780995 0.376610756
vt 0.758990645 0.362941563
vt 0.764435709 0.380271077
vt 0.775617421 0.383019388
vt 0.764435709 0.380271077
vt 0.78755331 0.391221583
vt 0.800832391 0.396740735
vt 0.789485753 0.419140756
vt 0.803508937 0.422798157
vt 0.816545308 0.406504214
vt 0.767627537 0.359969676
vt 0.775617421 0.383019388
vt 0.757270038 0.351405203
vt 0.794003725 0.369385183
vt 0.778488457 0.356832445
vt 0.808043242 0.371030271
vt 0.809970498 0.389002502
vt 0.850571454 0.371284127
vt 0.82523948 0.399838626
vt 0.841085613 0.392005861
vt 0.857851386 0.39212805
vt 0.859480858 0.367693722
vt 0.872545898 0.38494581
vt 0.857851386 0.39212805
vt 0.870714605 0.397283733
vt 0.840951443 0.418245435
vt 0.856257915 0.411284626
vt 0.870714605 0.397283733
vt 0.873162687 0.413256705
vt 0.883539677 0.393896759
vt 0.883539677 0.393896759
vt 0.913660347 0.385610759
vt 0.89922595 0.403969467
vt 0.931582451 0.407818675
vt 0.884336293 0.413753033
vt 0.873162687 0.413256705
vt 0.883062601 0.420741796
vt 0.854129374 0.423990428
vt 0.856257915 0.411284626
vt 0.911972702 0.415670514
vt 0.877413154 0.437817395
vt 0.884072304 0.442621708
vt 0.896930337 0.429495275
vt 0.882522166 0.455672085
vt 0.852464378 0.456402898
vt 0.877779722 0.463593423
vt 0.847851932 0.465704978
vt 0.902198613 0.45652467
vt 0.906435549 0.443760633
vt 0.903277874 0.464057505
vt 0.906435549 0.443760633
vt 0.903998435 0.472403705
vt 0.877866745 0.472658098
vt 0.911891103 0.443882287
vt 0.911502481 0.454525292
vt 0.902198613 0.45652467
vt 0.92437309 0.432636917
vt 0.940280139 0.423618197
vt 0.944952846 0.415606558
vt 0.951776564 0.415573061
vt 0.953228056 0.410031736
vt 0.942489803 0.405395508
vt 0.944475234 0.39377588
vt 0.931265295 0.387720048
vt 0.939614594 0.376401782
vt 0.922618389 0.371900916
vt 0.931336582 0.367599785
vt 0.893119752 0.375584543
vt 0.919613957 0.358240128
vt 0.929753721 0.355255187
vt 0.929389477 0.346491158
vt 0.8878057 0.36506623
vt 0.875240922 0.371305883
vt 0.859480858 0.367693722
vt 0.873981357 0.35804671
vt 0.857758939 0.350014508
vt 0.873981357 0.35804671
vt 0.870489001 0.348566592
vt 0.867151201 0.326906025
vt 0.849758744 0.359267771
vt 0.850571454 0.371284127
vt 0.889889956 0.352666199
vt 0.870489001 0.348566592
vt 0.90478456 0.358218491
vt 0.91346699 0.343614578
vt 0.889889956 0.352666199
vt 0.902649164 0.335367262
vt 0.919586897 0.328272879
vt 0.929705501 0.321798503
vt 0.818388462 0.360405743
vt 0.808043242 0.371030271
vt 0.82649076 0.336294115
vt 0.848616779 0.331919432
vt 0.826497912 0.326510966
vt 0.856692731 0.320352256
vt 0.838516474 0.321277082
vt 0.821315825 0.318612874
vt 0.845877409 0.307397902
vt 0.803712189 0.324309707
vt 0.867496967 0.31356746
vt 0.80542618 0.31672281
vt 0.794049025 0.353036284
vt 0.801802218 0.359446108
vt 0.818388462 0.360405743
vt 0.793792605 0.321306169
vt 0.790666163 0.332555413
vt 0.830634773 0.289168417
vt 0.857315421 0.28720504
vt 0.792203486 0.295084834
vt 0.784816086 0.323280394
vt 0.779642463 0.345100105
vt 0.778047323 0.325413823
vt 0.77367115 0.331984699
vt 0.774501324 0.316147208
vt 0.781507492 0.298222959
vt 0.781400859 0.288048804
vt 0.782478869 0.271897614
vt 0.774241149 0.281592965
vt 0.810483098 0.286597073
vt 0.798113704 0.272937477
vt 0.825721502 0.27952522
vt 0.846987724 0.278470337
vt 0.818586707 0.267457545
vt 0.843632758 0.266753256
vt 0.810780346 0.262096286
vt 0.795889199 0.266262054
vt 0.782478869 0.271897614
vt 0.771304786 0.273510993
vt 0.76802212 0.264538705
vt 0.839982152 0.258130789
vt 0.824167311 0.249107152
vt 0.795889199 0.266262054
vt 0.84767741 0.254490227
vt 0.905362308 0.254513234
vt 0.882819772 0.272219598
vt 0.874334693 0.281827748
vt 0.910632491 0.277812183
vt 0.905362308 0.254513234
vt 0.875123501 0.290467918
vt 0.874861896 0.300530732
vt 0.924866736 0.268986523
vt 0.931236923 0.254173666
vt 0.900534213 0.2471499
vt 0.84767741 0.254490227
vt 0.943142712 0.244964644
vt 0.92909193 0.275325894
vt 0.915443778 0.284768045
vt 0.93325907 0.284238517
vt 0.915865242 0.291741073
vt 0.911925673 0.31651926
vt 0.934935689 0.298839748
vt 0.932941616 0.31508261
vt 0.936147273 0.309563935
vt 0.919586897 0.328272879
vt 0.889132559 0.31826669
vt 0.894677579 0.32703048
vt 0.894677579 0.32703048
vt 0.907083273 0.324500263
vt 0.902780712 0.32960397
vt 0.884388626 0.342121243
vt 0.854129374 0.423990428
vt 0.618196011 0.474259317
vt 0.595424175 0.466497183
vt 0.595062792 0.473279655
vt 0.609946132 0.452935398
vt 0.596502006 0.457568765
vt 0.624732316 0.454507828
vt 0.633912146 0.476865888
vt 0.601638377 0.445096433
vt 0.59362036 0.442931354
vt 0.596907079 0.434210598
vt 0.620127857 0.440323234
vt 0.63267988 0.437660873
vt 0.648087502 0.454372346
vt 0.64700681 0.471075118
vt 0.610885918 0.418813884
vt 0.584661126 0.414908707
vt 0.643644392 0.443461597
vt 0.674020648 0.455716431
vt 0.684891999 0.443204939
vt 0.68752718 0.473147333
vt 0.633912146 0.476865888
vt 0.693246663 0.458634317
vt 0.696827233 0.468818843
vt 0.694205165 0.446235836
vt 0.632067084 0.424305916
vt 0.64511317 0.433514297
vt 0.664494753 0.437015235
vt 0.611866176 0.410254776
vt 0.68646872 0.432965636
vt 0.638514578 0.407037199
vt 0.648308456 0.427520812
vt 0.645452261 0.412384272
vt 0.659473956 0.419199049
vt 0.696565449 0.430470884
vt 0.679162979 0.409632504
vt 0.649489343 0.400451243
vt 0.632924259 0.399540961
vt 0.593731105 0.409013629
vt 0.582497895 0.404771507
vt 0.575630367 0.403185904
vt 0.608337104 0.393826425
vt 0.583099067 0.391522944
vt 0.589154541 0.380561769
vt 0.571901977 0.39515394
vt 0.576010585 0.385217845
vt 0.576805592 0.371541679
vt 0.633352935 0.390209258
vt 0.641263783 0.386065125
vt 0.61383009 0.381732464
vt 0.582292914 0.366585433
vt 0.560860574 0.359866619
vt 0.602655768 0.374799013
vt 0.583444536 0.353493512
vt 0.570456445 0.352326334
vt 0.552896559 0.352127373
vt 0.558988571 0.342988551
vt 0.54406774 0.344561875
vt 0.577212691 0.340833247
vt 0.564943731 0.335142672
vt 0.550694048 0.333291233
vt 0.590318322 0.346131861
vt 0.602655768 0.374799013
vt 0.617860615 0.370965838
vt 0.633352935 0.390209258
vt 0.634447634 0.370703399
vt 0.544210196 0.326893687
vt 0.5405671 0.338672101
vt 0.527760804 0.327875555
vt 0.578613222 0.316988289
vt 0.584231377 0.325738549
vt 0.533482492 0.310966074
vt 0.519752681 0.30461663
vt 0.649502158 0.382625759
vt 0.649489343 0.400451243
vt 0.567876518 0.303956509
vt 0.66925782 0.37911135
vt 0.693835318 0.391403437
vt 0.591127753 0.316591084
vt 0.601194203 0.331722677
vt 0.597633898 0.316284359
vt 0.617129087 0.341792762
vt 0.613306522 0.320593774
vt 0.580071867 0.302676439
vt 0.602747023 0.350125968
vt 0.624318898 0.358586192
vt 0.632653892 0.342554748
vt 0.583699048 0.292460263
vt 0.550807238 0.300496459
vt 0.537937701 0.295153201
vt 0.528753817 0.284944236
vt 0.514827192 0.293227017
vt 0.564305246 0.274501503
vt 0.550807238 0.300496459
vt 0.594968975 0.289973974
vt 0.59079206 0.298416436
vt 0.60578233 0.296843767
vt 0.618144333 0.284428775
vt 0.646466672 0.28723073
vt 0.642740428 0.280168116
vt 0.646466672 0.28723073
vt 0.670420885 0.281132758
vt 0.654875278 0.289295256
vt 0.631804407 0.306532681
vt 0.650193036 0.308459282
vt 0.640762866 0.322895408
vt 0.671539545 0.291795313
vt 0.670420885 0.281132758
vt 0.683024466 0.282896936
vt 0.665762484 0.313487709
vt 0.677785099 0.315693676
vt 0.621448636 0.32761234
vt 0.631809533 0.329003751
vt 0.655595779 0.316889346
vt 0.650010467 0.339054465
vt 0.642555773 0.34535265
vt 0.640746891 0.358312547
vt 0.649383426 0.367290676
vt 0.666407049 0.351152241
vt 0.666407049 0.351152241
vt 0.666605771 0.337882936
vt 0.680084646 0.32274878
vt 0.683010757 0.364913642
vt 0.679142535 0.343194067
vt 0.687905252 0.333470881
vt 0.69462496 0.339520812
vt 0.700126827 0.330447495
vt 0.700240254 0.321268737
vt 0.721309423 0.317241848
vt 0.690769196 0.310578525
vt 0.671539545 0.291795313
vt 0.705504298 0.299760103
vt 0.685673118 0.291439831
vt 0.700070798 0.286745965
vt 0.701213062 0.280770957
vt 0.68517673 0.266887009
vt 0.70069766 0.266279519
vt 0.736420035 0.267960012
vt 0.736649811 0.276883721
vt 0.74507463 0.298140705
vt 0.743492126 0.289302826
vt 0.701213062 0.280770957
vt 0.742476881 0.281466305
vt 0.729426801 0.309727728
vt 0.738739371 0.31632489
vt 0.73853451 0.324262381
vt 0.737432301 0.329962194
vt 0.72658962 0.333203614
vt 0.714537323 0.339351594
vt 0.720310092 0.348006546
vt 0.701977551 0.351828277
vt 0.720598042 0.358589828
vt 0.710936725 0.370791614
vt 0.703406155 0.379463613
vt 0.708858371 0.390314281
vt 0.695555806 0.401483893
vt 0.712292075 0.403341174
vt 0.702691615 0.409833968
vt 0.713608265 0.414494812
vt 0.709691346 0.433569551
vt 0.726826966 0.441112339
vt 0.70604378 0.46286267
vt 0.693246663 0.458634317
vt 0.735989392 0.4606691
vt 0.720732152 0.473193407
vt 0.720732152 0.473193407
vt 0.738508165 0.47081989
vt 0.697254837 0.478596926
vt 0.68752718 0.473147333
vt 0.975133002 0.0510317273
vt 0.967764914 0.0478933342
vt 0.961036146 0.0573042817
vt 0.972622335 0.0641335398
vt 0.943215907 0.0626793429
vt 0.94031924 0.0562065095
vt 0.970998943 0.0748606473
vt 0.922745943 0.0610186942
vt 0.907412052 0.0500064604
vt 0.943898499 0.0760424584
vt 0.897582531 0.0648354217
vt 0.965159178 0.0833320469
vt 0.972827613 0.0935526341
vt 0.885156989 0.0585434027
vt 0.877819896 0.0583231337
vt 0.88216728 0.0695165768
vt 0.905198991 0.0813128203
vt 0.93712455 0.083513543
vt 0.952028811 0.102465674
vt 0.961434066 0.10145928
vt 0.971203446 0.104160354
vt 0.968761742 0.115253881
vt 0.958455443 0.118861452
vt 0.961136222 0.128162727
vt 0.942408562 0.116500005
vt 0.944572151 0.103651032
vt 0.938281953 0.11548011
vt 0.933710635 0.103648797
vt 0.928475678 0.0905871242
vt 0.92412132 0.112939104
vt 0.928481817 0.123685166
vt 0.911971092 0.125496164
vt 0.904791415 0.113604769
vt 0.898670554 0.115930215
vt 0.89814949 0.0930410177
vt 0.885892749 0.101718172
vt 0.880936384 0.0852227062
vt 0.879992604 0.111845836
vt 0.885585546 0.116711572
vt 0.878222942 0.1007085
vt 0.877571642 0.0933759063
vt 0.869859397 0.0833434612
vt 0.874255598 0.0732123256
vt 0.865303755 0.0785373226
vt 0.862747371 0.0699243546
vt 0.866423488 0.0522813238
vt 0.874787092 0.0513494723
vt 0.884652734 0.0413280316
vt 0.907412052 0.0500064604
vt 0.715055048 0.0750633925
vt 0.707304001 0.0715396851
vt 0.709989607 0.080499962
vt 0.721612632 0.0830674917
vt 0.728227675 0.0903158933
vt 0.723308623 0.0972748846
vt 0.710799098 0.0908850878
vt 0.733855069 0.123807117
vt 0.738806665 0.102042034
vt 0.745402873 0.118096098
vt 0.737579823 0.129856423
vt 0.745003939 0.128864244
vt 0.749293327 0.130908027
vt 0.721659124 0.125433698
vt 0.709181547 0.112936541
vt 0.728162289 0.133479401
vt 0.712178648 0.135698751
vt 0.703759193 0.126049265
vt 0.697875321 0.151805326
vt 0.693132818 0.12934278
vt 0.712536395 0.152246341
vt 0.74840349 0.148501918
vt 0.756848216 0.139560565
vt 0.76555562 0.128810421
vt 0.765208304 0.15248026
vt 0.74605912 0.16644682
vt 0.74605912 0.16644682
vt 0.731107771 0.151871517
vt 0.737160563 0.170702681
vt 0.773843825 0.137976304
vt 0.782370031 0.124766275
vt 0.783726394 0.150907919
vt 0.795105636 0.163814828
vt 0.71929723 0.153035894
vt 0.716798544 0.186354205
vt 0.722985625 0.169689134
vt 0.795937061 0.130680487
vt 0.792084873 0.11933051
vt 0.80332166 0.118819371
vt 0.726191938 0.192093387
vt 0.806782365 0.146097615
vt 0.795105636 0.163814828
vt 0.809168518 0.130005404
vt 0.81041795 0.12096329
vt 0.823105335 0.131146267
vt 0.83454895 0.12360172
vt 0.835088611 0.131660327
vt 0.841470361 0.127775058
vt 0.82476449 0.150910631
vt 0.834151804 0.1495689
vt 0.844087839 0.135483071
vt 0.847800016 0.131208912
vt 0.80779475 0.156234458
vt 0.847767949 0.140030071
vt 0.860364854 0.131303594
vt 0.797188163 0.174845204
vt 0.787689507 0.171939865
vt 0.818468809 0.18317835
vt 0.796936691 0.188395724
vt 0.787689507 0.171939865
vt 0.847453654 0.15463005
vt 0.854064822 0.144743308
vt 0.87531805 0.130594775
vt 0.882220268 0.131101593
vt 0.884702563 0.126828983
vt 0.904632688 0.128219292
vt 0.827591538 0.178747758
vt 0.906104922 0.143754408
vt 0.895284235 0.159816429
vt 0.87546277 0.158584699
vt 0.855230868 0.164107308
vt 0.81671828 0.203068212
vt 0.832004726 0.190733358
vt 0.81671828 0.203068212
vt 0.841109276 0.170567498
vt 0.828890026 0.222332552
vt 0.820679724 0.222079501
vt 0.804226816 0.210322663
vt 0.809235334 0.229755446
vt 0.795786142 0.219589636
vt 0.841973424 0.211178616
vt 0.841203511 0.222163722
vt 0.787731707 0.209642336
vt 0.777526259 0.219442025
vt 0.770612776 0.207984969
vt 0.766258419 0.223585948
vt 0.761754811 0.222728059
vt 0.741840482 0.209080353
vt 0.788070261 0.19700335
vt 0.776435077 0.189856574
vt 0.773295045 0.178252295
vt 0.756138146 0.183334455
vt 0.768775165 0.198198721
vt 0.748812437 0.195220634
vt 0.754363239 0.179405555
vt 0.739149749 0.192390069
vt 0.727417886 0.205446407
vt 0.717470825 0.199998245
vt 0.709041119 0.2059149
vt 0.701947868 0.19160901
vt 0.693861306 0.213581607
vt 0.685032427 0.208323434
vt 0.686836302 0.195864603
vt 0.706847012 0.17223911
vt 0.697875321 0.151805326
vt 0.683425248 0.172820374
vt 0.678886294 0.194161043
vt 0.688031793 0.132365093
vt 0.686384737 0.152583465
vt 0.683425248 0.172820374
vt 0.765208304 0.15248026
vt 0.754363239 0.179405555
vt 0.754363239 0.179405555
vt 0.773295045 0.178252295
vt 0.756138146 0.183334455
vt 0.906151533 0.220072374
vt 0.915826321 0.209327549
vt 0.915601552 0.199351668
vt 0.919558048 0.14818804
vt 0.904963017 0.166330799
vt 0.906759322 0.154999599
vt 0.895284235 0.159816429
vt 0.906104922 0.143754408
vt 0.918103158 0.136179104
vt 0.903086126 0.202851042
vt 0.915601552 0.199351668
vt 0.904963017 0.166330799
vt 0.898044825 0.221117452
vt 0.898305357 0.188363418
vt 0.886434853 0.217688397
vt 0.879617214 0.222504437
vt 0.883007467 0.188131616
vt 0.874019206 0.213879287
vt 0.870022714 0.219789594
vt 0.86775583 0.203485772
vt 0.862844169 0.219882652
vt 0.873302042 0.191385254
vt 0.869426072 0.174648151
vt 0.859541535 0.175254747
vt 0.863278866 0.18981795
vt 0.851915002 0.20008941
vt 0.851211429 0.214718148
vt 0.849307239 0.225025639
vt 0.62506628 0.265422642
vt 0.610396862 0.266921222
vt 0.628515422 0.271257937
vt 0.616501093 0.260034382
vt 0.634648502 0.258763492
vt 0.579605639 0.257436752
vt 0.613910317 0.253228158
vt 0.613910317 0.253228158
vt 0.630588233 0.232961282
vt 0.637912095 0.24396871
vt 0.637097418 0.229626521
vt 0.589414656 0.243052498
vt 0.586757541 0.21727173
vt 0.617749572 0.22157906
vt 0.64458406 0.219682559
vt 0.571122706 0.240914002
vt 0.553578794 0.242677853
vt 0.557818949 0.229702219
vt 0.568985999 0.230804697
vt 0.565005839 0.212312385
vt 0.558917463 0.204744086
vt 0.575044513 0.222787842
vt 0.571122706 0.240914002
vt 0.585006475 0.194725022
vt 0.610912502 0.197959647
vt 0.547468305 0.189523503
vt 0.607708275 0.214043364
vt 0.61524111 0.207807645
vt 0.641231954 0.209204182
vt 0.652516961 0.210751161
vt 0.653704166 0.194709018
vt 0.616534531 0.198931977
vt 0.625214696 0.186061427
vt 0.559843957 0.182214215
vt 0.544880092 0.182105526
vt 0.651052237 0.189930186
vt 0.6580351 0.184863463
vt 0.654516757 0.172162905
vt 0.549224913 0.174275026
vt 0.542647362 0.168722495
vt 0.553139031 0.164836451
vt 0.575347126 0.185071155
vt 0.607271731 0.193563029
vt 0.62073189 0.176928803
vt 0.582190871 0.172805265
vt 0.561829388 0.157937452
vt 0.548656881 0.153642461
vt 0.551170349 0.122075155
vt 0.536685526 0.155993804
vt 0.542512476 0.142809853
vt 0.52458787 0.137531474
vt 0.533696771 0.13208513
vt 0.528224587 0.12385051
vt 0.535041988 0.115556553
vt 0.607933581 0.179063663
vt 0.56766516 0.110669598
vt 0.574293792 0.120031998
vt 0.548100173 0.104188368
vt 0.533843696 0.106335029
vt 0.561145067 0.0990014523
vt 0.56766516 0.110669598
vt 0.566188574 0.096854791
vt 0.531328738 0.0923388749
vt 0.523605764 0.098085925
vt 0.561145067 0.0990014523
vt 0.531024992 0.0774927586
vt 0.515498102 0.0763639659
vt 0.518181086 0.0683733076
vt 0.556836128 0.0785733908
vt 0.528780401 0.0649639219
vt 0.518024147 0.0546040721
vt 0.54826194 0.0702538341
vt 0.522620618 0.0502531715
vt 0.519429266 0.0450903662
vt 0.531561553 0.0415773317
vt 0.576396048 0.0664123148
vt 0.580690801 0.0850523561
vt 0.609589994 0.0759016722
vt 0.619690657 0.0621724017
vt 0.617999911 0.0830877274
vt 0.542390406 0.0534891374
vt 0.551584899 0.03487565
vt 0.571819842 0.0463410802
vt 0.579446137 0.0595087595
vt 0.578152955 0.0432465263
vt 0.573956847 0.0362520702
vt 0.606066883 0.101675496
vt 0.580690801 0.0850523561
vt 0.566188574 0.096854791
vt 0.556836128 0.0785733908
vt 0.618327916 0.0889592022
vt 0.611477315 0.0398763604
vt 0.578152955 0.0432465263
vt 0.608866036 0.0327747948
vt 0.63337189 0.092133984
vt 0.606066883 0.101675496
vt 0.628958344 0.109216258
vt 0.65886265 0.112030074
vt 0.632335126 0.118658647
vt 0.641204894 0.1213658
vt 0.646274865 0.0874333829
vt 0.64852041 0.0995842069
vt 0.66172713 0.0956118554
vt 0.664770603 0.0688274354
vt 0.64548558 0.0740304738
vt 0.661848664 0.0640987605
vt 0.633741915 0.0651385635
vt 0.662046969 0.0443513878
vt 0.645160139 0.0440614112
vt 0.658660114 0.0354171582
vt 0.640990257 0.038158644
vt 0.645160139 0.0440614112
vt 0.625718653 0.0421499796
vt 0.621784031 0.0339041241
vt 0.611477315 0.0398763604
vt 0.621784031 0.0339041241
vt 0.571819842 0.0463410802
vt 0.551584899 0.03487565
vt 0.520725548 0.0370042808
vt 0.522620618 0.0502531715
vt 0.608709097 0.122394904
vt 0.62093401 0.131529912
vt 0.618115008 0.116291717
vt 0.618115008 0.116291717
vt 0.632335126 0.118658647
vt 0.630315125 0.141845986
vt 0.606755197 0.136012718
vt 0.608709097 0.122394904
vt 0.599115014 0.127620742
vt 0.597691417 0.108942345
vt 0.618115008 0.116291717
vt 0.592576861 0.117922291
vt 0.637383461 0.142218992
vt 0.617881954 0.163003907
vt 0.600160539 0.166618511
vt 0.630514681 0.166704103
vt 0.594917715 0.138024464
vt 0.606755197 0.136012718
vt 0.594590545 0.170816347
vt 0.639275134 0.155851498
vt 0.641204894 0.1213658
vt 0.658075094 0.127977982
vt 0.656090796 0.117599592
vt 0.662229657 0.120467559
vt 0.65811038 0.156711236
vt 0.629016638 0.176293537
vt 0.607384086 0.167911097
vt 0.579533279 0.161191389
vt 0.58229363 0.137055919
vt 0.571270645 0.139670357
vt 0.584332108 0.124999568
vt 0.584332108 0.124999568
vt 0.574293792 0.120031998
vt 0.597691417 0.108942345
vt 0.628958344 0.109216258
vt 0.767627537 0.359969676
vt 0.762583792 0.335607827
vt 0.779642463 0.345100105
vt 0.794003725 0.369385183
vt 0.794049025 0.353036284
vt 0.801802218 0.359446108
g submesh0
f 1/1/1 2/2/2 3/3/3
f 1/1/1 3/3/3 4/4/4
f 5/5/5 1/1/1 4/4/4
f 4/4/4 3/3/3 6/6/6
f 5/5/5 4/4/4 7/7/7
f 8/8/8 5/5/5 7/7/7
f 4/4/4 6/6/6 9/9/9
f 7/7/7 4/4/4 9/9/9
f 10/10/10 9/9/9 6/6/6
f 10/10/10 6/6/6 11/11/11
f 10/10/10 11/11/11 12/12/12
f 10/10/10 12/12/12 13/13/13
f 10/10/10 13/13/13 14/14/14
f 10/10/10 14/14/14 15/15/15
f 16/16/16 9/9/9 10/10/10
f 7/7/7 9/9/9 16/16/16
f 17/17/17 10/10/10 15/15/15
f 16/16/16 10/10/10 17/17/17
f 17/17/17 15/15/15 18/18/18
f 17/17/17 18/18/18 19/19/19
f 20/20/20 17/17/17 19/19/19
f 20/20/20 21/21/21 17/17/17
f 21/21/21 16/16/16 17/17/17
f 21/21/21 20/20/20 22/22/22
f 23/23/23 7/7/7 16/16/16
f 21/21/21 23/23/23 16/16/16
f 24/24/24 21/21/21 22/22/22
f 24/24/24 22/22/22 25/25/25
f 26/26/26 21/21/21 24/24/24
f 26/26/26 23/23/23 21/21/21
f 23/23/23 27/27/27 7/7/7
f 26/26/26 27/27/27 23/23/23
f 8/8/8 7/7/7 27/27/27
f 26/26/26 28/28/28 27/27/27
f 29/29/29 8/8/8 27/27/27
f 29/29/29 27/27/27 28/28/28
f 30/30/30 31/31/31 32/32/32
f 30/30/30 32/32/32 33/33/33
f 34/34/34 30/30/30 33/33/33
f 35/35/35 33/33/33 32/32/32
f 34/34/34 33/33/33 36/36/36
f 34/34/34 36/36/36 37/37/37
f 34/34/34 37/37/37 38/38/38
f 35/35/35 39/39/39 33/33/33
f 39/39/39 36/36/36 33/33/33
f 38/38/38 37/37/37 40/40/40
f 38/38/38 40/40/40 41/41/41
f 40/40/40 37/37/37 42/42/42
f 42/42/42 37/37/37 43/43/43
f 44/44/44 37/37/37 36/36/36
f 39/39/39 44/44/44 36/36/36
f 43/43/43 37/37/37 45/45/45
f 44/44/44 45/45/45 37/37/37
f 43/43/43 45/45/45 46/46/46
f 46/46/46 45/45/45 47/47/47
f 48/48/48 47/47/47 45/45/45
f 48/48/48 45/45/45 49/49/49
f 49/49/49 45/45/45 44/44/44
f 48/48/48 49/49/49 50/50/50
f 51/51/51 44/44/44 39/39/39
f 49/49/49 44/44/44 51/51/51
f 50/50/50 49/49/49 52/52/52
f 50/50/50 52/52/52 53/53/53
f 49/49/49 54/54/54 52/52/52
f 49/49/49 51/51/51 54/54/54
f 51/51/51 39/39/39 55/55/55
f 55/55/55 54/54/54 51/51/51
f 55/55/55 39/39/39 35/35/35
f 55/55/55 56/56/56 54/54/54
f 55/55/55 35/35/35 57/57/57
f 57/57/57 56/56/56 55/55/55
f 57/57/57 58/58/58 56/56/56
f 59/59/59 60/60/60 61/61/61
f 59/59/59 61/61/61 62/62/62
f 63/63/63 62/62/62 61/61/61
f 63/63/63 64/64/64 62/62/62
f 64/64/64 63/63/63 65/65/65
f 64/64/64 65/65/65 66/66/66
f 67/67/67 66/66/66 65/65/65
f 67/67/67 68/68/68 66/66/66
f 67/67/67 69/69/69 68/68/68
f 67/67/67 70/70/70 69/69/69
f 69/69/69 70/70/70 71/71/71
f 69/69/69 71/71/71 72/72/72
f 73/73/73 72/72/72 71/71/71
f 73/73/73 74/74/74 72/72/72
f 74/74/74 73/73/73 75/75/75
f 74/74/74 75/75/75 76/76/76
f 77/77/77 78/78/78 79/79/79
f 77/77/77 80/80/80 78/78/78
f 81/81/81 78/78/78 80/80/80
f 81/81/81 80/80/80 82/82/82
f 83/83/83 81/81/81 82/82/82
f 83/83/83 82/82/82 84/84/84
f 85/85/85 83/83/83 84/84/84
f 85/85/85 84/84/84 86/86/86
f 87/87/87 88/88/88 89/89/89
f 87/87/87 89/89/89 90/90/90
f 91/91/91 90/90/90 89/89/89
f 91/91/91 89/89/89 92/92/92
f 91/91/91 92/92/92 93/93/93
f 91/91/91 93/93/93 94/94/94
f 94/94/94 93/93/93 95/95/95
f 94/94/94 95/95/95 96/96/96
f 97/97/97 98/98/98 99/99/99
f 97/97/97 100/100/100 98/98/98
f 98/98/98 100/100/100 101/101/101
f 98/98/98 101/101/101 102/102/102
f 103/103/103 102/102/102 101/101/101
f 103/103/103 101/101/101 104/104/104
f 103/103/103 104/104/104 105/105/105
f 103/103/103 105/105/105 106/106/106
g submesh1
f 107/107/107 108/108/108 109/109/109
f 110/110/110 109/109/109 111/111/111
f 112/112/112 110/110/110 111/111/111
f 111/111/111 113/113/113 112/112/112
f 114/114/114 112/112/112 113/113/113
f 114/114/114 113/113/113 115/115/115
f 115/115/115 116/116/116 117/117/117
f 118/118/118 119/119/119 120/120/120
f 118/118/118 121/121/121 122/122/122
f 118/118/118 123/123/123 121/121/121
f 118/118/118 124/124/124 123/123/123
f 123/123/123 124/124/124 125/125/125
f 125/125/125 124/124/124 126/126/126
f 127/127/127 125/125/125 126/126/126
f 127/127/127 126/126/126 128/128/128
f 127/127/127 128/128/128 129/129/129
f 129/129/129 128/128/128 130/130/130
f 131/131/131 130/130/130 128/128/128
f 130/130/130 131/131/131 132/132/132
f 133/133/133 130/130/130 132/132/132
f 134/134/134 130/130/130 133/133/133
f 135/135/135 134/134/134 133/133/133
f 136/136/136 135/135/135 133/133/133
f 137/137/137 135/135/135 136/136/136
f 137/137/137 138/138/138 135/135/135
f 138/138/138 139/139/139 130/130/130
f 140/140/140 139/139/139 138/138/138
f 137/137/137 140/140/140 138/138/138
f 137/137/137 136/136/136 141/141/141
f 142/142/142 141/141/141 136/136/136
f 141/141/141 142/142/142 143/143/143
f 144/144/144 141/141/141 143/143/143
f 144/144/144 137/137/137 141/141/141
f 145/145/145 144/144/144 143/143/143
f 146/146/146 144/144/144 145/145/145
f 146/146/146 147/147/147 144/144/144
f 148/148/148 147/147/147 146/146/146
f 149/149/149 137/137/137 144/144/144
f 147/147/147 149/149/149 144/144/144
f 148/148/148 150/150/150 147/147/147
f 150/150/150 149/149/149 147/147/147
f 148/148/148 151/151/151 150/150/150
f 152/152/152 140/140/140 137/137/137
f 149/149/149 152/152/152 137/137/137
f 151/151/151 153/153/153 150/150/150
f 154/154/154 153/153/153 151/151/151
f 154/154/154 155/155/155 153/153/153
f 150/150/150 156/156/156 149/149/149
f 149/149/149 156/156/156 152/152/152
f 153/153/153 156/156/156 150/150/150
f 153/153/153 157/157/157 156/156/156
f 153/153/153 158/158/158 157/157/157
f 155/155/155 158/158/158 153/153/153
f 159/159/159 158/158/158 155/155/155
f 159/159/159 160/160/160 158/158/158
f 158/158/158 160/160/160 157/157/157
f 160/160/160 161/161/161 157/157/157
f 152/152/152 162/162/162 140/140/140
f 162/162/162 163/163/163 140/140/140
f 156/156/156 164/164/164 152/152/152
f 152/152/152 164/164/164 162/162/162
f 156/156/156 157/157/157 164/164/164
f 162/162/162 165/165/165 163/163/163
f 164/164/164 165/165/165 162/162/162
f 164/164/164 157/157/157 165/165/165
f 165/165/165 127/127/127 163/163/163
f 157/157/157 123/123/123 165/165/165
f 161/161/161 166/166/166 157/157/157
f 157/157/157 166/166/166 123/123/123
f 161/161/161 167/167/167 166/166/166
f 166/166/166 121/121/121 123/123/123
f 167/167/167 168/168/168 166/166/166
f 168/168/168 121/121/121 166/166/166
f 169/169/169 170/170/170 171/171/171
f 172/172/172 173/173/173 170/170/170
f 174/174/174 172/172/172 170/170/170
f 175/175/175 176/176/176 173/173/173
f 175/175/175 177/177/177 176/176/176
f 178/178/178 176/176/176 177/177/177
f 178/178/178 179/179/179 176/176/176
f 176/176/176 179/179/179 180/180/180
f 179/179/179 181/181/181 180/180/180
f 182/182/182 179/179/179 178/178/178
f 178/178/178 177/177/177 183/183/183
f 183/183/183 177/177/177 184/184/184
f 185/185/185 184/184/184 174/174/174
f 183/183/183 184/184/184 185/185/185
f 174/174/174 186/186/186 185/185/185
f 187/187/187 182/182/182 178/178/178
f 187/187/187 188/188/188 182/182/182
f 189/189/189 188/188/188 187/187/187
f 187/187/187 178/178/178 190/190/190
f 189/189/189 187/187/187 190/190/190
f 183/183/183 190/190/190 178/178/178
f 189/189/189 190/190/190 191/191/191
f 190/190/190 183/183/183 192/192/192
f 189/189/189 191/191/191 193/193/193
f 192/192/192 183/183/183 194/194/194
f 185/185/185 194/194/194 183/183/183
f 192/192/192 194/194/194 195/195/195
f 194/194/194 196/196/196 195/195/195
f 195/195/195 196/196/196 197/197/197
f 197/197/197 185/185/185 198/198/198
f 191/191/191 199/199/199 193/193/193
f 199/199/199 200/200/200 193/193/193
f 199/199/199 201/201/201 200/200/200
f 185/185/185 202/202/202 198/198/198
f 185/185/185 186/186/186 202/202/202
f 202/202/202 186/186/186 203/203/203
f 186/186/186 204/204/204 203/203/203
f 199/199/199 205/205/205 201/201/201
f 201/201/201 205/205/205 206/206/206
f 199/199/199 207/207/207 205/205/205
f 199/199/199 208/208/208 207/207/207
f 191/191/191 208/208/208 199/199/199
f 209/209/209 206/206/206 205/205/205
f 191/191/191 210/210/210 208/208/208
f 191/191/191 211/211/211 210/210/210
f 212/212/212 211/211/211 191/191/191
f 213/213/213 211/211/211 212/212/212
f 211/211/211 213/213/213 214/214/214
f 209/209/209 215/215/215 206/206/206
f 209/209/209 216/216/216 215/215/215
f 210/210/210 215/215/215 216/216/216
f 206/206/206 215/215/215 217/217/217
f 210/210/210 218/218/218 215/215/215
f 211/211/211 218/218/218 210/210/210
f 218/218/218 219/219/219 215/215/215
f 220/220/220 218/218/218 211/211/211
f 221/221/221 220/220/220 211/211/211
f 214/214/214 221/221/221 211/211/211
f 222/222/222 220/220/220 221/221/221
f 214/214/214 223/223/223 221/221/221
f 224/224/224 222/222/222 221/221/221
f 223/223/223 224/224/224 221/221/221
f 225/225/225 222/222/222 224/224/224
f 225/225/225 226/226/226 222/222/222
f 225/225/225 227/227/227 226/226/226
f 228/228/228 224/224/224 223/223/223
f 229/229/229 227/227/227 225/225/225
f 230/230/230 223/223/223 214/214/214
f 230/230/230 214/214/214 192/192/192
f 231/231/231 223/223/223 230/230/230
f 231/231/231 228/228/228 223/223/223
f 231/231/231 232/232/232 228/228/228
f 231/231/231 233/233/233 232/232/232
f 234/234/234 229/229/229 233/233/233
f 229/229/229 235/235/235 227/227/227
f 235/235/235 236/236/236 227/227/227
f 237/237/237 236/236/236 235/235/235
f 238/238/238 236/236/236 237/237/237
f 237/237/237 234/234/234 239/239/239
f 239/239/239 238/238/238 237/237/237
f 240/240/240 239/239/239 234/234/234
f 240/240/240 241/241/241 239/239/239
f 240/240/240 242/242/242 241/241/241
f 243/243/243 242/242/242 240/240/240
f 242/242/242 198/198/198 241/241/241
f 239/239/239 244/244/244 238/238/238
f 239/239/239 241/241/241 244/244/244
f 245/245/245 241/241/241 198/198/198
f 245/245/245 198/198/198 202/202/202
f 241/241/241 245/245/245 246/246/246
f 202/202/202 246/246/246 245/245/245
f 244/244/244 241/241/241 247/247/247
f 241/241/241 246/246/246 247/247/247
f 246/246/246 202/202/202 248/248/248
f 248/248/248 202/202/202 249/249/249
f 248/248/248 249/249/249 250/250/250
f 249/249/249 251/251/251 250/250/250
f 246/246/246 248/248/248 252/252/252
f 253/253/253 246/246/246 252/252/252
f 252/252/252 248/248/248 254/254/254
f 254/254/254 248/248/248 250/250/250
f 247/247/247 246/246/246 255/255/255
f 250/250/250 256/256/256 254/254/254
f 250/250/250 257/257/257 256/256/256
f 247/247/247 255/255/255 258/258/258
f 255/255/255 259/259/259 258/258/258
f 253/253/253 260/260/260 259/259/259
f 260/260/260 254/254/254 259/259/259
f 247/247/247 258/258/258 261/261/261
f 247/247/247 261/261/261 244/244/244
f 244/244/244 261/261/261 262/262/262
f 244/244/244 262/262/262 238/238/238
f 238/238/238 262/262/262 263/263/263
f 263/263/263 262/262/262 264/264/264
f 263/263/263 264/264/264 265/265/265
f 265/265/265 266/266/266 263/263/263
f 238/238/238 263/263/263 266/266/266
f 267/267/267 266/266/266 265/265/265
f 266/266/266 268/268/268 238/238/238
f 266/266/266 267/267/267 268/268/268
f 267/267/267 269/269/269 268/268/268
f 238/238/238 268/268/268 236/236/236
f 268/268/268 269/269/269 270/270/270
f 236/236/236 268/268/268 270/270/270
f 269/269/269 271/271/271 270/270/270
f 236/236/236 270/270/270 272/272/272
f 236/236/236 272/272/272 227/227/227
f 271/271/271 273/273/273 270/270/270
f 273/273/273 271/271/271 274/274/274
f 273/273/273 274/274/274 275/275/275
f 270/270/270 276/276/276 272/272/272
f 270/270/270 273/273/273 276/276/276
f 272/272/272 277/277/277 227/227/227
f 272/272/272 276/276/276 277/277/277
f 227/227/227 277/277/277 278/278/278
f 277/277/277 279/279/279 278/278/278
f 278/278/278 279/279/279 280/280/280
f 276/276/276 281/281/281 277/277/277
f 281/281/281 282/282/282 280/280/280
f 282/282/282 283/283/283 280/280/280
f 278/278/278 280/280/280 284/284/284
f 285/285/285 278/278/278 284/284/284
f 276/276/276 286/286/286 281/281/281
f 286/286/286 287/287/287 281/281/281
f 276/276/276 273/273/273 288/288/288
f 288/288/288 286/286/286 276/276/276
f 273/273/273 289/289/289 288/288/288
f 290/290/290 288/288/288 289/289/289
f 273/273/273 275/275/275 289/289/289
f 289/289/289 291/291/291 290/290/290
f 275/275/275 292/292/292 289/289/289
f 289/289/289 292/292/292 291/291/291
f 275/275/275 293/293/293 292/292/292
f 285/285/285 284/284/284 294/294/294
f 285/285/285 294/294/294 295/295/295
f 284/284/284 296/296/296 294/294/294
f 284/284/284 297/297/297 296/296/296
f 280/280/280 297/297/297 284/284/284
f 280/280/280 283/283/283 297/297/297
f 296/296/296 297/297/297 298/298/298
f 283/283/283 299/299/299 297/297/297
f 297/297/297 300/300/300 298/298/298
f 297/297/297 299/299/299 300/300/300
f 298/298/298 300/300/300 301/301/301
f 300/300/300 299/299/299 302/302/302
f 300/300/300 302/302/302 301/301/301
f 298/298/298 301/301/301 303/303/303
f 303/303/303 296/296/296 298/298/298
f 283/283/283 304/304/304 299/299/299
f 304/304/304 302/302/302 299/299/299
f 302/302/302 305/305/305 301/301/301
f 303/303/303 301/301/301 305/305/305
f 306/306/306 296/296/296 303/303/303
f 296/296/296 306/306/306 307/307/307
f 308/308/308 296/296/296 307/307/307
f 295/295/295 308/308/308 307/307/307
f 306/306/306 303/303/303 309/309/309
f 303/303/303 305/305/305 309/309/309
f 306/306/306 309/309/309 310/310/310
f 302/302/302 311/311/311 305/305/305
f 304/304/304 312/312/312 302/302/302
f 302/302/302 312/312/312 311/311/311
f 305/305/305 313/313/313 309/309/309
f 305/305/305 311/311/311 313/313/313
f 310/310/310 309/309/309 314/314/314
f 315/315/315 310/310/310 314/314/314
f 315/315/315 314/314/314 316/316/316
f 317/317/317 315/315/315 316/316/316
f 316/316/316 314/314/314 318/318/318
f 314/314/314 319/319/319 318/318/318
f 314/314/314 309/309/309 319/319/319
f 309/309/309 313/313/313 319/319/319
f 320/320/320 319/319/319 313/313/313
f 313/313/313 321/321/321 320/320/320
f 321/321/321 322/322/322 320/320/320
f 321/321/321 313/313/313 323/323/323
f 311/311/311 323/323/323 313/313/313
f 323/323/323 324/324/324 321/321/321
f 311/311/311 325/325/325 323/323/323
f 323/323/323 325/325/325 324/324/324
f 311/311/311 326/326/326 325/325/325
f 312/312/312 326/326/326 311/311/311
f 325/325/325 327/327/327 324/324/324
f 326/326/326 328/328/328 325/325/325
f 325/325/325 328/328/328 327/327/327
f 324/324/324 327/327/327 329/329/329
f 324/324/324 329/329/329 330/330/330
f 324/324/324 330/330/330 331/331/331
f 332/332/332 322/322/322 331/331/331
f 333/333/333 332/332/332 331/331/331
f 327/327/327 334/334/334 329/329/329
f 327/327/327 328/328/328 334/334/334
f 335/335/335 329/329/329 334/334/334
f 329/329/329 335/335/335 336/336/336
f 328/328/328 337/337/337 334/334/334
f 328/328/328 338/338/338 337/337/337
f 339/339/339 328/328/328 326/326/326
f 328/328/328 339/339/339 338/338/338
f 340/340/340 339/339/339 326/326/326
f 340/340/340 326/326/326 312/312/312
f 340/340/340 341/341/341 339/339/339
f 341/341/341 342/342/342 339/339/339
f 312/312/312 343/343/343 340/340/340
f 343/343/343 341/341/341 340/340/340
f 343/343/343 312/312/312 344/344/344
f 344/344/344 312/312/312 304/304/304
f 342/342/342 341/341/341 345/345/345
f 346/346/346 342/342/342 345/345/345
f 347/347/347 338/338/338 346/346/346
f 347/347/347 348/348/348 338/338/338
f 349/349/349 347/347/347 346/346/346
f 350/350/350 346/346/346 345/345/345
f 350/350/350 345/345/345 341/341/341
f 351/351/351 341/341/341 343/343/343
f 350/350/350 341/341/341 351/351/351
f 344/344/344 351/351/351 343/343/343
f 351/351/351 352/352/352 350/350/350
f 353/353/353 352/352/352 351/351/351
f 353/353/353 351/351/351 344/344/344
f 354/354/354 353/353/353 344/344/344
f 354/354/354 355/355/355 353/353/353
f 355/355/355 352/352/352 353/353/353
f 356/356/356 355/355/355 354/354/354
f 356/356/356 357/357/357 355/355/355
f 293/293/293 356/356/356 354/354/354
f 358/358/358 293/293/293 354/354/354
f 354/354/354 344/344/344 359/359/359
f 359/359/359 344/344/344 304/304/304
f 359/359/359 304/304/304 283/283/283
f 360/360/360 354/354/354 359/359/359
f 361/361/361 359/359/359 283/283/283
f 362/362/362 358/358/358 354/354/354
f 360/360/360 362/362/362 354/354/354
f 358/358/358 362/362/362 363/363/363
f 363/363/363 362/362/362 360/360/360
f 291/291/291 358/358/358 363/363/363
f 291/291/291 363/363/363 360/360/360
f 286/286/286 291/291/291 361/361/361
f 361/361/361 283/283/283 364/364/364
f 286/286/286 361/361/361 364/364/364
f 287/287/287 364/364/364 283/283/283
f 287/287/287 286/286/286 364/364/364
f 231/231/231 195/195/195 365/365/365
f 366/366/366 367/367/367 368/368/368
f 369/369/369 367/367/367 366/366/366
f 370/370/370 367/367/367 369/369/369
f 371/371/371 369/369/369 366/366/366
f 371/371/371 366/366/366 372/372/372
f 369/369/369 373/373/373 370/370/370
f 374/374/374 370/370/370 373/373/373
f 375/375/375 374/374/374 373/373/373
f 376/376/376 373/373/373 369/369/369
f 371/371/371 376/376/376 369/369/369
f 375/375/375 373/373/373 376/376/376
f 375/375/375 376/376/376 377/377/377
f 376/376/376 371/371/371 377/377/377
f 378/378/378 371/371/371 372/372/372
f 378/378/378 372/372/372 379/379/379
f 380/380/380 375/375/375 377/377/377
f 380/380/380 381/381/381 375/375/375
f 382/382/382 377/377/377 371/371/371
f 382/382/382 371/371/371 378/378/378
f 383/383/383 378/378/378 379/379/379
f 384/384/384 382/382/382 378/378/378
f 384/384/384 378/378/378 383/383/383
f 385/385/385 383/383/383 379/379/379
f 386/386/386 385/385/385 379/379/379
f 383/383/383 385/385/385 387/387/387
f 383/383/383 387/387/387 384/384/384
f 387/387/387 385/385/385 388/388/388
f 389/389/389 384/384/384 387/387/387
f 380/380/380 377/377/377 390/390/390
f 377/377/377 382/382/382 391/391/391
f 390/390/390 377/377/377 391/391/391
f 392/392/392 382/382/382 384/384/384
f 391/391/391 382/382/382 392/392/392
f 393/393/393 380/380/380 390/390/390
f 380/380/380 393/393/393 381/381/381
f 394/394/394 392/392/392 384/384/384
f 394/394/394 384/384/384 389/389/389
f 395/395/395 390/390/390 391/391/391
f 393/393/393 390/390/390 395/395/395
f 392/392/392 396/396/396 391/391/391
f 396/396/396 392/392/392 394/394/394
f 391/391/391 396/396/396 397/397/397
f 395/395/395 391/391/391 397/397/397
f 396/396/396 394/394/394 398/398/398
f 398/398/398 397/397/397 396/396/396
f 398/398/398 394/394/394 399/399/399
f 389/389/389 399/399/399 394/394/394
f 398/398/398 400/400/400 397/397/397
f 399/399/399 400/400/400 398/398/398
f 397/397/397 401/401/401 395/395/395
f 400/400/400 401/401/401 397/397/397
f 395/395/395 402/402/402 393/393/393
f 401/401/401 402/402/402 395/395/395
f 393/393/393 403/403/403 381/381/381
f 393/393/393 402/402/402 403/403/403
f 403/403/403 404/404/404 381/381/381
f 381/381/381 404/404/404 405/405/405
f 402/402/402 406/406/406 403/403/403
f 403/403/403 406/406/406 404/404/404
f 404/404/404 407/407/407 405/405/405
f 406/406/406 407/407/407 404/404/404
f 407/407/407 406/406/406 408/408/408
f 405/405/405 407/407/407 409/409/409
f 409/409/409 407/407/407 410/410/410
f 407/407/407 408/408/408 410/410/410
f 410/410/410 408/408/408 411/411/411
f 402/402/402 412/412/412 406/406/406
f 402/402/402 401/401/401 412/412/412
f 406/406/406 412/412/412 408/408/408
f 412/412/412 401/401/401 413/413/413
f 408/408/408 412/412/412 414/414/414
f 408/408/408 415/415/415 411/411/411
f 411/411/411 415/415/415 416/416/416
f 414/414/414 417/417/417 408/408/408
f 415/415/415 408/408/408 417/417/417
f 417/417/417 418/418/418 415/415/415
f 415/415/415 419/419/419 416/416/416
f 419/419/419 415/415/415 418/418/418
f 416/416/416 419/419/419 420/420/420
f 420/420/420 419/419/419 421/421/421
f 420/420/420 421/421/421 422/422/422
f 418/418/418 423/423/423 419/419/419
f 424/424/424 421/421/421 419/419/419
f 424/424/424 419/419/419 423/423/423
f 421/421/421 425/425/425 422/422/422
f 421/421/421 424/424/424 425/425/425
f 418/418/418 426/426/426 423/423/423
f 427/427/427 426/426/426 418/418/418
f 414/414/414 428/428/428 427/427/427
f 414/414/414 429/429/429 428/428/428
f 429/429/429 430/430/430 428/428/428
f 413/413/413 430/430/430 429/429/429
f 422/422/422 425/425/425 431/431/431
f 422/422/422 431/431/431 432/432/432
f 432/432/432 431/431/431 433/433/433
f 424/424/424 434/434/434 425/425/425
f 425/425/425 434/434/434 431/431/431
f 423/423/423 435/435/435 424/424/424
f 435/435/435 434/434/434 424/424/424
f 435/435/435 423/423/423 426/426/426
f 431/431/431 436/436/436 433/433/433
f 433/433/433 436/436/436 437/437/437
f 413/413/413 438/438/438 430/430/430
f 439/439/439 438/438/438 413/413/413
f 434/434/434 440/440/440 431/431/431
f 431/431/431 440/440/440 436/436/436
f 439/439/439 441/441/441 438/438/438
f 441/441/441 439/439/439 442/442/442
f 435/435/435 443/443/443 434/434/434
f 426/426/426 444/444/444 435/435/435
f 444/444/444 443/443/443 435/435/435
f 443/443/443 444/444/444 445/445/445
f 446/446/446 444/444/444 426/426/426
f 444/444/444 446/446/446 447/447/447
f 445/445/445 444/444/444 447/447/447
f 434/434/434 443/443/443 448/448/448
f 448/448/448 440/440/440 434/434/434
f 443/443/443 445/445/445 448/448/448
f 449/449/449 446/446/446 426/426/426
f 427/427/427 449/449/449 426/426/426
f 428/428/428 449/449/449 427/427/427
f 428/428/428 446/446/446 449/449/449
f 428/428/428 450/450/450 446/446/446
f 430/430/430 450/450/450 428/428/428
f 446/446/446 450/450/450 451/451/451
f 430/430/430 451/451/451 450/450/450
f 448/448/448 452/452/452 440/440/440
f 440/440/440 452/452/452 453/453/453
f 440/440/440 453/453/453 436/436/436
f 436/436/436 453/453/453 454/454/454
f 436/436/436 454/454/454 437/437/437
f 454/454/454 455/455/455 437/437/437
f 437/437/437 455/455/455 456/456/456
f 455/455/455 454/454/454 457/457/457
f 454/454/454 458/458/458 457/457/457
f 452/452/452 457/457/457 458/458/458
f 459/459/459 457/457/457 452/452/452
f 460/460/460 452/452/452 448/448/448
f 459/459/459 452/452/452 460/460/460
f 448/448/448 445/445/445 460/460/460
f 461/461/461 459/459/459 460/460/460
f 445/445/445 461/461/461 460/460/460
f 461/461/461 462/462/462 459/459/459
f 461/461/461 463/463/463 462/462/462
f 463/463/463 464/464/464 462/462/462
f 445/445/445 465/465/465 461/461/461
f 464/464/464 465/465/465 466/466/466
f 467/467/467 466/466/466 465/465/465
f 445/445/445 468/468/468 465/465/465
f 467/467/467 465/465/465 468/468/468
f 447/447/447 468/468/468 445/445/445
f 469/469/469 467/467/467 468/468/468
f 470/470/470 468/468/468 447/447/447
f 470/470/470 469/469/469 468/468/468
f 469/469/469 471/471/471 467/467/467
f 467/467/467 471/471/471 472/472/472
f 471/471/471 473/473/473 472/472/472
f 474/474/474 471/471/471 469/469/469
f 474/474/474 475/475/475 471/471/471
f 476/476/476 470/470/470 447/447/447
f 446/446/446 476/476/476 447/447/447
f 477/477/477 476/476/476 446/446/446
f 477/477/477 470/470/470 476/476/476
f 451/451/451 477/477/477 446/446/446
f 478/478/478 469/469/469 470/470/470
f 478/478/478 474/474/474 469/469/469
f 479/479/479 478/478/478 470/470/470
f 479/479/479 470/470/470 477/477/477
f 479/479/479 474/474/474 478/478/478
f 480/480/480 477/477/477 451/451/451
f 480/480/480 479/479/479 477/477/477
f 481/481/481 480/480/480 451/451/451
f 481/481/481 451/451/451 430/430/430
f 430/430/430 482/482/482 481/481/481
f 482/482/482 480/480/480 481/481/481
f 438/438/438 482/482/482 430/430/430
f 482/482/482 483/483/483 480/480/480
f 438/438/438 483/483/483 482/482/482
f 441/441/441 483/483/483 438/438/438
f 484/484/484 479/479/479 480/480/480
f 485/485/485 474/474/474 479/479/479
f 484/484/484 485/485/485 479/479/479
f 485/485/485 486/486/486 474/474/474
f 486/486/486 475/475/475 474/474/474
f 441/441/441 487/487/487 484/484/484
f 488/488/488 485/485/485 484/484/484
f 487/487/487 488/488/488 484/484/484
f 488/488/488 489/489/489 485/485/485
f 489/489/489 486/486/486 485/485/485
f 490/490/490 489/489/489 488/488/488
f 490/490/490 488/488/488 487/487/487
f 489/489/489 491/491/491 486/486/486
f 490/490/490 491/491/491 489/489/489
f 492/492/492 475/475/475 486/486/486
f 491/491/491 492/492/492 486/486/486
f 493/493/493 492/492/492 491/491/491
f 492/492/492 494/494/494 475/475/475
f 494/494/494 495/495/495 475/475/475
f 492/492/492 496/496/496 494/494/494
f 493/493/493 496/496/496 492/492/492
f 494/494/494 497/497/497 495/495/495
f 496/496/496 497/497/497 494/494/494
f 497/497/497 473/473/473 495/495/495
f 497/497/497 498/498/498 473/473/473
f 496/496/496 498/498/498 497/497/497
f 498/498/498 499/499/499 473/473/473
f 473/473/473 499/499/499 500/500/500
f 501/501/501 500/500/500 499/499/499
f 502/502/502 501/501/501 499/499/499
f 499/499/499 503/503/503 502/502/502
f 496/496/496 504/504/504 498/498/498
f 504/504/504 505/505/505 498/498/498
f 505/505/505 506/506/506 498/498/498
f 507/507/507 503/503/503 506/506/506
f 505/505/505 507/507/507 506/506/506
f 508/508/508 504/504/504 496/496/496
f 509/509/509 504/504/504 508/508/508
f 508/508/508 496/496/496 493/493/493
f 509/509/509 508/508/508 493/493/493
f 493/493/493 510/510/510 509/509/509
f 493/493/493 511/511/511 510/510/510
f 511/511/511 493/493/493 512/512/512
f 491/491/491 512/512/512 493/493/493
f 513/513/513 512/512/512 491/491/491
f 514/514/514 512/512/512 513/513/513
f 490/490/490 513/513/513 491/491/491
f 514/514/514 513/513/513 515/515/515
f 515/515/515 513/513/513 490/490/490
f 516/516/516 514/514/514 515/515/515
f 515/515/515 490/490/490 487/487/487
f 517/517/517 516/516/516 515/515/515
f 517/517/517 515/515/515 487/487/487
f 518/518/518 517/517/517 487/487/487
f 518/518/518 487/487/487 441/441/441
f 519/519/519 517/517/517 518/518/518
f 442/442/442 518/518/518 441/441/441
f 519/519/519 518/518/518 442/442/442
f 519/519/519 442/442/442 520/520/520
f 520/520/520 442/442/442 401/401/401
f 520/520/520 521/521/521 519/519/519
f 520/520/520 401/401/401 400/400/400
f 522/522/522 521/521/521 520/520/520
f 522/522/522 520/520/520 400/400/400
f 522/522/522 523/523/523 521/521/521
f 400/400/400 399/399/399 522/522/522
f 522/522/522 524/524/524 523/523/523
f 399/399/399 524/524/524 522/522/522
f 389/389/389 524/524/524 399/399/399
f 524/524/524 389/389/389 525/525/525
f 389/389/389 526/526/526 525/525/525
f 526/526/526 389/389/389 527/527/527
f 525/525/525 526/526/526 528/528/528
f 527/527/527 388/388/388 526/526/526
f 528/528/528 526/526/526 529/529/529
f 526/526/526 388/388/388 529/529/529
f 528/528/528 530/530/530 531/531/531
f 388/388/388 532/532/532 530/530/530
f 388/388/388 533/533/533 532/532/532
f 534/534/534 535/535/535 536/536/536
f 534/534/534 536/536/536 537/537/537
f 537/537/537 536/536/536 538/538/538
f 538/538/538 536/536/536 539/539/539
f 540/540/540 537/537/537 538/538/538
f 538/538/538 539/539/539 541/541/541
f 539/539/539 542/542/542 541/541/541
f 540/540/540 538/538/538 543/543/543
f 543/543/543 538/538/538 541/541/541
f 544/544/544 541/541/541 542/542/542
f 543/543/543 541/541/541 544/544/544
f 545/545/545 540/540/540 543/543/543
f 546/546/546 540/540/540 545/545/545
f 544/544/544 542/542/542 547/547/547
f 548/548/548 547/547/547 542/542/542
f 544/544/544 547/547/547 549/549/549
f 549/549/549 547/547/547 548/548/548
f 550/550/550 543/543/543 544/544/544
f 550/550/550 544/544/544 549/549/549
f 545/545/545 543/543/543 551/551/551
f 550/550/550 551/551/551 543/543/543
f 546/546/546 545/545/545 552/552/552
f 552/552/552 545/545/545 551/551/551
f 553/553/553 546/546/546 552/552/552
f 554/554/554 546/546/546 553/553/553
f 555/555/555 554/554/554 553/553/553
f 556/556/556 555/555/555 553/553/553
f 556/556/556 553/553/553 552/552/552
f 555/555/555 556/556/556 557/557/557
f 557/557/557 556/556/556 558/558/558
f 556/556/556 552/552/552 558/558/558
f 558/558/558 552/552/552 559/559/559
f 552/552/552 551/551/551 559/559/559
f 558/558/558 559/559/559 560/560/560
f 559/559/559 551/551/551 561/561/561
f 560/560/560 559/559/559 561/561/561
f 561/561/561 551/551/551 562/562/562
f 550/550/550 562/562/562 551/551/551
f 560/560/560 561/561/561 563/563/563
f 561/561/561 562/562/562 563/563/563
f 564/564/564 560/560/560 563/563/563
f 564/564/564 563/563/563 565/565/565
f 565/565/565 563/563/563 566/566/566
f 563/563/563 562/562/562 566/566/566
f 565/565/565 566/566/566 567/567/567
f 562/562/562 550/550/550 568/568/568
f 566/566/566 562/562/562 568/568/568
f 567/567/567 566/566/566 569/569/569
f 566/566/566 568/568/568 569/569/569
f 568/568/568 550/550/550 570/570/570
f 568/568/568 570/570/570 569/569/569
f 550/550/550 549/549/549 570/570/570
f 571/571/571 567/567/567 569/569/569
f 572/572/572 567/567/567 571/571/571
f 569/569/569 573/573/573 571/571/571
f 573/573/573 569/569/569 574/574/574
f 574/574/574 569/569/569 570/570/570
f 574/574/574 570/570/570 575/575/575
f 570/570/570 549/549/549 576/576/576
f 570/570/570 576/576/576 575/575/575
f 575/575/575 576/576/576 577/577/577
f 576/576/576 578/578/578 577/577/577
f 549/549/549 548/548/548 576/576/576
f 576/576/576 548/548/548 578/578/578
f 548/548/548 579/579/579 578/578/578
f 548/548/548 580/580/580 579/579/579
f 548/548/548 581/581/581 580/580/580
f 548/548/548 582/582/582 581/581/581
f 583/583/583 584/584/584 585/585/585
f 583/583/583 585/585/585 586/586/586
f 586/586/586 585/585/585 587/587/587
f 585/585/585 588/588/588 587/587/587
f 588/588/588 585/585/585 589/589/589
f 587/587/587 588/588/588 590/590/590
f 591/591/591 587/587/587 590/590/590
f 591/591/591 590/590/590 592/592/592
f 592/592/592 590/590/590 593/593/593
f 594/594/594 592/592/592 593/593/593
f 594/594/594 593/593/593 595/595/595
f 596/596/596 588/588/588 589/589/589
f 590/590/590 588/588/588 596/596/596
f 596/596/596 589/589/589 597/597/597
f 593/593/593 590/590/590 598/598/598
f 590/590/590 596/596/596 598/598/598
f 599/599/599 596/596/596 597/597/597
f 597/597/597 600/600/600 599/599/599
f 599/599/599 600/600/600 601/601/601
f 600/600/600 602/602/602 601/601/601
f 603/603/603 599/599/599 601/601/601
f 603/603/603 596/596/596 599/599/599
f 598/598/598 596/596/596 603/603/603
f 595/595/595 593/593/593 604/604/604
f 605/605/605 595/595/595 604/604/604
f 595/595/595 605/605/605 606/606/606
f 607/607/607 605/605/605 604/604/604
f 607/607/607 606/606/606 605/605/605
f 604/604/604 593/593/593 608/608/608
f 607/607/607 604/604/604 609/609/609
f 608/608/608 593/593/593 610/610/610
f 593/593/593 598/598/598 610/610/610
f 608/608/608 610/610/610 611/611/611
f 607/607/607 612/612/612 606/606/606
f 606/606/606 612/612/612 613/613/613
f 607/607/607 614/614/614 612/612/612
f 612/612/612 614/614/614 613/613/613
f 615/615/615 614/614/614 607/607/607
f 610/610/610 598/598/598 616/616/616
f 598/598/598 603/603/603 616/616/616
f 616/616/616 603/603/603 617/617/617
f 610/610/610 616/616/616 618/618/618
f 610/610/610 618/618/618 611/611/611
f 618/618/618 616/616/616 617/617/617
f 614/614/614 619/619/619 613/613/613
f 613/613/613 619/619/619 620/620/620
f 621/621/621 620/620/620 619/619/619
f 611/611/611 618/618/618 622/622/622
f 618/618/618 617/617/617 622/622/622
f 614/614/614 623/623/623 619/619/619
f 623/623/623 614/614/614 624/624/624
f 619/619/619 625/625/625 621/621/621
f 619/619/619 623/623/623 625/625/625
f 621/621/621 625/625/625 626/626/626
f 625/625/625 627/627/627 626/626/626
f 623/623/623 627/627/627 625/625/625
f 626/626/626 627/627/627 628/628/628
f 627/627/627 629/629/629 628/628/628
f 629/629/629 630/630/630 628/628/628
f 623/623/623 631/631/631 627/627/627
f 627/627/627 631/631/631 629/629/629
f 629/629/629 631/631/631 632/632/632
f 629/629/629 633/633/633 630/630/630
f 629/629/629 632/632/632 633/633/633
f 633/633/633 634/634/634 630/630/630
f 624/624/624 635/635/635 623/623/623
f 635/635/635 631/631/631 623/623/623
f 633/633/633 636/636/636 634/634/634
f 634/634/634 636/636/636 637/637/637
f 624/624/624 638/638/638 635/635/635
f 639/639/639 638/638/638 624/624/624
f 640/640/640 631/631/631 635/635/635
f 638/638/638 640/640/640 635/635/635
f 641/641/641 640/640/640 638/638/638
f 642/642/642 641/641/641 638/638/638
f 643/643/643 636/636/636 633/633/633
f 632/632/632 643/643/643 633/633/633
f 637/637/637 636/636/636 644/644/644
f 636/636/636 643/643/643 644/644/644
f 644/644/644 645/645/645 637/637/637
f 644/644/644 646/646/646 645/645/645
f 644/644/644 643/643/643 646/646/646
f 645/645/645 646/646/646 647/647/647
f 647/647/647 646/646/646 648/648/648
f 640/640/640 649/649/649 631/631/631
f 631/631/631 649/649/649 632/632/632
f 646/646/646 650/650/650 648/648/648
f 651/651/651 650/650/650 646/646/646
f 652/652/652 651/651/651 646/646/646
f 646/646/646 643/643/643 653/653/653
f 632/632/632 653/653/653 643/643/643
f 646/646/646 653/653/653 652/652/652
f 654/654/654 649/649/649 640/640/640
f 641/641/641 654/654/654 640/640/640
f 632/632/632 649/649/649 655/655/655
f 656/656/656 655/655/655 649/649/649
f 657/657/657 653/653/653 632/632/632
f 655/655/655 657/657/657 632/632/632
f 658/658/658 655/655/655 656/656/656
f 659/659/659 658/658/658 656/656/656
f 660/660/660 659/659/659 654/654/654
f 660/660/660 654/654/654 641/641/641
f 660/660/660 661/661/661 659/659/659
f 660/660/660 662/662/662 661/661/661
f 658/658/658 663/663/663 655/655/655
f 655/655/655 663/663/663 657/657/657
f 658/658/658 664/664/664 663/663/663
f 662/662/662 660/660/660 665/665/665
f 665/665/665 660/660/660 641/641/641
f 666/666/666 662/662/662 665/665/665
f 667/667/667 666/666/666 665/665/665
f 667/667/667 668/668/668 666/666/666
f 667/667/667 669/669/669 668/668/668
f 670/670/670 669/669/669 667/667/667
f 665/665/665 641/641/641 671/671/671
f 667/667/667 665/665/665 671/671/671
f 671/671/671 641/641/641 672/672/672
f 672/672/672 641/641/641 642/642/642
f 672/672/672 642/642/642 673/673/673
f 672/672/672 673/673/673 674/674/674
f 675/675/675 671/671/671 672/672/672
f 675/675/675 667/667/667 671/671/671
f 674/674/674 675/675/675 672/672/672
f 676/676/676 667/667/667 675/675/675
f 676/676/676 675/675/675 674/674/674
f 670/670/670 667/667/667 676/676/676
f 676/676/676 674/674/674 677/677/677
f 676/676/676 678/678/678 670/670/670
f 677/677/677 678/678/678 676/676/676
f 678/678/678 679/679/679 670/670/670
f 609/609/609 678/678/678 677/677/677
f 609/609/609 611/611/611 678/678/678
f 678/678/678 611/611/611 622/622/622
f 678/678/678 622/622/622 679/679/679
f 622/622/622 680/680/680 679/679/679
f 622/622/622 617/617/617 680/680/680
f 680/680/680 617/617/617 681/681/681
f 617/617/617 682/682/682 681/681/681
f 681/681/681 682/682/682 683/683/683
f 682/682/682 684/684/684 683/683/683
f 682/682/682 685/685/685 684/684/684
f 617/617/617 686/686/686 682/682/682
f 686/686/686 685/685/685 682/682/682
f 617/617/617 603/603/603 686/686/686
f 603/603/603 687/687/687 686/686/686
f 686/686/686 688/688/688 685/685/685
f 686/686/686 687/687/687 688/688/688
f 688/688/688 689/689/689 685/685/685
f 690/690/690 687/687/687 602/602/602
f 687/687/687 690/690/690 691/691/691
f 687/687/687 691/691/691 692/692/692
f 693/693/693 609/609/609 694/694/694
f 615/615/615 693/693/693 695/695/695
f 695/695/695 696/696/696 615/615/615
f 695/695/695 697/697/697 696/696/696
f 696/696/696 639/639/639 615/615/615
f 698/698/698 699/699/699 700/700/700
f 700/700/700 701/701/701 702/702/702
f 702/702/702 701/701/701 703/703/703
f 704/704/704 702/702/702 703/703/703
f 704/704/704 703/703/703 650/650/650
f 703/703/703 701/701/701 705/705/705
f 705/705/705 701/701/701 706/706/706
f 705/705/705 706/706/706 648/648/648
f 707/707/707 698/698/698 708/708/708
f 707/707/707 708/708/708 709/709/709
f 710/710/710 698/698/698 707/707/707
f 704/704/704 711/711/711 709/709/709
f 711/711/711 707/707/707 709/709/709
f 710/710/710 707/707/707 711/711/711
f 652/652/652 711/711/711 704/704/704
f 712/712/712 710/710/710 711/711/711
f 713/713/713 710/710/710 712/712/712
f 714/714/714 712/712/712 711/711/711
f 714/714/714 711/711/711 652/652/652
f 713/713/713 712/712/712 715/715/715
f 715/715/715 712/712/712 714/714/714
f 716/716/716 713/713/713 715/715/715
f 717/717/717 716/716/716 715/715/715
f 718/718/718 716/716/716 717/717/717
f 715/715/715 714/714/714 719/719/719
f 652/652/652 719/719/719 714/714/714
f 719/719/719 717/717/717 715/715/715
f 652/652/652 720/720/720 719/719/719
f 717/717/717 719/719/719 720/720/720
f 653/653/653 720/720/720 652/652/652
f 653/653/653 721/721/721 720/720/720
f 657/657/657 721/721/721 653/653/653
f 663/663/663 721/721/721 657/657/657
f 720/720/720 721/721/721 722/722/722
f 720/720/720 722/722/722 717/717/717
f 723/723/723 722/722/722 721/721/721
f 663/663/663 723/723/723 721/721/721
f 723/723/723 717/717/717 722/722/722
f 718/718/718 717/717/717 724/724/724
f 723/723/723 724/724/724 717/717/717
f 663/663/663 724/724/724 723/723/723
f 725/725/725 718/718/718 724/724/724
f 664/664/664 724/724/724 663/663/663
f 664/664/664 725/725/725 724/724/724
f 726/726/726 727/727/727 728/728/728
f 726/726/726 729/729/729 727/727/727
f 730/730/730 729/729/729 726/726/726
f 729/729/729 731/731/731 727/727/727
f 732/732/732 729/729/729 730/730/730
f 731/731/731 729/729/729 733/733/733
f 734/734/734 732/732/732 730/730/730
f 734/734/734 730/730/730 735/735/735
f 734/734/734 735/735/735 736/736/736
f 737/737/737 732/732/732 734/734/734
f 738/738/738 737/737/737 734/734/734
f 738/738/738 734/734/734 739/739/739
f 739/739/739 734/734/734 736/736/736
f 739/739/739 736/736/736 740/740/740
f 733/733/733 741/741/741 731/731/731
f 737/737/737 741/741/741 733/733/733
f 742/742/742 731/731/731 741/741/741
f 743/743/743 742/742/742 741/741/741
f 744/744/744 743/743/743 741/741/741
f 743/743/743 744/744/744 745/745/745
f 746/746/746 743/743/743 745/745/745
f 746/746/746 745/745/745 738/738/738
f 747/747/747 745/745/745 744/744/744
f 745/745/745 747/747/747 738/738/738
f 747/747/747 737/737/737 738/738/738
f 747/747/747 744/744/744 748/748/748
f 737/737/737 747/747/747 748/748/748
f 749/749/749 746/746/746 738/738/738
f 749/749/749 738/738/738 750/750/750
f 749/749/749 751/751/751 746/746/746
f 750/750/750 738/738/738 752/752/752
f 752/752/752 738/738/738 739/739/739
f 752/752/752 739/739/739 753/753/753
f 750/750/750 752/752/752 753/753/753
f 753/753/753 739/739/739 740/740/740
f 740/740/740 754/754/754 753/753/753
f 754/754/754 740/740/740 755/755/755
f 754/754/754 755/755/755 756/756/756
f 757/757/757 753/753/753 754/754/754
f 750/750/750 753/753/753 757/757/757
f 758/758/758 757/757/757 754/754/754
f 758/758/758 754/754/754 756/756/756
f 758/758/758 750/750/750 757/757/757
f 751/751/751 749/749/749 759/759/759
f 760/760/760 751/751/751 759/759/759
f 758/758/758 756/756/756 761/761/761
f 761/761/761 756/756/756 762/762/762
f 761/761/761 762/762/762 763/763/763
f 764/764/764 760/760/760 759/759/759
f 765/765/765 760/760/760 764/764/764
f 764/764/764 759/759/759 766/766/766
f 766/766/766 765/765/765 764/764/764
f 767/767/767 759/759/759 749/749/749
f 766/766/766 759/759/759 767/767/767
f 768/768/768 749/749/749 750/750/750
f 767/767/767 749/749/749 768/768/768
f 769/769/769 750/750/750 758/758/758
f 769/769/769 768/768/768 750/750/750
f 770/770/770 767/767/767 768/768/768
f 770/770/770 766/766/766 767/767/767
f 771/771/771 766/766/766 770/770/770
f 772/772/772 765/765/765 766/766/766
f 772/772/772 766/766/766 771/771/771
f 773/773/773 772/772/772 771/771/771
f 772/772/772 774/774/774 765/765/765
f 775/775/775 774/774/774 772/772/772
f 773/773/773 775/775/775 772/772/772
f 776/776/776 774/774/774 775/775/775
f 777/777/777 776/776/776 775/775/775
f 777/777/777 775/775/775 773/773/773
f 778/778/778 776/776/776 777/777/777
f 778/778/778 777/777/777 779/779/779
f 779/779/779 777/777/777 773/773/773
f 769/769/769 780/780/780 768/768/768
f 768/768/768 780/780/780 770/770/770
f 773/773/773 771/771/771 781/781/781
f 781/781/781 771/771/771 782/782/782
f 783/783/783 779/779/779 773/773/773
f 784/784/784 779/779/779 783/783/783
f 783/783/783 773/773/773 785/785/785
f 785/785/785 773/773/773 786/786/786
f 785/785/785 786/786/786 787/787/787
f 788/788/788 784/784/784 783/783/783
f 788/788/788 789/789/789 784/784/784
f 790/790/790 788/788/788 783/783/783
f 788/788/788 791/791/791 789/789/789
f 791/791/791 792/792/792 789/789/789
f 791/791/791 793/793/793 792/792/792
f 790/790/790 794/794/794 788/788/788
f 791/791/791 788/788/788 794/794/794
f 793/793/793 791/791/791 795/795/795
f 795/795/795 796/796/796 793/793/793
f 794/794/794 797/797/797 791/791/791
f 791/791/791 797/797/797 795/795/795
f 795/795/795 798/798/798 796/796/796
f 795/795/795 797/797/797 798/798/798
f 798/798/798 799/799/799 796/796/796
f 797/797/797 800/800/800 798/798/798
f 794/794/794 801/801/801 797/797/797
f 794/794/794 802/802/802 801/801/801
f 803/803/803 801/801/801 802/802/802
f 803/803/803 804/804/804 801/801/801
f 805/805/805 804/804/804 803/803/803
f 801/801/801 806/806/806 797/797/797
f 797/797/797 806/806/806 800/800/800
f 806/806/806 807/807/807 800/800/800
f 806/806/806 808/808/808 807/807/807
f 801/801/801 809/809/809 806/806/806
f 809/809/809 808/808/808 806/806/806
f 804/804/804 809/809/809 801/801/801
f 809/809/809 810/810/810 808/808/808
f 808/808/808 810/810/810 811/811/811
f 812/812/812 805/805/805 803/803/803
f 813/813/813 812/812/812 803/803/803
f 812/812/812 813/813/813 814/814/814
f 814/814/814 813/813/813 815/815/815
f 814/814/814 815/815/815 790/790/790
f 816/816/816 805/805/805 812/812/812
f 804/804/804 817/817/817 809/809/809
f 809/809/809 817/817/817 818/818/818
f 811/811/811 818/818/818 817/817/817
f 811/811/811 817/817/817 819/819/819
f 816/816/816 820/820/820 805/805/805
f 820/820/820 816/816/816 821/821/821
f 821/821/821 822/822/822 820/820/820
f 820/820/820 822/822/822 823/823/823
f 822/822/822 824/824/824 823/823/823
f 824/824/824 825/825/825 823/823/823
f 820/820/820 826/826/826 805/805/805
f 820/820/820 823/823/823 827/827/827
f 827/827/827 826/826/826 820/820/820
f 827/827/827 823/823/823 828/828/828
f 828/828/828 826/826/826 827/827/827
f 828/828/828 829/829/829 826/826/826
f 826/826/826 829/829/829 830/830/830
f 826/826/826 830/830/830 805/805/805
f 829/829/829 831/831/831 830/830/830
f 805/805/805 830/830/830 832/832/832
f 830/830/830 831/831/831 832/832/832
f 831/831/831 833/833/833 832/832/832
f 805/805/805 832/832/832 804/804/804
f 832/832/832 833/833/833 834/834/834
f 834/834/834 833/833/833 835/835/835
f 834/834/834 835/835/835 836/836/836
f 804/804/804 832/832/832 837/837/837
f 837/837/837 836/836/836 838/838/838
f 804/804/804 837/837/837 838/838/838
f 838/838/838 836/836/836 839/839/839
f 838/838/838 840/840/840 804/804/804
f 838/838/838 841/841/841 840/840/840
f 819/819/819 840/840/840 841/841/841
f 842/842/842 811/811/811 843/843/843
f 800/800/800 843/843/843 844/844/844
f 845/845/845 800/800/800 844/844/844
f 845/845/845 844/844/844 799/799/799
f 846/846/846 847/847/847 848/848/848
f 849/849/849 847/847/847 850/850/850
f 850/850/850 847/847/847 851/851/851
f 850/850/850 851/851/851 825/825/825
f 851/851/851 847/847/847 852/852/852
f 847/847/847 853/853/853 852/852/852
f 852/852/852 853/853/853 854/854/854
f 846/846/846 855/855/855 854/854/854
f 855/855/855 846/846/846 856/856/856
f 854/854/854 855/855/855 857/857/857
f 825/825/825 851/851/851 858/858/858
f 851/851/851 852/852/852 859/859/859
f 852/852/852 860/860/860 859/859/859
f 858/858/858 851/851/851 861/861/861
f 851/851/851 859/859/859 861/861/861
f 854/854/854 857/857/857 862/862/862
f 854/854/854 862/862/862 863/863/863
f 863/863/863 864/864/864 860/860/860
f 863/863/863 862/862/862 864/864/864
f 858/858/858 861/861/861 865/865/865
f 866/866/866 858/858/858 865/865/865
f 866/866/866 865/865/865 867/867/867
f 868/868/868 866/866/866 867/867/867
f 823/823/823 825/825/825 868/868/868
f 869/869/869 823/823/823 868/868/868
f 868/868/868 867/867/867 869/869/869
f 865/865/865 870/870/870 867/867/867
f 865/865/865 763/763/763 870/870/870
f 761/761/761 763/763/763 865/865/865
f 861/861/861 761/761/761 865/865/865
f 871/871/871 761/761/761 861/861/861
f 871/871/871 758/758/758 761/761/761
f 861/861/861 859/859/859 871/871/871
f 769/769/769 758/758/758 871/871/871
f 859/859/859 769/769/769 871/871/871
f 859/859/859 872/872/872 769/769/769
f 860/860/860 872/872/872 859/859/859
f 780/780/780 769/769/769 872/872/872
f 860/860/860 780/780/780 872/872/872
f 780/780/780 860/860/860 864/864/864
f 864/864/864 770/770/770 780/780/780
f 864/864/864 873/873/873 770/770/770
f 771/771/771 770/770/770 873/873/873
f 874/874/874 873/873/873 864/864/864
f 862/862/862 874/874/874 864/864/864
f 875/875/875 771/771/771 873/873/873
f 875/875/875 873/873/873 874/874/874
f 782/782/782 771/771/771 875/875/875
f 782/782/782 875/875/875 874/874/874
f 782/782/782 874/874/874 876/876/876
f 862/862/862 876/876/876 874/874/874
f 876/876/876 862/862/862 857/857/857
f 857/857/857 786/786/786 877/877/877
f 877/877/877 786/786/786 878/878/878
f 786/786/786 857/857/857 879/879/879
f 787/787/787 786/786/786 879/879/879
f 821/821/821 787/787/787 879/879/879
f 821/821/821 879/879/879 880/880/880
f 879/879/879 856/856/856 880/880/880
f 824/824/824 880/880/880 856/856/856
f 881/881/881 882/882/882 217/217/217
f 881/881/881 317/317/317 882/882/882
f 881/881/881 883/883/883 317/317/317
f 219/219/219 883/883/883 881/881/881
f 884/884/884 883/883/883 219/219/219
f 884/884/884 885/885/885 883/883/883
f 885/885/885 310/310/310 883/883/883
f 886/886/886 885/885/885 884/884/884
f 295/295/295 886/886/886 884/884/884
