# oiljack_guide
v -2.23628497 5.82517624 -1.22210097
v -2.36158156 5.79100466 -1.09750473
v -2.23624706 5.80297899 -0.971642077
v -2.23628497 5.82517624 -1.22210097
v -2.23624706 5.80297899 -0.971642077
v -2.10994911 5.79367352 -1.09727359
v 2.667835 13.8071604 -0.19014509
v 2.70383167 13.926589 -0.190145016
v 2.667835 13.8071604 -0.326281071
v 3.17569327 13.6540918 -0.326281279
v 3.21168876 13.7735205 -0.190145209
v 3.17569327 13.6540918 -0.190145299
v 3.80965042 13.1807365 -0.190145716
v 3.9143095 13.248601 -0.190145716
v 3.80965042 13.1807365 -0.326281726
v 4.1045599 12.725935 -0.326282144
v 4.20921898 12.7937984 -0.190146118
v 4.1045599 12.725935 -0.190146163
v 2.667835 13.8071575 0.335990846
v 2.70383167 13.926589 0.199854985
v 2.667835 13.8071575 0.19985491
v 3.17569327 13.6540918 0.199854717
v 3.21168876 13.7735205 0.199854791
v 3.17569327 13.6540918 0.335990667
v 3.80965042 13.1807365 0.335990161
v 3.9143095 13.248601 0.19985427
v 3.80965042 13.1807365 0.199854255
v 4.1045599 12.725935 0.199853852
v 4.20921898 12.7937984 0.199853867
v 4.1045599 12.725935 0.335989803
v -6.05431557 9.17166042 -1.70198882
v -5.96863747 9.12219429 -1.70198882
v -6.05431557 9.07272911 -1.70198846
v -6.05431557 9.07272911 -1.70198846
v -5.96863747 9.12219429 -1.70198882
v -5.96863747 9.02326298 -1.70198882
v -5.96863747 9.02326298 -1.70198882
v -5.96863747 9.12219429 -1.70198882
v -5.88295984 9.07272911 -1.70198846
v -5.88295984 9.07272911 -1.70198846
v -5.96863747 9.12219429 -1.70198882
v -5.88295984 9.17166042 -1.70198882
v -5.88295984 9.17166042 -1.70198882
v -5.96863747 9.12219429 -1.70198882
v -5.96863699 9.22112751 -1.70198846
v -5.96863699 9.22112751 -1.70198846
v -5.96863747 9.12219429 -1.70198882
v -6.05431557 9.17166042 -1.70198882
v -6.05431557 9.17166042 1.7019912
v -6.05431557 9.07272911 1.70199096
v -5.96863747 9.12219429 1.7019912
v -6.05431557 9.07272911 1.70199096
v -5.96863747 9.02326298 1.7019912
v -5.96863747 9.12219429 1.7019912
v -5.96863747 9.02326298 1.7019912
v -5.88295984 9.07272911 1.70199096
v -5.96863747 9.12219429 1.7019912
v -5.88295984 9.07272911 1.70199096
v -5.88295984 9.17166042 1.7019912
v -5.96863747 9.12219429 1.7019912
v -5.88295984 9.17166042 1.7019912
v -5.96863699 9.22112751 1.70199096
v -5.96863747 9.12219429 1.7019912
v -5.96863699 9.22112751 1.70199096
v -6.05431557 9.17166042 1.7019912
v -5.96863747 9.12219429 1.7019912
v -1.04341257 10.6689539 -0.347430527
v -0.733595133 10.5406237 -0.347430617
v -1.04341257 10.4122934 -0.347430676
v -1.04341257 10.4122934 -0.347430676
v -0.733595133 10.5406237 -0.347430617
v -0.861925721 10.2308064 -0.347430676
v -0.861925721 10.2308064 -0.347430676
v -0.733595133 10.5406237 -0.347430617
v -0.605264544 10.2308064 -0.347430676
v -0.605264544 10.2308064 -0.347430676
v -0.733595133 10.5406237 -0.347430617
v -0.423777789 10.4122934 -0.347430676
v -0.423777789 10.4122934 -0.347430676
v -0.733595133 10.5406237 -0.347430617
v -0.423777848 10.6689539 -0.347430527
v -0.733595133 10.5406237 -0.347430617
v -0.605264664 10.85044 -0.347430527
v -0.605264664 10.85044 -0.347430527
v -0.733595133 10.5406237 -0.347430617
v -0.861925721 10.85044 -0.347430527
v -0.861925721 10.85044 -0.347430527
v -0.733595133 10.5406237 -0.347430617
v -1.04341257 10.6689539 -0.347430527
v -1.04341257 10.6689539 -0.306435108
v -1.04341257 10.4122934 -0.306435227
v -0.733595133 10.5406237 -0.306435198
v -1.04341257 10.4122934 -0.306435227
v -0.861925721 10.2308064 -0.306435227
v -0.733595133 10.5406237 -0.306435198
v -0.861925721 10.2308064 -0.306435227
v -0.605264544 10.2308064 -0.306435227
v -0.733595133 10.5406237 -0.306435198
v -0.605264544 10.2308064 -0.306435227
v -0.423777789 10.4122934 -0.306435227
v -0.733595133 10.5406237 -0.306435198
v -0.423777789 10.4122934 -0.306435227
v -0.423777848 10.6689539 -0.306435108
v -0.733595133 10.5406237 -0.306435198
v -0.605264664 10.85044 -0.306435078
v -0.733595133 10.5406237 -0.306435198
v -0.605264664 10.85044 -0.306435078
v -0.861925721 10.85044 -0.306435078
v -0.733595133 10.5406237 -0.306435198
v -0.861925721 10.85044 -0.306435078
v -1.04341257 10.6689539 -0.306435108
v -0.733595133 10.5406237 -0.306435198
v -1.04341257 10.6689539 0.318419099
v -0.733595133 10.5406237 0.318419099
v -1.04341257 10.4122934 0.318419099
v -1.04341257 10.4122934 0.318419099
v -0.733595133 10.5406237 0.318419099
v -0.861925721 10.2308064 0.318419009
v -0.861925721 10.2308064 0.318419009
v -0.733595133 10.5406237 0.318419099
v -0.605264544 10.2308064 0.318419009
v -0.605264544 10.2308064 0.318419009
v -0.733595133 10.5406237 0.318419099
v -0.423777789 10.4122934 0.318419099
v -0.423777789 10.4122934 0.318419099
v -0.733595133 10.5406237 0.318419099
v -0.423777848 10.6689539 0.318419099
v -0.423777848 10.6689539 0.318419099
v -0.733595133 10.5406237 0.318419099
v -0.605264664 10.85044 0.318419188
v -0.605264664 10.85044 0.318419188
v -0.733595133 10.5406237 0.318419099
v -0.861925721 10.85044 0.318419188
v -0.861925721 10.85044 0.318419188
v -0.733595133 10.5406237 0.318419099
v -1.04341257 10.6689539 0.318419099
v -1.04341257 10.6689539 0.359414667
v -1.04341257 10.4122934 0.359414428
v -0.733595133 10.5406237 0.359414518
v -1.04341257 10.4122934 0.359414428
v -0.861925721 10.2308064 0.359414518
v -0.733595133 10.5406237 0.359414518
v -0.861925721 10.2308064 0.359414518
v -0.605264544 10.2308064 0.359414518
v -0.733595133 10.5406237 0.359414518
v -0.605264544 10.2308064 0.359414518
v -0.423777789 10.4122934 0.359414428
v -0.733595133 10.5406237 0.359414518
v -0.423777789 10.4122934 0.359414428
v -0.423777848 10.6689539 0.359414667
v -0.733595133 10.5406237 0.359414518
v -0.423777848 10.6689539 0.359414667
v -0.605264664 10.85044 0.359414577
v -0.733595133 10.5406237 0.359414518
v -0.605264664 10.85044 0.359414577
v -0.861925721 10.85044 0.359414577
v -0.733595133 10.5406237 0.359414518
v -0.861925721 10.85044 0.359414577
v -1.04341257 10.6689539 0.359414667
v -0.733595133 10.5406237 0.359414518
v -0.804828763 7.50007057 -2.40786362
v -0.728291988 7.31529474 -2.40786338
v -0.913067937 7.3918314 -2.40786338
v -0.651755333 7.50007057 -2.40786338
v -0.728291988 7.31529474 -2.40786338
v -0.543516099 7.3918314 -2.40786338
v -0.728291988 7.31529474 -2.40786338
v -0.54351598 7.23875761 -2.40786338
v -0.728291988 7.31529474 -2.40786338
v -0.651755273 7.13051844 -2.40786314
v -0.728291988 7.31529474 -2.40786338
v -0.804828703 7.13051844 -2.40786338
v -0.728291988 7.31529474 -2.40786338
v -0.913067818 7.23875761 -2.40786338
v -0.728291988 7.31529474 -2.40786338
v -0.913067937 7.3918314 -2.40786338
v -0.728291988 7.31529474 -2.40786338
v -0.804828763 7.50006866 2.40786648
v -0.913067937 7.39182949 2.40786648
v -0.728291988 7.31529284 2.40786648
v -0.651755333 7.50006866 2.40786648
v -0.728291988 7.31529284 2.40786648
v -0.543516159 7.39182949 2.40786648
v -0.728291988 7.31529284 2.40786648
v -0.543516099 7.23875666 2.40786648
v -0.728291988 7.31529284 2.40786648
v -0.651755273 7.13051701 2.40786648
v -0.728291988 7.31529284 2.40786648
v -0.804828703 7.13051701 2.40786648
v -0.728291988 7.31529284 2.40786648
v -0.913067818 7.23875618 2.40786648
v -0.728291988 7.31529284 2.40786648
v -0.913067937 7.39182949 2.40786648
v -0.728291988 7.31529284 2.40786648
v -0.91329366 6.75 0.398263812
v -0.728293657 6.75 0.398263812
v -0.870011806 6.63108397 0.398263723
v -0.870011866 6.86891603 0.398263812
v -0.728293657 6.75 0.398263812
v -0.870011806 6.63108397 0.398263723
v -0.728293657 6.75 0.398263812
v -0.760418534 6.56781054 0.398263723
v -0.728293657 6.75 0.398263812
v -0.635793626 6.5897851 0.398263723
v -0.635793626 6.5897851 0.398263723
v -0.728293657 6.75 0.398263812
v -0.554450512 6.68672609 0.398263812
v -0.554450512 6.68672609 0.398263812
v -0.728293657 6.75 0.398263812
v -0.554450512 6.81327391 0.398263812
v -0.728293657 6.75 0.398263812
v -0.635793686 6.9102149 0.398263872
v -0.635793686 6.9102149 0.398263872
v -0.728293657 6.75 0.398263812
v -0.760418594 6.93218899 0.398263872
v -0.728293657 6.75 0.398263812
v -0.870011866 6.86891603 0.398263812
v -0.91329366 6.75 0.5982638
v -0.870011806 6.63108397 0.598263741
v -0.728293657 6.75 0.59826386
v -0.870011866 6.86891603 0.5982638
v -0.728293657 6.75 0.59826386
v -0.870011806 6.63108397 0.598263741
v -0.760418534 6.56781054 0.598263741
v -0.728293657 6.75 0.59826386
v -0.635793626 6.5897851 0.598263741
v -0.728293657 6.75 0.59826386
v -0.635793626 6.5897851 0.598263741
v -0.554450512 6.68672609 0.5982638
v -0.728293657 6.75 0.59826386
v -0.554450512 6.68672609 0.5982638
v -0.554450512 6.81327391 0.5982638
v -0.728293657 6.75 0.59826386
v -0.554450512 6.81327391 0.5982638
v -0.635793686 6.9102149 0.59826386
v -0.728293657 6.75 0.59826386
v -0.635793686 6.9102149 0.59826386
v -0.760418594 6.93218899 0.59826386
v -0.728293657 6.75 0.59826386
v -0.870011866 6.86891603 0.5982638
v -0.728293657 6.75 0.59826386
v -0.877854526 6.83634949 -2.08126283
v -0.728293598 6.75 -2.08126283
v -0.877854466 6.66365099 -2.08126283
v -0.877854466 6.66365099 -2.08126283
v -0.728293538 6.57730198 -2.08126283
v -0.728293538 6.57730198 -2.08126283
v -0.728293598 6.75 -2.08126283
v -0.578732669 6.66365099 -2.08126283
v -0.578732669 6.66365099 -2.08126283
v -0.578732669 6.83634949 -2.08126283
v -0.578732669 6.83634949 -2.08126283
v -0.728293598 6.75 -2.08126283
v -0.728293598 6.92269802 -2.08126283
v -0.728293598 6.92269802 -2.08126283
v -0.877854526 6.83634949 -2.08126283
v -0.877854526 6.8363471 2.0812645
v -0.877854466 6.66364861 2.0812645
v -0.728293598 6.74999762 2.0812645
v -0.877854466 6.66364861 2.0812645
v -0.728293538 6.57729959 2.0812645
v -0.728293538 6.57729959 2.0812645
v -0.578732669 6.66364861 2.0812645
v -0.728293598 6.74999762 2.0812645
v -0.578732669 6.66364861 2.0812645
v -0.578732669 6.8363471 2.0812645
v -0.578732669 6.8363471 2.0812645
v -0.728293598 6.92269564 2.0812645
v -0.728293598 6.74999762 2.0812645
v -0.728293598 6.92269564 2.0812645
v -0.877854526 6.8363471 2.0812645
v 9.54720116 1.10734499 0.899702132
v 9.54621029 0.637993038 0.898718417
v 9.54621696 0.637959421 0.723718405
v 9.54720116 1.10734499 0.72470206
v 9.54720116 1.10734499 0.899702132
v 8.19272709 2.03368306 0.725641489
v 8.19272709 1.02599406 0.718893409
v 7.64076519 1.04103303 0.214914247
v 8.19272709 1.02599406 0.718893409
v 9.54720116 1.10734499 0.72470206
v 9.54621696 0.637959421 0.723718405
v 7.65560389 2.0399859 0.216002196
v 8.19272709 2.03368306 0.725641489
v 7.64076519 1.04103303 0.214914247
v 7.64076519 1.04103303 0.214914247
v 7.63925648 1.20592904 0.0622034296
v 7.66201687 2.0399909 0.062203005
v 7.65560389 2.0399859 0.216002196
v 7.66201687 2.0399909 0.062203005
v 7.48060417 2.03998184 0.288492411
v 7.48381519 2.04000354 0.0622032434
v 7.65560389 2.0399859 0.216002196
v 8.19272709 2.03368306 0.725641489
v 8.1187315 2.044348 0.897914231
v 6.1867919 2.36908793 0.749609768
v 7.48060417 2.03998184 0.288492411
v 6.1867919 2.36908793 0.749609768
v 6.04308558 2.41435337 0.0622024983
v 7.48381519 2.04000354 0.0622032434
v 7.63706207 2.03994417 -2.93741345
v 7.63925648 1.20592904 0.0622034296
v 7.61430216 1.20589089 -2.93779635
v 7.47132635 2.0400188 -2.93779588
v 8.1187315 2.044348 0.722913742
v 6.61110497 3.03946686 0.905288041
v 6.68505716 3.02791977 0.732940435
v 7.47132635 2.0400188 -2.93817687
v 6.04308558 2.41435337 0.0622024983
v 6.04060793 2.41435337 -2.93779778
v 7.65367126 2.01392078 -3.72416902
v 7.48058844 2.03999972 -3.64695668
v 5.80935764 2.03998184 -4.3753171
v 5.34824038 2.3690877 -3.08150482
v 6.04160023 2.04000282 -4.37852764
v 7.65367126 2.01392078 -3.72416902
v 7.64539909 1.22543275 -2.9274559
v 7.64195538 1.20365977 -3.71219778
v 7.65367126 2.01392078 -3.72416902
v 7.63706207 2.03994417 -2.93741345
v 6.04308748 2.41435289 -2.93779778
v 7.47132635 2.0400188 -2.93817687
v 6.04308748 2.41435289 -2.93779778
v 7.48058844 2.03999972 -3.64695668
v 6.76037931 2.03999972 -4.34768677
v 6.82772446 2.01392174 -4.52339506
v 7.65367126 2.01392078 -3.72416902
v 6.76037931 2.03999972 -4.34768677
v 6.04122829 2.0399909 -4.55672884
v 6.04122829 2.0399909 -4.55672884
v 6.03564787 2.04000282 -4.37852907
v 5.80935764 2.03998184 -4.3753171
v 5.88184786 2.03998566 -4.55031681
v 5.3722086 2.03368282 -5.08743954
v 5.19993639 2.04434776 -5.01344395
v 5.34824038 2.3690877 -3.08150482
v 6.04122829 1.2059288 -4.53396845
v 6.04160023 2.04000282 -4.37852764
v 6.03564787 2.0399909 -4.55672979
v 5.88293552 1.04103279 -4.53547764
v 5.88184786 2.03998566 -4.55031681
v 6.04308748 2.41435289 -2.93779778
v 6.04160023 2.04000282 -4.37852764
v 6.82772446 2.01392174 -4.52339506
v 6.81591272 1.20128572 -4.51122379
v 6.04122829 2.0399909 -4.55672884
v 5.1925621 3.03946638 -3.50581789
v 5.15733004 2.01376677 -3.48488879
v 5.80935764 3.03998232 -2.87531829
v 5.36490965 3.02791953 -3.57976985
v 5.88184786 3.0399859 -3.05031705
v 5.36490965 2.02023077 -3.57976985
v 5.88293648 2.04103184 -3.03547788
v 5.37493658 2.04434776 -5.01344395
v 5.1925621 3.03946638 -3.50581789
v 5.19814825 1.10734367 -6.44191408
v 5.20397329 1.03661478 -5.01344395
v 5.19913244 0.637992024 -6.44092274
v 6.68505716 2.02023101 0.732940555
v 8.1187315 2.044348 0.722913742
v 8.11774731 1.57496202 0.721929789
v 6.68505716 2.02023101 0.732940555
v 6.68505716 3.02791977 0.732940435
v 8.1187315 2.044348 0.722913742
v 8.11773396 1.57502997 0.896931291
v 8.1187315 2.044348 0.897914231
v 6.59017611 2.013767 0.940520465
v 9.54720116 1.10734499 0.899702132
v 8.1187315 1.03661597 0.893877327
v 9.54621029 0.637993038 0.898718417
v 8.1187315 2.044348 0.897914231
v 6.61110497 3.03946686 0.905288041
v 6.59017611 2.013767 0.940520465
v 5.96545458 2.04134202 0.286787063
v 6.59017611 2.013767 0.940520465
v 5.98060465 3.03998232 0.288492531
v 7.68679142 1.36908793 0.749609649
v 9.52516937 1.04001403 0.833045125
v 8.98060417 1.03998196 0.288492382
v 9.15560436 1.0399859 0.216002211
v 9.15558052 1.04003191 0.0622039214
v 8.98058987 1.03997993 0.0622036308
v 8.98058987 1.03997993 0.0622036308
v 7.5430851 1.41435325 0.0622034259
v 7.68679142 1.36908793 0.749609649
v 9.15558052 1.04003191 0.0622039214
v 9.15555286 1.03999078 -2.93713713
v 8.98058891 1.03999078 -2.93825841
v 7.5430851 1.41435325 0.0622034259
v 7.54308701 1.41435289 -2.93779588
v 9.15555286 1.03999078 -2.93516374
v 7.54308701 1.41435289 -2.93779683
v 9.14966297 -1.00091922 -2.9377954
v 7.54308701 1.41435289 -2.93779683
v 9.15555286 1.03999078 -2.93713713
v 8.98058796 1.03999078 -2.93779469
v 9.12986279 1.03418267 -4.969769
v 8.98058891 1.03999078 -2.93825841
v 8.95376968 1.03999972 -4.90488529
v 8.07385445 1.04418075 -6.02805662
v 8.01187897 1.04198074 -5.84864473
v 8.95376968 1.03999972 -4.90488529
v 7.54308701 1.41435289 -2.93779683
v 7.52425623 1.60507071 -3.66519284
v 6.77557659 1.33710587 -4.39385414
v 8.01187897 1.04198074 -5.84864473
v 6.04122925 1.03997982 -5.87530136
v 6.04308844 1.41435289 -4.43779707
v 8.07385445 1.04418075 -6.02805662
v 6.04085493 1.04002774 -6.05029774
v 6.04122925 1.03997982 -5.87530136
v 6.04308891 -1.00089419 -6.04442358
v 6.04308844 1.41435289 -4.43779707
v 6.04085493 1.04002774 -6.05029774
v 6.03564882 1.03997982 -5.87530279
v 5.80935764 1.03998172 -5.8753171
v 6.03564787 1.41435289 -4.43779898
v 5.34824038 1.36908782 -4.58150387
v 5.88184786 1.03998566 -6.05031586
v 5.38855171 1.04001367 -6.54362297
v 5.26480532 1.04001367 -6.41988134
v 6.61110497 3.03946686 2.21167684
v 5.98060465 3.03998232 2.82847309
v 6.68505716 3.02791977 2.38402486
v 5.98060465 3.03998232 2.82847309
v 6.15560389 3.0399859 2.90096307
v 5.96545458 2.04134202 2.83017898
v 6.61110497 3.03946686 2.21167684
v 6.59017611 2.013767 2.17644477
v 6.15560293 3.0400157 3.05847597
v 5.98060465 3.03998232 2.82847309
v 5.98060274 3.0400157 3.05847597
v 7.65560484 2.03998613 2.90096307
v 7.66201687 2.03999114 3.0584836
v 7.639256 1.20592999 3.06034303
v 7.48060465 2.03998208 2.82847309
v 8.19272709 2.03368306 2.39132357
v 8.1187315 2.044348 2.21905065
v 9.54720116 1.10734499 2.39226294
v 9.54720116 1.10734499 2.21726298
v 6.1867919 2.36908817 2.36735582
v 7.48060465 2.03998208 2.82847309
v 6.1867919 2.36908817 2.36735582
v 6.04308462 2.41435337 3.06127286
v 7.48381519 2.04000401 3.05972314
v 7.66201687 2.03999114 3.0584836
v 7.65560484 2.03998613 2.90096307
v 7.48381519 2.04000401 3.05972314
v 7.4529748 2.0400002 3.77949405
v 7.62868261 2.01392198 3.84683895
v 7.62868261 2.01392198 3.84683895
v 7.639256 1.20592999 3.06034303
v 7.61651182 1.20128608 3.83502793
v 6.04308462 2.41435337 3.06127286
v 7.4529748 2.0400002 3.77949405
v 6.752244 2.0400002 4.49970293
v 6.04371881 2.04001927 4.49044228
v 6.752244 2.0400002 4.49970293
v 6.82945681 2.01392126 4.67278576
v 6.82945681 2.01392126 4.67278576
v 6.04241419 2.03994417 4.656178
v 4.44077253 1.22543311 3.05186081
v 4.44910955 2.03994417 3.06153321
v 6.04241419 2.03994417 4.656178
v 6.03274345 1.22543311 4.66451406
v 6.04241419 2.03994417 4.656178
v 6.04371881 2.04001927 4.49044228
v 4.44910955 2.03994417 3.06153321
v 4.61484528 2.04001927 3.06283712
v 4.44910955 2.03994417 3.06153321
v 4.43250179 2.01392007 3.84857512
v 4.60558462 2.03999925 3.77136183
v 4.43250179 2.01392007 3.84857512
v 4.44910955 2.03994417 3.06153321
v 4.44077253 1.22543311 3.05186081
v 6.04308462 1.20592928 4.65837336
v 6.04308414 2.04000306 4.50293303
v 5.32579327 2.0400002 4.47209167
v 4.60558462 2.03999925 3.77136183
v 4.61484528 2.04001927 3.06283712
v 4.43250179 2.01392007 3.84857512
v 5.2584486 2.01392198 4.64780092
v 5.32579327 2.0400002 4.47209167
v 6.04308414 2.03999114 4.68113422
v 5.2584486 2.01392198 4.64780092
v 5.2584486 2.01392198 4.64780092
v 6.04308462 1.20592928 4.65837336
v 5.27025986 1.2012862 4.6356287
v 5.27025986 1.2012862 4.6356287
v 4.43250179 2.01392007 3.84857512
v 4.44421673 1.20365906 3.83660388
v 7.64076519 1.04103315 2.90205097
v 7.65560484 2.03998613 2.90096307
v 7.639256 1.20592999 3.06034303
v 8.19272709 2.03368306 2.39132357
v 7.64076519 1.04103315 2.90205097
v 8.19272709 1.02599406 2.39807177
v 8.19272709 2.03368306 2.39132357
v 7.64076519 1.04103315 2.90205097
v 6.68505716 3.02791977 2.38402486
v 6.15560389 3.0399859 2.90096307
v 6.14076519 2.04103208 2.90205097
v 6.68505716 2.02023101 2.38402486
v 6.68505716 3.02791977 2.38402486
v 6.14076519 2.04103208 2.90205097
v 6.68505716 2.02023101 2.38402486
v 8.1187315 2.044348 2.39405179
v 8.1187315 2.044348 2.39405179
v 6.68505716 2.02023101 2.38402486
v 8.11774731 1.57496214 2.39503574
v 8.1187315 2.044348 2.21905065
v 8.11773396 1.57503021 2.22003388
v 6.59017611 2.013767 2.17644477
v 9.54720116 1.10734499 2.21726298
v 8.1187315 1.03661609 2.22308779
v 9.54621029 0.637993097 2.21824694
v 6.61110497 3.03946686 2.21167684
v 8.1187315 2.044348 2.21905065
v 6.59017611 2.013767 2.17644477
v 9.52516937 1.04001415 2.28392005
v 7.6867919 1.36908805 2.36735606
v 8.98060417 1.03998208 2.82847309
v 9.15560436 1.0399859 0.216002211
v 9.15560436 -0.957861602 0.216002271
v 9.15558243 -0.961889088 0.0622022226
v 9.64891052 0.854759037 0.709299386
v 9.64891052 1.04001498 0.709299326
v 8.98060417 1.03998196 0.288492382
v 9.64891052 1.04001498 0.709299326
v 9.52516937 1.04001403 0.833045125
v 9.15558052 1.04003191 0.0622039214
v 9.15560436 1.0399859 0.216002211
v 9.15558243 -0.961889088 0.0622022226
v 9.64891052 0.854759037 0.709299386
v 9.15560436 -0.957861602 0.216002271
v 9.64891052 -0.956398368 0.709299326
v 9.14546394 -0.957861483 2.91123009
v 9.15560436 1.03998613 2.90096307
v 9.15560246 -0.961904943 3.05847597
v 9.15560436 1.03998613 2.90096307
v 9.15558529 1.04002893 3.05997038
v 9.15558529 1.04002893 3.05997038
v 8.98060417 1.03998208 2.82847309
v 9.64891052 1.04001451 2.40766644
v 9.52516937 1.04001415 2.28392005
v 8.98058987 1.03998065 3.0584836
v 8.95393276 1.04198122 5.03099394
v 9.1333437 1.04418218 5.09296894
v 8.07505798 1.03418314 6.14897823
v 8.01017284 1.0400002 5.97288561
v 7.6867919 1.36908805 2.36735606
v 7.5430851 1.41435409 3.05972314
v 8.98058987 1.03998065 3.0584836
v 7.5430851 1.41435409 3.05972314
v 7.49914026 1.33710611 3.79469204
v 8.95393276 1.04198122 5.03099394
v 8.01017284 1.0400002 5.97288561
v 6.77048016 1.60507107 4.54337215
v 6.04308462 1.41435313 4.56220293
v 6.04377842 1.0399884 5.99970436
v 6.04242611 1.04002094 6.17468977
v 4.07429361 1.04198122 5.97305155
v 4.01231861 1.04418123 6.15246201
v 3.13240385 1.03999925 5.02929115
v 2.9563098 1.03418219 5.09417486
v 4.01231861 1.04418123 6.15246201
v 6.04308462 -1.00090671 6.16880369
v 6.04308414 1.03998017 5.99970675
v 6.040452 1.03999031 6.1746664
v 6.04308462 1.41435313 4.56220293
v 6.04377842 1.0399884 5.99970436
v 6.04308462 1.41435313 4.56220293
v 6.04308414 1.03998017 5.99970675
v 5.31059551 1.33710611 4.51825905
v 4.07429361 1.04198122 5.97305155
v 3.13240385 1.03999925 5.02929115
v 4.56191587 1.60507107 3.78959799
v 4.54308462 1.41435313 3.06220198
v 3.10558438 1.03999019 3.06312799
v 2.93061996 1.03999019 3.05956984
v 4.54308462 1.41435313 3.06220198
v 2.9563098 1.03418219 5.09417486
v 3.10558438 1.03999019 3.06312799
v 2.93061996 1.03999019 3.05956984
v 9.64891052 0.854758799 2.40766692
v 9.15560436 1.03998613 2.90096307
v 9.14546394 -0.957861483 2.91123009
v 9.64891052 -0.956398606 2.40766692
v 9.64891052 0.854758799 2.40766692
v 9.14546394 -0.957861483 2.91123009
v 9.15560436 1.03998613 2.90096307
v 9.64891052 0.854758799 2.40766692
v 9.64891052 1.04001451 2.40766644
v 3.19688725 2.03998494 -4.55031681
v 3.19579911 1.04103172 -4.53547764
v 3.04308701 1.2059288 -4.53396988
v 3.70652652 2.03368163 -5.08743954
v 3.19579911 1.04103172 -4.53547764
v 3.04308701 2.03998971 -4.55672979
v 3.19688725 2.03998494 -4.55031681
v 3.04308701 1.2059288 -4.53396988
v 3.04308701 2.03998971 -4.55672979
v 3.26937699 2.03998184 -4.37531805
v 3.04308701 2.04000282 -4.37852907
v 3.70652652 2.03368163 -5.08743954
v 3.69977832 1.02599275 -5.08743954
v 3.19579911 1.04103172 -4.53547764
v 3.19688725 2.03998494 -4.55031681
v 3.26937699 2.03998184 -4.37531805
v 3.87879944 2.04434776 -5.01344395
v 3.70558715 1.10734367 -6.44191408
v 3.8805871 1.10734367 -6.44191408
v 3.73049426 2.36908674 -3.08150482
v 3.87879944 2.04434776 -5.01344395
v 3.88617325 3.03946638 -3.50581789
v 3.92140532 2.01376677 -3.48488879
v 3.69977832 1.02599275 -5.08743954
v 3.7046032 0.637958109 -6.44092989
v 3.70652652 2.03368163 -5.08743954
v 3.04308701 2.04000282 -4.37852907
v 3.04308748 2.41435289 -2.93779898
v 3.73049426 2.36908674 -3.08150482
v 3.8805871 1.10734367 -6.44191408
v 3.87476254 1.03661478 -5.01344395
v 3.8796041 0.637991726 -6.44092274
v 3.70379806 2.04434681 -5.01344395
v 3.88617325 3.03946638 -3.50581789
v 3.71382523 3.02791953 -3.57976985
v 3.26937747 3.03998232 -2.87531829
v 3.19688749 3.03998494 -3.05031705
v 3.05342913 1.22543275 -4.54011106
v 3.04375815 2.0399437 -4.53177404
v 3.04245329 2.04001904 -4.36603785
v 2.2567153 2.01391983 -4.54838228
v 2.2567153 2.01391983 -4.54838228
v 3.04375815 2.0399437 -4.53177404
v 2.33392787 2.03999877 -4.37529993
v 2.2567153 2.01391983 -4.54838228
v 2.33392787 2.03999877 -4.37529993
v 1.45748925 2.01392078 -3.72243547
v 1.6331979 2.03999877 -3.65509081
v 3.04308748 2.41435289 -2.93779898
v 3.04245329 2.04001904 -4.36603785
v 1.6331979 2.03999877 -3.65509081
v 1.60235739 2.04000282 -2.93779969
v 1.45748925 2.01392078 -3.72243547
v 1.42415643 2.03998971 -2.93779969
v 1.60235739 2.04000282 -2.93779969
v 1.45748925 2.01392078 -3.72243547
v 1.44691622 1.20592892 -2.93779969
v 1.46966124 1.20128489 -3.71062469
v 3.71382523 3.02791953 -3.57976985
v 3.71382523 2.02023077 -3.57976985
v 3.19579959 2.04103184 -3.03547788
v 3.19688749 3.03998494 -3.05031705
v 3.71382523 3.02791953 -3.57976985
v 3.19579959 2.04103184 -3.03547788
v 3.19579959 2.04103184 -3.03547788
v 3.03937459 2.03905487 -3.0358398
v 3.03937459 3.04001498 -3.05031586
v 3.71382523 2.02023077 -3.57976985
v 3.70379806 2.04434681 -5.01344395
v 3.70281553 1.57496071 -5.01246071
v 3.71382523 2.02023077 -3.57976985
v 3.71382523 3.02791953 -3.57976985
v 3.70379806 2.04434681 -5.01344395
v 3.87781644 1.57502878 -5.01244593
v 3.87879944 2.04434776 -5.01344395
v 3.92140532 2.01376677 -3.48488879
v 3.73049426 1.36908686 -4.58150387
v 3.81393003 1.0400126 -6.41988134
v 3.26937699 1.03998077 -5.8753171
v 3.04466724 1.04000616 -6.0502758
v 3.04262543 1.03998423 -5.87530136
v 3.19688725 1.03998458 -6.05031729
v 3.04216337 1.03998971 -5.87529993
v 3.04308772 1.41435289 -4.43779898
v 3.26937699 1.03998077 -5.8753171
v 3.69018459 1.04001367 -6.54362297
v 3.81393003 1.0400126 -6.41988134
v 3.73049426 1.36908686 -4.58150387
v 3.04308772 1.41435289 -4.43779898
v 3.04262543 1.03998423 -5.87530136
v 1.01111627 1.03418171 -6.02457523
v 1.07600033 1.03999877 -5.84848118
v 1.07600033 1.03999877 -5.84848118
v 2.31569219 1.60506988 -4.41896772
v 1.58703125 1.3371048 -3.67028856
v 0.132240593 1.04197967 -4.90659142
v 1.01111627 1.03418171 -6.02457523
v -0.04717163 1.0441798 -4.96856642
v 0.105582274 1.03997886 -2.93780088
v 1.54308748 1.41435289 -2.93779969
v -0.0694073439 1.04002988 -2.93780088
v 0.132240593 1.04197967 -4.90659142
v 5.3722086 2.03368282 -5.08743954
v 5.88184786 2.03998566 -4.55031681
v 5.88293552 1.04103279 -4.53547764
v 5.37895679 1.02599275 -5.08743954
v 5.3722086 2.03368282 -5.08743954
v 5.88293552 1.04103279 -4.53547764
v 5.36490965 3.02791953 -3.57976985
v 5.88184786 3.0399859 -3.05031705
v 5.88293648 2.04103184 -3.03547788
v 6.039361 3.0400157 -3.05031586
v 6.03936005 2.03905582 -3.03583884
v 5.88293648 2.04103184 -3.03547788
v 5.19993639 2.04434776 -5.01344395
v 5.20091915 1.57502878 -5.01244593
v 5.15733004 2.01376677 -3.48488879
v 5.26480532 1.04001367 -6.41988134
v 5.34824038 1.36908782 -4.58150387
v 5.80935764 1.03998172 -5.8753171
v 3.04466724 1.04000616 -6.0502758
v 3.19688725 1.03998458 -6.05031729
v 3.04308701 -0.961890459 -6.05029392
v 3.19688725 1.03998458 -6.05031729
v 3.19688725 -0.957862914 -6.05031586
v 3.69018435 0.854757726 -6.54362297
v 3.19688725 -0.957862914 -6.05031586
v 3.69018507 -0.956399679 -6.54362297
v 5.38855219 0.854757667 -6.54362297
v 5.38855219 -0.956399679 -6.54362297
v 3.69018507 -0.956399679 -6.54362297
v 3.69018435 0.854757726 -6.54362297
v 3.19688725 1.03998458 -6.05031729
v 3.69018459 1.04001367 -6.54362297
v 5.88184786 1.03998566 -6.05031586
v 6.04085493 1.04002774 -6.05029774
v 6.03936148 -0.961905897 -6.0503149
v 5.89211607 -0.957862318 -6.04017448
v 5.88184786 1.03998566 -6.05031586
v 6.03936148 -0.961905897 -6.0503149
v -0.211368397 2.869982 -5.45762205
v -0.211368397 3.01998186 -5.45767307
v -0.91197753 3.0199976 -3.9552145
v -0.91197753 3.0199976 -3.9552145
v -0.91197753 2.8699975 -3.9552145
v -0.211368397 2.869982 -5.45762205
v -2.57582331 3.0199666 -5.49993658
v -1.87521541 3.0199976 -3.99747753
v -1.87521541 2.8699975 -3.99747753
v -1.87521541 2.8699975 -3.99747753
v -2.57582331 2.86996675 -5.49988508
v -2.57582331 3.0199666 -5.49993658
v -3.83025026 2.86999774 -4.31468344
v -2.27244735 2.8699975 -3.74768758
v -2.27244735 3.0199976 -3.74768853
v -3.83025026 3.01999784 -4.31468344
v -3.83025026 2.86999774 -4.31468344
v -3.83025026 3.01999784 -4.31468344
v -3.79604793 3.01999784 -4.40865278
v -3.79604793 2.86999774 -4.40865278
v -2.23824453 2.8699975 -3.84165764
v -3.79604793 3.01999784 -4.40865278
v -2.23824453 3.0199976 -3.84165764
v -2.62493944 2.5199976 -5.25528288
v -2.62493944 4.05999756 -5.25528193
v -2.68833256 4.05999756 -5.39122772
v -2.68833303 2.51779056 -5.39122772
v -2.62493944 2.5199976 -5.25528288
v -2.64301753 4.05999756 -5.41235971
v -2.64301634 2.51779056 -5.41235971
v -3.78096008 2.51999784 -4.2975812
v -3.79806018 2.57482362 -4.25059652
v -3.79806018 4.05999756 -4.25059795
v -3.65710616 4.05999756 -4.19929361
v -3.79806018 2.57482362 -4.25059652
v -3.78095937 4.05999756 -4.29758167
v -3.78096008 2.51999784 -4.2975812
v -3.64000535 4.05999756 -4.24627876
v -3.64000607 2.51999784 -4.24627876
v -3.78096008 2.51999784 -4.2975812
v -3.64000535 4.05999756 -4.24627876
v -3.64000607 2.51999784 -4.24627876
v -3.65710616 4.05999756 -4.19929361
v -3.65710616 2.57482362 -4.19929361
v -3.79806018 2.57482362 -4.25059652
v -3.65710616 2.57482362 -4.19929361
v -3.64000607 2.51999784 -4.24627876
v -3.78096008 2.51999784 -4.2975812
v -0.261598498 3.05999756 -5.28600073
v -0.261656493 3.0199976 -5.28602505
v -2.61620712 3.0199976 -5.28591156
v -2.61622548 3.05999756 -5.28600216
v -0.261598498 3.05999756 -5.28600073
v -2.61620712 3.0199976 -5.28591156
v -3.67183161 3.01566362 -4.22776461
v -0.261656493 3.0199976 -5.28602505
v 0.795670748 3.05562377 -4.22847462
v -2.53342462 3.01999784 -5.08591652
v -0.261656493 3.0199976 -5.28602505
v -3.47301579 3.02435184 -4.14505863
v -3.67183161 3.01566362 -4.22776461
v -0.344501346 3.01999784 -5.08591557
v 0.794119239 3.01566052 -4.22772169
v 0.795670748 3.05562377 -4.22847462
v 0.59518981 3.0243535 -4.1449542
v 0.592092276 3.03400517 -3.20671654
v 0.790778816 3.01147699 -3.12682772
v -3.46991944 3.03400373 -3.20672059
v -3.46991944 3.03400373 -3.20672059
v -3.668607 3.01147699 -3.12683153
v -3.67349672 3.05562258 -4.22847843
v -3.668607 3.01147699 -3.12683153
v -3.32113457 3.0377059 -3.04027939
v -3.40288019 3.01583099 -2.84245181
v -3.67264223 3.05124903 -3.12545776
v -3.40470505 3.05562282 -2.83881474
v -3.67264223 3.05124903 -3.12545776
v -3.67349672 3.05562258 -4.22847843
v -3.4723022 3.07393003 -3.20620179
v -3.47387743 3.06433773 -4.1456356
v 0.594474494 3.07393098 -3.2061975
v -3.32231307 3.0776422 -3.0383637
v 0.444486678 3.07764339 -3.03835988
v 0.596050382 3.06433868 -4.14563274
v 0.795670748 3.05562377 -4.22847462
v 0.794813812 3.05124903 -3.12545347
v -2.53338313 3.0599978 -5.08600283
v -0.344441533 3.0599978 -5.0860014
v -0.261598498 3.05999756 -5.28600073
v -0.261598498 3.05999756 -5.28600073
v -2.61622548 3.05999756 -5.28600216
v -2.61622548 3.05999756 -5.28600216
v -3.67183161 3.01566362 -4.22776461
v -3.67349672 3.05562258 -4.22847843
v 0.794119239 3.01566052 -4.22772169
v 0.794813812 3.05124903 -3.12545347
v 0.790778816 3.01147699 -3.12682772
v 0.526876807 3.05562401 -2.83881164
v 0.52505064 3.01583099 -2.84244752
v 0.444486678 3.07764339 -3.03835988
v 0.594474494 3.07393098 -3.2061975
v 0.443306267 3.03770685 -3.04027557
v 0.526876807 3.05562401 -2.83881164
v -3.32231307 3.0776422 -3.0383637
v 0.52505064 3.01583099 -2.84244752
v -3.40288019 3.01583099 -2.84245181
v -3.32113457 3.0377059 -3.04027939
v -3.4723022 3.07393003 -3.20620179
v -3.67264223 3.05124903 -3.12545776
v -3.40470505 3.05562282 -2.83881474
v 0.592092276 3.03400517 -3.20671654
v 0.443306267 3.03770685 -3.04027557
v -1.54744136 1.85905182 -2.79928255
v -1.54744017 2.99528646 -3.93551755
v -1.54744017 2.87154269 -4.0592618
v -1.54744017 2.87154269 -4.0592618
v -1.54744017 1.73530793 -2.92302656
v -1.54744136 1.85905182 -2.79928255
v -2.95691943 -1.00092077 6.16877317
v -2.95691824 1.41435206 4.56219816
v -2.95692015 1.03998923 5.99969959
v -2.95954943 1.03998935 6.17466307
v -2.95691824 1.41435206 4.56219816
v -2.95692015 1.03998935 6.17466307
v -2.95691943 -1.00092077 6.16877317
v -2.95636344 1.03998923 5.99969959
v -2.95692015 1.03998935 6.17466307
v -5.95691824 -1.00089622 6.16882324
v -5.95692301 1.04002929 6.1746912
v -5.95691347 1.04003036 6.17469358
v -7.98462343 -0.995586157 6.14647913
v -7.98768377 1.0441792 6.15245724
v -5.95692301 1.04002929 6.1746912
v -5.95692301 1.03997827 5.99970102
v -5.95691347 1.41435158 4.56219673
v -5.95691824 -1.00089622 6.16882324
v -5.95691586 1.03997827 5.99970198
v -6.68940353 1.3371042 4.5182538
v -7.92570496 1.04197919 5.97304535
v -8.86759472 1.03999734 5.02928543
v -7.4380827 1.60506904 3.7895937
v -7.45691347 1.41435111 3.06219697
v -8.89441299 1.03998816 3.06312251
v -5.95691347 1.04003036 6.17469358
v -5.95691824 -1.00089622 6.16882324
v -5.95692301 1.04002929 6.1746912
v -2.95692015 1.03998935 6.17466307
v -2.95636344 1.03998923 5.99969959
v -9.06938267 1.03998816 3.06022239
v -8.89441299 1.03998816 3.06312251
v -8.89441299 1.03998816 3.06238031
v -7.45691347 1.41435099 0.0621964298
v -8.89441776 1.03997695 0.0621960014
v -9.06941319 1.04002905 0.0621956848
v -9.04369259 1.03418016 5.09417057
v -8.86759472 1.03999734 5.02928543
v -7.98768377 1.0441792 6.15245724
v -8.89443302 1.03997993 -0.16409342
v -9.06943321 1.03998303 -0.0916034132
v -9.56273365 1.04001141 -0.584900677
v -9.43899345 1.04001093 -0.708646357
v -5.95691347 1.04003036 6.17469358
v -7.92570496 1.04197919 5.97304535
v -5.95691586 1.03997827 5.99970198
v -8.89441776 1.03997695 0.0621960014
v -7.45691347 1.41435099 0.0621964298
v -7.60062313 1.36908603 -0.625210226
v -5.95691824 -1.00089622 6.16882324
v -5.95692301 1.04002929 6.1746912
v -5.95691347 1.41435158 4.56219673
v -4.35804367 1.20365787 -3.7122035
v -4.3463335 2.01391888 -3.7241745
v -4.35460377 1.2254318 -2.92746139
v -4.3463335 2.01391888 -3.7241745
v -4.36293364 2.03994274 -2.9371326
v -4.36293364 2.03994274 -2.9371326
v -5.95691347 2.41435099 -2.93697667
v -4.36293364 2.03994274 -2.9371326
v -4.52867365 2.04001665 -2.93843651
v -4.51941347 2.03999782 -3.64696121
v -5.23962307 2.03999782 -4.34769201
v -5.95691347 2.04000092 -4.37853241
v -5.23962307 2.03999782 -4.34769201
v -5.95691347 2.03998876 -4.55673361
v -5.17227364 2.01392078 -4.52340031
v -5.95691347 2.03998876 -4.55673361
v -4.51941347 2.03999782 -3.64696121
v -4.52867365 2.04001665 -2.93843651
v -5.17227364 2.01392078 -4.52340031
v -4.3463335 2.01391888 -3.7241745
v -4.36293364 2.03994274 -2.9371326
v -5.95754337 2.04001665 -4.36604214
v -6.66607332 2.03999782 -4.37530327
v -7.36680365 2.03999782 -3.65509534
v -7.39764452 2.04000092 -2.93631625
v -5.94657278 1.22543073 -4.5401144
v -5.95624304 2.03994179 -4.53177738
v -6.74328279 2.01391768 -4.5483861
v -5.95624304 2.03994179 -4.53177738
v -7.54251385 2.01391983 -3.72244
v -7.57584286 2.03998876 -2.93780422
v -7.39764452 2.04000092 -2.93631625
v -7.57584286 2.03998876 -2.93780422
v -7.55308294 1.20592678 -2.93594384
v -7.54251385 2.01391983 -3.72244
v -7.55308294 1.20592678 -2.93594384
v -7.53034353 1.20128381 -3.71062827
v -7.55308294 1.20592678 -2.93594384
v -5.95691347 2.41435099 -2.93697667
v -7.55459261 1.04103088 -2.77765131
v -7.56943274 2.03998375 -2.77656341
v -7.57584286 2.03998876 -2.93036342
v -7.39443302 2.0399797 -2.70407319
v -7.56943274 2.03998375 -2.77656341
v -8.10655308 2.03367972 -2.26692438
v -8.03256226 2.04434586 -2.09465241
v -9.46102333 1.107342 -2.26786423
v -9.46102333 1.107342 -2.09286427
v -6.10062313 2.36908579 -2.24295568
v -7.39764309 2.04000092 -2.93036342
v -8.03256226 2.04434466 -2.26965237
v -6.52493334 3.03946495 -2.08727741
v -6.59888363 3.0279181 -2.25962543
v -2.8444488 1.03998888 -2.9351697
v -3.01941228 1.03998888 -2.93872762
v -4.45691347 1.41435182 -2.93780112
v -2.8444488 1.03998888 -2.9351697
v -2.87013674 1.03418076 -4.96977472
v -3.04623103 1.03999782 -4.90488958
v -3.98812318 1.04197872 -5.84864998
v -3.04623103 1.03999782 -4.90488958
v -3.92614555 1.0441798 -6.02806139
v -5.95493317 1.03999817 -6.05027437
v -5.95728064 1.0399822 -5.87530518
v -3.92614555 1.0441798 -6.02806139
v -5.95783377 1.03998876 -5.87530279
v -5.95691347 1.41435134 -4.43780279
v -3.01941228 1.03998888 -2.93872762
v -4.45691347 1.41435182 -2.93780112
v -4.47574377 1.6050688 -3.66519737
v -5.22442293 1.33710384 -4.39385843
v -3.98812318 1.04197872 -5.84864998
v -5.95728064 1.0399822 -5.87530518
v -5.95691347 -1.00090921 -6.04440308
v -5.95691347 1.41435182 -4.43780231
v -5.95493317 1.03999817 -6.05027437
v -5.95691347 1.41435134 -4.43780279
v -5.95493317 1.03999817 -6.05027437
v -7.9888835 1.03417969 -6.02457857
v -7.92400312 1.03999686 -5.84848642
v -5.95691347 1.41435134 -4.43780279
v -6.68430328 1.6050688 -4.41897106
v -7.41296291 1.33710384 -3.67029238
v -8.86776257 1.04197776 -4.90659571
v -8.89441299 1.03997767 -2.93594503
v -7.45691347 1.41435087 -2.93532348
v -8.89443302 1.03997982 -2.70407438
v -7.60062313 1.36908579 -2.2429564
v -8.89441299 1.03997684 -2.93036437
v -9.06942272 1.04002082 -2.9322207
v -9.06943321 1.03998291 -2.77656436
v -9.43899345 1.04001093 -2.15952134
v -7.60062313 1.36908579 -2.2429564
v -9.06941319 1.04002881 -2.93780422
v -8.86776257 1.04197776 -4.90659571
v -9.0471735 1.04417872 -4.96857023
v -7.9888835 1.03417969 -6.02457857
v -7.92400312 1.03999686 -5.84848642
v -2.85033751 -1.00092113 -2.93780136
v -2.8444488 1.03998888 -2.9351697
v -4.45691347 1.41435182 -2.93780112
v -5.95691347 1.20592666 -4.53397369
v -5.95691347 2.41435099 -2.93697667
v -5.95691347 2.04000092 -4.37853241
v -5.95691347 2.03998876 -4.55673361
v -5.95691347 1.20592666 -4.53397369
v -5.95691347 2.04000092 -4.37853241
v -5.41624308 3.03999805 5.16039944
v -5.41624308 2.99999809 5.16039944
v -4.36193275 3.00015831 4.10132456
v -5.41624308 3.03999805 5.16039944
v -7.7475934 3.0399971 5.16039658
v -7.74798393 2.99999928 5.16030455
v -5.41624308 2.99999809 5.16039944
v -5.49906301 2.99999809 4.96032047
v -5.41624308 2.99999809 5.16039944
v -7.66595364 2.99627924 4.96038246
v -7.85073423 3.01095724 4.76979589
v -8.05328274 3.00004625 4.85211468
v -5.97992373 3.01470304 1.66511643
v -6.91477346 3.00217485 1.66372955
v -7.84218407 3.02003717 2.59992051
v -8.05189419 3.00014877 2.5228343
v -8.05328274 3.00004625 4.85211468
v -6.99702311 2.99565291 1.46570361
v -5.89760303 2.99576592 1.46733832
v -8.05511284 3.0399971 4.85287142
v -8.05511284 3.03999686 2.52151847
v -8.05189419 3.00014877 2.5228343
v -8.05511284 3.0399971 4.85287142
v -7.74798393 2.99999928 5.16030455
v -4.36193275 3.00015831 4.10132456
v -5.41624308 2.99999809 5.16039944
v -4.56003332 3.02066374 4.01928949
v -4.55858326 3 3.08472657
v -5.97992373 3.01470304 1.66511643
v -5.89760303 2.99576592 1.46733832
v -4.35888338 3 3.00193143
v -4.35888338 3 3.00193143
v -4.36193275 3.00015831 4.10132456
v -4.3587141 3.03999805 4.10287523
v -4.3587141 3.03999782 3.00152206
v -4.3587141 3.03999805 4.10287523
v -5.41624308 3.03999805 5.16039944
v -5.89623356 3.03562284 1.46425033
v -4.3587141 3.03999782 3.00152206
v -4.55871391 3.03999805 3.0843637
v -5.97908354 3.05464983 1.66322935
v -4.55871391 3.06063557 4.02003241
v -5.49908352 3.03999805 4.96039963
v -5.41624308 3.03999805 5.16039944
v -7.7475934 3.0399971 5.16039658
v -7.66475391 3.03626132 4.96039677
v -4.55871391 3.06063557 4.02003241
v -4.3587141 3.03999782 3.00152206
v -5.97908354 3.05464983 1.66322935
v -7.66475391 3.03626132 4.96039677
v -7.8506732 3.05095339 4.77040148
v -8.05511284 3.0399971 4.85287142
v -6.91512394 3.04216695 1.66303253
v -7.84381247 3.05999684 2.59915328
v -6.9975934 3.03562284 1.46424949
v -5.89623356 3.03562284 1.46425033
v -7.74798393 2.99999928 5.16030455
v -8.05511284 3.03999686 2.52151847
v -7.84381247 3.05999684 2.59915328
v -6.9975934 3.03562284 1.46424949
v -6.99702311 2.99565291 1.46570361
v -7.84218407 3.02003717 2.59992051
v -5.89623356 3.03562284 1.46425033
v -5.89760303 2.99576592 1.46733832
v -6.99702311 2.99565291 1.46570361
v -6.9975934 3.03562284 1.46424949
v -4.3587141 3.03999782 3.00152206
v -4.35888338 3 3.00193143
v -5.89760303 2.99576592 1.46733832
v -4.20024347 2.99999833 4.18537664
v -4.20024347 2.84999847 4.18537664
v -5.7579937 2.849998 3.6183815
v -5.7579937 2.849998 3.6183815
v -5.7580533 2.99999809 3.6183815
v -4.20024347 2.99999833 4.18537664
v -4.2344451 2.84999847 4.27934599
v -4.2344451 2.99999833 4.27934599
v -5.79225397 2.99998617 3.71235156
v -4.2344451 2.99999833 4.27934599
v -4.20024347 2.84999847 4.18537664
v -4.20024347 2.99999833 4.18537664
v -5.79225397 2.99998617 3.71235156
v -5.7922039 2.84998631 3.71235156
v -4.2344451 2.84999847 4.27934599
v -6.72433281 2.9999969 3.17189884
v -6.72433281 2.84999681 3.17189884
v -8.22673512 2.84998107 2.47128963
v -8.22678375 2.99998093 2.47128963
v -6.72433281 2.9999969 3.17189884
v -6.76659346 2.84999681 3.26252961
v -6.76659346 2.9999969 3.26252961
v -8.26905441 2.99996638 2.56192064
v -8.26905441 2.99996638 2.56192064
v -8.26899338 2.849967 2.56192064
v -6.76659346 2.84999681 3.26252961
v -7.86077309 3.40977526 5.04976177
v -8.05691338 3.55977535 4.85361624
v -7.74833298 3.55977535 5.16219521
v -7.86077309 3.40977526 5.04976177
v -8.05691338 3.40977526 4.85361671
v -7.74833298 3.40977526 5.16219616
v -7.74833298 3.55977535 5.16219521
v -8.09691334 3.55977535 4.87018442
v -8.09691334 3.40977526 4.87018442
v -7.88905334 3.40977526 5.07804537
v -7.76490259 3.55977535 5.20219612
v -7.76490259 3.40977526 5.20219612
v -7.76490259 3.55977535 5.20219612
v -5.39892387 3.40977526 5.20219851
v -5.39892387 3.55977535 5.20219851
v -7.76490259 3.55977535 5.20219612
v -8.09691334 3.55977535 4.87018442
v -7.88905334 3.40977526 5.07804537
v -7.71925354 4.0399971 5.15647793
v -7.78264332 4.0399971 5.29242563
v -7.77965498 2.52053714 5.28804064
v -7.77965498 2.52053714 5.28804064
v -7.71925449 2.49999714 5.15647793
v -7.71925449 2.49999714 5.15647793
v -7.82497358 2.52053714 5.26690912
v -7.7645731 2.49999714 5.13534784
v -7.77965498 2.52053714 5.28804064
v -7.78264332 4.0399971 5.29242563
v -7.82796288 4.0399971 5.27129364
v -7.7645731 4.0399971 5.13534737
v -7.71925354 4.0399971 5.15647793
v -7.71925449 2.49999714 5.15647793
v -7.71925449 2.49999714 5.15647793
v -7.7645731 2.49999714 5.13534784
v -7.82796288 4.0399971 5.27129364
v -7.7645731 2.49999714 5.13534784
v -7.82497358 2.52053714 5.26690912
v -7.82796288 4.0399971 5.27129364
v -8.026474 4.0399971 4.87334728
v -8.16242313 4.0399971 4.9367404
v -8.16242504 2.49999714 4.9367404
v -8.16242504 2.49999714 4.9367404
v -8.026474 2.49999714 4.87334776
v -8.026474 4.0399971 4.87334728
v -8.04760456 2.49999714 4.82803249
v -8.04761314 4.0399971 4.82803202
v -8.026474 4.0399971 4.87334728
v -8.026474 4.0399971 4.87334728
v -8.026474 2.49999714 4.87334776
v -8.04760456 2.49999714 4.82803249
v -8.18355274 2.49999714 4.89142466
v -8.18355274 4.0399971 4.89142418
v -8.04761314 4.0399971 4.82803202
v -8.16242504 2.49999714 4.9367404
v -8.16242313 4.0399971 4.9367404
v -8.18355274 2.49999714 4.89142466
v -8.04761314 4.0399971 4.82803202
v -8.04760456 2.49999714 4.82803249
v -8.18355274 2.49999714 4.89142466
v -8.04552269 4.03999662 2.55581331
v -8.18147373 4.03999662 2.49242043
v -8.17796326 2.52218413 2.48789167
v -8.17796326 2.52218413 2.48789167
v -8.04552364 2.49999714 2.55581355
v -8.04552269 4.03999662 2.55581331
v -8.16034317 4.03999662 2.44710445
v -8.02439404 4.03999662 2.51049757
v -8.02439404 2.49999714 2.51049757
v -8.1568327 2.52218413 2.44257641
v -8.16034317 4.03999662 2.44710445
v -8.19159508 2.49999714 3.66219473
v -8.19159317 2.55482316 3.71219468
v -8.19159317 4.0399971 3.71219444
v -8.19159317 4.0399971 3.71219444
v -8.19159317 4.0399971 3.66219449
v -8.19159508 2.49999714 3.66219473
v -8.04159451 2.49999714 3.66219473
v -8.04159355 4.0399971 3.66219449
v -8.04159355 4.0399971 3.71219444
v -8.04159355 4.0399971 3.71219444
v -8.04159355 2.55482316 3.71219468
v -8.04159451 2.49999714 3.66219473
v -8.19159508 2.49999714 3.66219473
v -8.19159317 4.0399971 3.66219449
v -8.04159355 4.0399971 3.66219449
v -6.66327333 2.97528625 3.65451956
v -5.85983324 1.83905113 2.85108066
v -5.94733334 1.71530819 2.93858051
v -5.94733334 1.71530819 2.93858051
v -6.75077295 2.85154223 3.7420187
v -6.66327333 2.97528625 3.65451956
v -6.73131275 1.20365679 -4.53667116
v -6.74328279 2.01391768 -4.5483861
v -5.94657278 1.22543073 -4.5401144
v -9.06354332 -1.00089717 -2.93780422
v -7.45691347 1.41435087 -2.93532348
v -8.89441299 1.03997767 -2.93594503
v -9.06941319 1.04002881 -2.93780422
v -8.89441299 1.03997767 -2.93594503
v 4.44421673 1.20365906 3.83660388
v 4.43250179 2.01392007 3.84857512
v 4.44077253 1.22543311 3.05186081
v 2.93651056 -1.00091982 3.06220198
v 2.93061996 1.03999019 3.05956984
v 4.54308462 1.41435313 3.06220198
v 6.04308414 2.03999114 4.68113422
v 6.04308462 1.20592928 4.65837336
v 6.04308414 2.04000306 4.50293303
v -9.06349373 -1.00092185 3.0621953
v -7.45691347 1.41435111 3.06219697
v -8.89441299 1.03998816 3.06238031
v -9.06938267 1.03998816 3.06219482
v -9.06349373 -1.00092185 3.0621953
v -8.89441299 1.03998816 3.06238031
v -7.55089283 2.03994203 3.06219578
v -7.52813292 1.20588911 3.06219697
v -7.38515425 2.04001713 3.06232381
v -7.52813292 1.20588911 3.06219697
v -5.95691347 2.41435099 3.06219697
v -7.5592227 1.22543108 3.05185652
v -7.55089283 2.03994203 3.06175041
v 8.10490704 2.89498401 -0.397254318
v 8.10495949 3.0449841 -0.397254139
v 6.60250092 3.04499912 -1.09786308
v 6.60250092 2.89499998 -1.09786308
v 8.10490704 2.89498401 -0.397254318
v 8.14722157 3.04496884 -0.487884998
v 8.14716911 2.89496875 -0.487884939
v 6.64476252 2.89499998 -1.18849409
v 6.64476252 2.89499998 -1.18849409
v 6.64476252 3.04499912 -1.18849409
v 8.10490799 2.89498401 -2.85233879
v 6.60250187 2.89499998 -2.15173197
v 6.60250187 3.04499912 -2.15173197
v 8.10496044 3.0449841 -2.85233879
v 8.10490799 2.89498401 -2.85233879
v 8.14722252 3.04496884 -2.76170802
v 6.64476299 3.04499912 -2.06110096
v 6.64476299 2.89499998 -2.06110096
v 8.14717007 2.89496875 -2.76170802
v 8.14722252 3.04496884 -2.76170802
v 8.05964375 2.54646206 -0.4183864
v 7.92369747 2.54499984 -0.481779158
v 7.92369747 4.08500004 -0.481779188
v 8.05964375 4.08500004 -0.418386489
v 8.05964375 2.54646206 -0.4183864
v 8.03851223 2.54646206 -0.373070717
v 8.05964375 2.54646206 -0.4183864
v 8.03851223 4.08500004 -0.373070776
v 7.90256643 2.54499984 -0.436463922
v 8.03851223 2.54646206 -0.373070717
v 7.90256643 4.08500004 -0.436463982
v 7.92369747 2.54499984 -0.481779158
v 7.90256643 4.08500004 -0.436463982
v 7.92369747 4.08500004 -0.481779188
v 7.92369747 2.54499984 -0.481779158
v 7.90256834 4.08500004 -2.81082511
v 7.90256834 2.54499984 -2.81082487
v 7.92369843 2.54499984 -2.76550984
v 7.92369843 2.54499984 -2.76550984
v 7.92369843 4.08500004 -2.76551008
v 6.84657955 4.08499956 -3.84299207
v 6.89788246 4.08499956 -3.98394608
v 6.89788246 2.59982562 -3.98394608
v 6.89788246 2.59982562 -3.98394608
v 6.84657955 2.59982562 -3.84299183
v 6.89356375 2.54499984 -3.82589102
v 6.89356375 4.08499956 -3.82589102
v 6.94486666 2.54499984 -3.96684408
v 6.94486666 4.08499956 -3.96684504
v 6.89356375 2.54499984 -3.82589102
v 6.94486666 2.54499984 -3.96684408
v 6.94486666 2.54499984 -3.96684408
v 6.89788246 2.59982562 -3.98394608
v 6.89788246 4.08499956 -3.98394608
v 6.94486666 4.08499956 -3.96684504
v 6.94486666 2.54499984 -3.96684408
v 7.93319702 3.04499984 -2.80209184
v 7.93328857 3.08500004 -2.80211186
v 7.93328667 3.08500004 -0.447483957
v 7.93328667 3.08500004 -0.447483957
v 7.93331051 3.04499984 -0.447542518
v 6.79234409 3.0493536 -3.65889978
v 6.87505007 3.04066563 -3.85771608
v 7.73320246 3.04499984 -2.71931005
v 7.93331051 3.04499984 -0.447542518
v 7.73320055 3.04499984 -0.530387282
v 6.79224062 3.04935598 0.409303814
v 6.87500715 3.04066181 0.608234286
v 7.93331051 3.04499984 -0.447542518
v 6.87576151 3.08062482 0.609785378
v 7.73328638 3.08500004 -0.530326962
v 5.85400248 3.05900598 0.406206697
v 6.87500715 3.04066181 0.608234286
v 5.77411413 3.0364778 0.604893506
v 5.85400581 3.05900574 -3.65580487
v 6.87505007 3.04066563 -3.85771608
v 5.68756437 3.06270647 -3.50701904
v 5.68756199 3.06270695 0.257421136
v 5.77411652 3.03647757 -3.85449171
v 6.79291868 3.08933973 0.41016537
v 7.73328829 3.08500004 -2.7192688
v 7.93328667 3.08500004 -0.447483957
v 7.93328857 3.08500004 -2.80211186
v 6.87576389 3.08062458 -3.85938191
v 5.85348415 3.09893179 0.408589691
v 5.77273989 3.07624984 0.608928502
v 6.79292107 3.08933949 -3.65976286
v 7.93328857 3.08500004 -2.80211186
v 6.87576389 3.08062458 -3.85938191
v 5.68564606 3.10264397 0.25860092
v 5.85348749 3.09893155 -3.65818787
v 5.85348749 3.09893155 -3.65818787
v 5.48609734 3.08062482 0.340991974
v 5.77274275 3.0762496 -3.85852695
v 5.68564844 3.10264373 -3.50819898
v 5.48609972 3.08062458 -3.59059072
v 5.68564606 3.10264397 0.25860092
v 5.48973417 3.040833 0.339165837
v 5.68564844 3.10264373 -3.50819898
v 5.85348415 3.09893179 0.408589691
v 5.48973703 3.04083276 -3.58876491
v 5.48609972 3.08062458 -3.59059072
v 5.68756199 3.06270695 0.257421136
v 5.68756437 3.06270647 -3.50701904
v 5.85400581 3.05900574 -3.65580487
v 5.48973703 3.04083276 -3.58876491
v 5.77411413 3.0364778 0.604893506
v 5.85400248 3.05900598 0.406206697
v 6.87500715 3.04066181 0.608234286
v 6.87576151 3.08062482 0.609785378
v 5.77273989 3.07624984 0.608928502
v 5.77411413 3.0364778 0.604893506
v 7.93331051 3.04499984 -0.447542518
v 7.93328667 3.08500004 -0.447483957
v 6.87576151 3.08062482 0.609785378
v 7.93328857 3.08500004 -2.80211186
v 7.93319702 3.04499984 -2.80209184
v 6.87505007 3.04066563 -3.85771608
v 6.87576389 3.08062458 -3.85938191
v 5.77411652 3.03647757 -3.85449171
v 5.77274275 3.0762496 -3.85852695
v -7.56750298 2.01391816 3.84856963
v -7.55089283 2.03994203 3.06175041
v -7.5592227 1.22543108 3.05185652
v -7.38515425 2.04001713 3.06232381
v -7.39764309 2.04000092 0.0621963851
v -7.57584286 2.03998899 0.0621959381
v -7.57584286 2.03998899 0.0621959381
v -7.55308294 1.2059269 0.0621962734
v -7.52813292 1.20588911 3.06219697
v -7.56943274 2.03998399 -0.0916029215
v -7.55459261 1.041031 -0.0905148834
v -7.57584286 2.03998899 0.0621971302
v -7.56943274 2.03998399 -0.0916029215
v -7.55578279 1.20365715 3.83659863
v -7.56750298 2.01391816 3.84856963
v -7.5592227 1.22543108 3.05185652
v -9.06349373 -1.00092185 3.0621953
v -9.06938267 1.03998816 3.06022239
v -7.45691347 1.41435111 3.06219697
v -7.55089283 2.03994203 3.06175041
v -7.38515282 2.04001713 3.06283164
v -5.95691347 2.41435099 3.06219697
v -7.38515282 2.04001713 3.06283164
v -7.39441347 2.03999805 3.77135706
v -6.6742034 2.03999805 4.47208691
v -5.95691347 2.04000115 4.5029273
v -7.39441347 2.03999805 3.77135706
v -6.74155331 2.01392007 4.64779568
v -7.56750298 2.01391816 3.84856963
v -6.6742034 2.03999805 4.47208691
v -5.95691347 2.03998923 4.68112898
v -5.95691347 2.04000115 4.50292635
v -5.95691347 2.03998923 4.68112659
v -2.95718622 2.03994298 4.65617371
v -2.95653677 2.04001832 4.49043798
v -2.95718622 2.03994298 4.65617371
v -2.95691824 1.2058903 4.63341427
v -2.95691705 2.41435218 3.06219959
v -2.95691824 2.04001808 4.49043798
v -2.95758653 2.03994298 4.65617323
v -2.24775743 2.03999805 4.49969912
v -1.54702759 2.03999925 3.77949023
v -1.51618648 2.04000211 3.06219935
v -1.36074519 1.20592809 3.06219935
v -1.51618648 2.04000211 3.06219935
v -2.95653677 2.04001832 4.49043798
v -2.17054558 2.01391912 4.67278242
v -2.95758653 2.03994298 4.65617323
v -2.17054558 2.01391912 4.67278242
v -2.24775743 2.03999805 4.49969912
v -1.37131834 2.01392126 3.84683514
v -1.54702759 2.03999925 3.77949023
v -1.33798516 2.03998995 3.06219935
v -1.51618648 2.04000211 3.06219935
v -8.10655308 2.03367996 -0.601242304
v -8.10655308 1.02599096 -0.594494164
v -7.55459261 1.041031 -0.0905148834
v -7.56943274 2.03998399 -0.0916029215
v -8.10655308 2.03367996 -0.601242304
v -7.55459261 1.041031 -0.0905148834
v -6.59888363 2.0202291 -0.608540893
v -8.03256226 2.0443449 -0.598514378
v -8.03157234 1.57495892 -0.597530603
v -6.59888363 2.0202291 -0.608540893
v -6.59888363 3.0279181 -0.608540893
v -8.03256226 2.0443449 -0.598514378
v -8.03156281 1.57502699 -0.772531927
v -8.03256226 2.04434586 -0.773515046
v -6.50400305 2.01376486 -0.816120744
v -8.03256226 2.04434586 -0.773515046
v -6.52493334 3.03946495 -0.780888438
v -6.50400305 2.01376486 -0.816120744
v -5.87928391 2.04133987 -0.162387118
v -6.50400305 2.01376486 -0.816120744
v -5.89443302 3.0399797 -0.164092749
v -7.60062313 1.36908603 -0.625210226
v -9.43899345 1.04001093 -0.708646357
v -8.89443302 1.03997993 -0.16409342
v -6.52493334 3.03946495 -2.08727741
v -5.89443302 3.0399797 -2.70407319
v -6.59888363 3.0279181 -2.25962543
v -5.89443302 3.0399797 -2.70407319
v -6.06943274 3.03998399 -2.77656341
v -5.87928391 2.04133987 -2.70577812
v -6.52493334 3.03946495 -2.08727741
v -6.50400305 2.01376486 -2.05204535
v -6.06943274 3.04001403 -2.93407607
v -5.89443302 3.0399797 -2.70407319
v -5.89443302 3.04001403 -2.93407607
v -7.56943274 2.03998375 -2.77656341
v -7.57584286 2.03998876 -2.93036342
v -7.55308294 1.20592678 -2.93594384
v -8.10655308 2.03367972 -2.26692438
v -7.56943274 2.03998375 -2.77656341
v -7.55459261 1.04103088 -2.77765131
v -8.10655308 1.02599084 -2.27367234
v -8.10655308 2.03367972 -2.26692438
v -7.55459261 1.04103088 -2.77765131
v -6.59888363 3.0279181 -2.25962543
v -6.06943274 3.03998399 -2.77656341
v -6.05459261 2.04102969 -2.77765131
v -6.59888363 2.02022886 -2.25962543
v -6.59888363 3.0279181 -2.25962543
v -6.05459261 2.04102969 -2.77765131
v -6.59888363 2.02022886 -2.25962543
v -8.03256226 2.04434466 -2.26965237
v -8.03256226 2.04434466 -2.26965237
v -6.59888363 2.02022886 -2.25962543
v -8.03157234 1.5749588 -2.27063632
v -8.03256226 2.04434586 -2.09465241
v -8.03156281 1.57502687 -2.09563541
v -6.50400305 2.01376486 -2.05204535
v -9.46102333 1.107342 -2.09286427
v -8.03256226 1.03661287 -2.09868836
v -9.46003342 0.637989819 -2.09384823
v -6.52493334 3.03946495 -2.08727741
v -8.03256226 2.04434586 -2.09465241
v -6.50400305 2.01376486 -2.05204535
v -8.03256226 2.04434586 -2.09465241
v -6.10062313 2.36908579 -2.24295568
v -7.39443302 2.0399797 -2.70407319
v -9.56273365 0.854755938 -0.584900498
v -9.06943321 1.03998303 -0.0916034132
v -9.56273365 1.04001141 -0.584900677
v -9.05929375 -0.957864761 -2.78683138
v -9.06943321 1.03998291 -2.77656436
v -9.06942272 -0.961908162 -2.9340775
v -9.06943321 1.03998291 -2.77656436
v -9.06942272 1.04002082 -2.9322207
v -9.56273365 0.854755521 -2.28326821
v -9.05929375 -0.957864761 -2.78683138
v -9.56273365 0.854755521 -2.28326821
v -9.56273365 1.04001093 -2.28326774
v -9.56273365 -0.956401944 -2.28326821
v -9.56273365 0.854755521 -2.28326821
v -9.05929375 -0.957864761 -2.78683138
v -9.56273365 0.854755938 -0.584900498
v -9.56273365 -0.956401944 -2.28326821
v -9.56273365 -0.956401587 -0.58490032
v 9.14966297 -1.00091922 -2.9377954
v 7.54308701 1.41435289 -2.93779588
v 8.98058891 1.03999078 -2.93825841
v 7.61430216 1.20589089 -2.93779635
v 6.04060793 2.41435337 -2.93779778
v 7.47132635 2.0400188 -2.93817687
v 7.63706207 2.03994417 -2.93741345
v 7.61430216 1.20589089 -2.93779635
v 7.47132635 2.0400188 -2.93779588
v -2.17054558 2.01391912 4.67278242
v -2.95718622 2.03994298 4.65617371
v -2.96725821 1.22543216 4.66451025
v -2.95718622 2.03994298 4.65617371
v -2.95691705 2.41435218 3.06219959
v -2.18251514 1.20365822 4.66106749
v -2.17054558 2.01391912 4.67278242
v -2.96725821 1.22543216 4.66451025
v -1.33798516 2.03998995 3.06219935
v -1.36074519 1.20592809 3.06219935
v -1.51618648 2.04000211 3.06219935
v 0.149711296 -1.00089478 3.06220031
v -1.45691645 1.41435206 3.06219935
v -0.0194122307 1.03997922 3.06220031
v 0.155579835 1.04003024 3.06220031
v 0.149711296 -1.00089478 3.06220031
v 6.81748581 1.20365918 4.6610713
v 6.82945681 2.01392126 4.67278576
v 6.03274345 1.22543311 4.66451406
v 7.639256 1.20592999 3.06034303
v 6.04308462 2.41435313 3.06220293
v 7.48381519 2.04000401 3.05972314
v 7.66201639 2.03999114 3.06220388
v 7.639256 1.20592999 3.06034303
v 7.48381519 2.04000401 3.05972314
v 9.14971256 -1.00089383 3.06220388
v 7.5430851 1.41435409 3.05972314
v 8.98058987 1.03998113 3.06220388
v 9.15558529 1.04002893 3.05997038
v 9.14971256 -1.00089383 3.06220388
v 8.98058987 1.03998113 3.06220388
v 2.26868701 1.2036587 -4.53666639
v 2.2567153 2.01391983 -4.54838228
v 3.05342913 1.22543275 -4.54011106
v 3.04309011 -1.00092018 -6.04437351
v 3.04466724 1.04000616 -6.0502758
v 3.04308772 1.41435289 -4.43779898
v 1.44691622 1.20592892 -2.93779969
v 3.04308748 2.41435289 -2.93779898
v 1.60235739 2.04000282 -2.93779969
v 1.42415643 2.03998971 -2.93779969
v 1.44691622 1.20592892 -2.93779969
v 1.60235739 2.04000282 -2.93779969
v 3.80943298 3.51047087 1.47284174
v 3.80943298 3.51047087 0.960429966
v -5.25185776 3.51047087 0.960429966
v -5.25185776 3.51047087 1.47284174
v 3.80943298 3.01839662 1.47284174
v 3.80943298 3.51047087 1.47284174
v -5.25185776 3.51047087 1.47284174
v -5.25185776 3.01839662 1.47284174
v -5.25185776 3.01839662 1.47284174
v -5.25185776 3.51047087 1.47284174
v -5.25185776 3.51047087 0.960429966
v -5.25185776 3.01839662 0.960429966
v -5.25185776 3.01839662 0.960429966
v -5.25185776 3.51047087 0.960429966
v 3.80943298 3.51047087 0.960429966
v 3.80943298 3.01839662 0.960429966
v 3.80943298 3.01839662 0.960429966
v 3.80943298 3.51047087 0.960429966
v 3.80943298 3.51047087 1.47284174
v 3.80943298 3.01839662 1.47284174
v 3.80943298 3.51047087 -0.985023916
v 3.80943298 3.51047087 -1.53533959
v -5.25185776 3.51047087 -1.53533959
v -5.25185776 3.51047087 -0.985023916
v 3.80943298 3.01839662 -0.985023916
v 3.80943298 3.51047087 -0.985023916
v -5.25185776 3.51047087 -0.985023916
v -5.25185776 3.01839662 -0.985023916
v -5.25185776 3.01839662 -0.985023916
v -5.25185776 3.51047087 -0.985023916
v -5.25185776 3.51047087 -1.53533959
v -5.25185776 3.01839662 -1.53533959
v -5.25185776 3.01839662 -1.53533959
v -5.25185776 3.51047087 -1.53533959
v 3.80943298 3.51047087 -1.53533959
v 3.80943298 3.01839662 -1.53533959
v 3.80943298 3.01839662 -1.53533959
v 3.80943298 3.51047087 -1.53533959
v 3.80943298 3.51047087 -0.985023916
v 3.80943298 3.01839662 -0.985023916
v -0.505872071 3.17723393 -2.04456043
v -0.936552167 3.17723393 -2.04455996
v -0.936552584 3.17723393 2.04455948
v -0.505872726 3.17723393 2.04455948
v -0.505872071 3.01839662 -2.04456043
v -0.505872071 3.17723393 -2.04456043
v -0.505872726 3.17723393 2.04455948
v -0.505872726 3.01839662 2.04455948
v -0.505872726 3.01839662 2.04455948
v -0.505872726 3.17723393 2.04455948
v -0.936552584 3.17723393 2.04455948
v -0.936552584 3.01839662 2.04455948
v -0.936552584 3.01839662 2.04455948
v -0.936552584 3.17723393 2.04455948
v -0.936552167 3.17723393 -2.04455996
v -0.936552167 3.01839662 -2.04455996
v -0.936552167 3.01839662 -2.04455996
v -0.936552167 3.17723393 -2.04455996
v -0.505872071 3.17723393 -2.04456043
v -0.505872071 3.01839662 -2.04456043
v 3.49888659 3.17723393 -2.04456043
v 3.06432462 3.17723393 -2.04455996
v 3.06432438 3.17723393 2.04455948
v 3.49888635 3.17723393 2.04455948
v 3.49888659 3.01839662 -2.04456043
v 3.49888659 3.17723393 -2.04456043
v 3.49888635 3.17723393 2.04455948
v 3.49888635 3.01839662 2.04455948
v 3.49888635 3.01839662 2.04455948
v 3.49888635 3.17723393 2.04455948
v 3.06432438 3.17723393 2.04455948
v 3.06432438 3.01839662 2.04455948
v 3.06432438 3.01839662 2.04455948
v 3.06432438 3.17723393 2.04455948
v 3.06432462 3.17723393 -2.04455996
v 3.06432462 3.01839662 -2.04455996
v 3.06432462 3.01839662 -2.04455996
v 3.06432462 3.17723393 -2.04455996
v 3.49888659 3.17723393 -2.04456043
v 3.49888659 3.01839662 -2.04456043
v -4.49717665 3.17723393 -2.04456043
v -4.92785645 3.17723393 -2.04455996
v -4.92785692 3.17723393 2.04455948
v -4.49717712 3.17723393 2.04455948
v -4.49717665 3.01839662 -2.04456043
v -4.49717665 3.17723393 -2.04456043
v -4.49717712 3.17723393 2.04455948
v -4.49717712 3.01839662 2.04455948
v -4.49717712 3.01839662 2.04455948
v -4.49717712 3.17723393 2.04455948
v -4.92785692 3.17723393 2.04455948
v -4.92785692 3.01839662 2.04455948
v -4.92785692 3.01839662 2.04455948
v -4.92785692 3.17723393 2.04455948
v -4.92785645 3.17723393 -2.04455996
v -4.92785645 3.01839662 -2.04455996
v -4.92785645 3.01839662 -2.04455996
v -4.92785645 3.17723393 -2.04455996
v -4.49717665 3.17723393 -2.04456043
v -4.49717665 3.01839662 -2.04456043
v -2.59111619 3.43154478 -1.08856797
v -2.93995714 3.43154478 -1.0885675
v -2.93995762 3.43154478 1.08856714
v -2.59111691 3.43154478 1.08856714
v -2.59111619 3.01839662 -1.08856797
v -2.59111619 3.43154478 -1.08856797
v -2.59111691 3.43154478 1.08856714
v -2.59111691 3.01839662 1.08856714
v -2.93995762 3.01839662 1.08856714
v -2.93995762 3.43154478 1.08856714
v -2.93995714 3.43154478 -1.0885675
v -2.93995714 3.01839662 -1.0885675
v 1.52753353 3.43154478 -1.08856797
v 1.17869258 3.43154478 -1.0885675
v 1.17869234 3.43154478 1.08856714
v 1.52753305 3.43154478 1.08856714
v 1.52753353 3.01839662 -1.08856797
v 1.52753353 3.43154478 -1.08856797
v 1.52753305 3.43154478 1.08856714
v 1.52753305 3.01839662 1.08856714
v 1.17869234 3.01839662 1.08856714
v 1.17869234 3.43154478 1.08856714
v 1.17869258 3.43154478 -1.0885675
v 1.17869258 3.01839662 -1.0885675
v 6.02547598 -1.00361145 3.33829331
v 6.02547598 3.0203259 3.33829308
v -6.02626133 3.0203259 3.33829308
v -6.02626133 -1.00361145 3.33829331
v -6.02626133 3.0203259 3.33829308
v -6.02626133 3.0203259 -3.28871655
v -6.02626133 -1.00361145 -3.28871655
v -6.02626133 -1.00361145 3.33829331
v -6.02626133 3.0203259 -3.28871655
v 6.02547598 -1.00361145 -3.28871655
v -6.02626133 -1.00361145 -3.28871655
v 6.02547598 3.0203259 -3.28871655
v -6.02626133 3.0203259 3.33829308
v 6.02547598 3.0203259 3.33829308
v -6.02626133 3.0203259 -3.28871655
v 6.02547598 3.0203259 -3.28871655
v 6.02547598 3.0203259 3.33829308
v 6.02547598 -1.00361145 3.33829331
v 6.02547598 -1.00361145 -3.28871655
v 3.42729783 5.5497117 1.5293088
v 3.42729735 5.5497117 -1.47350585
v 3.4272964 3.50133467 -1.47350609
v 3.42729664 3.50133443 1.52930844
v 3.47739649 3.50133467 -1.47350609
v 3.4272964 3.50133467 -1.47350609
v 3.42729735 5.5497117 -1.47350585
v 3.47739744 5.5497117 -1.47350585
v 3.47739744 5.5497117 -1.47350585
v 3.42729735 5.5497117 -1.47350585
v 3.42729783 5.5497117 1.5293088
v 3.47739768 5.5497117 1.5293088
v 3.47739673 3.50133443 1.52930844
v 3.47739649 3.50133467 -1.47350609
v 3.4272964 3.50133467 -1.47350609
v 3.42729664 3.50133443 1.52930844
v 3.47739768 5.5497117 1.5293088
v 3.42729783 5.5497117 1.5293088
v 3.42729664 3.50133443 1.52930844
v 3.47739673 3.50133443 1.52930844
v -5.80012941 6.63451529 1.52596056
v -5.80012941 6.63451529 -1.47685409
v -5.03310823 3.49994922 -1.47685456
v -5.03310728 3.49994874 1.52596009
v -4.86546278 3.54097223 -1.47685456
v -5.03310823 3.49994922 -1.47685456
v -5.80012941 6.63451529 -1.47685409
v -5.63248444 6.67553902 -1.47685409
v -5.63248444 6.67553902 -1.47685409
v -5.80012941 6.63451529 -1.47685409
v -5.80012941 6.63451529 1.52596056
v -5.63248396 6.67553806 1.52596056
v -4.8654623 3.54097223 1.52596009
v -4.86546278 3.54097223 -1.47685456
v -5.03310823 3.49994922 -1.47685456
v -5.03310728 3.49994874 1.52596009
v -5.63248396 6.67553806 1.52596056
v -5.80012941 6.63451529 1.52596056
v -5.03310728 3.49994874 1.52596009
v -4.8654623 3.54097223 1.52596009
v -5.36031103 5.60788202 1.5791415
v -5.36031246 5.60787964 -1.52333832
v -2.07314849 5.60787725 -1.52333856
v -2.07314849 5.60787821 1.5791409
v -2.07314849 5.75627327 -1.52333856
v -2.07314849 5.60787725 -1.52333856
v -5.36031246 5.60787964 -1.52333832
v -5.36031246 5.75627565 -1.52333832
v -5.36031246 5.75627565 -1.52333832
v -5.36031246 5.60787964 -1.52333832
v -5.36031103 5.60788202 1.5791415
v -5.36031103 5.75627661 1.5791415
v -2.07314849 5.75627375 1.5791409
v -2.07314849 5.75627327 -1.52333856
v -2.07314849 5.60787725 -1.52333856
v -2.07314849 5.60787821 1.5791409
v -5.36031103 5.75627661 1.5791415
v -5.36031103 5.60788202 1.5791415
v -2.07314849 5.60787821 1.5791409
v -2.07314849 5.75627375 1.5791409
v -3.00779462 6.09779882 0.44826296
v -0.895543635 5.62929392 0.548263013
v -0.895543635 5.62929392 0.448263019
v -3.00779462 6.09779882 0.548262954
v -3.12696099 6.20563459 0.448263168
v -3.12696099 6.20563459 0.548263133
v -3.05186343 6.34772396 0.448263168
v -3.05186343 6.34772396 0.548263133
v -1.34500241 7.70030975 0.448263466
v -1.34500241 7.70030975 0.54826349
v -3.0308578 6.04664278 0.548262954
v -0.906567514 5.57406235 0.448263019
v -0.906567514 5.57406235 0.548263013
v -3.03085995 6.04664373 0.44826296
v -3.18265271 6.19577694 0.548263133
v -3.18265271 6.19577694 0.448263109
v -3.0930481 6.38578606 0.548263133
v -3.0930481 6.38578606 0.448263168
v -1.37891388 7.74528122 0.54826349
v -1.37891388 7.74528122 0.448263466
v -0.669836879 5.00693941 -1.44473541
v -0.786750317 5.00693893 1.44473588
v -0.669836879 5.00693893 1.44473588
v -0.786750317 5.00693941 -1.44473541
v -0.728293598 4.90568972 -1.44473541
v -0.728293598 4.90568876 1.44473588
v -0.669836879 5.00693893 1.44473588
v -0.669836879 5.00693941 -1.44473541
v 1.58584023 6.06308079 -1.38312209
v 1.46871364 5.97946882 -1.38312209
v 3.25727105 3.47399139 -1.41657221
v 1.70249081 5.99621439 -1.38444984
v 3.42005062 3.59019303 -1.41657221
v 3.25708151 3.47425675 -1.4465704
v 1.4685241 5.97973442 -1.41312027
v 1.58565092 6.06334639 -1.41312027
v 1.7023015 5.99647999 -1.41444802
v 3.41986108 3.59045839 -1.4465704
v -4.35940456 8.84697819 -1.37909019
v -5.81418514 7.35175037 -1.38555491
v -5.81324005 7.2829113 -1.38570583
v -5.70478582 7.1773901 -1.38570583
v -4.18210936 8.74240112 -1.37893939
v -4.29056501 8.84792233 -1.37893939
v -5.81317568 7.28297853 -1.41570568
v -5.81412029 7.35181761 -1.41555476
v -4.35933971 8.8470459 -1.40909004
v -5.70472097 7.17745638 -1.41570568
v -4.18204498 8.74246788 -1.40893912
v -4.29050016 8.84798908 -1.40893912
v 3.25727105 3.47399068 1.41657257
v 1.46871364 5.97946882 1.38312328
v 1.58584023 6.06308079 1.38312328
v 1.70249081 5.99621439 1.38445115
v 3.42005062 3.59019256 1.41657257
v 1.58565092 6.06334639 1.41312146
v 1.4685241 5.97973442 1.41312146
v 3.25708151 3.47425628 1.44657075
v 1.7023015 5.99647999 1.41444933
v 3.41986108 3.59045768 1.44657075
v -5.81324005 7.2829113 1.38570786
v -5.81418514 7.35175037 1.38555682
v -4.35940456 8.84697819 1.37909257
v -5.70478582 7.1773901 1.38570786
v -4.18210936 8.74240112 1.37894177
v -4.29056501 8.84792233 1.37894177
v -4.35933971 8.8470459 1.40909255
v -5.81412029 7.35181761 1.41555643
v -5.81317568 7.28297853 1.41570747
v -5.70472097 7.17745638 1.41570747
v -4.18204498 8.74246788 1.40894175
v -4.29050016 8.84798908 1.40894175
v -2.19324493 4.50278807 -1.38119698
v -2.31963992 4.49044561 -1.2569809
v -2.36158156 5.79100466 -1.09750473
v -2.23628497 5.82517624 -1.22210097
v -2.06800008 4.49311399 -1.25674808
v -2.10994911 5.79367352 -1.09727359
v -2.19320822 4.48058987 -1.13074052
v -2.23624706 5.80297899 -0.971642077
v -2.31963992 4.49044561 -1.2569809
v -2.36158156 5.79100466 -1.09750473
v 3.43692136 3.46992207 -1.23080528
v 3.36426163 7.05438805 -1.36446154
v 3.42002916 6.97363949 -1.19505978
v 3.40544629 3.47123075 -1.42349398
v 3.2127409 3.47011852 -1.45487261
v 3.1949892 6.97328234 -1.42010236
v 3.07600951 7.05442429 -1.28761744
v 3.06151056 3.46955609 -1.33133066
v 3.1305685 3.46951532 -1.14867091
v 3.11280203 6.97441196 -1.11286938
v 3.31327724 3.46874022 -1.07959092
v 3.28750563 7.0544281 -1.07588601
v 3.43692136 3.46992207 -1.23080528
v 3.42002916 6.97363949 -1.19505978
v -2.19344258 4.50106001 1.36688876
v -2.34717989 5.79150867 1.0978297
v -2.30523634 4.49086761 1.25663364
v -2.2361064 5.82346058 1.20779085
v -2.08240294 4.49261713 1.25648105
v -2.1243515 5.79325867 1.09767807
v -2.1934185 4.48230457 1.14505124
v -2.2360816 5.8047061 0.985951722
v -2.30523634 4.49086761 1.25663364
v -2.34717989 5.79150867 1.0978297
v 3.43692136 3.46992183 1.23080528
v 3.42002916 6.97363997 1.19506013
v 3.35973573 7.04793501 1.35992551
v 3.39901781 3.47113395 1.41706157
v 3.1949892 6.97328234 1.42010272
v 3.21274161 3.47011852 1.45487261
v 3.08222103 7.04799843 1.28593254
v 3.0702951 3.46957684 1.32897353
v 3.11280203 6.97441196 1.11286998
v 3.1305685 3.46951509 1.14867103
v 3.31092167 3.46881795 1.08837521
v 3.28582358 7.04801559 1.08211315
v 3.42002916 6.97363997 1.19506013
v 3.43692136 3.46992183 1.23080528
v -0.912387311 3.12396073 -0.64741993
v -0.541380346 3.12396073 -0.64741993
v -0.543307781 7.00857544 -0.649347842
v -0.910459876 7.00857544 -0.649347842
v -0.912387311 3.12396073 -0.789626837
v -0.910459876 7.00857544 -0.787699878
v -0.541380346 3.12396073 -0.789626956
v -0.912387311 3.12396073 -0.789626837
v -0.910459876 7.00857544 -0.787699878
v -0.543307781 7.00857544 -0.787699878
v -0.541380346 3.12396073 -0.64741993
v -0.543307781 7.00857544 -0.649347842
v -0.910459876 7.00857544 -0.649347842
v -0.543307781 7.00857544 -0.649347842
v -0.543307781 7.00857544 -0.787699878
v -0.910459876 7.00857544 -0.787699878
v -0.910019338 3.12396121 0.649788558
v -0.54524076 7.00664282 0.651281059
v -0.543747842 3.12396121 0.649788558
v -0.908526421 7.00664282 0.651281059
v -0.910019338 3.12396121 0.787260056
v -0.908526421 7.00664282 0.785766661
v -0.543747842 3.12396121 0.787260056
v -0.908526421 7.00664282 0.785766661
v -0.910019338 3.12396121 0.787260056
v -0.54524076 7.00664282 0.785766661
v -0.543747842 3.12396121 0.649788558
v -0.54524076 7.00664282 0.651281059
v -0.908526421 7.00664282 0.651281059
v -0.908526421 7.00664282 0.785766661
v -0.54524076 7.00664282 0.785766661
v -0.54524076 7.00664282 0.651281059
v -0.622909009 6.81084251 2.05999589
v -0.622909009 6.81084394 -2.05999374
v -0.728293598 6.84773731 -2.05999374
v -0.728293598 6.84773588 2.05999589
v -0.833678126 6.81084394 -2.05999374
v -0.833678126 6.81084251 2.05999589
v -0.812936366 6.70113134 -2.05999374
v -0.812936366 6.70113039 2.05999589
v -0.728293598 6.62831211 -2.05999374
v -0.728293598 6.62831116 2.05999589
v -0.64365083 6.70113039 2.05999589
v -0.64365083 6.70113134 -2.05999374
v -0.622909009 6.81084394 -2.05999374
v -0.622909009 6.81084251 2.05999589
v 3.35973573 7.04793501 1.35992551
v 3.08222103 7.04799843 1.28593254
v 3.1949892 6.97328234 1.42010272
v 3.28582358 7.04801559 1.08211315
v 3.42002916 6.97363997 1.19506013
v 3.11280203 6.97441196 1.11286998
v 3.36426163 7.05438805 -1.36446154
v 3.28750563 7.0544281 -1.07588601
v 3.42002916 6.97363949 -1.19505978
v 3.07600951 7.05442429 -1.28761744
v 3.11280203 6.97441196 -1.11286938
v -2.34717989 5.79150867 1.0978297
v -2.2361064 5.82346058 1.20779085
v -2.1243515 5.79325867 1.09767807
v -2.2360816 5.8047061 0.985951722
v 3.32493687 6.36321259 -1.25231802
v 3.2927115 6.44608021 -1.11113048
v -4.78753662 3.30384088 -1.11113381
v -4.75531149 3.22097492 -1.25232041
v -4.78351498 3.29350209 -1.39991593
v 3.2967329 6.43573856 -1.39991343
v 3.23630357 6.59113312 -1.40631735
v -4.84394503 3.44889569 -1.40631974
v 3.20407987 6.67399693 -1.2651298
v -4.8761692 3.5317595 -1.26513219
v 3.23228288 6.6014719 -1.11753738
v -4.84796524 3.45923328 -1.11753869
v 3.2927115 6.44608021 -1.11113048
v -4.78753662 3.30384088 -1.11113381
v 3.15799284 6.51942205 -1.25231981
v 3.18100524 6.60530519 -1.11113107
v -6.00657988 9.06711006 -1.11113238
v -6.02959299 8.98122883 -1.25232124
v -6.00945139 9.05639458 -1.39991498
v 3.17813373 6.59458685 -1.39991248
v 3.22128654 6.75563622 -1.40631843
v -5.96630049 9.21744156 -1.40631986
v 3.24429893 6.84151793 -1.26512957
v -5.94328785 9.3033247 -1.26513314
v 3.22415757 6.7663517 -1.11753571
v -5.96342802 9.228158 -1.11753726
v 3.18100524 6.60530519 -1.11113107
v -6.00657988 9.06711006 -1.11113238
v -5.91299534 9.3167038 -1.27882659
v -5.94296598 9.28796482 -1.13385916
v -5.86970091 9.08839226 -1.10909712
v -5.8217144 9.09777832 -1.29165399
v -6.01161957 9.27894306 -1.38519645
v -4.56086731 3.49110627 -1.32704926
v -4.60871696 3.48153591 -1.14438879
v -4.69132471 3.46185422 -1.46066785
v -5.95219421 9.06866932 -1.42529511
v -4.8697505 3.42300701 -1.41186929
v -6.13060522 9.02997303 -1.3764255
v -6.1469245 9.2339983 -1.35120058
v -4.9178524 3.41338134 -1.22922349
v -6.17847013 9.01968384 -1.19386709
v -6.19686794 9.30794048 -1.20549273
v -6.07749557 9.23270226 -1.0924933
v -4.78728056 3.44265771 -1.09537351
v -6.04816818 9.04983616 -1.06021798
v -4.60871696 3.48153591 -1.14438879
v -5.86970091 9.08839226 -1.10909712
v -5.94296598 9.28796482 -1.13385916
v -6.07749557 9.23270226 -1.0924933
v -6.19686794 9.30794048 -1.20549273
v -6.07749557 9.23270226 -1.0924933
v -5.94296598 9.28796482 -1.13385916
v -6.1469245 9.2339983 -1.35120058
v -5.91299534 9.3167038 -1.27882659
v -6.01161957 9.27894306 -1.38519645
v 3.32493687 6.36321163 1.25232005
v -4.78753662 3.30384088 1.11113346
v 3.29271078 6.44608068 1.11113131
v -4.75531101 3.22097468 1.2523241
v -4.78351593 3.29350233 1.39991736
v 3.29673243 6.43573999 1.39991701
v 3.23630309 6.59113407 1.4063189
v -4.84394503 3.44889522 1.40632021
v 3.20407963 6.67399693 1.2651298
v -4.8761692 3.53175998 1.26513207
v 3.23228288 6.60147285 1.11753917
v -4.84796524 3.45923328 1.11753809
v 3.29271078 6.44608068 1.11113131
v -4.78753662 3.30384088 1.11113346
v 3.15799308 6.51942253 1.25232196
v -6.00657988 9.06711006 1.11113465
v 3.18100476 6.60530281 1.11113429
v -6.02959299 8.98122883 1.25232339
v -6.00945139 9.05639458 1.39991736
v 3.17813373 6.59458733 1.39991426
v 3.22128582 6.75563383 1.40632141
v -5.96629858 9.21744347 1.40632105
v 3.2442987 6.84151697 1.26513171
v -5.94328785 9.3033247 1.26513529
v 3.22415757 6.7663517 1.11753821
v -5.96342802 9.228158 1.11753929
v 3.18100476 6.60530281 1.11113429
v -6.00657988 9.06711006 1.11113465
v -5.91299438 9.31670475 1.27882886
v -5.86970091 9.08839226 1.10909927
v -5.94296598 9.28796482 1.13386106
v -5.8217144 9.09777832 1.29165626
v -4.60871696 3.48153567 1.14438856
v -4.56086731 3.49110532 1.32704937
v -6.01161957 9.27894306 1.38519883
v -5.95219421 9.06866837 1.42529726
v -4.69132471 3.46185327 1.46066797
v -6.13060522 9.02997208 1.37642753
v -6.1469245 9.2339983 1.35120296
v -4.8697505 3.4230063 1.41186917
v -6.17847013 9.01968384 1.19386923
v -6.19686794 9.30794239 1.20549512
v -6.07749557 9.23270226 1.09249544
v -4.9178524 3.41338086 1.22922313
v -6.04816818 9.04983521 1.06022024
v -4.78728056 3.44265747 1.09537327
v -5.86970091 9.08839226 1.10909927
v -4.60871696 3.48153567 1.14438856
v -5.94296598 9.28796482 1.13386106
v -6.07749557 9.23270226 1.09249544
v -6.19686794 9.30794239 1.20549512
v -5.94296598 9.28796482 1.13386106
v -6.07749557 9.23270226 1.09249544
v -6.1469245 9.2339983 1.35120296
v -5.91299438 9.31670475 1.27882886
v -6.01161957 9.27894306 1.38519883
v 4.16397858 3.01987481 -0.31823045
v 4.4817915 3.50292492 -0.458510071
v 4.4817915 3.01987481 -0.449872702
v 4.15787125 3.50292492 -0.324337959
v 4.03233624 3.01987481 -0.000417792791
v 4.33149529 3.67501569 -0.15071398
v 4.4817915 3.67501569 -0.212968647
v 4.02369881 3.50292492 -0.0004178214
v 4.16397858 3.01987481 0.317394912
v 4.16017151 4.01264715 -0.105375513
v 4.62862921 4.01264715 -0.376002997
v 4.26924038 3.67501569 -0.000417819014
v 4.15787125 3.50292492 0.323502392
v 4.4817915 3.01987481 0.449037164
v 4.3341732 4.29536676 -0.244719192
v 4.57026243 4.29536676 -0.317490846
v 4.09939861 4.01264715 -0.000417833333
v 4.33149529 3.67501569 0.149878293
v 4.4817915 3.50292492 0.457674384
v 4.79960394 3.01987481 0.317394912
v 4.29509211 4.29536676 -0.000417845236
v 4.35317755 4.87783623 -0.139381304
v 4.49214125 4.87783623 -0.196941882
v 4.26811934 4.01264715 0.176650554
v 4.4817915 3.67501569 0.21213299
v 4.80571127 3.50292492 0.323502392
v 4.93124628 3.01987481 -0.000417757023
v 4.35317755 5.30495453 -0.139381334
v 4.49214125 5.30495453 -0.196941912
v 4.2956171 5.30495453 -0.000417890551
v 4.2956171 4.87783623 -0.000417871459
v 4.35317755 5.30495453 0.138545573
v 4.35317755 4.87783623 0.138545573
v 4.49214125 5.30495453 0.196106046
v 4.32461166 4.29536676 0.221063778
v 4.49214125 4.87783623 0.196106061
v 4.63110447 5.30495453 0.138545573
v 4.55664015 4.29536676 0.330031604
v 4.63110447 4.87783623 0.138545573
v 4.68866491 5.30495453 -0.000417876232
v 4.59770727 4.01264715 0.395036548
v 4.68866491 4.87783623 -0.000417857169
v 4.63110447 5.30495453 -0.139381334
v 4.65440798 4.29536676 0.227027178
v 4.75218391 4.01264715 0.26997453
v 4.63110447 4.87783623 -0.139381304
v 4.49214125 5.30495453 -0.196941912
v 4.49214125 4.87783623 -0.196941882
v 4.664886 4.29536676 -0.000417819014
v 4.65440798 4.29536676 -0.22786285
v 4.57026243 4.29536676 -0.317490846
v 4.81710386 3.67501569 0.149878308
v 4.74802923 4.01264715 -0.000417799951
v 4.75218391 4.01264715 -0.270810187
v 4.62862921 4.01264715 -0.376002997
v 4.90461588 3.67501569 -0.000417799951
v 4.81710386 3.67501569 -0.15071398
v 4.4817915 3.67501569 -0.212968647
v 4.93988371 3.50292492 -0.000417783245
v 4.79960394 3.01987481 -0.31823045
v 4.80571127 3.50292492 -0.324337959
v 4.4817915 3.50292492 -0.458510071
v 4.4817915 3.01987481 -0.449872702
v 4.63110447 5.30495453 -0.139381334
v 4.49214125 5.30495453 -0.196941912
v 4.35317755 5.30495453 -0.139381334
v 4.68866491 5.30495453 -0.000417876232
v 4.2956171 5.30495453 -0.000417890551
v 4.35317755 5.30495453 0.138545573
v 4.63110447 5.30495453 0.138545573
v 4.49214125 5.30495453 0.196106046
v 4.50060463 4.51899338 -0.870392203
v 4.52524853 4.52920103 -0.123073645
v 4.50060463 4.51898527 -0.123073645
v 4.52528429 4.52924347 -0.870981574
v 4.50060463 4.51423311 -0.911860585
v 4.53546381 4.55384493 -0.123073645
v 4.5253253 4.5243144 -0.914213002
v 4.50060463 4.50130749 -0.947979629
v 4.53546333 4.55391264 -0.872399986
v 4.52524853 4.57848835 -0.12307363
v 4.52532339 4.51060152 -0.952527583
v 4.50060463 4.48100233 -0.979897618
v 4.52521706 4.5785141 -0.873814464
v 4.50060463 4.58870411 -0.12307363
v 4.53546238 4.54850388 -0.919857323
v 4.52532148 4.48907137 -0.986368895
v 4.50060463 4.45434666 -1.00655305
v 4.50060463 4.588696 -0.874399841
v 4.47596121 4.57848835 -0.12307363
v 4.52518988 4.57256317 -0.925471425
v 4.53546238 4.5329051 -0.963441908
v 4.52532148 4.46081829 -1.01462185
v 4.50060463 4.42242908 -1.02685809
v 4.47599268 4.5785141 -0.873814464
v 4.46574497 4.55384493 -0.123073645
v 4.53546238 4.50843811 -1.00190127
v 4.50060463 4.58251238 -0.927792788
v 4.52519178 4.55509233 -0.974298894
v 4.52532339 4.42697668 -1.03615201
v 4.50060463 4.38630962 -1.03978372
v 4.46574593 4.55391264 -0.872399867
v 4.47596121 4.52920103 -0.123073645
v 4.53546238 4.47635031 -1.03398836
v 4.52519226 4.52770424 -1.01735353
v 4.47601938 4.57256317 -0.925471425
v 4.50060463 4.56426764 -0.978788674
v 4.5253253 4.38866186 -1.04986513
v 4.50060463 4.34484148 -1.04454434
v 4.47592497 4.52924347 -0.870981574
v 4.50060463 4.51898527 -0.123073645
v 4.50060463 4.51899338 -0.870392203
v 4.46574688 4.54850388 -0.919857323
v 4.47588444 4.5243144 -0.914213002
v 4.50060463 4.51423311 -0.911860585
v 4.47601795 4.55509233 -0.974298894
v 4.47588634 4.51060152 -0.952527583
v 4.50060463 4.50130749 -0.947979629
v 4.46574688 4.5329051 -0.963441908
v 4.50060463 4.53567171 -1.02374351
v 4.47588778 4.48907137 -0.986368895
v 4.50060463 4.48100233 -0.979897618
v 4.46574688 4.50843811 -1.00190127
v 4.47601652 4.52770424 -1.01735353
v 4.52519226 4.49180269 -1.05325508
v 4.47588778 4.46081829 -1.01462185
v 4.50060463 4.45434666 -1.00655305
v 4.50060463 4.49819279 -1.06122255
v 4.46574688 4.47635031 -1.03398836
v 4.47601652 4.49180269 -1.05325508
v 4.53546238 4.43789101 -1.05845606
v 4.47588634 4.42697668 -1.03615201
v 4.50060463 4.42242908 -1.02685809
v 4.52519178 4.44874811 -1.08064342
v 4.50060463 4.45323801 -1.08981824
v 4.46574688 4.43789101 -1.05845606
v 4.47601795 4.44874811 -1.08064342
v 4.53546238 4.39430618 -1.07405472
v 4.47588348 4.38866186 -1.04986513
v 4.50060463 4.38630962 -1.03978372
v 4.52518988 4.39992046 -1.09811437
v 4.50060463 4.40224218 -1.10806346
v 4.46574688 4.39430618 -1.07405472
v 4.47601938 4.39992046 -1.09811437
v 4.52528477 4.34543085 -1.05479431
v 4.50060463 4.25469637 -1.04453635
v 4.52524853 4.25469589 -1.05475199
v 4.53546333 4.34684944 -1.07946384
v 4.53546429 4.25469589 -1.07939589
v 4.52521706 4.34826326 -1.10406542
v 4.52524853 4.25469589 -1.10403979
v 4.50060463 4.3488493 -1.11424768
v 4.50060463 4.25469589 -1.11425555
v 4.47599268 4.34826326 -1.10406542
v 4.47596073 4.25469589 -1.10403979
v 4.46574593 4.34684944 -1.07946384
v 4.46574497 4.25469589 -1.07939589
v 4.47592449 4.34543085 -1.05479431
v 4.47596073 4.25469589 -1.05475199
v 4.50060463 4.34484148 -1.04454434
v 4.50060463 4.25469637 -1.04453635
v 4.05729675 3.01987481 -1.59138155
v 4.3751092 4.26486921 -1.72302377
v 4.3751092 3.01987481 -1.72302377
v 4.05729675 4.26486921 -1.59138155
v 3.92565417 3.01987481 -1.27356887
v 3.92565417 4.26486921 -1.27356887
v 4.05729675 3.01987481 -0.955756307
v 4.05729675 4.26486921 -0.955756366
v 4.3751092 3.01987481 -0.824114084
v 4.3751092 4.26486921 -0.824114144
v 4.69292164 3.01987481 -0.955756307
v 4.69292164 4.26486921 -0.955756366
v 4.82456398 3.01987481 -1.27356887
v 4.82456398 4.26486921 -1.27356887
v 4.69292164 3.01987481 -1.59138155
v 4.69292164 4.26486921 -1.59138155
v 4.3751092 3.01987481 -1.72302377
v 4.3751092 4.26486921 -1.72302377
v 4.05729675 3.01987481 -1.59138155
v 4.3751092 3.01987481 -1.72302377
v 4.69292164 3.01987481 -1.59138155
v 3.92565417 3.01987481 -1.27356887
v 4.82456398 3.01987481 -1.27356887
v 4.05729675 3.01987481 -0.955756307
v 4.69292164 3.01987481 -0.955756307
v 4.3751092 3.01987481 -0.824114084
v 4.69292164 4.26486921 -1.59138155
v 4.3751092 4.26486921 -1.72302377
v 4.05729675 4.26486921 -1.59138155
v 4.82456398 4.26486921 -1.27356887
v 3.92565417 4.26486921 -1.27356887
v 4.69292164 4.26486921 -0.955756366
v 4.05729675 4.26486921 -0.955756366
v 4.3751092 4.26486921 -0.824114144
v 0.272477716 6.60047102 0.556548953
v 0.189393923 6.32372475 0.43997854
v 0.189393923 6.32372475 0.556548893
v 0.272477716 6.60047102 0.4399786
v 0.272477806 6.89952803 0.556549013
v 0.435940146 6.92368031 0.603177309
v 0.435939938 6.57631826 0.603177071
v 0.339192659 7.24597931 0.603177309
v 0.189393923 7.1762743 0.556549191
v 0.159802467 7.52199697 0.603177428
v 0.272477806 6.89952803 0.439978719
v 0.0351576991 7.41355896 0.556549311
v -0.0875988007 7.73719692 0.603177488
v 0.189393923 7.1762743 0.439978868
v -0.177664295 7.5986886 0.556549251
v -0.388615131 7.87711763 0.603177547
v 0.0351576991 7.41355896 0.439978957
v -0.436219513 7.71889305 0.556549311
v -0.728294194 7.92700005 0.603177547
v -0.177664295 7.5986886 0.439978927
v -0.728293538 7.76176262 0.556549311
v -1.06797183 7.87711763 0.603177547
v -0.436219513 7.71889305 0.439979017
v -1.02036679 7.718894 0.556549311
v -1.36898828 7.73719692 0.603177488
v -0.728293538 7.76176262 0.439979017
v -1.2789228 7.5986886 0.556549251
v -1.61638939 7.52199697 0.603177428
v -1.02036679 7.718894 0.439979017
v -1.49174464 7.41355896 0.556549311
v -1.79577959 7.24598074 0.603177309
v -1.2789228 7.5986886 0.439978927
v -1.64598107 7.17627478 0.556549191
v -1.8925271 6.92368126 0.603177309
v -1.49174464 7.41355896 0.439978957
v -1.72906494 6.8995285 0.556549013
v -1.89252746 6.57631874 0.603177071
v -1.64598107 7.17627478 0.439978868
v -1.72906506 6.6004715 0.556548953
v -1.79577971 6.25401974 0.603177011
v -1.72906494 6.8995285 0.439978719
v -1.64598107 6.32372475 0.556548893
v -1.61638975 5.97800303 0.603176951
v -1.72906506 6.6004715 0.4399786
v -1.491745 6.08644104 0.556548774
v -1.36898816 5.7628026 0.603176892
v -1.64598107 6.32372475 0.43997854
v -1.2789228 5.90131092 0.556548715
v -1.06797206 5.62288189 0.603176773
v -1.491745 6.08644104 0.43997848
v -1.02036774 5.78110647 0.556548715
v -0.728293002 5.57299995 0.603176773
v -1.2789228 5.90131092 0.439978391
v -0.728293657 5.73823738 0.556548715
v -0.388615042 5.62288237 0.603176773
v -1.02036774 5.78110647 0.439978391
v -0.43622008 5.78110647 0.556548715
v -0.0875988752 5.7628026 0.603176892
v -0.728293657 5.73823738 0.439978391
v -0.177664414 5.90131092 0.556548715
v 0.159802318 5.97800207 0.603176951
v -0.43622008 5.78110647 0.439978391
v 0.0351574682 6.08644009 0.556548774
v 0.33919242 6.25401974 0.603177011
v 0.189393923 6.32372475 0.556548893
v -0.177664414 5.90131092 0.439978391
v 0.0351574682 6.08644009 0.43997848
v 0.189393923 6.32372475 0.43997854
v 0.159802318 5.97800207 0.393350333
v 0.33919242 6.25401974 0.393350452
v -0.0875988752 5.7628026 0.393350244
v -0.388615042 5.62288237 0.393350214
v -0.728294253 5.57299995 0.393350184
v -1.06797206 5.62288189 0.393350214
v -1.36898816 5.7628026 0.393350244
v -1.61638975 5.97800303 0.393350333
v -1.79577971 6.25401974 0.393350452
v -1.89252722 6.57631874 0.393350482
v -1.8925271 6.92368078 0.393350631
v -1.79577959 7.24598074 0.39335075
v -1.61638939 7.52199697 0.39335078
v -1.36898828 7.73719692 0.393350869
v -1.06797183 7.87711763 0.393351018
v -0.728292882 7.92700005 0.393351018
v -0.388615131 7.87711763 0.393351018
v -0.0875988007 7.73719692 0.393350869
v 0.159802467 7.52199697 0.39335078
v 0.339192659 7.24597931 0.39335075
v 0.435940087 6.92368078 0.393350631
v 0.435939997 6.57631874 0.393350482
v 0.33919242 6.25401974 0.393350452
v 0.189393923 6.32372475 0.43997854
v 0.435939997 6.57631874 0.393350482
v 0.435940146 6.92368031 0.603177309
v 0.435939938 6.57631826 0.603177071
v 0.435940087 6.92368078 0.393350631
v 0.339192659 7.24597931 0.603177309
v 0.339192659 7.24597931 0.39335075
v 0.159802467 7.52199697 0.603177428
v 0.159802467 7.52199697 0.39335078
v -0.0875988007 7.73719692 0.603177488
v -0.0875988007 7.73719692 0.393350869
v -0.388615131 7.87711763 0.603177547
v -0.388615131 7.87711763 0.393351018
v -0.728294194 7.92700005 0.603177547
v -0.728292882 7.92700005 0.393351018
v -1.06797183 7.87711763 0.603177547
v -1.06797183 7.87711763 0.393351018
v -1.36898828 7.73719692 0.603177488
v -1.36898828 7.73719692 0.393350869
v -1.61638939 7.52199697 0.603177428
v -1.61638939 7.52199697 0.39335078
v -1.79577959 7.24598074 0.603177309
v -1.79577959 7.24598074 0.39335075
v -1.8925271 6.92368126 0.603177309
v -1.8925271 6.92368078 0.393350631
v -1.89252722 6.57631874 0.393350482
v -1.89252746 6.57631874 0.603177071
v -1.79577971 6.25401974 0.603177011
v -1.79577971 6.25401974 0.393350452
v -1.61638975 5.97800303 0.603176951
v -1.61638975 5.97800303 0.393350333
v -1.36898816 5.7628026 0.603176892
v -1.36898816 5.7628026 0.393350244
v -1.06797206 5.62288189 0.603176773
v -1.06797206 5.62288189 0.393350214
v -0.728293002 5.57299995 0.603176773
v -0.728294253 5.57299995 0.393350184
v -0.388615042 5.62288237 0.603176773
v -0.388615042 5.62288237 0.393350214
v -0.0875988752 5.7628026 0.603176892
v -0.0875988752 5.7628026 0.393350244
v 0.159802318 5.97800207 0.603176951
v 0.159802318 5.97800207 0.393350333
v 0.33919242 6.25401974 0.603177011
v 0.33919242 6.25401974 0.393350452
v 0.33919242 6.25401974 0.393350452
v 0.435939997 6.57631874 0.393350482
v 0.435939938 6.57631826 0.603177071
v 0.33919242 6.25401974 0.603177011
v 0.189393923 6.32372475 0.556548893
v 0.33919242 6.25401974 0.603177011
v 0.435939938 6.57631826 0.603177071
v 4.32428598 9.67395973 -0.1940559
v 4.32428598 9.50516319 -0.103645653
v 4.32428598 9.50516319 0.10300637
v 4.32428598 9.67395973 0.193416685
v 4.44928598 9.50516319 0.103006348
v 4.44928598 9.50516319 -0.103645697
v 4.44928598 9.67395973 -0.1940559
v 4.44928598 9.67395973 0.193416655
v 4.32428598 9.50516319 -0.103645653
v 4.44928598 9.50516319 -0.103645697
v 4.44928598 9.50516319 0.103006348
v 4.32428598 9.50516319 0.10300637
v 4.32428598 9.67395973 0.193416685
v 4.32428598 9.50516319 0.10300637
v 4.44928598 9.50516319 0.103006348
v 4.44928598 9.67395973 0.193416655
v 4.32428598 9.81145287 0.214942932
v 4.44928598 9.81145287 0.214942932
v 4.44928598 9.81145287 -0.215582162
v 4.32428598 9.81145287 -0.215582162
v 4.44928598 9.67395973 -0.1940559
v 4.32428598 9.67395973 -0.1940559
v 4.32428598 9.81145287 -0.215582162
v 4.44928598 9.81145287 -0.215582162
v 4.32428598 9.81145287 0.214942932
v 4.32428598 9.81145287 -0.215582162
v 4.32428598 9.67395973 -0.1940559
v 4.32428598 9.67395973 0.193416685
v 4.44928598 9.81145287 -0.215582162
v 4.44928598 9.81145287 0.214942932
v 4.44928598 9.67395973 0.193416655
v 4.44928598 9.67395973 -0.1940559
v 4.44928598 9.81145287 0.214942932
v 4.32428598 9.81145287 0.214942932
v 4.32428598 9.67395973 0.193416685
v 4.44928598 9.67395973 0.193416655
v 4.32428598 9.50516319 -0.103645653
v 4.32428598 9.67395973 -0.1940559
v 4.44928598 9.67395973 -0.1940559
v 4.44928598 9.50516319 -0.103645697
v 4.41739225 9.72284889 2.27068131E-06
v 4.38739157 9.72284985 0.0300022662
v 4.50060606 5.27741766 0.029996084
v 4.53060579 5.27741766 -3.91882031E-06
v 4.38739157 9.72284985 0.0300022662
v 4.35739136 9.72284889 2.26591305E-06
v 4.47060585 5.27741766 -3.91882031E-06
v 4.50060606 5.27741766 0.029996084
v 4.35739136 9.72284889 2.26591305E-06
v 4.38739157 9.72284985 -0.0299977269
v 4.50060606 5.27741766 -0.0300039183
v 4.47060585 5.27741766 -3.91882031E-06
v 4.38739157 9.72284985 -0.0299977269
v 4.41739225 9.72284889 2.27068131E-06
v 4.53060579 5.27741766 -3.91882031E-06
v 4.50060606 5.27741766 -0.0300039183
v 4.39033985 9.7228651 -0.115147024
v 4.42033958 9.72288132 -0.14514704
v 4.34010124 11.9174633 -0.145145744
v 4.31010151 11.9164209 -0.115145735
v 4.36033964 9.72284794 -0.14514704
v 4.26041508 12.4797554 -0.145145312
v 4.28010225 11.9153786 -0.145145744
v 4.23153591 12.4713373 -0.115145311
v 4.02278137 12.9986715 -0.145144925
v 4.20265722 12.4629192 -0.145145312
v 3.9975543 12.9822922 -0.115144953
v 3.6594491 13.4139624 -0.145144612
v 3.97232723 12.9659128 -0.145144939
v 3.63983178 13.3911667 -0.115144633
v 3.20089459 13.708703 -0.145144373
v 3.62021446 13.368371 -0.145144641
v 3.1882937 13.6813965 -0.115144409
v 2.67694187 13.8666182 -0.145144224
v 3.17569327 13.6540918 -0.145144418
v 2.67238855 13.8368874 -0.115144238
v 2.11759758 13.8711176 -0.145144194
v 2.667835 13.8071575 -0.145144284
v 2.12170076 13.8413181 -0.115144201
v 1.49451494 13.6655226 -0.145144284
v 2.12580371 13.8115206 -0.145144239
v 1.51615393 13.6447411 -0.115144305
v 0.789317012 11.6601486 -0.0316882357
v 1.53779244 13.6239643 -0.145144299
v 0.817669809 11.6503468 -0.00168824103
v 0.846023321 11.6405439 -0.0316882469
v 4.39033985 9.7228651 -0.175147057
v 4.36033964 9.72284794 -0.14514704
v 4.28010225 11.9153786 -0.145145744
v 4.31010151 11.9164209 -0.175145715
v 4.42033958 9.72288132 -0.14514704
v 4.20265722 12.4629192 -0.145145312
v 4.34010124 11.9174633 -0.145145744
v 4.23153591 12.4713373 -0.175145298
v 3.97232723 12.9659128 -0.145144939
v 4.26041508 12.4797554 -0.145145312
v 3.9975543 12.9822922 -0.175144956
v 3.62021446 13.368371 -0.145144641
v 4.02278137 12.9986715 -0.145144925
v 3.63983178 13.3911667 -0.175144628
v 3.17569327 13.6540918 -0.145144418
v 3.6594491 13.4139624 -0.145144612
v 3.1882937 13.6813965 -0.175144389
v 2.667835 13.8071575 -0.145144284
v 3.20089459 13.708703 -0.145144373
v 2.67238855 13.8368874 -0.175144225
v 2.12580371 13.8115206 -0.145144239
v 2.67694187 13.8666182 -0.145144224
v 2.12170076 13.8413181 -0.175144196
v 1.53779244 13.6239643 -0.145144299
v 2.11759758 13.8711176 -0.145144194
v 1.51615393 13.6447411 -0.17514427
v 0.846023321 11.6405439 -0.0316882469
v 1.49451494 13.6655226 -0.145144284
v 0.817669809 11.6503468 -0.0616882406
v 0.789317012 11.6601486 -0.0316882357
v 4.39033985 9.7228651 0.184852958
v 4.42033958 9.72288132 0.154852971
v 4.34010124 11.9174633 0.154854253
v 4.31010151 11.9164209 0.184854269
v 4.36033964 9.72284794 0.154852971
v 4.26041508 12.4797554 0.15485467
v 4.28010225 11.9153786 0.154854253
v 4.23153591 12.4713373 0.184854701
v 4.02278137 12.9986715 0.154855072
v 4.20265722 12.4629192 0.154854685
v 3.9975543 12.9822922 0.184855059
v 3.6594491 13.4139624 0.154855385
v 3.97232723 12.9659128 0.154855043
v 3.63983178 13.3911667 0.184855357
v 3.20089459 13.708703 0.154855609
v 3.62021446 13.368371 0.154855341
v 3.1882937 13.6813965 0.184855625
v 2.67694187 13.8666182 0.154855758
v 3.17569327 13.6540918 0.154855579
v 2.67238855 13.8368874 0.184855744
v 2.11759567 13.8711176 0.154855803
v 2.667835 13.8071575 0.154855728
v 2.12169957 13.8413181 0.184855774
v 2.12580371 13.8115206 0.154855758
v 1.49451554 13.6655226 0.154855698
v 1.53779244 13.6239643 0.154855698
v 1.51615441 13.6447411 0.184855729
v 0.789317012 11.6601486 0.0496952385
v 0.817669809 11.6503468 0.0796952397
v 0.846023321 11.6405439 0.0496952347
v 4.39033985 9.7228651 0.124852978
v 4.36033964 9.72284794 0.154852971
v 4.28010225 11.9153786 0.154854253
v 4.31010151 11.9164209 0.124854267
v 4.42033958 9.72288132 0.154852971
v 4.20265722 12.4629192 0.154854685
v 4.34010124 11.9174633 0.154854253
v 4.23153591 12.4713373 0.124854684
v 3.97232723 12.9659128 0.154855043
v 4.26041508 12.4797554 0.15485467
v 3.9975543 12.9822922 0.124855049
v 3.62021446 13.368371 0.154855341
v 4.02278137 12.9986715 0.154855072
v 3.63983178 13.3911667 0.124855362
v 3.17569327 13.6540918 0.154855579
v 3.6594491 13.4139624 0.154855385
v 3.1882937 13.6813965 0.124855593
v 2.667835 13.8071575 0.154855728
v 3.20089459 13.708703 0.154855609
v 2.67238855 13.8368874 0.124855742
v 2.12580371 13.8115206 0.154855758
v 2.67694187 13.8666182 0.154855758
v 2.12169957 13.8413181 0.124855779
v 1.53779244 13.6239643 0.154855698
v 2.11759567 13.8711176 0.154855803
v 1.51615441 13.6447411 0.12485569
v 0.846023321 11.6405439 0.0496952347
v 1.49451554 13.6655226 0.154855698
v 0.817669809 11.6503468 0.0196952354
v 0.789317012 11.6601486 0.0496952385
v 1.53325868 13.6283178 1.25485492
v 1.57723129 13.5385084 1.2548548
v 2.13948894 13.7121868 1.2548548
v 2.12580419 13.8115187 1.25485492
v 2.65266299 13.7080612 1.25485468
v 2.667835 13.8071575 1.2548548
v 3.13368821 13.5630732 1.25485456
v 3.17569351 13.654089 1.25485456
v 3.55482388 13.2923899 1.2548542
v 3.62021518 13.368371 1.25485444
v 3.88823533 12.9113131 1.25485396
v 3.97232652 12.9659128 1.25485396
v 4.10639286 12.4348631 1.25485373
v 4.20265627 12.4629192 1.25485361
v 4.17839766 11.9158125 1.25485325
v 4.27865601 11.9149408 1.25485313
v 4.10195303 11.4152727 1.25485277
v 4.19792795 11.386323 1.25485277
v 3.8922112 10.9607058 1.25485253
v 3.97653985 10.9065084 1.25485241
v 3.56441975 10.5799685 1.25485229
v 3.63045859 10.5045404 1.25485229
v 3.13383031 10.3007612 1.25485218
v 3.17565632 10.2096319 1.25485206
v 2.56630802 10.1451416 1.25485229
v 2.57747602 10.0457668 1.25485206
v 1.57723129 13.5385084 1.2548548
v 1.57723093 13.5385084 -1.24514496
v 2.1394887 13.7121868 -1.24514496
v 2.13948894 13.7121868 1.2548548
v 2.65266228 13.7080641 -1.2451452
v 2.65266299 13.7080612 1.25485468
v 3.13368797 13.563076 -1.24514532
v 3.13368821 13.5630732 1.25485456
v 3.55482268 13.2923899 -1.24514568
v 3.55482388 13.2923899 1.2548542
v 3.88823533 12.9113159 -1.24514592
v 3.88823533 12.9113131 1.25485396
v 4.10639191 12.4348631 -1.24514627
v 4.10639286 12.4348631 1.25485373
v 4.17839718 11.9158125 -1.24514663
v 4.17839766 11.9158125 1.25485325
v 4.10195255 11.4152756 -1.24514711
v 4.10195303 11.4152727 1.25485277
v 3.89221025 10.9607058 -1.24514735
v 3.8922112 10.9607058 1.25485253
v 3.56441855 10.5799704 -1.24514759
v 3.56441975 10.5799685 1.25485229
v 3.13382983 10.3007612 -1.24514771
v 3.13383031 10.3007612 1.25485218
v 2.56630659 10.1451426 -1.24514759
v 2.56630802 10.1451416 1.25485229
v 1.57723093 13.5385084 -1.24514496
v 1.53325832 13.6283197 -1.24514496
v 2.12580371 13.8115206 -1.24514496
v 2.1394887 13.7121868 -1.24514496
v 2.65266228 13.7080641 -1.2451452
v 2.66783452 13.8071604 -1.2451452
v 3.17569327 13.6540918 -1.24514532
v 3.13368797 13.563076 -1.24514532
v 3.62021446 13.368371 -1.24514556
v 3.55482268 13.2923899 -1.24514568
v 3.97232628 12.9659128 -1.24514592
v 3.88823533 12.9113159 -1.24514592
v 4.20265579 12.4629192 -1.24514627
v 4.10639191 12.4348631 -1.24514627
v 4.27865553 11.9149437 -1.24514675
v 4.17839718 11.9158125 -1.24514663
v 4.197927 11.386323 -1.24514711
v 4.10195255 11.4152756 -1.24514711
v 3.97653842 10.9065084 -1.24514747
v 3.89221025 10.9607058 -1.24514735
v 3.63045788 10.5045433 -1.24514771
v 3.56441855 10.5799704 -1.24514759
v 3.17565584 10.2096338 -1.24514782
v 3.13382983 10.3007612 -1.24514771
v 2.57747579 10.0457678 -1.24514782
v 2.56630659 10.1451426 -1.24514759
v 2.12580419 13.8115187 1.25485492
v 1.53325832 13.6283197 -1.24514496
v 1.53325868 13.6283178 1.25485492
v 2.12580371 13.8115206 -1.24514496
v 2.667835 13.8071575 0.19985491
v 2.667835 13.8071575 0.335990846
v 2.667835 13.8071575 1.2548548
v 3.17569351 13.654089 1.25485456
v 3.17569327 13.6540918 0.335990667
v 3.62021518 13.368371 1.25485444
v 3.62021446 13.368371 0.267922372
v 3.17569327 13.6540918 0.199854717
v 3.62021446 13.368371 -0.258213609
v 3.17569327 13.6540918 -0.190145299
v 2.667835 13.8071604 -0.19014509
v 2.667835 13.8071604 -0.326281071
v 2.66783452 13.8071604 -1.2451452
v 3.17569327 13.6540918 -0.326281279
v 3.17569327 13.6540918 -1.24514532
v 3.62021446 13.368371 -1.24514556
v 3.80965042 13.1807365 -0.326281726
v 3.97232628 12.9659128 -1.24514592
v 3.97232652 12.9659128 -0.326281935
v 4.1045599 12.725935 -0.326282144
v 3.80965042 13.1807365 -0.190145716
v 4.20265579 12.4629192 -1.24514627
v 4.1045599 12.725935 -0.190146163
v 3.80965042 13.1807365 0.199854255
v 3.97232652 12.9659128 -0.19014594
v 3.97232652 12.9659128 0.199854031
v 3.80965042 13.1807365 0.335990161
v 3.97232652 12.9659128 1.25485396
v 3.97232652 12.9659128 0.335989982
v 4.1045599 12.725935 0.199853852
v 4.20265627 12.4629192 1.25485361
v 4.1045599 12.725935 0.335989803
v 4.27865601 11.9149408 1.25485313
v 4.27865553 11.9149437 -1.24514675
v 4.19792795 11.386323 1.25485277
v 4.197927 11.386323 -1.24514711
v 3.97653985 10.9065084 1.25485241
v 3.97653842 10.9065084 -1.24514747
v 3.63045859 10.5045404 1.25485229
v 3.63045788 10.5045433 -1.24514771
v 3.17565632 10.2096319 1.25485206
v 3.17565584 10.2096338 -1.24514782
v 2.57747602 10.0457668 1.25485206
v 2.57747579 10.0457678 -1.24514782
v 1.53325832 13.6283197 -1.24514496
v 1.57723093 13.5385084 -1.24514496
v 1.57723129 13.5385084 1.2548548
v 1.53325868 13.6283178 1.25485492
v 2.56630659 10.1451426 -1.24514759
v 2.57747579 10.0457678 -1.24514782
v 2.57747602 10.0457668 1.25485206
v 2.56630802 10.1451416 1.25485229
v 3.21168876 13.7735205 -0.190145209
v 3.17569327 13.6540918 -0.326281279
v 2.667835 13.8071604 -0.326281071
v 2.70383167 13.926589 -0.190145016
v 4.07698488 13.0337791 -0.190145925
v 3.80965042 13.1807365 -0.326281726
v 3.9143095 13.248601 -0.190145716
v 3.97232652 12.9659128 -0.326281935
v 4.20921898 12.7937984 -0.190146118
v 4.1045599 12.725935 -0.326282144
v 2.70383167 13.926589 0.199854985
v 2.667835 13.8071575 0.335990846
v 3.17569327 13.6540918 0.335990667
v 3.21168876 13.7735205 0.199854791
v 3.9143095 13.248601 0.19985427
v 3.80965042 13.1807365 0.335990161
v 3.97232652 12.9659128 0.335989982
v 4.07698488 13.0337791 0.199854061
v 4.1045599 12.725935 0.335989803
v 4.20921898 12.7937984 0.199853867
v 2.70383167 13.926589 -0.190145016
v 2.667835 13.8071604 -0.19014509
v 3.17569327 13.6540918 -0.190145299
v 3.21168876 13.7735205 -0.190145209
v 3.97232652 12.9659128 -0.19014594
v 3.9143095 13.248601 -0.190145716
v 3.80965042 13.1807365 -0.190145716
v 4.07698488 13.0337791 -0.190145925
v 4.1045599 12.725935 -0.190146163
v 4.20921898 12.7937984 -0.190146118
v 2.667835 13.8071575 0.19985491
v 2.70383167 13.926589 0.199854985
v 3.21168876 13.7735205 0.199854791
v 3.17569327 13.6540918 0.199854717
v 3.80965042 13.1807365 0.199854255
v 3.9143095 13.248601 0.19985427
v 4.07698488 13.0337791 0.199854061
v 3.97232652 12.9659128 0.199854031
v 4.20921898 12.7937984 0.199853867
v 4.1045599 12.725935 0.199853852
v 2.98957872 10.234436 -0.0576461293
v 1.87826598 13.6603222 -0.120146044
v 1.98219442 13.6906147 -0.0576459914
v 2.88564944 10.2041435 -0.120146155
v 1.77433753 13.6300316 -0.0576459691
v 2.7817204 10.1738501 -0.0576461069
v 1.77433753 13.6300316 0.0673540086
v 2.7817204 10.1738501 0.0673538595
v 1.87826598 13.6603222 0.129853964
v 2.88564944 10.2041435 0.12985383
v 1.98219442 13.6906147 0.067354016
v 2.98957825 10.234436 0.067353867
v 1.98219442 13.6906147 -0.0576459914
v 2.98957872 10.234436 -0.0576461293
v 2.49357057 11.0850801 0.0798538923
v 2.42305374 11.3270111 -0.070146054
v 2.49357057 11.0850801 -0.0701460615
v 2.42305374 11.3270111 0.0798539072
v 2.61828494 11.1214333 0.154853851
v 2.54776812 11.3633642 0.154853866
v 2.74299932 11.1577826 0.0798538998
v 2.67248225 11.3997164 0.0798539072
v 2.74299932 11.1577826 -0.0701460838
v 2.67248225 11.3997164 -0.0701460838
v 2.61828494 11.1214333 -0.145146132
v 2.54776812 11.3633642 -0.145146102
v 2.49357057 11.0850801 -0.0701460615
v 2.42305374 11.3270111 -0.070146054
v 4.176404 11.7519264 -0.0201458074
v 2.64472413 11.2152777 -0.0201460849
v 2.62049055 11.29842 -0.0201461017
v 4.20063782 11.6687841 -0.0201457907
v 2.63260674 11.2568502 0.0548538864
v 4.18852091 11.7103558 0.0548541807
v 2.62049055 11.29842 -0.0201461017
v 4.176404 11.7519264 -0.0201458074
v 2.06793094 12.5453882 0.0798539594
v 1.9974134 12.7873192 -0.0701459944
v 2.06793094 12.5453882 -0.0701460019
v 1.9974134 12.7873192 0.0798539743
v 2.19264483 12.5817385 0.15485391
v 2.12212801 12.8236694 0.15485391
v 2.31735897 12.6180878 0.0798539594
v 2.24684191 12.8600216 0.0798539743
v 2.31735897 12.6180878 -0.0701460317
v 2.24684238 12.8600216 -0.0701460168
v 2.19264483 12.5817385 -0.145146072
v 2.12212801 12.8236694 -0.145146057
v 2.06793094 12.5453882 -0.0701460019
v 1.9974134 12.7873192 -0.0701459944
v 3.76288104 13.170661 0.054854244
v 2.19484973 12.758728 -0.0201460533
v 2.20696688 12.7171555 0.0548539422
v 3.75076342 13.2122335 -0.0201457515
v 2.21908426 12.6755829 -0.0201460328
v 3.77499771 13.1290913 -0.020145731
v 2.20696688 12.7171555 0.0548539422
v 3.76288104 13.170661 0.054854244
v -6.42111969 9.30994511 -1.56988931
v -5.68789673 9.52365971 -1.56988931
v -5.51615667 8.93444538 -1.56988931
v -6.24937963 8.72073078 -1.56988955
v -6.42303324 9.3109951 1.29115529E-06
v -6.42111969 9.30994511 -1.56988931
v -6.24937963 8.72073078 -1.56988955
v -6.25042963 8.71881676 1.12519479E-06
v -5.68684673 9.52557373 1.35011362E-06
v -5.68789673 9.52365971 -1.56988931
v -6.42111969 9.30994511 -1.56988931
v -6.42303324 9.3109951 1.29115529E-06
v -5.52467108 8.93911648 -1.51302242
v -5.67857599 9.46714306 -1.51302242
v -6.35061121 9.27126312 -1.51302242
v -6.1967063 8.74323559 -1.51302278
v -6.1967063 8.74323559 -1.51302278
v -6.35061121 9.27126312 -1.51302242
v -6.35061121 9.27126312 1.2816505E-06
v -6.1967063 8.74323559 1.1328741E-06
v -6.35061121 9.27126312 -1.51302242
v -5.67857599 9.46714306 -1.51302242
v -5.67857599 9.46714306 1.33361129E-06
v -6.35061121 9.27126312 1.2816505E-06
v -5.52467108 8.93911648 -1.51302242
v -5.51615667 8.93444538 -1.56988931
v -5.68789673 9.52365971 -1.56988931
v -5.67857599 9.46714306 -1.51302242
v -6.1967063 8.74323559 -1.51302278
v -6.24937963 8.72073078 -1.56988955
v -5.51615667 8.93444538 -1.56988931
v -5.52467108 8.93911648 -1.51302242
v -6.1967063 8.74323559 1.1328741E-06
v -6.25042963 8.71881676 1.12519479E-06
v -6.24937963 8.72073078 -1.56988955
v -6.1967063 8.74323559 -1.51302278
v -5.67857599 9.46714306 -1.51302242
v -5.68789673 9.52365971 -1.56988931
v -5.68684673 9.52557373 1.35011362E-06
v -5.67857599 9.46714306 1.33361129E-06
v -5.96863699 9.22112751 -1.70198846
v -6.05431557 9.17166138 1.25070358E-06
v -5.96863699 9.22112751 1.26613713E-06
v -6.05431557 9.17166042 -1.70198882
v -6.05431557 9.07272911 -1.70198846
v -6.05431557 9.07272911 1.22460472E-06
v -5.96863747 9.02326298 1.20917127E-06
v -5.96863747 9.02326298 -1.70198882
v -5.88295984 9.07272911 1.22460472E-06
v -5.88295984 9.07272911 -1.70198846
v -5.88295984 9.17166138 1.25070358E-06
v -5.88295984 9.17166042 -1.70198882
v -5.96863699 9.22112751 1.26613713E-06
v -5.96863699 9.22112751 -1.70198846
v -6.42111969 9.30994511 1.56989193
v -6.24937963 8.72073078 1.56989181
v -5.51615667 8.93444538 1.56989193
v -5.68789673 9.52365971 1.56989193
v -6.42303324 9.3109951 1.29115529E-06
v -6.25042963 8.71881676 1.12519479E-06
v -6.24937963 8.72073078 1.56989181
v -6.42111969 9.30994511 1.56989193
v -5.68684673 9.52557373 1.35011362E-06
v -6.42303324 9.3109951 1.29115529E-06
v -6.42111969 9.30994511 1.56989193
v -5.68789673 9.52365971 1.56989193
v -5.52467108 8.93911648 1.51302493
v -6.1967063 8.74323559 1.51302457
v -6.35061121 9.27126312 1.51302493
v -5.67857599 9.46714306 1.51302493
v -6.1967063 8.74323559 1.51302457
v -6.1967063 8.74323559 1.1328741E-06
v -6.35061121 9.27126312 1.2816505E-06
v -6.35061121 9.27126312 1.51302493
v -6.35061121 9.27126312 1.51302493
v -6.35061121 9.27126312 1.2816505E-06
v -5.67857599 9.46714306 1.33361129E-06
v -5.67857599 9.46714306 1.51302493
v -5.52467108 8.93911648 1.51302493
v -5.67857599 9.46714306 1.51302493
v -5.68789673 9.52365971 1.56989193
v -5.51615667 8.93444538 1.56989193
v -6.1967063 8.74323559 1.51302457
v -5.52467108 8.93911648 1.51302493
v -5.51615667 8.93444538 1.56989193
v -6.24937963 8.72073078 1.56989181
v -6.1967063 8.74323559 1.1328741E-06
v -6.1967063 8.74323559 1.51302457
v -6.24937963 8.72073078 1.56989181
v -6.25042963 8.71881676 1.12519479E-06
v -5.67857599 9.46714306 1.51302493
v -5.67857599 9.46714306 1.33361129E-06
v -5.68684673 9.52557373 1.35011362E-06
v -5.68789673 9.52365971 1.56989193
v -5.96863699 9.22112751 1.70199096
v -5.96863699 9.22112751 1.26613713E-06
v -6.05431557 9.17166138 1.25070358E-06
v -6.05431557 9.17166042 1.7019912
v -6.05431557 9.07272911 1.70199096
v -6.05431557 9.07272911 1.22460472E-06
v -5.96863747 9.02326298 1.20917127E-06
v -5.96863747 9.02326298 1.7019912
v -5.88295984 9.07272911 1.22460472E-06
v -5.88295984 9.07272911 1.70199096
v -5.88295984 9.17166138 1.25070358E-06
v -5.88295984 9.17166042 1.7019912
v -5.96863699 9.22112751 1.26613713E-06
v -5.96863699 9.22112751 1.70199096
v -0.728292286 10.6474676 -0.666172802
v -0.819224894 10.5949678 0.666175663
v -0.728292286 10.6474676 0.666175663
v -0.819224894 10.5949678 -0.666172802
v -0.819224834 10.4899683 0.666175604
v -0.819224834 10.4899683 -0.666172922
v -0.728292227 10.4374676 0.666175604
v -0.728292227 10.4374676 -0.666172922
v -0.637359619 10.4899683 0.666175604
v -0.637359619 10.4899683 -0.666172922
v -0.637359619 10.5949678 0.666175663
v -0.637359619 10.5949678 -0.666172802
v -0.728292286 10.6474676 0.666175663
v -0.728292286 10.6474676 -0.666172802
v 2.89749503 11.8220997 -0.198613718
v 2.89749503 11.8220997 -0.250001341
v 2.86941099 11.9184523 -0.198613673
v 2.75758052 12.3021259 -0.250001281
v 2.78566456 12.2057734 -0.198613673
v 2.75758052 12.3021259 -0.198613644
v 2.78566456 12.2057734 0.198610991
v 2.86941099 11.9184523 0.198611006
v 2.75758052 12.3021259 0.249998674
v 2.75758052 12.3021259 0.198611051
v 2.89749503 11.8220997 0.249998599
v 2.89749503 11.8220997 0.198610991
v -6.07879734 9.20575237 -0.250001967
v -6.07879734 9.20575237 -0.198614329
v -6.10688114 9.30210495 -0.198614329
v -6.21871138 9.68577766 -0.250001907
v -6.1906271 9.58942509 -0.198614314
v -6.21871138 9.68577766 -0.198614269
v -6.10688114 9.30210495 0.19861041
v -6.1906271 9.58942509 0.19861041
v -6.21871138 9.68577766 0.249998093
v -6.21871138 9.68577766 0.19861044
v -6.07879734 9.20575237 0.249998033
v -6.07879734 9.20575237 0.19861038
v 2.75758052 12.3021259 -0.198613644
v 2.75758052 12.3021259 -0.250001281
v -6.21871138 9.68577766 -0.250001907
v -6.21871138 9.68577766 -0.198614269
v 2.89749503 11.8220997 0.198610991
v 2.89749503 11.8220997 0.249998599
v -6.07879734 9.20575237 0.249998033
v -6.07879734 9.20575237 0.19861038
v 2.89749503 11.8220997 -0.250001341
v -6.07879734 9.20575237 -0.250001967
v -6.21871138 9.68577766 -0.250001907
v 2.75758052 12.3021259 -0.250001281
v 2.75758052 12.3021259 0.249998674
v -6.21871138 9.68577766 0.249998093
v -6.07879734 9.20575237 0.249998033
v 2.89749503 11.8220997 0.249998599
v 2.75758052 12.3021259 0.249998674
v 2.75758052 12.3021259 0.198611051
v -6.21871138 9.68577766 0.19861044
v -6.21871138 9.68577766 0.249998093
v 2.89749503 11.8220997 -0.250001341
v 2.89749503 11.8220997 -0.198613718
v -6.07879734 9.20575237 -0.198614329
v -6.07879734 9.20575237 -0.250001967
v 2.86941099 11.9184523 -0.198613673
v -6.10688114 9.30210495 -0.198614329
v -6.07879734 9.20575237 -0.198614329
v 2.89749503 11.8220997 -0.198613718
v 2.89749503 11.8220997 0.198610991
v -6.07879734 9.20575237 0.19861038
v -6.10688114 9.30210495 0.19861041
v 2.86941099 11.9184523 0.198611006
v 2.86941099 11.9184523 0.198611006
v -6.10688114 9.30210495 0.19861041
v -6.10688114 9.30210495 -0.198614329
v 2.86941099 11.9184523 -0.198613673
v 2.78566456 12.2057734 0.198610991
v -6.1906271 9.58942509 0.19861041
v -6.21871138 9.68577766 0.19861044
v 2.75758052 12.3021259 0.198611051
v 2.75758052 12.3021259 -0.198613644
v -6.21871138 9.68577766 -0.198614269
v -6.1906271 9.58942509 -0.198614314
v 2.78566456 12.2057734 -0.198613673
v 2.78566456 12.2057734 -0.198613673
v -6.1906271 9.58942509 -0.198614314
v -6.1906271 9.58942509 0.19861041
v 2.78566456 12.2057734 0.198610991
v -0.545682192 10.37146 -0.169610023
v -0.818958402 10.2918062 -0.169610023
v -1.06825888 10.7803297 -0.169609845
v -0.52547425 10.9385347 -0.169609845
v -0.545681894 10.37146 0.169612601
v -0.52547425 10.9385376 0.16961284
v -1.06825888 10.7803297 0.16961278
v -0.818958402 10.2918062 0.169612572
v -0.545682192 10.37146 -0.169610023
v -0.545681894 10.37146 0.169612601
v -0.818958402 10.2918062 0.169612572
v -0.818958402 10.2918062 -0.169610023
v -0.818958402 10.2918062 -0.169610023
v -0.818958402 10.2918062 0.169612572
v -1.06825888 10.7803297 0.16961278
v -1.06825888 10.7803297 -0.169609845
v -0.52547425 10.9385347 -0.169609845
v -0.52547425 10.9385376 0.16961284
v -0.545681894 10.37146 0.169612601
v -0.545682192 10.37146 -0.169610023
v -0.804828763 7.50007057 -2.03286338
v -0.913067937 7.3918314 -2.40786338
v -0.913067997 7.3918314 -2.03286338
v -0.804828763 7.50007057 -2.40786362
v -0.651755333 7.50007057 -2.03286338
v -0.651755333 7.50007057 -2.40786338
v -0.543516099 7.3918314 -2.03286338
v -0.543516099 7.3918314 -2.40786338
v -0.54351598 7.23875761 -2.40786338
v -0.543516099 7.23875761 -2.03286338
v -0.651755273 7.13051844 -2.03286338
v -0.651755273 7.13051844 -2.40786314
v -0.804828703 7.13051844 -2.03286338
v -0.804828703 7.13051844 -2.40786338
v -0.913067937 7.23875761 -2.03286338
v -0.913067818 7.23875761 -2.40786338
v -0.913067997 7.3918314 -2.03286338
v -0.913067937 7.3918314 -2.40786338
v -0.838292301 10.8403769 -2.45421696
v -0.618292093 7.21098804 -2.45421743
v -0.838292003 7.21098804 -2.45421743
v -0.618292272 10.8403769 -2.45421696
v -0.838292241 10.8403769 -1.90659714
v -0.618292212 10.8403769 -1.90659714
v -0.618292272 10.791544 -2.40659714
v -0.838292301 10.791544 -2.40659714
v -0.838292003 7.21098804 -2.40659761
v -0.618292034 7.21098804 -2.40659761
v -0.978292346 10.7924643 -2.40659714
v -0.478292227 10.7924643 -2.40659714
v -0.578653812 10.7410765 -2.40659738
v -0.87793076 10.7410765 -2.40659738
v -0.578653753 10.3438511 -2.40659714
v -0.877930641 10.3438511 -2.40659714
v -0.978292286 10.2924643 -2.40659714
v -0.478292137 10.2924643 -2.40659714
v -0.978292286 10.2924643 -0.654110074
v -0.478292197 10.2924643 -0.654110074
v -0.578653753 10.3438511 -0.654110074
v -0.877930641 10.3438511 -0.654110074
v -0.578653872 10.7410765 -0.654110074
v -0.87793076 10.7410765 -0.654110074
v -0.978292346 10.7924643 -0.654110074
v -0.478292257 10.7924643 -0.654110074
v -0.478292137 10.2924643 -2.40659714
v -0.478292197 10.2924643 -0.654110074
v -0.978292286 10.2924643 -0.654110074
v -0.978292286 10.2924643 -2.40659714
v -0.978292346 10.7924643 -2.40659714
v -0.978292346 10.7924643 -0.654110074
v -0.478292257 10.7924643 -0.654110074
v -0.478292227 10.7924643 -2.40659714
v -0.578653753 10.3438511 -2.40659714
v -0.578653753 10.3438511 -0.654110074
v -0.478292197 10.2924643 -0.654110074
v -0.478292137 10.2924643 -2.40659714
v -0.478292227 10.7924643 -2.40659714
v -0.478292257 10.7924643 -0.654110074
v -0.578653872 10.7410765 -0.654110074
v -0.578653812 10.7410765 -2.40659738
v -0.578653812 10.7410765 -2.40659738
v -0.578653872 10.7410765 -0.654110074
v -0.578653753 10.3438511 -0.654110074
v -0.578653753 10.3438511 -2.40659714
v -0.87793076 10.7410765 -2.40659738
v -0.87793076 10.7410765 -0.654110074
v -0.978292346 10.7924643 -0.654110074
v -0.978292346 10.7924643 -2.40659714
v -0.978292286 10.2924643 -2.40659714
v -0.978292286 10.2924643 -0.654110074
v -0.877930641 10.3438511 -0.654110074
v -0.877930641 10.3438511 -2.40659714
v -0.877930641 10.3438511 -2.40659714
v -0.877930641 10.3438511 -0.654110074
v -0.87793076 10.7410765 -0.654110074
v -0.87793076 10.7410765 -2.40659738
v -0.804828763 7.50006866 2.03286648
v -0.913067997 7.39182949 2.03286648
v -0.913067937 7.39182949 2.40786648
v -0.804828763 7.50006866 2.40786648
v -0.651755333 7.50006866 2.03286648
v -0.651755333 7.50006866 2.40786648
v -0.543516099 7.39182949 2.03286648
v -0.543516159 7.39182949 2.40786648
v -0.543516099 7.23875666 2.40786648
v -0.543516099 7.23875666 2.03286648
v -0.651755273 7.13051701 2.03286648
v -0.651755273 7.13051701 2.40786648
v -0.804828703 7.13051701 2.03286648
v -0.804828703 7.13051701 2.40786648
v -0.913067937 7.23875618 2.03286648
v -0.913067818 7.23875618 2.40786648
v -0.913067997 7.39182949 2.03286648
v -0.913067937 7.39182949 2.40786648
v -0.838292301 10.8403769 2.45422101
v -0.838292003 7.21098614 2.45422053
v -0.618292153 7.21098614 2.45422053
v -0.618292391 10.8403769 2.45422101
v -0.838292241 10.8403769 1.90660107
v -0.618292212 10.8403769 1.90660107
v -0.618292391 10.7915449 2.40660095
v -0.618292093 7.21098614 2.40660048
v -0.838292003 7.21098614 2.40660048
v -0.838292301 10.7915449 2.40660095
v -0.978292346 10.7924643 2.40660095
v -0.578653872 10.7410765 2.40660071
v -0.478292316 10.7924643 2.40660095
v -0.87793076 10.7410765 2.40660071
v -0.578653812 10.343852 2.40660071
v -0.877930641 10.343852 2.40660071
v -0.978292286 10.2924643 2.40660071
v -0.478292227 10.2924643 2.40660071
v -0.978292286 10.2924643 0.654113591
v -0.578653753 10.3438511 0.654113591
v -0.478292197 10.2924643 0.654113591
v -0.877930641 10.3438511 0.654113591
v -0.578653872 10.7410765 0.65411377
v -0.87793076 10.7410765 0.65411377
v -0.978292346 10.7924643 0.65411377
v -0.478292257 10.7924643 0.65411377
v -0.478292227 10.2924643 2.40660071
v -0.978292286 10.2924643 2.40660071
v -0.978292286 10.2924643 0.654113591
v -0.478292197 10.2924643 0.654113591
v -0.978292346 10.7924643 2.40660095
v -0.478292316 10.7924643 2.40660095
v -0.478292257 10.7924643 0.65411377
v -0.978292346 10.7924643 0.65411377
v -0.578653812 10.343852 2.40660071
v -0.478292227 10.2924643 2.40660071
v -0.478292197 10.2924643 0.654113591
v -0.578653753 10.3438511 0.654113591
v -0.478292316 10.7924643 2.40660095
v -0.578653872 10.7410765 2.40660071
v -0.578653872 10.7410765 0.65411377
v -0.478292257 10.7924643 0.65411377
v -0.578653872 10.7410765 2.40660071
v -0.578653812 10.343852 2.40660071
v -0.578653753 10.3438511 0.654113591
v -0.578653872 10.7410765 0.65411377
v -0.87793076 10.7410765 2.40660071
v -0.978292346 10.7924643 2.40660095
v -0.978292346 10.7924643 0.65411377
v -0.87793076 10.7410765 0.65411377
v -0.978292286 10.2924643 2.40660071
v -0.877930641 10.343852 2.40660071
v -0.877930641 10.3438511 0.654113591
v -0.978292286 10.2924643 0.654113591
v -0.877930641 10.343852 2.40660071
v -0.87793076 10.7410765 2.40660071
v -0.87793076 10.7410765 0.65411377
v -0.877930641 10.3438511 0.654113591
v -1.35137069 6.10603237 1.62515056
v -1.35137081 6.24965382 1.89384747
v -0.105216637 6.24965429 1.89384806
v -0.105216481 6.10603333 1.62515116
v -1.35137057 5.81447935 1.53670847
v -0.105216332 5.81447983 1.53670907
v -1.35137069 5.54578161 1.68033028
v -0.105216101 5.54578257 1.68033075
v -1.35137069 5.45733929 1.97188294
v -0.10521625 5.45733976 1.9718833
v -1.35137069 5.60096121 2.24057961
v -1.35137069 5.45733929 1.97188294
v -0.10521625 5.45733976 1.9718833
v -0.105216637 5.60096169 2.24058032
v -1.35137081 5.89251471 2.32902145
v -0.105216712 5.89251518 2.32902193
v -1.35137081 6.16121197 2.18540001
v -0.105216786 6.16121197 2.18540072
v -1.35137081 6.24965382 1.89384747
v -0.105216637 6.24965429 1.89384806
v -1.35137069 6.10603237 -2.24057937
v -1.35137081 6.24965429 -1.97188246
v -0.105216637 6.24965525 -1.97188187
v -0.105216481 6.10603333 -2.24057865
v -1.35137057 5.81447935 -2.32902145
v -0.105216332 5.81447983 -2.32902074
v -1.35137069 5.54578161 -2.18539953
v -0.105216101 5.54578257 -2.18539906
v -1.35137069 5.45734072 -1.89384699
v -0.10521625 5.45734119 -1.89384651
v -1.35137069 5.60096121 -1.6251502
v -1.35137069 5.45734072 -1.89384699
v -0.10521625 5.45734119 -1.89384651
v -0.105216637 5.60096169 -1.62514961
v -1.35137081 5.89251471 -1.53670847
v -0.105216712 5.89251518 -1.53670788
v -1.35137081 6.16121197 -1.6803298
v -0.105216786 6.16121197 -1.6803292
v -1.35137081 6.24965429 -1.97188246
v -0.105216637 6.24965525 -1.97188187
v -0.728039205 6.81338501 0.453263849
v -0.791678727 6.74974537 0.453263879
v -1.49878597 7.45685148 0.453264117
v -1.43514645 7.52049112 0.453264087
v -0.728039205 6.81338501 0.543263853
v -1.43514645 7.52049112 0.543264091
v -1.49878597 7.45685148 0.543264091
v -0.791678727 6.74974537 0.543263853
v -0.791678727 6.74974537 0.453263879
v -0.791678727 6.74974537 0.543263853
v -1.49878597 7.45685148 0.543264091
v -1.49878597 7.45685148 0.453264117
v -1.43514645 7.52049112 0.453264087
v -1.43514645 7.52049112 0.543264091
v -0.728039205 6.81338501 0.543263853
v -0.728039205 6.81338501 0.453263849
v -0.772933662 6.79500008 0.453263819
v -0.772933662 6.70499992 0.453263849
v -1.7729336 6.70499992 0.453264117
v -1.7729336 6.79500008 0.453264087
v -0.772933543 6.79500008 0.543263793
v -1.7729336 6.79500008 0.543264091
v -1.7729336 6.70499992 0.543264091
v -0.772933662 6.70499992 0.543263853
v -0.772933662 6.70499992 0.453263849
v -0.772933662 6.70499992 0.543263853
v -1.7729336 6.70499992 0.543264091
v -1.7729336 6.70499992 0.453264117
v -1.7729336 6.79500008 0.453264087
v -1.7729336 6.79500008 0.543264091
v -0.772933543 6.79500008 0.543263793
v -0.772933662 6.79500008 0.453263819
v -0.791678727 6.75025511 0.453263849
v -0.728039145 6.68661499 0.453263849
v -1.43514585 5.97950792 0.453264028
v -1.49878538 6.04314804 0.453264028
v -0.791678727 6.75025511 0.543263853
v -1.49878538 6.04314804 0.543264031
v -1.43514585 5.97950792 0.543264031
v -0.728039086 6.68661499 0.543263853
v -0.728039145 6.68661499 0.453263849
v -0.728039086 6.68661499 0.543263853
v -1.43514585 5.97950792 0.543264031
v -1.43514585 5.97950792 0.453264028
v -1.49878538 6.04314804 0.453264028
v -1.49878538 6.04314804 0.543264031
v -0.791678727 6.75025511 0.543263853
v -0.791678727 6.75025511 0.453263849
v -0.773293734 6.70535994 0.453263849
v -0.68329376 6.70535994 0.453263849
v -0.683293879 5.70535994 0.453264028
v -0.773293912 5.70535994 0.453264028
v -0.773293734 6.70535994 0.543263853
v -0.773293912 5.70535994 0.543264031
v -0.683293879 5.70535994 0.543264031
v -0.68329376 6.70535994 0.543263853
v -0.68329376 6.70535994 0.453263849
v -0.68329376 6.70535994 0.543263853
v -0.683293879 5.70535994 0.543264031
v -0.683293879 5.70535994 0.453264028
v -0.773293912 5.70535994 0.453264028
v -0.773293912 5.70535994 0.543264031
v -0.773293734 6.70535994 0.543263853
v -0.773293734 6.70535994 0.453263849
v -0.728548408 6.68661499 0.453263909
v -0.664908767 6.75025415 0.453263909
v 0.0421977602 6.04314661 0.453264862
v -0.0214419179 5.97950745 0.453264862
v -0.728548408 6.68661499 0.543263912
v -0.0214419924 5.97950745 0.543264866
v 0.0421976857 6.04314661 0.543264866
v -0.664908767 6.75025415 0.543263912
v -0.664908767 6.75025415 0.453263909
v -0.664908767 6.75025415 0.543263912
v 0.0421976857 6.04314661 0.543264866
v 0.0421977602 6.04314661 0.453264862
v -0.0214419179 5.97950745 0.453264862
v -0.0214419924 5.97950745 0.543264866
v -0.728548408 6.68661499 0.543263912
v -0.728548408 6.68661499 0.453263909
v -0.683653831 6.70499992 0.453263849
v -0.683653831 6.79500008 0.453263849
v 0.316346109 6.79500008 0.453263998
v 0.316346109 6.70499992 0.453263998
v -0.683653831 6.70499992 0.543263853
v 0.316346109 6.70499992 0.543263972
v 0.316346109 6.79500008 0.543263972
v -0.683653831 6.79500008 0.543263853
v -0.683653831 6.79500008 0.453263849
v -0.683653831 6.79500008 0.543263853
v 0.316346109 6.79500008 0.543263972
v 0.316346109 6.79500008 0.453263998
v 0.316346109 6.70499992 0.453263998
v 0.316346109 6.70499992 0.543263972
v -0.683653831 6.70499992 0.543263853
v -0.683653831 6.70499992 0.453263849
v -0.664908767 6.74974489 0.453263849
v -0.728548408 6.81338501 0.453263849
v -0.0214417651 7.5204916 0.453264177
v 0.0421978384 7.45685148 0.453264177
v -0.664908767 6.74974489 0.543263853
v 0.0421978384 7.45685148 0.54326421
v -0.0214417651 7.5204916 0.54326421
v -0.728548408 6.81338501 0.543263853
v -0.728548408 6.81338501 0.453263849
v -0.728548408 6.81338501 0.543263853
v -0.0214417651 7.5204916 0.54326421
v -0.0214417651 7.5204916 0.453264177
v 0.0421978384 7.45685148 0.453264177
v 0.0421978384 7.45685148 0.54326421
v -0.664908767 6.74974489 0.543263853
v -0.664908767 6.74974489 0.453263849
v -0.68329376 6.79463959 0.453263849
v -0.773293734 6.79463959 0.453263849
v -0.773293734 7.79463959 0.453264117
v -0.68329376 7.79463959 0.453264117
v -0.68329376 6.79463959 0.543263853
v -0.68329376 7.79463959 0.543264091
v -0.773293734 7.79463959 0.543264091
v -0.773293734 6.79463959 0.543263853
v -0.773293734 6.79463959 0.453263849
v -0.773293734 6.79463959 0.543263853
v -0.773293734 7.79463959 0.543264091
v -0.773293734 7.79463959 0.453264117
v -0.68329376 7.79463959 0.453264117
v -0.68329376 7.79463959 0.543264091
v -0.68329376 6.79463959 0.543263853
v -0.68329376 6.79463959 0.453263849
v 0.272477716 6.60047102 0.54826355
v 0.189393923 6.32372475 0.448263526
v 0.189393923 6.32372475 0.54826355
v 0.272477716 6.60047102 0.448263586
v 0.272477806 6.89952803 0.548263669
v 0.272477806 6.89952803 0.448263645
v 0.189393923 7.1762743 0.548263788
v 0.189393923 7.1762743 0.448263794
v 0.0351576991 7.41355896 0.548263907
v 0.0351576991 7.41355896 0.448263884
v -0.177664295 7.5986886 0.548263848
v -0.177664295 7.5986886 0.448263854
v -0.436219513 7.71889305 0.548263907
v -0.436219513 7.71889305 0.448263913
v -0.728293538 7.76176262 0.548263907
v -0.728293538 7.76176262 0.448263913
v -1.02036679 7.718894 0.548263907
v -1.02036679 7.718894 0.448263913
v -1.2789228 7.5986886 0.548263848
v -1.2789228 7.5986886 0.448263854
v -1.49174464 7.41355896 0.548263907
v -1.49174464 7.41355896 0.448263884
v -1.64598107 7.17627478 0.548263788
v -1.64598107 7.17627478 0.448263794
v -1.72906494 6.8995285 0.548263669
v -1.72906494 6.8995285 0.448263645
v -1.72906506 6.6004715 0.54826355
v -1.72906506 6.6004715 0.448263586
v -1.64598107 6.32372475 0.54826355
v -1.64598107 6.32372475 0.448263526
v -1.491745 6.08644104 0.54826349
v -1.491745 6.08644104 0.448263466
v -1.2789228 5.90131092 0.548263371
v -1.2789228 5.90131092 0.448263377
v -1.02036774 5.78110647 0.548263371
v -1.02036774 5.78110647 0.448263377
v -0.728293657 5.73823738 0.548263371
v -0.728293657 5.73823738 0.448263377
v -0.43622008 5.78110647 0.548263371
v -0.43622008 5.78110647 0.448263377
v -0.177664414 5.90131092 0.548263371
v -0.177664414 5.90131092 0.448263377
v 0.0351574682 6.08644009 0.54826349
v 0.0351574682 6.08644009 0.448263466
v 0.189393923 6.32372475 0.54826355
v 0.189393923 6.32372475 0.448263526
v 0.435939997 6.57631874 0.408263564
v 0.435940146 6.92368031 0.58826375
v 0.435939938 6.57631826 0.588263571
v 0.435940087 6.92368078 0.408263743
v 0.339192659 7.24597931 0.58826381
v 0.339192659 7.24597931 0.408263803
v 0.159802467 7.52199697 0.588263869
v 0.159802467 7.52199697 0.408263832
v -0.0875988007 7.73719692 0.588263929
v -0.0875988007 7.73719692 0.408263922
v -0.388615131 7.87711763 0.588263988
v -0.388615131 7.87711763 0.408264011
v -0.728294194 7.92700005 0.588263988
v -0.728292882 7.92700005 0.408264011
v -1.06797183 7.87711763 0.588263988
v -1.06797183 7.87711763 0.408264011
v -1.36898828 7.73719692 0.588263929
v -1.36898828 7.73719692 0.408263922
v -1.61638939 7.52199697 0.588263869
v -1.61638939 7.52199697 0.408263832
v -1.79577959 7.24598074 0.58826381
v -1.79577959 7.24598074 0.408263803
v -1.8925271 6.92368126 0.58826375
v -1.8925271 6.92368078 0.408263743
v -1.89252722 6.57631874 0.408263564
v -1.89252746 6.57631874 0.588263571
v -1.79577971 6.25401974 0.588263512
v -1.79577971 6.25401974 0.408263534
v -1.61638975 5.97800303 0.588263452
v -1.61638975 5.97800303 0.408263475
v -1.36898816 5.7628026 0.588263392
v -1.36898816 5.7628026 0.408263385
v -1.06797206 5.62288189 0.588263333
v -1.06797206 5.62288189 0.408263355
v -0.728293002 5.57299995 0.588263333
v -0.728294253 5.57299995 0.408263355
v -0.388615042 5.62288237 0.588263333
v -0.388615042 5.62288237 0.408263355
v -0.0875988752 5.7628026 0.588263392
v -0.0875988752 5.7628026 0.408263385
v 0.159802318 5.97800207 0.588263452
v 0.159802318 5.97800207 0.408263475
v 0.33919242 6.25401974 0.588263512
v 0.33919242 6.25401974 0.408263534
v 0.33919242 6.25401974 0.408263534
v 0.435939997 6.57631874 0.408263564
v 0.435939938 6.57631826 0.588263571
v 0.33919242 6.25401974 0.588263512
v 0.272477716 6.60047102 0.448263586
v 0.33919242 6.25401974 0.408263534
v 0.189393923 6.32372475 0.448263526
v 0.435939997 6.57631874 0.408263564
v 0.272477806 6.89952803 0.448263645
v 0.435940087 6.92368078 0.408263743
v 0.189393923 7.1762743 0.448263794
v 0.339192659 7.24597931 0.408263803
v 0.0351576991 7.41355896 0.448263884
v 0.159802467 7.52199697 0.408263832
v -0.177664295 7.5986886 0.448263854
v -0.0875988007 7.73719692 0.408263922
v -0.436219513 7.71889305 0.448263913
v -0.388615131 7.87711763 0.408264011
v -0.728293538 7.76176262 0.448263913
v -0.728292882 7.92700005 0.408264011
v -1.02036679 7.718894 0.448263913
v -1.06797183 7.87711763 0.408264011
v -1.2789228 7.5986886 0.448263854
v -1.36898828 7.73719692 0.408263922
v -1.49174464 7.41355896 0.448263884
v -1.61638939 7.52199697 0.408263832
v -1.64598107 7.17627478 0.448263794
v -1.79577959 7.24598074 0.408263803
v -1.72906494 6.8995285 0.448263645
v -1.8925271 6.92368078 0.408263743
v -1.72906506 6.6004715 0.448263586
v -1.89252722 6.57631874 0.408263564
v -1.64598107 6.32372475 0.448263526
v -1.79577971 6.25401974 0.408263534
v -1.491745 6.08644104 0.448263466
v -1.61638975 5.97800303 0.408263475
v -1.2789228 5.90131092 0.448263377
v -1.36898816 5.7628026 0.408263385
v -1.02036774 5.78110647 0.448263377
v -1.06797206 5.62288189 0.408263355
v -0.728293657 5.73823738 0.448263377
v -0.728294253 5.57299995 0.408263355
v -0.43622008 5.78110647 0.448263377
v -0.388615042 5.62288237 0.408263355
v -0.177664414 5.90131092 0.448263377
v -0.0875988752 5.7628026 0.408263385
v 0.0351574682 6.08644009 0.448263466
v 0.159802318 5.97800207 0.408263475
v 0.189393923 6.32372475 0.448263526
v 0.33919242 6.25401974 0.408263534
v 0.0351574682 6.08644009 0.54826349
v 0.33919242 6.25401974 0.588263512
v 0.189393923 6.32372475 0.54826355
v 0.159802318 5.97800207 0.588263452
v -0.177664414 5.90131092 0.548263371
v -0.0875988752 5.7628026 0.588263392
v -0.43622008 5.78110647 0.548263371
v -0.388615042 5.62288237 0.588263333
v -0.728293657 5.73823738 0.548263371
v -0.728293002 5.57299995 0.588263333
v -1.02036774 5.78110647 0.548263371
v -1.06797206 5.62288189 0.588263333
v -1.2789228 5.90131092 0.548263371
v -1.36898816 5.7628026 0.588263392
v -1.491745 6.08644104 0.54826349
v -1.61638975 5.97800303 0.588263452
v -1.64598107 6.32372475 0.54826355
v -1.79577971 6.25401974 0.588263512
v -1.72906506 6.6004715 0.54826355
v -1.89252746 6.57631874 0.588263571
v -1.72906494 6.8995285 0.548263669
v -1.8925271 6.92368126 0.58826375
v -1.64598107 7.17627478 0.548263788
v -1.79577959 7.24598074 0.58826381
v -1.49174464 7.41355896 0.548263907
v -1.61638939 7.52199697 0.588263869
v -1.2789228 7.5986886 0.548263848
v -1.36898828 7.73719692 0.588263929
v -1.02036679 7.718894 0.548263907
v -1.06797183 7.87711763 0.588263988
v -0.728293538 7.76176262 0.548263907
v -0.728294194 7.92700005 0.588263988
v -0.436219513 7.71889305 0.548263907
v -0.388615131 7.87711763 0.588263988
v -0.177664295 7.5986886 0.548263848
v -0.0875988007 7.73719692 0.588263929
v 0.0351576991 7.41355896 0.548263907
v 0.159802467 7.52199697 0.588263869
v 0.189393923 7.1762743 0.548263788
v 0.339192659 7.24597931 0.58826381
v 0.272477806 6.89952803 0.548263669
v 0.435940146 6.92368031 0.58826375
v 0.272477716 6.60047102 0.54826355
v 0.435939938 6.57631826 0.588263571
v 0.189393923 6.32372475 0.54826355
v 0.435939938 6.57631826 0.588263571
v 0.33919242 6.25401974 0.588263512
v -0.760418594 6.93218899 0.398263872
v -0.635793686 6.9102149 0.59826386
v -0.635793686 6.9102149 0.398263872
v -0.760418594 6.93218899 0.59826386
v -0.870011866 6.86891603 0.398263812
v -0.870011866 6.86891603 0.5982638
v -0.91329366 6.75 0.398263812
v -0.91329366 6.75 0.5982638
v -0.870011806 6.63108397 0.398263723
v -0.870011806 6.63108397 0.598263741
v -0.760418534 6.56781054 0.398263723
v -0.760418534 6.56781054 0.598263741
v -0.635793626 6.5897851 0.398263723
v -0.635793626 6.5897851 0.598263741
v -0.554450512 6.68672609 0.398263812
v -0.554450512 6.68672609 0.5982638
v -0.554450512 6.81327391 0.398263812
v -0.554450512 6.81327391 0.5982638
v -0.635793686 6.9102149 0.398263872
v -0.635793686 6.9102149 0.59826386
v -0.943293571 5.74877977 -2.03286386
v -0.513293624 5.74877977 -2.03286386
v -0.513293624 5.7487793 -1.83286393
v -0.943293571 5.7487793 -1.83286393
v -0.943293571 7.53876209 -1.83286357
v -0.513293624 7.52447271 -1.83286357
v -0.513293624 7.52447319 -2.03286362
v -0.943293571 7.53012562 -2.03286362
v -0.943293571 5.7487793 -1.83286393
v -0.513293624 5.7487793 -1.83286393
v -0.513293624 7.52447271 -1.83286357
v -0.943293571 7.53876209 -1.83286357
v -0.513293624 5.74877977 -2.03286386
v -0.943293571 5.74877977 -2.03286386
v -0.943293571 7.53012562 -2.03286362
v -0.513293624 7.52447319 -2.03286362
v -0.943293571 5.74877977 -2.03286386
v -0.943293571 5.7487793 -1.83286393
v -0.943293571 7.53876209 -1.83286357
v -0.943293571 7.53012562 -2.03286362
v -0.513293624 5.7487793 -1.83286393
v -0.513293624 5.74877977 -2.03286386
v -0.513293624 7.52447319 -2.03286362
v -0.513293624 7.52447271 -1.83286357
v -0.728293598 6.81749964 -2.05999374
v -0.786750317 6.7837491 9.61273713E-07
v -0.728293598 6.81749916 9.70065457E-07
v -0.786750317 6.78375006 -2.05999422
v -0.786750317 6.71624994 -2.05999374
v -0.786750317 6.71624947 9.38922142E-07
v -0.728293598 6.68249941 9.30130454E-07
v -0.728293598 6.68249989 -2.05999422
v -0.669836879 6.71624947 9.38922142E-07
v -0.669836879 6.71624994 -2.05999374
v -0.669836879 6.7837491 9.61273713E-07
v -0.669836879 6.78375006 -2.05999422
v -0.728293598 6.81749916 9.70065457E-07
v -0.728293598 6.81749964 -2.05999374
v -0.943293571 5.74877739 2.03286481
v -0.943293571 5.74877834 1.83286476
v -0.513293624 5.74877834 1.83286476
v -0.513293624 5.74877739 2.03286481
v -0.943293571 7.53876162 1.83286572
v -0.943293571 7.53012323 2.03286576
v -0.513293624 7.52447081 2.03286576
v -0.513293624 7.52447176 1.83286572
v -0.943293571 5.74877834 1.83286476
v -0.943293571 7.53876162 1.83286572
v -0.513293624 7.52447176 1.83286572
v -0.513293624 5.74877834 1.83286476
v -0.513293624 5.74877739 2.03286481
v -0.513293624 7.52447081 2.03286576
v -0.943293571 7.53012323 2.03286576
v -0.943293571 5.74877739 2.03286481
v -0.943293571 5.74877739 2.03286481
v -0.943293571 7.53012323 2.03286576
v -0.943293571 7.53876162 1.83286572
v -0.943293571 5.74877834 1.83286476
v -0.513293624 5.74877834 1.83286476
v -0.513293624 7.52447176 1.83286572
v -0.513293624 7.52447081 2.03286576
v -0.513293624 5.74877739 2.03286481
v -0.728293598 6.81749725 2.05999541
v -0.728293598 6.81749916 9.70065457E-07
v -0.786750317 6.7837491 9.61273713E-07
v -0.786750317 6.7837472 2.05999589
v -0.786750317 6.71624756 2.05999541
v -0.786750317 6.71624947 9.38922142E-07
v -0.728293598 6.68249941 9.30130454E-07
v -0.728293598 6.6824975 2.05999589
v -0.669836879 6.71624947 9.38922142E-07
v -0.669836879 6.71624756 2.05999541
v -0.669836879 6.7837491 9.61273713E-07
v -0.669836879 6.7837472 2.05999589
v -0.728293598 6.81749916 9.70065457E-07
v -0.728293598 6.81749725 2.05999541
v 9.54720116 1.10734499 0.72470206
v 8.19272709 2.03368306 0.725641489
v 8.1187315 2.044348 0.897914231
v 9.54720116 1.10734499 0.899702132
v 6.15560246 3.0400157 0.0584894121
v 5.98060274 3.0400157 0.0584892631
v 5.98060465 3.03998232 0.288492531
v 6.15560389 3.0399859 0.216002211
v 6.61110497 3.03946686 0.905288041
v 6.15560389 3.0399859 0.216002211
v 6.14076471 2.04103184 0.214914277
v 6.14112663 2.03905582 0.0584897585
v 6.15560246 3.0400157 0.0584894121
v 6.68505716 3.02791977 0.732940435
v 6.68505716 2.02023101 0.732940555
v 6.14076471 2.04103184 0.214914277
v 6.15560389 3.0399859 0.216002211
v 9.54720116 1.10734499 2.21726298
v 9.54720116 1.10734499 2.39226294
v 9.54621696 0.63795948 2.39324689
v 9.54621029 0.637993097 2.21824694
v 9.54720116 1.10734499 2.39226294
v 8.19272709 1.02599406 2.39807177
v 8.19272709 2.03368306 2.39132357
v 8.1187315 2.044348 2.39405179
v 8.1187315 2.044348 2.21905065
v 6.61110497 3.03946686 2.21167684
v 6.68505716 3.02791977 2.38402486
v 6.15560389 3.0399859 2.90096307
v 6.15560293 3.0400157 3.05847597
v 6.14112711 2.03905606 3.05847597
v 6.14076519 2.04103208 2.90205097
v 9.64891052 -0.956398368 0.709299326
v 9.64891052 0.854759037 0.709299386
v 9.64891052 -0.956398606 2.40766692
v 9.64891052 0.854758799 2.40766692
v 6.57173204 2.58207202 2.32037783
v 9.64891052 0.854759037 0.709299386
v 6.56875658 2.59414601 0.812308073
v 5.90804052 2.93722272 2.99307394
v 5.90804052 2.93722272 0.149059042
v 3.8805871 1.10734367 -6.44191408
v 3.8796041 0.637991726 -6.44092274
v 3.7046032 0.637958109 -6.44092989
v 3.70558715 1.10734367 -6.44191408
v 3.03937459 3.04001498 -3.05031586
v 3.03937459 3.04001498 -2.8753159
v 3.26937747 3.03998232 -2.87531829
v 3.19688749 3.03998494 -3.05031705
v 3.2676723 2.04134178 -2.86016679
v 3.92140532 2.01376677 -3.48488879
v 3.88617325 3.03946638 -3.50581789
v 3.26937747 3.03998232 -2.87531829
v 5.37314796 1.10734463 -6.44191408
v 5.19814825 1.10734367 -6.44191408
v 5.19993639 2.04434776 -5.01344395
v 5.37895679 1.02599275 -5.08743954
v 5.37413263 0.637958407 -6.44092989
v 5.19814825 1.10734367 -6.44191408
v 5.37314796 1.10734463 -6.44191408
v 5.37413263 0.637958407 -6.44092989
v 5.19913244 0.637992024 -6.44092274
v 6.039361 3.0400157 -3.05031586
v 5.88184786 3.0399859 -3.05031705
v 5.80935764 3.03998232 -2.87531829
v 6.039361 3.0400157 -2.8753159
v 5.37493658 2.04434776 -5.01344395
v 5.36490965 2.02023077 -3.57976985
v 5.37592077 1.57496071 -5.01245975
v 5.36490965 3.02791953 -3.57976985
v 5.81106377 2.04134178 -2.86016679
v 5.80935764 3.03998232 -2.87531829
v 5.1925621 3.03946638 -3.50581789
v 5.15733004 2.01376677 -3.48488879
v 5.38855219 -0.956399679 -6.54362297
v 5.38855219 0.854757667 -6.54362297
v 5.89211607 -0.957862318 -6.04017448
v 5.88184786 1.03998566 -6.05031586
v 5.38855171 1.04001367 -6.54362297
v 5.30126333 2.58207178 -3.46644497
v 3.69018435 0.854757726 -6.54362297
v 3.79319334 2.59414577 -3.46346879
v 5.97395849 2.93722272 -2.80275297
v 3.12994432 2.937222 -2.80275393
v -0.211368397 3.01998186 -5.45767307
v -0.302000105 3.01996756 -5.49993658
v -1.00260866 3.0199976 -3.99747634
v -0.91197753 3.0199976 -3.9552145
v -0.302000105 2.8699677 -5.49988413
v -0.211368397 2.869982 -5.45762205
v -0.91197753 2.8699975 -3.9552145
v -1.00260866 2.8699975 -3.99747634
v -1.00260866 2.8699975 -3.99747634
v -1.00260866 3.0199976 -3.99747634
v -0.302000105 3.01996756 -5.49993658
v -0.302000105 2.8699677 -5.49988413
v -0.211368397 2.869982 -5.45762205
v -0.302000105 3.01996756 -5.49993658
v -0.211368397 3.01998186 -5.45767307
v 0.952425182 3.01999784 -4.31467962
v 0.918223262 3.01999784 -4.40864801
v -0.639579475 3.0199976 -3.84165549
v -0.605377197 3.0199976 -3.74768662
v 0.952425182 2.86999774 -4.31467962
v 0.952425182 3.01999784 -4.31467962
v -0.605377197 3.0199976 -3.74768662
v -0.605377197 2.8699975 -3.74768662
v 0.918223262 2.86999774 -4.40864801
v 0.952425182 2.86999774 -4.31467962
v -0.605377197 2.8699975 -3.74768662
v -0.639579475 2.8699975 -3.84165549
v 0.918223262 3.01999784 -4.40864801
v 0.918223262 2.86999774 -4.40864801
v -0.639579475 2.8699975 -3.84165549
v -0.639579475 3.0199976 -3.84165549
v 0.952425182 2.86999774 -4.31467962
v 0.918223262 2.86999774 -4.40864801
v 0.918223262 3.01999784 -4.40864801
v 0.952425182 3.01999784 -4.31467962
v -2.66645312 3.01998186 -5.4576745
v -1.96584654 3.0199976 -3.95521569
v -1.87521541 3.0199976 -3.99747753
v -2.57582331 3.0199666 -5.49993658
v -2.66645312 2.869982 -5.45762444
v -1.96584654 2.8699975 -3.95521569
v -1.96584654 3.0199976 -3.95521569
v -2.66645312 3.01998186 -5.4576745
v -2.57582331 2.86996675 -5.49988508
v -1.87521541 2.8699975 -3.99747753
v -1.96584654 2.8699975 -3.95521569
v -2.66645312 2.869982 -5.45762444
v -2.66645312 2.869982 -5.45762444
v -2.66645312 3.01998186 -5.4576745
v -2.57582331 3.0199666 -5.49993658
v -2.57582331 2.86996675 -5.49988508
v -3.83025026 3.01999784 -4.31468344
v -2.27244735 3.0199976 -3.74768853
v -2.23824453 3.0199976 -3.84165764
v -3.79604793 3.01999784 -4.40865278
v -3.79604793 2.86999774 -4.40865278
v -2.23824453 2.8699975 -3.84165764
v -2.27244735 2.8699975 -3.74768758
v -3.83025026 2.86999774 -4.31468344
v -0.232500598 4.05999756 -5.41235828
v -0.18718566 4.05999756 -5.39122677
v -0.187184438 2.52145958 -5.39122677
v -0.232500598 2.52145958 -5.41235828
v -0.29589355 4.05999756 -5.27641106
v -0.232500598 2.52145958 -5.41235828
v -0.295894146 2.5199976 -5.27641106
v -0.250578612 4.05999756 -5.25528049
v -0.25057739 2.5199976 -5.25528049
v -0.25057739 2.5199976 -5.25528049
v -0.187184438 2.52145958 -5.39122677
v -0.18718566 4.05999756 -5.39122677
v -0.250578612 4.05999756 -5.25528049
v -0.25057739 2.5199976 -5.25528049
v -0.295894146 2.5199976 -5.27641106
v -0.232500598 2.52145958 -5.41235828
v -0.187184438 2.52145958 -5.39122677
v 0.781587481 4.05999851 -4.19929075
v 0.764485478 4.05999851 -4.24627495
v 0.764485478 2.51999784 -4.24627495
v 0.764485478 2.51999784 -4.24627495
v 0.781587481 2.57482481 -4.19929075
v 0.922540843 2.57482481 -4.25059366
v 0.922540843 2.57482481 -4.25059366
v 0.922541499 4.05999851 -4.25059366
v 0.781587481 2.57482481 -4.19929075
v 0.90543884 2.51999784 -4.29757786
v 0.764485478 2.51999784 -4.24627495
v 0.764485478 4.05999851 -4.24627495
v 0.905439436 4.05999851 -4.29757786
v 0.922541499 4.05999851 -4.25059366
v 0.922540843 2.57482481 -4.25059366
v 0.90543884 2.51999784 -4.29757786
v 0.905439436 4.05999851 -4.29757786
v -2.57962346 2.5199976 -5.27641201
v -2.64301634 2.51779056 -5.41235971
v -2.64301753 4.05999756 -5.41235971
v -2.57962465 4.05999756 -5.27641344
v -2.62493944 4.05999756 -5.25528193
v -2.62493944 2.5199976 -5.25528288
v -2.57962346 2.5199976 -5.27641201
v -2.57962465 4.05999756 -5.27641344
v -2.64301634 2.51779056 -5.41235971
v -2.57962346 2.5199976 -5.27641201
v -2.62493944 2.5199976 -5.25528288
v -2.68833303 2.51779056 -5.39122772
v -2.59946346 3.0950017 -5.47964811
v -2.59366274 4.08671093 -5.53719234
v -0.290158689 4.0851016 -5.55559063
v -0.295959473 3.09486866 -5.47903061
v -2.61169052 3.03037071 -5.40446043
v -0.30818665 3.02842069 -5.42460299
v -0.295959473 3.09486866 -5.47903061
v -0.290158689 4.0851016 -5.55559063
v -2.59366274 4.08671093 -5.53719234
v -2.59946346 3.0950017 -5.4753561
v -2.61169052 3.03037071 -5.40016699
v -0.30818665 3.02842069 -5.42460299
v -2.65638423 4.07999754 -5.45801973
v -3.846071 4.07999754 -4.2689209
v -3.68121457 4.07999754 -4.15113401
v -2.58187556 4.07999754 -5.2585535
v -0.172051385 4.07999754 -5.45285654
v -0.270415634 4.07999754 -5.26245975
v 0.828922689 4.07999754 -4.15494108
v 0.948273301 4.07999754 -4.31877184
v -0.270415634 4.07999754 -5.26245975
v -2.65638423 4.07999754 -5.45801973
v -2.58187556 4.07999754 -5.2585535
v -3.68121457 4.03999758 -4.15113401
v -3.846071 4.03999758 -4.2689209
v -2.65638423 4.03999758 -5.45801973
v -2.58187556 4.03999758 -5.2585535
v -0.270415634 4.03999758 -5.26245975
v -0.172051385 4.03999758 -5.45285654
v 0.828922689 4.03999901 -4.15494108
v -0.172051385 4.03999758 -5.45285654
v 0.948273301 4.03999758 -4.31877184
v -3.40470505 3.05562282 -2.83881474
v -3.40288019 3.01583099 -2.84245181
v 0.52505064 3.01583099 -2.84244752
v 0.526876807 3.05562401 -2.83881164
v -3.68121457 4.07999754 -4.15113401
v -3.68121457 4.03999758 -4.15113401
v -2.58187556 4.03999758 -5.2585535
v -2.58187556 4.07999754 -5.2585535
v -2.58187556 4.03999758 -5.2585535
v -0.270415634 4.03999758 -5.26245975
v -0.270415634 4.07999754 -5.26245975
v -0.270415634 4.03999758 -5.26245975
v 0.828922689 4.03999901 -4.15494108
v 0.828922689 4.07999754 -4.15494108
v 0.828922689 4.07999754 -4.15494108
v 0.948273301 4.03999758 -4.31877184
v 0.948273301 4.07999754 -4.31877184
v -3.846071 4.07999754 -4.2689209
v -3.846071 4.03999758 -4.2689209
v -3.68121457 4.03999758 -4.15113401
v -3.68121457 4.07999754 -4.15113401
v -3.846071 4.03999758 -4.2689209
v -2.65638423 4.07999754 -5.45801973
v -2.65638423 4.03999758 -5.45801973
v -2.65638423 4.03999758 -5.45801973
v -0.172051385 4.07999754 -5.45285654
v -0.172051385 4.03999758 -5.45285654
v 0.948273301 4.07999754 -4.31877184
v 0.948273301 4.03999758 -4.31877184
v -0.172051385 4.07999754 -5.45285654
v 0.797723353 4.02133369 -4.22921991
v -0.260853261 4.03198195 -5.28779888
v -0.260853261 3.88198161 -5.28779888
v 0.797723353 3.8713336 -4.22921991
v -0.244285271 3.88198161 -5.32779884
v -0.244285271 4.03198195 -5.32779884
v 0.837723374 4.02133369 -4.24578857
v 0.837723374 3.8713336 -4.24578857
v 0.797723353 3.21150875 -4.22921944
v 0.797723353 3.36150861 -4.22921944
v -0.260853261 3.58823276 -5.28779888
v -0.260853261 3.43823266 -5.28779888
v 0.837723374 3.36150861 -4.24578857
v 0.837723374 3.21150875 -4.24578857
v -0.244285271 3.43823266 -5.32779884
v -0.244285271 3.58823276 -5.32779884
v -0.260853261 4.03198195 -5.28779888
v -1.43809748 4.04093552 -5.28780031
v -1.43809748 3.89093566 -5.28780031
v -0.260853261 3.88198161 -5.28779888
v -0.244285271 3.88198161 -5.32779884
v -1.43809748 3.89093471 -5.32780027
v -1.43809748 4.04093456 -5.32780027
v -0.244285271 4.03198195 -5.32779884
v -0.260853261 3.58823276 -5.28779888
v -1.43809748 3.58396482 -5.28779888
v -1.43809748 3.43396473 -5.28779888
v -0.260853261 3.43823266 -5.28779888
v -0.244285271 3.43823266 -5.32779884
v -1.43809748 3.43396568 -5.32779884
v -1.43809748 3.58396578 -5.32779884
v -0.244285271 3.58823276 -5.32779884
v -3.67392254 4.02133369 -4.22922373
v -3.67392254 3.8713336 -4.22922373
v -2.61534238 3.88198042 -5.28780127
v -2.61534238 4.03198051 -5.28780127
v -2.63191032 3.88198042 -5.32780123
v -3.71392274 3.8713336 -4.24579287
v -3.71392274 4.02133369 -4.24579287
v -2.63191032 4.03198051 -5.32780123
v -3.67392254 3.21150756 -4.22922373
v -2.61534238 3.43823266 -5.28780127
v -2.61534238 3.58823276 -5.28780127
v -3.67392254 3.36150742 -4.22922373
v -3.71392131 3.36150742 -4.24579239
v -2.63191032 3.58823276 -5.32780123
v -2.63191032 3.43823266 -5.32780123
v -3.71392131 3.21150756 -4.24579239
v -2.61534238 4.03198051 -5.28780127
v -2.61534238 3.88198042 -5.28780127
v -1.43809748 3.89093566 -5.28780031
v -1.43809748 4.04093552 -5.28780031
v -2.63191032 3.88198042 -5.32780123
v -2.63191032 4.03198051 -5.32780123
v -1.43809748 4.04093456 -5.32780027
v -1.43809748 3.89093471 -5.32780027
v -2.61534238 3.58823276 -5.28780127
v -2.61534238 3.43823266 -5.28780127
v -1.43809748 3.43396473 -5.28779888
v -1.43809748 3.58396482 -5.28779888
v -2.63191032 3.43823266 -5.32780123
v -2.63191032 3.58823276 -5.32780123
v -1.43809748 3.58396578 -5.32779884
v -1.43809748 3.43396568 -5.32779884
v -1.54744017 1.73530793 -2.92302656
v -1.54744017 2.87154269 -4.0592618
v -1.3724395 2.87154269 -4.0592618
v -1.3724401 1.73530793 -2.92302656
v -1.3724401 1.73530793 -2.92302656
v -1.3724395 2.87154269 -4.0592618
v -1.3724395 2.99528646 -3.93551755
v -1.3724401 1.85905182 -2.79928255
v -1.3724401 1.85905182 -2.79928255
v -1.3724395 2.99528646 -3.93551755
v -1.54744017 2.99528646 -3.93551755
v -1.54744136 1.85905182 -2.79928255
v -2.95718622 2.03994298 4.65617371
v -5.95691347 2.03998923 4.68112659
v -5.95691347 1.20592725 4.65836763
v -2.95691824 1.2058903 4.63341427
v -6.74155331 2.01392007 4.64779568
v -6.729743 1.20128417 4.63562441
v -5.95691347 2.03998923 4.68112898
v -5.95692301 1.03997827 5.99970102
v -2.95692015 1.03998923 5.99969959
v -5.95691347 1.41435158 4.56219673
v -2.95691824 1.41435206 4.56219816
v -2.95954943 1.03998935 6.17466307
v -0.989830315 1.03999817 5.97288084
v -2.22952151 1.60507011 4.54336739
v -1.50086057 1.33710504 3.79468822
v -0.0460699461 1.04198015 5.0309906
v -0.92494446 1.03418124 6.14897442
v 0.133342281 1.04418015 5.09296608
v -0.0194122307 1.03997922 3.06220031
v -1.45691645 1.41435206 3.06219935
v -0.92494446 1.03418124 6.14897442
v -2.95636344 1.03998923 5.99969959
v -0.989830315 1.03999817 5.97288084
v 0.155579835 1.04003024 3.06220031
v -0.0460699461 1.04198015 5.0309906
v -2.95691824 2.04001808 4.49043798
v -2.95691705 2.41435218 3.06219959
v -5.95691347 2.41435099 3.06219697
v -5.95691347 2.04000115 4.50292635
v -5.95691347 1.20592725 4.65836763
v -5.95691347 2.03998923 4.68112659
v -5.95691347 2.41435099 3.06219697
v -5.95691347 2.04000115 4.50292635
v -5.95691347 2.03998923 4.68112898
v -5.95691347 1.20592725 4.65836763
v -5.95691347 2.04000115 4.5029273
v -2.87013674 1.03418076 -4.96977472
v -2.8444488 1.03998888 -2.9351697
v -2.85033751 -1.00092113 -2.93780136
v -2.8761425 -1.00558424 -4.96674156
v -4.35804367 1.20365787 -3.7122035
v -5.18408394 1.20128381 -4.51122904
v -4.3463335 2.01391888 -3.7241745
v -5.17227364 2.01392078 -4.52340031
v -5.18408394 1.20128381 -4.51122904
v -5.95691347 1.20592666 -4.53397369
v -5.95691347 2.03998876 -4.55673361
v -2.87013674 1.03418076 -4.96977472
v -2.8761425 -1.00558424 -4.96674156
v -3.92920518 -0.995585918 -6.02208376
v -3.92614555 1.0441798 -6.02806139
v -5.95691347 1.04002964 -6.05029774
v -3.92920518 -0.995585918 -6.02208376
v -5.95691347 -1.00090921 -6.04440308
v -5.95691347 -1.00090921 -6.04440308
v -5.95728064 1.0399822 -5.87530518
v -7.9888835 1.03417969 -6.02457857
v -5.95493317 1.03999817 -6.05027437
v -7.98585367 -1.00558519 -6.01857185
v -7.98585367 -1.00558519 -6.01857185
v -9.04119301 -0.995586812 -4.96550941
v -9.0471735 1.04417872 -4.96857023
v -7.81462336 4.05999708 5.33932352
v -5.33910322 4.05999804 5.33887815
v -5.4306035 4.05999804 5.14040756
v -7.74047279 4.05999708 5.13784647
v -4.33344412 4.05999851 4.03845215
v -5.33910322 4.05999804 5.33887815
v -4.16859436 4.05999851 4.15623999
v -7.81462336 4.05999708 5.33932352
v -8.02752399 4.05999708 4.83910513
v -8.23404312 4.05999708 4.91436005
v -8.22197342 4.05999708 2.43197155
v -8.23404312 4.05999708 4.91436005
v -8.03157234 4.05999708 2.53033543
v -8.22197342 4.05999708 2.43197155
v -6.92405462 4.05999708 1.43099654
v -7.08788395 4.05999708 1.31164634
v -7.81462336 4.01999712 5.33932352
v -7.74047279 4.01999712 5.13784647
v -5.4306035 4.01999807 5.14040756
v -5.33910322 4.01999807 5.33887815
v -5.4306035 4.01999807 5.14040756
v -4.33344412 4.01999855 4.03845215
v -4.16859436 4.01999855 4.15623999
v -8.02752399 4.01999712 4.83910513
v -7.74047279 4.01999712 5.13784647
v -7.81462336 4.01999712 5.33932352
v -8.23404312 4.01999712 4.91436005
v -8.22197342 4.05999708 2.43197155
v -8.22197342 4.01999664 2.43197155
v -8.23404312 4.05999708 4.91436005
v -7.81462336 4.01999712 5.33932352
v -7.81462336 4.05999708 5.33932352
v -5.33910322 4.01999807 5.33887815
v -5.33910322 4.05999804 5.33887815
v -8.22197342 4.01999664 2.43197155
v -7.08788395 4.05999708 1.31164634
v -7.08788395 4.01999664 1.31164634
v -7.08788395 4.05999708 1.31164634
v -6.92405462 4.05999708 1.43099654
v -6.92405462 4.01999664 1.43099654
v -4.16859436 4.01999855 4.15623999
v -4.16859436 4.05999851 4.15623999
v -5.33910322 4.01999807 5.33887815
v -4.16859436 4.05999851 4.15623999
v -4.33344412 4.01999855 4.03845215
v -4.33344412 4.05999851 4.03845215
v -4.33344412 4.05999851 4.03845215
v -5.4306035 4.01999807 5.14040756
v -5.4306035 4.05999804 5.14040756
v -5.4306035 4.05999804 5.14040756
v -7.74047279 4.01999712 5.13784647
v -7.74047279 4.05999708 5.13784647
v -7.74047279 4.05999708 5.13784647
v -8.02752399 4.01999712 4.83910513
v -8.02752399 4.05999708 4.83910513
v -8.02752399 4.05999708 4.83910513
v -8.03157234 4.01999664 2.53033543
v -8.03157234 4.05999708 2.53033543
v -8.03157234 4.05999708 2.53033543
v -6.92405462 4.01999664 1.43099654
v -6.92405462 4.05999708 1.43099654
v -8.02752399 4.01999712 4.83910513
v -8.23404312 4.01999712 4.91436005
v -8.22197342 4.01999664 2.43197155
v -8.03157234 4.01999664 2.53033543
v -7.08788395 4.01999664 1.31164634
v -6.92405462 4.01999664 1.43099654
v -8.03157234 4.01999664 2.53033543
v -4.2344451 2.99999833 4.27934599
v -4.20024347 2.99999833 4.18537664
v -5.7580533 2.99999809 3.6183815
v -5.79225397 2.99998617 3.71235156
v -4.20024347 2.84999847 4.18537664
v -4.2344451 2.84999847 4.27934599
v -5.7922039 2.84998631 3.71235156
v -5.7579937 2.849998 3.6183815
v -5.45496368 2.99999833 5.37818956
v -5.36433268 2.99999833 5.33592749
v -6.0649333 2.99999714 3.83346844
v -6.15556335 2.99999714 3.87572956
v -5.36433268 2.99999833 5.33592749
v -5.36433268 2.84999847 5.33592749
v -6.0649333 2.849998 3.83346844
v -6.0649333 2.99999714 3.83346844
v -5.36433268 2.84999847 5.33592749
v -5.45496368 2.99999833 5.37818956
v -5.45496368 2.84999847 5.37818956
v -5.45496368 2.99999833 5.37818956
v -6.15556335 2.99999714 3.87572956
v -6.15556335 2.849998 3.87572956
v -5.36433268 2.84999847 5.33592749
v -5.45496368 2.84999847 5.37818956
v -6.15556335 2.849998 3.87572956
v -6.0649333 2.849998 3.83346844
v -7.80354309 2.98277116 5.33959341
v -7.71291304 2.98277116 5.38185549
v -7.16826344 2.99996901 4.2138567
v -7.25889349 2.99996901 4.17159462
v -7.16826344 2.84996915 4.2138567
v -7.16826344 2.99996901 4.2138567
v -7.71291304 2.98277116 5.38185549
v -7.71291304 2.8327713 5.38185549
v -7.80354309 2.98277116 5.33959341
v -7.80354309 2.8327713 5.33959341
v -7.71291304 2.98277116 5.38185549
v -7.80354309 2.8327713 5.33959341
v -7.25889349 2.99996901 4.17159462
v -7.25889349 2.84996915 4.17159462
v -7.71291304 2.8327713 5.38185549
v -7.80354309 2.8327713 5.33959341
v -7.25889349 2.84996915 4.17159462
v -7.16826344 2.84996915 4.2138567
v -8.27113438 2.99999714 4.82192564
v -8.22887325 2.99999714 4.91255569
v -6.69309378 2.99999714 3.88059163
v -6.73535347 2.99999714 3.78996062
v -6.69309378 2.84999728 3.88059163
v -6.69309378 2.99999714 3.88059163
v -8.22887325 2.99999714 4.91255569
v -8.22887325 2.84999728 4.91255569
v -8.27113438 2.99999714 4.82192564
v -8.27113438 2.84999728 4.82192564
v -6.73535347 2.99999714 3.78996062
v -6.73535347 2.84999728 3.78996062
v -8.22887325 2.84999728 4.91255569
v -8.27113438 2.84999728 4.82192564
v -6.73535347 2.84999728 3.78996062
v -6.69309378 2.84999728 3.88059163
v -6.76659346 2.9999969 3.26252961
v -6.72433281 2.9999969 3.17189884
v -8.22678375 2.99998093 2.47128963
v -8.26905441 2.99996638 2.56192064
v -6.72433281 2.84999681 3.17189884
v -6.76659346 2.84999681 3.26252961
v -8.26899338 2.849967 2.56192064
v -8.22673512 2.84998107 2.47128963
v -8.26905441 2.99996638 2.56192064
v -8.22678375 2.99998093 2.47128963
v -8.22673512 2.84998107 2.47128963
v -8.26899338 2.849967 2.56192064
v -6.61077309 2.9999969 2.89950061
v -6.51680326 2.9999969 2.8652997
v -7.08379316 2.9999969 1.30749536
v -7.17776299 2.9999969 1.34169745
v -6.51680326 2.9999969 2.8652997
v -6.51680326 2.84999681 2.8652997
v -7.08379316 2.84999681 1.30749536
v -7.08379316 2.9999969 1.30749536
v -6.51680326 2.84999681 2.8652997
v -6.61077309 2.84999681 2.89950061
v -7.17776299 2.84999681 1.34169745
v -7.08379316 2.84999681 1.30749536
v -6.61077309 2.84999681 2.89950061
v -6.61077309 2.9999969 2.89950061
v -7.17776299 2.9999969 1.34169745
v -7.17776299 2.84999681 1.34169745
v -7.08379316 2.84999681 1.30749536
v -7.17776299 2.9999969 1.34169745
v -7.08379316 2.9999969 1.30749536
v -6.76659346 2.99999714 3.81219649
v -6.76659346 2.99999714 3.71219659
v -8.24159431 2.99999714 3.71219468
v -8.24159431 2.99999714 3.81219482
v -6.76659346 2.99999714 3.71219659
v -6.76659346 2.84999728 3.71219659
v -8.24159431 2.84999728 3.71219468
v -8.24159431 2.99999714 3.71219468
v -6.76659346 2.84999728 3.71219659
v -6.76659346 2.84999728 3.81219649
v -8.24159431 2.84999728 3.81219482
v -8.24159431 2.84999728 3.71219468
v -6.76659346 2.84999728 3.81219649
v -6.76659346 2.99999714 3.81219649
v -8.24159431 2.99999714 3.81219482
v -8.24159431 2.84999728 3.81219482
v -8.24159431 2.99999714 3.71219468
v -8.24159431 2.84999728 3.71219468
v -8.24159431 2.84999728 3.81219482
v -6.60691309 2.99999714 3.87572956
v -6.70691347 2.99999714 3.87572861
v -6.70691347 2.99999714 5.34282589
v -6.60691309 2.99999714 5.34282589
v -6.60691309 2.84999728 5.34282589
v -6.60691309 2.84999728 3.87572956
v -6.60691309 2.99999714 3.87572956
v -6.70691347 2.84999728 3.87572861
v -6.60691309 2.84999728 3.87572956
v -6.60691309 2.84999728 5.34282589
v -6.70691347 2.84999728 5.34282589
v -6.70691347 2.99999714 5.34282589
v -6.70691347 2.99999714 3.87572861
v -6.70691347 2.84999728 3.87572861
v -6.70691347 2.99999714 5.34282589
v -6.70691347 2.84999728 5.34282589
v -6.60691309 2.84999728 5.34282589
v -6.60691309 2.99999714 5.34282589
v -4.35691357 3.98918939 4.10362005
v -4.35691357 3.83919024 4.10362005
v -5.41549349 3.87972617 5.16219854
v -5.41549349 4.02972603 5.16219854
v -4.35691357 3.83919024 4.10362005
v -4.31691313 3.83919024 4.12018919
v -5.39892387 3.87972617 5.20219851
v -5.41549349 3.87972617 5.16219854
v -7.76490259 3.87972522 5.20219612
v -7.74833298 3.87972522 5.16219521
v -5.39892387 3.87972617 5.20219851
v -7.74833298 3.87972522 5.16219521
v -8.09691334 3.87972522 4.87018442
v -8.05691338 3.87972522 4.85361624
v -8.09691334 3.86197996 2.50420451
v -8.05691338 3.86198092 2.52077341
v -8.09691334 3.87972522 4.87018442
v -8.09691334 4.02972507 4.87018442
v -8.09691334 4.01198101 2.50420451
v -8.09691334 3.86197996 2.50420451
v -8.09691334 4.02972507 4.87018442
v -7.76490259 3.87972522 5.20219612
v -7.76490259 4.02972507 5.20219612
v -7.01490259 3.8513329 1.42219651
v -6.99833298 3.8513329 1.46219647
v -8.05691338 3.86198092 2.52077341
v -8.09691334 4.01198101 2.50420451
v -7.01490259 4.00133276 1.42219651
v -7.01490259 3.8513329 1.42219651
v -4.31691313 3.83919024 4.12018919
v -4.31691313 3.98918939 4.12018919
v -5.39892387 4.02972603 5.20219851
v -5.39892387 3.87972617 5.20219851
v -7.76490259 4.02972507 5.20219612
v -7.76490259 3.87972522 5.20219612
v -5.39892387 4.02972603 5.20219851
v -7.74833298 3.87972522 5.16219521
v -7.74833298 4.02972507 5.16219521
v -5.41549349 4.02972603 5.16219854
v -5.41549349 3.87972617 5.16219854
v -8.05691338 3.87972522 4.85361624
v -8.05691338 4.02972507 4.85361624
v -7.74833298 4.02972507 5.16219521
v -8.05691338 3.86198092 2.52077341
v -8.05691338 4.01198101 2.52077341
v -8.05691338 4.02972507 4.85361624
v -8.05691338 3.87972522 4.85361624
v -6.99833298 3.8513329 1.46219647
v -6.99833298 4.00133276 1.46219647
v -8.05691338 4.01198101 2.52077341
v -5.41549349 3.55977535 5.16219854
v -4.35691357 3.57125115 4.10362005
v -4.35691357 3.44054842 4.10362005
v -5.41549349 3.40977526 5.16219854
v -5.41549349 3.55977535 5.16219854
v -7.74833298 3.40977526 5.16219616
v -7.74833298 3.55977535 5.16219521
v -5.39892387 3.40977526 5.20219851
v -5.41549349 3.40977526 5.16219854
v -4.35691357 3.44054842 4.10362005
v -4.31691313 3.44054842 4.12018919
v -5.41549349 3.40977526 5.16219854
v -7.76490259 3.40977526 5.20219612
v -7.74833298 3.40977526 5.16219616
v -7.76490259 3.40977526 5.20219612
v -7.88905334 3.40977526 5.07804537
v -7.86077309 3.40977526 5.04976177
v -8.05691338 3.40977526 4.85361671
v -8.09691334 3.40977526 4.87018442
v -8.09691334 3.41823196 2.50420451
v -8.05691338 3.41823196 2.52077341
v -7.01490259 3.19150782 1.42219651
v -6.99833298 3.19150782 1.46219647
v -4.31691313 3.57125115 4.12018919
v -5.39892387 3.55977535 5.20219851
v -5.39892387 3.40977526 5.20219851
v -4.31691313 3.44054842 4.12018919
v -8.05691338 3.41823196 2.52077341
v -8.05691338 3.56823206 2.52077341
v -8.05691338 3.55977535 4.85361624
v -8.05691338 3.40977526 4.85361671
v -8.09691334 3.56823206 2.50420451
v -8.09691334 3.41823196 2.50420451
v -8.09691334 3.40977526 4.87018442
v -8.09691334 3.55977535 4.87018442
v -8.05691338 3.56823206 2.52077341
v -8.05691338 3.41823196 2.52077341
v -6.99833298 3.19150782 1.46219647
v -6.99833298 3.34150791 1.46219647
v -8.09691334 3.41823196 2.50420451
v -8.09691334 3.56823206 2.50420451
v -7.01490259 3.34150791 1.42219651
v -7.01490259 3.19150782 1.42219651
v -8.24876404 3.07500124 4.85938454
v -8.30630779 4.06671 4.85358334
v -8.32470894 4.06510115 2.55007935
v -8.24814892 3.07486677 2.5558815
v -8.17357349 3.01037002 4.8716116
v -8.193717 3.00841999 2.56810713
v -8.24814892 3.07486677 2.5558815
v -8.32470894 4.06510115 2.55007935
v -8.30630779 4.06671 4.85358334
v -8.24447346 3.07500124 4.85938454
v -8.16928387 3.01037002 4.8716116
v -8.193717 3.00841999 2.56810713
v -5.41349316 3.07500243 5.33177614
v -5.41930342 4.06671143 5.39146471
v -7.72280312 4.06510115 5.409863
v -7.71700382 3.0748682 5.33544922
v -5.40127373 3.01037145 5.25658703
v -7.70477343 3.00842023 5.27887583
v -7.71700382 3.0748682 5.33115721
v -7.72280312 4.06510115 5.409863
v -5.41930342 4.06671143 5.39146471
v -5.41349316 3.07500243 5.33177614
v -5.40127373 3.01037145 5.25658703
v -7.70477343 3.00842023 5.27887583
v -4.37108326 2.49999809 4.06998825
v -4.38818312 2.49999809 4.11697245
v -4.38818312 4.03999805 4.11697197
v -4.37108326 4.03999805 4.06998777
v -4.23013353 2.50182819 4.12129164
v -4.37108326 2.49999809 4.06998825
v -4.23013353 4.03999805 4.12129116
v -4.24723339 2.50182819 4.16827583
v -4.23013353 2.50182819 4.12129164
v -4.24723339 4.03999805 4.16827488
v -4.38818312 2.49999809 4.11697245
v -4.24723339 2.50182819 4.16827583
v -4.38818312 2.49999809 4.11697245
v -4.37108326 2.49999809 4.06998825
v -4.23013353 2.50182819 4.12129164
v -4.24723339 2.50182819 4.16827583
v -5.38546324 4.03999805 5.29061127
v -5.38546324 2.49755025 5.29061127
v -5.3401432 2.49755025 5.26948118
v -5.3401432 4.03999805 5.26948118
v -5.40353298 2.49999809 5.13353491
v -5.40353298 4.03999805 5.13353395
v -5.40353298 4.03999805 5.13353395
v -5.40353298 2.49999809 5.13353491
v -5.44885445 2.49999809 5.15466547
v -5.44885302 4.03999805 5.15466547
v -5.38546324 4.03999805 5.29061127
v -5.38546324 2.49755025 5.29061127
v -5.3401432 2.49755025 5.26948118
v -5.38546324 2.49755025 5.29061127
v -5.44885445 2.49999809 5.15466547
v -5.40353298 2.49999809 5.13353491
v -8.026474 2.49999714 4.87334776
v -8.16242504 2.49999714 4.9367404
v -8.18355274 2.49999714 4.89142466
v -8.04760456 2.49999714 4.82803249
v -8.1568327 2.52218413 2.44257641
v -8.17796326 2.52218413 2.48789167
v -8.18147373 4.03999662 2.49242043
v -8.16034317 4.03999662 2.44710445
v -8.04552364 2.49999714 2.55581355
v -8.17796326 2.52218413 2.48789167
v -8.02439404 2.49999714 2.51049757
v -8.04552364 2.49999714 2.55581355
v -8.02439404 2.49999714 2.51049757
v -8.02439404 4.03999662 2.51049757
v -8.04552269 4.03999662 2.55581331
v -7.01539373 2.4999969 1.49543345
v -6.96840382 2.55482411 1.47833252
v -6.96840382 4.03999662 1.47833252
v -7.01539373 4.03999662 1.49543345
v -6.96840382 2.55482411 1.47833252
v -7.01970387 2.55482411 1.3373785
v -7.01970387 4.03999662 1.3373785
v -7.06669378 2.4999969 1.35447955
v -7.01539373 4.03999662 1.49543345
v -7.06669378 4.03999662 1.35447955
v -7.06669378 2.4999969 1.35447955
v -7.01970387 2.55482411 1.3373785
v -7.01970387 2.55482411 1.3373785
v -6.96840382 2.55482411 1.47833252
v -7.01539373 2.4999969 1.49543345
v -7.06669378 2.4999969 1.35447955
v -6.55691338 2.49999714 5.1428256
v -6.60691309 2.49999714 5.1428256
v -6.60691309 4.0399971 5.14282513
v -6.55691338 4.0399971 5.14282513
v -6.60691309 4.0399971 5.2928257
v -6.60691309 4.0399971 5.14282513
v -6.60691309 2.49999714 5.1428256
v -6.60691309 2.49999714 5.2928257
v -6.55691338 2.49999714 5.1428256
v -6.55691338 2.49999714 5.23799896
v -6.60691309 2.49999714 5.1428256
v -6.55691338 2.49999714 5.23799896
v -6.55691338 2.49999714 5.1428256
v -6.55691338 4.0399971 5.14282513
v -6.55691338 4.0399971 5.23799896
v -6.60691309 4.0399971 5.2928257
v -6.60691309 2.49999714 5.2928257
v -8.04159355 2.55482316 3.71219468
v -8.04159355 4.0399971 3.71219444
v -8.19159317 4.0399971 3.71219444
v -8.19159317 2.55482316 3.71219468
v -8.04159355 2.55482316 3.71219468
v -8.19159317 2.55482316 3.71219468
v -8.19159508 2.49999714 3.66219473
v -8.04159451 2.49999714 3.66219473
v -6.75077295 2.85154223 3.7420187
v -5.94733334 1.71530819 2.93858051
v -5.82358313 1.71530819 3.06232452
v -6.62702322 2.85154223 3.86576247
v -6.53952312 2.97528625 3.77826262
v -5.73608303 1.83905208 2.97482443
v -5.85983324 1.83905113 2.85108066
v -6.66327333 2.97528625 3.65451956
v -6.62702322 2.85154223 3.86576247
v -5.82358313 1.71530819 3.06232452
v -5.73608303 1.83905208 2.97482443
v -6.53952312 2.97528625 3.77826262
v 9.12986279 1.03418267 -4.969769
v 9.15555286 1.03999078 -2.93516374
v 9.14966297 -1.00091922 -2.9377954
v 9.12385845 -1.00558221 -4.96673584
v 9.15555286 1.03999078 -2.93713713
v 9.14971256 -1.00089395 0.0622053556
v 9.15558052 1.04003191 0.0622039214
v 6.81591272 1.20128572 -4.51122379
v 6.82772446 2.01392174 -4.52339506
v 7.65367126 2.01392078 -3.72416902
v 7.64195538 1.20365977 -3.71219778
v 9.12986279 1.03418267 -4.969769
v 9.12385845 -1.00558221 -4.96673584
v 8.07079411 -0.995584011 -6.02207851
v 8.07385445 1.04418075 -6.02805662
v 6.04085493 1.04002774 -6.05029774
v 8.07079411 -0.995584011 -6.02207851
v 6.04308891 -1.00089419 -6.04442358
v -7.53034353 1.20128381 -3.71062827
v -7.54251385 2.01391983 -3.72244
v -6.74328279 2.01391768 -4.5483861
v -6.73131275 1.20365679 -4.53667116
v -9.06941319 1.04002881 -2.93780422
v -9.0471735 1.04417872 -4.96857023
v -9.04119301 -0.995586812 -4.96550941
v -9.06354332 -1.00089717 -2.93780422
v -7.36680365 2.03999782 -3.65509534
v -6.66607332 2.03999782 -4.37530327
v -7.54251385 2.01391983 -3.72244
v -6.74328279 2.01391768 -4.5483861
v -5.95754337 2.04001665 -4.36604214
v -5.95624304 2.03994179 -4.53177738
v -6.74328279 2.01391768 -4.5483861
v -5.95691347 2.41435099 -2.93697667
v 2.9563098 1.03418219 5.09417486
v 2.93061996 1.03999019 3.05956984
v 2.93651056 -1.00091982 3.06220198
v 2.9623158 -1.00558269 5.0911417
v 2.9563098 1.03418219 5.09417486
v 2.9623158 -1.00558269 5.0911417
v 4.01537943 -0.99558419 6.14648533
v 4.01231861 1.04418123 6.15246201
v 6.04242611 1.04002094 6.17468977
v 4.01537943 -0.99558419 6.14648533
v 6.04308462 -1.00090671 6.16880369
v -9.06938267 1.03998816 3.06219482
v -9.06941319 1.04002905 0.0621956848
v -9.06354332 -1.00089693 0.0621949472
v -9.06349373 -1.00092185 3.0621953
v -9.04369259 1.03418016 5.09417057
v -9.06938267 1.03998816 3.06022239
v -9.03768349 -1.00558472 5.09113741
v -9.06941319 1.04002905 0.0621956848
v -8.89442348 1.03997695 0.062195085
v -7.45691347 1.41435099 0.0621964298
v -9.06354332 -1.00089693 0.0621949472
v -7.57584286 2.03998899 0.0621959381
v -7.39764309 2.04000092 0.0621963851
v -5.95691347 2.41435146 0.0621972941
v -7.55308294 1.2059269 0.0621962734
v 8.10495949 3.0449841 -0.397254139
v 8.14722157 3.04496884 -0.487884998
v 6.64476252 3.04499912 -1.18849409
v 6.60250092 3.04499912 -1.09786308
v 8.14716911 2.89496875 -0.487884939
v 8.10490704 2.89498401 -0.397254318
v 6.60250092 2.89499998 -1.09786308
v 6.64476252 2.89499998 -1.18849409
v 8.10490704 2.89498401 -0.397254318
v 8.14716911 2.89496875 -0.487884939
v 8.14722157 3.04496884 -0.487884998
v 8.10495949 3.0449841 -0.397254139
v 6.96196508 3.04499936 0.766540289
v 7.05593443 3.04499936 0.73233825
v 6.48894215 3.04499912 -0.825464964
v 6.39497232 3.04499912 -0.791263103
v 6.39497232 3.04499912 -0.791263103
v 6.39497232 2.89499998 -0.791263103
v 6.96196508 2.89499998 0.766540289
v 6.96196508 3.04499936 0.766540289
v 7.05593443 3.04499936 0.73233825
v 6.96196508 2.89499998 0.766540289
v 7.05593443 2.89499998 0.73233825
v 7.05593443 3.04499936 0.73233825
v 6.48894215 2.89499998 -0.825464964
v 6.48894215 3.04499912 -0.825464964
v 7.05593443 2.89499998 0.73233825
v 6.96196508 2.89499998 0.766540289
v 6.39497232 2.89499998 -0.791263103
v 6.48894215 2.89499998 -0.825464964
v 8.10496044 3.0449841 -2.85233879
v 6.60250187 3.04499912 -2.15173197
v 6.64476299 3.04499912 -2.06110096
v 8.14722252 3.04496884 -2.76170802
v 8.14717007 2.89496875 -2.76170802
v 6.64476299 2.89499998 -2.06110096
v 6.60250187 2.89499998 -2.15173197
v 8.10490799 2.89498401 -2.85233879
v 8.10490799 2.89498401 -2.85233879
v 8.10496044 3.0449841 -2.85233879
v 8.14722252 3.04496884 -2.76170802
v 8.14717007 2.89496875 -2.76170802
v 6.96196842 3.04499912 -4.01613522
v 6.39497375 3.04499912 -2.45833206
v 6.48894262 3.04499912 -2.42412996
v 7.05593729 3.04499912 -3.98193312
v 6.96196842 2.89499974 -4.01613522
v 6.39497375 2.89499998 -2.45833206
v 6.39497375 3.04499912 -2.45833206
v 6.96196842 3.04499912 -4.01613522
v 6.96196842 3.04499912 -4.01613522
v 7.05593729 3.04499912 -3.98193312
v 7.05593729 2.89499974 -3.98193312
v 6.48894262 3.04499912 -2.42412996
v 6.48894262 2.89499998 -2.42412996
v 7.05593729 2.89499974 -3.98193312
v 7.05593729 2.89499974 -3.98193312
v 6.48894262 2.89499998 -2.42412996
v 6.39497375 2.89499998 -2.45833206
v 6.96196842 2.89499974 -4.01613522
v 7.90256643 2.54499984 -0.436463922
v 7.92369747 2.54499984 -0.481779158
v 8.05964375 2.54646206 -0.4183864
v 8.03851223 2.54646206 -0.373070717
v 6.89356136 2.54499984 0.578600705
v 6.84657621 2.5998261 0.595701873
v 6.84657621 4.08500004 0.595701754
v 6.89356136 4.08500004 0.578600585
v 6.9448638 2.54499984 0.719554782
v 6.89356136 2.54499984 0.578600705
v 6.9448638 4.08500004 0.719554722
v 6.9448638 2.54499984 0.719554782
v 6.8978796 4.08500004 0.736655772
v 6.8978796 2.5998261 0.736655951
v 6.8978796 2.5998261 0.736655951
v 6.84657621 4.08500004 0.595701754
v 6.84657621 2.5998261 0.595701873
v 6.8978796 2.5998261 0.736655951
v 6.84657621 2.5998261 0.595701873
v 6.89356136 2.54499984 0.578600705
v 6.9448638 2.54499984 0.719554782
v 8.05964565 4.08500004 -2.82890224
v 8.05964565 2.5427928 -2.82890224
v 8.03851414 2.5427928 -2.87421775
v 8.03851414 4.08500004 -2.87421799
v 8.03851414 4.08500004 -2.87421799
v 7.90256834 2.54499984 -2.81082487
v 7.90256834 4.08500004 -2.81082511
v 7.92369843 2.54499984 -2.76550984
v 8.05964565 2.5427928 -2.82890224
v 8.05964565 4.08500004 -2.82890224
v 7.92369843 4.08500004 -2.76551008
v 8.05964565 2.5427928 -2.82890224
v 7.92369843 2.54499984 -2.76550984
v 7.90256834 2.54499984 -2.81082487
v 8.03851414 2.5427928 -2.87421775
v 6.89788246 2.59982562 -3.98394608
v 6.94486666 2.54499984 -3.96684408
v 6.89356375 2.54499984 -3.82589102
v 6.84657955 2.59982562 -3.84299183
v 8.12478828 3.12000394 -2.78534865
v 8.18447781 4.11171293 -2.77954817
v 8.20287704 4.11010361 -0.476044506
v 8.12846375 3.11986995 -0.481845856
v 8.04959965 3.05537295 -2.79757595
v 8.07188988 3.05342269 -0.494072318
v 8.1241703 3.11986995 -0.481845856
v 8.20287704 4.11010361 -0.476044506
v 8.18447781 4.11171293 -2.77954817
v 8.12478828 3.12000394 -2.78534865
v 8.04959965 3.05537295 -2.79757595
v 8.07188988 3.05342269 -0.494072318
v 8.10530472 4.10500002 -2.84226918
v 6.91620588 4.10499954 -4.03195715
v 6.798419 4.10499954 -3.86710024
v 7.90583897 4.10500002 -2.76776123
v 8.10530472 4.06500006 -2.84226918
v 6.91620588 4.06499958 -4.03195715
v 6.91620588 4.10499954 -4.03195715
v 8.10530472 4.06500006 -2.84226918
v 8.10014343 4.10500002 -0.357937187
v 8.10014343 4.06500006 -0.357937187
v 6.96605825 4.10500002 0.762387753
v 6.96605825 4.06500006 0.762387753
v 8.10014343 4.10500002 -0.357937187
v 6.91620588 4.10499954 -4.03195715
v 6.798419 4.06499958 -3.86710024
v 6.798419 4.10499954 -3.86710024
v 6.798419 4.10499954 -3.86710024
v 7.90583897 4.06500006 -2.76776123
v 7.90583897 4.10500002 -2.76776123
v 7.90583897 4.06500006 -2.76776123
v 7.90974522 4.06500006 -0.456301093
v 7.90974522 4.10500002 -0.456301093
v 6.80222702 4.06500006 0.643038452
v 6.80222702 4.10500002 0.643038452
v 6.80222702 4.06500006 0.643038452
v 8.10014343 4.06500006 -0.357937187
v 6.96605825 4.06500006 0.762387753
v 6.80222702 4.06500006 0.643038452
v 6.96605825 4.06500006 0.762387753
v 6.96605825 4.10500002 0.762387753
v 8.10014343 4.10500002 -0.357937187
v 7.90974522 4.10500002 -0.456301093
v 6.80222702 4.10500002 0.643038452
v 6.96605825 4.10500002 0.762387753
v 7.90974522 4.10500002 -0.456301093
v 8.10530472 4.10500002 -2.84226918
v 7.90583897 4.10500002 -2.76776123
v 6.798419 4.06499958 -3.86710024
v 6.91620588 4.06499958 -4.03195715
v 8.10530472 4.06500006 -2.84226918
v 7.90583897 4.06500006 -2.76776123
v 7.90974522 4.06500006 -0.456301093
v 8.10014343 4.06500006 -0.357937187
v 5.48609734 3.08062482 0.340991974
v 5.48973417 3.040833 0.339165837
v 6.87650633 4.04633522 0.611838341
v 7.9350853 4.05698299 -0.446739107
v 7.9350853 3.9069829 -0.446739078
v 6.87650633 3.89633512 0.611838341
v 7.97508526 3.9069829 -0.430170476
v 7.97508526 4.05698299 -0.430170506
v 6.89307499 4.04633522 0.651838362
v 6.89307499 3.89633512 0.651838362
v 6.87650633 3.23651004 0.611838341
v 6.87650633 3.3865099 0.611838341
v 7.9350853 3.61323476 -0.446739078
v 7.9350853 3.4632349 -0.446739078
v 6.89307499 3.3865099 0.651838362
v 6.89307499 3.23651004 0.651838362
v 7.97508526 3.4632349 -0.430170476
v 7.97508526 3.61323476 -0.430170476
v 7.9350853 4.05698299 -0.446739107
v 7.9350853 4.065938 -1.62398422
v 7.9350853 3.91593814 -1.62398422
v 7.9350853 3.9069829 -0.446739078
v 7.97508526 3.9069829 -0.430170476
v 7.97508526 3.91593671 -1.62398326
v 7.97508526 4.06593657 -1.62398326
v 7.97508526 4.05698299 -0.430170506
v 7.9350853 3.61323476 -0.446739078
v 7.9350853 3.60896683 -1.62398422
v 7.9350853 3.45896697 -1.62398422
v 7.9350853 3.4632349 -0.446739078
v 7.97508526 3.4632349 -0.430170476
v 7.97508526 3.45896697 -1.62398326
v 7.97508526 3.60896683 -1.62398326
v 7.97508526 3.61323476 -0.430170476
v 6.87650871 4.04633474 -3.85980701
v 6.87650871 3.89633465 -3.85980701
v 7.93508673 3.9069829 -2.80122828
v 7.93508673 4.05698299 -2.80122828
v 7.97508669 3.9069829 -2.81779718
v 6.89307737 3.89633465 -3.89980698
v 6.89307737 4.04633474 -3.89980698
v 7.97508669 4.05698299 -2.81779718
v 6.87650871 3.23650956 -3.85980678
v 7.93508673 3.4632349 -2.80122805
v 7.93508673 3.61323476 -2.80122828
v 6.87650871 3.38650966 -3.85980678
v 6.89307737 3.38650966 -3.89980674
v 7.97508669 3.61323476 -2.81779718
v 7.97508669 3.4632349 -2.81779695
v 6.89307737 3.23650956 -3.89980674
v 7.93508673 4.05698299 -2.80122828
v 7.93508673 3.9069829 -2.80122828
v 7.9350853 3.91593814 -1.62398422
v 7.9350853 4.065938 -1.62398422
v 7.97508669 3.9069829 -2.81779718
v 7.97508669 4.05698299 -2.81779718
v 7.97508526 4.06593657 -1.62398326
v 7.97508526 3.91593671 -1.62398326
v 7.93508673 3.61323476 -2.80122828
v 7.93508673 3.4632349 -2.80122805
v 7.9350853 3.45896697 -1.62398422
v 7.9350853 3.60896683 -1.62398422
v 7.97508669 3.4632349 -2.81779695
v 7.97508669 3.61323476 -2.81779718
v 7.97508526 3.60896683 -1.62398326
v 7.97508526 3.45896697 -1.62398326
v 5.5703125 1.76030982 -1.73332608
v 6.70654726 2.89654374 -1.733325
v 6.70654726 2.89654374 -1.55832505
v 5.5703125 1.76031005 -1.55832613
v 5.5703125 1.76031005 -1.55832613
v 6.70654726 2.89654374 -1.55832505
v 6.58280325 3.02028799 -1.55832505
v 5.44656849 1.88405299 -1.55832613
v 5.44656849 1.88405299 -1.55832613
v 6.58280325 3.02028799 -1.55832505
v 6.58280325 3.02028799 -1.733325
v 5.44656849 1.88405287 -1.73332608
v 5.44656849 1.88405287 -1.73332608
v 6.58280325 3.02028799 -1.733325
v 6.70654726 2.89654374 -1.733325
v 5.5703125 1.76030982 -1.73332608
v -6.729743 1.20128417 4.63562441
v -6.74155331 2.01392007 4.64779568
v -7.56750298 2.01391816 3.84856963
v -7.55578279 1.20365715 3.83659863
v -9.04369259 1.03418016 5.09417057
v -9.03768349 -1.00558472 5.09113741
v -7.98462343 -0.995586157 6.14647913
v -7.98768377 1.0441792 6.15245724
v -7.38515425 2.04001713 3.06232381
v -7.55089283 2.03994203 3.06175041
v -7.56750298 2.01391816 3.84856963
v -5.95691347 2.41435146 0.0621972941
v -7.39764309 2.04000092 0.0621963851
v -7.57584286 2.03998899 0.0621971302
v -7.39443302 2.03997993 -0.164093032
v -7.39764309 2.04000092 0.062197037
v -6.10062313 2.36908603 -0.625209868
v -7.56943274 2.03998399 -0.0916029215
v -6.10062313 2.36908603 -0.625209868
v -8.03256226 2.04434586 -0.773515046
v -7.39443302 2.03997993 -0.164093032
v -8.10655308 2.03367996 -0.601242304
v -9.46103287 1.107342 -0.600303471
v -9.46103287 1.107342 -0.775303483
v -8.03256226 2.0443449 -0.598514378
v -6.52493334 3.03946495 -0.780888438
v -6.59888363 3.0279181 -0.608540893
v -5.89443302 3.0399797 -0.164092749
v -6.52493334 3.03946495 -0.780888438
v -6.06943274 3.03998399 -0.0916025341
v -9.46103287 1.107342 -0.775303483
v -9.46003342 0.637989819 -0.774319649
v -9.46004295 0.637956262 -0.599319518
v -9.46103287 1.107342 -0.600303471
v -6.06943274 3.04001403 0.0659103319
v -5.89443302 3.04001403 0.0659105405
v -5.89443302 3.0399797 -0.164092749
v -6.06943274 3.03998399 -0.0916025341
v -8.10655308 1.02599096 -0.594494164
v -9.46103287 1.107342 -0.600303471
v -9.46004295 0.637956262 -0.599319518
v -8.10655308 2.03367996 -0.601242304
v -9.46003342 0.637989819 -0.774319649
v -9.46103287 1.107342 -0.775303483
v -8.03256226 1.03661299 -0.769478083
v -8.03256226 2.04434586 -0.773515046
v -6.06943274 3.03998399 -0.0916025341
v -6.05459261 2.04102993 -0.090514496
v -6.0549531 2.03905392 0.0659100711
v -6.06943274 3.04001403 0.0659103319
v -6.59888363 3.0279181 -0.608540893
v -6.05459261 2.04102993 -0.090514496
v -6.59888363 2.0202291 -0.608540893
v -9.46102333 1.107342 -2.09286427
v -9.46102333 1.107342 -2.26786423
v -9.46004295 0.637956202 -2.26884818
v -9.46003342 0.637989819 -2.09384823
v -9.46102333 1.107342 -2.26786423
v -8.10655308 1.02599084 -2.27367234
v -8.10655308 2.03367972 -2.26692438
v -8.89443302 1.03997982 -2.70407438
v -9.06943321 1.03998291 -2.77656436
v -9.56273365 1.04001093 -2.28326774
v -9.43899345 1.04001093 -2.15952134
v -6.06943274 3.03998399 -2.77656341
v -6.06943274 3.04001403 -2.93407607
v -6.0549531 2.03905368 -2.93407536
v -6.05459261 2.04102969 -2.77765131
v -9.06943321 1.03998303 -0.0916034132
v -9.06943321 -0.957864583 -0.0916032419
v -9.06941319 -0.961892068 0.0621967912
v -9.06941319 1.04002905 0.0621956848
v -9.56273365 0.854755938 -0.584900498
v -9.06943321 -0.957864583 -0.0916032419
v -9.56273365 -0.956401587 -0.58490032
v -5.82186317 2.93722105 -0.0246591941
v -5.82186317 2.93722105 -2.86867428
v -6.48258352 2.59414387 -0.687908232
v -6.48556328 2.58206987 -2.1959784
v -9.56273365 0.854755938 -0.584900498
v -9.56273365 0.854755521 -2.28326821
v 9.15558052 1.04003191 0.0622039214
v 8.98058987 1.03997993 0.0622052737
v 7.5430851 1.41435325 0.0622034259
v 9.14971256 -1.00089395 0.0622053556
v 7.66201639 2.0399909 0.0622038543
v 7.48381519 2.04000354 0.0622032434
v 6.0430851 2.41435289 0.0622024797
v 7.63925648 1.20592904 0.0622034296
v -0.92494446 1.03418124 6.14897442
v -2.95954943 1.03998935 6.17466307
v -2.95691943 -1.00092077 6.16877317
v -0.927977264 -1.00558376 6.14296722
v -0.927977264 -1.00558376 6.14296722
v 0.127365723 -0.995584846 5.08990431
v 0.133342281 1.04418015 5.09296608
v -1.38349056 1.20128512 3.83502436
v -1.37131834 2.01392126 3.84683514
v -2.17054558 2.01391912 4.67278242
v -2.18251514 1.20365822 4.66106749
v -1.37131834 2.01392126 3.84683514
v -1.38349056 1.20128512 3.83502436
v -1.36074519 1.20592809 3.06219935
v -1.33798516 2.03998995 3.06219935
v 0.155579835 1.04003024 3.06220031
v 0.133342281 1.04418015 5.09296608
v 0.127365723 -0.995584846 5.08990431
v 0.149711296 -1.00089478 3.06220031
v 8.07505798 1.03418314 6.14897823
v 6.040452 1.03999031 6.1746664
v 6.04308462 -1.00090671 6.16880369
v 8.0720253 -1.00558174 6.14297342
v 7.61651182 1.20128608 3.83502793
v 7.62868261 2.01392198 3.84683895
v 6.82945681 2.01392126 4.67278576
v 6.81748581 1.20365918 4.6610713
v 8.07505798 1.03418314 6.14897823
v 8.0720253 -1.00558174 6.14297342
v 9.12736797 -0.995583475 5.08990908
v 9.1333437 1.04418218 5.09296894
v 9.15558529 1.04002893 3.05997038
v 9.1333437 1.04418218 5.09296894
v 9.12736797 -0.995583475 5.08990908
v 9.14971256 -1.00089383 3.06220388
v 1.01111627 1.03418171 -6.02457523
v 3.04466724 1.04000616 -6.0502758
v 3.04309011 -1.00092018 -6.04437351
v 1.01414919 -1.00558424 -6.01856899
v 1.01414919 -1.00558424 -6.01856899
v -0.0411932357 -0.995585322 -4.9655056
v -0.04717163 1.0441798 -4.96856642
v 1.46966124 1.20128489 -3.71062469
v 1.45748925 2.01392078 -3.72243547
v 2.2567153 2.01391983 -4.54838228
v 2.26868701 1.2036587 -4.53666639
v -0.0694073439 1.04002988 -2.93780088
v -0.04717163 1.0441798 -4.96856642
v -0.0411932357 -0.995585322 -4.9655056
v -0.0635394305 -1.00089514 -2.93780065
v -0.0635394305 -1.00089514 -2.93780065
v 1.54308748 1.41435289 -2.93779969
v 0.105582274 1.03997886 -2.93780088
v -0.0694073439 1.04002988 -2.93780088
v -0.105216712 5.89251518 -1.53670788
v -0.105216518 5.85349798 -1.93286371
v -0.105216786 6.16121197 -1.6803292
v -0.105216637 5.60096169 -1.62514961
v -0.105216637 6.24965525 -1.97188187
v -0.10521625 5.45734119 -1.89384651
v -0.105216481 6.10603333 -2.24057865
v -0.105216101 5.54578257 -2.18539906
v -0.105216332 5.81447983 -2.32902074
v -1.35137081 6.24965429 -1.97188246
v -1.35137069 6.10603237 -2.24057937
v -1.35137069 5.85349798 -1.93286431
v -1.35137081 6.16121197 -1.6803298
v -1.35137057 5.81447935 -2.32902145
v -1.35137081 5.89251471 -1.53670847
v -1.35137069 5.54578161 -2.18539953
v -1.35137069 5.60096121 -1.6251502
v -1.35137069 5.45734072 -1.89384699
v -0.105216712 5.89251518 2.32902193
v -0.105216518 5.85349703 1.93286622
v -0.105216786 6.16121197 2.18540072
v -0.105216637 5.60096169 2.24058032
v -0.105216637 6.24965429 1.89384806
v -0.10521625 5.45733976 1.9718833
v -0.105216481 6.10603333 1.62515116
v -0.105216101 5.54578257 1.68033075
v -0.105216332 5.81447983 1.53670907
v -1.35137081 6.24965382 1.89384747
v -1.35137069 6.10603237 1.62515056
v -1.35137069 5.85349703 1.9328655
v -1.35137081 6.16121197 2.18540001
v -1.35137057 5.81447935 1.53670847
v -1.35137081 5.89251471 2.32902145
v -1.35137069 5.54578161 1.68033028
v -1.35137069 5.60096121 2.24057961
v -1.35137069 5.45733929 1.97188294
vn -0.0137583334 0.680549502 -0.732572913
vn -0.849325836 0.52437824 0.0606061891
vn -0.0133049991 0.522805572 0.852348208
vn -0.0137583334 0.680549502 -0.732572913
vn -0.0133049991 0.522805572 0.852348208
vn 0.827104151 0.558426321 0.0637081638
vn -0.957454562 0.288583934 0
vn -0.957454562 0.288583934 0
vn -0.957454562 0.288583934 0
vn 0.957457304 -0.288574994 0
vn 0.957457304 -0.288574994 0
vn 0.957457304 -0.288574994 0
vn -0.544060051 0.839046299 0
vn -0.544060051 0.839046299 0
vn -0.544060051 0.839046299 0
vn 0.544059992 -0.839046299 0
vn 0.544060051 -0.839046299 0
vn 0.544060111 -0.839046299 0
vn -0.957456231 0.28857854 0
vn -0.957456231 0.28857854 0
vn -0.957456231 0.28857857 0
vn 0.957457304 -0.288574994 0
vn 0.957457304 -0.288574994 0
vn 0.957457304 -0.288574994 0
vn -0.544060051 0.839046299 0
vn -0.544060051 0.839046299 0
vn -0.544060051 0.839046299 0
vn 0.544060051 -0.839046299 0
vn 0.544060051 -0.839046299 0
vn 0.544060051 -0.839046299 0
vn -1.78094388E-06 -3.08470635E-06 -1
vn -1.78094388E-06 -3.08470635E-06 -1
vn -1.78094388E-06 -3.08470635E-06 -1
vn -3.56188775E-06 0 -1
vn -3.56188775E-06 0 -1
vn -3.56188775E-06 0 -1
vn 3.56191322E-06 0 -1
vn 3.56191322E-06 0 -1
vn 3.56191299E-06 0 -1
vn 1.78095661E-06 -3.08470567E-06 -1
vn 1.7809565E-06 -3.08470567E-06 -1
vn 1.78095661E-06 -3.08470567E-06 -1
vn -1.78095206E-06 3.08469839E-06 -1
vn -1.78095206E-06 3.08469816E-06 -1
vn -1.78095206E-06 3.08469816E-06 -1
vn 1.78092671E-06 3.08467634E-06 -1
vn 1.78092671E-06 3.08467634E-06 -1
vn 1.7809266E-06 3.08467634E-06 -1
vn -1.78094388E-06 -3.08470635E-06 1
vn -1.78094388E-06 -3.08470635E-06 1
vn -1.78094388E-06 -3.08470635E-06 1
vn -3.56188775E-06 0 1
vn -3.56188775E-06 0 1
vn -3.56188775E-06 0 1
vn 3.56191322E-06 0 1
vn 3.56191299E-06 0 1
vn 3.56191322E-06 0 1
vn 1.78095661E-06 -3.08470567E-06 1
vn 1.78095661E-06 -3.08470567E-06 1
vn 1.7809565E-06 -3.08470567E-06 1
vn -1.78095206E-06 3.08469839E-06 1
vn -1.78095206E-06 3.08469816E-06 1
vn -1.78095206E-06 3.08469816E-06 1
vn 1.78092671E-06 3.08467634E-06 1
vn 1.7809266E-06 3.08467634E-06 1
vn 1.78092671E-06 3.08467634E-06 1
vn 0 5.94513381E-07 -1
vn 0 5.94513381E-07 -1
vn 0 5.94513381E-07 -1
vn 1.74128616E-07 1.74128047E-07 -1
vn 1.7412863E-07 1.74128047E-07 -1
vn 1.7412863E-07 1.74128047E-07 -1
vn 0 2.46254473E-07 -1
vn 0 2.46254473E-07 -1
vn 0 2.46254473E-07 -1
vn -1.74128687E-07 1.74128019E-07 -1
vn -1.74128687E-07 1.74128019E-07 -1
vn -1.74128687E-07 1.74128019E-07 -1
vn 0 5.94513381E-07 -1
vn 0 5.94513381E-07 -1
vn 0 5.94513324E-07 -1
vn 1.74128502E-07 1.74128502E-07 -1
vn 1.74128502E-07 1.74128502E-07 -1
vn 0 2.46254956E-07 -1
vn 0 2.46254956E-07 -1
vn 0 2.46254956E-07 -1
vn -1.74128431E-07 1.74128431E-07 -1
vn -1.74128431E-07 1.74128431E-07 -1
vn -1.74128445E-07 1.74128445E-07 -1
vn 1.23127265E-07 -4.45884979E-07 1
vn 1.23127265E-07 -4.45884979E-07 1
vn 1.23127265E-07 -4.45885007E-07 1
vn 0 -1.17845815E-07 1
vn 0 -1.17845815E-07 1
vn 0 -1.17845815E-07 1
vn 0 -1.23127236E-07 1
vn 0 -1.23127236E-07 1
vn 0 -1.23127236E-07 1
vn 0 -1.17845815E-07 1
vn 0 -1.17845815E-07 1
vn 0 -1.17845801E-07 1
vn -1.23127322E-07 -4.45885007E-07 1
vn -1.23127322E-07 -4.45885007E-07 1
vn -1.23127336E-07 -4.45885092E-07 1
vn -1.86878893E-07 -2.91974573E-07 1
vn -1.86878893E-07 -2.91974601E-07 1
vn 0 -3.69382434E-07 1
vn 0 -3.69382434E-07 1
vn 0 -3.69382462E-07 1
vn 1.86878822E-07 -2.91974544E-07 1
vn 1.86878822E-07 -2.91974573E-07 1
vn 1.86878822E-07 -2.91974544E-07 1
vn 0 0 -1
vn 0 0 -1
vn 0 0 -1
vn -1.53908701E-07 3.71569911E-07 -1
vn -1.53908701E-07 3.71569911E-07 -1
vn -1.53908701E-07 3.71569911E-07 -1
vn 0 3.07818738E-07 -1
vn 0 3.07818709E-07 -1
vn 0 3.07818738E-07 -1
vn 1.53908744E-07 3.71569911E-07 -1
vn 1.53908729E-07 3.71569911E-07 -1
vn 1.53908744E-07 3.71569911E-07 -1
vn 0 0 -1
vn 0 0 -1
vn 0 0 -1
vn -1.53908744E-07 3.71569854E-07 -1
vn -1.53908744E-07 3.71569854E-07 -1
vn -1.53908744E-07 3.71569854E-07 -1
vn 0 3.07818652E-07 -1
vn 0 3.07818652E-07 -1
vn 0 3.07818652E-07 -1
vn 1.53908701E-07 3.71569911E-07 -1
vn 1.53908701E-07 3.71569911E-07 -1
vn 1.53908701E-07 3.71569911E-07 -1
vn 1.23127265E-07 -8.91769957E-07 1
vn 1.23127265E-07 -8.91769957E-07 1
vn 1.23127265E-07 -8.91770014E-07 1
vn -2.9725544E-07 1.23127478E-07 1
vn -2.97255411E-07 1.23127464E-07 1
vn -2.97255411E-07 1.23127464E-07 1
vn 0 0 1
vn 0 0 1
vn 0 0 1
vn 2.97255497E-07 1.23127464E-07 1
vn 2.97255497E-07 1.23127464E-07 1
vn 2.97255497E-07 1.23127464E-07 1
vn -1.23127322E-07 -8.91770014E-07 1
vn -1.23127322E-07 -8.91770014E-07 1
vn -1.23127336E-07 -8.91770185E-07 1
vn -4.71383999E-07 0 1
vn -4.71383999E-07 0 1
vn -4.71383999E-07 0 1
vn 0 -2.46254956E-07 1
vn 0 -2.46254956E-07 1
vn 0 -2.46254956E-07 1
vn 4.71383913E-07 0 1
vn 4.71383913E-07 0 1
vn 4.71383856E-07 0 1
vn 2.91963374E-07 -7.04864021E-07 -1
vn 2.18972858E-07 -5.28647604E-07 -1
vn -2.06450579E-07 -4.98414749E-07 -1
vn 4.98414067E-07 -2.06449627E-07 -1
vn 2.18972858E-07 -5.28647604E-07 -1
vn 0 0 -1
vn 2.18972858E-07 -5.28647604E-07 -1
vn -4.12900732E-07 -9.96828817E-07 -1
vn 2.18972858E-07 -5.28647604E-07 -1
vn 5.8392709E-07 -1.40972816E-06 -1
vn 2.18972858E-07 -5.28647604E-07 -1
vn 9.96828135E-07 -4.12899652E-07 -1
vn 2.18972858E-07 -5.28647604E-07 -1
vn 0 0 -1
vn 2.18972858E-07 -5.28647604E-07 -1
vn -2.06450579E-07 -4.98414749E-07 -1
vn 2.18972858E-07 -5.28647604E-07 -1
vn 0 0 1
vn 0 0 1
vn 0 0 1
vn 0 0 1
vn 0 0 1
vn 0 0 1
vn 0 0 1
vn 0 0 1
vn 0 0 1
vn 0 0 1
vn 0 0 1
vn 0 0 1
vn 0 0 1
vn 0 0 1
vn 0 0 1
vn 0 0 1
vn 0 0 1
vn 0 6.41578538E-07 -1
vn 0 6.41578538E-07 -1
vn 0 6.41578424E-07 -1
vn 0 0 -1
vn 0 0 -1
vn 2.19432209E-07 3.80070134E-07 -1
vn 2.19432209E-07 3.80070134E-07 -1
vn 2.19432209E-07 3.80070134E-07 -1
vn 0 4.32199329E-07 -1
vn 0 4.321993E-07 -1
vn 2.19433929E-07 6.02887951E-07 -1
vn 2.19433929E-07 6.02887894E-07 -1
vn 2.19433943E-07 6.02887894E-07 -1
vn 0 0 -1
vn 0 0 -1
vn 0 0 -1
vn -2.194339E-07 6.02887837E-07 -1
vn -2.194339E-07 6.02887837E-07 -1
vn 0 4.32199329E-07 -1
vn 0 4.32199329E-07 -1
vn 0 4.32199386E-07 -1
vn 4.12401363E-07 4.91479454E-07 -1
vn 4.12401306E-07 4.91479454E-07 -1
vn -2.06199871E-07 -7.16629017E-07 1
vn -2.06199857E-07 -7.16628904E-07 1
vn -2.06199857E-07 -7.16628904E-07 1
vn -2.06199857E-07 0 1
vn -2.06199857E-07 0 1
vn -3.29148321E-07 -5.70105158E-07 1
vn -3.29148321E-07 -5.70105158E-07 1
vn -3.29148321E-07 -5.70105158E-07 1
vn 1.14311334E-07 -6.48298965E-07 1
vn 1.14311327E-07 -6.48299022E-07 1
vn 0 -7.4393688E-07 1
vn 0 -7.4393688E-07 1
vn 0 -7.4393688E-07 1
vn 2.19433275E-07 0 1
vn 2.19433275E-07 0 1
vn 2.19433275E-07 0 1
vn 3.8752944E-07 -4.61838908E-07 1
vn 3.87529411E-07 -4.61838852E-07 1
vn 3.87529411E-07 -4.61838908E-07 1
vn 0 -2.16099664E-07 1
vn 0 -2.16099693E-07 1
vn 0 -2.16099664E-07 1
vn -5.22117432E-07 -3.01444459E-07 1
vn -5.22117432E-07 -3.01444459E-07 1
vn 0 0 -1
vn 0 0 -1
vn 0 0 -1
vn 0 0 -1
vn 0 0 -1
vn 0 0 -1
vn 0 0 -1
vn 0 0 -1
vn 0 0 -1
vn 0 0 -1
vn 0 0 -1
vn 0 0 -1
vn 0 0 -1
vn 0 0 -1
vn 0 0 -1
vn 0 0 1
vn 0 0 1
vn 0 0 1
vn 0 0 1
vn 0 0 1
vn 0 0 1
vn 0 0 1
vn 0 0 1
vn 0 0 1
vn 0 0 1
vn 0 0 1
vn 0 0 1
vn 0 0 1
vn 0 0 1
vn 0 0 1
vn -2.15635391E-05 -0.00210321974 0.999997854
vn 0.999997854 -0.00211064797 3.87702494E-05
vn -2.15635391E-05 -0.00210321974 0.999997854
vn 0.88089788 0.473255426 0.0069559277
vn -2.15635391E-05 -0.00210321974 0.999997854
vn 0.364478409 0.612783432 -0.701178908
vn 0.67434454 0.0049447394 -0.73840028
vn 0.732033551 -0.00217932975 0.681265056
vn 0.999975204 0.00585134234 0.00393705117
vn 0.999985576 0.00348971598 0.00407893816
vn 0.00416309759 0.00208687945 -0.999989152
vn 0.764953494 0.562386215 -0.313955218
vn 0.364478409 0.612783432 -0.701178908
vn 0.732033551 -0.00217932975 0.681265056
vn 0.99955529 -0.0148196314 -0.0258777793
vn -0.00496822642 -0.0205104109 0.999777257
vn 0.904683769 0.425816923 0.0150739877
vn 0.764953494 0.562386215 -0.313955218
vn -6.88266664E-05 1 3.87506916E-05
vn 0.117233835 0.993101954 0.00219938415
vn -6.88266664E-05 1 3.87506916E-05
vn 0.0105578192 0.999884605 0.0109262001
vn 0.364478409 0.612783432 -0.701178908
vn 0.242782861 0.715120375 0.65548408
vn 0.177007496 0.965248287 -0.19226028
vn 0.192259893 0.965248525 0.177007303
vn -0.00944395922 0.968039811 0.250618815
vn -0.00944395922 0.968039811 0.250618815
vn 0.143271044 0.838479936 -0.525761068
vn 0.663615525 0.672115445 0.328443557
vn 0.858518302 -0.0234276429 0.512247443
vn 0.990803123 -0.0269766264 -0.132594779
vn 6.64164645E-06 1 0.000253324804
vn -0.090963468 0.826033175 0.556232691
vn -0.165938318 0.40372327 0.899706602
vn 0.532556653 0.821940184 -0.201984748
vn 0.162691295 0.902757227 -0.398197025
vn 0.251960337 0.967737257 -0.000799099449
vn 0.13311626 0.984028518 -0.118185878
vn 0.0623815246 0.994107604 0.0886486918
vn 0.0605674051 0.994272768 0.0880528241
vn 0.250618964 0.968039691 -0.0094441101
vn 0.250618964 0.968039691 -0.00944410916
vn -0.393629879 0.906537056 -0.152466759
vn 0.856661618 0.349747717 -0.379219353
vn -0.00843526609 -0.00196681195 0.999962568
vn 0.999886751 -0.014516402 -0.00398493884
vn 0.856661618 0.349747717 -0.379219353
vn 0.663615525 0.672115445 0.328443557
vn 0.14808777 0.983236253 0.106379189
vn -0.999896526 0.014089779 0.00288890605
vn 0.14808777 0.983236253 0.106379189
vn 0.160914436 0.982186139 -0.0970413014
vn 0.0983937457 0.981476724 -0.164383769
vn 0.416538507 0.77920258 -0.468336582
vn 0.856661618 0.349747717 -0.379219353
vn 0.0883599147 0.994122803 0.0625502765
vn -0.45226562 0.891842306 -0.00855751242
vn -0.45226562 0.891842306 -0.00855751242
vn 3.89136112E-05 1 -6.89895896E-05
vn 0.090664342 0.992182195 -0.0857570171
vn -0.0164793339 0.92875284 -0.370333105
vn 0.182730511 0.934594572 -0.305192649
vn -0.655483723 0.715120614 -0.242782801
vn 0.192260206 0.965248406 -0.177007496
vn -0.0276036058 -0.0179598238 -0.999457657
vn 5.36441803E-07 0 -1
vn 0.999777257 -0.0205105804 -0.00496816542
vn 0.999777257 -0.0205105692 -0.00496816542
vn -0.0164793339 0.92875284 -0.370333105
vn 5.36441803E-07 0 -1
vn -0.393629879 0.906537056 -0.152466759
vn 0.99913764 -0.0214499012 0.0355518088
vn 0.99913764 -0.0214499012 0.0355518088
vn 0.99913764 -0.0214499012 0.0355518088
vn -0.78274858 0.481757015 0.393973142
vn -0.999238491 0.0278825331 -0.0272944588
vn -0.577298701 0.600226581 0.553583026
vn 0.201984391 0.821940005 -0.532556891
vn 0.312687486 0.556892514 -0.769478619
vn 0.724368215 0 -0.689413249
vn 0.720853329 -0.00386558799 -0.693076849
vn 0.55623287 0.826033056 -0.0909636617
vn 0.556232989 0.826032996 -0.0909636617
vn -0.00394640211 -0.00265006581 -0.999988675
vn -0.00389583013 -0.00367120095 -0.999985695
vn -0.999989986 -0.00208915374 0.0039744433
vn -0.00699967751 0.000358602178 -0.999975443
vn -0.00701903133 0.00150962314 -0.999974251
vn 0.999973059 0.00211078906 -0.0070290789
vn -0.00699967751 0.000358602178 -0.999975443
vn 0.999975562 0 -0.00699359039
vn -0.00701903133 0.00150962314 -0.999974251
vn -0.999608338 -0.00215317821 0.0279056225
vn 0.242782861 0.715120375 0.65548408
vn 0.0272944458 0.0278828014 0.999238491
vn 0.320983171 0.492066085 0.809222281
vn -0.999985695 -0.00367103796 -0.00389588927
vn -0.999989986 -0.00208752882 -0.00397431199
vn 0.242782861 0.715120375 0.65548408
vn -0.165938318 0.40372327 0.899706602
vn 0.0272944458 0.0278828014 0.999238491
vn -0.702872872 0.0243110973 -0.710899889
vn -0.702872872 0.0243110973 -0.710899889
vn -0.702872872 0.0243111122 -0.710899889
vn 0.181248739 0.966579378 -0.181309834
vn 0.181248754 0.966579378 -0.181309834
vn 0.167011842 0.983403146 -0.0708897486
vn -4.37627095E-05 1 -8.26000614E-05
vn -0.000114928 1 -0.000134564703
vn 0.0844246447 0.996429861 -6.1850169E-06
vn -0.00851131417 0.968012214 0.25075838
vn -0.00851131417 0.968012214 0.25075838
vn -0.00851131417 0.968012214 0.25075838
vn 0.817119777 0.407482713 0.407765865
vn 0.449252963 0.893403709 -0.00127280084
vn 0.12282072 0.701601326 -0.701904953
vn 0.228602469 0.877786994 0.420988053
vn 0.252019495 0.967722178 0
vn 0.000361057377 0.00858835038 0.999963045
vn -0.00135535584 0.00119560142 0.99999845
vn 0.988335371 -0.00309767411 0.152261913
vn -0.00135535584 0.00119560142 0.99999845
vn 1 0 9.53674316E-07
vn 1 0 9.53674316E-07
vn 0.409842491 0.822170496 -0.395050347
vn 0.00166290195 0.999866128 0.0162779726
vn 0.00313191768 0.999906063 0.0133408578
vn -0.00106529717 0.99999094 0.0041237385
vn -0.000586404232 0.999988914 0.0046724542
vn 0.110012129 0.99169004 -0.0666942447
vn -0.0609205328 0.940421343 0.334509104
vn 0.0658315495 0.971190214 0.22903201
vn 0.220994994 0.973885 0.0520509034
vn 0.0378451869 0.996533036 -0.0740921646
vn 0.212084487 0.976702452 0.0327500664
vn 0.116381861 0.961107612 -0.250454307
vn 0.35710752 0.394907475 -0.846476436
vn -0.412065744 0.813252926 -0.410878897
vn -0.736227572 0.671483576 -0.0841356963
vn 3.43472891E-07 0 -1
vn 3.43472891E-07 0 -1
vn -0.412065744 0.813252926 -0.410878897
vn -0.000134489994 1 -0.000115191302
vn -0.0013234223 0.993561387 -0.113287002
vn 0.250758499 0.968012214 -0.00851149391
vn -0.0114172753 0.968095243 -0.25032258
vn 0.263556123 0.927903235 -0.263692647
vn 2.86640316E-05 1 2.97845127E-05
vn 2.93508783E-05 1 2.9352037E-05
vn 0.288348407 0.848393202 -0.443941742
vn -0.553583682 0.600225627 -0.577299178
vn -0.01810476 0.999428809 0.0285349209
vn -0.553583682 0.600225627 -0.577299178
vn 0.374825776 0.927062154 -0.00784671307
vn 0.702872872 0.0243110973 -0.710899889
vn 0.702872872 0.0243110973 -0.710899889
vn 0.702872872 0.0243110973 -0.710899889
vn 2.39015608E-05 1 -0.000164137469
vn -0.00892885495 0.999859095 0.0142148398
vn 0.000164197205 1 2.39805195E-05
vn 0.768806875 0.55919534 0.310220182
vn 0.00496822922 -0.0205104109 0.999777257
vn 0.00496822735 -0.0205104109 0.999777257
vn 0.117209181 0.993104875 -0.00216885563
vn 0.524721026 0.826281488 0.204760224
vn 0.204341158 0.660107613 -0.722843409
vn 0.0926236212 0.827380955 0.553950906
vn 0.0926236212 0.827380955 0.553950906
vn -0.192259893 0.965248525 0.177007303
vn -0.192259893 0.965248525 0.177007303
vn 0.250289351 0.968104959 -0.0113170054
vn 0.00944396853 0.968039811 0.250618815
vn 0.137141392 0.798352003 -0.586367011
vn 0.460306764 0.887502909 0.0213608835
vn -0.0105578192 0.999884605 0.0109262103
vn 6.88266664E-05 1 3.87506916E-05
vn -0.0625504404 0.994122803 0.0883597583
vn 0.468362421 0.779199779 0.416514456
vn -0.0355517492 -0.0214497522 0.99913764
vn 0.870064735 -0.0186551847 -0.492584467
vn -0.0355517492 -0.0214497522 0.99913764
vn 0.00316666416 0.999775231 0.0209615808
vn 0.16435273 0.981482446 0.0983895585
vn -0.209322408 0.973723233 0.0897057503
vn 0.0124669177 0.990209579 0.139031217
vn 0.0511786789 0.990640163 0.126542166
vn 0.379222602 0.349747598 0.856660306
vn -0.0886488631 0.994107604 0.0623813756
vn -0.0733675584 0.997175097 0.0160948895
vn 0.999896526 0.014089779 -0.0028892078
vn -0.541344821 0.564137876 -0.623453379
vn -0.719869554 0.0201234147 0.693817616
vn -0.999962568 -0.00196697609 -0.00843520556
vn -0.719869554 0.0201234147 0.693817616
vn -0.00288896798 0.0140896095 -0.999896526
vn 0.999896526 0.014089779 -0.0028892078
vn -0.01670474 0.493951827 0.869328797
vn -0.541344821 0.564137876 -0.623453379
vn -0.874995232 0.337041467 0.347543597
vn -0.06056742 0.994272649 -0.0880531296
vn -0.874995232 0.337041467 0.347543597
vn -0.541344821 0.564137876 -0.623453379
vn -0.999964237 -0.00224806624 -0.00815600809
vn 0.397572815 -0.0194613151 0.91736412
vn 0.538535416 0.836172581 0.103899539
vn -0.21074903 0.9730497 -0.0935906991
vn -0.160884768 0.982190967 0.0970408916
vn 0.0032876248 0.967321455 -0.253531784
vn -0.0623815507 0.994107604 -0.0886489972
vn -0.385075986 0.330892444 0.861525714
vn -0.0696192905 0.991355956 0.111205079
vn -0.0338674076 0.68783778 0.725073934
vn -0.0874163061 0.994338453 -0.060410466
vn -0.385075986 0.330892444 0.861525714
vn 0.397572815 -0.0194613151 0.91736412
vn -0.99913764 -0.0214499217 -0.0355515033
vn -0.695196748 -0.020788867 0.718518794
vn -0.874995232 0.337041467 0.347543597
vn -0.695136666 -0.0206671767 0.718580484
vn 0.999578297 -0.0148215722 0.0249715392
vn 0.768806875 0.55919534 0.310220182
vn 0.00496822735 -0.0205104109 0.999777257
vn 0.524721026 0.826281488 0.204760224
vn -0.732033551 -0.00217932975 0.681265056
vn -0.732033551 -0.00217932975 0.681265056
vn 0.524721026 0.826281488 0.204760224
vn -0.732033551 -0.00217932975 0.681265056
vn 0.679933786 0.488555908 0.546811879
vn -0.720053911 -0.00474100001 0.693901956
vn 0.693076491 -0.00386557612 0.720853746
vn -0.720053911 -0.00474099861 0.693901956
vn 0.679933786 0.488555908 0.546811879
vn 0.693076491 -0.00386557612 0.720853746
vn -0.00699968031 0.000358755147 0.999975443
vn -0.00701903319 0.00150978123 0.999974251
vn -0.00701903319 0.00150978123 0.999974251
vn -0.00699968031 0.000358755147 0.999975443
vn -0.999973059 0.00211078906 -0.0070290789
vn 0.204341158 0.660107613 -0.722843409
vn 0.999608338 -0.00215317821 0.0279056225
vn 0.0272942521 0.0278825108 -0.999238491
vn 0.587465644 -0.00338469073 -0.80924207
vn 0.999985695 -0.00367103796 -0.00389588927
vn -0.00397429429 -0.00208785734 -0.999989986
vn 0.288348407 0.848393202 -0.443941742
vn 0.204341158 0.660107613 -0.722843409
vn 0.0272942521 0.0278825108 -0.999238491
vn -0.181309298 0.966579497 0.181248605
vn -0.181309298 0.966579497 0.181248605
vn -0.181309298 0.966579497 0.181248605
vn 0.765233219 0.560275137 -0.317033201
vn 0.000142865101 0 1
vn 0.000142865101 0 1
vn 0.75390929 0.340316832 -0.561965466
vn 0.707113802 0 0.707099676
vn -4.37662711E-05 1 -8.26026589E-05
vn -3.34096476E-05 1 -2.54449369E-05
vn 2.73980495E-05 1 -3.06386682E-05
vn 0.817119777 0.407482713 0.407765865
vn 0.765233219 0.560275137 -0.317033201
vn 0.000142865101 0 1
vn 0.75390929 0.340316832 -0.561965466
vn 0.707100213 0 -0.707113326
vn 0.707113802 0 0.707099795
vn 0.0332819894 -0.00261937408 0.999442518
vn 0.526479363 0.827443719 0.195336595
vn 0.0332820006 -0.00261937501 0.999442518
vn 0.526479363 0.827443719 0.195336595
vn 0.81702292 0.409079522 -0.406358808
vn 0.000115028306 1 -0.000134652902
vn 0.113282785 0.993561983 -0.00132592244
vn -2.73431706E-05 1 -3.07303089E-05
vn -3.12017E-05 1 2.75010716E-05
vn 0.0706724077 0.997435153 0.0113350302
vn -0.0102289002 0.999946833 -0.0012833213
vn 0.381989211 0.837518454 0.390700966
vn 0.0147067793 0.822476506 0.568608999
vn -0.0133410282 0.999906063 0.00313175586
vn 0.250297666 0.968102455 -0.0113417059
vn 0.00851135142 0.968012214 0.25075838
vn 0.00851135142 0.968012214 0.25075838
vn 0.239322692 0.915705204 -0.322813541
vn -0.052051045 0.973885 0.220994771
vn -0.0608769692 0.972446024 0.225039199
vn 0.0577553399 0.991626024 0.115507826
vn -0.229032218 0.971190214 0.0658314005
vn 0.119001567 0.942165673 0.313308775
vn 0.00240852009 0.996448994 0.0841631964
vn 0.450547993 0.892751396 0.00123933726
vn 0.00128413236 0.999946952 -0.0102209859
vn -0.357108802 0.394910634 0.846474349
vn -0.00313192187 0.999906063 -0.0133411894
vn -0.00304309139 0.999904037 -0.013518801
vn 0.00106529612 0.99999094 -0.00412406446
vn -0.0110117141 -0.00335524627 0.99993372
vn 0 3.25841398E-07 1
vn -0.999955535 0.00941846706 0.000554180413
vn 0.00155715796 0.000324623717 -0.999998808
vn 0.00155715796 0.000324623717 -0.999998808
vn 0.00155715796 0.000324623717 -0.999998808
vn -0.0351563282 0.976373911 0.21320869
vn -0.220994964 0.973884881 -0.0520511419
vn -0.225039378 0.972446024 -0.0608770773
vn -0.115507856 0.991626024 0.0577563047
vn -0.0658316165 0.971190214 -0.229032293
vn 0.0609204285 0.940421224 -0.334509373
vn -0.13286002 0.512262166 0.848490298
vn 0.999998808 0.000324786932 0.00155691896
vn 0.00125802809 0.00161236699 -0.999997973
vn -0.853222489 0.382031173 0.355054438
vn -0.00166290696 0.999866128 -0.0162782893
vn -0.714604139 0.699442267 0.0110195084
vn -0.707066894 2.32111197E-05 0.707146645
vn 0.526479363 0.827443719 0.195336595
vn 0.707169652 1.05381732E-05 0.707043827
vn 0.707188666 0 0.707024932
vn -0.707066894 2.32111197E-05 0.707146645
vn 0.707169652 1.05381732E-05 0.707043827
vn -0.707113922 0 0.707099617
vn 0.893450797 0.37008363 0.254526645
vn 0.707099855 1.70013539E-06 0.707113683
vn -0.313954562 0.562385142 -0.764954567
vn -0.025871994 -0.0148199424 -0.999555409
vn 0.999777257 -0.0205105692 0.00496829022
vn -0.20476371 0.826279879 -0.524722159
vn 0.681265116 -0.00217956025 -0.732033491
vn 0.999777257 -0.0205105804 0.00496829115
vn -0.313954562 0.562385142 -0.764954567
vn 0.999777257 -0.0205105692 0.00496829022
vn 6.81677921E-05 1 -4.12933914E-05
vn 0.0109273205 0.999884605 -0.0105589088
vn 9.4098672E-05 1 -7.36390866E-05
vn -0.20476371 0.826279879 -0.524722159
vn 0.681265235 -0.00217956025 -0.732033491
vn 0.681265116 -0.00217956025 -0.732033491
vn 0.0109263686 0.999884605 -0.0105579803
vn -0.0751738772 0.982834458 -0.168479666
vn 0.647043943 0.691406965 -0.321388334
vn -0.805464268 0.494476825 -0.326680243
vn 0.553951085 0.827380836 0.0926235318
vn -0.192259267 0.965248644 -0.177007124
vn 0.177007496 0.965248406 -0.192259982
vn 0.0271717273 0.0337629914 0.999060452
vn 0.0272943396 0.0278828591 0.999238491
vn -0.999975204 0.00585131068 -0.00393699855
vn -0.999989152 0.00208736747 -0.00416312413
vn 0.0038863332 0.00669626798 -0.999970078
vn 0.250618964 0.968039691 0.0094438158
vn 0.287812322 0.956907511 0.0386272334
vn 0.250618964 0.968039691 0.0094438158
vn 0.809241652 -0.00338367373 -0.587466061
vn -0.00389594934 -0.00367087498 0.999985695
vn -0.00397437252 -0.0020873649 0.999989986
vn 0.0113843363 0.833899617 -0.551798761
vn 0.489499927 0.858051836 0.155360565
vn -0.183062121 0.933577478 -0.30809325
vn 0.0142150102 0.999859095 -0.00892901793
vn 0.0143246613 0.999856949 -0.00899928249
vn 0.999962568 -0.00196697307 0.00843544491
vn 0.68817395 0.725538433 -0.00326177664
vn -0.87025243 0.492321879 -0.0167254638
vn -0.430452913 0.775280654 -0.462223053
vn 0.999962568 -0.001966974 0.00843544584
vn 0.999962568 -0.00196697307 0.00843544491
vn -0.047566209 0.982111275 -0.182194844
vn -0.430452913 0.775280654 -0.462223053
vn 0.0880529955 0.994272649 -0.0605675392
vn 0.0604103319 0.994338453 -0.0874164328
vn 0.0625504553 0.994122684 -0.0883600637
vn 0.147174701 0.978237212 -0.146258697
vn 0.253531605 0.967321455 0.00328758778
vn -0.169305384 0.983253777 -0.0674373358
vn -0.103678249 0.399017036 0.911063313
vn -0.865043759 0.350206554 -0.359241813
vn -0.725075305 0.68783623 -0.0338678993
vn 0.0202899091 0.997364104 -0.0696645305
vn -0.865043759 0.350206554 -0.359241813
vn 0.0355519801 -0.0214500744 -0.99913764
vn -0.999451458 -0.0153962951 -0.0293223932
vn 0.693902016 -0.00474123051 -0.720053852
vn 0.693901956 -0.00474122865 -0.720053911
vn 0.693901956 -0.00474123005 -0.720053911
vn -0.322490841 0.554594517 -0.767088413
vn 0.693902016 -0.00474123051 -0.720053852
vn 0.693901956 -0.00474123005 -0.720053911
vn 0.00250130077 -0.0148557611 -0.999886513
vn 0.999891877 -0.0146572897 0.00123958802
vn -1.04947167E-05 -0.0144606177 -0.999895453
vn -0.999975443 0.000358255376 0.00699988566
vn -0.00701891445 0.00150936388 -0.999974251
vn -0.0070290193 0.00211062678 -0.999973059
vn -0.999975443 0.000358255376 0.00699988566
vn -0.183062121 0.933577478 -0.30809325
vn -0.00701891445 0.00150936388 -0.999974251
vn 0.027905561 -0.00215301919 0.999608338
vn 0.647043943 0.691406965 -0.321388334
vn 0.0272943396 0.0278828591 0.999238491
vn -0.181309342 0.966579378 -0.181248978
vn -0.181309357 0.966579378 -0.181248978
vn -0.070896402 0.983400285 -0.167025775
vn 0.406560451 0.816970229 -0.408984303
vn -0.000134401795 1 0.000114765106
vn -0.195428386 0.827459395 -0.526420593
vn -0.00155739614 0.000324949593 0.999998808
vn -0.00155739614 0.000324949593 0.999998808
vn -8.2439743E-05 1 4.36033479E-05
vn -3.04757505E-05 1 -2.75609691E-05
vn -3.04757505E-05 1 -2.75609691E-05
vn 0.250758499 0.968012214 0.00851117168
vn 0.0555749796 0.946019113 -0.319310308
vn -0.00206927094 0.98567158 -0.168663546
vn -0.355056137 0.382030964 -0.853221774
vn 0.0133410282 0.999906063 -0.00313207856
vn -0.0666939244 0.99169004 -0.110012718
vn 0.229032218 0.971190214 -0.0658316612
vn 0.0520510972 0.973884881 -0.220995098
vn -0.0721613616 0.996692896 -0.0373631157
vn 0.0135186408 0.999904037 -0.00304324832
vn -0.546257436 0.837606311 -0.00429896917
vn -0.106196187 0.994199514 -0.0170181021
vn -0.250313818 0.961144626 -0.116378948
vn -0.00161197921 0.99998033 0.00607098313
vn 0.00467261719 0.999988914 0.000586242182
vn 0.681265056 -0.00217932183 0.732033551
vn 0.681265056 -0.00217932183 0.732033551
vn 0.733227313 -0.000852137862 -0.679983079
vn 0.73840034 0.00494473428 -0.674344599
vn 0.681265056 -0.00217932183 0.732033551
vn 0.733227313 -0.000852137862 -0.679983079
vn 0.201984391 0.821940005 -0.532556891
vn 0.312687486 0.556892514 -0.769478619
vn 0.720853329 -0.00386558799 -0.693076849
vn 0.999891877 -0.0146573288 -0.00123970804
vn 0.999891877 -0.0146573288 -0.00123970804
vn 0.999891877 -0.0146573288 -0.00123970804
vn -0.655483723 0.715120614 -0.242782801
vn 0.0279056728 -0.00215334492 -0.999608338
vn -0.999238491 0.0278825331 -0.0272944588
vn 0.181248799 0.966579497 0.181309178
vn 0.181248799 0.966579497 0.181309178
vn 0.181248799 0.966579497 0.181309104
vn 0.406560451 0.816970229 -0.408984303
vn -0.195428386 0.827459395 -0.526420593
vn 1 -1.62943991E-07 -0.000142805497
vn -0.195428386 0.827459395 -0.526420593
vn 1 -1.62943991E-07 -0.000142805497
vn -0.505454719 1.73848562E-07 -0.86285311
vn -0.707113028 -3.74913498E-07 -0.707100511
vn -0.707113087 -3.57440712E-07 -0.707100451
vn 1 -1.62920699E-07 0
vn 1 -1.62920699E-07 0
vn 1 -1.62920699E-07 0
vn -0.505454719 1.73848562E-07 -0.86285311
vn 0.707099855 -2.3040468E-07 -0.707113624
vn -0.70711267 1.16484057E-06 -0.707100809
vn 0.999442518 -0.00261954288 -0.033281941
vn -0.412065744 0.813252926 -0.410878897
vn 0.999442518 -0.00261954288 -0.033281941
vn 0.999442518 -0.00261954172 -0.0332819298
vn 0.999442518 -0.00261954288 -0.033281941
vn 0.999442518 -0.00261954288 -0.033281941
vn 0.939725816 -0.000126001818 -0.34192884
vn -0.422619104 0.000145463913 0.906307399
vn 0.906302392 8.29846431E-06 0.422629952
vn 0.906302392 8.29846431E-06 0.422629952
vn -0.422631055 2.16510486E-07 0.906301796
vn 0.939725816 -0.000126001818 -0.34192884
vn 0.64088124 0.707069159 -0.298871875
vn 0.906307876 0 -0.422618151
vn 0.906307459 -8.2798133E-06 -0.422618836
vn 0.906307459 -8.2798133E-06 -0.422618836
vn 0.640817344 -0.707148731 -0.298820555
vn 0.64088124 0.707069159 -0.298871875
vn -0.906308174 2.39291467E-07 0.422617525
vn -0.342021167 5.89078581E-06 0.939692199
vn -0.939692438 0 -0.342020839
vn -0.241845146 0.707106352 0.664463282
vn -0.906308174 2.39291467E-07 0.422617525
vn 0.34202072 -2.08817497E-07 -0.939692438
vn 0.34202072 -2.08817497E-07 -0.939692438
vn -0.422617078 0 -0.906308353
vn 0.939692438 0 0.342020839
vn 0.241845205 0.707107067 -0.664462507
vn 0.34202078 0 -0.939692438
vn -0.63944912 -0.703736901 0.30961138
vn -0.906307101 -3.34995661E-07 0.4226197
vn -0.422632813 1.67263323E-07 -0.906301022
vn -0.938074589 0 -0.346433461
vn -0.63944912 -0.703736901 0.30961138
vn -0.422632575 1.56910019E-07 -0.906301141
vn 0.906309366 -2.16509235E-07 -0.422614843
vn -0.0907589942 -2.41366394E-07 -0.995872915
vn 0.342023671 -2.08817795E-07 -0.939691365
vn -0.939692557 0 -0.342020363
vn -0.939692557 0 -0.342020363
vn -0.318910271 -0.361334562 0.876204014
vn 0.342020988 -2.08817482E-07 -0.939692318
vn -0.0907589942 -2.41366394E-07 -0.995872915
vn 0.939692557 0 0.342020363
vn 0.709652603 -1.29605766E-07 -0.704551756
vn -0.0907589942 -2.41366394E-07 -0.995872915
vn 0.93969506 -3.7243143E-07 0.342013538
vn 0.709652603 -1.29605766E-07 -0.704551756
vn 0.93969506 -3.64736508E-07 0.34201327
vn -0.342020988 2.08817482E-07 0.939692318
vn -0.318910271 -0.361334562 0.876204014
vn -0.318910778 -0.361333042 0.87620455
vn -0.694321215 -0.673835576 -0.252712399
vn -0.694320917 -0.673835993 -0.252712399
vn 0.355674565 0.37636736 -0.855478406
vn 0.999999881 0.00060644577 -4.77749636E-05
vn 0.000388134591 -0.833096683 -0.55312717
vn -0.35470131 0.373932213 -0.856949091
vn 0.355674565 0.37636736 -0.855478406
vn 0.706264675 -0.00193006708 -0.707945287
vn 0.706488788 -0.0414042398 -0.706512094
vn 0.391349971 -0.832128108 -0.392947853
vn 0.705788791 -0.0400786363 0.707287729
vn -0.00163795031 -0.99999845 0.00067951018
vn 0.391349971 -0.832128108 -0.392947853
vn -0.0144381896 -0.999662995 0.0215755608
vn -0.525216341 -0.850811481 0.0163594168
vn -0.00214820309 -0.999996543 -0.00150150806
vn 0.362247676 -0.852036238 -0.377903372
vn 0.705788791 -0.0400786363 0.707287729
vn -0.0287288856 -0.999403238 0.0191769004
vn -0.0688685253 -0.997455657 -0.0184236616
vn 0.0343956091 -0.994286001 -0.101056397
vn 0.0129724089 -0.998134851 0.0596529171
vn 0.0795737207 -0.996613085 -0.0207459778
vn 0.0343926288 -0.994286001 0.10105741
vn -0.872030556 0.336073101 -0.355833441
vn -0.824280262 -0.470058978 0.315605342
vn 0.0479601584 -0.998411894 0.029555412
vn -0.335777193 -0.452810526 0.825963855
vn -0.897107661 0.283138484 0.339161366
vn -0.364489704 0.29285264 0.883959651
vn -0.897107661 0.283138484 0.339161366
vn -0.872030556 0.336073101 -0.355833441
vn -0.046452485 0.998897433 -0.0067812386
vn -0.0179395359 0.999797165 -0.00916126929
vn 0.0464538224 0.998897433 -0.00678114686
vn -0.0478992909 0.998416543 -0.0294966605
vn -0.0478993431 0.998416543 0.0294965394
vn 0.0169485472 0.999624252 0.021544259
vn 0.581114948 0.813675582 -0.0154108126
vn 0.477678388 0.783772945 0.39689225
vn 0.00215372932 0.999997139 0.001019713
vn 0.00214285497 0.999996543 0.00150825398
vn 0.355674565 0.37636736 -0.855478406
vn -0.00060507108 0.999998808 0.00146277295
vn 0.00226016925 0.999997377 -0.000474631757
vn -0.35470131 0.373932213 -0.856949091
vn 0.706488788 -0.0414042398 -0.706512094
vn 0.0178586673 0.998972774 -0.0416454822
vn -0.000668438675 -0.0401896387 0.999191821
vn -0.00258805021 -0.0995639637 0.99502784
vn 0.823684394 -0.470443279 0.316586733
vn 0.401009202 0.282290965 0.871494949
vn 0.335847884 -0.452763945 0.825960696
vn 0.04650167 0.995006144 0.0883200765
vn -0.0129556106 0.998139739 0.0595759079
vn -0.0465961322 -0.994986415 -0.0884917229
vn -0.0909221768 0.994810939 0.0456548892
vn -0.0464999825 0.995006204 0.0883197933
vn 0.0910896808 -0.994790673 -0.0457638949
vn 0.0910887271 -0.994790673 0.0457641631
vn 3.15033674E-07 -0.999252737 -0.0386520326
vn -0.0129557513 0.998139739 -0.0595760271
vn -0.0343523882 0.994306028 -0.100873895
vn -0.0909212455 0.994811058 -0.0456551053
vn 0.0129744392 -0.998134971 -0.0596506149
vn 0.0479601882 -0.998411894 -0.0295553226
vn 8.94069672E-07 -1.62920699E-07 -1
vn -1 5.37170763E-07 -5.37169456E-07
vn 8.94069672E-07 -1.62920699E-07 -1
vn 8.94069672E-07 -1.62920699E-07 -1
vn -1 -4.9323703E-06 -4.93236894E-06
vn 8.94069672E-07 -1.62920699E-07 -1
vn 1.71229185E-05 -0.00336991809 0.999994397
vn -1.19209301E-06 1.62920699E-07 1
vn -1.19209301E-06 1.62920699E-07 1
vn -0.709279418 0.704927385 0.000348040019
vn -0.264047295 0.915220678 0.304384679
vn 0.705736101 0.708471119 0.00223732973
vn 1.71229185E-05 -0.00336991809 0.999994397
vn 0.797136366 0.598203897 0.0820110962
vn -0.999995828 -0.00288063404 1.26369996E-05
vn -0.189901948 -0.0028258271 0.981798947
vn -0.706395924 -0.00203967281 0.707813978
vn -0.00705140876 0.703469574 0.710690439
vn -0.999935389 -0.0029109451 -0.0109908599
vn -0.999935389 -0.00291094393 -0.0109908599
vn -0.706395924 -0.00203967281 0.707813978
vn 1 -2.60560719E-05 0
vn -0.116379932 0.961145103 0.250311494
vn 0 3.25841398E-07 1
vn 0.732074559 0.677337766 0.0726667494
vn -0.220994964 0.973884881 -0.0520511419
vn -0.0373637304 0.996692896 0.0721614435
vn -0.124615595 0.976222634 -0.177370399
vn -0.0658316165 0.971190214 -0.229032293
vn -0.304464847 0.915195942 -0.264041126
vn 0.0609204285 0.940421224 -0.334509492
vn 0 3.25841398E-07 1
vn 0 3.25841398E-07 1
vn 0.000146776394 1 4.79549408E-06
vn 0.705736101 0.708471119 0.00223732973
vn 0.797136366 0.598203897 0.0820110962
vn -0.000346797198 0.895296276 -0.445471227
vn -0.016536437 0.0659642741 0.997684956
vn -0.0813038126 0.949481785 0.303107172
vn 1.79221695E-06 0.967721224 -0.252023399
vn -0.0844244808 0.996429861 7.70224597E-06
vn -0.408167601 0.816868186 -0.407584965
vn -0.568618655 0.822469771 0.0147052491
vn -0.0286841281 0.999519348 0.0117604751
vn -0.390700817 0.83751756 0.381991088
vn -0.11328572 0.993561625 -0.00132413942
vn -0.526467204 0.827457666 0.195309982
vn -2.73980604E-05 1 3.03128199E-05
vn -2.73980604E-05 1 3.03128199E-05
vn -0.00705140876 0.703469574 0.710690439
vn 0.000586402952 0.999988914 -0.00467278017
vn 0.00607114704 0.99998033 0.0016118132
vn 0.00851140358 0.968012214 -0.250758708
vn -0.219693363 0.848959625 -0.48062706
vn 0.00851140358 0.968012214 -0.250758708
vn -0.189901948 -0.0028258271 0.981798947
vn -0.706395924 -0.00203967281 0.707813978
vn -0.116379932 0.961145103 0.250311494
vn 0.99988687 -0.0145095577 -0.00398044335
vn 0.626419783 0.778478205 -0.0396223739
vn -0.00843526609 -0.00196681195 0.999962568
vn 0.626419783 0.778478205 -0.0396223739
vn 0.694041371 0.0203433018 0.719647646
vn 0.694041371 0.0203433018 0.719647646
vn -0.0748885646 0.993948817 0.0803583339
vn 0.694041371 0.0203433018 0.719647646
vn 0.127249867 0.488876581 -0.863022149
vn 0.0897058845 0.973723233 0.209322214
vn 0.210749 0.9730497 0.0935904235
vn -0.402294755 0.908522487 -0.112897538
vn 0.0696146339 0.99135673 -0.111200191
vn -0.70840019 0.705653846 -0.0148982424
vn 0.359244436 0.350202262 -0.865044475
vn -0.70840019 0.705653846 -0.0148982424
vn 0.126544192 0.990639925 -0.0511778109
vn 0.0160950497 0.997175097 0.0733673871
vn 0.0874162838 0.994338453 0.0604101643
vn 0.626419783 0.778478205 -0.0396223739
vn 0.0160950497 0.997175097 0.0733673871
vn 0.253531605 0.967321455 0.00328758778
vn 0.209322408 0.973723233 -0.0897060037
vn -0.169273794 0.983259797 -0.0674289912
vn 0.0108168488 0.967805028 -0.25146839
vn 0.999962568 -0.00196697307 0.00843544491
vn 0.00288872886 0.0140899392 0.999896526
vn 0.999962568 -0.001966974 0.00843544584
vn -0.111356929 0.714793324 -0.690412998
vn 0.0604103319 0.994338453 -0.0874164328
vn -0.723682284 0.689305484 -0.033791028
vn -0.00238498277 0.681239426 0.732056856
vn -1 1.629206E-07 -7.1525568E-07
vn -0.93437463 -0.0144832116 0.355997562
vn -0.861538768 0.330878258 -0.385059088
vn 0.0355519801 -0.0214500744 -0.99913764
vn 0.0355519801 -0.0214500744 -0.99913764
vn -0.93437463 -0.0144832116 0.355997562
vn -0.0748885646 0.993948817 0.0803583339
vn -0.00496787159 -0.0205107406 -0.999777257
vn -0.00496787066 -0.0205107406 -0.999777257
vn -3.46155466E-05 1 6.75340052E-05
vn -0.117212698 0.993104398 0.0021936968
vn -0.254889667 0.930541992 -0.262912393
vn -0.524719656 0.82627964 -0.204771191
vn -0.321392 0.691408217 0.647040725
vn -0.880896747 0.473257393 0.00695513375
vn -0.092623435 0.827380836 -0.553951263
vn -0.250289112 0.968105078 0.0113145076
vn -0.0094438782 0.968039691 -0.250619173
vn -0.551798046 0.833900094 0.0113838678
vn -0.288349867 0.848393261 0.443940669
vn -0.0909633636 0.826032996 -0.556232989
vn -0.999998808 0.000324786437 -0.00155721698
vn 0.0179813579 0.537508368 -0.843066692
vn -0.00125759584 0.00161259668 0.999997973
vn 0.714603662 0.699442804 -0.0110188853
vn 0.568618536 0.82246995 -0.0147034619
vn 0.115507461 0.991626024 -0.0577564351
vn -0.0012917202 0.999946952 0.0102214273
vn 0.00313191768 0.999906063 0.0133408578
vn 0.362823904 0.358307034 -0.860217929
vn 0.570423841 0.583599865 -0.577951372
vn -0.00607114565 0.99998033 -0.00161214115
vn -0.00106529717 0.99999094 0.0041237385
vn -0.00155739614 0.000324949593 0.999998808
vn 0.498464286 0.839043558 -0.218035012
vn -0.0609205328 0.940421343 0.334509224
vn -0.0609205328 0.940421343 0.334509104
vn 0.0658315495 0.971190214 0.22903201
vn 0.220994994 0.973885 0.0520509034
vn 0.225039378 0.972446024 0.0608768314
vn -0.58197546 0.80326438 -0.126770988
vn -0.0126880584 -0.00334408623 -0.999913931
vn 3.43472891E-07 0 -1
vn 0.570423841 0.583599865 -0.577951372
vn 0.498464286 0.839043558 -0.218035012
vn 0.0162781291 0.999866128 -0.00166306202
vn 0.0135186408 0.999904037 -0.00304324832
vn -0.0577547103 0.991625905 -0.115509033
vn 0.334509343 0.940421343 0.0609204434
vn 0.229032218 0.971190214 -0.0658316612
vn 0.0520510972 0.973884881 -0.220995098
vn 0.0608770289 0.972446024 -0.225039497
vn -0.0711851493 0.99739778 -0.0114173181
vn -0.250873238 0.966258645 -0.0583677068
vn -0.167012691 0.983402491 -0.0708972365
vn -0.250297338 0.968102574 0.011339399
vn -0.00851126201 0.968012214 -0.250758708
vn 0.000110909205 1 9.45087158E-05
vn -0.765343249 0.56021297 -0.316877335
vn 0.181309387 0.966579378 -0.181248903
vn 0.181309387 0.966579378 -0.181248903
vn -0.708294749 0.705881774 -0.00702542067
vn 0.010229147 0.999946833 0.00128382794
vn -0.546254456 0.837608218 -0.00429869723
vn -0.365817815 0.357719243 -0.859193981
vn 0.0133410282 0.999906063 -0.00313207856
vn -0.00193008513 -0.00128396822 0.999997377
vn -0.999998808 0.000324786437 -0.00155721698
vn -0.00125759584 0.00161259668 0.999997973
vn 5.36441803E-07 0 -1
vn -0.0748885646 0.993948817 0.0803583339
vn 5.36441803E-07 0 -1
vn -0.70840019 0.705653846 -0.0148982424
vn -0.0983749479 -0.0211058035 -0.994925618
vn -0.402294755 0.908522487 -0.112897538
vn -0.705534935 -0.00143761386 0.708673716
vn 0.355658233 -0.375585347 0.855828702
vn 0.818678439 -0.451368093 0.35501045
vn -8.89482351E-07 0.832050383 0.554700017
vn -0.999997497 -0.00227502221 -4.01652287E-05
vn -0.00812033378 -0.834307134 0.551239967
vn 0.355658233 -0.375585347 0.855828702
vn 0.000753411208 -0.999994397 -0.00328377029
vn 2.23225707E-05 -1 5.33593411E-05
vn -0.0242882278 -0.999701679 0.00256880629
vn 0.0330181047 -0.999335706 -0.015420394
vn -0.843375325 -0.417131871 0.338702112
vn -0.0226754863 -0.998337865 0.0529841855
vn 0.0121650333 -0.999731958 0.0196987651
vn 0.029927941 -0.999543726 -0.00406469125
vn -0.330281764 -0.86847043 -0.36969313
vn 0.0189951397 -0.998757005 0.0460823104
vn -0.0363314152 -0.999240637 0.0140737612
vn -0.0773260295 -0.996415019 -0.0343194008
vn -0.873432219 0.337384045 0.351124197
vn 0.000592459517 -0.080295749 -0.996770918
vn 0.000599129184 -0.0806834325 -0.996739566
vn -0.873432219 0.337384045 0.351124197
vn -0.70691067 0.00226783799 -0.707299173
vn 0.0389330126 -0.995969415 -0.0808036551
vn 0.355658233 -0.375585347 0.855828702
vn 0.01859002 -0.999285996 -0.0328949131
vn 0.0031712018 -0.999903202 0.0135446712
vn -0.047221873 -0.998662233 -0.02106639
vn 0.328448743 -0.446756989 -0.832183599
vn -0.0102036111 -0.999939084 -0.00422334531
vn 0.855512559 -0.383528918 -0.347856015
vn 0.818678439 -0.451368093 0.35501045
vn -0.0027136947 -0.0789080411 0.996878266
vn 0.857039452 0.370379925 -0.358192772
vn 0.452950209 0.787466943 0.41800949
vn -0.705534935 -0.00143761386 0.708673716
vn 0.380117327 0.304544598 -0.873363256
vn 0.857039452 0.370379925 -0.358192772
vn -0.00315235252 0.999903321 -0.0135436701
vn 0.0471749753 0.998664618 0.0210616887
vn -0.018574411 0.99928695 0.0328735709
vn 0.00125941297 0.99999392 0.00325386389
vn -8.89482351E-07 0.832050383 0.554700017
vn -0.382684678 0.836271226 0.392686963
vn -0.00034715861 0.999544203 0.0301841609
vn 0.0176677536 0.99975878 -0.0130467732
vn 0.0102178305 0.999938726 0.00425733114
vn -0.00321722729 0.999217868 -0.0394110009
vn 0.0446851812 0.998957634 0.00932635926
vn 0.0270534959 0.999394178 0.0218971241
vn -0.0189194083 0.998767257 -0.045892261
vn -0.00663233688 0.999692321 -0.0239012595
vn 0.0191763192 0.998986542 -0.0407201126
vn 0.0363460705 0.99924016 -0.0140748089
vn 0.0772087649 0.996425331 0.0342815444
vn -0.70691067 0.00226783799 -0.707299173
vn -0.452015609 0.79119581 -0.411935687
vn -0.079405345 0.99628675 -0.0332783312
vn -0.361131161 0.342533469 -0.867326379
vn -0.348529577 -0.40959987 -0.843062878
vn -0.0191989783 -0.998984754 0.0407515951
vn 0.380117327 0.304544598 -0.873363256
vn 0.328448743 -0.446756989 -0.832183599
vn -0.348529577 -0.40959987 -0.843062878
vn -0.361131161 0.342533469 -0.867326379
vn 0.857039452 0.370379925 -0.358192772
vn 0.855512559 -0.383528918 -0.347856015
vn 0.328448743 -0.446756989 -0.832183599
vn 0.241850406 0.707110703 -0.664456785
vn 0.241856351 -0.707108974 -0.664456427
vn 0.342019916 0.000128551445 -0.939692616
vn 0.342019916 0.000128551445 -0.939692616
vn 0.34201932 0.000136384653 -0.939692974
vn 0.241850406 0.707110703 -0.664456785
vn 0.422618538 -4.63567676E-06 0.906307697
vn -0.939692438 -1.11444301E-07 -0.34202072
vn -0.342028528 -0.000107563923 0.939689577
vn 0.664463878 0.707105935 0.241844833
vn -0.342020601 3.06190827E-07 0.939692557
vn -0.342020601 3.06190827E-07 0.939692557
vn -0.342028528 -0.000107563923 0.939689577
vn -0.342029005 -0.000114121023 0.939689398
vn 0.422618538 -4.63567676E-06 0.906307697
vn 0.422631174 7.90333343E-06 -0.906301677
vn 0.906301677 1.37710614E-07 0.422631294
vn 0.906306982 0.0001370424 0.422619998
vn 0.29875052 0.707285941 -0.640698612
vn 0.422631174 7.90333343E-06 -0.906301677
vn -0.422618985 -9.87888052E-06 0.906307459
vn -0.90630728 -1.37706692E-07 -0.422619313
vn -0.298877537 0.707059026 0.640889764
vn -0.298877537 0.707059026 0.640889764
vn -0.906301677 -0.000145912301 -0.422631294
vn -0.422618985 -9.87888052E-06 0.906307459
vn 0.707102895 -1.78215596E-05 -0.707110584
vn 0.707106054 0 0.707107425
vn 0.707096696 -1.50264113E-05 -0.707116902
vn 0.707102895 -1.78215596E-05 -0.707110584
vn 0.261874318 -0.928234458 -0.264202029
vn 0.707106471 2.30404595E-07 0.707107008
vn 0.707096696 -1.50264113E-05 -0.707116902
vn -0.7071082 1.65725578E-06 0.707105279
vn -0.707106054 -2.30404808E-07 -0.707107484
vn -0.707107782 1.56962267E-06 0.707105696
vn -0.707107306 9.75133162E-07 0.707106173
vn -0.354588598 -0.376088977 0.856051326
vn -1 0 -1.13248802E-06
vn -1 0 -1.13248802E-06
vn -1.03187995E-06 0 1
vn -0.707107306 9.75133162E-07 0.707106173
vn -0.7071082 1.65725578E-06 0.707105279
vn -0.707107782 1.56962267E-06 0.707105696
vn -0.422294468 0.00053106586 0.906458616
vn -0.422619402 0.000565226772 0.906307101
vn 0.631488681 -0.667573571 0.394420475
vn 0.631488681 -0.667573571 0.394420475
vn -0.417238057 2.96123801E-07 0.908797204
vn 0.276346773 -0.756542087 -0.592685938
vn -0.318244159 -0.657957435 0.682504654
vn -0.127319321 -0.990083337 -0.0593700223
vn -0.906301379 -0.00344739016 -0.422617942
vn -0.422593117 -0.00344681763 0.906312943
vn -0.906301975 -0.00344743091 -0.422616601
vn 0.422585398 -3.36103085E-07 -0.906323135
vn 0.422585398 -3.35616619E-07 -0.906323075
vn 0.276346773 -0.756542087 -0.592685938
vn 0.276346773 -0.756542087 -0.592685938
vn -0.299996883 -0.000367908156 -0.953940153
vn -0.906467021 -3.50708142E-05 -0.422276616
vn -0.299996883 -0.000367908156 -0.953940153
vn 0.417162389 -0.000586035836 -0.908831775
vn -0.906467021 -3.50708142E-05 -0.422276616
vn -0.906308532 1.37706209E-07 0.422616661
vn 0.422610402 -1.55226687E-07 0.906311512
vn 0.29883188 -0.707096219 0.640869975
vn 0.29883188 -0.707096219 0.640869975
vn 0.298827559 -0.707105935 0.640861273
vn -0.906308532 1.37706209E-07 0.422616661
vn 0.422614604 2.953131E-07 0.906309545
vn 0.422614604 2.953131E-07 0.906309545
vn 0.906247377 4.83904296E-06 -0.42274791
vn 0.906247377 4.83904296E-06 -0.42274791
vn 0.422614604 2.953131E-07 0.906309545
vn 0.422614604 2.953131E-07 0.906309545
vn -0.298825085 -0.707119048 -0.640848041
vn -0.422616899 -2.95312731E-07 -0.906308472
vn -0.422628909 -3.24545567E-07 -0.90630275
vn -0.422616899 -2.95312731E-07 -0.906308472
vn -0.422616899 -2.95312731E-07 -0.906308472
vn -0.422616899 -2.95312731E-07 -0.906308472
vn -0.422628909 -3.24545567E-07 -0.90630275
vn -0.298828483 -0.707108736 -0.640857816
vn -0.298825085 -0.707119048 -0.640848041
vn -0.424721301 -0.00345272571 0.905317545
vn -0.422604352 -0.00368170999 0.906306803
vn -0.422100872 -0.67387706 0.606399536
vn -0.422100872 -0.67387706 0.606399536
vn -0.407272071 -0.723080873 0.557927847
vn -0.424721301 -0.00345272571 0.905317545
vn 0.424728423 0.000227672965 -0.905320764
vn 0.422611207 0 -0.906311095
vn 0.890735447 0.00345618883 0.454508901
vn 0.889550567 0.00370912137 0.456821561
vn 0.424728423 0.000227672965 -0.905320764
vn -0.425888658 -0.609667957 0.66852361
vn -1 0 2.44140592E-05
vn -1 7.76286811E-07 5.04426396E-07
vn -1 7.76286811E-07 5.04426396E-07
vn -1 7.92664366E-07 0
vn -0.425888658 -0.609667957 0.66852361
vn 0.425883919 -1.94114136E-07 -0.904777825
vn 1 -7.92664366E-07 0
vn 1 -7.76286811E-07 -5.04426396E-07
vn 1 -7.76286811E-07 -5.04426396E-07
vn -1.13248802E-06 3.25841398E-07 1
vn 0.425883919 -1.94114136E-07 -0.904777825
vn 1 0 1.13248802E-06
vn 1 0 1.13248802E-06
vn 1 0 1.13248802E-06
vn -0.707104564 1.91579875E-06 -0.707108915
vn 0.707107723 -1.00174695E-07 -0.707105756
vn -0.707106411 -1.79398512E-07 -0.707107067
vn -0.707106411 -1.79398512E-07 -0.707107067
vn -0.707104445 2.08368078E-06 -0.707109094
vn -0.707104564 1.91579875E-06 -0.707108915
vn -0.003984184 -0.0145152565 -0.999886751
vn 0.999962568 -0.001966974 0.00843544584
vn 0.999962568 -0.00196697307 0.00843544491
vn -0.00171147846 -0.000769114238 0.999998212
vn -1 1.629206E-07 -5.22286882E-07
vn -1 1.629206E-07 -5.22286825E-07
vn -1 1.629206E-07 -5.22286825E-07
vn -1 1.629206E-07 -5.22286825E-07
vn 0.008434969 -0.00196713698 -0.999962568
vn -0.874995232 0.337041467 0.347543597
vn -0.999964237 -0.00224806624 -0.00815600809
vn 0.00193049817 -0.00128411467 -0.999997377
vn 0.999998808 0.000324786932 0.00155691896
vn 0.00125802809 0.00161236699 -0.999997973
vn -2.38418608E-07 3.25841398E-07 1
vn -2.38418608E-07 3.25841398E-07 1
vn -2.38418608E-07 3.25841398E-07 1
vn -0.999777734 -0.00309962081 -0.0208544526
vn -1 0 -8.34465027E-07
vn -1 0 -8.34465027E-07
vn -0.00106045231 -2.76068204E-06 0.999999523
vn -1 0 -8.34465027E-07
vn -0.0813038126 0.949481785 0.303107172
vn -1 0 -8.34465027E-07
vn -1 0 -8.34465027E-07
vn -0.0931646153 0.664366424 0.741577804
vn -0.900082111 -0.0246343594 0.435023397
vn -0.20212546 0.976290941 0.0774688125
vn 0.999896526 0.014089779 -0.0028892078
vn -0.811488271 0.411090642 -0.415320754
vn 0.341928035 -0.000126471787 0.939726114
vn 0.342110068 -0.000120912176 0.939659894
vn -0.906302214 8.34423008E-06 -0.422630191
vn -0.906301975 0 -0.422630817
vn 0.341928035 -0.000126471787 0.939726114
vn 0.906302214 -0.000137395618 0.422630131
vn 0.939662337 -0.000328988914 -0.342103064
vn 0.422619492 -8.52225276E-06 -0.90630728
vn 0.422619492 -8.52225276E-06 -0.90630728
vn 0.906307459 0 0.422618866
vn -0.298915833 -0.7069332 -0.641010821
vn 0.906302512 0 -0.422629714
vn 0.90630275 8.34422917E-06 -0.422628999
vn 0.906308055 0.000145247381 -0.422617704
vn -0.298915833 -0.7069332 -0.641010821
vn 0.298871309 0.707069159 0.640881419
vn 0.422617525 0 0.906308174
vn -0.906307757 -8.32352998E-06 0.422618359
vn -0.906302512 -0.000145774597 0.422629714
vn 0.298871309 0.707069159 0.640881419
vn 0.305986196 -0.704883277 -0.639931321
vn 0.906307757 0 0.422618181
vn 0.906307757 0 0.422618181
vn 0.906308353 0 0.422616988
vn 0.305986196 -0.704883277 -0.639931321
vn -0.422616154 0 0.90630877
vn -0.422616154 0 0.90630877
vn -0.422616154 0 0.90630877
vn -0.94075352 0 0.339091122
vn -0.293534607 -0.704881847 0.645739079
vn -0.422621131 0 0.906306386
vn -0.637724519 -0.710544765 -0.297377735
vn 0.422621101 0 -0.906306505
vn -0.906306624 0 -0.422620863
vn -0.637724519 -0.710544765 -0.297377735
vn -0.90631032 0 0.422612786
vn -0.422619879 0 -0.906306982
vn -0.645555317 -0.701885879 0.301022649
vn -0.645555317 -0.701885879 0.301022649
vn -0.422619879 0 -0.906306982
vn -0.939692438 0 -0.34202081
vn -0.939692557 0 -0.342020452
vn -0.876204848 -0.36133036 -0.318912953
vn -0.876204848 -0.36133036 -0.318912953
vn -0.80052793 1.22246803E-07 0.599295378
vn -0.939692438 0 -0.34202081
vn -0.342024803 0 0.939690828
vn -0.342020512 0 0.939692557
vn -0.342020214 0 0.939692557
vn 0.339537889 -0.932438135 0.12358477
vn -0.342020512 0 0.939692557
vn -0.482534289 -0.609677911 -0.628851056
vn 0.939691365 0 0.342023522
vn 0.939692318 0 0.342020929
vn 0.342024803 -5.58584077E-07 -0.939690828
vn -0.482534289 -0.609677911 -0.628851056
vn 0.553128421 -0.833095849 0.000387974316
vn 0.856601954 0.374528229 -0.354910851
vn 0.855483115 0.376353413 0.355678052
vn 0.855483115 0.376353413 0.355678052
vn 0.856014132 -0.376149714 0.354614198
vn -0.0158405248 -0.99957031 0.0246612057
vn -0.0416303948 -0.998973131 -0.0178765915
vn 0.00102419616 -0.999997139 -0.00215911702
vn 0.856014132 -0.376149714 0.354614198
vn -0.00252488581 -0.999996901 0
vn -0.0187233686 -0.999520779 -0.0246488135
vn 0.34050703 -0.412566036 0.844892979
vn 0.0014511951 -0.999998808 0.000599501887
vn 0.405185908 0.810687304 0.422623396
vn 0.000657753902 0.999996901 0.00241334992
vn -0.00680111861 -0.998896599 -0.0464674123
vn 0.038755551 -0.999070585 -0.0188702475
vn -0.339078635 -0.467522681 0.816362798
vn -0.00680445414 -0.99889648 0.0464706793
vn 0.35061115 -0.413537562 -0.840272903
vn -0.0295552406 -0.998411894 0.0479603298
vn 0.0196897425 -0.998882711 -0.0429611988
vn -0.349977463 -0.880309105 -0.320267886
vn 0.0191890355 0.999403477 0.0287121721
vn 0.000675742864 0.99999845 0.00163138041
vn -0.00146293617 0.999998808 -0.000605233479
vn 0.856601954 0.374528229 -0.354910851
vn 0.706478119 -0.0420813151 0.706482828
vn -0.0183863603 0.997462034 0.0687847584
vn -0.396893263 0.783771157 0.477680385
vn 0.0215566475 0.999663591 0.0144218188
vn 0.000474469387 0.999997377 0.00226000603
vn 0.0134406192 0.811637282 -0.584007084
vn -0.0294967107 0.998416543 -0.0478994995
vn -0.017603742 0.999061406 -0.0395796672
vn 0.0595758557 0.998139739 -0.012955931
vn -0.622194171 0.781931579 0.0381760634
vn -0.396809131 0.783791482 -0.477716833
vn 0.0294964891 0.998416543 -0.0478994623
vn -0.622194171 0.781931579 -0.0381769091
vn -0.0386117548 0.999254286 -1.03130219E-07
vn -0.493699163 -0.868820488 -0.0375778116
vn -0.0386118218 0.999254286 -1.0160953E-07
vn -0.0595760792 0.998139739 -0.0129557606
vn -0.807306528 -0.461689144 -0.367558628
vn 0.726473808 -0.0955363214 -0.680520892
vn 0.0295554921 -0.998411894 0.047960341
vn 0.0884839371 -0.994987249 0.0465941206
vn -0.0596527457 -0.998134851 0.0129725793
vn -0.0457639694 -0.994790673 0.091088891
vn 0.101056501 -0.994286001 0.0343957506
vn 0.0596507899 -0.998134971 0.0129745901
vn 0.34050703 -0.412566036 0.844892979
vn -0.999247849 -0.0387716033 -0.000622369989
vn -0.99502784 -0.0995641202 -0.00258779619
vn -0.339078635 -0.467522681 0.816362798
vn 0.856014132 -0.376149714 0.354614198
vn 0.855483115 0.376353413 0.355678052
vn 0.405185908 0.810687304 0.422623396
vn 0.856601954 0.374528229 -0.354910851
vn 0.707945406 -0.001929836 0.706264496
vn 0.35061115 -0.413537562 -0.840272903
vn 0.0134406192 0.811637282 -0.584007084
vn 0.995027125 -0.0996036083 -0.000425433856
vn 0.994892001 -0.100944407 -0.000371105009
vn -0.856664777 0.349740386 0.379218996
vn -0.811488271 0.411090642 -0.415320754
vn -0.999964237 -0.00225450867 -0.00816113502
vn -6.64167692E-06 1 -0.000253650593
vn -6.64167783E-06 1 -0.000253650593
vn -6.64167692E-06 1 -0.000253650593
vn -0.715895772 -0.019535033 -0.697933972
vn -0.999668121 -0.0203304384 0.0158201754
vn -0.900082111 -0.0246343594 0.435023397
vn 0.00496858498 -0.0205107406 -0.999777257
vn 0.00496858498 -0.0205107406 -0.999777257
vn -0.998761535 -0.0272543132 -0.0416244119
vn 0.00496858498 -0.0205107406 -0.999777257
vn -0.999886632 -0.0145216016 0.00398010807
vn -0.856664777 0.349740386 0.379218996
vn -0.999964237 -0.00225450867 -0.00816113502
vn -0.999777734 -0.00309962081 -0.0208544526
vn -0.000346797198 0.895296276 -0.445471227
vn -0.304464847 0.915195942 -0.264041126
vn -0.811488271 0.411090642 -0.415320754
vn -0.00653329212 0.0266223084 0.999624252
vn -0.20212546 0.976290941 0.0774688125
vn 0.0032876248 0.967321455 -0.253531784
vn -0.0897059441 0.973723233 -0.209322512
vn -0.0983965173 0.981476724 0.164381921
vn -0.251468211 0.967805028 -0.0108168898
vn -0.126542464 0.990639925 0.0511802137
vn -0.416560888 0.779206872 0.468309283
vn -0.856664777 0.349740386 0.379218996
vn -0.0883599296 0.994122684 -0.0625505671
vn -0.0696643665 0.997364104 -0.0202900283
vn 0.801503539 0.597990096 4.44496363E-05
vn -0.702786684 0.711400568 4.81230018E-05
vn -0.000253487699 1 6.47866591E-06
vn 0.801235139 0.593010843 0.0797522888
vn -0.0911910012 -0.00121402473 0.995832622
vn 0.999999642 4.49315448E-05 0.000819949259
vn 0.157516018 0.981103897 -0.112356305
vn -1.19209301E-06 1.62920699E-07 1
vn 0.999661803 0.0252186619 0.00634353468
vn 0.0475668311 0.982111394 0.182194367
vn 0.16438213 0.981476605 0.0983981937
vn -0.0108167902 0.967805147 0.251468092
vn 1 1.62920799E-07 4.76837215E-07
vn 2.89163218E-05 0.429229647 -0.903195381
vn -0.0733675584 0.997175097 0.0160948895
vn 0.43045193 0.775281489 0.462222576
vn -0.0733675584 0.997175097 0.0160948895
vn 0.43045193 0.775281489 0.462222576
vn -0.088053003 0.994272768 0.0605672561
vn 0.621281922 0.780002773 0.0748615861
vn -0.0625504404 0.994122803 0.0883597583
vn 0.0148989055 0.705653727 -0.708400249
vn 2.89163218E-05 0.429229647 -0.903195381
vn -0.524718046 0.826280534 0.204771921
vn -0.732033253 -0.00217955187 -0.681265354
vn -0.67998451 -0.000852242694 0.733225942
vn -0.254889876 0.930541992 0.262912333
vn -0.524718046 0.826280534 0.204771921
vn -0.67998451 -0.000852242694 0.733225942
vn -0.999975443 0.000358638703 0.00699926727
vn -0.999974251 0.00150952791 0.00701861642
vn -0.999973059 0.00211079069 0.00702872127
vn -0.999975443 0.000358638703 0.00699926727
vn -0.999975562 0 0.00699323276
vn -0.999974251 0.00150952791 0.00701861642
vn 0.999608338 -0.00215318729 -0.0279052593
vn -0.349564582 0.832662404 -0.429508895
vn -0.0272940267 0.0278826393 -0.999238491
vn -0.349564582 0.832662404 -0.429508895
vn 0.393974215 0.481754333 -0.782749712
vn -0.0272940267 0.0278826393 -0.999238491
vn 0.702872634 0.0243113339 0.710900187
vn 0.702872634 0.0243113339 0.710900187
vn 0.55832231 0.602003694 -0.570848286
vn -0.181250066 0.966579497 0.181307539
vn -0.181250066 0.966579497 0.181307539
vn -0.181309104 0.966579378 -0.181248993
vn -0.288349867 0.848393261 0.443940669
vn 0.55358398 0.600224614 0.577299953
vn -0.374699712 0.612337589 -0.696162939
vn 0.55358398 0.600224614 0.577299953
vn -0.374823362 0.927062988 0.0078500649
vn -0.702873051 0.0243113302 0.710899711
vn -0.702873051 0.0243113302 0.710899711
vn 0.721621811 0.0384680815 0.691217899
vn -2.24575324E-05 1 0.0001656924
vn 0.00892885961 0.999859095 -0.0142151704
vn -0.000164197205 1 -2.43064205E-05
vn -0.00496787066 -0.0205107406 -0.999777257
vn -0.00496787066 -0.0205107406 -0.999777257
vn -0.93437463 -0.0144832116 0.355997562
vn -0.524719656 0.82627964 -0.204771191
vn -0.254889667 0.930541992 -0.262912393
vn -0.679984272 -0.000852368656 -0.73322624
vn -0.674345553 0.00494462112 -0.738399267
vn -0.524719656 0.82627964 -0.204771191
vn -0.679984272 -0.000852368656 -0.73322624
vn -0.374699712 0.612337589 -0.696162939
vn 0.72005409 -0.00474122586 -0.693901718
vn 0.72005409 -0.00474122586 -0.693901718
vn 0.72005409 -0.00474122493 -0.693901718
vn -0.374699712 0.612337589 -0.696162939
vn 0.72005409 -0.00474122586 -0.693901718
vn 0.00699965563 0.000358715799 -0.999975443
vn 0.999974251 0.00150952791 0.00701933168
vn 0.999974251 0.00150952791 0.00701933168
vn 0.00699965563 0.000358715799 -0.999975443
vn 0.999973059 0.00211079069 0.00702943606
vn -0.321392 0.691408217 0.647040725
vn -0.999608219 -0.00215318683 -0.0279059671
vn -0.999238491 0.0278826896 -0.0272947606
vn -0.587464154 -0.00338066788 0.809243143
vn -0.999985695 -0.00367103703 0.00389553327
vn 0.00397367822 -0.00208786223 0.999989986
vn -0.288349867 0.848393261 0.443940669
vn -0.321392 0.691408217 0.647040725
vn -0.999238491 0.0278826896 -0.0272947606
vn 0.192259863 0.965248406 -0.177007496
vn 0.192259863 0.965248406 -0.177007496
vn 0.192259863 0.965248406 -0.177007496
vn -0.893930674 0.369219691 0.25409615
vn -0.707113564 -2.30402364E-07 -0.707099915
vn -0.707104266 5.82418807E-07 0.707109272
vn -0.0332816318 -0.00261970004 -0.999442518
vn -0.765343249 0.56021297 -0.316877335
vn -0.0332816392 -0.00261970004 -0.999442518
vn -0.765343249 0.56021297 -0.316877335
vn -0.0332816392 -0.00261970004 -0.999442518
vn -0.88866663 0.330810636 -0.317546487
vn -0.707174063 1.06244879E-05 -0.707039475
vn 0.7071141 -2.30402307E-07 -0.707099378
vn 0.7071141 -2.30402307E-07 -0.707099378
vn 0.707067132 2.29807119E-05 -0.707146347
vn -0.88866663 0.330810636 -0.317546487
vn -0.707174063 1.06244879E-05 -0.707039475
vn -0.893930674 0.369219691 0.25409615
vn -1 0 0
vn 3.57627783E-07 -3.25841313E-07 -1
vn 1 0 9.53674316E-07
vn 1 0 9.53674316E-07
vn 0.12282072 0.701601326 -0.701904953
vn 1 0 9.53674316E-07
vn 1 0 9.53674316E-07
vn 0.162691295 0.902757227 -0.398197025
vn 1 0 9.53674316E-07
vn 0.990803123 -0.0269766264 -0.132594779
vn 0.00230736565 0.000395866431 -0.999997258
vn -0.999962568 -0.00196697609 -0.00843520742
vn -0.0911910012 -0.00121402473 0.995832622
vn -0.999962568 -0.00196697609 -0.00843520556
vn -0.0911910012 -0.00121402473 0.995832622
vn 0.157516018 0.981103897 -0.112356305
vn 0.00398416771 -0.0145152546 0.999886751
vn -0.999962568 -0.00196697609 -0.00843520742
vn -0.999962568 -0.00196697609 -0.00843520556
vn 0.0148989055 0.705653727 -0.708400249
vn 0.994925618 -0.0211065859 -0.0983740389
vn 2.89163218E-05 0.429229647 -0.903195381
vn 5.56521513E-07 0 -1
vn 6.50934794E-07 0 -1
vn 1 1.62920699E-07 2.83868189E-07
vn 1 1.62920699E-07 2.83868189E-07
vn 5.56521513E-07 0 -1
vn -0.999962568 -0.00196697609 -0.00843520742
vn 0.379222602 0.349747598 0.856660306
vn -0.999962568 -0.00196697609 -0.00843520556
vn 0.870064735 -0.0186551847 -0.492584467
vn 1 1.62920799E-07 4.76837215E-07
vn 0.137141392 0.798352003 -0.586367011
vn 1 1.62920799E-07 4.76837215E-07
vn 0.870064735 -0.0186551847 -0.492584467
vn 0.137141392 0.798352003 -0.586367011
vn 1 1.62920699E-07 2.83868189E-07
vn 0.239322692 0.915705204 -0.322813541
vn 1 1.62920699E-07 2.83868189E-07
vn 0.81702292 0.409079522 -0.406358808
vn 1 1.62920699E-07 2.83868189E-07
vn 1 1.62920699E-07 2.83868189E-07
vn -0.00398607366 -0.0145167978 -0.999886632
vn 0.999962568 -0.001966974 0.00843544584
vn 0.999962568 -0.00196697307 0.00843544491
vn -0.00155739614 0.000324949593 0.999998808
vn 0.406560451 0.816970229 -0.408984303
vn -0.00155739614 0.000324949593 0.999998808
vn -3.46075097E-07 0 1
vn 0.287812322 0.956907511 0.0386272334
vn -0.103678249 0.399017036 0.911063313
vn -1 1.629206E-07 -7.1525568E-07
vn -3.46075097E-07 0 1
vn -0.103678249 0.399017036 0.911063313
vn 0.577350259 0.577350259 0.577350259
vn 0.577350259 0.577350259 -0.577350259
vn -0.577350259 0.577350259 -0.577350259
vn -0.577350259 0.577350259 0.577350259
vn 0.707106769 0 0.707106769
vn 0.577350259 0.577350259 0.577350259
vn -0.577350259 0.577350259 0.577350259
vn -0.707106769 0 0.707106769
vn -0.707106769 0 0.707106769
vn -0.577350259 0.577350259 0.577350259
vn -0.577350259 0.577350259 -0.577350259
vn -0.707106769 0 -0.707106769
vn -0.707106769 0 -0.707106769
vn -0.577350259 0.577350259 -0.577350259
vn 0.577350259 0.577350259 -0.577350259
vn 0.707106769 0 -0.707106769
vn 0.707106769 0 -0.707106769
vn 0.577350259 0.577350259 -0.577350259
vn 0.577350259 0.577350259 0.577350259
vn 0.707106769 0 0.707106769
vn 0.577350259 0.577350259 0.577350259
vn 0.577350259 0.577350259 -0.577350259
vn -0.577350259 0.577350259 -0.577350259
vn -0.577350259 0.577350259 0.577350259
vn 0.707106769 0 0.707106769
vn 0.577350259 0.577350259 0.577350259
vn -0.577350259 0.577350259 0.577350259
vn -0.707106769 0 0.707106769
vn -0.707106769 0 0.707106769
vn -0.577350259 0.577350259 0.577350259
vn -0.577350259 0.577350259 -0.577350259
vn -0.707106769 0 -0.707106769
vn -0.707106769 0 -0.707106769
vn -0.577350259 0.577350259 -0.577350259
vn 0.577350259 0.577350259 -0.577350259
vn 0.707106769 0 -0.707106769
vn 0.707106769 0 -0.707106769
vn 0.577350259 0.577350259 -0.577350259
vn 0.577350259 0.577350259 0.577350259
vn 0.707106769 0 0.707106769
vn 0.577349961 0.57735014 -0.577350676
vn -0.577350616 0.577350378 -0.577349901
vn -0.577350259 0.577350259 0.577350259
vn 0.577350199 0.577350259 0.577350318
vn 0.707106233 0 -0.707107246
vn 0.577349961 0.57735014 -0.577350676
vn 0.577350199 0.577350259 0.577350318
vn 0.70710665 0 0.707106829
vn 0.70710665 0 0.707106829
vn 0.577350199 0.577350259 0.577350318
vn -0.577350259 0.577350259 0.577350259
vn -0.707106769 0 0.707106769
vn -0.707106769 0 0.707106769
vn -0.577350259 0.577350259 0.577350259
vn -0.577350616 0.577350378 -0.577349901
vn -0.707107246 0 -0.707106292
vn -0.707107246 0 -0.707106292
vn -0.577350616 0.577350378 -0.577349901
vn 0.577349961 0.57735014 -0.577350676
vn 0.707106233 0 -0.707107246
vn 0.577349961 0.577350199 -0.577350736
vn -0.577350616 0.577350378 -0.577349901
vn -0.577350259 0.577350259 0.577350259
vn 0.577350259 0.577350259 0.577350318
vn 0.707106292 0 -0.707107246
vn 0.577349961 0.577350199 -0.577350736
vn 0.577350259 0.577350259 0.577350318
vn 0.707106769 0 0.707106829
vn 0.707106769 0 0.707106829
vn 0.577350259 0.577350259 0.577350318
vn -0.577350259 0.577350259 0.577350259
vn -0.707106769 0 0.707106769
vn -0.707106769 0 0.707106769
vn -0.577350259 0.577350259 0.577350259
vn -0.577350616 0.577350378 -0.577349901
vn -0.707107246 0 -0.707106292
vn -0.707107246 0 -0.707106292
vn -0.577350616 0.577350378 -0.577349901
vn 0.577349961 0.577350199 -0.577350736
vn 0.707106292 0 -0.707107246
vn 0.577349961 0.57735014 -0.577350616
vn -0.577350616 0.577350378 -0.577349842
vn -0.577350259 0.577350259 0.577350259
vn 0.577350199 0.577350259 0.577350318
vn 0.707106292 0 -0.707107246
vn 0.577349961 0.57735014 -0.577350616
vn 0.577350199 0.577350259 0.577350318
vn 0.70710665 0 0.707106829
vn 0.70710665 0 0.707106829
vn 0.577350199 0.577350259 0.577350318
vn -0.577350259 0.577350259 0.577350259
vn -0.707106769 0 0.707106769
vn -0.707106769 0 0.707106769
vn -0.577350259 0.577350259 0.577350259
vn -0.577350616 0.577350378 -0.577349842
vn -0.707107246 0 -0.707106233
vn -0.707107246 0 -0.707106233
vn -0.577350616 0.577350378 -0.577349842
vn 0.577349961 0.57735014 -0.577350616
vn 0.707106292 0 -0.707107246
vn 0.707107127 0.707106352 1.98234773E-07
vn -0.707106471 0.707107067 0
vn -0.707106829 0.70710665 0
vn 0.70710665 0.707106829 1.98234659E-07
vn 1 0 2.803462E-07
vn 0.707107127 0.707106352 1.98234773E-07
vn 0.70710665 0.707106829 1.98234659E-07
vn 1 0 2.803462E-07
vn -1 0 -1.40173128E-07
vn -0.707106829 0.70710665 0
vn -0.707106471 0.707107067 0
vn -1 0 -1.40173128E-07
vn 0.707107067 0.707106411 1.48676065E-07
vn -0.707106471 0.707107067 0
vn -0.707106829 0.70710665 0
vn 0.707106769 0.707106829 1.48675994E-07
vn 1 0 2.10259628E-07
vn 0.707107067 0.707106411 1.48676065E-07
vn 0.707106769 0.707106829 1.48675994E-07
vn 1 0 2.10259628E-07
vn -1 0 -1.40173128E-07
vn -0.707106829 0.70710665 0
vn -0.707106471 0.707107067 0
vn -1 0 -1.40173128E-07
vn 0.707106769 0 0.707106829
vn 0.577350259 0.577350259 0.577350259
vn -0.577350259 0.577350259 0.577350259
vn -0.707106769 0 0.707106829
vn -0.577350259 0.577350259 0.577350259
vn -0.577350259 0.577350259 -0.577350259
vn -0.707106769 0 -0.707106769
vn -0.707106769 0 0.707106829
vn -0.577350259 0.577350259 -0.577350259
vn 0.707106769 0 -0.707106769
vn -0.707106769 0 -0.707106769
vn 0.577350259 0.577350259 -0.577350259
vn -0.577350259 0.577350259 0.577350259
vn 0.577350259 0.577350259 0.577350259
vn -0.577350259 0.577350259 -0.577350259
vn 0.577350259 0.577350259 -0.577350259
vn 0.577350259 0.577350259 0.577350259
vn 0.707106769 0 0.707106829
vn 0.707106769 0 -0.707106769
vn -0.577349961 0.577350318 0.577350378
vn -0.57735014 0.577350438 -0.57735014
vn -0.577350438 -0.57735008 -0.577350318
vn -0.577350378 -0.577350199 0.577350199
vn 0.57735014 -0.577350318 -0.577350378
vn -0.577350438 -0.57735008 -0.577350318
vn -0.57735014 0.577350438 -0.57735014
vn 0.577350378 0.577350199 -0.577350199
vn 0.577350378 0.577350199 -0.577350199
vn -0.57735014 0.577350438 -0.57735014
vn -0.577349961 0.577350318 0.577350378
vn 0.577350378 0.57735008 0.577350259
vn 0.57735014 -0.577350438 0.57735014
vn 0.57735014 -0.577350318 -0.577350378
vn -0.577350438 -0.57735008 -0.577350318
vn -0.577350378 -0.577350199 0.577350199
vn 0.577350378 0.57735008 0.577350259
vn -0.577349961 0.577350318 0.577350378
vn -0.577350378 -0.577350199 0.577350199
vn 0.57735014 -0.577350438 0.57735014
vn -0.698033452 0.423575282 0.57735014
vn -0.698033035 0.423575044 -0.577350914
vn -0.423575401 -0.698033035 -0.577350616
vn -0.42357558 -0.698033869 0.577349484
vn 0.698033452 -0.423575372 -0.57735014
vn -0.423575401 -0.698033035 -0.577350616
vn -0.698033035 0.423575044 -0.577350914
vn 0.423575401 0.698034048 -0.577349484
vn 0.423575401 0.698034048 -0.577349484
vn -0.698033035 0.423575044 -0.577350914
vn -0.698033452 0.423575282 0.57735014
vn 0.423575222 0.698033154 0.577350557
vn 0.698032975 -0.423575133 0.577350855
vn 0.698033452 -0.423575372 -0.57735014
vn -0.423575401 -0.698033035 -0.577350616
vn -0.42357558 -0.698033869 0.577349484
vn 0.423575222 0.698033154 0.577350557
vn -0.698033452 0.423575282 0.57735014
vn -0.42357558 -0.698033869 0.577349484
vn 0.698032975 -0.423575133 0.577350855
vn -0.577350378 -0.577349722 0.577350676
vn -0.577350616 -0.577350199 -0.57735002
vn 0.57735002 -0.577350736 -0.57735014
vn 0.57735002 -0.577350378 0.577350259
vn 0.577350378 0.577349901 -0.577350378
vn 0.57735002 -0.577350736 -0.57735014
vn -0.577350616 -0.577350199 -0.57735002
vn -0.577350259 0.577350378 -0.577350199
vn -0.577350259 0.577350378 -0.577350199
vn -0.577350616 -0.577350199 -0.57735002
vn -0.577350378 -0.577349722 0.577350676
vn -0.577349901 0.577350676 0.577350318
vn 0.577350497 0.57735008 0.57735014
vn 0.577350378 0.577349901 -0.577350378
vn 0.57735002 -0.577350736 -0.57735014
vn 0.57735002 -0.577350378 0.577350259
vn -0.577349901 0.577350676 0.577350318
vn -0.577350378 -0.577349722 0.577350676
vn 0.57735002 -0.577350378 0.577350259
vn 0.577350497 0.57735008 0.57735014
vn 0.459025323 0.888423204 0
vn 0.216541141 0.976273417 0
vn 0.216541141 0.976273417 0
vn 0.459025472 0.888423085 0
vn 0.984807849 0.17364791 0
vn 0.984807968 0.173647314 0
vn 0.769049287 -0.639189541 0
vn 0.769049287 -0.639189541 0
vn 0.621075749 -0.783750534 0
vn 0.621075749 -0.783750534 0
vn -0.477428138 -0.878670812 2.38041889E-06
vn -0.21715644 -0.976136744 -7.29205567E-07
vn -0.217156425 -0.976136744 -7.29205397E-07
vn -0.477434725 -0.878667235 2.38050097E-06
vn -0.984413087 -0.175871804 3.25393398E-06
vn -0.984413087 -0.175872236 3.25393626E-06
vn -0.783533752 0.621349216 0
vn -0.783533812 0.621349096 0
vn -0.621397316 0.783495605 0
vn -0.621397316 0.783495605 0
vn 0.866025329 0.50000006 1.05086599E-07
vn -0.866025507 0.499999851 1.05086585E-07
vn 0.866025507 0.499999851 1.05086585E-07
vn -0.866025329 0.50000006 1.05086599E-07
vn 0 -1 -2.12292647E-07
vn 0 -1 -2.1229269E-07
vn 0.866025507 0.499999851 1.05086585E-07
vn 0.866025329 0.50000006 1.05086599E-07
vn 0.00631298032 -0.00884344988 0.999940991
vn 0.00631297985 -0.00884344988 0.999940991
vn 0.00631297985 -0.00884345081 0.999940991
vn 0.00631297985 -0.00884344988 0.999940991
vn 0.00631298032 -0.00884345081 0.999940991
vn -0.00631297287 0.00884345546 -0.999940991
vn -0.00631297287 0.00884345546 -0.999940991
vn -0.0063129724 0.00884345639 -0.999940991
vn -0.00631297193 0.00884345546 -0.999940991
vn -0.00631297287 0.00884345546 -0.999940991
vn -0.00216097897 -0.00222106767 0.999995232
vn -0.00216097897 -0.00222106767 0.999995232
vn -0.00216097897 -0.0022210679 0.999995232
vn -0.00216097897 -0.0022210679 0.999995232
vn -0.00216097897 -0.0022210679 0.999995232
vn -0.00216097897 -0.0022210679 0.999995232
vn 0.0021609806 0.00222106534 -0.999995232
vn 0.0021609806 0.00222106534 -0.999995232
vn 0.00216098037 0.00222106511 -0.999995232
vn 0.0021609806 0.00222106534 -0.999995232
vn 0.0021609806 0.00222106534 -0.999995232
vn 0.0021609806 0.00222106534 -0.999995232
vn 0.00631288113 -0.00884315092 -0.999940991
vn 0.00631288113 -0.00884315092 -0.999940991
vn 0.00631288067 -0.00884315185 -0.999940991
vn 0.00631288113 -0.00884315092 -0.999940991
vn 0.00631287973 -0.00884315092 -0.999940991
vn -0.00631287368 0.00884315465 0.999940991
vn -0.00631287321 0.00884315465 0.999940991
vn -0.00631287321 0.00884315465 0.999940991
vn -0.00631287368 0.00884315465 0.999940991
vn -0.00631287321 0.00884315465 0.999940991
vn -0.00216029375 -0.00222143997 -0.999995232
vn -0.00216029375 -0.00222143997 -0.999995232
vn -0.00216029375 -0.00222143997 -0.999995232
vn -0.00216029375 -0.00222143997 -0.999995232
vn -0.00216029375 -0.00222143997 -0.999995232
vn -0.00216029375 -0.00222143997 -0.999995232
vn 0.00216019806 0.00222133612 0.999995232
vn 0.00216019782 0.00222133612 0.999995232
vn 0.00216019806 0.00222133612 0.999995232
vn 0.00216019806 0.00222133612 0.999995232
vn 0.00216019806 0.00222133612 0.999995232
vn 0.00216019806 0.00222133589 0.999995232
vn 0.0107217953 0.120906286 -0.992606044
vn -0.999412894 -0.0304803718 -0.0156442523
vn -0.849325836 0.52437824 0.0606061891
vn -0.0137583334 0.680549502 -0.732572913
vn 0.999390602 0.0335517973 -0.0096333148
vn 0.827104151 0.558426321 0.0637081638
vn 0.0119041102 -0.120180242 0.992680728
vn -0.0133049991 0.522805572 0.852348208
vn -0.999412894 -0.0304803718 -0.0156442523
vn -0.849325836 0.52437824 0.0606061891
vn 0.966145098 0.00661766715 0.257914603
vn 0.52708602 0.666977048 -0.526613533
vn 0.926227689 0.282203734 0.249926522
vn 0.705907047 0.015193766 -0.708141506
vn -0.258233964 0.0128067927 -0.965997577
vn -0.24921605 0.284738004 -0.925643384
vn -0.72309798 0.663371623 -0.192529261
vn -0.964765489 0.00244575273 -0.2630997
vn -0.707331598 -0.00608926453 0.706855714
vn -0.679048836 0.277022421 0.67981708
vn 0.261582404 -0.00382085796 0.965173542
vn 0.193266392 0.661595047 0.724527478
vn 0.966145098 0.00661766715 0.257914603
vn 0.926227689 0.282203734 0.249926522
vn 0.0120147225 0.120689474 0.992617667
vn -0.851545513 0.520907521 -0.0593774244
vn -0.999399781 -0.0301737357 0.0170177538
vn -0.0130424183 0.68204999 0.731189251
vn 0.999374449 0.0335809067 0.0110916346
vn 0.83071512 0.553199351 -0.0623117983
vn 0.0130912215 -0.119888492 -0.992701054
vn -0.0126462532 0.527828872 -0.849256575
vn -0.999399781 -0.0301737357 0.0170177538
vn -0.851545513 0.520907521 -0.0593774244
vn 0.96617204 0.00643983437 -0.257818013
vn 0.920442998 0.301634908 -0.248598456
vn 0.525434494 0.669508815 0.52504909
vn 0.705989122 0.0148322303 0.708067298
vn -0.247814819 0.304067761 0.919853508
vn -0.258170605 0.0126353009 0.96601671
vn -0.720889211 0.665885329 0.192134142
vn -0.964854717 0.00207221252 0.262775749
vn -0.674839437 0.296678811 -0.675702095
vn -0.707357049 -0.00628289487 -0.706828475
vn 0.26136148 -0.00419635884 -0.965231836
vn 0.19281514 0.664096415 -0.722356081
vn 0.920442998 0.301634908 -0.248598456
vn 0.96617204 0.00643983437 -0.257818013
vn -0.70710659 0.000701767916 0.70710659
vn 0.70710659 0.000701767916 0.70710659
vn 0.577220023 0.577610672 0.577220023
vn -0.577220023 0.577610672 0.577220023
vn -0.70710665 0.000701615063 -0.707106471
vn -0.577220082 0.577610552 -0.577220023
vn 0.70710659 0.000701615238 -0.70710665
vn -0.70710665 0.000701615063 -0.707106471
vn -0.577220082 0.577610552 -0.577220023
vn 0.577219963 0.577610731 -0.577220142
vn 0.70710659 0.000701767916 0.70710659
vn 0.577220023 0.577610672 0.577220023
vn -0.577220023 0.577610672 0.577220023
vn 0.577220023 0.577610672 0.577220023
vn 0.577219963 0.577610731 -0.577220142
vn -0.577220082 0.577610552 -0.577220023
vn -0.70710665 0.000543692091 -0.70710665
vn 0.577249348 0.57755208 -0.577249467
vn 0.70710665 0.000543699076 -0.70710665
vn -0.577249348 0.57755208 -0.577249467
vn -0.70710659 0.000543858798 0.70710665
vn -0.577249348 0.57755214 0.577249348
vn 0.70710659 0.000543865841 0.70710665
vn -0.577249348 0.57755214 0.577249348
vn -0.70710659 0.000543858798 0.70710665
vn 0.577249348 0.57755214 0.577249348
vn 0.70710665 0.000543699076 -0.70710665
vn 0.577249348 0.57755208 -0.577249467
vn -0.577249348 0.57755208 -0.577249467
vn -0.577249348 0.57755214 0.577249348
vn 0.577249348 0.57755214 0.577249348
vn 0.577249348 0.57755208 -0.577249467
vn 0.866025507 0.499999911 1.48222185E-07
vn 0.866025329 0.50000006 1.48222213E-07
vn 0 1 2.96414839E-07
vn 0 1 2.96414868E-07
vn -0.866025329 0.500000119 1.4835895E-07
vn -0.866025448 0.499999911 1.48358907E-07
vn -0.866025865 -0.499999225 -1.48042474E-07
vn -0.866025805 -0.499999404 -1.48042517E-07
vn 0 -1 -2.96170924E-07
vn 0 -1 -2.96170896E-07
vn 0.866025805 -0.499999493 -1.48042503E-07
vn 0.866025805 -0.499999404 -1.48042474E-07
vn 0.866025329 0.50000006 1.48222213E-07
vn 0.866025507 0.499999911 1.48222185E-07
vn 0.525434494 0.669508815 0.52504909
vn -0.720889211 0.665885329 0.192134142
vn -0.247814819 0.304067761 0.919853508
vn 0.19281514 0.664096415 -0.722356081
vn 0.920442998 0.301634908 -0.248598456
vn -0.674839437 0.296678811 -0.675702095
vn 0.52708602 0.666977048 -0.526613533
vn 0.193266392 0.661595047 0.724527478
vn 0.926227689 0.282203734 0.249926522
vn -0.72309798 0.663371623 -0.192529261
vn -0.679048836 0.277022421 0.67981708
vn -0.851545513 0.520907521 -0.0593774244
vn -0.0130424183 0.68204999 0.731189251
vn 0.83071512 0.553199351 -0.0623117983
vn -0.0126462532 0.527828872 -0.849256575
vn 0.362170905 -0.931320548 0.038395144
vn 0.169033781 -0.434670031 0.884584427
vn 0.16903384 -0.43467024 0.884584367
vn 0.362170875 -0.931320548 0.0383959934
vn 0.193134397 -0.496643573 -0.846194029
vn 0.193134397 -0.496643513 -0.846194029
vn -0.169038683 0.434682935 -0.884577096
vn -0.169038668 0.434682786 -0.884577155
vn -0.362170994 0.931320965 -0.0383852832
vn -0.362171024 0.931320965 -0.038385231
vn -0.193136156 0.496648073 0.846190929
vn -0.193135858 0.496647298 0.846191525
vn 0.169033781 -0.434670031 0.884584427
vn 0.16903384 -0.43467024 0.884584367
vn -0.258628279 -0.965213776 0.0383894704
vn -0.120709457 -0.450493306 0.884581804
vn -0.120709479 -0.450493425 0.884581745
vn -0.258628309 -0.965213776 0.0383902714
vn -0.137918353 -0.514718711 -0.846193433
vn -0.137918532 -0.514719486 -0.846192896
vn 0.120709203 0.450492173 -0.88458246
vn 0.120709471 0.450493217 -0.884581923
vn 0.258628219 0.965213776 -0.038391158
vn 0.258628249 0.965213656 -0.038392175
vn 0.137918577 0.514719605 0.846192718
vn 0.137918696 0.514720082 0.846192479
vn -0.120709457 -0.450493306 0.884581804
vn -0.120709479 -0.450493425 0.884581745
vn 0.540707052 0.800622761 -0.258145511
vn 0.432170659 0.73601687 0.521064043
vn 0.669617593 0.235562608 0.704359651
vn 0.918598354 0.298621148 -0.25884828
vn 0.00259973248 0.694102049 -0.719871938
vn 0.941192925 0.213317499 -0.262014091
vn 0.693547666 0.151544586 0.704291046
vn 0.252070159 0.0627835393 -0.965670168
vn 0.23241666 0.147458076 -0.961373329
vn -0.687959731 -0.150216132 -0.710032821
vn -0.704375088 -0.0670066178 -0.706658244
vn -0.661135256 0.457521141 -0.594621301
vn -0.942818522 -0.213611439 0.255858094
vn -0.957530737 -0.128766179 0.257980645
vn -0.726762414 0.657133758 0.199979141
vn -0.276490092 0.349627703 0.895161271
vn -0.250432491 -0.062381763 0.96612221
vn -0.267878354 0.0224936437 0.963190138
vn 0.693547666 0.151544586 0.704291046
vn 0.669617593 0.235562608 0.704359651
vn 0.432170659 0.73601687 0.521064043
vn -0.276490092 0.349627703 0.895161271
vn -0.726762414 0.657133758 0.199979141
vn -0.276490092 0.349627703 0.895161271
vn 0.432170659 0.73601687 0.521064043
vn -0.661135256 0.457521141 -0.594621301
vn 0.540707052 0.800622761 -0.258145511
vn 0.00259973248 0.694102049 -0.719871938
vn 0.362170994 -0.931320846 -0.0383876041
vn 0.1690339 -0.43467018 -0.884584248
vn 0.169033661 -0.434669524 -0.884584606
vn 0.362170994 -0.931320846 -0.038388025
vn 0.193131134 -0.496635407 0.846199453
vn 0.193131164 -0.496635526 0.846199453
vn -0.169040695 0.434687644 0.884574354
vn -0.169040725 0.434687644 0.884574354
vn -0.362171024 0.931321025 0.0383820273
vn -0.362171054 0.931321025 0.0383828506
vn -0.1931362 0.49664852 -0.846190691
vn -0.193135992 0.496647954 -0.846190989
vn 0.169033661 -0.434669524 -0.884584606
vn 0.1690339 -0.43467018 -0.884584248
vn -0.258628309 -0.965213835 -0.0383861028
vn -0.120710701 -0.450498074 -0.884579241
vn -0.120710716 -0.450498164 -0.884579122
vn -0.258628309 -0.965213835 -0.03838614
vn -0.137918636 -0.514719903 0.846192539
vn -0.137918547 -0.514719546 0.846192777
vn 0.1207093 0.450492293 0.8845824
vn 0.120709635 0.450493485 0.884581745
vn 0.258628428 0.965213656 0.0383914672
vn 0.258628368 0.965213656 0.0383909978
vn 0.137918323 0.514718413 -0.846193492
vn 0.137918577 0.514719367 -0.846192896
vn -0.120710716 -0.450498164 -0.884579122
vn -0.120710701 -0.450498074 -0.884579241
vn 0.540709674 0.800620496 0.258147001
vn 0.669617534 0.235561371 -0.704360068
vn 0.432171702 0.736014724 -0.521066129
vn 0.918598831 0.298619092 0.258849025
vn 0.693548203 0.151545048 -0.70429039
vn 0.941192746 0.213317364 0.262015194
vn 0.00259876112 0.694099307 0.71987462
vn 0.232416004 0.147456333 0.961373746
vn 0.252069741 0.0627831072 0.965670288
vn -0.704375446 -0.0670072511 0.706657827
vn -0.661135674 0.457518995 0.594622493
vn -0.68795985 -0.150216445 0.710032642
vn -0.957530737 -0.128765851 -0.257980824
vn -0.726759911 0.657136381 -0.199979529
vn -0.276490122 0.349624515 -0.895162463
vn -0.942818642 -0.213611305 -0.255858123
vn -0.267878681 0.0224933103 -0.963190019
vn -0.250432611 -0.0623813346 -0.96612221
vn 0.669617534 0.235561371 -0.704360068
vn 0.693548203 0.151545048 -0.70429039
vn 0.432171702 0.736014724 -0.521066129
vn -0.276490122 0.349624515 -0.895162463
vn -0.726759911 0.657136381 -0.199979529
vn 0.432171702 0.736014724 -0.521066129
vn -0.276490122 0.349624515 -0.895162463
vn -0.661135674 0.457518995 0.594622493
vn 0.540709674 0.800620496 0.258147001
vn 0.00259876112 0.694099307 0.71987462
vn -0.706993639 -0.0178779885 -0.706993878
vn -0.0117238564 0.397301883 -0.917613029
vn 0 -0.0178779904 -0.99984014
vn -0.644042134 0.412818462 -0.644042492
vn -0.99984014 -0.0178779755 0
vn -0.627666652 0.386198163 -0.675933123
vn -0.12591736 0.356705934 -0.925692022
vn -0.910813332 0.412818491 0
vn -0.706993639 -0.0178778805 0.706993878
vn -0.815985203 0.0191028919 -0.577757061
vn 0.107181892 -0.0812019333 -0.990917861
vn -0.936724246 0.346410662 0.0504711233
vn -0.644042134 0.412818462 0.644042373
vn 0 -0.0178778097 0.99984014
vn -0.672516823 0.137476191 -0.727201104
vn 0.111704931 0.17317757 -0.978535354
vn -0.996212482 0.0320614614 0.0808256641
vn -0.631445527 0.38463822 0.673297822
vn -0.0117238881 0.397302061 0.917613029
vn 0.70699358 -0.0178778768 0.706993937
vn -0.96737659 0.249180049 0.0457377024
vn -0.73304987 0.0552164055 -0.677929878
vn 0.0432142764 0.100543693 -0.9939937
vn -0.720528722 -0.0210888758 0.693104386
vn -0.124472149 0.335317492 0.933846235
vn 0.62403965 0.319934785 0.71289283
vn 0.99984014 -0.0178779755 0
vn -0.548985243 0.630262434 -0.548985004
vn 2.71043774E-07 0.630262494 -0.776382089
vn -0.776382029 0.630262613 0
vn -0.999778092 0.0209089126 -0.00255587744
vn -0.548985362 0.630262434 0.548985004
vn -0.744896591 0.0536223948 0.665021658
vn -3.02931113E-07 0.630262613 0.776382089
vn -0.716899693 0.15015617 0.680814147
vn 0.0253316443 0.100002654 0.994664669
vn 0.548985124 0.630262315 0.548985183
vn 0.0767456368 0.201742038 0.976427317
vn 0.782781959 0.0560328215 0.619768262
vn 0.776382029 0.630262613 0
vn 0.0657399818 -0.0763694793 0.994910061
vn 0.999975324 0.00702618062 0
vn 0.548985362 0.630262494 -0.548984766
vn 0.848025382 0.22988379 0.477500021
vn 0.811649621 0.0811158717 0.57848531
vn 0.780807972 0.0554362386 -0.622306824
vn 2.71043774E-07 0.630262494 -0.776382089
vn 0.0432142764 0.100543693 -0.9939937
vn 0.986597478 0.163173586 0
vn 0.848403811 0.232594997 -0.475510776
vn 0.111704931 0.17317757 -0.978535354
vn 0.774079561 0.283807576 0.565909982
vn 0.95597142 0.293459773 0
vn 0.810666263 0.0876837596 -0.578905761
vn 0.107181892 -0.0812019333 -0.990917861
vn 0.957985342 0.286817372 0
vn 0.771740854 0.285811871 -0.568091154
vn -0.12591736 0.356705934 -0.925692022
vn 0.990956485 0.134183884 0
vn 0.706993639 -0.0178779904 -0.706993878
vn 0.624039769 0.319934666 -0.712892771
vn -0.0117238564 0.397301883 -0.917613029
vn 0 -0.0178779904 -0.99984014
vn 0.548985362 0.630262494 -0.548984766
vn 2.71043774E-07 0.630262494 -0.776382089
vn -0.548985243 0.630262434 -0.548985004
vn 0.776382029 0.630262613 0
vn -0.776382029 0.630262613 0
vn -0.548985362 0.630262434 0.548985004
vn 0.548985124 0.630262315 0.548985183
vn -3.02931113E-07 0.630262613 0.776382089
vn 1.12631017E-06 -0.998374224 0.0569992252
vn 0.707503557 -0.706709743 -1.5131458E-05
vn 1.06814525E-06 -1 -2.36407923E-05
vn 0.715249836 -0.697730541 0.0398716554
vn 5.53234429E-07 -0.973922849 0.226879179
vn 0.999999762 0.000802926952 -8.97597772E-07
vn 0.724469543 -0.671322048 0.156431168
vn 5.53484824E-07 -0.898202837 0.439581364
vn 0.999880433 0.0154388417 -0.000946910761
vn 0.70669508 0.70751816 4.05541368E-06
vn 0.72403717 -0.619548261 0.303199708
vn 1.7011514E-06 -0.780081987 0.625677228
vn 0.69979465 0.713161886 -0.0410806201
vn 0 1 3.32112154E-06
vn 0.999527454 0.0299247485 -0.00702818856
vn 0.723694444 -0.538353264 0.431789458
vn 1.72128284E-06 -0.625675142 0.780083656
vn 5.52766721E-07 0.998344064 -0.0575262457
vn -0.706691384 0.707521856 3.85259682E-06
vn 0.693605304 0.701494515 -0.163759723
vn 0.999543369 0.027142724 -0.0132774469
vn 0.723693192 -0.431788743 0.53835547
vn 1.64032735E-06 -0.439582229 0.89820236
vn -0.699790955 0.713165522 -0.0410783738
vn -0.999999762 0.000805538148 -1.20261609E-06
vn 0.999559581 0.0231509153 -0.0185671691
vn 1.0201818E-06 0.973813653 -0.227347687
vn 0.693725169 0.646940589 -0.316564709
vn 0.724037588 -0.303200692 0.619547427
vn 3.37976007E-06 -0.226879075 0.973922849
vn -0.999880314 0.0154408086 -0.000943926163
vn -0.707500935 -0.706712425 -1.51913418E-05
vn 0.9995597 0.0185648967 -0.023147082
vn 0.693933368 0.561701477 -0.450497419
vn -0.693601847 0.701497972 -0.163759351
vn 1.66667223E-06 0.898230791 -0.439524025
vn 0.724471927 -0.156430513 0.671319544
vn 3.35860773E-06 -0.0569132268 0.998379111
vn -0.715247691 -0.697732687 0.0398722067
vn 1.06814525E-06 -1 -2.36407923E-05
vn 1.12631017E-06 -0.998374224 0.0569992252
vn -0.999527454 0.0299244057 -0.00702555291
vn -0.724463701 -0.67132771 0.156433359
vn 5.53234429E-07 -0.973922849 0.226879179
vn -0.693718255 0.646947145 -0.316566676
vn -0.724029601 -0.619554758 0.303204328
vn 5.53484824E-07 -0.898202837 0.439581364
vn -0.999543369 0.0271423198 -0.0132753514
vn 3.19299738E-06 0.780100346 -0.625654399
vn -0.723688841 -0.538357019 0.431794137
vn 1.7011514E-06 -0.780081987 0.625677228
vn -0.999559581 0.0231498014 -0.0185628366
vn -0.69393003 0.56170541 -0.450497687
vn 0.69393295 0.450498313 -0.561701238
vn -0.723687708 -0.431793422 0.538359165
vn 1.72128284E-06 -0.625675142 0.780083656
vn 3.19299534E-06 0.625655532 -0.780099392
vn -0.99955982 0.0185605567 -0.0231459327
vn -0.693929553 0.450498641 -0.561705112
vn 0.999543369 0.0132776797 -0.0271435976
vn -0.724030375 -0.303202778 0.619554698
vn 1.64032735E-06 -0.439582229 0.89820236
vn 0.693724811 0.316565335 -0.646940708
vn 1.66666814E-06 0.439524889 -0.898230433
vn -0.999543309 0.0132779572 -0.0271449201
vn -0.693717897 0.316567272 -0.646947086
vn 0.999527454 0.00702908123 -0.0299250353
vn -0.724469543 -0.156429663 0.671322405
vn 3.37976007E-06 -0.226879075 0.973922849
vn 0.693606675 0.163761079 -0.701492786
vn 1.04143624E-06 0.227352217 -0.97381264
vn -0.999527216 0.00703008007 -0.029930288
vn -0.693602204 0.163761467 -0.701496959
vn 0.715297759 -0.0398159623 0.697684526
vn 2.21846994E-06 0.00019507877 1
vn 0.707411826 0.000125761304 0.706801593
vn 0.999879122 0.00095256319 -0.0155225545
vn 0.999999762 1.03574394E-05 -0.000649607449
vn 0.699763596 0.0410694145 -0.713192999
vn 0.706762016 -2.96686867E-05 -0.707451344
vn 5.52763879E-07 0.0575183854 -0.998344421
vn 0 -2.4273515E-05 -1
vn -0.699758172 0.0410683043 -0.713198304
vn -0.706756413 -2.88528663E-05 -0.707456946
vn -0.999879003 0.000950676214 -0.0155297276
vn -0.999999762 1.03407783E-05 -0.000654889096
vn -0.715295911 -0.0398176126 0.697686434
vn -0.707407653 0.000124230224 0.706805766
vn 3.35860773E-06 -0.0569132268 0.998379111
vn 2.21846994E-06 0.00019507877 1
vn -0.548985064 -0.630262494 -0.548985124
vn 0 0.630262375 -0.776382148
vn 0 -0.630262375 -0.776382148
vn -0.548985064 0.630262494 -0.548985124
vn -0.776382267 -0.630262375 0
vn -0.776382267 0.630262375 0
vn -0.548984885 -0.630262554 0.548985243
vn -0.548984945 0.630262554 0.548985183
vn 0 -0.630262494 0.776382148
vn 0 0.630262613 0.776382089
vn 0.548984885 -0.630262554 0.548985243
vn 0.548984945 0.630262554 0.548985183
vn 0.776382267 -0.630262375 0
vn 0.776382267 0.630262375 0
vn 0.548985064 -0.630262494 -0.548985124
vn 0.548985064 0.630262494 -0.548985124
vn 0 -0.630262375 -0.776382148
vn 0 0.630262375 -0.776382148
vn -0.548985064 -0.630262494 -0.548985124
vn 0 -0.630262375 -0.776382148
vn 0.548985064 -0.630262494 -0.548985124
vn -0.776382267 -0.630262375 0
vn 0.776382267 -0.630262375 0
vn -0.548984885 -0.630262554 0.548985243
vn 0.548984885 -0.630262554 0.548985243
vn 0 -0.630262494 0.776382148
vn 0.548985064 0.630262494 -0.548985124
vn 0 0.630262375 -0.776382148
vn -0.548985064 0.630262494 -0.548985124
vn 0.776382267 0.630262375 0
vn -0.776382267 0.630262375 0
vn 0.548984945 0.630262554 0.548985183
vn -0.548984945 0.630262554 0.548985183
vn 0 0.630262613 0.776382089
vn -0.76685673 0.112610295 0.631862044
vn -0.703761101 0.326152593 -0.631145597
vn -0.70376116 0.326152325 0.631145597
vn -0.766856492 0.112610705 -0.631862342
vn -0.76685673 -0.112610675 0.631862044
vn 0.639708161 0.0939259306 0.762857318
vn 0.639708161 -0.0939271897 0.762857199
vn 0.585789979 0.271443993 0.76365453
vn -0.70376116 -0.326152533 0.631145597
vn 0.486621141 0.423023134 0.764363289
vn -0.766856492 -0.112610042 -0.631862402
vn -0.585781753 -0.509243429 0.630500376
vn 0.35108012 0.541186452 0.764107347
vn -0.70376128 -0.326152176 -0.631145537
vn -0.422356784 -0.650992274 0.630732775
vn 0.185056195 0.619193971 0.763120592
vn -0.585782051 -0.509243369 -0.630500376
vn -0.221998185 -0.742798746 0.631638169
vn -4.6998565E-07 0.646558523 0.762864351
vn -0.422356904 -0.650991917 -0.630733192
vn -6.03678757E-07 -0.775104344 0.631833136
vn -0.185056016 0.619193912 0.763120592
vn -0.221998304 -0.742798328 -0.631638587
vn 0.221997797 -0.742798805 0.631638348
vn -0.351080239 0.541186452 0.764107287
vn -5.27861687E-07 -0.775103927 -0.631833792
vn 0.422357172 -0.650992155 0.630732596
vn -0.486620754 0.423023313 0.764363587
vn 0.221997917 -0.742798448 -0.631638706
vn 0.585781455 -0.509244025 0.630500138
vn -0.585790217 0.271444529 0.763654172
vn 0.422357202 -0.650991738 -0.630733013
vn 0.703760743 -0.326152951 0.631145716
vn -0.639708102 0.0939266011 0.762857318
vn 0.585781753 -0.509243965 -0.630500078
vn 0.76685673 -0.112610891 0.631861985
vn -0.639708638 -0.0939266905 0.762856901
vn 0.703760922 -0.326152563 -0.631145716
vn 0.76685667 0.112609886 0.631862283
vn -0.585789979 -0.271444529 0.763654351
vn 0.76685667 -0.11261031 -0.631862223
vn 0.703761041 0.326152414 0.631145656
vn -0.486620843 -0.423023641 0.764363229
vn 0.766856492 0.112610273 -0.631862283
vn 0.585781753 0.509243727 0.630500138
vn -0.351079822 -0.541186512 0.764107406
vn 0.703761041 0.326152682 -0.631145656
vn 0.422356933 0.650992155 0.630732834
vn -0.185056254 -0.619194269 0.763120353
vn 0.585781455 0.509244025 -0.630500138
vn 0.221998259 0.742798507 0.631638348
vn 9.95749588E-07 -0.646559179 0.762863874
vn 0.422356725 0.650992274 -0.630732834
vn -1.38760328E-07 0.775103867 0.631833851
vn 0.185055986 -0.619193912 0.763120711
vn 0.221998259 0.742798746 -0.631638288
vn -0.22199811 0.742798746 0.631638288
vn 0.351079196 -0.541187167 0.764107227
vn -2.11716738E-07 0.775104225 -0.631833494
vn -0.422356278 0.650992513 0.630732834
vn 0.486621022 -0.423023701 0.76436317
vn -0.221998066 0.742799044 -0.631637931
vn -0.585781515 0.509243846 0.630500376
vn 0.585789979 -0.271444321 0.76365453
vn -0.70376116 0.326152325 0.631145597
vn -0.422356039 0.650992692 -0.630732894
vn -0.585781217 0.509244025 -0.630500376
vn -0.703761101 0.326152593 -0.631145597
vn 0.486621231 -0.423023432 -0.76436317
vn 0.585789979 -0.271444023 -0.76365459
vn 0.351079404 -0.541186988 -0.764107287
vn 0.185056031 -0.619193614 -0.76312089
vn 2.1485063E-07 -0.646558881 -0.762864113
vn -0.185056269 -0.61919415 -0.763120472
vn -0.351079941 -0.541186273 -0.764107466
vn -0.486621052 -0.423023373 -0.764363289
vn -0.585789979 -0.271444291 -0.763654411
vn -0.639708221 -0.0939262286 -0.762857258
vn -0.639707983 0.0939268246 -0.762857437
vn -0.585789979 0.271444976 -0.763654232
vn -0.486620516 0.423023492 -0.764363587
vn -0.35108009 0.54118675 -0.764107227
vn -0.185055971 0.619194388 -0.763120294
vn 3.11946252E-07 0.64655906 -0.762863934
vn 0.18505615 0.619194627 -0.763120055
vn 0.351079941 0.54118669 -0.764107227
vn 0.486621112 0.423023313 -0.764363289
vn 0.585789979 0.27144441 -0.763654351
vn 0.6397084 0.0939268991 -0.76285702
vn 0.639708102 -0.0939264148 -0.762857318
vn 0.585789979 -0.271444023 -0.76365459
vn -0.703761101 0.326152593 -0.631145597
vn 0.639708102 -0.0939264148 -0.762857318
vn 0.639708161 0.0939259306 0.762857318
vn 0.639708161 -0.0939271897 0.762857199
vn 0.6397084 0.0939268991 -0.76285702
vn 0.585789979 0.271443993 0.76365453
vn 0.585789979 0.27144441 -0.763654351
vn 0.486621141 0.423023134 0.764363289
vn 0.486621112 0.423023313 -0.764363289
vn 0.35108012 0.541186452 0.764107347
vn 0.351079941 0.54118669 -0.764107227
vn 0.185056195 0.619193971 0.763120592
vn 0.18505615 0.619194627 -0.763120055
vn -4.6998565E-07 0.646558523 0.762864351
vn 3.11946252E-07 0.64655906 -0.762863934
vn -0.185056016 0.619193912 0.763120592
vn -0.185055971 0.619194388 -0.763120294
vn -0.351080239 0.541186452 0.764107287
vn -0.35108009 0.54118675 -0.764107227
vn -0.486620754 0.423023313 0.764363587
vn -0.486620516 0.423023492 -0.764363587
vn -0.585790217 0.271444529 0.763654172
vn -0.585789979 0.271444976 -0.763654232
vn -0.639708102 0.0939266011 0.762857318
vn -0.639707983 0.0939268246 -0.762857437
vn -0.639708221 -0.0939262286 -0.762857258
vn -0.639708638 -0.0939266905 0.762856901
vn -0.585789979 -0.271444529 0.763654351
vn -0.585789979 -0.271444291 -0.763654411
vn -0.486620843 -0.423023641 0.764363229
vn -0.486621052 -0.423023373 -0.764363289
vn -0.351079822 -0.541186512 0.764107406
vn -0.351079941 -0.541186273 -0.764107466
vn -0.185056254 -0.619194269 0.763120353
vn -0.185056269 -0.61919415 -0.763120472
vn 9.95749588E-07 -0.646559179 0.762863874
vn 2.1485063E-07 -0.646558881 -0.762864113
vn 0.185055986 -0.619193912 0.763120711
vn 0.185056031 -0.619193614 -0.76312089
vn 0.351079196 -0.541187167 0.764107227
vn 0.351079404 -0.541186988 -0.764107287
vn 0.486621022 -0.423023701 0.76436317
vn 0.486621231 -0.423023432 -0.76436317
vn 0.585789979 -0.271444321 0.76365453
vn 0.585789979 -0.271444023 -0.76365459
vn 0.585789979 -0.271444023 -0.76365459
vn 0.639708102 -0.0939264148 -0.762857318
vn 0.639708161 -0.0939271897 0.762857199
vn 0.585789979 -0.271444321 0.76365453
vn -0.70376116 0.326152325 0.631145597
vn 0.585789979 -0.271444321 0.76365453
vn 0.639708161 -0.0939271897 0.762857199
vn -1 0 0
vn -1 0 0
vn -1 0 0
vn -1 0 0
vn 1 0 0
vn 1 0 0
vn 1 0 0
vn 1 0 0
vn 0 -1 0
vn 0 -1 0
vn 0 -1 0
vn 0 -1 0
vn 1.8153473E-07 -0.317903757 0.948122978
vn 2.07185934E-07 -0.472155154 0.881515503
vn 2.07185906E-07 -0.472155154 0.881515503
vn 1.8153473E-07 -0.317903817 0.948122978
vn 0 1 0
vn 0 1 0
vn 0 1 0
vn 0 1 0
vn 0 -0.317903638 -0.948123097
vn 0 -0.317903638 -0.948123097
vn 0 -0.154678047 -0.987964988
vn 0 -0.154678047 -0.987964988
vn -1 0 0
vn -1 0 0
vn -1 0 0
vn -1 0 0
vn 1 0 0
vn 1 0 0
vn 1 0 0
vn 1 0 0
vn 1.50758851E-07 -0.154678047 0.987964988
vn 1.50758851E-07 -0.154678047 0.987964988
vn 1.8153473E-07 -0.317903757 0.948122978
vn 1.8153473E-07 -0.317903817 0.948122978
vn -1.27499035E-07 -0.472154766 -0.881515682
vn 0 -0.317903638 -0.948123097
vn 0 -0.317903638 -0.948123097
vn -1.27499035E-07 -0.472154826 -0.881515682
vn 0.706988692 0.0180042628 0.706995726
vn 0.706988633 0.0180042628 0.706995726
vn 0.706988633 0.0180042647 0.706995726
vn 0.706988633 0.0180042647 0.706995726
vn -0.706990242 -0.0180063453 0.706994057
vn -0.706990302 -0.0180063453 0.706994057
vn -0.706990302 -0.0180063471 0.706994057
vn -0.706990242 -0.0180063453 0.706994057
vn -0.706990302 -0.0180043764 -0.706994116
vn -0.706990242 -0.0180043746 -0.706994116
vn -0.706990302 -0.0180043802 -0.706994116
vn -0.706990302 -0.0180043764 -0.706994116
vn 0.706988633 0.0180062298 -0.706995666
vn 0.706988633 0.0180062298 -0.706995666
vn 0.706988633 0.0180062298 -0.706995726
vn 0.706988633 0.0180062298 -0.706995666
vn 0.016196629 0.000583425048 0.999868631
vn 0.706646323 0.0258420464 0.707094848
vn 0.705014586 0.061789237 0.706495821
vn 0.0232733674 0.00336747663 0.999723494
vn -0.706647575 -0.025854867 0.70709312
vn 0.677461267 0.198504224 0.708267093
vn -0.704919398 -0.0635350198 0.706435978
vn 0.0619811155 0.018297594 0.997909486
vn 0.592908978 0.38356483 0.708051562
vn -0.677442253 -0.198582307 0.708263397
vn 0.0544602722 0.0350861996 0.997899294
vn 0.461197734 0.53484714 0.70797962
vn -0.593001127 -0.383428246 0.708048344
vn 0.0411189348 0.0475742817 0.998021007
vn 0.295707554 0.641351044 0.707973063
vn -0.461271465 -0.534794629 0.707971334
vn 0.0260977186 0.0566558689 0.998052597
vn 0.105866916 0.6982072 0.708024621
vn -0.295687795 -0.641384184 0.707951188
vn 0.00944719091 0.0630331263 0.997966766
vn -0.110502683 0.707026601 0.698500276
vn -0.105729759 -0.698257685 0.707995296
vn -0.0138525078 0.0725321248 0.997269809
vn -0.468931466 0.507705688 0.722729683
vn 0.110490859 -0.707503974 0.698018491
vn -0.115155473 0.162202269 0.980015099
vn -0.666018844 0.273112714 0.694138646
vn 0.484704822 -0.484972805 0.727916718
vn 0.0213859566 0.0500227138 0.998519123
vn 0.698105812 -0.204853088 0.686063707
vn 0.0161966886 0.000584608992 -0.999868631
vn -0.706647515 -0.0258540194 -0.707093298
vn -0.704919338 -0.0635340586 -0.706436157
vn 0.0232730899 0.00336881541 -0.999723494
vn 0.706646264 0.0258428734 -0.707094848
vn -0.677442312 -0.198581412 -0.708263576
vn 0.705014169 0.0617901757 -0.706496239
vn 0.0619807132 0.0182989594 -0.997909486
vn -0.593001544 -0.383427501 -0.708048344
vn 0.677460849 0.198505297 -0.708267152
vn 0.0544598512 0.0350874104 -0.997899294
vn -0.461271912 -0.534793973 -0.707971513
vn 0.592908978 0.383565843 -0.708051085
vn 0.0411185808 0.0475753918 -0.998020887
vn -0.295688063 -0.641383469 -0.707951844
vn 0.461197644 0.534848094 -0.707979023
vn 0.0260973517 0.056656789 -0.998052597
vn -0.10572987 -0.698256791 -0.707996249
vn 0.295707285 0.6413517 -0.707972646
vn 0.00944694877 0.0630339161 -0.997966647
vn 0.110490791 -0.7075032 -0.698019326
vn 0.105866686 0.698207438 -0.708024323
vn -0.0138525348 0.0725327879 -0.997269809
vn 0.467271358 -0.508842766 -0.723005176
vn -0.110502653 0.70702672 -0.698500216
vn -0.141575307 0.118130118 -0.98285377
vn 0.666347861 -0.272482574 -0.694070399
vn -0.499355495 0.470305651 -0.727637649
vn -0.0243794136 -0.0475589037 -0.998570919
vn -0.697639585 0.205899835 -0.686224639
vn 0.0161965769 0.000583418296 0.999868631
vn 0.706646323 0.0258420408 0.707094848
vn 0.705014586 0.0617892481 0.706495821
vn 0.0232733116 0.00336747989 0.999723494
vn -0.706647456 -0.0258548632 0.707093179
vn 0.677461386 0.198504329 0.708266914
vn -0.704919577 -0.0635350198 0.706435919
vn 0.0619811341 0.018297622 0.997909486
vn 0.592909217 0.383564919 0.708051324
vn -0.677442431 -0.198582366 0.708263278
vn 0.0544602871 0.0350861885 0.997899294
vn 0.461197972 0.534847319 0.707979321
vn -0.593001187 -0.383428276 0.708048165
vn 0.0411189608 0.0475742817 0.998021007
vn 0.295707643 0.641351402 0.707972646
vn -0.461271524 -0.534794748 0.707971096
vn 0.0260976832 0.0566558875 0.998052597
vn 0.105866902 0.698207259 0.708024502
vn -0.295687973 -0.641384482 0.70795095
vn 0.00944716763 0.0630332306 0.997966766
vn -0.110504001 0.707026005 0.698500752
vn -0.105729781 -0.698257744 0.707995296
vn -0.0138505604 0.072532773 0.997269809
vn 0.110488884 -0.707503378 0.698019505
vn -0.498253912 0.471710593 0.727483511
vn 0.467954814 -0.50793767 0.723199546
vn -0.14064379 0.119699955 0.982797742
vn -0.696564794 0.208350778 0.686576545
vn -0.0227079876 -0.0440010242 0.998773396
vn 0.667591989 -0.270010442 0.69384104
vn 0.0161965787 0.000584597175 -0.999868631
vn -0.706647456 -0.025854025 -0.707093298
vn -0.704919398 -0.0635340735 -0.706436157
vn 0.023273116 0.00336880842 -0.999723494
vn 0.706646144 0.0258428659 -0.707095027
vn -0.677442491 -0.198581442 -0.708263457
vn 0.705014169 0.0617901757 -0.706496179
vn 0.0619807318 0.0182989538 -0.997909486
vn -0.593001425 -0.383427471 -0.708048403
vn 0.677460968 0.198505282 -0.708267093
vn 0.0544598512 0.0350873992 -0.997899294
vn -0.461271793 -0.534793913 -0.707971573
vn 0.59290874 0.383565784 -0.708051205
vn 0.0411185622 0.0475753769 -0.998020887
vn -0.295688063 -0.641383648 -0.707951725
vn 0.461197555 0.534847975 -0.707979023
vn 0.0260973498 0.0566567779 -0.998052597
vn -0.1057299 -0.698257029 -0.707995951
vn 0.295707256 0.6413517 -0.707972527
vn 0.00944693666 0.0630339161 -0.997966647
vn 0.110488839 -0.707502842 -0.698019981
vn 0.105866723 0.698207676 -0.708024144
vn -0.0138505725 0.0725333393 -0.997269809
vn 0.484113842 -0.485809743 -0.727751732
vn -0.110504009 0.707026422 -0.698500335
vn -0.11615333 0.160555348 -0.980168581
vn 0.697028816 -0.207319587 -0.686417818
vn -0.470050573 0.506379604 -0.722932994
vn 0.0197174754 0.0464649424 -0.998725235
vn -0.667254925 0.270655483 -0.693913937
vn 2.81397035E-07 -1.12433383E-06 1
vn 2.81397035E-07 -1.12433383E-06 1
vn 2.44697418E-07 -1.13960459E-06 1
vn 2.44273423E-07 -1.13978103E-06 1
vn 2.25189055E-07 -8.14985583E-07 1
vn 2.25223587E-07 -8.14317104E-07 1
vn 1.00736877E-07 -6.80670837E-07 1
vn 1.0066649E-07 -6.80773155E-07 1
vn -1.17176924E-07 -9.17433283E-07 1
vn -1.17078542E-07 -9.17393891E-07 1
vn 2.11584535E-07 -6.83264147E-07 1
vn 2.1065884E-07 -6.83869416E-07 1
vn 9.42050178E-07 -5.86430531E-07 1
vn 9.42056772E-07 -5.86433828E-07 1
vn 9.59701538E-07 -7.96993163E-07 1
vn 9.5897326E-07 -7.97095538E-07 1
vn 5.49694789E-07 -8.50568824E-07 1
vn 5.4956098E-07 -8.50582126E-07 1
vn 5.41003885E-07 -9.46290982E-07 1
vn 5.40963583E-07 -9.46253181E-07 1
vn 4.0388278E-07 -9.17081422E-07 1
vn 4.04324538E-07 -9.17303339E-07 1
vn 2.71685707E-07 -9.5167502E-07 1
vn 2.70590704E-07 -9.49973639E-07 1
vn 3.66770649E-07 -1.0994288E-06 1
vn 3.66770649E-07 -1.09942869E-06 1
vn 0.295136303 -0.955455184 0
vn 0.295136333 -0.955455184 0
vn 0.145264477 -0.989392877 -2.60612381E-07
vn 0.145264506 -0.989392877 -2.60612381E-07
vn -0.149829164 -0.988711834 -6.91525941E-07
vn -0.149829194 -0.988711834 -6.91526111E-07
vn -0.418694943 -0.908126891 -5.68417647E-07
vn -0.418694913 -0.908126891 -5.68417704E-07
vn -0.65307337 -0.757294714 -1.93737634E-07
vn -0.653073311 -0.757294714 -1.93737648E-07
vn -0.83968854 -0.543068171 0
vn -0.839688659 -0.543068111 0
vn -0.960049927 -0.279828638 1.3538174E-07
vn -0.960049927 -0.279828787 1.35381597E-07
vn -0.999976516 0.00685443869 3.12288449E-07
vn -0.999976516 0.00685428549 3.12288449E-07
vn -0.957691014 0.287798375 4.02969221E-07
vn -0.957691014 0.287798434 4.02969249E-07
vn -0.841060102 0.540941775 5.68844541E-07
vn -0.841060162 0.540941536 5.68844484E-07
vn -0.657599688 0.753367543 6.1598854E-07
vn -0.657599688 0.753367543 6.1598854E-07
vn -0.409085035 0.912496328 4.50791447E-07
vn -0.409085065 0.912496209 4.50791447E-07
vn -0.264446646 0.964400232 3.15302714E-07
vn -0.264446646 0.964400232 3.15302685E-07
vn 0 0 -1
vn 0 0 -1
vn -1.45514534E-07 0 -1
vn -1.4385239E-07 0 -1
vn -2.86077238E-07 0 -1
vn -2.86071042E-07 0 -1
vn -3.18215029E-07 3.84714951E-07 -1
vn -3.18197721E-07 3.84567414E-07 -1
vn -2.00929904E-07 6.61820252E-07 -1
vn -2.00732401E-07 6.61791319E-07 -1
vn -3.31346683E-07 5.29533622E-07 -1
vn -3.31989298E-07 5.29284137E-07 -1
vn -7.46747219E-07 5.77775154E-07 -1
vn -7.46744433E-07 5.777718E-07 -1
vn -5.79205391E-07 7.23123378E-07 -1
vn -5.79898995E-07 7.23153676E-07 -1
vn -3.65211889E-07 7.85388352E-07 -1
vn -3.65096867E-07 7.85285692E-07 -1
vn -4.92738764E-07 1.00218904E-06 -1
vn -4.92757692E-07 1.002251E-06 -1
vn -4.90835873E-07 1.11481552E-06 -1
vn -4.90747937E-07 1.11475902E-06 -1
vn -5.0772428E-07 1.46228729E-06 -1
vn -5.08442042E-07 1.46663103E-06 -1
vn -5.70745613E-07 1.84367423E-06 -1
vn -5.70745613E-07 1.84367411E-06 -1
vn -0.145387247 0.989374757 6.44016779E-07
vn -0.295380294 0.955379784 9.78184858E-07
vn -0.295380294 0.955379784 9.78184744E-07
vn -0.14538765 0.989374757 8.39261816E-07
vn 0.102475621 0.99473542 1.97024679E-06
vn 0.13758333 0.974065602 0.179630026
vn 0.149825379 0.98871243 6.19101854E-07
vn 0.418690473 0.908129096 1.03192451E-06
vn 0.420667976 0.889268458 0.179555178
vn 0.655547798 0.755132139 0.00571072428
vn 0.625633836 0.780116856 0
vn 0.460620254 0.887597322 1.00690556E-06
vn 0.625634074 0.780116618 0
vn 0.460620195 0.887597322 1.00690499E-06
vn 0.102468617 0.994736254 4.58215845E-06
vn 0.137584373 0.974065781 -0.179628581
vn 0.149826407 0.988712311 0
vn 0.420669436 0.88926816 -0.179553062
vn 0.418692321 0.908128202 0
vn 0.655548513 0.755131543 -0.0057104947
vn 0.731547534 0.658201635 -0.177788943
vn 0.839349389 0.543401897 -0.0143866874
vn 0.777696729 0.504131496 -0.37555182
vn 0.899973094 0.39784199 -0.178241432
vn 0.736535847 0.676398516 0
vn 0.959154308 0.282818288 -0.00607225671
vn 0.918775618 0.39478004 0
vn 0.736535847 0.676398516 0
vn 0.838715017 0.544570565 0
vn 0.838714957 0.544570684 0
vn 0.731547832 0.658201218 0.17778866
vn 0.839349389 0.543401957 0.0143863102
vn 0.777697027 0.504131019 0.37555185
vn 0.91877532 0.394780725 -1.30873929E-07
vn 0.959154189 0.282818466 0.0060719531
vn 0.899972796 0.397842795 0.178241506
vn 0.999976516 -0.00686606532 -2.16721517E-07
vn 0.999976516 -0.00686601782 -2.16721446E-07
vn 0.957692862 -0.287792236 -3.82757094E-07
vn 0.957692862 -0.287792355 -3.8275715E-07
vn 0.841056824 -0.540946901 -5.48115281E-07
vn 0.841056705 -0.54094702 -5.48115395E-07
vn 0.657593966 -0.75337249 -7.53165295E-07
vn 0.657593966 -0.75337255 -7.53165295E-07
vn 0.408971578 -0.912547171 -7.51998414E-07
vn 0.408971578 -0.912547171 -7.51998414E-07
vn 0.264206201 -0.964466214 -6.37198752E-07
vn 0.264206201 -0.964466214 -6.37198752E-07
vn -0.898127198 -0.439735711 -1.04906427E-07
vn -0.898127198 -0.439735711 -1.04906441E-07
vn -0.898127198 -0.43973574 -1.04906434E-07
vn -0.898127198 -0.439735711 -1.04906441E-07
vn -0.993743479 -0.111686654 2.48718152E-07
vn -0.993743479 -0.111686662 2.4871818E-07
vn -0.993743479 -0.111686654 2.48718152E-07
vn -0.993743479 -0.111686654 2.4871818E-07
vn 0.21277006 0.705937386 -0.675560057
vn 0.420669436 0.88926816 -0.179553062
vn 0.137584373 0.974065781 -0.179628581
vn 0.212770104 0.705937445 -0.675559998
vn 0.61839366 0.401503295 -0.675562263
vn 0.731547534 0.658201635 -0.177788943
vn 0.588500619 0.44564563 -0.674586535
vn 0.777696729 0.504131496 -0.37555182
vn 0.646514297 0.356243461 -0.674618363
vn 0.899973094 0.39784199 -0.178241432
vn 0.212767914 0.705934167 0.675563991
vn 0.13758333 0.974065602 0.179630026
vn 0.420667976 0.889268458 0.179555178
vn 0.212767914 0.705934227 0.675563931
vn 0.588500977 0.445644617 0.674586892
vn 0.731547832 0.658201218 0.17778866
vn 0.777697027 0.504131019 0.37555185
vn 0.618394017 0.401502281 0.67556262
vn 0.899972796 0.397842795 0.178241506
vn 0.646514416 0.356242478 0.674618602
vn 1.62934413E-07 -7.67785991E-07 1
vn 1.62934413E-07 -7.67785991E-07 1
vn 1.62934427E-07 -7.67785991E-07 1
vn 1.62934413E-07 -7.67785991E-07 1
vn 3.82934076E-07 -7.31071623E-07 1
vn 3.82934076E-07 -7.31071623E-07 1
vn 3.82934104E-07 -7.31071623E-07 1
vn 3.82934076E-07 -7.31071623E-07 1
vn 1.97288784E-07 -7.25826908E-07 1
vn 1.97288784E-07 -7.25826965E-07 1
vn -1.6778678E-07 6.89388344E-07 -1
vn -1.67786808E-07 6.89388401E-07 -1
vn -1.6778678E-07 6.89388401E-07 -1
vn -1.6778678E-07 6.89388401E-07 -1
vn -2.60707282E-07 8.23628568E-07 -1
vn -2.60707253E-07 8.23628511E-07 -1
vn -2.60707282E-07 8.23628511E-07 -1
vn -2.60707253E-07 8.23628568E-07 -1
vn -1.59318049E-07 6.67269944E-07 -1
vn -1.59318049E-07 6.67269944E-07 -1
vn 0.831427157 0.242338896 -0.500000656
vn -3.13280111E-06 -7.77723415E-07 -1
vn 0.831427932 0.242339119 -0.499999464
vn -2.60703064E-06 -6.24372888E-07 -1
vn -0.831429064 -0.24233903 -0.499997556
vn -0.83142817 -0.242338791 -0.499999166
vn -0.831428826 -0.242338985 0.499997884
vn -0.831427991 -0.242338732 0.499999344
vn -2.43175487E-06 -7.01046474E-07 1
vn -2.16887497E-06 -6.18896138E-07 1
vn 0.831427038 0.242338762 0.500001132
vn 0.831426442 0.242338613 0.500002205
vn 0.831427932 0.242339119 -0.499999464
vn 0.831427157 0.242338896 -0.500000656
vn -0.831427574 -0.242340133 0.499999285
vn -0.831426084 -0.242339626 -0.500002146
vn -0.831427813 -0.242340118 -0.499999106
vn -0.831425965 -0.242339686 0.500002444
vn 0 -3.72431089E-07 1
vn 3.87768523E-06 7.77727792E-07 1
vn 0.831427813 0.242338583 0.499999732
vn 0.831428409 0.242338791 0.499998719
vn 0.831427932 0.242338672 -0.499999613
vn 0.831428468 0.242338821 -0.49999845
vn -1.75261732E-07 -2.90277256E-07 -1
vn 3.81196219E-06 8.70836175E-07 -1
vn -0.831427813 -0.242340118 -0.499999106
vn -0.831426084 -0.242339626 -0.500002146
vn -0.242337108 0.831424356 -0.500006258
vn 0.242339313 -0.83143115 -0.49999401
vn -0.242337093 0.831424236 -0.500006437
vn 0.242339224 -0.831430912 -0.499994516
vn -3.39614871E-06 1.10042802E-05 1
vn -3.6238232E-06 1.17631953E-05 1
vn -0.242337093 0.831424236 -0.500006437
vn -0.242337108 0.831424356 -0.500006258
vn -0.831426203 -0.242341489 0.500001073
vn -0.831427813 -0.242341876 -0.499998212
vn -0.831426442 -0.242341504 -0.500000775
vn -0.831427574 -0.242341891 0.49999854
vn 1.88407387E-06 0 1
vn 4.81969892E-07 -4.98400709E-07 1
vn 0.831427574 0.242338225 0.500000358
vn 0.831428111 0.242338374 0.499999434
vn 0.831428409 0.242338136 -0.499999106
vn 0.831429303 0.242338449 -0.499997318
vn 1.40210159E-06 -4.81972393E-07 -1
vn -1.7526186E-07 -9.420325E-07 -1
vn -0.831426442 -0.242341504 -0.500000775
vn -0.831427813 -0.242341876 -0.499998212
vn 3.39610483E-06 -1.00175594E-05 1
vn -0.242339015 0.831430912 -0.499994606
vn 1.93521169E-06 -5.00878332E-06 1
vn -0.242338583 0.831429422 -0.499997228
vn 0.242338955 -0.831427693 -0.499999851
vn 0.242339119 -0.83142817 -0.499998957
vn 1.93521169E-06 -5.00878332E-06 1
vn 3.39610483E-06 -1.00175594E-05 1
vn 0 1.47298621E-07 -1
vn 0 1.47298621E-07 -1
vn 0 1.47298621E-07 -1
vn 0 1.47298621E-07 -1
vn -0.960050046 -0.27982834 0
vn -0.96004957 -0.279828191 -0.000983047183
vn -0.96004957 -0.279828191 -0.000983047066
vn -0.960050046 -0.27982834 0
vn -0.279828399 0.960050046 0
vn -0.27982825 0.96004957 -0.000983045204
vn -0.27982825 0.96004957 -0.000983045204
vn -0.279828399 0.960050046 0
vn -1.3164059E-07 -3.27346726E-07 1
vn -1.3164059E-07 -3.27346726E-07 1
vn -1.3164059E-07 -3.27346726E-07 1
vn -1.3164059E-07 -3.27346726E-07 1
vn 0.960050225 0.279827476 0
vn 0.960050344 0.279827505 0
vn 0.960050225 0.279827476 0
vn 0.960050225 0.279827476 0
vn 0.279828578 -0.960050046 0
vn 0.279828578 -0.960050046 0
vn 0.279828548 -0.960050046 0
vn 0.279828548 -0.960050046 0
vn 0.953126252 0.277809829 0.119883157
vn 0.953126252 0.277809829 0.119883128
vn 0.974717975 0.215253651 0.0599231943
vn 0.974705637 0.215297863 0.0599651784
vn 0.34212923 -0.937737644 0.0599655733
vn 0.342172951 -0.937724233 0.0599237308
vn 0.277810276 -0.953126013 0.11988391
vn 0.277810305 -0.953126013 0.11988391
vn 0.403723359 -0.91488111 0
vn 0.403723449 -0.91488111 0
vn 0.342172951 -0.937724233 0.0599237308
vn 0.34212923 -0.937737644 0.0599655733
vn 0.974705637 0.215297863 0.0599651784
vn 0.974717975 0.215253651 0.0599231943
vn 0.988522887 0.151071325 0
vn 0.988522887 0.151071295 0
vn 4.6225482E-06 1 -1.79194757E-07
vn -0.866024554 0.50000149 0
vn 4.63351216E-06 1 0
vn -0.866024613 0.500001371 0
vn -0.866024613 -0.500001371 1.79194629E-07
vn -0.866024733 -0.500001192 0
vn 1.55545558E-06 -1 0
vn 1.57736667E-06 -1 3.59043582E-07
vn 0.866025507 -0.499999851 0
vn 0.866025448 -0.49999997 1.79849422E-07
vn 0.866026759 0.499997586 0
vn 0.866026938 0.499997318 0
vn 4.63351216E-06 1 0
vn 4.6225482E-06 1 -1.79194757E-07
vn 0 -1.47298621E-07 1
vn 0 -1.47298621E-07 1
vn 0 -1.47298621E-07 1
vn 0 -1.47298621E-07 1
vn -0.960050046 -0.27982834 0
vn -0.960050046 -0.27982834 0
vn -0.96004957 -0.279828191 0.000983047183
vn -0.96004957 -0.279828191 0.000983047066
vn -0.279828399 0.960050046 0
vn -0.279828399 0.960050046 0
vn -0.27982825 0.96004957 0.000983045204
vn -0.27982825 0.96004957 0.000983045204
vn 1.31640618E-07 3.27346811E-07 -1
vn 1.31640604E-07 3.27346783E-07 -1
vn 1.31640618E-07 3.27346811E-07 -1
vn 1.31640604E-07 3.27346783E-07 -1
vn 0.960050344 0.279827505 0
vn 0.960050225 0.279827476 0
vn 0.960050225 0.279827476 0
vn 0.960050225 0.279827476 0
vn 0.279828548 -0.960050046 0
vn 0.279828548 -0.960050046 0
vn 0.279828548 -0.960050046 0
vn 0.279828548 -0.960050046 0
vn 0.953126371 0.277809829 -0.119882815
vn 0.974705637 0.215297818 -0.0599649921
vn 0.974717975 0.215253741 -0.0599231459
vn 0.953126371 0.277809829 -0.119882829
vn 0.34212938 -0.937737525 -0.059965089
vn 0.277810365 -0.953126132 -0.119883209
vn 0.277810365 -0.953126132 -0.119883195
vn 0.342172682 -0.937724352 -0.0599236898
vn 0.403723359 -0.91488111 0
vn 0.34212938 -0.937737525 -0.059965089
vn 0.342172682 -0.937724352 -0.0599236898
vn 0.403723449 -0.91488111 0
vn 0.974705637 0.215297818 -0.0599649921
vn 0.988522887 0.151071295 0
vn 0.988522887 0.151071325 0
vn 0.974717975 0.215253741 -0.0599231459
vn 4.64445611E-06 1 1.79358267E-07
vn 4.63351216E-06 1 0
vn -0.866024554 0.50000149 0
vn -0.866024613 0.500001371 0
vn -0.866024613 -0.500001371 -1.79521621E-07
vn -0.866024733 -0.500001192 0
vn 1.55545558E-06 -1 0
vn 1.53355097E-06 -1 -3.59370603E-07
vn 0.866025507 -0.499999851 0
vn 0.866025329 -0.50000006 -1.79849422E-07
vn 0.866026759 0.499997586 0
vn 0.866026938 0.499997318 0
vn 4.63351216E-06 1 0
vn 4.64445611E-06 1 1.79358267E-07
vn -1.97170607E-07 1 0
vn -0.866025627 0.499999642 0
vn -1.97170607E-07 1 0
vn -0.866025805 0.499999285 0
vn -0.866025329 -0.50000006 0
vn -0.86602515 -0.500000477 0
vn 0 -1 0
vn 0 -1 0
vn 0.866025627 -0.499999762 0
vn 0.866025329 -0.500000119 0
vn 0.866025329 0.500000179 0
vn 0.866025507 0.499999791 0
vn -1.97170607E-07 1 0
vn -1.97170607E-07 1 0
vn 0.960050166 0.279828131 0
vn 0.960050166 0.279828101 0
vn 0.960050166 0.279828072 0
vn 0.960050166 0.279828101 0
vn 0.960050166 0.279828072 0
vn 0.960050166 0.279828131 0
vn 0.960050166 0.279828072 0
vn 0.960050166 0.279828012 0
vn 0.960050166 0.279828131 0
vn 0.960050166 0.279828131 0
vn 0.960050166 0.279828101 0
vn 0.960050166 0.279828131 0
vn -0.960051239 -0.279824287 2.22161225E-06
vn -0.960051775 -0.279822499 0
vn -0.960050166 -0.279828012 4.175708E-06
vn -0.960049689 -0.279829293 2.2216193E-06
vn -0.960049927 -0.279828817 4.17570573E-06
vn -0.96004957 -0.279829741 0
vn -0.960050166 -0.279828072 -4.15993009E-06
vn -0.960049927 -0.279828787 -4.15992736E-06
vn -0.960049689 -0.279829293 -2.21322625E-06
vn -0.96004957 -0.279829741 0
vn -0.960051239 -0.279824227 -2.21321716E-06
vn -0.960051775 -0.279822499 0
vn -0.279828876 0.960049927 0
vn -0.279828876 0.960049927 0
vn -0.279828876 0.960049927 0
vn -0.279828876 0.960049927 0
vn 0.279828668 -0.960049927 0
vn 0.279828668 -0.960049927 0
vn 0.279828668 -0.960049927 0
vn 0.279828668 -0.960049927 0
vn 0 1.2927751E-07 -1
vn 0 1.2927751E-07 -1
vn 0 1.2927751E-07 -1
vn 0 1.2927751E-07 -1
vn 0 -1.45591031E-07 1
vn 0 -1.45591045E-07 1
vn 0 -1.45591031E-07 1
vn 0 -1.45591031E-07 1
vn -0.279828876 0.960049927 0
vn -0.279828876 0.960049927 0
vn -0.279828876 0.960049927 0
vn -0.279828876 0.960049927 0
vn 0.279828668 -0.960049927 0
vn 0.279828668 -0.960049927 0
vn 0.279828668 -0.960049927 0
vn 0.279828668 -0.960049927 0
vn 0 -2.01292337E-07 1
vn 0 -2.01292337E-07 1
vn 0 -2.01292337E-07 1
vn 0 -2.01292337E-07 1
vn 0 2.91663412E-07 -1
vn 0 2.91663412E-07 -1
vn 0 2.91663412E-07 -1
vn 0 2.91663412E-07 -1
vn 0.279828697 -0.960049927 0
vn 0.279828697 -0.960049927 0
vn 0.279828697 -0.960049927 0
vn 0.279828697 -0.960049927 0
vn 0 3.8260626E-07 -1
vn 0 3.82606316E-07 -1
vn 0 3.82606316E-07 -1
vn 0 3.82606316E-07 -1
vn 0 -3.83747988E-07 1
vn 0 -3.83747988E-07 1
vn 0 -3.83747988E-07 1
vn 0 -3.83747988E-07 1
vn -0.279828846 0.960049927 0
vn -0.279828846 0.960049927 0
vn -0.279828846 0.960049927 0
vn -0.279828846 0.960049927 0
vn 0 3.05890268E-07 -1
vn 0 3.05890325E-07 -1
vn 0 3.05890268E-07 -1
vn 0 3.05890268E-07 -1
vn 0 -4.26935344E-07 1
vn 0 -4.26935344E-07 1
vn 0 -4.26935344E-07 1
vn 0 -4.26935372E-07 1
vn 0.279830784 -0.960049391 -1.26420304E-07
vn 0.279830754 -0.960049391 -1.26420304E-07
vn 0.279830784 -0.960049391 -1.26420304E-07
vn 0.279830784 -0.960049391 -1.26420304E-07
vn -0.890721917 -0.454548597 0
vn -0.890721917 -0.454548538 0
vn -0.890721917 -0.454548597 0
vn -0.890721917 -0.454548538 0
vn 0.999365747 -0.0356125012 -3.21050351E-07
vn 0.999365747 -0.0356125012 -3.21050351E-07
vn 0.999365747 -0.0356124975 -3.21050294E-07
vn 0.999365747 -0.0356124975 -3.21050351E-07
vn -0.382683337 0.923879504 0
vn -0.923879504 0.382683396 -1.48769345E-07
vn -0.923879623 0.382683158 -1.48769388E-07
vn -0.382683337 0.923879504 0
vn 0.382683128 0.923879623 0
vn 0.382683039 0.923879743 0
vn 0.923879445 0.382683873 1.29887582E-07
vn 0.923879325 0.382683873 1.29887567E-07
vn 0.923879623 -0.382683277 1.69449507E-07
vn 0.923879445 -0.382683545 1.69449422E-07
vn 0.382683158 -0.923879623 0
vn 0.382683218 -0.923879623 0
vn -0.382683337 -0.923879504 0
vn -0.382683635 -0.923879445 0
vn -0.923879445 -0.382683724 -1.48769345E-07
vn -0.923879445 -0.382683814 -1.48769345E-07
vn -0.923879623 0.382683158 -1.48769388E-07
vn -0.923879504 0.382683396 -1.48769345E-07
vn 0 0.707106829 -0.707106769
vn 0 1.2612692E-07 -1
vn 0 1.2612692E-07 -1
vn 0 0.707106888 -0.70710665
vn 0 1 0
vn 0 1 0
vn 0 -1.27847088E-07 1
vn 0 -1.27847088E-07 1
vn 0 -1.27847088E-07 1
vn 0 -1.27847088E-07 1
vn 0 5.93866434E-06 -1
vn 0.362558722 0.0874287561 -0.927850962
vn 0 3.59579076E-06 -1
vn 0 3.59579144E-06 -1
vn 0 -1.42338251E-07 -1
vn 0 -1.42338266E-07 -1
vn -0.362554073 -0.08742024 -0.927853525
vn 0 0 -1
vn 0 0 1
vn 0.362554163 -0.0874203295 0.927853525
vn 4.75256602E-05 -1.14595532E-05 1
vn 0 0 1
vn 0 0 1
vn 0 0 1
vn -0.362558842 0.0874232575 0.927851498
vn 0 0 1
vn 0 -1 0
vn 0 -1 0
vn 0 -1 0
vn 0 -1 0
vn 0 1 0
vn 0 1 0
vn 0 1 0
vn 0 1 0
vn 0.455749452 0.890108168 0
vn 0.455749452 0.890108168 0
vn 0.455749452 0.890108168 0
vn 0.455749452 0.890108168 0
vn 0.455757946 -0.890103817 0
vn 0.455757946 -0.890103817 0
vn 0.455757946 -0.890103817 0
vn 0.455757946 -0.890103817 0
vn 1 1.92067176E-07 0
vn 1 1.92067176E-07 0
vn 1 1.92067176E-07 0
vn 1 1.92067176E-07 0
vn -0.455757886 -0.890103817 0
vn -0.455757886 -0.890103817 0
vn -0.455757886 -0.890103817 0
vn -0.455757946 -0.890103817 0
vn -0.455749214 0.890108228 0
vn -0.455749214 0.890108228 0
vn -0.455749214 0.890108228 0
vn -0.455749214 0.890108228 0
vn -1 -1.92067176E-07 0
vn -1 -1.92067176E-07 0
vn -1 -1.92067176E-07 0
vn -1 -1.92067176E-07 0
vn -0.382683426 0.923879504 0
vn -0.923879623 0.382683247 1.48769388E-07
vn -0.923879623 0.382683277 1.48769388E-07
vn -0.382683426 0.923879504 0
vn 0.382683218 0.923879623 0
vn 0.382683218 0.923879623 0
vn 0.923879445 0.382683694 0
vn 0.923879445 0.382683724 0
vn 0.923880041 -0.382682145 0
vn 0.923880041 -0.382682174 0
vn 0.382684618 -0.923879027 0
vn 0.382684618 -0.923879027 0
vn -0.382683426 -0.923879504 0
vn -0.382683426 -0.923879504 0
vn -0.923879445 -0.382683724 1.48769345E-07
vn -0.923879445 -0.382683814 1.48769345E-07
vn -0.923879623 0.382683247 1.48769388E-07
vn -0.923879623 0.382683277 1.48769388E-07
vn 0 0.70710665 0.707106829
vn 0 -1.26126864E-07 1
vn 0 -1.26126864E-07 1
vn 0 0.707106769 0.707106769
vn 0 1 0
vn 0 1 0
vn 0 1.27846974E-07 -1
vn 0 1.27846974E-07 -1
vn 0 1.27846974E-07 -1
vn 0 1.27846974E-07 -1
vn 0 -5.93866571E-06 1
vn 0 -3.73813032E-06 1
vn 0.36255911 0.0874178186 0.927851796
vn 0 -3.738131E-06 1
vn 0 0 1
vn 0 0 1
vn -0.3625561 -0.0874216557 0.927852631
vn 0 0 1
vn 0 0 -1
vn 4.75260094E-05 -1.13174365E-05 -1
vn 0.362556905 -0.0874219164 -0.927852333
vn 0 1.42338294E-07 -1
vn 0 1.42338621E-07 -1
vn 0 1.42338592E-07 -1
vn -0.362558842 0.0874232575 -0.927851498
vn 0 0 -1
vn 0 -1 0
vn 0 -1 0
vn 0 -1 0
vn 0 -1 0
vn 0 1 0
vn 0 1 0
vn 0 1 0
vn 0 1 0
vn 0.455753773 0.890105903 -3.00199389E-07
vn 0.455753714 0.890105903 -3.00199389E-07
vn 0.455753773 0.890105903 -3.00199389E-07
vn 0.455753654 0.890105903 -3.0019936E-07
vn 0.455757946 -0.890103698 0
vn 0.455758005 -0.890103698 0
vn 0.455757946 -0.890103698 0
vn 0.455757946 -0.890103698 0
vn 1 1.92067432E-07 0
vn 1 1.92067432E-07 0
vn 1 1.92067432E-07 0
vn 1 1.92067432E-07 0
vn -0.455757856 -0.890103817 0
vn -0.455757797 -0.890103817 0
vn -0.455757797 -0.890103817 0
vn -0.455757797 -0.890103817 0
vn -0.455753475 0.890105963 -3.09851941E-07
vn -0.455753535 0.890105963 -3.0985197E-07
vn -0.455753475 0.890105963 -3.09851998E-07
vn -0.455753475 0.890105963 -3.09851941E-07
vn -1 -1.92067461E-07 0
vn -1 -1.92067461E-07 0
vn -1 -1.92067461E-07 0
vn -1 -1.92067432E-07 0
vn 0 0.63439399 -0.773009956
vn -3.12120648E-07 0.995184839 -0.0980158895
vn -3.12120648E-07 0.995184839 -0.0980158374
vn 0 0.63439399 -0.773009896
vn 5.07874347E-07 -0.0980166048 -0.995184839
vn 5.0787429E-07 -0.0980165526 -0.995184839
vn 6.40552628E-07 -0.773009598 -0.634394348
vn 6.40552628E-07 -0.773009598 -0.634394407
vn 4.35555194E-07 -0.995184839 0.0980162546
vn 4.35555194E-07 -0.995184839 0.0980162174
vn 0 -0.634392917 0.773010731
vn 4.35555194E-07 -0.995184839 0.0980162546
vn 4.35555194E-07 -0.995184839 0.0980162174
vn 0 -0.634392858 0.77301079
vn -4.71986453E-07 0.0980166569 0.995184839
vn -4.71986453E-07 0.098016724 0.995184839
vn -4.99174917E-07 0.773009658 0.634394169
vn -4.99174973E-07 0.773009598 0.634394288
vn -3.12120648E-07 0.995184839 -0.0980158895
vn -3.12120648E-07 0.995184839 -0.0980158374
vn 0 0.634393275 -0.773010433
vn -3.12120648E-07 0.995184839 -0.0980158672
vn -3.12120676E-07 0.995184839 -0.0980158001
vn 0 0.634393334 -0.773010433
vn 5.07874347E-07 -0.0980166048 -0.995184839
vn 5.0787429E-07 -0.0980165526 -0.995184839
vn 6.4055348E-07 -0.773010731 -0.634392917
vn 6.4055348E-07 -0.773010731 -0.634392917
vn 4.35555108E-07 -0.995184839 0.0980163738
vn 4.35555108E-07 -0.995184839 0.098016344
vn 0 -0.634394348 0.773009598
vn 4.35555108E-07 -0.995184839 0.0980163738
vn 4.35555108E-07 -0.995184839 0.098016344
vn 0 -0.634394348 0.773009658
vn -4.71986453E-07 0.0980166569 0.995184839
vn -4.71986453E-07 0.098016724 0.995184839
vn -4.99174575E-07 0.773009062 0.634394884
vn -4.99174575E-07 0.773009002 0.634395003
vn -3.12120648E-07 0.995184839 -0.0980158672
vn -3.12120676E-07 0.995184839 -0.0980158001
vn -4.61555061E-07 -1.37867616E-07 -1
vn -4.61555032E-07 -1.37867616E-07 -1
vn -4.61555061E-07 -1.37867616E-07 -1
vn -4.61555032E-07 -1.37867616E-07 -1
vn 1.88817879E-07 -1.88817879E-07 1
vn 1.88817864E-07 -1.88817864E-07 1
vn 1.88817879E-07 -1.88817879E-07 1
vn 1.88817864E-07 -1.88817864E-07 1
vn -0.707106352 -0.707107186 0
vn -0.707106352 -0.707107186 0
vn -0.707106352 -0.707107186 0
vn -0.707106352 -0.707107186 0
vn 0.707106292 0.707107246 0
vn 0.707106233 0.707107246 0
vn 0.707106292 0.707107246 0
vn 0.707106233 0.707107246 0
vn -2.6702881E-07 -4.23855283E-07 -1
vn -2.6702881E-07 -4.23855283E-07 -1
vn -2.6702881E-07 -4.23855283E-07 -1
vn -2.6702881E-07 -4.23855283E-07 -1
vn 2.6702881E-07 4.2385517E-07 1
vn 2.6702881E-07 4.23855113E-07 1
vn 2.6702881E-07 4.23855113E-07 1
vn 2.67028781E-07 4.23855198E-07 1
vn 0 -1 0
vn 0 -1 0
vn 0 -1 0
vn 0 -1 0
vn 0 1 0
vn 0 1 0
vn 0 1 0
vn 0 1 0
vn -1.34870518E-07 -1.3486931E-07 -1
vn -1.34870518E-07 -1.3486931E-07 -1
vn -1.34870518E-07 -1.3486931E-07 -1
vn -1.34870518E-07 -1.3486931E-07 -1
vn 1.34870476E-07 1.34869339E-07 1
vn 1.34870476E-07 1.34869339E-07 1
vn 1.34870476E-07 1.34869339E-07 1
vn 1.34870476E-07 1.34869339E-07 1
vn 0.707106888 -0.70710659 -2.71267311E-07
vn 0.707106888 -0.70710665 -2.71267368E-07
vn 0.707106888 -0.70710665 -2.71267368E-07
vn 0.707106888 -0.70710665 -2.71267311E-07
vn -0.707106948 0.70710659 0
vn -0.707106888 0.70710659 0
vn -0.707106948 0.70710659 0
vn -0.707106888 0.70710659 0
vn 0 -1.9073488E-07 -1
vn 0 -1.9073488E-07 -1
vn 0 -1.9073488E-07 -1
vn 0 -1.9073488E-07 -1
vn 0 1.9073488E-07 1
vn 0 1.9073488E-07 1
vn 0 1.9073488E-07 1
vn 0 1.9073488E-07 1
vn 1 -1.52587887E-07 0
vn 1 -1.52587887E-07 0
vn 1 -1.52587887E-07 0
vn 1 -1.52587887E-07 0
vn -1 1.52587887E-07 0
vn -1 1.52587887E-07 0
vn -1 1.52587887E-07 0
vn -1 1.52587887E-07 0
vn 6.74348428E-07 -6.74350019E-07 -1
vn 6.74348485E-07 -6.74350019E-07 -1
vn 6.74348428E-07 -6.74350019E-07 -1
vn 6.74348485E-07 -6.74350019E-07 -1
vn -6.74348428E-07 6.74350076E-07 1
vn -6.74348485E-07 6.74350133E-07 1
vn -6.74348428E-07 6.74350076E-07 1
vn -6.74348485E-07 6.74350133E-07 1
vn 0.707107306 0.707106173 3.39084067E-07
vn 0.707107306 0.707106233 3.39084067E-07
vn 0.707107306 0.707106173 3.39084039E-07
vn 0.707107306 0.707106173 3.39084067E-07
vn -0.707107306 -0.707106173 -3.39084067E-07
vn -0.707107306 -0.707106173 -3.39084039E-07
vn -0.707107306 -0.707106233 -3.39084067E-07
vn -0.707107306 -0.707106173 -3.39084067E-07
vn 1.52587887E-07 0 -1
vn 1.52587887E-07 0 -1
vn 1.52587887E-07 0 -1
vn 1.52587887E-07 0 -1
vn -1.52587887E-07 0 1
vn -1.52587887E-07 0 1
vn -1.52587887E-07 0 1
vn -1.52587887E-07 0 1
vn 0 1 0
vn 0 1 0
vn 0 1 0
vn 0 1 0
vn 0 -1 0
vn 0 -1 0
vn 0 -1 0
vn 0 -1 0
vn 2.42766816E-07 2.42764941E-07 -1
vn 2.42766816E-07 2.42764912E-07 -1
vn 2.42766816E-07 2.42764941E-07 -1
vn 2.42766816E-07 2.42764941E-07 -1
vn -2.42766816E-07 -2.42764941E-07 1
vn -2.42766816E-07 -2.42764941E-07 1
vn -2.42766816E-07 -2.42764941E-07 1
vn -2.42766816E-07 -2.42764912E-07 1
vn -0.707106888 0.70710665 0
vn -0.707106888 0.70710659 0
vn -0.707106888 0.70710665 0
vn -0.707106888 0.70710659 0
vn 0.707106888 -0.70710659 0
vn 0.707106888 -0.70710659 0
vn 0.707106888 -0.70710659 0
vn 0.707106888 -0.70710659 0
vn 0 2.6702881E-07 -1
vn 0 2.6702881E-07 -1
vn 0 2.6702881E-07 -1
vn 0 2.6702881E-07 -1
vn 0 -2.6702881E-07 1
vn 0 -2.6702881E-07 1
vn 0 -2.6702881E-07 1
vn 0 -2.6702881E-07 1
vn -1 0 0
vn -1 0 0
vn -1 0 0
vn -1 0 0
vn 1 0 0
vn 1 0 0
vn 1 0 0
vn 1 0 0
vn -0.989385962 0.145311534 0
vn -0.907283604 0.420519233 0
vn -0.907283604 0.420519233 0
vn -0.989385962 0.145311579 0
vn -0.989385962 -0.14531146 0
vn -0.989385962 -0.1453114 0
vn -0.907283664 -0.420519143 0
vn -0.907283664 -0.420518994 0
vn -0.754682899 -0.656089723 0
vn -0.754682899 -0.656089723 0
vn -0.544298828 -0.838891327 0
vn -0.544298828 -0.838891327 0
vn -0.286391526 -0.958112657 0
vn -0.286391586 -0.958112657 0
vn -8.43744942E-07 -1 0
vn -8.43744942E-07 -1 0
vn 0.286391109 -0.958112776 0
vn 0.286391169 -0.958112776 0
vn 0.544299364 -0.838891089 0
vn 0.544299424 -0.838891089 0
vn 0.754682302 -0.656090319 0
vn 0.754682422 -0.656090319 0
vn 0.907283425 -0.420519799 0
vn 0.907283425 -0.420519739 0
vn 0.989385962 -0.145311728 0
vn 0.989385962 -0.145311639 0
vn 0.989385962 0.145311117 0
vn 0.989385962 0.145311162 0
vn 0.907283604 0.420519322 0
vn 0.907283604 0.420519352 0
vn 0.754682481 0.6560902 0
vn 0.754682481 0.65609026 0
vn 0.544298828 0.838891447 0
vn 0.544298768 0.838891447 0
vn 0.286391616 0.958112657 0
vn 0.286391616 0.958112657 0
vn -1.05468132E-07 1 0
vn -1.05468132E-07 1 0
vn -0.286391348 0.958112776 0
vn -0.286391348 0.958112776 0
vn -0.544298053 0.838891923 0
vn -0.544297993 0.838891923 0
vn -0.754682183 0.656090498 0
vn -0.754682183 0.656090558 0
vn -0.907283604 0.420519233 0
vn -0.907283604 0.420519233 0
vn 0.989388406 -0.145294607 -1.46405171E-07
vn 0.989388406 0.145294055 1.43221001E-07
vn 0.989388347 -0.145295173 -1.46405753E-07
vn 0.989388406 0.145294607 1.4322157E-07
vn 0.907303035 0.42047736 1.43150118E-07
vn 0.907303095 0.420477301 1.4315016E-07
vn 0.754694402 0.656076431 0
vn 0.754694462 0.656076372 0
vn 0.544261575 0.838915586 0
vn 0.544261634 0.838915586 0
vn 0.286395311 0.958111584 2.65115546E-07
vn 0.286395311 0.958111584 2.65115489E-07
vn -6.999324E-07 1 0
vn 6.2322755E-07 1 0
vn -0.286395252 0.958111584 -2.65115688E-07
vn -0.286395222 0.958111584 -2.65115631E-07
vn -0.544261575 0.838915586 0
vn -0.544261634 0.838915586 0
vn -0.754693985 0.656077027 0
vn -0.754693985 0.656076908 0
vn -0.907302737 0.420478076 -2.4812644E-07
vn -0.907302737 0.420478016 -2.48126469E-07
vn -0.989388347 0.145295098 -4.62452306E-07
vn -0.989388406 0.145294413 -4.62452107E-07
vn -0.989388406 -0.145294368 -4.17894483E-07
vn -0.989388406 -0.145294309 -4.17894483E-07
vn -0.907302916 -0.420477539 -2.03591071E-07
vn -0.907302916 -0.420477688 -2.03591057E-07
vn -0.754694164 -0.656076849 0
vn -0.754694045 -0.656076789 0
vn -0.544261456 -0.838915646 0
vn -0.544261456 -0.838915646 0
vn -0.286395431 -0.958111465 2.65115517E-07
vn -0.286395431 -0.958111465 2.65115574E-07
vn 1.50054041E-06 -1 0
vn 1.72586127E-07 -1 0
vn 0.286395401 -0.958111465 -2.65115233E-07
vn 0.286395401 -0.958111465 -2.65115261E-07
vn 0.544260442 -0.838916242 0
vn 0.544260442 -0.838916242 0
vn 0.754694164 -0.656076789 0
vn 0.754694164 -0.656076849 0
vn 0.907303095 -0.420477301 -1.46331232E-07
vn 0.907303095 -0.420477331 -1.46331217E-07
vn 0.907303095 -0.420477331 -1.46331217E-07
vn 0.989388406 -0.145294607 -1.46405171E-07
vn 0.989388347 -0.145295173 -1.46405753E-07
vn 0.907303095 -0.420477301 -1.46331232E-07
vn -0.232783467 0.0341651849 -0.971928298
vn -0.213473275 0.0989670008 -0.971923232
vn -0.213500515 0.0989085585 -0.971923232
vn -0.232777983 0.034202449 -0.971928298
vn -0.232783347 -0.0341644362 -0.971928418
vn -0.232777789 -0.0342018567 -0.971928418
vn -0.213500455 -0.0989080891 -0.971923232
vn -0.21347326 -0.0989665091 -0.971923232
vn -0.177600875 -0.154384091 -0.97191745
vn -0.1775911 -0.154395312 -0.97191745
vn -0.128055513 -0.197418928 -0.971919477
vn -0.128091112 -0.197395802 -0.971919477
vn -0.0673398599 -0.225431517 -0.971928954
vn -0.0674131438 -0.225409508 -0.971929073
vn 0 -0.235296041 -0.971923769
vn -1.68233967E-07 -0.235296071 -0.971923769
vn 0.0673397556 -0.225431934 -0.971928954
vn 0.0674132332 -0.225409836 -0.971928954
vn 0.128055617 -0.197419003 -0.971919477
vn 0.128091216 -0.197395846 -0.971919477
vn 0.177600756 -0.154384255 -0.97191745
vn 0.177590966 -0.154395431 -0.97191745
vn 0.2135005 -0.098908186 -0.971923232
vn 0.213473201 -0.0989667252 -0.971923232
vn 0.232783511 -0.034164574 -0.971928298
vn 0.232777998 -0.0342018344 -0.971928298
vn 0.232783511 0.0341649912 -0.971928298
vn 0.232777938 0.0342024304 -0.971928298
vn 0.213500425 0.0989085659 -0.971923232
vn 0.213473186 0.0989669934 -0.971923232
vn 0.177600592 0.154384568 -0.97191745
vn 0.177590832 0.154395774 -0.97191745
vn 0.128055483 0.197419465 -0.971919358
vn 0.128091037 0.197396323 -0.971919358
vn 0.067339927 0.225432217 -0.971928835
vn 0.0674131811 0.225410149 -0.971928835
vn -1.91555003E-07 0.235296682 -0.971923649
vn 0 0.235296667 -0.971923649
vn -0.0673398077 0.22543253 -0.971928716
vn -0.0674133152 0.225410476 -0.971928835
vn -0.1280552 0.197419599 -0.971919358
vn -0.128090829 0.197396442 -0.971919477
vn -0.177600518 0.154384539 -0.97191745
vn -0.177590787 0.154395744 -0.97191745
vn -0.213500515 0.0989085585 -0.971923232
vn -0.213473275 0.0989670008 -0.971923232
vn -0.177600846 0.154384181 0.97191745
vn -0.213473424 0.098966673 0.971923232
vn -0.213500619 0.0989082307 0.971923232
vn -0.1775911 0.154395372 0.97191745
vn -0.128055409 0.19741933 0.971919477
vn -0.128091022 0.197396174 0.971919477
vn -0.0673398226 0.225432172 0.971928835
vn -0.0674133077 0.225410074 0.971928835
vn 0 0.235296249 0.971923769
vn -2.38657606E-07 0.235296264 0.971923769
vn 0.0673398748 0.225431934 0.971928954
vn 0.0674131438 0.225409925 0.971928954
vn 0.128055662 0.197419196 0.971919477
vn 0.128091246 0.197396085 0.971919477
vn 0.17760092 0.154384166 0.971917331
vn 0.177591175 0.154395387 0.971917331
vn 0.213500515 0.0989082828 0.971923232
vn 0.213473305 0.0989666805 0.971923232
vn 0.232783616 0.0341645256 0.971928298
vn 0.232778087 0.0342019461 0.971928298
vn 0.23278369 -0.034165293 0.971928179
vn 0.232778162 -0.0342026949 0.971928179
vn 0.213500366 -0.0989087 0.971923232
vn 0.213473096 -0.0989672244 0.971923232
vn 0.177600592 -0.154384449 0.97191745
vn 0.177590832 -0.15439564 0.97191745
vn 0.128055602 -0.197419599 0.971919358
vn 0.128091171 -0.197396442 0.971919358
vn 0.0673397928 -0.225432754 0.971928716
vn 0.067413263 -0.22541067 0.971928716
vn -1.33870884E-07 -0.235296875 0.97192353
vn 0 -0.235296875 0.97192353
vn -0.067339845 -0.225432515 0.971928716
vn -0.0674131364 -0.225410506 0.971928835
vn -0.128055498 -0.197419524 0.971919358
vn -0.128091097 -0.197396368 0.971919358
vn -0.177600712 -0.154384285 0.97191745
vn -0.177590966 -0.154395536 0.97191745
vn -0.213500455 -0.0989085808 0.971923232
vn -0.213473231 -0.0989670008 0.971923232
vn -0.232783675 -0.034165211 0.971928179
vn -0.232778177 -0.03420249 0.971928298
vn -0.232783705 0.0341646895 0.971928298
vn -0.232778192 0.0342020914 0.971928298
vn -0.213500619 0.0989082307 0.971923232
vn -0.232778192 0.0342020914 0.971928298
vn -0.213473424 0.098966673 0.971923232
vn -0.173647925 0.984807849 0
vn 0.499998957 0.866026044 0
vn 0.499999046 0.866025984 0
vn -0.173647776 0.984807849 0
vn -0.766043842 0.642788351 0
vn -0.766043842 0.64278847 0
vn -1 -3.83617021E-07 0
vn -1 -2.422845E-07 0
vn -0.766043603 -0.642788589 0
vn -0.766043663 -0.642788529 0
vn -0.173647821 -0.984807849 0
vn -0.173647821 -0.984807849 0
vn 0.499999046 -0.866025984 0
vn 0.499999136 -0.866025865 0
vn 0.939692557 -0.342020273 0
vn 0.939692616 -0.342020094 0
vn 0.939692557 0.342020243 0
vn 0.939692557 0.342020422 0
vn 0.499999046 0.866025984 0
vn 0.499998957 0.866026044 0
vn 0 -1 -3.05175786E-06
vn 0 -1 -3.05175786E-06
vn 0 -1 -3.05175786E-06
vn 0 -1 -3.05175786E-06
vn 0.0231767632 0.999498487 -0.0215788335
vn 0.0231767632 0.999498487 -0.0215788335
vn 0.0231767632 0.999498487 -0.0215788335
vn 0.0231767651 0.999498487 -0.0215788335
vn 0 -1.71174136E-07 1
vn 0 -1.71174136E-07 1
vn 0 -1.7117415E-07 1
vn 0 -1.71174136E-07 1
vn 0 1.71589775E-07 -1
vn 0 1.71589775E-07 -1
vn 0 1.71589775E-07 -1
vn 0 1.71589775E-07 -1
vn -1 0 0
vn -1 0 0
vn -1 0 0
vn -1 0 0
vn 1 0 0
vn 1 0 0
vn 1 0 0
vn 1 0 0
vn 0 1 2.96190478E-07
vn -0.866025329 0.500000119 2.96190535E-07
vn 0 1 5.92380957E-07
vn -0.866025329 0.500000119 1.48095282E-07
vn -0.866025448 -0.49999997 -1.48095225E-07
vn -0.866025448 -0.499999911 -2.9619045E-07
vn 0 -1 -5.92381014E-07
vn 0 -1 -2.96190478E-07
vn 0.866025448 -0.499999911 -2.9619045E-07
vn 0.866025448 -0.49999997 -1.48095225E-07
vn 0.866025329 0.500000119 2.96190564E-07
vn 0.866025329 0.500000119 1.48095239E-07
vn 0 1 5.92380957E-07
vn 0 1 2.96190478E-07
vn 0 -1 -6.10351572E-06
vn 0 -1 -6.10351572E-06
vn 0 -1 -6.10351572E-06
vn 0 -1 -6.10351572E-06
vn 0.0231767576 0.999498248 0.021587979
vn 0.0231767576 0.999498248 0.0215879809
vn 0.0231767613 0.999498248 0.021587979
vn 0.0231767595 0.999498248 0.0215879809
vn 0 5.13522423E-07 -1
vn 0 5.13522423E-07 -1
vn 0 5.1352248E-07 -1
vn 0 5.13522423E-07 -1
vn 0 -5.14769397E-07 1
vn 0 -5.14769397E-07 1
vn 0 -5.14769397E-07 1
vn 0 -5.14769397E-07 1
vn -1 0 0
vn -1 0 0
vn -1 0 0
vn -1 0 0
vn 1 0 0
vn 1 0 0
vn 1 0 0
vn 1 0 0
vn 0 1 8.88571549E-07
vn 0 1 5.92380957E-07
vn -0.866025329 0.500000119 2.96190535E-07
vn -0.866025507 0.499999791 4.44285547E-07
vn -0.866025269 -0.500000238 -4.44285917E-07
vn -0.866025448 -0.499999911 -2.9619045E-07
vn 0 -1 -5.92381014E-07
vn 0 -1 -8.88571492E-07
vn 0.866025448 -0.499999911 -2.9619045E-07
vn 0.866025269 -0.500000238 -4.44285917E-07
vn 0.866025329 0.500000119 2.96190564E-07
vn 0.866025507 0.499999791 4.44285575E-07
vn 0 1 5.92380957E-07
vn 0 1 8.88571549E-07
vn 0.88089788 0.473255426 0.0069559277
vn -0.0926236212 0.827380955 0.553950906
vn -0.0926236212 0.827380955 0.553950906
vn 0.320983171 0.492066085 0.809222281
vn 2.39016099E-05 1 0.000164137178
vn -0.000164197205 1 2.39805304E-05
vn 0.00698914193 0.999972343 0.00253168307
vn 0.262405217 0.929883361 -0.257799238
vn 0.0181047525 0.999428809 0.0285349302
vn -0.00123952597 -0.0146571202 0.999891877
vn -0.00123952597 -0.0146571202 0.999891877
vn -0.00123952597 -0.0146571202 0.999891877
vn -0.00123952597 -0.0146571202 0.999891877
vn 0.532556653 0.821940184 -0.201984748
vn 0.720053911 -0.00474099861 0.693901956
vn 0.693076313 -0.00386582222 -0.720853865
vn 0.262405217 0.929883361 -0.257799238
vn 0.587465644 -0.00338469073 -0.80924207
vn 0.589298844 0.00159120664 0.807913482
vn 2.1563168E-05 -0.00210321974 0.999997854
vn 2.15631808E-05 -0.00210321974 0.999997854
vn 0.589298844 0.00159120664 0.807913482
vn 0.00393710379 0.00585143548 0.999975204
vn -0.999970078 0.00669643097 0.00388627197
vn 0.0909635425 0.826033056 0.55623275
vn 0.0909635499 0.826033056 0.55623275
vn 0.288348407 0.848393202 -0.443941742
vn 0.679933786 0.488555908 0.546811879
vn 0.374825776 0.927062154 -0.00784671307
vn 0.00123976986 -0.0146571593 0.999891877
vn 0.00123976986 -0.0146571593 0.999891877
vn 0.00123976986 -0.0146571593 0.999891877
vn 1 0 0
vn 0 0 1
vn 0 0 1
vn 0.893450797 0.37008363 0.254526645
vn -0.00241942285 0.879238248 0.476376057
vn 0.75390929 0.340316832 -0.561965466
vn -0.00241801492 0.87926513 0.476326585
vn -0.00213525607 0.884587228 0.466369718
vn -0.00213525607 0.884587228 0.466369808
vn 0.809241652 -0.00338367373 -0.587466061
vn 4.22573357E-05 -0.00211195555 -0.999997854
vn 0.999997854 -0.00210338295 2.16234766E-05
vn 0.999997854 -0.00210338295 2.16234766E-05
vn 2.41434409E-05 1 0.000164034296
vn 2.41434409E-05 1 0.000164034296
vn 0.570844769 0.602009296 0.558319688
vn -0.322490841 0.554594517 -0.767088413
vn -0.710899889 0.024311332 0.702872872
vn 0.69121933 0.0384671353 0.72162044
vn 0.489499927 0.858051836 0.155360565
vn 0.570844769 0.602009296 0.558319688
vn 0.80546248 0.494479179 -0.326681316
vn -8.15004842E-06 0.474375933 -0.880322337
vn 0.553951085 0.827380836 -0.0926237404
vn 0.00393699203 0.00585150719 0.999975204
vn 0.999989152 0.00208866457 -0.00416304404
vn -8.15004842E-06 0.474375933 -0.880322337
vn 0.999997854 -0.00210338365 -2.15032287E-05
vn 0.999997854 -0.00210338295 -2.15032287E-05
vn 0.999997854 -0.00210338295 -2.15032287E-05
vn -0.000164137295 1 -2.39016917E-05
vn 0.0143246613 0.999856949 0.0089989556
vn 0.0142150102 0.999859095 0.0089286929
vn 2.414345E-05 1 -0.000164360201
vn 0.999974251 0.00151047565 0.00701904809
vn -0.0069996845 0.000358800491 0.999975443
vn -0.00702913804 0.00211095298 0.999973059
vn -0.00699364999 1.64056104E-07 0.999975562
vn -0.71089983 0.0243111011 -0.702872932
vn -0.577298701 0.600226581 0.553583026
vn -0.78274858 0.481757015 0.393973142
vn -0.71089983 0.0243111011 -0.702872932
vn 0.707025826 0 -0.707187831
vn 0.562026441 0.341112345 -0.753504276
vn 0.707044601 1.05094032E-05 -0.707168937
vn 0.263556123 0.927903235 -0.263692647
vn 0.707099617 0 0.707113922
vn 0.476376235 0.879238248 0.00241930829
vn 0.490608901 0.871375322 0.00282599498
vn 0.476326764 0.87926507 0.00241790083
vn 0.466369867 0.884587228 0.00213513989
vn 0.466369867 0.884587228 0.00213513989
vn 0.298801601 0.706992328 -0.64099884
vn 0.298796803 0.70698899 -0.641004741
vn -8.77972184E-07 1 -1.11345626E-05
vn 8.79686286E-06 1 3.86316196E-06
vn -6.82851824E-05 -1 0.000123015794
vn -7.034179E-05 -1 0.000128223794
vn -2.49831055E-06 -1 1.83750053E-05
vn -7.62446734E-06 -1 1.63507284E-05
vn 0.42261979 -8.54004065E-06 -0.906307101
vn 0.422619104 -2.16509505E-07 -0.906307399
vn 0.42263031 -0.000137612122 -0.906302214
vn -0.342103273 -0.000328822003 -0.939662337
vn 0.939725816 -0.000126001818 -0.34192884
vn 0.298796803 0.70698899 -0.641004741
vn 0.298801601 0.706992328 -0.64099884
vn 0.24184458 0.707106173 0.664463699
vn -0.241844162 0.707107484 -0.664462447
vn 1.62920699E-07 1 -1.629205E-07
vn -1.72985125E-07 1 0
vn -0.939692974 2.08817426E-07 0.342019141
vn 0.24184458 0.707106173 0.664463699
vn -0.939692974 2.08817426E-07 0.342019141
vn 0.342019796 0 0.939692736
vn 0.664461136 -0.707107902 -0.241846457
vn 0.664463103 -0.707105815 -0.241847143
vn -1.62920699E-07 -1 1.629205E-07
vn 1.72985153E-07 -1 0
vn -0.241844162 0.707107484 -0.664462447
vn 0.939692974 -2.08817426E-07 -0.342019141
vn 0.939692974 -2.08817426E-07 -0.342019141
vn -0.342019469 0 -0.939692855
vn 0.664463103 -0.707105815 -0.241847143
vn 0.664461136 -0.707107902 -0.241846457
vn 0.342019022 0 0.939693034
vn 0.342019022 0 0.939693034
vn -0.298791796 0.706997097 -0.640998185
vn -3.96772839E-06 1 -8.50881679E-06
vn 1.14715704E-05 1 7.47073329E-07
vn 0.64088124 0.707069159 -0.298871875
vn -0.422618181 0.000136825882 -0.906307757
vn -0.422629386 0 -0.906302571
vn -0.42262876 8.26542782E-06 -0.906302869
vn -0.422617495 0.000145168597 -0.906308174
vn 0.640817344 -0.707148731 -0.298820555
vn -1.67222206E-05 -1 7.8846324E-06
vn 2.40430177E-06 -1 1.90048268E-05
vn -0.298888355 -0.707211971 -0.640716016
vn -0.298888355 -0.707211971 -0.640716016
vn -0.298791796 0.706997097 -0.640998185
vn 0.906308472 -0.000313176017 -0.42261669
vn 0.906307459 -0.000311618613 -0.422618777
vn -0.241845146 0.707106352 0.664463282
vn 1.72984784E-07 1 0
vn 1.62920699E-07 1 -1.629205E-07
vn 0.241845205 0.707107067 -0.664462507
vn -1.62920699E-07 -1 1.629205E-07
vn -1.72984898E-07 -1 0
vn -1.62920699E-07 -1 1.629205E-07
vn -1.62920699E-07 -1 1.629205E-07
vn 0.422632635 3.27801416E-07 -0.906301141
vn 0.906308651 0 0.422616452
vn 0.300292224 -0.703654051 -0.643968642
vn 0.300292999 -0.703651726 -0.643970788
vn -0.906308472 0 -0.42261681
vn 0.422618449 -2.1650942E-07 -0.906307757
vn -0.938620389 0 0.344952047
vn -0.906306386 0 -0.42262131
vn 0.339104146 2.67583488E-07 0.940748811
vn 0.339104146 2.67583488E-07 0.940748811
vn -0.42261979 2.16509591E-07 0.906307101
vn 0.906307101 7.16743045E-07 0.4226197
vn 0.906307101 7.16700981E-07 0.42261976
vn 0.00883301161 -0.999952555 0.00411916338
vn 0.00883301068 -0.999952555 0.00411917455
vn 0.300292999 -0.703651726 -0.643970788
vn 0.300292224 -0.703654051 -0.643968642
vn -0.939684331 0 0.342042923
vn -0.939684331 0 0.342043012
vn -0.171549007 -0.609663546 0.773874164
vn -0.171549007 -0.609663546 0.773874164
vn -0.599282801 1.6478954E-07 0.800537467
vn 0.318914056 -0.361325294 0.876206577
vn 0.318914056 -0.361325294 0.876206577
vn -0.939693153 2.08817269E-07 0.342018664
vn -0.694321752 -0.673835456 0.252711266
vn -0.123576634 -0.932444036 -0.339524508
vn 0.939693034 -2.08817411E-07 -0.342019022
vn 0.939693153 -2.08817383E-07 -0.342018783
vn 0.939693153 -2.08817269E-07 -0.342018664
vn 0.939684331 -3.72710986E-07 -0.342042923
vn 0.342022061 0 0.939691901
vn 0.342021912 0 0.93969202
vn 0.939684331 -3.72426967E-07 -0.342042953
vn 0.648220003 -0.703719079 -0.290844172
vn 0.642252505 -0.710348129 -0.287953585
vn 0.42261681 0 0.906308472
vn 0.906307101 3.83121289E-07 -0.4226197
vn -0.906307101 2.16509562E-07 0.422619641
vn -0.906307101 2.16509562E-07 0.422619641
vn -0.906307101 2.16509562E-07 0.422619641
vn -0.906307101 2.16509562E-07 0.422619641
vn 0.642252505 -0.710348129 -0.287953585
vn 0.648220003 -0.703719079 -0.290844172
vn -0.63944912 -0.703736901 0.30961138
vn -0.0133323381 -0.999891758 0.00621699542
vn 0.887336254 -0.461110085 -0.00344984722
vn 0.998164356 -0.0600312836 -0.00801459793
vn 0.997353673 -0.0726580247 -0.00257356325
vn 0.932964027 -0.359944493 -0.00425838446
vn 0.655301511 -0.755367219 -0.000670495967
vn 0.774308741 -0.632757068 -0.00802794099
vn 0.00775118638 0.357913345 0.933722615
vn 0.0080169756 0.0770359933 0.996996164
vn 0.00325745181 0.066057831 0.997810543
vn -0.888305843 0.459251851 0.000615718018
vn -0.655301273 0.755367398 0.000670483976
vn 0.00875026174 0.632674038 0.774368763
vn 1.62920699E-07 1 -1.629205E-07
vn 1.62920699E-07 1 -1.629205E-07
vn -0.39052394 0.740767658 0.546584189
vn 1.62920699E-07 1 -1.629205E-07
vn 0.0011542032 0.831611753 -0.555356264
vn -0.321712345 0.544695795 0.774472475
vn -0.527938604 0.66832912 0.52403903
vn 0.477814287 0.740873277 -0.472017199
vn 1.62920699E-07 1 -1.629205E-07
vn -0.35215351 0.385247678 -0.852978349
vn 0.320853978 0.553192019 0.768785596
vn 0.476743042 -0.740767539 0.473264664
vn -0.433230072 -0.666816056 0.606356382
vn -0.392346323 -0.831851304 -0.392540187
vn 0.263459057 -0.928540647 0.261536807
vn -0.263272017 -0.928652465 0.261328071
vn -1.62920699E-07 -1 1.629205E-07
vn -1.62920699E-07 -1 1.629205E-07
vn 0.354621589 -0.397468507 -0.846322834
vn 0.542863131 -0.740874231 0.395480603
vn -0.364489704 0.29285264 0.883959651
vn -0.335777193 -0.452810526 0.825963855
vn 0.335847884 -0.452763945 0.825960696
vn 0.401009202 0.282290965 0.871494949
vn -0.704512656 2.30402975E-07 0.709691346
vn 0.476743042 -0.740767539 0.473264664
vn 0.263459057 -0.928540647 0.261536807
vn 0.320853978 0.553192019 0.768785596
vn -0.999998569 1.63195693E-07 0.00168958085
vn -0.999998569 1.63195693E-07 0.00168958085
vn -0.321712345 0.544695795 0.774472475
vn -0.263272017 -0.928652465 0.261328071
vn 0.0759762302 0 0.997109711
vn -0.527938604 0.66832912 0.52403903
vn -0.588815689 2.27613597E-07 0.808267295
vn 0.542863131 -0.740874231 0.395480603
vn -0.588815689 2.27613597E-07 0.808267295
vn -0.996608257 0 0.0822932422
vn -0.433230072 -0.666816056 0.606356382
vn -0.813658357 0 -0.581343234
vn -0.39052394 0.740767658 0.546584189
vn 0.707281709 -2.30404495E-07 -0.706931829
vn -0.35215351 0.385247678 -0.852978349
vn -0.392346323 -0.831851304 -0.392540187
vn 0.999997854 -1.62581671E-07 0.00207836297
vn 0.0011542032 0.831611753 -0.555356264
vn 0.354621589 -0.397468507 -0.846322834
vn 0.477814287 0.740873277 -0.472017199
vn 0.702777445 0 0.711409688
vn 0.702777445 0 0.711409688
vn -0.707106054 0 -0.707107425
vn -0.707107544 0 0.707105935
vn -0.707107544 0 0.707105935
vn -0.707106054 0 -0.707107425
vn 0.707107246 0 -0.707106233
vn 0.707107246 0 -0.707106233
vn 0.707106054 0 0.707107425
vn 0.707106054 0 0.707107425
vn -0.707106113 0 -0.707107425
vn -0.707106054 0 -0.707107425
vn -0.707106113 0 -0.707107425
vn -0.707106054 0 -0.707107425
vn 0.707106054 0 0.707107425
vn 0.707106054 0 0.707107425
vn 0.707106054 0 0.707107425
vn 0.707106054 0 0.707107425
vn -1 1.629206E-07 -8.94069672E-07
vn -1 1.629206E-07 -8.94069672E-07
vn -1.03691571E-06 0 1
vn -1 1.629206E-07 -8.94069672E-07
vn 1 -1.629206E-07 8.94069672E-07
vn 1 -1.629206E-07 8.94069672E-07
vn 1.02252523E-06 0 -1
vn 1 -1.629206E-07 8.94069672E-07
vn 0 0 1
vn 0 0 1
vn 0 0 1
vn 0 0 1
vn 0 0 -1
vn 0 0 -1
vn 0 0 -1
vn 0 0 -1
vn -0.707107365 2.30404595E-07 0.707106113
vn -0.707107365 2.30404595E-07 0.707106113
vn -0.707107365 2.30404595E-07 0.707106113
vn 0.707105815 0 0.707107723
vn 0.707107306 -2.30404495E-07 -0.707106173
vn 0.707107365 -2.30404595E-07 -0.707106113
vn 0.707107306 -2.30404495E-07 -0.707106173
vn 0.707107365 -2.30404595E-07 -0.707106113
vn -0.707107425 2.3040451E-07 0.707106113
vn 0.707105875 0 0.707107663
vn -0.707107425 2.3040451E-07 0.707106113
vn -0.707107365 2.30404595E-07 0.707106113
vn 0.707107306 -2.30404595E-07 -0.707106173
vn 0.707107425 -2.3040451E-07 -0.707106113
vn 0.707107306 -2.30404595E-07 -0.707106173
vn 0.707107425 -2.3040451E-07 -0.707106113
vn -1 1.629206E-07 -8.94069672E-07
vn -1.03691514E-06 0 1
vn -1 1.629206E-07 -8.94069672E-07
vn -1.03691514E-06 0 1
vn 1.02252477E-06 0 -1
vn 1.02252477E-06 0 -1
vn 1 -1.629206E-07 8.94069672E-07
vn 1.02252477E-06 0 -1
vn -2.07383027E-06 0 1
vn -1 1.629206E-07 -8.94069672E-07
vn -1 1.629206E-07 -8.94069672E-07
vn -1 1.629206E-07 -8.94069672E-07
vn 2.04504954E-06 0 -1
vn 2.04504954E-06 0 -1
vn 1 -1.629206E-07 8.94069672E-07
vn 1 -1.629206E-07 8.94069672E-07
vn 0.70710665 -0.707106829 7.47404954E-07
vn 0 -0.707106888 -0.70710665
vn 0 -0.707106888 -0.70710665
vn 0 -0.707106888 -0.70710665
vn -8.94069672E-07 1.62920699E-07 1
vn -8.94069672E-07 1.62920699E-07 1
vn -8.94069672E-07 1.62920699E-07 1
vn -8.94069672E-07 1.62920699E-07 1
vn 0 0.707106888 0.70710665
vn 0 0.707106888 0.70710665
vn -0.70710665 0.707106829 -7.47404954E-07
vn 0 0.707106888 0.70710659
vn -0.0911910012 -0.00121402473 0.995832622
vn -0.999593318 -0.0272771809 0.00831379462
vn 0.277017623 -0.0232888665 0.960582554
vn -0.999593318 -0.0272771809 0.00831379462
vn -0.99913764 -0.0214499142 -0.0355515108
vn -0.0293198787 -0.0153951133 0.999451458
vn 0.694005311 -0.0196401253 0.719701946
vn -0.25202319 0.967721224 -2.04000867E-06
vn -1.21650771E-06 0.967721522 0.252021909
vn -0.25202319 0.967721224 -2.04000867E-06
vn -0.264047295 0.915220678 0.304384679
vn -0.709279418 0.704927385 0.000348040019
vn 0.0666938201 0.99169004 0.110012665
vn -0.229032218 0.971190214 0.0658314005
vn -0.052051045 0.973885 0.220994771
vn 0.0721611157 0.996692896 0.0373636223
vn 0.365813285 0.357726276 0.859193027
vn 0.381991208 0.8375175 0.390700966
vn 0.10619615 0.994199634 0.017017832
vn -0.0327502079 0.976702452 0.212084293
vn -0.0135186408 0.999904037 0.00304292538
vn -0.0162781291 0.999866128 0.00166274002
vn -0.0133410282 0.999906063 0.00313175586
vn 0.710690081 0.703469932 0.00705193868
vn -0.00467261719 0.999988914 -0.000586566981
vn 0.000304664369 0.967484117 0.252931476
vn -0.252503395 0.967595875 0.000522645481
vn -0.252503395 0.967595875 0.000522645481
vn -0.252503306 0.967595935 0.00052264554
vn 1.19209301E-06 -1.62920699E-07 -1
vn -0.702786684 0.711400568 4.81230018E-05
vn -0.20212546 0.976290941 0.0774688125
vn 0.801503539 0.597990096 4.44496363E-05
vn 0.694005311 -0.0196401253 0.719701946
vn 0.277017623 -0.0232888665 0.960582554
vn 1 0 0
vn 0.568618536 0.82246995 -0.0147034619
vn 0.714603662 0.699442804 -0.0110188853
vn 0.0126634687 -0.00291592302 0.9999156
vn 0.0126634687 -0.00291592302 0.9999156
vn 0.718529463 -0.0207668319 0.695186377
vn 0.718529463 -0.0207668319 0.695186377
vn 0.718529463 -0.0207668319 0.695186377
vn 0.359244436 0.350202262 -0.865044475
vn 0.0293214563 -0.0153951114 -0.999451458
vn -0.0983749479 -0.0211058035 -0.994925618
vn 0.99913764 -0.0214499012 0.0355518088
vn 0.706354618 -0.00313319825 0.707851291
vn 0.707852483 -0.00313454354 -0.706353366
vn 0.70785147 -0.00313346134 -0.706354439
vn 0.362823904 0.358307034 -0.860217929
vn 0.0109844254 -0.00291758194 -0.999935389
vn 0.999935389 -0.00291094091 0.0109911598
vn 0.999935389 -0.00291094091 0.0109911598
vn -0.0126880584 -0.00334408623 -0.999913931
vn -0.58197546 0.80326438 -0.126770988
vn -0.365817815 0.357719243 -0.859193981
vn 0.570423841 0.583599865 -0.577951372
vn 0.9999156 -0.00291608809 -0.0126632899
vn -0.706354201 -0.00313380384 -0.707851708
vn -0.706354499 -0.00313352887 -0.70785141
vn 0.70785141 -0.00313342805 -0.706354499
vn -0.355517149 0.38740775 0.850601375
vn 0 1 -3.25841398E-07
vn -0.262995303 0.928583801 -0.261850327
vn 0.000409897621 0.92908746 -0.369859964
vn 0.390355617 0.741048813 -0.546323419
vn 0.355340034 0.385733217 0.851436079
vn 0.432500422 0.668241262 -0.6053074
vn 0 1 -3.25841398E-07
vn 0.269082367 0.927763641 -0.258552402
vn 0 1 -3.25841398E-07
vn 0 1 -3.25841398E-07
vn -0.854113817 0.386430651 0.348081887
vn 0.261324853 0.928654253 0.263269097
vn -0.845905781 0.397272766 -0.355833977
vn 0.438003838 0.668330014 -0.60123837
vn -0.472016364 0.740873158 -0.477815479
vn -0.355516613 -0.387406915 0.850601971
vn 0 -1 3.25841398E-07
vn 0 -1 3.25841398E-07
vn 0.394825757 -0.831508696 0.390776098
vn -0.319191337 -0.553256631 -0.769430995
vn 0 -1 3.25841398E-07
vn 0 -1 3.25841398E-07
vn 0 -1 3.25841398E-07
vn 0.32147041 -0.573424757 -0.753552139
vn 0 -1 3.25841398E-07
vn -0.861846328 -0.365862757 0.351234168
vn -0.845905781 0.397272766 -0.355833977
vn 0.00486480398 -3.2583759E-07 -0.999988198
vn -0.854113817 0.386430651 0.348081887
vn -0.355516613 -0.387406915 0.850601971
vn -0.355517149 0.38740775 0.850601375
vn -1 0 0.000179900904
vn 0.355340034 0.385733217 0.851436079
vn -0.389972538 -0.831915379 -0.394763529
vn -0.472016364 0.740873158 -0.477815479
vn -0.074776262 0 -0.99720037
vn 0.808267176 1.91860394E-07 0.588815928
vn 0.438003838 0.668330014 -0.60123837
vn 0.808267176 1.91860394E-07 0.588815928
vn 0.99638319 0 -0.0849729404
vn -0.703454912 2.31588587E-07 0.710739851
vn 0.394825757 -0.831508696 0.390776098
vn 0.432500422 0.668241262 -0.6053074
vn -0.0834918842 0 -0.99650842
vn 0.390355617 0.741048813 -0.546323419
vn 0.705563426 -2.30906593E-07 -0.708646774
vn -0.319191337 -0.553256631 -0.769430995
vn -0.262995303 0.928583801 -0.261850327
vn 0.999999404 0 0.001108811
vn 0.32147041 -0.573424757 -0.753552139
vn 0.000409897621 0.92908746 -0.369859964
vn 0.692858338 2.34955507E-07 0.721073747
vn 0.774640739 -0.549717069 -0.312638313
vn 0.269082367 0.927763641 -0.258552402
vn 0.00175264303 3.25840858E-07 0.99999845
vn 0.774478257 -0.544703066 0.321686149
vn 0.00175264303 3.25840858E-07 0.99999845
vn 0.261324853 0.928654253 0.263269097
vn 0.52403909 -0.668329656 0.527938008
vn -0.709722757 2.29549187E-07 0.704481065
vn 0.774640739 -0.549717069 -0.312638313
vn 0 -1 3.25841398E-07
vn -0.389972538 -0.831915379 -0.394763529
vn 0 -1 3.25841398E-07
vn 0 -1 3.25841398E-07
vn 0.52403909 -0.668329656 0.527938008
vn 0.774478257 -0.544703066 0.321686149
vn 0.664463878 0.707105935 0.241844833
vn 0.241850406 0.707110703 -0.664456785
vn -0.000104515493 1 -4.5666482E-05
vn -0.000108684093 1 -4.74748886E-05
vn 0.241856351 -0.707108974 -0.664456427
vn -2.43983391E-06 -1 7.02921807E-06
vn 0.000106767606 -1 3.94786002E-05
vn 0.000111123503 -1 4.07728912E-05
vn 0.298836589 0.707105637 0.640857279
vn 0 1 -3.25841398E-07
vn -3.11192622E-07 1 -6.67360098E-07
vn -3.11192537E-07 1 -6.67360155E-07
vn 0.939691782 0 0.3420223
vn 0.422617167 2.95312731E-07 0.906308234
vn 0.906309545 0 -0.422614515
vn 0.422617167 2.95312731E-07 0.906308234
vn 0.298835784 -0.707107544 0.64085567
vn 0.298836589 0.707105637 0.640857279
vn -0.342022508 0 0.939691663
vn -0.422617078 -2.95312674E-07 -0.906308353
vn -0.422617078 -2.95312674E-07 -0.906308353
vn -0.906309903 0 0.422613651
vn 0.298835784 -0.707107544 0.64085567
vn 0 -1 3.25841398E-07
vn 0 -1 3.25841398E-07
vn 0 -1 3.25841398E-07
vn -0.0120933792 0.999910951 -0.00563960848
vn -0.300826937 0.70237273 0.645116925
vn -0.00563928811 0.999910951 0.0120932525
vn -0.0120933792 0.999910951 -0.0056396001
vn 0.906306863 0 0.422620058
vn -0.42262131 2.95312191E-07 0.906306386
vn -0.42262131 2.95312191E-07 0.906306386
vn 0.338005334 0 0.941144168
vn -0.94113189 0 0.338039398
vn -0.906306386 -1.37707303E-07 -0.422621131
vn -0.300826937 0.70237273 0.645116925
vn -0.634111285 -0.71005398 -0.306147456
vn -0.906306863 0 -0.422620028
vn 0.422621042 -2.95312219E-07 -0.906306505
vn 0.0120933792 -0.999910951 0.00563960848
vn -0.634111285 -0.71005398 -0.306147456
vn 0.00563928997 -0.999910951 -0.0120932572
vn 0.0120933792 -0.999910951 0.0056396001
vn 0 1 -1.74538997E-07
vn 0 1 -1.74538997E-07
vn 0 1 -1.74539096E-07
vn 0 1 0
vn 0.557731271 0 0.830021679
vn 0.557731271 0 0.830021679
vn -0.268090069 0 0.963393927
vn -0.268090218 0 0.963393807
vn -0.963393927 0 -0.26809001
vn -0.963393807 0 -0.268090159
vn 0.830021083 5.58207091E-07 -0.557731986
vn 0.830021083 5.98380666E-07 -0.557731986
vn -1.11488298E-07 -1 1.54223883E-07
vn 0 -1 1.36713297E-07
vn 0 -1 0
vn -7.1152482E-07 -1 6.05238824E-07
vn -1.13573224E-05 1 9.03280011E-07
vn 4.02608521E-06 1 -8.95978155E-06
vn 0.29875052 0.707285941 -0.640698612
vn -0.298877537 0.707059026 0.640889764
vn 1.83320881E-05 -1 2.6072621E-06
vn -7.72174735E-06 -1 1.68851202E-05
vn -0.640701413 -0.707244277 -0.298843294
vn -0.640710056 -0.707219303 -0.298883826
vn 0.422618508 -0.000313254801 -0.906307578
vn 0.422617257 -0.000314186676 -0.906308234
vn -0.640710056 -0.707219303 -0.298883826
vn -0.640701413 -0.707244277 -0.298843294
vn 0 1 0
vn 0 1 -3.25841398E-07
vn -0.241844535 0.707106113 -0.664463758
vn -0.664462984 0.707107425 0.241842926
vn 0.939693511 0 -0.34201771
vn 0.939693511 0 -0.342017651
vn 0.342018902 3.06190827E-07 0.939693034
vn 0.342018902 3.06190827E-07 0.939693034
vn 0 -1 3.25841398E-07
vn 0 -1 0
vn 0 -1 3.25841398E-07
vn -0.24184452 -0.707106352 -0.66446358
vn -0.342018902 -3.06190827E-07 -0.939693034
vn -0.342018902 -3.06190827E-07 -0.939693034
vn -0.664462984 0.707107425 0.241842926
vn -0.906307101 0 -0.422619641
vn -0.24184452 -0.707106352 -0.66446358
vn 0.939693034 -1.11444102E-07 -0.342018783
vn -0.241844535 0.707106113 -0.664463758
vn 0 1 0
vn 0 1 -4.29290765E-07
vn 8.77796879E-07 0.70710659 -0.707106948
vn 0 1 -4.29290765E-07
vn 1.24139183E-06 0 -1
vn 1.24139183E-06 0 -1
vn 8.77796879E-07 -0.70710659 -0.707106948
vn 8.77796879E-07 0.70710659 -0.707106948
vn 0 -1 4.29290765E-07
vn 0 -1 0
vn -0.70710665 -0.707106888 0
vn 8.77796879E-07 -0.70710659 -0.707106948
vn -1 0 -1.13248802E-06
vn -1 0 -1.13248802E-06
vn -0.707107246 0 0.707106233
vn -1 0 -1.13248802E-06
vn 1.13248802E-06 -3.25841398E-07 -1
vn 1.13248802E-06 -3.25841398E-07 -1
vn -0.70710665 -0.707106888 0
vn 0 1 0
vn -1.04006602E-07 1 -3.25841512E-07
vn 0 0.707107246 0.707106233
vn 0.707106829 0.70710665 0
vn -1.13248802E-06 3.25841398E-07 1
vn 1 0 0
vn -1.13248802E-06 3.25841398E-07 1
vn 1.04006602E-07 -1 3.25841512E-07
vn 1.04006602E-07 -1 3.25841512E-07
vn 0 -0.707106471 0.707107008
vn -0.707107008 -0.707106531 0
vn 1.13248802E-06 -3.25841398E-07 -1
vn -1 0 0
vn -1 0 0
vn 0 0.707107246 0.707106233
vn -1 0 -1.13248802E-06
vn 0 -0.707106471 0.707107008
vn -1 0 -1.13248802E-06
vn 0.707107484 -2.30404495E-07 -0.707106054
vn -0.707106113 0 -0.707107425
vn 0.707107484 -2.30404495E-07 -0.707106054
vn -0.707106113 0 -0.707107425
vn -0.0262751803 -0.999592245 -0.0111848908
vn -0.026480522 -0.999589145 -0.0109682912
vn 0.347948432 -0.373232424 0.860017121
vn -0.0125886416 -0.930158377 -0.366942734
vn -0.392232984 -0.832050204 0.392231762
vn 0.316965669 -0.560326993 -0.765223145
vn -0.00577769708 -0.999894142 -0.0133546498
vn 0 -1 3.25841398E-07
vn -0.856687784 -0.37532416 0.353861392
vn 0.374161422 -0.927357078 0.00347802672
vn -0.0073110885 -0.999968648 -0.00304777152
vn 0.762805879 -0.560353637 0.322693318
vn -0.00374988001 -0.999991775 0.00155356305
vn 1.13248802E-06 -3.25841398E-07 -1
vn 1.13248802E-06 -3.25841398E-07 -1
vn -0.856460094 -0.376132667 -0.353553861
vn -0.70710808 0 0.707105398
vn -0.392232984 -0.832050204 0.392231762
vn -0.70710808 0 0.707105398
vn -0.00695757521 -0.999971628 0.00288214278
vn -0.00690339087 -0.999971867 0.00293927151
vn -0.00735927885 -0.99996829 -0.00304799411
vn -0.707105935 0 -0.707107544
vn 0.707107544 -2.30404467E-07 -0.707105935
vn 0.707107544 -2.30404467E-07 -0.707105935
vn 0.707106352 0 0.707107127
vn -0.707107484 2.30404495E-07 0.707106054
vn -0.707107484 2.30404495E-07 0.707106054
vn 0.347948432 -0.373232424 0.860017121
vn -1 0 -1.13248802E-06
vn -1 0 -1.13248802E-06
vn -1.03188006E-06 0 1
vn 0.316965669 -0.560326993 -0.765223145
vn 1 0 1.13248802E-06
vn 1 0 1.13248802E-06
vn -0.0125886416 -0.930158377 -0.366942734
vn 0.707106113 2.30404694E-07 0.707107365
vn 0.707106113 2.30404709E-07 0.707107425
vn 0.707105339 0 -0.70710814
vn 0.762805879 -0.560353637 0.322693318
vn -1.13248802E-06 3.25841398E-07 1
vn 1 0 0
vn 0.374161422 -0.927357078 0.00347802672
vn -0.707107544 2.30404467E-07 0.707105935
vn -0.707107663 2.3040451E-07 0.707105875
vn 0.707105637 0 0.707107842
vn -0.707106054 0 -0.707107425
vn 0.707107484 -2.30404495E-07 -0.707106054
vn -0.707106113 -1.4031508E-06 -0.707107365
vn -0.314225286 -0.562850952 -0.764500737
vn 1 0 1.13248802E-06
vn 4.81873769E-07 -0.928475916 -0.371392608
vn 1 0 1.13248802E-06
vn 0.396472156 -0.83371228 0.384361267
vn 0.00425624009 -0.99993813 0.0102758398
vn 0.0199494381 -0.999764979 0.00849271845
vn 0.0201053806 -0.999763191 0.00832826644
vn -0.314225286 -0.562850952 -0.764500737
vn -0.354588598 -0.376088977 0.856051326
vn 4.81873769E-07 -0.928475916 -0.371392608
vn 0 -1 3.25841398E-07
vn 0 -1 3.25841398E-07
vn 0 -1 3.25841398E-07
vn 0.261874318 -0.928234458 -0.264202029
vn -0.554252088 -0.832347512 -0.00148754008
vn -0.57300812 -0.81743747 0.058801122
vn 0.349223852 -0.934677482 0.0664891005
vn -0.0637830347 -0.987001777 -0.147509784
vn -0.149448588 -0.98682946 0.0619084202
vn -0.707107484 2.30404495E-07 0.707106054
vn -0.707107484 2.30404495E-07 0.707106054
vn 0.396472156 -0.83371228 0.384361267
vn 0.707106173 1.95311964E-06 0.707107306
vn 0.349223852 -0.934677482 0.0664891005
vn 1 0 0
vn 1 0 0
vn -1.13248802E-06 3.25841398E-07 1
vn -1 0 0
vn -0.57300812 -0.81743747 0.058801122
vn -0.554252088 -0.832347512 -0.00148754008
vn 1.13248802E-06 -3.25841398E-07 -1
vn -0.707107484 2.30404495E-07 0.707106054
vn -0.707107544 2.30404467E-07 0.707105935
vn -0.707107484 2.30404495E-07 0.707106054
vn -0.707107544 2.30404467E-07 0.707105935
vn 0.707107544 -2.30404467E-07 -0.707105935
vn 0.707107544 -2.30404467E-07 -0.707105935
vn 0.707107544 -2.30404467E-07 -0.707105935
vn -0.707105935 0 -0.707107544
vn -0.00344971055 -0.461110353 -0.887336135
vn -0.998291433 -0.0578789972 0.00801499933
vn -0.997395396 -0.0721038729 0.00188670936
vn -0.932915151 -0.360080302 0.00339085888
vn -0.000670462672 -0.755367339 -0.655301332
vn -0.774221003 -0.632873178 0.0073063001
vn 0.00726091303 0.357753903 0.933787704
vn 0.00801692531 0.0770368874 0.996996045
vn 0.00256784516 0.0644675568 0.99791652
vn 0.000615580881 0.45925203 0.888305843
vn 0.000670450623 0.755367398 0.655301094
vn 0.00802786928 0.632756829 0.77430892
vn 0.00391775183 -0.460917741 0.887434125
vn 0.00801446382 -0.0600302964 0.998164356
vn 0.00326117873 -0.0710618421 0.997466564
vn -0.932963908 -0.359944493 0.00425853347
vn 0.00126263814 -0.75559777 0.655034661
vn 0.00792254601 -0.647400081 0.76210916
vn 0.933787704 0.357753694 -0.00726122316
vn 0.996996045 0.0770364255 -0.00801714789
vn 0.99791652 0.0644670725 -0.00256806496
vn 0.888306022 0.459251463 -0.000615922385
vn 0.655301452 0.755367219 -0.000670851732
vn 0.774309099 0.632756472 -0.00802825112
vn -0.660409927 -0.711399376 -0.24035342
vn -0.660395443 -0.711414516 -0.24034819
vn -0.939700007 0 -0.341999859
vn 0.34202072 -3.06190714E-07 -0.939692438
vn 0.250857204 -0.704321504 -0.664079785
vn 0.939692318 1.11444393E-07 0.342020988
vn 0.939700007 1.3377911E-07 0.341999829
vn -0.34202081 3.06190714E-07 0.939692438
vn -0.34202081 3.06190714E-07 0.939692438
vn -0.34202975 1.96419734E-07 0.939689159
vn -0.939692318 -1.11444393E-07 -0.342020988
vn -0.234714687 -0.704305828 0.669971883
vn -0.660395443 -0.711414516 -0.24034819
vn -0.660409927 -0.711399376 -0.24035342
vn 0.250857204 -0.704321504 -0.664079785
vn -0.234714687 -0.704305828 0.669971883
vn 0.422575295 0 0.906327724
vn 0.296354324 -0.71286124 0.635612369
vn 0.937882841 0 0.34695217
vn 0.422575384 0 0.906327724
vn 0.42261672 2.95312816E-07 0.906308532
vn 0.422617495 2.95312589E-07 0.906308174
vn -0.422594815 3.13209341E-07 -0.906318724
vn -0.301223487 -0.701323152 -0.646073043
vn -0.941436291 -4.58757512E-07 -0.337190926
vn -0.422595471 3.34976335E-07 -0.906318426
vn -0.422617763 -2.9531256E-07 -0.906308055
vn -0.422616929 -2.95312674E-07 -0.906308353
vn 0.0147844097 -0.999866962 -0.00689371815
vn 0.296354324 -0.71286124 0.635612369
vn 0.0147843892 -0.999866962 -0.0068937405
vn -0.301223487 -0.701323152 -0.646073043
vn 0.298827559 -0.707105935 0.640861273
vn 0.29883188 -0.707096219 0.640869975
vn -0.298825085 -0.707119048 -0.640848041
vn -0.298828483 -0.707108736 -0.640857816
vn -0.691732824 -0.646115601 -0.32255286
vn 0.422616482 -0.000831887475 -0.906308234
vn 0.422616571 -0.000831887475 -0.906308174
vn 0.422616482 -0.000831887475 -0.906308234
vn -0.407272071 -0.723080873 0.557927847
vn -0.422100872 -0.67387706 0.606399536
vn 0.582337558 -0.766257286 0.271537811
vn -0.422621518 2.95312191E-07 0.906306326
vn 0.582337558 -0.766257286 0.271537811
vn -0.422621518 2.95312191E-07 0.906306326
vn -0.422621518 2.95312191E-07 0.906306326
vn -0.704550505 0 0.709653854
vn 0.341986835 0 0.939704716
vn 0.341986865 0 0.939704716
vn 0.341986835 0 0.939704716
vn 0.318910986 -0.361329824 0.876205742
vn 0.876203477 -0.361351103 -0.318893284
vn 0.939699054 0 -0.342002422
vn -0.342018783 -3.06190913E-07 -0.939693034
vn -0.342018515 -3.06190941E-07 -0.939693272
vn -0.341986835 0 -0.939704716
vn 0.482521176 -0.609689176 -0.628850043
vn 0.93969202 -1.11445104E-07 -0.342021793
vn 0.876203477 -0.361351103 -0.318893284
vn 0.318910986 -0.361329824 0.876205742
vn 0.252711087 -0.673835516 0.694321811
vn 0.482521176 -0.609689176 -0.628850043
vn 0 -0.707107186 -0.707106352
vn 0 -0.707106888 -0.70710665
vn 1 0 1.13248802E-06
vn 0 -3.96332155E-07 -1
vn -1 0 0
vn -1 0 0
vn 1.13248802E-06 -3.25841398E-07 -1
vn -0.90477699 -0.425885588 0
vn 0 -0.707107186 -0.707106352
vn 0 -1 0
vn 0 -0.707106888 -0.70710665
vn -0.361331016 3.03826937E-07 0.932437658
vn -1.13248802E-06 3.25841398E-07 1
vn -1.13248802E-06 3.25841398E-07 1
vn -0.361331135 3.03826795E-07 0.932437539
vn -0.67383647 2.40757998E-07 0.738880515
vn -0.67383647 2.40757998E-07 0.738880515
vn 0 -0.361329943 0.932438016
vn -1 0 -1.13248802E-06
vn -1 0 -1.13248802E-06
vn -0.932437837 -0.36133042 -9.38238486E-07
vn 0 -0.361329943 0.932438016
vn -0.932437837 -0.36133042 -9.38238486E-07
vn -0.425888658 -0.609667957 0.66852361
vn -0.738880694 -0.673836291 -6.17209878E-07
vn -0.499999344 -0.707106888 -0.500000417
vn -0.499999344 -0.707106888 -0.500000417
vn -0.499987662 -0.707106829 0.500012219
vn -0.499999344 -0.707106888 -0.500000417
vn 0.499999344 0.707106888 0.500000417
vn 0.499999523 0.707106888 0.500000179
vn 0.499985009 0.707106888 -0.500014842
vn 0.499999344 0.707106888 0.500000417
vn 0.707106233 6.94558366E-07 0.707107306
vn -0.707107723 1.00174795E-07 0.707105756
vn 0.707106233 6.94558366E-07 0.707107306
vn 0.707106173 6.94558366E-07 0.707107306
vn 0.0126634687 -0.00291592302 0.9999156
vn 0.0126634687 -0.00291592302 0.9999156
vn 0.988335371 -0.00309767411 0.152261913
vn 0.999914885 -0.00296243886 -0.0127102975
vn 0.449252963 0.893403709 -0.00127280084
vn 0.999995828 -0.0028794012 -1.20348222E-05
vn 0.817119777 0.407482713 0.407765865
vn 0.695197046 -0.0207884144 -0.718518436
vn 0.416538507 0.77920258 -0.468336582
vn 0.856661618 0.349747717 -0.379219353
vn 0.718529463 -0.0207668319 0.695186377
vn 0.409842491 0.822170496 -0.395050347
vn 0.706354678 -0.00313319732 0.707851231
vn 0.70785147 -0.00313337822 -0.70635438
vn 0.35710752 0.394907475 -0.846476436
vn 0.999935389 -0.00291094091 0.0109911598
vn 0.999935389 -0.00291094091 0.0109911598
vn 0.0110266237 -0.00286586699 -0.99993515
vn -0.718516409 -0.0207876209 -0.695199311
vn -0.861538768 0.330878258 -0.385059088
vn -0.430451035 0.775279522 -0.462226808
vn 0.695186615 -0.0207670592 -0.718529284
vn -0.708294749 0.705881774 -0.00702542067
vn -0.546254456 0.837608218 -0.00429869723
vn 0.0109913303 -0.00291110598 -0.999935389
vn 0.0109913303 -0.00291110598 -0.999935389
vn 0.0625504553 0.994122684 -0.0883600637
vn -0.0511806272 0.99063921 -0.126547843
vn -0.861538768 0.330878258 -0.385059088
vn -0.430451035 0.775279522 -0.462226808
vn -0.870305896 0.492228329 -0.0166999232
vn -0.111356929 0.714793324 -0.690412998
vn -0.430451035 0.775279522 -0.462226808
vn 0.00288872886 0.0140899392 0.999896526
vn -0.853222489 0.382031173 0.355054438
vn -0.714604139 0.699442267 0.0110195084
vn -0.0126637695 -0.00291624898 -0.9999156
vn -0.0126637695 -0.00291624898 -0.9999156
vn -0.853222489 0.382031173 0.355054438
vn -0.707852662 -0.00313464995 0.706353188
vn -0.707851589 -0.00313352491 0.70635432
vn -0.357108802 0.394910634 0.846474349
vn -0.999935389 -0.00291094393 -0.0109908599
vn -0.999935389 -0.0029109451 -0.0109908599
vn -0.0110117141 -0.00335524627 0.99993372
vn -1.29941591E-05 -0.00288079702 -0.999995828
vn -1.29941591E-05 -0.00288079702 -0.999995828
vn -1.29941591E-05 -0.00288079702 -0.999995828
vn -0.999777734 -0.00309962081 -0.0208544526
vn -0.568618655 0.822469771 0.0147052491
vn -0.0126637695 -0.00291624898 -0.9999156
vn -0.999914765 -0.00296483492 0.0127132852
vn -0.408167601 0.816868186 -0.407584965
vn 1 0 8.34465027E-07
vn -0.219693363 0.848959625 -0.48062706
vn 3.76994564E-07 3.63222739E-07 -1
vn -0.715895772 -0.019535033 -0.697933972
vn -0.0925889388 0.72858572 0.678667963
vn 1 0 8.34465027E-07
vn 1 0 8.34465027E-07
vn 0.000119727498 1 7.56925729E-05
vn 0.641010046 0.706987143 0.298789918
vn 1.09685516E-05 1 -1.34299682E-06
vn 8.17515684E-06 1 3.81208497E-06
vn -0.000122852798 -1 -6.812223E-05
vn -0.000128060899 -1 -7.01788376E-05
vn -1.91717572E-05 -1 -2.48194101E-06
vn 7.72173917E-06 -1 -1.65592792E-05
vn 0.341928035 -0.000126471787 0.939726114
vn 0.939662337 -0.000328988914 -0.342103064
vn 0.641010046 0.706987143 0.298789918
vn 0.342110068 -0.000120912176 0.939659894
vn 0 1 0
vn 0.241845116 0.707107306 0.664462328
vn 0 1 -1.7298548E-07
vn 0 1 0
vn -0.939692855 0 0.342019528
vn -0.342019409 0 -0.939692855
vn -0.34201932 0 -0.939692974
vn -0.422618121 0 0.906307876
vn 0.241845116 0.707107306 0.664462328
vn 0.241845354 -0.707106352 0.664463162
vn 0.906307697 0 0.422618449
vn 0.34201932 0 0.939692974
vn 0.34201932 0 0.939692974
vn 0.34201932 0 0.939692974
vn 0 -1 0
vn 0.241845354 -0.707106352 0.664463162
vn 0 -1 0
vn 0 -1 0
vn 0.641001642 0.706992626 -0.298794687
vn 8.17515775E-06 1 -3.81209702E-06
vn -9.09991286E-07 1 1.13086498E-05
vn 0.298871309 0.707069159 0.640881419
vn 0.640703917 -0.707226217 -0.298880547
vn -1.70181575E-05 -1 7.93558775E-06
vn -1.91717209E-05 -1 2.48202969E-06
vn -0.298915833 -0.7069332 -0.641010821
vn 0.422617793 -0.000312333897 0.906307995
vn 0.641001642 0.706992626 -0.298794687
vn 0.422616839 -0.000312959484 0.906308353
vn 0.640703917 -0.707226217 -0.298880547
vn -0.664462924 0.707106709 -0.241845027
vn 0 1 0
vn 0 1 0
vn 0 1 0
vn -0.422617763 0 -0.906307995
vn -0.939692557 0 -0.342020482
vn -0.939692557 0 -0.342020482
vn -0.664462924 0.707106709 -0.241845027
vn 0.939692557 0 0.342020512
vn 0.906307757 0 -0.42261833
vn 0.939692557 0 0.342020512
vn -0.342020631 0 0.939692438
vn 0.939692557 0 0.342020512
vn 0.664462805 -0.707106888 0.241845101
vn 0.664462805 -0.707106888 0.241845101
vn 0 -1 0
vn 0 -1 0
vn 0 -1 0
vn -0.00411899853 -0.999952555 0.00883317646
vn -0.637724519 -0.710544765 -0.297377735
vn 0.305986196 -0.704883277 -0.639931321
vn -0.293534607 -0.704881847 0.645739079
vn -0.773864627 -0.609672666 -0.171559989
vn -0.666240335 -0.368780077 -0.64817065
vn 0.939692855 0 -0.342019498
vn 0.939692855 0 -0.342019558
vn 0.3420192 0 0.939692974
vn 0.3420192 0 0.939692974
vn 0.342023522 0 0.939691365
vn -0.482543677 -0.609673202 0.628848314
vn -0.939692557 0 0.342020243
vn -0.939691782 0 0.34202224
vn -0.876205087 -0.361330956 0.318911463
vn -0.939692557 0 0.342020243
vn -0.342018872 0 -0.939693034
vn -0.876205087 -0.361330956 0.318911463
vn -0.666240335 -0.368780077 -0.64817065
vn -0.773864627 -0.609672666 -0.171559989
vn -0.482543677 -0.609673202 0.628848314
vn 0.906308949 0 -0.422615856
vn 0.636125565 -0.712288439 -0.296630144
vn 0.346436173 -1.27442021E-07 -0.938073516
vn 0.422615141 0 0.906309247
vn -0.42261973 -1.79583452E-07 -0.906307101
vn -0.309610367 -0.703728914 -0.639458418
vn 0.906307757 0 -0.422618359
vn -0.906308353 0 0.422617078
vn -0.906308353 0 0.422617078
vn -0.906308353 0 0.422616929
vn 0.422613174 1.78349296E-07 0.906310141
vn 0.636125565 -0.712288439 -0.296630144
vn -0.645555317 -0.701885879 0.301022649
vn -0.309610367 -0.703728914 -0.639458418
vn -0.0062168357 -0.999891758 -0.0133321695
vn -0.876204848 -0.36133036 -0.318912953
vn -0.482534289 -0.609677911 -0.628851056
vn 0.339537889 -0.932438135 0.12358477
vn 0.25271219 -0.673835695 -0.694321215
vn 0.00345013267 -0.461109936 0.887336254
vn 0.00801484566 -0.0600311272 0.998164356
vn 0.00257381331 -0.0726578683 0.997353673
vn 0.00425866479 -0.359944433 0.932964027
vn 0.000670775131 -0.755366981 0.65530163
vn 0.00802822877 -0.632756829 0.77430892
vn -0.00726135867 0.357753605 -0.933787823
vn -0.996827781 0.079183802 0.00801739469
vn -0.997881591 0.0650285855 0.00187939254
vn -0.888329864 0.459205776 -0.000211495208
vn -0.655560851 0.755142331 7.82988718E-05
vn -0.786602855 0.617405713 0.00813430268
vn 0.859980702 0.366573691 -0.355045021
vn -0.606357217 0.666815579 -0.433229744
vn -0.473265499 0.740766346 0.476744145
vn 0 1 0
vn 0.706931949 0 0.70728153
vn -0.0822932348 0 -0.996608257
vn 0.706931949 0 0.70728153
vn 0.554997325 -0.831851363 0.00115320564
vn 0.55535543 0.831612289 0.00115387235
vn 0.846323431 -0.397466958 0.354621828
vn -0.711409509 0 0.702777684
vn -0.711409509 0 0.702777684
vn -0.711409509 0 0.702777684
vn -0.606357217 0.666815579 -0.433229744
vn -0.996445358 0 0.0842409581
vn 0.581343055 0 -0.813658535
vn -0.473265499 0.740766346 0.476744145
vn -0.261537045 -0.928540468 0.263459682
vn -0.768786192 0.553191364 0.320853859
vn -0.00168981892 0 -0.999998569
vn -0.774472892 -0.544695675 -0.32171163
vn -0.754114747 0.577219307 -0.31325525
vn -0.524039984 -0.668328524 -0.527938664
vn -0.997109592 0 0.0759767741
vn -0.524039984 -0.668328524 -0.527938664
vn 0.846323431 -0.397466958 0.354621828
vn -0.395473897 -0.740873992 0.542868376
vn -0.808267474 0 -0.58881551
vn -0.395473897 -0.740873992 0.542868376
vn -0.395473957 0.740873933 0.542868495
vn 0.55535543 0.831612289 0.00115387235
vn 0 1 0
vn 0 1 0
vn -0.395473957 0.740873933 0.542868495
vn -0.754114747 0.577219307 -0.31325525
vn 0 1 0
vn -0.768786192 0.553191364 0.320853859
vn 0 -1 0
vn 0 -1 0
vn 0.554997325 -0.831851363 0.00115320564
vn -0.261537045 -0.928540468 0.263459682
vn 0 -1 0
vn 0 -1 0
vn -0.726574004 -0.0956417769 -0.68039906
vn -0.726590514 -0.0955303088 -0.680397093
vn 0.707107246 0 -0.707106233
vn -0.707106233 0 -0.707107306
vn 0.707107246 0 -0.707106233
vn 0.707107246 0 -0.707106233
vn -0.707107246 0 0.707106233
vn 0.707106173 1.79826699E-07 0.707107306
vn -0.707107246 0 0.707106233
vn -0.707107246 0 0.707106233
vn 0.707107186 0 -0.707106352
vn 0.707107246 0 -0.707106233
vn -0.707106233 0 -0.707107306
vn 0.707107246 0 -0.707106233
vn -0.707107246 0 0.707106233
vn -0.707107246 0 0.707106233
vn 0.707106173 0 0.707107306
vn 0.707106233 0 0.707107306
vn 6.55651093E-07 0 -1
vn -1 0 0
vn 6.55651093E-07 0 -1
vn -1 0 0
vn 1 0 0
vn 1 0 0
vn -6.55651093E-07 0 1
vn -6.55651093E-07 0 1
vn 6.55651093E-07 0 -1
vn -1 0 0
vn -1 0 0
vn -1 0 0
vn -6.55651093E-07 0 1
vn 1 0 0
vn 1 0 0
vn -6.55651093E-07 0 1
vn -0.707106352 0 -0.707107127
vn -0.707106352 0 -0.707107127
vn -0.707107127 0 0.707106352
vn -0.707107008 0 0.707106471
vn 0.707106948 0 -0.70710659
vn 0.707106352 0 0.707107127
vn 0.707106352 0 0.707107127
vn 0.707106948 0 -0.70710659
vn -0.707106352 0 -0.707107186
vn -0.707107246 1.30464389E-06 0.707106233
vn -0.707106352 0 -0.707107186
vn -0.707106352 0 -0.707107127
vn 0.707106352 0 0.707107127
vn 0.707107008 -1.27639146E-06 -0.707106531
vn 0.707107008 -1.20432219E-06 -0.707106531
vn 0.707106352 0 0.707107186
vn 6.55651093E-07 0 -1
vn 6.55651093E-07 0 -1
vn -1 0 -1.03691582E-06
vn 6.55651093E-07 0 -1
vn -6.55651093E-07 0 1
vn -6.55651093E-07 0 1
vn 1 0 1.02252375E-06
vn -6.55651093E-07 0 1
vn -1 0 -1.03691616E-06
vn 6.55651093E-07 0 -1
vn 6.55651093E-07 0 -1
vn 6.55651093E-07 0 -1
vn -6.55651093E-07 0 1
vn -6.55651093E-07 0 1
vn -6.55651093E-07 0 1
vn -6.55651093E-07 0 1
vn -4.63615237E-07 -0.707106769 0.707106769
vn 0.70710659 -0.707106948 0
vn 0.707106471 -0.707107008 0
vn -4.63615237E-07 -0.707106769 0.707106769
vn -4.7002257E-07 -4.70025554E-07 1
vn -1 0 -6.55651093E-07
vn -4.70024901E-07 -4.70023849E-07 1
vn -1 0 -6.55651093E-07
vn -0.707106888 0.70710665 -6.46592468E-07
vn 4.63615237E-07 0.707106769 -0.707106769
vn -0.707106888 0.70710665 0
vn -0.707106888 0.70710665 -6.94558594E-07
vn 1 0 6.55651093E-07
vn 1 0 6.55651093E-07
vn 1 0 6.55651093E-07
vn 4.70022229E-07 4.70025839E-07 -1
vn -0.718529582 -0.0207670499 -0.695186317
vn -0.416560888 0.779206872 0.468309283
vn -0.856664777 0.349740386 0.379218996
vn -0.718529642 -0.020767061 -0.695186257
vn -0.706354797 -0.00313342782 -0.707851052
vn -0.706354797 -0.00313342782 -0.707851052
vn -0.707851827 -0.00313424366 0.706354082
vn -0.390700817 0.83751756 0.381991088
vn -0.0931646153 0.664366424 0.741577804
vn -0.0160950702 0.997175097 -0.0733677074
vn -0.0623815507 0.994107604 -0.0886489972
vn -0.251330078 0.967891037 -0.00449052872
vn -0.0925889388 0.72858572 0.678667963
vn 6.88266809E-05 1 -3.90765053E-05
vn -0.166048914 0.983280957 0.0747420713
vn 0.00944404677 0.968039691 -0.250619084
vn -0.250322759 0.968095124 -0.0114160888
vn -0.254889876 0.930541992 0.262912333
vn -0.192259789 0.965248406 -0.17700769
vn -0.349564582 0.832662404 -0.429508895
vn -0.0105587495 0.999884605 -0.0109274788
vn -0.524718046 0.826280534 0.204771921
vn -0.880900919 0.473249555 -0.00695506437
vn -0.880325079 0.474370897 -7.26295639E-06
vn -0.551797986 0.833900094 -0.0113839451
vn 0.0909636691 0.826032996 -0.556232989
vn -0.532555044 0.821940482 0.201987222
vn -0.00892885122 0.999859095 -0.0142151797
vn 0.393974215 0.481754333 -0.782749712
vn -0.00899911392 0.999856949 -0.0143248299
vn -0.880325079 0.474370897 -7.26295639E-06
vn -0.999997735 -0.00213018898 -5.62119276E-05
vn 2.19211561E-05 -0.00210354594 -0.999997854
vn -0.880900919 0.473249555 -0.00695506437
vn -2.24573996E-05 1 -0.000165692269
vn 0.000164197205 1 -2.43063078E-05
vn 0.55832231 0.602003694 -0.570848286
vn -0.767087579 0.554596841 0.322488815
vn -0.00393742602 0.00585139357 0.999975204
vn -0.999985576 0.00348971435 -0.00407929718
vn -0.00416354975 0.00208747294 0.999989152
vn -0.999970078 0.00669643003 -0.00388663122
vn 0.999989986 -0.00208752672 0.00397467054
vn 0.999988675 -0.00264990167 0.00394681888
vn 0.999985695 -0.00367103703 0.00389624713
vn 0.999984503 -0.00400597788 0.00387965795
vn -0.767087579 0.554596841 0.322488815
vn -0.999886513 -0.0148566514 -0.00248953793
vn 0.00123988383 -0.0146574471 -0.999891758
vn 0.00123988383 -0.0146574471 -0.999891758
vn -0.532555044 0.821940482 0.201987222
vn -0.720053673 -0.00474122539 -0.693902135
vn -0.689413846 0 0.724367738
vn -0.587464154 -0.00338066788 0.809243143
vn -0.880896747 0.473257393 0.00695513375
vn -2.12055475E-05 -0.00210354594 -0.999997854
vn -2.12055475E-05 -0.00210354594 -0.999997854
vn 0.999985576 0.00348971435 -0.004078581
vn 0.999975204 0.00585134234 -0.003936694
vn 0.999970078 0.00669643003 -0.00388591597
vn -4.38439274E-05 1 8.23667215E-05
vn -4.38403586E-05 1 8.23641385E-05
vn 2.85748538E-05 1 -2.84098151E-05
vn 2.85116439E-05 1 -2.85102033E-05
vn -0.374823362 0.927062988 0.0078500649
vn -0.00123941177 -0.0146574881 -0.999891758
vn -0.00123941177 -0.0146574881 -0.999891758
vn -0.999886513 -0.0148566477 0.00248953886
vn -0.526467204 0.827457666 0.195309982
vn -1 0 0.000126991203
vn -0.000142507502 -3.25841313E-07 -1
vn -0.408167601 0.816868186 -0.407584965
vn -0.707113564 -2.30402364E-07 -0.707099915
vn -0.707113564 -2.30402364E-07 -0.707099915
vn -0.707104146 0 0.707109392
vn 0.00213542301 0.884587049 -0.466370106
vn 0.00213542324 0.884587169 -0.466370046
vn 0.00241818605 0.879264951 -0.476326853
vn 0.00241959398 0.879238129 -0.476376414
vn -0.893930674 0.369219691 0.25409615
vn -0.88866663 0.330810636 -0.317546487
vn 0.817119777 0.407482713 0.407765865
vn -1 0 -9.53674316E-07
vn 0.228602469 0.877786994 0.420988053
vn -1 0 -9.53674316E-07
vn -1 0 -9.53674316E-07
vn 0.143271044 0.838479936 -0.525761068
vn -1 0 -9.53674316E-07
vn 0.858518302 -0.0234276429 0.512247443
vn 0.365813285 0.357726276 0.859193027
vn -0.9999156 -0.0029160839 0.0126635293
vn -0.9999156 -0.0029160839 0.0126635293
vn -0.9999156 -0.0029160839 0.0126635293
vn 0.706353188 -0.00313486229 0.707852662
vn -0.707851231 -0.00313319825 0.706354678
vn 0.381991208 0.8375175 0.390700966
vn 0.718518615 -0.0207879134 0.695196927
vn -0.695186377 -0.0207668226 0.718529463
vn 0.43045193 0.775281489 0.462222576
vn -0.695186377 -0.0207668319 0.718529463
vn 0.621281922 0.780002773 0.0748615861
vn -0.0355517492 -0.0214497522 0.99913764
vn 0.994925618 -0.0211065859 -0.0983740389
vn -0.0355517417 -0.0214497522 0.99913764
vn 0.710690081 0.703469932 0.00705193868
vn -0.01099109 -0.00291078002 0.999935389
vn 0.999935389 -0.00291064917 0.0109914094
vn -0.0109911002 -0.00291078002 0.999935389
vn 0.0147067793 0.822476506 0.568608999
vn -0.9999156 -0.0029160839 0.0126635293
vn -0.9999156 -0.0029160839 0.0126635293
vn -0.9999156 -0.0029160839 0.0126635293
vn 0.718518734 -0.0207876749 0.695196748
vn 0.468362421 0.779199779 0.416514456
vn 0.379222602 0.349747598 0.856660306
vn 0.718580127 -0.0206666216 0.695136964
vn -0.707851291 -0.00313319825 0.706354618
vn 0.706353724 -0.00313401362 0.707852125
vn -0.707851231 -0.00313319825 0.706354678
vn 0.381989211 0.837518454 0.390700966
vn 0.81702292 0.409079522 -0.406358808
vn -0.01099109 -0.00291078002 0.999935389
vn 0.999935508 -0.00290536531 0.0109861176
vn 0.99993515 -0.00286526955 0.0110263219
vn -0.355056137 0.382030964 -0.853221774
vn 0.9999156 -0.00291608809 -0.0126632899
vn -0.0126697281 -0.00292252959 -0.999915481
vn -0.0127102872 -0.00296303444 -0.999914885
vn 0.70785141 -0.00313342805 -0.706354499
vn -0.70635432 -0.00313365203 -0.707851529
vn 0.70785141 -0.00313342805 -0.706354499
vn 0.695186615 -0.0207670592 -0.718529284
vn -0.865043759 0.350206554 -0.359241813
vn -0.430452913 0.775280654 -0.462223053
vn 0.695186615 -0.0207670592 -0.718529284
vn -0.712150455 -0.00207323488 0.702023864
vn -0.546257436 0.837606311 -0.00429896917
vn 0.0109913303 -0.00291110598 -0.999935389
vn 0.0109913303 -0.00291110598 -0.999935389
vn -7.76052786E-07 2.13841304E-07 1
vn -1 1.629206E-07 -5.22286882E-07
vn -1 1.629206E-07 -5.22286825E-07
vn -0.712150455 -0.00207323488 0.702023864
vn 1 3.16704387E-07 4.50272012E-07
vn 1 5.34452397E-07 5.62583978E-07
vn 1 4.32563098E-07 5.30315674E-07
vn 1 4.46182071E-07 7.38081098E-07
vn 1 3.39236493E-07 5.11302744E-07
vn 1 7.60555679E-07 8.78341666E-07
vn 1 3.58247803E-07 4.17975173E-07
vn 1 9.00817554E-07 5.63965273E-07
vn 1 7.21313313E-07 4.10419744E-07
vn -1 -4.0803738E-07 -2.32169072E-07
vn -1 -4.19041498E-07 -3.43897966E-07
vn -1 -1.88230317E-07 -2.42136167E-07
vn -1 -2.96307547E-07 -2.43174128E-07
vn -1 0 -3.81469647E-07
vn -1 -3.0731141E-07 -3.54904756E-07
vn -1 1.71948557E-07 -2.09520579E-07
vn -1 -2.09519783E-07 -1.71949935E-07
vn -1 0 0
vn 1 3.16704416E-07 4.502715E-07
vn 1 5.3445234E-07 5.62584205E-07
vn 1 4.32562871E-07 5.30314992E-07
vn 1 4.46181559E-07 7.38079791E-07
vn 1 3.39236493E-07 5.11302744E-07
vn 1 7.60554713E-07 8.78341723E-07
vn 1 3.58247746E-07 4.17975855E-07
vn 1 9.00817383E-07 5.63967546E-07
vn 1 7.21313199E-07 4.10420824E-07
vn -1 -4.08037351E-07 -2.32169072E-07
vn -1 -4.19041413E-07 -3.43898677E-07
vn -1 -1.88230089E-07 -2.42136025E-07
vn -1 -2.96307405E-07 -2.43173503E-07
vn -1 0 -3.81469704E-07
vn -1 -3.07311325E-07 -3.54904302E-07
vn -1 1.71948528E-07 -2.09520152E-07
vn -1 -2.09519754E-07 -1.71949509E-07
vn -1 0 0
vt 0.993125319 0.250580311
vt 1.00579059 0.9988392
vt 0.993125319 0.74941963
vt 0.993125319 0.250580311
vt 0.993125319 0.74941963
vt 0.993125319 0.50000006
vt 1.00888073 0.66912657
vt 1.03422987 0.66912657
vt 1.00839591 0.548302293
vt 1.16759026 0.547774434
vt 1.14179754 0.66912657
vt 1.16714668 0.66912657
vt 1.16795123 0.66912657
vt 1.14252663 0.66912657
vt 1.16795123 0.548611403
vt 1.0070796 0.548775434
vt 1.03250718 0.66912657
vt 1.0070796 0.66912657
vt 1.00876331 0.546769857
vt 1.0345788 0.66912657
vt 1.00922942 0.66912657
vt 1.16749358 0.66912657
vt 1.1421448 0.66912657
vt 1.16796207 0.546780586
vt 1.16864991 0.545908093
vt 1.1432246 0.66912657
vt 1.16864991 0.66912657
vt 1.00777829 0.66912657
vt 1.03320515 0.66912657
vt 1.00777853 0.54599309
vt 0.36617136 1.19120121
vt 0.405549735 1.30818081
vt 0.419963151 1.14838374
vt 0.391136199 1.14838374
vt 0.405549735 1.30818081
vt 0.44492802 1.19120121
vt 0.391136199 1.14838374
vt 0.405549735 1.30818081
vt 0.44492802 1.19120121
vt 0.36617133 1.19120121
vt 0.405549735 1.30818081
vt 0.419963151 1.14838374
vt 0.36617136 1.19120121
vt 0.405549735 1.30818081
vt 0.419963151 1.14838374
vt 0.391136199 1.14838374
vt 0.405549735 1.30818081
vt 0.44492802 1.19120121
vt 0.36617136 1.19120121
vt 0.419963151 1.14838374
vt 0.405549735 1.30818081
vt 0.391136199 1.14838374
vt 0.44492802 1.19120121
vt 0.405549735 1.30818081
vt 0.391136199 1.14838374
vt 0.44492802 1.19120121
vt 0.405549735 1.30818081
vt 0.36617133 1.19120121
vt 0.419963151 1.14838374
vt 0.405549735 1.30818081
vt 0.36617136 1.19120121
vt 0.419963151 1.14838374
vt 0.405549735 1.30818081
vt 0.391136199 1.14838374
vt 0.44492802 1.19120121
vt 0.405549735 1.30818081
vt 0.0436239131 0.459638059
vt 0.0218120255 0.145764112
vt -0.0403031781 0.411853671
vt 0.654358208 0.459638059
vt 0.632546365 0.145764112
vt 0.570431054 0.411853552
vt 0.567110419 0.459638059
vt 0.545298457 0.145764112
vt 0.483183265 0.411853552
vt 0.479862511 0.459638059
vt 0.45805046 0.145764112
vt 0.395935446 0.411853582
vt 0.389294177 0.411853552
vt 0.327178955 0.145764112
vt 0.305367082 0.459638059
vt 0.283555061 0.145764112
vt 0.221440062 0.411853611
vt 0.218119383 0.459638059
vt 0.196307451 0.145764112
vt 0.134192288 0.411853552
vt 0.130871639 0.459638059
vt 0.109059766 0.145764112
vt 0.0469445735 0.411853582
vt 0.0436239131 0.459638059
vt -0.0403031781 0.411853641
vt 0.0218120255 0.145764112
vt 0.654358208 0.459638059
vt 0.570431113 0.411853522
vt 0.632546365 0.145764112
vt 0.567110419 0.459638059
vt 0.483183265 0.411853552
vt 0.545298457 0.145764112
vt 0.479862511 0.459638059
vt 0.395935476 0.411853582
vt 0.45805046 0.145764112
vt 0.389294177 0.411853611
vt 0.305367082 0.459638059
vt 0.327178955 0.145764112
vt 0.221440107 0.411853582
vt 0.283555061 0.145764112
vt 0.218119383 0.459638059
vt 0.134192318 0.411853492
vt 0.196307451 0.145764112
vt 0.130871639 0.459638059
vt 0.0469446108 0.411853552
vt 0.109059766 0.145764112
vt 0.0436239131 0.459638059
vt 0.0218120255 0.145764112
vt -0.0403031893 0.411853671
vt 0.654358208 0.459638059
vt 0.632546365 0.145764112
vt 0.570431054 0.411853552
vt 0.567110419 0.459638059
vt 0.545298457 0.145764112
vt 0.483183265 0.411853552
vt 0.479862511 0.459638059
vt 0.45805046 0.145764112
vt 0.395935446 0.411853582
vt 0.392614752 0.459638059
vt 0.37080282 0.145764112
vt 0.308687866 0.411853611
vt 0.305367082 0.459638059
vt 0.283555061 0.145764112
vt 0.221440062 0.411853611
vt 0.218119383 0.459638059
vt 0.196307451 0.145764112
vt 0.134192288 0.411853552
vt 0.130871639 0.459638059
vt 0.109059766 0.145764112
vt 0.0469445661 0.411853552
vt 0.0436239131 0.459638059
vt -0.040303193 0.411853641
vt 0.0218120255 0.145764112
vt 0.654358208 0.459638059
vt 0.570431054 0.411853552
vt 0.632546365 0.145764112
vt 0.567110419 0.459638059
vt 0.483183265 0.411853522
vt 0.545298457 0.145764112
vt 0.479862511 0.459638059
vt 0.395935506 0.411853552
vt 0.45805046 0.145764112
vt 0.392614752 0.459638059
vt 0.308687866 0.411853552
vt 0.37080282 0.145764112
vt 0.305367082 0.459638059
vt 0.221440077 0.411853552
vt 0.283555061 0.145764112
vt 0.218119383 0.459638059
vt 0.134192318 0.411853552
vt 0.196307451 0.145764112
vt 0.130871639 0.459638059
vt 0.0469445847 0.411853522
vt 0.109059766 0.145764112
vt 1.41511166 -0.0107148234
vt 1.58996534 0.139435157
vt 1.35682702 -0.0107148234
vt 1.47339618 -0.010718422
vt 1.58996534 0.139435157
vt 1.53168082 -0.0107328128
vt 1.58996534 0.139435157
vt 1.58996534 -0.010743605
vt 1.58996534 0.139435157
vt 1.64824998 -0.010743605
vt 1.58996534 0.139435157
vt 1.70653462 -0.0107400082
vt 1.58996534 0.139435157
vt 1.76481903 -0.0107256174
vt 1.58996534 0.139435157
vt 1.82310367 -0.0107148234
vt 1.58996534 0.139435157
vt 1.41511166 -0.0107148234
vt 1.35682702 -0.0107148234
vt 1.58996534 0.139435157
vt 1.47339618 -0.010718422
vt 1.58996534 0.139435157
vt 1.53168082 -0.0107328128
vt 1.58996534 0.139435157
vt 1.58996534 -0.010743605
vt 1.58996534 0.139435157
vt 1.64824998 -0.010743605
vt 1.58996534 0.139435157
vt 1.70653462 -0.0107400082
vt 1.58996534 0.139435157
vt 1.76481903 -0.0107256174
vt 1.58996534 0.139435157
vt 1.82310367 -0.0107148234
vt 1.58996534 0.139435157
vt 0.351517975 0.143844917
vt 0.357423842 0.321582288
vt 0.374429077 0.165282711
vt 0.328606755 0.165282711
vt 0.345612079 0.321582288
vt 0.375859499 0.165282711
vt 0.392434686 0.321582288
vt 0.398191154 0.143844917
vt 0.403927803 0.321582288
vt 0.420445621 0.165282682
vt 0.421177387 0.143844917
vt 0.426984906 0.321582288
vt 0.443707108 0.165282667
vt 0.445238113 0.165282726
vt 0.462243408 0.321582288
vt 0.468149304 0.143844917
vt 0.474015951 0.321582288
vt 0.490908384 0.165282667
vt 0.492229581 0.165282682
vt 0.508747339 0.321582288
vt 0.514483929 0.143844917
vt 0.520240426 0.321582288
vt 0.536815763 0.165282652
vt 0.351517975 0.143844917
vt 0.374429077 0.165282741
vt 0.357423842 0.321582288
vt 0.328606725 0.165282652
vt 0.345612079 0.321582288
vt 0.375859499 0.165282652
vt 0.398191154 0.143844917
vt 0.392434686 0.321582288
vt 0.420445591 0.165282682
vt 0.403927803 0.321582288
vt 0.421177387 0.143844917
vt 0.443707108 0.165282696
vt 0.426984906 0.321582288
vt 0.444525808 0.143844917
vt 0.467436939 0.165282726
vt 0.450431645 0.321582288
vt 0.468149304 0.143844917
vt 0.490908384 0.165282726
vt 0.474015951 0.321582288
vt 0.492229581 0.165282667
vt 0.514483929 0.143844917
vt 0.508747339 0.321582288
vt 0.536815703 0.165282696
vt 0.520240426 0.321582288
vt 1.64082432 -0.0887555778
vt 1.55663931 -0.338461757
vt 1.53005898 0.00264330953
vt 1.58772171 0.00264330953
vt 1.47947073 -0.0887554809
vt 1.63606143 -0.088755548
vt 1.55663931 -0.338461757
vt 1.5289259 0.00264330953
vt 1.58409238 0.00264330953
vt 1.48226023 -0.0887555033
vt 1.6326164 -0.088755466
vt 1.55663931 -0.338461757
vt 1.52956212 0.00264330953
vt 1.58966172 0.00264330953
vt 1.47627604 -0.0887554586
vt 1.64082432 -0.0887555778
vt 1.53005898 0.00264330953
vt 1.55663931 -0.338461757
vt 1.58772171 0.00264330953
vt 1.47947073 -0.0887554809
vt 1.63606143 -0.088755548
vt 1.5289259 0.00264330953
vt 1.55663931 -0.338461757
vt 1.58409238 0.00264330953
vt 1.48226023 -0.0887555033
vt 1.6326164 -0.088755466
vt 1.52956212 0.00264330953
vt 1.55663931 -0.338461757
vt 1.58966172 0.00264330953
vt 1.47627604 -0.0887554586
vt 83.7499313 -350.411499
vt 83.6515503 -350.312408
vt 66.1515503 -350.31311
vt 66.2499237 -350.411499
vt 83.7499313 -350.411499
vt 66.3438568 -214.964096
vt 65.6690521 -214.964096
vt 15.2711296 -159.767899
vt 65.6690521 -214.964096
vt 66.2499237 -350.411499
vt 66.1515503 -350.31311
vt 15.3799295 -161.251801
vt 66.3438568 -214.964096
vt 15.2711296 -159.767899
vt 15.2711296 -159.767899
vt 4.88866754E-05 -159.616974
vt 1.038751E-05 -161.893051
vt 15.3799295 -161.251801
vt 1.038751E-05 -161.893051
vt 22.6289501 -143.751801
vt 3.34870092E-05 -144.072891
vt 15.3799295 -161.251801
vt 66.3438568 -214.964096
vt 83.5711365 -207.564499
vt 68.7406769 -14.3705397
vt 22.6289501 -143.751801
vt 68.7406769 -14.3705397
vt -4.58792783E-05 8.84830079E-05
vt 3.34870092E-05 -144.072891
vt -299.96167 -159.397614
vt 4.88866754E-05 -159.616974
vt -299.999939 -157.121613
vt -299.999908 -142.824005
vt 66.0710831 -207.564499
vt 84.3085175 -56.801899
vt 67.0737534 -64.1970825
vt -300.037994 -142.824005
vt -4.58792783E-05 8.84830079E-05
vt -300.000092 0.247866198
vt -378.637207 -161.058502
vt -370.915985 -143.750214
vt -443.752014 23.3728409
vt -314.370789 69.4845886
vt -444.07309 0.14859961
vt -378.637207 -161.058502
vt -298.965912 -160.231293
vt -377.440094 -159.886902
vt -378.637207 -161.058502
vt -299.96167 -159.397614
vt -300.000092 -0.000133723093
vt -300.037994 -142.824005
vt -300.000092 -0.000133723093
vt -370.915985 -143.750214
vt -440.989014 -71.7293015
vt -458.559814 -78.4637985
vt -378.637207 -161.058502
vt -440.989014 -71.7293015
vt -461.893219 0.185789138
vt -461.893219 0.185789138
vt -444.073212 0.743842125
vt -443.752014 23.3728409
vt -461.252014 16.1238194
vt -514.964294 67.0877228
vt -507.564697 84.3149948
vt -314.370789 69.4845886
vt -459.617157 0.185796022
vt -444.07309 0.14859961
vt -461.893311 0.743818283
vt -459.768097 16.0150299
vt -461.252014 16.1238194
vt -300.000092 -0.000133723093
vt -444.07309 0.14859961
vt -458.559814 -78.4637985
vt -457.342712 -77.2826691
vt -461.893219 0.185789138
vt -356.802094 85.0524216
vt -354.709198 88.5756302
vt -293.752136 23.37286
vt -364.197296 67.8176575
vt -311.252014 16.1238403
vt -364.197296 67.8176422
vt -309.768097 16.0150299
vt -507.564697 66.814949
vt -356.802094 85.0524216
vt -650.411743 84.4937897
vt -507.564697 83.9113007
vt -650.312622 84.3953781
vt 67.073761 -64.1970825
vt 66.0710831 -207.564499
vt 65.9726868 -207.466095
vt 67.073761 -64.1970825
vt 67.0737534 -64.1970825
vt 66.0710831 -207.564499
vt 83.4728394 -207.464706
vt 83.5711365 -207.564499
vt 87.831749 -54.7089806
vt 83.7499313 -350.411499
vt 83.1674423 -207.564499
vt 83.6515503 -350.312408
vt 83.5711365 -207.564499
vt 84.3085175 -56.801899
vt 87.831749 -54.7089806
vt 22.4584103 7.76319313
vt 87.831749 -54.7089806
vt 22.6289597 6.24816322
vt 68.7406769 -164.370499
vt 77.0842285 -348.208313
vt 22.6289501 -293.751801
vt 15.3799334 -311.251801
vt 0.00010405892 -311.249481
vt 7.42837001E-05 -293.750366
vt 7.42837001E-05 -293.750366
vt 4.88866754E-05 -149.999878
vt 68.7406769 -164.370499
vt 0.00010405892 -311.249481
vt -299.934021 -311.246613
vt -300.046143 -293.750244
vt 4.88866754E-05 -149.999878
vt -299.999908 -150.000107
vt -299.736694 -311.246613
vt -300 -150.000107
vt -299.999847 -310.657684
vt -300 -150.000107
vt -299.934021 -311.246613
vt -299.999786 -293.750214
vt -503.197205 -308.677704
vt -300.046143 -293.750244
vt -496.708832 -291.068298
vt -609.026001 -203.076904
vt -591.084839 -196.879318
vt -496.708832 -291.068298
vt -300 -150.000107
vt -372.739594 -148.117004
vt -445.605713 -73.2490616
vt -591.084839 -196.879318
vt -593.750488 0.185724169
vt -450 -0.000214189393
vt -609.026001 -203.076904
vt -611.250061 0.223093063
vt -593.750488 0.185724169
vt -610.66272 -0.000300375599
vt -450 -0.000214189393
vt -611.250061 0.223093063
vt -593.75061 0.743770599
vt -593.752014 23.3728199
vt -450.000214 0.743842125
vt -464.370697 69.4845734
vt -611.251892 16.1237888
vt -660.582581 65.453476
vt -648.208496 77.8281021
vt 214.947403 -56.801899
vt 276.627014 6.24816322
vt 232.182205 -64.1970825
vt 276.627014 6.24816322
vt 283.876007 -11.2517405
vt 276.797607 7.76319313
vt 214.947403 -56.801899
vt 211.424194 -54.7089806
vt 299.627289 -11.2516203
vt 276.627014 6.24816322
vt 299.627289 6.24837685
vt 283.876007 -161.251801
vt 299.628052 -161.893051
vt 299.813995 -159.616943
vt 276.627014 -143.751801
vt 232.912094 -214.964096
vt 215.684799 -207.564499
vt 233.006012 -350.411499
vt 215.506012 -350.411499
vt 230.515305 -14.3705397
vt 276.627014 -143.751801
vt 230.515305 -14.3705397
vt 299.906982 0.000184768447
vt 299.752014 -144.072876
vt 299.628052 -161.893051
vt 283.876007 -161.251801
vt 299.752014 -144.072876
vt 371.729095 -140.9888
vt 378.463593 -158.559601
vt 378.463593 -158.559601
vt 299.813995 -159.616943
vt 377.282501 -157.342499
vt 299.906982 0.000184768447
vt 371.729095 -140.9888
vt 443.75 -70.9157333
vt 442.823914 -0.0632228404
vt 443.75 -70.9157333
vt 461.058289 -78.637001
vt 461.058289 -78.637001
vt 459.397491 0.0672171935
vt 298.96579 160.2314
vt 299.933014 159.397705
vt 459.397491 0.0672171935
vt 460.23111 1.03432202
vt 459.397491 0.0672171935
vt 442.823914 -0.0632228404
vt 299.933014 159.397705
vt 300.063416 142.824097
vt 299.933014 159.397705
vt 378.637207 161.058502
vt 370.915894 143.750214
vt 378.637207 161.058502
vt 299.933014 159.397705
vt 298.96579 160.2314
vt 459.617035 0.000229729019
vt 444.072998 0.000253200589
vt 440.988892 71.7293549
vt 370.915894 143.750214
vt 300.063416 142.824097
vt 378.637207 161.058502
vt 458.559814 78.4638519
vt 440.988892 71.7293549
vt 461.893127 0.000257448817
vt 458.559814 78.4638519
vt 458.559814 78.4638519
vt 459.617035 0.000229729019
vt 457.34259 77.282692
vt 457.34259 77.282692
vt 378.637207 161.058502
vt 377.440094 159.886993
vt 283.984802 -159.767899
vt 283.876007 -161.251801
vt 299.813995 -159.616943
vt 232.912094 -214.964096
vt 283.984802 -159.767899
vt 233.586899 -214.964096
vt 232.912094 -214.964096
vt 283.984802 -159.767899
vt 232.182205 -64.1970825
vt 283.876007 -11.2517405
vt 283.984802 -9.76784325
vt 232.182205 -64.1970825
vt 232.182205 -64.1970825
vt 283.984802 -9.76784325
vt 232.182205 -64.1970825
vt 233.184906 -207.564499
vt 233.184906 -207.564499
vt 232.182205 -64.1970825
vt 233.283295 -207.466095
vt 215.684799 -207.564499
vt 215.783096 -207.464706
vt 211.424194 -54.7089806
vt 215.506012 -350.411499
vt 216.088501 -207.564499
vt 215.604401 -350.312408
vt 214.947403 -56.801899
vt 215.684799 -207.564499
vt 211.424194 -54.7089806
vt 222.171707 -348.208313
vt 230.515305 -164.370499
vt 276.627014 -293.751801
vt 15.3799334 -311.251801
vt 15.3799295 -311.251801
vt -7.4592419E-05 -311.249603
vt 64.7096481 -360.582397
vt 64.7096481 -360.582397
vt 22.6289501 -293.751801
vt 64.7096481 -360.582397
vt 77.0842285 -348.208313
vt 0.00010405892 -311.249481
vt 15.3799334 -311.251801
vt -7.4592419E-05 -311.249603
vt 64.7096481 -360.582397
vt 15.3799295 -311.251801
vt 64.7096329 -360.582397
vt 284.90271 -310.237701
vt 283.876007 -311.251801
vt 299.627289 -311.251587
vt 283.876007 -311.251801
vt 299.776733 -311.249878
vt 299.776733 -311.249878
vt 276.627014 -293.751801
vt 234.546356 -360.582397
vt 222.171707 -348.208313
vt 299.628052 -293.750366
vt 496.879089 -291.084595
vt 503.076599 -309.025696
vt 608.67749 -203.197098
vt 591.068237 -196.708603
vt 230.515305 -164.370499
vt 299.752014 -149.999878
vt 299.628052 -293.750366
vt 299.752014 -149.999878
vt 373.248901 -145.605392
vt 496.879089 -291.084595
vt 591.068237 -196.708603
vt 448.116913 -72.739357
vt 450 0.00023295806
vt 593.750122 -0.0691580698
vt 611.248718 0.0660401657
vt 591.084839 196.879318
vt 609.025879 203.076797
vt 496.708832 291.068298
vt 503.197205 308.677704
vt 609.025879 203.076797
vt 610.660034 0.000239019399
vt 593.750427 0.000256301602
vt 611.246399 0.263470799
vt 450 0.00023295806
vt 593.750122 -0.0691580698
vt 450 0.00023295806
vt 593.750427 0.000256301602
vt 445.605591 73.2490768
vt 591.084839 196.879318
vt 496.708832 291.068298
vt 372.739502 148.117096
vt 299.999908 150.000198
vt 300.092499 293.750214
vt 299.736694 311.246643
vt 299.999908 150.000198
vt 503.197205 308.677704
vt 300.092499 293.750214
vt 299.736694 311.246643
vt 234.546402 -360.582397
vt 283.876007 -311.251801
vt 284.90271 -310.237701
vt 234.546402 -360.582397
vt 234.546402 -360.582397
vt 284.90271 -310.237701
vt 283.876007 -311.251801
vt 234.546402 -360.582397
vt 234.546356 -360.582397
vt -461.252014 284.619904
vt -459.768097 284.728699
vt -459.61731 299.999908
vt -514.964294 233.656006
vt -459.768097 284.728699
vt -461.893311 299.999908
vt -461.252014 284.619904
vt -459.61731 299.999908
vt -461.893311 299.999908
vt -443.752106 277.370911
vt -444.073212 299.999908
vt -514.964294 233.656006
vt -514.964294 234.330795
vt -459.768097 284.728699
vt -461.252014 284.619904
vt -443.752106 277.370911
vt -507.564697 216.428696
vt -650.411743 233.749908
vt -650.411743 216.249908
vt -314.370789 231.259201
vt -507.564697 216.428696
vt -356.802094 215.691299
vt -354.709198 212.168106
vt -514.964294 234.330795
vt -650.313293 233.848297
vt -514.964294 233.656006
vt -444.073212 299.999908
vt -300.000214 299.999908
vt -314.370789 231.259201
vt -650.411743 216.249908
vt -507.564697 216.832397
vt -650.312622 216.348206
vt -507.564697 233.928802
vt -356.802094 215.691299
vt -364.197296 232.926102
vt -293.752136 277.370911
vt -311.252014 284.619904
vt -460.231415 298.965698
vt -459.397705 299.9328
vt -442.824097 300.063293
vt -461.058594 378.637085
vt -461.058594 378.637085
vt -459.397705 299.9328
vt -443.750336 370.915833
vt -461.058594 378.637085
vt -443.750336 370.915833
vt -378.463898 458.559692
vt -371.729431 440.988831
vt -300.000214 299.999908
vt -442.824097 300.063293
vt -371.729431 440.988831
vt -300.000305 444.072906
vt -378.463898 458.559692
vt -300.000305 461.893005
vt -300.000305 444.072906
vt -378.463898 458.559692
vt -300.000305 459.617035
vt -377.282806 457.342499
vt -364.197296 232.926102
vt -364.197296 232.926102
vt -309.768097 284.728699
vt -311.252014 284.619904
vt -364.197296 232.926102
vt -309.768097 284.728699
vt -309.768097 284.728699
vt -309.804291 300.371185
vt -311.251892 300.371185
vt -364.197296 232.926102
vt -507.564697 233.928802
vt -507.4664 234.0271
vt -364.197296 232.926102
vt -364.197296 232.926102
vt -507.564697 233.928802
vt -507.464905 216.526993
vt -507.564697 216.428696
vt -354.709198 212.168106
vt -464.370697 231.259201
vt -648.208496 222.915604
vt -593.752075 277.370911
vt -611.247864 299.841888
vt -593.750488 300.046082
vt -611.252014 284.619904
vt -593.750305 300.092285
vt -450.000214 299.999847
vt -593.752075 277.370911
vt -660.582581 235.290161
vt -648.208496 222.915604
vt -464.370697 231.259201
vt -450.000214 299.999847
vt -593.750488 300.046082
vt -608.677795 503.196991
vt -591.068481 496.708588
vt -591.068481 496.708588
vt -448.117096 372.73941
vt -373.249207 445.605499
vt -496.879486 591.084595
vt -608.677795 503.196991
vt -503.076996 609.025818
vt -300.000427 593.750427
vt -300.000305 449.999908
vt -300.000427 611.24939
vt -496.879486 591.084595
vt -514.964294 67.0877228
vt -461.252014 16.1238194
vt -459.768097 16.0150299
vt -514.964294 66.4129333
vt -514.964294 67.0877228
vt -459.768097 16.0150299
vt -364.197296 67.8176575
vt -311.252014 16.1238403
vt -309.768097 16.0150299
vt -311.251892 0.372552902
vt -309.804199 0.372576714
vt -309.768097 16.0150299
vt -507.564697 84.3149948
vt -507.464905 84.2166901
vt -354.709198 88.5756302
vt -648.208496 77.8281021
vt -464.370697 69.4845734
vt -593.752014 23.3728199
vt -611.247864 299.841888
vt -611.252014 284.619904
vt -611.249695 299.999908
vt -611.252014 284.619904
vt -611.251892 284.619904
vt -660.582581 235.290192
vt -611.251892 284.619904
vt -660.582581 235.2901
vt -660.582581 65.4534302
vt -660.582581 65.453392
vt -660.582581 235.2901
vt -660.582581 235.290192
vt -611.252014 284.619904
vt -660.582581 235.290161
vt -611.251892 16.1237888
vt -611.250061 0.223093063
vt -611.25177 0.372457504
vt -610.237793 15.0970201
vt -611.251892 16.1237888
vt -611.25177 0.372457504
vt -551.982544 625.445496
vt -551.987671 625.445496
vt -401.741791 695.506409
vt -401.741791 695.506409
vt -401.741791 695.506409
vt -551.982544 625.445496
vt -556.213989 861.890991
vt -405.968109 791.8302
vt -405.968109 791.8302
vt -405.968109 791.8302
vt -556.208862 861.890991
vt -556.213989 861.890991
vt -437.68869 987.333679
vt -380.989105 831.553406
vt -380.989197 831.553406
vt -437.68869 987.333679
vt -437.68869 987.333679
vt -437.68869 987.333679
vt -447.085632 983.913452
vt -447.085632 983.913452
vt -390.386108 828.133118
vt -447.085632 983.913452
vt -390.386108 828.133118
vt -531.748657 866.802612
vt -531.748596 866.802612
vt -545.343201 873.141907
vt -545.343201 873.141968
vt -531.748657 866.802612
vt -547.456299 868.610413
vt -547.456299 868.610291
vt -435.978485 982.404663
vt -431.279999 984.114685
vt -431.28009 984.114685
vt -426.149689 970.019287
vt -431.279999 984.114685
vt -435.978485 982.404602
vt -435.978485 982.404663
vt -430.848206 968.309204
vt -430.848236 968.309265
vt -435.978485 982.404663
vt -430.848206 968.309204
vt -430.848236 968.309265
vt -426.149689 970.019287
vt -426.149719 970.019287
vt -431.279999 984.114685
vt -426.149719 970.019287
vt -430.848236 968.309265
vt -435.978485 982.404663
vt -534.820374 630.468506
vt -534.822815 630.474304
vt -534.811584 865.929382
vt -534.820618 865.931213
vt -534.820374 630.468506
vt -534.811584 865.929382
vt -428.996796 971.491821
vt -534.822815 630.474304
vt -429.06781 524.741577
vt -514.812012 857.651123
vt -534.822815 630.474304
vt -420.726196 951.610229
vt -428.996796 971.491821
vt -514.81189 638.758789
vt -428.992493 524.896729
vt -429.06781 524.741577
vt -420.71579 544.789673
vt -326.891998 545.099426
vt -318.903107 525.230774
vt -326.892395 951.300598
vt -326.892395 951.300598
vt -318.903503 971.169373
vt -429.068207 971.658325
vt -318.903503 971.169373
vt -310.248291 936.422119
vt -290.465515 944.59668
vt -318.766113 971.572876
vt -290.101807 944.779175
vt -318.766113 971.572876
vt -429.068207 971.658325
vt -326.840515 951.538879
vt -420.783905 951.696411
vt -326.840088 544.861206
vt -310.056702 936.539978
vt -310.056335 559.859985
vt -420.7836 544.703613
vt -429.06781 524.741577
vt -318.765686 524.827271
vt -514.820679 857.646973
vt -514.820435 638.752808
vt -534.820374 630.468506
vt -534.820374 630.468506
vt -534.820618 865.931213
vt -534.820618 865.931213
vt -428.996796 971.491821
vt -429.068207 971.658325
vt -428.992493 524.896729
vt -318.765686 524.827271
vt -318.903107 525.230774
vt -290.101501 551.620972
vt -290.465088 551.803589
vt -310.056335 559.859985
vt -326.840088 544.861206
vt -310.247894 559.978027
vt -290.101501 551.620972
vt -310.056702 936.539978
vt -290.465088 551.803589
vt -290.465515 944.59668
vt -310.248291 936.422119
vt -326.840515 951.538879
vt -318.766113 971.572876
vt -290.101807 944.779175
vt -326.891998 545.099426
vt -310.247894 559.978027
vt -286.14859 759.052795
vt -399.772095 759.052673
vt -412.146515 759.052673
vt -412.146515 759.052673
vt -298.52301 759.052673
vt -286.14859 759.052795
vt 610.656982 900.00061
vt 449.999512 900.000488
vt 593.749573 900.000671
vt 611.245972 900.263611
vt 449.999512 900.000488
vt 611.245972 900.000671
vt 610.656982 900.00061
vt 593.749573 899.945007
vt 611.245972 900.000671
vt 610.661987 1200.00049
vt 611.248779 1200.00098
vt 611.249023 1200
vt 608.427612 1402.771
vt 609.02533 1403.07703
vt 611.248779 1200.00098
vt 593.749695 1200.00098
vt 449.999298 1200
vt 610.661987 1200.00049
vt 593.749817 1200.00024
vt 445.605011 1273.24902
vt 591.084229 1396.87915
vt 496.708191 1491.06812
vt 372.739014 1348.11694
vt 299.999329 1350
vt 300.091888 1493.75
vt 611.249023 1200
vt 610.661987 1200.00049
vt 611.248779 1200.00098
vt 611.245972 900.000671
vt 593.749573 899.945007
vt 299.80188 1511.24695
vt 300.091888 1493.75
vt 300.01767 1493.75
vt -0.00071603962 1350
vt -0.000766931684 1493.75049
vt -0.000798963301 1511.25
vt 503.196686 1508.67798
vt 496.708191 1491.06812
vt 609.02533 1403.07703
vt -22.6297092 1493.75195
vt -15.3807087 1511.25195
vt -64.710434 1560.58203
vt -77.0850067 1548.20801
vt 611.249023 1200
vt 591.084229 1396.87915
vt 593.749817 1200.00024
vt -0.000766931684 1493.75049
vt -0.00071603962 1350
vt -68.7413864 1364.37097
vt 610.661987 1200.00049
vt 611.248779 1200.00098
vt 449.999298 1200
vt -377.440704 1040.11304
vt -378.637787 1038.94202
vt -298.966492 1039.76904
vt -378.637787 1038.94202
vt -299.933594 1040.60205
vt -299.933594 1040.60205
vt -299.91803 1200
vt -299.933594 1040.60205
vt -300.064026 1057.17603
vt -370.916504 1056.25
vt -440.989594 1128.271
vt -444.073608 1200
vt -440.989594 1128.271
vt -461.893738 1200
vt -458.560394 1121.53601
vt -461.893738 1200
vt -370.916504 1056.25
vt -300.064026 1057.17603
vt -458.560394 1121.53601
vt -378.637787 1038.94202
vt -299.933594 1040.60205
vt -442.824585 1200.06299
vt -443.750702 1270.91602
vt -371.729919 1340.98901
vt -299.85199 1344.07312
vt -460.231812 1198.96594
vt -459.398102 1199.93298
vt -461.05899 1278.63696
vt -459.398102 1199.93298
vt -378.464386 1358.56006
vt -300.000793 1361.89294
vt -299.85199 1344.07312
vt -300.000793 1361.89294
vt -299.814758 1359.61694
vt -378.464386 1358.56006
vt -299.814758 1359.61694
vt -377.283203 1357.34302
vt -299.814758 1359.61694
vt -299.91803 1200
vt -283.985504 1359.76794
vt -283.876709 1361.25195
vt -299.256714 1361.89294
vt -276.627686 1343.75195
vt -283.876709 1361.25195
vt -232.912796 1414.96399
vt -215.685593 1407.56494
vt -233.006805 1550.41101
vt -215.506805 1550.41101
vt -230.5159 1214.37097
vt -299.256714 1344.073
vt -233.185593 1407.56494
vt -214.948105 1256.802
vt -232.182907 1264.19702
vt -299.737305 888.75354
vt -300.093109 906.249878
vt -300.000488 1050
vt -299.737305 888.75354
vt -503.197815 891.322327
vt -496.70932 908.931763
vt -591.085327 1003.12097
vt -496.70932 908.931763
vt -609.026489 996.923218
vt -611.247864 1199.802
vt -593.750916 1200.03674
vt -609.026489 996.923218
vt -593.750671 1200.09204
vt -450.000671 1200
vt -300.093109 906.249878
vt -300.000488 1050
vt -372.740112 1051.88306
vt -445.606201 1126.75098
vt -591.085327 1003.12097
vt -593.750916 1200.03674
vt -610.660706 1200
vt -450.00061 1200
vt -611.247864 1199.802
vt -450.000671 1200
vt -611.247864 1199.802
vt -608.678223 1403.19702
vt -591.06897 1396.70898
vt -450.000671 1200
vt -448.117493 1272.73901
vt -373.249603 1345.60498
vt -496.879944 1491.08496
vt -299.81488 1493.75
vt -299.752716 1350
vt -276.627808 1493.75195
vt -230.516006 1364.37097
vt -299.256805 1493.75
vt -299.442444 1511.25098
vt -283.876801 1511.25195
vt -222.172501 1548.20801
vt -230.516006 1364.37097
vt -300.000793 1511.25
vt -496.879944 1491.08496
vt -503.077393 1509.026
vt -608.678223 1403.19702
vt -591.06897 1396.70898
vt -300.000488 889.342407
vt -299.737305 888.75354
vt -300.000488 1050
vt -459.617737 1200
vt -299.91803 1200
vt -444.073608 1200
vt -461.893738 1200
vt -459.617737 1200
vt -444.073608 1200
vt 509.819611 1145.93298
vt 509.819611 1145.93298
vt 403.912109 1040.50195
vt 509.819611 1145.93298
vt 509.819305 1379.06799
vt 509.810089 1379.10706
vt 509.819611 1145.93298
vt 489.811707 1154.21497
vt 509.819611 1145.93298
vt 489.817902 1370.90405
vt 470.759216 1389.38208
vt 478.991089 1409.63696
vt 160.291306 1202.30103
vt 160.152603 1295.78601
vt 253.771698 1388.5271
vt 246.063095 1409.49805
vt 478.991089 1409.63696
vt 140.350006 1304.01099
vt 140.513504 1194.06897
vt 479.066803 1409.81995
vt 245.931503 1409.81995
vt 246.063095 1409.49805
vt 479.066803 1409.81995
vt 509.810089 1379.10706
vt 403.912109 1040.50195
vt 509.819611 1145.93298
vt 395.708588 1060.31201
vt 302.252289 1060.16699
vt 160.291306 1202.30103
vt 140.513504 1194.06897
vt 293.972809 1040.19702
vt 293.972809 1040.19702
vt 403.912109 1040.50195
vt 404.0672 1040.18005
vt 293.931885 1040.18005
vt 404.0672 1040.18005
vt 509.819611 1145.93298
vt 140.204697 1193.93201
vt 293.931885 1040.18005
vt 302.216003 1060.18005
vt 160.1026 1202.21704
vt 395.782898 1060.18005
vt 489.819611 1154.21704
vt 509.819611 1145.93298
vt 509.819305 1379.06799
vt 489.819305 1370.78406
vt 395.782898 1060.18005
vt 293.931885 1040.18005
vt 160.1026 1202.21704
vt 489.819305 1370.78406
vt 470.819794 1389.37598
vt 479.066803 1409.81995
vt 160.082901 1295.82104
vt 253.695007 1388.68994
vt 140.204605 1304.06799
vt 140.204697 1193.93201
vt 509.810089 1379.10706
vt 245.931503 1409.81995
vt 253.695007 1388.68994
vt 140.204605 1304.06799
vt 140.350006 1304.01099
vt 253.771698 1388.5271
vt 140.204697 1193.93201
vt 140.513504 1194.06897
vt 140.350006 1304.01099
vt 140.204605 1304.06799
vt 293.931885 1040.18005
vt 293.972809 1040.19702
vt 140.513504 1194.06897
vt 412.317322 1024.33301
vt 412.317322 1024.33301
vt 355.617798 1180.10803
vt 355.617798 1180.10803
vt 355.617798 1180.11401
vt 412.317322 1024.33301
vt 421.714294 1027.75317
vt 421.714294 1027.75317
vt 365.014801 1183.53406
vt 421.714294 1027.75317
vt 412.317322 1024.33301
vt 412.317322 1024.33301
vt 365.014801 1183.53406
vt 365.014801 1183.52905
vt 421.714294 1027.75317
vt 310.969513 1276.74194
vt 310.969513 1276.74194
vt 240.908615 1426.98218
vt 240.908615 1426.98706
vt 310.969513 1276.74194
vt 320.032593 1280.96802
vt 320.032593 1280.96802
vt 249.97171 1431.21411
vt 249.97171 1431.21411
vt 249.97171 1431.20801
vt 320.032593 1280.96802
vt 498.755798 1390.38599
vt 479.141296 1410
vt 509.999207 1379.14197
vt 498.755798 1390.38599
vt 479.141296 1410
vt 509.999207 1379.14197
vt 509.999207 1379.14197
vt 480.798096 1414
vt 480.798096 1414
vt 501.584198 1393.21399
vt 513.999207 1380.79895
vt 513.999207 1380.79895
vt 513.999207 1380.79895
vt 513.999512 1144.20105
vt 513.999512 1144.20105
vt 513.999207 1380.79895
vt 480.798096 1414
vt 501.584198 1393.21399
vt 509.42749 1376.23401
vt 523.022217 1382.573
vt 522.583679 1382.27417
vt 522.583679 1382.27417
vt 509.42749 1376.23413
vt 509.42749 1376.23413
vt 520.470581 1386.80603
vt 507.314392 1380.76599
vt 522.583679 1382.27417
vt 523.022217 1382.573
vt 520.908997 1387.10498
vt 507.314392 1380.76599
vt 509.42749 1376.23401
vt 509.42749 1376.23413
vt 509.42749 1376.23413
vt 507.314392 1380.76599
vt 520.908997 1387.10498
vt 507.314392 1380.76599
vt 520.470581 1386.80603
vt 520.908997 1387.10498
vt 481.11441 1406.95605
vt 487.453705 1420.55103
vt 487.453705 1420.55115
vt 487.453705 1420.55115
vt 481.114441 1406.95605
vt 481.11441 1406.95605
vt 476.582886 1409.06909
vt 476.582886 1409.06995
vt 481.11441 1406.95605
vt 481.11441 1406.95605
vt 481.114441 1406.95605
vt 476.582886 1409.06909
vt 482.922089 1422.66394
vt 482.922089 1422.66394
vt 476.582886 1409.06995
vt 487.453705 1420.55115
vt 487.453705 1420.55103
vt 482.922089 1422.66394
vt 476.582886 1409.06995
vt 476.582886 1409.06909
vt 482.922089 1422.66394
vt 249.360992 1408.86096
vt 243.021698 1422.45605
vt 242.568817 1422.10498
vt 242.568817 1422.10498
vt 249.361008 1408.86108
vt 249.360992 1408.86096
vt 238.490097 1420.34302
vt 244.829407 1406.74805
vt 244.829407 1406.74805
vt 238.037292 1419.99194
vt 238.490097 1420.34302
vt 359.999115 1423.46814
vt 364.999115 1423.46802
vt 364.999115 1423.46802
vt 364.999115 1423.46802
vt 359.999115 1423.46802
vt 359.999115 1423.46814
vt 359.999115 1408.46814
vt 359.999115 1408.46802
vt 364.999115 1408.46802
vt 364.999115 1408.46802
vt 364.999115 1408.46802
vt 359.999115 1408.46814
vt 359.999115 1423.46814
vt 359.999115 1423.46802
vt 359.999115 1408.46802
vt 359.231598 1270.63599
vt 278.887695 1190.29199
vt 287.637695 1199.04199
vt 287.637695 1199.04199
vt 367.981506 1279.38599
vt 359.231598 1270.63599
vt -459.887512 1277.43994
vt -461.05899 1278.63696
vt -460.231812 1198.96594
vt -300.000793 1510.66296
vt -299.752716 1350
vt -299.81488 1493.75
vt -300.000793 1511.25
vt -299.81488 1493.75
vt 377.440094 159.886993
vt 378.637207 161.058502
vt 298.96579 160.2314
vt 299.999908 310.657593
vt 299.736694 311.246643
vt 299.999908 150.000198
vt 461.893127 0.000257448817
vt 459.617035 0.000229729019
vt 444.072998 0.000253200589
vt 299.999176 1510.65808
vt 299.999329 1350
vt 300.01767 1493.75
vt 299.999115 1511.24695
vt 299.999176 1510.65808
vt 300.01767 1493.75
vt 299.999207 1359.39795
vt 299.999329 1357.12195
vt 300.012024 1342.8241
vt 299.999329 1357.12195
vt 299.999329 1200
vt 298.965302 1360.23096
vt 299.954681 1359.39795
vt -45.9457207 -206.182098
vt -45.9457016 -206.187302
vt -116.006599 -55.9414482
vt -116.006599 -55.9414482
vt -45.9457207 -206.182098
vt -55.0087891 -210.413498
vt -55.0087814 -210.408295
vt -125.069702 -60.1676292
vt -125.069702 -60.1676292
vt -125.069702 -60.1676292
vt -291.454193 -206.18222
vt -221.393494 -55.9415207
vt -221.393494 -55.9415207
vt -291.454193 -206.187408
vt -291.454193 -206.18222
vt -282.391113 -210.41362
vt -212.330399 -60.1676903
vt -212.330399 -60.1676903
vt -282.391113 -210.408417
vt -282.391113 -210.41362
vt -48.0589294 -201.655701
vt -54.3982048 -188.061096
vt -54.398201 -188.061096
vt -48.0589294 -201.655701
vt -48.0589294 -201.655701
vt -43.527359 -199.542603
vt -48.0589294 -201.655701
vt -43.527359 -199.542603
vt -49.8666801 -185.947998
vt -43.527359 -199.542603
vt -49.8666801 -185.947998
vt -54.3982048 -188.061096
vt -49.8666801 -185.947998
vt -54.398201 -188.061096
vt -54.3982048 -188.061096
vt -287.302795 -185.948196
vt -287.302795 -185.948212
vt -282.771301 -188.061203
vt -282.771301 -188.061203
vt -282.771301 -188.061203
vt -390.519501 -80.3492889
vt -404.614899 -85.4796066
vt -404.614929 -85.4796066
vt -404.614929 -85.4796066
vt -390.519501 -80.3492889
vt -388.809418 -85.0477524
vt -388.809387 -85.0477524
vt -402.904724 -90.1780624
vt -402.904785 -90.1780624
vt -388.809418 -85.0477524
vt -402.904724 -90.1780624
vt -402.904724 -90.1780624
vt -404.614929 -85.4796066
vt -404.614899 -85.4796066
vt -402.904785 -90.1780624
vt -402.904724 -90.1780624
vt -286.429504 -189.011093
vt -286.431488 -189.020203
vt -50.9686813 -189.020004
vt -50.9686813 -189.020004
vt -50.9745407 -189.0224
vt -372.110291 -74.9257736
vt -391.991913 -83.1963425
vt -278.151306 -169.011597
vt -50.9745407 -189.0224
vt -59.2590141 -169.011398
vt 34.7100906 -74.9154282
vt 54.6031418 -83.1921005
vt -50.9745407 -189.0224
vt 54.7582512 -83.2674866
vt -59.2529831 -169.020004
vt 34.4003792 18.90839
vt 54.6031418 -83.1921005
vt 54.2690582 26.8972301
vt -371.800812 18.9080791
vt -391.991913 -83.1963425
vt -356.922211 35.5521812
vt 19.5218201 35.5524216
vt -391.669495 26.8969402
vt 34.7962494 -74.9832306
vt -278.147186 -169.020203
vt -50.9686813 -189.020004
vt -286.431488 -189.020203
vt -392.158508 -83.2677689
vt 34.6386795 18.9602203
vt 54.6725616 27.0346508
vt -372.196594 -74.9834518
vt -286.431488 -189.020203
vt -392.158508 -83.2677689
vt 19.6397991 35.7440186
vt -372.039093 18.9599094
vt -372.039093 18.9599094
vt 27.8789005 55.6989098
vt -392.072998 27.0343494
vt -357.040222 35.7437706
vt -365.279388 55.6986504
vt 19.6397991 35.7440186
vt 27.6962891 55.3352203
vt -357.040222 35.7437706
vt 34.6386795 18.9602203
vt -365.096802 55.3349609
vt -365.279388 55.6986504
vt 19.5218201 35.5524216
vt -356.922211 35.5521812
vt -371.800812 18.9080791
vt -365.096802 55.3349609
vt 54.2690582 26.8972301
vt 34.4003792 18.90839
vt 54.6031418 -83.1921005
vt 54.7582512 -83.2674866
vt 54.6725616 27.0346508
vt 54.2690582 26.8972301
vt -50.9745407 -189.0224
vt -50.9686813 -189.020004
vt 54.7582512 -83.2674866
vt -286.431488 -189.020203
vt -286.429504 -189.011093
vt -391.991913 -83.1963425
vt -392.158508 -83.2677689
vt -391.669495 26.8969402
vt -392.072998 27.0343494
vt 378.636597 1361.05896
vt 299.954681 1359.39795
vt 298.965302 1360.23096
vt 300.012024 1342.8241
vt -0.000717459479 1344.073
vt -0.00076293957 1361.89294
vt -0.00076293957 1361.89294
vt -0.000733080669 1359.61694
vt 299.999329 1357.12195
vt -15.3806496 1361.25195
vt -15.2718496 1359.76794
vt -0.000643659383 1361.89294
vt -15.3806496 1361.25195
vt 377.439514 1359.88696
vt 378.636597 1361.05896
vt 298.965302 1360.23096
vt 299.999176 1510.65808
vt 299.80188 1511.24695
vt 299.999329 1350
vt 299.954681 1359.39795
vt 300.062805 1342.82397
vt 299.999329 1200
vt 300.062805 1342.82397
vt 370.915344 1343.75
vt 440.988342 1271.729
vt 444.072388 1200
vt 370.915344 1343.75
vt 458.559204 1278.46399
vt 378.636597 1361.05896
vt 440.988342 1271.729
vt 461.892517 1200
vt 444.072266 1200
vt 461.892303 1200
vt 459.397034 900.027283
vt 442.823486 899.962341
vt 459.397034 900.027283
vt 457.121094 900.000488
vt 299.999634 900.000366
vt 442.823486 900.000488
vt 459.397003 900.067322
vt 443.749603 829.084412
vt 371.728699 759.011414
vt 299.999603 755.927307
vt 299.999603 740.383179
vt 299.999603 755.927307
vt 442.823486 899.962341
vt 461.057892 821.36322
vt 459.397003 900.067322
vt 461.057892 821.36322
vt 443.749603 829.084412
vt 378.463196 741.440491
vt 371.728699 759.011414
vt 299.999603 738.107178
vt 299.999603 755.927307
vt -66.3445892 1414.96399
vt -65.6697769 1414.96399
vt -15.2718496 1359.76794
vt -15.3806496 1361.25195
vt -66.3445892 1414.96399
vt -15.2718496 1359.76794
vt -67.07444 1264.19702
vt -66.0718002 1407.56494
vt -65.9734192 1407.46594
vt -67.07444 1264.19702
vt -67.0744324 1264.19702
vt -66.0718002 1407.56494
vt -83.4735565 1407.46497
vt -83.5718689 1407.56494
vt -87.832428 1254.70898
vt -83.5718689 1407.56494
vt -84.3091888 1256.802
vt -87.832428 1254.70898
vt -22.4590607 1192.23706
vt -87.832428 1254.70898
vt -22.6296196 1193.75195
vt -68.7413864 1364.37097
vt -77.0850067 1548.20801
vt -22.6297092 1493.75195
vt -214.948105 1256.802
vt -276.627686 1193.75195
vt -232.182907 1264.19702
vt -276.627686 1193.75195
vt -283.876709 1211.25195
vt -276.798187 1192.23706
vt -214.948105 1256.802
vt -211.424896 1254.70898
vt -299.627991 1211.25195
vt -276.627686 1193.75195
vt -299.627991 1193.75195
vt -283.876709 1361.25195
vt -299.256714 1361.89294
vt -299.814758 1359.61694
vt -232.912796 1414.96399
vt -283.876709 1361.25195
vt -283.985504 1359.76794
vt -233.587601 1414.96399
vt -232.912796 1414.96399
vt -283.985504 1359.76794
vt -232.182907 1264.19702
vt -283.876709 1211.25195
vt -283.985504 1209.76794
vt -232.182907 1264.19702
vt -232.182907 1264.19702
vt -283.985504 1209.76794
vt -232.182907 1264.19702
vt -233.185593 1407.56494
vt -233.185593 1407.56494
vt -232.182907 1264.19702
vt -233.283997 1407.46594
vt -215.685593 1407.56494
vt -215.783905 1407.46497
vt -211.424896 1254.70898
vt -215.506805 1550.41101
vt -216.089203 1407.56494
vt -215.605194 1550.31201
vt -214.948105 1256.802
vt -215.685593 1407.56494
vt -211.424896 1254.70898
vt -215.685593 1407.56494
vt -230.5159 1214.37097
vt -276.627686 1343.75195
vt -64.7104263 1560.58203
vt -15.3807087 1511.25195
vt -64.710434 1560.58203
vt -284.903503 1510.23804
vt -283.876801 1511.25195
vt -299.628113 1511.25098
vt -283.876801 1511.25195
vt -299.442444 1511.25098
vt -234.547195 1560.58203
vt -284.903503 1510.23804
vt -234.547195 1560.58203
vt -234.54715 1560.58203
vt -234.547195 1560.58203
vt -234.547195 1560.58203
vt -284.903503 1510.23804
vt -64.7104263 1560.58203
vt -234.547195 1560.58203
vt -64.7104187 1560.58203
vt -299.999847 -310.657684
vt -299.999908 -150.000107
vt -300.046143 -293.750244
vt -299.999939 -157.121613
vt -300.000092 0.247866198
vt -300.037994 -142.824005
vt -299.96167 -159.397614
vt -299.999939 -157.121613
vt -299.999908 -142.824005
vt 461.057892 821.36322
vt 459.397034 900.027283
vt 460.230713 901.034485
vt 459.397034 900.027283
vt 299.999634 900.000366
vt 459.886414 822.560181
vt 461.057892 821.36322
vt 460.230713 901.034485
vt 299.999603 738.107178
vt 299.999603 740.383179
vt 299.999603 755.927307
vt 299.999695 589.337524
vt 299.999603 750.000305
vt 299.999695 606.249878
vt 299.999695 588.750671
vt 299.999695 589.337524
vt 459.88681 -77.4399033
vt 461.058289 -78.637001
vt 460.23111 1.03432202
vt 299.813995 -159.616943
vt 300 0.0001764552
vt 299.752014 -144.072876
vt 300.000092 -161.893005
vt 299.813995 -159.616943
vt 299.752014 -144.072876
vt 300.000092 -310.662598
vt 299.752014 -149.999878
vt 300.000092 -293.750305
vt 299.776733 -311.249878
vt 300.000092 -310.662598
vt 300.000092 -293.750305
vt -459.886993 377.439911
vt -461.058594 378.637085
vt -460.231415 298.965698
vt -610.657715 299.999603
vt -611.247864 299.841888
vt -450.000214 299.999847
vt -300.000305 459.617035
vt -300.000214 299.999908
vt -300.000305 444.072906
vt -300.000305 461.893005
vt -300.000305 459.617035
vt -300.000305 444.072906
vt 0 0
vt 0 1
vt 1 1
vt 1 0
vt 0 0
vt 0 1
vt 1 1
vt 1 0
vt 0 0
vt 0 1
vt 1 1
vt 1 0
vt 0 0
vt 0 1
vt 1 1
vt 1 0
vt 0 0
vt 0 1
vt 1 1
vt 1 0
vt 0 0
vt 0 1
vt 1 1
vt 1 0
vt 0 0
vt 0 1
vt 1 1
vt 1 0
vt 0 0
vt 0 1
vt 1 1
vt 1 0
vt 0 0
vt 0 1
vt 1 1
vt 1 0
vt 0 0
vt 0 1
vt 1 1
vt 1 0
vt 0 0
vt 0 1
vt 1 1
vt 1 0
vt 0 0
vt 0 1
vt 1 1
vt 1 0
vt 0 0
vt 0 1
vt 1 1
vt 1 0
vt 0 0
vt 0 1
vt 1 1
vt 1 0
vt 0 0
vt 0 1
vt 1 1
vt 1 0
vt 0 0
vt 0 1
vt 1 1
vt 1 0
vt 0 0
vt 0 1
vt 1 1
vt 1 0
vt 0 0
vt 0 1
vt 1 1
vt 1 0
vt 0 0
vt 0 1
vt 1 1
vt 1 0
vt 0 0
vt 0 1
vt 1 1
vt 1 0
vt 0 0
vt 0 1
vt 1 1
vt 1 0
vt 0 0
vt 0 1
vt 1 1
vt 1 0
vt 0 0
vt 0 1
vt 1 1
vt 1 0
vt 0 0
vt 0 1
vt 1 1
vt 1 0
vt 0 0
vt 0 1
vt 1 1
vt 1 0
vt 0 0
vt 0 1
vt 1 1
vt 1 0
vt 0 0
vt 0 1
vt 1 1
vt 1 0
vt 0 0
vt 0 1
vt 1 1
vt 1 0
vt 0 0
vt 0 1
vt 1 1
vt 1 0
vt 0 0
vt 0 1
vt 1 1
vt 1 0
vt 0 0
vt 0 1
vt 1 1
vt 1 0
vt 0.153119579 0
vt -4.17335713E-07 0.851016939
vt 1.00000024 0.851016939
vt 0.846878707 0
vt 5.87705244E-07 0.851014137
vt 0.999997497 0.851014137
vt 0.76171428 0
vt 0.238286451 0
vt -4.02067286E-07 0.851016879
vt 0.846878707 0
vt 0.153119579 0
vt 1.00000024 0.851016879
vt 1.00000024 0.851016939
vt 0.999997377 0.851014018
vt 0.999997497 0.851014137
vt 5.95051347E-07 0.851014018
vt 0.999997377 0.851014018
vt 0.76171428 0
vt 0.238286421 0
vt 1 1
vt 0 1
vt 0 0
vt 1 0
vt 0 0
vt -0.0190000013 -0.0190000013
vt -0.0190000013 1.01900005
vt 0 1
vt 0 1
vt -0.0190000013 1.01900005
vt 1.01900005 1.01900005
vt 1 1
vt 1 0
vt 0 0
vt -0.0190000013 -0.0190000013
vt 1.01900005 -0.0190000031
vt 1 1
vt 1.01900005 1.01900005
vt 1.01900005 -0.0190000031
vt 1 0
vt 1 1
vt 0 1
vt 0 0
vt 1 0
vt 0 0
vt -0.0190000013 -0.0190000013
vt -0.0190000013 1.01900005
vt 0 1
vt 0 1
vt -0.0190000013 1.01900005
vt 1.01900005 1.01900005
vt 1 1
vt 1 0
vt 0 0
vt -0.0190000013 -0.0190000013
vt 1.01900005 -0.0190000031
vt 1 1
vt 1.01900005 1.01900005
vt 1.01900005 -0.0190000031
vt 1 0
vt 1 1
vt 0 1
vt 0 0
vt 1 0
vt 0 0
vt -0.0190000013 -0.0190000013
vt -0.0190000013 1.01900005
vt 0 1
vt 0 1
vt -0.0190000013 1.01900005
vt 1.01900005 1.01900005
vt 1 1
vt 1 0
vt 0 0
vt -0.0190000013 -0.0190000013
vt 1.01900005 -0.0190000031
vt 1 1
vt 1.01900005 1.01900005
vt 1.01900005 -0.0190000031
vt 1 0
vt 1.24419546 -0.14296633
vt 1.92494774 -0.255889535
vt 1.92494774 -0.14296633
vt 1.24419546 -0.255889535
vt 1.19063926 -0.14296633
vt 1.1906395 -0.255889535
vt 1.13708353 -0.14296633
vt 1.13708353 -0.255889535
vt 0.451855004 -0.14296633
vt 0.451855004 -0.255889535
vt 1.24419522 -0.14374347
vt 1.92494774 -0.25666675
vt 1.92494774 -0.14374347
vt 1.24419546 -0.25666675
vt 1.19063926 -0.14374347
vt 1.19063926 -0.25666675
vt 1.13708353 -0.14374347
vt 1.13708353 -0.25666675
vt 0.451854885 -0.14374347
vt 0.451855004 -0.25666675
vt 0.875943422 0.487236798
vt 0.875943422 0.408309072
vt 0.875943422 0.487236559
vt 0.875943422 0.408309072
vt 0.875943422 0.303072006
vt 0.875943422 0.303072006
vt 0.875943422 0.197835058
vt 0.875943422 0.197835058
vt -0.422996104 1.25438833
vt -0.422656298 1.48279524
vt 0.701772094 1.45732212
vt -0.378493845 1.16435099
vt 0.701299369 1.13988912
vt 0.795009255 1.15103376
vt -0.329363674 1.15103376
vt -0.328792483 1.38618124
vt -0.283937544 1.45629346
vt 0.795803308 1.45629346
vt -0.0182675142 1.44976699
vt 0.743703663 1.45976162
vt 0.76153934 1.38471675
vt 0.761710644 1.15073466
vt -0.0358228609 1.14027357
vt -0.0359940454 1.37425637
vt 0.65843761 1.22187316
vt 0.641738892 1.14711761
vt -0.119749337 1.1565969
vt 0.655109882 1.45492041
vt -0.14191696 1.46483982
vt -0.138589635 1.23179507
vt 0.701772094 1.45732212
vt -0.422656298 1.48279524
vt -0.422996104 1.25438833
vt -0.378493845 1.16435099
vt 0.701299369 1.13988912
vt -0.328792483 1.38618124
vt -0.329363674 1.15103376
vt 0.795009255 1.15103376
vt -0.283937544 1.45629346
vt 0.795803308 1.45629346
vt 0.76153934 1.38471675
vt 0.743703663 1.45976162
vt -0.0182675142 1.44976699
vt 0.761710644 1.15073466
vt -0.0358228609 1.14027357
vt -0.0359940454 1.37425637
vt -0.119749337 1.1565969
vt 0.641738892 1.14711761
vt 0.65843761 1.22187316
vt 0.655109882 1.45492041
vt -0.14191696 1.46483982
vt -0.138589635 1.23179507
vt 0.10887377 0.250580072
vt 0.10887377 0.00116044283
vt 0.993125319 0.00116086006
vt 0.993125319 0.250580311
vt 0.10887377 0.49999994
vt 0.993125319 0.50000006
vt 0.10887377 0.749419391
vt 0.993125319 0.74941963
vt 0.121539041 0.998838961
vt 1.00579059 0.9988392
vt 0.945968986 0.914401591
vt 0.117428824 0.752527833
vt 0.116677426 0.917403162
vt 0.945968986 0.748640895
vt 0.945968986 0.582880199
vt 0.11818023 0.587652504
vt 0.115085654 0.421500087
vt 0.945968986 0.417118728
vt 0.945968986 0.251357228
vt 0.111991078 0.255347699
vt 0.945975482 0.0924486369
vt 0.111950099 0.0925078094
vt 0.945981979 -0.0664599538
vt 0.111909129 -0.0703320503
vt 0.10887377 0.250580072
vt 0.993125319 0.00116086006
vt 0.10887377 0.00116044283
vt 0.993125319 0.250580311
vt 0.10887377 0.49999994
vt 0.993125319 0.50000006
vt 0.10887377 0.749419391
vt 0.993125319 0.74941963
vt 0.121539041 0.998838961
vt 1.00579059 0.9988392
vt 0.945968986 0.914401591
vt 0.116677426 0.917403162
vt 0.117428832 0.752527833
vt 0.945968986 0.748640895
vt 0.11818023 0.587652504
vt 0.945968986 0.582880199
vt 0.115085654 0.421500117
vt 0.945968986 0.417118728
vt 0.111991078 0.255347699
vt 0.945968986 0.251357228
vt 0.945975482 0.0924486369
vt 0.111950099 0.0925078392
vt 0.111909129 -0.0703320503
vt 0.945981979 -0.0664599538
vt 0.980921626 0.00481268065
vt 0.980921626 -0.40057838
vt -0.150190026 -0.40057838
vt -0.150190026 0.00481268065
vt 0.980921626 0.145193815
vt -0.150190026 0.145193577
vt 0.980921626 0.00571701769
vt 0.980921626 -0.399673939
vt -0.150190011 -0.399673939
vt -0.150190026 0.00571701769
vt 0.980921626 0.146097898
vt -0.150190026 0.146097898
vt -0.150190026 0.00481268065
vt -0.150190026 -0.40057838
vt -0.185558796 -0.40057838
vt -0.185558796 0.00481268065
vt 0.980921626 0.00481268065
vt -0.150190026 -0.40057838
vt 0.980921626 -0.40057838
vt -0.150190026 0.00481268065
vt 0.980921626 0.145193815
vt -0.150190026 0.145193577
vt 0.980921626 0.00571701769
vt -0.150190011 -0.399673939
vt 0.980921626 -0.399673939
vt -0.150190026 0.00571701769
vt 0.980921626 0.146097898
vt -0.150190026 0.146097898
vt -0.150190026 0.00481268065
vt -0.185558796 0.00481268065
vt -0.185558796 -0.40057838
vt -0.150190026 -0.40057838
vt 0.875943422 0.487236798
vt 0.875943422 0.487236798
vt 0.875943422 0.44777292
vt 0.875943422 0.44777292
vt 0.875943422 0.408309072
vt 0.875943422 0.408309072
vt 0.875943422 0.355690539
vt 0.875943422 0.355690539
vt 0.875943422 0.303072006
vt 0.875943422 0.303072006
vt 0.875943422 0.250453532
vt 0.875943422 0.250453532
vt 0.875943422 0.197835058
vt 0.875943422 0.197835058
vt 0.0863279402 0.655510783
vt 0.094532609 0.837166905
vt 0.11818023 0.587652504
vt 0.062680319 0.905025125
vt 0.0544756614 0.723369062
vt 0.0708849803 1.08668125
vt 0.117428824 0.752527833
vt 0.114334255 0.586375415
vt 0.116677426 0.917403162
vt 0.115085654 0.421500087
vt 0.111991078 0.255347699
vt 0.993125319 0.00116086006
vt 0.993125319 0.250580311
vt 0.993125319 0.50000006
vt 0.993125319 0.74941963
vt 2.79553914 0.177457631
vt 2.79511809 0.0125534218
vt 0.107562125 0.0125534255
vt 0.107561961 0.177454814
vt 0.107562125 0.342358828
vt 2.7955389 0.342361331
vt 2.79486799 0.507269025
vt 0.107562736 0.507265389
vt 2.79472303 0.672177494
vt 0.107563674 0.67217201
vt 2.79479098 0.837080896
vt 0.107564613 0.837077737
vt 2.80564737 1.00198436
vt 0.118420772 1.00198174
vt 3.25570536 0.177458659
vt 3.2426393 0.0125525836
vt 0.094896853 0.0125534255
vt 0.107561961 0.177454814
vt 0.107562125 0.342358828
vt 3.25570583 0.342362136
vt 3.25511026 0.507268608
vt 0.107562736 0.507265389
vt 3.25495481 0.672178805
vt 0.107563674 0.67217201
vt 3.25498796 0.83707875
vt 0.107564613 0.837077737
vt 3.25498819 1.00198102
vt 0.107564822 1.00198174
vt 0.10887377 0.831520915
vt 0.10887377 0.997281075
vt 0.156668514 0.997281134
vt 0.140384585 0.831520915
vt 0.10887377 0.665760219
vt 0.945968986 0.831521451
vt 0.945968986 0.997282028
vt 0.945968986 0.665760756
vt 0.140384585 0.665760279
vt 0.945968986 0.499999166
vt 0.140384585 0.5
vt 0.10887377 0.50000006
vt 0.945968986 0.334237814
vt 0.140384585 0.334237814
vt 0.10887377 0.334237814
vt 0.10887377 0.168476433
vt 0.945968986 0.168476969
vt 0.140384585 0.168476462
vt 0.93873167 0.00271690753
vt 0.140384585 0.00271603861
vt 0.10887377 0.00271600485
vt 0.0418431088 0.95652473
vt 0.0836760774 0.956524611
vt 0.0418431088 0.95652473
vt 0.0209266301 0.817820549
vt 0.104592554 0.81782043
vt 0.0418431088 0.679116368
vt 0.0836760774 0.679116368
vt 2.79554033 0.177457899
vt 0.107562125 0.0125534255
vt 2.79507852 0.0125540532
vt 0.107561961 0.177454814
vt 0.107562125 0.342358828
vt 2.79554057 0.342362046
vt 2.79541945 0.507267833
vt 0.107562736 0.507265389
vt 2.79528546 0.67217803
vt 0.107563674 0.67217201
vt 2.79487872 0.837080836
vt 0.107564613 0.837077737
vt 2.80573535 1.00198424
vt 0.118420772 1.00198174
vt 3.25570679 0.17745854
vt 0.094896853 0.0125534255
vt 3.24259782 0.0125540225
vt 0.107561961 0.177454814
vt 0.107562125 0.342358828
vt 3.25570679 0.342362493
vt 3.25560093 0.507271409
vt 0.107562736 0.507265389
vt 3.25546908 0.672177613
vt 0.107563674 0.67217201
vt 3.25507116 0.837079048
vt 0.107564613 0.837077737
vt 3.2550714 1.00198221
vt 0.107564822 1.00198174
vt 0.10887377 0.831520915
vt 0.156668514 0.997281134
vt 0.10887377 0.997281075
vt 0.140384585 0.831520915
vt 0.945968986 0.997282028
vt 0.945968986 0.831521451
vt 0.10887377 0.665760219
vt 0.140384585 0.665760279
vt 0.945968986 0.665760756
vt 0.140384585 0.5
vt 0.10887377 0.50000006
vt 0.945968986 0.499999166
vt 0.140384585 0.334237814
vt 0.10887377 0.334237814
vt 0.10887377 0.168476433
vt 0.945968986 0.334237814
vt 0.140384585 0.168476462
vt 0.945968986 0.168476969
vt 0.140384585 0.00271603861
vt 0.93873167 0.00271690753
vt 0.10887377 0.00271600485
vt 0.0418431088 0.95652473
vt 0.0836760774 0.956524611
vt 0.0209266301 0.817820549
vt 0.0418431088 0.95652473
vt 0.104592554 0.81782043
vt 0.0418431088 0.679116368
vt 0.0836760774 0.679116368
vt 0.875 0
vt 1 0.0831641704
vt 1 0
vt 0.875 0.0831641704
vt 0.75 0
vt 0.875 0.286703706
vt 1 0.286703706
vt 0.75 0.0831641629
vt 0.625 0
vt 0.875 0.434458345
vt 1 0.434458345
vt 0.75 0.286703706
vt 0.625 0.0831641704
vt 0.5 0
vt 0.875 0.558182597
vt 1 0.558182597
vt 0.75 0.434458345
vt 0.625 0.286703706
vt 0.5 0.0831641704
vt 0.37500006 0
vt 0.75 0.558182597
vt 0.875 0.813083649
vt 1 0.813083649
vt 0.625 0.434458345
vt 0.5 0.286703706
vt 0.37500006 0.0831641704
vt 0.25000003 0
vt 0.875 1
vt 1 1
vt 0.75 1
vt 0.75 0.813083649
vt 0.625 1
vt 0.625 0.813083649
vt 0.5 1
vt 0.625 0.558182597
vt 0.5 0.813083649
vt 0.37500006 1
vt 0.5 0.558182597
vt 0.37500006 0.813083649
vt 0.25000003 1
vt 0.5 0.434458345
vt 0.25000003 0.813083649
vt 0.125000015 1
vt 0.37500006 0.558182597
vt 0.37500006 0.434458345
vt 0.125000015 0.813083649
vt 3.79454939E-08 1
vt 3.79454939E-08 0.813083649
vt 0.25 0.558182597
vt 0.125 0.558182597
vt 3.79454939E-08 0.558182597
vt 0.37500006 0.286703706
vt 0.25000003 0.434458345
vt 0.125000015 0.434458345
vt 3.79454939E-08 0.434458345
vt 0.25000003 0.286703706
vt 0.125000015 0.286703706
vt 3.79454939E-08 0.286703706
vt 0.25000003 0.0831641704
vt 0.125000015 0
vt 0.125000015 0.0831641704
vt 3.79454939E-08 0.0831641704
vt 3.79454939E-08 0
vt 0.146446645 0.146446586
vt 0 0.49999997
vt 0.146446586 0.853553355
vt 0.50000006 0
vt 0.49999997 1
vt 0.853553414 0.853553414
vt 0.853553474 0.146446705
vt 1 0.5
vt 0.0882888436 0.208497494
vt 0.0773991868 0.625617027
vt 0.0882888436 0.625617027
vt 0.0773991868 0.208497494
vt 0.0882888436 0.1839246
vt 0.0665467381 0.625617027
vt 0.0773991868 0.1839246
vt 0.0882888436 0.156939209
vt 0.0665467381 0.208497494
vt 0.0556978695 0.625617027
vt 0.0773991868 0.156939209
vt 0.0882888436 0.132127479
vt 0.0556978695 0.208497494
vt 0.0448326208 0.625617027
vt 0.0665467381 0.1839246
vt 0.0773991868 0.132127479
vt 0.0882887989 0.109314352
vt 0.0448326208 0.208497494
vt 0.0339546315 0.625617027
vt 0.0556978695 0.1839246
vt 0.0665467381 0.156939209
vt 0.0773991421 0.109314352
vt 0.0882887989 0.0882960856
vt 0.0339546315 0.208497494
vt 0.023078423 0.625617027
vt 0.0665467381 0.132127479
vt 0.0448326208 0.1839246
vt 0.0556978695 0.156939209
vt 0.0773991421 0.0882960856
vt 0.0882887989 0.0688455403
vt 0.023078423 0.208497494
vt 0.0121965446 0.625617027
vt 0.0665466934 0.109314352
vt 0.0556978695 0.132127479
vt 0.0339546315 0.1839246
vt 0.0448326208 0.156939209
vt 0.0773991421 0.0688455403
vt 0.0882887989 0.0506418087
vt 0.0121965446 0.208497494
vt 0.00130408281 0.625617027
vt 0.00130408281 0.208497494
vt 0.023078423 0.1839246
vt 0.0121965446 0.1839246
vt 0.00130408281 0.1839246
vt 0.0339546315 0.156939209
vt 0.0121965446 0.156939209
vt 0.00130408281 0.156939209
vt 0.023078423 0.156939209
vt 0.0448326208 0.132127479
vt 0.0121965446 0.132127479
vt 0.00130408281 0.132127479
vt 0.023078423 0.132127479
vt 0.0339546315 0.132127479
vt 0.0556978099 0.109314352
vt 0.0121965446 0.109314352
vt 0.00130408281 0.109314352
vt 0.0448325649 0.109314352
vt 0.023078423 0.109314352
vt 0.0339545719 0.109314352
vt 0.0665466934 0.0882960856
vt 0.0121965446 0.0882960856
vt 0.00130408281 0.0882960856
vt 0.0556978099 0.0882960856
vt 0.0448325649 0.0882960856
vt 0.023078423 0.0882960856
vt 0.0339545719 0.0882960856
vt 0.0665466934 0.0688455403
vt 0.0121965446 0.0688455403
vt 0.00130408281 0.0688455403
vt 0.0556978099 0.0688455403
vt 0.0448325649 0.0688455403
vt 0.023078423 0.0688455403
vt 0.0339545719 0.0688455403
vt 0.0773991421 0.0506418087
vt 0.0882887989 0.00858448073
vt 0.0773991421 0.00854892284
vt 0.0665466934 0.0506418087
vt 0.0665466934 0.00846452639
vt 0.0556978099 0.0506418087
vt 0.0556978099 0.00838200841
vt 0.0448325649 0.0506418087
vt 0.0448325686 0.00834833179
vt 0.0339545719 0.0506418087
vt 0.0339545682 0.00838200841
vt 0.023078423 0.0506418087
vt 0.023078423 0.00846452639
vt 0.0121965446 0.0506418087
vt 0.0121965436 0.00854892284
vt 0.00130408281 0.0506418087
vt 0.0013040764 0.00858448073
vt 0.875 0
vt 1 0.99999994
vt 1 0
vt 0.875 0.99999994
vt 0.75 0
vt 0.75 0.99999994
vt 0.625 0
vt 0.625 0.99999994
vt 0.5 0
vt 0.5 0.99999994
vt 0.37500006 0
vt 0.37500006 0.99999994
vt 0.25000003 0
vt 0.25000003 0.99999994
vt 0.125000015 0
vt 0.125000015 0.99999994
vt 3.79454939E-08 0
vt 3.79454939E-08 0.99999994
vt 0.146446586 0.853553355
vt 0 0.49999997
vt 0.146446645 0.146446586
vt 0.49999997 1
vt 0.50000006 0
vt 0.853553414 0.853553414
vt 0.853553474 0.146446705
vt 1 0.5
vt 0.146446645 0.146446586
vt 0 0.49999997
vt 0.146446586 0.853553355
vt 0.50000006 0
vt 0.49999997 1
vt 0.853553474 0.146446705
vt 0.853553414 0.853553414
vt 1 0.5
vt -0.726025105 -0.143353745
vt -0.842648864 -0.251313806
vt -0.842639565 -0.143353745
vt -0.726015925 -0.251313806
vt -0.604694247 -0.143353745
vt -0.604818583 0.0840106308
vt -0.725963593 0.0840106308
vt -0.487468719 0.0840106308
vt -0.487473965 -0.143353745
vt -0.372688532 0.0840106308
vt -0.604736686 -0.251313806
vt -0.372683048 -0.143353745
vt -0.25836277 0.0840106308
vt -0.487478495 -0.251313806
vt -0.258274555 -0.143353745
vt -0.142613411 0.0840106308
vt -0.372690082 -0.251313806
vt -0.142613053 -0.143353745
vt -0.0228778124 0.0840106308
vt -0.258304596 -0.251313806
vt -0.0228466988 -0.143353745
vt 0.0968575478 0.0840106308
vt -0.142617345 -0.251313806
vt 0.0969196558 -0.143353745
vt 0.212606907 0.0840106308
vt -0.0228583813 -0.251313806
vt 0.212581396 -0.143353745
vt 0.32693243 0.0840106308
vt 0.0969003439 -0.251313806
vt 0.326989949 -0.143353745
vt 0.44171226 0.0840106308
vt 0.212587595 -0.251313686
vt 0.441781163 -0.143353745
vt 0.559062064 0.0840106308
vt 0.326973021 -0.251313686
vt 0.55900085 -0.143353492
vt 0.680207193 0.0840106308
vt 0.441761434 -0.251313686
vt 0.680331409 -0.143353492
vt 0.797556996 0.0840106308
vt 0.559019625 -0.251313686
vt 0.797551513 -0.143353492
vt 0.912337184 0.0840106308
vt 0.680298805 -0.251313686
vt 0.912342668 -0.143353492
vt 1.0266633 0.0840106308
vt 0.797556698 -0.251313686
vt 1.02675092 -0.143353492
vt 1.14241207 0.0840106308
vt 0.912345171 -0.251313686
vt 1.1424123 -0.143353492
vt 1.26214778 0.0840106308
vt 1.02673066 -0.251313686
vt 1.26217902 -0.143353492
vt 1.38188314 0.0840106308
vt 1.14241791 -0.251313686
vt 1.38194537 -0.143353492
vt 1.49763262 0.0840106308
vt 1.26217687 -0.251313686
vt 1.49760664 -0.143353492
vt 1.61195803 0.0840106308
vt 1.38193572 -0.251313686
vt 1.61201525 -0.143353492
vt 1.72673798 0.0840106308
vt 1.72680628 -0.143353492
vt 1.49762285 -0.251313686
vt 1.61200833 -0.251313686
vt 1.72679687 -0.251313686
vt 1.61197639 -0.475535005
vt 1.72675824 -0.475535005
vt 1.49764931 -0.475535005
vt 1.38189805 -0.475535005
vt 1.26216054 -0.475535005
vt 1.14242339 -0.475535005
vt 1.02667248 -0.475535005
vt 0.912344813 -0.475535005
vt 0.797563195 -0.475535005
vt 0.680211484 -0.475535005
vt 0.559064567 -0.475535005
vt 0.441712856 -0.475535005
vt 0.326930881 -0.475535005
vt 0.212603807 -0.475535005
vt 0.0968526602 -0.475535005
vt -0.0228848457 -0.475535005
vt -0.142621994 -0.475535303
vt -0.25837326 -0.475535303
vt -0.372700572 -0.475535303
vt -0.487482548 -0.475535303
vt -0.604834199 -0.475535303
vt -0.725981116 -0.475535303
vt -0.847406209 -0.474746197
vt -0.8432706 -0.250369489
vt -0.725787461 -0.0027077198
vt -0.604649723 -0.395592451
vt -0.725787461 -0.395592451
vt -0.604649723 -0.0027077198
vt -0.487307072 -0.395592451
vt -0.487307161 -0.0027077198
vt -0.372534037 -0.395592451
vt -0.372534066 -0.0027077198
vt -0.258215427 -0.395592451
vt -0.258215487 -0.0027077198
vt -0.142472953 -0.395592451
vt -0.14247328 -0.0027077198
vt -0.0227447078 -0.395592451
vt -0.0227454044 -0.00270700455
vt 0.09698309 -0.395592451
vt 0.09698309 -0.00270700455
vt 0.212725341 -0.395592451
vt 0.212725341 -0.00270700455
vt 0.327043682 -0.395592451
vt 0.327043682 -0.00270700455
vt 0.441816807 -0.395592451
vt 0.441816807 -0.00270700455
vt 0.55915916 -0.395592451
vt 0.559159398 -0.00270700455
vt 0.680297136 -0.00270700455
vt 0.680296838 -0.395592451
vt 0.797639608 -0.395592451
vt 0.797639608 -0.00270700455
vt 0.912412524 -0.395592451
vt 0.912412524 -0.00270700455
vt 1.02673149 -0.395592451
vt 1.02673149 -0.00270700455
vt 1.14247322 -0.395592451
vt 1.14247322 -0.00270700455
vt 1.26220155 -0.395592451
vt 1.26220131 -0.00270700455
vt 1.3819294 -0.395592451
vt 1.3819294 -0.00270700455
vt 1.49767184 -0.395592451
vt 1.49767184 -0.00270700455
vt 1.61199021 -0.395592451
vt 1.61199021 -0.00270700455
vt 1.72676325 -0.395592451
vt 1.72676325 -0.00270700455
vt -0.844780684 -0.123535633
vt -0.723511398 -0.123535633
vt -0.723510981 -0.274764538
vt -0.844780684 -0.274764538
vt -0.838584602 -0.143853337
vt -0.84739089 0.0948711932
vt -0.721824825 0.0944650769
vt 0.154842883 0.0475547463
vt 0.140842035 -0.129160553
vt 0.0988394693 -0.129160553
vt 0.0848386213 0.0475547463
vt 0.0988394618 -0.260025382
vt 0.140842021 -0.260025382
vt 0.154842854 -0.436740696
vt 0.084838599 -0.436740696
vt 0.140842035 -0.129160553
vt 0.140842021 -0.260025382
vt 0.0988394618 -0.260025382
vt 0.0988394693 -0.129160553
vt 0.0645313263 -0.129160509
vt 0.0988394693 -0.129160553
vt 0.0988394618 -0.260025382
vt 0.0645313263 -0.260025382
vt 0.0673375428 -0.260358244
vt 0.0673375428 -0.129493341
vt 0.154842883 -0.129493356
vt 0.154842883 -0.260358274
vt 0.182788879 -0.129493356
vt 0.182788879 -0.260358244
vt 0.154842883 -0.260358274
vt 0.154842883 -0.129493356
vt 0.0673375428 -0.260358244
vt 0.154842883 -0.260358274
vt 0.154842883 -0.404303193
vt 0.0673375428 -0.404303193
vt 0.154842883 -0.129493356
vt 0.0673375428 -0.129493341
vt 0.0673375428 0.0144516192
vt 0.154842883 0.0144515932
vt 0.0673375428 -0.129493341
vt 0.0673375428 -0.260358244
vt 0.0393915474 -0.260358214
vt 0.0393915474 -0.129493356
vt 0.140842035 -0.129160553
vt 0.175150186 -0.129160583
vt 0.175150186 -0.260025412
vt 0.140842021 -0.260025382
vt 1.36175573 0.674871504
vt 1.36175573 0.735657811
vt -0.361756563 0.735657811
vt -0.361756563 0.674871504
vt 1.36175573 0.735657811
vt 1.36175573 0.796444118
vt -0.361756563 0.796444118
vt -0.361756563 0.735657811
vt 1.36175573 0.796444118
vt 1.36175573 0.857230425
vt -0.361756563 0.857230425
vt -0.361756563 0.796444118
vt 1.36175573 0.857230425
vt 1.36175573 0.918016732
vt -0.361756563 0.918016732
vt -0.361756563 0.857230425
vt 1.36175573 0.735657811
vt 1.36175573 0.796444118
vt 0.828208327 0.796444118
vt 0.828208327 0.735657811
vt 1.36175573 0.674871504
vt 0.717760205 0.796444118
vt 0.828209281 0.674871504
vt 0.717760205 0.735657811
vt 0.607245088 0.796444118
vt 0.717760205 0.674871504
vt 0.607245088 0.735657811
vt 0.500436187 0.796444118
vt 0.607245088 0.674871504
vt 0.500436187 0.735657811
vt 0.394903183 0.796444118
vt 0.50043714 0.674871504
vt 0.394903183 0.735657811
vt 0.288966894 0.796444118
vt 0.394904137 0.674871504
vt 0.288966894 0.735657811
vt 0.180691838 0.796444118
vt 0.288967848 0.674871504
vt 0.180691838 0.735657811
vt 0.0569955707 0.796444118
vt 0.180691838 0.674871504
vt 0.0569955707 0.735657811
vt -0.361756563 0.796444118
vt 0.0569959879 0.674871504
vt -0.361756563 0.735657811
vt -0.361756563 0.674871504
vt 1.36175573 0.857230425
vt 1.36175573 0.918016732
vt 0.828208327 0.918016732
vt 0.828208327 0.857230425
vt 1.36175573 0.796444118
vt 0.717759252 0.918016732
vt 0.828208327 0.796444118
vt 0.717760205 0.857230425
vt 0.607244134 0.918016732
vt 0.717760205 0.796444118
vt 0.607244134 0.857230425
vt 0.500436187 0.918016732
vt 0.607245088 0.796444118
vt 0.500436187 0.857230425
vt 0.394903183 0.918016732
vt 0.500436187 0.796444118
vt 0.394903183 0.857230425
vt 0.288966894 0.918016732
vt 0.394903183 0.796444118
vt 0.288966894 0.857230425
vt 0.180690885 0.918016732
vt 0.288966894 0.796444118
vt 0.180691838 0.857230425
vt 0.0569950938 0.918016732
vt 0.180691838 0.796444118
vt 0.0569955707 0.857230425
vt -0.361756563 0.918016732
vt 0.0569955707 0.796444118
vt -0.361756563 0.857230425
vt -0.361756563 0.796444118
vt 1.36175573 0.735657811
vt 1.36175573 0.796444118
vt 0.828202128 0.796444118
vt 0.828202128 0.735657811
vt 1.36175573 0.674871504
vt 0.717753053 0.796444118
vt 0.828204036 0.674871504
vt 0.717753053 0.735657811
vt 0.607236147 0.796444118
vt 0.717753768 0.674871504
vt 0.607236147 0.735657811
vt 0.500427365 0.796444118
vt 0.607236147 0.674871504
vt 0.500427365 0.735657811
vt 0.394892573 0.796444118
vt 0.500427365 0.674871504
vt 0.394892573 0.735657811
vt 0.288954496 0.796444118
vt 0.394892573 0.674871504
vt 0.288954496 0.735657811
vt 0.180678487 0.796444118
vt 0.288955331 0.674871504
vt 0.180678487 0.735657811
vt 0.180678487 0.674871504
vt 0.0569999814 0.796444118
vt 0.0570009351 0.674871504
vt 0.0569999814 0.735657811
vt -0.361756563 0.796444118
vt -0.361756563 0.735657811
vt -0.361756563 0.674871504
vt 1.36175573 0.857230425
vt 1.36175573 0.918016732
vt 0.828202128 0.918016732
vt 0.828202128 0.857230425
vt 1.36175573 0.796444118
vt 0.717753053 0.918016732
vt 0.828202128 0.796444118
vt 0.717753053 0.857230425
vt 0.607234359 0.918016732
vt 0.717753053 0.796444118
vt 0.607236147 0.857230425
vt 0.500426412 0.918016732
vt 0.607236147 0.796444118
vt 0.500426412 0.857230425
vt 0.39489162 0.918016732
vt 0.500427365 0.796444118
vt 0.39489162 0.857230425
vt 0.288954496 0.918016732
vt 0.394892573 0.796444118
vt 0.288954496 0.857230425
vt 0.180677533 0.918016732
vt 0.288954496 0.796444118
vt 0.180678487 0.857230425
vt 0.0569999814 0.918016732
vt 0.180678487 0.796444118
vt 0.0569999814 0.857230425
vt -0.361756563 0.918016732
vt 0.0569999814 0.796444118
vt -0.361756563 0.857230425
vt -0.361756563 0.796444118
vt -0.0166773554 0.00700011104
vt 0.00333902426 0.00700011104
vt 0.00333902426 0.121541701
vt -0.0166773554 0.121804416
vt 0.00333902426 0.22140038
vt -0.0166773554 0.22140038
vt 0.00333902426 0.319122255
vt -0.0166773554 0.319122255
vt 0.00333902426 0.416483164
vt -0.0166773554 0.416483164
vt 0.00333902426 0.514994204
vt -0.0166773554 0.514994204
vt 0.00333902426 0.616943061
vt -0.0166773554 0.616943061
vt 0.00333902426 0.718891978
vt -0.0166773554 0.718891978
vt 0.00333902426 0.817402959
vt -0.0166773554 0.817402959
vt 0.00333902426 0.914763868
vt -0.0166773554 0.914763868
vt 0.00333902426 1.01248574
vt -0.0166773554 1.01248574
vt 0.00333902426 1.11234438
vt -0.0166773554 1.11234438
vt 0.00333902426 1.22688627
vt -0.0166773554 1.22688627
vt 0.00333902426 0.00700011104
vt 0.503748477 0.00700012501
vt 0.503748477 0.121541694
vt 0.00333902426 0.121541701
vt 0.503879666 0.221233398
vt 0.00333902426 0.22140038
vt 0.503878474 0.31887275
vt 0.00333902426 0.319122255
vt 0.504072785 0.416730434
vt 0.00333902426 0.416483164
vt 0.503880501 0.514994204
vt 0.00333902426 0.514994204
vt 0.503747642 0.6171031
vt 0.00333902426 0.616943061
vt 0.503748477 0.718891978
vt 0.00333902426 0.718891978
vt 0.503748477 0.817402959
vt 0.00333902426 0.817402959
vt 0.503748477 0.914763868
vt 0.00333902426 0.914763868
vt 0.503748477 1.01248574
vt 0.00333902426 1.01248574
vt 0.503748477 1.11234438
vt 0.00333902426 1.11234438
vt 0.503748477 1.22688627
vt 0.00333902426 1.22688627
vt -0.0177203659 0.00700011104
vt 0.00229606684 0.00700011477
vt 0.00293053617 0.121674299
vt -0.0177203659 0.121541701
vt -0.0177203659 0.22140038
vt 0.00229602866 0.22140038
vt 0.00229602866 0.319122255
vt -0.0177203659 0.319122255
vt 0.00229602866 0.416483164
vt -0.0177203659 0.416483164
vt 0.00229602866 0.514994204
vt -0.0177203659 0.514994204
vt 0.00448246766 0.617241859
vt -0.0177203659 0.616943061
vt 0.00229605939 0.718891978
vt -0.0177203659 0.718891978
vt 0.00229605939 0.817402959
vt -0.0177203659 0.817402959
vt 0.00229605939 0.914763868
vt -0.0177203659 0.914763868
vt 0.00229605939 1.01248574
vt -0.0177203659 1.01248574
vt 0.00229605939 1.11234438
vt -0.0177203659 1.11234438
vt 0.00229606684 1.22688627
vt -0.0177203659 1.22688627
vt 0.503339052 0.121213481
vt 0.00229606684 0.00700011477
vt 0.502705455 0.00700011104
vt 0.00293053617 0.121674299
vt 0.290127307 0.22140038
vt 0.318690389 0.22140038
vt 0.502705455 0.22140038
vt 0.502705455 0.319122255
vt 0.318690389 0.319122255
vt 0.502705455 0.416483164
vt 0.30529058 0.416551292
vt 0.290127307 0.319122255
vt 0.19986102 0.416552186
vt 0.214874297 0.319122255
vt 0.214874297 0.22140038
vt 0.186311156 0.22140038
vt 0.00229602866 0.22140038
vt 0.186311156 0.319122255
vt 0.00229602866 0.319122255
vt 0.00229602866 0.416483164
vt 0.186311156 0.465481579
vt 0.00229602866 0.514994204
vt 0.186311156 0.514994204
vt 0.186311156 0.565340221
vt 0.214874297 0.465481579
vt 0.00448246766 0.617241859
vt 0.214874297 0.565340221
vt 0.290127307 0.465481579
vt 0.214874297 0.514994204
vt 0.290127307 0.514994204
vt 0.318690389 0.465481579
vt 0.502705455 0.514994204
vt 0.318690389 0.514994204
vt 0.290127307 0.565340221
vt 0.502705455 0.616943061
vt 0.318690389 0.565340221
vt 0.502705455 0.718891978
vt 0.00229605939 0.718891978
vt 0.502705455 0.817402959
vt 0.00229605939 0.817402959
vt 0.502705455 0.914763868
vt 0.00229605939 0.914763868
vt 0.502705455 1.01248574
vt 0.00229605939 1.01248574
vt 0.502705455 1.11234438
vt 0.00229605939 1.11234438
vt 0.502705455 1.22688627
vt 0.00229606684 1.22688627
vt 0.00330032408 0.510658741
vt -0.0168028772 0.510658741
vt -0.016803056 0.00807906687
vt 0.00330016017 0.00807906687
vt 0.00330081582 0.510658741
vt -0.0168024302 0.510658741
vt -0.0168025494 0.00807905197
vt 0.00330066681 0.00807905197
vt 1.0336144 0.637874186
vt 1.03292227 0.803761601
vt 1.1425643 0.803761601
vt 1.14138699 0.637874484
vt 1.08755708 0.637744486
vt 1.03217864 0.803761601
vt 1.03299785 0.637744367
vt 1.0877521 0.803761601
vt 1.14365232 0.637748957
vt 1.14425063 0.803761601
vt 1.14146888 0.637874246
vt 1.14218807 0.803761601
vt 1.03253341 0.803761601
vt 1.03369474 0.637874365
vt 1.03206313 0.637744427
vt 1.03147435 0.803761601
vt 1.08704793 0.803761601
vt 1.086622 0.637744546
vt 1.1435461 0.803761601
vt 1.14271712 0.637749016
vt 1.03422987 0.66912657
vt 1.03315902 0.803761601
vt 1.14291441 0.803761601
vt 1.14179754 0.66912657
vt 1.08799601 0.803761601
vt 1.14252663 0.66912657
vt 1.14365387 0.803761601
vt 1.08797932 0.66912657
vt 1.03141522 0.803761601
vt 1.03250718 0.66912657
vt 1.03349304 0.803761601
vt 1.0345788 0.66912657
vt 1.1421448 0.66912657
vt 1.14323592 0.803761601
vt 1.14434755 0.803761601
vt 1.1432246 0.66912657
vt 1.08867705 0.66912657
vt 1.08868992 0.803761601
vt 1.03320515 0.66912657
vt 1.03210855 0.803761601
vt -0.0797976702 0.436401248
vt -0.478825986 0.383350492
vt -0.478825986 0.436401218
vt -0.0797976702 0.383350551
vt -0.478825986 0.329802066
vt -0.0797976702 0.329802066
vt -0.478825986 0.276071429
vt -0.0797976702 0.276071429
vt -0.478825986 0.222522944
vt -0.0797976702 0.222523004
vt -0.478825986 0.169472188
vt -0.0797976702 0.169472277
vt -0.478825986 0.120442435
vt -0.0797976851 0.120442569
vt 0.121532083 -0.555451393
vt 0.145048052 -0.377596229
vt 0.145029753 -0.555451393
vt 0.121513799 -0.377596229
vt 0.0981372744 -0.555540919
vt 0.0981006771 -0.377685696
vt 0.074614808 -0.555630267
vt 0.0745961815 -0.377775133
vt 0.0508573055 -0.555630267
vt 0.0508759171 -0.377775133
vt 0.0273347795 -0.555540919
vt 0.0273713768 -0.377685696
vt 0.00393992662 -0.555451393
vt 0.00395822525 -0.377596229
vt 0.746068478 -0.599630237
vt 0.422096938 -0.700028241
vt 0.422096938 -0.599630415
vt 0.746068478 -0.700028062
vt 0.422096938 -0.800425768
vt 0.746068478 -0.800426006
vt 0.422096938 -0.875723302
vt 0.746068478 -0.8757236
vt 0.121420875 -0.553499639
vt 0.145159647 -0.375644535
vt 0.14514102 -0.553499639
vt 0.121402264 -0.375644386
vt 0.0979163945 -0.553589046
vt 0.0978797972 -0.375733882
vt 0.0745032281 -0.553678513
vt 0.0744849294 -0.375823259
vt 0.0509688407 -0.553678513
vt 0.0509871393 -0.375823408
vt 0.0275556594 -0.553589046
vt 0.0275922567 -0.375733882
vt 0.00405117869 -0.553499639
vt 0.00406979024 -0.375644535
vt 0.744388998 -0.522224545
vt 0.420417458 -0.597522438
vt 0.420417458 -0.522224545
vt 0.744388998 -0.597522259
vt 0.420417458 -0.697919965
vt 0.744388998 -0.697919965
vt 0.420417458 -0.79831779
vt 0.744388998 -0.798317611
vt 1.86099279 0.146946162
vt 1.78370452 0.146946162
vt 1.78370452 0.459438741
vt 1.86099279 0.45866093
vt 2.02310038 0.146946162
vt 1.86099279 0.146946162
vt 1.86099279 0.45866093
vt 2.02310038 0.458076626
vt 2.02248049 0.146946162
vt 1.8603729 0.146946162
vt 1.8603729 0.456815243
vt 2.02248049 0.457612038
vt 1.77751398 0.457311988
vt 1.77777123 0.146946162
vt 1.70657182 0.146946162
vt 1.70657516 0.457488626
vt 1.70657516 0.457488626
vt 1.70657182 0.146946162
vt 1.54830456 0.146946162
vt 1.54855859 0.456611037
vt 1.86664259 0.146946162
vt 1.86664259 0.455520302
vt 2.02287817 0.455520302
vt 2.02287817 0.146946162
vt 1.77751398 0.457311988
vt 1.78370452 0.459438741
vt 1.78370452 0.146946162
vt 1.77777123 0.146946162
vt 1.70657516 0.457488626
vt 1.70131576 0.486787498
vt 1.77815175 0.486596227
vt 1.77751398 0.457311988
vt 1.54855859 0.456611037
vt 1.54880619 0.484047294
vt 1.71196795 0.48442924
vt 1.70657516 0.457488626
vt 1.86623478 0.122746885
vt 1.8603729 0.146946162
vt 2.02248049 0.146946162
vt 2.02247 0.121395156
vt 0.875943422 0.460927546
vt 0.336580366 0.408309102
vt 0.336580336 0.460927546
vt 0.875943422 0.408309072
vt 0.875943422 0.355690509
vt 0.336580336 0.355690539
vt 0.336580366 0.303072006
vt 0.875943422 0.303072006
vt 0.336580336 0.250453532
vt 0.875943422 0.250453532
vt 0.336580366 0.197835028
vt 0.875943422 0.197835058
vt 0.336580336 0.14521654
vt 0.875943422 0.14521654
vt 1.86099279 0.146946162
vt 1.86099279 0.45866093
vt 1.78370452 0.459438741
vt 1.78370452 0.146946162
vt 2.02310038 0.146946162
vt 2.02310038 0.458076626
vt 1.86099279 0.45866093
vt 1.86099279 0.146946162
vt 2.02248049 0.146946162
vt 2.02248049 0.457612038
vt 1.8603729 0.456815243
vt 1.8603729 0.146946162
vt 1.77751398 0.457311988
vt 1.70657516 0.457488626
vt 1.70657182 0.146946162
vt 1.77777123 0.146946162
vt 1.70657516 0.457488626
vt 1.54855859 0.456611037
vt 1.54830456 0.146946162
vt 1.70657182 0.146946162
vt 1.86664259 0.146946162
vt 2.02287817 0.146946162
vt 2.02287817 0.455520302
vt 1.86664259 0.455520302
vt 1.77751398 0.457311988
vt 1.77777123 0.146946162
vt 1.78370452 0.146946162
vt 1.78370452 0.459438741
vt 1.70657516 0.457488626
vt 1.77751398 0.457311988
vt 1.77815175 0.486596227
vt 1.70131576 0.486787498
vt 1.54855859 0.456611037
vt 1.70657516 0.457488626
vt 1.71196795 0.48442924
vt 1.54880619 0.484047294
vt 1.86623478 0.122746885
vt 2.02247 0.121395156
vt 2.02248049 0.146946162
vt 1.8603729 0.146946162
vt 0.875943422 0.460927546
vt 0.336580336 0.460927546
vt 0.336580366 0.408309102
vt 0.875943422 0.408309072
vt 0.875943422 0.355690509
vt 0.336580336 0.355690539
vt 0.336580366 0.303072006
vt 0.875943422 0.303072006
vt 0.336580336 0.250453532
vt 0.875943422 0.250453532
vt 0.336580366 0.197835028
vt 0.875943422 0.197835058
vt 0.336580336 0.14521654
vt 0.875943422 0.14521654
vt 0.27129966 1.45548344
vt 0.0430567116 1.40311277
vt 0.0430567116 1.45548344
vt 0.27129966 1.40311277
vt 0.0430567116 1.3507421
vt 0.27129966 1.3507421
vt 0.0430567116 1.29837143
vt 0.27129966 1.29837143
vt 0.0430567116 1.24600077
vt 0.27129966 1.24600089
vt 0.0430567116 1.19363022
vt 0.27129966 1.19363022
vt 0.0430567116 1.14125955
vt 0.27129966 1.14125955
vt 0.0126932282 0.0412792936
vt -0.000960354693 0.0412792936
vt 0.0126932282 0.144616693
vt -0.000960354693 0.556104541
vt 0.0126932282 0.452767164
vt 0.0126932282 0.556104541
vt 0.11823497 0.452767164
vt 0.11823497 0.144617334
vt 0.131888568 0.556104541
vt 0.11823497 0.556104541
vt 0.131888568 0.0412792936
vt 0.11823497 0.0412792936
vt -1.04347634 -0.362816334
vt -1.04874969 -0.362816334
vt -1.04874969 -0.307790458
vt -1.04347634 -0.0886781886
vt -1.04874969 -0.143704057
vt -1.04874969 -0.0886781886
vt -1.08951283 -0.287448943
vt -1.08951283 -0.143704057
vt -1.09478617 -0.0886781886
vt -1.08951283 -0.0886781886
vt -1.09478617 -0.362816334
vt -1.08951283 -0.342474639
vt 0.647542596 -0.344204664
vt 0.647542596 -0.39272052
vt -1.84656823 -0.392720848
vt -1.84656823 -0.344204664
vt 0.647542596 -0.342474461
vt 0.647542596 -0.390990853
vt -1.84656823 -0.390990674
vt -1.84656823 -0.342474639
vt -0.317944884 0.461170852
vt 1.31794477 0.461170852
vt 1.31794477 0.143598989
vt -0.317944884 0.143598989
vt 1.31794477 0.140539721
vt -0.317944884 0.140539721
vt -0.317944884 0.458111703
vt 1.31794477 0.458111703
vt 0.647542596 -0.00853147358
vt 0.647542596 -0.0602593422
vt -1.84656823 -0.0602596626
vt -1.84656823 -0.00853147358
vt 0.647542596 -0.00680114701
vt 0.647542596 -0.0585290194
vt -1.84656823 -0.0585290194
vt -1.84656823 -0.00680098683
vt 0.647542596 -0.11355488
vt -1.84656823 -0.11355488
vt -1.84656823 -0.0585290194
vt 0.647542596 -0.0585290194
vt 0.647542596 -0.342474461
vt -1.84656823 -0.342474639
vt -1.84656823 -0.287448943
vt 0.647542596 -0.287448585
vt 0.647542596 -0.287448585
vt -1.84656823 -0.287448943
vt -1.84656823 -0.11355488
vt 0.647542596 -0.11355488
vt 0.647542596 -0.115285046
vt -1.84656823 -0.115285367
vt -1.84656823 -0.0602596626
vt 0.647542596 -0.0602593422
vt 0.647542596 -0.344204664
vt -1.84656823 -0.344204664
vt -1.84656823 -0.289179087
vt 0.647542596 -0.289178908
vt 0.647542596 -0.289178908
vt -1.84656823 -0.289179087
vt -1.84656823 -0.115285367
vt 0.647542596 -0.115285046
vt -0.378921539 -1.54461837
vt -0.344966531 -1.54461837
vt -0.331098527 -1.85483491
vt -0.398540378 -1.85483491
vt -0.34969902 -1.54496527
vt -0.330080211 -1.85518205
vt -0.397522062 -1.85518205
vt -0.383654058 -1.54496527
vt -0.385595649 -0.558217287
vt -0.385595649 -0.833793402
vt -0.419561476 -0.833793402
vt -0.419561476 -0.558217287
vt -0.419561476 -0.558217287
vt -0.419561476 -0.833793402
vt -0.485006571 -0.833793402
vt -0.485006541 -0.558217168
vt -0.317885816 -0.558217168
vt -0.317885786 -0.833793402
vt -0.385595649 -0.833793402
vt -0.385595649 -0.558217287
vt 1.37914085 0.606123984
vt 1.3113389 1.00000048
vt 1.3113389 0.606123924
vt 1.37914085 1.00000048
vt 1.44694281 0.606123865
vt 1.44694281 1.00000036
vt 1.51474464 0.606123745
vt 1.51474464 1.00000024
vt 1.58254647 1.00000024
vt 1.58254647 0.606123686
vt 1.65034842 0.606123626
vt 1.65034842 1.00000012
vt 1.71815038 0.606123745
vt 1.71815038 1.00000024
vt 1.78595233 0.606123865
vt 1.78595233 1.00000036
vt 1.85117328 0.606124043
vt 1.85117328 1.0000006
vt -0.257871509 0.457302094
vt -1.45165634 0.140671074
vt -1.45165634 0.457302094
vt -0.257871509 0.140670672
vt -0.0777474046 0.457301855
vt -0.0777474046 0.140670434
vt -0.258283556 0.461921096
vt -0.258283556 0.145289794
vt -1.43600643 0.145289391
vt -1.43600643 0.461920798
vt -0.0133015178 2.45718598
vt 0.07599397 2.45718598
vt 0.0580702946 2.42472911
vt 0.00462217629 2.42472911
vt 0.0580702946 2.17383552
vt 0.00462217629 2.17383552
vt -0.0133015132 2.14137864
vt 0.07599397 2.14137864
vt 0.07599397 2.14286923
vt -0.0133015132 2.14286923
vt 0.00462217629 2.17532706
vt 0.0580702946 2.17532706
vt 0.00462217629 2.42622018
vt 0.0580702946 2.42622018
vt 0.07599397 2.45867753
vt -0.0133015178 2.45867753
vt 0.079387702 2.46009684
vt 0.315566659 2.46009684
vt 0.315566659 2.14452934
vt 0.079387702 2.14452934
vt 0.315566659 2.14065695
vt 0.079387702 2.14065695
vt 0.079387702 2.45622444
vt 0.315566659 2.45622444
vt 0.317018807 2.93119049
vt 0.0773306936 2.93119049
vt 0.0773306936 3.01323462
vt 0.317018867 3.02159548
vt 0.317018807 2.5906148
vt 0.0773306787 2.58225346
vt 0.0773306489 2.67265749
vt 0.317018807 2.67265749
vt 0.317018807 2.67265749
vt 0.0773306489 2.67265749
vt 0.0773306936 2.93119049
vt 0.317018807 2.93119049
vt 0.0770770311 2.67429829
vt 0.316765189 2.67429829
vt 0.316765189 2.59225559
vt 0.0770770311 2.58389425
vt 0.0770770013 3.01487494
vt 0.316765189 3.02323627
vt 0.316765189 2.93283176
vt 0.0770770311 2.93283176
vt 0.0770770311 2.93283176
vt 0.316765189 2.93283176
vt 0.316765189 2.67429829
vt 0.0770770311 2.67429829
vt 1.37914085 0.606123984
vt 1.3113389 0.606123924
vt 1.3113389 1.00000048
vt 1.37914085 1.00000048
vt 1.44694281 0.606123865
vt 1.44694281 1.00000036
vt 1.51474464 0.606123745
vt 1.51474464 1.00000024
vt 1.58254647 1.00000024
vt 1.58254647 0.606123686
vt 1.65034842 0.606123626
vt 1.65034842 1.00000012
vt 1.71815038 0.606123745
vt 1.71815038 1.00000024
vt 1.78595233 0.606123865
vt 1.78595233 1.00000036
vt 1.85117328 0.606124043
vt 1.85117328 1.0000006
vt -0.257871509 0.457302094
vt -1.45165634 0.457302094
vt -1.45165634 0.140671074
vt -0.257871509 0.140670672
vt -0.0777474046 0.457301855
vt -0.0777474046 0.140670434
vt -0.258283556 0.461921096
vt -1.43600643 0.461920798
vt -1.43600643 0.145289391
vt -0.258283556 0.145289794
vt -0.0133015178 2.45718598
vt 0.0580702946 2.42472911
vt 0.07599397 2.45718598
vt 0.00462217629 2.42472911
vt 0.0580702946 2.17383552
vt 0.00462217629 2.17383552
vt -0.0133015132 2.14137864
vt 0.07599397 2.14137864
vt 0.07599397 2.14286923
vt 0.00462217629 2.17532706
vt -0.0133015132 2.14286923
vt 0.0580702946 2.17532706
vt 0.00462217629 2.42622018
vt 0.0580702946 2.42622018
vt 0.07599397 2.45867753
vt -0.0133015178 2.45867753
vt 0.079387702 2.46009684
vt 0.079387702 2.14452934
vt 0.315566659 2.14452934
vt 0.315566659 2.46009684
vt 0.315566659 2.14065695
vt 0.315566659 2.45622444
vt 0.079387702 2.45622444
vt 0.079387702 2.14065695
vt 0.317018807 2.93119049
vt 0.317018867 3.02159548
vt 0.0773306936 3.01323462
vt 0.0773306936 2.93119049
vt 0.317018807 2.5906148
vt 0.317018807 2.67265749
vt 0.0773306489 2.67265749
vt 0.0773306787 2.58225346
vt 0.317018807 2.67265749
vt 0.317018807 2.93119049
vt 0.0773306936 2.93119049
vt 0.0773306489 2.67265749
vt 0.0770770311 2.67429829
vt 0.0770770311 2.58389425
vt 0.316765189 2.59225559
vt 0.316765189 2.67429829
vt 0.0770770013 3.01487494
vt 0.0770770311 2.93283176
vt 0.316765189 2.93283176
vt 0.316765189 3.02323627
vt 0.0770770311 2.93283176
vt 0.0770770311 2.67429829
vt 0.316765189 2.67429829
vt 0.316765189 2.93283176
vt 0.142084867 0.985274374
vt 0.0240750518 0.984149039
vt 0.0162765011 0.498821646
vt 0.142041311 0.498758554
vt 0.266553074 0.985277534
vt 0.266519308 0.498669952
vt 0.391009748 0.985279441
vt 0.39100498 0.498622507
vt 0.49999997 0.98527962
vt 0.499999672 0.498620361
vt 0.142084807 0.985274315
vt 0.0165792536 0.9852736
vt 0.0165729355 0.498779893
vt 0.142041311 0.498758644
vt 0.266553015 0.985277534
vt 0.266519308 0.498669952
vt 0.39126581 0.985275567
vt 0.391003579 0.498622537
vt 0.492916584 0.983057916
vt 0.499999672 0.498703182
vt 0.142084867 0.985274374
vt 0.0240750518 0.984149039
vt 0.0162765011 0.498821646
vt 0.142041311 0.498758554
vt 0.266553074 0.985277534
vt 0.266519308 0.498669952
vt 0.391009748 0.985279441
vt 0.39100498 0.498622507
vt 0.49999997 0.98527962
vt 0.499999672 0.498620361
vt 0.142084807 0.985274315
vt 0.0165792536 0.9852736
vt 0.0165729355 0.498779893
vt 0.142041311 0.498758644
vt 0.266553015 0.985277534
vt 0.266519308 0.498669952
vt 0.39126581 0.985275567
vt 0.391003579 0.498622537
vt 0.492916584 0.983057916
vt 0.499999672 0.498703182
vt 0.186695144 0.450368404
vt 0.186695144 0.613429248
vt 0.654257059 0.613429248
vt 0.654257059 0.450368643
vt 0.654257059 0.448993474
vt 0.186695144 0.448993355
vt 0.186695144 0.612054169
vt 0.654257059 0.612054169
vt 0.186954081 0.453902453
vt 0.186954081 0.616963267
vt 0.654516101 0.616963267
vt 0.654516101 0.453902453
vt 0.185428187 0.452527404
vt 0.185428187 0.615588009
vt 0.652990103 0.615588009
vt 0.652990103 0.452527404
vt 0.186695144 0.450368404
vt 0.186695144 0.613429248
vt 0.654257059 0.613429248
vt 0.654257059 0.450368643
vt 0.654257059 0.448993474
vt 0.186695144 0.448993355
vt 0.186695144 0.612054169
vt 0.654257059 0.612054169
vt 0.186954081 0.453902453
vt 0.186954081 0.616963267
vt 0.654516101 0.616963267
vt 0.654516101 0.453902453
vt 0.185428187 0.452527404
vt 0.185428187 0.615588009
vt 0.652990103 0.615588009
vt 0.652990103 0.452527404
vt 0.186695144 0.450368404
vt 0.186695144 0.613429248
vt 0.654257059 0.613429248
vt 0.654257059 0.450368643
vt 0.654257059 0.448993474
vt 0.186695144 0.448993355
vt 0.186695144 0.612054169
vt 0.654257059 0.612054169
vt 0.186954081 0.453902453
vt 0.186954081 0.616963267
vt 0.654516101 0.616963267
vt 0.654516101 0.453902453
vt 0.185428187 0.452527404
vt 0.185428187 0.615588009
vt 0.652990103 0.615588009
vt 0.652990103 0.452527404
vt 0.186695144 0.450368404
vt 0.186695144 0.613429248
vt 0.654257059 0.613429248
vt 0.654257059 0.450368643
vt 0.654257059 0.448993474
vt 0.186695144 0.448993355
vt 0.186695144 0.612054169
vt 0.654257059 0.612054169
vt 0.186954081 0.453902453
vt 0.186954081 0.616963267
vt 0.654516101 0.616963267
vt 0.654516101 0.453902453
vt 0.185428187 0.452527404
vt 0.185428187 0.615588009
vt 0.652990103 0.615588009
vt 0.652990103 0.452527404
vt 0.186695144 0.450368404
vt 0.186695144 0.613429248
vt 0.654257059 0.613429248
vt 0.654257059 0.450368643
vt 0.654257059 0.448993474
vt 0.186695144 0.448993355
vt 0.186695144 0.612054169
vt 0.654257059 0.612054169
vt 0.186954081 0.453902453
vt 0.186954081 0.616963267
vt 0.654516101 0.616963267
vt 0.654516101 0.453902453
vt 0.185428187 0.452527404
vt 0.185428187 0.615588009
vt 0.652990103 0.615588009
vt 0.652990103 0.452527404
vt 0.186695144 0.450368404
vt 0.186695144 0.613429248
vt 0.654257059 0.613429248
vt 0.654257059 0.450368643
vt 0.654257059 0.448993474
vt 0.186695144 0.448993355
vt 0.186695144 0.612054169
vt 0.654257059 0.612054169
vt 0.186954081 0.453902453
vt 0.186954081 0.616963267
vt 0.654516101 0.616963267
vt 0.654516101 0.453902453
vt 0.185428187 0.452527404
vt 0.185428187 0.615588009
vt 0.652990103 0.615588009
vt 0.652990103 0.452527404
vt 0.186695144 0.450368404
vt 0.186695144 0.613429248
vt 0.654257059 0.613429248
vt 0.654257059 0.450368643
vt 0.654257059 0.448993474
vt 0.186695144 0.448993355
vt 0.186695144 0.612054169
vt 0.654257059 0.612054169
vt 0.186954081 0.453902453
vt 0.186954081 0.616963267
vt 0.654516101 0.616963267
vt 0.654516101 0.453902453
vt 0.185428187 0.452527404
vt 0.185428187 0.615588009
vt 0.652990103 0.615588009
vt 0.652990103 0.452527404
vt 0.186695144 0.450368404
vt 0.186695144 0.613429248
vt 0.654257059 0.613429248
vt 0.654257059 0.450368643
vt 0.654257059 0.448993474
vt 0.186695144 0.448993355
vt 0.186695144 0.612054169
vt 0.654257059 0.612054169
vt 0.186954081 0.453902453
vt 0.186954081 0.616963267
vt 0.654516101 0.616963267
vt 0.654516101 0.453902453
vt 0.185428187 0.452527404
vt 0.185428187 0.615588009
vt 0.652990103 0.615588009
vt 0.652990103 0.452527404
vt -0.726025105 -0.143353745
vt -0.842648864 -0.251313806
vt -0.842639565 -0.143353745
vt -0.726015925 -0.251313806
vt -0.604694247 -0.143353745
vt -0.604736686 -0.251313806
vt -0.487473965 -0.143353745
vt -0.487478495 -0.251313806
vt -0.372683048 -0.143353745
vt -0.372690082 -0.251313806
vt -0.258274555 -0.143353745
vt -0.258304596 -0.251313806
vt -0.142613053 -0.143353745
vt -0.142617345 -0.251313806
vt -0.0228466988 -0.143353745
vt -0.0228583813 -0.251313806
vt 0.0969196558 -0.143353745
vt 0.0969003439 -0.251313806
vt 0.212581396 -0.143353745
vt 0.212587595 -0.251313686
vt 0.326989949 -0.143353745
vt 0.326973021 -0.251313686
vt 0.441781163 -0.143353745
vt 0.441761434 -0.251313686
vt 0.55900085 -0.143353492
vt 0.559019625 -0.251313686
vt 0.680331409 -0.143353492
vt 0.680298805 -0.251313686
vt 0.797551513 -0.143353492
vt 0.797556698 -0.251313686
vt 0.912342668 -0.143353492
vt 0.912345171 -0.251313686
vt 1.02675092 -0.143353492
vt 1.02673066 -0.251313686
vt 1.1424123 -0.143353492
vt 1.14241791 -0.251313686
vt 1.26217902 -0.143353492
vt 1.26217687 -0.251313686
vt 1.38194537 -0.143353492
vt 1.38193572 -0.251313686
vt 1.49760664 -0.143353492
vt 1.49762285 -0.251313686
vt 1.61201525 -0.143353492
vt 1.61200833 -0.251313686
vt 1.72680628 -0.143353492
vt 1.72679687 -0.251313686
vt -0.725787461 -0.0027077198
vt -0.604649723 -0.395592451
vt -0.725787461 -0.395592451
vt -0.604649723 -0.0027077198
vt -0.487307072 -0.395592451
vt -0.487307161 -0.0027077198
vt -0.372534037 -0.395592451
vt -0.372534066 -0.0027077198
vt -0.258215427 -0.395592451
vt -0.258215487 -0.0027077198
vt -0.142472953 -0.395592451
vt -0.14247328 -0.0027077198
vt -0.0227447078 -0.395592451
vt -0.0227454044 -0.00270700455
vt 0.09698309 -0.395592451
vt 0.09698309 -0.00270700455
vt 0.212725341 -0.395592451
vt 0.212725341 -0.00270700455
vt 0.327043682 -0.395592451
vt 0.327043682 -0.00270700455
vt 0.441816807 -0.395592451
vt 0.441816807 -0.00270700455
vt 0.55915916 -0.395592451
vt 0.559159398 -0.00270700455
vt 0.680297136 -0.00270700455
vt 0.680296838 -0.395592451
vt 0.797639608 -0.395592451
vt 0.797639608 -0.00270700455
vt 0.912412524 -0.395592451
vt 0.912412524 -0.00270700455
vt 1.02673149 -0.395592451
vt 1.02673149 -0.00270700455
vt 1.14247322 -0.395592451
vt 1.14247322 -0.00270700455
vt 1.26220155 -0.395592451
vt 1.26220131 -0.00270700455
vt 1.3819294 -0.395592451
vt 1.3819294 -0.00270700455
vt 1.49767184 -0.395592451
vt 1.49767184 -0.00270700455
vt 1.61199021 -0.395592451
vt 1.61199021 -0.00270700455
vt 1.72676325 -0.395592451
vt 1.72676325 -0.00270700455
vt -0.844780684 -0.123535633
vt -0.723511398 -0.123535633
vt -0.723510981 -0.274764538
vt -0.844780684 -0.274764538
vt -0.726015925 -0.251313806
vt -0.847406209 -0.474746197
vt -0.8432706 -0.250369489
vt -0.725981116 -0.475535303
vt -0.604736686 -0.251313806
vt -0.604834199 -0.475535303
vt -0.487478495 -0.251313806
vt -0.487482548 -0.475535303
vt -0.372690082 -0.251313806
vt -0.372700572 -0.475535303
vt -0.258304596 -0.251313806
vt -0.25837326 -0.475535303
vt -0.142617345 -0.251313806
vt -0.142621994 -0.475535303
vt -0.0228583813 -0.251313806
vt -0.0228848457 -0.475535005
vt 0.0969003439 -0.251313806
vt 0.0968526602 -0.475535005
vt 0.212587595 -0.251313686
vt 0.212603807 -0.475535005
vt 0.326973021 -0.251313686
vt 0.326930881 -0.475535005
vt 0.441761434 -0.251313686
vt 0.441712856 -0.475535005
vt 0.559019625 -0.251313686
vt 0.559064567 -0.475535005
vt 0.680298805 -0.251313686
vt 0.680211484 -0.475535005
vt 0.797556698 -0.251313686
vt 0.797563195 -0.475535005
vt 0.912345171 -0.251313686
vt 0.912344813 -0.475535005
vt 1.02673066 -0.251313686
vt 1.02667248 -0.475535005
vt 1.14241791 -0.251313686
vt 1.14242339 -0.475535005
vt 1.26217687 -0.251313686
vt 1.26216054 -0.475535005
vt 1.38193572 -0.251313686
vt 1.38189805 -0.475535005
vt 1.49762285 -0.251313686
vt 1.49764931 -0.475535005
vt 1.61200833 -0.251313686
vt 1.61197639 -0.475535005
vt 1.72679687 -0.251313686
vt 1.72675824 -0.475535005
vt 1.61201525 -0.143353492
vt 1.72673798 0.0840106308
vt 1.72680628 -0.143353492
vt 1.61195803 0.0840106308
vt 1.49760664 -0.143353492
vt 1.49763262 0.0840106308
vt 1.38194537 -0.143353492
vt 1.38188314 0.0840106308
vt 1.26217902 -0.143353492
vt 1.26214778 0.0840106308
vt 1.1424123 -0.143353492
vt 1.14241207 0.0840106308
vt 1.02675092 -0.143353492
vt 1.0266633 0.0840106308
vt 0.912342668 -0.143353492
vt 0.912337184 0.0840106308
vt 0.797551513 -0.143353492
vt 0.797556996 0.0840106308
vt 0.680331409 -0.143353492
vt 0.680207193 0.0840106308
vt 0.55900085 -0.143353492
vt 0.559062064 0.0840106308
vt 0.441781163 -0.143353745
vt 0.44171226 0.0840106308
vt 0.326989949 -0.143353745
vt 0.32693243 0.0840106308
vt 0.212581396 -0.143353745
vt 0.212606907 0.0840106308
vt 0.0969196558 -0.143353745
vt 0.0968575478 0.0840106308
vt -0.0228466988 -0.143353745
vt -0.0228778124 0.0840106308
vt -0.142613053 -0.143353745
vt -0.142613411 0.0840106308
vt -0.258274555 -0.143353745
vt -0.25836277 0.0840106308
vt -0.372683048 -0.143353745
vt -0.372688532 0.0840106308
vt -0.487473965 -0.143353745
vt -0.487468719 0.0840106308
vt -0.604694247 -0.143353745
vt -0.604818583 0.0840106308
vt -0.726025105 -0.143353745
vt -0.725963593 0.0840106308
vt -0.838584602 -0.143853337
vt -0.721824825 0.0944650769
vt -0.84739089 0.0948711932
vt 0.776134729 0.651356995
vt 0.836351693 0.945720255
vt 0.836351693 0.651356995
vt 0.776134729 0.945720255
vt 0.714045405 0.651356995
vt 0.714045405 0.945720255
vt 0.651956201 0.651356995
vt 0.651956201 0.945720255
vt 0.589866996 0.651356995
vt 0.589866996 0.945720255
vt 0.527777731 0.651356995
vt 0.527777731 0.945720255
vt 0.465688586 0.651356995
vt 0.465688586 0.945720255
vt 0.403599352 0.651356995
vt 0.403599352 0.945720255
vt 0.341510117 0.651356995
vt 0.341510117 0.945720255
vt 0.279420912 0.651356995
vt 0.279420912 0.945720255
vt -0.877858996 0.0260608047
vt -1.11488986 0.0260608047
vt -1.11488986 0.588163555
vt -0.877858996 0.588163555
vt -1.11453581 0.588163555
vt -0.877504945 0.588163555
vt -0.877504945 0.0260608047
vt -1.11453581 0.0260608047
vt -0.949384987 0.462065339
vt -0.949384928 0.144531697
vt -1.33607769 0.144531697
vt -1.22686267 0.525114417
vt -1.33918953 0.142536595
vt -1.33918953 0.460070252
vt -0.951265931 0.460070252
vt -0.952496767 0.142536595
vt -0.927713335 -0.12115258
vt -0.939199984 0.0754043683
vt -0.39076665 0.00627671275
vt -0.39076674 -0.121153116
vt -0.39076668 -0.266859621
vt -0.39076665 -0.404171854
vt -0.924718142 -0.404172182
vt -0.924718142 -0.266860217
vt 0.875943422 0.460927546
vt 0.202402934 0.408309102
vt 0.20240292 0.460927576
vt 0.875943422 0.408309072
vt 0.875943422 0.355690509
vt 0.20240292 0.355690539
vt 0.202402934 0.303072006
vt 0.875943422 0.303072006
vt 0.20240292 0.250453502
vt 0.875943422 0.250453532
vt 0.202402934 0.197835013
vt 0.875943422 0.197835058
vt 0.20240292 0.14521654
vt 0.875943422 0.14521654
vt -0.877858996 0.0260608047
vt -0.877858996 0.588163555
vt -1.11488986 0.588163555
vt -1.11488986 0.0260608047
vt -1.11453581 0.588163555
vt -1.11453581 0.0260608047
vt -0.877504945 0.0260608047
vt -0.877504945 0.588163555
vt -0.949384987 0.462065339
vt -1.22686267 0.525114417
vt -1.33607769 0.144531697
vt -0.949384928 0.144531697
vt -1.33918953 0.142536595
vt -0.952496767 0.142536595
vt -0.951265931 0.460070252
vt -1.33918953 0.460070252
vt -0.927713335 -0.12115258
vt -0.39076674 -0.121153116
vt -0.39076665 0.00627671275
vt -0.939199984 0.0754043683
vt -0.39076668 -0.266859621
vt -0.924718142 -0.266860217
vt -0.924718142 -0.404172182
vt -0.39076665 -0.404171854
vt 0.875943422 0.460927546
vt 0.20240292 0.460927576
vt 0.202402934 0.408309102
vt 0.875943422 0.408309072
vt 0.875943422 0.355690509
vt 0.20240292 0.355690539
vt 0.202402934 0.303072006
vt 0.875943422 0.303072006
vt 0.20240292 0.250453502
vt 0.875943422 0.250453532
vt 0.202402934 0.197835013
vt 0.875943422 0.197835058
vt 0.20240292 0.14521654
vt 0.875943422 0.14521654
vt 66.2499237 -350.411499
vt 66.3438568 -214.964096
vt 83.5711365 -207.564499
vt 83.7499313 -350.411499
vt -0.371351391 -11.2516098
vt -0.371366709 6.24837685
vt 22.6289597 6.24816322
vt 15.3799295 -11.2517405
vt 84.3085175 -56.801899
vt 15.3799295 -11.2517405
vt 15.2711296 -9.76784325
vt -0.371320903 -9.80403614
vt -0.371351391 -11.2516098
vt 67.0737534 -64.1970825
vt 67.073761 -64.1970825
vt 15.2711296 -9.76784325
vt 15.3799295 -11.2517405
vt 215.506012 -350.411499
vt 233.006012 -350.411499
vt 233.104401 -350.31311
vt 215.604401 -350.312408
vt 233.006012 -350.411499
vt 233.586899 -214.964096
vt 232.912094 -214.964096
vt 233.184906 -207.564499
vt 215.684799 -207.564499
vt 214.947403 -56.801899
vt 232.182205 -64.1970825
vt 283.876007 -11.2517405
vt 299.627289 -11.2516203
vt 299.627289 -9.80403614
vt 283.984802 -9.76784325
vt 64.7096329 -360.582397
vt 64.7096481 -360.582397
vt 234.546402 -360.582397
vt 234.546402 -360.582397
vt 225.817505 -52.8645287
vt 64.7096481 -360.582397
vt 75.0105133 -52.5669899
vt 293.087097 13.50459
vt 8.68560982 13.50459
vt -650.411743 216.249908
vt -650.312622 216.348206
vt -650.313293 233.848297
vt -650.411743 233.749908
vt -311.251892 300.371185
vt -293.751892 300.371185
vt -293.752136 277.370911
vt -311.252014 284.619904
vt -292.237 277.541412
vt -354.709198 212.168106
vt -356.802094 215.691299
vt -293.752136 277.370911
vt -650.411743 66.9937897
vt -650.411743 84.4937897
vt -507.564697 84.3149948
vt -514.964294 66.4129333
vt -650.313293 66.8953705
vt -650.411743 84.4937897
vt -650.411743 66.9937897
vt -650.313293 66.8953705
vt -650.312622 84.3953781
vt -311.251892 0.372552902
vt -311.252014 16.1238403
vt -293.752136 23.37286
vt -293.751892 0.372529
vt -507.564697 66.814949
vt -364.197296 67.8176422
vt -507.466309 66.7165527
vt -364.197296 67.8176575
vt -292.237 23.20228
vt -293.752136 23.37286
vt -356.802094 85.0524216
vt -354.709198 88.5756302
vt -660.582581 65.453392
vt -660.582581 65.4534302
vt -610.237793 15.0970201
vt -611.251892 16.1237888
vt -660.582581 65.453476
vt -352.864807 74.1823196
vt -660.582581 235.290192
vt -352.5672 224.989304
vt -286.495605 6.91275597
vt -286.495697 291.314209
vt -551.987671 625.445496
vt -556.213989 634.508667
vt -405.967987 704.569519
vt -401.741791 695.506409
vt -556.208679 634.508667
vt -551.982544 625.445496
vt -401.741791 695.506409
vt -405.967987 704.569519
vt -405.967987 704.569519
vt -405.967987 704.569519
vt -556.213989 634.508667
vt -556.208679 634.508667
vt -551.982544 625.445496
vt -556.213989 634.508667
vt -551.987671 625.445496
vt -437.688324 509.066101
vt -447.085144 512.486328
vt -390.385895 668.266602
vt -380.989014 664.846375
vt -437.688324 509.066101
vt -437.688324 509.066101
vt -380.989014 664.846375
vt -380.989014 664.846375
vt -447.085144 512.486328
vt -437.688324 509.066101
vt -380.989014 664.846375
vt -390.385895 668.266602
vt -447.085144 512.486328
vt -447.085144 512.486328
vt -390.385895 668.266602
vt -390.385895 668.266602
vt -437.688324 509.066101
vt -447.085144 512.486328
vt -447.085144 512.486328
vt -437.688324 509.066101
vt -551.987793 870.953979
vt -401.741913 800.893311
vt -405.968109 791.8302
vt -556.213989 861.890991
vt -551.982788 870.953979
vt -401.741913 800.893311
vt -401.741913 800.893311
vt -551.987793 870.953979
vt -556.208862 861.890991
vt -405.968109 791.8302
vt -401.741913 800.893311
vt -551.982788 870.953979
vt -551.982788 870.953979
vt -551.987793 870.953979
vt -556.213989 861.890991
vt -556.208862 861.890991
vt -437.68869 987.333679
vt -380.989197 831.553406
vt -390.386108 828.133118
vt -447.085632 983.913452
vt -447.085632 983.913452
vt -390.386108 828.133118
vt -380.989105 831.553406
vt -437.68869 987.333679
vt -547.456116 627.558716
vt -545.343018 623.027222
vt -545.343018 623.0271
vt -547.456177 627.558716
vt -533.861389 633.89801
vt -547.456177 627.558716
vt -533.86145 633.898071
vt -531.748413 629.366516
vt -531.748413 629.366394
vt -531.748413 629.366394
vt -545.343018 623.0271
vt -545.343018 623.027222
vt -531.748413 629.366516
vt -531.748413 629.366394
vt -533.86145 633.898071
vt -547.456177 627.558716
vt -545.343018 623.0271
vt -426.149414 526.149902
vt -430.847809 527.860107
vt -430.847839 527.860107
vt -430.847839 527.860107
vt -426.149414 526.149902
vt -431.279724 512.054565
vt -431.279724 512.054565
vt -431.279694 512.054504
vt -426.149414 526.149902
vt -435.978119 513.764771
vt -430.847839 527.860107
vt -430.847809 527.860107
vt -435.978088 513.764709
vt -431.279694 512.054504
vt -431.279724 512.054565
vt -435.978119 513.764771
vt -435.978088 513.764709
vt -533.861572 862.270996
vt -547.456299 868.610291
vt -547.456299 868.610413
vt -533.861694 862.271118
vt -531.748596 866.802612
vt -531.748657 866.802612
vt -533.861572 862.270996
vt -533.861694 862.271118
vt -547.456299 868.610291
vt -533.861572 862.270996
vt -531.748657 866.802612
vt -545.343201 873.141968
vt -554.185181 864.255005
vt -559.939575 863.674927
vt -561.779419 633.324524
vt -554.123352 633.904602
vt -546.666382 865.477722
vt -548.680664 635.127319
vt -554.123352 633.904602
vt -561.779419 633.324524
vt -559.939575 863.674927
vt -553.755981 864.255005
vt -546.237122 865.477722
vt -548.680664 635.127319
vt -552.0224 869.947083
vt -433.112396 988.915771
vt -421.33371 972.430115
vt -532.075684 862.496216
vt -551.505981 621.513794
vt -532.466309 631.35022
vt -421.714417 521.416382
vt -438.097504 509.481293
vt -532.466309 631.35022
vt -552.0224 869.947083
vt -532.075684 862.496216
vt -421.33371 972.430115
vt -433.112396 988.915771
vt -552.0224 869.947083
vt -532.075684 862.496216
vt -532.466309 631.35022
vt -551.505981 621.513794
vt -421.714417 521.416382
vt -551.505981 621.513794
vt -438.097504 509.481293
vt -290.101807 944.779175
vt -290.465515 944.59668
vt -290.465088 551.803589
vt -290.101501 551.620972
vt -421.33371 972.430115
vt -421.33371 972.430115
vt -532.075684 862.496216
vt -532.075684 862.496216
vt -532.075684 862.496216
vt -532.466309 631.35022
vt -532.466309 631.35022
vt -532.466309 631.35022
vt -421.714417 521.416382
vt -421.714417 521.416382
vt -421.714417 521.416382
vt -438.097504 509.481293
vt -438.097504 509.481293
vt -433.112396 988.915771
vt -433.112396 988.915771
vt -421.33371 972.430115
vt -421.33371 972.430115
vt -433.112396 988.915771
vt -552.0224 869.947083
vt -552.0224 869.947083
vt -552.0224 869.947083
vt -551.505981 621.513794
vt -551.505981 621.513794
vt -438.097504 509.481293
vt -438.097504 509.481293
vt -551.505981 621.513794
vt -429.142303 524.536316
vt -535.000183 630.393982
vt -535.000183 630.393982
vt -429.142303 524.536316
vt -539.000183 628.737183
vt -539.000183 628.737183
vt -430.799194 520.536316
vt -430.799194 520.536316
vt -429.142303 524.536316
vt -429.142303 524.536316
vt -535.000183 630.393982
vt -535.000183 630.393982
vt -430.799194 520.536316
vt -430.799194 520.536316
vt -539.000183 628.737183
vt -539.000183 628.737183
vt -535.000183 630.393982
vt -535.000427 748.118408
vt -535.000427 748.118408
vt -535.000183 630.393982
vt -539.000183 628.737183
vt -539.000427 748.118408
vt -539.000427 748.118408
vt -539.000183 628.737183
vt -535.000183 630.393982
vt -535.000305 748.118408
vt -535.000305 748.118408
vt -535.000183 630.393982
vt -539.000183 628.737183
vt -539.000305 748.118408
vt -539.000305 748.118408
vt -539.000183 628.737183
vt -429.1427 971.700928
vt -429.1427 971.700928
vt -535.000488 865.842896
vt -535.000488 865.842896
vt -539.000488 867.499695
vt -430.799591 975.700928
vt -430.799591 975.700928
vt -539.000488 867.499695
vt -429.1427 971.700928
vt -535.000488 865.842896
vt -535.000488 865.842896
vt -429.1427 971.700928
vt -430.799591 975.700806
vt -539.000488 867.499695
vt -539.000488 867.499695
vt -430.799591 975.700806
vt -535.000488 865.842896
vt -535.000488 865.842896
vt -535.000427 748.118408
vt -535.000427 748.118408
vt -539.000488 867.499695
vt -539.000488 867.499695
vt -539.000427 748.118408
vt -539.000427 748.118408
vt -535.000488 865.842896
vt -535.000488 865.842896
vt -535.000305 748.118408
vt -535.000305 748.118408
vt -539.000488 867.499695
vt -539.000488 867.499695
vt -539.000305 748.118408
vt -539.000305 748.118408
vt -298.52301 759.052673
vt -412.146515 759.052673
vt -412.146515 741.552612
vt -298.52301 741.552673
vt -298.52301 741.552673
vt -412.146515 741.552612
vt -399.772095 741.552612
vt -286.14859 741.552673
vt -286.14859 741.552673
vt -399.772095 741.552612
vt -399.772095 759.052673
vt -286.14859 759.052795
vt 459.397034 900.027283
vt 461.892303 1200
vt 459.616425 1200
vt 457.121094 900.000488
vt 458.559204 1278.46399
vt 457.342102 1277.28296
vt 461.892517 1200
vt 593.749695 1200.00098
vt 593.749573 900.000671
vt 449.999298 1200
vt 449.999512 900.000488
vt 611.245972 900.263611
vt 591.067749 703.291687
vt 448.116394 827.260803
vt 373.248505 754.394714
vt 496.878723 608.915649
vt 608.677124 696.803101
vt 503.076294 590.974426
vt 299.999695 606.249878
vt 299.999603 750.000305
vt 608.677124 696.803101
vt 593.749573 899.945007
vt 591.067749 703.291687
vt 299.999695 588.750671
vt 496.878723 608.915649
vt 442.823486 900.000488
vt 299.999634 900.000366
vt 299.999329 1200
vt 444.072266 1200
vt 459.616425 1200
vt 461.892303 1200
vt 299.999329 1200
vt 444.072266 1200
vt 461.892517 1200
vt 459.616425 1200
vt 444.072388 1200
vt -503.197815 891.322327
vt -299.737305 888.75354
vt -300.000488 889.342407
vt -502.894501 891.922913
vt -377.440704 1040.11304
vt -457.343292 1122.71704
vt -378.637787 1038.94202
vt -458.560394 1121.53601
vt -457.343292 1122.71704
vt -459.617737 1200
vt -461.893738 1200
vt -503.197815 891.322327
vt -502.894501 891.922913
vt -608.428772 997.229187
vt -609.026489 996.923218
vt -611.250183 1200
vt -608.428772 997.229187
vt -610.660706 1200
vt -610.660706 1200
vt -593.750916 1200.03674
vt -608.678223 1403.19702
vt -611.247864 1199.802
vt -608.077576 1402.89404
vt -608.077576 1402.89404
vt -502.771301 1508.42798
vt -503.077393 1509.026
vt 527.711975 1385.771
vt 527.667419 1138.21899
vt 507.820404 1147.36902
vt 507.564301 1378.35596
vt 397.624939 1037.65308
vt 527.667419 1138.21899
vt 409.403687 1021.16809
vt 527.711975 1385.771
vt 477.690186 1407.06104
vt 485.215698 1427.71301
vt 236.976807 1426.50598
vt 485.215698 1427.71301
vt 246.813202 1407.46594
vt 236.976807 1426.50598
vt 136.879303 1296.71411
vt 124.944298 1313.09705
vt 527.711975 1385.771
vt 507.564301 1378.35596
vt 507.820404 1147.36902
vt 527.667419 1138.21899
vt 507.820404 1147.36902
vt 397.624939 1037.65308
vt 409.403687 1021.16809
vt 477.690186 1407.06104
vt 507.564301 1378.35596
vt 527.711975 1385.771
vt 485.215698 1427.71301
vt 236.976807 1426.50598
vt 236.976807 1426.50598
vt 485.215698 1427.71301
vt 527.711975 1385.771
vt 527.711975 1385.771
vt 527.667419 1138.21899
vt 527.667419 1138.21899
vt 236.976807 1426.50598
vt 124.944298 1313.09705
vt 124.944298 1313.09705
vt 124.944298 1313.09705
vt 136.879303 1296.71411
vt 136.879303 1296.71411
vt 409.403687 1021.16809
vt 409.403687 1021.16809
vt 527.667419 1138.21899
vt 409.403687 1021.16809
vt 397.624939 1037.65308
vt 397.624939 1037.65308
vt 397.624939 1037.65308
vt 507.820404 1147.36902
vt 507.820404 1147.36902
vt 507.820404 1147.36902
vt 507.564301 1378.35596
vt 507.564301 1378.35596
vt 507.564301 1378.35596
vt 477.690186 1407.06104
vt 477.690186 1407.06104
vt 477.690186 1407.06104
vt 246.813202 1407.46594
vt 246.813202 1407.46594
vt 246.813202 1407.46594
vt 136.879303 1296.71411
vt 136.879303 1296.71411
vt 477.690186 1407.06104
vt 485.215698 1427.71301
vt 236.976807 1426.50598
vt 246.813202 1407.46594
vt 124.944298 1313.09705
vt 136.879303 1296.71411
vt 246.813202 1407.46594
vt 421.714294 1027.75317
vt 412.317322 1024.33301
vt 355.617798 1180.11401
vt 365.014801 1183.53406
vt 412.317322 1024.33301
vt 421.714294 1027.75317
vt 365.014801 1183.52905
vt 355.617798 1180.10803
vt 531.598572 1149.80505
vt 527.372437 1140.74194
vt 377.126495 1210.802
vt 381.3526 1219.86499
vt 527.372437 1140.74194
vt 527.372437 1140.74194
vt 377.126495 1210.802
vt 377.126495 1210.802
vt 527.372437 1140.74194
vt 531.598572 1149.80505
vt 531.598572 1149.80505
vt 531.598572 1149.80505
vt 381.3526 1219.86499
vt 381.3526 1219.86499
vt 527.372437 1140.74194
vt 531.598572 1149.80505
vt 381.3526 1219.86499
vt 377.126495 1210.802
vt 527.739014 1384.66296
vt 531.96521 1375.59998
vt 415.165314 1321.13501
vt 410.939087 1330.198
vt 415.165314 1321.13501
vt 415.165314 1321.13501
vt 531.96521 1375.59998
vt 531.96521 1375.59998
vt 527.739014 1384.66296
vt 527.739014 1384.66296
vt 531.96521 1375.59998
vt 527.739014 1384.66296
vt 410.939087 1330.198
vt 410.939087 1330.198
vt 531.96521 1375.59998
vt 527.739014 1384.66296
vt 410.939087 1330.198
vt 415.165314 1321.13501
vt 475.972229 1431.42212
vt 485.035217 1427.19604
vt 381.838806 1273.61804
vt 372.775696 1277.84399
vt 381.838806 1273.61804
vt 381.838806 1273.61804
vt 485.035217 1427.19604
vt 485.035217 1427.19604
vt 475.972229 1431.42212
vt 475.972229 1431.42212
vt 372.775696 1277.84399
vt 372.775696 1277.84399
vt 485.035217 1427.19604
vt 475.972229 1431.42212
vt 372.775696 1277.84399
vt 381.838806 1273.61804
vt 320.032593 1280.96802
vt 310.969513 1276.74194
vt 240.908615 1426.98706
vt 249.97171 1431.21411
vt 310.969513 1276.74194
vt 320.032593 1280.96802
vt 249.97171 1431.20801
vt 240.908615 1426.98218
vt 249.97171 1431.21411
vt 240.908615 1426.98706
vt 240.908615 1426.98218
vt 249.97171 1431.20801
vt 283.729706 1265.38599
vt 280.309601 1255.98901
vt 124.529198 1312.68799
vt 127.949402 1322.08496
vt 280.309601 1255.98901
vt 280.309601 1255.98901
vt 124.529198 1312.68799
vt 124.529198 1312.68799
vt 280.309601 1255.98901
vt 283.729706 1265.38599
vt 127.949402 1322.08496
vt 124.529198 1312.68799
vt 283.729706 1265.38599
vt 283.729706 1265.38599
vt 127.949402 1322.08496
vt 127.949402 1322.08496
vt 124.529198 1312.68799
vt 127.949402 1322.08496
vt 124.529198 1312.68799
vt 374.999298 1280.96802
vt 364.999298 1280.96802
vt 364.999115 1428.46814
vt 374.999115 1428.46814
vt 364.999298 1280.96802
vt 364.999298 1280.96802
vt 364.999115 1428.46814
vt 364.999115 1428.46814
vt 364.999298 1280.96802
vt 374.999298 1280.96802
vt 374.999115 1428.46814
vt 364.999115 1428.46814
vt 374.999298 1280.96802
vt 374.999298 1280.96802
vt 374.999115 1428.46814
vt 374.999115 1428.46814
vt 364.999115 1428.46814
vt 364.999115 1428.46814
vt 374.999115 1428.46814
vt 381.3526 1265
vt 381.352509 1275
vt 528.062195 1275
vt 528.062195 1265
vt 528.062195 1265
vt 381.3526 1265
vt 381.3526 1265
vt 381.352509 1275
vt 381.3526 1265
vt 528.062195 1265
vt 528.062195 1275
vt 528.062195 1275
vt 381.352509 1275
vt 381.352509 1275
vt 528.062195 1275
vt 528.062195 1275
vt 528.062195 1265
vt 528.062195 1265
vt 404.141693 1040
vt 404.141693 1040
vt 509.999512 1145.85803
vt 509.999512 1145.85803
vt 404.141693 1040
vt 405.798615 1036
vt 513.999512 1144.20105
vt 509.999512 1145.85803
vt 513.999207 1380.79895
vt 509.999207 1379.14197
vt 513.999512 1144.20105
vt 509.999207 1379.14197
vt 480.798096 1414
vt 479.141296 1410
vt 244.200104 1414
vt 245.856995 1410
vt 480.798096 1414
vt 480.798096 1414
vt 244.200104 1414
vt 244.200104 1414
vt 480.798096 1414
vt 513.999207 1380.79895
vt 513.999207 1380.79895
vt 135.999298 1305.79895
vt 139.999298 1304.14197
vt 245.856995 1410
vt 244.200104 1414
vt 135.999298 1305.79895
vt 135.999298 1305.79895
vt 405.798615 1036
vt 405.798615 1036
vt 513.999512 1144.20105
vt 513.999512 1144.20105
vt 513.999207 1380.79895
vt 513.999207 1380.79895
vt 513.999512 1144.20105
vt 509.999207 1379.14197
vt 509.999207 1379.14197
vt 509.999512 1145.85803
vt 509.999512 1145.85803
vt 479.141296 1410
vt 479.141296 1410
vt 509.999207 1379.14197
vt 245.856995 1410
vt 245.856995 1410
vt 479.141296 1410
vt 479.141296 1410
vt 139.999298 1304.14197
vt 139.999298 1304.14197
vt 245.856995 1410
vt 509.999512 1145.85803
vt 404.141693 1040
vt 404.141693 1040
vt 509.999512 1145.85803
vt 509.999512 1145.85803
vt 509.999207 1379.14197
vt 509.999207 1379.14197
vt 513.999512 1144.20105
vt 509.999512 1145.85803
vt 404.141693 1040
vt 405.798615 1036
vt 509.999512 1145.85803
vt 513.999207 1380.79895
vt 509.999207 1379.14197
vt 513.999207 1380.79895
vt 501.584198 1393.21399
vt 498.755798 1390.38599
vt 479.141296 1410
vt 480.798096 1414
vt 244.200104 1414
vt 245.856995 1410
vt 135.999298 1305.79895
vt 139.999298 1304.14197
vt 405.798615 1036
vt 513.999512 1144.20105
vt 513.999512 1144.20105
vt 405.798615 1036
vt 245.856995 1410
vt 245.856995 1410
vt 479.141296 1410
vt 479.141296 1410
vt 244.200104 1414
vt 244.200104 1414
vt 480.798096 1414
vt 480.798096 1414
vt 245.856995 1410
vt 245.856995 1410
vt 139.999298 1304.14197
vt 139.999298 1304.14197
vt 244.200104 1414
vt 244.200104 1414
vt 135.999298 1305.79895
vt 135.999298 1305.79895
vt 479.718109 1429.18506
vt 479.138 1434.93945
vt 248.787598 1436.77954
vt 249.367798 1429.12354
vt 480.940796 1421.66602
vt 250.590393 1423.68042
vt 249.367798 1429.12354
vt 248.787598 1436.77954
vt 479.138 1434.93945
vt 479.718109 1428.75598
vt 480.940796 1421.23706
vt 250.590393 1423.68042
vt 526.957214 1145.65796
vt 532.926147 1146.23901
vt 534.76593 1376.58899
vt 527.324585 1376.00903
vt 519.438354 1144.43604
vt 521.667236 1374.78601
vt 526.895325 1376.00903
vt 534.76593 1376.58899
vt 532.926147 1146.23901
vt 526.957214 1145.65796
vt 519.438354 1144.43604
vt 521.667236 1374.78601
vt 400.778503 1041.41699
vt 405.476898 1043.12695
vt 405.476898 1043.12695
vt 400.778503 1041.41699
vt 405.908813 1027.32202
vt 400.778503 1041.41699
vt 405.908813 1027.32202
vt 410.607239 1029.03198
vt 405.908813 1027.32202
vt 410.607208 1029.03198
vt 405.476898 1043.12695
vt 410.607239 1029.03198
vt 405.476898 1043.12695
vt 400.778503 1041.41699
vt 405.908813 1027.32202
vt 410.607239 1029.03198
vt 522.84082 1142.85498
vt 522.84082 1142.85498
vt 520.727722 1138.323
vt 520.727722 1138.323
vt 507.133118 1144.66199
vt 507.133087 1144.66199
vt 507.133087 1144.66199
vt 507.133118 1144.66199
vt 509.246185 1149.19409
vt 509.246185 1149.19397
vt 522.84082 1142.85498
vt 522.84082 1142.85498
vt 520.727722 1138.323
vt 522.84082 1142.85498
vt 509.246185 1149.19409
vt 507.133118 1144.66199
vt 481.114441 1406.95605
vt 487.453705 1420.55115
vt 482.922089 1422.66394
vt 476.582886 1409.06909
vt 238.037292 1419.99194
vt 242.568817 1422.10498
vt 243.021698 1422.45605
vt 238.490097 1420.34302
vt 249.361008 1408.86108
vt 242.568817 1422.10498
vt 244.829407 1406.74805
vt 249.361008 1408.86108
vt 244.829407 1406.74805
vt 244.829407 1406.74805
vt 249.360992 1408.86096
vt 143.322998 1305.84802
vt 141.6129 1301.14905
vt 141.6129 1301.14905
vt 143.322998 1305.84802
vt 141.6129 1301.14905
vt 127.517502 1306.27905
vt 127.517502 1306.27905
vt 129.2276 1310.97803
vt 143.322998 1305.84802
vt 129.2276 1310.97803
vt 129.2276 1310.97803
vt 127.517502 1306.27905
vt 127.517502 1306.27905
vt 141.6129 1301.14905
vt 143.322998 1305.84802
vt 129.2276 1310.97803
vt 508.062195 1260
vt 508.062195 1265
vt 508.062195 1265
vt 508.062195 1260
vt 523.062195 1265
vt 508.062195 1265
vt 508.062195 1265
vt 523.062195 1265
vt 508.062195 1260
vt 517.57959 1260
vt 508.062195 1265
vt 517.57959 1260
vt 508.062195 1260
vt 508.062195 1260
vt 517.57959 1260
vt 523.062195 1265
vt 523.062195 1265
vt 364.999115 1408.46802
vt 364.999115 1408.46802
vt 364.999115 1423.46802
vt 364.999115 1423.46802
vt 364.999115 1408.46802
vt 364.999115 1423.46802
vt 359.999115 1423.46814
vt 359.999115 1408.46814
vt 367.981506 1279.38599
vt 287.637695 1199.04199
vt 300.012085 1186.66699
vt 380.355896 1267.01099
vt 371.605896 1258.26099
vt 291.262085 1177.91699
vt 278.887695 1190.29199
vt 359.231598 1270.63599
vt 380.355896 1267.01099
vt 300.012085 1186.66699
vt 291.262085 1177.91699
vt 371.605896 1258.26099
vt -503.197205 -308.677704
vt -299.736694 -311.246613
vt -299.999847 -310.657684
vt -502.89389 -308.077209
vt -299.934021 -311.246613
vt 0.000238418594 -310.662598
vt 0.00010405892 -311.249481
vt -457.342712 -77.2826691
vt -458.559814 -78.4637985
vt -378.637207 -161.058502
vt -377.440094 -159.886902
vt -503.197205 -308.677704
vt -502.89389 -308.077209
vt -608.428223 -202.770798
vt -609.026001 -203.076904
vt -611.250061 0.223093063
vt -608.428223 -202.770798
vt -610.66272 -0.000300375599
vt -377.283203 1357.34302
vt -378.464386 1358.56006
vt -461.05899 1278.63696
vt -459.887512 1277.43994
vt -300.000793 1511.25
vt -503.077393 1509.026
vt -502.771301 1508.42798
vt -300.000793 1510.66296
vt -371.729919 1340.98901
vt -443.750702 1270.91602
vt -378.464386 1358.56006
vt -461.05899 1278.63696
vt -442.824585 1200.06299
vt -459.398102 1199.93298
vt -461.05899 1278.63696
vt -299.91803 1200
vt 503.197205 308.677704
vt 299.736694 311.246643
vt 299.999908 310.657593
vt 502.89389 308.077087
vt 503.197205 308.677704
vt 502.89389 308.077087
vt 608.428223 202.770706
vt 609.025879 203.076797
vt 611.248718 0.0660401657
vt 608.428223 202.770706
vt 610.660034 0.000239019399
vt 299.999115 1511.24695
vt -0.000798963301 1511.25
vt -0.000882148684 1510.66296
vt 299.999176 1510.65808
vt 503.196686 1508.67798
vt 299.80188 1511.24695
vt 502.893402 1508.07703
vt -0.000798963301 1511.25
vt -0.000858306885 1493.75098
vt -0.00071603962 1350
vt -0.000882148684 1510.66296
vt -0.00076293957 1361.89294
vt -0.000717459479 1344.073
vt -0.000618685386 1200
vt -0.000733080669 1359.61694
vt -45.9457016 -206.187302
vt -55.0087891 -210.413498
vt -125.069702 -60.1676292
vt -116.006599 -55.9414482
vt -55.0087814 -210.408295
vt -45.9457207 -206.182098
vt -116.006599 -55.9414482
vt -125.069702 -60.1676292
vt -45.9457207 -206.182098
vt -55.0087814 -210.408295
vt -55.0087891 -210.413498
vt -45.9457016 -206.187302
vt 70.4337463 -91.8879013
vt 67.0135422 -101.284805
vt -88.7667923 -44.5855484
vt -85.3466034 -35.1886215
vt -85.3466034 -35.1886215
vt -85.3466034 -35.1886215
vt 70.4337463 -91.8879013
vt 70.4337463 -91.8879013
vt 67.0135422 -101.284805
vt 70.4337463 -91.8879013
vt 67.0135422 -101.284805
vt 67.0135422 -101.284805
vt -88.7667923 -44.5855484
vt -88.7667923 -44.5855484
vt 67.0135422 -101.284805
vt 70.4337463 -91.8879013
vt -85.3466034 -35.1886215
vt -88.7667923 -44.5855484
vt -291.454193 -206.187408
vt -221.393494 -55.9415207
vt -212.330399 -60.1676903
vt -282.391113 -210.41362
vt -282.391113 -210.408417
vt -212.330399 -60.1676903
vt -221.393494 -55.9415207
vt -291.454193 -206.18222
vt -291.454193 -206.18222
vt -291.454193 -206.187408
vt -282.391113 -210.41362
vt -282.391113 -210.408417
vt -407.833832 -91.8882065
vt -252.053497 -35.1887283
vt -248.633301 -44.585659
vt -404.413635 -101.28511
vt -407.833832 -91.8882065
vt -252.053497 -35.1887283
vt -252.053497 -35.1887283
vt -407.833832 -91.8882065
vt -407.833832 -91.8882065
vt -404.413635 -101.28511
vt -404.413635 -101.28511
vt -248.633301 -44.585659
vt -248.633301 -44.585659
vt -404.413635 -101.28511
vt -404.413635 -101.28511
vt -248.633301 -44.585659
vt -252.053497 -35.1887283
vt -407.833832 -91.8882065
vt -49.8666801 -185.947998
vt -54.3982048 -188.061096
vt -48.0589294 -201.655701
vt -43.527359 -199.542603
vt 51.639782 -85.0474701
vt 53.3498955 -80.348999
vt 53.3498917 -80.348999
vt 51.6397781 -85.0474625
vt 65.7351913 -90.1777573
vt 51.639782 -85.0474701
vt 65.7351913 -90.1777496
vt 65.7351913 -90.1777573
vt 67.4452896 -85.4793015
vt 67.4452972 -85.4793015
vt 67.4452972 -85.4793015
vt 53.3498917 -80.348999
vt 53.3498955 -80.348999
vt 67.4452972 -85.4793015
vt 53.3498955 -80.348999
vt 51.639782 -85.0474701
vt 65.7351913 -90.1777573
vt -289.110504 -201.655899
vt -289.110535 -201.655914
vt -293.64209 -199.542816
vt -293.64209 -199.542801
vt -293.64209 -199.542801
vt -287.302795 -185.948212
vt -287.302795 -185.948196
vt -282.771301 -188.061203
vt -289.110535 -201.655914
vt -289.110504 -201.655899
vt -282.771301 -188.061203
vt -289.110535 -201.655914
vt -282.771301 -188.061203
vt -287.302795 -185.948212
vt -293.64209 -199.542816
vt -404.614929 -85.4796066
vt -402.904724 -90.1780624
vt -388.809418 -85.0477524
vt -390.519501 -80.3492889
vt -284.755188 -208.170197
vt -284.17511 -214.13916
vt -53.8247299 -215.979095
vt -54.4048691 -208.537704
vt -285.977905 -200.651352
vt -55.6275215 -202.880341
vt -54.4048691 -208.108398
vt -53.8247299 -215.979095
vt -284.17511 -214.13916
vt -284.755188 -208.170197
vt -285.977905 -200.651352
vt -55.6275215 -202.880341
vt -290.447205 -206.221893
vt -409.415985 -87.3119659
vt -392.930298 -75.5332565
vt -282.996399 -186.275299
vt -290.447205 -206.221893
vt -409.415985 -87.3119659
vt -409.415985 -87.3119659
vt -290.447205 -206.221893
vt -42.0139999 -205.705704
vt -42.0139999 -205.705704
vt 70.0184937 -92.2971497
vt 70.0184937 -92.2971497
vt -42.0139999 -205.705704
vt -409.415985 -87.3119659
vt -392.930298 -75.5332565
vt -392.930298 -75.5332565
vt -392.930298 -75.5332565
vt -282.996399 -186.275299
vt -282.996399 -186.275299
vt -282.996399 -186.275299
vt -51.8503914 -186.665894
vt -51.8503914 -186.665894
vt 58.0835686 -75.9140778
vt 58.0835686 -75.9140778
vt 58.0835686 -75.9140778
vt -42.0139999 -205.705704
vt 70.0184937 -92.2971497
vt 58.0835686 -75.9140778
vt 70.0184937 -92.2971497
vt 70.0184937 -92.2971497
vt -42.0139999 -205.705704
vt -51.8503914 -186.665894
vt 58.0835686 -75.9140778
vt 70.0184937 -92.2971497
vt -51.8503914 -186.665894
vt -290.447205 -206.221893
vt -282.996399 -186.275299
vt -392.930298 -75.5332565
vt -409.415985 -87.3119659
vt -290.447205 -206.221893
vt -282.996399 -186.275299
vt -51.8503914 -186.665894
vt -42.0139999 -205.705704
vt 27.8789005 55.6989098
vt 27.6962891 55.3352203
vt 54.9635506 -83.3419724
vt -50.8941917 -189.199905
vt -50.8941917 -189.199905
vt 54.9635506 -83.3419724
vt -49.2373314 -193.199905
vt -49.2373314 -193.199905
vt 58.9635506 -84.9988098
vt 58.9635506 -84.9988098
vt 54.9635506 -83.3419724
vt 54.9635506 -83.3419724
vt -50.8941917 -189.199905
vt -50.8941917 -189.199905
vt 58.9635506 -84.9988098
vt 58.9635506 -84.9988098
vt -49.2373314 -193.199905
vt -49.2373314 -193.199905
vt -50.8941917 -189.199905
vt -168.618698 -189.199905
vt -168.618698 -189.199905
vt -50.8941917 -189.199905
vt -49.2373314 -193.199905
vt -168.618607 -193.199905
vt -168.618607 -193.199905
vt -49.2373314 -193.199905
vt -50.8941917 -189.199905
vt -168.618698 -189.199905
vt -168.618698 -189.199905
vt -50.8941917 -189.199905
vt -49.2373314 -193.199905
vt -168.618607 -193.199905
vt -168.618607 -193.199905
vt -49.2373314 -193.199905
vt -392.200989 -83.342247
vt -392.200989 -83.342247
vt -286.343109 -189.199997
vt -286.343109 -189.199997
vt -288 -193.199997
vt -396.200989 -84.9991226
vt -396.200989 -84.9991226
vt -288 -193.199997
vt -392.200989 -83.342247
vt -286.343109 -189.199997
vt -286.343109 -189.199997
vt -392.200989 -83.342247
vt -396.200989 -84.9991226
vt -288 -193.199997
vt -288 -193.199997
vt -396.200989 -84.9991226
vt -286.343109 -189.199997
vt -286.343109 -189.199997
vt -168.618698 -189.199905
vt -168.618698 -189.199905
vt -288 -193.199997
vt -288 -193.199997
vt -168.618607 -193.199905
vt -168.618607 -193.199905
vt -286.343109 -189.199997
vt -286.343109 -189.199997
vt -168.618698 -189.199905
vt -168.618698 -189.199905
vt -288 -193.199997
vt -288 -193.199997
vt -168.618607 -193.199905
vt -168.618607 -193.199905
vt -179.552902 47.2773895
vt -179.552795 -66.3460693
vt -162.052795 -66.3460617
vt -162.052902 47.277401
vt -162.052902 47.277401
vt -162.052795 -66.3460617
vt -162.052795 -53.9716988
vt -162.052902 59.6517715
vt -162.052902 59.6517715
vt -162.052795 -53.9716988
vt -179.552795 -53.9717102
vt -179.552902 59.6517601
vt -179.552902 59.6517601
vt -179.552795 -53.9717102
vt -179.552795 -66.3460693
vt -179.552902 47.2773895
vt 457.342102 1277.28296
vt 458.559204 1278.46399
vt 378.636597 1361.05896
vt 377.439514 1359.88696
vt 503.196686 1508.67798
vt 502.893402 1508.07703
vt 608.427612 1402.771
vt 609.02533 1403.07703
vt 300.012024 1342.8241
vt 299.954681 1359.39795
vt 378.636597 1361.05896
vt -0.000618685386 1200
vt -0.000717459479 1344.073
vt -0.000643659383 1361.89294
vt -22.6296597 1343.75195
vt -0.00065254519 1344.073
vt -68.7413406 1214.37097
vt -15.3806496 1361.25195
vt -68.7413406 1214.37097
vt -83.5718689 1407.56494
vt -22.6296597 1343.75195
vt -66.3445892 1414.96399
vt -66.2507172 1550.41199
vt -83.7507172 1550.41199
vt -66.0718002 1407.56494
vt -84.3091888 1256.802
vt -67.0744324 1264.19702
vt -22.6296196 1193.75195
vt -84.3091888 1256.802
vt -15.3806 1211.25195
vt -83.7507172 1550.41199
vt -83.6523438 1550.31201
vt -66.1523285 1550.31299
vt -66.2507172 1550.41199
vt 0.370687097 1211.25195
vt 0.370708615 1193.75195
vt -22.6296196 1193.75195
vt -15.3806 1211.25195
vt -65.6697769 1414.96399
vt -66.2507172 1550.41199
vt -66.1523285 1550.31299
vt -66.3445892 1414.96399
vt -83.6523438 1550.31201
vt -83.7507172 1550.41199
vt -83.1681671 1407.56494
vt -83.5718689 1407.56494
vt -15.3806 1211.25195
vt -15.2718 1209.76794
vt 0.370656997 1209.80396
vt 0.370687097 1211.25195
vt -67.0744324 1264.19702
vt -15.2718 1209.76794
vt -67.07444 1264.19702
vt -215.506805 1550.41101
vt -233.006805 1550.41101
vt -233.105194 1550.31299
vt -215.605194 1550.31201
vt -233.006805 1550.41101
vt -233.587601 1414.96399
vt -232.912796 1414.96399
vt -276.627808 1493.75195
vt -283.876801 1511.25195
vt -234.54715 1560.58203
vt -222.172501 1548.20801
vt -283.876709 1211.25195
vt -299.627991 1211.25195
vt -299.627899 1209.80396
vt -283.985504 1209.76794
vt -15.3807087 1511.25195
vt -15.3807001 1511.25195
vt -0.000697073294 1511.25
vt -0.000798963301 1511.25
vt -64.7104263 1560.58203
vt -15.3807001 1511.25195
vt -64.7104187 1560.58203
vt -8.68626499 1186.495
vt -293.087799 1186.495
vt -75.0111771 1252.56702
vt -225.818207 1252.86499
vt -64.7104263 1560.58203
vt -234.547195 1560.58203
vt 0.00010405892 -311.249481
vt 0.000238418594 -293.750305
vt 4.88866754E-05 -149.999878
vt 0.000238418594 -310.662598
vt 9.53674316E-05 -161.893005
vt 3.34870092E-05 -144.072891
vt -4.76837195E-05 0.000152379202
vt 4.88866754E-05 -159.616974
vt 608.677124 696.803101
vt 611.245972 900.263611
vt 610.656982 900.00061
vt 608.076477 697.106384
vt 608.076477 697.106384
vt 502.770111 591.572083
vt 503.076294 590.974426
vt 377.282104 742.657715
vt 378.463196 741.440491
vt 461.057892 821.36322
vt 459.886414 822.560181
vt 378.463196 741.440491
vt 377.282104 742.657715
vt 299.999603 740.383179
vt 299.999603 738.107178
vt 299.999695 588.750671
vt 503.076294 590.974426
vt 502.770111 591.572083
vt 299.999695 589.337524
vt 608.67749 -203.197098
vt 611.246399 0.263470799
vt 610.660034 0.000239019399
vt 608.077026 -202.893799
vt 377.282501 -157.342499
vt 378.463593 -158.559601
vt 461.058289 -78.637001
vt 459.88681 -77.4399033
vt 608.67749 -203.197098
vt 608.077026 -202.893799
vt 502.770599 -308.428101
vt 503.076599 -309.025696
vt 299.776733 -311.249878
vt 503.076599 -309.025696
vt 502.770599 -308.428101
vt 300.000092 -310.662598
vt -608.677795 503.196991
vt -611.247864 299.841888
vt -610.657715 299.999603
vt -608.077209 502.893707
vt -608.077209 502.893707
vt -502.770905 608.427979
vt -503.076996 609.025818
vt -377.282806 457.342499
vt -378.463898 458.559692
vt -461.058594 378.637085
vt -459.886993 377.439911
vt -300.000427 611.24939
vt -503.076996 609.025818
vt -502.770905 608.427979
vt -300.000397 610.662598
vt -300.000397 610.662598
vt -300.000305 449.999908
vt -300.000427 593.750427
vt -300.000427 611.24939
vt 0.510261357 0.623675525
vt 0.641311407 0.638493478
vt 0.538167119 0.720682263
vt 0.55912286 0.535349369
vt 0.626493514 0.769543767
vt 0.656129539 0.507443309
vt 0.723500133 0.741637588
vt 0.744455874 0.556304574
vt 0.772361755 0.653311133
vt 0.626493514 0.769543767
vt 0.723500133 0.741637588
vt 0.641311407 0.638493478
vt 0.538167119 0.720682263
vt 0.772361755 0.653311133
vt 0.510261357 0.623675585
vt 0.744455874 0.556304574
vt 0.55912286 0.535349369
vt 0.656129539 0.507443309
vt 0.510261357 0.623675525
vt 0.641311407 0.638493478
vt 0.538167119 0.720682263
vt 0.55912286 0.535349369
vt 0.626493514 0.769543767
vt 0.656129539 0.507443309
vt 0.723500133 0.741637588
vt 0.744455874 0.556304574
vt 0.772361755 0.653311133
vt 0.626493514 0.769543767
vt 0.723500133 0.741637588
vt 0.641311407 0.638493478
vt 0.538167119 0.720682263
vt 0.772361755 0.653311133
vt 0.510261357 0.623675585
vt 0.744455874 0.556304574
vt 0.55912286 0.535349369
vt 0.656129539 0.507443309
g submesh0
f 1/1/1 2/2/2 3/3/3
f 4/4/4 5/5/5 6/6/6
f 7/7/7 8/8/8 9/9/9
f 10/10/10 11/11/11 12/12/12
f 13/13/13 14/14/14 15/15/15
f 16/16/16 17/17/17 18/18/18
f 19/19/19 20/20/20 21/21/21
f 22/22/22 23/23/23 24/24/24
f 25/25/25 26/26/26 27/27/27
f 28/28/28 29/29/29 30/30/30
f 31/31/31 32/32/32 33/33/33
f 34/34/34 35/35/35 36/36/36
f 37/37/37 38/38/38 39/39/39
f 40/40/40 41/41/41 42/42/42
f 43/43/43 44/44/44 45/45/45
f 46/46/46 47/47/47 48/48/48
f 49/49/49 50/50/50 51/51/51
f 52/52/52 53/53/53 54/54/54
f 55/55/55 56/56/56 57/57/57
f 58/58/58 59/59/59 60/60/60
f 61/61/61 62/62/62 63/63/63
f 64/64/64 65/65/65 66/66/66
f 67/67/67 68/68/68 69/69/69
f 70/70/70 71/71/71 72/72/72
f 73/73/73 74/74/74 75/75/75
f 76/76/76 77/77/77 78/78/78
f 79/79/79 80/80/80 81/81/81
f 81/81/81 82/82/82 83/83/83
f 84/84/84 85/85/85 86/86/86
f 87/87/87 88/88/88 89/89/89
f 90/90/90 91/91/91 92/92/92
f 93/93/93 94/94/94 95/95/95
f 96/96/96 97/97/97 98/98/98
f 99/99/99 100/100/100 101/101/101
f 102/102/102 103/103/103 104/104/104
f 103/103/103 105/105/105 106/106/106
f 107/107/107 108/108/108 109/109/109
f 110/110/110 111/111/111 112/112/112
f 113/113/113 114/114/114 115/115/115
f 116/116/116 117/117/117 118/118/118
f 119/119/119 120/120/120 121/121/121
f 122/122/122 123/123/123 124/124/124
f 125/125/125 126/126/126 127/127/127
f 128/128/128 129/129/129 130/130/130
f 131/131/131 132/132/132 133/133/133
f 134/134/134 135/135/135 136/136/136
f 137/137/137 138/138/138 139/139/139
f 140/140/140 141/141/141 142/142/142
f 143/143/143 144/144/144 145/145/145
f 146/146/146 147/147/147 148/148/148
f 149/149/149 150/150/150 151/151/151
f 152/152/152 153/153/153 154/154/154
f 155/155/155 156/156/156 157/157/157
f 158/158/158 159/159/159 160/160/160
f 161/161/161 162/162/162 163/163/163
f 164/164/164 165/165/165 161/161/161
f 166/166/166 167/167/167 164/164/164
f 168/168/168 169/169/169 166/166/166
f 170/170/170 171/171/171 168/168/168
f 172/172/172 173/173/173 170/170/170
f 174/174/174 175/175/175 172/172/172
f 176/176/176 177/177/177 174/174/174
f 178/178/178 179/179/179 180/180/180
f 181/181/181 178/178/178 182/182/182
f 183/183/183 181/181/181 184/184/184
f 185/185/185 183/183/183 186/186/186
f 187/187/187 185/185/185 188/188/188
f 189/189/189 187/187/187 190/190/190
f 191/191/191 189/189/189 192/192/192
f 193/193/193 191/191/191 194/194/194
f 195/195/195 196/196/196 197/197/197
f 198/198/198 199/199/199 195/195/195
f 200/200/200 201/201/201 202/202/202
f 202/202/202 203/203/203 204/204/204
f 205/205/205 206/206/206 207/207/207
f 208/208/208 209/209/209 210/210/210
f 210/210/210 211/211/211 212/212/212
f 213/213/213 214/214/214 215/215/215
f 215/215/215 216/216/216 217/217/217
f 218/218/218 219/219/219 220/220/220
f 221/221/221 218/218/218 222/222/222
f 223/223/223 224/224/224 225/225/225
f 224/224/224 226/226/226 227/227/227
f 228/228/228 229/229/229 230/230/230
f 231/231/231 232/232/232 233/233/233
f 234/234/234 235/235/235 236/236/236
f 237/237/237 238/238/238 239/239/239
f 238/238/238 240/240/240 241/241/241
f 242/242/242 243/243/243 244/244/244
f 245/245/245 243/243/243 246/246/246
f 247/247/247 248/248/248 249/249/249
f 250/250/250 248/248/248 251/251/251
f 252/252/252 253/253/253 254/254/254
f 255/255/255 253/253/253 256/256/256
f 257/257/257 258/258/258 259/259/259
f 260/260/260 261/261/261 259/259/259
f 262/262/262 263/263/263 264/264/264
f 265/265/265 266/266/266 264/264/264
f 267/267/267 268/268/268 269/269/269
f 270/270/270 271/271/271 269/269/269
f 272/272/272 273/273/273 274/274/274
f 275/275/275 276/276/276 274/274/274
f 277/277/277 278/278/278 279/279/279
f 280/280/280 277/277/277 281/281/281
f 280/280/280 281/281/281 282/282/282
f 283/283/283 284/284/284 285/285/285
f 283/283/283 286/286/286 287/287/287
f 288/288/288 289/289/289 287/287/287
f 289/289/289 290/290/290 291/291/291
f 290/290/290 292/292/292 291/291/291
f 293/293/293 291/291/291 294/294/294
f 291/291/291 295/295/295 294/294/294
f 296/296/296 295/295/295 297/297/297
f 298/298/298 291/291/291 299/299/299
f 291/291/291 300/300/300 299/299/299
f 288/288/288 301/301/301 300/300/300
f 301/301/301 288/288/288 302/302/302
f 303/303/303 301/301/301 302/302/302
f 301/301/301 304/304/304 300/300/300
f 295/295/295 305/305/305 306/306/306
f 305/305/305 307/307/307 306/306/306
f 300/300/300 308/308/308 309/309/309
f 308/308/308 310/310/310 309/309/309
f 308/308/308 301/301/301 311/311/311
f 312/312/312 308/308/308 311/311/311
f 313/313/313 314/314/314 310/310/310
f 315/315/315 313/313/313 310/310/310
f 316/316/316 301/301/301 317/317/317
f 318/318/318 319/319/319 317/317/317
f 317/317/317 320/320/320 321/321/321
f 301/301/301 322/322/322 323/323/323
f 323/323/323 308/308/308 324/324/324
f 323/323/323 325/325/325 315/315/315
f 323/323/323 324/324/324 325/325/325
f 325/325/325 324/324/324 326/326/326
f 324/324/324 327/327/327 326/326/326
f 328/328/328 326/326/326 329/329/329
f 315/315/315 328/328/328 330/330/330
f 331/331/331 330/330/330 332/332/332
f 330/330/330 333/333/333 332/332/332
f 332/332/332 333/333/333 334/334/334
f 335/335/335 332/332/332 334/334/334
f 335/335/335 336/336/336 332/332/332
f 330/330/330 337/337/337 338/338/338
f 333/333/333 339/339/339 337/337/337
f 340/340/340 341/341/341 337/337/337
f 337/337/337 342/342/342 343/343/343
f 344/344/344 345/345/345 337/337/337
f 346/346/346 344/344/344 337/337/337
f 347/347/347 335/335/335 348/348/348
f 347/347/347 349/349/349 350/350/350
f 349/349/349 351/351/351 350/350/350
f 352/352/352 350/350/350 353/353/353
f 350/350/350 354/354/354 355/355/355
f 354/354/354 335/335/335 355/355/355
f 335/335/335 356/356/356 357/357/357
f 356/356/356 358/358/358 357/357/357
f 359/359/359 360/360/360 361/361/361
f 362/362/362 363/363/363 364/364/364
f 365/365/365 366/366/366 367/367/367
f 368/368/368 366/366/366 369/369/369
f 370/370/370 368/368/368 369/369/369
f 371/371/371 372/372/372 373/373/373
f 374/374/374 375/375/375 372/372/372
f 376/376/376 374/374/374 372/372/372
f 377/377/377 378/378/378 379/379/379
f 380/380/380 381/381/381 379/379/379
f 381/381/381 382/382/382 379/379/379
f 379/379/379 383/383/383 384/384/384
f 385/385/385 379/379/379 384/384/384
f 382/382/382 386/386/386 387/387/387
f 388/388/388 382/382/382 387/387/387
f 382/382/382 388/388/388 389/389/389
f 388/388/388 390/390/390 389/389/389
f 391/391/391 388/388/388 392/392/392
f 393/393/393 391/391/391 394/394/394
f 395/395/395 393/393/393 396/396/396
f 387/387/387 397/397/397 398/398/398
f 397/397/397 399/399/399 398/398/398
f 400/400/400 401/401/401 397/397/397
f 401/401/401 402/402/402 397/397/397
f 388/388/388 402/402/402 403/403/403
f 402/402/402 404/404/404 403/403/403
f 404/404/404 402/402/402 405/405/405
f 402/402/402 406/406/406 405/405/405
f 406/406/406 407/407/407 405/405/405
f 407/407/407 408/408/408 405/405/405
f 409/409/409 410/410/410 406/406/406
f 410/410/410 411/411/411 406/406/406
f 412/412/412 413/413/413 411/411/411
f 414/414/414 412/412/412 411/411/411
f 415/415/415 410/410/410 416/416/416
f 411/411/411 416/416/416 417/417/417
f 416/416/416 418/418/418 417/417/417
f 410/410/410 419/419/419 416/416/416
f 416/416/416 419/419/419 420/420/420
f 421/421/421 416/416/416 420/420/420
f 422/422/422 423/423/423 424/424/424
f 425/425/425 426/426/426 424/424/424
f 427/427/427 425/425/425 428/428/428
f 429/429/429 427/427/427 428/428/428
f 430/430/430 426/426/426 431/431/431
f 432/432/432 430/430/430 431/431/431
f 433/433/433 434/434/434 435/435/435
f 436/436/436 433/433/433 437/437/437
f 438/438/438 436/436/436 437/437/437
f 437/437/437 439/439/439 438/438/438
f 439/439/439 440/440/440 438/438/438
f 438/438/438 441/441/441 442/442/442
f 436/436/436 443/443/443 444/444/444
f 445/445/445 436/436/436 444/444/444
f 446/446/446 447/447/447 436/436/436
f 448/448/448 446/446/446 436/436/436
f 445/445/445 449/449/449 446/446/446
f 449/449/449 450/450/450 446/446/446
f 446/446/446 451/451/451 452/452/452
f 451/451/451 453/453/453 452/452/452
f 454/454/454 455/455/455 445/445/445
f 454/454/454 456/456/456 455/455/455
f 454/454/454 457/457/457 456/456/456
f 455/455/455 458/458/458 450/450/450
f 458/458/458 459/459/459 450/450/450
f 458/458/458 457/457/457 460/460/460
f 457/457/457 461/461/461 460/460/460
f 462/462/462 463/463/463 454/454/454
f 459/459/459 464/464/464 465/465/465
f 465/465/465 466/466/466 454/454/454
f 466/466/466 467/467/467 454/454/454
f 468/468/468 469/469/469 454/454/454
f 469/469/469 470/470/470 471/471/471
f 472/472/472 469/469/469 473/473/473
f 473/473/473 474/474/474 475/475/475
f 476/476/476 454/454/454 477/477/477
f 454/454/454 478/478/478 477/477/477
f 454/454/454 479/479/479 478/478/478
f 454/454/454 480/480/480 479/479/479
f 479/479/479 481/481/481 482/482/482
f 483/483/483 479/479/479 482/482/482
f 477/477/477 483/483/483 484/484/484
f 483/483/483 485/485/485 484/484/484
f 484/484/484 486/486/486 487/487/487
f 486/486/486 488/488/488 487/487/487
f 489/489/489 486/486/486 490/490/490
f 491/491/491 489/489/489 490/490/490
f 492/492/492 493/493/493 494/494/494
f 495/495/495 493/493/493 496/496/496
f 497/497/497 498/498/498 499/499/499
f 500/500/500 501/501/501 502/502/502
f 503/503/503 504/504/504 505/505/505
f 504/504/504 506/506/506 507/507/507
f 508/508/508 509/509/509 510/510/510
f 511/511/511 512/512/512 513/513/513
f 511/511/511 514/514/514 515/515/515
f 514/514/514 516/516/516 515/515/515
f 517/517/517 518/518/518 519/519/519
f 520/520/520 521/521/521 522/522/522
f 523/523/523 524/524/524 525/525/525
f 526/526/526 523/523/523 527/527/527
f 523/523/523 528/528/528 529/529/529
f 528/528/528 530/530/530 529/529/529
f 531/531/531 532/532/532 533/533/533
f 532/532/532 534/534/534 535/535/535
f 534/534/534 536/536/536 535/535/535
f 537/537/537 538/538/538 539/539/539
f 540/540/540 541/541/541 539/539/539
f 542/542/542 540/540/540 543/543/543
f 543/543/543 540/540/540 544/544/544
f 545/545/545 543/543/543 544/544/544
f 546/546/546 542/542/542 543/543/543
f 541/541/541 546/546/546 547/547/547
f 548/548/548 541/541/541 547/547/547
f 548/548/548 547/547/547 549/549/549
f 547/547/547 550/550/550 549/549/549
f 543/543/543 551/551/551 552/552/552
f 553/553/553 543/543/543 552/552/552
f 546/546/546 554/554/554 555/555/555
f 556/556/556 546/546/546 555/555/555
f 557/557/557 556/556/556 555/555/555
f 558/558/558 557/557/557 555/555/555
f 557/557/557 558/558/558 559/559/559
f 549/549/549 557/557/557 560/560/560
f 560/560/560 557/557/557 559/559/559
f 561/561/561 549/549/549 560/560/560
f 561/561/561 560/560/560 562/562/562
f 563/563/563 561/561/561 562/562/562
f 562/562/562 564/564/564 565/565/565
f 566/566/566 562/562/562 565/565/565
f 561/561/561 567/567/567 568/568/568
f 567/567/567 559/559/559 568/568/568
f 567/567/567 569/569/569 570/570/570
f 569/569/569 571/571/571 572/572/572
f 573/573/573 559/559/559 574/574/574
f 575/575/575 573/573/573 574/574/574
f 576/576/576 575/575/575 574/574/574
f 577/577/577 576/576/576 574/574/574
f 576/576/576 577/577/577 578/578/578
f 579/579/579 576/576/576 578/578/578
f 580/580/580 579/579/579 581/581/581
f 582/582/582 576/576/576 583/583/583
f 584/584/584 582/582/582 583/583/583
f 585/585/585 586/586/586 587/587/587
f 588/588/588 589/589/589 590/590/590
f 591/591/591 592/592/592 593/593/593
f 594/594/594 595/595/595 596/596/596
f 594/594/594 597/597/597 598/598/598
f 599/599/599 600/600/600 601/601/601
f 600/600/600 602/602/602 603/603/603
f 602/602/602 604/604/604 603/603/603
f 605/605/605 606/606/606 607/607/607
f 608/608/608 609/609/609 605/605/605
f 609/609/609 610/610/610 605/605/605
f 611/611/611 605/605/605 610/610/610
f 612/612/612 611/611/611 610/610/610
f 613/613/613 614/614/614 609/609/609
f 610/610/610 615/615/615 616/616/616
f 617/617/617 611/611/611 618/618/618
f 617/617/617 619/619/619 611/611/611
f 609/609/609 620/620/620 621/621/621
f 622/622/622 609/609/609 621/621/621
f 623/623/623 610/610/610 624/624/624
f 625/625/625 623/623/623 624/624/624
f 610/610/610 626/626/626 627/627/627
f 626/626/626 628/628/628 627/627/627
f 629/629/629 627/627/627 628/628/628
f 630/630/630 629/629/629 628/628/628
f 631/631/631 632/632/632 621/621/621
f 632/632/632 633/633/633 621/621/621
f 633/633/633 632/632/632 634/634/634
f 635/635/635 636/636/636 631/631/631
f 637/637/637 633/633/633 638/638/638
f 639/639/639 638/638/638 640/640/640
f 641/641/641 639/639/639 640/640/640
f 642/642/642 643/643/643 637/637/637
f 642/642/642 637/637/637 644/644/644
f 642/642/642 644/644/644 645/645/645
f 644/644/644 646/646/646 647/647/647
f 648/648/648 644/644/644 647/647/647
f 647/647/647 649/649/649 650/650/650
f 649/649/649 651/651/651 650/650/650
f 652/652/652 653/653/653 654/654/654
f 655/655/655 656/656/656 657/657/657
f 655/655/655 658/658/658 659/659/659
f 660/660/660 655/655/655 659/659/659
f 661/661/661 662/662/662 663/663/663
f 664/664/664 665/665/665 666/666/666
f 667/667/667 668/668/668 669/669/669
f 670/670/670 671/671/671 672/672/672
f 673/673/673 674/674/674 672/672/672
f 675/675/675 673/673/673 672/672/672
f 673/673/673 676/676/676 677/677/677
f 675/675/675 678/678/678 679/679/679
f 678/678/678 680/680/680 679/679/679
f 681/681/681 672/672/672 682/682/682
f 672/672/672 683/683/683 682/682/682
f 673/673/673 684/684/684 683/683/683
f 684/684/684 685/685/685 683/683/683
f 683/683/683 686/686/686 682/682/682
f 686/686/686 687/687/687 682/682/682
f 687/687/687 686/686/686 688/688/688
f 686/686/686 689/689/689 688/688/688
f 689/689/689 686/686/686 690/690/690
f 691/691/691 689/689/689 690/690/690
f 689/689/689 692/692/692 688/688/688
f 692/692/692 693/693/693 688/688/688
f 691/691/691 694/694/694 695/695/695
f 694/694/694 692/692/692 695/695/695
f 696/696/696 697/697/697 698/698/698
f 699/699/699 700/700/700 701/701/701
f 702/702/702 703/703/703 704/704/704
f 703/703/703 705/705/705 706/706/706
f 707/707/707 703/703/703 706/706/706
f 708/708/708 709/709/709 710/710/710
f 711/711/711 712/712/712 713/713/713
f 714/714/714 715/715/715 716/716/716
f 717/717/717 718/718/718 716/716/716
f 717/717/717 719/719/719 720/720/720
f 719/719/719 721/721/721 720/720/720
f 719/719/719 722/722/722 723/723/723
f 724/724/724 719/719/719 723/723/723
f 725/725/725 726/726/726 727/727/727
f 728/728/728 729/729/729 730/730/730
f 731/731/731 732/732/732 733/733/733
f 734/734/734 735/735/735 736/736/736
f 737/737/737 738/738/738 739/739/739
f 740/740/740 741/741/741 742/742/742
f 743/743/743 744/744/744 745/745/745
f 746/746/746 747/747/747 748/748/748
f 748/748/748 749/749/749 750/750/750
f 750/750/750 751/751/751 752/752/752
f 752/752/752 753/753/753 750/750/750
f 754/754/754 753/753/753 755/755/755
f 755/755/755 756/756/756 754/754/754
f 757/757/757 758/758/758 759/759/759
f 759/759/759 760/760/760 761/761/761
f 760/760/760 759/759/759 762/762/762
f 762/762/762 763/763/763 760/760/760
f 764/764/764 765/765/765 766/766/766
f 767/767/767 766/766/766 768/768/768
f 766/766/766 769/769/769 770/770/770
f 771/771/771 772/772/772 770/770/770
f 773/773/773 769/769/769 774/774/774
f 775/775/775 774/774/774 776/776/776
f 776/776/776 777/777/777 775/775/775
f 778/778/778 779/779/779 767/767/767
f 780/780/780 779/779/779 778/778/778
f 778/778/778 781/781/781 780/780/780
f 782/782/782 783/783/783 784/784/784
f 784/784/784 785/785/785 786/786/786
f 785/785/785 787/787/787 788/788/788
f 789/789/789 786/786/786 790/790/790
f 791/791/791 784/784/784 792/792/792
f 784/784/784 791/791/791 793/793/793
f 793/793/793 794/794/794 784/784/784
f 792/792/792 795/795/795 791/791/791
f 795/795/795 792/792/792 796/796/796
f 797/797/797 796/796/796 792/792/792
f 791/791/791 795/795/795 798/798/798
f 796/796/796 798/798/798 795/795/795
f 798/798/798 793/793/793 791/791/791
f 799/799/799 798/798/798 796/796/796
f 793/793/793 798/798/798 799/799/799
f 796/796/796 800/800/800 799/799/799
f 799/799/799 801/801/801 793/793/793
f 794/794/794 793/793/793 802/802/802
f 802/802/802 803/803/803 794/794/794
f 804/804/804 794/794/794 805/805/805
f 805/805/805 802/802/802 806/806/806
f 806/806/806 807/807/807 805/805/805
f 808/808/808 805/805/805 807/807/807
f 807/807/807 809/809/809 808/808/808
f 805/805/805 810/810/810 811/811/811
f 811/811/811 808/808/808 812/812/812
f 812/812/812 813/813/813 811/811/811
f 813/813/813 812/812/812 814/814/814
f 814/814/814 812/812/812 815/815/815
f 815/815/815 816/816/816 814/814/814
f 814/814/814 817/817/817 813/813/813
f 818/818/818 817/817/817 814/814/814
f 814/814/814 819/819/819 818/818/818
f 820/820/820 813/813/813 817/817/817
f 821/821/821 817/817/817 818/818/818
f 817/817/817 821/821/821 820/820/820
f 818/818/818 822/822/822 821/821/821
f 820/820/820 821/821/821 823/823/823
f 823/823/823 824/824/824 820/820/820
f 813/813/813 820/820/820 825/825/825
f 826/826/826 811/811/811 825/825/825
f 825/825/825 827/827/827 813/813/813
f 828/828/828 818/818/818 829/829/829
f 829/829/829 830/830/830 828/828/828
f 830/830/830 819/819/819 831/831/831
f 831/831/831 832/832/832 830/830/830
f 833/833/833 831/831/831 819/819/819
f 819/819/819 834/834/834 833/833/833
f 830/830/830 832/832/832 835/835/835
f 835/835/835 799/799/799 830/830/830
f 809/809/809 836/836/836 833/833/833
f 833/833/833 837/837/837 809/809/809
f 835/835/835 838/838/838 839/839/839
f 839/839/839 840/840/840 835/835/835
f 837/837/837 841/841/841 842/842/842
f 842/842/842 843/843/843 837/837/837
f 844/844/844 845/845/845 840/840/840
f 840/840/840 802/802/802 844/844/844
f 846/846/846 847/847/847 848/848/848
f 849/849/849 850/850/850 851/851/851
f 852/852/852 853/853/853 854/854/854
f 852/852/852 855/855/855 856/856/856
f 857/857/857 858/858/858 859/859/859
f 858/858/858 860/860/860 861/861/861
f 860/860/860 862/862/862 861/861/861
f 861/861/861 863/863/863 864/864/864
f 863/863/863 865/865/865 864/864/864
f 866/866/866 867/867/867 868/868/868
f 869/869/869 868/868/868 870/870/870
f 870/870/870 868/868/868 871/871/871
f 872/872/872 870/870/870 871/871/871
f 873/873/873 872/872/872 871/871/871
f 874/874/874 873/873/873 871/871/871
f 873/873/873 874/874/874 875/875/875
f 876/876/876 873/873/873 875/875/875
f 877/877/877 878/878/878 870/870/870
f 870/870/870 879/879/879 880/880/880
f 881/881/881 870/870/870 880/880/880
f 882/882/882 883/883/883 875/875/875
f 884/884/884 875/875/875 885/885/885
f 886/886/886 884/884/884 885/885/885
f 884/884/884 886/886/886 882/882/882
f 886/886/886 887/887/887 882/882/882
f 882/882/882 888/888/888 884/884/884
f 888/888/888 889/889/889 884/884/884
f 872/872/872 889/889/889 888/888/888
f 890/890/890 872/872/872 888/888/888
f 887/887/887 886/886/886 891/891/891
f 892/892/892 887/887/887 891/891/891
f 892/892/892 891/891/891 893/893/893
f 891/891/891 894/894/894 893/893/893
f 890/890/890 895/895/895 896/896/896
f 895/895/895 897/897/897 896/896/896
f 891/891/891 898/898/898 899/899/899
f 900/900/900 891/891/891 899/899/899
f 901/901/901 902/902/902 903/903/903
f 904/904/904 905/905/905 906/906/906
f 907/907/907 908/908/908 906/906/906
f 906/906/906 909/909/909 910/910/910
f 911/911/911 912/912/912 910/910/910
f 910/910/910 912/912/912 913/913/913
f 910/910/910 913/913/913 914/914/914
f 910/910/910 914/914/914 915/915/915
f 915/915/915 916/916/916 917/917/917
f 916/916/916 918/918/918 919/919/919
f 920/920/920 921/921/921 907/907/907
f 916/916/916 920/920/920 922/922/922
f 920/920/920 923/923/923 922/922/922
f 921/921/921 924/924/924 923/923/923
f 910/910/910 925/925/925 926/926/926
f 910/910/910 926/926/926 927/927/927
f 910/910/910 927/927/927 928/928/928
f 929/929/929 930/930/930 910/910/910
f 931/931/931 932/932/932 929/929/929
f 927/927/927 933/933/933 934/934/934
f 935/935/935 927/927/927 934/934/934
f 936/936/936 937/937/937 935/935/935
f 934/934/934 938/938/938 939/939/939
f 938/938/938 940/940/940 939/939/939
f 941/941/941 942/942/942 935/935/935
f 943/943/943 944/944/944 941/941/941
f 935/935/935 945/945/945 946/946/946
f 945/945/945 947/947/947 946/946/946
f 946/946/946 947/947/947 948/948/948
f 949/949/949 946/946/946 948/948/948
f 948/948/948 950/950/950 949/949/949
f 950/950/950 951/951/951 949/949/949
f 946/946/946 952/952/952 910/910/910
f 953/953/953 946/946/946 910/910/910
f 954/954/954 949/949/949 955/955/955
f 956/956/956 954/954/954 955/955/955
f 957/957/957 958/958/958 959/959/959
f 960/960/960 961/961/961 958/958/958
f 961/961/961 962/962/962 958/958/958
f 963/963/963 964/964/964 961/961/961
f 965/965/965 963/963/963 961/961/961
f 966/966/966 967/967/967 963/963/963
f 968/968/968 966/966/966 963/963/963
f 966/966/966 969/969/969 970/970/970
f 971/971/971 962/962/962 972/972/972
f 962/962/962 973/973/973 972/972/972
f 973/973/973 962/962/962 974/974/974
f 962/962/962 975/975/975 974/974/974
f 976/976/976 970/970/970 974/974/974
f 975/975/975 976/976/976 974/974/974
f 977/977/977 978/978/978 976/976/976
f 977/977/977 979/979/979 980/980/980
f 981/981/981 982/982/982 976/976/976
f 982/982/982 983/983/983 976/976/976
f 976/976/976 983/983/983 984/984/984
f 983/983/983 985/985/985 984/984/984
f 985/985/985 983/983/983 986/986/986
f 983/983/983 987/987/987 986/986/986
f 987/987/987 988/988/988 986/986/986
f 988/988/988 989/989/989 986/986/986
f 990/990/990 991/991/991 989/989/989
f 992/992/992 990/990/990 989/989/989
f 988/988/988 993/993/993 990/990/990
f 993/993/993 994/994/994 990/990/990
f 995/995/995 996/996/996 990/990/990
f 997/997/997 988/988/988 998/998/998
f 999/999/999 997/997/997 998/998/998
f 999/999/999 998/998/998 1000/1000/1000
f 998/998/998 1001/1001/1001 1000/1000/1000
f 1002/1002/1002 1003/1003/1003 1004/1004/1004
f 1005/1005/1005 1006/1006/1006 1007/1007/1007
f 1008/1008/1008 1009/1009/1009 1010/1010/1010
f 1011/1011/1011 1012/1012/1012 1013/1013/1013
f 1012/1012/1012 1014/1014/1014 1015/1015/1015
f 1015/1015/1015 1016/1016/1016 1017/1017/1017
f 1018/1018/1018 1019/1019/1019 1016/1016/1016
f 1016/1016/1016 1020/1020/1020 1018/1018/1018
f 1021/1021/1021 1020/1020/1020 1016/1016/1016
f 1016/1016/1016 1022/1022/1022 1021/1021/1021
f 1023/1023/1023 1018/1018/1018 1020/1020/1020
f 1024/1024/1024 1020/1020/1020 1021/1021/1021
f 1020/1020/1020 1024/1024/1024 1023/1023/1023
f 1021/1021/1021 1025/1025/1025 1024/1024/1024
f 1026/1026/1026 1025/1025/1025 1021/1021/1021
f 1021/1021/1021 1027/1027/1027 1026/1026/1026
f 1023/1023/1023 1024/1024/1024 1028/1028/1028
f 1028/1028/1028 1029/1029/1029 1023/1023/1023
f 1022/1022/1022 1030/1030/1030 1031/1031/1031
f 1031/1031/1031 1032/1032/1032 1022/1022/1022
f 1033/1033/1033 1022/1022/1022 1034/1034/1034
f 1035/1035/1035 1036/1036/1036 1018/1018/1018
f 1018/1018/1018 1037/1037/1037 1035/1035/1035
f 1038/1038/1038 1037/1037/1037 1018/1018/1018
f 1018/1018/1018 1039/1039/1039 1038/1038/1038
f 1038/1038/1038 1023/1023/1023 1040/1040/1040
f 1040/1040/1040 1041/1041/1041 1038/1038/1038
f 1037/1037/1037 1038/1038/1038 1042/1042/1042
f 1042/1042/1042 1043/1043/1043 1037/1037/1037
f 1044/1044/1044 1043/1043/1043 1042/1042/1042
f 1042/1042/1042 1045/1045/1045 1044/1044/1044
f 1043/1043/1043 1046/1046/1046 1047/1047/1047
f 1040/1040/1040 1048/1048/1048 1049/1049/1049
f 1050/1050/1050 1049/1049/1049 1048/1048/1048
f 1048/1048/1048 1051/1051/1051 1050/1050/1050
f 1046/1046/1046 1052/1052/1052 1053/1053/1053
f 1053/1053/1053 1054/1054/1054 1046/1046/1046
f 1055/1055/1055 1054/1054/1054 1053/1053/1053
f 1053/1053/1053 1056/1056/1056 1055/1055/1055
f 1053/1053/1053 1057/1057/1057 1050/1050/1050
f 1057/1057/1057 1046/1046/1046 1058/1058/1058
f 1058/1058/1058 1050/1050/1050 1057/1057/1057
f 1050/1050/1050 1059/1059/1059 1053/1053/1053
f 1060/1060/1060 1053/1053/1053 1059/1059/1059
f 1055/1055/1055 1060/1060/1060 1061/1061/1061
f 1061/1061/1061 1062/1062/1062 1055/1055/1055
f 1059/1059/1059 1063/1063/1063 1060/1060/1060
f 1061/1061/1061 1060/1060/1060 1063/1063/1063
f 1063/1063/1063 1064/1064/1064 1061/1061/1061
f 1065/1065/1065 1063/1063/1063 1059/1059/1059
f 1059/1059/1059 1066/1066/1066 1065/1065/1065
f 1067/1067/1067 1055/1055/1055 1033/1033/1033
f 1068/1068/1068 1033/1033/1033 1061/1061/1061
f 1061/1061/1061 1069/1069/1069 1068/1068/1068
f 1069/1069/1069 1063/1063/1063 1070/1070/1070
f 1070/1070/1070 1068/1068/1068 1069/1069/1069
f 1026/1026/1026 1068/1068/1068 1070/1070/1070
f 1070/1070/1070 1071/1071/1071 1026/1026/1026
f 1072/1072/1072 1026/1026/1026 1071/1071/1071
f 1071/1071/1071 1024/1024/1024 1072/1072/1072
f 1073/1073/1073 1074/1074/1074 1071/1071/1071
f 1075/1075/1075 1076/1076/1076 1073/1073/1073
f 1077/1077/1077 1078/1078/1078 1079/1079/1079
f 1080/1080/1080 1081/1081/1081 1082/1082/1082
f 1083/1083/1083 1084/1084/1084 1085/1085/1085
f 1086/1086/1086 1087/1087/1087 1088/1088/1088
f 1089/1089/1089 1086/1086/1086 1090/1090/1090
f 1090/1090/1090 1091/1091/1091 1089/1089/1089
f 1092/1092/1092 1093/1093/1093 1094/1094/1094
f 1095/1095/1095 1096/1096/1096 1097/1097/1097
f 1097/1097/1097 1098/1098/1098 1099/1099/1099
f 1100/1100/1100 1101/1101/1101 1102/1102/1102
f 1103/1103/1103 1104/1104/1104 1105/1105/1105
f 1106/1106/1106 1107/1107/1107 1108/1108/1108
f 1109/1109/1109 1110/1110/1110 1107/1107/1107
f 1111/1111/1111 1109/1109/1109 1112/1112/1112
f 1113/1113/1113 1114/1114/1114 1115/1115/1115
f 1116/1116/1116 1115/1115/1115 1117/1117/1117
f 1118/1118/1118 1117/1117/1117 1119/1119/1119
f 1119/1119/1119 1120/1120/1120 1118/1118/1118
f 1121/1121/1121 1122/1122/1122 1123/1123/1123
f 1124/1124/1124 1125/1125/1125 1126/1126/1126
f 1127/1127/1127 1128/1128/1128 1124/1124/1124
f 1129/1129/1129 1127/1127/1127 1130/1130/1130
f 1130/1130/1130 1131/1131/1131 1129/1129/1129
f 1130/1130/1130 1132/1132/1132 1133/1133/1133
f 1133/1133/1133 1134/1134/1134 1130/1130/1130
f 1135/1135/1135 1136/1136/1136 1137/1137/1137
f 1138/1138/1138 1139/1139/1139 1135/1135/1135
f 1140/1140/1140 1135/1135/1135 1139/1139/1139
f 1141/1141/1141 1142/1142/1142 1143/1143/1143
f 1144/1144/1144 1145/1145/1145 1146/1146/1146
f 1147/1147/1147 1148/1148/1148 1149/1149/1149
f 1150/1150/1150 1151/1151/1151 1152/1152/1152
f 1153/1153/1153 1154/1154/1154 1155/1155/1155
f 1156/1156/1156 1157/1157/1157 1158/1158/1158
f 1159/1159/1159 1160/1160/1160 1157/1157/1157
f 1157/1157/1157 1161/1161/1161 1159/1159/1159
f 1162/1162/1162 1163/1163/1163 1164/1164/1164
f 1165/1165/1165 1166/1166/1166 1167/1167/1167
f 1168/1168/1168 1169/1169/1169 1170/1170/1170
f 1171/1171/1171 1172/1172/1172 1173/1173/1173
f 1173/1173/1173 1174/1174/1174 1175/1175/1175
f 1176/1176/1176 1177/1177/1177 1178/1178/1178
f 1179/1179/1179 1180/1180/1180 1181/1181/1181
f 1182/1182/1182 1183/1183/1183 1184/1184/1184
f 1185/1185/1185 1186/1186/1186 1187/1187/1187
f 1187/1187/1187 1188/1188/1188 1189/1189/1189
f 1189/1189/1189 1190/1190/1190 1187/1187/1187
f 1191/1191/1191 1192/1192/1192 1193/1193/1193
f 1194/1194/1194 1195/1195/1195 1196/1196/1196
f 1197/1197/1197 1198/1198/1198 1199/1199/1199
f 1200/1200/1200 1201/1201/1201 1202/1202/1202
f 1203/1203/1203 1200/1200/1200 1204/1204/1204
f 1205/1205/1205 1206/1206/1206 1207/1207/1207
f 1208/1208/1208 1209/1209/1209 1210/1210/1210
f 1211/1211/1211 1212/1212/1212 1213/1213/1213
f 1214/1214/1214 1215/1215/1215 1216/1216/1216
f 1217/1217/1217 1218/1218/1218 1219/1219/1219
f 1220/1220/1220 1221/1221/1221 1222/1222/1222
f 1223/1223/1223 1224/1224/1224 1222/1222/1222
f 1225/1225/1225 1226/1226/1226 1224/1224/1224
f 1227/1227/1227 1228/1228/1228 1229/1229/1229
f 1229/1229/1229 1230/1230/1230 1231/1231/1231
f 1232/1232/1232 1233/1233/1233 1234/1234/1234
f 1235/1235/1235 1236/1236/1236 1232/1232/1232
f 1237/1237/1237 1238/1238/1238 1239/1239/1239
f 1239/1239/1239 1240/1240/1240 1241/1241/1241
f 1242/1242/1242 1243/1243/1243 1244/1244/1244
f 1244/1244/1244 1245/1245/1245 1246/1246/1246
f 1247/1247/1247 1248/1248/1248 1249/1249/1249
f 1249/1249/1249 1250/1250/1250 1251/1251/1251
f 1252/1252/1252 1253/1253/1253 1250/1250/1250
f 1250/1250/1250 1254/1254/1254 1252/1252/1252
f 1255/1255/1255 1256/1256/1256 1254/1254/1254
f 1254/1254/1254 1257/1257/1257 1255/1255/1255
f 1258/1258/1258 1255/1255/1255 1259/1259/1259
f 1259/1259/1259 1260/1260/1260 1261/1261/1261
f 1262/1262/1262 1263/1263/1263 1264/1264/1264
f 1265/1265/1265 1266/1266/1266 1262/1262/1262
f 1267/1267/1267 1268/1268/1268 1269/1269/1269
f 1270/1270/1270 1271/1271/1271 1267/1267/1267
f 1267/1267/1267 1271/1271/1271 1272/1272/1272
f 1272/1272/1272 1273/1273/1273 1267/1267/1267
f 1274/1274/1274 1275/1275/1275 1273/1273/1273
f 1273/1273/1273 1276/1276/1276 1277/1277/1277
f 1278/1278/1278 1279/1279/1279 1280/1280/1280
f 1280/1280/1280 1281/1281/1281 1282/1282/1282
f 1283/1283/1283 1284/1284/1284 1285/1285/1285
f 1286/1286/1286 1287/1287/1287 1283/1283/1283
f 1288/1288/1288 1289/1289/1289 1283/1283/1283
f 1283/1283/1283 1290/1290/1290 1288/1288/1288
f 1290/1290/1290 1283/1283/1283 1291/1291/1291
f 1291/1291/1291 1292/1292/1292 1290/1290/1290
f 1290/1290/1290 1292/1292/1292 1293/1293/1293
f 1293/1293/1293 1288/1288/1288 1290/1290/1290
f 1294/1294/1294 1293/1293/1293 1292/1292/1292
f 1292/1292/1292 1295/1295/1295 1294/1294/1294
f 1296/1296/1296 1294/1294/1294 1291/1291/1291
f 1296/1296/1296 1286/1286/1286 1297/1297/1297
f 1288/1288/1288 1293/1293/1293 1298/1298/1298
f 1298/1298/1298 1293/1293/1293 1299/1299/1299
f 1299/1299/1299 1300/1300/1300 1298/1298/1298
f 1298/1298/1298 1301/1301/1301 1288/1288/1288
f 1302/1302/1302 1288/1288/1288 1301/1301/1301
f 1303/1303/1303 1301/1301/1301 1298/1298/1298
f 1298/1298/1298 1304/1304/1304 1303/1303/1303
f 1301/1301/1301 1305/1305/1305 1302/1302/1302
f 1297/1297/1297 1306/1306/1306 1296/1296/1296
f 1306/1306/1306 1297/1297/1297 1307/1307/1307
f 1307/1307/1307 1297/1297/1297 1308/1308/1308
f 1308/1308/1308 1309/1309/1309 1307/1307/1307
f 1302/1302/1302 1310/1310/1310 1309/1309/1309
f 1296/1296/1296 1306/1306/1306 1311/1311/1311
f 1311/1311/1311 1312/1312/1312 1296/1296/1296
f 1307/1307/1307 1313/1313/1313 1306/1306/1306
f 1311/1311/1311 1306/1306/1306 1313/1313/1313
f 1313/1313/1313 1307/1307/1307 1314/1314/1314
f 1314/1314/1314 1315/1315/1315 1313/1313/1313
f 1312/1312/1312 1311/1311/1311 1316/1316/1316
f 1313/1313/1313 1317/1317/1317 1311/1311/1311
f 1318/1318/1318 1313/1313/1313 1315/1315/1315
f 1316/1316/1316 1319/1319/1319 1312/1312/1312
f 1315/1315/1315 1320/1320/1320 1318/1318/1318
f 1321/1321/1321 1317/1317/1317 1320/1320/1320
f 1320/1320/1320 1322/1322/1322 1321/1321/1321
f 1322/1322/1322 1319/1319/1319 1323/1323/1323
f 1324/1324/1324 1319/1319/1319 1322/1322/1322
f 1323/1323/1323 1325/1325/1325 1322/1322/1322
f 1326/1326/1326 1317/1317/1317 1325/1325/1325
f 1325/1325/1325 1323/1323/1323 1326/1326/1326
f 1322/1322/1322 1327/1327/1327 1324/1324/1324
f 1327/1327/1327 1328/1328/1328 1320/1320/1320
f 1320/1320/1320 1305/1305/1305 1327/1327/1327
f 1329/1329/1329 1324/1324/1324 1327/1327/1327
f 1327/1327/1327 1330/1330/1330 1329/1329/1329
f 1305/1305/1305 1331/1331/1331 1330/1330/1330
f 1330/1330/1330 1332/1332/1332 1305/1305/1305
f 1333/1333/1333 1324/1324/1324 1304/1304/1304
f 1304/1304/1304 1334/1334/1334 1333/1333/1333
f 1335/1335/1335 1336/1336/1336 1337/1337/1337
f 1337/1337/1337 1338/1338/1338 1294/1294/1294
f 1339/1339/1339 1340/1340/1340 1341/1341/1341
f 1342/1342/1342 1343/1343/1343 1344/1344/1344
f 1345/1345/1345 1344/1344/1344 1346/1346/1346
f 1346/1346/1346 1347/1347/1347 1315/1315/1315
f 1348/1348/1348 1349/1349/1349 1350/1350/1350
f 1349/1349/1349 1351/1351/1351 1352/1352/1352
f 1353/1353/1353 1349/1349/1349 1352/1352/1352
f 1349/1349/1349 1354/1354/1354 1355/1355/1355
f 1356/1356/1356 1349/1349/1349 1355/1355/1355
f 1357/1357/1357 1358/1358/1358 1355/1355/1355
f 1359/1359/1359 1360/1360/1360 1355/1355/1355
f 1361/1361/1361 1362/1362/1362 1363/1363/1363
f 1364/1364/1364 1365/1365/1365 1366/1366/1366
f 1367/1367/1367 1368/1368/1368 1369/1369/1369
f 1369/1369/1369 1370/1370/1370 1371/1371/1371
f 1369/1369/1369 1371/1371/1371 1372/1372/1372
f 1369/1369/1369 1372/1372/1372 1373/1373/1373
f 1372/1372/1372 1374/1374/1374 1375/1375/1375
f 1374/1374/1374 1376/1376/1376 1375/1375/1375
f 1377/1377/1377 1375/1375/1375 1378/1378/1378
f 1379/1379/1379 1377/1377/1377 1378/1378/1378
f 1380/1380/1380 1381/1381/1381 1379/1379/1379
f 1381/1381/1381 1382/1382/1382 1379/1379/1379
f 1383/1383/1383 1384/1384/1384 1382/1382/1382
f 1384/1384/1384 1385/1385/1385 1386/1386/1386
f 1387/1387/1387 1382/1382/1382 1385/1385/1385
f 1385/1385/1385 1382/1382/1382 1388/1388/1388
f 1385/1385/1385 1388/1388/1388 1389/1389/1389
f 1385/1385/1385 1389/1389/1389 1390/1390/1390
f 1391/1391/1391 1385/1385/1385 1392/1392/1392
f 1388/1388/1388 1393/1393/1393 1394/1394/1394
f 1393/1393/1393 1395/1395/1395 1396/1396/1396
f 1389/1389/1389 1397/1397/1397 1398/1398/1398
f 1397/1397/1397 1394/1394/1394 1398/1398/1398
f 1399/1399/1399 1398/1398/1398 1400/1400/1400
f 1401/1401/1401 1399/1399/1399 1400/1400/1400
f 1402/1402/1402 1403/1403/1403 1404/1404/1404
f 1405/1405/1405 1406/1406/1406 1407/1407/1407
f 1408/1408/1408 1409/1409/1409 1410/1410/1410
f 1411/1411/1411 1412/1412/1412 1413/1413/1413
f 1414/1414/1414 1415/1415/1415 1416/1416/1416
f 1417/1417/1417 1418/1418/1418 1419/1419/1419
f 1420/1420/1420 1421/1421/1421 1418/1418/1418
f 1422/1422/1422 1420/1420/1420 1418/1418/1418
f 1423/1423/1423 1424/1424/1424 1425/1425/1425
f 1426/1426/1426 1427/1427/1427 1428/1428/1428
f 1429/1429/1429 1430/1430/1430 1428/1428/1428
f 1431/1431/1431 1429/1429/1429 1432/1432/1432
f 1433/1433/1433 1431/1431/1431 1432/1432/1432
f 1434/1434/1434 1430/1430/1430 1435/1435/1435
f 1436/1436/1436 1434/1434/1434 1435/1435/1435
f 1437/1437/1437 1438/1438/1438 1439/1439/1439
f 1440/1440/1440 1441/1441/1441 1442/1442/1442
f 1443/1443/1443 1444/1444/1444 1445/1445/1445
f 1446/1446/1446 1447/1447/1447 1448/1448/1448
f 1449/1449/1449 1450/1450/1450 1451/1451/1451
f 1450/1450/1450 1452/1452/1452 1453/1453/1453
f 1454/1454/1454 1455/1455/1455 1456/1456/1456
f 1457/1457/1457 1458/1458/1458 1459/1459/1459
f 1457/1457/1457 1460/1460/1460 1461/1461/1461
f 1460/1460/1460 1462/1462/1462 1461/1461/1461
f 1463/1463/1463 1464/1464/1464 1465/1465/1465
f 1466/1466/1466 1467/1467/1467 1468/1468/1468
f 1469/1469/1469 1470/1470/1470 1471/1471/1471
f 1472/1472/1472 1473/1473/1473 1474/1474/1474
f 1475/1475/1475 1476/1476/1476 1474/1474/1474
f 1477/1477/1477 1475/1475/1475 1478/1478/1478
f 1475/1475/1475 1479/1479/1479 1480/1480/1480
f 1481/1481/1481 1482/1482/1482 1483/1483/1483
f 1484/1484/1484 1482/1482/1482 1485/1485/1485
f 1486/1486/1486 1484/1484/1484 1485/1485/1485
f 1487/1487/1487 1488/1488/1488 1489/1489/1489
f 1490/1490/1490 1491/1491/1491 1492/1492/1492
f 1493/1493/1493 1494/1494/1494 1495/1495/1495
f 1496/1496/1496 1497/1497/1497 1498/1498/1498
f 1498/1498/1498 1499/1499/1499 1500/1500/1500
f 1501/1501/1501 1502/1502/1502 1503/1503/1503
f 1504/1504/1504 1505/1505/1505 1506/1506/1506
f 1507/1507/1507 1508/1508/1508 1509/1509/1509
f 1510/1510/1510 1511/1511/1511 1509/1509/1509
f 1512/1512/1512 1513/1513/1513 1514/1514/1514
f 1515/1515/1515 1516/1516/1516 1517/1517/1517
f 1518/1518/1518 1519/1519/1519 1520/1520/1520
f 1521/1521/1521 1522/1522/1522 1523/1523/1523
f 1524/1524/1524 1525/1525/1525 1526/1526/1526
f 1527/1527/1527 1528/1528/1528 1529/1529/1529
f 1530/1530/1530 1531/1531/1531 1532/1532/1532
f 1533/1533/1533 1534/1534/1534 1535/1535/1535
f 1536/1536/1536 1537/1537/1537 1538/1538/1538
f 1539/1539/1539 1540/1540/1540 1541/1541/1541
f 1539/1539/1539 1541/1541/1541 1542/1542/1542
f 1543/1543/1543 1544/1544/1544 1545/1545/1545
f 1543/1543/1543 1545/1545/1545 1546/1546/1546
f 1547/1547/1547 1548/1548/1548 1549/1549/1549
f 1547/1547/1547 1549/1549/1549 1550/1550/1550
f 1551/1551/1551 1552/1552/1552 1553/1553/1553
f 1551/1551/1551 1553/1553/1553 1554/1554/1554
f 1555/1555/1555 1556/1556/1556 1557/1557/1557
f 1555/1555/1555 1557/1557/1557 1558/1558/1558
f 1559/1559/1559 1560/1560/1560 1561/1561/1561
f 1559/1559/1559 1561/1561/1561 1562/1562/1562
f 1563/1563/1563 1564/1564/1564 1565/1565/1565
f 1563/1563/1563 1565/1565/1565 1566/1566/1566
f 1567/1567/1567 1568/1568/1568 1569/1569/1569
f 1567/1567/1567 1569/1569/1569 1570/1570/1570
f 1571/1571/1571 1572/1572/1572 1573/1573/1573
f 1571/1571/1571 1573/1573/1573 1574/1574/1574
f 1575/1575/1575 1576/1576/1576 1577/1577/1577
f 1575/1575/1575 1577/1577/1577 1578/1578/1578
f 1579/1579/1579 1580/1580/1580 1581/1581/1581
f 1579/1579/1579 1581/1581/1581 1582/1582/1582
f 1583/1583/1583 1584/1584/1584 1585/1585/1585
f 1583/1583/1583 1585/1585/1585 1586/1586/1586
f 1587/1587/1587 1588/1588/1588 1589/1589/1589
f 1587/1587/1587 1589/1589/1589 1590/1590/1590
f 1591/1591/1591 1592/1592/1592 1593/1593/1593
f 1591/1591/1591 1593/1593/1593 1594/1594/1594
f 1595/1595/1595 1596/1596/1596 1597/1597/1597
f 1595/1595/1595 1597/1597/1597 1598/1598/1598
f 1599/1599/1599 1600/1600/1600 1601/1601/1601
f 1599/1599/1599 1601/1601/1601 1602/1602/1602
f 1603/1603/1603 1604/1604/1604 1605/1605/1605
f 1603/1603/1603 1605/1605/1605 1606/1606/1606
f 1607/1607/1607 1608/1608/1608 1609/1609/1609
f 1607/1607/1607 1609/1609/1609 1610/1610/1610
f 1611/1611/1611 1612/1612/1612 1613/1613/1613
f 1611/1611/1611 1613/1613/1613 1614/1614/1614
f 1615/1615/1615 1616/1616/1616 1617/1617/1617
f 1615/1615/1615 1617/1617/1617 1618/1618/1618
f 1619/1619/1619 1620/1620/1620 1621/1621/1621
f 1619/1619/1619 1621/1621/1621 1622/1622/1622
f 1623/1623/1623 1624/1624/1624 1625/1625/1625
f 1623/1623/1623 1625/1625/1625 1626/1626/1626
f 1627/1627/1627 1628/1628/1628 1629/1629/1629
f 1627/1627/1627 1629/1629/1629 1630/1630/1630
f 1631/1631/1631 1632/1632/1632 1633/1633/1633
f 1631/1631/1631 1633/1633/1633 1634/1634/1634
f 1635/1635/1635 1636/1636/1636 1637/1637/1637
f 1635/1635/1635 1637/1637/1637 1638/1638/1638
f 1639/1639/1639 1640/1640/1640 1641/1641/1641
f 1639/1639/1639 1641/1641/1641 1642/1642/1642
f 1643/1643/1643 1644/1644/1644 1645/1645/1645
f 1643/1643/1643 1645/1645/1645 1646/1646/1646
f 1647/1647/1647 1648/1648/1648 1649/1649/1649
f 1647/1647/1647 1649/1649/1649 1650/1650/1650
f 1651/1651/1651 1652/1652/1652 1653/1653/1653
f 1651/1651/1651 1653/1653/1653 1654/1654/1654
f 1655/1655/1655 1656/1656/1656 1657/1657/1657
f 1655/1655/1655 1657/1657/1657 1658/1658/1658
f 1659/1659/1659 1660/1660/1660 1661/1661/1661
f 1659/1659/1659 1661/1661/1661 1662/1662/1662
f 1663/1663/1663 1664/1664/1664 1665/1665/1665
f 1663/1663/1663 1665/1665/1665 1666/1666/1666
f 1667/1667/1667 1668/1668/1668 1669/1669/1669
f 1667/1667/1667 1669/1669/1669 1670/1670/1670
f 1671/1671/1671 1672/1672/1672 1673/1673/1673
f 1671/1671/1671 1674/1674/1674 1672/1672/1672
f 1675/1675/1675 1676/1676/1676 1674/1674/1674
f 1675/1675/1675 1674/1674/1674 1677/1677/1677
f 1678/1678/1678 1679/1679/1679 1680/1680/1680
f 1678/1678/1678 1680/1680/1680 1681/1681/1681
f 1682/1682/1682 1683/1683/1683 1684/1684/1684
f 1682/1682/1682 1684/1684/1684 1685/1685/1685
f 1686/1686/1686 1687/1687/1687 1688/1688/1688
f 1686/1686/1686 1688/1688/1688 1689/1689/1689
f 1690/1690/1690 1691/1691/1691 1692/1692/1692
f 1690/1690/1690 1692/1692/1692 1693/1693/1693
f 1690/1690/1690 1693/1693/1693 1694/1694/1694
f 1690/1690/1690 1694/1694/1694 1695/1695/1695
f 1694/1694/1694 1696/1696/1696 1695/1695/1695
f 1694/1694/1694 1697/1697/1697 1696/1696/1696
f 1698/1698/1698 1699/1699/1699 1700/1700/1700
f 1698/1698/1698 1700/1700/1700 1701/1701/1701
f 1702/1702/1702 1703/1703/1703 1704/1704/1704
f 1702/1702/1702 1704/1704/1704 1705/1705/1705
f 1706/1706/1706 1707/1707/1707 1708/1708/1708
f 1706/1706/1706 1708/1708/1708 1709/1709/1709
f 1710/1710/1710 1711/1711/1711 1712/1712/1712
f 1710/1710/1710 1712/1712/1712 1713/1713/1713
f 1710/1710/1710 1713/1713/1713 1714/1714/1714
f 1710/1710/1710 1714/1714/1714 1715/1715/1715
f 1714/1714/1714 1716/1716/1716 1715/1715/1715
f 1714/1714/1714 1717/1717/1717 1716/1716/1716
f 1718/1718/1718 1719/1719/1719 1720/1720/1720
f 1718/1718/1718 1720/1720/1720 1721/1721/1721
f 1722/1722/1722 1723/1723/1723 1724/1724/1724
f 1722/1722/1722 1724/1724/1724 1725/1725/1725
f 1726/1726/1726 1727/1727/1727 1728/1728/1728
f 1726/1726/1726 1728/1728/1728 1729/1729/1729
f 1730/1730/1730 1731/1731/1731 1732/1732/1732
f 1730/1730/1730 1732/1732/1732 1733/1733/1733
f 1730/1730/1730 1733/1733/1733 1734/1734/1734
f 1730/1730/1730 1734/1734/1734 1735/1735/1735
f 1734/1734/1734 1736/1736/1736 1735/1735/1735
f 1734/1734/1734 1737/1737/1737 1736/1736/1736
f 1738/1738/1738 1739/1739/1739 1740/1740/1740
f 1738/1738/1738 1740/1740/1740 1741/1741/1741
f 1742/1742/1742 1743/1743/1743 1744/1744/1744
f 1742/1742/1742 1745/1745/1745 1743/1743/1743
f 1745/1745/1745 1742/1742/1742 1746/1746/1746
f 1745/1745/1745 1746/1746/1746 1747/1747/1747
f 1747/1747/1747 1746/1746/1746 1748/1748/1748
f 1747/1747/1747 1748/1748/1748 1749/1749/1749
f 1750/1750/1750 1749/1749/1749 1748/1748/1748
f 1750/1750/1750 1751/1751/1751 1749/1749/1749
f 1752/1752/1752 1753/1753/1753 1754/1754/1754
f 1752/1752/1752 1755/1755/1755 1753/1753/1753
f 1755/1755/1755 1752/1752/1752 1756/1756/1756
f 1755/1755/1755 1756/1756/1756 1757/1757/1757
f 1757/1757/1757 1756/1756/1756 1758/1758/1758
f 1757/1757/1757 1758/1758/1758 1759/1759/1759
f 1760/1760/1760 1759/1759/1759 1758/1758/1758
f 1760/1760/1760 1761/1761/1761 1759/1759/1759
f 1762/1762/1762 1763/1763/1763 1764/1764/1764
f 1762/1762/1762 1765/1765/1765 1763/1763/1763
f 1763/1763/1763 1765/1765/1765 1766/1766/1766
f 1763/1763/1763 1766/1766/1766 1767/1767/1767
f 1766/1766/1766 1768/1768/1768 1767/1767/1767
f 1766/1766/1766 1769/1769/1769 1768/1768/1768
f 1770/1770/1770 1771/1771/1771 1772/1772/1772
f 1772/1772/1772 1773/1773/1773 1770/1770/1770
f 1772/1772/1772 1774/1774/1774 1773/1773/1773
f 1775/1775/1775 1776/1776/1776 1777/1777/1777
f 1777/1777/1777 1778/1778/1778 1775/1775/1775
f 1778/1778/1778 1779/1779/1779 1775/1775/1775
f 1780/1780/1780 1781/1781/1781 1782/1782/1782
f 1782/1782/1782 1783/1783/1783 1780/1780/1780
f 1783/1783/1783 1784/1784/1784 1780/1780/1780
f 1784/1784/1784 1785/1785/1785 1780/1780/1780
f 1786/1786/1786 1787/1787/1787 1788/1788/1788
f 1788/1788/1788 1789/1789/1789 1786/1786/1786
f 1788/1788/1788 1790/1790/1790 1789/1789/1789
f 1788/1788/1788 1791/1791/1791 1790/1790/1790
f 1792/1792/1792 1793/1793/1793 1794/1794/1794
f 1794/1794/1794 1795/1795/1795 1792/1792/1792
f 1795/1795/1795 1796/1796/1796 1792/1792/1792
f 1797/1797/1797 1798/1798/1798 1799/1799/1799
f 1799/1799/1799 1800/1800/1800 1797/1797/1797
f 1799/1799/1799 1801/1801/1801 1800/1800/1800
f 1802/1802/1802 1803/1803/1803 1804/1804/1804
f 1804/1804/1804 1805/1805/1805 1802/1802/1802
f 1804/1804/1804 1806/1806/1806 1805/1805/1805
f 1804/1804/1804 1807/1807/1807 1806/1806/1806
f 1808/1808/1808 1809/1809/1809 1810/1810/1810
f 1810/1810/1810 1811/1811/1811 1808/1808/1808
f 1811/1811/1811 1812/1812/1812 1808/1808/1808
f 1812/1812/1812 1813/1813/1813 1808/1808/1808
f 1814/1814/1814 1815/1815/1815 1816/1816/1816
f 1814/1814/1814 1816/1816/1816 1817/1817/1817
f 1818/1818/1818 1814/1814/1814 1817/1817/1817
f 1818/1818/1818 1817/1817/1817 1819/1819/1819
f 1820/1820/1820 1818/1818/1818 1819/1819/1819
f 1820/1820/1820 1819/1819/1819 1821/1821/1821
f 1822/1822/1822 1820/1820/1820 1821/1821/1821
f 1822/1822/1822 1821/1821/1821 1823/1823/1823
f 1824/1824/1824 1825/1825/1825 1826/1826/1826
f 1824/1824/1824 1827/1827/1827 1825/1825/1825
f 1825/1825/1825 1827/1827/1827 1828/1828/1828
f 1825/1825/1825 1828/1828/1828 1829/1829/1829
f 1830/1830/1830 1825/1825/1825 1829/1829/1829
f 1828/1828/1828 1830/1830/1830 1829/1829/1829
f 1828/1828/1828 1831/1831/1831 1830/1830/1830
f 1830/1830/1830 1831/1831/1831 1832/1832/1832
f 1830/1830/1830 1832/1832/1832 1833/1833/1833
f 1833/1833/1833 1832/1832/1832 1834/1834/1834
f 1833/1833/1833 1834/1834/1834 1835/1835/1835
f 1835/1835/1835 1834/1834/1834 1836/1836/1836
f 1835/1835/1835 1836/1836/1836 1837/1837/1837
f 1838/1838/1838 1839/1839/1839 1840/1840/1840
f 1838/1838/1838 1841/1841/1841 1839/1839/1839
f 1842/1842/1842 1841/1841/1841 1838/1838/1838
f 1842/1842/1842 1843/1843/1843 1841/1841/1841
f 1844/1844/1844 1843/1843/1843 1842/1842/1842
f 1844/1844/1844 1845/1845/1845 1843/1843/1843
f 1846/1846/1846 1845/1845/1845 1844/1844/1844
f 1846/1846/1846 1847/1847/1847 1845/1845/1845
f 1848/1848/1848 1849/1849/1849 1850/1850/1850
f 1848/1848/1848 1850/1850/1850 1851/1851/1851
f 1851/1851/1851 1850/1850/1850 1852/1852/1852
f 1851/1851/1851 1852/1852/1852 1853/1853/1853
f 1853/1853/1853 1852/1852/1852 1854/1854/1854
f 1853/1853/1853 1854/1854/1854 1855/1855/1855
f 1855/1855/1855 1854/1854/1854 1856/1856/1856
f 1855/1855/1855 1856/1856/1856 1857/1857/1857
f 1856/1856/1856 1858/1858/1858 1857/1857/1857
f 1856/1856/1856 1859/1859/1859 1858/1858/1858
f 1858/1858/1858 1859/1859/1859 1860/1860/1860
f 1858/1858/1858 1860/1860/1860 1861/1861/1861
f 1862/1862/1862 1863/1863/1863 1864/1864/1864
f 1862/1862/1862 1864/1864/1864 1865/1865/1865
f 1865/1865/1865 1866/1866/1866 1862/1862/1862
f 1865/1865/1865 1867/1867/1867 1866/1866/1866
f 1868/1868/1868 1869/1869/1869 1870/1870/1870
f 1868/1868/1868 1870/1870/1870 1871/1871/1871
f 1872/1872/1872 1868/1868/1868 1871/1871/1871
f 1872/1872/1872 1871/1871/1871 1873/1873/1873
f 1874/1874/1874 1875/1875/1875 1876/1876/1876
f 1874/1874/1874 1876/1876/1876 1877/1877/1877
f 1878/1878/1878 1879/1879/1879 1880/1880/1880
f 1878/1878/1878 1881/1881/1881 1879/1879/1879
f 1881/1881/1881 1878/1878/1878 1882/1882/1882
f 1881/1881/1881 1882/1882/1882 1883/1883/1883
f 1884/1884/1884 1885/1885/1885 1886/1886/1886
f 1884/1884/1884 1887/1887/1887 1885/1885/1885
f 1888/1888/1888 1887/1887/1887 1884/1884/1884
f 1888/1888/1888 1889/1889/1889 1887/1887/1887
f 1890/1890/1890 1891/1891/1891 1892/1892/1892
f 1890/1890/1890 1892/1892/1892 1893/1893/1893
f 1894/1894/1894 1895/1895/1895 1896/1896/1896
f 1894/1894/1894 1896/1896/1896 1897/1897/1897
f 1897/1897/1897 1896/1896/1896 1898/1898/1898
f 1897/1897/1897 1898/1898/1898 1899/1899/1899
f 1900/1900/1900 1899/1899/1899 1898/1898/1898
f 1900/1900/1900 1901/1901/1901 1899/1899/1899
f 1902/1902/1902 1901/1901/1901 1900/1900/1900
f 1902/1902/1902 1903/1903/1903 1901/1901/1901
f 1902/1902/1902 1904/1904/1904 1903/1903/1903
f 1902/1902/1902 1905/1905/1905 1904/1904/1904
f 1904/1904/1904 1905/1905/1905 1906/1906/1906
f 1904/1904/1904 1906/1906/1906 1907/1907/1907
f 1908/1908/1908 1909/1909/1909 1910/1910/1910
f 1911/1911/1911 1909/1909/1909 1908/1908/1908
f 1911/1911/1911 1908/1908/1908 1912/1912/1912
f 1909/1909/1909 1911/1911/1911 1913/1913/1913
f 1914/1914/1914 1915/1915/1915 1916/1916/1916
f 1917/1917/1917 1915/1915/1915 1914/1914/1914
f 1915/1915/1915 1917/1917/1917 1918/1918/1918
f 1919/1919/1919 1920/1920/1920 1921/1921/1921
f 1919/1919/1919 1921/1921/1921 1922/1922/1922
f 1923/1923/1923 1924/1924/1924 1925/1925/1925
f 1923/1923/1923 1925/1925/1925 1926/1926/1926
f 1923/1923/1923 1926/1926/1926 1927/1927/1927
f 1923/1923/1923 1927/1927/1927 1928/1928/1928
f 1929/1929/1929 1928/1928/1928 1927/1927/1927
f 1929/1929/1929 1927/1927/1927 1930/1930/1930
f 1931/1931/1931 1929/1929/1929 1930/1930/1930
f 1931/1931/1931 1930/1930/1930 1932/1932/1932
f 1933/1933/1933 1931/1931/1931 1932/1932/1932
f 1933/1933/1933 1932/1932/1932 1934/1934/1934
f 1935/1935/1935 1933/1933/1933 1934/1934/1934
f 1935/1935/1935 1934/1934/1934 1936/1936/1936
f 1937/1937/1937 1938/1938/1938 1939/1939/1939
f 1937/1937/1937 1939/1939/1939 1940/1940/1940
f 1937/1937/1937 1940/1940/1940 1941/1941/1941
f 1937/1937/1937 1941/1941/1941 1942/1942/1942
f 1943/1943/1943 1942/1942/1942 1941/1941/1941
f 1943/1943/1943 1941/1941/1941 1944/1944/1944
f 1945/1945/1945 1943/1943/1943 1944/1944/1944
f 1945/1945/1945 1944/1944/1944 1946/1946/1946
f 1947/1947/1947 1945/1945/1945 1946/1946/1946
f 1947/1947/1947 1946/1946/1946 1948/1948/1948
f 1949/1949/1949 1947/1947/1947 1948/1948/1948
f 1949/1949/1949 1948/1948/1948 1950/1950/1950
f 1951/1951/1951 1952/1952/1952 1953/1953/1953
f 1951/1951/1951 1953/1953/1953 1954/1954/1954
f 1955/1955/1955 1951/1951/1951 1954/1954/1954
f 1953/1953/1953 1956/1956/1956 1954/1954/1954
f 1953/1953/1953 1957/1957/1957 1956/1956/1956
f 1954/1954/1954 1956/1956/1956 1958/1958/1958
f 1954/1954/1954 1958/1958/1958 1959/1959/1959
f 1955/1955/1955 1954/1954/1954 1959/1959/1959
f 1959/1959/1959 1958/1958/1958 1960/1960/1960
f 1961/1961/1961 1955/1955/1955 1959/1959/1959
f 1959/1959/1959 1960/1960/1960 1961/1961/1961
f 1961/1961/1961 1962/1962/1962 1955/1955/1955
f 1961/1961/1961 1960/1960/1960 1963/1963/1963
f 1964/1964/1964 1962/1962/1962 1961/1961/1961
f 1961/1961/1961 1963/1963/1963 1964/1964/1964
f 1964/1964/1964 1965/1965/1965 1962/1962/1962
f 1966/1966/1966 1965/1965/1965 1964/1964/1964
f 1967/1967/1967 1964/1964/1964 1963/1963/1963
f 1966/1966/1966 1964/1964/1964 1968/1968/1968
f 1967/1967/1967 1968/1968/1968 1964/1964/1964
f 1968/1968/1968 1967/1967/1967 1969/1969/1969
f 1968/1968/1968 1969/1969/1969 1970/1970/1970
f 1971/1971/1971 1968/1968/1968 1970/1970/1970
f 1971/1971/1971 1972/1972/1972 1968/1968/1968
f 1973/1973/1973 1974/1974/1974 1975/1975/1975
f 1976/1976/1976 1973/1973/1973 1975/1975/1975
f 1976/1976/1976 1975/1975/1975 1977/1977/1977
f 1978/1978/1978 1976/1976/1976 1977/1977/1977
f 1979/1979/1979 1980/1980/1980 1981/1981/1981
f 1979/1979/1979 1982/1982/1982 1980/1980/1980
f 1979/1979/1979 1983/1983/1983 1982/1982/1982
f 1979/1979/1979 1984/1984/1984 1983/1983/1983
f 1985/1985/1985 1983/1983/1983 1984/1984/1984
f 1985/1985/1985 1986/1986/1986 1983/1983/1983
f 1987/1987/1987 1986/1986/1986 1985/1985/1985
f 1987/1987/1987 1988/1988/1988 1986/1986/1986
f 1989/1989/1989 1988/1988/1988 1987/1987/1987
f 1989/1989/1989 1990/1990/1990 1988/1988/1988
f 1991/1991/1991 1990/1990/1990 1989/1989/1989
f 1991/1991/1991 1992/1992/1992 1990/1990/1990
f 1993/1993/1993 1994/1994/1994 1995/1995/1995
f 1993/1993/1993 1996/1996/1996 1994/1994/1994
f 1993/1993/1993 1997/1997/1997 1996/1996/1996
f 1993/1993/1993 1998/1998/1998 1997/1997/1997
f 1999/1999/1999 1997/1997/1997 1998/1998/1998
f 1999/1999/1999 2000/2000/2000 1997/1997/1997
f 2001/2001/2001 2000/2000/2000 1999/1999/1999
f 2001/2001/2001 2002/2002/2002 2000/2000/2000
f 2003/2003/2003 2002/2002/2002 2001/2001/2001
f 2003/2003/2003 2004/2004/2004 2002/2002/2002
f 2005/2005/2005 2004/2004/2004 2003/2003/2003
f 2005/2005/2005 2006/2006/2006 2004/2004/2004
f 2007/2007/2007 2008/2008/2008 2009/2009/2009
f 2007/2007/2007 2010/2010/2010 2008/2008/2008
f 2011/2011/2011 2008/2008/2008 2010/2010/2010
f 2011/2011/2011 2010/2010/2010 2012/2012/2012
f 2013/2013/2013 2010/2010/2010 2007/2007/2007
f 2012/2012/2012 2010/2010/2010 2014/2014/2014
f 2013/2013/2013 2014/2014/2014 2010/2010/2010
f 2012/2012/2012 2014/2014/2014 2015/2015/2015
f 2016/2016/2016 2014/2014/2014 2013/2013/2013
f 2015/2015/2015 2014/2014/2014 2016/2016/2016
f 2016/2016/2016 2013/2013/2013 2017/2017/2017
f 2015/2015/2015 2016/2016/2016 2018/2018/2018
f 2019/2019/2019 2016/2016/2016 2017/2017/2017
f 2018/2018/2018 2016/2016/2016 2019/2019/2019
f 2019/2019/2019 2017/2017/2017 2020/2020/2020
f 2021/2021/2021 2019/2019/2019 2020/2020/2020
f 2018/2018/2018 2019/2019/2019 2022/2022/2022
f 2021/2021/2021 2023/2023/2023 2019/2019/2019
f 2023/2023/2023 2022/2022/2022 2019/2019/2019
f 2023/2023/2023 2024/2024/2024 2022/2022/2022
f 2024/2024/2024 2023/2023/2023 2025/2025/2025
f 2024/2024/2024 2025/2025/2025 2026/2026/2026
f 2027/2027/2027 2025/2025/2025 2023/2023/2023
f 2027/2027/2027 2023/2023/2023 2028/2028/2028
f 2029/2029/2029 2030/2030/2030 2031/2031/2031
f 2032/2032/2032 2030/2030/2030 2029/2029/2029
f 2032/2032/2032 2033/2033/2033 2030/2030/2030
f 2034/2034/2034 2033/2033/2033 2032/2032/2032
f 2035/2035/2035 2036/2036/2036 2037/2037/2037
f 2035/2035/2035 2038/2038/2038 2036/2036/2036
f 2039/2039/2039 2038/2038/2038 2035/2035/2035
f 2036/2036/2036 2038/2038/2038 2040/2040/2040
f 2036/2036/2036 2040/2040/2040 2041/2041/2041
f 2039/2039/2039 2042/2042/2042 2038/2038/2038
f 2043/2043/2043 2042/2042/2042 2039/2039/2039
f 2041/2041/2041 2040/2040/2040 2044/2044/2044
f 2041/2041/2041 2044/2044/2044 2045/2045/2045
f 2038/2038/2038 2046/2046/2046 2040/2040/2040
f 2038/2038/2038 2042/2042/2042 2046/2046/2046
f 2043/2043/2043 2047/2047/2047 2042/2042/2042
f 2048/2048/2048 2047/2047/2047 2043/2043/2043
f 2045/2045/2045 2044/2044/2044 2049/2049/2049
f 2045/2045/2045 2049/2049/2049 2050/2050/2050
f 2040/2040/2040 2051/2051/2051 2044/2044/2044
f 2040/2040/2040 2046/2046/2046 2051/2051/2051
f 2042/2042/2042 2052/2052/2052 2046/2046/2046
f 2042/2042/2042 2047/2047/2047 2052/2052/2052
f 2048/2048/2048 2053/2053/2053 2047/2047/2047
f 2054/2054/2054 2053/2053/2053 2048/2048/2048
f 2044/2044/2044 2055/2055/2055 2049/2049/2049
f 2044/2044/2044 2051/2051/2051 2055/2055/2055
f 2050/2050/2050 2049/2049/2049 2056/2056/2056
f 2050/2050/2050 2056/2056/2056 2057/2057/2057
f 2046/2046/2046 2058/2058/2058 2051/2051/2051
f 2046/2046/2046 2052/2052/2052 2058/2058/2058
f 2047/2047/2047 2059/2059/2059 2052/2052/2052
f 2047/2047/2047 2053/2053/2053 2059/2059/2059
f 2054/2054/2054 2060/2060/2060 2053/2053/2053
f 2061/2061/2061 2060/2060/2060 2054/2054/2054
f 2057/2057/2057 2056/2056/2056 2062/2062/2062
f 2057/2057/2057 2062/2062/2062 2063/2063/2063
f 2056/2056/2056 2064/2064/2064 2062/2062/2062
f 2056/2056/2056 2065/2065/2065 2064/2064/2064
f 2049/2049/2049 2065/2065/2065 2056/2056/2056
f 2065/2065/2065 2066/2066/2066 2064/2064/2064
f 2049/2049/2049 2055/2055/2055 2065/2065/2065
f 2065/2065/2065 2067/2067/2067 2066/2066/2066
f 2055/2055/2055 2067/2067/2067 2065/2065/2065
f 2067/2067/2067 2068/2068/2068 2066/2066/2066
f 2055/2055/2055 2069/2069/2069 2067/2067/2067
f 2051/2051/2051 2069/2069/2069 2055/2055/2055
f 2051/2051/2051 2058/2058/2058 2069/2069/2069
f 2067/2067/2067 2070/2070/2070 2068/2068/2068
f 2069/2069/2069 2070/2070/2070 2067/2067/2067
f 2070/2070/2070 2071/2071/2071 2068/2068/2068
f 2058/2058/2058 2072/2072/2072 2069/2069/2069
f 2069/2069/2069 2072/2072/2072 2070/2070/2070
f 2070/2070/2070 2073/2073/2073 2071/2071/2071
f 2072/2072/2072 2073/2073/2073 2070/2070/2070
f 2073/2073/2073 2074/2074/2074 2071/2071/2071
f 2058/2058/2058 2075/2075/2075 2072/2072/2072
f 2052/2052/2052 2075/2075/2075 2058/2058/2058
f 2052/2052/2052 2059/2059/2059 2075/2075/2075
f 2073/2073/2073 2076/2076/2076 2074/2074/2074
f 2076/2076/2076 2077/2077/2077 2074/2074/2074
f 2072/2072/2072 2078/2078/2078 2073/2073/2073
f 2075/2075/2075 2078/2078/2078 2072/2072/2072
f 2078/2078/2078 2076/2076/2076 2073/2073/2073
f 2059/2059/2059 2079/2079/2079 2075/2075/2075
f 2075/2075/2075 2079/2079/2079 2078/2078/2078
f 2076/2076/2076 2080/2080/2080 2077/2077/2077
f 2080/2080/2080 2081/2081/2081 2077/2077/2077
f 2080/2080/2080 2082/2082/2082 2081/2081/2081
f 2078/2078/2078 2083/2083/2083 2076/2076/2076
f 2083/2083/2083 2080/2080/2080 2076/2076/2076
f 2079/2079/2079 2083/2083/2083 2078/2078/2078
f 2084/2084/2084 2082/2082/2082 2080/2080/2080
f 2083/2083/2083 2084/2084/2084 2080/2080/2080
f 2084/2084/2084 2085/2085/2085 2082/2082/2082
f 2059/2059/2059 2086/2086/2086 2079/2079/2079
f 2053/2053/2053 2086/2086/2086 2059/2059/2059
f 2053/2053/2053 2060/2060/2060 2086/2086/2086
f 2079/2079/2079 2087/2087/2087 2083/2083/2083
f 2087/2087/2087 2084/2084/2084 2083/2083/2083
f 2086/2086/2086 2087/2087/2087 2079/2079/2079
f 2088/2088/2088 2085/2085/2085 2084/2084/2084
f 2087/2087/2087 2088/2088/2088 2084/2084/2084
f 2088/2088/2088 2089/2089/2089 2085/2085/2085
f 2086/2086/2086 2090/2090/2090 2087/2087/2087
f 2060/2060/2060 2090/2090/2090 2086/2086/2086
f 2090/2090/2090 2088/2088/2088 2087/2087/2087
f 2091/2091/2091 2089/2089/2089 2088/2088/2088
f 2090/2090/2090 2091/2091/2091 2088/2088/2088
f 2091/2091/2091 2092/2092/2092 2089/2089/2089
f 2060/2060/2060 2093/2093/2093 2090/2090/2090
f 2093/2093/2093 2091/2091/2091 2090/2090/2090
f 2061/2061/2061 2093/2093/2093 2060/2060/2060
f 2094/2094/2094 2093/2093/2093 2061/2061/2061
f 2095/2095/2095 2092/2092/2092 2091/2091/2091
f 2093/2093/2093 2095/2095/2095 2091/2091/2091
f 2094/2094/2094 2095/2095/2095 2093/2093/2093
f 2095/2095/2095 2096/2096/2096 2092/2092/2092
f 2097/2097/2097 2095/2095/2095 2094/2094/2094
f 2097/2097/2097 2096/2096/2096 2095/2095/2095
f 2098/2098/2098 2099/2099/2099 2100/2100/2100
f 2100/2100/2100 2101/2101/2101 2098/2098/2098
f 2100/2100/2100 2102/2102/2102 2101/2101/2101
f 2102/2102/2102 2103/2103/2103 2101/2101/2101
f 2103/2103/2103 2104/2104/2104 2101/2101/2101
f 2103/2103/2103 2105/2105/2105 2104/2104/2104
f 2106/2106/2106 2107/2107/2107 2108/2108/2108
f 2106/2106/2106 2109/2109/2109 2107/2107/2107
f 2110/2110/2110 2109/2109/2109 2106/2106/2106
f 2109/2109/2109 2111/2111/2111 2107/2107/2107
f 2110/2110/2110 2112/2112/2112 2109/2109/2109
f 2113/2113/2113 2112/2112/2112 2110/2110/2110
f 2109/2109/2109 2114/2114/2114 2111/2111/2111
f 2112/2112/2112 2114/2114/2114 2109/2109/2109
f 2114/2114/2114 2115/2115/2115 2111/2111/2111
f 2113/2113/2113 2116/2116/2116 2112/2112/2112
f 2117/2117/2117 2116/2116/2116 2113/2113/2113
f 2114/2114/2114 2118/2118/2118 2115/2115/2115
f 2118/2118/2118 2119/2119/2119 2115/2115/2115
f 2112/2112/2112 2120/2120/2120 2114/2114/2114
f 2116/2116/2116 2120/2120/2120 2112/2112/2112
f 2120/2120/2120 2118/2118/2118 2114/2114/2114
f 2117/2117/2117 2121/2121/2121 2116/2116/2116
f 2122/2122/2122 2121/2121/2121 2117/2117/2117
f 2118/2118/2118 2123/2123/2123 2119/2119/2119
f 2123/2123/2123 2124/2124/2124 2119/2119/2119
f 2120/2120/2120 2125/2125/2125 2118/2118/2118
f 2125/2125/2125 2123/2123/2123 2118/2118/2118
f 2116/2116/2116 2126/2126/2126 2120/2120/2120
f 2121/2121/2121 2126/2126/2126 2116/2116/2116
f 2126/2126/2126 2125/2125/2125 2120/2120/2120
f 2122/2122/2122 2127/2127/2127 2121/2121/2121
f 2128/2128/2128 2127/2127/2127 2122/2122/2122
f 2123/2123/2123 2129/2129/2129 2124/2124/2124
f 2129/2129/2129 2130/2130/2130 2124/2124/2124
f 2121/2121/2121 2131/2131/2131 2126/2126/2126
f 2127/2127/2127 2131/2131/2131 2121/2121/2121
f 2125/2125/2125 2132/2132/2132 2123/2123/2123
f 2132/2132/2132 2129/2129/2129 2123/2123/2123
f 2126/2126/2126 2133/2133/2133 2125/2125/2125
f 2131/2131/2131 2133/2133/2133 2126/2126/2126
f 2133/2133/2133 2132/2132/2132 2125/2125/2125
f 2128/2128/2128 2134/2134/2134 2127/2127/2127
f 2135/2135/2135 2134/2134/2134 2128/2128/2128
f 2129/2129/2129 2136/2136/2136 2130/2130/2130
f 2136/2136/2136 2137/2137/2137 2130/2130/2130
f 2127/2127/2127 2138/2138/2138 2131/2131/2131
f 2134/2134/2134 2138/2138/2138 2127/2127/2127
f 2131/2131/2131 2139/2139/2139 2133/2133/2133
f 2138/2138/2138 2139/2139/2139 2131/2131/2131
f 2132/2132/2132 2140/2140/2140 2129/2129/2129
f 2140/2140/2140 2136/2136/2136 2129/2129/2129
f 2133/2133/2133 2141/2141/2141 2132/2132/2132
f 2139/2139/2139 2141/2141/2141 2133/2133/2133
f 2141/2141/2141 2140/2140/2140 2132/2132/2132
f 2135/2135/2135 2142/2142/2142 2134/2134/2134
f 2143/2143/2143 2142/2142/2142 2135/2135/2135
f 2136/2136/2136 2144/2144/2144 2137/2137/2137
f 2144/2144/2144 2145/2145/2145 2137/2137/2137
f 2144/2144/2144 2146/2146/2146 2145/2145/2145
f 2140/2140/2140 2147/2147/2147 2136/2136/2136
f 2147/2147/2147 2144/2144/2144 2136/2136/2136
f 2148/2148/2148 2146/2146/2146 2144/2144/2144
f 2147/2147/2147 2148/2148/2148 2144/2144/2144
f 2148/2148/2148 2149/2149/2149 2146/2146/2146
f 2141/2141/2141 2150/2150/2150 2140/2140/2140
f 2150/2150/2150 2147/2147/2147 2140/2140/2140
f 2151/2151/2151 2149/2149/2149 2148/2148/2148
f 2151/2151/2151 2152/2152/2152 2149/2149/2149
f 2153/2153/2153 2148/2148/2148 2147/2147/2147
f 2150/2150/2150 2153/2153/2153 2147/2147/2147
f 2153/2153/2153 2151/2151/2151 2148/2148/2148
f 2154/2154/2154 2150/2150/2150 2141/2141/2141
f 2139/2139/2139 2154/2154/2154 2141/2141/2141
f 2155/2155/2155 2152/2152/2152 2151/2151/2151
f 2155/2155/2155 2156/2156/2156 2152/2152/2152
f 2157/2157/2157 2151/2151/2151 2153/2153/2153
f 2157/2157/2157 2155/2155/2155 2151/2151/2151
f 2158/2158/2158 2153/2153/2153 2150/2150/2150
f 2154/2154/2154 2158/2158/2158 2150/2150/2150
f 2158/2158/2158 2157/2157/2157 2153/2153/2153
f 2159/2159/2159 2154/2154/2154 2139/2139/2139
f 2138/2138/2138 2159/2159/2159 2139/2139/2139
f 2160/2160/2160 2156/2156/2156 2155/2155/2155
f 2160/2160/2160 2161/2161/2161 2156/2156/2156
f 2162/2162/2162 2158/2158/2158 2154/2154/2154
f 2159/2159/2159 2162/2162/2162 2154/2154/2154
f 2163/2163/2163 2155/2155/2155 2157/2157/2157
f 2163/2163/2163 2160/2160/2160 2155/2155/2155
f 2164/2164/2164 2157/2157/2157 2158/2158/2158
f 2162/2162/2162 2164/2164/2164 2158/2158/2158
f 2164/2164/2164 2163/2163/2163 2157/2157/2157
f 2165/2165/2165 2159/2159/2159 2138/2138/2138
f 2134/2134/2134 2165/2165/2165 2138/2138/2138
f 2142/2142/2142 2165/2165/2165 2134/2134/2134
f 2166/2166/2166 2161/2161/2161 2160/2160/2160
f 2166/2166/2166 2167/2167/2167 2161/2161/2161
f 2168/2168/2168 2162/2162/2162 2159/2159/2159
f 2165/2165/2165 2168/2168/2168 2159/2159/2159
f 2169/2169/2169 2164/2164/2164 2162/2162/2162
f 2168/2168/2168 2169/2169/2169 2162/2162/2162
f 2170/2170/2170 2160/2160/2160 2163/2163/2163
f 2170/2170/2170 2166/2166/2166 2160/2160/2160
f 2171/2171/2171 2163/2163/2163 2164/2164/2164
f 2169/2169/2169 2171/2171/2171 2164/2164/2164
f 2171/2171/2171 2170/2170/2170 2163/2163/2163
f 2142/2142/2142 2172/2172/2172 2165/2165/2165
f 2172/2172/2172 2168/2168/2168 2165/2165/2165
f 2173/2173/2173 2167/2167/2167 2166/2166/2166
f 2173/2173/2173 2174/2174/2174 2167/2167/2167
f 2175/2175/2175 2169/2169/2169 2168/2168/2168
f 2172/2172/2172 2175/2175/2175 2168/2168/2168
f 2176/2176/2176 2171/2171/2171 2169/2169/2169
f 2175/2175/2175 2176/2176/2176 2169/2169/2169
f 2177/2177/2177 2166/2166/2166 2170/2170/2170
f 2177/2177/2177 2173/2173/2173 2166/2166/2166
f 2178/2178/2178 2170/2170/2170 2171/2171/2171
f 2176/2176/2176 2178/2178/2178 2171/2171/2171
f 2178/2178/2178 2177/2177/2177 2170/2170/2170
f 2179/2179/2179 2172/2172/2172 2142/2142/2142
f 2143/2143/2143 2179/2179/2179 2142/2142/2142
f 2180/2180/2180 2179/2179/2179 2143/2143/2143
f 2180/2180/2180 2181/2181/2181 2179/2179/2179
f 2179/2179/2179 2182/2182/2182 2172/2172/2172
f 2181/2181/2181 2182/2182/2182 2179/2179/2179
f 2182/2182/2182 2175/2175/2175 2172/2172/2172
f 2181/2181/2181 2183/2183/2183 2182/2182/2182
f 2182/2182/2182 2184/2184/2184 2175/2175/2175
f 2183/2183/2183 2184/2184/2184 2182/2182/2182
f 2184/2184/2184 2176/2176/2176 2175/2175/2175
f 2183/2183/2183 2185/2185/2185 2184/2184/2184
f 2184/2184/2184 2186/2186/2186 2176/2176/2176
f 2185/2185/2185 2186/2186/2186 2184/2184/2184
f 2186/2186/2186 2178/2178/2178 2176/2176/2176
f 2185/2185/2185 2187/2187/2187 2186/2186/2186
f 2186/2186/2186 2188/2188/2188 2178/2178/2178
f 2187/2187/2187 2188/2188/2188 2186/2186/2186
f 2188/2188/2188 2177/2177/2177 2178/2178/2178
f 2187/2187/2187 2189/2189/2189 2188/2188/2188
f 2188/2188/2188 2190/2190/2190 2177/2177/2177
f 2189/2189/2189 2190/2190/2190 2188/2188/2188
f 2190/2190/2190 2173/2173/2173 2177/2177/2177
f 2189/2189/2189 2191/2191/2191 2190/2190/2190
f 2190/2190/2190 2192/2192/2192 2173/2173/2173
f 2191/2191/2191 2192/2192/2192 2190/2190/2190
f 2192/2192/2192 2174/2174/2174 2173/2173/2173
f 2191/2191/2191 2193/2193/2193 2192/2192/2192
f 2192/2192/2192 2194/2194/2194 2174/2174/2174
f 2193/2193/2193 2194/2194/2194 2192/2192/2192
f 2193/2193/2193 2195/2195/2195 2194/2194/2194
f 2196/2196/2196 2197/2197/2197 2198/2198/2198
f 2196/2196/2196 2199/2199/2199 2197/2197/2197
f 2200/2200/2200 2199/2199/2199 2196/2196/2196
f 2200/2200/2200 2201/2201/2201 2199/2199/2199
f 2202/2202/2202 2201/2201/2201 2200/2200/2200
f 2202/2202/2202 2203/2203/2203 2201/2201/2201
f 2204/2204/2204 2203/2203/2203 2202/2202/2202
f 2204/2204/2204 2205/2205/2205 2203/2203/2203
f 2206/2206/2206 2205/2205/2205 2204/2204/2204
f 2206/2206/2206 2207/2207/2207 2205/2205/2205
f 2208/2208/2208 2207/2207/2207 2206/2206/2206
f 2208/2208/2208 2209/2209/2209 2207/2207/2207
f 2210/2210/2210 2209/2209/2209 2208/2208/2208
f 2210/2210/2210 2211/2211/2211 2209/2209/2209
f 2212/2212/2212 2211/2211/2211 2210/2210/2210
f 2212/2212/2212 2213/2213/2213 2211/2211/2211
f 2214/2214/2214 2215/2215/2215 2216/2216/2216
f 2216/2216/2216 2217/2217/2217 2214/2214/2214
f 2216/2216/2216 2218/2218/2218 2217/2217/2217
f 2218/2218/2218 2219/2219/2219 2217/2217/2217
f 2218/2218/2218 2220/2220/2220 2219/2219/2219
f 2220/2220/2220 2221/2221/2221 2219/2219/2219
f 2222/2222/2222 2223/2223/2223 2224/2224/2224
f 2224/2224/2224 2225/2225/2225 2222/2222/2222
f 2224/2224/2224 2226/2226/2226 2225/2225/2225
f 2226/2226/2226 2227/2227/2227 2225/2225/2225
f 2226/2226/2226 2228/2228/2228 2227/2227/2227
f 2228/2228/2228 2229/2229/2229 2227/2227/2227
f 2230/2230/2230 2231/2231/2231 2232/2232/2232
f 2230/2230/2230 2233/2233/2233 2231/2231/2231
f 2234/2234/2234 2233/2233/2233 2230/2230/2230
f 2230/2230/2230 2235/2235/2235 2234/2234/2234
f 2230/2230/2230 2236/2236/2236 2235/2235/2235
f 2234/2234/2234 2235/2235/2235 2237/2237/2237
f 2234/2234/2234 2237/2237/2237 2238/2238/2238
f 2238/2238/2238 2237/2237/2237 2239/2239/2239
f 2234/2234/2234 2240/2240/2240 2233/2233/2233
f 2238/2238/2238 2240/2240/2240 2234/2234/2234
f 2238/2238/2238 2239/2239/2239 2241/2241/2241
f 2241/2241/2241 2239/2239/2239 2242/2242/2242
f 2238/2238/2238 2243/2243/2243 2240/2240/2240
f 2241/2241/2241 2243/2243/2243 2238/2238/2238
f 2241/2241/2241 2242/2242/2242 2244/2244/2244
f 2244/2244/2244 2242/2242/2242 2245/2245/2245
f 2241/2241/2241 2246/2246/2246 2243/2243/2243
f 2244/2244/2244 2246/2246/2246 2241/2241/2241
f 2244/2244/2244 2245/2245/2245 2247/2247/2247
f 2247/2247/2247 2245/2245/2245 2248/2248/2248
f 2244/2244/2244 2249/2249/2249 2246/2246/2246
f 2247/2247/2247 2249/2249/2249 2244/2244/2244
f 2247/2247/2247 2248/2248/2248 2250/2250/2250
f 2250/2250/2250 2248/2248/2248 2251/2251/2251
f 2247/2247/2247 2252/2252/2252 2249/2249/2249
f 2250/2250/2250 2252/2252/2252 2247/2247/2247
f 2250/2250/2250 2251/2251/2251 2253/2253/2253
f 2253/2253/2253 2251/2251/2251 2254/2254/2254
f 2250/2250/2250 2255/2255/2255 2252/2252/2252
f 2253/2253/2253 2255/2255/2255 2250/2250/2250
f 2253/2253/2253 2254/2254/2254 2256/2256/2256
f 2256/2256/2256 2254/2254/2254 2257/2257/2257
f 2253/2253/2253 2258/2258/2258 2255/2255/2255
f 2256/2256/2256 2258/2258/2258 2253/2253/2253
f 2256/2256/2256 2257/2257/2257 2259/2259/2259
f 2259/2259/2259 2257/2257/2257 2260/2260/2260
f 2256/2256/2256 2261/2261/2261 2258/2258/2258
f 2259/2259/2259 2261/2261/2261 2256/2256/2256
f 2259/2259/2259 2260/2260/2260 2262/2262/2262
f 2262/2262/2262 2260/2260/2260 2263/2263/2263
f 2259/2259/2259 2264/2264/2264 2261/2261/2261
f 2262/2262/2262 2264/2264/2264 2259/2259/2259
f 2262/2262/2262 2263/2263/2263 2265/2265/2265
f 2265/2265/2265 2263/2263/2263 2266/2266/2266
f 2262/2262/2262 2267/2267/2267 2264/2264/2264
f 2265/2265/2265 2267/2267/2267 2262/2262/2262
f 2265/2265/2265 2266/2266/2266 2268/2268/2268
f 2268/2268/2268 2266/2266/2266 2269/2269/2269
f 2265/2265/2265 2270/2270/2270 2267/2267/2267
f 2270/2270/2270 2265/2265/2265 2268/2268/2268
f 2268/2268/2268 2269/2269/2269 2271/2271/2271
f 2271/2271/2271 2269/2269/2269 2272/2272/2272
f 2270/2270/2270 2268/2268/2268 2273/2273/2273
f 2271/2271/2271 2273/2273/2273 2268/2268/2268
f 2271/2271/2271 2272/2272/2272 2274/2274/2274
f 2274/2274/2274 2272/2272/2272 2275/2275/2275
f 2271/2271/2271 2276/2276/2276 2273/2273/2273
f 2274/2274/2274 2276/2276/2276 2271/2271/2271
f 2274/2274/2274 2275/2275/2275 2277/2277/2277
f 2277/2277/2277 2275/2275/2275 2278/2278/2278
f 2274/2274/2274 2279/2279/2279 2276/2276/2276
f 2277/2277/2277 2279/2279/2279 2274/2274/2274
f 2277/2277/2277 2278/2278/2278 2280/2280/2280
f 2280/2280/2280 2278/2278/2278 2281/2281/2281
f 2277/2277/2277 2282/2282/2282 2279/2279/2279
f 2280/2280/2280 2282/2282/2282 2277/2277/2277
f 2280/2280/2280 2281/2281/2281 2283/2283/2283
f 2283/2283/2283 2281/2281/2281 2284/2284/2284
f 2280/2280/2280 2285/2285/2285 2282/2282/2282
f 2283/2283/2283 2285/2285/2285 2280/2280/2280
f 2283/2283/2283 2284/2284/2284 2286/2286/2286
f 2286/2286/2286 2284/2284/2284 2287/2287/2287
f 2283/2283/2283 2288/2288/2288 2285/2285/2285
f 2286/2286/2286 2288/2288/2288 2283/2283/2283
f 2286/2286/2286 2287/2287/2287 2289/2289/2289
f 2289/2289/2289 2287/2287/2287 2290/2290/2290
f 2286/2286/2286 2291/2291/2291 2288/2288/2288
f 2289/2289/2289 2291/2291/2291 2286/2286/2286
f 2289/2289/2289 2290/2290/2290 2292/2292/2292
f 2292/2292/2292 2290/2290/2290 2293/2293/2293
f 2292/2292/2292 2293/2293/2293 2294/2294/2294
f 2292/2292/2292 2295/2295/2295 2289/2289/2289
f 2289/2289/2289 2295/2295/2295 2291/2291/2291
f 2294/2294/2294 2296/2296/2296 2292/2292/2292
f 2292/2292/2292 2296/2296/2296 2295/2295/2295
f 2294/2294/2294 2297/2297/2297 2296/2296/2296
f 2297/2297/2297 2298/2298/2298 2296/2296/2296
f 2297/2297/2297 2299/2299/2299 2298/2298/2298
f 2296/2296/2296 2298/2298/2298 2300/2300/2300
f 2296/2296/2296 2300/2300/2300 2295/2295/2295
f 2295/2295/2295 2300/2300/2300 2301/2301/2301
f 2295/2295/2295 2301/2301/2301 2291/2291/2291
f 2291/2291/2291 2301/2301/2301 2302/2302/2302
f 2291/2291/2291 2302/2302/2302 2288/2288/2288
f 2288/2288/2288 2302/2302/2302 2303/2303/2303
f 2288/2288/2288 2303/2303/2303 2285/2285/2285
f 2285/2285/2285 2303/2303/2303 2304/2304/2304
f 2285/2285/2285 2304/2304/2304 2282/2282/2282
f 2282/2282/2282 2304/2304/2304 2305/2305/2305
f 2282/2282/2282 2305/2305/2305 2279/2279/2279
f 2279/2279/2279 2305/2305/2305 2306/2306/2306
f 2279/2279/2279 2306/2306/2306 2276/2276/2276
f 2276/2276/2276 2306/2306/2306 2307/2307/2307
f 2276/2276/2276 2307/2307/2307 2273/2273/2273
f 2273/2273/2273 2307/2307/2307 2308/2308/2308
f 2273/2273/2273 2308/2308/2308 2270/2270/2270
f 2270/2270/2270 2308/2308/2308 2309/2309/2309
f 2270/2270/2270 2309/2309/2309 2267/2267/2267
f 2267/2267/2267 2309/2309/2309 2310/2310/2310
f 2267/2267/2267 2310/2310/2310 2264/2264/2264
f 2264/2264/2264 2310/2310/2310 2311/2311/2311
f 2264/2264/2264 2311/2311/2311 2261/2261/2261
f 2261/2261/2261 2311/2311/2311 2312/2312/2312
f 2261/2261/2261 2312/2312/2312 2258/2258/2258
f 2258/2258/2258 2312/2312/2312 2313/2313/2313
f 2258/2258/2258 2313/2313/2313 2255/2255/2255
f 2255/2255/2255 2313/2313/2313 2314/2314/2314
f 2255/2255/2255 2314/2314/2314 2252/2252/2252
f 2252/2252/2252 2314/2314/2314 2315/2315/2315
f 2252/2252/2252 2315/2315/2315 2249/2249/2249
f 2249/2249/2249 2315/2315/2315 2316/2316/2316
f 2249/2249/2249 2316/2316/2316 2246/2246/2246
f 2246/2246/2246 2316/2316/2316 2317/2317/2317
f 2246/2246/2246 2317/2317/2317 2243/2243/2243
f 2243/2243/2243 2317/2317/2317 2318/2318/2318
f 2243/2243/2243 2318/2318/2318 2240/2240/2240
f 2240/2240/2240 2318/2318/2318 2319/2319/2319
f 2240/2240/2240 2319/2319/2319 2233/2233/2233
f 2233/2233/2233 2319/2319/2319 2320/2320/2320
f 2233/2233/2233 2320/2320/2320 2321/2321/2321
f 2322/2322/2322 2323/2323/2323 2324/2324/2324
f 2322/2322/2322 2325/2325/2325 2323/2323/2323
f 2325/2325/2325 2326/2326/2326 2323/2323/2323
f 2325/2325/2325 2327/2327/2327 2326/2326/2326
f 2327/2327/2327 2328/2328/2328 2326/2326/2326
f 2327/2327/2327 2329/2329/2329 2328/2328/2328
f 2329/2329/2329 2330/2330/2330 2328/2328/2328
f 2329/2329/2329 2331/2331/2331 2330/2330/2330
f 2331/2331/2331 2332/2332/2332 2330/2330/2330
f 2331/2331/2331 2333/2333/2333 2332/2332/2332
f 2333/2333/2333 2334/2334/2334 2332/2332/2332
f 2333/2333/2333 2335/2335/2335 2334/2334/2334
f 2335/2335/2335 2336/2336/2336 2334/2334/2334
f 2335/2335/2335 2337/2337/2337 2336/2336/2336
f 2337/2337/2337 2338/2338/2338 2336/2336/2336
f 2337/2337/2337 2339/2339/2339 2338/2338/2338
f 2339/2339/2339 2340/2340/2340 2338/2338/2338
f 2339/2339/2339 2341/2341/2341 2340/2340/2340
f 2341/2341/2341 2342/2342/2342 2340/2340/2340
f 2341/2341/2341 2343/2343/2343 2342/2342/2342
f 2343/2343/2343 2344/2344/2344 2342/2342/2342
f 2343/2343/2343 2345/2345/2345 2344/2344/2344
f 2346/2346/2346 2344/2344/2344 2345/2345/2345
f 2346/2346/2346 2347/2347/2347 2344/2344/2344
f 2346/2346/2346 2348/2348/2348 2347/2347/2347
f 2346/2346/2346 2349/2349/2349 2348/2348/2348
f 2349/2349/2349 2350/2350/2350 2348/2348/2348
f 2349/2349/2349 2351/2351/2351 2350/2350/2350
f 2351/2351/2351 2352/2352/2352 2350/2350/2350
f 2351/2351/2351 2353/2353/2353 2352/2352/2352
f 2353/2353/2353 2354/2354/2354 2352/2352/2352
f 2353/2353/2353 2355/2355/2355 2354/2354/2354
f 2355/2355/2355 2356/2356/2356 2354/2354/2354
f 2355/2355/2355 2357/2357/2357 2356/2356/2356
f 2357/2357/2357 2358/2358/2358 2356/2356/2356
f 2357/2357/2357 2359/2359/2359 2358/2358/2358
f 2359/2359/2359 2360/2360/2360 2358/2358/2358
f 2359/2359/2359 2361/2361/2361 2360/2360/2360
f 2361/2361/2361 2362/2362/2362 2360/2360/2360
f 2361/2361/2361 2363/2363/2363 2362/2362/2362
f 2363/2363/2363 2364/2364/2364 2362/2362/2362
f 2363/2363/2363 2365/2365/2365 2364/2364/2364
f 2366/2366/2366 2367/2367/2367 2368/2368/2368
f 2366/2366/2366 2368/2368/2368 2369/2369/2369
f 2370/2370/2370 2371/2371/2371 2372/2372/2372
f 2370/2370/2370 2372/2372/2372 2230/2230/2230
f 2373/2373/2373 2374/2374/2374 2375/2375/2375
f 2373/2373/2373 2375/2375/2375 2376/2376/2376
f 2377/2377/2377 2378/2378/2378 2379/2379/2379
f 2377/2377/2377 2379/2379/2379 2380/2380/2380
f 2381/2381/2381 2382/2382/2382 2383/2383/2383
f 2381/2381/2381 2383/2383/2383 2384/2384/2384
f 2385/2385/2385 2386/2386/2386 2387/2387/2387
f 2385/2385/2385 2387/2387/2387 2388/2388/2388
f 2389/2389/2389 2390/2390/2390 2391/2391/2391
f 2389/2389/2389 2391/2391/2391 2392/2392/2392
f 2393/2393/2393 2394/2394/2394 2395/2395/2395
f 2393/2393/2393 2395/2395/2395 2396/2396/2396
f 2397/2397/2397 2398/2398/2398 2399/2399/2399
f 2397/2397/2397 2399/2399/2399 2400/2400/2400
f 2401/2401/2401 2402/2402/2402 2403/2403/2403
f 2401/2401/2401 2403/2403/2403 2404/2404/2404
f 2405/2405/2405 2406/2406/2406 2407/2407/2407
f 2405/2405/2405 2407/2407/2407 2408/2408/2408
f 2409/2409/2409 2410/2410/2410 2411/2411/2411
f 2409/2409/2409 2411/2411/2411 2412/2412/2412
f 2413/2413/2413 2414/2414/2414 2415/2415/2415
f 2413/2413/2413 2415/2415/2415 2416/2416/2416
f 2417/2417/2417 2418/2418/2418 2419/2419/2419
f 2417/2417/2417 2419/2419/2419 2420/2420/2420
f 2421/2421/2421 2422/2422/2422 2423/2423/2423
f 2421/2421/2421 2423/2423/2423 2424/2424/2424
f 2425/2425/2425 2426/2426/2426 2427/2427/2427
f 2425/2425/2425 2427/2427/2427 2428/2428/2428
f 2429/2429/2429 2430/2430/2430 2431/2431/2431
f 2429/2429/2429 2431/2431/2431 2432/2432/2432
f 2433/2433/2433 2429/2429/2429 2432/2432/2432
f 2432/2432/2432 2431/2431/2431 2434/2434/2434
f 2433/2433/2433 2432/2432/2432 2435/2435/2435
f 2432/2432/2432 2434/2434/2434 2436/2436/2436
f 2435/2435/2435 2432/2432/2432 2436/2436/2436
f 2436/2436/2436 2434/2434/2434 2437/2437/2437
f 2435/2435/2435 2436/2436/2436 2438/2438/2438
f 2436/2436/2436 2437/2437/2437 2439/2439/2439
f 2438/2438/2438 2436/2436/2436 2439/2439/2439
f 2439/2439/2439 2437/2437/2437 2440/2440/2440
f 2438/2438/2438 2439/2439/2439 2441/2441/2441
f 2439/2439/2439 2440/2440/2440 2442/2442/2442
f 2441/2441/2441 2439/2439/2439 2442/2442/2442
f 2442/2442/2442 2440/2440/2440 2443/2443/2443
f 2441/2441/2441 2442/2442/2442 2444/2444/2444
f 2442/2442/2442 2443/2443/2443 2445/2445/2445
f 2444/2444/2444 2442/2442/2442 2445/2445/2445
f 2445/2445/2445 2443/2443/2443 2446/2446/2446
f 2444/2444/2444 2445/2445/2445 2447/2447/2447
f 2445/2445/2445 2446/2446/2446 2448/2448/2448
f 2447/2447/2447 2445/2445/2445 2448/2448/2448
f 2448/2448/2448 2446/2446/2446 2449/2449/2449
f 2447/2447/2447 2448/2448/2448 2450/2450/2450
f 2448/2448/2448 2449/2449/2449 2451/2451/2451
f 2450/2450/2450 2448/2448/2448 2451/2451/2451
f 2451/2451/2451 2449/2449/2449 2452/2452/2452
f 2450/2450/2450 2451/2451/2451 2453/2453/2453
f 2451/2451/2451 2452/2452/2452 2454/2454/2454
f 2453/2453/2453 2451/2451/2451 2454/2454/2454
f 2454/2454/2454 2452/2452/2452 2455/2455/2455
f 2453/2453/2453 2454/2454/2454 2456/2456/2456
f 2454/2454/2454 2455/2455/2455 2457/2457/2457
f 2456/2456/2456 2454/2454/2454 2457/2457/2457
f 2456/2456/2456 2457/2457/2457 2458/2458/2458
f 2459/2459/2459 2460/2460/2460 2461/2461/2461
f 2459/2459/2459 2461/2461/2461 2462/2462/2462
f 2463/2463/2463 2459/2459/2459 2462/2462/2462
f 2462/2462/2462 2461/2461/2461 2464/2464/2464
f 2463/2463/2463 2462/2462/2462 2465/2465/2465
f 2462/2462/2462 2464/2464/2464 2466/2466/2466
f 2465/2465/2465 2462/2462/2462 2466/2466/2466
f 2466/2466/2466 2464/2464/2464 2467/2467/2467
f 2465/2465/2465 2466/2466/2466 2468/2468/2468
f 2466/2466/2466 2467/2467/2467 2469/2469/2469
f 2468/2468/2468 2466/2466/2466 2469/2469/2469
f 2469/2469/2469 2467/2467/2467 2470/2470/2470
f 2468/2468/2468 2469/2469/2469 2471/2471/2471
f 2469/2469/2469 2470/2470/2470 2472/2472/2472
f 2471/2471/2471 2469/2469/2469 2472/2472/2472
f 2472/2472/2472 2470/2470/2470 2473/2473/2473
f 2471/2471/2471 2472/2472/2472 2474/2474/2474
f 2472/2472/2472 2473/2473/2473 2475/2475/2475
f 2474/2474/2474 2472/2472/2472 2475/2475/2475
f 2475/2475/2475 2473/2473/2473 2476/2476/2476
f 2474/2474/2474 2475/2475/2475 2477/2477/2477
f 2475/2475/2475 2476/2476/2476 2478/2478/2478
f 2477/2477/2477 2475/2475/2475 2478/2478/2478
f 2478/2478/2478 2476/2476/2476 2479/2479/2479
f 2477/2477/2477 2478/2478/2478 2480/2480/2480
f 2478/2478/2478 2479/2479/2479 2481/2481/2481
f 2480/2480/2480 2478/2478/2478 2481/2481/2481
f 2481/2481/2481 2479/2479/2479 2482/2482/2482
f 2480/2480/2480 2481/2481/2481 2483/2483/2483
f 2481/2481/2481 2482/2482/2482 2484/2484/2484
f 2483/2483/2483 2481/2481/2481 2484/2484/2484
f 2484/2484/2484 2482/2482/2482 2485/2485/2485
f 2483/2483/2483 2484/2484/2484 2486/2486/2486
f 2484/2484/2484 2485/2485/2485 2487/2487/2487
f 2486/2486/2486 2484/2484/2484 2487/2487/2487
f 2486/2486/2486 2487/2487/2487 2488/2488/2488
f 2489/2489/2489 2490/2490/2490 2491/2491/2491
f 2489/2489/2489 2491/2491/2491 2492/2492/2492
f 2493/2493/2493 2489/2489/2489 2492/2492/2492
f 2492/2492/2492 2491/2491/2491 2494/2494/2494
f 2493/2493/2493 2492/2492/2492 2495/2495/2495
f 2492/2492/2492 2494/2494/2494 2496/2496/2496
f 2495/2495/2495 2492/2492/2492 2496/2496/2496
f 2496/2496/2496 2494/2494/2494 2497/2497/2497
f 2495/2495/2495 2496/2496/2496 2498/2498/2498
f 2496/2496/2496 2497/2497/2497 2499/2499/2499
f 2498/2498/2498 2496/2496/2496 2499/2499/2499
f 2499/2499/2499 2497/2497/2497 2500/2500/2500
f 2498/2498/2498 2499/2499/2499 2501/2501/2501
f 2499/2499/2499 2500/2500/2500 2502/2502/2502
f 2501/2501/2501 2499/2499/2499 2502/2502/2502
f 2502/2502/2502 2500/2500/2500 2503/2503/2503
f 2501/2501/2501 2502/2502/2502 2504/2504/2504
f 2502/2502/2502 2503/2503/2503 2505/2505/2505
f 2504/2504/2504 2502/2502/2502 2505/2505/2505
f 2505/2505/2505 2503/2503/2503 2506/2506/2506
f 2504/2504/2504 2505/2505/2505 2507/2507/2507
f 2505/2505/2505 2506/2506/2506 2508/2508/2508
f 2507/2507/2507 2505/2505/2505 2508/2508/2508
f 2508/2508/2508 2506/2506/2506 2509/2509/2509
f 2507/2507/2507 2508/2508/2508 2510/2510/2510
f 2508/2508/2508 2509/2509/2509 2511/2511/2511
f 2510/2510/2510 2508/2508/2508 2511/2511/2511
f 2510/2510/2510 2511/2511/2511 2512/2512/2512
f 2511/2511/2511 2509/2509/2509 2513/2513/2513
f 2514/2514/2514 2512/2512/2512 2511/2511/2511
f 2511/2511/2511 2513/2513/2513 2515/2515/2515
f 2514/2514/2514 2511/2511/2511 2515/2515/2515
f 2515/2515/2515 2513/2513/2513 2516/2516/2516
f 2515/2515/2515 2516/2516/2516 2517/2517/2517
f 2514/2514/2514 2515/2515/2515 2517/2517/2517
f 2514/2514/2514 2517/2517/2517 2518/2518/2518
f 2519/2519/2519 2520/2520/2520 2521/2521/2521
f 2519/2519/2519 2521/2521/2521 2522/2522/2522
f 2523/2523/2523 2519/2519/2519 2522/2522/2522
f 2522/2522/2522 2521/2521/2521 2524/2524/2524
f 2523/2523/2523 2522/2522/2522 2525/2525/2525
f 2522/2522/2522 2524/2524/2524 2526/2526/2526
f 2525/2525/2525 2522/2522/2522 2526/2526/2526
f 2526/2526/2526 2524/2524/2524 2527/2527/2527
f 2525/2525/2525 2526/2526/2526 2528/2528/2528
f 2526/2526/2526 2527/2527/2527 2529/2529/2529
f 2528/2528/2528 2526/2526/2526 2529/2529/2529
f 2529/2529/2529 2527/2527/2527 2530/2530/2530
f 2528/2528/2528 2529/2529/2529 2531/2531/2531
f 2529/2529/2529 2530/2530/2530 2532/2532/2532
f 2531/2531/2531 2529/2529/2529 2532/2532/2532
f 2532/2532/2532 2530/2530/2530 2533/2533/2533
f 2531/2531/2531 2532/2532/2532 2534/2534/2534
f 2532/2532/2532 2533/2533/2533 2535/2535/2535
f 2534/2534/2534 2532/2532/2532 2535/2535/2535
f 2535/2535/2535 2533/2533/2533 2536/2536/2536
f 2534/2534/2534 2535/2535/2535 2537/2537/2537
f 2535/2535/2535 2536/2536/2536 2538/2538/2538
f 2537/2537/2537 2535/2535/2535 2538/2538/2538
f 2538/2538/2538 2536/2536/2536 2539/2539/2539
f 2537/2537/2537 2538/2538/2538 2540/2540/2540
f 2538/2538/2538 2539/2539/2539 2541/2541/2541
f 2540/2540/2540 2538/2538/2538 2541/2541/2541
f 2541/2541/2541 2539/2539/2539 2542/2542/2542
f 2540/2540/2540 2541/2541/2541 2543/2543/2543
f 2541/2541/2541 2542/2542/2542 2544/2544/2544
f 2543/2543/2543 2541/2541/2541 2544/2544/2544
f 2544/2544/2544 2542/2542/2542 2545/2545/2545
f 2543/2543/2543 2544/2544/2544 2546/2546/2546
f 2544/2544/2544 2545/2545/2545 2547/2547/2547
f 2546/2546/2546 2544/2544/2544 2547/2547/2547
f 2546/2546/2546 2547/2547/2547 2548/2548/2548
f 2549/2549/2549 2550/2550/2550 2551/2551/2551
f 2549/2549/2549 2551/2551/2551 2552/2552/2552
f 2552/2552/2552 2551/2551/2551 2553/2553/2553
f 2552/2552/2552 2553/2553/2553 2554/2554/2554
f 2554/2554/2554 2553/2553/2553 2555/2555/2555
f 2554/2554/2554 2555/2555/2555 2556/2556/2556
f 2556/2556/2556 2555/2555/2555 2557/2557/2557
f 2556/2556/2556 2557/2557/2557 2558/2558/2558
f 2558/2558/2558 2557/2557/2557 2559/2559/2559
f 2558/2558/2558 2559/2559/2559 2560/2560/2560
f 2560/2560/2560 2559/2559/2559 2561/2561/2561
f 2560/2560/2560 2561/2561/2561 2562/2562/2562
f 2562/2562/2562 2561/2561/2561 2563/2563/2563
f 2562/2562/2562 2563/2563/2563 2564/2564/2564
f 2564/2564/2564 2563/2563/2563 2565/2565/2565
f 2564/2564/2564 2565/2565/2565 2566/2566/2566
f 2566/2566/2566 2565/2565/2565 2567/2567/2567
f 2566/2566/2566 2567/2567/2567 2568/2568/2568
f 2568/2568/2568 2567/2567/2567 2569/2569/2569
f 2568/2568/2568 2569/2569/2569 2570/2570/2570
f 2570/2570/2570 2569/2569/2569 2571/2571/2571
f 2570/2570/2570 2571/2571/2571 2572/2572/2572
f 2572/2572/2572 2571/2571/2571 2573/2573/2573
f 2572/2572/2572 2573/2573/2573 2574/2574/2574
f 2575/2575/2575 2576/2576/2576 2577/2577/2577
f 2575/2575/2575 2577/2577/2577 2578/2578/2578
f 2578/2578/2578 2577/2577/2577 2579/2579/2579
f 2578/2578/2578 2579/2579/2579 2580/2580/2580
f 2580/2580/2580 2579/2579/2579 2581/2581/2581
f 2580/2580/2580 2581/2581/2581 2582/2582/2582
f 2582/2582/2582 2581/2581/2581 2583/2583/2583
f 2582/2582/2582 2583/2583/2583 2584/2584/2584
f 2584/2584/2584 2583/2583/2583 2585/2585/2585
f 2584/2584/2584 2585/2585/2585 2586/2586/2586
f 2586/2586/2586 2585/2585/2585 2587/2587/2587
f 2586/2586/2586 2587/2587/2587 2588/2588/2588
f 2588/2588/2588 2587/2587/2587 2589/2589/2589
f 2588/2588/2588 2589/2589/2589 2590/2590/2590
f 2590/2590/2590 2589/2589/2589 2591/2591/2591
f 2590/2590/2590 2591/2591/2591 2592/2592/2592
f 2592/2592/2592 2591/2591/2591 2593/2593/2593
f 2592/2592/2592 2593/2593/2593 2594/2594/2594
f 2594/2594/2594 2593/2593/2593 2595/2595/2595
f 2594/2594/2594 2595/2595/2595 2596/2596/2596
f 2596/2596/2596 2595/2595/2595 2597/2597/2597
f 2596/2596/2596 2597/2597/2597 2598/2598/2598
f 2598/2598/2598 2597/2597/2597 2599/2599/2599
f 2598/2598/2598 2599/2599/2599 2600/2600/2600
f 2601/2601/2601 2602/2602/2602 2603/2603/2603
f 2601/2601/2601 2603/2603/2603 2604/2604/2604
f 2605/2605/2605 2604/2604/2604 2603/2603/2603
f 2605/2605/2605 2603/2603/2603 2606/2606/2606
f 2605/2605/2605 2606/2606/2606 2607/2607/2607
f 2605/2605/2605 2607/2607/2607 2608/2608/2608
f 2608/2608/2608 2607/2607/2607 2609/2609/2609
f 2608/2608/2608 2609/2609/2609 2610/2610/2610
f 2610/2610/2610 2609/2609/2609 2611/2611/2611
f 2610/2610/2610 2611/2611/2611 2612/2612/2612
f 2612/2612/2612 2611/2611/2611 2613/2613/2613
f 2612/2612/2612 2613/2613/2613 2614/2614/2614
f 2614/2614/2614 2613/2613/2613 2615/2615/2615
f 2614/2614/2614 2615/2615/2615 2616/2616/2616
f 2616/2616/2616 2615/2615/2615 2617/2617/2617
f 2616/2616/2616 2617/2617/2617 2618/2618/2618
f 2618/2618/2618 2617/2617/2617 2619/2619/2619
f 2618/2618/2618 2619/2619/2619 2620/2620/2620
f 2620/2620/2620 2619/2619/2619 2621/2621/2621
f 2620/2620/2620 2621/2621/2621 2622/2622/2622
f 2622/2622/2622 2621/2621/2621 2623/2623/2623
f 2622/2622/2622 2623/2623/2623 2624/2624/2624
f 2624/2624/2624 2623/2623/2623 2625/2625/2625
f 2624/2624/2624 2625/2625/2625 2626/2626/2626
f 2627/2627/2627 2628/2628/2628 2629/2629/2629
f 2627/2627/2627 2630/2630/2630 2628/2628/2628
f 2630/2630/2630 2627/2627/2627 2631/2631/2631
f 2632/2632/2632 2631/2631/2631 2627/2627/2627
f 2632/2632/2632 2627/2627/2627 2633/2633/2633
f 2634/2634/2634 2632/2632/2632 2633/2633/2633
f 2634/2634/2634 2635/2635/2635 2632/2632/2632
f 2636/2636/2636 2635/2635/2635 2634/2634/2634
f 2636/2636/2636 2637/2637/2637 2635/2635/2635
f 2635/2635/2635 2637/2637/2637 2638/2638/2638
f 2639/2639/2639 2638/2638/2638 2637/2637/2637
f 2640/2640/2640 2631/2631/2631 2638/2638/2638
f 2639/2639/2639 2640/2640/2640 2638/2638/2638
f 2640/2640/2640 2641/2641/2641 2631/2631/2631
f 2641/2641/2641 2630/2630/2630 2631/2631/2631
f 2642/2642/2642 2630/2630/2630 2641/2641/2641
f 2642/2642/2642 2643/2643/2643 2630/2630/2630
f 2643/2643/2643 2642/2642/2642 2644/2644/2644
f 2639/2639/2639 2644/2644/2644 2640/2640/2640
f 2643/2643/2643 2644/2644/2644 2645/2645/2645
f 2645/2645/2645 2644/2644/2644 2639/2639/2639
f 2645/2645/2645 2639/2639/2639 2646/2646/2646
f 2647/2647/2647 2646/2646/2646 2639/2639/2639
f 2647/2647/2647 2648/2648/2648 2646/2646/2646
f 2647/2647/2647 2649/2649/2649 2648/2648/2648
f 2650/2650/2650 2648/2648/2648 2649/2649/2649
f 2647/2647/2647 2639/2639/2639 2651/2651/2651
f 2650/2650/2650 2652/2652/2652 2648/2648/2648
f 2651/2651/2651 2639/2639/2639 2637/2637/2637
f 2652/2652/2652 2650/2650/2650 2653/2653/2653
f 2651/2651/2651 2637/2637/2637 2654/2654/2654
f 2655/2655/2655 2651/2651/2651 2654/2654/2654
f 2655/2655/2655 2654/2654/2654 2656/2656/2656
f 2653/2653/2653 2655/2655/2655 2656/2656/2656
f 2637/2637/2637 2657/2657/2657 2654/2654/2654
f 2657/2657/2657 2637/2637/2637 2636/2636/2636
f 2657/2657/2657 2636/2636/2636 2658/2658/2658
f 2657/2657/2657 2658/2658/2658 2659/2659/2659
f 2653/2653/2653 2656/2656/2656 2660/2660/2660
f 2652/2652/2652 2653/2653/2653 2660/2660/2660
f 2661/2661/2661 2659/2659/2659 2658/2658/2658
f 2652/2652/2652 2660/2660/2660 2661/2661/2661
f 2661/2661/2661 2662/2662/2662 2659/2659/2659
f 2661/2661/2661 2660/2660/2660 2662/2662/2662
f 2663/2663/2663 2652/2652/2652 2661/2661/2661
f 2663/2663/2663 2664/2664/2664 2652/2652/2652
f 2665/2665/2665 2664/2664/2664 2663/2663/2663
f 2665/2665/2665 2666/2666/2666 2664/2664/2664
f 2667/2667/2667 2666/2666/2666 2665/2665/2665
f 2667/2667/2667 2668/2668/2668 2666/2666/2666
f 2669/2669/2669 2668/2668/2668 2667/2667/2667
f 2669/2669/2669 2670/2670/2670 2668/2668/2668
f 2671/2671/2671 2670/2670/2670 2669/2669/2669
f 2671/2671/2671 2672/2672/2672 2670/2670/2670
f 2673/2673/2673 2672/2672/2672 2671/2671/2671
f 2673/2673/2673 2674/2674/2674 2672/2672/2672
f 2675/2675/2675 2676/2676/2676 2677/2677/2677
f 2675/2675/2675 2677/2677/2677 2678/2678/2678
f 2679/2679/2679 2680/2680/2680 2681/2681/2681
f 2679/2679/2679 2681/2681/2681 2682/2682/2682
f 2683/2683/2683 2684/2684/2684 2685/2685/2685
f 2683/2683/2683 2685/2685/2685 2686/2686/2686
f 2687/2687/2687 2688/2688/2688 2689/2689/2689
f 2687/2687/2687 2690/2690/2690 2688/2688/2688
f 2691/2691/2691 2690/2690/2690 2687/2687/2687
f 2691/2691/2691 2692/2692/2692 2690/2690/2690
f 2693/2693/2693 2694/2694/2694 2695/2695/2695
f 2693/2693/2693 2695/2695/2695 2696/2696/2696
f 2697/2697/2697 2698/2698/2698 2699/2699/2699
f 2697/2697/2697 2699/2699/2699 2700/2700/2700
f 2700/2700/2700 2699/2699/2699 2701/2701/2701
f 2700/2700/2700 2701/2701/2701 2702/2702/2702
f 2703/2703/2703 2704/2704/2704 2705/2705/2705
f 2703/2703/2703 2705/2705/2705 2706/2706/2706
f 2707/2707/2707 2708/2708/2708 2709/2709/2709
f 2707/2707/2707 2710/2710/2710 2708/2708/2708
f 2711/2711/2711 2710/2710/2710 2707/2707/2707
f 2711/2711/2711 2712/2712/2712 2710/2710/2710
f 2713/2713/2713 2714/2714/2714 2715/2715/2715
f 2713/2713/2713 2715/2715/2715 2716/2716/2716
f 2717/2717/2717 2718/2718/2718 2719/2719/2719
f 2717/2717/2717 2719/2719/2719 2720/2720/2720
f 2720/2720/2720 2719/2719/2719 2721/2721/2721
f 2720/2720/2720 2721/2721/2721 2722/2722/2722
f 2723/2723/2723 2724/2724/2724 2725/2725/2725
f 2723/2723/2723 2726/2726/2726 2724/2724/2724
f 2726/2726/2726 2727/2727/2727 2724/2724/2724
f 2726/2726/2726 2728/2728/2728 2727/2727/2727
f 2728/2728/2728 2729/2729/2729 2727/2727/2727
f 2728/2728/2728 2730/2730/2730 2729/2729/2729
f 2730/2730/2730 2731/2731/2731 2729/2729/2729
f 2730/2730/2730 2732/2732/2732 2731/2731/2731
f 2732/2732/2732 2733/2733/2733 2731/2731/2731
f 2732/2732/2732 2734/2734/2734 2733/2733/2733
f 2734/2734/2734 2735/2735/2735 2733/2733/2733
f 2734/2734/2734 2736/2736/2736 2735/2735/2735
f 2737/2737/2737 2738/2738/2738 2739/2739/2739
f 2737/2737/2737 2740/2740/2740 2738/2738/2738
f 2741/2741/2741 2740/2740/2740 2737/2737/2737
f 2741/2741/2741 2742/2742/2742 2740/2740/2740
f 2743/2743/2743 2742/2742/2742 2741/2741/2741
f 2743/2743/2743 2744/2744/2744 2742/2742/2742
f 2745/2745/2745 2744/2744/2744 2743/2743/2743
f 2745/2745/2745 2746/2746/2746 2744/2744/2744
f 2747/2747/2747 2746/2746/2746 2745/2745/2745
f 2747/2747/2747 2748/2748/2748 2746/2746/2746
f 2749/2749/2749 2748/2748/2748 2747/2747/2747
f 2749/2749/2749 2750/2750/2750 2748/2748/2748
f 2751/2751/2751 2752/2752/2752 2753/2753/2753
f 2751/2751/2751 2754/2754/2754 2752/2752/2752
f 2754/2754/2754 2755/2755/2755 2752/2752/2752
f 2754/2754/2754 2756/2756/2756 2755/2755/2755
f 2756/2756/2756 2757/2757/2757 2755/2755/2755
f 2756/2756/2756 2758/2758/2758 2757/2757/2757
f 2759/2759/2759 2760/2760/2760 2761/2761/2761
f 2759/2759/2759 2762/2762/2762 2760/2760/2760
f 2763/2763/2763 2762/2762/2762 2759/2759/2759
f 2763/2763/2763 2764/2764/2764 2762/2762/2762
f 2765/2765/2765 2764/2764/2764 2763/2763/2763
f 2765/2765/2765 2766/2766/2766 2764/2764/2764
f 2767/2767/2767 2766/2766/2766 2765/2765/2765
f 2767/2767/2767 2768/2768/2768 2766/2766/2766
f 2769/2769/2769 2768/2768/2768 2767/2767/2767
f 2769/2769/2769 2770/2770/2770 2768/2768/2768
f 2771/2771/2771 2770/2770/2770 2769/2769/2769
f 2771/2771/2771 2772/2772/2772 2770/2770/2770
f 2773/2773/2773 2774/2774/2774 2775/2775/2775
f 2773/2773/2773 2776/2776/2776 2774/2774/2774
f 2776/2776/2776 2777/2777/2777 2774/2774/2774
f 2776/2776/2776 2778/2778/2778 2777/2777/2777
f 2778/2778/2778 2779/2779/2779 2777/2777/2777
f 2778/2778/2778 2780/2780/2780 2779/2779/2779
f 2781/2781/2781 2782/2782/2782 2783/2783/2783
f 2781/2781/2781 2783/2783/2783 2784/2784/2784
f 2785/2785/2785 2786/2786/2786 2787/2787/2787
f 2785/2785/2785 2787/2787/2787 2788/2788/2788
f 2789/2789/2789 2790/2790/2790 2791/2791/2791
f 2789/2789/2789 2791/2791/2791 2792/2792/2792
f 2793/2793/2793 2794/2794/2794 2795/2795/2795
f 2793/2793/2793 2795/2795/2795 2796/2796/2796
f 2797/2797/2797 2798/2798/2798 2799/2799/2799
f 2797/2797/2797 2799/2799/2799 2800/2800/2800
f 2801/2801/2801 2802/2802/2802 2803/2803/2803
f 2801/2801/2801 2803/2803/2803 2804/2804/2804
f 2805/2805/2805 2806/2806/2806 2807/2807/2807
f 2805/2805/2805 2807/2807/2807 2808/2808/2808
f 2809/2809/2809 2810/2810/2810 2811/2811/2811
f 2809/2809/2809 2811/2811/2811 2812/2812/2812
f 2813/2813/2813 2814/2814/2814 2815/2815/2815
f 2813/2813/2813 2815/2815/2815 2816/2816/2816
f 2817/2817/2817 2818/2818/2818 2819/2819/2819
f 2817/2817/2817 2819/2819/2819 2820/2820/2820
f 2821/2821/2821 2822/2822/2822 2823/2823/2823
f 2821/2821/2821 2824/2824/2824 2822/2822/2822
f 2822/2822/2822 2824/2824/2824 2825/2825/2825
f 2822/2822/2822 2825/2825/2825 2826/2826/2826
f 2825/2825/2825 2827/2827/2827 2826/2826/2826
f 2825/2825/2825 2828/2828/2828 2827/2827/2827
f 2828/2828/2828 2829/2829/2829 2827/2827/2827
f 2828/2828/2828 2830/2830/2830 2829/2829/2829
f 2830/2830/2830 2831/2831/2831 2829/2829/2829
f 2830/2830/2830 2832/2832/2832 2831/2831/2831
f 2832/2832/2832 2833/2833/2833 2831/2831/2831
f 2832/2832/2832 2834/2834/2834 2833/2833/2833
f 2835/2835/2835 2836/2836/2836 2837/2837/2837
f 2835/2835/2835 2837/2837/2837 2838/2838/2838
f 2839/2839/2839 2840/2840/2840 2841/2841/2841
f 2839/2839/2839 2841/2841/2841 2842/2842/2842
f 2843/2843/2843 2844/2844/2844 2845/2845/2845
f 2843/2843/2843 2845/2845/2845 2846/2846/2846
f 2847/2847/2847 2848/2848/2848 2849/2849/2849
f 2847/2847/2847 2849/2849/2849 2850/2850/2850
f 2851/2851/2851 2852/2852/2852 2853/2853/2853
f 2851/2851/2851 2853/2853/2853 2854/2854/2854
f 2855/2855/2855 2856/2856/2856 2857/2857/2857
f 2855/2855/2855 2857/2857/2857 2858/2858/2858
f 2859/2859/2859 2860/2860/2860 2861/2861/2861
f 2859/2859/2859 2861/2861/2861 2862/2862/2862
f 2863/2863/2863 2864/2864/2864 2865/2865/2865
f 2863/2863/2863 2865/2865/2865 2866/2866/2866
f 2867/2867/2867 2868/2868/2868 2869/2869/2869
f 2867/2867/2867 2869/2869/2869 2870/2870/2870
f 2871/2871/2871 2872/2872/2872 2873/2873/2873
f 2871/2871/2871 2873/2873/2873 2874/2874/2874
f 2875/2875/2875 2876/2876/2876 2877/2877/2877
f 2875/2875/2875 2877/2877/2877 2878/2878/2878
f 2877/2877/2877 2879/2879/2879 2878/2878/2878
f 2877/2877/2877 2880/2880/2880 2879/2879/2879
f 2879/2879/2879 2880/2880/2880 2881/2881/2881
f 2879/2879/2879 2881/2881/2881 2882/2882/2882
f 2882/2882/2882 2881/2881/2881 2883/2883/2883
f 2882/2882/2882 2883/2883/2883 2884/2884/2884
f 2884/2884/2884 2883/2883/2883 2885/2885/2885
f 2884/2884/2884 2885/2885/2885 2886/2886/2886
f 2886/2886/2886 2885/2885/2885 2887/2887/2887
f 2886/2886/2886 2887/2887/2887 2888/2888/2888
f 2889/2889/2889 2890/2890/2890 2891/2891/2891
f 2889/2889/2889 2892/2892/2892 2890/2890/2890
f 2892/2892/2892 2893/2893/2893 2890/2890/2890
f 2892/2892/2892 2894/2894/2894 2893/2893/2893
f 2894/2894/2894 2895/2895/2895 2893/2893/2893
f 2894/2894/2894 2896/2896/2896 2895/2895/2895
f 2896/2896/2896 2897/2897/2897 2895/2895/2895
f 2896/2896/2896 2898/2898/2898 2897/2897/2897
f 2898/2898/2898 2899/2899/2899 2897/2897/2897
f 2898/2898/2898 2900/2900/2900 2899/2899/2899
f 2900/2900/2900 2901/2901/2901 2899/2899/2899
f 2900/2900/2900 2902/2902/2902 2901/2901/2901
f 2903/2903/2903 2904/2904/2904 2905/2905/2905
f 2906/2906/2906 2905/2905/2905 2904/2904/2904
f 2906/2906/2906 2907/2907/2907 2905/2905/2905
f 2908/2908/2908 2907/2907/2907 2906/2906/2906
f 2909/2909/2909 2905/2905/2905 2907/2907/2907
f 2909/2909/2909 2910/2910/2910 2905/2905/2905
f 2911/2911/2911 2910/2910/2910 2909/2909/2909
f 2911/2911/2911 2909/2909/2909 2912/2912/2912
f 2911/2911/2911 2913/2913/2913 2910/2910/2910
f 2914/2914/2914 2910/2910/2910 2913/2913/2913
f 2915/2915/2915 2916/2916/2916 2917/2917/2917
f 2918/2918/2918 2915/2915/2915 2917/2917/2917
f 2918/2918/2918 2917/2917/2917 2919/2919/2919
f 2918/2918/2918 2919/2919/2919 2920/2920/2920
f 2919/2919/2919 2917/2917/2917 2921/2921/2921
f 2919/2919/2919 2921/2921/2921 2922/2922/2922
f 2923/2923/2923 2922/2922/2922 2921/2921/2921
f 2924/2924/2924 2922/2922/2922 2923/2923/2923
f 2923/2923/2923 2921/2921/2921 2925/2925/2925
f 2921/2921/2921 2926/2926/2926 2925/2925/2925
f 2927/2927/2927 2928/2928/2928 2929/2929/2929
f 2927/2927/2927 2929/2929/2929 2930/2930/2930
f 2931/2931/2931 2932/2932/2932 2933/2933/2933
f 2931/2931/2931 2933/2933/2933 2934/2934/2934
f 2935/2935/2935 2936/2936/2936 2937/2937/2937
f 2935/2935/2935 2937/2937/2937 2938/2938/2938
f 2939/2939/2939 2940/2940/2940 2941/2941/2941
f 2939/2939/2939 2941/2941/2941 2942/2942/2942
f 2943/2943/2943 2944/2944/2944 2945/2945/2945
f 2943/2943/2943 2945/2945/2945 2946/2946/2946
f 2947/2947/2947 2948/2948/2948 2949/2949/2949
f 2947/2947/2947 2949/2949/2949 2950/2950/2950
f 2951/2951/2951 2952/2952/2952 2953/2953/2953
f 2951/2951/2951 2953/2953/2953 2954/2954/2954
f 2955/2955/2955 2956/2956/2956 2957/2957/2957
f 2955/2955/2955 2957/2957/2957 2958/2958/2958
f 2959/2959/2959 2960/2960/2960 2961/2961/2961
f 2959/2959/2959 2961/2961/2961 2962/2962/2962
f 2963/2963/2963 2964/2964/2964 2965/2965/2965
f 2963/2963/2963 2965/2965/2965 2966/2966/2966
f 2967/2967/2967 2968/2968/2968 2969/2969/2969
f 2967/2967/2967 2969/2969/2969 2970/2970/2970
f 2971/2971/2971 2972/2972/2972 2973/2973/2973
f 2971/2971/2971 2973/2973/2973 2974/2974/2974
f 2975/2975/2975 2976/2976/2976 2977/2977/2977
f 2975/2975/2975 2977/2977/2977 2978/2978/2978
f 2979/2979/2979 2980/2980/2980 2981/2981/2981
f 2979/2979/2979 2981/2981/2981 2982/2982/2982
f 2983/2983/2983 2984/2984/2984 2985/2985/2985
f 2983/2983/2983 2985/2985/2985 2986/2986/2986
f 2987/2987/2987 2988/2988/2988 2989/2989/2989
f 2987/2987/2987 2989/2989/2989 2990/2990/2990
f 2991/2991/2991 2992/2992/2992 2993/2993/2993
f 2991/2991/2991 2993/2993/2993 2994/2994/2994
f 2995/2995/2995 2996/2996/2996 2997/2997/2997
f 2995/2995/2995 2998/2998/2998 2996/2996/2996
f 2999/2999/2999 2998/2998/2998 2995/2995/2995
f 2999/2999/2999 3000/3000/3000 2998/2998/2998
f 3001/3001/3001 3000/3000/3000 2999/2999/2999
f 3001/3001/3001 3002/3002/3002 3000/3000/3000
f 3003/3003/3003 3002/3002/3002 3001/3001/3001
f 3003/3003/3003 3001/3001/3001 3004/3004/3004
f 3005/3005/3005 3003/3003/3003 3004/3004/3004
f 3005/3005/3005 3006/3006/3006 3003/3003/3003
f 3007/3007/3007 3006/3006/3006 3005/3005/3005
f 3007/3007/3007 3008/3008/3008 3006/3006/3006
f 3009/3009/3009 3008/3008/3008 3007/3007/3007
f 3009/3009/3009 3010/3010/3010 3008/3008/3008
f 3011/3011/3011 3010/3010/3010 3009/3009/3009
f 3011/3011/3011 3012/3012/3012 3010/3010/3010
f 3013/3013/3013 3014/3014/3014 3015/3015/3015
f 3013/3013/3013 3016/3016/3016 3014/3014/3014
f 3017/3017/3017 3016/3016/3016 3013/3013/3013
f 3017/3017/3017 3018/3018/3018 3016/3016/3016
f 3019/3019/3019 3020/3020/3020 3021/3021/3021
f 3019/3019/3019 3021/3021/3021 3022/3022/3022
f 3023/3023/3023 3024/3024/3024 3025/3025/3025
f 3023/3023/3023 3025/3025/3025 3026/3026/3026
f 3026/3026/3026 3025/3025/3025 3027/3027/3027
f 3026/3026/3026 3027/3027/3027 3028/3028/3028
f 3029/3029/3029 3028/3028/3028 3027/3027/3027
f 3029/3029/3029 3027/3027/3027 3030/3030/3030
f 3031/3031/3031 3032/3032/3032 3033/3033/3033
f 3031/3031/3031 3033/3033/3033 3034/3034/3034
f 3034/3034/3034 3033/3033/3033 3035/3035/3035
f 3034/3034/3034 3035/3035/3035 3036/3036/3036
f 3037/3037/3037 3036/3036/3036 3035/3035/3035
f 3037/3037/3037 3035/3035/3035 3038/3038/3038
f 3039/3039/3039 3040/3040/3040 3041/3041/3041
f 3039/3039/3039 3041/3041/3041 3042/3042/3042
f 3043/3043/3043 3044/3044/3044 3045/3045/3045
f 3043/3043/3043 3045/3045/3045 3046/3046/3046
f 3047/3047/3047 3048/3048/3048 3049/3049/3049
f 3047/3047/3047 3049/3049/3049 3050/3050/3050
f 3051/3051/3051 3052/3052/3052 3053/3053/3053
f 3051/3051/3051 3053/3053/3053 3054/3054/3054
f 3055/3055/3055 3056/3056/3056 3057/3057/3057
f 3055/3055/3055 3057/3057/3057 3058/3058/3058
f 3059/3059/3059 3060/3060/3060 3061/3061/3061
f 3059/3059/3059 3061/3061/3061 3062/3062/3062
f 3063/3063/3063 3064/3064/3064 3065/3065/3065
f 3063/3063/3063 3065/3065/3065 3066/3066/3066
f 3067/3067/3067 3068/3068/3068 3069/3069/3069
f 3067/3067/3067 3069/3069/3069 3070/3070/3070
f 3071/3071/3071 3072/3072/3072 3073/3073/3073
f 3071/3071/3071 3073/3073/3073 3074/3074/3074
f 3075/3075/3075 3071/3071/3071 3074/3074/3074
f 3075/3075/3075 3074/3074/3074 3076/3076/3076
f 3077/3077/3077 3075/3075/3075 3076/3076/3076
f 3077/3077/3077 3076/3076/3076 3078/3078/3078
f 3079/3079/3079 3077/3077/3077 3078/3078/3078
f 3079/3079/3079 3080/3080/3080 3077/3077/3077
f 3081/3081/3081 3080/3080/3080 3079/3079/3079
f 3081/3081/3081 3079/3079/3079 3082/3082/3082
f 3083/3083/3083 3081/3081/3081 3082/3082/3082
f 3083/3083/3083 3082/3082/3082 3084/3084/3084
f 3085/3085/3085 3083/3083/3083 3084/3084/3084
f 3085/3085/3085 3084/3084/3084 3086/3086/3086
f 3087/3087/3087 3085/3085/3085 3086/3086/3086
f 3087/3087/3087 3086/3086/3086 3088/3088/3088
f 3089/3089/3089 3090/3090/3090 3091/3091/3091
f 3089/3089/3089 3091/3091/3091 3092/3092/3092
f 3093/3093/3093 3089/3089/3089 3092/3092/3092
f 3093/3093/3093 3092/3092/3092 3094/3094/3094
f 3095/3095/3095 3096/3096/3096 3097/3097/3097
f 3095/3095/3095 3097/3097/3097 3098/3098/3098
f 3099/3099/3099 3100/3100/3100 3101/3101/3101
f 3099/3099/3099 3102/3102/3102 3100/3100/3100
f 3102/3102/3102 3103/3103/3103 3100/3100/3100
f 3102/3102/3102 3104/3104/3104 3103/3103/3103
f 3105/3105/3105 3103/3103/3103 3104/3104/3104
f 3105/3105/3105 3106/3106/3106 3103/3103/3103
f 3107/3107/3107 3108/3108/3108 3109/3109/3109
f 3107/3107/3107 3110/3110/3110 3108/3108/3108
f 3110/3110/3110 3111/3111/3111 3108/3108/3108
f 3110/3110/3110 3112/3112/3112 3111/3111/3111
f 3113/3113/3113 3111/3111/3111 3112/3112/3112
f 3113/3113/3113 3114/3114/3114 3111/3111/3111
f 3115/3115/3115 3116/3116/3116 3117/3117/3117
f 3115/3115/3115 3117/3117/3117 3118/3118/3118
f 3119/3119/3119 3120/3120/3120 3121/3121/3121
f 3119/3119/3119 3121/3121/3121 3122/3122/3122
f 3123/3123/3123 3124/3124/3124 3125/3125/3125
f 3123/3123/3123 3125/3125/3125 3126/3126/3126
f 3127/3127/3127 3128/3128/3128 3129/3129/3129
f 3127/3127/3127 3129/3129/3129 3130/3130/3130
f 3131/3131/3131 3132/3132/3132 3133/3133/3133
f 3131/3131/3131 3133/3133/3133 3134/3134/3134
f 3135/3135/3135 3136/3136/3136 3137/3137/3137
f 3135/3135/3135 3137/3137/3137 3138/3138/3138
f 3139/3139/3139 3140/3140/3140 3141/3141/3141
f 3139/3139/3139 3141/3141/3141 3142/3142/3142
f 3143/3143/3143 3144/3144/3144 3145/3145/3145
f 3143/3143/3143 3145/3145/3145 3146/3146/3146
f 3147/3147/3147 3148/3148/3148 3149/3149/3149
f 3147/3147/3147 3149/3149/3149 3150/3150/3150
f 3151/3151/3151 3147/3147/3147 3150/3150/3150
f 3151/3151/3151 3150/3150/3150 3152/3152/3152
f 3153/3153/3153 3151/3151/3151 3152/3152/3152
f 3153/3153/3153 3152/3152/3152 3154/3154/3154
f 3155/3155/3155 3153/3153/3153 3154/3154/3154
f 3155/3155/3155 3154/3154/3154 3156/3156/3156
f 3157/3157/3157 3158/3158/3158 3159/3159/3159
f 3157/3157/3157 3159/3159/3159 3160/3160/3160
f 3161/3161/3161 3157/3157/3157 3160/3160/3160
f 3161/3161/3161 3160/3160/3160 3162/3162/3162
f 3163/3163/3163 3161/3161/3161 3162/3162/3162
f 3163/3163/3163 3162/3162/3162 3164/3164/3164
f 3165/3165/3165 3163/3163/3163 3164/3164/3164
f 3165/3165/3165 3164/3164/3164 3166/3166/3166
f 3167/3167/3167 3168/3168/3168 3169/3169/3169
f 3167/3167/3167 3169/3169/3169 3170/3170/3170
f 3171/3171/3171 3167/3167/3167 3170/3170/3170
f 3171/3171/3171 3170/3170/3170 3172/3172/3172
f 3173/3173/3173 3171/3171/3171 3172/3172/3172
f 3173/3173/3173 3172/3172/3172 3174/3174/3174
f 3175/3175/3175 3173/3173/3173 3174/3174/3174
f 3175/3175/3175 3174/3174/3174 3176/3176/3176
f 3177/3177/3177 3178/3178/3178 3179/3179/3179
f 3177/3177/3177 3179/3179/3179 3180/3180/3180
f 3181/3181/3181 3177/3177/3177 3180/3180/3180
f 3181/3181/3181 3180/3180/3180 3182/3182/3182
f 3183/3183/3183 3181/3181/3181 3182/3182/3182
f 3183/3183/3183 3182/3182/3182 3184/3184/3184
f 3185/3185/3185 3183/3183/3183 3184/3184/3184
f 3185/3185/3185 3184/3184/3184 3186/3186/3186
f 3187/3187/3187 3188/3188/3188 3189/3189/3189
f 3187/3187/3187 3189/3189/3189 3190/3190/3190
f 3191/3191/3191 3192/3192/3192 3193/3193/3193
f 3191/3191/3191 3193/3193/3193 3194/3194/3194
f 3195/3195/3195 3196/3196/3196 3197/3197/3197
f 3195/3195/3195 3197/3197/3197 3198/3198/3198
f 3199/3199/3199 3200/3200/3200 3201/3201/3201
f 3199/3199/3199 3201/3201/3201 3202/3202/3202
f 3203/3203/3203 3204/3204/3204 3205/3205/3205
f 3203/3203/3203 3205/3205/3205 3206/3206/3206
f 3207/3207/3207 3208/3208/3208 3209/3209/3209
f 3207/3207/3207 3209/3209/3209 3210/3210/3210
f 3211/3211/3211 3212/3212/3212 3213/3213/3213
f 3211/3211/3211 3213/3213/3213 3214/3214/3214
f 3215/3215/3215 3216/3216/3216 3217/3217/3217
f 3215/3215/3215 3217/3217/3217 3218/3218/3218
f 3219/3219/3219 3220/3220/3220 3221/3221/3221
f 3219/3219/3219 3221/3221/3221 3222/3222/3222
f 3223/3223/3223 3224/3224/3224 3225/3225/3225
f 3223/3223/3223 3225/3225/3225 3226/3226/3226
f 3227/3227/3227 3228/3228/3228 3229/3229/3229
f 3227/3227/3227 3229/3229/3229 3230/3230/3230
f 3231/3231/3231 3232/3232/3232 3233/3233/3233
f 3231/3231/3231 3233/3233/3233 3234/3234/3234
f 3235/3235/3235 3236/3236/3236 3237/3237/3237
f 3235/3235/3235 3237/3237/3237 3238/3238/3238
f 3239/3239/3239 3240/3240/3240 3241/3241/3241
f 3239/3239/3239 3241/3241/3241 3242/3242/3242
f 3243/3243/3243 3244/3244/3244 3245/3245/3245
f 3243/3243/3243 3245/3245/3245 3246/3246/3246
f 3247/3247/3247 3248/3248/3248 3249/3249/3249
f 3247/3247/3247 3249/3249/3249 3250/3250/3250
f 3251/3251/3251 3252/3252/3252 3253/3253/3253
f 3251/3251/3251 3253/3253/3253 3254/3254/3254
f 3255/3255/3255 3256/3256/3256 3257/3257/3257
f 3255/3255/3255 3257/3257/3257 3258/3258/3258
f 3259/3259/3259 3260/3260/3260 3261/3261/3261
f 3259/3259/3259 3261/3261/3261 3262/3262/3262
f 3263/3263/3263 3264/3264/3264 3265/3265/3265
f 3263/3263/3263 3265/3265/3265 3266/3266/3266
f 3267/3267/3267 3268/3268/3268 3269/3269/3269
f 3267/3267/3267 3269/3269/3269 3270/3270/3270
f 3271/3271/3271 3272/3272/3272 3273/3273/3273
f 3271/3271/3271 3273/3273/3273 3274/3274/3274
f 3275/3275/3275 3276/3276/3276 3277/3277/3277
f 3275/3275/3275 3277/3277/3277 3278/3278/3278
f 3279/3279/3279 3280/3280/3280 3281/3281/3281
f 3279/3279/3279 3281/3281/3281 3282/3282/3282
f 3283/3283/3283 3284/3284/3284 3285/3285/3285
f 3283/3283/3283 3285/3285/3285 3286/3286/3286
f 3287/3287/3287 3288/3288/3288 3289/3289/3289
f 3287/3287/3287 3289/3289/3289 3290/3290/3290
f 3291/3291/3291 3292/3292/3292 3293/3293/3293
f 3291/3291/3291 3293/3293/3293 3294/3294/3294
f 3295/3295/3295 3296/3296/3296 3297/3297/3297
f 3295/3295/3295 3297/3297/3297 3298/3298/3298
f 3299/3299/3299 3300/3300/3300 3301/3301/3301
f 3299/3299/3299 3301/3301/3301 3302/3302/3302
f 3303/3303/3303 3304/3304/3304 3305/3305/3305
f 3303/3303/3303 3305/3305/3305 3306/3306/3306
f 3307/3307/3307 3308/3308/3308 3309/3309/3309
f 3307/3307/3307 3309/3309/3309 3310/3310/3310
f 3311/3311/3311 3312/3312/3312 3313/3313/3313
f 3311/3311/3311 3313/3313/3313 3314/3314/3314
f 3315/3315/3315 3316/3316/3316 3317/3317/3317
f 3315/3315/3315 3318/3318/3318 3316/3316/3316
f 3319/3319/3319 3318/3318/3318 3315/3315/3315
f 3319/3319/3319 3320/3320/3320 3318/3318/3318
f 3321/3321/3321 3320/3320/3320 3319/3319/3319
f 3321/3321/3321 3322/3322/3322 3320/3320/3320
f 3323/3323/3323 3322/3322/3322 3321/3321/3321
f 3323/3323/3323 3324/3324/3324 3322/3322/3322
f 3325/3325/3325 3324/3324/3324 3323/3323/3323
f 3325/3325/3325 3326/3326/3326 3324/3324/3324
f 3327/3327/3327 3326/3326/3326 3325/3325/3325
f 3327/3327/3327 3328/3328/3328 3326/3326/3326
f 3329/3329/3329 3328/3328/3328 3327/3327/3327
f 3329/3329/3329 3330/3330/3330 3328/3328/3328
f 3331/3331/3331 3330/3330/3330 3329/3329/3329
f 3331/3331/3331 3332/3332/3332 3330/3330/3330
f 3333/3333/3333 3332/3332/3332 3331/3331/3331
f 3333/3333/3333 3334/3334/3334 3332/3332/3332
f 3335/3335/3335 3334/3334/3334 3333/3333/3333
f 3335/3335/3335 3336/3336/3336 3334/3334/3334
f 3337/3337/3337 3336/3336/3336 3335/3335/3335
f 3337/3337/3337 3338/3338/3338 3336/3336/3336
f 3339/3339/3339 3338/3338/3338 3337/3337/3337
f 3339/3339/3339 3340/3340/3340 3338/3338/3338
f 3340/3340/3340 3339/3339/3339 3341/3341/3341
f 3340/3340/3340 3341/3341/3341 3342/3342/3342
f 3343/3343/3343 3342/3342/3342 3341/3341/3341
f 3343/3343/3343 3344/3344/3344 3342/3342/3342
f 3345/3345/3345 3344/3344/3344 3343/3343/3343
f 3345/3345/3345 3346/3346/3346 3344/3344/3344
f 3347/3347/3347 3346/3346/3346 3345/3345/3345
f 3347/3347/3347 3348/3348/3348 3346/3346/3346
f 3349/3349/3349 3348/3348/3348 3347/3347/3347
f 3349/3349/3349 3350/3350/3350 3348/3348/3348
f 3351/3351/3351 3350/3350/3350 3349/3349/3349
f 3351/3351/3351 3352/3352/3352 3350/3350/3350
f 3353/3353/3353 3352/3352/3352 3351/3351/3351
f 3353/3353/3353 3354/3354/3354 3352/3352/3352
f 3355/3355/3355 3354/3354/3354 3353/3353/3353
f 3355/3355/3355 3356/3356/3356 3354/3354/3354
f 3357/3357/3357 3356/3356/3356 3355/3355/3355
f 3357/3357/3357 3358/3358/3358 3356/3356/3356
f 3359/3359/3359 3358/3358/3358 3357/3357/3357
f 3359/3359/3359 3360/3360/3360 3358/3358/3358
f 3361/3361/3361 3362/3362/3362 3363/3363/3363
f 3361/3361/3361 3364/3364/3364 3362/3362/3362
f 3364/3364/3364 3365/3365/3365 3362/3362/3362
f 3364/3364/3364 3366/3366/3366 3365/3365/3365
f 3366/3366/3366 3367/3367/3367 3365/3365/3365
f 3366/3366/3366 3368/3368/3368 3367/3367/3367
f 3368/3368/3368 3369/3369/3369 3367/3367/3367
f 3368/3368/3368 3370/3370/3370 3369/3369/3369
f 3370/3370/3370 3371/3371/3371 3369/3369/3369
f 3370/3370/3370 3372/3372/3372 3371/3371/3371
f 3372/3372/3372 3373/3373/3373 3371/3371/3371
f 3372/3372/3372 3374/3374/3374 3373/3373/3373
f 3374/3374/3374 3375/3375/3375 3373/3373/3373
f 3374/3374/3374 3376/3376/3376 3375/3375/3375
f 3376/3376/3376 3377/3377/3377 3375/3375/3375
f 3376/3376/3376 3378/3378/3378 3377/3377/3377
f 3378/3378/3378 3379/3379/3379 3377/3377/3377
f 3378/3378/3378 3380/3380/3380 3379/3379/3379
f 3380/3380/3380 3381/3381/3381 3379/3379/3379
f 3380/3380/3380 3382/3382/3382 3381/3381/3381
f 3382/3382/3382 3383/3383/3383 3381/3381/3381
f 3382/3382/3382 3384/3384/3384 3383/3383/3383
f 3385/3385/3385 3383/3383/3383 3384/3384/3384
f 3385/3385/3385 3386/3386/3386 3383/3383/3383
f 3385/3385/3385 3387/3387/3387 3386/3386/3386
f 3385/3385/3385 3388/3388/3388 3387/3387/3387
f 3388/3388/3388 3389/3389/3389 3387/3387/3387
f 3388/3388/3388 3390/3390/3390 3389/3389/3389
f 3390/3390/3390 3391/3391/3391 3389/3389/3389
f 3390/3390/3390 3392/3392/3392 3391/3391/3391
f 3392/3392/3392 3393/3393/3393 3391/3391/3391
f 3392/3392/3392 3394/3394/3394 3393/3393/3393
f 3394/3394/3394 3395/3395/3395 3393/3393/3393
f 3394/3394/3394 3396/3396/3396 3395/3395/3395
f 3396/3396/3396 3397/3397/3397 3395/3395/3395
f 3396/3396/3396 3398/3398/3398 3397/3397/3397
f 3398/3398/3398 3399/3399/3399 3397/3397/3397
f 3398/3398/3398 3400/3400/3400 3399/3399/3399
f 3400/3400/3400 3401/3401/3401 3399/3399/3399
f 3400/3400/3400 3402/3402/3402 3401/3401/3401
f 3402/3402/3402 3403/3403/3403 3401/3401/3401
f 3402/3402/3402 3404/3404/3404 3403/3403/3403
f 3405/3405/3405 3406/3406/3406 3407/3407/3407
f 3405/3405/3405 3407/3407/3407 3408/3408/3408
f 3409/3409/3409 3410/3410/3410 3411/3411/3411
f 3409/3409/3409 3412/3412/3412 3410/3410/3410
f 3413/3413/3413 3412/3412/3412 3409/3409/3409
f 3413/3413/3413 3414/3414/3414 3412/3412/3412
f 3415/3415/3415 3414/3414/3414 3413/3413/3413
f 3415/3415/3415 3416/3416/3416 3414/3414/3414
f 3417/3417/3417 3416/3416/3416 3415/3415/3415
f 3417/3417/3417 3418/3418/3418 3416/3416/3416
f 3419/3419/3419 3418/3418/3418 3417/3417/3417
f 3419/3419/3419 3420/3420/3420 3418/3418/3418
f 3421/3421/3421 3420/3420/3420 3419/3419/3419
f 3421/3421/3421 3422/3422/3422 3420/3420/3420
f 3423/3423/3423 3422/3422/3422 3421/3421/3421
f 3423/3423/3423 3424/3424/3424 3422/3422/3422
f 3425/3425/3425 3424/3424/3424 3423/3423/3423
f 3425/3425/3425 3426/3426/3426 3424/3424/3424
f 3427/3427/3427 3426/3426/3426 3425/3425/3425
f 3427/3427/3427 3428/3428/3428 3426/3426/3426
f 3429/3429/3429 3428/3428/3428 3427/3427/3427
f 3429/3429/3429 3430/3430/3430 3428/3428/3428
f 3431/3431/3431 3430/3430/3430 3429/3429/3429
f 3431/3431/3431 3432/3432/3432 3430/3430/3430
f 3433/3433/3433 3432/3432/3432 3431/3431/3431
f 3433/3433/3433 3434/3434/3434 3432/3432/3432
f 3435/3435/3435 3434/3434/3434 3433/3433/3433
f 3435/3435/3435 3436/3436/3436 3434/3434/3434
f 3437/3437/3437 3436/3436/3436 3435/3435/3435
f 3437/3437/3437 3438/3438/3438 3436/3436/3436
f 3439/3439/3439 3438/3438/3438 3437/3437/3437
f 3439/3439/3439 3440/3440/3440 3438/3438/3438
f 3441/3441/3441 3440/3440/3440 3439/3439/3439
f 3441/3441/3441 3442/3442/3442 3440/3440/3440
f 3443/3443/3443 3442/3442/3442 3441/3441/3441
f 3443/3443/3443 3444/3444/3444 3442/3442/3442
f 3445/3445/3445 3444/3444/3444 3443/3443/3443
f 3445/3445/3445 3446/3446/3446 3444/3444/3444
f 3447/3447/3447 3446/3446/3446 3445/3445/3445
f 3447/3447/3447 3448/3448/3448 3446/3446/3446
f 3449/3449/3449 3448/3448/3448 3447/3447/3447
f 3449/3449/3449 3450/3450/3450 3448/3448/3448
f 3451/3451/3451 3450/3450/3450 3449/3449/3449
f 3451/3451/3451 3452/3452/3452 3450/3450/3450
f 3453/3453/3453 3452/3452/3452 3451/3451/3451
f 3453/3453/3453 3454/3454/3454 3452/3452/3452
f 3455/3455/3455 3456/3456/3456 3457/3457/3457
f 3455/3455/3455 3458/3458/3458 3456/3456/3456
f 3459/3459/3459 3458/3458/3458 3455/3455/3455
f 3459/3459/3459 3460/3460/3460 3458/3458/3458
f 3461/3461/3461 3460/3460/3460 3459/3459/3459
f 3461/3461/3461 3462/3462/3462 3460/3460/3460
f 3463/3463/3463 3462/3462/3462 3461/3461/3461
f 3463/3463/3463 3464/3464/3464 3462/3462/3462
f 3465/3465/3465 3464/3464/3464 3463/3463/3463
f 3465/3465/3465 3466/3466/3466 3464/3464/3464
f 3467/3467/3467 3466/3466/3466 3465/3465/3465
f 3467/3467/3467 3468/3468/3468 3466/3466/3466
f 3469/3469/3469 3468/3468/3468 3467/3467/3467
f 3469/3469/3469 3470/3470/3470 3468/3468/3468
f 3471/3471/3471 3470/3470/3470 3469/3469/3469
f 3471/3471/3471 3472/3472/3472 3470/3470/3470
f 3473/3473/3473 3472/3472/3472 3471/3471/3471
f 3473/3473/3473 3474/3474/3474 3472/3472/3472
f 3475/3475/3475 3474/3474/3474 3473/3473/3473
f 3475/3475/3475 3476/3476/3476 3474/3474/3474
f 3477/3477/3477 3476/3476/3476 3475/3475/3475
f 3477/3477/3477 3478/3478/3478 3476/3476/3476
f 3479/3479/3479 3478/3478/3478 3477/3477/3477
f 3479/3479/3479 3480/3480/3480 3478/3478/3478
f 3481/3481/3481 3480/3480/3480 3479/3479/3479
f 3481/3481/3481 3482/3482/3482 3480/3480/3480
f 3483/3483/3483 3482/3482/3482 3481/3481/3481
f 3483/3483/3483 3484/3484/3484 3482/3482/3482
f 3485/3485/3485 3484/3484/3484 3483/3483/3483
f 3485/3485/3485 3486/3486/3486 3484/3484/3484
f 3487/3487/3487 3486/3486/3486 3485/3485/3485
f 3487/3487/3487 3488/3488/3488 3486/3486/3486
f 3489/3489/3489 3488/3488/3488 3487/3487/3487
f 3489/3489/3489 3490/3490/3490 3488/3488/3488
f 3491/3491/3491 3490/3490/3490 3489/3489/3489
f 3491/3491/3491 3492/3492/3492 3490/3490/3490
f 3493/3493/3493 3492/3492/3492 3491/3491/3491
f 3493/3493/3493 3494/3494/3494 3492/3492/3492
f 3495/3495/3495 3494/3494/3494 3493/3493/3493
f 3495/3495/3495 3496/3496/3496 3494/3494/3494
f 3497/3497/3497 3496/3496/3496 3495/3495/3495
f 3497/3497/3497 3498/3498/3498 3496/3496/3496
f 3499/3499/3499 3500/3500/3500 3497/3497/3497
f 3499/3499/3499 3501/3501/3501 3500/3500/3500
f 3502/3502/3502 3503/3503/3503 3504/3504/3504
f 3502/3502/3502 3505/3505/3505 3503/3503/3503
f 3506/3506/3506 3505/3505/3505 3502/3502/3502
f 3506/3506/3506 3507/3507/3507 3505/3505/3505
f 3508/3508/3508 3507/3507/3507 3506/3506/3506
f 3508/3508/3508 3509/3509/3509 3507/3507/3507
f 3510/3510/3510 3509/3509/3509 3508/3508/3508
f 3510/3510/3510 3511/3511/3511 3509/3509/3509
f 3512/3512/3512 3511/3511/3511 3510/3510/3510
f 3512/3512/3512 3513/3513/3513 3511/3511/3511
f 3514/3514/3514 3513/3513/3513 3512/3512/3512
f 3514/3514/3514 3515/3515/3515 3513/3513/3513
f 3516/3516/3516 3515/3515/3515 3514/3514/3514
f 3516/3516/3516 3517/3517/3517 3515/3515/3515
f 3518/3518/3518 3517/3517/3517 3516/3516/3516
f 3518/3518/3518 3519/3519/3519 3517/3517/3517
f 3520/3520/3520 3519/3519/3519 3518/3518/3518
f 3520/3520/3520 3521/3521/3521 3519/3519/3519
f 3522/3522/3522 3523/3523/3523 3524/3524/3524
f 3522/3522/3522 3524/3524/3524 3525/3525/3525
f 3526/3526/3526 3527/3527/3527 3528/3528/3528
f 3526/3526/3526 3528/3528/3528 3529/3529/3529
f 3530/3530/3530 3531/3531/3531 3532/3532/3532
f 3530/3530/3530 3532/3532/3532 3533/3533/3533
f 3534/3534/3534 3535/3535/3535 3536/3536/3536
f 3534/3534/3534 3536/3536/3536 3537/3537/3537
f 3538/3538/3538 3539/3539/3539 3540/3540/3540
f 3538/3538/3538 3540/3540/3540 3541/3541/3541
f 3542/3542/3542 3543/3543/3543 3544/3544/3544
f 3542/3542/3542 3544/3544/3544 3545/3545/3545
f 3546/3546/3546 3547/3547/3547 3548/3548/3548
f 3546/3546/3546 3549/3549/3549 3547/3547/3547
f 3547/3547/3547 3549/3549/3549 3550/3550/3550
f 3547/3547/3547 3550/3550/3550 3551/3551/3551
f 3550/3550/3550 3552/3552/3552 3551/3551/3551
f 3550/3550/3550 3553/3553/3553 3552/3552/3552
f 3553/3553/3553 3554/3554/3554 3552/3552/3552
f 3553/3553/3553 3555/3555/3555 3554/3554/3554
f 3555/3555/3555 3556/3556/3556 3554/3554/3554
f 3555/3555/3555 3557/3557/3557 3556/3556/3556
f 3557/3557/3557 3558/3558/3558 3556/3556/3556
f 3557/3557/3557 3559/3559/3559 3558/3558/3558
f 3560/3560/3560 3561/3561/3561 3562/3562/3562
f 3560/3560/3560 3562/3562/3562 3563/3563/3563
f 3564/3564/3564 3565/3565/3565 3566/3566/3566
f 3564/3564/3564 3566/3566/3566 3567/3567/3567
f 3568/3568/3568 3569/3569/3569 3570/3570/3570
f 3568/3568/3568 3570/3570/3570 3571/3571/3571
f 3572/3572/3572 3573/3573/3573 3574/3574/3574
f 3572/3572/3572 3574/3574/3574 3575/3575/3575
f 3576/3576/3576 3577/3577/3577 3578/3578/3578
f 3576/3576/3576 3578/3578/3578 3579/3579/3579
f 3580/3580/3580 3581/3581/3581 3582/3582/3582
f 3580/3580/3580 3582/3582/3582 3583/3583/3583
f 3584/3584/3584 3585/3585/3585 3586/3586/3586
f 3584/3584/3584 3586/3586/3586 3587/3587/3587
f 3586/3586/3586 3588/3588/3588 3587/3587/3587
f 3586/3586/3586 3589/3589/3589 3588/3588/3588
f 3588/3588/3588 3589/3589/3589 3590/3590/3590
f 3588/3588/3588 3590/3590/3590 3591/3591/3591
f 3591/3591/3591 3590/3590/3590 3592/3592/3592
f 3591/3591/3591 3592/3592/3592 3593/3593/3593
f 3593/3593/3593 3592/3592/3592 3594/3594/3594
f 3593/3593/3593 3594/3594/3594 3595/3595/3595
f 3595/3595/3595 3594/3594/3594 3596/3596/3596
f 3595/3595/3595 3596/3596/3596 3597/3597/3597
f 3598/3598/3598 3599/3599/3599 3600/3600/3600
f 3601/3601/3601 3598/3598/3598 3600/3600/3600
f 3602/3602/3602 3603/3603/3603 3604/3604/3604
f 3605/3605/3605 3602/3602/3602 3604/3604/3604
f 3605/3605/3605 3604/3604/3604 307/307/307
f 3604/3604/3604 3606/3606/3606 307/307/307
f 3607/3607/3607 3608/3608/3608 3609/3609/3609
f 3610/3610/3610 3607/3607/3607 3609/3609/3609
f 3611/3611/3611 3612/3612/3612 3613/3613/3613
f 3614/3614/3614 3611/3611/3611 3613/3613/3613
f 3615/3615/3615 3616/3616/3616 3617/3617/3617
f 3618/3618/3618 3615/3615/3615 3617/3617/3617
f 3619/3619/3619 3620/3620/3620 3617/3617/3617
f 3621/3621/3621 3620/3620/3620 3619/3619/3619
f 3622/3622/3622 3623/3623/3623 3624/3624/3624
f 3625/3625/3625 3622/3622/3622 3624/3624/3624
f 3626/3626/3626 3627/3627/3627 3628/3628/3628
f 3629/3629/3629 3626/3626/3626 3628/3628/3628
f 3630/3630/3630 3631/3631/3631 3632/3632/3632
f 3631/3631/3631 3633/3633/3633 3632/3632/3632
f 3634/3634/3634 3633/3633/3633 3635/3635/3635
f 3636/3636/3636 3634/3634/3634 3635/3635/3635
f 3637/3637/3637 3634/3634/3634 3636/3636/3636
f 3638/3638/3638 3637/3637/3637 3636/3636/3636
f 3639/3639/3639 3640/3640/3640 3641/3641/3641
f 3642/3642/3642 3639/3639/3639 3641/3641/3641
f 3643/3643/3643 3644/3644/3644 3645/3645/3645
f 3646/3646/3646 3643/3643/3643 3645/3645/3645
f 3647/3647/3647 3648/3648/3648 3649/3649/3649
f 3650/3650/3650 3647/3647/3647 3649/3649/3649
f 3651/3651/3651 3652/3652/3652 3653/3653/3653
f 334/334/334 3651/3651/3651 3653/3653/3653
f 334/334/334 3654/3654/3654 3651/3651/3651
f 3651/3651/3651 3654/3654/3654 3655/3655/3655
f 3656/3656/3656 3657/3657/3657 3658/3658/3658
f 3659/3659/3659 3656/3656/3656 3658/3658/3658
f 3660/3660/3660 3661/3661/3661 3662/3662/3662
f 3663/3663/3663 3660/3660/3660 3662/3662/3662
f 3664/3664/3664 3665/3665/3665 3666/3666/3666
f 3667/3667/3667 3665/3665/3665 3664/3664/3664
f 3668/3668/3668 3669/3669/3669 3670/3670/3670
f 3671/3671/3671 3668/3668/3668 3670/3670/3670
f 3672/3672/3672 3673/3673/3673 3674/3674/3674
f 3673/3673/3673 3675/3675/3675 3674/3674/3674
f 3675/3675/3675 3673/3673/3673 3676/3676/3676
f 3677/3677/3677 3673/3673/3673 3678/3678/3678
f 3679/3679/3679 3677/3677/3677 3678/3678/3678
f 3680/3680/3680 3677/3677/3677 3679/3679/3679
f 3681/3681/3681 3680/3680/3680 3679/3679/3679
f 3682/3682/3682 3683/3683/3683 3684/3684/3684
f 3684/3684/3684 3685/3685/3685 3682/3682/3682
f 3686/3686/3686 3687/3687/3687 3688/3688/3688
f 3688/3688/3688 3689/3689/3689 3686/3686/3686
f 3690/3690/3690 3691/3691/3691 3692/3692/3692
f 3692/3692/3692 3693/3693/3693 3690/3690/3690
f 3694/3694/3694 3693/3693/3693 3695/3695/3695
f 3695/3695/3695 3696/3696/3696 3694/3694/3694
f 3697/3697/3697 3698/3698/3698 3699/3699/3699
f 3699/3699/3699 3700/3700/3700 3697/3697/3697
f 3701/3701/3701 3702/3702/3702 3703/3703/3703
f 3703/3703/3703 3704/3704/3704 3701/3701/3701
f 3705/3705/3705 3706/3706/3706 3707/3707/3707
f 3707/3707/3707 3708/3708/3708 3705/3705/3705
f 3709/3709/3709 3710/3710/3710 3711/3711/3711
f 3711/3711/3711 3712/3712/3712 3709/3709/3709
f 3713/3713/3713 3714/3714/3714 3715/3715/3715
f 3715/3715/3715 3716/3716/3716 3713/3713/3713
f 3717/3717/3717 3718/3718/3718 3719/3719/3719
f 3719/3719/3719 3720/3720/3720 3717/3717/3717
f 3721/3721/3721 3722/3722/3722 3723/3723/3723
f 3723/3723/3723 3724/3724/3724 3721/3721/3721
f 3725/3725/3725 3726/3726/3726 3727/3727/3727
f 3727/3727/3727 3728/3728/3728 3725/3725/3725
f 3729/3729/3729 3730/3730/3730 3731/3731/3731
f 3731/3731/3731 3732/3732/3732 3729/3729/3729
f 3733/3733/3733 3734/3734/3734 3735/3735/3735
f 3735/3735/3735 3736/3736/3736 3733/3733/3733
f 3737/3737/3737 3738/3738/3738 3739/3739/3739
f 3739/3739/3739 3740/3740/3740 3737/3737/3737
f 3741/3741/3741 3742/3742/3742 3743/3743/3743
f 3743/3743/3743 3744/3744/3744 3741/3741/3741
f 3745/3745/3745 3741/3741/3741 3746/3746/3746
f 3746/3746/3746 3747/3747/3747 3745/3745/3745
f 3748/3748/3748 3745/3745/3745 3747/3747/3747
f 3747/3747/3747 3749/3749/3749 3748/3748/3748
f 3750/3750/3750 3751/3751/3751 3752/3752/3752
f 3752/3752/3752 3753/3753/3753 3750/3750/3750
f 3754/3754/3754 3755/3755/3755 3756/3756/3756
f 3756/3756/3756 3757/3757/3757 3754/3754/3754
f 3758/3758/3758 3759/3759/3759 3760/3760/3760
f 3761/3761/3761 3762/3762/3762 3758/3758/3758
f 3758/3758/3758 3762/3762/3762 3763/3763/3763
f 3764/3764/3764 3765/3765/3765 3758/3758/3758
f 3764/3764/3764 3766/3766/3766 3760/3760/3760
f 3760/3760/3760 3767/3767/3767 3764/3764/3764
f 3767/3767/3767 3768/3768/3768 3769/3769/3769
f 3769/3769/3769 3770/3770/3770 3767/3767/3767
f 3771/3771/3771 3772/3772/3772 3773/3773/3773
f 3773/3773/3773 3774/3774/3774 3771/3771/3771
f 3775/3775/3775 3776/3776/3776 3777/3777/3777
f 3777/3777/3777 3778/3778/3778 3775/3775/3775
f 3779/3779/3779 3780/3780/3780 3781/3781/3781
f 3781/3781/3781 3782/3782/3782 3779/3779/3779
f 3783/3783/3783 3784/3784/3784 3785/3785/3785
f 3785/3785/3785 3786/3786/3786 3783/3783/3783
f 3787/3787/3787 3788/3788/3788 3789/3789/3789
f 3789/3789/3789 3790/3790/3790 3787/3787/3787
f 3791/3791/3791 3787/3787/3787 3790/3790/3790
f 3790/3790/3790 3792/3792/3792 3791/3791/3791
f 3793/3793/3793 3794/3794/3794 3795/3795/3795
f 3795/3795/3795 3796/3796/3796 3793/3793/3793
f 3793/3793/3793 3796/3796/3796 3797/3797/3797
f 3797/3797/3797 3798/3798/3798 3793/3793/3793
f 3799/3799/3799 3800/3800/3800 3801/3801/3801
f 3801/3801/3801 3802/3802/3802 3799/3799/3799
f 3803/3803/3803 3804/3804/3804 3805/3805/3805
f 3805/3805/3805 3806/3806/3806 3803/3803/3803
f 3807/3807/3807 3803/3803/3803 3808/3808/3808
f 3808/3808/3808 3809/3809/3809 3807/3807/3807
f 3810/3810/3810 3811/3811/3811 3812/3812/3812
f 3812/3812/3812 3813/3813/3813 3810/3810/3810
f 3814/3814/3814 3813/3813/3813 3812/3812/3812
f 3812/3812/3812 3815/3815/3815 3814/3814/3814
f 3816/3816/3816 3814/3814/3814 3817/3817/3817
f 3817/3817/3817 3818/3818/3818 3816/3816/3816
f 3819/3819/3819 3820/3820/3820 3821/3821/3821
f 3821/3821/3821 3822/3822/3822 3819/3819/3819
f 3823/3823/3823 3824/3824/3824 3825/3825/3825
f 3825/3825/3825 3826/3826/3826 3823/3823/3823
f 3826/3826/3826 3827/3827/3827 3828/3828/3828
f 3828/3828/3828 3829/3829/3829 3826/3826/3826
f 3829/3829/3829 3830/3830/3830 3831/3831/3831
f 3831/3831/3831 3832/3832/3832 3829/3829/3829
f 3833/3833/3833 3831/3831/3831 3834/3834/3834
f 3834/3834/3834 3835/3835/3835 3833/3833/3833
f 3836/3836/3836 3837/3837/3837 3838/3838/3838
f 3838/3838/3838 3839/3839/3839 3836/3836/3836
f 3840/3840/3840 3836/3836/3836 3841/3841/3841
f 3841/3841/3841 3842/3842/3842 3840/3840/3840
f 3843/3843/3843 3841/3841/3841 3844/3844/3844
f 3844/3844/3844 3845/3845/3845 3843/3843/3843
f 3846/3846/3846 3847/3847/3847 3845/3845/3845
f 3845/3845/3845 3848/3848/3848 3846/3846/3846
f 3849/3849/3849 3850/3850/3850 3851/3851/3851
f 3851/3851/3851 3852/3852/3852 3849/3849/3849
f 3853/3853/3853 3854/3854/3854 3855/3855/3855
f 3855/3855/3855 3856/3856/3856 3853/3853/3853
f 3857/3857/3857 3858/3858/3858 3859/3859/3859
f 3859/3859/3859 3860/3860/3860 3857/3857/3857
f 3861/3861/3861 3862/3862/3862 3863/3863/3863
f 3863/3863/3863 3864/3864/3864 3861/3861/3861
f 3865/3865/3865 3866/3866/3866 3867/3867/3867
f 3867/3867/3867 3868/3868/3868 3865/3865/3865
f 3869/3869/3869 3870/3870/3870 3871/3871/3871
f 3871/3871/3871 3872/3872/3872 3869/3869/3869
f 3873/3873/3873 3874/3874/3874 3875/3875/3875
f 3875/3875/3875 3876/3876/3876 3873/3873/3873
f 3877/3877/3877 3878/3878/3878 3879/3879/3879
f 3879/3879/3879 3880/3880/3880 3877/3877/3877
f 3881/3881/3881 3882/3882/3882 3883/3883/3883
f 3883/3883/3883 3884/3884/3884 3881/3881/3881
f 3885/3885/3885 3886/3886/3886 3887/3887/3887
f 3887/3887/3887 3888/3888/3888 3885/3885/3885
f 3889/3889/3889 3890/3890/3890 3891/3891/3891
f 3891/3891/3891 3892/3892/3892 3889/3889/3889
f 3893/3893/3893 3894/3894/3894 3895/3895/3895
f 3895/3895/3895 3896/3896/3896 3893/3893/3893
f 3897/3897/3897 3898/3898/3898 3899/3899/3899
f 3899/3899/3899 3900/3900/3900 3897/3897/3897
f 3901/3901/3901 3902/3902/3902 3903/3903/3903
f 3903/3903/3903 3904/3904/3904 3901/3901/3901
f 3905/3905/3905 3906/3906/3906 3907/3907/3907
f 3907/3907/3907 3908/3908/3908 3905/3905/3905
f 3909/3909/3909 3910/3910/3910 3911/3911/3911
f 3911/3911/3911 3912/3912/3912 3909/3909/3909
f 3913/3913/3913 3914/3914/3914 3915/3915/3915
f 3915/3915/3915 3916/3916/3916 3913/3913/3913
f 3917/3917/3917 3918/3918/3918 3919/3919/3919
f 3919/3919/3919 3920/3920/3920 3917/3917/3917
f 3921/3921/3921 3922/3922/3922 3923/3923/3923
f 3923/3923/3923 3924/3924/3924 3921/3921/3921
f 3925/3925/3925 3926/3926/3926 3927/3927/3927
f 3928/3928/3928 3925/3925/3925 3927/3927/3927
f 3929/3929/3929 3930/3930/3930 3927/3927/3927
f 3931/3931/3931 3929/3929/3929 3927/3927/3927
f 3932/3932/3932 3933/3933/3933 3934/3934/3934
f 3933/3933/3933 3935/3935/3935 3934/3934/3934
f 3936/3936/3936 881/881/881 3935/3935/3935
f 881/881/881 3937/3937/3937 3935/3935/3935
f 3937/3937/3937 3938/3938/3938 3935/3935/3935
f 3938/3938/3938 3937/3937/3937 3939/3939/3939
f 3937/3937/3937 3940/3940/3940 3939/3939/3939
f 3940/3940/3940 3937/3937/3937 3941/3941/3941
f 3942/3942/3942 3940/3940/3940 3941/3941/3941
f 3940/3940/3940 3943/3943/3943 3939/3939/3939
f 3943/3943/3943 3944/3944/3944 3939/3939/3939
f 3936/3936/3936 3945/3945/3945 3946/3946/3946
f 3945/3945/3945 3947/3947/3947 3946/3946/3946
f 3942/3942/3942 3948/3948/3948 3949/3949/3949
f 3948/3948/3948 3943/3943/3943 3949/3949/3949
f 3950/3950/3950 3951/3951/3951 3952/3952/3952
f 3953/3953/3953 3950/3950/3950 3952/3952/3952
f 3954/3954/3954 3955/3955/3955 3956/3956/3956
f 3955/3955/3955 3957/3957/3957 3956/3956/3956
f 3958/3958/3958 3959/3959/3959 3957/3957/3957
f 3959/3959/3959 3956/3956/3956 3960/3960/3960
f 3961/3961/3961 3962/3962/3962 3963/3963/3963
f 3964/3964/3964 3961/3961/3961 3963/3963/3963
f 3965/3965/3965 3966/3966/3966 3967/3967/3967
f 3966/3966/3966 3968/3968/3968 3967/3967/3967
f 3968/3968/3968 3969/3969/3969 3970/3970/3970
f 3971/3971/3971 3968/3968/3968 3970/3970/3970
f 3972/3972/3972 3973/3973/3973 3974/3974/3974
f 3975/3975/3975 3972/3972/3972 3974/3974/3974
f 3976/3976/3976 3975/3975/3975 3977/3977/3977
f 3978/3978/3978 3976/3976/3976 3977/3977/3977
f 3976/3976/3976 3979/3979/3979 3980/3980/3980
f 3981/3981/3981 3982/3982/3982 3979/3979/3979
f 3983/3983/3983 3981/3981/3981 3979/3979/3979
f 3981/3981/3981 3984/3984/3984 3985/3985/3985
f 3986/3986/3986 3981/3981/3981 3985/3985/3985
f 3987/3987/3987 3988/3988/3988 3989/3989/3989
f 3989/3989/3989 3990/3990/3990 3987/3987/3987
f 3991/3991/3991 3989/3989/3989 3992/3992/3992
f 3992/3992/3992 3993/3993/3993 3991/3991/3991
f 3994/3994/3994 3990/3990/3990 3995/3995/3995
f 3995/3995/3995 3996/3996/3996 3994/3994/3994
f 3997/3997/3997 3998/3998/3998 3995/3995/3995
f 3995/3995/3995 3999/3999/3999 3997/3997/3997
f 4000/4000/4000 3999/3999/3999 4001/4001/4001
f 4001/4001/4001 4002/4002/4002 4000/4000/4000
f 4003/4003/4003 4004/4004/4004 4005/4005/4005
f 4005/4005/4005 4006/4006/4006 4003/4003/4003
f 4006/4006/4006 4007/4007/4007 4008/4008/4008
f 4008/4008/4008 4009/4009/4009 4006/4006/4006
f 4010/4010/4010 4011/4011/4011 4012/4012/4012
f 4012/4012/4012 4013/4013/4013 4010/4010/4010
f 4014/4014/4014 4015/4015/4015 4013/4013/4013
f 4013/4013/4013 4016/4016/4016 4014/4014/4014
f 4016/4016/4016 4013/4013/4013 4017/4017/4017
f 4017/4017/4017 4018/4018/4018 4016/4016/4016
f 4018/4018/4018 4017/4017/4017 4019/4019/4019
f 4019/4019/4019 4020/4020/4020 4018/4018/4018
f 4021/4021/4021 4014/4014/4014 4022/4022/4022
f 4022/4022/4022 4023/4023/4023 4021/4021/4021
f 4023/4023/4023 4024/4024/4024 4025/4025/4025
f 4025/4025/4025 4026/4026/4026 4023/4023/4023
f 4027/4027/4027 4028/4028/4028 4020/4020/4020
f 4020/4020/4020 4029/4029/4029 4027/4027/4027
f 4030/4030/4030 4027/4027/4027 4031/4031/4031
f 4031/4031/4031 4032/4032/4032 4030/4030/4030
f 4033/4033/4033 4031/4031/4031 4034/4034/4034
f 4034/4034/4034 4035/4035/4035 4033/4033/4033
f 4036/4036/4036 4034/4034/4034 4037/4037/4037
f 4037/4037/4037 4038/4038/4038 4036/4036/4036
f 4039/4039/4039 4037/4037/4037 4040/4040/4040
f 4040/4040/4040 4041/4041/4041 4039/4039/4039
f 4042/4042/4042 4040/4040/4040 4043/4043/4043
f 4043/4043/4043 4044/4044/4044 4042/4042/4042
f 4045/4045/4045 4043/4043/4043 4046/4046/4046
f 4046/4046/4046 4047/4047/4047 4045/4045/4045
f 4048/4048/4048 4049/4049/4049 4050/4050/4050
f 4050/4050/4050 4051/4051/4051 4048/4048/4048
f 4050/4050/4050 4052/4052/4052 4053/4053/4053
f 4053/4053/4053 4054/4054/4054 4050/4050/4050
f 4055/4055/4055 4056/4056/4056 4057/4057/4057
f 4057/4057/4057 4058/4058/4058 4055/4055/4055
f 4059/4059/4059 4060/4060/4060 4061/4061/4061
f 4061/4061/4061 4062/4062/4062 4059/4059/4059
f 4063/4063/4063 4064/4064/4064 4065/4065/4065
f 4065/4065/4065 4066/4066/4066 4063/4063/4063
f 4067/4067/4067 4068/4068/4068 4069/4069/4069
f 4069/4069/4069 4070/4070/4070 4067/4067/4067
f 4071/4071/4071 4067/4067/4067 4072/4072/4072
f 4072/4072/4072 4073/4073/4073 4071/4071/4071
f 4073/4073/4073 4074/4074/4074 4075/4075/4075
f 4075/4075/4075 4076/4076/4076 4073/4073/4073
f 4077/4077/4077 4078/4078/4078 4079/4079/4079
f 4079/4079/4079 4080/4080/4080 4077/4077/4077
f 4081/4081/4081 4082/4082/4082 4083/4083/4083
f 4083/4083/4083 4084/4084/4084 4081/4081/4081
f 4085/4085/4085 4086/4086/4086 4087/4087/4087
f 4087/4087/4087 4088/4088/4088 4085/4085/4085
f 4089/4089/4089 4090/4090/4090 4088/4088/4088
f 4088/4088/4088 4091/4091/4091 4089/4089/4089
f 4092/4092/4092 4089/4089/4089 4093/4093/4093
f 4093/4093/4093 4094/4094/4094 4092/4092/4092
f 4095/4095/4095 4096/4096/4096 4097/4097/4097
f 4097/4097/4097 4098/4098/4098 4095/4095/4095
f 4099/4099/4099 4100/4100/4100 4101/4101/4101
f 4101/4101/4101 4102/4102/4102 4099/4099/4099
f 4103/4103/4103 4104/4104/4104 4105/4105/4105
f 4105/4105/4105 4106/4106/4106 4103/4103/4103
f 4106/4106/4106 4105/4105/4105 4107/4107/4107
f 4107/4107/4107 4108/4108/4108 4106/4106/4106
f 4108/4108/4108 4107/4107/4107 4109/4109/4109
f 4109/4109/4109 4110/4110/4110 4108/4108/4108
f 4111/4111/4111 4112/4112/4112 4113/4113/4113
f 4113/4113/4113 4114/4114/4114 4111/4111/4111
f 4115/4115/4115 4116/4116/4116 4117/4117/4117
f 4117/4117/4117 4118/4118/4118 4115/4115/4115
f 4119/4119/4119 4120/4120/4120 4121/4121/4121
f 4121/4121/4121 4122/4122/4122 4119/4119/4119
f 4123/4123/4123 4124/4124/4124 4125/4125/4125
f 4125/4125/4125 4126/4126/4126 4123/4123/4123
f 4127/4127/4127 4128/4128/4128 4129/4129/4129
f 4129/4129/4129 4130/4130/4130 4127/4127/4127
f 4131/4131/4131 4132/4132/4132 4133/4133/4133
f 4133/4133/4133 4134/4134/4134 4131/4131/4131
f 4135/4135/4135 4136/4136/4136 4137/4137/4137
f 4137/4137/4137 4138/4138/4138 4135/4135/4135
f 4139/4139/4139 4140/4140/4140 4141/4141/4141
f 4141/4141/4141 4142/4142/4142 4139/4139/4139
f 4143/4143/4143 4142/4142/4142 4144/4144/4144
f 4144/4144/4144 4145/4145/4145 4143/4143/4143
f 4146/4146/4146 4147/4147/4147 4148/4148/4148
f 4148/4148/4148 4149/4149/4149 4146/4146/4146
f 4150/4150/4150 4151/4151/4151 4152/4152/4152
f 4152/4152/4152 4153/4153/4153 4150/4150/4150
f 4154/4154/4154 4155/4155/4155 4156/4156/4156
f 4156/4156/4156 4157/4157/4157 4154/4154/4154
f 4158/4158/4158 4159/4159/4159 4160/4160/4160
f 4160/4160/4160 4161/4161/4161 4158/4158/4158
f 4160/4160/4160 4162/4162/4162 4163/4163/4163
f 4163/4163/4163 4164/4164/4164 4160/4160/4160
f 4165/4165/4165 4166/4166/4166 4167/4167/4167
f 4167/4167/4167 4168/4168/4168 4165/4165/4165
f 4168/4168/4168 4169/4169/4169 4170/4170/4170
f 4170/4170/4170 4171/4171/4171 4168/4168/4168
f 4172/4172/4172 4173/4173/4173 4174/4174/4174
f 4174/4174/4174 4175/4175/4175 4172/4172/4172
f 4175/4175/4175 4176/4176/4176 4177/4177/4177
f 4177/4177/4177 4178/4178/4178 4175/4175/4175
f 4179/4179/4179 4180/4180/4180 4181/4181/4181
f 4181/4181/4181 4182/4182/4182 4179/4179/4179
f 4183/4183/4183 4184/4184/4184 4185/4185/4185
f 4185/4185/4185 4186/4186/4186 4183/4183/4183
f 4187/4187/4187 4188/4188/4188 4189/4189/4189
f 4189/4189/4189 4190/4190/4190 4187/4187/4187
f 4191/4191/4191 4192/4192/4192 4190/4190/4190
f 4190/4190/4190 4193/4193/4193 4191/4191/4191
f 4194/4194/4194 4191/4191/4191 4195/4195/4195
f 4195/4195/4195 4196/4196/4196 4194/4194/4194
f 4197/4197/4197 4198/4198/4198 4196/4196/4196
f 4196/4196/4196 4199/4199/4199 4197/4197/4197
f 4195/4195/4195 4200/4200/4200 4201/4201/4201
f 4201/4201/4201 4202/4202/4202 4195/4195/4195
f 4203/4203/4203 4195/4195/4195 4204/4204/4204
f 4204/4204/4204 4205/4205/4205 4203/4203/4203
f 4202/4202/4202 4206/4206/4206 4207/4207/4207
f 4207/4207/4207 4208/4208/4208 4202/4202/4202
f 4202/4202/4202 4209/4209/4209 4210/4210/4210
f 4210/4210/4210 4211/4211/4211 4202/4202/4202
f 4212/4212/4212 4213/4213/4213 4214/4214/4214
f 4214/4214/4214 4215/4215/4215 4212/4212/4212
f 4216/4216/4216 4217/4217/4217 4215/4215/4215
f 4215/4215/4215 4218/4218/4218 4216/4216/4216
f 4219/4219/4219 4220/4220/4220 4221/4221/4221
f 4221/4221/4221 4222/4222/4222 4219/4219/4219
f 4219/4219/4219 4223/4223/4223 4224/4224/4224
f 4224/4224/4224 4225/4225/4225 4219/4219/4219
f 4226/4226/4226 4227/4227/4227 4228/4228/4228
f 4228/4228/4228 4229/4229/4229 4226/4226/4226
f 4226/4226/4226 4230/4230/4230 4231/4231/4231
f 4231/4231/4231 4232/4232/4232 4226/4226/4226
f 4233/4233/4233 4234/4234/4234 4235/4235/4235
f 4235/4235/4235 4236/4236/4236 4233/4233/4233
f 4237/4237/4237 4236/4236/4236 4238/4238/4238
f 4238/4238/4238 4239/4239/4239 4237/4237/4237
f 4240/4240/4240 4241/4241/4241 4242/4242/4242
f 4242/4242/4242 4243/4243/4243 4240/4240/4240
f 4244/4244/4244 4240/4240/4240 4245/4245/4245
f 4245/4245/4245 4246/4246/4246 4244/4244/4244
f 4246/4246/4246 4247/4247/4247 4248/4248/4248
f 4248/4248/4248 4249/4249/4249 4246/4246/4246
f 4250/4250/4250 4249/4249/4249 4248/4248/4248
f 4248/4248/4248 4251/4251/4251 4250/4250/4250
f 4250/4250/4250 4251/4251/4251 4252/4252/4252
f 4252/4252/4252 4253/4253/4253 4250/4250/4250
f 4253/4253/4253 4252/4252/4252 4254/4254/4254
f 4254/4254/4254 4255/4255/4255 4253/4253/4253
f 4256/4256/4256 4257/4257/4257 4258/4258/4258
f 4258/4258/4258 4259/4259/4259 4256/4256/4256
f 4260/4260/4260 4261/4261/4261 4262/4262/4262
f 4262/4262/4262 4263/4263/4263 4260/4260/4260
f 4264/4264/4264 4265/4265/4265 4266/4266/4266
f 4266/4266/4266 4267/4267/4267 4264/4264/4264
f 4268/4268/4268 4269/4269/4269 4270/4270/4270
f 4270/4270/4270 4271/4271/4271 4268/4268/4268
f 4272/4272/4272 4273/4273/4273 4274/4274/4274
f 4274/4274/4274 4275/4275/4275 4272/4272/4272
f 4276/4276/4276 4277/4277/4277 4278/4278/4278
f 4278/4278/4278 4279/4279/4279 4276/4276/4276
f 4280/4280/4280 4276/4276/4276 4279/4279/4279
f 4279/4279/4279 4281/4281/4281 4280/4280/4280
f 4282/4282/4282 4283/4283/4283 4284/4284/4284
f 4284/4284/4284 4285/4285/4285 4282/4282/4282
f 4282/4282/4282 4285/4285/4285 4286/4286/4286
f 4286/4286/4286 4287/4287/4287 4282/4282/4282
f 4288/4288/4288 4289/4289/4289 4290/4290/4290
f 4290/4290/4290 4291/4291/4291 4288/4288/4288
f 4292/4292/4292 4288/4288/4288 4291/4291/4291
f 4291/4291/4291 4293/4293/4293 4292/4292/4292
f 4294/4294/4294 4295/4295/4295 4296/4296/4296
f 4296/4296/4296 4297/4297/4297 4294/4294/4294
f 4294/4294/4294 4297/4297/4297 4298/4298/4298
f 4298/4298/4298 4299/4299/4299 4294/4294/4294
f 4300/4300/4300 4301/4301/4301 4302/4302/4302
f 4302/4302/4302 4303/4303/4303 4300/4300/4300
f 4304/4304/4304 4305/4305/4305 4303/4303/4303
f 4303/4303/4303 4306/4306/4306 4304/4304/4304
f 4307/4307/4307 4308/4308/4308 4306/4306/4306
f 4306/4306/4306 4309/4309/4309 4307/4307/4307
f 4309/4309/4309 4302/4302/4302 4310/4310/4310
f 4310/4310/4310 4311/4311/4311 4309/4309/4309
f 4312/4312/4312 4313/4313/4313 4314/4314/4314
f 4314/4314/4314 4315/4315/4315 4312/4312/4312
f 4316/4316/4316 4317/4317/4317 4318/4318/4318
f 4318/4318/4318 4319/4319/4319 4316/4316/4316
f 4319/4319/4319 4318/4318/4318 4320/4320/4320
f 4320/4320/4320 4321/4321/4321 4319/4319/4319
f 4322/4322/4322 4323/4323/4323 4324/4324/4324
f 4324/4324/4324 4325/4325/4325 4322/4322/4322
f 4326/4326/4326 4325/4325/4325 4324/4324/4324
f 4324/4324/4324 4327/4327/4327 4326/4326/4326
f 4328/4328/4328 4329/4329/4329 4330/4330/4330
f 4330/4330/4330 4331/4331/4331 4328/4328/4328
f 4332/4332/4332 4333/4333/4333 4334/4334/4334
f 4334/4334/4334 4335/4335/4335 4332/4332/4332
f 4336/4336/4336 4337/4337/4337 4338/4338/4338
f 4338/4338/4338 4339/4339/4339 4336/4336/4336
f 4340/4340/4340 4341/4341/4341 4336/4336/4336
f 4336/4336/4336 4342/4342/4342 4340/4340/4340
f 4343/4343/4343 4344/4344/4344 4345/4345/4345
f 4345/4345/4345 4346/4346/4346 4343/4343/4343
f 4347/4347/4347 4348/4348/4348 4349/4349/4349
f 4349/4349/4349 4350/4350/4350 4347/4347/4347
f 4349/4349/4349 4351/4351/4351 4352/4352/4352
f 4352/4352/4352 4353/4353/4353 4349/4349/4349
f 4354/4354/4354 4347/4347/4347 4355/4355/4355
f 4355/4355/4355 4356/4356/4356 4354/4354/4354
f 4357/4357/4357 4356/4356/4356 4353/4353/4353
f 4353/4353/4353 4358/4358/4358 4357/4357/4357
f 4359/4359/4359 4360/4360/4360 4361/4361/4361
f 4361/4361/4361 4362/4362/4362 4359/4359/4359
f 4363/4363/4363 4364/4364/4364 4365/4365/4365
f 4365/4365/4365 4366/4366/4366 4363/4363/4363
f 4367/4367/4367 4368/4368/4368 4369/4369/4369
f 4369/4369/4369 4370/4370/4370 4367/4367/4367
f 4371/4371/4371 4372/4372/4372 4370/4370/4370
f 4370/4370/4370 4373/4373/4373 4371/4371/4371
f 4374/4374/4374 4375/4375/4375 4376/4376/4376
f 4376/4376/4376 4377/4377/4377 4374/4374/4374
f 4374/4374/4374 4377/4377/4377 4378/4378/4378
f 4378/4378/4378 4379/4379/4379 4374/4374/4374
f 4380/4380/4380 4381/4381/4381 4382/4382/4382
f 4382/4382/4382 4383/4383/4383 4380/4380/4380
f 4384/4384/4384 4385/4385/4385 4386/4386/4386
f 4386/4386/4386 4387/4387/4387 4384/4384/4384
f 4388/4388/4388 4389/4389/4389 4390/4390/4390
f 4390/4390/4390 4391/4391/4391 4388/4388/4388
f 4392/4392/4392 4393/4393/4393 4394/4394/4394
f 4394/4394/4394 4395/4395/4395 4392/4392/4392
f 4396/4396/4396 4397/4397/4397 4398/4398/4398
f 4398/4398/4398 4399/4399/4399 4396/4396/4396
f 4400/4400/4400 4401/4401/4401 4402/4402/4402
f 4403/4403/4403 4400/4400/4400 4402/4402/4402
f 4402/4402/4402 4404/4404/4404 4405/4405/4405
f 4404/4404/4404 4406/4406/4406 4405/4405/4405
f 4407/4407/4407 4408/4408/4408 4409/4409/4409
f 4410/4410/4410 4407/4407/4407 4409/4409/4409
f 4411/4411/4411 4412/4412/4412 4413/4413/4413
f 4414/4414/4414 4411/4411/4411 4413/4413/4413
f 4415/4415/4415 4414/4414/4414 4416/4416/4416
f 4417/4417/4417 4415/4415/4415 4416/4416/4416
f 4418/4418/4418 4419/4419/4419 4420/4420/4420
f 4421/4421/4421 4418/4418/4418 4420/4420/4420
f 4422/4422/4422 4423/4423/4423 4424/4424/4424
f 4425/4425/4425 4422/4422/4422 4424/4424/4424
f 4426/4426/4426 4427/4427/4427 4428/4428/4428
f 4427/4427/4427 4429/4429/4429 4428/4428/4428
f 4427/4427/4427 4430/4430/4430 4429/4429/4429
f 4430/4430/4430 4431/4431/4431 4432/4432/4432
f 4431/4431/4431 4430/4430/4430 4433/4433/4433
f 4434/4434/4434 4435/4435/4435 4436/4436/4436
f 4437/4437/4437 4434/4434/4434 4436/4436/4436
f 4438/4438/4438 4439/4439/4439 4440/4440/4440
f 4441/4441/4441 4438/4438/4438 4440/4440/4440
f 4442/4442/4442 4441/4441/4441 4443/4443/4443
f 4444/4444/4444 4442/4442/4442 4443/4443/4443
f 4445/4445/4445 4446/4446/4446 4447/4447/4447
f 4448/4448/4448 4445/4445/4445 4447/4447/4447
f 4449/4449/4449 4450/4450/4450 4448/4448/4448
f 4451/4451/4451 4449/4449/4449 4448/4448/4448
f 4452/4452/4452 4453/4453/4453 4454/4454/4454
f 4455/4455/4455 4452/4452/4452 4454/4454/4454
f 4456/4456/4456 4457/4457/4457 4458/4458/4458
f 4459/4459/4459 4456/4456/4456 4458/4458/4458
f 4460/4460/4460 4461/4461/4461 4462/4462/4462
f 4462/4462/4462 4463/4463/4463 4460/4460/4460
f 4464/4464/4464 4465/4465/4465 4466/4466/4466
f 4466/4466/4466 4467/4467/4467 4464/4464/4464
f 4468/4468/4468 4469/4469/4469 4470/4470/4470
f 4470/4470/4470 4471/4471/4471 4468/4468/4468
f 4472/4472/4472 4473/4473/4473 4474/4474/4474
f 4474/4474/4474 4475/4475/4475 4472/4472/4472
f 4476/4476/4476 4477/4477/4477 4478/4478/4478
f 4478/4478/4478 4479/4479/4479 4476/4476/4476
f 4480/4480/4480 4479/4479/4479 4481/4481/4481
f 4481/4481/4481 4482/4482/4482 4480/4480/4480
f 4483/4483/4483 4482/4482/4482 4484/4484/4484
f 4484/4484/4484 4485/4485/4485 4483/4483/4483
f 4486/4486/4486 4487/4487/4487 4488/4488/4488
f 4488/4488/4488 4489/4489/4489 4486/4486/4486
f 4490/4490/4490 4491/4491/4491 4492/4492/4492
f 4492/4492/4492 4493/4493/4493 4490/4490/4490
f 4494/4494/4494 4495/4495/4495 4496/4496/4496
f 4496/4496/4496 4497/4497/4497 4494/4494/4494
f 4498/4498/4498 4499/4499/4499 4500/4500/4500
f 4500/4500/4500 4501/4501/4501 4498/4498/4498
f 4502/4502/4502 4503/4503/4503 4504/4504/4504
f 4504/4504/4504 4505/4505/4505 4502/4502/4502
f 4506/4506/4506 4507/4507/4507 4508/4508/4508
f 4508/4508/4508 4509/4509/4509 4506/4506/4506
f 4506/4506/4506 4510/4510/4510 4511/4511/4511
f 4511/4511/4511 4512/4512/4512 4506/4506/4506
f 4511/4511/4511 4513/4513/4513 4514/4514/4514
f 4514/4514/4514 4515/4515/4515 4511/4511/4511
f 4516/4516/4516 4517/4517/4517 4518/4518/4518
f 4518/4518/4518 4519/4519/4519 4516/4516/4516
f 4520/4520/4520 4521/4521/4521 4522/4522/4522
f 4522/4522/4522 4523/4523/4523 4520/4520/4520
f 4524/4524/4524 4525/4525/4525 4526/4526/4526
f 4526/4526/4526 4527/4527/4527 4524/4524/4524
f 4528/4528/4528 4529/4529/4529 4527/4527/4527
f 4527/4527/4527 4530/4530/4530 4528/4528/4528
f 4531/4531/4531 4530/4530/4530 4532/4532/4532
f 4532/4532/4532 4533/4533/4533 4531/4531/4531
f 4534/4534/4534 4532/4532/4532 4535/4535/4535
f 4535/4535/4535 4536/4536/4536 4534/4534/4534
f 4537/4537/4537 4538/4538/4538 4539/4539/4539
f 4539/4539/4539 4540/4540/4540 4537/4537/4537
f 4541/4541/4541 4542/4542/4542 4543/4543/4543
f 4543/4543/4543 4544/4544/4544 4541/4541/4541
f 4545/4545/4545 4543/4543/4543 4546/4546/4546
f 4546/4546/4546 4547/4547/4547 4545/4545/4545
f 4548/4548/4548 4549/4549/4549 4550/4550/4550
f 4550/4550/4550 4551/4551/4551 4548/4548/4548
f 4552/4552/4552 4553/4553/4553 4554/4554/4554
f 4554/4554/4554 4555/4555/4555 4552/4552/4552
f 4556/4556/4556 4557/4557/4557 4558/4558/4558
f 4558/4558/4558 4559/4559/4559 4556/4556/4556
f 4560/4560/4560 4561/4561/4561 4562/4562/4562
f 4562/4562/4562 4563/4563/4563 4560/4560/4560
f 4564/4564/4564 4560/4560/4560 4563/4563/4563
f 4563/4563/4563 4565/4565/4565 4564/4564/4564
f 4566/4566/4566 4567/4567/4567 4568/4568/4568
f 4568/4568/4568 4569/4569/4569 4566/4566/4566
f 4566/4566/4566 4569/4569/4569 4570/4570/4570
f 4570/4570/4570 4571/4571/4571 4566/4566/4566
f 4572/4572/4572 4573/4573/4573 4574/4574/4574
f 4574/4574/4574 4575/4575/4575 4572/4572/4572
f 4572/4572/4572 4576/4576/4576 4577/4577/4577
f 4577/4577/4577 4578/4578/4578 4572/4572/4572
f 4579/4579/4579 4572/4572/4572 4580/4580/4580
f 4580/4580/4580 4581/4581/4581 4579/4579/4579
f 4582/4582/4582 4583/4583/4583 4581/4581/4581
f 4581/4581/4581 4584/4584/4584 4582/4582/4582
f 4585/4585/4585 4577/4577/4577 4586/4586/4586
f 4586/4586/4586 4587/4587/4587 4585/4585/4585
f 4588/4588/4588 4586/4586/4586 4589/4589/4589
f 4589/4589/4589 4590/4590/4590 4588/4588/4588
f 4590/4590/4590 4591/4591/4591 4592/4592/4592
f 4592/4592/4592 4593/4593/4593 4590/4590/4590
f 4593/4593/4593 4592/4592/4592 4594/4594/4594
f 4594/4594/4594 4595/4595/4595 4593/4593/4593
f 4596/4596/4596 4592/4592/4592 4597/4597/4597
f 4597/4597/4597 4598/4598/4598 4596/4596/4596
f 4595/4595/4595 4599/4599/4599 4600/4600/4600
f 4600/4600/4600 4601/4601/4601 4595/4595/4595
f 4602/4602/4602 4603/4603/4603 4604/4604/4604
f 4604/4604/4604 4605/4605/4605 4602/4602/4602
f 4606/4606/4606 4602/4602/4602 4607/4607/4607
f 4607/4607/4607 4608/4608/4608 4606/4606/4606
f 4609/4609/4609 4610/4610/4610 4611/4611/4611
f 4611/4611/4611 4612/4612/4612 4609/4609/4609
f 4613/4613/4613 4612/4612/4612 4611/4611/4611
f 4611/4611/4611 4614/4614/4614 4613/4613/4613
f 4615/4615/4615 4616/4616/4616 1300/1300/1300
f 1300/1300/1300 1312/1312/1312 4615/4615/4615
f 4617/4617/4617 4618/4618/4618 4619/4619/4619
f 4619/4619/4619 4620/4620/4620 4617/4617/4617
f 4621/4621/4621 4622/4622/4622 4623/4623/4623
f 4623/4623/4623 4624/4624/4624 4621/4621/4621
f 4625/4625/4625 4626/4626/4626 4627/4627/4627
f 4627/4627/4627 4628/4628/4628 4625/4625/4625
f 4629/4629/4629 4630/4630/4630 4631/4631/4631
f 4631/4631/4631 4632/4632/4632 4629/4629/4629
f 4633/4633/4633 4634/4634/4634 4635/4635/4635
f 4635/4635/4635 4636/4636/4636 4633/4633/4633
f 4637/4637/4637 4638/4638/4638 4639/4639/4639
f 4639/4639/4639 4640/4640/4640 4637/4637/4637
f 4641/4641/4641 4642/4642/4642 4643/4643/4643
f 4643/4643/4643 4644/4644/4644 4641/4641/4641
f 4645/4645/4645 4646/4646/4646 4647/4647/4647
f 4647/4647/4647 4648/4648/4648 4645/4645/4645
f 4649/4649/4649 4650/4650/4650 4651/4651/4651
f 4651/4651/4651 4652/4652/4652 4649/4649/4649
f 4653/4653/4653 4654/4654/4654 4655/4655/4655
f 4655/4655/4655 4656/4656/4656 4653/4653/4653
f 4657/4657/4657 4658/4658/4658 4659/4659/4659
f 4659/4659/4659 4660/4660/4660 4657/4657/4657
f 4661/4661/4661 4662/4662/4662 4663/4663/4663
f 4663/4663/4663 4664/4664/4664 4661/4661/4661
f 4665/4665/4665 4666/4666/4666 4667/4667/4667
f 4667/4667/4667 4668/4668/4668 4665/4665/4665
f 4669/4669/4669 4670/4670/4670 4671/4671/4671
f 4671/4671/4671 4672/4672/4672 4669/4669/4669
f 4673/4673/4673 4674/4674/4674 4675/4675/4675
f 4675/4675/4675 4676/4676/4676 4673/4673/4673
f 4677/4677/4677 4678/4678/4678 4679/4679/4679
f 4679/4679/4679 4680/4680/4680 4677/4677/4677
f 4681/4681/4681 4682/4682/4682 4683/4683/4683
f 4683/4683/4683 4684/4684/4684 4681/4681/4681
f 4685/4685/4685 4686/4686/4686 4687/4687/4687
f 4687/4687/4687 4688/4688/4688 4685/4685/4685
f 4689/4689/4689 4690/4690/4690 4691/4691/4691
f 4691/4691/4691 4692/4692/4692 4689/4689/4689
f 4693/4693/4693 4694/4694/4694 4695/4695/4695
f 4695/4695/4695 4696/4696/4696 4693/4693/4693
f 4697/4697/4697 4698/4698/4698 4699/4699/4699
f 4700/4700/4700 4697/4697/4697 4699/4699/4699
f 4701/4701/4701 4702/4702/4702 4703/4703/4703
f 4704/4704/4704 4701/4701/4701 4703/4703/4703
f 4705/4705/4705 4706/4706/4706 4707/4707/4707
f 1374/1374/1374 4705/4705/4705 4707/4707/4707
f 4705/4705/4705 1369/1369/1369 4708/4708/4708
f 4709/4709/4709 4705/4705/4705 4708/4708/4708
f 4710/4710/4710 4709/4709/4709 4711/4711/4711
f 4711/4711/4711 4712/4712/4712 4708/4708/4708
f 4713/4713/4713 4711/4711/4711 4708/4708/4708
f 4714/4714/4714 4710/4710/4710 4711/4711/4711
f 4715/4715/4715 4716/4716/4716 4711/4711/4711
f 4714/4714/4714 4717/4717/4717 4718/4718/4718
f 4717/4717/4717 4716/4716/4716 4718/4718/4718
f 4719/4719/4719 4718/4718/4718 4716/4716/4716
f 4720/4720/4720 4719/4719/4719 4716/4716/4716
f 4716/4716/4716 4721/4721/4721 4722/4722/4722
f 4721/4721/4721 4723/4723/4723 4722/4722/4722
f 4724/4724/4724 4725/4725/4725 4723/4723/4723
f 4726/4726/4726 4724/4724/4724 4723/4723/4723
f 4727/4727/4727 4728/4728/4728 4729/4729/4729
f 4730/4730/4730 4727/4727/4727 4729/4729/4729
f 4731/4731/4731 4732/4732/4732 4733/4733/4733
f 4734/4734/4734 4731/4731/4731 4733/4733/4733
f 4735/4735/4735 4736/4736/4736 4737/4737/4737
f 4735/4735/4735 4738/4738/4738 4736/4736/4736
f 4739/4739/4739 4740/4740/4740 4741/4741/4741
f 4740/4740/4740 4742/4742/4742 4741/4741/4741
f 4743/4743/4743 4744/4744/4744 4745/4745/4745
f 4746/4746/4746 4743/4743/4743 4745/4745/4745
f 4743/4743/4743 4747/4747/4747 4748/4748/4748
f 4747/4747/4747 4749/4749/4749 4748/4748/4748
f 4750/4750/4750 4751/4751/4751 4752/4752/4752
f 4753/4753/4753 4750/4750/4750 4752/4752/4752
f 4754/4754/4754 4755/4755/4755 4752/4752/4752
f 4756/4756/4756 4755/4755/4755 4754/4754/4754
f 4757/4757/4757 4758/4758/4758 4759/4759/4759
f 4760/4760/4760 4757/4757/4757 4759/4759/4759
f 4761/4761/4761 4762/4762/4762 4763/4763/4763
f 4764/4764/4764 4761/4761/4761 4763/4763/4763
f 4765/4765/4765 4766/4766/4766 4767/4767/4767
f 4768/4768/4768 4765/4765/4765 4767/4767/4767
f 4765/4765/4765 4769/4769/4769 4770/4770/4770
f 4769/4769/4769 4771/4771/4771 4770/4770/4770
f 4772/4772/4772 4773/4773/4773 4774/4774/4774
f 4773/4773/4773 4775/4775/4775 4774/4774/4774
f 4774/4774/4774 4775/4775/4775 4776/4776/4776
f 4775/4775/4775 4777/4777/4777 4776/4776/4776
f 4778/4778/4778 4779/4779/4779 4780/4780/4780
f 4781/4781/4781 4778/4778/4778 4780/4780/4780
f 4782/4782/4782 4783/4783/4783 4784/4784/4784
f 4785/4785/4785 4782/4782/4782 4784/4784/4784
f 4786/4786/4786 4787/4787/4787 4788/4788/4788
f 4789/4789/4789 4786/4786/4786 4788/4788/4788
f 4786/4786/4786 4790/4790/4790 4791/4791/4791
f 4792/4792/4792 4786/4786/4786 4791/4791/4791
f 4793/4793/4793 4794/4794/4794 4795/4795/4795
f 4796/4796/4796 4793/4793/4793 4795/4795/4795
f 4797/4797/4797 4798/4798/4798 4799/4799/4799
f 4800/4800/4800 4797/4797/4797 4799/4799/4799
f 4801/4801/4801 4802/4802/4802 4803/4803/4803
f 4804/4804/4804 4801/4801/4801 4803/4803/4803
f 4805/4805/4805 4806/4806/4806 4807/4807/4807
f 4808/4808/4808 4805/4805/4805 4807/4807/4807
f 4809/4809/4809 4810/4810/4810 4811/4811/4811
f 4812/4812/4812 4809/4809/4809 4811/4811/4811
f 4813/4813/4813 4814/4814/4814 4815/4815/4815
f 4816/4816/4816 4813/4813/4813 4815/4815/4815
f 4817/4817/4817 4818/4818/4818 4819/4819/4819
f 4820/4820/4820 4817/4817/4817 4819/4819/4819
f 4821/4821/4821 4822/4822/4822 4823/4823/4823
f 4824/4824/4824 4821/4821/4821 4823/4823/4823
f 4821/4821/4821 4825/4825/4825 4826/4826/4826
f 4827/4827/4827 4821/4821/4821 4826/4826/4826
f 4828/4828/4828 4829/4829/4829 4830/4830/4830
f 4831/4831/4831 4828/4828/4828 4830/4830/4830
f 4832/4832/4832 4833/4833/4833 4834/4834/4834
f 4835/4835/4835 4832/4832/4832 4834/4834/4834
f 4836/4836/4836 4837/4837/4837 4838/4838/4838
f 4839/4839/4839 4836/4836/4836 4838/4838/4838
f 4840/4840/4840 4841/4841/4841 4842/4842/4842
f 4843/4843/4843 4841/4841/4841 4840/4840/4840
f 4842/4842/4842 4841/4841/4841 4844/4844/4844
f 4845/4845/4845 4841/4841/4841 4843/4843/4843
f 4844/4844/4844 4841/4841/4841 4846/4846/4846
f 4847/4847/4847 4841/4841/4841 4845/4845/4845
f 4846/4846/4846 4841/4841/4841 4848/4848/4848
f 4848/4848/4848 4841/4841/4841 4847/4847/4847
f 4849/4849/4849 4850/4850/4850 4851/4851/4851
f 4851/4851/4851 4852/4852/4852 4849/4849/4849
f 4850/4850/4850 4853/4853/4853 4851/4851/4851
f 4851/4851/4851 4854/4854/4854 4852/4852/4852
f 4853/4853/4853 4855/4855/4855 4851/4851/4851
f 4851/4851/4851 4856/4856/4856 4854/4854/4854
f 4855/4855/4855 4857/4857/4857 4851/4851/4851
f 4851/4851/4851 4857/4857/4857 4856/4856/4856
f 4858/4858/4858 4859/4859/4859 4860/4860/4860
f 4861/4861/4861 4859/4859/4859 4858/4858/4858
f 4860/4860/4860 4859/4859/4859 4862/4862/4862
f 4863/4863/4863 4859/4859/4859 4861/4861/4861
f 4862/4862/4862 4859/4859/4859 4864/4864/4864
f 4865/4865/4865 4859/4859/4859 4863/4863/4863
f 4864/4864/4864 4859/4859/4859 4866/4866/4866
f 4866/4866/4866 4859/4859/4859 4865/4865/4865
f 4867/4867/4867 4868/4868/4868 4869/4869/4869
f 4869/4869/4869 4870/4870/4870 4867/4867/4867
f 4868/4868/4868 4871/4871/4871 4869/4869/4869
f 4869/4869/4869 4872/4872/4872 4870/4870/4870
f 4871/4871/4871 4873/4873/4873 4869/4869/4869
f 4869/4869/4869 4874/4874/4874 4872/4872/4872
f 4873/4873/4873 4875/4875/4875 4869/4869/4869
f 4869/4869/4869 4875/4875/4875 4874/4874/4874
