# rock_formation_large_b_COL_B
v 3.18317366 1.28146636 5.81844711
v 3.006953 1.40830696 5.58351326
v 2.89781499 1.24136055 5.57319832
v -0.667604983 1.12765872 6.62669039
v -0.621821284 1.02179492 7.18029165
v -0.418676734 1.03193092 6.74582148
v -7.46841288 2.21552372 -0.164254755
v -8.7410984 0.571273386 -1.67491972
v -7.87625694 1.55908632 -0.713236094
v 8.58770943 0.185545847 6.31284666
v 8.60397243 0.561062455 6.19089222
v 8.05545425 0.730248153 6.05992317
v -1.07234132 5.99786234 -0.820491016
v -1.15215087 6.25547409 -0.71664089
v -0.96668452 6.1996398 -1.13502657
v 7.94418907 0.343213648 -0.605141282
v 8.32442856 0.483503282 -0.414238274
v 8.22181606 0.58948648 -1.0093472
v -9.6710186 -0.000219180205 -3.82313585
v -9.40312481 0.39784947 -4.06616688
v -9.6369915 -0.000219180205 -4.30410719
v 0.00326660159 6.55186892 -1.40367365
v 0.349680156 6.65362215 -0.845414996
v 0.295786113 7.14108133 -0.841880143
v 0.12824218 7.60800886 1.80895448
v 0.117761225 7.58422422 2.03251576
v 0.381772459 7.50786781 1.73054445
v 6.71487045 8.7468195 -0.29777953
v 6.77645016 8.94983482 0.244519651
v 6.84029293 8.78958035 -0.288468629
v -1.31213868 4.22037601 4.96025991
v -1.04991937 3.67496848 5.36046362
v -1.49769282 4.67295074 4.75128269
v -0.785068333 6.65229416 0.0264300536
v -0.760764122 6.51631689 -0.123124994
v -0.990529776 6.56531429 -0.211566761
v 7.06644011 0.55623281 -0.0383300781
v 7.10410118 0.885275126 0.221672356
v 7.42460918 0.805835068 0.202590331
v 4.86804914 2.57500362 4.77701759
v 4.89922857 2.35082245 4.87020874
v 4.99228764 2.35194731 4.74397945
v 7.6336937 0.446435302 0.124174193
v 7.40156698 0.417611957 -0.195691526
v 7.35399151 0.644718409 -0.132115468
v -4.95641851 1.586707 -5.29055882
v -5.17780256 1.60937142 -5.44210339
v -4.87706041 1.96756685 -5.06880474
v 0.937895477 5.97120571 -4.39701223
v 0.535385728 6.08565521 -4.26570606
v 0.95247066 6.17500114 -4.54115009
v 7.77513885 3.4425869 1.15580142
v 7.62597895 3.37496567 0.99188596
v 7.53249979 3.60396719 1.10120964
v 3.20035386 7.80871391 -3.73017669
v 2.84990478 7.7864337 -3.97245669
v 3.11376953 8.09553432 -3.56567311
v 5.38637686 8.04709053 -4.93680286
v 5.28378153 7.44766331 -4.71970367
v 5.28763437 7.08586168 -4.46579409
v 1.24342287 1.5977881 -6.47857666
v 1.54955077 1.63221633 -6.17246008
v 1.64071774 1.77959061 -6.32971001
v -8.30512428 1.41891146 0.296835929
v -8.07579041 1.33246696 0.386250615
v -8.40341759 1.27015579 0.0232812501
v 0.349680156 6.65362215 -0.845414996
v 0.00326660159 6.55186892 -1.40367365
v 0.145034179 6.87861919 -0.794212937
v 6.2933836 0.807500422 -5.78702927
v 6.53379869 0.502554893 -5.93119478
v 6.19530725 0.645889521 -5.68273687
v 3.91114497 9.7393322 2.99780941
v 4.09405994 9.75792503 3.41981196
v 4.47915506 9.78917122 3.46504927
v -3.41153312 5.3649931 1.59415162
v -3.01733875 5.68766403 1.40178037
v -3.77178454 5.32263041 1.58033264
v 0.295786113 7.14108133 -0.841880143
v -0.215983883 6.37441826 -1.56487978
v 0.00326660159 6.55186892 -1.40367365
v -5.10713387 4.69969034 2.66729355
v -4.89945793 4.73323917 2.3248589
v -5.0595727 4.07570744 2.76849294
v -0.13775146 1.46692574 -6.78047609
v -0.129538566 1.33541012 -7.09831524
v -0.152351066 1.56347442 -6.96790409
v 5.65005589 10.0889492 2.18785524
v 5.83710432 10.1277399 2.11452579
v 6.06996346 10.2552404 1.68915224
v 4.87117672 4.28156376 -4.0265522
v 4.88636446 4.79905605 -4.06727886
v 4.83454084 4.47504282 -3.8146832
v -5.7823143 4.08373451 2.99902272
v -5.20233393 3.49457026 3.27230954
v -5.79187489 4.0729084 2.80627179
v -1.73934805 6.62181425 2.59161806
v -2.20437241 6.56340981 2.49817753
v -1.89933836 6.84336281 2.48509026
v -6.72044659 3.65044403 2.86560655
v -6.22413063 4.10819578 2.31502366
v -6.50965786 3.94331098 2.62796068
v -9.6710186 -0.000219180205 -3.82313585
v -9.29220486 0.23817791 -4.12842512
v -9.40312481 0.39784947 -4.06616688
v -3.5399828 1.91136932 4.8112216
v -3.6432054 3.04995823 4.07312489
v -3.40227771 2.04207158 4.48028421
v 4.42533445 1.12192249 6.71589231
v 4.3492918 1.05375099 6.29157591
v 4.37998533 0.949676812 6.66518307
v 6.63131571 0.378553063 7.10128403
v 6.5785861 0.625718296 6.73671961
v 6.6733737 0.624871612 6.40259361
v -1.79116452 2.80041838 5.48310757
v -0.633034647 1.46246028 5.96195412
v -0.694374979 1.48518109 5.79875851
v -0.694374979 1.48518109 5.79875851
v -0.633034647 1.46246028 5.96195412
v -0.559294403 2.002285 5.40158796
v 7.73482895 3.872087 3.09811091
v 7.5308423 3.74248505 2.63368225
v 7.69129372 3.82932663 2.72036982
v -4.7046361 2.01276278 -4.90676832
v -4.87706041 1.96756685 -5.06880474
v -4.69735098 2.34709382 -4.76971245
v 1.29591799 6.67744493 -3.65618515
v 1.16608393 6.32973146 -4.4320097
v 1.13746583 6.55642939 -4.23064756
v -5.48205805 1.28598917 -5.90732241
v -5.57404518 1.12889183 -5.86384583
v -5.40436029 1.21082735 -5.97434902
v 6.28564453 11.3453541 0.749490321
v 6.31544161 11.4482307 0.901848733
v 6.57666016 11.0731506 0.842260122
v -1.36017573 6.77368402 3.57994366
v -1.38657463 6.64349794 3.42803335
v -1.54999018 6.73721504 3.63653374
v 4.21786833 6.77486372 4.43701506
v 4.30200672 6.63225222 4.29649401
v 5.04165268 5.96144295 4.43454075
v -8.68115902 0.327198714 3.10340381
v -8.15242386 0.256650984 3.75553346
v -8.89967251 0.46039027 2.88915896
v -0.455148906 7.08539248 0.262208849
v -0.663647473 6.66257429 0.487583011
v -0.689394534 6.95223331 0.419743031
v 6.1449585 0.528198719 2.06556582
v 6.35208464 0.42769286 2.03078842
v 6.28892565 0.767248213 1.95845449
v 4.01012421 0.981890559 6.53785992
v 3.9939599 1.05530274 6.34790897
v 4.02249479 1.22429407 6.49042606
v 0.673134744 7.00787258 2.90233326
v 1.32155275 6.23060942 3.13514638
v 1.11149895 6.63073635 3.00073481
v 4.61079597 9.24644852 3.63607287
v 4.60615969 8.97890663 3.81621885
v 4.62257814 9.86095715 3.3497777
v 4.18997049 3.76351047 4.71177101
v 4.21619606 3.63444304 4.45793486
v 4.07867193 4.0164423 4.77073097
v 0.435007304 2.93544674 4.77972269
v 0.214697257 3.36666441 4.72439098
v -0.403432608 4.10975695 4.5458703
v 7.0658102 7.02949715 -2.3368783
v 7.11822271 6.57065105 -2.41573906
v 6.84757566 7.47381639 -2.16801238
v 2.77431631 1.04753125 5.46119976
v 2.6772778 0.933775485 5.31792116
v 2.89781499 1.24136055 5.57319832
v 2.17478013 5.03017187 -4.36040211
v 2.26896238 4.79872179 -4.03104496
v 2.19735336 5.53861094 -4.66051769
v 7.11997318 3.80490327 -2.67383671
v 7.41943359 4.06085348 -2.71714258
v 7.12142801 3.8790679 -2.60049272
v -0.823974609 0.977071345 6.58336067
v -0.667604983 1.12765872 6.62669039
v -0.418676734 1.03193092 6.74582148
v 4.70033169 0.904500008 6.85646963
v 4.42533445 1.12192249 6.71589231
v 4.71554422 0.729387343 6.87555647
v 2.2187891 7.21835518 3.91177607
v 2.67641354 7.37230492 3.98622298
v 2.59411621 7.28192568 3.85700011
v -1.7682153 5.45164347 -1.94047356
v -1.40978754 5.4639082 -2.5601294
v -1.65991938 5.50636816 -2.12028885
v -1.40978754 5.4639082 -2.5601294
v -1.26213622 5.53713989 -2.37106991
v -1.45543694 5.28304672 -2.72530699
v -4.87571287 2.81773973 -2.61989832
v -5.07269526 2.90673542 -2.45489407
v -4.46897697 3.11781693 -3.17952013
v 3.84951162 4.22661734 -4.93801403
v 3.55783939 4.19197798 -5.20713139
v 3.46862531 4.30011559 -5.02873755
v 7.94418907 0.343213648 -0.605141282
v 8.47664547 0.355210483 -0.346180409
v 8.32442856 0.483503282 -0.414238274
v 3.19408202 1.50976026 5.29798555
v 3.15470219 1.22459733 5.30234098
v 3.1433959 1.28014994 5.42377424
v 1.7528491 1.1015991 -7.3304944
v 1.8940624 1.24488688 -7.28392267
v 1.97146475 1.36510134 -6.82766294
v 5.70936489 6.29516411 -4.50619698
v 5.58825445 6.35476112 -4.63824797
v 5.98787117 5.79383755 -4.32110453
v -0.322504878 1.18911731 6.73471403
v -0.140278324 1.05583787 6.84460449
v -0.418676734 1.03193092 6.74582148
v -2.48762202 2.75047517 5.4093051
v -3.09023428 2.55722022 5.37968493
v -3.22827387 2.48884797 5.28871346
v -7.3376708 0.370448977 2.7129364
v -7.72388649 0.758100629 2.43661666
v -7.3455615 0.466741204 2.57520628
v 5.27820539 4.61202955 4.57037354
v 5.5708127 4.83864927 4.5450635
v 5.49076176 4.73055124 4.6262455
v -3.89781237 5.65672302 3.65866923
v -4.16545153 5.5651226 3.57141399
v -4.27677488 5.44502115 3.43435597
v 7.50870609 0.672176242 -3.83578968
v 7.03465557 0.749614775 -4.08606052
v 7.0444212 0.836259365 -3.97940063
v 7.50870609 0.672176242 -3.83578968
v 7.0444212 0.836259365 -3.97940063
v 7.03465557 0.749614775 -4.08606052
v -1.18196046 6.56963873 0.663852513
v -1.39717531 6.42370701 0.357222885
v -1.1072681 6.44548512 0.782578111
v 2.99233627 9.41449547 2.59543705
v 2.16150141 9.31169415 2.73865342
v 2.61623049 9.44067383 2.71397448
v -1.01422846 1.34591961 5.98984623
v -0.715786099 1.43531168 6.07686853
v -0.633034647 1.46246028 5.96195412
v 7.11015368 1.76403713 0.737233281
v 6.6159811 1.57893431 1.08714533
v 6.8709054 1.69026053 0.894159555
v 6.59830046 1.49502301 0.946414769
v 6.8709054 1.69026053 0.894159555
v 6.6159811 1.57893431 1.08714533
v 2.78070545 1.57399333 -6.43998528
v 2.81307864 1.40171123 -6.49249792
v 2.82921863 1.57254362 -6.32393789
v 1.28460443 6.16882992 -4.36499166
v 1.16608393 6.32973146 -4.4320097
v 1.36388671 6.38438082 -4.52782536
v 1.20870113 6.01408482 -4.71014023
v 1.16608393 6.32973146 -4.4320097
v 1.28460443 6.16882992 -4.36499166
v 8.32442856 0.483503282 -0.414238274
v 8.24160671 0.591327488 -0.719422877
v 8.22181606 0.58948648 -1.0093472
v 2.95709229 8.81318188 -0.82454133
v 3.32100081 8.93450069 -0.991050422
v 3.25212884 8.77884674 -0.934473217
v 6.91144991 7.0737071 -4.42506361
v 6.89300299 7.08794975 -4.59420347
v 6.79174042 6.88347435 -4.54254007
v 6.89300299 7.08794975 -4.59420347
v 6.91144991 7.0737071 -4.42506361
v 6.79174042 6.88347435 -4.54254007
v 7.13572264 0.999984205 -0.839486957
v 7.05923557 1.33058739 -0.591467857
v 7.20557356 1.29780328 -0.600029886
v 6.48114967 0.779656112 -5.37124395
v 6.85693836 0.690460801 -5.58713913
v 6.56305647 0.888127863 -5.38928032
v 4.61330795 2.27025914 4.7506361
v 4.75944805 2.2208252 4.82267666
v 4.52548552 2.45825148 4.83920383
v 7.67002678 3.58371854 0.557822227
v 7.59554911 3.53056288 0.487294286
v 7.6790967 3.48049808 0.198893428
v 5.92044687 2.37729263 -3.89426804
v 5.94834471 2.61358953 -4.01629066
v 6.11722898 1.73906195 -3.48569202
v 1.64057374 3.14247704 4.36242342
v 1.94473875 2.98754025 4.33716297
v 1.79801261 3.19491577 4.39255905
v 2.14683104 2.76633453 4.5313096
v 1.79801261 3.19491577 4.39255905
v 1.94473875 2.98754025 4.33716297
v 0.956884742 5.46901417 -4.47449875
v 0.959645987 5.30616283 -4.49730825
v 0.963195801 5.75006437 -4.59873343
v -7.66749716 0.473298252 1.93788874
v -7.67945766 0.565648496 1.55893552
v -7.85334682 0.566169679 2.05420351
v 6.40189457 0.551089287 6.48048306
v 6.6733737 0.624871612 6.40259361
v 6.53836632 0.662623525 6.46512938
v -3.28650379 2.58044004 -6.09257841
v -3.51130605 2.74518585 -5.88650179
v -3.1110301 2.43988895 -6.21493864
v 7.13682127 0.67341882 -0.141955569
v 7.09858894 0.624447644 -0.214979246
v 7.06644011 0.55623281 -0.0383300781
v 4.20884752 8.93673134 3.73308396
v 3.9828198 9.25237465 3.74991512
v 4.25817108 8.9467659 3.81671739
v 0.670351565 0.678577542 -7.81847715
v 0.577602506 1.00288379 -7.58466148
v 0.391296387 0.953718245 -7.51019764
v 1.97146475 1.36510134 -6.82766294
v 1.39723873 1.44249403 -6.96748018
v 1.4234643 1.32045853 -6.94966888
v 1.39723873 1.44249403 -6.96748018
v 1.38583732 1.15763903 -7.25300503
v 1.4234643 1.32045853 -6.94966888
v 4.75944805 2.2208252 4.82267666
v 4.99228764 2.35194731 4.74397945
v 4.89922857 2.35082245 4.87020874
v -2.61269283 4.22027159 4.74613619
v -2.60689449 4.10917664 4.8658042
v -2.71676993 4.88568068 4.50472546
v 1.42600584 9.06223965 2.87967825
v 0.679746091 8.16649055 2.26895809
v 1.1994555 8.71924114 2.69704533
v 6.53836632 0.662623525 6.46512938
v 6.2833252 0.590384722 6.37581396
v 6.40189457 0.551089287 6.48048306
v 1.47445071 5.34464645 -4.55865574
v 1.43202388 5.41700745 -4.44279432
v 1.61678219 5.30192661 -4.34741068
v 1.43202388 5.41700745 -4.44279432
v 1.47445071 5.34464645 -4.55865574
v 1.37701905 5.15457439 -4.43131018
v 3.72881579 8.43343353 -3.63365841
v 3.30433106 8.04587173 -3.80685973
v 3.55039549 8.17753124 -3.65858698
v 6.27638435 3.07887506 -2.86352134
v 6.21597624 3.20728564 -2.79873443
v 6.50708246 3.08581638 -2.85693383
v 0.912741661 6.8440671 -2.91873479
v 0.857880831 6.70026731 -3.20747757
v 1.04829836 7.11450911 -2.26666069
v 1.71015131 7.18708277 -2.90351319
v 1.9281249 7.54131079 -2.97151542
v 1.59426999 7.26461172 -3.04364872
v 1.59426999 7.26461172 -3.04364872
v 1.79636955 7.61186934 -2.51355624
v 1.71015131 7.18708277 -2.90351319
v 1.72242677 6.84291792 3.99942136
v 1.90487301 6.40459347 4.276752
v 1.60814941 6.86260748 4.06769657
v -3.87401366 0.187269717 7.9284873
v -3.90455556 -0.000219180205 8.09519863
v -3.79252434 0.461583614 7.50252914
v 2.81593251 5.14346313 -4.27508402
v 2.55600572 4.56690407 -3.80679464
v 2.63417959 4.66330719 -3.9555583
v 0.573747575 0.731631219 -7.91295862
v 1.60069573 -0.000219180205 -8.31347847
v -1.47021484 -0.000219180205 -8.15520287
v 0.106359862 0.877489507 -7.6858511
v 0.577602506 1.00288379 -7.58466148
v 0.670351565 0.678577542 -7.81847715
v 0.391296387 0.953718245 -7.51019764
v 1.60069573 -0.000219180205 -8.31347847
v 1.7528491 1.1015991 -7.3304944
v 1.38583732 1.15763903 -7.25300503
v 2.5619483 0.580359995 -7.93211842
v 4.21495342 -0.000219180205 -8.60947704
v 2.44842768 1.26811111 -7.10707998
v 1.97146475 1.36510134 -6.82766294
v 2.26448727 1.45232558 -6.58537388
v 1.8940624 1.24488688 -7.28392267
v 4.10740471 0.339396954 -8.32740974
v 4.77521944 -0.000219180205 -8.19427204
v -0.608574212 1.11340618 -7.24627876
v -0.129538566 1.33541012 -7.09831524
v 0.976037562 1.52726138 -6.68592215
v -0.13775146 1.46692574 -6.78047609
v -0.152351066 1.56347442 -6.96790409
v 1.39723873 1.44249403 -6.96748018
v 1.4234643 1.32045853 -6.94966888
v 1.87971187 1.38179421 -6.94771671
v 1.97146475 1.36510134 -6.82766294
v -0.629899859 0.941584349 -7.52957916
v -0.712853968 1.12930179 -7.1157093
v -0.418261707 1.4814558 -6.71069336
v -0.152351066 1.56347442 -6.96790409
v -0.831130326 1.22267902 -7.23795748
v -0.712853968 1.12930179 -7.1157093
v -1.16958499 1.16480279 -6.92973566
v -2.01604986 0.804449677 -7.55690145
v -2.63426757 -0.000219180205 -8.17447281
v -1.10210443 1.23311126 -7.03004026
v -2.00428224 1.03940022 -7.14912987
v -2.45761704 1.13569832 -7.10265255
v -4.57274914 0.447723538 -7.66452742
v -4.44263649 -0.000219180205 -8.02269554
v -1.16958499 1.16480279 -6.92973566
v -5.81241465 -0.000219180205 -7.62042236
v -5.40311527 0.925875127 -6.83158016
v -6.71935797 0.600352049 -6.24744749
v -6.75108147 -0.000219180205 -6.79678631
v -7.85463095 -0.000219180205 -6.00260115
v -8.14885998 0.239539906 -5.66170168
v -8.26733398 -0.000219180205 -5.8648119
v -8.40121841 0.416759372 -5.02354717
v -8.82793903 -0.000219180205 -5.30294657
v -8.71539783 0.632146537 -4.05244875
v -7.66463375 0.845382392 -4.78626585
v -8.49690151 0.753759384 -3.6639874
v -9.29220486 0.23817791 -4.12842512
v -9.6369915 -0.000219180205 -4.30410719
v -9.40312481 0.39784947 -4.06616688
v -9.7903595 -0.000219180205 -3.41455293
v -9.6710186 -0.000219180205 -3.82313585
v -9.8228941 -0.000219180205 -0.964490652
v -9.19043446 0.363038212 -0.905104935
v -9.80358696 -0.000219180205 0.771850586
v -6.92388678 0.823573887 -5.37914658
v -7.14258528 0.893124998 -4.2510004
v -6.41879129 0.969675779 -5.06793785
v -6.34490728 1.06341732 -5.64627171
v -7.30068588 0.855720878 -3.89660549
v -6.22202635 0.847021937 -6.0971427
v -8.7410984 0.571273386 -1.67491972
v -7.91186523 0.846250117 -2.93265867
v -7.46841288 2.21552372 -0.164254755
v -6.73266602 1.64505291 -2.74812436
v -6.44178438 2.66927266 -0.54095459
v -5.58458948 2.62630296 -1.98006308
v -8.90168476 0.569810629 -1.07476199
v -7.87625694 1.55908632 -0.713236094
v -6.17945051 1.83625424 -3.45256519
v -8.93447208 0.448004603 -0.564083219
v -8.79160881 0.898575366 -0.0262084957
v -9.19129658 0.39049837 -0.434366435
v -9.38403511 0.316772312 0.912093461
v -9.46603489 0.317644775 1.66915274
v -9.81024647 -0.000219180205 1.73094535
v -9.64688969 -0.000219180205 3.11620426
v -8.7743988 0.790985465 -0.0180084221
v -8.7743988 0.790985465 -0.0180084221
v -8.64618587 0.802156687 0.197713614
v -8.40341759 1.27015579 0.0232812501
v -8.07579041 1.33246696 0.386250615
v -8.58448696 1.06404507 0.507742286
v -8.64618587 0.802156687 0.197713614
v -8.59563446 1.19641459 0.332734376
v -8.30512428 1.41891146 0.296835929
v -8.07579041 1.33246696 0.386250615
v -8.44901848 0.873617828 0.707578719
v -8.53274441 0.6823439 0.391418457
v -8.44901848 0.873617828 0.707578719
v -8.7307663 0.6846205 0.653058469
v -8.53274441 0.6823439 0.391418457
v -8.53274441 0.6823439 0.391418457
v -9.08645248 0.311930925 1.13848388
v -8.15790749 0.146119252 1.38739681
v -7.73158407 0.340618432 1.16306949
v -7.74146223 1.97289658 -0.064017944
v -8.07751465 1.73231459 0.0730303973
v -9.01422119 0.445946962 2.02048159
v -8.84147644 0.120666333 1.39944887
v -8.597785 0.164510354 2.0698247
v -8.11300755 0.216421008 2.59403062
v -7.82454586 0.232798994 2.26382446
v -7.7403636 0.448343039 2.60958314
v -8.33287811 0.239185065 2.88778138
v -8.89967251 0.46039027 2.88915896
v -9.00512886 0.323426545 3.15136528
v -8.68115902 0.327198714 3.10340381
v -8.15242386 0.256650984 3.75553346
v -7.66749477 0.272799432 2.87184072
v -9.42453384 0.182454124 3.83940792
v -9.74185562 -0.000219180205 4.39341593
v -9.35330105 0.390587389 4.2674098
v -9.42476559 -0.000219180205 4.78981066
v -8.72542953 0.185268298 4.72667837
v -9.1641016 0.232350454 4.16234255
v -9.35330105 0.390587389 4.2674098
v -7.75434542 0.284132272 3.58480954
v -7.47592497 0.337942451 4.30469942
v -7.33399868 0.291416585 5.07859468
v -7.54421616 0.188184351 3.08801389
v -7.09104729 0.297973633 3.49050045
v -6.88207483 0.563672841 4.72521114
v -6.7237401 0.697950065 4.8527441
v -7.10894012 0.258797646 2.95119429
v -7.3376708 0.370448977 2.7129364
v -7.23533678 0.957009077 2.47270441
v -6.99231911 0.803895772 3.37293744
v -7.09104729 0.297973633 3.49050045
v -7.46339083 0.915323377 2.46479368
v -7.72388649 0.758100629 2.43661666
v -7.58487797 1.28818035 2.21430779
v -7.61269999 1.09808338 2.30234504
v -7.01438236 0.771056652 3.67765808
v -6.99252176 0.931483567 3.93691826
v -6.88207483 0.563672841 4.72521114
v -6.87488508 0.814877272 3.63745165
v -6.99231911 0.803895772 3.37293744
v -6.69893074 1.03257036 4.2136302
v -6.76520967 0.848499835 4.76203108
v -6.7237401 0.697950065 4.8527441
v -6.46065187 0.971829534 4.72022581
v -6.37371588 0.791560411 4.78325081
v -6.87734365 1.48943341 4.043643
v -6.87488508 0.814877272 3.63745165
v -6.69893074 1.03257036 4.2136302
v -6.80105686 1.92187297 4.17849588
v -6.46065187 0.971829534 4.72022581
v -7.34774637 2.1017797 3.24929738
v -7.03079319 2.10902286 3.97870708
v -7.52440405 1.50022519 2.38639879
v -7.41551018 2.04494667 2.36053777
v -7.58487797 1.28818035 2.21430779
v -7.18293428 2.44732451 3.31690717
v -6.9167428 3.44067335 2.83752322
v -7.39800501 1.53647566 2.24738097
v -7.58487797 1.28818035 2.21430779
v -7.55747032 1.51228988 1.92956233
v -7.61269999 1.09808338 2.30234504
v -7.6813159 0.815078735 1.73372316
v -7.46339083 0.915323377 2.46479368
v -6.4017477 2.24667573 4.01598692
v -6.05182123 1.42595088 4.47648907
v -6.46065187 0.971829534 4.72022581
v -6.83779764 2.51159334 3.72078061
v -7.06005621 2.72670031 3.50148249
v -6.86005831 2.6410284 3.79969597
v -6.4017477 2.24667573 4.01598692
v -6.76907444 3.05454898 3.58742356
v -6.4017477 2.24667573 4.01598692
v -6.80494356 3.2961669 3.40509748
v -6.78925514 3.21832776 3.716115
v -6.60143518 3.11832809 4.0118742
v -6.31749725 2.38295436 4.3693018
v -6.4017477 2.24667573 4.01598692
v -6.34846401 2.1495316 4.29978323
v -6.01930428 1.5595324 4.69662809
v -6.05182123 1.42595088 4.47648907
v -6.02597666 1.41650474 4.81211662
v -6.4317379 1.06555581 4.86096811
v -6.46065187 0.971829534 4.72022581
v -6.1145215 1.17489779 5.18475676
v -6.21646452 0.876325428 5.29912949
v -6.46065187 0.971829534 4.72022581
v -6.37371588 0.791560411 4.78325081
v -5.60713625 1.04545128 5.33317232
v -5.05923319 1.97985101 4.84441662
v -6.01930428 1.5595324 4.69662809
v -5.74122286 0.803467155 5.41116953
v -5.50474596 0.407717228 5.56778049
v -6.53078365 0.368027121 5.43276739
v -6.70096397 0.656686008 5.17757082
v -6.70154524 0.385395855 5.07346296
v -6.7237401 0.697950065 4.8527441
v -6.7237401 0.697950065 4.8527441
v -6.37371588 0.791560411 4.78325081
v -5.30524635 1.98445475 4.49976778
v -6.31749725 2.38295436 4.3693018
v -4.98823214 1.46284449 5.12227631
v -5.39133549 0.753892899 5.53521585
v -5.36928463 2.94264221 4.1133213
v -4.62806654 2.94018698 4.04917288
v -4.26079082 2.69256926 4.11963749
v -4.73277569 2.23740363 4.44634342
v -4.86512184 1.50229216 5.18623018
v -6.28672123 3.51975417 3.67708063
v -6.60143518 3.11832809 4.0118742
v -6.78925514 3.21832776 3.716115
v -4.59078598 2.14039636 4.59295464
v -5.76263428 3.89951754 3.54012632
v -5.44299316 3.71341324 3.66186571
v -6.38685274 3.53272414 3.34838867
v -6.08918667 3.66467929 3.19262385
v -5.76263428 3.89951754 3.54012632
v -6.57576895 3.61673832 3.20352602
v -6.72044659 3.65044403 2.86560655
v -6.15397692 3.85395479 3.11262989
v -5.76263428 3.89951754 3.54012632
v -5.79187489 4.0729084 2.80627179
v -5.7823143 4.08373451 2.99902272
v -6.50965786 3.94331098 2.62796068
v -6.22413063 4.10819578 2.31502366
v -6.98750496 3.34968376 2.05013418
v -6.25871563 3.58712292 1.08746457
v -5.37791491 4.53101635 2.1881609
v -5.91094732 4.25147486 2.55355024
v -5.0595727 4.07570744 2.76849294
v -5.20233393 3.49457026 3.27230954
v -4.89945793 4.73323917 2.3248589
v -4.99063444 3.07230973 3.36028671
v -4.37438726 5.01282024 1.95877016
v -4.70338345 4.98925877 2.81064939
v -5.10713387 4.69969034 2.66729355
v -4.89252901 4.87895679 2.87156129
v -3.88776851 5.73430824 2.73339415
v -3.72095203 5.49209118 1.83740532
v -4.71570778 4.93614101 2.99793267
v -5.24956799 4.21077299 1.42477536
v -4.89252901 4.87895679 2.87156129
v -5.10713387 4.69969034 2.66729355
v -5.00033426 3.08975005 3.52829409
v -5.17266846 3.63049865 3.4653697
v -5.3933835 3.64513063 3.18671203
v -4.65716791 2.99694991 3.42639828
v -4.25240231 2.90829468 3.93938661
v -4.40929699 3.87688994 3.63588786
v -4.25240231 2.90829468 3.93938661
v -4.5445261 4.20841885 3.39859557
v -4.39848137 4.97650909 3.39066958
v -4.11617899 3.84131241 3.63563347
v -4.09105206 3.9915297 3.92344236
v -3.61883783 4.64860725 4.49155998
v -4.27677488 5.44502115 3.43435597
v -3.89781237 5.65672302 3.65866923
v -3.98717022 3.79304862 3.64422488
v -3.7258594 3.06654048 3.76045942
v -4.03104258 2.78503919 3.80828977
v -3.98717022 3.79304862 3.64422488
v -3.7258594 3.06654048 3.76045942
v -3.54847646 3.39241362 4.7460289
v -3.70535159 4.47954273 4.41374826
v -3.41095448 3.6752069 4.91425419
v -2.88577867 4.02164936 4.68251944
v -3.6432054 3.04995823 4.07312489
v -3.81469226 2.83600426 4.1469903
v -4.03104258 2.78503919 3.80828977
v -4.16275358 2.14642334 4.67843008
v -3.4630003 2.1811223 4.84494734
v -3.5399828 1.91136932 4.8112216
v -2.61269283 4.22027159 4.74613619
v -2.71676993 4.88568068 4.50472546
v -2.60689449 4.10917664 4.8658042
v -3.60369611 5.61433458 4.01632643
v -4.09483862 1.19681036 5.06363535
v -4.3126049 1.01771128 5.26994514
v -4.41035414 0.648538589 5.42518806
v -4.82139397 0.599052131 5.51395369
v -3.98175287 0.753145635 5.58768177
v -4.89844227 0.722616017 5.35770512
v -5.1310153 0.455709338 5.56745958
v -5.50474596 0.407717228 5.56778049
v -5.61122322 0.742435873 5.24665642
v -5.60713625 1.04545128 5.33317232
v -4.66982412 0.573859155 6.23168182
v -4.41035414 0.648538589 5.42518806
v -4.10821056 0.771534503 5.95259762
v -3.01852298 0.837879002 6.01088381
v -3.6739502 0.733109176 5.55190516
v -3.89549065 1.39491069 4.99301243
v -3.84308338 1.68856609 4.79776955
v -3.34710932 0.800391853 5.59693003
v -3.93966794 1.51764071 5.0489707
v -3.55796862 1.63027239 5.00841808
v -3.68849349 1.70759654 4.73669529
v -3.6432054 3.04995823 4.07312489
v -3.40227771 2.04207158 4.48028421
v -3.40227771 2.04207158 4.48028421
v -3.28876448 1.97121716 5.55978394
v -3.34710932 0.800391853 5.59693003
v -3.20239496 1.26669407 5.88204956
v -2.2160449 1.11340392 5.95971537
v -3.49028563 2.63719344 5.02512217
v -3.22827387 2.48884797 5.28871346
v -3.44820309 2.89855027 5.13531828
v -3.09023428 2.55722022 5.37968493
v -3.20822263 3.29887938 4.93871927
v -3.21597648 3.49759912 5.03776121
v -3.09023428 2.55722022 5.37968493
v -2.29995108 2.1240406 5.51518059
v -2.48762202 2.75047517 5.4093051
v -1.83819818 1.94745469 5.5049119
v -1.78522706 2.2257421 5.68981695
v -1.59024656 1.46331048 5.69624138
v -1.59024656 1.46331048 5.69624138
v -1.92990232 1.04573011 6.14618015
v -1.42370605 1.28185987 5.83502674
v -1.3964721 1.49779034 5.95451164
v -1.79116452 2.80041838 5.48310757
v -0.633034647 1.46246028 5.96195412
v -1.01422846 1.34591961 5.98984623
v -1.34872794 1.00091052 5.88146114
v -0.660153806 0.88523525 6.14580441
v -0.467968732 1.16865456 6.15221548
v -0.715786099 1.43531168 6.07686853
v -0.336389154 1.10328662 6.03154898
v -2.22731447 0.910410583 6.06224728
v -2.57220936 3.15911746 5.39932728
v -2.81378889 3.4889307 5.06166363
v -2.79295158 3.69404411 5.19454575
v -2.09567142 4.33150053 4.72399998
v -2.03918457 4.9389267 4.64845324
v -1.96865475 4.499897 4.78531122
v -1.57282472 4.14063263 5.12725067
v -1.7651391 3.55378437 5.1328454
v -2.53940916 5.01707458 4.57685423
v -2.01278806 5.79070425 4.1411376
v -1.12720704 2.36944795 5.42419195
v -0.694374979 1.48518109 5.79875851
v -0.929643512 2.36182404 5.30319834
v -0.559294403 2.002285 5.40158796
v -0.824384749 2.72741914 5.45699835
v -2.8204174 5.82032776 3.87861013
v -2.7805078 6.62071466 3.49246025
v -3.52923822 6.19989634 3.66884136
v -3.81429672 6.03114939 3.52922916
v -4.16723871 5.77633715 3.33941031
v -4.16545153 5.5651226 3.57141399
v -4.27677488 5.44502115 3.43435597
v -3.97094727 5.51734924 2.9985168
v -4.03576183 5.61647367 2.87757444
v -4.19124985 5.27731133 3.18124986
v -4.39848137 4.97650909 3.39066958
v -2.02707267 6.07149172 4.159832
v -1.67784178 5.92118597 4.07179594
v -2.51580071 6.70716667 3.62753654
v -2.14332032 6.96372795 3.4798913
v -1.4338696 6.63042212 3.7628448
v -2.47979975 6.64434814 3.02103639
v -3.52923822 6.19989634 3.66884136
v -3.81429672 6.03114939 3.52922916
v -4.03576183 5.61647367 2.87757444
v -4.16723871 5.77633715 3.33941031
v -4.6975317 5.14189196 3.05502987
v -4.51613522 5.33461094 3.0947845
v -4.19124985 5.27731133 3.18124986
v -4.51613522 5.33461094 3.0947845
v -4.03576183 5.61647367 2.87757444
v -3.97094727 5.51734924 2.9985168
v -2.70577621 6.1920023 2.57509565
v -2.41562748 6.21525812 2.61671615
v -2.74853277 6.15371609 2.20421743
v -3.01733875 5.68766403 1.40178037
v -3.59010482 5.39300632 1.73556757
v -3.41153312 5.3649931 1.59415162
v -3.77178454 5.32263041 1.58033264
v -2.32815909 5.66130733 -0.111035153
v -1.92789304 6.15188599 0.652900398
v -1.50542235 6.20983696 -0.111589961
v -2.60446286 6.27149534 2.38612127
v -2.41562748 6.21525812 2.61671615
v -2.20437241 6.56340981 2.49817753
v -4.59839582 4.70108986 1.29554319
v -2.39811516 6.37705231 1.88944638
v -5.44473886 3.84986925 0.693917811
v -3.56072259 5.29370022 1.08235896
v -4.07201672 4.96567059 1.13630855
v -3.76944804 5.02378225 1.01800776
v -5.47055912 3.67369151 0.138754264
v -4.82730436 3.96956086 -0.240236208
v -4.21752691 4.57505417 0.197833851
v -4.10557365 3.95142746 -1.52276421
v -3.82430911 4.62056017 -0.440868527
v -5.77657938 3.22380233 0.0990979001
v -5.37948942 3.45172501 -0.349536747
v -2.82661128 5.14542818 -0.480886519
v -2.53996587 5.46434736 -0.439230323
v -4.55485106 3.6351161 -1.1093142
v -3.17189693 4.79225588 -1.14291108
v -4.65858889 3.24649811 -2.06674099
v -4.77993155 3.20971084 -2.27851534
v -4.65858889 3.24649811 -2.06674099
v -5.4566431 2.97241235 -1.49363828
v -5.92424536 2.98547459 -0.386456281
v -7.27376461 2.72246242 0.860803187
v -5.57620096 2.56391716 -2.60134602
v -7.21998262 2.55937862 0.403421015
v -7.74146223 1.97289658 -0.064017944
v -7.87625694 1.55908632 -0.713236094
v -8.07751465 1.73231459 0.0730303973
v -8.07579041 1.33246696 0.386250615
v -7.13384771 2.94842458 1.86957693
v -7.41106653 2.47835469 0.961901248
v -7.22363997 2.76100183 2.02325559
v -7.52908421 1.91121125 0.866369605
v -7.54802227 2.17836785 0.429860234
v -7.73158407 0.340618432 1.16306949
v -7.67945766 0.565648496 1.55893552
v -7.66749716 0.473298252 1.93788874
v -7.85334682 0.566169679 2.05420351
v 0.435031742 5.54201603 3.05858827
v 1.06930912 6.02129364 2.7007916
v 0.740451634 6.41425323 2.61495352
v -0.174997553 5.81791687 3.1173749
v -0.299743652 6.2558856 2.67406297
v -0.0111645507 6.54992151 2.4623425
v -0.560136735 6.30577612 2.7259264
v 0.179775387 6.76499939 2.27452016
v -0.57795167 7.03990746 2.19748473
v -0.0962915048 7.39876461 1.90325308
v -0.423959941 6.26445293 2.80801201
v -0.417668462 5.95392275 3.04926133
v -0.058093261 5.59739256 3.29699278
v -0.233012691 5.33277941 3.56996393
v 0.190507814 5.65645981 3.10568285
v 0.435031742 5.54201603 3.05858827
v 0.451906741 5.57543612 3.29903316
v 0.266491681 5.79480457 3.46159649
v -0.058093261 5.59739256 3.29699278
v 0.0247705076 5.71346903 3.51858401
v 0.432399899 5.58416224 3.56951904
v -0.233012691 5.33277941 3.56996393
v 0.266491681 5.79480457 3.46159649
v 0.841884732 5.84433603 3.04719043
v 1.06930912 6.02129364 2.7007916
v 1.35675538 6.00537205 2.87687612
v 1.56748044 5.20175362 3.41770816
v 0.451906741 5.57543612 3.29903316
v 1.07744873 4.88085079 3.62675714
v 2.03011966 4.29987621 3.93977714
v 0.114108883 5.20806646 3.84208131
v 0.519763172 5.12806511 3.89157271
v 0.0371240228 4.73955822 3.90658307
v -0.112250976 4.91857338 3.67749691
v 0.0672265589 4.82502317 4.01138258
v 0.469123513 4.30563116 4.35557556
v 0.269108891 4.17647219 4.06373358
v 0.0672265589 4.82502317 4.01138258
v 0.469123513 4.30563116 4.35557556
v 1.18930662 3.9592557 4.20535374
v 0.83380127 4.31659126 4.38096857
v 1.15359378 3.32807803 5.04988289
v 1.56382322 3.13584304 4.28304386
v 0.131428227 4.17289829 4.40570784
v 1.52616453 3.72717357 4.3456583
v 1.56382322 3.13584304 4.28304386
v 1.92238522 3.35402918 4.44228649
v 1.79801261 3.19491577 4.39255905
v 2.14683104 2.76633453 4.5313096
v 1.73887932 3.8556118 4.25597382
v 2.10404778 3.63685942 4.18812656
v 2.41865706 2.87298965 4.65316153
v 2.1771996 2.89326048 4.65785265
v 2.02924562 2.36081791 5.01757574
v 2.06242681 2.21497083 4.92538548
v 2.1771996 2.89326048 4.65785265
v 2.02924562 2.36081791 5.01757574
v 3.1884203 2.25272274 5.01247072
v 2.57006335 3.19030452 4.83415127
v 2.19687486 3.62616777 4.46709299
v 2.10404778 3.63685942 4.18812656
v 2.03011966 4.29987621 3.93977714
v 3.04740953 1.86847377 5.21426392
v 2.42398667 2.12596893 5.07679653
v 2.06242681 2.21497083 4.92538548
v 2.39622068 1.62631512 5.30112028
v 2.6187427 1.43337584 5.38916349
v 2.52504635 1.83962166 5.1814332
v 2.96073246 1.43338168 5.2832675
v 2.77431631 1.04753125 5.46119976
v 3.15470219 1.22459733 5.30234098
v 3.19408202 1.50976026 5.29798555
v 2.91185546 1.74136603 5.41369009
v 2.52504635 1.83962166 5.1814332
v 2.42398667 2.12596893 5.07679653
v 3.28634262 1.53128541 5.13367319
v 3.19408202 1.50976026 5.29798555
v 3.4917357 1.37359881 5.32426119
v 3.1433959 1.28014994 5.42377424
v 3.26201892 0.969113648 5.63419533
v 3.52145505 1.080176 5.41514015
v 4.18633032 1.45046937 5.21262455
v 3.47867417 1.94428325 5.04359102
v 3.83470702 2.5153327 4.51958895
v 3.45095706 2.82656002 4.58986378
v 2.57006335 3.19030452 4.83415127
v 3.25994611 3.17277241 4.47003222
v 2.73373294 3.55593109 4.31780434
v 2.19687486 3.62616777 4.46709299
v 2.5167675 3.8794744 4.14623213
v 2.28708482 3.81668234 4.26745462
v 2.03011966 4.29987621 3.93977714
v 2.04570794 4.56516457 4.19779062
v 4.3437376 2.04555106 4.82815075
v 4.2311964 2.32306075 4.64542532
v 4.52739716 1.96814001 4.96607399
v 4.35314703 2.20129752 4.89294767
v 4.2311964 2.32306075 4.64542532
v 4.75944805 2.2208252 4.82267666
v 5.19895506 1.98918664 4.97984982
v 4.83617926 1.27288222 5.90939093
v 4.61330795 2.27025914 4.7506361
v 4.35314703 2.20129752 4.89294767
v 4.52548552 2.45825148 4.83920383
v 3.95649648 1.20814908 6.00163937
v 3.52145505 1.080176 5.41514015
v 3.26201892 0.969113648 5.63419533
v 3.82552004 1.00054276 6.19226551
v 3.9939599 1.05530274 6.34790897
v 4.3492918 1.05375099 6.29157591
v 4.01012421 0.981890559 6.53785992
v 4.37998533 0.949676812 6.66518307
v 4.14738989 0.983863831 6.77804041
v 4.84087896 0.8650769 6.2693615
v 4.59642553 0.80126071 6.42266607
v 4.95354986 0.627008855 6.38949347
v 3.72927737 0.97470808 7.05083132
v 3.55017805 1.10498595 6.60110235
v 3.28534174 1.23348725 6.77436161
v 5.59062481 1.60089028 5.4265976
v 4.21461916 1.02684712 6.9261961
v 4.42533445 1.12192249 6.71589231
v 4.37998533 0.949676812 6.66518307
v 4.15331793 0.859520018 7.27527809
v 3.69339824 0.817034423 7.34417725
v 3.41409421 0.887363195 7.51633406
v 3.15303206 0.854396403 7.63015604
v 2.92190671 1.1300782 7.25829315
v 2.77048087 1.30871105 7.19175911
v 3.79991937 0.7918064 7.47254133
v 3.15164304 0.779489815 7.8889246
v 4.762959 0.465821862 7.69503164
v 4.69862556 0.647669613 7.36120462
v 4.04787111 -0.000219180205 8.17884159
v 3.24020004 -0.000219180205 8.38288689
v 6.64869356 -0.000219180205 7.75247288
v 2.11638188 -0.000219180205 8.24930859
v 4.22781706 0.858998835 7.02337742
v 4.21461916 1.02684712 6.9261961
v 4.71554422 0.729387343 6.87555647
v 4.42533445 1.12192249 6.71589231
v 6.23670864 0.420978874 7.22525978
v 6.47674322 0.525008619 7.05187464
v 6.63131571 0.378553063 7.10128403
v 6.6733737 0.624871612 6.40259361
v 6.40189457 0.551089287 6.48048306
v 5.91555643 0.596797705 6.80756187
v 6.02509499 0.965349734 6.13538456
v 5.32512426 0.503950894 6.88335562
v 5.18094969 0.600736141 7.14815187
v 5.46051979 0.588850558 6.47925758
v 5.58125496 0.713036358 6.31152582
v 4.82801247 0.788075268 7.16986561
v 5.21778536 0.86442107 6.71968269
v 4.99761486 0.7885378 6.51950645
v 5.32512426 0.503950894 6.88335562
v 5.4746604 0.780891657 6.49732018
v 5.4746604 0.780891657 6.49732018
v 5.46051979 0.588850558 6.47925758
v 5.58125496 0.713036358 6.31152582
v 5.91285372 0.864756048 5.96060038
v 6.02740479 1.10139072 5.74034023
v 6.02740479 1.10139072 5.74034023
v 5.81043196 1.37443388 5.57363129
v 6.03709698 1.52652001 5.33759975
v 6.24539804 1.21054864 5.50310659
v 5.90203333 1.54931223 5.04506969
v 5.70214319 1.42017496 5.3511219
v 5.75425291 1.77386796 5.20388031
v 5.52288055 2.08173823 4.73897314
v 5.43935537 2.00671387 4.57800102
v 5.49134493 1.88826787 4.05721283
v 5.90203333 1.54931223 5.04506969
v 6.35371065 0.618439794 4.65425777
v 5.49134493 1.88826787 4.05721283
v 5.59062481 1.60089028 5.4265976
v 5.70214319 1.42017496 5.3511219
v 5.81043196 1.37443388 5.57363129
v 6.03709698 1.52652001 5.33759975
v 5.94157696 0.543509841 3.40155935
v 5.34324932 1.646559 3.67205548
v 6.3040061 1.00551295 5.35387421
v 6.24539804 1.21054864 5.50310659
v 6.59965324 0.657765806 5.41838264
v 7.30029058 0.523514271 4.22823095
v 6.11595678 0.535470128 3.29971743
v 5.94157696 0.543509841 3.40155935
v 7.20209694 0.663314521 5.74231577
v 6.6733737 0.624871612 6.40259361
v 6.1940403 0.636709154 5.65427828
v 6.3040061 1.00551295 5.35387421
v 6.09327364 0.841661751 5.47675753
v 6.2833252 0.590384722 6.37581396
v 6.53836632 0.662623525 6.46512938
v 7.57937717 0.508442104 4.95444059
v 7.69713593 0.504433393 5.9680419
v 8.07428646 0.418477386 4.99425793
v 8.18904781 0.31668213 5.90793943
v 7.89448214 0.527188063 6.19753027
v 8.327178 0.395859748 5.83054066
v 7.69913054 0.535835564 4.38938904
v 7.90566397 0.43415153 2.79547668
v 7.50564671 0.528929532 3.45043874
v 6.38235569 0.45787707 2.65485907
v 9.38954544 -0.000219180205 2.67301869
v 8.73953152 -0.000219180205 6.20197392
v 8.66561031 0.343779296 2.55415273
v 8.31248283 0.353908211 2.99023747
v 8.16798782 0.538880467 2.76885486
v 9.4518013 0.00215931539 2.25586796
v 9.65942383 -0.000219180205 2.17723989
v 8.2911005 0.439939141 2.38740349
v 7.87150383 0.443913907 2.06083012
v 8.16798782 0.538880467 2.76885486
v 8.16798782 0.538880467 2.76885486
v 8.41635227 0.726754725 2.03142691
v 8.09706783 0.798741639 1.93358886
v 7.83065891 1.05130112 1.28622925
v 8.90979195 0.538558364 1.73891175
v 7.49484348 0.873934031 1.40607846
v 8.90414524 0.582971573 1.02269411
v 9.57022953 0.123122156 0.991368413
v 8.02305412 0.96791333 1.0202527
v 9.79607868 -0.000219180205 0.0279101562
v 7.26863241 0.766349912 1.20895815
v 7.62771463 0.92457515 0.893923342
v 7.33849096 0.511002123 1.51297355
v 7.73072481 0.449284613 0.800244749
v 8.90414524 0.582971573 1.02269411
v 8.55878639 0.379958421 0.851847529
v 7.26863241 0.766349912 1.20895815
v 8.26918411 0.395476788 0.6920349
v 7.42385721 0.609594464 1.10042048
v 7.33849096 0.511002123 1.51297355
v 7.54687977 0.467243612 1.03175294
v 7.53953838 0.444347233 1.86353087
v 7.34113979 0.636144638 2.07672048
v 7.07487297 0.687343359 1.71382499
v 7.6336937 0.446435302 0.124174193
v 8.20782471 0.47011283 0.310720205
v 8.39921379 0.676228344 0.580974102
v 8.55878639 0.379958421 0.851847529
v 8.66847134 0.658783495 0.714551389
v 8.90414524 0.582971573 1.02269411
v 7.43520737 0.434717178 0.406641215
v 7.35399151 0.644718409 -0.132115468
v 7.40156698 0.417611957 -0.195691526
v 7.06644011 0.55623281 -0.0383300781
v 7.13682127 0.67341882 -0.141955569
v 7.52712631 0.459979206 0.753920853
v 7.54687977 0.467243612 1.03175294
v 7.42353487 0.417884827 0.895294785
v 7.00450182 0.78016907 0.51537168
v 6.95506811 0.387008458 1.07125175
v 7.42460918 0.805835068 0.202590331
v 7.10410118 0.885275126 0.221672356
v 8.70019245 0.347446024 -0.13238892
v 8.47664547 0.355210483 -0.346180409
v 7.94418907 0.343213648 -0.605141282
v 8.57386684 0.529092252 0.371240228
v 8.39921379 0.676228344 0.580974102
v 8.94484806 0.337106287 0.614357889
v 8.66847134 0.658783495 0.714551389
v 9.0725832 0.376044542 0.648624837
v 9.12227726 0.292900383 0.137335807
v 8.91013432 0.389450252 -0.625914276
v 9.55754375 -0.000219180205 -1.34919763
v 8.4600172 0.529866397 -0.843936145
v 9.13352013 0.371525228 0.237387687
v 8.24160671 0.591327488 -0.719422877
v 8.32442856 0.483503282 -0.414238274
v 8.22181606 0.58948648 -1.0093472
v 9.0725832 0.376044542 0.648624837
v 9.15412617 0.260621071 0.929893196
v 8.94484806 0.337106287 0.614357889
v 9.12227726 0.292900383 0.137335807
v 8.66847134 0.658783495 0.714551389
v 8.90414524 0.582971573 1.02269411
v 9.57022953 0.123122156 0.991368413
v 8.84091282 0.372690499 -1.34034455
v 7.71394491 0.727952778 -1.49206901
v 8.793396 0.474333525 -1.49338984
v 8.40543938 0.547346413 -2.24061751
v 8.68676281 0.189946875 -3.46739864
v 7.7448926 0.684851229 -2.39787126
v 9.0120163 -0.000219180205 -3.21351242
v 7.7035861 0.723597407 -2.73536611
v 8.55759239 -0.000219180205 -5.03498507
v 7.91922569 0.418578088 -4.74374866
v 7.75591516 -0.000219180205 -6.18769169
v 7.56108141 0.735676229 -1.88794887
v 7.11946535 0.739690781 -1.85758972
v 6.78320551 0.84845531 -1.76404536
v 7.15532684 0.857361674 -1.15824282
v 7.05745125 0.814760208 -2.25769067
v 7.1941309 0.769401848 -2.26402211
v 6.88055897 0.690700889 -2.26871276
v 6.78047848 0.736647069 -2.58654666
v 7.19563723 0.708636463 -2.83645797
v 6.55131817 0.795736611 -3.63864136
v 6.21966314 1.0943054 -3.05617905
v 7.5480957 0.738238573 -2.60086226
v 7.234375 0.776508152 -3.03795958
v 7.50870609 0.672176242 -3.83578968
v 6.45098352 1.3716408 -4.46342468
v 6.11722898 1.73906195 -3.48569202
v 7.22905254 0.942173421 -2.10853505
v 7.11946535 0.739690781 -1.85758972
v 7.38159657 0.953193665 -1.94696343
v 7.56108141 0.735676229 -1.88794887
v 7.67152548 0.855864942 -2.29498076
v 7.24915743 0.888972223 -2.8630867
v 7.57910156 0.705990911 -2.93941593
v 6.29950905 1.84467673 -4.53331518
v 5.92044687 2.37729263 -3.89426804
v 6.24148893 1.73779309 -4.91024685
v 7.74444818 0.73252362 -3.12674546
v 7.78265619 0.534885764 -3.58546877
v 7.78265619 0.534885764 -3.58546877
v 8.05440426 0.49958849 -3.23329496
v 6.23133516 0.835076571 -4.71738005
v 6.71239233 0.767626464 -4.08204651
v 5.91431141 1.37452054 -4.9917469
v 5.88979959 0.930941343 -4.77912092
v 6.12617159 1.97203207 -5.29571867
v 5.90567636 1.70411539 -5.53275156
v 5.88979959 0.930941343 -4.77912092
v 5.83890867 2.6940887 -5.61043119
v 5.66953373 3.62613082 -4.66542482
v 5.94834471 2.61358953 -4.01629066
v 5.92044687 2.37729263 -3.89426804
v 5.78719234 3.04639482 -3.61062002
v 5.52014637 4.02646589 -4.12287807
v 5.7655735 1.17748475 -5.17516327
v 5.85695076 0.830809057 -5.04915333
v 5.42509508 0.948503315 -5.5776391
v 5.22189951 1.37308121 -5.78687811
v 5.16649628 1.80457163 -6.06436205
v 5.67109346 2.62675047 -5.68576097
v 5.83890867 2.6940887 -5.61043119
v 5.51863289 2.23237705 -6.01202631
v 5.403584 3.16966033 -5.19146633
v 5.66953373 3.62613082 -4.66542482
v 5.49714565 3.30834579 -3.52066946
v 5.46244383 4.1934967 -3.88891959
v 5.5060544 3.4494741 -3.39449525
v 5.70184088 3.161201 -3.26184797
v 5.65842533 2.89247394 -3.31223083
v 5.85287094 2.48601961 -3.44382977
v 5.65842533 2.89247394 -3.31223083
v 6.11722898 1.73906195 -3.48569202
v 6.17780256 2.4754293 -3.08897352
v 6.22852993 3.44830322 -3.19234014
v 6.47247314 2.43971181 -2.9304831
v 6.17344475 2.33179212 -2.85186315
v 6.4378171 1.85269415 -2.50423694
v 6.24770975 2.20240426 -3.17896295
v 6.39973354 1.94130576 -3.34065056
v 6.17344475 2.33179212 -2.85186315
v 6.39973354 1.94130576 -3.34065056
v 6.53062963 1.52498245 -2.70743465
v 6.78047848 0.736647069 -2.58654666
v 6.4378171 1.85269415 -2.50423694
v 6.88055897 0.690700889 -2.26871276
v 6.50204802 1.57348156 -2.10917234
v 6.73780727 1.04127395 -1.71883059
v 6.82254124 1.13661647 -1.51989281
v 6.84708977 1.32944441 -1.86860311
v 6.97150135 1.28568709 -1.23170412
v 6.50204802 1.57348156 -2.10917234
v 6.98853254 0.903574824 -1.25223267
v 7.10361052 1.57385051 -0.841076016
v 7.05923557 1.33058739 -0.591467857
v 7.13572264 0.999984205 -0.839486957
v 6.66352272 1.70947695 -2.01901722
v 6.4378171 1.85269415 -2.50423694
v 6.70669889 2.02553487 -1.92625761
v 6.97354984 1.22982395 -1.69331717
v 6.46605206 2.3926301 -2.14458442
v 6.47247314 2.43971181 -2.9304831
v 6.27638435 3.07887506 -2.86352134
v 6.22852993 3.44830322 -3.19234014
v 6.21597624 3.20728564 -2.79873443
v 6.94659424 1.47230113 -1.56354308
v 6.9389987 1.45610702 -1.30258334
v 6.98157454 2.32661629 -2.00884914
v 6.97150135 1.28568709 -1.23170412
v 5.31967258 3.54184508 4.04386854
v 5.89486313 2.85203028 4.40113401
v 5.53585672 3.7311368 4.18493271
v 5.80705309 3.6526103 4.12479305
v 5.75612068 3.96128106 4.22684383
v 5.96349096 3.92609525 4.39705133
v 6.45015621 3.07226658 4.39508486
v 6.37248039 2.9057281 4.17559624
v 6.37248039 2.9057281 4.17559624
v 6.10501957 2.8490417 4.33481264
v 5.87352753 2.59205031 4.35872078
v 5.51131344 2.72349811 4.44234467
v 5.56931877 2.92946577 4.53976965
v 4.890769 3.4345448 4.49928713
v 4.86804914 2.57500362 4.77701759
v 4.69388676 3.40792131 4.48913097
v 5.95325899 2.45353794 3.81015372
v 6.06711912 2.11631489 2.36955571
v 6.37248039 2.9057281 4.17559624
v 7.12245607 2.82607913 2.50529289
v 7.41076899 3.02518845 2.73585939
v 5.67416477 2.48211241 4.30172825
v 5.35767078 2.20429206 4.70817757
v 5.91611814 2.12825012 3.91955304
v 5.79537582 2.13575578 3.18459964
v 4.62259007 3.00713921 4.66257811
v 4.21619606 3.63444304 4.45793486
v 4.44790745 3.60967469 4.39694452
v 4.18245602 3.36114502 4.63674021
v 3.56374502 4.10038185 4.52025938
v 3.8045752 3.51028275 4.63551617
v 4.01875973 3.39240313 4.72158194
v 4.03626204 3.196347 4.57902336
v 4.01875973 3.39240313 4.72158194
v 3.8045752 3.51028275 4.63551617
v 3.68047595 3.24173784 4.5613184
v 3.5725584 3.60498428 4.69704723
v 3.37444568 3.79877615 4.58280802
v 3.15264392 3.7355547 4.34422255
v 2.99749756 3.79857302 4.55592394
v 4.42225313 2.9142499 4.66093636
v 3.91801262 2.73964906 4.84779549
v 4.70011711 2.49479008 4.63554573
v 4.89922857 2.35082245 4.87020874
v 4.75944805 2.2208252 4.82267666
v 4.75944805 2.2208252 4.82267666
v 4.14142323 2.31719184 4.95784664
v 3.39363265 3.05178499 4.68547487
v 3.28183842 3.36323237 4.56021404
v 3.15264392 3.7355547 4.34422255
v 2.99749756 3.79857302 4.55592394
v 5.18936014 2.26932287 4.78139496
v 4.99228764 2.35194731 4.74397945
v 4.86804914 2.57500362 4.77701759
v 5.43935537 2.00671387 4.57800102
v 5.49134493 1.88826787 4.05721283
v 5.82378626 1.83831763 3.31971622
v 5.34324932 1.646559 3.67205548
v 5.82378626 1.83831763 3.31971622
v 5.75319576 1.7809515 2.97710991
v 5.71105957 0.846326292 2.68026185
v 5.89488268 1.97758138 2.44969606
v 6.17633533 1.69699693 2.15748835
v 5.98182583 1.68151176 2.41218257
v 5.62822008 1.52059186 2.69451404
v 5.9781909 1.54227257 2.62308598
v 6.28230953 1.66921043 2.36401415
v 6.28230953 1.66921043 2.36401415
v 6.39710665 1.51658547 2.12842393
v 5.81860352 0.702666163 2.92989016
v 5.89106941 0.500049949 2.56426072
v 6.16249752 0.767845452 2.31384206
v 6.33677006 0.485167444 2.45304441
v 6.28892565 0.767248213 1.95845449
v 6.1449585 0.528198719 2.06556582
v 6.91912603 1.63573194 1.46591616
v 6.94831514 1.30312252 1.42610168
v 6.90537596 0.972985387 1.0388788
v 6.71149874 0.981516957 1.58251405
v 6.48609352 0.432123184 0.958898902
v 6.35208464 0.42769286 2.03078842
v 6.69408417 0.550754368 0.729335308
v 6.78866673 0.39814806 0.663931251
v 6.83793926 0.463678718 0.318237305
v 6.59830046 1.49502301 0.946414769
v 6.6159811 1.57893431 1.08714533
v 6.7750144 1.78198028 1.38876212
v 6.7750144 1.78198028 1.38876212
v 7.04718256 2.17987752 1.04838133
v 7.11015368 1.76403713 0.737233281
v 6.6159811 1.57893431 1.08714533
v 7.31362534 1.5514226 -0.14795959
v 7.00450182 0.78016907 0.51537168
v 6.83793926 0.463678718 0.318237305
v 7.19116449 1.39597166 0.639240086
v 7.10410118 0.885275126 0.221672356
v 6.36487055 2.23951149 2.09493279
v 7.41039038 1.64631879 -0.539093018
v 7.20557356 1.29780328 -0.600029886
v 7.10361052 1.57385051 -0.841076016
v 7.05923557 1.33058739 -0.591467857
v 7.37107658 1.81337476 -0.559680462
v 7.48624754 2.19808698 0.097020261
v 7.74235582 2.59913898 0.725690305
v 7.57537603 2.64050388 1.2999115
v 6.62311268 2.44885349 2.35389519
v 6.64039803 2.62524581 2.28460693
v 7.07693577 2.69446158 1.56332755
v 6.88179922 2.70206785 2.25135684
v 7.1410203 2.91189051 2.09891891
v 7.1410203 2.91189051 2.09891891
v 7.44873047 2.92749834 1.3735888
v 7.57537603 2.64050388 1.2999115
v 6.36487055 2.23951149 2.09493279
v 7.76173306 2.64608312 0.0406854227
v 7.51763153 2.91796494 -0.517486572
v 7.8369751 3.05271196 -0.399589837
v 7.67272425 3.25027704 -1.0135293
v 7.79366207 2.95242977 1.76405513
v 7.57876921 2.98901868 2.35020065
v 7.46762419 2.89034963 1.52398801
v 7.44873047 2.92749834 1.3735888
v 7.88625479 2.87700796 0.194755241
v 7.82136679 2.93602347 -0.100968018
v 7.70359135 3.49795985 -0.0143115232
v 7.6790967 3.48049808 0.198893428
v 7.78955078 3.43972397 -0.289448857
v 7.67272425 3.25027704 -1.0135293
v 7.80968237 2.86749005 0.479951769
v 7.74871302 2.87367296 0.668929458
v 7.59554911 3.53056288 0.487294286
v 7.63671112 3.22240663 0.697354734
v 7.27893305 3.21159482 1.33617914
v 7.46762419 2.89034963 1.52398801
v 7.39259768 3.37104917 0.958838463
v 8.03059292 3.7074337 -0.557731926
v 7.84145975 3.69769406 -0.301162094
v 7.64584208 3.4416666 -0.949362755
v 7.82823706 3.2952261 -1.20314789
v 7.86809301 3.55444217 -1.16201472
v 7.66819572 3.16882467 -1.20958889
v 7.71420622 3.23322296 -1.42370474
v 7.86809301 3.55444217 -1.16201472
v 7.64584208 3.4416666 -0.949362755
v 8.0678196 3.62776351 -1.08877254
v 8.18827343 3.71311975 -1.04321742
v 8.16581726 3.86926866 -0.75955379
v 7.68582726 5.05059195 -1.24201167
v 7.80850554 5.05902386 -2.01539421
v 7.71160126 5.41658068 -1.94626832
v 7.75829315 4.58628273 -1.08182549
v 7.49875736 5.04743481 -0.21047546
v 7.68582726 5.05059195 -1.24201167
v 7.87073946 3.56189203 -0.0100195315
v 7.46895742 5.4853301 -0.654235542
v 7.17183828 6.51700163 -1.1126895
v 7.56811285 5.86646414 -2.18764305
v 7.47084188 6.07306814 -2.12381577
v 7.0658102 7.02949715 -2.3368783
v 6.93885994 7.65316153 -1.72936273
v 7.11822271 6.57065105 -2.41573906
v 6.84757566 7.47381639 -2.16801238
v 7.43154049 5.74746561 -2.3812294
v 7.5761838 5.32353497 -2.02629256
v 7.71160126 5.41658068 -1.94626832
v 7.80850554 5.05902386 -2.01539421
v 6.87182856 7.22319984 -3.52036095
v 6.92576885 5.79443121 -2.88664198
v 6.71810055 6.97629929 -3.51788425
v 6.7982688 7.35725069 -2.48613214
v 7.1344552 5.31526947 -2.4376061
v 7.69437218 4.21496058 -1.48992121
v 6.53783417 7.58294296 -2.72189426
v 6.98553705 7.37122011 -3.31533504
v 6.63159895 8.03117752 -2.54021406
v 6.48099327 7.87710905 -3.15814877
v 6.23556852 8.48949432 -3.16078019
v 6.78325891 7.69701338 -1.91431177
v 6.6795578 8.21775723 -2.07036805
v 7.12161827 7.47516823 -3.76729608
v 7.05178928 7.24912405 -3.77897453
v 6.87182856 7.22319984 -3.52036095
v 6.7982688 7.35725069 -2.48613214
v 6.71810055 6.97629929 -3.51788425
v 6.91144991 7.0737071 -4.42506361
v 7.12123537 9.49992752 -4.65437317
v 6.6887207 8.77464676 -4.56954813
v 7.12123537 9.49992752 -4.65437317
v 6.65648174 9.6391449 -4.95521402
v 6.80435514 10.0047617 -4.48604679
v 6.66981697 8.82129383 -4.79318953
v 6.24193573 9.0263586 -4.95378304
v 7.08219957 7.27741241 -4.3199873
v 6.24193573 9.0263586 -4.95378304
v 6.66981697 8.82129383 -4.79318953
v 5.97627449 7.87477112 -4.96076727
v 6.5227561 7.05028677 -4.64020109
v 5.88880825 6.9822464 -4.75341988
v 5.77637672 8.57460022 -5.03568077
v 6.79174042 6.88347435 -4.54254007
v 7.05208969 6.62592745 -4.55815363
v 6.60502672 6.45571756 -4.59248924
v 6.14188719 6.87567997 -4.87668753
v 5.88880825 6.9822464 -4.75341988
v 5.87513638 6.78402185 -4.86360359
v 6.38661385 5.20435047 -3.91283679
v 7.44401836 4.57281399 -3.05541372
v 5.98787117 5.79383755 -4.32110453
v 5.58825445 6.35476112 -4.63824797
v 5.87513638 6.78402185 -4.86360359
v 5.43657684 6.77562618 -4.88944769
v 5.4470067 6.57026577 -4.77639961
v 5.45564461 6.29223299 -4.58198452
v 5.88796377 5.10219002 -3.95975995
v 5.70936489 6.29516411 -4.50619698
v 5.9141674 4.89111948 -3.93934035
v 5.95835447 4.68066597 -3.78350568
v 5.52040768 5.91926241 -4.6412096
v 5.74004126 5.99251461 -4.5206852
v 5.70936489 6.29516411 -4.50619698
v 5.88796377 5.10219002 -3.95975995
v 5.45942593 5.30673313 -4.41015673
v 5.41293955 4.99242449 -4.33328152
v 5.60415745 4.72926855 -4.26286983
v 5.45282459 5.8513093 -4.29820442
v 5.45942593 5.30673313 -4.41015673
v 5.19125462 5.98805571 -4.15668869
v 5.37199688 6.07205009 -4.11385965
v 5.35561275 6.29136944 -4.08625841
v 5.37199688 6.07205009 -4.11385965
v 5.28763437 7.08586168 -4.46579409
v 5.4470067 6.57026577 -4.77639961
v 5.35561275 6.29136944 -4.08625841
v 5.40226078 6.95244122 -4.59848642
v 5.43657684 6.77562618 -4.88944769
v 5.28378153 7.44766331 -4.71970367
v 6.14882803 3.69295096 -3.48916793
v 6.66747522 3.69854808 -2.79663038
v 5.46244383 4.1934967 -3.88891959
v 5.41293955 4.99242449 -4.33328152
v 7.11997318 3.80490327 -2.67383671
v 7.41943359 4.06085348 -2.71714258
v 6.36989975 3.46775603 -3.12689686
v 6.85063457 3.51648283 -2.54319906
v 5.17859602 5.00595379 -3.96056437
v 5.32466316 5.41539288 -3.90384889
v 5.45942593 5.30673313 -4.41015673
v 5.19125462 5.98805571 -4.15668869
v 6.13816166 3.42051959 -3.28819561
v 5.5060544 3.4494741 -3.39449525
v 5.70184088 3.161201 -3.26184797
v 6.22852993 3.44830322 -3.19234014
v 6.21597624 3.20728564 -2.79873443
v 6.50708246 3.08581638 -2.85693383
v 6.50708246 3.08581638 -2.85693383
v 6.67699957 2.66907597 -2.53896213
v 6.27638435 3.07887506 -2.86352134
v 6.46605206 2.3926301 -2.14458442
v 6.70669889 2.02553487 -1.92625761
v 7.08743143 3.18823624 -2.47376513
v 6.98157454 2.32661629 -2.00884914
v 6.94659424 1.47230113 -1.56354308
v 7.13050032 2.71302485 -2.15699458
v 7.27320051 3.59271169 -2.49753046
v 7.12142801 3.8790679 -2.60049272
v 7.25540733 3.20692182 -2.04794693
v 7.30291224 3.25216293 -2.22717214
v 7.29078102 3.00879478 -2.40177107
v 7.4261961 3.00145459 -2.26172876
v 7.22053957 2.437428 -1.52584624
v 7.34874487 2.34131622 -1.91946864
v 7.23553467 2.31278014 -1.74669707
v 7.34874487 2.34131622 -1.91946864
v 7.23553467 2.31278014 -1.74669707
v 7.23553467 2.31278014 -1.74669707
v 7.32663822 1.6250819 -1.57909727
v 7.52614737 1.63464987 -1.40768063
v 7.22053957 2.437428 -1.52584624
v 7.26282454 2.21084142 -1.3488549
v 7.3125391 1.64017057 -0.88830018
v 7.1428318 1.42015636 -1.25199485
v 7.3125391 1.64017057 -0.88830018
v 6.9389987 1.45610702 -1.30258334
v 6.98157454 2.32661629 -2.00884914
v 6.97150135 1.28568709 -1.23170412
v 7.10361052 1.57385051 -0.841076016
v 6.97150135 1.28568709 -1.23170412
v 7.45603752 1.76798546 -0.755707979
v 7.37107658 1.81337476 -0.559680462
v 7.68315172 2.18257856 -0.24991332
v 7.83567858 1.99168575 -0.899032593
v 7.48624754 2.19808698 0.097020261
v 3.12884259 7.6148448 -4.92474651
v 3.90192628 7.95693111 -5.64928627
v 3.44950914 7.01865053 -4.80563593
v 4.02951908 7.71257162 -5.59859133
v 4.01324463 7.18960571 -5.26233006
v 3.74075198 6.89298058 -4.79810476
v 3.72776604 6.51726341 -4.53000593
v 4.22279549 6.42373085 -4.81097984
v 4.04275846 6.31874561 -4.63641787
v 3.4502368 5.90693712 -4.82251644
v 3.44950914 7.01865053 -4.80563593
v 2.95910883 7.29045534 -5.50726938
v 3.12884259 7.6148448 -4.92474651
v 2.57621336 6.90108585 -5.3763895
v 2.43673325 7.08180666 -5.37733364
v 2.36318851 6.77431297 -5.34086847
v 4.26914787 5.59306431 -4.48288488
v 4.14049292 5.75880766 -4.43501139
v 4.43987036 5.85984039 -4.51498508
v 4.64075899 6.16862774 -4.61963415
v 4.50076914 5.63560677 -4.48253393
v 5.17859602 5.00595379 -3.96056437
v 5.32466316 5.41539288 -3.90384889
v 4.66268063 7.64885902 -5.11143398
v 5.28763437 7.08586168 -4.46579409
v 5.14973879 7.66654301 -4.80210304
v 5.38637686 8.04709053 -4.93680286
v 5.45248508 8.15107727 -4.76768827
v 4.45935535 8.39401245 -5.4035511
v 3.90192628 7.95693111 -5.64928627
v 5.21677494 8.77004242 -5.14883232
v 5.58791733 8.13982582 -4.83750343
v 5.19031 8.87419987 -5.11006021
v 4.98760509 8.97566605 -4.61055946
v 3.90192628 7.95693111 -5.64928627
v 5.88873768 7.12392521 -4.61175299
v 5.88880825 6.9822464 -4.75341988
v 5.87513638 6.78402185 -4.86360359
v 5.28378153 7.44766331 -4.71970367
v 5.38637686 8.04709053 -4.93680286
v 5.40226078 6.95244122 -4.59848642
v 5.87513638 6.78402185 -4.86360359
v 5.43657684 6.77562618 -4.88944769
v 6.23977518 9.77962494 -4.08050966
v 6.80435514 10.0047617 -4.48604679
v 6.64653778 9.99894142 -4.2304039
v 6.50992155 9.74011517 -3.89645195
v 5.44206524 9.35705757 -3.89007592
v 6.08563471 9.73418903 -3.81182766
v 5.47060776 9.42461872 -3.58915615
v 5.71432352 9.46919918 -3.73418641
v 5.92017078 9.54001522 -3.67959857
v 5.81660366 9.37208557 -3.39615345
v 6.28700924 9.24680042 -3.3377409
v 6.15926266 8.99668312 -3.04820037
v 6.316113 9.08006954 -3.46119642
v 4.8380394 9.01573849 -4.01376152
v 5.43206549 9.49531937 -3.38605857
v 2.84990478 7.7864337 -3.97245669
v 3.12884259 7.6148448 -4.92474651
v 5.56147671 9.49833488 -3.38095665
v 6.64653778 9.99894142 -4.2304039
v 6.80435514 10.0047617 -4.48604679
v 6.28700924 9.24680042 -3.3377409
v 5.92017078 9.54001522 -3.67959857
v 6.15926266 8.99668312 -3.04820037
v 6.54125977 9.65033054 -2.53090787
v 6.64452124 9.61356735 -2.27389121
v 6.64467287 9.08002663 -2.55221343
v 6.89534426 8.58143806 -2.14800167
v 6.22434807 10.3628693 -2.53779364
v 6.51926517 10.1784191 -2.3652215
v 5.66975594 9.82140827 -3.1876328
v 7.12988281 7.78887177 -1.73804319
v 7.4274683 7.72087765 -1.73036432
v 7.17183828 6.51700163 -1.1126895
v 7.93264627 6.07832098 -0.958669722
v 7.95497036 5.6851716 -0.898717046
v 7.46895742 5.4853301 -0.654235542
v 8.02317142 5.54028654 -0.720441878
v 8.09759045 4.71088028 0.286341548
v 7.76598597 4.40484953 0.256813347
v 7.92251205 4.43729162 0.509321868
v 7.69292974 4.17018604 0.184746087
v 7.90721655 3.98914814 0.382053226
v 7.6718502 3.79571128 0.49167785
v 7.6718502 3.79571128 0.49167785
v 7.6790967 3.48049808 0.198893428
v 7.70359135 3.49795985 -0.0143115232
v 7.84145975 3.69769406 -0.301162094
v 7.67002678 3.58371854 0.557822227
v 7.53249979 3.60396719 1.10120964
v 7.73977757 3.34215832 0.639219344
v 7.77076149 4.06794167 0.534927368
v 7.90721655 3.98914814 0.382053226
v 7.76598597 4.40484953 0.256813347
v 7.62597895 3.37496567 0.99188596
v 7.63671112 3.22240663 0.697354734
v 7.39259768 3.37104917 0.958838463
v -0.633034647 1.46246028 5.96195412
v -0.276601553 1.74242783 5.47604704
v -0.559294403 2.002285 5.40158796
v -0.00203124993 1.47995675 5.45095682
v -0.0837499946 0.966538429 6.01845551
v -0.336389154 1.10328662 6.03154898
v -0.715786099 1.43531168 6.07686853
v -0.467968732 1.16865456 6.15221548
v 0.117517084 1.05843782 5.69843483
v 0.286354989 1.00900173 5.62594604
v 0.446557611 1.15365493 5.43747425
v 0.153278798 1.6197592 5.35922003
v 0.337497562 1.91477239 5.39780283
v -0.545781255 2.05856729 5.48493528
v -0.360483378 1.01418269 6.19044781
v -0.660153806 0.88523525 6.14580441
v 0.359155267 1.65770793 5.20401955
v 0.801269531 1.46630859 5.3979125
v 0.659687459 1.22676384 5.3236804
v 0.949899852 1.51624954 5.37027454
v 0.350893557 2.10570574 5.26246214
v -0.164123535 3.00368929 5.43809795
v -0.681970179 2.45713091 5.56384611
v 0.958466768 1.12940705 5.60405397
v 1.10943604 1.06732178 5.40081167
v 0.839248002 2.1907804 4.76817751
v 1.41092527 1.62400794 4.76256466
v 0.907304645 2.09324574 4.55621958
v 0.706269503 2.55149245 4.62738991
v 0.435007304 2.93544674 4.77972269
v -1.11888671 4.53620481 4.84898567
v 0.214697257 3.36666441 4.72439098
v -0.403432608 4.10975695 4.5458703
v 1.76186514 1.17769897 5.80016088
v 1.2770679 1.03909576 5.29586649
v 1.67929685 1.01997149 5.0251832
v 1.49301755 1.00703776 5.03811026
v 2.06352544 1.19328535 5.73082972
v 2.33282948 1.14682388 5.49962139
v 1.82147944 1.35868239 5.89342403
v 2.24922848 1.45332909 6.33352137
v 1.52683342 1.33082986 6.03586435
v 1.7342993 1.16397476 5.99750376
v 1.20672119 1.33449078 6.27508402
v 0.923083484 1.24671495 6.01221895
v 0.689335942 1.11171281 6.03543949
v 1.18895745 1.24613404 6.11380005
v 1.20672119 1.33449078 6.27508402
v 0.990361333 1.45525575 6.17100573
v 0.799987793 1.4161278 6.10215569
v 0.892060518 1.52435112 6.32308817
v 0.953886688 1.31381941 6.50694704
v 0.784182131 1.35918832 6.52387905
v 0.31613037 1.14721739 6.67946863
v 0.784182131 1.35918832 6.52387905
v 0.55095458 1.16814864 6.09520626
v 0.50657469 1.11495447 5.88681889
v 0.286354989 1.00900173 5.62594604
v 0.117517084 1.05843782 5.69843483
v 0.31613037 1.14721739 6.67946863
v -0.140278324 1.05583787 6.84460449
v 0.0320996083 1.01598382 7.31901836
v -0.418676734 1.03193092 6.74582148
v -0.823974609 0.977071345 6.58336067
v -1.25730705 0.920928299 6.61319065
v -1.63529289 0.899419785 6.65389156
v -1.47391355 1.09855187 6.40255356
v -1.34872794 1.00091052 5.88146114
v -1.63529289 0.899419785 6.65389156
v -2.10517573 0.715706468 7.52153158
v -3.39140368 0.778640747 6.79797125
v -3.63391113 0.616925597 7.01414156
v -3.54180646 0.618074417 7.19762182
v -4.12006569 0.719975173 6.61932945
v -1.64865232 0.575345278 7.75808811
v -2.10066152 0.496750891 7.92211151
v -3.79252434 0.461583614 7.50252914
v -4.25624275 0.576181471 6.89133787
v -3.90455556 -0.000219180205 8.09519863
v -2.01882553 -0.000219180205 8.44238377
v -1.66325438 -0.000219180205 8.36117458
v -3.87401366 0.187269717 7.9284873
v -0.97062254 0.846289933 7.23514128
v -0.823974609 0.977071345 6.58336067
v -0.621821284 1.02179492 7.18029165
v -0.667604983 1.12765872 6.62669039
v -0.460004866 1.04546309 7.41597652
v -0.538325191 0.677317441 8.0523138
v -0.278730452 1.05171442 7.02705908
v -0.364716798 1.1845243 6.93624496
v -0.322504878 1.18911731 6.73471403
v -0.299855947 0.666990578 7.93659401
v 0.576208472 0.613387644 8.10246181
v -0.737868607 0.569041193 8.21240807
v -0.509040534 -0.000219180205 8.71883011
v -0.362790525 0.374084115 8.51952362
v -0.196240231 -0.000219180205 8.56628132
v -0.341311038 0.341596335 8.34722424
v -0.196240231 -0.000219180205 8.56628132
v 0.641206026 -0.000219180205 8.63921356
v 0.842961431 0.379676163 8.21600914
v 1.05725336 -0.000219180205 8.40550995
v 1.2148999 0.258199215 8.24160862
v 1.63006592 -0.000219180205 8.4279871
v 1.48098147 0.491201013 8.20902348
v 1.02536619 0.739259839 7.81879997
v 1.17539549 0.942273021 7.81751585
v 1.02536619 0.739259839 7.81879997
v 1.54072261 1.02013779 7.6337719
v 1.66006827 0.817186713 7.6902256
v 1.56199217 0.847949445 7.48983145
v 2.13819337 0.812067747 7.57925653
v 2.09535885 1.03091323 7.34202385
v 2.77048087 1.30871105 7.19175911
v 1.56199217 0.847949445 7.48983145
v 1.4597168 1.20036113 7.1092639
v 1.46249259 1.4071089 6.93752432
v 0.888156712 1.2482748 6.8530345
v 2.38812256 1.29414594 6.91140747
v 2.38922596 1.01750982 7.13788795
v 2.49412584 1.23391116 6.80705452
v 1.55359864 1.49097574 6.73735476
v 2.24922848 1.45332909 6.33352137
v 2.6215868 1.26181638 6.73518801
v 0.953886688 1.31381941 6.50694704
v 0.31613037 1.14721739 6.67946863
v 1.20672119 1.33449078 6.27508402
v 1.7342993 1.16397476 5.99750376
v 2.97879887 1.4583509 6.96520853
v 2.48869634 1.87189984 6.28409433
v 3.25005364 1.66652751 6.7979455
v 2.75148177 1.256037 6.86442232
v 2.81924796 0.979980469 7.05897808
v 3.76833725 7.98592997 3.85882926
v 4.02874994 7.4423008 4.32948065
v 3.82411623 7.98090315 4.25034618
v 3.88104486 8.26041603 4.14509106
v 3.48623538 8.86217308 3.18999577
v 3.60211897 9.14944649 3.47936702
v 3.6937499 9.1798439 3.82452083
v 5.94157696 0.543509841 3.40155935
v 5.82378626 1.83831763 3.31971622
v 5.34324932 1.646559 3.67205548
v 6.11595678 0.535470128 3.29971743
v 5.98807621 9.16178989 -1.47318232
v 5.54630613 10.1700172 -1.75323236
v 4.92375231 9.85206127 -1.65953553
v 6.44458008 9.56627941 -1.86145532
v 6.12958717 10.480792 -1.99305999
v 6.57203102 8.92887688 -1.65130126
v 6.3604517 8.81546021 -1.39553952
v 6.18565893 8.88812256 -1.21157622
v 6.27554178 8.56136799 -1.16685021
v 6.6758275 8.40938854 -1.17331326
v 6.64684057 8.43772793 -1.02905333
v 6.87279272 8.46657181 -1.20818603
v 6.87279272 8.46657181 -1.20818603
v 6.78938484 8.26513195 -1.4814837
v 6.51926517 10.1784191 -2.3652215
v 6.07662821 9.96278191 -2.05377221
v 5.93268538 10.263114 -2.31980991
v 6.22434807 10.3628693 -2.53779364
v 7.12988281 7.78887177 -1.73804319
v 6.95488501 7.94248724 -1.53031671
v 6.87279272 8.46657181 -1.20818603
v 6.3604517 8.81546021 -1.39553952
v 7.4274683 7.72087765 -1.73036432
v 7.12988281 7.78887177 -1.73804319
v 6.95506811 0.387008458 1.07125175
v 7.15358162 0.547715306 1.01378655
v 7.42353487 0.417884827 0.895294785
v 7.42385721 0.609594464 1.10042048
v 7.54687977 0.467243612 1.03175294
v 3.72378898 4.68152332 -5.00437117
v 3.5394702 5.10908413 -4.50938272
v 3.85276842 4.99770355 -5.0143609
v 3.46881104 4.77748299 -4.67332649
v 3.58447504 4.47838259 -5.146173
v 3.02311039 4.12596321 -4.69858742
v 3.05098629 4.74194431 -4.1742506
v 3.47618651 5.33427334 -4.46198273
v 3.46862531 4.30011559 -5.02873755
v 3.84951162 4.22661734 -4.93801403
v 3.72378898 4.68152332 -5.00437117
v 3.55783939 4.19197798 -5.20713139
v 3.85276842 4.99770355 -5.0143609
v 2.98693585 3.833637 -5.04411983
v 3.41527581 3.98654652 -5.26155519
v 2.88318586 3.3873651 -4.82215118
v 2.9059546 3.31156659 -4.67729425
v 2.45450687 2.93706417 -5.24346447
v 2.27479243 2.73406863 -5.23366737
v 3.14345694 3.27112055 -4.88086605
v 2.88318586 3.3873651 -4.82215118
v 3.55865479 3.36306977 -5.22497797
v 3.55783939 4.19197798 -5.20713139
v 3.26884747 2.92487359 -4.83942509
v 4.55234623 4.10113525 -4.2560339
v 4.15366459 4.8095603 -4.68228436
v 3.90575671 5.21818781 -4.73475313
v 2.44338131 2.72854972 -5.44000912
v 2.88318586 3.3873651 -4.82215118
v 4.87117672 4.28156376 -4.0265522
v 4.88636446 4.79905605 -4.06727886
v 2.53628659 2.57621145 -5.71493626
v 1.97198725 2.26713872 -5.24093056
v 2.68454337 2.85668731 -5.31066227
v 3.14345694 3.27112055 -4.88086605
v 2.84825444 2.41860938 -5.7577734
v 2.10980463 1.95011711 -5.64304686
v 1.95293701 1.81732321 -5.56800318
v 2.13037586 1.71032715 -5.85684729
v 5.13946533 4.57919645 -3.90091062
v 4.83454084 4.47504282 -3.8146832
v 4.43819809 5.73265982 -4.69896793
v 4.12033176 5.13418484 -4.64480972
v 4.14500237 5.64893293 -5.05405331
v 4.26914787 5.59306431 -4.48288488
v 4.43987036 5.85984039 -4.51498508
v 1.51768792 1.89183223 -5.53419542
v 1.6581347 2.68542814 -5.45920038
v 1.1127758 1.63591933 -6.09147072
v 2.27479243 2.73406863 -5.23366737
v 1.75601315 2.93392849 -5.46474648
v 1.14964354 2.01339102 -5.84198713
v 2.11935782 3.21642399 -5.11674261
v 1.92345452 3.38060594 -5.25522518
v 2.9059546 3.31156659 -4.67729425
v 1.24342287 1.5977881 -6.47857666
v 1.1127758 1.63591933 -6.09147072
v 2.59618902 3.49467087 -4.80064249
v 2.22985101 3.71447206 -4.92646408
v 2.29895258 3.93873191 -4.56607962
v 2.67910647 3.85026336 -4.90959215
v 2.89728999 4.18528175 -4.78485441
v 3.02311039 4.12596321 -4.69858742
v 3.05098629 4.74194431 -4.1742506
v 2.55998778 4.02289534 -4.56261396
v 2.83136702 4.46271086 -4.10800171
v 1.6620239 3.71611571 -4.07892704
v 2.22985101 3.71447206 -4.92646408
v 1.92345452 3.38060594 -5.25522518
v 1.92451656 4.04738474 -3.9713037
v 1.19762933 3.46748066 -4.04366398
v 0.836901844 3.26695609 -3.9001689
v 1.07224119 3.55173659 -3.84389162
v 1.00268304 4.12490511 -4.19270945
v 2.21874022 4.27723217 -3.98445153
v 1.96879387 4.45829058 -4.07469463
v 2.22895265 4.49787521 -3.76216125
v 1.77679932 4.75754642 -3.93817854
v 2.55600572 4.56690407 -3.80679464
v 1.96879387 4.45829058 -4.07469463
v 3.05098629 4.74194431 -4.1742506
v 2.81593251 5.14346313 -4.27508402
v 1.6923852 4.56153822 -4.40700865
v 1.37701905 5.15457439 -4.43131018
v 1.97364497 4.12997675 -4.26959419
v 1.92451656 4.04738474 -3.9713037
v 1.6620239 3.71611571 -4.07892704
v 2.89728999 4.18528175 -4.78485441
v 2.67910647 3.85026336 -4.90959215
v 2.59618902 3.49467087 -4.80064249
v 2.93034172 5.81089687 -4.7675972
v 3.47618651 5.33427334 -4.46198273
v 2.19735336 5.53861094 -4.66051769
v 2.40065169 5.24602604 -4.5644269
v 3.98134017 5.49066782 -4.56194592
v 3.58436036 5.13002777 -4.37249613
v 3.85658193 5.9045043 -4.78008127
v 4.14049292 5.75880766 -4.43501139
v 4.26914787 5.59306431 -4.48288488
v 2.11886215 6.00895262 -4.92940617
v 1.32435298 5.83725739 -4.84763575
v 1.45735836 6.18068647 -5.15795994
v 1.61678219 5.30192661 -4.34741068
v 1.43202388 5.41700745 -4.44279432
v 2.26896238 4.79872179 -4.03104496
v 2.06696033 6.66939259 -5.18212223
v 1.64527833 6.30297518 -4.99781561
v 1.45735836 6.18068647 -5.15795994
v 2.35687256 7.05353117 -5.19523191
v 2.43673325 7.08180666 -5.37733364
v 1.49460447 6.41968203 -5.05273581
v 1.46279538 6.25232029 -4.9546051
v 1.31963372 5.97889757 -4.70343781
v 1.32435298 5.83725739 -4.84763575
v 1.43202388 5.41700745 -4.44279432
v 1.28636718 6.29507256 -4.87739468
v 1.20870113 6.01408482 -4.71014023
v 1.01094234 5.88128138 -4.70880842
v 1.43202388 5.41700745 -4.44279432
v 1.73703122 6.90611172 -4.45781279
v 1.28636718 6.29507256 -4.87739468
v 1.07872558 6.04551077 -4.61932755
v 1.16608393 6.32973146 -4.4320097
v 0.963195801 5.75006437 -4.59873343
v 0.956884742 5.46901417 -4.47449875
v 1.29157472 5.41072845 -4.56436968
v 0.959645987 5.30616283 -4.49730825
v 1.37701905 5.15457439 -4.43131018
v 1.6923852 4.56153822 -4.40700865
v 0.95247066 6.17500114 -4.54115009
v 0.963195801 5.75006437 -4.59873343
v 0.937895477 5.97120571 -4.39701223
v 1.13746583 6.55642939 -4.23064756
v 0.889221191 6.54473305 -3.58500242
v 0.535385728 6.08565521 -4.26570606
v 1.02890623 6.65673161 -3.68361878
v 1.29591799 6.67744493 -3.65618515
v 1.31007814 6.59995174 -3.35084748
v 1.44047356 6.66377783 -3.51801109
v 1.02020013 6.5967536 -3.40786648
v 1.15081048 6.66385078 -3.27527785
v 0.337753892 6.20171928 -3.27387333
v 0.836562455 6.64890385 -3.34599781
v 0.924260259 6.59708929 -3.28193164
v 0.337753892 6.20171928 -3.27387333
v 1.18701172 6.71890688 -2.76120019
v 0.912741661 6.8440671 -2.91873479
v 0.857880831 6.70026731 -3.20747757
v 1.10206294 6.91829443 -2.74275661
v 1.21628904 7.23239422 -2.43334961
v 1.25749993 6.9553318 -2.8578279
v 0.404858381 5.98097944 -4.50528479
v 0.963195801 5.75006437 -4.59873343
v 0.937895477 5.97120571 -4.39701223
v 0.462485343 5.79641056 -4.68261433
v -0.115610346 5.65230131 -4.35547304
v -0.257070303 5.6204772 -4.06899023
v -0.46463865 5.71586275 -2.97393131
v 0.924260259 6.59708929 -3.28193164
v 0.400283188 6.73336792 -2.3552165
v 0.857880831 6.70026731 -3.20747757
v -0.75206542 5.31016159 -3.41134453
v -0.113386229 6.34235334 -2.28760624
v -0.426945806 5.73470926 -2.86009121
v -0.0344848633 5.42266035 -4.50797272
v -0.393623024 5.54919052 -2.85744572
v -0.75206542 5.31016159 -3.41134453
v -0.193417966 5.91364861 -2.49979615
v -0.216230467 6.10902834 -2.47681093
v 0.06092529 5.058465 -4.46699095
v 0.06092529 5.058465 -4.46699095
v -0.097468257 5.04224586 -4.01708651
v -0.174367666 4.86516428 -4.31919861
v -0.583593726 4.86125898 -3.39538598
v -0.75206542 5.31016159 -3.41134453
v -0.981752932 5.3016901 -3.25112081
v -0.85562253 4.70489168 -3.26907587
v -0.583593726 4.86125898 -3.39538598
v -0.874816895 4.35945511 -3.99589562
v -0.441176742 4.58119297 -4.5601902
v -0.85562253 4.70489168 -3.26907587
v -1.16259277 4.25221252 -4.08808899
v -1.09645748 4.63703299 -3.64769149
v -0.981752932 5.3016901 -3.25112081
v -1.29104733 5.07468319 -3.38411856
v -1.66084468 4.39712524 -4.11537838
v -2.13889885 4.416821 -3.57234621
v -0.666901827 5.63677073 -2.88695836
v -1.45543694 5.28304672 -2.72530699
v -0.393623024 5.54919052 -2.85744572
v -0.75206542 5.31016159 -3.41134453
v -0.405991197 5.97562599 -2.42695642
v -0.193417966 5.91364861 -2.49979615
v -0.216230467 6.10902834 -2.47681093
v -0.512138665 6.11945105 -1.97116268
v -0.724028289 5.75724554 -2.32007813
v -0.388100564 6.153687 -1.83617973
v -0.0674731433 6.25479031 -2.01671004
v -0.215983883 6.37441826 -1.56487978
v 0.238837883 6.5337162 -2.01017761
v 0.0653881803 6.78149223 -1.55883634
v 0.295786113 7.14108133 -0.841880143
v 1.76176751 8.15646362 -0.921784937
v 0.698686481 7.51912212 -0.432849735
v 2.21876955 8.47934437 -0.783387721
v 0.748674273 7.69414234 -0.280665278
v 0.484382302 6.63028955 -2.09893298
v 0.774084449 6.94133854 -2.17521429
v 1.04829836 7.11450911 -2.26666069
v 0.857880831 6.70026731 -3.20747757
v 0.484382302 6.63028955 -2.09893298
v 0.803266585 7.09207439 -2.12534761
v 0.774084449 6.94133854 -2.17521429
v 1.04829836 7.11450911 -2.26666069
v 1.46246576 7.66632605 -1.77702665
v 1.1699121 7.21872044 -2.1942358
v 1.43777335 7.43509912 -2.09053922
v 1.34728265 7.18278837 -2.17390347
v 1.56738031 7.76531553 -1.61001217
v 1.21628904 7.23239422 -2.43334961
v 1.34728265 7.18278837 -2.17390347
v 0.912741661 6.8440671 -2.91873479
v 1.8037622 7.87633753 -1.64554012
v 1.62266111 7.70618105 -1.99894369
v 1.43777335 7.43509912 -2.09053922
v 2.66985583 8.42707157 -1.63779783
v 2.38434815 8.29433918 -1.17210507
v 2.21843004 8.01259518 -2.1937604
v 1.98987544 7.77286959 -2.18648076
v 1.79636955 7.61186934 -2.51355624
v 2.42122054 8.03201008 -2.34731174
v 3.86961174 8.96491718 -2.34257865
v 4.25496817 9.07743073 -2.59009171
v 2.59605718 8.03107262 -2.95747423
v 2.99226809 8.79988289 -1.01547265
v 2.33949447 7.96841288 -2.4275949
v 1.9281249 7.54131079 -2.97151542
v 1.59426999 7.26461172 -3.04364872
v 1.71015131 7.18708277 -2.90351319
v 1.21628904 7.23239422 -2.43334961
v 1.34728265 7.18278837 -2.17390347
v 2.95709229 8.81318188 -0.82454133
v 3.25212884 8.77884674 -0.934473217
v 2.8646996 9.25935936 0.416315913
v 3.32100081 8.93450069 -0.991050422
v 3.25212884 8.77884674 -0.934473217
v 3.98135734 9.33220577 -1.31821465
v 4.97451401 9.86409855 -1.53813231
v 4.55666971 10.0856552 -0.468993217
v 4.56663561 9.56866646 -1.52866518
v 4.92375231 9.85206127 -1.65953553
v 5.18617153 10.073143 -1.47568572
v 5.6890502 10.4614315 -1.06688964
v 5.70467758 10.7878723 -0.431063235
v 6.01198959 10.8390942 -0.698803067
v 3.71546388 9.73415661 0.62515682
v 4.36870575 10.6580715 1.84916925
v 4.48486328 9.24214745 -2.50986648
v 5.94477272 10.8908052 -0.42316404
v 5.93812227 10.741045 -0.500366807
v 4.45114756 8.97332859 -2.63011312
v 4.25228977 8.76447487 -2.82669234
v 3.99005127 8.77109432 -2.93051529
v 6.28564453 11.3453541 0.749490321
v 6.64215565 11.4591084 0.606479466
v 5.58012915 11.2669783 1.63416195
v 4.68052959 10.9700584 2.46595216
v 6.31544161 11.4482307 0.901848733
v 5.22806644 11.1920929 2.161654
v 3.65090561 8.54667187 -3.21398497
v 3.11376953 8.09553432 -3.56567311
v 3.72881579 8.43343353 -3.63365841
v 3.55039549 8.17753124 -3.65858698
v 3.30433106 8.04587173 -3.80685973
v 3.20035386 7.80871391 -3.73017669
v 4.6684885 9.19071293 -3.02611589
v 3.30433106 8.04587173 -3.80685973
v 3.20035386 7.80871391 -3.73017669
v 2.10299063 7.1344018 -4.54673958
v 5.1774826 9.41244221 -3.08262324
v 5.38447762 9.74153042 -2.83588958
v 6.22434807 10.3628693 -2.53779364
v 5.93268538 10.263114 -2.31980991
v 2.7972827 7.39770269 -4.74317837
v 2.95910883 7.29045534 -5.50726938
v 5.54630613 10.1700172 -1.75323236
v 6.12958717 10.480792 -1.99305999
v 4.45114756 8.97332859 -2.63011312
v 4.25228977 8.76447487 -2.82669234
v 3.99005127 8.77109432 -2.93051529
v 1.18390131 6.58112907 -4.25331211
v 1.36388671 6.38438082 -4.52782536
v 1.16608393 6.32973146 -4.4320097
v 1.24312258 6.3302865 -4.66726685
v 1.28460443 6.16882992 -4.36499166
v 1.20870113 6.01408482 -4.71014023
v 1.28636718 6.29507256 -4.87739468
v 1.45285153 7.042171 -3.38534546
v 1.29591799 6.67744493 -3.65618515
v 1.16608393 6.32973146 -4.4320097
v 1.44047356 6.66377783 -3.51801109
v 1.33098626 7.23248863 -2.7695117
v 1.10206294 6.91829443 -2.74275661
v 1.18701172 6.71890688 -2.76120019
v 1.31007814 6.59995174 -3.35084748
v 1.44047356 6.66377783 -3.51801109
v -7.46339083 0.915323377 2.46479368
v -7.6813159 0.815078735 1.73372316
v -7.72388649 0.758100629 2.43661666
v -7.85334682 0.566169679 2.05420351
v 7.83567858 1.99168575 -0.899032593
v 7.45603752 1.76798546 -0.755707979
v 7.29564667 2.2980547 -1.22375572
v 7.78491688 2.11069632 -1.24315393
v 7.66577864 2.57002926 -1.54775298
v -7.85334682 0.566169679 2.05420351
v -7.67945766 0.565648496 1.55893552
v -8.15790749 0.146119252 1.38739681
v -7.73158407 0.340618432 1.16306949
v 4.49667692 3.22651696 -4.82669353
v 4.55234623 4.10113525 -4.2560339
v 4.41663551 3.44975948 -5.03404856
v 4.44677973 2.84763575 -4.68472338
v 4.46092749 3.08945251 -5.19394016
v 4.80363512 2.60625124 -5.77766323
v 4.63585186 2.47460771 -5.68771172
v 4.63307619 2.19084835 -5.84154654
v 4.71735573 3.61053181 -4.90391827
v 4.87117672 4.28156376 -4.0265522
v 4.55234623 4.10113525 -4.2560339
v 5.52014637 4.02646589 -4.12287807
v 5.46244383 4.1934967 -3.88891959
v 4.83454084 4.47504282 -3.8146832
v 5.05416965 2.19052744 -6.10035372
v 4.77378893 1.65889955 -5.55809307
v 5.22189951 1.37308121 -5.78687811
v 4.63585186 2.47460771 -5.68771172
v 5.13839579 0.991692722 -5.29560423
v 5.42509508 0.948503315 -5.5776391
v 4.5640626 1.96877587 -5.51985407
v 4.72479963 2.21418977 -5.40141296
v 4.55066156 2.90899825 -5.10681152
v 4.46092749 3.08945251 -5.19394016
v 7.06644011 0.55623281 -0.0383300781
v 7.42460918 0.805835068 0.202590331
v 7.43520737 0.434717178 0.406641215
v 7.52712631 0.459979206 0.753920853
v 1.47095704 8.28536892 0.91822201
v 1.70390129 8.4578352 1.2601465
v 2.19357181 8.98386478 0.790023804
v 1.55395746 8.48954678 0.698467374
v 1.06648433 8.01397419 0.549078941
v 2.3548584 8.92634773 0.578956902
v 2.3548584 8.92634773 0.578956902
v 2.64085436 9.34871674 0.950680494
v 0.797582984 7.95319176 0.591835916
v 1.21799552 8.22803974 0.82438904
v 1.47095704 8.28536892 0.91822201
v 0.297148436 7.51543427 0.0666625947
v -0.245190427 7.32733059 0.50877136
v -0.0738500953 7.49466085 0.871269524
v -0.0287109371 7.50689697 1.39088559
v 0.710895956 7.38473415 -0.411680907
v 0.519118667 7.85998631 1.31666863
v 1.46290529 8.53538036 1.32010245
v 1.70390129 8.4578352 1.2601465
v 0.906354964 8.19842052 1.48488152
v 1.61583734 8.67110348 1.34342277
v 1.90835202 8.98866272 1.69028378
v 1.275105 8.7053957 2.0523932
v 1.99681878 9.25185871 2.57124758
v 2.33576179 9.12848759 1.55846071
v 2.55037355 9.51856995 2.1708765
v 2.44113755 9.52457142 2.27008176
v 3.26360822 9.7708025 1.16525328
v 3.75820065 10.3731823 2.02738094
v 2.99575186 9.92087746 2.21969414
v 4.12115717 10.4608831 1.79934382
v 4.46326637 10.7296152 2.32931519
v 4.27226782 10.6059055 2.53472781
v 4.1742115 10.2254343 2.089818
v 4.11667204 9.72423363 2.34598923
v 4.26696539 9.95538425 2.6221807
v 4.30809784 9.78463459 2.98248768
v 4.23474121 10.3784924 2.80019712
v 4.37726545 9.85677624 3.352108
v 4.46019745 10.6442232 2.82159472
v 5.05634737 10.3991432 2.98003221
v 5.13630581 10.9270029 2.49837875
v 5.65005589 10.0889492 2.18785524
v 5.58012915 11.2669783 1.63416195
v 5.36444807 10.2569838 2.39450979
v 4.62257814 9.86095715 3.3497777
v 4.47915506 9.78917122 3.46504927
v 3.91114497 9.7393322 2.99780941
v 5.18011713 9.35453892 3.28089952
v 4.93303967 9.17481613 3.62830377
v 4.60615969 8.97890663 3.81621885
v 5.3566041 7.45551014 3.89193177
v 5.53056622 8.41067696 3.50669861
v 5.29568577 8.93774128 3.25249004
v 5.7708106 8.61018372 3.30850697
v 5.72368622 8.8918848 3.24244857
v 5.80785131 9.40932751 2.88555169
v 5.54336643 9.86518097 2.61030746
v 6.03178692 8.81447411 3.16776776
v 5.56425524 9.93286705 2.31291938
v 5.89865971 9.91185093 2.17137194
v 6.096416 9.81051922 2.48795152
v 5.83710432 10.1277399 2.11452579
v 6.25724125 9.00774288 2.2033782
v 6.096416 9.81051922 2.48795152
v 6.28152561 9.19766235 2.60469484
v 6.06996346 10.2552404 1.68915224
v 6.34662342 10.573369 1.24053037
v 6.31544161 11.4482307 0.901848733
v 6.57666016 11.0731506 0.842260122
v 6.46803188 8.66507244 2.27343798
v 6.46880102 8.21790123 2.8187151
v 6.98882294 8.53141785 1.15637016
v 7.54822969 6.53747129 2.26174545
v 6.42008305 9.97332287 1.28567505
v 6.71140385 10.5662584 0.561898768
v 6.76750708 9.5595417 0.899618506
v 6.75471926 10.9919338 0.630074441
v 6.64215565 11.4591084 0.606479466
v 6.28564453 11.3453541 0.749490321
v 7.52046347 7.3395915 1.10739136
v 7.60069561 7.29529953 0.925877035
v 7.82949209 6.61296129 0.79203248
v 6.67472887 9.73175812 0.427225322
v 6.77645016 8.94983482 0.244519651
v 7.11693573 7.77774906 0.951743782
v 7.52046347 7.3395915 1.10739136
v 7.35521221 7.33382416 1.00323665
v 6.48204327 9.92454433 0.1282489
v 7.61117887 6.93467951 0.723696291
v 7.35521221 7.33382416 1.00323665
v 7.35521221 7.33382416 1.00323665
v 7.52046347 7.3395915 1.10739136
v 6.2806201 10.4703989 -0.118570551
v 6.64215565 11.4591084 0.606479466
v 6.75471926 10.9919338 0.630074441
v 5.94477272 10.8908052 -0.42316404
v 5.93812227 10.741045 -0.500366807
v 6.1449976 9.98306656 -0.247499987
v 6.55146456 9.20282078 -0.16631408
v 6.71487045 8.7468195 -0.29777953
v 6.3061986 9.81392765 -0.590469062
v 6.20122766 10.2396021 -0.54307586
v 6.1449976 9.98306656 -0.247499987
v 5.93812227 10.741045 -0.500366807
v 6.01198959 10.8390942 -0.698803067
v 5.70467758 10.7878723 -0.431063235
v 5.6890502 10.4614315 -1.06688964
v 6.01198959 10.8390942 -0.698803067
v 5.77041721 10.1872253 -1.10655057
v 5.18617153 10.073143 -1.47568572
v 6.19164276 9.21563244 -1.28580284
v 6.50150108 9.86787319 -0.637010157
v 5.98807621 9.16178989 -1.47318232
v 4.92375231 9.85206127 -1.65953553
v 6.18565893 8.88812256 -1.21157622
v 6.46912098 9.38885975 -0.840267897
v 6.84029293 8.78958035 -0.288468629
v 7.03162813 8.18153191 -0.55471313
v 6.64684057 8.43772793 -1.02905333
v 6.27554178 8.56136799 -1.16685021
v 6.83039761 7.89138031 -0.968742371
v 7.10887909 7.91684723 -0.0315448008
v 7.33342028 7.53715134 0.0983197019
v 7.24964571 7.76708364 -0.721173704
v 7.43743896 7.04261208 -0.83815366
v 7.82507086 6.39045334 -0.86893034
v 7.53101778 6.69919348 0.0916314647
v 7.82507086 6.39045334 -0.86893034
v 7.83393526 6.10756779 0.055480957
v 7.7020359 6.84096766 0.534585536
v 7.93264627 6.07832098 -0.958669722
v 7.4274683 7.72087765 -1.73036432
v 7.19086409 8.12865353 -1.21984673
v 6.87279272 8.46657181 -1.20818603
v 7.43743896 7.04261208 -0.83815366
v 6.83039761 7.89138031 -0.968742371
v 6.87279272 8.46657181 -1.20818603
v 6.64684057 8.43772793 -1.02905333
v 8.02317142 5.54028654 -0.720441878
v 7.95497036 5.6851716 -0.898717046
v 8.09759045 4.71088028 0.286341548
v 8.28051758 5.66343069 0.538347185
v 7.92346191 5.4319706 0.392574459
v 8.23455048 5.44333506 0.705458939
v 8.19534874 4.75545788 0.804000854
v 8.19570541 4.77308941 0.584068596
v 8.0812397 4.36364365 0.942045867
v 8.33271503 4.37269926 0.442883909
v 8.30809021 4.5766139 0.464709461
v 8.30809021 4.5766139 0.464709461
v 8.21959972 4.64545536 0.240460202
v 8.33271503 4.37269926 0.442883909
v 8.1272192 5.37705088 1.7372247
v 7.85075426 5.82903719 2.00997305
v 8.15265083 5.11302376 1.70384705
v 8.04154301 5.25374365 1.04311883
v 8.11324215 4.82793188 1.81211424
v 8.1158514 5.05883837 2.21890736
v 7.79627895 5.44480753 2.29660821
v 7.7825098 5.46793461 3.02873111
v 7.3742919 6.63016224 2.87610888
v 8.19534874 4.75545788 0.804000854
v 8.23455048 5.44333506 0.705458939
v 8.28051758 5.66343069 0.538347185
v 8.27663803 4.40534687 0.992977858
v 7.84272909 4.72343159 2.12616134
v 7.95295143 5.09491968 2.41905928
v 7.95295143 5.09491968 2.41905928
v 7.67113256 5.38157845 3.27753043
v 7.9067111 4.90333891 2.89065552
v 7.67252684 5.76358223 3.30996084
v 7.04210424 5.88068151 3.66115236
v 7.55681372 5.17865181 3.56844974
v 7.99338627 4.58386326 2.22389531
v 7.84272909 4.72343159 2.12616134
v 7.65371323 4.98395967 3.23362422
v 7.42755842 5.05216503 3.57495975
v 7.55681372 5.17865181 3.56844974
v 7.64130831 4.54580259 2.99272704
v 7.47684574 4.47322273 2.87596679
v 7.64436007 4.38481855 2.52716732
v 7.47684574 4.47322273 2.87596679
v 7.65371323 4.98395967 3.23362422
v 7.81714344 4.49188805 2.26798034
v 7.83260012 4.32878208 2.14796877
v 7.54358387 4.2406044 2.2592206
v 7.7604537 4.60353231 2.02608275
v 8.09028339 4.55155516 1.85643363
v 7.92078352 4.29702759 1.45184326
v 7.7604537 4.60353231 2.02608275
v 8.01664066 4.14020729 1.00860715
v 7.86160612 3.8125658 1.84117305
v 7.67085934 3.93350649 2.11657834
v 7.92293453 3.40826154 2.08144164
v 7.5308423 3.74248505 2.63368225
v 7.64436007 4.38481855 2.52716732
v 7.72411871 3.46313047 2.74145436
v 7.5405221 3.31238222 2.88307118
v 7.69129372 3.82932663 2.72036982
v 7.73482895 3.872087 3.09811091
v 7.28009987 3.87141585 3.92591166
v 7.79570293 3.61322355 3.15096736
v 7.5308423 3.74248505 2.63368225
v 7.75304174 3.50072718 2.9162066
v 7.5405221 3.31238222 2.88307118
v 7.39219475 3.54662824 3.8647418
v 7.06024647 4.70524263 3.74679446
v 6.54581261 4.63326454 4.16534948
v 7.31122065 5.07076883 3.74235702
v 6.19389153 5.30561161 4.20059443
v 7.03817844 3.93289876 4.06216431
v 6.58993626 4.98271513 4.08218145
v 6.4055295 4.78058577 4.01230907
v 6.53365469 4.39088631 4.07358265
v 6.61677742 3.83775473 4.10113955
v 6.61677742 3.83775473 4.10113955
v 6.92056847 3.31841111 3.92103744
v 7.25767803 3.39231539 3.86273193
v 7.20055628 3.22041965 3.62656307
v 6.85615444 3.20558453 4.23194742
v 6.45015621 3.07226658 4.39508486
v 7.5405221 3.31238222 2.88307118
v 7.79570293 3.61322355 3.15096736
v 7.75304174 3.50072718 2.9162066
v 7.39881563 3.22806501 2.68353629
v 7.72411871 3.46313047 2.74145436
v 7.90950441 3.09965754 1.95871639
v 7.7114501 3.40197992 1.44523799
v 7.66282701 2.99077487 1.48683715
v 7.77513885 3.4425869 1.15580142
v 7.62597895 3.37496567 0.99188596
v 7.39259768 3.37104917 0.958838463
v 7.27893305 3.21159482 1.33617914
v 8.03460884 4.16491652 0.49742493
v 8.00374031 4.28594875 0.705476642
v 7.92251205 4.43729162 0.509321868
v 7.76598597 4.40484953 0.256813347
v 8.0812397 4.36364365 0.942045867
v 8.27663803 4.40534687 0.992977858
v 8.19534874 4.75545788 0.804000854
v 8.33271503 4.37269926 0.442883909
v 7.92251205 4.43729162 0.509321868
v 8.21959972 4.64545536 0.240460202
v 8.09759045 4.71088028 0.286341548
v 3.78112793 8.98902893 3.00281858
v 3.48623538 8.86217308 3.18999577
v 3.60211897 9.14944649 3.47936702
v 3.98732901 9.01711941 3.10434675
v 4.07527113 9.22729874 3.56398439
v 4.09379625 9.18252468 3.68205309
v 4.42533445 1.12192249 6.71589231
v 4.70033169 0.904500008 6.85646963
v 4.3492918 1.05375099 6.29157591
v 4.6607008 0.895897031 6.51021814
v 4.71554422 0.729387343 6.87555647
v 4.59642553 0.80126071 6.42266607
v -3.09023428 2.55722022 5.37968493
v -2.48762202 2.75047517 5.4093051
v -3.21597648 3.49759912 5.03776121
v -2.81378889 3.4889307 5.06166363
v 4.890769 3.4345448 4.49928713
v 5.56931877 2.92946577 4.53976965
v 5.89486313 2.85203028 4.40113401
v 5.31967258 3.54184508 4.04386854
v 6.1449585 0.528198719 2.06556582
v 6.16249752 0.767845452 2.31384206
v 6.33677006 0.485167444 2.45304441
v 6.35208464 0.42769286 2.03078842
v 6.70567846 0.412955612 2.19918275
v 7.04758024 0.420299649 1.42366815
v 6.48609352 0.432123184 0.958898902
v 6.95506811 0.387008458 1.07125175
v 6.78866673 0.39814806 0.663931251
v 6.83793926 0.463678718 0.318237305
v 7.00450182 0.78016907 0.51537168
v 7.42385721 0.609594464 1.10042048
v 7.15358162 0.547715306 1.01378655
v 7.33849096 0.511002123 1.51297355
v 6.9391427 0.559607923 1.77540767
v 7.07487297 0.687343359 1.71382499
v 6.70567846 0.412955612 2.19918275
v 6.81833982 0.553662241 2.01971054
v 7.25540733 3.20692182 -2.04794693
v 7.12142801 3.8790679 -2.60049272
v 7.41943359 4.06085348 -2.71714258
v 7.42452621 2.92379665 -1.92984009
v 7.22053957 2.437428 -1.52584624
v 7.26282454 2.21084142 -1.3488549
v 7.83177471 2.57020903 -1.50143242
v 7.66577864 2.57002926 -1.54775298
v 7.84997559 2.60288787 -1.20897126
v 0.659687459 1.22676384 5.3236804
v 1.10943604 1.06732178 5.40081167
v 1.01482415 1.42252314 5.19335079
v 1.2770679 1.03909576 5.29586649
v 1.41092527 1.62400794 4.76256466
v 1.49301755 1.00703776 5.03811026
v 1.67929685 1.01997149 5.0251832
v 0.949899852 1.51624954 5.37027454
v 0.801269531 1.46630859 5.3979125
v 0.659687459 1.22676384 5.3236804
v 2.01148677 1.10879791 5.28766966
v 2.33282948 1.14682388 5.49962139
v 1.51071775 1.91704619 5.0387888
v 0.907304645 2.09324574 4.55621958
v 1.01038086 2.48541594 4.8968358
v 0.706269503 2.55149245 4.62738991
v 1.0823437 2.66393495 5.1672473
v 0.214697257 3.36666441 4.72439098
v 1.4113574 2.55271387 4.82621098
v 1.00666499 3.10822535 5.18332767
v 1.12252438 2.81036854 5.14961433
v 0.255263656 3.6415596 4.77527475
v 0.116416015 3.72028255 4.49774599
v 0.0899926722 4.14090586 4.21583557
v 1.26767576 2.90558767 5.23014736
v 1.64057374 3.14247704 4.36242342
v 1.34586668 2.83468437 4.89528561
v 1.12252438 2.81036854 5.14961433
v 1.63315916 2.49677348 4.7035656
v 2.14683104 2.76633453 4.5313096
v 1.94473875 2.98754025 4.33716297
v 2.06242681 2.21497083 4.92538548
v 1.51071775 1.91704619 5.0387888
v 1.01038086 2.48541594 4.8968358
v 2.22023439 1.68871772 4.93696785
v 2.01148677 1.10879791 5.28766966
v 2.39622068 1.62631512 5.30112028
v 2.33282948 1.14682388 5.49962139
v 2.32221675 1.53422356 5.0986681
v 2.32221675 1.53422356 5.0986681
v 2.44961429 0.944259226 5.438241
v 2.6772778 0.933775485 5.31792116
v 2.6187427 1.43337584 5.38916349
v 2.6772778 0.933775485 5.31792116
v 2.77431631 1.04753125 5.46119976
v 4.90250731 1.02328455 6.3514719
v 4.6607008 0.895897031 6.51021814
v 4.71554422 0.729387343 6.87555647
v 4.99761486 0.7885378 6.51950645
v 4.37726545 9.85677624 3.352108
v 4.30809784 9.78463459 2.98248768
v 3.91114497 9.7393322 2.99780941
v 4.10943842 9.89113617 2.87098503
v 4.26696539 9.95538425 2.6221807
v 3.93284893 9.69898033 2.54419923
v 3.76946044 9.47095299 2.74649215
v 4.11667204 9.72423363 2.34598923
v 3.91114497 9.7393322 2.99780941
v 3.81717753 9.28584003 2.92234182
v 4.09405994 9.75792503 3.41981196
v 3.48623538 8.86217308 3.18999577
v 3.78112793 8.98902893 3.00281858
v 3.98732901 9.01711941 3.10434675
v 4.05228519 9.45968533 3.54438162
v 4.07527113 9.22729874 3.56398439
v 4.09379625 9.18252468 3.68205309
v 2.99233627 9.41449547 2.59543705
v 3.49018788 10.0973377 2.30368519
v 3.87792969 9.91018009 2.45540333
v 3.93284893 9.69898033 2.54419923
v 4.11667204 9.72423363 2.34598923
v 3.98746085 10.2624702 2.22245407
v 4.1742115 10.2254343 2.089818
v 3.75820065 10.3731823 2.02738094
v 4.12115717 10.4608831 1.79934382
v 2.99575186 9.92087746 2.21969414
v 2.55037355 9.51856995 2.1708765
v 2.61623049 9.44067383 2.71397448
v 1.8216089 8.99956512 3.00997114
v 2.16150141 9.31169415 2.73865342
v 2.44113755 9.52457142 2.27008176
v 2.99233627 9.41449547 2.59543705
v 2.55037355 9.51856995 2.1708765
v 1.42600584 9.06223965 2.87967825
v 0.679746091 8.16649055 2.26895809
v 0.45980224 7.6895957 1.80462825
v 0.290908188 7.69465017 1.71681821
v 0.12824218 7.60800886 1.80895448
v 1.60068595 8.80638504 3.06749558
v 1.1138159 8.71380424 3.03145266
v 0.806909144 8.4796381 3.09863281
v 2.20739245 8.05734444 3.61875105
v 1.63965571 7.76773119 3.61712646
v 1.2845434 8.83409977 3.38482165
v 1.01413572 8.75298214 3.38938165
v 0.74722898 7.99368048 3.55724478
v 1.60814941 6.86260748 4.06769657
v 2.59411621 7.28192568 3.85700011
v 2.2187891 7.21835518 3.91177607
v 2.67641354 7.37230492 3.98622298
v 2.26617432 6.94395781 4.21016979
v 1.90487301 6.40459347 4.276752
v 3.05593014 7.61609364 3.94555712
v 3.25332522 7.85228539 3.96400499
v 3.76833725 7.98592997 3.85882926
v 3.30110097 7.13627052 4.40105152
v 4.02874994 7.4423008 4.32948065
v 3.696311 6.79989481 4.46507311
v 3.2251122 7.17564821 4.17972898
v 3.30110097 7.13627052 4.40105152
v 3.52624512 6.88750887 4.34709167
v 3.696311 6.79989481 4.46507311
v 3.52624512 6.88750887 4.34709167
v 3.27212644 6.21476936 4.50864172
v 3.48790765 6.22861862 4.70767307
v 3.01073241 6.2346344 4.53525972
v 3.49182844 5.82315683 4.8282361
v 2.35749745 5.5913744 4.47528267
v 3.0817163 5.78485966 4.61069441
v 3.10288572 4.7158556 4.68195677
v 3.57938957 4.72199821 4.81546116
v 4.2590332 6.3333993 4.68344593
v 3.90874982 6.03862238 4.62076855
v 4.40262461 6.17048311 4.54907084
v 3.49182844 5.82315683 4.8282361
v 4.21786833 6.77486372 4.43701506
v 4.92970467 7.41073847 4.2565155
v 3.82411623 7.98090315 4.25034618
v 3.88104486 8.26041603 4.14509106
v 5.04165268 5.96144295 4.43454075
v 4.30200672 6.63225222 4.29649401
v 4.46781492 6.26615715 4.35909796
v 4.30200672 6.63225222 4.29649401
v 5.55822515 5.5656662 4.37381649
v 4.41965342 5.12741089 4.6650672
v 4.02646971 4.86881781 4.97992897
v 4.54503155 5.16422129 4.76567507
v 4.41965342 5.12741089 4.6650672
v 4.18206024 4.73432493 4.83241463
v 4.57401371 4.67625237 4.6952796
v 4.59382582 4.86277199 4.85536242
v 4.57401371 4.67625237 4.6952796
v 4.92645025 4.96643734 4.71941137
v 3.90742922 4.57070875 4.72937727
v 3.49182844 5.82315683 4.8282361
v 3.49926496 5.09570932 4.4906311
v 3.00832033 6.12590885 4.3762207
v 3.01073241 6.2346344 4.53525972
v 4.71543217 4.74028683 4.74628305
v 5.49076176 4.73055124 4.6262455
v 5.27820539 4.61202955 4.57037354
v 5.5708127 4.83864927 4.5450635
v 5.80636215 4.28941059 4.48698092
v 4.96609116 4.83360624 4.64874887
v 5.00741196 4.16014814 4.81752443
v 4.94121838 3.70036006 4.70687008
v 5.17717505 3.82866812 4.8750205
v 4.76695776 3.63063431 4.82462168
v 5.80915737 4.06090212 4.59541845
v 5.96349096 3.92609525 4.39705133
v 4.33466768 4.10612488 4.83105087
v 4.62852764 3.48411846 4.67547703
v 4.44790745 3.60967469 4.39694452
v 4.69388676 3.40792131 4.48913097
v 4.890769 3.4345448 4.49928713
v 4.94121838 3.70036006 4.70687008
v 4.76695776 3.63063431 4.82462168
v 5.31967258 3.54184508 4.04386854
v 5.17717505 3.82866812 4.8750205
v 5.80915737 4.06090212 4.59541845
v 5.53585672 3.7311368 4.18493271
v 5.72294188 3.85175467 4.29393482
v 5.96349096 3.92609525 4.39705133
v 4.07867193 4.0164423 4.77073097
v 4.21619606 3.63444304 4.45793486
v 4.44790745 3.60967469 4.39694452
v 3.49926496 5.09570932 4.4906311
v 3.0817163 5.78485966 4.61069441
v 3.00832033 6.12590885 4.3762207
v 3.01073241 6.2346344 4.53525972
v 3.4192431 4.27052259 4.55089045
v 3.56374502 4.10038185 4.52025938
v 4.18997049 3.76351047 4.71177101
v 4.21619606 3.63444304 4.45793486
v 3.48142576 4.04476881 4.39970255
v 3.8045752 3.51028275 4.63551617
v 2.49206543 5.00026608 3.89959955
v 3.21061754 4.29729319 4.26680708
v 3.37444568 3.79877615 4.58280802
v 2.99749756 3.79857302 4.55592394
v 2.75721431 4.06251192 4.49987221
v 2.49206543 5.00026608 3.89959955
v 2.04570794 4.56516457 4.19779062
v 1.70459712 6.18592834 3.18577933
v 1.54134762 5.48516512 3.62869072
v 1.32155275 6.23060942 3.13514638
v 1.58447504 6.50982046 3.20317197
v 1.35188961 6.65108585 3.42752075
v 1.72242677 6.84291792 3.99942136
v 1.60814941 6.86260748 4.06769657
v 1.82085931 6.12947321 3.86236572
v 1.67647946 6.54144621 3.61589837
v 1.70459712 6.18592834 3.18577933
v 1.72242677 6.84291792 3.99942136
v 1.58447504 6.50982046 3.20317197
v 0.862307131 7.37132311 3.3486681
v 0.74722898 7.99368048 3.55724478
v 1.11149895 6.63073635 3.00073481
v 1.32155275 6.23060942 3.13514638
v 0.673134744 7.00787258 2.90233326
v 0.654489756 7.9620657 3.10641098
v 0.806909144 8.4796381 3.09863281
v 1.01413572 8.75298214 3.38938165
v 1.1138159 8.71380424 3.03145266
v 1.2845434 8.83409977 3.38482165
v 1.60068595 8.80638504 3.06749558
v 0.590317369 8.15690041 2.59767389
v 1.1994555 8.71924114 2.69704533
v 1.42600584 9.06223965 2.87967825
v 0.451801747 7.93335438 2.63574576
v 0.286101073 7.95323277 2.42525268
v 0.062595211 7.63989305 2.11901426
v 0.117761225 7.58422422 2.03251576
v 0.381772459 7.50786781 1.73054445
v -0.226066887 7.47413063 1.80822504
v 0.249785155 7.71361685 2.53660464
v 0.062595211 7.63989305 2.11901426
v 0.286450177 7.70556021 2.6575036
v 0.348825663 7.28537464 2.70984316
v 0.286450177 7.70556021 2.6575036
v 0.179775387 6.76499939 2.27452016
v -0.0962915048 7.39876461 1.90325308
v 0.740451634 6.41425323 2.61495352
v 1.32155275 6.23060942 3.13514638
v 1.06930912 6.02129364 2.7007916
v 1.35675538 6.00537205 2.87687612
v 1.54134762 5.48516512 3.62869072
v 1.56748044 5.20175362 3.41770816
v 2.04570794 4.56516457 4.19779062
v 2.03011966 4.29987621 3.93977714
v 2.28708482 3.81668234 4.26745462
v 7.3125391 1.64017057 -0.88830018
v 7.26282454 2.21084142 -1.3488549
v 7.45603752 1.76798546 -0.755707979
v 7.29564667 2.2980547 -1.22375572
v 7.66577864 2.57002926 -1.54775298
v -0.416020513 6.692348 -0.186414182
v -0.468481421 7.00128841 0.0981018022
v -0.372380376 6.92066336 -0.385095209
v -0.0539428703 7.18215942 -0.350522459
v 0.177556142 7.14416122 -0.68979615
v 0.295786113 7.14108133 -0.841880143
v 0.145034179 6.87861919 -0.794212937
v 0.349680156 6.65362215 -0.845414996
v -0.0178100578 6.69766331 -0.787398338
v 0.00326660159 6.55186892 -1.40367365
v -0.0895214826 6.78721476 -0.881378174
v -1.09590328 6.31914377 -0.536639988
v -0.990529776 6.56531429 -0.211566761
v -0.384628892 6.37795019 -1.58301628
v 0.00326660159 6.55186892 -1.40367365
v -0.215983883 6.37441826 -1.56487978
v -0.388100564 6.153687 -1.83617973
v -0.686711431 5.9894433 -1.90785635
v -0.640100062 5.92027617 -2.13472986
v -0.82332027 6.05462074 -1.92310202
v -0.686711431 5.9894433 -1.90785635
v -1.26213622 5.53713989 -2.37106991
v -1.46700191 5.88240671 -1.68833065
v -0.96668452 6.1996398 -1.13502657
v -1.05829585 6.23779631 -1.31370294
v -1.07234132 5.99786234 -0.820491016
v -1.28608882 5.90942907 -1.29865348
v -1.55436516 5.71258831 -1.65719903
v -1.15215087 6.25547409 -0.71664089
v -1.7682153 5.45164347 -1.94047356
v -1.40978754 5.4639082 -2.5601294
v -1.26120603 6.18819857 -0.50470978
v -1.18945062 6.09910393 -0.624945343
v -1.32812989 6.08169842 -1.02200806
v -1.08916748 6.21239614 -0.433532089
v -1.09091556 6.43658638 -0.176380605
v -1.26120603 6.18819857 -0.50470978
v -0.853122532 6.59641361 0.132369995
v -0.881540537 6.76008272 0.475193471
v -0.785068333 6.65229416 0.0264300536
v -0.663647473 6.66257429 0.487583011
v -0.604885221 7.09217167 0.735104978
v -0.745761693 6.8816781 0.288942873
v -0.663647473 6.66257429 0.487583011
v -0.455148906 7.08539248 0.262208849
v -0.744255364 6.77449131 -0.0118835447
v -0.760764122 6.51631689 -0.123124994
v -0.416020513 6.692348 -0.186414182
v -0.455148906 7.08539248 0.262208849
v -0.689394534 6.95223331 0.419743031
v -0.663647473 6.66257429 0.487583011
v -0.392597646 7.32623863 1.23146415
v -0.768146932 7.07294655 1.55227959
v -0.708691418 7.06758308 1.95380425
v -1.03181148 6.94878149 1.71942496
v -0.902158201 6.81613398 1.57563782
v -1.00204837 7.14773607 1.27042294
v -0.652045906 7.25200891 1.01311517
v -1.15331292 6.82380676 0.750847757
v -1.29638183 6.80240822 0.886155367
v -1.39098871 6.40327215 0.987098396
v -1.64971185 6.5804553 1.00005794
v -1.1072681 6.44548512 0.782578111
v -1.18196046 6.56963873 0.663852513
v -1.1072681 6.44548512 0.782578111
v -1.39717531 6.42370701 0.357222885
v -1.45873773 6.10698891 -0.865974426
v -1.18945062 6.09910393 -0.624945343
v -1.32812989 6.08169842 -1.02200806
v -1.28608882 5.90942907 -1.29865348
v -1.07234132 5.99786234 -0.820491016
v -1.15215087 6.25547409 -0.71664089
v -2.29282713 5.13633966 -2.06894517
v -1.65991938 5.50636816 -2.12028885
v -1.49434328 6.35149527 0.563028574
v -1.1072681 6.44548512 0.782578111
v -1.40930665 6.5529623 0.823980689
v -1.98164058 6.35929489 0.979978025
v -1.64971185 6.5804553 1.00005794
v -2.07389402 6.17590761 1.12138116
v -4.25211668 3.46112013 -2.623523
v -2.14186263 6.2934885 1.22632074
v -1.90748537 6.5409441 1.56942689
v -1.64971185 6.5804553 1.00005794
v -1.98164058 6.35929489 0.979978025
v -1.89929199 6.60166979 1.91942072
v -1.57268059 6.77481794 2.48934984
v -1.73934805 6.62181425 2.59161806
v -1.24799311 6.48109674 2.62960696
v -1.57333004 6.74111605 2.14790392
v -1.56103754 6.28038311 2.86784911
v -1.59512687 6.57838726 1.97615838
v -1.25955808 6.95256805 2.08883119
v -1.26728022 6.79850245 1.72007072
v -1.7716552 6.69010544 1.63958311
v -1.3629663 6.90449286 1.53667355
v -1.13062501 6.84178209 1.48646903
v -0.902158201 6.81613398 1.57563782
v -1.33027101 6.25798798 2.9343133
v -1.08793449 5.76702547 3.3109045
v -1.15090573 5.998353 2.98219538
v -0.789260209 6.53767204 2.67871332
v -1.08793449 5.76702547 3.3109045
v -1.03181148 6.94878149 1.71942496
v -0.902158201 6.81613398 1.57563782
v -0.708691418 7.06758308 1.95380425
v -0.918493629 7.05506134 2.00536919
v -0.650378406 6.74101257 2.40357971
v -0.83760494 6.42207241 2.45490217
v -0.41141355 5.96382427 3.1934166
v -0.417668462 5.95392275 3.04926133
v -0.233012691 5.33277941 3.56996393
v -0.621879876 5.2404542 3.66781116
v -0.233012691 5.33277941 3.56996393
v -1.38182616 6.56911993 2.31290221
v -1.57333004 6.74111605 2.14790392
v -0.440458983 5.17633104 3.77914357
v -0.112250976 4.91857338 3.67749691
v 0.0371240228 4.73955822 3.90658307
v -1.24799311 6.48109674 2.62960696
v -1.57268059 6.77481794 2.48934984
v -1.57333004 6.74111605 2.14790392
v -0.789260209 6.53767204 2.67871332
v -0.650378406 6.74101257 2.40357971
v -0.887763679 6.03350735 3.98306155
v -0.825397909 5.24449253 4.00430393
v -0.681142569 5.50372553 4.02232027
v -0.720883787 4.7539959 4.49008799
v -1.23376465 6.28109074 3.71317315
v -1.56103754 6.28038311 2.86784911
v -0.975817859 5.0820446 4.24743748
v -1.47862542 4.98798656 4.64412975
v -0.996081531 5.05854321 4.60926676
v -1.47862542 4.98798656 4.64412975
v -1.49769282 4.67295074 4.75128269
v -1.69294679 4.69822645 4.52786541
v -1.52546144 4.17426872 4.92853737
v -1.31213868 4.22037601 4.96025991
v -1.04991937 3.67496848 5.36046362
v -1.20906734 3.23577929 5.45402431
v -0.713608384 2.79858327 5.51496935
v -1.31213868 4.22037601 4.96025991
v -1.52546144 4.17426872 4.92853737
v -1.96865475 4.499897 4.78531122
v -1.69294679 4.69822645 4.52786541
v -1.93304932 4.70808172 4.62309933
v -1.47862542 4.98798656 4.64412975
v -1.69294679 4.69822645 4.52786541
v -0.964938939 5.32269526 4.42676258
v -1.44972169 3.07995605 5.3058567
v -1.12720704 2.36944795 5.42419195
v -1.08531976 3.0488143 5.30915499
v -0.824384749 2.72741914 5.45699835
v -0.929643512 2.36182404 5.30319834
v -0.559294403 2.002285 5.40158796
v -0.545781255 2.05856729 5.48493528
v -0.276601553 1.74242783 5.47604704
v -0.825397909 5.24449253 4.00430393
v -1.47862542 4.98798656 4.64412975
v -0.621879876 5.2404542 3.66781116
v -1.36017573 6.77368402 3.57994366
v -1.38657463 6.64349794 3.42803335
v -1.60891593 7.00161076 3.19971919
v -1.73934805 6.62181425 2.59161806
v -1.89933836 6.84336281 2.48509026
v -1.54999018 6.73721504 3.63653374
v -1.96372068 7.0212574 3.23517632
v -1.38657463 6.64349794 3.42803335
v -1.60891593 7.00161076 3.19971919
v -2.14288568 6.85662699 2.88257432
v -1.60891593 7.00161076 3.19971919
v -1.89933836 6.84336281 2.48509026
v -2.4250195 6.49761438 2.78269768
v -2.41562748 6.21525812 2.61671615
v -2.20437241 6.56340981 2.49817753
v 2.24922848 1.45332909 6.33352137
v 2.10302496 1.41078973 5.70125818
v 2.06352544 1.19328535 5.73082972
v 2.57149649 1.73124254 6.06791878
v 2.29760742 1.68302858 5.59843111
v 2.48869634 1.87189984 6.28409433
v -6.7237401 0.697950065 4.8527441
v -6.70154524 0.385395855 5.07346296
v -6.53078365 0.368027121 5.43276739
v -4.97311258 0.406869352 7.17643785
v -5.5600853 -0.000219180205 7.85566854
v -5.16782951 0.45721069 6.22175026
v -5.50474596 0.407717228 5.56778049
v -4.85735846 0.590411603 6.41074324
v -4.44014645 0.452685535 6.80575418
v -4.61477518 0.487643182 7.23345709
v -3.90455556 -0.000219180205 8.09519863
v 7.05208969 6.62592745 -4.55815363
v 6.91144991 7.0737071 -4.42506361
v 6.71810055 6.97629929 -3.51788425
v 6.92576885 5.79443121 -2.88664198
v 7.44401836 4.57281399 -3.05541372
v 7.3592453 4.63033247 -2.811517
v 7.41943359 4.06085348 -2.71714258
v 7.83177471 2.57020903 -1.50143242
v 7.84997559 2.60288787 -1.20897126
v 7.66819572 3.16882467 -1.20958889
v 7.86809301 3.55444217 -1.16201472
v 7.67272425 3.25027704 -1.0135293
v 8.0678196 3.62776351 -1.08877254
v 7.51763153 2.91796494 -0.517486572
v 7.80850554 5.05902386 -2.01539421
v 7.5761838 5.32353497 -2.02629256
v 8.18827343 3.71311975 -1.04321742
v 7.83567858 1.99168575 -0.899032593
v 7.68315172 2.18257856 -0.24991332
v 7.48624754 2.19808698 0.097020261
v 7.78491688 2.11069632 -1.24315393
v 7.66577864 2.57002926 -1.54775298
v 2.5167675 3.8794744 4.14623213
v 2.75721431 4.06251192 4.49987221
v 2.04570794 4.56516457 4.19779062
v 2.73373294 3.55593109 4.31780434
v 2.99749756 3.79857302 4.55592394
v 3.28183842 3.36323237 4.56021404
v 3.25994611 3.17277241 4.47003222
v 3.39363265 3.05178499 4.68547487
v 3.45095706 2.82656002 4.58986378
v 3.91801262 2.73964906 4.84779549
v 3.83470702 2.5153327 4.51958895
v 4.2311964 2.32306075 4.64542532
v 4.14142323 2.31719184 4.95784664
v 4.35314703 2.20129752 4.89294767
v 4.46092749 3.08945251 -5.19394016
v 4.32416725 2.88888288 -4.87761021
v 4.44677973 2.84763575 -4.68472338
v 4.24712896 3.12253356 -5.24355507
v 4.15162325 2.93240452 -4.91738939
v 4.01012421 0.981890559 6.53785992
v 4.02249479 1.22429407 6.49042606
v 3.55017805 1.10498595 6.60110235
v 3.65601563 1.22116125 6.43369865
v 4.13386202 5.9315052 -4.76333284
v 4.14500237 5.64893293 -5.05405331
v 3.98134017 5.49066782 -4.56194592
v 3.90575671 5.21818781 -4.73475313
v 3.58436036 5.13002777 -4.37249613
v 3.85276842 4.99770355 -5.0143609
v 3.5394702 5.10908413 -4.50938272
v 6.97354984 1.22982395 -1.69331717
v 6.97150135 1.28568709 -1.23170412
v 6.82254124 1.13661647 -1.51989281
v 6.84708977 1.32944441 -1.86860311
v 4.61079597 9.24644852 3.63607287
v 4.62257814 9.86095715 3.3497777
v 4.37086916 9.28662682 3.58866763
v 4.47915506 9.78917122 3.46504927
v 4.20884752 8.93673134 3.73308396
v 4.09405994 9.75792503 3.41981196
v 4.05228519 9.45968533 3.54438162
v 4.09379625 9.18252468 3.68205309
v 3.9828198 9.25237465 3.74991512
v -0.990529776 6.56531429 -0.211566761
v -0.760764122 6.51631689 -0.123124994
v -0.372380376 6.92066336 -0.385095209
v -0.416020513 6.692348 -0.186414182
v 6.44458008 9.56627941 -1.86145532
v 6.07662821 9.96278191 -2.05377221
v 6.12958717 10.480792 -1.99305999
v 5.93268538 10.263114 -2.31980991
v 0.411735833 1.39975798 6.75270367
v 0.31613037 1.14721739 6.67946863
v 0.333015144 1.18806565 7.45375204
v 0.648791492 1.47571027 6.8052392
v 0.52352047 0.780981839 7.81693363
v 0.683940411 0.977450848 7.74508286
v 1.14787102 1.40476084 7.18597174
v 1.42331541 1.2723037 7.21914673
v 1.56199217 0.847949445 7.48983145
v 1.4597168 1.20036113 7.1092639
v 0.888156712 1.2482748 6.8530345
v 0.31613037 1.14721739 6.67946863
v 0.411735833 1.39975798 6.75270367
v 3.9828198 9.25237465 3.74991512
v 3.6937499 9.1798439 3.82452083
v 4.25817108 8.9467659 3.81671739
v 4.37708712 9.28098392 3.72245598
v 4.20884752 8.93673134 3.73308396
v 4.37086916 9.28662682 3.58866763
v 4.61079597 9.24644852 3.63607287
v 4.37086916 9.28662682 3.58866763
v 5.74856186 6.15902185 4.2506671
v 6.37945318 6.8859787 3.64468551
v 6.48394775 7.17198038 3.53384757
v 6.10416508 4.68607283 4.39244986
v 6.24321985 7.98024845 3.4309063
v 6.1187768 8.63888073 3.01296139
v 6.17372036 8.70296288 2.75490475
v 5.80785131 9.40932751 2.88555169
v 5.54336643 9.86518097 2.61030746
v 6.28152561 9.19766235 2.60469484
v 5.54336643 9.86518097 2.61030746
v 6.096416 9.81051922 2.48795152
v 6.37700653 4.89276791 4.12391043
v 6.4055295 4.78058577 4.01230907
v 6.1702342 4.55219984 4.18142891
v 6.53365469 4.39088631 4.07358265
v 5.95492172 4.4051466 4.50415754
v 6.29639149 4.30643368 4.19670343
v 6.61677742 3.83775473 4.10113955
v 6.45015621 3.07226658 4.39508486
v 6.85615444 3.20558453 4.23194742
v 6.92056847 3.31841111 3.92103744
v 7.20055628 3.22041965 3.62656307
v -5.69426727 1.23953831 -5.80336237
v -5.57404518 1.12889183 -5.86384583
v -5.71046114 1.1156044 -6.03307247
v -5.87573957 1.29617202 -5.96069527
v -5.84224367 0.983521879 -6.29660273
v 0.214697257 3.36666441 4.72439098
v 0.116416015 3.72028255 4.49774599
v 0.0899926722 4.14090586 4.21583557
v 0.269108891 4.17647219 4.06373358
v 3.31946516 1.33888364 -6.26796961
v 3.1975975 1.66373312 -6.53453732
v 2.82921863 1.57254362 -6.32393789
v 2.78070545 1.57399333 -6.43998528
v 3.1975975 1.66373312 -6.53453732
v 3.22245598 1.27686393 -6.47685528
v 2.81307864 1.40171123 -6.49249792
v 2.78070545 1.57399333 -6.43998528
v 7.53249979 3.60396719 1.10120964
v 7.77076149 4.06794167 0.534927368
v 7.77513885 3.4425869 1.15580142
v 8.03460884 4.16491652 0.49742493
v 7.76598597 4.40484953 0.256813347
v 3.1679492 1.70415354 -5.55551434
v 2.92557621 2.27160859 -5.74300957
v 3.33146954 1.74435949 -5.57630157
v 3.2722435 2.06374478 -5.64768124
v 3.41714597 2.15954041 -5.4513011
v 2.53628659 2.57621145 -5.71493626
v 3.6206615 2.716712 -5.09894753
v 3.49219966 1.63136733 -5.60438728
v 3.8112011 2.44472933 -5.13356256
v 3.96958494 1.62463701 -5.68408108
v 3.66103745 1.52557969 -5.58036804
v 3.78688955 3.02385163 -4.87020063
v 3.23330569 1.4130348 -5.92392397
v 3.1679492 1.70415354 -5.55551434
v 4.27694559 3.12786269 -4.81443453
v 4.49667692 3.22651696 -4.82669353
v 4.44677973 2.84763575 -4.68472338
v 4.15162325 2.93240452 -4.91738939
v 4.27694559 3.12786269 -4.81443453
v 4.32416725 2.88888288 -4.87761021
v 4.44677973 2.84763575 -4.68472338
v 3.56127667 1.42562652 -5.7732873
v 3.59825182 1.23705328 -6.12007999
v 3.31946516 1.33888364 -6.26796961
v 3.66103745 1.52557969 -5.58036804
v 3.84222651 1.47183621 -5.72871685
v 4.01512432 2.23114395 -5.18145847
v 4.3586669 2.09782577 -5.44695616
v 4.24712896 3.12253356 -5.24355507
v 4.39675045 1.86107481 -5.15969753
v 4.40359116 2.26985216 -5.48835278
v 4.5640626 1.96877587 -5.51985407
v 3.22245598 1.27686393 -6.47685528
v 3.1975975 1.66373312 -6.53453732
v 4.3399415 1.56998825 -5.60843897
v 4.53302479 1.50643432 -5.41991854
v 4.33390617 1.1556412 -5.9198246
v 4.32121086 1.99001586 -5.27783394
v 4.01512432 2.23114395 -5.18145847
v 4.39675045 1.86107481 -5.15969753
v 4.53302479 1.50643432 -5.41991854
v 4.78041267 1.33307946 -5.42388153
v 5.13839579 0.991692722 -5.29560423
v 4.96828604 0.963730037 -5.37916088
v 3.99410629 1.02698994 -6.28179598
v 3.79051018 1.13170719 -6.06176186
v 4.61741924 0.858859479 -5.9662323
v 3.99410629 1.02698994 -6.28179598
v 5.13276863 0.844386876 -6.24699831
v 4.26766109 1.01485956 -6.81910753
v 3.73495364 1.08091724 -6.81279182
v 3.51354003 1.0260402 -7.20660925
v 4.4912281 0.974973977 -5.79303598
v 3.90767074 1.22366035 -7.04871321
v 2.81307864 1.40171123 -6.49249792
v 4.66236305 1.11131227 -5.71184254
v 4.81535625 0.97489661 -5.60958338
v 5.00941133 0.805602074 -5.83605051
v 5.11589336 0.894189596 -5.62835503
v 5.01354218 0.880462945 -5.9680419
v 5.11589336 0.894189596 -5.62835503
v 5.42509508 0.948503315 -5.5776391
v 5.88982916 0.610942364 -6.20942593
v 5.13839579 0.991692722 -5.29560423
v 6.19530725 0.645889521 -5.68273687
v 5.85695076 0.830809057 -5.04915333
v 5.88979959 0.930941343 -4.77912092
v 6.21626472 0.702196479 -5.35456848
v 6.23133516 0.835076571 -4.71738005
v 6.48114967 0.779656112 -5.37124395
v 6.2933836 0.807500422 -5.78702927
v 6.56305647 0.888127863 -5.38928032
v 6.53379869 0.502554893 -5.93119478
v 6.56580544 0.790063739 -4.81575441
v 6.85693836 0.690460801 -5.58713913
v 6.2933836 0.807500422 -5.78702927
v 6.56305647 0.888127863 -5.38928032
v 7.00100803 0.378642082 -5.93545866
v 6.61071539 0.799337804 -4.46433449
v 6.71239233 0.767626464 -4.08204651
v 7.01601315 0.844981849 -4.46628571
v 7.2405858 0.710297048 -4.50045776
v 5.93935061 -0.000219180205 -7.69590616
v 7.03465557 0.749614775 -4.08606052
v 5.50943613 0.542537808 -6.54091597
v 5.28279018 0.112914748 -7.67670012
v 5.29046631 -0.000219180205 -8.12132645
v 4.3989377 0.72226119 -7.11986446
v 4.35822248 0.479451239 -7.80438137
v 4.3241601 0.706521451 -7.38850737
v 4.31151342 0.946335554 -7.18501616
v 4.21885014 0.762040257 -7.47824812
v 4.35795403 0.24180834 -8.14183331
v 4.26981449 0.50043869 -8.06086254
v 3.97726798 0.763744235 -7.78876257
v 2.4344604 1.47497475 -6.24129438
v 2.82921863 1.57254362 -6.32393789
v 3.31946516 1.33888364 -6.26796961
v 3.1679492 1.70415354 -5.55551434
v 3.23330569 1.4130348 -5.92392397
v 2.68644285 2.1642108 -5.66808653
v 2.39169669 1.80216265 -5.56297207
v 2.10980463 1.95011711 -5.64304686
v 2.58717275 1.76307678 -5.85635424
v 2.4344604 1.47497475 -6.24129438
v 1.54955077 1.63221633 -6.17246008
v 1.72001457 1.5747453 -6.33492231
v 1.70976555 1.47738969 -6.55412865
v 1.64071774 1.77959061 -6.32971001
v 0.92517823 1.65806854 -6.23349857
v 1.14964354 2.01339102 -5.84198713
v 1.6581347 2.68542814 -5.45920038
v 0.127958983 2.0535748 -5.19518375
v 0.632207036 1.95827806 -5.71901798
v -0.0495361313 1.94454038 -5.63943958
v 0.854431152 2.09918904 -5.44252253
v 1.75601315 2.93392849 -5.46474648
v 0.920307577 2.54931712 -5.15544796
v 0.854431152 2.09918904 -5.44252253
v -0.0298046861 2.3176949 -4.47696018
v 0.334753424 2.11156344 -5.42051268
v -0.454916984 1.85308254 -5.75272369
v -0.25 1.97721374 -5.36232233
v -0.759150386 1.98123467 -5.36160803
v -0.247536615 2.12589145 -5.45356274
v -0.970854461 1.92615569 -5.60988569
v -0.752836883 2.3072474 -4.5780201
v -0.487077624 2.45118046 -3.99599671
v -1.05181396 2.19456434 -4.82990599
v 0.253034651 2.88855481 -3.89013052
v -0.162939444 2.62728381 -3.69769573
v 0.592971206 3.30268192 -3.79188108
v 0.209675282 4.12928343 -4.11457825
v 0.811945796 3.63365293 -4.11763763
v -1.53479004 2.07628989 -5.26808167
v -1.2612524 2.111341 -4.83196354
v -1.97031486 1.75743496 -5.97020626
v -0.869035602 1.39045 -6.86819267
v -2.13593984 1.5333395 -6.40447235
v -2.28384757 1.78956497 -6.18844223
v -0.174367666 4.86516428 -4.31919861
v 1.00268304 4.12490511 -4.19270945
v 0.836901844 3.26695609 -3.9001689
v 1.07224119 3.55173659 -3.84389162
v 1.6620239 3.71611571 -4.07892704
v 1.97364497 4.12997675 -4.26959419
v 1.19762933 3.46748066 -4.04366398
v -2.47959232 1.55436194 -6.29733944
v -2.73263431 1.25028682 -6.68257475
v -3.13076162 1.23719728 -6.70142078
v -3.21405506 1.77998877 -6.56881809
v -2.53336668 1.75850356 -6.2024188
v -2.14234614 1.88552749 -6.20672703
v -1.97031486 1.75743496 -5.97020626
v -1.53479004 2.07628989 -5.26808167
v -2.34143543 3.29018903 -5.67060184
v -2.58598375 2.33045578 -6.07972574
v -2.81342268 2.11638331 -6.23549414
v -3.12870836 2.08828592 -6.45329142
v -3.1110301 2.43988895 -6.21493864
v -3.10247064 2.17319155 -6.15478277
v -1.66207266 2.63986778 -5.19941616
v -1.2612524 2.111341 -4.83196354
v -1.5334326 2.9905014 -5.19899845
v -1.62993407 2.97498059 -5.32229614
v -1.98338616 3.20820141 -5.15871191
v -1.58135009 3.29744601 -5.01529551
v -2.05870605 3.45471787 -5.13185358
v -1.86482179 3.22412443 -5.21853924
v -2.63283443 3.56272817 -5.66264343
v -3.28650379 2.58044004 -6.09257841
v -3.24916005 2.12100697 -6.18475342
v -3.40733147 2.4452188 -6.16913462
v -3.51130605 2.74518585 -5.88650179
v -3.75993395 2.24969912 -5.91362476
v -1.94037104 4.22096682 -4.50059462
v -3.47976065 2.89525652 -5.73183823
v -3.70948243 2.6718719 -5.74683619
v -3.57184553 2.49672771 -5.80413437
v -3.30702138 3.09261036 -5.53051615
v -2.43037844 3.9526062 -5.01888371
v -3.63794923 2.89306545 -5.26170158
v -3.94120598 2.69978261 -5.32616997
v -3.91454577 2.38416362 -5.62392282
v -4.57259512 1.91015136 -6.0139842
v -4.27546358 2.02199578 -5.98899174
v -3.93676996 2.24580979 -5.98925018
v -4.4266696 1.5555321 -6.32564735
v -4.84071541 1.2761929 -6.55881071
v -3.46587873 2.10621738 -6.331882
v -3.24916005 2.12100697 -6.18475342
v -3.82343984 1.66807806 -6.55784225
v -3.46135497 1.7204771 -6.47750759
v -3.93806624 1.40116906 -6.4199276
v -4.29433346 1.29314935 -6.39801645
v -3.50877428 1.50763714 -6.52615643
v -3.37730694 1.32714784 -6.58911228
v -3.12870836 2.08828592 -6.45329142
v -3.10247064 2.17319155 -6.15478277
v -2.81342268 2.11638331 -6.23549414
v -3.6518333 1.11987424 -6.90051365
v -3.71463609 1.29556775 -6.80019903
v -4.17567873 1.12520289 -6.63443518
v -4.09120607 0.741983831 -7.24085617
v -4.30461168 1.06365156 -6.86616611
v -4.90148926 1.05195343 -6.72139502
v -5.39496565 1.08037508 -6.40871668
v -5.40436029 1.21082735 -5.97434902
v -5.84224367 0.983521879 -6.29660273
v -5.48205805 1.28598917 -5.90732241
v -5.57404518 1.12889183 -5.86384583
v -5.71046114 1.1156044 -6.03307247
v -5.57404518 1.12889183 -5.86384583
v -5.87573957 1.29617202 -5.96069527
v -6.15450907 1.02080774 -5.73819828
v -5.69426727 1.23953831 -5.80336237
v -5.74482155 1.14869416 -5.73006821
v -5.57404518 1.12889183 -5.86384583
v -5.97172356 1.05828905 -5.57302713
v -5.74588346 1.17278969 -5.4813633
v -5.17780256 1.60937142 -5.44210339
v -4.78304195 1.8793751 -5.54373789
v -4.95641851 1.586707 -5.29055882
v -4.87706041 1.96756685 -5.06880474
v -5.16899157 2.10679245 -4.42233992
v -4.59905005 2.60266685 -4.30915403
v -4.69735098 2.34709382 -4.76971245
v -5.40276623 1.93028617 -4.24428749
v -6.02185535 1.66771448 -4.08815718
v -4.75511694 2.0439086 -5.48080254
v -4.91631079 1.83285093 -5.33695841
v -4.95641851 1.586707 -5.29055882
v -4.87706041 1.96756685 -5.06880474
v -4.56574965 2.30099082 -4.98267031
v -4.7046361 2.01276278 -4.90676832
v -4.7046361 2.01276278 -4.90676832
v -5.42618132 2.3047483 -3.49960017
v -4.80998755 2.6555202 -3.45765138
v -5.22236538 2.59500146 -2.91987228
v -5.07269526 2.90673542 -2.45489407
v -4.87571287 2.81773973 -2.61989832
v -4.46897697 3.11781693 -3.17952013
v -3.70875716 3.41351342 -3.70130396
v -3.52907944 3.21595287 -4.56699181
v -2.5971508 4.39239264 -3.30632925
v -1.40978754 5.4639082 -2.5601294
v -2.46811771 4.17273092 -3.93650222
v -3.59213614 3.06155777 -4.80080509
v -3.45982909 3.13895249 -5.01515722
v -3.0995996 3.41832566 -4.67002392
v -1.78555655 4.47497129 -4.16484737
v -1.66084468 4.39712524 -4.11537838
v -1.16259277 4.25221252 -4.08808899
v -1.67137933 4.1066885 -4.58692408
v -1.16259277 4.25221252 -4.08808899
v -1.01620603 3.97957635 -4.01675272
v -0.874816895 4.35945511 -3.99589562
v -0.760334432 4.19884396 -4.00502682
v -0.441176742 4.58119297 -4.5601902
v -0.26638183 4.46797037 -4.59294462
v -0.793698728 3.832623 -3.85096312
v -0.793698728 3.832623 -3.85096312
v 0.307358384 3.4613266 -4.16385317
v -0.480258793 3.59621596 -3.68667436
v -0.140412599 2.98851585 -3.59909654
v -0.162939444 2.62728381 -3.69769573
v 0.253034651 2.88855481 -3.89013052
v 0.41605711 3.09944749 -3.99740601
v -1.65783691 3.65467501 -4.88809967
v -0.480258793 3.59621596 -3.68667436
v -0.793698728 3.832623 -3.85096312
v -1.76526117 3.62859035 -4.87346315
v -1.81498528 4.01645041 -4.4733429
v -1.94037104 4.22096682 -4.50059462
v -1.98338616 3.20820141 -5.15871191
v -1.62993407 2.97498059 -5.32229614
v -1.66207266 2.63986778 -5.19941616
v -1.44361079 2.97950697 -5.24822092
v -1.5334326 2.9905014 -5.19899845
v -1.2612524 2.111341 -4.83196354
v -1.03417969 2.50995588 -4.95553827
v -1.05181396 2.19456434 -4.82990599
v -0.752836883 2.3072474 -4.5780201
v -0.487077624 2.45118046 -3.99599671
v -0.140412599 2.98851585 -3.59909654
v -0.162939444 2.62728381 -3.69769573
v 8.05545425 0.730248153 6.05992317
v 8.02256584 0.676437974 6.31918335
v 8.58770943 0.185545847 6.31284666
v 8.62766361 -0.000219180205 6.72556734
v 7.80046129 0.384326607 6.80545139
v 8.73953152 -0.000219180205 6.20197392
v 8.52302933 0.437491566 5.94683313
v 8.60397243 0.561062455 6.19089222
v 7.5975461 -0.000219180205 7.52067852
v 7.24838352 0.64216423 6.87537479
v 7.97815657 0.627223134 6.23119974
v 6.72886229 0.381429315 7.23435402
v 6.64869356 -0.000219180205 7.75247288
v 6.63131571 0.378553063 7.10128403
v 6.5785861 0.625718296 6.73671961
v 6.72092247 0.753937364 6.50386238
v 7.25786591 0.78377372 5.79308319
v 7.54476547 0.714733243 5.82946253
v 6.84765625 0.733747363 6.11463737
v 6.6733737 0.624871612 6.40259361
v 6.5785861 0.625718296 6.73671961
v 7.20209694 0.663314521 5.74231577
v 7.54476547 0.714733243 5.82946253
v 7.69713593 0.504433393 5.9680419
v 7.97815657 0.627223134 6.23119974
v 7.89448214 0.527188063 6.19753027
v 8.327178 0.395859748 5.83054066
v 8.52302933 0.437491566 5.94683313
v 8.73953152 -0.000219180205 6.20197392
v 8.05545425 0.730248153 6.05992317
v 8.60397243 0.561062455 6.19089222
v 8.09500027 0.56861496 5.97178459
v 8.18904781 0.31668213 5.90793943
v 7.89448214 0.527188063 6.19753027
v 7.97815657 0.627223134 6.23119974
v 8.02256584 0.676437974 6.31918335
v 7.80046129 0.384326607 6.80545139
v 6.71487045 8.7468195 -0.29777953
v 6.84029293 8.78958035 -0.288468629
v 6.3061986 9.81392765 -0.590469062
v 6.50150108 9.86787319 -0.637010157
v 5.77041721 10.1872253 -1.10655057
v 4.26403046 5.83492804 -4.71073771
v 4.26914787 5.59306431 -4.48288488
v 4.12033176 5.13418484 -4.64480972
v 4.14500237 5.64893293 -5.05405331
v 4.31301498 5.79947758 -4.92553234
v 3.98134017 5.49066782 -4.56194592
v 4.26914787 5.59306431 -4.48288488
v 4.13386202 5.9315052 -4.76333284
v 4.26403046 5.83492804 -4.71073771
v 4.31301498 5.79947758 -4.92553234
v 4.14500237 5.64893293 -5.05405331
v 0.0899926722 4.14090586 4.21583557
v 0.131428227 4.17289829 4.40570784
v 0.469123513 4.30563116 4.35557556
v 0.269108891 4.17647219 4.06373358
v -7.72388649 0.758100629 2.43661666
v -7.57438946 0.567298591 2.42603397
v -7.3455615 0.466741204 2.57520628
v -7.85334682 0.566169679 2.05420351
v -7.82190418 0.462936282 2.11520195
v -8.15790749 0.146119252 1.38739681
v -7.82454586 0.232798994 2.26382446
v -7.4932642 0.370042592 2.78839588
v -7.3455615 0.466741204 2.57520628
v -7.3376708 0.370448977 2.7129364
v -7.66749477 0.272799432 2.87184072
v -0.621821284 1.02179492 7.18029165
v -0.364716798 1.1845243 6.93624496
v -0.322504878 1.18911731 6.73471403
v -0.418676734 1.03193092 6.74582148
v 3.65555906 1.36479318 6.52865458
v 3.25005364 1.66652751 6.7979455
v 2.97879887 1.4583509 6.96520853
v 3.28534174 1.23348725 6.77436161
v 3.12434554 1.13160527 6.92230558
v 2.81924796 0.979980469 7.05897808
v 3.55017805 1.10498595 6.60110235
v 3.65601563 1.22116125 6.43369865
v 3.55818343 1.32720184 6.18443966
v 3.25005364 1.66652751 6.7979455
v 3.18317366 1.28146636 5.81844711
v 2.48869634 1.87189984 6.28409433
v 2.57149649 1.73124254 6.06791878
v 2.29760742 1.68302858 5.59843111
v 3.70540524 1.08925676 6.31352901
v 4.02249479 1.22429407 6.49042606
v 3.9939599 1.05530274 6.34790897
v 3.82552004 1.00054276 6.19226551
v 3.26201892 0.969113648 5.63419533
v 3.1433959 1.28014994 5.42377424
v 3.006953 1.40830696 5.58351326
v 3.15470219 1.22459733 5.30234098
v 2.89781499 1.24136055 5.57319832
v 2.33282948 1.14682388 5.49962139
v 2.6772778 0.933775485 5.31792116
v 2.44961429 0.944259226 5.438241
v 2.06352544 1.19328535 5.73082972
v 2.10302496 1.41078973 5.70125818
v 3.12434554 1.13160527 6.92230558
v 2.92190671 1.1300782 7.25829315
v 3.28534174 1.23348725 6.77436161
v 2.81924796 0.979980469 7.05897808
v 2.81924796 0.979980469 7.05897808
v 2.75148177 1.256037 6.86442232
v 2.7352612 1.15391374 7.16769266
v 2.80628157 1.347736 6.98082876
v -5.7823143 4.08373451 2.99902272
v -5.3933835 3.64513063 3.18671203
v -5.20233393 3.49457026 3.27230954
v -5.84535646 3.84855461 3.13432741
v -6.15397692 3.85395479 3.11262989
v -5.61335182 3.5774138 3.22209096
v -5.76263428 3.89951754 3.54012632
v -5.84535646 3.84855461 3.13432741
v -6.15397692 3.85395479 3.11262989
v -5.05270243 3.46670246 3.82049131
v 4.50076914 5.63560677 -4.48253393
v 5.17859602 5.00595379 -3.96056437
v 4.43819809 5.73265982 -4.69896793
v 4.43987036 5.85984039 -4.51498508
v 2.09535885 1.03091323 7.34202385
v 2.7352612 1.15391374 7.16769266
v 2.38922596 1.01750982 7.13788795
v 2.77048087 1.30871105 7.19175911
v 2.92190671 1.1300782 7.25829315
v 2.81924796 0.979980469 7.05897808
v 0.295786113 7.14108133 -0.841880143
v 0.710895956 7.38473415 -0.411680907
v 0.698686481 7.51912212 -0.432849735
v 0.748674273 7.69414234 -0.280665278
v 1.64071774 1.77959061 -6.32971001
v 1.72001457 1.5747453 -6.33492231
v 1.70976555 1.47738969 -6.55412865
v 1.54955077 1.63221633 -6.17246008
v 5.96349096 3.92609525 4.39705133
v 5.72294188 3.85175467 4.29393482
v 5.75612068 3.96128106 4.22684383
v 5.53585672 3.7311368 4.18493271
v 2.89781499 1.24136055 5.57319832
v 3.006953 1.40830696 5.58351326
v 3.15470219 1.22459733 5.30234098
v 2.77431631 1.04753125 5.46119976
v 1.47445071 5.34464645 -4.55865574
v 1.77679932 4.75754642 -3.93817854
v 1.37701905 5.15457439 -4.43131018
v 2.22895265 4.49787521 -3.76216125
v 2.63417959 4.66330719 -3.9555583
v 2.55600572 4.56690407 -3.80679464
v 2.17478013 5.03017187 -4.36040211
v 2.64769769 4.96964264 -4.31686831
v 2.40065169 5.24602604 -4.5644269
v 2.19735336 5.53861094 -4.66051769
v 7.24915743 0.888972223 -2.8630867
v 7.19563723 0.708636463 -2.83645797
v 7.5480957 0.738238573 -2.60086226
v 7.234375 0.776508152 -3.03795958
v 4.72479963 2.21418977 -5.40141296
v 4.77378893 1.65889955 -5.55809307
v 4.55066156 2.90899825 -5.10681152
v 4.24712896 3.12253356 -5.24355507
v 4.46092749 3.08945251 -5.19394016
v 2.80628157 1.347736 6.98082876
v 2.62667727 1.43310654 6.81052351
v 2.7352612 1.15391374 7.16769266
v 2.38922596 1.01750982 7.13788795
v 2.49412584 1.23391116 6.80705452
v 2.6215868 1.26181638 6.73518801
v 2.80628157 1.347736 6.98082876
v 2.6215868 1.26181638 6.73518801
v 2.62667727 1.43310654 6.81052351
v 2.75148177 1.256037 6.86442232
v 7.06644011 0.55623281 -0.0383300781
v 7.09858894 0.624447644 -0.214979246
v 7.44530249 1.48998964 -0.0238610841
v 7.23547125 0.650867879 -0.917776763
v 7.20557356 1.29780328 -0.600029886
v 7.31362534 1.5514226 -0.14795959
v 7.11015368 1.76403713 0.737233281
v 7.33714819 1.48169708 0.50189817
v 7.06655979 1.67839134 0.885014653
v 6.8709054 1.69026053 0.894159555
v 6.59830046 1.49502301 0.946414769
v 7.85108137 0.706716955 -1.27667725
v 7.89832258 0.835269809 -1.16325223
v 7.90826416 0.695438087 -0.560510218
v 7.94418907 0.343213648 -0.605141282
v 7.48756838 0.806315303 -0.516884744
v 7.89832258 0.835269809 -1.16325223
v 7.35399151 0.644718409 -0.132115468
v 7.09858894 0.624447644 -0.214979246
v 7.13682127 0.67341882 -0.141955569
v 7.81866455 0.528897882 -0.364703983
v 7.40156698 0.417611957 -0.195691526
v -5.50474596 0.407717228 5.56778049
v -5.61122322 0.742435873 5.24665642
v -5.74122286 0.803467155 5.41116953
v -5.60713625 1.04545128 5.33317232
v 2.40065169 5.24602604 -4.5644269
v 2.81593251 5.14346313 -4.27508402
v 2.63821292 5.12902594 -4.3012619
v 2.63417959 4.66330719 -3.9555583
v 6.52316856 0.752567112 2.27113342
v 7.41464329 0.678245008 2.46811342
v 7.3737545 0.641395986 2.24709845
v 6.46679688 0.684929669 2.56338
v 6.33677006 0.485167444 2.45304441
v 6.38235569 0.45787707 2.65485907
v 7.36188221 0.464359164 2.66842771
v 7.42778063 0.487134933 2.33755183
v 7.19891596 0.550414741 2.21863818
v 7.34113979 0.636144638 2.07672048
v 6.81833982 0.553662241 2.01971054
v 6.70567846 0.412955612 2.19918275
v 6.9391427 0.559607923 1.77540767
v 7.07487297 0.687343359 1.71382499
v 7.41464329 0.678245008 2.46811342
v 7.42778063 0.487134933 2.33755183
v 7.3737545 0.641395986 2.24709845
v 7.36188221 0.464359164 2.66842771
v 3.4192431 4.27052259 4.55089045
v 3.37444568 3.79877615 4.58280802
v 3.48142576 4.04476881 4.39970255
v 3.8045752 3.51028275 4.63551617
v 3.5725584 3.60498428 4.69704723
v -0.25 1.97721374 -5.36232233
v -0.0495361313 1.94454038 -5.63943958
v -0.247536615 2.12589145 -5.45356274
v -0.759150386 1.98123467 -5.36160803
v 0.41605711 3.09944749 -3.99740601
v 0.592971206 3.30268192 -3.79188108
v 0.253034651 2.88855481 -3.89013052
v 0.209675282 4.12928343 -4.11457825
v 0.307358384 3.4613266 -4.16385317
v -0.26638183 4.46797037 -4.59294462
v -0.174367666 4.86516428 -4.31919861
v -0.441176742 4.58119297 -4.5601902
v 3.60211897 9.14944649 3.47936702
v 3.6937499 9.1798439 3.82452083
v 3.9828198 9.25237465 3.74991512
v 4.09379625 9.18252468 3.68205309
v 4.99761486 0.7885378 6.51950645
v 4.95354986 0.627008855 6.38949347
v 4.84087896 0.8650769 6.2693615
v 4.90250731 1.02328455 6.3514719
v -0.0178100578 6.69766331 -0.787398338
v 0.00326660159 6.55186892 -1.40367365
v -0.0895214826 6.78721476 -0.881378174
v 0.177556142 7.14416122 -0.68979615
v 3.5394702 5.10908413 -4.50938272
v 3.46881104 4.77748299 -4.67332649
v 3.47618651 5.33427334 -4.46198273
v 3.58436036 5.13002777 -4.37249613
v 1.7342993 1.16397476 5.99750376
v 2.24922848 1.45332909 6.33352137
v 1.82147944 1.35868239 5.89342403
v 1.76186514 1.17769897 5.80016088
v -1.1072681 6.44548512 0.782578111
v -1.40930665 6.5529623 0.823980689
v -1.39098871 6.40327215 0.987098396
v -1.64971185 6.5804553 1.00005794
v 1.54072261 1.02013779 7.6337719
v 1.56199217 0.847949445 7.48983145
v 1.02536619 0.739259839 7.81879997
v 1.17539549 0.942273021 7.81751585
v 4.90250731 1.02328455 6.3514719
v 4.84087896 0.8650769 6.2693615
v 4.6607008 0.895897031 6.51021814
v 4.59642553 0.80126071 6.42266607
v 0.381772459 7.50786781 1.73054445
v 0.45980224 7.6895957 1.80462825
v 0.290908188 7.69465017 1.71681821
v 0.12824218 7.60800886 1.80895448
v 6.3040061 1.00551295 5.35387421
v 6.24539804 1.21054864 5.50310659
v 6.09327364 0.841661751 5.47675753
v 6.02740479 1.10139072 5.74034023
v 6.02509499 0.965349734 6.13538456
v 6.1940403 0.636709154 5.65427828
v 6.2833252 0.590384722 6.37581396
v 6.40189457 0.551089287 6.48048306
v 7.63671112 3.22240663 0.697354734
v 7.59554911 3.53056288 0.487294286
v 7.73977757 3.34215832 0.639219344
v 7.67002678 3.58371854 0.557822227
v -3.93966794 1.51764071 5.0489707
v -3.89549065 1.39491069 4.99301243
v -3.6739502 0.733109176 5.55190516
v -3.84308338 1.68856609 4.79776955
v 1.64057374 3.14247704 4.36242342
v 1.79801261 3.19491577 4.39255905
v 1.56382322 3.13584304 4.28304386
v 1.15359378 3.32807803 5.04988289
v -1.00204837 7.14773607 1.27042294
v -0.973781705 6.99662256 1.42570853
v -0.902158201 6.81613398 1.57563782
v -1.13062501 6.84178209 1.48646903
v -1.64971185 6.5804553 1.00005794
v -1.29638183 6.80240822 0.886155367
v -1.00204837 7.14773607 1.27042294
v 7.19891596 0.550414741 2.21863818
v 7.3737545 0.641395986 2.24709845
v 7.42778063 0.487134933 2.33755183
v 6.70567846 0.412955612 2.19918275
v 6.56230927 0.573480904 2.29105902
v 6.33677006 0.485167444 2.45304441
v 6.52316856 0.752567112 2.27113342
v 5.14973879 7.66654301 -4.80210304
v 5.45248508 8.15107727 -4.76768827
v 5.38637686 8.04709053 -4.93680286
v 5.58791733 8.13982582 -4.83750343
v 2.40065169 5.24602604 -4.5644269
v 2.63821292 5.12902594 -4.3012619
v 2.64769769 4.96964264 -4.31686831
v 2.63417959 4.66330719 -3.9555583
v 6.78047848 0.736647069 -2.58654666
v 6.21966314 1.0943054 -3.05617905
v 6.54801512 1.06496799 -2.80108953
v 6.39973354 1.94130576 -3.34065056
v 6.11722898 1.73906195 -3.48569202
vn -0.63437587 0.372873425 0.677150369
vn -0.63437587 0.372873425 0.677150369
vn -0.63437587 0.372873425 0.677150369
vn 0.288226783 0.944636464 0.156803623
vn 0.288226783 0.944636464 0.156803623
vn 0.288226783 0.944636464 0.156803623
vn -0.434717417 -0.403310061 0.80520916
vn -0.434717417 -0.403310061 0.80520916
vn -0.434717417 -0.403310061 0.80520916
vn -0.128774434 0.311351687 0.941529214
vn -0.128774434 0.311351687 0.941529214
vn -0.128774434 0.311351687 0.941529214
vn -0.913002968 -0.126503646 -0.387843251
vn -0.913002968 -0.126503646 -0.387843251
vn -0.913002968 -0.126503646 -0.387843251
vn -0.436461627 0.869786501 0.230157927
vn -0.436461627 0.869786501 0.230157927
vn -0.436461627 0.869786501 0.230157927
vn -0.844658554 0.531959593 -0.0597567782
vn -0.844658554 0.531959593 -0.0597567782
vn -0.844658554 0.531959593 -0.0597567782
vn -0.837758303 -0.0965208262 0.537442863
vn -0.837758303 -0.0965208262 0.537442863
vn -0.837758303 -0.0965208262 0.537442863
vn 0.395600796 0.91113323 0.115482301
vn 0.395600796 0.91113323 0.115482301
vn 0.395600796 0.91113323 0.115482301
vn -0.2865839 0.907474279 -0.307180703
vn -0.2865839 0.907474279 -0.307180703
vn -0.2865839 0.907474279 -0.307180703
vn -0.931809366 -0.270082533 0.242459759
vn -0.931809366 -0.270082533 0.242459759
vn -0.931809366 -0.270082533 0.242459759
vn 0.378771961 0.714574754 -0.588145256
vn 0.378771961 0.714574754 -0.588145256
vn 0.378771961 0.714574754 -0.588145256
vn 0.104201846 0.60924077 -0.786109209
vn 0.104201846 0.60924077 -0.786109209
vn 0.104201846 0.60924077 -0.786109209
vn 0.756064236 0.338109463 0.560400784
vn 0.756064236 0.338109463 0.560400784
vn 0.756064236 0.338109463 0.560400784
vn 0.753210127 0.318846405 -0.57533592
vn 0.753210127 0.318846405 -0.57533592
vn 0.753210127 0.318846405 -0.57533592
vn 0.556176245 0.328572303 -0.763353348
vn 0.556176245 0.328572303 -0.763353348
vn 0.556176245 0.328572303 -0.763353348
vn -0.394478649 -0.511638582 -0.763290584
vn -0.394478649 -0.511638582 -0.763290584
vn -0.394478649 -0.511638582 -0.763290584
vn 0.506097853 0.531031787 -0.679610431
vn 0.506097853 0.531031787 -0.679610431
vn 0.506097853 0.531031787 -0.679610431
vn 0.454128474 0.542449296 -0.706764519
vn 0.454128474 0.542449296 -0.706764519
vn 0.454128474 0.542449296 -0.706764519
vn -0.839232802 0.306352258 0.449262202
vn -0.839232802 0.306352258 0.449262202
vn -0.839232802 0.306352258 0.449262202
vn -0.50281471 0.756759644 0.417722613
vn -0.50281471 0.756759644 0.417722613
vn -0.50281471 0.756759644 0.417722613
vn 0.473417699 0.691215575 -0.545982301
vn 0.473417699 0.691215575 -0.545982301
vn 0.473417699 0.691215575 -0.545982301
vn 0.589801311 0.64655894 -0.483834505
vn 0.589801311 0.64655894 -0.483834505
vn 0.589801311 0.64655894 -0.483834505
vn -0.620579004 -0.123145372 -0.774413943
vn -0.620579004 -0.123145372 -0.774413943
vn -0.620579004 -0.123145372 -0.774413943
vn -0.0797806755 0.996768832 -0.00933349784
vn -0.0797806755 0.996768832 -0.00933349784
vn -0.0797806755 0.996768832 -0.00933349784
vn -0.100768872 0.59741503 0.795575917
vn -0.100768872 0.59741503 0.795575917
vn -0.100768872 0.59741503 0.795575917
vn 0.0433720164 -0.700612009 0.712223053
vn 0.0433720164 -0.700612009 0.712223053
vn 0.0433720164 -0.700612009 0.712223053
vn -0.838987291 -0.148835585 -0.523400664
vn -0.838987291 -0.148835585 -0.523400664
vn -0.838987291 -0.148835585 -0.523400664
vn 0.993618727 0.110961184 -0.0202386864
vn 0.993618727 0.110961184 -0.0202386864
vn 0.993618727 0.110961184 -0.0202386864
vn -0.110665403 0.967049301 0.229279339
vn -0.110665403 0.967049301 0.229279339
vn -0.110665403 0.967049301 0.229279339
vn 0.982977927 -0.014435159 0.18315582
vn 0.982977927 -0.014435159 0.18315582
vn 0.982977927 -0.014435159 0.18315582
vn 0.727699757 0.681849658 -0.0743912458
vn 0.727699757 0.681849658 -0.0743912458
vn 0.727699757 0.681849658 -0.0743912458
vn 0.223215654 -0.286765397 -0.931633234
vn 0.223215654 -0.286765397 -0.931633234
vn 0.223215654 -0.286765397 -0.931633234
vn 0.731505811 0.0263638217 0.681325376
vn 0.731505811 0.0263638217 0.681325376
vn 0.731505811 0.0263638217 0.681325376
vn 0.5877285 0.0950008854 0.803461313
vn 0.5877285 0.0950008854 0.803461313
vn 0.5877285 0.0950008854 0.803461313
vn -0.789671838 -0.382538736 -0.479669213
vn -0.789671838 -0.382538736 -0.479669213
vn -0.789671838 -0.382538736 -0.479669213
vn -0.966970682 0.213674754 0.138963118
vn -0.966970682 0.213674754 0.138963118
vn -0.966970682 0.213674754 0.138963118
vn -0.823179066 -0.518124819 -0.232213184
vn -0.823179066 -0.518124819 -0.232213184
vn -0.823179066 -0.518124819 -0.232213184
vn 0.775165677 0.596421778 -0.208324879
vn 0.775165677 0.596421778 -0.208324879
vn 0.775165677 0.596421778 -0.208324879
vn -0.79249388 0.487989157 0.36581412
vn -0.79249388 0.487989157 0.36581412
vn -0.79249388 0.487989157 0.36581412
vn 0.455174983 -0.889097214 0.0481863618
vn 0.455174983 -0.889097214 0.0481863618
vn 0.455174983 -0.889097214 0.0481863618
vn 0.614746809 0.287663311 -0.734395146
vn 0.614746809 0.287663311 -0.734395146
vn 0.614746809 0.287663311 -0.734395146
vn 0.861627698 0.393500507 -0.320554525
vn 0.861627698 0.393500507 -0.320554525
vn 0.861627698 0.393500507 -0.320554525
vn 0.581125975 -0.117408343 0.805299819
vn 0.581125975 -0.117408343 0.805299819
vn 0.581125975 -0.117408343 0.805299819
vn 0.671100199 0.546894729 -0.500530422
vn 0.671100199 0.546894729 -0.500530422
vn 0.671100199 0.546894729 -0.500530422
vn -0.317714781 0.746546626 -0.584572911
vn -0.317714781 0.746546626 -0.584572911
vn -0.317714781 0.746546626 -0.584572911
vn -0.672137678 -0.681580782 0.289272487
vn -0.672137678 -0.681580782 0.289272487
vn -0.672137678 -0.681580782 0.289272487
vn -0.755121768 -0.307548523 0.578968883
vn -0.755121768 -0.307548523 0.578968883
vn -0.755121768 -0.307548523 0.578968883
vn -0.443222672 -0.241574973 -0.863246918
vn -0.443222672 -0.241574973 -0.863246918
vn -0.443222672 -0.241574973 -0.863246918
vn 0.276738435 0.249178901 0.928076327
vn 0.276738435 0.249178901 0.928076327
vn 0.276738435 0.249178901 0.928076327
vn 0.991012335 -0.0725649223 -0.112378456
vn 0.991012335 -0.0725649223 -0.112378456
vn 0.991012335 -0.0725649223 -0.112378456
vn 0.10869845 0.367356807 0.923706472
vn 0.10869845 0.367356807 0.923706472
vn 0.10869845 0.367356807 0.923706472
vn -0.999688864 0.023308415 0.00888824649
vn -0.999688864 0.023308415 0.00888824649
vn -0.999688864 0.023308415 0.00888824649
vn 0.897542655 0.423534036 -0.122621767
vn 0.897542655 0.423534036 -0.122621767
vn 0.897542655 0.423534036 -0.122621767
vn -0.328931928 -0.0470268428 0.943181992
vn -0.328931928 -0.0470268428 0.943181992
vn -0.328931928 -0.0470268428 0.943181992
vn -0.481292546 0.094792746 -0.87141937
vn -0.481292546 0.094792746 -0.87141937
vn -0.481292546 0.094792746 -0.87141937
vn 0.874855042 -0.397324651 -0.277059108
vn 0.874855042 -0.397324651 -0.277059108
vn 0.874855042 -0.397324651 -0.277059108
vn -0.837284505 0.305024326 0.453778297
vn -0.837284505 0.305024326 0.453778297
vn -0.837284505 0.305024326 0.453778297
vn 0.578264594 -0.57938087 0.574393451
vn 0.578264594 -0.57938087 0.574393451
vn 0.578264594 -0.57938087 0.574393451
vn 0.384446144 -0.136501193 -0.912999749
vn 0.384446144 -0.136501193 -0.912999749
vn 0.384446144 -0.136501193 -0.912999749
vn -0.414348543 0.0629679188 0.907937407
vn -0.414348543 0.0629679188 0.907937407
vn -0.414348543 0.0629679188 0.907937407
vn -0.213391811 0.859194219 -0.46502611
vn -0.213391811 0.859194219 -0.46502611
vn -0.213391811 0.859194219 -0.46502611
vn 0.863971174 -0.0723594576 0.498315036
vn 0.863971174 -0.0723594576 0.498315036
vn 0.863971174 -0.0723594576 0.498315036
vn 0.617067039 0.440049648 -0.652368426
vn 0.617067039 0.440049648 -0.652368426
vn 0.617067039 0.440049648 -0.652368426
vn -0.688527584 -0.29894951 -0.66072607
vn -0.688527584 -0.29894951 -0.66072607
vn -0.688527584 -0.29894951 -0.66072607
vn 0.26455906 0.877638936 -0.399697751
vn 0.26455906 0.877638936 -0.399697751
vn 0.26455906 0.877638936 -0.399697751
vn -0.436261266 -0.0407610051 0.898896277
vn -0.436261266 -0.0407610051 0.898896277
vn -0.436261266 -0.0407610051 0.898896277
vn -0.979400575 0.132929772 -0.152000189
vn -0.979400575 0.132929772 -0.152000189
vn -0.979400575 0.132929772 -0.152000189
vn 0.699276447 -0.711528659 0.0688432232
vn 0.699276447 -0.711528659 0.0688432232
vn 0.699276447 -0.711528659 0.0688432232
vn -0.765338182 -0.19921191 0.612022877
vn -0.765338182 -0.19921191 0.612022877
vn -0.765338182 -0.19921191 0.612022877
vn 0.342432946 -0.273037016 -0.898994148
vn 0.342432946 -0.273037016 -0.898994148
vn 0.342432946 -0.273037016 -0.898994148
vn 0.282748908 -0.92214191 0.264021337
vn 0.282748908 -0.92214191 0.264021337
vn 0.282748908 -0.92214191 0.264021337
vn -0.399953932 -0.761761844 -0.509662509
vn -0.399953932 -0.761761844 -0.509662509
vn -0.399953932 -0.761761844 -0.509662509
vn 0.522236586 -0.724536717 -0.449794829
vn 0.522236586 -0.724536717 -0.449794829
vn 0.522236586 -0.724536717 -0.449794829
vn 0.0595746711 -0.774249077 0.630070746
vn 0.0595746711 -0.774249077 0.630070746
vn 0.0595746711 -0.774249077 0.630070746
vn 0.425103307 0.683110237 -0.593841434
vn 0.425103307 0.683110237 -0.593841434
vn 0.425103307 0.683110237 -0.593841434
vn -0.425103307 -0.683110237 0.593841434
vn -0.425103307 -0.683110237 0.593841434
vn -0.425103307 -0.683110237 0.593841434
vn -0.826619625 0.0395232923 0.561371446
vn -0.826619625 0.0395232923 0.561371446
vn -0.826619625 0.0395232923 0.561371446
vn -0.207547501 0.58116734 -0.786872625
vn -0.207547501 0.58116734 -0.786872625
vn -0.207547501 0.58116734 -0.786872625
vn -0.29124105 0.956511736 0.0162496157
vn -0.29124105 0.956511736 0.0162496157
vn -0.29124105 0.956511736 0.0162496157
vn -0.308534563 -0.588697493 -0.747155666
vn -0.308534563 -0.588697493 -0.747155666
vn -0.308534563 -0.588697493 -0.747155666
vn 0.588012636 -0.725084484 0.358460248
vn 0.588012636 -0.725084484 0.358460248
vn 0.588012636 -0.725084484 0.358460248
vn -0.887294471 -0.278729856 0.367448241
vn -0.887294471 -0.278729856 0.367448241
vn -0.887294471 -0.278729856 0.367448241
vn -0.249972031 -0.52341789 -0.814584315
vn -0.249972031 -0.52341789 -0.814584315
vn -0.249972031 -0.52341789 -0.814584315
vn 0.813702166 0.442254275 -0.37722671
vn 0.813702166 0.442254275 -0.37722671
vn 0.813702166 0.442254275 -0.37722671
vn -0.869030058 -0.490803868 0.0624360219
vn -0.869030058 -0.490803868 0.0624360219
vn -0.869030058 -0.490803868 0.0624360219
vn -0.361507773 -0.173053458 -0.916168451
vn -0.361507773 -0.173053458 -0.916168451
vn -0.361507773 -0.173053458 -0.916168451
vn -0.874022007 0.466860056 0.13463752
vn -0.874022007 0.466860056 0.13463752
vn -0.874022007 0.466860056 0.13463752
vn 0.874022007 -0.466860056 -0.13463752
vn 0.874022007 -0.466860056 -0.13463752
vn 0.874022007 -0.466860056 -0.13463752
vn 0.0908679739 0.610987365 -0.786407948
vn 0.0908679739 0.610987365 -0.786407948
vn 0.0908679739 0.610987365 -0.786407948
vn 0.452740163 -0.197276488 0.869544864
vn 0.452740163 -0.197276488 0.869544864
vn 0.452740163 -0.197276488 0.869544864
vn -0.511498272 -0.549992919 0.660210073
vn -0.511498272 -0.549992919 0.660210073
vn -0.511498272 -0.549992919 0.660210073
vn 0.381774455 -0.885647774 0.264341116
vn 0.381774455 -0.885647774 0.264341116
vn 0.381774455 -0.885647774 0.264341116
vn 0.246441007 -0.467489868 -0.848952353
vn 0.246441007 -0.467489868 -0.848952353
vn 0.246441007 -0.467489868 -0.848952353
vn -0.0785793066 -0.308803111 0.947874427
vn -0.0785793066 -0.308803111 0.947874427
vn -0.0785793066 -0.308803111 0.947874427
vn -0.789741218 -0.596743703 0.142147422
vn -0.789741218 -0.596743703 0.142147422
vn -0.789741218 -0.596743703 0.142147422
vn 0.997688174 0.00745536992 0.0675478354
vn 0.997688174 0.00745536992 0.0675478354
vn 0.997688174 0.00745536992 0.0675478354
vn 0.52950871 0.827877164 0.185040027
vn 0.52950871 0.827877164 0.185040027
vn 0.52950871 0.827877164 0.185040027
vn 0.335418493 -0.286887497 0.897323787
vn 0.335418493 -0.286887497 0.897323787
vn 0.335418493 -0.286887497 0.897323787
vn 0.696906328 0.684894085 0.212700903
vn 0.696906328 0.684894085 0.212700903
vn 0.696906328 0.684894085 0.212700903
vn -0.830026388 0.554161489 0.0629381686
vn -0.830026388 0.554161489 0.0629381686
vn -0.830026388 0.554161489 0.0629381686
vn 0.70212841 0.528244436 -0.477465689
vn 0.70212841 0.528244436 -0.477465689
vn 0.70212841 0.528244436 -0.477465689
vn 0.431099653 -0.443313837 0.785891831
vn 0.431099653 -0.443313837 0.785891831
vn 0.431099653 -0.443313837 0.785891831
vn -0.223619655 0.0935427845 0.970177293
vn -0.223619655 0.0935427845 0.970177293
vn -0.223619655 0.0935427845 0.970177293
vn -0.961098194 -0.175399989 0.21336633
vn -0.961098194 -0.175399989 0.21336633
vn -0.961098194 -0.175399989 0.21336633
vn 0.548588634 -0.735352099 0.397879004
vn 0.548588634 -0.735352099 0.397879004
vn 0.548588634 -0.735352099 0.397879004
vn -0.968954682 -0.202840328 -0.141359627
vn -0.968954682 -0.202840328 -0.141359627
vn -0.968954682 -0.202840328 -0.141359627
vn -0.653995454 0.0294636767 0.755924523
vn -0.653995454 0.0294636767 0.755924523
vn -0.653995454 0.0294636767 0.755924523
vn -0.410476834 0.597126901 0.689164817
vn -0.410476834 0.597126901 0.689164817
vn -0.410476834 0.597126901 0.689164817
vn 0.602137804 0.757400155 -0.25253731
vn 0.602137804 0.757400155 -0.25253731
vn 0.602137804 0.757400155 -0.25253731
vn -0.887486994 0.167222202 -0.429422438
vn -0.887486994 0.167222202 -0.429422438
vn -0.887486994 0.167222202 -0.429422438
vn -0.61534822 0.360760361 0.700855672
vn -0.61534822 0.360760361 0.700855672
vn -0.61534822 0.360760361 0.700855672
vn 0.0117438836 0.454813182 -0.890509486
vn 0.0117438836 0.454813182 -0.890509486
vn 0.0117438836 0.454813182 -0.890509486
vn -0.938929796 -0.201659977 0.278826445
vn -0.938929796 -0.201659977 0.278826445
vn -0.938929796 -0.201659977 0.278826445
vn -0.537920117 0.465881914 0.702563882
vn -0.537920117 0.465881914 0.702563882
vn -0.537920117 0.465881914 0.702563882
vn 0.810040712 0.29876852 -0.504550815
vn 0.810040712 0.29876852 -0.504550815
vn 0.810040712 0.29876852 -0.504550815
vn -0.483193994 -0.602835536 -0.634911716
vn -0.483193994 -0.602835536 -0.634911716
vn -0.483193994 -0.602835536 -0.634911716
vn 0.980035961 0.016527025 0.198132083
vn 0.980035961 0.016527025 0.198132083
vn 0.980035961 0.016527025 0.198132083
vn 0.89612776 -0.0454320908 0.441464663
vn 0.89612776 -0.0454320908 0.441464663
vn 0.89612776 -0.0454320908 0.441464663
vn 0.230167925 0.732277334 -0.640931129
vn -0.0465057977 0.428554177 -0.902318418
vn -0.0777171701 0.596882641 -0.798555672
vn -0.103670791 0.833635807 -0.542497575
vn 0.157171339 0.890892386 -0.426154882
vn 0.295697629 0.771404326 -0.563469768
vn -0.0586074926 0.849054277 -0.525044799
vn 0.117712356 0.761401594 -0.637504101
vn -0.038973853 0.714172304 -0.69888407
vn -0.0153480005 0.746463358 -0.665249527
vn -0.0659602731 0.695925176 -0.715078592
vn 0.0908340886 0.660706639 -0.745128155
vn 0.0773074627 0.895982146 -0.437309414
vn -0.0132128503 0.922537208 -0.385681868
vn 0.108633786 0.953226626 -0.28205952
vn 0.103471205 0.776893318 -0.621071994
vn 0.239719346 0.745760322 -0.621591628
vn 0.363378108 0.763648689 -0.533663869
vn 0.0448195115 0.851339579 -0.522697031
vn -0.000209071513 0.758906722 -0.651199341
vn 0.0725141093 0.931710601 -0.355888993
vn -0.00493474863 0.97401166 -0.226444036
vn -0.345021009 0.734442711 -0.584426522
vn 0.0324798189 0.931209803 -0.363033563
vn 0.102230631 0.889359713 -0.445632398
vn 0.273592621 0.937163353 -0.216499493
vn 0.343304455 0.929745555 -0.133098677
vn 0.01211657 0.752479315 -0.658504307
vn -0.308811635 0.747587562 -0.588003576
vn -0.0619814135 0.949911237 -0.306311816
vn 0.155873686 0.883009017 0.442717254
vn 0.221787378 0.956208289 -0.190986857
vn 0.34185183 0.876557529 0.338798195
vn 0.198542699 0.802890182 0.562092602
vn -0.068903029 0.777727246 -0.624814153
vn -0.0715320855 0.650942087 -0.755749643
vn -0.0141613288 0.995823741 0.0901914686
vn -0.0435633399 0.932796717 -0.357760459
vn -0.0617390722 0.84136802 -0.53692472
vn -0.161540776 0.735268295 -0.658244014
vn -0.149868041 0.590524197 -0.79298228
vn -0.0853438079 0.754684627 -0.650513291
vn -0.372124553 0.640319884 -0.671947777
vn -0.3056629 0.823456049 -0.478006512
vn -0.417591482 0.724666893 -0.548156142
vn -0.498802066 0.599173784 -0.626248658
vn -0.377830207 0.612700224 -0.694149077
vn -0.406360954 0.786789477 -0.464578211
vn -0.440677464 0.722951293 -0.532113373
vn -0.476837009 0.788797557 -0.38784647
vn -0.474675924 0.79721719 -0.37299785
vn -0.465334147 0.856601357 -0.222930968
vn -0.235818043 0.954108536 -0.184571952
vn -0.355449378 0.934651434 -0.00908040535
vn -0.453879088 0.829819918 -0.324642509
vn -0.150758654 0.718447804 -0.67904675
vn 0.143331259 0.444371551 -0.88430196
vn -0.550236404 0.830408871 -0.0875270441
vn -0.624822319 0.759137928 -0.182500929
vn -0.50030148 0.865850508 -0.00116535148
vn -0.485643297 0.874114275 -0.00865791831
vn -0.593889654 0.803966343 -0.0305493698
vn -0.267192721 0.956756115 -0.115003154
vn -0.404197723 0.89245075 -0.200388834
vn -0.391185701 0.895622671 -0.211740002
vn -0.203541592 0.955257475 -0.214601427
vn -0.337390929 0.930468261 -0.142815143
vn -0.42474848 0.795627356 -0.431932688
vn -0.518005788 0.849199295 -0.102618098
vn -0.382844806 0.912065744 -0.146853492
vn -0.57042551 0.77357775 -0.276029259
vn -0.53579545 0.800829351 -0.267573684
vn -0.478197217 0.814766049 -0.327847183
vn -0.601633728 0.763610482 -0.234384164
vn -0.709522903 0.701396525 -0.0679713115
vn -0.58834815 0.802257657 -0.101139329
vn -0.547735929 0.789996445 -0.27548328
vn -0.732589364 0.680490971 0.0156513713
vn -0.912920952 0.402396858 0.068206057
vn -0.511891901 0.85003984 -0.124092743
vn -0.465205193 0.882578254 0.0681158155
vn -0.444390178 0.895401478 0.0278138407
vn -0.674360156 0.737469852 0.0371011347
vn -0.53453052 0.844866455 0.0218588822
vn -0.505639791 0.857760608 -0.0926018581
vn -0.885624409 -0.212043643 0.41316691
vn -0.159154832 0.959758043 0.231374592
vn -0.579277098 0.805246413 -0.126555398
vn -0.326112181 0.935827911 0.133704454
vn -0.735531986 0.251090944 0.629242361
vn -0.861813128 -0.289209366 0.416696548
vn -0.729267776 0.675751925 0.107368194
vn -0.449388534 0.773184836 0.447476357
vn -0.0837167352 0.621934772 0.778581202
vn -0.894634247 -0.236456305 0.379101604
vn -0.895117521 -0.234712824 0.379044116
vn -0.336646944 0.840937138 0.423666805
vn -0.292333126 0.956113935 -0.019684026
vn 0.404026389 0.864755392 0.298263192
vn -0.469774097 0.804902434 -0.362552643
vn 0.0172732268 0.953824699 0.299866796
vn -0.0528545417 0.903280437 0.42578271
vn 0.0189671721 0.620558918 0.783930302
vn -0.0964121819 0.605660558 0.789860785
vn -0.119244836 0.611951113 0.78185463
vn 0.316708237 0.935813189 -0.154756635
vn 0.347813159 0.936787307 0.0381510034
vn 0.217093602 0.964739561 -0.148821935
vn -0.207173601 0.978100896 -0.0199421328
vn -0.30837369 0.924630046 -0.223528385
vn -0.516096592 0.801935196 0.300905615
vn 0.162790641 0.982069314 -0.0950745642
vn -0.0194418691 0.993019402 0.116337664
vn -0.247006208 0.958429575 0.142830834
vn 0.0331465267 0.953706384 0.298907131
vn 0.0156048443 0.999686122 0.019597197
vn -0.0530308038 0.961464345 0.269766867
vn -0.347262353 0.923418939 -0.163420662
vn -0.640700519 0.764398873 0.0720921531
vn -0.530300915 0.791941643 0.30267036
vn -0.25222221 0.899438262 0.356924057
vn -0.0103518981 0.986928284 0.160827667
vn 0.146913052 0.981911004 -0.119445793
vn 0.455268711 0.801623523 -0.387466252
vn 0.0373825356 0.998037755 -0.0502305664
vn -0.171202451 0.98519057 -0.00945114251
vn -0.257053912 0.933225811 0.251023889
vn 0.040488299 0.990728378 0.129683912
vn -0.12751092 0.983767807 -0.126260489
vn -0.429230541 0.901653111 -0.0527528934
vn -0.581580758 0.803922176 -0.124389961
vn -0.689730465 0.633434236 0.35076052
vn -0.2295091 0.640234828 0.733092725
vn -0.766028821 0.0410927907 0.641491294
vn -0.983499348 0.0112434141 0.180562332
vn -0.988779306 0.147096664 0.026040053
vn -0.225245342 0.426236689 0.876120389
vn -0.30002138 0.337167114 0.892359555
vn -0.246617019 0.483775318 0.839726985
vn -0.364036083 0.434746593 0.823694825
vn -0.773794591 0.61933291 -0.132923767
vn -0.767754674 0.639679372 -0.0369204432
vn -0.901063681 0.201490164 0.384039015
vn -0.225484416 0.939668238 -0.257255584
vn -0.276769996 0.957333624 0.0831307024
vn -0.29001829 0.955929816 0.045692239
vn -0.573258638 0.6315189 0.522071242
vn -0.256152987 0.385498315 0.886440516
vn -0.11986313 0.647819221 0.75230521
vn 0.0862250552 0.365596324 0.926771045
vn -0.878453791 -0.172797561 0.445488423
vn -0.894766986 -0.232735813 0.381085277
vn -0.870320618 -0.125042528 0.476346999
vn -0.502202749 0.255532801 0.826132834
vn -0.905427277 -0.0875678509 0.415371299
vn -0.958117902 0.019869823 0.285683721
vn -0.658573091 0.353550196 0.664291859
vn -0.998370826 0.0569887273 -0.00281706546
vn -0.972924232 0.22847046 0.0349241272
vn -0.731665254 -0.291444659 0.616219103
vn -0.889946938 0.332409382 0.312247276
vn -0.87318182 0.465459406 0.144571856
vn -0.937955916 0.332966059 -0.096810393
vn -0.887121141 0.460365355 -0.0328592435
vn -0.961776197 0.234510556 0.141390517
vn -0.990595341 -0.0339144096 0.132554382
vn -0.992173314 -0.122005276 -0.0265888292
vn -0.852575779 -0.419498354 0.311666012
vn -0.129532263 0.561191142 0.817487597
vn -0.0277039185 0.483773738 0.874754488
vn -0.0232071411 0.488923162 0.872018039
vn -0.723604858 0.0531009771 0.688168705
vn -0.845495343 0.19775413 0.496015161
vn -0.661542118 0.012814736 0.749798477
vn -0.672431409 -0.466166407 0.574913025
vn -0.837956727 0.0591768362 0.542518735
vn -0.022560779 0.460483104 0.887381673
vn -0.725677609 0.556190073 0.405024141
vn -0.93736124 -0.279199094 0.208330765
vn -0.875140727 -0.287895828 0.38890186
vn -0.92003274 -0.104484983 0.377654105
vn -0.962777257 -0.187885091 0.194316745
vn -0.939395666 -0.171095967 0.297088861
vn -0.93791306 -0.0860257596 0.336033911
vn -0.981158495 0.181763634 0.0654984936
vn -0.554549038 0.687515318 0.468826294
vn -0.821953714 0.516254187 0.240569606
vn -0.781229675 0.581582606 -0.226808161
vn -0.388022184 0.66329515 0.639904916
vn -0.531908989 0.446694195 0.719400585
vn -0.900863469 -0.276916713 0.334308535
vn -0.89153105 -0.316740811 0.323802054
vn -0.12436495 0.550755084 0.825349748
vn -0.26753521 0.681999385 0.680662692
vn -0.274034739 0.656816244 0.702493787
vn -0.169819877 0.323667705 0.930806339
vn -0.159205392 0.297816873 0.941253781
vn -0.54112196 0.237354755 0.806752622
vn -0.830593467 0.35339576 0.430378824
vn -0.964572132 -0.0927166939 0.246990472
vn -0.997478426 -0.0235548727 0.0669479519
vn -0.358502001 0.9328866 0.0346230567
vn -0.271486193 0.959522903 -0.0749061629
vn -0.130474374 0.623681962 0.770712197
vn 0.0575583316 0.447853148 0.892252445
vn -0.310763657 0.371906817 0.874706328
vn -0.188395217 0.291648418 0.937789083
vn -0.010782565 0.459571093 0.888075531
vn 0.413447648 0.79488641 0.444090694
vn -0.0296811797 0.718986988 0.694389462
vn -0.148425683 0.771140039 0.619122684
vn -0.0320327058 0.498441845 0.8663311
vn -0.288092941 0.783608973 0.550417483
vn -0.0889149681 0.678144515 0.729530096
vn -0.458906472 0.830245614 0.316381276
vn -0.0174347237 0.620133281 0.784302711
vn -0.0763473585 0.489099115 0.868880451
vn 0.261293828 0.911522269 0.31757316
vn -0.339152306 0.857804716 0.386195242
vn -0.421352834 0.7171489 0.555121005
vn -0.586188316 0.810167909 0.00334662455
vn -0.307581335 0.731400669 0.608643413
vn -0.559135914 0.780913413 0.278462321
vn -0.50228858 0.719656825 0.479374707
vn -0.738913059 0.0315239653 0.67306298
vn -0.298538148 0.823231101 0.482872188
vn -0.530443847 0.84745276 -0.0212881099
vn -0.730410337 0.682831764 -0.0155431023
vn -0.583453059 0.811336875 0.0362627245
vn -0.806988001 0.580087841 -0.110763244
vn -0.477811486 0.797828615 -0.36764878
vn -0.372054398 0.919773757 0.124867097
vn -0.416066021 0.786206305 0.456912279
vn -0.456357032 0.370635986 0.808929682
vn 0.786903501 0.596456409 0.158185318
vn -0.52420032 0.845712483 0.0999217629
vn 0.500467539 0.781422436 0.372707933
vn -0.550748825 0.794510722 -0.255789667
vn -0.660709262 0.734852433 -0.153150752
vn -0.524286747 0.828476489 -0.196850538
vn -0.496865422 0.867381871 0.0278096106
vn -0.540985167 0.792777538 -0.28078258
vn -0.538245261 0.68741554 -0.487598091
vn -0.815865219 0.222569957 0.533691406
vn -0.504769802 0.808658719 -0.302123249
vn -0.651888072 0.0383886173 0.757342935
vn -0.713596702 0.0588254482 0.698082626
vn 0.837246656 0.487515569 -0.247682586
vn 0.602462351 0.772760332 -0.199701369
vn 0.663555324 0.559911251 -0.496179253
vn -0.16704832 0.828675985 0.534219921
vn -0.782840669 0.0778973028 0.617326915
vn -0.234934062 0.289577127 0.927874506
vn 0.380945116 0.510191858 0.771093488
vn -0.587480128 0.243614554 0.771698833
vn -0.752955854 0.129767761 0.645149469
vn -0.438732803 -0.0198451765 0.898398399
vn -0.888335466 -0.186517835 0.419608325
vn -0.562265933 0.210265145 0.799778402
vn -0.711406529 0.272316962 0.64787662
vn -0.613761485 0.433400899 0.659894228
vn 0.0224801544 0.21036844 0.977363706
vn 0.212095335 0.0783498213 0.974103153
vn 0.555297017 0.122345708 0.822603703
vn -0.719070435 -0.664142966 0.204577088
vn -0.969443381 0.101048127 0.223536968
vn -0.894441843 -0.0443157703 0.444983125
vn -0.589157641 0.180471033 0.78760612
vn -0.484129161 0.200426847 0.851732433
vn -0.462383419 0.364791363 0.808163822
vn -0.906061769 0.269956797 0.325845718
vn -0.532744944 0.766940832 0.357749403
vn -0.478799552 0.860013068 0.17643252
vn -0.0683942214 0.554199457 0.829569221
vn -0.969999492 0.0717780218 0.232269153
vn -0.883939207 0.373681307 0.281093985
vn -0.321478754 0.332775593 0.88651675
vn -0.292025149 0.491739631 0.820313036
vn -0.287335545 0.471346408 0.833828986
vn -0.3191517 0.484577566 0.814448774
vn -0.0217491072 0.587886333 0.80865103
vn 0.0840552822 0.558130801 0.825484574
vn -0.0308432691 0.393279672 0.918901443
vn -0.400720716 0.669762492 0.625172794
vn -0.0999120101 0.944969356 0.311529398
vn -0.130009905 0.448416889 0.884318769
vn -0.132622436 0.833683848 0.536080718
vn -0.432621598 0.223885715 0.873334825
vn -0.794653237 0.0732028186 0.602633893
vn -0.781861186 -0.161393255 0.602200508
vn -0.247138038 0.967932224 -0.0450548865
vn -0.215919182 0.97602433 -0.0274855569
vn -0.168864623 0.984866798 0.0390137509
vn -0.183051482 0.918625534 0.350170523
vn -0.12860924 0.867802799 0.479977071
vn -0.28541702 0.563570499 0.77519381
vn 0.000634176482 0.69228822 0.721620858
vn -0.18603164 0.740247786 0.646084666
vn -0.167991772 0.644959688 0.74552381
vn -0.649592817 0.559033275 0.515277505
vn -0.156440213 0.693750322 0.703019857
vn 0.283092111 0.417323172 0.863539398
vn 0.285815477 0.416890919 0.862850785
vn -0.78930068 0.607600749 -0.0884633809
vn -0.713279247 0.263727456 0.649369419
vn -0.879879653 -0.00881684758 0.475114882
vn -0.509128213 0.177709758 0.842144728
vn -0.0536178686 0.463132113 0.884665906
vn -0.909203231 0.0264336895 0.415512711
vn -0.364241689 0.228987649 0.902714014
vn -0.600923896 0.21244742 0.770556033
vn -0.355527967 0.268159449 0.895371616
vn -0.632575512 0.0933228284 0.768855631
vn -0.893631876 -0.227641419 0.38678357
vn -0.989729881 -0.0928078517 0.10872671
vn -0.12955974 0.0975883901 0.986757696
vn -0.352944821 0.0723335668 0.932843864
vn -0.210200682 0.0336207598 0.977079988
vn -0.421263903 -0.0347133689 0.906273603
vn 0.0260703731 0.650228262 0.75929147
vn -0.783991277 -0.21159108 0.583598256
vn -0.147019863 0.775255799 0.614299297
vn -0.203000367 0.0752123967 0.976285815
vn -0.34157601 0.00695706764 0.939828455
vn 0.0881232694 0.345488608 0.934276164
vn 0.00390241947 0.286174417 0.95816958
vn -0.256110162 0.00685242796 0.966623247
vn -0.106241688 0.129491255 0.985872507
vn -0.0261926446 -0.0685316697 0.997305036
vn -0.000421749166 -0.0819573402 0.996635735
vn -0.282317519 0.00868339092 0.959281743
vn 0.520976007 -0.370663851 0.768890321
vn -0.269150198 0.79473114 0.54402256
vn -0.306930333 0.196648628 0.931194425
vn -0.923987985 -0.126668647 0.360834062
vn -0.582384467 0.388394356 0.714127541
vn -0.201737702 0.331335664 0.921693265
vn 0.0284859389 0.352610797 0.935336351
vn -0.580015957 0.145683423 0.801472306
vn -0.210174665 0.560638428 0.800943851
vn -0.26799944 0.224028826 0.937009752
vn -0.354000866 0.477060288 0.804423332
vn -0.27086401 0.399334103 0.875879526
vn 0.451020896 0.26906684 0.85098964
vn 0.389145941 0.525936604 0.756277859
vn 0.458499491 0.227778733 0.859008133
vn 0.303369194 0.529316664 0.79233259
vn 0.452727973 -0.453345954 0.767798722
vn -0.106425337 0.49478516 0.862473845
vn -0.542194247 0.703225315 0.459890813
vn -0.334334165 0.468015105 0.818035841
vn -0.606671631 0.377223939 0.699751139
vn -0.928176939 0.251379341 0.274401218
vn -0.667431653 0.548088491 0.504117131
vn -0.900066614 0.300552309 -0.315512925
vn -0.911629617 -0.0431271233 -0.408743769
vn -0.817263365 -0.575288117 -0.03352689
vn -0.821750641 0.306222767 -0.480576128
vn -0.847608268 0.263150245 -0.460773408
vn -0.14410603 0.306025118 0.941053689
vn 0.160266921 0.403127134 0.901001155
vn -0.373652786 0.614486217 0.694831133
vn -0.243703693 0.91054076 0.333952248
vn 0.324217886 0.545440555 0.772901893
vn -0.525913894 0.731533885 -0.433904022
vn -0.448172957 0.856890023 -0.254716605
vn -0.503339767 0.811062038 -0.298039287
vn -0.606538594 0.72886169 -0.317602664
vn -0.386571527 0.831947625 -0.398026973
vn -0.823961437 0.475839198 0.307676256
vn -0.59493351 0.655836582 -0.46468538
vn -0.229046851 0.55710727 0.798228741
vn -0.173224762 0.385463268 0.906317353
vn -0.136350766 0.694790781 0.706168652
vn -0.199359387 0.702814043 0.682867587
vn -0.369992048 0.897424579 -0.240280986
vn 0.0485462993 0.688815594 -0.723309278
vn -0.576617122 0.808212101 -0.119607374
vn -0.568178296 0.675104022 -0.470540226
vn -0.482990444 0.603360832 -0.63456738
vn -0.387457937 0.678847492 -0.623732746
vn -0.446682841 0.867312908 -0.219642118
vn -0.556722522 0.792144179 -0.250135332
vn -0.582257926 0.775272012 -0.244804084
vn -0.519388676 0.824109972 -0.226004675
vn -0.509821355 0.82925415 0.228953645
vn -0.367787033 0.788212299 0.493410647
vn -0.48444435 0.859707057 0.161918178
vn -0.562289715 0.790351868 -0.243257388
vn -0.517787099 0.832318664 -0.197843269
vn -0.600747049 0.748677492 -0.280330181
vn -0.537448525 0.705630302 -0.461773753
vn -0.487488091 0.785002291 -0.382265478
vn -0.484677821 0.768280268 -0.418130219
vn -0.667563438 0.682705522 -0.297106504
vn -0.58730042 0.728059888 -0.353563309
vn -0.502463281 0.817135215 -0.28252539
vn -0.674170256 0.71150142 -0.198142052
vn -0.491325974 0.807441294 -0.326553673
vn -0.583430946 0.740183353 -0.334270924
vn -0.607803583 0.717718482 -0.339786857
vn -0.626544297 0.760318518 -0.171341673
vn -0.606569827 0.784090877 -0.131432459
vn -0.4731884 0.802845478 -0.362673223
vn -0.62465173 0.760924637 -0.175510749
vn -0.822993457 0.556065559 0.116072662
vn -0.529504895 0.80589503 -0.264873296
vn 0.413384736 0.827217877 -0.38055712
vn -0.55078423 0.785206079 -0.282998383
vn -0.540738463 0.807345569 -0.23620975
vn -0.765163124 0.612474978 -0.198494062
vn -0.496808618 0.800492167 -0.335251451
vn -0.752423704 0.64524734 -0.132341981
vn -0.822988093 0.567585588 -0.023179356
vn -0.845444202 0.443343133 -0.297776818
vn -0.904706597 0.303942591 -0.298537791
vn -0.96322763 -0.168251708 -0.209484488
vn -0.911135733 0.412066966 0.00569732999
vn -0.942109525 0.332753628 -0.0412882492
vn -0.931651652 0.361421615 0.0374113284
vn -0.899008393 0.41838634 0.129370227
vn -0.809350371 0.541834533 0.226643771
vn -0.995656252 0.0378363244 0.0850712061
vn -0.988117158 -0.093074277 0.122318201
vn -0.902278841 -0.247408852 -0.353103012
vn -0.622899652 -0.419593662 -0.660255432
vn 0.236001134 0.373620749 0.897056818
vn 0.219642982 0.38008076 0.89849627
vn 0.0671464205 0.560024917 0.825750172
vn 0.277965486 0.719316185 0.636646986
vn 0.20103097 0.727208495 0.656318843
vn 0.0959803686 0.567077994 0.818052709
vn 0.334303766 0.696319163 0.635122478
vn 0.0744750574 0.617613494 0.782947779
vn -0.145660877 0.796549082 0.586764455
vn -0.206794038 0.81949544 0.534474969
vn 0.173436001 0.781051338 0.599898994
vn 0.04296498 0.645398617 0.762636662
vn 0.219058901 0.68019563 0.699533463
vn 0.148387775 0.660850346 0.735702336
vn 0.287139356 0.955030084 -0.0739494115
vn -0.116351575 0.987958789 -0.101978891
vn 0.435652643 0.890314221 -0.132466361
vn 0.160751238 0.945070267 -0.284607261
vn -0.558153927 0.806493223 -0.195020005
vn -0.392820597 0.732671499 0.555773735
vn 0.418894172 0.664779365 0.618543446
vn -0.761414468 0.293380618 0.578079402
vn 0.043809738 0.482662946 0.874709725
vn -0.268659294 0.853677511 0.446157962
vn -0.398124903 0.896066308 0.196371436
vn -0.0411056392 0.785071671 0.618039489
vn 0.0746340156 0.537564874 0.839912951
vn 0.088631779 0.532025278 0.842076957
vn 0.310674131 0.591072977 0.744388521
vn 0.184233367 0.495259583 0.848985314
vn -0.370019317 0.444211304 0.815942466
vn 0.251472771 0.547053039 0.798432589
vn -0.847928286 -0.0457243286 0.52813524
vn -0.87479037 -0.134182438 0.465550214
vn -0.942576349 -0.068775624 0.32683295
vn -0.803381383 -0.232644469 0.548137724
vn -0.782054305 -0.15363501 0.60397619
vn -0.0665723458 0.451246113 0.889912963
vn -0.0844502375 0.516568542 0.852071047
vn 0.490263581 0.48128584 0.726639926
vn 0.374022275 0.59038347 0.715230465
vn 0.318444371 0.557540655 0.766643107
vn 0.841325402 0.41530627 0.345965952
vn -0.597559273 0.38857165 0.701380789
vn -0.105468884 0.325782865 0.939543486
vn -0.411466271 -0.061465472 0.909350097
vn -0.0980783552 0.24199 0.965309024
vn -0.403194994 0.0293105822 0.91464448
vn -0.94443661 -0.0147671346 0.328361839
vn 0.142412543 0.472124755 0.869952261
vn 0.383679926 0.468624592 0.795726538
vn -0.317430615 0.292066455 0.902183414
vn -0.972208321 -0.000796152744 0.234115884
vn -0.983077705 0.10535045 -0.149865106
vn -0.961253107 -0.0469923615 -0.271632344
vn 0.0586299375 0.498174727 0.865092099
vn -0.142563149 0.155050531 0.977565885
vn 0.201382145 0.335493773 0.920265734
vn -0.641471267 -0.125585333 0.756797791
vn -0.891505897 -0.0791878402 0.446034163
vn -0.945714772 -0.0940717459 0.311085284
vn -0.948626876 0.0126452483 0.316144258
vn 0.267300844 0.331871152 0.904661119
vn -0.0892634019 0.0947310477 0.991492927
vn -0.402073085 -0.0819912329 0.911929011
vn -0.136838108 0.412040263 0.900831938
vn 0.319155335 0.426869631 0.846121907
vn 0.486775398 0.48408094 0.727128088
vn 0.0437354892 0.0609414503 0.997182727
vn 0.262327492 0.296698749 0.918234229
vn 0.0869723707 0.170467615 0.981517494
vn -0.00248337211 -0.181895748 0.983314753
vn 0.128405362 0.236461192 0.963118911
vn -0.534691393 -0.131915152 0.834687591
vn -0.169994831 0.518446028 0.838042617
vn 0.372550398 0.497393698 0.783457577
vn 0.419303626 0.686598241 0.593942285
vn 0.135993645 0.517265022 0.844951272
vn 0.10365127 0.517882228 0.849149287
vn 0.319135606 0.45553866 0.831045747
vn 0.336553037 0.309533328 0.88933748
vn -0.0617775396 0.643040836 0.763336003
vn 0.0706228912 0.455395609 0.887483656
vn 0.252402276 0.519212008 0.816524386
vn 0.424630553 0.432155788 0.795569181
vn 0.361596912 0.601636231 0.712236941
vn 0.382288545 0.608974636 0.694985807
vn 0.300124943 0.686258554 0.662551284
vn 0.256296694 0.660432041 0.705791473
vn 0.30675748 0.502476335 0.808342338
vn 0.300604254 0.518116891 0.800744653
vn 0.266911596 0.634096682 0.725726962
vn 0.409371823 0.214554131 0.886781394
vn -0.323815137 0.38006559 0.866425991
vn 0.00200330419 0.550503194 0.834830761
vn -0.11827226 0.377003014 0.918629646
vn -0.79947859 -0.188932642 0.570209265
vn -0.911938727 -0.109436765 0.395463616
vn 0.0270872563 0.484772682 0.87422055
vn 0.109042265 0.749970973 0.652421176
vn 0.107664563 0.789276421 0.604525506
vn 0.239247203 0.346956283 0.906852841
vn 0.365049273 0.244871646 0.898207605
vn 0.437438667 0.283818394 0.853284538
vn -0.279987484 0.901613951 0.329695761
vn -0.401243657 0.910612881 0.0989322886
vn -0.436602235 0.859393716 0.266121984
vn -0.541425049 0.727902055 0.420734584
vn -0.160792306 0.902989864 0.398440897
vn 0.113862745 0.855176091 0.505676925
vn 0.0853899494 0.98546648 0.146848276
vn 0.0519839115 0.993590474 0.100378186
vn -0.19915159 0.942716897 -0.267625421
vn 0.362096757 0.621243119 0.694940925
vn 0.279129595 0.643331826 0.712889075
vn 0.153304845 0.911863089 0.380792946
vn 0.11631202 0.969962478 0.21364522
vn 0.375891894 0.919297397 0.116608456
vn 0.301043987 0.887006462 0.350131512
vn 0.0635128841 0.653336763 0.754398584
vn -0.211039022 0.975549221 0.0613709912
vn -0.470009416 0.710453033 -0.523782074
vn -0.366705984 0.350283325 -0.861874938
vn 0.259795994 0.882524133 0.391991287
vn 0.162497073 0.936135888 0.311840028
vn 0.201363966 0.933787882 0.295791715
vn 0.0547724217 0.865273356 0.498299092
vn 0.572832346 0.787407279 0.227712184
vn 0.761450946 0.648181856 0.00726403994
vn 0.183321342 0.87317729 0.451613367
vn 0.0411605202 0.803982675 0.593226552
vn 0.165233746 0.785409153 0.596515059
vn 0.157313898 0.922184527 0.353310138
vn 0.197390884 0.634008467 0.74770987
vn 0.0534424596 0.538725138 0.840784848
vn 0.232674673 0.792243838 0.564103067
vn 0.0485468842 0.678627253 0.732876718
vn 0.555777609 0.738948762 0.380875289
vn 0.618105471 0.470398873 0.629817724
vn -0.0255643856 0.945337355 0.32509017
vn 0.420500427 0.590921581 0.688470066
vn 0.059047468 0.962203801 0.265852064
vn 0.146025285 0.934248507 0.325355709
vn 0.581861436 0.732988596 0.35237053
vn 0.203957111 0.956438005 0.208872572
vn 0.0144983912 0.972227037 0.233590126
vn 0.122563057 0.900623083 0.416960955
vn -0.358918995 0.895518661 0.263103455
vn -0.148534715 0.972917199 0.177114323
vn 0.450039268 0.834470153 0.318000495
vn -0.457941741 0.866829932 0.197218701
vn -0.303586572 0.951875448 0.0420513675
vn -0.0430434719 0.928448975 0.368957818
vn 0.291299373 0.937209606 0.191788644
vn -0.10818515 0.899598539 -0.423105687
vn 0.865201771 0.269001305 0.423159778
vn -0.0693202317 0.843088567 -0.53328836
vn 0.863361418 0.0896917507 0.49655059
vn 0.903901398 -0.105545171 0.414514899
vn 0.843854308 -0.111502305 0.52485913
vn -0.362710983 0.870149732 0.333586693
vn -0.802627444 0.565405369 0.190015733
vn 0.179066554 0.601014376 0.778920412
vn -0.124212354 0.801026344 0.585600615
vn 0.125350207 0.799592853 0.587314606
vn 0.413397014 0.621230423 0.665714383
vn -0.270508826 0.926993728 0.25982216
vn -0.178995639 0.942885697 0.280939639
vn 0.528947651 0.674976528 0.514413416
vn 0.409951329 0.908952117 -0.0758030191
vn -0.378030151 0.898617446 -0.222665608
vn -0.349265695 0.905548751 -0.240821451
vn 0.895721495 0.418646008 0.149728522
vn 0.636910617 0.742443502 -0.207659394
vn 0.800227404 0.482598841 -0.355997682
vn 0.871272564 0.329799205 0.363478333
vn 0.868988991 0.455693305 0.192877665
vn 0.771386683 0.582774639 -0.255609512
vn 0.846262574 0.467320979 -0.255833417
vn 0.764165223 0.470810592 -0.440895557
vn 0.659330428 0.496166825 -0.564890921
vn 0.836632192 0.49264878 -0.239465535
vn 0.86323005 0.434184045 -0.257523
vn 0.233138859 0.969492555 0.0757000893
vn 0.0453124568 0.997912347 -0.0460193977
vn 0.331219465 0.919959366 -0.209686294
vn 0.00935185887 0.997984171 -0.0627709925
vn 0.145001024 0.988596141 -0.0406486578
vn -0.0484188385 0.992756784 -0.109952532
vn 0.0686591938 0.88357842 0.463222593
vn 0.189265922 0.585587502 0.788204014
vn -0.0501268841 0.63969171 0.766995311
vn -0.0671503842 0.962779343 -0.261814296
vn -0.0336182788 0.82184571 -0.568717301
vn 0.175223723 0.984528601 -0.000273797574
vn 0.294176042 0.951927602 -0.0854063258
vn 0.16614455 0.985692024 0.0284123253
vn 0.0859608203 0.995096624 -0.0489221253
vn 0.297762871 0.890374005 -0.344341964
vn 0.163629815 0.982922554 0.0841939226
vn 0.11841815 0.992884934 0.0125097036
vn 0.0280874819 0.998003662 0.056566041
vn 0.0263951775 0.998655677 -0.0446112677
vn 0.028984569 0.98683238 0.15912801
vn 0.352431446 0.934728742 0.0455441028
vn 0.631535113 0.766571522 0.116325386
vn 0.214463443 0.936300337 0.278113455
vn 0.205095306 0.959702611 0.192111254
vn -0.201416433 0.682981849 0.70211637
vn 0.342542768 0.897777557 0.276875526
vn 0.418215454 0.895762622 0.150682941
vn -0.0957066715 0.942525923 0.320132881
vn -0.0642431378 0.954912484 0.289853424
vn 0.744926333 0.663642645 0.068287313
vn -0.378010035 0.859175563 -0.344856054
vn 0.309642315 0.885565341 0.346259624
vn -0.160273328 0.8166067 0.55449599
vn 0.0175118558 0.996627748 0.0801647529
vn 0.432240129 0.873938143 0.222262576
vn -0.536790669 0.660079598 0.525500536
vn 0.488314062 0.871910214 0.0363580026
vn 0.474897742 0.875533223 0.0889596865
vn 0.240062788 0.723878682 -0.646814883
vn 0.447884113 0.877985477 -0.168941379
vn -0.569701195 0.800034821 0.188108549
vn -0.276497215 0.687505305 -0.671480298
vn -0.121655844 0.948327601 0.293043673
vn -0.187180802 0.733297944 -0.653634131
vn 0.120297223 0.431653827 -0.893981814
vn 0.103183694 0.858260334 -0.50273478
vn -0.761263132 -0.311245352 -0.568862677
vn -0.27472505 0.924043894 0.265836686
vn -0.762764633 -0.427561343 -0.485161215
vn -0.773138225 -0.56184876 -0.29425025
vn -0.741167963 -0.370476574 -0.559836745
vn 0.260568053 0.95474267 -0.143424958
vn 0.441096574 0.849175215 -0.290405363
vn 0.437066317 0.877618909 -0.19687058
vn 0.0575118586 0.994871914 0.0832001641
vn -0.193087876 0.969866157 -0.148582563
vn -0.566174328 0.529951572 0.631346107
vn -0.457106084 0.519495726 0.72192663
vn -0.484627038 0.53239584 0.694039762
vn -0.605368197 0.53038007 0.593486607
vn 0.0582331568 0.986737669 0.151518077
vn 0.0897459835 0.859008491 0.504033744
vn 0.0355118476 0.993586481 -0.107353747
vn -0.0550263114 0.804965913 0.590763807
vn 0.0505830608 0.644365311 0.763042986
vn 0.0756364986 0.981785834 0.174286589
vn -0.161162153 0.986823678 -0.0143438568
vn 0.032122165 0.924953341 0.378720999
vn 0.251639247 0.840513945 0.479806155
vn 0.164960518 0.798271358 0.579267681
vn 0.2702865 0.859629095 0.433570117
vn 0.242916301 0.884266019 0.398829848
vn 0.0576781705 0.991951108 -0.112722479
vn 0.21194607 0.970754147 0.112761378
vn 0.0396774001 0.991045415 -0.127493709
vn 0.235969126 0.932794333 -0.27242136
vn 0.319424659 0.790031791 -0.523275793
vn 0.418152392 0.767315507 -0.486184508
vn 0.26507476 0.486961424 -0.832228303
vn 0.125206977 0.391516626 -0.911612809
vn 0.326866299 0.934951484 -0.137928158
vn 0.211090758 0.975339711 0.0644446388
vn 0.482951701 0.874862075 -0.0370678976
vn 0.327879578 0.941987216 0.0717997625
vn 0.0218771715 0.973051071 -0.229549855
vn 0.435447395 0.890985191 0.128572553
vn 0.610947907 0.783831716 0.111132473
vn 0.544693291 0.837520421 -0.0432286151
vn 0.263846159 0.956674814 0.123119332
vn 0.526689351 0.821131885 -0.219865084
vn -0.56144762 0.80097878 -0.207869291
vn -0.771770835 0.539238811 -0.337033033
vn 0.658509076 0.744777381 -0.10803926
vn 0.506599307 0.577237189 -0.640432894
vn 0.276040912 0.457424968 -0.845318675
vn 0.349133909 0.920352399 0.17622979
vn 0.221110627 0.974650025 0.0341662094
vn 0.370228738 0.911450267 0.179413602
vn 0.345112056 0.93484813 -0.0834072754
vn 0.461610913 0.875089526 -0.145374566
vn 0.440260679 0.897763491 -0.0138275949
vn 0.588117301 0.79288137 -0.159552932
vn 0.295220912 0.953051329 -0.0673631206
vn 0.503432155 0.84144938 -0.196262613
vn 0.423702508 0.885959923 -0.188550264
vn 0.339321047 0.874692678 -0.346083641
vn 0.0840945765 0.996372581 -0.0130331656
vn 0.224671647 0.974353552 -0.0125594866
vn 0.606309295 0.732998371 -0.308386773
vn 0.817159832 0.546121478 -0.184393987
vn -0.0321404561 0.999320865 -0.0180220753
vn -0.206081584 0.957150996 -0.203451321
vn -0.572719395 0.81922698 -0.0293222275
vn 0.0174102765 0.999740899 0.0146641918
vn 0.0250026472 0.999531388 -0.0176619049
vn 0.337278247 0.937203944 0.08883816
vn 0.824784279 0.551104724 0.126548588
vn 0.115125492 0.965322137 -0.23430568
vn 0.167369187 0.976813078 -0.133505538
vn 0.296871603 0.954554975 -0.0263070129
vn 0.960172653 0.271372318 -0.0665240288
vn 0.919285893 0.338766545 0.200376064
vn -0.53331989 0.826219738 -0.181468889
vn -0.590257168 0.612381935 0.525913298
vn 0.0967781097 0.949284494 0.299153358
vn 0.636659682 0.449516743 0.626577377
vn 0.67393434 0.737664104 -0.0407930389
vn 0.377077013 0.912159085 -0.160557389
vn 0.0613503419 0.985400259 -0.158815667
vn 0.882978201 0.468045264 -0.035821069
vn 0.779274881 0.624007463 -0.0578397177
vn 0.94226265 0.152751237 -0.29800725
vn 0.12513645 0.977075219 -0.172234848
vn -0.540837705 0.755176127 -0.370410144
vn 0.444876075 0.885710239 -0.132674932
vn 0.47988236 0.866156697 -0.139590353
vn 0.5801754 -0.212967783 -0.786155939
vn 0.794677436 -0.0385832004 -0.605804443
vn 0.692738473 -0.384146869 -0.610364258
vn 0.0409763306 -0.433725417 -0.900112867
vn 0.817556441 -0.167397901 -0.550980508
vn 0.774547696 -0.28199476 -0.56617552
vn 0.94432795 -0.159371212 -0.287829071
vn 0.941280067 0.32205832 -0.101341955
vn 0.955557942 0.294780672 0.00366489543
vn 0.961319566 0.223225862 0.161353618
vn 0.958738685 0.0326424912 0.282408476
vn 0.871347845 0.352539539 0.341275185
vn 0.904951274 0.311305583 0.290089488
vn 0.756312549 -0.231332928 -0.611944795
vn 0.900554061 0.0821973458 -0.426902801
vn 0.762299478 0.00410604896 -0.647211432
vn 0.710845649 -0.163539127 -0.684071243
vn 0.00409930944 -0.433117568 -0.901328146
vn 0.457858086 0.307774544 -0.834050834
vn 0.240847155 0.456132352 -0.856700659
vn 0.36607489 0.25156647 -0.895937204
vn 0.0825795978 0.67800808 -0.73040098
vn 0.167622939 0.754651904 -0.634352505
vn 0.956557751 0.28960079 0.0335931294
vn 0.997375011 0.0574428923 0.0440856777
vn 0.943664134 0.185448602 -0.274056107
vn 0.605952382 0.0862998366 -0.790805876
vn 0.754272163 0.391196609 0.527293622
vn 0.912265599 0.36307621 -0.189596966
vn 0.656255245 0.202017158 -0.726992548
vn 0.684982538 0.476035535 -0.551533341
vn 0.639286757 0.0171764027 -0.768776596
vn 0.328296989 -0.116708666 -0.937336743
vn 0.227989733 -0.560938835 -0.795844376
vn 0.0872054771 -0.733052254 -0.674558818
vn -0.000711267174 -0.587534547 -0.809198797
vn 0.758231521 0.447615355 -0.474052191
vn 0.0414772816 0.543376386 -0.838463843
vn 0.925386667 0.37888059 0.0104425326
vn 0.911706507 0.409864366 0.0283263978
vn 0.936153352 0.339037865 -0.0931145772
vn 0.950874388 0.281662256 -0.128468871
vn 0.930037081 0.362538189 -0.0599751174
vn 0.938665092 0.341259211 -0.0494968593
vn 0.938059449 0.346328557 -0.010045005
vn 0.854439557 -0.108763836 -0.508038819
vn 0.885798275 0.0979462862 -0.453616589
vn 0.714537621 -0.177141905 -0.67679894
vn 0.775458395 0.205858901 -0.596897364
vn 0.515063524 -0.392046571 -0.762239575
vn 0.709433913 0.397586346 -0.581918001
vn 0.975162506 0.144640952 -0.167740911
vn 0.989409447 0.133956164 0.055898983
vn 0.987215161 0.11961744 -0.105346039
vn 0.76850754 -0.0447423607 -0.638274491
vn 0.942908585 -0.13655749 -0.303768933
vn 0.830381989 0.140664935 -0.539146543
vn 0.966348231 0.164036021 -0.198149651
vn 0.954487383 0.138676703 -0.264050394
vn 0.982772708 0.172116444 0.0673320442
vn 0.944989979 0.295529276 0.140201703
vn 0.934513807 0.296420008 0.197025478
vn 0.920485675 0.319501638 0.224999264
vn 0.992520809 0.103407353 -0.0648794249
vn 0.996500611 0.082238622 0.0149424784
vn 0.999269307 -0.0266170036 0.0274319071
vn 0.983455956 0.180304334 -0.0174559839
vn -0.538574517 -0.0127472291 0.842481434
vn 0.17032145 0.0998457 0.980316997
vn -0.0434373096 0.0130566545 0.998970866
vn -0.228622273 -0.156151265 0.96091032
vn -0.275649846 -0.342439324 0.898193955
vn -0.622720063 -0.343603492 0.702962577
vn -0.641725123 -0.40894264 0.648810267
vn -0.664445758 -0.463121921 0.58654058
vn 0.297772467 0.569481254 0.766174018
vn 0.65548408 -0.40567264 0.637001038
vn 0.367578447 -0.535970926 0.760013998
vn 0.262454122 -0.119560257 0.957508862
vn -0.0286036208 -0.420820057 0.906693041
vn -0.000154874651 0.089954637 0.995945871
vn 0.0162253734 0.308878243 0.950963199
vn 0.125596464 0.431012958 0.893562198
vn 0.808707237 -0.537893951 0.23803924
vn 0.621249735 -0.680989027 0.387688905
vn 0.457828194 -0.835656285 0.303433418
vn 0.441751689 -0.891819 0.0975413844
vn 0.760449409 -0.614255011 0.210730597
vn 0.671644688 -0.296025127 0.679163098
vn 0.693304837 0.210339949 0.689264476
vn 0.905702055 -0.29427135 0.305136263
vn 0.944127858 -0.328884453 0.0213912856
vn -0.0305828881 0.16033642 0.986588538
vn 0.285269499 0.498899251 0.81836468
vn 0.258372962 0.644021928 0.720054984
vn 0.257239014 0.266789347 0.92879039
vn 0.25235042 0.353158683 0.90088743
vn 0.243372545 0.622751415 0.743606389
vn 0.344067335 0.874590099 0.341628194
vn -0.0691708475 -0.0532292835 0.996183693
vn -0.13694939 -0.590524316 0.795315087
vn -0.179515675 -0.379257321 0.907710254
vn -0.144970983 0.0920186862 0.985147655
vn -0.3423585 -0.416422158 0.842248976
vn -0.511161149 -0.652794242 0.559083164
vn -0.367168337 -0.756138206 0.541703284
vn -0.0189156141 -0.961972058 0.27249217
vn 0.2011801 0.294291735 0.934301376
vn 0.165791631 0.421828747 0.891388655
vn -0.129884064 0.281415641 0.950755179
vn -0.638793588 0.282803148 0.715517402
vn -0.586423874 0.366425395 0.722384572
vn 0.589313686 0.53881222 0.601989031
vn 0.477370352 0.449186295 0.755214632
vn 0.0790807828 0.45898065 0.884919822
vn 0.374836743 0.518629193 0.768453777
vn 0.496237785 0.558028221 0.665095985
vn 0.762104988 0.501797616 0.409139574
vn 0.169294864 0.406448722 0.897852182
vn -0.146967396 0.0952990204 0.984539807
vn -0.297882974 -0.30013752 0.906191587
vn 0.813845813 -0.310171783 0.491374105
vn 0.536264956 -0.797543108 0.276305795
vn 0.536535442 -0.79048872 0.295393437
vn 0.532198548 -0.794050992 0.293679774
vn 0.951824248 0.0700085461 -0.29854542
vn 0.983071625 -0.117980443 -0.14018181
vn 0.936905503 0.0780913383 0.340748787
vn 0.828342319 -0.263376564 0.494450837
vn 0.738667071 0.357959777 0.571170568
vn 0.385331452 0.684515536 0.618836164
vn 0.797090948 0.167888746 0.580051363
vn 0.321255028 0.440100282 0.838514686
vn 0.285064846 0.944565654 0.16289188
vn 0.724191248 -0.158816025 0.671062171
vn 0.866387129 0.150305122 0.476215988
vn 0.863838315 0.3851448 -0.324725747
vn 0.543910265 0.794130206 0.271143556
vn 0.759980083 -0.0458009243 0.64833051
vn 0.156654805 0.842739344 0.515023828
vn 0.860904634 -0.264892191 0.434367776
vn 0.869431853 -0.384737074 0.309944749
vn 0.854759395 0.517426372 -0.040696919
vn 0.87719053 -0.173619866 0.447652638
vn 0.92256546 -0.225195527 0.313304752
vn 0.752934515 -0.524091005 0.398017943
vn 0.862857103 -0.276100188 0.423374921
vn 0.970761359 0.206602886 0.122219563
vn 0.836536705 -0.350851268 0.420844048
vn 0.823375762 0.305286288 0.478385508
vn 0.868801355 0.448923111 0.208931059
vn 0.635169864 0.550812006 -0.541447461
vn 0.60446471 0.558978558 -0.567596197
vn 0.699405074 0.365006387 -0.614494026
vn 0.822244167 -0.0941562802 0.56129241
vn 0.826071084 -0.402968615 0.393983305
vn 0.855035961 -0.381429762 0.351318687
vn 0.505388677 -0.815365255 0.28242144
vn 0.962190747 -0.196585149 0.188529029
vn 0.822272778 -0.476086289 0.311784148
vn 0.704019487 -0.603595018 0.37420541
vn 0.868298531 -0.371166468 0.329079151
vn 0.950105846 -0.27019757 0.155859604
vn 0.766028523 -0.566990495 0.302856565
vn 0.958819687 -0.213226497 -0.187614769
vn 0.570567489 -0.629345775 -0.527614117
vn 0.469506741 -0.356923997 -0.807569683
vn -0.19453223 -0.684959233 -0.702131152
vn 0.846182406 0.135625944 -0.515345514
vn 0.875563741 -0.480506808 -0.0500135683
vn 0.924501956 -0.236304298 0.299092799
vn 0.542109847 -0.785143673 0.299443394
vn 0.59381932 -0.750999451 -0.28875339
vn 0.549754739 -0.722732306 -0.418840885
vn 0.648032427 -0.46546483 0.602823675
vn 0.367095947 -0.729528844 -0.577085912
vn 0.575450897 -0.779462457 0.247577175
vn 0.0831836537 -0.962860584 -0.256865501
vn 0.893198609 0.147750631 0.424695194
vn 0.66967082 0.204584017 0.713923156
vn 0.473541617 0.246785238 0.84549123
vn 0.844502389 -0.475416362 -0.24656643
vn 0.558633149 -0.664527953 -0.496318161
vn 0.955298424 -0.256032526 -0.147824988
vn 0.475447536 -0.792389631 -0.382188976
vn 0.54754746 -0.824816108 -0.14096193
vn 0.717161 -0.550843418 0.426909357
vn -0.0223294273 -0.919568181 -0.39229542
vn -0.373353094 -0.910456061 -0.177980706
vn 0.999166131 -0.0340853743 0.02247959
vn 0.998674929 0.0332792178 -0.0392523743
vn 0.949269176 0.0616581924 0.308360904
vn 0.945651114 0.287925035 0.151139453
vn 0.94930172 -0.313452423 0.0239548292
vn 0.9784199 -0.140682727 0.151336655
vn 0.945271075 0.169504449 0.278802216
vn 0.901735842 0.220370173 0.371899635
vn 0.933121383 0.279959261 0.225626841
vn 0.829358935 0.328175247 0.452177852
vn 0.805113912 0.511702001 0.299921244
vn 0.857076705 0.51481998 0.0194899961
vn 0.759625912 0.48469305 0.433637172
vn 0.804703176 -0.480057955 0.349280775
vn 0.858111739 0.303151637 0.414419204
vn 0.918281913 -0.0403592139 0.393864751
vn 0.914983511 -0.391615748 0.0971709415
vn 0.729932487 -0.21517925 0.648765385
vn 0.61408627 -0.782688439 0.101473719
vn 0.985786557 0.0140415058 -0.167414501
vn 0.48239395 -0.875774503 0.0177497342
vn 0.383908331 -0.91932863 -0.0863091797
vn 0.41178748 -0.896516562 0.163367927
vn 0.977393985 -0.154302686 0.144539773
vn 0.765174568 0.231800333 0.600646615
vn 0.954167545 0.274609208 0.118970431
vn 0.941791356 0.29954046 0.152657986
vn 0.943486691 0.295436949 0.150165871
vn 0.698896408 0.409909725 0.586103857
vn 0.973956108 0.00177122711 -0.226729646
vn -0.235507682 0.283912748 0.929478228
vn 0.937057197 -0.336126745 0.0945659727
vn 0.946547329 0.276869714 0.165503606
vn 0.934993267 0.342256755 0.0929938033
vn 0.891530454 0.203047067 -0.404901713
vn 0.857816577 0.380805194 -0.345163763
vn 0.907445312 0.348446071 -0.234793916
vn 0.599898934 0.00155002181 -0.800074339
vn 0.903889596 0.323929608 -0.279379964
vn 0.848798692 0.414945483 -0.327659935
vn 0.823583841 0.0646236688 -0.56350112
vn 0.65044558 -0.185366288 -0.73658669
vn 0.49553737 0.0255113281 -0.868211806
vn 0.347099692 0.267828494 -0.898771286
vn 0.900775611 0.0360272974 -0.432787895
vn 0.619224131 -0.330709666 -0.712174535
vn 0.517953992 -0.330409288 -0.789020479
vn 0.830497086 0.545638859 -0.112039074
vn 0.972271323 0.0459284969 -0.229301095
vn 0.551659405 -0.271424472 -0.788670242
vn 0.894557476 0.42884329 -0.125937387
vn 0.942208469 0.047716599 0.331611931
vn 0.948150277 0.195480719 -0.250595927
vn 0.903886974 0.393101513 0.168699309
vn 0.943704903 0.246118918 0.221012771
vn 0.895614624 0.289192259 -0.337997526
vn 0.80322206 -0.0645260513 -0.59217447
vn 0.994948268 0.0779837444 0.0632168278
vn 0.919704199 -0.388392925 0.0574040264
vn 0.66833514 -0.676912069 0.308412433
vn 0.680541515 -0.718900144 0.141583323
vn 0.728719234 -0.626365304 0.276829839
vn 0.68385309 -0.20932287 -0.698948324
vn 0.781345904 0.249921098 0.571872294
vn 0.7516343 -0.024318194 -0.659131646
vn 0.534893453 -0.0585414693 -0.842888951
vn 0.0997496843 0.346574128 -0.932703733
vn 0.562447667 0.556839645 -0.611213684
vn 0.853092253 0.517105401 0.0695383623
vn 0.377775997 0.912256658 0.158344522
vn 0.938450158 -0.184011832 -0.292319924
vn 0.374433279 -0.190585867 -0.907456219
vn 0.447302967 -0.0958028659 -0.889236569
vn -0.139520213 -0.161931664 -0.976889074
vn 0.368430197 0.0816543251 -0.926062465
vn 0.195580512 -0.240064099 -0.950850904
vn 0.0920127779 -0.223114088 -0.970439911
vn 0.287397802 0.170295581 -0.942550719
vn 0.252481401 -0.151179835 -0.955718517
vn 0.246461377 -0.242048353 -0.938439846
vn 0.131977484 -0.0379287452 -0.990526795
vn -0.0931457728 0.650598884 -0.753687561
vn -0.208653599 0.48610419 -0.848626196
vn 0.2552751 -0.443152189 -0.859331548
vn 0.341255933 -0.518740535 -0.78387028
vn 0.0615435131 -0.47013402 -0.880446792
vn 0.159211844 -0.337063164 -0.927922428
vn 0.101495959 -0.514755428 -0.851308107
vn 0.0955986828 -0.484539181 -0.869530201
vn 0.0274216924 -0.526683092 -0.849619269
vn -0.869939089 -0.193080276 -0.453790516
vn 0.0329185836 -0.340513676 -0.939663172
vn -0.192826807 -0.432338744 -0.880852342
vn 0.628465891 -0.174631104 -0.757980645
vn 0.604185879 -0.324271649 -0.72787869
vn -0.407950699 -0.138241947 -0.902477324
vn 0.794794738 -0.0787691474 -0.601744652
vn 0.915064812 0.111306682 -0.387643039
vn 0.990162492 0.110137247 -0.0863025784
vn 0.536341846 -0.318447679 -0.781619072
vn 0.617053926 -0.00694473973 -0.786890149
vn 0.454500347 -0.26237759 -0.851226985
vn -0.818081021 0.129910231 -0.560238123
vn -0.778352737 0.11735668 -0.616761148
vn 0.303860456 0.0905446634 -0.948404133
vn -0.970476747 -0.0989621133 -0.219957843
vn -0.97401166 -0.112226613 -0.196739703
vn 0.0352766104 0.392689556 -0.918994367
vn -0.896867216 -0.0969186872 -0.431550622
vn -0.922779679 0.0136274016 -0.385087073
vn 0.508490562 -0.181880444 -0.8416394
vn -0.883568883 -0.0356889702 -0.46693936
vn -0.994163692 -0.086200811 -0.0648694783
vn -0.850948453 -0.307768464 -0.425635219
vn 0.565453112 -0.392317653 -0.725499451
vn 0.597731054 -0.351955771 -0.720308721
vn -0.196536601 -0.438035399 -0.877210617
vn -0.808226585 -0.103079259 -0.579779685
vn 0.430218041 -0.367664546 -0.824460626
vn 0.340367287 -0.529678702 -0.77691102
vn 0.514763713 -0.487382382 -0.705320179
vn 0.501845717 -0.257649779 -0.825692058
vn -0.0247750487 -0.205453217 -0.978353202
vn -0.940151274 0.0444645621 -0.337843776
vn -0.965849876 -0.114227645 -0.232564121
vn -0.935977221 -0.299647182 -0.184819728
vn 0.327101171 -0.60158664 -0.728764951
vn 0.129018053 -0.442117751 -0.887629449
vn 0.357958406 -0.668521881 -0.651877403
vn 0.500833571 -0.712104082 -0.49200967
vn -0.0320854709 -0.775475085 -0.630562305
vn -0.394455492 -0.620649695 -0.677642047
vn 0.575833023 -0.335123211 -0.745727003
vn 0.293418914 -0.517941713 -0.803518355
vn -0.0974868685 -0.674727023 -0.731600821
vn -0.310874492 -0.692101896 -0.651423097
vn 0.114427432 -0.613386571 -0.781449437
vn 0.388677925 -0.250123024 -0.886773884
vn 0.543945074 -0.431658566 -0.719579518
vn 0.242449433 -0.456217378 -0.856203198
vn 0.173922926 -0.60490942 -0.777068496
vn 0.962116897 0.140524 -0.233632028
vn 0.869694591 0.487876117 0.0748884678
vn 0.834321022 0.381678194 0.3977817
vn 0.914108872 0.287192792 -0.286225885
vn 0.404589981 -0.178916872 -0.896825314
vn 0.984303772 0.169243544 -0.0500275269
vn 0.910724699 -0.100067943 0.400707871
vn 0.888685644 -0.285137862 0.359073967
vn 0.721508682 -0.580879092 0.376835138
vn -0.0269596353 -0.649553657 -0.759837687
vn -0.580075502 -0.65232116 -0.487841845
vn 0.795559168 -0.0854027867 -0.599826634
vn 0.336690098 -0.589810014 -0.734005392
vn 0.982765377 -0.162903771 -0.0873764083
vn 0.928365231 0.364275455 0.0737657174
vn 0.875838518 0.368440121 0.311702996
vn 0.864466012 0.359157741 0.351715982
vn 0.403059751 -0.897393286 -0.179521859
vn 0.422830254 -0.840889513 0.337815672
vn -0.0440342464 -0.629020214 -0.776140809
vn -0.276663482 -0.597254038 -0.752824605
vn 0.166673765 -0.351379812 -0.921277463
vn 0.428770214 -0.824694932 0.368828326
vn 0.60689348 -0.723673344 0.328598797
vn 0.457248032 -0.802146494 0.384038091
vn 0.482478261 -0.793783247 0.370300829
vn 0.544109881 -0.755048573 0.365849674
vn 0.570262015 -0.742111921 0.352237374
vn 0.552112997 -0.758020997 0.347239763
vn -0.511984348 -0.424560636 -0.746739864
vn -0.512950897 -0.423857301 -0.746475935
vn -0.407607824 -0.527033031 -0.745715737
vn 0.158193678 -0.370631725 -0.915208697
vn -0.412895203 -0.551047206 -0.725165188
vn -0.389015555 -0.58773315 -0.709391773
vn -0.237231061 -0.304958194 -0.922345817
vn -0.169166774 -0.465992421 -0.868466318
vn -0.192725271 -0.0961785987 -0.97652787
vn 0.221761271 -0.241403744 -0.944746673
vn 0.803188264 0.128103226 -0.581788838
vn 0.477067053 -0.0581160262 -0.87694329
vn 0.825055301 0.356112927 -0.438710988
vn 0.0160668511 -0.379526198 -0.925041437
vn -0.147281349 -0.118801802 -0.981934011
vn -0.411383331 -0.0952694938 -0.906469762
vn -0.335457653 -0.381271511 -0.861452401
vn -0.686956823 -0.349148005 -0.637327075
vn 0.105289221 -0.320221961 -0.941473305
vn 0.336788535 -0.300473332 -0.892350435
vn 0.0888480097 -0.269943267 -0.958768308
vn 0.564269364 -0.214817181 -0.797153592
vn 0.693333149 -0.149703249 -0.704895794
vn 0.523745775 -0.272798181 -0.807013929
vn 0.42348215 -0.376140028 -0.824124694
vn 0.426670879 -0.35523653 -0.831720471
vn 0.226741642 -0.447243601 -0.86519444
vn 0.24299483 -0.431481153 -0.868779302
vn 0.129243195 0.37314263 -0.918727815
vn 0.39358446 0.0148187596 -0.919169068
vn 0.126835495 -0.144150779 -0.981393576
vn -0.121903464 -0.38467291 -0.914967895
vn -0.216480747 0.670280993 -0.709830642
vn -0.471894801 0.848326445 -0.240119994
vn -0.556753874 0.792957425 -0.247474328
vn -0.560296834 0.0156078367 -0.828144789
vn -0.986450553 0.115755387 -0.116257846
vn -0.976462901 0.152262062 -0.152762488
vn 0.229062676 -0.272342056 -0.934537351
vn 0.541471481 -0.366678685 -0.756541729
vn -0.062248677 0.471271217 -0.879788816
vn -0.109492548 0.738995731 -0.664753079
vn 0.0141554233 0.855233312 -0.518049836
vn -0.417099684 0.904115915 -0.0927483067
vn -0.553362131 0.755356312 -0.351037383
vn -0.436212182 0.89168191 0.120922655
vn 0.327651083 0.632206082 0.702111244
vn -0.461906433 0.884781003 -0.0616847351
vn -0.274347037 0.870650351 0.408291072
vn -0.181889147 0.960629404 -0.210017905
vn -0.333854765 0.900157571 0.279745221
vn -0.0710595027 0.724134386 0.685988307
vn 0.257443607 0.965385258 0.0418820269
vn 0.131408155 0.77915144 0.612906873
vn 0.109743379 0.727711678 0.677046716
vn 0.836650431 0.319820017 0.444669753
vn -0.493755758 0.844591379 -0.207052305
vn -0.380971432 0.841936409 -0.382104605
vn -0.563431501 0.81366092 -0.143181413
vn -0.567028284 0.780100286 -0.264428377
vn 0.364024222 0.645193875 -0.671722651
vn 0.793715239 0.310757667 0.522920489
vn 0.798531532 0.33432582 0.500573277
vn 0.97957176 0.181032971 0.087557137
vn 0.773779511 0.458616227 -0.436962664
vn 0.905251563 0.027546959 -0.423982024
vn 0.765386581 0.282112211 -0.578442633
vn 0.954315305 0.226115391 -0.195330992
vn 0.737328887 -0.0585106947 -0.67299521
vn 0.924447238 0.00809722953 -0.381223857
vn 0.684872031 0.220507711 -0.694497287
vn 0.489653617 -0.0323014073 -0.871318519
vn -0.282655895 0.721424639 -0.632180512
vn 0.12517336 -0.237801045 -0.963214576
vn -0.00106065266 -0.334539533 -0.942381084
vn -0.0359312743 -0.38372156 -0.922749519
vn 0.0213630758 -0.298010409 -0.95432353
vn -0.0451458357 -0.484557718 -0.87359345
vn -0.0141614908 -0.690352261 -0.723334789
vn 0.00105625566 -0.773777723 -0.633456349
vn 0.342058837 -0.676507056 -0.652176321
vn 0.695234418 -0.307397664 -0.649735153
vn 0.65774858 -0.681824982 -0.320127428
vn 0.90213114 -0.0659522563 -0.426391512
vn 0.465469867 -0.339744896 -0.817258358
vn 0.165240616 -0.63074261 -0.758194804
vn 0.928325295 -0.159277081 0.335921019
vn 0.819010913 -0.540547848 0.192429632
vn 0.352474034 -0.905726433 -0.235418037
vn 0.332744777 -0.841356754 -0.425910354
vn 0.976716518 0.137135848 0.164980516
vn 0.972802579 0.077611126 0.218246847
vn 0.956646144 0.0192272812 0.290617377
vn 0.867041945 -0.105266854 0.486987978
vn 0.755524218 0.0397007018 0.653916657
vn 0.775386214 0.408509761 0.48155582
vn 0.729019761 -0.512332022 0.453923047
vn 0.417344719 -0.800625324 0.429909825
vn -0.0499480888 -0.887586296 0.457925558
vn 0.461289287 0.551597655 0.69494766
vn 0.336366087 0.257899076 0.905729532
vn 0.405819535 0.630948246 0.661222279
vn 0.456283301 0.475574911 0.752086401
vn 0.131494105 0.935695469 0.327388823
vn 0.337184757 0.726988673 0.598158717
vn 0.618687451 0.645913303 0.447238028
vn 0.644037962 0.69117552 0.327858895
vn 0.56077534 0.531682312 0.634700596
vn 0.433049083 0.534776807 0.725590944
vn 0.113056079 0.801993191 0.586536765
vn 0.400448442 0.0648909584 0.91401875
vn 0.175868943 0.0079873642 0.984381199
vn 0.217821449 0.129118457 0.967410028
vn -0.127063125 0.979627252 0.155516624
vn -0.068421036 0.997656107 0.000885481655
vn 0.113580644 -0.0398197956 0.992730439
vn -0.296321988 -0.161481857 0.941337824
vn 0.042741064 0.725872457 0.686500072
vn 0.420196414 0.491021931 0.763107181
vn 0.503634512 0.407027543 0.762024164
vn 0.325062126 0.241213396 0.914412796
vn -0.434547991 -0.139927223 0.889712512
vn -0.0407962725 0.989422143 -0.139210209
vn 0.118520774 0.973035932 -0.197873488
vn 0.703834116 0.592830181 0.391369283
vn 0.684727073 0.688279688 0.239624426
vn 0.828855038 0.559395432 0.00872143731
vn 0.796305597 0.41505298 0.440032333
vn 0.713686705 0.440305591 0.544777155
vn 0.329347968 0.456593156 0.826470017
vn 0.830192864 0.463830262 0.309259295
vn 0.482080102 0.529727936 0.697844625
vn 0.0502662584 0.94201237 -0.331791937
vn -0.0550537594 0.97513938 -0.214644879
vn -0.070558697 0.977521002 -0.198680982
vn -0.0810997561 0.978497684 -0.189644605
vn -0.0164117701 0.888794303 -0.458012372
vn -0.0254468173 0.973944485 -0.225354418
vn 0.0312667601 0.723591208 -0.68952024
vn 0.276596278 0.848425627 -0.451296508
vn 0.134172246 0.990957379 0.00108770316
vn 0.610800028 0.658321083 0.439928055
vn 0.524560273 0.492586911 0.694402337
vn -0.110334493 0.825702012 -0.553211153
vn -0.216263846 0.911425769 -0.350046992
vn 0.136219829 0.907663524 -0.396977454
vn 0.38347432 0.917693198 -0.103858486
vn 0.337470293 0.762716174 -0.551704526
vn -0.39145112 0.690308511 -0.608473778
vn 0.106389917 0.969689012 0.21996434
vn 0.313290089 0.563695431 0.764262259
vn 0.217970103 0.503243506 0.836202741
vn 0.174405739 0.30266881 0.937002778
vn -0.572178066 0.81916219 -0.0398201086
vn -0.322338551 0.881535232 -0.344954491
vn -0.2373285 0.969447851 0.062016245
vn -0.269230843 0.949936926 -0.158538669
vn -0.106473163 0.989091218 -0.101793878
vn -0.192540407 0.980767667 -0.0319844633
vn 0.0652302206 0.993074059 0.0977185965
vn -0.349826247 0.883702517 0.310952604
vn -0.0212089978 0.973106921 -0.229375184
vn -0.110380344 0.866181731 -0.487386227
vn 0.0342377536 0.998571277 -0.0410280004
vn -0.120894007 0.467957526 -0.875442922
vn 0.0499970503 0.967880785 0.246388018
vn 0.102496408 0.981885374 -0.159360364
vn -0.150105268 0.920476019 0.360821664
vn -0.0511936583 0.95894587 0.278930068
vn -0.194191352 0.96230191 0.190433234
vn -0.209433213 0.947534263 0.24148795
vn -0.240981251 0.917893052 0.315278322
vn -0.230754718 0.954910934 0.186808363
vn -0.102561697 0.896977782 0.430013925
vn -0.0392650776 0.815220773 0.577817678
vn -0.232154861 0.896184146 0.378097981
vn -0.265940338 0.947381318 0.178169712
vn -0.145455033 0.751920164 0.643007636
vn 0.0126024289 0.724046826 0.689635754
vn -0.161901504 0.787804544 0.594265878
vn -0.137599617 0.845516026 0.515915751
vn -0.29726249 0.942872465 0.150421426
vn -0.426444232 0.890878975 0.156461015
vn -0.311972499 0.915243268 0.25495702
vn -0.707829654 0.680709958 0.18870908
vn -0.0300349984 0.962053835 0.271201491
vn 0.0793503597 0.886971951 0.45495528
vn 0.219559699 0.911424398 0.347992927
vn 0.476071835 0.755644798 0.449840546
vn 0.53275317 0.836125553 0.13064456
vn 0.158298463 0.845875978 0.509348035
vn 0.0472746566 0.754050016 0.655113459
vn -0.311995894 0.775333047 0.549105763
vn -0.0590724684 0.510610521 0.857780516
vn 0.472232968 0.66991055 0.572901249
vn 0.759639144 0.40188238 0.511310935
vn 0.495658308 0.710768342 0.499130428
vn -0.00452943239 0.606619477 0.794979513
vn 0.204275414 0.640527904 0.740267277
vn 0.020276621 0.602209091 0.798080862
vn 0.158528507 0.549970329 0.820000768
vn -0.0365143344 0.393582255 0.918563962
vn 0.0270303264 0.466331005 0.884197235
vn 0.199914247 0.536723435 0.819732964
vn 0.200946108 0.630011082 0.750137806
vn -0.269745082 0.733715415 0.623617947
vn -0.792394936 0.58664757 0.167197153
vn 0.668412387 0.656179905 0.350218356
vn 0.408353657 0.771327436 0.488161057
vn 0.846153021 0.399444491 -0.35280174
vn 0.0538103953 0.688173294 0.723548055
vn 0.0246797595 0.75209564 0.658591688
vn -0.0979794115 0.647094667 0.756087661
vn -0.157665044 0.856565416 0.49136278
vn -0.149965867 0.662842631 0.733587027
vn -0.0930276886 0.811488628 0.576915979
vn -0.289326131 0.899849534 0.326437086
vn 0.397090435 0.800490618 0.448925227
vn 0.627705455 0.494627446 0.601107001
vn 0.488379359 0.78998065 0.370696753
vn -0.110777475 0.988104165 0.106669754
vn -0.112982057 0.964813888 0.237421885
vn -0.458322316 0.591800869 0.66310811
vn -0.255947143 0.966089785 0.0340832062
vn -0.213937804 0.96641314 0.142394647
vn -0.128492609 0.929617882 -0.345398545
vn -0.0573980324 0.798318267 -0.599494219
vn -0.553779662 0.455804646 0.696828663
vn -0.415851384 0.61324054 0.671568036
vn -0.207654119 0.762703061 0.612506151
vn -0.630420506 0.367785931 0.683596015
vn -0.619565845 0.344862163 0.705129981
vn -0.974284708 -0.0342990197 0.222694352
vn -0.933165073 -0.335641861 0.128637195
vn -0.989042819 -0.0458818935 0.140318364
vn -0.955485523 0.031842351 0.293314666
vn -0.926192701 -0.00941054802 0.376932949
vn -0.94516927 -0.055552531 0.321821332
vn -0.959041357 -0.103417858 0.263712615
vn 0.533461869 0.10160619 0.839699149
vn 0.533461869 0.10160619 0.839699149
vn 0.561114788 0.102959439 0.821309686
vn 0.505219638 0.100140683 0.857161045
vn 0.392082214 0.507558644 0.767239034
vn 0.216182709 0.301752955 0.928552687
vn 0.00679807458 0.270390242 0.962726891
vn 0.527716875 0.382071614 0.758641064
vn 0.26492849 0.226145998 0.937374473
vn 0.709426224 0.401783109 0.579037786
vn 0.476833165 0.551818788 0.684197426
vn 0.709706008 0.528851569 0.465438813
vn 0.519448638 0.705265224 0.482466698
vn 0.091812484 0.913223267 0.396980494
vn 0.0219145138 0.981832981 -0.188477546
vn -0.309871614 0.919240952 -0.242848665
vn 0.0129418951 0.487746745 0.87288928
vn 0.864079833 0.488400877 0.121780835
vn 0.382125497 0.634927452 0.671451509
vn 0.200695589 0.648532212 0.73425287
vn 0.157992586 0.749576449 0.642785788
vn 0.160227343 0.798760593 0.579921186
vn 0.836466014 0.391384333 0.383592218
vn 0.528963089 0.709002554 -0.466383278
vn 0.426734179 0.545867145 -0.72105968
vn 0.591123521 0.55249995 -0.58763653
vn 0.0444448106 0.719971716 -0.692578793
vn 0.208900779 0.862151146 -0.46157977
vn -0.355781674 0.107517086 -0.928363919
vn -0.16532205 0.454892665 -0.875066519
vn 0.0432664417 0.557480454 -0.829061806
vn 0.240468502 0.708968639 -0.662976801
vn 0.420612693 0.662495553 -0.619826198
vn -0.640430391 0.492702603 -0.589145958
vn -0.714887261 0.375039548 -0.590153873
vn -0.779345095 0.300547421 -0.549811244
vn -0.660255015 0.48431617 -0.574021816
vn -0.267353296 0.137870207 -0.95368439
vn -0.814431131 0.366194278 -0.450115234
vn -0.725306809 0.369408876 -0.580919206
vn -0.752309203 0.242479086 -0.612564087
vn -0.434626937 -0.120816059 -0.892470121
vn 0.528308153 -0.1183533 -0.84076339
vn 0.428662956 -0.0133047709 -0.903366506
vn -0.577036619 0.562530994 -0.592104316
vn 0.640068948 0.069901593 -0.765130997
vn -0.667852044 0.170959994 -0.724393785
vn -0.325633258 0.00875360519 -0.945455611
vn -0.946350634 0.268548608 0.179728225
vn -0.866807878 0.428975224 0.254213333
vn -0.668883383 0.707196057 -0.229060769
vn -0.712825358 0.588306248 -0.381805867
vn -0.46727863 -0.297810704 -0.832441866
vn -0.352114409 -0.34991309 -0.868087769
vn 0.209968269 -0.144733161 -0.966936231
vn 0.514324069 0.0189657845 -0.857386172
vn 0.0239880998 0.337373763 -0.941065073
vn 0.555798233 0.122835428 -0.822192073
vn 0.562191725 -0.0254626665 -0.826614916
vn 0.516580403 -0.0254278071 -0.855861008
vn -0.296662986 0.700852811 -0.648688316
vn 0.0526714213 0.668190956 -0.742123067
vn 0.63149631 -0.0972039774 -0.769261777
vn 0.434791833 -0.347533554 -0.830768645
vn -0.423937529 0.667940319 -0.611663997
vn -0.24159123 0.359085947 -0.901493669
vn 0.227202758 0.666899502 -0.709664702
vn 0.392573565 0.415974587 -0.820275068
vn 0.355131716 0.447576582 -0.820704997
vn -0.681779444 0.444922388 -0.580707133
vn -0.104667388 0.820210099 -0.562405586
vn 0.00641958462 0.877568603 -0.479408026
vn 0.0281999726 -0.291798294 -0.956064045
vn -0.111664854 -0.419064075 -0.901063919
vn -0.469131172 0.264959663 -0.842444241
vn -0.203244731 0.0023841213 -0.979125082
vn 0.0824381039 -0.622622788 -0.778167546
vn -0.822145581 0.443875879 -0.356441915
vn -0.813719869 0.481571823 -0.325497478
vn 0.325497717 0.61536324 -0.717899203
vn 0.604034483 -0.170130119 -0.778587162
vn 0.825375557 -0.0934536159 -0.556795776
vn 0.421066195 0.0833953768 -0.903187931
vn 0.608780205 -0.0045664208 -0.793325782
vn 0.805375338 -0.328234792 -0.493591458
vn 0.524902165 0.173464388 -0.833299339
vn 0.540156066 0.160617635 -0.826095223
vn 0.473178893 -0.00200049486 -0.8809641
vn 0.062398918 0.896028876 -0.439589143
vn 0.06777668 0.872539222 -0.483819813
vn 0.357917845 0.304338485 -0.882764399
vn 0.536607325 0.509152353 -0.672916353
vn -0.193877161 0.765944541 -0.61297673
vn 0.399749905 -0.215819433 -0.890854657
vn 0.616242826 0.101627752 -0.780971527
vn 0.61688298 0.202307478 -0.760609746
vn 0.638576627 0.481858075 -0.600027323
vn -0.610921383 0.576612651 -0.542487681
vn -0.45577994 0.647706211 -0.61052531
vn -0.488584876 0.757281601 -0.433369845
vn -0.523690104 0.775621951 -0.352362454
vn -0.531379819 0.689823627 -0.491710246
vn -0.1741945 0.210690662 -0.961907327
vn -0.701760769 0.514492095 -0.492777586
vn -0.567659318 0.433555156 -0.69985199
vn -0.812239349 0.136126935 -0.567218423
vn -0.854091406 -0.342088252 -0.391795218
vn 0.176206023 0.461642414 -0.869389296
vn 0.158109441 -0.256930679 -0.953408659
vn -0.00694172084 0.762814403 -0.646580219
vn 0.68687737 0.567823827 -0.453625053
vn -0.524987042 0.287000149 -0.801261246
vn 0.843480468 0.410894245 -0.345986485
vn -0.526285052 -0.0624005534 -0.848015487
vn -0.0605570599 -0.401058406 -0.914048731
vn 0.776905239 0.466138572 -0.423241198
vn 0.838498175 0.432305455 -0.331712008
vn 0.976710856 -0.134426877 -0.16722852
vn 0.932023346 -0.358308136 0.0542940423
vn 0.789381146 -0.61262393 -0.0396153517
vn -0.616204262 0.6261729 -0.477702498
vn -0.809571028 0.365172893 -0.459612519
vn -0.924031675 0.102628797 -0.368283689
vn -0.067055732 -0.516571283 -0.853614509
vn 0.0359291881 -0.494782716 -0.868273735
vn 0.0952581689 -0.497310281 -0.862327337
vn 0.589807093 0.149169222 -0.793647349
vn 0.201804534 -0.259226441 -0.944498122
vn -0.048403658 -0.422231406 -0.905194819
vn 0.465331554 -0.108326048 -0.878482759
vn 0.582239747 0.0473482162 -0.811637163
vn 0.124399468 0.363263905 -0.923344016
vn 0.0476627201 -0.38124159 -0.923245966
vn -0.0179586001 -0.651910543 -0.758083165
vn 0.0731429532 -0.684091568 -0.725719452
vn 0.0567269549 -0.633940339 -0.771298647
vn -0.0706989467 -0.701379955 -0.709272683
vn -0.142295435 -0.701849818 -0.697967649
vn -0.276749104 -0.127934888 -0.952387929
vn -0.0258134715 0.01246107 -0.999589145
vn -0.604287684 0.637262106 -0.478260756
vn -0.607516646 0.624391139 -0.490977973
vn -0.657071114 0.713819385 -0.24232088
vn -0.486902058 -0.0134380748 -0.873353183
vn -0.699495852 0.179683089 -0.691678941
vn -0.638621211 -0.212262735 -0.739667118
vn -0.998511255 0.0188428424 -0.051187478
vn -0.983178616 -0.145353675 0.11059843
vn -0.244811699 -0.487024963 -0.838375807
vn -0.232357606 0.170278162 -0.957609117
vn -0.300490409 -0.016923856 -0.95363462
vn 0.507012725 -0.144756213 -0.849696219
vn -0.629822075 0.710184276 -0.314583004
vn -0.592423737 0.78875953 -0.163989767
vn -0.476706803 0.49692589 -0.725131154
vn -0.141558826 0.604862154 -0.78364712
vn -0.939541817 0.0588958971 -0.337331295
vn -0.452698231 -0.20349896 -0.868131578
vn 0.167253286 -0.183842584 -0.96862185
vn -0.000207609613 -0.209622622 -0.977782369
vn 0.284582198 -0.209793746 -0.935414135
vn -0.0305738188 -0.234108552 -0.971729696
vn -0.531867445 0.547041476 -0.646422982
vn -0.81722033 0.0570879392 -0.573491096
vn -0.993428051 -0.00961792283 -0.114053957
vn -0.445147812 0.796483815 -0.409214944
vn -0.537635326 0.800660789 -0.264367998
vn -0.257550657 0.865879059 -0.428860307
vn -0.315610468 0.948182464 0.0366078541
vn -0.104001097 0.989016414 0.105024971
vn -0.0552910157 0.997208416 0.0501809306
vn -0.148236841 0.956901252 0.249731496
vn -0.0939192548 0.992895663 -0.0730580539
vn -0.714747071 0.602616012 -0.35495159
vn -0.554894745 0.803175688 -0.216795981
vn -0.157408088 0.982914925 0.0953991264
vn 0.256193042 0.966571271 0.0102504743
vn -0.313386172 0.481570721 0.81846112
vn -0.109395042 0.912762046 -0.393570989
vn 0.554406941 0.570787013 -0.605669141
vn 0.566234589 0.689825296 -0.451131463
vn 0.518402278 0.430078298 -0.739115477
vn 0.451348811 0.537514091 -0.712294102
vn -0.887212157 0.313598663 -0.338393748
vn -0.229470834 0.836395502 -0.49778074
vn 0.148854867 0.560053587 -0.814973652
vn -0.0511829257 0.669836462 -0.740742564
vn -0.179494128 0.223131448 -0.958120108
vn -0.674947679 0.539363027 -0.503520787
vn -0.880206287 0.179321319 -0.439409494
vn -0.826371253 0.562694728 -0.0220251437
vn -0.76263696 0.50948143 -0.398513973
vn -0.636273623 0.769698977 -0.0521477722
vn -0.861708641 -0.226870403 -0.453858942
vn -0.691408336 0.696558595 -0.191730499
vn -0.692241251 0.718180001 0.0708492994
vn -0.883090198 -0.051907178 0.466323197
vn -0.558464587 -0.108352788 -0.822421432
vn -0.866002738 -0.0944255218 0.491042823
vn -0.842745602 0.0169575755 0.53804481
vn -0.794536531 -0.148555353 0.588763952
vn -0.832027376 -0.0918091834 0.54708463
vn -0.0639006048 -0.283351541 -0.956884801
vn -0.941928208 0.0482878536 -0.332324356
vn -0.865365565 0.258313119 -0.429437816
vn -0.649573565 0.720921934 -0.241507217
vn -0.602647305 -0.212247938 -0.769264042
vn -0.626849353 -0.261348337 -0.734000683
vn -0.476314276 -0.146620452 -0.86696434
vn -0.393988103 -0.0556661114 -0.917428255
vn -0.616254628 0.729305148 -0.297227561
vn -0.525419831 0.791101217 -0.313197792
vn -0.630631328 0.752761722 -0.188822329
vn 0.240435123 0.7593593 -0.604619265
vn 0.340552062 0.711284339 -0.61489749
vn 0.547131836 0.481412292 -0.684754729
vn 0.0998534486 0.730400681 -0.675680518
vn -0.17961812 0.782752573 -0.595848739
vn -0.136784658 0.760164857 -0.635168731
vn -0.303225666 0.908127129 -0.288720161
vn -0.306080461 0.827370226 -0.470928133
vn -0.454101294 0.792381823 -0.407336593
vn 0.081151545 0.768795609 -0.634324729
vn -0.218715504 0.939435005 -0.263866216
vn -0.322898656 0.676365077 -0.662017107
vn -0.181289673 0.422108829 -0.888233125
vn -0.483364671 0.395754367 -0.780856669
vn -0.447746277 0.80930984 -0.380185336
vn -0.446406454 0.791627109 -0.417190462
vn -0.344191462 0.938313603 0.0331627801
vn -0.504949331 0.862754643 -0.026088044
vn -0.671015441 0.660134792 -0.337580204
vn -0.599531233 0.794071615 -0.100063436
vn -0.638158262 0.67471385 -0.370830506
vn -0.662143528 0.735460639 -0.143748835
vn -0.433258444 0.861892223 -0.263493955
vn -0.561861515 0.773614228 -0.292972147
vn -0.496665508 0.795441389 -0.347269833
vn -0.51508528 0.763934016 -0.388705581
vn -0.403967083 0.795101821 0.452353567
vn -0.56539911 0.77721256 0.276160479
vn -0.493985474 0.863501787 -0.101700626
vn -0.458273709 0.843940973 -0.27883473
vn -0.576948285 0.493852854 -0.650569022
vn -0.500996053 0.621673167 -0.60210079
vn -0.53379178 0.356944054 -0.766588092
vn -0.574625969 0.70691669 -0.412399858
vn -0.280658811 0.846273482 -0.45282656
vn -0.238772184 0.841220856 -0.4851138
vn -0.101784408 0.6847229 -0.721660912
vn 0.161288351 0.256982774 -0.952861965
vn -0.328563511 0.858510196 -0.393708438
vn -0.405809462 0.912391901 -0.0534752794
vn 0.187527478 0.977913797 0.0922935456
vn -0.669289052 0.72520709 -0.161637828
vn -0.391456813 0.904886484 -0.167158723
vn -0.562595248 0.704490304 -0.432642877
vn -0.724129081 0.673237503 -0.149627343
vn -0.47957173 0.858061731 -0.183687061
vn -0.446361929 0.859648049 -0.248528093
vn -0.444275826 0.864863336 -0.233731553
vn -0.599421799 0.688530564 -0.408190072
vn -0.638921201 0.748887599 -0.175918266
vn -0.409717649 0.89305675 -0.185960039
vn -0.507707715 0.817852616 -0.270831853
vn -0.233827189 0.791488409 -0.564686596
vn -0.517409503 0.816247165 -0.25695917
vn -0.44778049 0.892536521 0.0535831675
vn -0.461583883 0.847302139 -0.262715429
vn -0.592294514 0.744365573 -0.308394283
vn -0.532447278 0.808585584 -0.250378132
vn -0.835077167 0.454304188 -0.310247988
vn -0.681883991 0.714465559 -0.15675804
vn -0.869235873 0.156836227 0.468861759
vn -0.359926641 0.885004759 -0.295329362
vn 0.0965057835 0.994001448 -0.0514557064
vn -0.493803531 0.834483624 -0.244530469
vn -0.493442863 0.867491424 0.0630305335
vn -0.238228366 0.423155785 0.874177456
vn -0.477259815 0.869547725 -0.126923904
vn -0.600229204 0.796909928 -0.0682604238
vn -0.506631553 0.815204799 -0.280652046
vn -0.557274699 0.807151675 -0.194809973
vn -0.574739099 0.811298847 -0.107093826
vn -0.716658711 0.650458753 0.251602352
vn -0.555902302 0.799447119 -0.227721348
vn -0.451163888 0.801129878 -0.393245429
vn -0.473742515 0.788118482 -0.392985135
vn -0.478433728 0.835512221 -0.270223081
vn -0.541722596 0.821474791 -0.178089455
vn -0.527677357 0.713407397 -0.461092681
vn -0.366178751 0.83989656 -0.400608093
vn -0.167452365 0.457601368 -0.873247206
vn 0.0924828425 0.504341662 -0.858537436
vn 0.235547125 0.584816396 -0.776213467
vn -0.188571304 0.813748598 -0.549776375
vn -0.465206146 0.837924063 -0.285423398
vn -0.380084604 0.894294083 -0.236164957
vn -0.491597027 0.82875365 -0.267394304
vn -0.40909332 0.872009277 0.268779725
vn -0.562913418 0.731854677 -0.384079874
vn 0.392810881 0.771989167 0.499732196
vn -0.397749424 0.807179928 -0.436183423
vn -0.505750954 0.758972585 -0.410093516
vn -0.536754191 0.795381725 -0.28153643
vn -0.449444711 0.778387249 -0.438306689
vn -0.575891078 0.581408739 -0.574728906
vn -0.764552712 0.131148547 -0.631077886
vn -0.611394525 0.771309078 -0.176858947
vn -0.59881264 0.783988357 0.163663074
vn -0.524211347 0.461287707 0.715832472
vn -0.499563515 0.812134027 -0.301454037
vn -0.530746996 0.763692558 -0.36753425
vn -0.524147272 0.781120181 -0.339294702
vn -0.510577261 0.817699552 -0.265853703
vn -0.502950788 0.829126179 -0.244111165
vn -0.522338092 0.820147097 -0.233498842
vn -0.420879513 0.839099169 -0.344634593
vn -0.499281228 0.842553616 -0.202043608
vn -0.5288589 0.817997277 -0.226249158
vn -0.843951344 0.502676368 -0.187250376
vn -0.553160548 0.728879809 0.403419852
vn -0.276658803 0.615444243 0.738030016
vn -0.812347949 0.514110386 -0.275284141
vn -0.638009608 0.72170037 -0.268499911
vn -0.483821422 0.529561639 -0.696765006
vn -0.852864921 0.520011902 0.0470006727
vn -0.889703691 0.340588689 0.304017544
vn -0.99356693 0.111120135 -0.0218419414
vn -0.965770483 0.135152876 -0.221406847
vn -0.868279517 0.426122695 -0.253988653
vn -0.931667864 0.00758984359 0.363232046
vn -0.978433549 -0.0690387785 0.194682777
vn -0.684714139 -0.221084893 0.694469631
vn -0.733732879 0.646038651 -0.210404724
vn -0.613053203 0.291724026 -0.734209001
vn -0.561370552 -0.164140821 -0.811123312
vn -0.633701384 0.145321488 -0.759805501
vn -0.808143139 0.218237534 -0.547062218
vn -0.5193519 0.853726327 0.0377502963
vn -0.687785745 0.725710571 0.0171718542
vn -0.687785745 0.725710571 0.0171718542
vn -0.825144529 0.56490618 -0.00418243883
vn -0.140519068 -0.826102614 -0.545718729
vn 0.0920957029 -0.64327538 -0.760075808
vn -0.182242647 -0.750856042 -0.63482511
vn -0.318970352 -0.776734531 -0.543085039
vn -0.252592504 -0.579391479 -0.774921
vn -0.600375116 0.771215618 -0.21160391
vn -0.571008146 0.768860936 -0.287754267
vn -0.571008146 0.768860936 -0.287754267
vn -0.537834346 0.761380434 -0.36198622
vn -0.877913475 0.116589352 0.4644081
vn -0.960692763 -0.106206901 0.256494731
vn -0.761366606 0.530598998 -0.372539341
vn -0.942388892 0.13131611 0.307667494
vn -0.863094509 0.156462297 -0.480195135
vn -0.370114237 0.499850124 -0.783048749
vn -0.645472646 0.363777369 -0.67158854
vn -0.769430041 -0.0347511768 -0.637785017
vn 0.0435516573 0.726291776 -0.686005473
vn 0.124567389 0.793767512 -0.59532851
vn 0.0320443474 0.763598502 -0.644895792
vn 0.241676286 0.814173758 -0.527933359
vn 0.250065297 0.777856171 -0.576547682
vn 0.255607456 0.735499501 -0.627459407
vn -0.140335962 0.315066665 -0.938636661
vn -0.855883121 -0.428988218 -0.288848042
vn -0.625267982 -0.534349799 -0.568779647
vn -0.960424066 -0.228426456 0.159395352
vn -0.702993155 -0.560464144 -0.437813371
vn -0.620314896 -0.564990878 -0.544053853
vn -0.821852386 -0.530658364 -0.207268804
vn -0.972235322 -0.201765254 0.118529394
vn -0.940213144 -0.324154347 0.10451445
vn -0.91226995 -0.3807621 0.150943041
vn 0.676400125 -0.339938313 -0.653394818
vn 0.852360904 -0.233060271 -0.468149364
vn 0.852360904 -0.233060271 -0.468149364
vn 0.962944686 -0.108306274 -0.246996358
vn -0.668995678 0.688305616 0.280499697
vn -0.682360709 0.72420013 0.099588789
vn -0.652866006 0.700573802 -0.288031936
vn -0.601285398 0.79848361 0.0296609625
vn -0.419054419 0.865816176 -0.273415148
vn -0.515743017 0.640758693 -0.568715513
vn -0.35560596 0.789073586 0.500906408
vn -0.505933702 0.839912057 -0.196415171
vn -0.434777796 0.872597992 -0.222578362
vn -0.325370401 0.861751974 -0.389252871
vn 0.0684703588 0.823824942 -0.562693894
vn -0.517730415 0.775212705 -0.361939788
vn -0.560379088 0.806789696 -0.187258109
vn -0.574937582 0.817264676 -0.0390538946
vn -0.517359257 0.855549037 -0.0193677787
vn -0.390187651 0.809985697 -0.43780905
vn -0.510860384 0.859394312 0.0215168707
vn -0.242058039 0.773582339 -0.58564347
vn -0.266666055 0.449273497 -0.852667868
vn -0.647494972 0.73287183 -0.208923832
vn -0.570886374 0.620165586 -0.538036525
vn -0.480200857 0.863931775 -0.151753053
vn -0.574048281 0.782342374 -0.241679639
vn -0.493712783 0.861200094 -0.120756693
vn -0.507842839 0.853607714 -0.115971699
vn -0.628511131 0.687493145 -0.363767713
vn -0.643533945 0.249295369 -0.723682225
vn -0.468111336 0.83022064 -0.302663893
vn -0.516084373 0.768869042 -0.377488106
vn -0.523603797 0.646929443 -0.554365635
vn -0.648936093 0.744613469 -0.156310186
vn -0.661938846 0.74821502 -0.0448463373
vn -0.92290771 0.364634871 0.123624049
vn -0.985983551 0.0893385112 0.14090839
vn -0.958072841 0.112685464 0.263435751
vn -0.957939386 0.0458911546 0.28327769
vn -0.996408641 -0.0846145228 0.00317813852
vn -0.939027131 0.227281883 0.258013636
vn -0.438079238 0.525616884 0.729255378
vn -0.40324977 0.669801831 0.623502314
vn 0.363841772 0.523666441 0.77031976
vn 0.538577259 0.480929583 0.691839039
vn 0.615787327 0.304219544 0.726812541
vn 0.682715952 0.329975456 0.651931763
vn 0.759410501 0.308114707 0.573027909
vn 0.240581751 0.566197157 0.788378835
vn -0.352108449 0.628288984 0.693738222
vn -0.624701738 0.277715385 0.729809463
vn 0.786872625 0.355463654 0.504457355
vn 0.466276944 0.376739055 0.800408304
vn 0.260852158 0.357794195 0.896626711
vn 0.466891825 0.295755625 0.83339107
vn 0.641826332 0.386502087 0.662325501
vn 0.420359552 0.496326804 0.759577274
vn 0.358700544 0.279231727 0.890709639
vn 0.331059963 0.385044068 0.861475646
vn 0.282484055 0.487853825 0.825954735
vn 0.319777757 0.793500125 0.517783403
vn 0.760262787 0.238819569 0.60412401
vn 0.579877436 0.600553453 0.55052495
vn 0.553131402 0.701729536 0.449022651
vn 0.143844083 0.965053856 0.219043016
vn 0.673309684 0.353509963 0.649372578
vn 0.901619375 0.378357768 0.209589735
vn 0.907313645 0.289765745 -0.304660171
vn 0.942405343 0.321768284 -0.0913090706
vn 0.747347653 0.303897828 0.590861738
vn 0.763997853 0.176376522 0.620643616
vn 0.62114495 0.302083075 0.723135412
vn 0.619063258 0.298391521 0.726445556
vn 0.891745329 0.429020762 0.143984482
vn 0.798375785 0.409353554 0.441617191
vn 0.933703721 0.352023453 0.0653981864
vn 0.89737159 0.378502429 0.226848468
vn 0.834842443 0.223057479 0.503272831
vn 0.981480837 0.0701871142 -0.178238824
vn 0.950532794 0.205560416 0.232878432
vn 0.82596153 0.0611318313 0.560402095
vn 0.520807624 0.378934324 0.764962912
vn 0.185801223 0.48908639 0.852216244
vn 0.875137627 0.406971872 0.261740506
vn 0.655404925 0.683053613 -0.322307557
vn 0.9137339 0.405612499 -0.0238528978
vn 0.949483097 0.120187297 -0.289891034
vn 0.938187361 0.305085123 -0.163485765
vn 0.881302595 0.366032541 -0.298874438
vn 0.56759727 0.243338972 -0.78652364
vn 0.519730031 0.182145491 -0.834687769
vn 0.837409914 0.14308928 -0.527513266
vn 0.823166609 0.548226476 -0.147798657
vn 0.870169163 0.479988396 0.111431077
vn -0.0583976954 0.807246983 -0.587317646
vn 0.090757519 0.975983799 -0.198037416
vn 0.793126583 0.0868989676 -0.602825701
vn 0.722579598 0.116915531 -0.681329191
vn 0.521883428 0.082866773 -0.848982215
vn 0.786968946 0.207762331 -0.580960155
vn 0.777693629 0.111365877 -0.618700385
vn 0.745955646 0.0888038054 -0.660048485
vn 0.92100352 0.353850901 -0.162917167
vn 0.917523682 0.370470703 -0.144574702
vn 0.880205274 0.301723927 -0.366334975
vn 0.938415706 0.34549886 -0.00253107096
vn 0.765336394 0.406862229 0.498721808
vn 0.664341509 0.542617619 0.514019966
vn 0.583534837 0.620548785 0.523838043
vn 0.312459558 0.800301313 0.511748731
vn 0.688762665 0.22227636 -0.69007194
vn 0.724648654 0.0502125248 -0.687286735
vn 0.584816873 0.332726568 -0.739785254
vn 0.456978917 0.348772496 -0.818246841
vn 0.61252749 0.191832438 -0.766818285
vn 0.778313756 0.241534382 -0.579559207
vn 0.553934872 0.211931765 -0.805134237
vn 0.355802268 0.310651094 -0.881419718
vn 0.41202268 -0.147988304 -0.899075508
vn 0.846579552 0.245260805 -0.472387791
vn 0.946112692 0.282151341 -0.158938274
vn 0.89485389 0.379094422 -0.235635385
vn 0.629272521 0.102241166 -0.770430267
vn 0.337139636 -0.0360317491 -0.940764904
vn 0.64881748 0.350067198 -0.675639629
vn 0.920315742 0.38809377 -0.0490125641
vn 0.911531866 0.389383554 -0.132249996
vn 0.767938793 0.429509729 -0.475175053
vn 0.434838921 0.252297312 -0.864442706
vn 0.314050853 0.230134502 -0.921091855
vn 0.92733115 0.360613197 -0.100075707
vn 0.906473398 0.370450139 0.202663824
vn 0.951136053 0.27267319 -0.144877672
vn 0.888619423 0.426703632 -0.168165222
vn 0.977028251 0.210087329 -0.0357661322
vn 0.885687172 0.464189142 -0.00930883083
vn 0.698952019 0.488141656 0.522669911
vn 0.708293855 0.6739434 -0.210047811
vn 0.525225759 0.38581574 0.758474886
vn 0.437906414 0.331907332 0.835509181
vn 0.481785387 0.306270152 0.821024597
vn 0.574701548 0.27804774 0.769680262
vn 0.988631904 0.137527004 -0.0607728325
vn 0.93353641 -0.00165661378 -0.358478725
vn 0.877970517 0.471326977 -0.0837770328
vn 0.933737576 -0.137387007 -0.33054319
vn 0.901365936 -0.0302400198 -0.432001173
vn 0.668271542 -0.359318703 -0.651385725
vn 0.966562986 -0.0136671811 -0.256064594
vn 0.972320974 0.219702154 0.0795162916
vn 0.971509635 -0.0750527903 0.224802345
vn 0.821384668 0.0820360631 0.564444244
vn 0.742562294 0.0180070512 0.669534862
vn 0.773174763 0.593984842 -0.222222507
vn 0.806604922 0.573740423 -0.142163649
vn 0.934647202 0.147494599 -0.323542923
vn 0.919812918 0.293292075 0.260622174
vn 0.943452537 0.239932746 0.228756845
vn 0.981780112 -0.185922533 -0.0392524973
vn 0.983654559 -0.0775411576 0.162514955
vn 0.954863548 -0.157475352 0.251867145
vn 0.922891676 -0.0488817133 0.381944567
vn 0.934438109 0.197650611 0.296242684
vn 0.987154841 0.0190608632 0.158625275
vn 0.783378541 0.397562414 0.477767766
vn 0.958303154 0.188418537 0.214833915
vn 0.815359533 0.160596222 0.556235313
vn 0.749269307 0.294064492 0.593398392
vn 0.903121889 -0.343985915 0.256991357
vn 0.708899081 -0.705224931 0.0109473197
vn 0.5573771 -0.609705508 0.563551188
vn 0.926047444 0.371544898 0.0662603304
vn 0.952122509 -0.0821343511 0.294476926
vn 0.915349185 -0.0910979584 0.392220467
vn 0.705837786 0.282917529 0.649423301
vn 0.520090759 0.309188247 0.796183527
vn 0.804760277 -0.324688613 0.496928692
vn 0.828860283 -0.524389029 -0.194953382
vn 0.69992584 0.302460462 -0.647009671
vn 0.619879067 -0.555639088 0.554089665
vn 0.624851406 -0.223819345 0.747974455
vn -0.385397553 0.435697794 0.813410163
vn 0.459068537 -0.69528383 0.553024769
vn 0.869945049 -0.134076193 0.474572688
vn 0.541025579 -0.793554127 0.278501809
vn -0.114000864 -0.763767004 0.635345459
vn -0.384894967 -0.436274141 0.813339293
vn 0.845576346 -0.472123802 -0.249198049
vn 0.890784264 -0.207691118 0.404187799
vn 0.845155716 -0.344588488 0.408620536
vn 0.973686397 -0.105185807 0.202165246
vn 0.658029556 -0.491544932 0.570421576
vn 0.862978697 -0.396791399 0.312768847
vn 0.117724165 -0.862035334 0.492987007
vn 0.955131412 -0.288705677 -0.0661277249
vn 0.974403679 -0.117072798 0.191915512
vn 0.812618673 0.0887546018 0.575997949
vn 0.965294957 0.0119782155 0.260887504
vn 0.948122978 0.280162752 0.150238425
vn 0.987958074 0.11703936 -0.101196013
vn 0.56169194 0.60594213 0.56332618
vn 0.242605701 0.490706742 0.836868823
vn 0.855602741 -0.104068965 -0.507063687
vn 0.954926372 0.284115672 0.0859876201
vn 0.754283309 0.293895781 0.587096214
vn 0.958779931 0.279266387 0.0524528734
vn 0.827155411 0.0309210904 -0.561121881
vn 0.776377022 -0.0225099698 -0.62986666
vn 0.496339589 -0.42707634 -0.755812705
vn 0.715223312 -0.365750402 0.595552087
vn 0.768061221 -0.171739146 0.616917789
vn -0.0107776197 0.0357600152 0.999302268
vn 0.600831687 -0.00247098482 0.799371779
vn 0.318961769 0.103902429 0.942054987
vn 0.300559163 -0.0968464762 0.948833466
vn 0.19531773 -0.0214214753 0.980506063
vn -0.71564275 0.0427677892 0.697155893
vn -0.855574727 -0.145212486 0.496895611
vn -0.899842858 -0.11425174 0.420985997
vn 0.126614198 -0.159741506 0.979005337
vn 0.223397389 -0.464820892 0.856758475
vn 0.477811366 -0.572640836 0.666167319
vn 0.498262882 -0.791937113 0.352944463
vn 0.463540196 -0.813640058 0.350885093
vn 0.435073674 -0.784744561 0.441459984
vn 0.768765032 -0.638926864 0.0277996026
vn 0.611962259 -0.747957826 0.25702396
vn 0.621698022 -0.744372427 0.243723989
vn 0.887951255 -0.438265085 0.139521793
vn 0.575282872 -0.814534426 0.0747214258
vn 0.944389105 -0.327675551 0.0275319256
vn 0.969147444 -0.138757735 -0.20371452
vn 0.750478208 -0.548590839 -0.368551999
vn 0.935050368 -0.354357332 -0.010567965
vn 0.386357605 -0.703517675 -0.596482038
vn -0.281360835 -0.749065518 -0.599780679
vn -0.624922514 -0.633660674 -0.456011027
vn 0.976571321 0.155744508 -0.148499727
vn 0.88089025 -0.438699841 -0.177693129
vn 0.87283206 0.372964799 -0.31474039
vn 0.777956545 0.343160421 -0.526331186
vn 0.585433304 -0.604444385 -0.540291488
vn 0.307813197 -0.373541743 -0.875052929
vn 0.309738368 -0.39493674 -0.864920259
vn -0.0217300896 -0.905973017 -0.422777474
vn -0.318019241 -0.619709969 -0.717511892
vn -0.360556751 -0.501326323 -0.786556244
vn -0.486340046 -0.343557775 -0.803393722
vn -0.29401952 0.867010295 -0.402300477
vn -0.577548087 0.683158159 -0.44691512
vn -0.233149439 0.948198199 -0.215781257
vn -0.0273210909 0.933527827 -0.357462257
vn -0.159824774 0.987039745 -0.0144463256
vn -0.215489104 0.901367962 0.375633091
vn 0.673692346 0.701190829 -0.233388171
vn 0.786379218 0.597863078 -0.15545918
vn 0.653555036 0.655941784 -0.37763229
vn 0.816199601 0.455306053 -0.35568887
vn 0.990618169 0.0734993219 -0.115210712
vn 0.637029171 0.243857846 -0.731250405
vn -0.148703068 0.320293248 0.935574532
vn -0.0972592831 0.36553508 0.925702214
vn -0.077912204 0.42640844 0.901169002
vn -0.035032209 0.511375904 0.858642817
vn 0.438681126 0.65195179 0.618480206
vn 0.426862329 0.625793636 0.652817607
vn 0.438681126 0.65195179 0.618480206
vn 0.44962129 0.676804006 0.582904041
vn 0.691367328 0.671072364 -0.267718315
vn 0.85778147 0.33822152 -0.387062043
vn 0.51266259 0.826615632 -0.232128382
vn 0.144719377 0.988047481 -0.0530889854
vn 0.0672086328 0.996280134 -0.0539337806
vn -0.260282189 0.958928645 -0.112734064
vn 0.0801089704 0.995797515 -0.0443850756
vn -0.334911019 0.928203166 0.162090853
vn -0.0923300982 0.993611634 0.064893119
vn -0.660072982 0.730050087 0.177004248
vn -0.912218273 0.368340522 0.179396138
vn -0.392900616 0.873699486 0.286842078
vn -0.360776126 0.675570428 0.642997026
vn -0.410845459 0.80019474 -0.436914623
vn -0.693018436 0.425194442 -0.582181334
vn -0.528505683 0.159603029 -0.833791792
vn -0.884468973 0.221799135 -0.410511643
vn -0.886980295 0.155588016 -0.434808344
vn -0.204680607 -0.571310341 -0.794802129
vn 0.0762870982 -0.624062955 -0.777641058
vn 0.0240517054 -0.589115798 -0.80769062
vn 0.00454570167 -0.608220279 -0.793755233
vn -0.194455191 -0.577218294 -0.793099165
vn 0.0758008063 -0.640169024 -0.764485419
vn 0.198678792 -0.82595861 -0.527559698
vn 0.144512713 -0.852083087 -0.503061235
vn -0.0304188952 -0.993144631 0.112864383
vn 0.0337346084 0.510740638 0.859072745
vn 0.282370299 0.538790107 0.793707967
vn 0.563287616 -0.0297523849 0.825725019
vn 0.587062418 0.474544466 0.655869842
vn -0.00137067691 0.0503295437 0.998731673
vn 0.419695139 0.416109025 0.80666548
vn -0.379998595 -0.0537398718 0.923424721
vn 0.577779651 -0.614273071 0.537437558
vn 0.450544864 -0.651946723 0.609897494
vn 0.53216666 -0.521273553 0.667137563
vn -0.624453962 -0.296074837 0.722770214
vn -0.385778219 -0.607949734 0.693954051
vn -0.682550013 -0.364886016 0.633232713
vn -0.646216989 -0.396227568 0.652232468
vn -0.462513506 -0.608573794 0.644762933
vn -0.648801923 -0.482443601 0.588476121
vn -0.118626155 -0.452159017 0.884013534
vn -0.682949722 -0.164545313 0.71169126
vn 0.525363266 -0.0700335428 0.84799093
vn -0.177360937 0.103626609 0.978674889
vn 0.405301809 -0.0873728916 0.909998059
vn -0.55015856 0.275090396 0.788448334
vn -0.921177387 0.0822885484 0.38034302
vn -0.976881802 0.0732415244 0.200842515
vn 0.554252625 -0.182429805 0.812110543
vn 0.686220348 0.376298159 0.622496068
vn 0.749454856 -0.234429613 0.619160771
vn 0.41314128 -0.866567552 0.279955298
vn 0.242006749 0.307841331 0.920144856
vn 0.158876061 0.643854022 0.748472095
vn 0.43633157 0.784842968 0.440041155
vn -0.577868223 0.0752067938 0.812657475
vn 0.292920321 0.390906215 0.872576654
vn 0.109615304 0.330609739 0.937380195
vn -0.419596553 0.291864336 0.859507918
vn -0.128490597 0.546643972 0.827448249
vn -0.835892975 -0.331880897 0.437193394
vn 0.142376617 0.695991993 0.703792512
vn -0.784370124 -0.307702243 0.538593411
vn 0.461764365 0.59590745 0.65701443
vn 0.666700482 0.474699944 0.57460463
vn 0.41788283 0.519305527 0.74545002
vn -0.725043595 -0.308614075 0.61568588
vn -0.730958343 -0.179527134 0.658384383
vn -0.742755592 -0.17902711 0.645184815
vn 0.206488028 0.820149958 0.533588529
vn -0.183129251 0.883894324 0.430342346
vn 0.206488028 0.820149958 0.533588529
vn 0.561719954 0.61983043 0.547978938
vn -0.118190512 0.978526473 -0.1688696
vn 0.0324698016 0.935512006 0.351799637
vn -0.0951005518 0.942086756 0.32160303
vn -0.446973622 0.877382278 0.174398944
vn -0.319291353 0.946094155 -0.0543947108
vn -0.640429854 0.750957966 -0.160971314
vn -0.416085631 0.649073541 0.636848867
vn -0.508591473 0.776118338 -0.372793734
vn -0.927591383 0.331878573 0.171554074
vn -0.681224465 0.234996349 0.693332493
vn -0.922940075 0.186397508 0.336804837
vn -0.063326925 0.602348804 0.79571712
vn 0.0100063542 0.260543972 0.965410113
vn -0.841712713 -0.0254989658 0.53932333
vn -0.963188469 -0.0496699996 0.264198452
vn -0.981645584 -0.0825962499 0.171900317
vn -0.988672316 -0.0875054523 0.121941611
vn -0.213865712 0.629092693 0.747331142
vn -0.197488233 0.644681633 0.738501072
vn 0.31693539 0.487900853 0.813329339
vn 0.515345395 0.442552626 0.733870745
vn 0.604740024 0.354093015 0.713377595
vn 0.288020074 0.652612567 0.700814664
vn 0.393966019 0.736833572 0.549424231
vn -0.00727307703 0.873048246 0.487579644
vn 0.187158108 0.779563665 0.597705841
vn -0.418448359 0.64099139 0.643452406
vn -0.532145977 0.506821632 0.67819798
vn 0.00534384465 0.734110117 0.679009438
vn -0.183977157 0.678600788 0.711093068
vn -0.317865103 0.874520063 0.366300941
vn -0.124764785 0.968836069 0.213986948
vn 0.0477842428 0.967956007 0.24653171
vn 0.140606612 0.985477388 0.0952051356
vn -0.356091738 0.793025076 0.494277269
vn -0.660465419 0.719221115 -0.215653703
vn -0.602097034 0.736702681 -0.307812065
vn -0.39597097 0.911535144 0.110953614
vn -0.473900825 0.859500825 0.19151026
vn -0.0238449313 0.490541101 0.871091783
vn -0.217962116 0.547275305 0.808073103
vn -0.274911493 0.580251455 0.766636729
vn -0.236996979 0.367280275 0.899409592
vn 0.0431229956 0.374533385 0.926210105
vn 0.345843315 0.308229655 0.886220515
vn -0.0265692193 0.209092662 0.97753489
vn 0.0213132724 0.333926708 0.942358017
vn -0.114855006 0.476783842 0.871484637
vn -0.319427282 0.207908466 0.924521625
vn -0.142502159 0.592203975 0.793087363
vn -0.275565445 0.355057478 0.893307269
vn -0.141410187 0.489070535 0.860705078
vn -0.656592846 -0.0188967269 0.754008472
vn -0.310319304 0.450645238 0.837030888
vn -0.451757222 0.475792795 0.754676402
vn -0.0437661372 0.578487933 0.814515889
vn -0.041979447 0.449835479 0.892124295
vn 0.0145454034 0.272052556 0.962172449
vn -0.0429095812 0.354605347 0.93403101
vn -0.611030638 0.120332234 0.782407582
vn -0.837592602 -0.438007057 0.326478958
vn -0.68258065 -0.677311838 0.274466932
vn -0.627575815 -0.658196032 0.415844381
vn -0.357366234 0.380331665 0.853016496
vn -0.221889362 0.455654174 0.862058282
vn -0.239461228 0.273206353 0.931674063
vn -0.0747876316 0.350685388 0.933502257
vn -0.307107061 0.492351234 0.814417303
vn -0.588984847 -0.209686175 0.780466914
vn -0.22841695 0.0828677267 0.970030248
vn -0.490588039 -0.335856766 0.804066896
vn 0.267435461 0.264615804 0.926529467
vn 0.278278977 0.109664403 0.954219341
vn 0.0912130997 -0.0564973652 0.994227409
vn 0.537586153 0.291797608 0.791110158
vn 0.357156694 0.292215168 0.887158036
vn 0.399401605 0.313601106 0.861471236
vn 0.188285187 0.209043145 0.959609091
vn 0.122954689 0.248812899 0.960715532
vn 0.163550064 0.341245949 0.925636351
vn 0.183834299 0.283516526 0.941181839
vn 0.853685498 0.38050741 0.35557726
vn 0.404322356 0.516980886 0.754489362
vn -0.0529015698 0.144995362 0.988017082
vn 0.308715403 0.208441883 0.928033829
vn 0.449800283 0.181193441 0.874556243
vn 0.162509829 -0.211209476 0.96383667
vn -0.0596606545 0.166289553 0.984270513
vn -0.716304302 -0.1455165 0.68244642
vn 0.21704495 -0.0840130374 0.972539544
vn 0.0868177861 -0.0555125587 0.994676352
vn -0.200795397 -0.207045168 0.957503736
vn -0.866868615 -0.268461108 0.420080274
vn 0.235781431 -0.105614066 0.966050088
vn -0.189834207 -0.0908619538 0.97760278
vn -0.732880175 -0.361042798 0.576658309
vn -0.739069223 -0.289779097 0.608115673
vn -0.745257974 -0.43237707 0.507583201
vn -0.72411257 -0.564184964 0.396681607
vn 0.188876942 -0.237156555 0.95293349
vn 0.28720063 0.0210920814 0.957638204
vn 0.149727806 -0.0879939869 0.984803915
vn 0.268551618 0.0936651602 0.958700716
vn 0.37919575 0.0677751377 0.922831059
vn 0.265752554 -0.0862658247 0.960173845
vn 0.00402263971 0.124512799 0.992209911
vn -0.178403214 -0.0311552584 0.983464181
vn 0.00845791679 0.228095368 0.973602057
vn 0.117970638 -0.00848305319 0.992980838
vn 0.577377319 0.355795741 0.734877467
vn 0.568901837 0.154218107 0.807816505
vn -0.259184003 -0.355284393 0.898107231
vn -0.192158788 -0.818470657 0.541461647
vn -0.752386987 -0.625736833 0.205832824
vn -0.301578045 -0.914904177 0.268330038
vn 0.397663891 -0.719882786 0.568886757
vn 0.466095001 -0.739737093 0.48532927
vn 0.522077858 -0.798463345 0.299818307
vn 0.480946273 -0.782867372 0.394726753
vn 0.351339608 -0.864818692 0.358676821
vn 0.309897542 -0.838603199 0.448004693
vn 0.3750799 -0.828487217 0.415841311
vn 0.12591517 -0.831607699 0.540901124
vn 0.0109414728 -0.82305932 0.567850113
vn -0.229012758 -0.330156565 0.915723622
vn 0.0840318948 -0.631100357 0.771136165
vn 0.132395387 -0.635177612 0.760934234
vn 0.725387871 0.522269309 0.448382914
vn 0.913906634 0.353423983 0.199665368
vn 0.944537759 0.298059404 0.137873068
vn 0.984567523 0.137155056 -0.108697332
vn -0.643079102 -0.454203904 0.616561472
vn -0.566311359 -0.506804943 0.649953961
vn -0.513305306 -0.612407565 0.601227582
vn -0.524167061 -0.77977854 0.342336655
vn -0.666939974 -0.389611095 0.635133326
vn -0.766497195 -0.193188429 0.61250329
vn -0.813768387 -0.52418083 0.251028806
vn -0.303293467 0.279937029 0.910850406
vn -0.476406217 0.353682041 0.804950953
vn 0.0916208848 0.469832212 0.87798816
vn 0.134567946 0.507405519 0.851135194
vn 0.0670058504 0.547467172 0.834140122
vn 0.0283756051 0.537356377 0.842877805
vn -0.0350470431 0.393077552 0.91883713
vn -0.0165986884 0.536959112 0.843444943
vn 0.0761628672 -0.0423892066 0.996194005
vn 0.0328483693 -0.588131309 0.808098018
vn -0.416208476 -0.713875175 0.563163102
vn -0.069422558 -0.931372046 0.357388765
vn -0.56541574 -0.65738529 0.498146266
vn -0.902270377 -0.394131482 0.174838737
vn -0.938214004 -0.303297132 0.166629612
vn -0.889504194 -0.37904796 0.255156428
vn -0.951232791 -0.176695302 0.252853543
vn -0.941838086 -0.246140599 0.228814229
vn -0.799967587 -0.362921923 0.477848858
vn -0.944732666 0.0212447774 0.327152699
vn -0.73310411 -0.419801384 0.535093665
vn -0.832044601 -0.274960518 0.481765985
vn -0.727708936 -0.230992541 0.645819008
vn -0.943786323 0.110459238 0.311554343
vn -0.841340661 0.54030633 -0.0146617033
vn -0.655972302 0.752602398 -0.0573584624
vn -0.365548223 0.901082754 -0.233290508
vn -0.224917844 0.950391233 -0.214868888
vn -0.163429216 0.955326378 -0.246256679
vn -0.749146938 0.652769148 0.11256738
vn -0.672971308 0.705490291 -0.222245499
vn -0.707233012 0.633854926 -0.313128293
vn -0.680203259 0.349836707 0.644156575
vn -0.729939044 0.67702204 0.0939684659
vn -0.441618294 0.668126941 -0.598815084
vn -0.56077069 0.654535294 -0.507069826
vn -0.58041656 0.508505344 -0.636033773
vn -0.434060931 0.846734583 0.307622582
vn -0.895803034 0.185087994 0.404078335
vn -0.88362956 0.0835880339 0.4606646
vn -0.920559108 0.254687935 0.296150118
vn -0.677452326 -0.113332726 0.726783395
vn -0.0329695269 0.118719399 0.992380381
vn -0.835323393 -0.116879545 0.537190974
vn -0.804131806 -0.00204382441 0.594447613
vn -0.67124629 -0.388226658 0.631433725
vn -0.725249529 -0.472588211 0.500673056
vn -0.543552816 -0.587992191 0.599012077
vn -0.863143682 -0.418451905 0.282632142
vn -0.955980659 -0.242258921 0.165564895
vn -0.933799028 -0.253670692 0.252330273
vn -0.904934108 -0.280514687 0.320009023
vn -0.905902207 -0.266702563 0.328954458
vn -0.908481359 -0.262723982 0.325019598
vn 0.784261823 -0.346841604 -0.514426231
vn 0.9137097 -0.355541408 -0.196786135
vn 0.898475945 -0.157087952 -0.409956545
vn 0.939602971 -0.342173338 -0.00797631778
vn 0.711319149 -0.650294065 0.266725868
vn -0.980176151 0.0154646821 -0.197523639
vn -0.599649251 0.707861543 -0.373299986
vn -0.654592216 0.64246428 -0.398432672
vn -0.452641338 0.828136683 -0.330613643
vn -0.503715217 0.697971821 -0.509024858
vn -0.513764918 0.483729869 -0.70855552
vn -0.607931435 0.367694676 -0.703718543
vn -0.265756518 -0.0223934129 -0.963780105
vn -0.638276994 0.554275215 -0.53421104
vn -0.734557986 0.654262483 -0.179903373
vn -0.438615918 0.789944589 -0.428489864
vn -0.596478581 0.793518662 -0.120588072
vn -0.774607301 0.63009423 -0.0544503443
vn -0.232316837 0.866983056 -0.440873384
vn -0.0506100021 0.769442558 -0.636707783
vn 0.293936908 0.620901346 -0.726692975
vn 0.651501656 0.331003964 -0.682628751
vn -0.637545705 0.706651866 -0.306885123
vn -0.295390874 0.865017891 -0.40557155
vn -0.0712717623 0.819881201 -0.568080187
vn 0.408623785 0.727549255 -0.551088631
vn -0.441610873 0.780612588 -0.442293942
vn -0.660221636 0.724695027 -0.197292715
vn -0.331065178 0.942972839 0.034615837
vn -0.535158396 0.826357126 0.175326824
vn -0.620620012 0.711912036 0.328651965
vn -0.791311681 0.53021574 0.304462224
vn -0.539177299 0.777894855 -0.322749913
vn -0.787471592 0.597861111 -0.149834767
vn -0.516455173 0.826218069 -0.225028276
vn -0.283856302 0.947773635 -0.145432517
vn -0.812742293 0.579952657 0.0557212681
vn -0.979479373 0.173684299 -0.102244101
vn -0.878433049 0.37968719 0.290160239
vn -0.695247173 0.715709507 -0.0662665889
vn -0.45070821 0.825962245 -0.338597864
vn -0.0249629337 0.909357786 -0.415265292
vn -0.565974712 0.8223176 -0.0588761494
vn -0.255791098 0.874382496 -0.412342161
vn -0.859622478 0.484863043 -0.161111444
vn 0.342728913 0.684048474 -0.643905818
vn -0.453019559 0.781011641 -0.429876655
vn -0.84637183 0.516771853 0.128846958
vn -0.660748839 0.352947146 0.662449479
vn -0.326246589 0.564881086 0.757939577
vn -0.655229807 0.57070905 -0.494939476
vn -0.693785489 0.321941882 -0.644216716
vn -0.296332091 0.519171476 -0.801653504
vn -0.539110839 0.781771183 -0.313358039
vn -0.819863915 0.569746733 -0.0566724725
vn -0.963093698 -0.0227929745 0.268199593
vn -0.331299067 0.943252623 -0.0227003843
vn -0.610356867 0.759808004 0.223955989
vn -0.660989583 0.706211567 0.253688514
vn -0.548893094 0.744982183 0.379101574
vn -0.794038117 0.451379359 0.40713653
vn -0.482761532 0.871939957 0.0816208795
vn -0.268799335 0.897082329 -0.350699633
vn -0.604566276 0.458540946 -0.651336968
vn -0.530206203 0.231587216 -0.815627813
vn -0.493743628 -0.123203792 -0.860835671
vn -0.184860811 -0.19954972 -0.962292194
vn -0.646886706 -0.141578794 -0.749328375
vn -0.300840139 0.867344558 0.396495461
vn 0.0113365082 0.694641352 0.719266832
vn -0.474267811 0.876688898 -0.080540739
vn -0.238410532 0.932541311 -0.271158814
vn 0.244701385 0.938737273 -0.242679715
vn 0.232448876 0.865828931 -0.44306621
vn 0.317894906 0.825761259 -0.465898335
vn 0.604055107 0.609859228 -0.513019681
vn 0.639039755 0.44957307 -0.624109149
vn -0.535404146 0.804380476 -0.257516056
vn -0.535557091 0.778402746 -0.327517569
vn -0.303787053 0.905732095 -0.295571864
vn -0.0827758312 0.960605741 -0.265301079
vn -0.213356361 0.761638999 -0.61187011
vn -0.572927058 0.635327697 -0.517796516
vn -0.39685002 0.654080689 -0.643963158
vn -0.58740443 0.733811975 -0.341286063
vn -0.554688573 0.780530334 -0.288258255
vn -0.352790952 0.74903214 -0.560793579
vn -0.440317661 0.872771978 -0.210688144
vn -0.509266555 0.843343914 -0.171518669
vn -0.482893169 0.673991561 0.559061348
vn -0.205185041 0.948977828 -0.239458323
vn -0.232506469 0.89075458 0.39050886
vn -0.00529440958 0.632007837 0.774943948
vn 0.125522152 0.649648786 0.749800324
vn -0.253367543 0.837057471 -0.484912127
vn -0.0466018207 0.687079012 0.725086689
vn -0.401246369 0.903173029 -0.152576789
vn -0.431110114 0.838705361 0.332742155
vn -0.386352479 0.922250628 0.0136275543
vn -0.538447142 0.809478581 0.2341346
vn -0.0742683858 0.997232854 -0.00330357417
vn 0.155242816 0.900451481 -0.406308651
vn 0.178707913 0.978286505 0.10497202
vn 0.321605772 0.704656482 0.632478416
vn -0.184323832 0.539297402 0.821695268
vn 0.257205307 0.677224874 0.689356208
vn 0.206752792 0.671138287 0.711917579
vn 0.789844155 0.604670048 -0.10256882
vn -0.162798509 0.844642818 -0.509975731
vn -0.100114428 0.684693575 -0.721922219
vn 0.143742144 0.788589776 -0.597883284
vn -0.0832259804 0.992026508 -0.0946401805
vn -0.0450944155 0.554966509 0.830649495
vn -0.307615131 0.873411655 0.377524883
vn 0.495568424 0.64999938 0.576118767
vn 0.957512796 0.281885445 -0.0609085336
vn 0.969229102 0.239113301 -0.0584789254
vn 0.425790578 0.806528986 0.41013819
vn 0.195052683 0.603493989 0.773142517
vn 0.322834462 0.851585448 0.413013458
vn -0.212720767 0.542660415 0.812569797
vn 0.452106297 0.670793653 0.58790797
vn 0.353245854 0.566496134 0.744512916
vn 0.526785195 0.524929464 0.668540418
vn 0.308055758 0.942065716 -0.132717177
vn 0.694749773 0.714608014 -0.0815963298
vn 0.69987309 0.710681736 -0.0714776069
vn -0.530436754 0.79445672 -0.2957623
vn -0.865147233 0.496658087 -0.0696482286
vn 0.707586169 0.650459707 0.276087195
vn 0.365790904 0.765946269 0.528699756
vn 0.919074893 -0.0728150532 0.387297541
vn 0.594349682 0.529425085 0.605357349
vn 0.870523453 0.474938899 0.128926098
vn 0.891803443 0.267848969 -0.364614397
vn 0.370063186 0.833459735 0.410363317
vn 0.151904345 0.901074708 0.406189054
vn 0.380886734 0.720317185 0.57971406
vn -0.294582129 0.357321262 0.886308551
vn -0.379871041 0.361830533 0.851338208
vn -0.710282564 0.267690331 0.651030362
vn -0.479396641 0.317503095 0.818150699
vn -0.2094699 0.337822974 0.917604506
vn 0.0841349661 0.439498186 0.89429456
vn -0.284385979 -0.0894829854 0.954524636
vn -0.343241602 -0.0547050796 0.937652647
vn 0.0185986701 0.890634477 0.454339504
vn 0.191533238 0.892527401 0.408301085
vn 0.493485242 0.611495852 0.618502259
vn 0.279705912 0.592151642 0.755725563
vn 0.413489968 0.0601841137 0.90851748
vn 0.101117395 -0.0167919584 0.994732857
vn 0.292553097 -0.534531713 0.792898834
vn 0.470971674 0.170460001 0.865522444
vn -0.342561334 -0.18855907 0.920378864
vn -0.347099364 0.0561640859 0.936145067
vn -0.347059995 -0.223668262 0.910780907
vn -0.506771922 0.0462317653 0.860839605
vn -0.653006554 -0.254156142 0.713433325
vn -0.708910227 -0.457345784 0.536918044
vn -0.760373235 -0.474379689 0.443617433
vn -0.655691922 -0.572145164 0.492664069
vn 0.73443377 -0.55592972 0.389293134
vn 0.609736383 -0.718598306 0.334421962
vn 0.759547949 -0.454972565 0.464851499
vn 0.739716411 0.552072406 0.384753972
vn 0.913588583 0.176094115 -0.366533369
vn 0.871338487 0.288341016 -0.39702493
vn 0.874991119 0.303476453 -0.377216995
vn 0.819623888 0.390181482 -0.419493794
vn 0.2574642 0.872271061 0.415758878
vn 0.0987203196 0.982689738 0.15676488
vn 0.36493054 0.800372124 0.475636661
vn 0.11269208 0.582966149 0.804643393
vn -0.435795248 0.842249274 -0.317330599
vn -0.0873843804 0.953414738 -0.288728744
vn -0.51434499 0.797606766 -0.315075845
vn -0.750750959 0.491704315 -0.44113481
vn -0.874143898 0.224183604 -0.430829763
vn -0.735490501 0.502844274 -0.454094112
vn -0.859400451 0.503694952 -0.0878757313
vn -0.792706192 0.567172766 0.223454654
vn -0.957092524 0.202052712 0.207722336
vn -0.755439818 0.654141068 -0.0375513397
vn -0.698201776 0.628507555 0.342771888
vn -0.759992361 0.371852517 -0.533045411
vn -0.0782721341 0.571360052 0.816958487
vn -0.122278281 0.850804746 0.511057079
vn -0.118349269 0.98995322 0.077370964
vn -0.225297555 0.96845758 0.106447421
vn -0.188382 0.856706858 0.480172366
vn -0.198399991 0.979660451 -0.0300471857
vn -0.0791746452 0.996259809 -0.0346087627
vn -0.214761212 0.971836388 0.0970141441
vn -0.324813396 0.934265554 0.147119641
vn -0.133077055 0.945135951 0.298343092
vn -0.106258281 0.67033422 0.734412134
vn 0.931210041 0.285877854 0.226101369
vn 0.94648993 0.229978293 0.226421669
vn 0.942690074 0.253119349 0.217407614
vn 0.92797631 0.341909707 0.148181692
vn 0.941913068 0.263894081 0.207748994
vn 0.944195986 0.149043679 0.293734342
vn 0.977406263 0.183094963 0.105609201
vn 0.978470564 0.184378341 -0.0927367732
vn 0.990776896 0.133695453 0.0220583603
vn 0.949721694 0.305128694 0.0701799542
vn 0.663344324 -0.185440332 -0.724973142
vn 0.966171682 0.228336036 0.119895488
vn 0.357203037 -0.419623166 -0.834459364
vn 0.911883831 0.231833771 0.338704705
vn 0.0612930283 -0.491875142 -0.868505597
vn -0.449820548 -0.427391857 -0.784217894
vn 0.550816178 -0.380976826 -0.742602229
vn 0.987512052 0.109352298 0.113410205
vn 0.900409579 0.312710196 0.302448183
vn 0.821638584 0.348932803 0.450728208
vn 0.938283801 -0.101051383 -0.330775112
vn 0.878848314 -0.0835446864 -0.469729751
vn -0.693074167 -0.328894794 0.641464233
vn -0.631361365 -0.313078523 0.709482014
vn -0.602950394 -0.463065475 0.64963156
vn -0.559137583 -0.276396573 0.781645715
vn -0.482821852 -0.287059933 0.827332914
vn -0.62985146 -0.26087001 0.731596828
vn -0.773728013 -0.285191476 0.565694988
vn -0.777119339 -0.323091 0.540090382
vn -0.630275488 -0.517994702 0.57830292
vn -0.62744242 -0.630621791 0.456762642
vn -0.472464502 -0.66716665 0.575904489
vn -0.675757766 -0.734724462 0.0594252832
vn -0.689600766 -0.692718804 -0.211166948
vn -0.511693895 -0.84358716 -0.162880287
vn -0.16806379 0.863777399 0.475019097
vn -0.0804642439 0.865331113 0.494699508
vn -0.336142719 0.854341269 0.396369845
vn 0.0497627445 0.846525252 0.530017734
vn 0.0936086625 0.84797132 0.521710694
vn 0.181103691 0.17995508 0.966859698
vn 0.0506692342 0.563998759 0.824219584
vn 0.0506692342 0.563998759 0.824219584
vn -0.0891313776 0.843788028 0.529223442
vn -0.945315957 0.215034112 -0.245230883
vn -0.931432426 0.293285012 -0.215447485
vn -0.872134089 0.373341501 -0.316224962
vn -0.766168892 0.525718212 -0.369601786
vn -0.465326548 0.792346597 -0.394535482
vn -0.308035612 0.898078978 -0.313955903
vn 0.0699902251 0.98238647 -0.17325753
vn 0.323646456 -0.921755672 -0.213587105
vn 0.602182448 -0.792252779 0.0985482633
vn 0.323646456 -0.921755672 -0.213587105
vn -0.0169590916 -0.874482512 -0.484760374
vn -0.1073144 0.421560466 0.900427938
vn 0.271915257 0.265559018 0.924954355
vn 0.377892166 0.204116255 0.903069317
vn 0.367161304 0.173492119 0.913834333
vn 0.38638556 0.353290319 0.851993084
vn -0.00881508458 0.355339378 0.93469584
vn 0.378840923 0.412376016 0.828508019
vn 0.631219268 0.429541677 0.645798862
vn 0.652874053 0.434426814 0.620506883
vn -0.15458712 0.6374982 0.754783988
vn -0.181135371 0.651364505 0.736827135
vn -0.181135371 0.651364505 0.736827135
vn -0.207462773 0.66443646 0.717971742
vn 0.504045248 0.0495276861 -0.86225605
vn 0.708408833 0.0102888318 -0.705727339
vn 0.708408833 0.0102888318 -0.705727339
vn 0.864738464 -0.0296476632 -0.501346648
vn -0.633753121 0.77226299 0.0443477593
vn -0.861005604 0.412308127 -0.297777385
vn -0.342478395 0.786033034 0.514646113
vn 0.207256541 0.778401017 -0.592567742
vn -0.19311738 0.638987362 0.744580984
vn 0.0417068489 0.617929041 0.785126865
vn 0.150410652 0.922421873 0.355688721
vn 0.573807001 0.810788929 0.115615033
vn 0.714223444 0.527122557 0.460463554
vn 0.693265855 0.686371326 -0.219720066
vn 0.384840101 0.473121524 -0.792498589
vn 0.209017515 0.157835037 -0.965090513
vn 0.141171232 0.226059467 -0.963829696
vn 0.157548606 0.351477653 0.92284447
vn 0.149922952 0.352595985 0.923687756
vn -0.112458892 0.362904847 0.925015152
vn -0.328694791 0.716638088 0.615133822
vn -0.867303789 0.431521297 0.248140112
vn -0.896083832 0.43978408 0.0601970032
vn 0.292129576 0.841870427 0.453777969
vn 0.158476919 0.986768425 0.0342524871
vn 0.309481859 0.188463777 0.932042062
vn 0.455883235 0.269728422 0.848184526
vn 0.502552748 0.255166382 0.826033235
vn 0.591160834 0.0230162814 0.8062253
vn 0.571362257 0.384755492 0.724919558
vn 0.797163427 0.30581373 0.520584702
vn 0.760763288 0.414656192 0.49929896
vn 0.890862882 0.450181514 0.060827259
vn 0.880505383 0.46891728 -0.0694761947
vn 0.217735052 0.244331956 0.944930375
vn 0.227729365 0.243902594 0.942682803
vn 0.232622057 0.249335065 0.940063298
vn 0.600117385 -0.277963579 0.750063598
vn 0.559456408 -0.255762935 0.788412273
vn 0.699319482 -0.0237673465 0.714413941
vn 0.395264387 0.207693473 0.894779027
vn 0.520231545 -0.101490289 0.847973347
vn 0.503476143 0.0406057052 0.863054454
vn 0.509551525 0.241173699 0.825949371
vn 0.351010293 0.268106788 0.8971681
vn 0.641626537 0.494608819 0.586240113
vn 0.760356307 0.543953896 0.35492608
vn 0.632861614 0.676498473 0.376611143
vn 0.52923286 0.730577648 -0.431472927
vn 0.475989878 0.759528756 -0.443339288
vn 0.513433278 0.711296856 -0.480044991
vn 0.53125596 0.685711265 -0.497561306
vn 0.477310777 0.666459143 -0.572718561
vn 0.484178275 0.563551784 0.66931361
vn 0.685216367 0.439982474 0.58042562
vn 0.815304637 0.32096085 0.481936187
vn 0.535651207 0.424423873 0.730028987
vn 0.237829342 0.66791296 0.705215812
vn 0.0263288785 0.899735868 0.435640156
vn 0.0263288785 0.899735868 0.435640156
vn -0.189677685 0.977573037 0.0915065482
vn -0.138922557 0.0451493375 -0.989273489
vn -0.00732305553 -0.147925377 -0.988971412
vn -0.138922557 0.0451493375 -0.989273489
vn -0.262937397 0.235759065 -0.935564876
vn -0.296022236 -0.67402494 -0.676802278
vn -0.00587473297 -0.682055235 -0.731277108
vn -0.0719437972 -0.702987611 -0.707553923
vn 0.13956207 -0.663855314 -0.734723508
vn 0.122918844 -0.630743325 -0.766194463
vn -0.0391832478 -0.328540146 -0.943676889
vn 0.0643360242 0.199021682 -0.977880955
vn 0.200970218 0.228724167 -0.952521026
vn 0.495989799 0.100556739 -0.862486184
vn 0.40463239 0.408944875 -0.817946732
vn -0.112814978 -0.200810909 -0.973112464
vn 0.187444836 0.282693446 -0.94071722
vn 0.20947361 0.421926767 -0.882098973
vn 0.244160995 0.430569738 -0.868904591
vn 0.0836354122 0.560955226 -0.823610604
vn -0.153536201 -0.44532758 -0.88210541
vn 0.341601551 0.144131929 -0.92872721
vn 0.195819438 0.813808262 -0.547147989
vn -0.260273397 0.734568 -0.626631916
vn 0.178279489 -0.0485460609 -0.982781589
vn -0.100422278 0.100670725 -0.989838839
vn 0.110643081 -0.361474693 -0.925793886
vn -0.19612436 0.356449425 -0.913498282
vn 0.409758925 0.383928627 -0.827463806
vn 0.598367929 0.313190132 -0.737473905
vn 0.834715366 0.288874507 -0.468830258
vn 0.167289048 0.820184767 -0.547093511
vn 0.329028696 0.892436028 -0.308703661
vn 0.68632102 0.625777245 -0.370629847
vn -0.00456892187 0.773171365 -0.634180665
vn -0.163682669 0.752725124 -0.637662053
vn 0.169027671 0.491624922 -0.854245067
vn -0.704183817 -0.174506783 -0.68823874
vn -0.875361562 0.000684830942 -0.483468473
vn 0.486716509 0.654905856 -0.578104913
vn 0.00137935637 0.224188343 -0.974544823
vn -0.264917523 -0.186068133 -0.946148694
vn 0.49022451 0.784926236 -0.378907293
vn 0.907447219 -0.00433481019 -0.420143872
vn 0.476623416 0.625429451 -0.617792964
vn 0.533052444 0.54063952 -0.650817931
vn 0.602432549 0.574206412 -0.55440253
vn -0.595207512 -0.65861553 -0.460384309
vn -0.638745368 -0.6402964 -0.426643789
vn -0.738280833 -0.514432967 -0.436234117
vn -0.598472416 -0.130672202 -0.790414751
vn 0.469501466 0.225166008 -0.85373801
vn 0.365001708 0.0331381038 -0.930416882
vn 0.31460622 0.806382895 -0.50076896
vn 0.0187378768 0.699240565 -0.714640856
vn 0.248978972 0.830343485 -0.498537153
vn 0.291865706 0.952853203 -0.0829777643
vn 0.271199435 0.961448371 0.0454753228
vn 0.188461199 0.961571574 -0.199655846
vn 0.442128062 0.89666611 0.0226441901
vn 0.0606434681 0.993193448 0.0994444117
vn 0.0809421688 0.961177468 -0.263792157
vn 0.484821737 0.641589463 -0.594399631
vn 0.110748157 0.979209185 -0.169953793
vn 0.059169516 0.924181283 -0.377343267
vn 0.431826562 0.406666428 -0.80507654
vn 0.519142747 0.634058833 -0.573114455
vn -0.0489777848 0.988142908 -0.145515621
vn 0.0622240677 0.973168433 -0.221520528
vn -0.240700096 0.959631026 0.145505264
vn -0.851988435 0.466407508 0.237865284
vn 0.11106471 0.971394598 -0.20989807
vn 0.268798023 0.906673849 -0.325100422
vn -0.0580582395 0.976292729 -0.208522931
vn 0.0282636024 0.990564942 -0.134097949
vn 0.125479385 0.968380749 -0.215623945
vn 0.176418737 0.953603446 -0.243960962
vn 0.0149873933 0.982151151 -0.187495261
vn 0.0620290302 0.994708657 -0.0818966851
vn -0.306353629 0.950341046 0.0547663979
vn -0.698447585 0.620286226 0.35695377
vn -0.713794708 0.599256396 0.36247617
vn 0.277634978 0.85185796 -0.444136083
vn 0.145050779 0.980111539 -0.135431841
vn 0.317512989 0.878829539 -0.356151909
vn 0.352469295 0.756633461 -0.550700605
vn 0.317985982 0.863849163 -0.390703976
vn 0.32834512 0.85427171 -0.403000325
vn -0.013681381 0.999387622 0.0322052613
vn 0.187689126 0.972265899 0.139541432
vn 0.128046632 0.991442263 -0.0254222546
vn 0.351539612 0.912018776 -0.211285979
vn 0.190220356 0.922158241 -0.336809069
vn 0.0707052425 0.989969909 0.12231265
vn 0.256996363 0.874901056 -0.410488844
vn 0.319740832 0.895703852 -0.308998913
vn 0.225107357 0.882074594 -0.413849056
vn 0.631013811 0.710884273 -0.31058839
vn 0.525639653 0.733308017 -0.431233466
vn 0.682620227 0.65054518 -0.332897365
vn 0.7433483 0.592890978 -0.309699178
vn 0.410540402 0.780682027 -0.471160322
vn 0.629320085 0.643693924 -0.435447246
vn 0.629419148 0.65713203 -0.414739758
vn 0.216259941 0.883228719 -0.41609928
vn -0.125308603 0.843188047 -0.522811294
vn -0.0904954821 0.662193537 -0.743848324
vn 0.917679548 0.344455123 -0.198027521
vn 0.9805879 0.141016528 0.136241198
vn 0.956365526 -0.121533141 0.265696853
vn -0.658574522 0.217240453 -0.720476389
vn -0.0887355283 0.438689888 -0.894246697
vn 0.370669633 0.217549846 -0.902926385
vn -0.597225428 0.735135376 -0.320776761
vn -0.946937323 0.0894469097 0.308721393
vn 0.20507817 0.909082532 -0.362645745
vn 0.0405195653 0.941174448 -0.335482985
vn 0.0396048129 0.851677597 -0.522567391
vn 0.0252560098 0.599721551 -0.799810052
vn 0.0522563569 0.830444753 -0.554644704
vn -0.11307317 0.733626127 -0.670080006
vn -0.114165179 0.555515766 -0.823631346
vn -0.300668299 0.831993282 -0.466246575
vn -0.260572553 0.652193844 -0.711860299
vn -0.0894192532 0.90295428 -0.420330495
vn -0.452559769 0.665996671 -0.592990756
vn -0.535665631 0.561774313 -0.630453706
vn -0.316938132 0.722419977 -0.61454016
vn 0.63740778 0.345846355 -0.688550293
vn -0.311623067 0.854138434 -0.416339546
vn -0.566387057 0.596751273 -0.568413138
vn -0.0302572679 0.936044395 -0.350578517
vn -0.0250377432 0.945084512 -0.325865567
vn -0.0279547423 0.907014489 -0.420170546
vn -0.290083289 0.511990845 -0.808527768
vn 0.0184819568 0.935741365 -0.352202266
vn 0.0102440724 0.937932968 -0.346665293
vn -0.304281265 0.914544284 -0.266498953
vn -0.110735409 0.974023879 -0.19752267
vn -0.447571576 0.748923421 -0.488664925
vn -0.513614535 0.85641253 0.0525135845
vn -0.408448815 -0.0229901876 -0.912491679
vn -0.240991384 -0.390440881 -0.88852632
vn 0.084816739 -0.355205208 -0.930932522
vn -0.0559808798 0.972078204 -0.227882102
vn -0.366085947 0.917432845 0.155877769
vn 0.0331702344 0.850732625 -0.524551034
vn -0.120002598 0.782887399 -0.610480607
vn -0.00136137439 0.819153786 -0.573572397
vn 0.175995424 0.176391542 -0.968458474
vn -0.249405459 -0.378066838 -0.891550541
vn 0.234824106 -0.313610882 -0.920057535
vn 0.62717104 -0.357194304 -0.692147851
vn 0.604684293 -0.359227359 -0.710853517
vn -0.0394311212 -0.310162276 -0.94986552
vn -0.0941306278 -0.357235849 -0.929258823
vn 0.0383156724 -0.210117906 -0.976925015
vn 0.0878220722 0.588496566 -0.803715765
vn -0.0956735164 0.87672931 -0.471372813
vn -0.000369658199 0.736338079 -0.676613748
vn -0.0153340753 0.385981858 -0.922378898
vn 0.230828226 0.228908151 -0.945684671
vn 0.41326496 -0.00174205261 -0.910609126
vn 0.671476901 -0.326504439 -0.665216923
vn 0.780258238 0.226071581 -0.583171189
vn 0.622914553 0.380098164 -0.683741868
vn 0.218651563 0.298256069 -0.929104328
vn 0.301991045 0.167082563 -0.938554645
vn 0.552239239 0.154139355 -0.819312513
vn -0.142112151 0.287672549 -0.947126448
vn -0.301803291 -0.0722546354 -0.950628161
vn 0.753733933 0.101373143 -0.649313927
vn 0.697369397 0.031047279 -0.716039121
vn 0.702463508 -0.00603504991 -0.711694241
vn 0.663465798 0.293114692 -0.688401699
vn 0.784557343 0.383320183 -0.487375915
vn -0.00896314904 0.476346731 -0.879211783
vn 0.467777699 0.432879657 -0.770583689
vn 0.041956611 0.3784841 -0.924656332
vn -0.0541080832 0.6906569 -0.721155524
vn -0.118949078 0.244912386 -0.962220907
vn -0.010924072 0.0781289488 -0.996883333
vn -0.474397629 0.338223517 -0.812743366
vn -0.520827949 0.439566553 -0.731792033
vn -0.107336506 0.646386623 -0.755422592
vn 0.463618696 0.621465921 -0.631536067
vn -0.502410233 0.72760731 -0.467088312
vn -0.525125444 0.546316922 -0.652519047
vn -0.592091143 0.281114966 -0.755249858
vn -0.611433029 0.762732625 -0.210685909
vn -0.273349315 0.86890161 -0.412662357
vn -0.639695764 0.733890772 -0.228459328
vn -0.56643343 0.750829101 -0.339718729
vn -0.541873932 0.695996404 -0.471128076
vn -0.442579955 0.703250647 -0.556382477
vn -0.351506799 0.731985152 -0.583644271
vn -0.331457108 0.730687261 -0.596852005
vn -0.176281929 0.428068429 -0.88638711
vn -0.222890645 0.737146437 -0.637914479
vn 0.124690726 0.730987191 -0.670902252
vn -0.212824732 0.793280125 -0.570449114
vn -0.146172225 0.192909807 -0.970267773
vn -0.00553466193 0.348635286 -0.93724215
vn -0.25551644 0.359572083 -0.89745158
vn 0.0714567602 0.667598844 -0.741084099
vn -0.0850835741 0.03877059 -0.995619237
vn -0.102751076 0.500626862 -0.859543502
vn -0.376436412 0.856216669 -0.353819937
vn -0.0880246162 0.960124612 -0.265353322
vn 0.108998306 0.95355618 -0.280802608
vn -0.0801346451 0.745192766 -0.662016809
vn -0.119144157 0.748330593 -0.65253818
vn -0.115796454 0.777955174 -0.617557228
vn -0.0158142578 0.829924643 -0.557651341
vn 0.186774448 0.835864127 -0.516184568
vn -0.320449471 0.763653338 -0.560487092
vn -0.305703998 0.868651748 -0.389858067
vn -0.361011982 0.817979991 -0.447860688
vn -0.353459299 0.822626591 -0.445367247
vn -0.459559143 0.878013611 -0.133781195
vn -0.487086833 0.824888766 -0.28688851
vn -0.65246892 0.733171046 0.191688597
vn -0.677306294 0.536045015 0.503896713
vn -0.617511153 0.783417463 -0.0702639744
vn -0.291783482 0.951401055 0.0984807536
vn 0.0415469334 0.642204702 0.76540643
vn -0.0725479871 0.938196242 0.338414818
vn 0.613994896 0.259686559 0.745367825
vn -0.217994124 0.974051416 -0.0608465448
vn -0.382896394 0.889875948 -0.248014286
vn -0.548475564 0.814549923 -0.188899636
vn -0.793093681 0.554985046 -0.250986308
vn -0.338785201 0.72228092 0.602938592
vn -0.628216684 0.711741447 -0.314273596
vn -0.524602592 0.832375109 -0.178728297
vn -0.617493689 0.744427621 -0.254025757
vn -0.757244349 0.533148587 -0.377271444
vn -0.51107198 0.84400028 -0.162693202
vn -0.453944057 0.884408891 -0.108423904
vn -0.787517488 0.566875637 -0.241802126
vn -0.84641999 0.486014187 -0.217631474
vn -0.961699784 0.109318957 -0.251362413
vn -0.857786417 0.494011581 0.141968861
vn -0.764139652 0.60005188 -0.236703292
vn -0.666056156 0.472860515 0.576864123
vn -0.801130354 0.241873696 -0.547436953
vn -0.455611855 0.821438491 -0.343011051
vn -0.573053658 0.779691339 -0.252370447
vn -0.351457059 0.868306994 -0.350029677
vn -0.346092165 0.788707197 -0.508095503
vn -0.425916076 0.843285918 -0.3278175
vn -0.611211836 0.747053325 -0.261402756
vn -0.54274857 0.782863736 -0.304217726
vn -0.581631303 0.760417163 -0.288912982
vn -0.449838281 0.806168795 -0.384366274
vn -0.683681846 0.578665376 -0.444663405
vn -0.505187571 0.823144019 -0.259267122
vn -0.608069241 0.754414499 -0.24720569
vn -0.562073946 0.794401407 -0.230215624
vn -0.535437286 0.811249137 -0.234908119
vn 0.0822503641 0.972880542 -0.216190353
vn 0.293906212 0.801647365 0.520558059
vn 0.167597309 0.705855608 0.688243449
vn 0.0708731115 0.500875354 -0.862612784
vn 0.486820668 0.310269177 -0.816540658
vn 0.537916422 0.205603153 -0.817541063
vn -0.116709903 -0.162721172 -0.979745209
vn -0.329836279 -0.350005865 -0.876757622
vn -0.564924598 -0.491161168 -0.663039148
vn -0.53600204 -0.451765239 -0.713168979
vn 0.371614724 -0.388561428 -0.843162179
vn -0.519892097 -0.555407047 -0.649026394
vn -0.4350743 -0.446278721 -0.782013893
vn -0.477594644 -0.632877171 -0.609401166
vn -0.730513871 -0.112689465 -0.673535764
vn -0.573693991 -0.128616318 -0.808908641
vn -0.0981307477 -0.421511024 -0.901498079
vn -0.040987324 -0.427654445 -0.903012633
vn 0.134049788 0.460848808 -0.877296448
vn 0.717989266 0.38206771 -0.581821084
vn 0.668585956 0.684516191 -0.290569067
vn -0.046497222 0.570796728 -0.819773734
vn -0.0827809498 0.408128262 -0.909163713
vn -0.422542721 -0.369341105 -0.827674389
vn -0.478539288 -0.110980473 -0.871024311
vn -0.493694991 -0.147013828 -0.857118547
vn -0.535648882 -0.244955957 -0.808131754
vn -0.0361047462 0.0907550231 -0.995218575
vn -0.482276678 -0.0190458745 -0.875811815
vn -0.0409620143 -0.429725498 -0.902030051
vn 0.654955685 -0.0636049137 -0.752985775
vn 0.436478138 -0.353903532 -0.827187538
vn 0.802213132 0.00150502031 -0.597035885
vn 0.739891887 0.208331987 -0.639654279
vn 0.596740782 0.190735623 -0.779435992
vn 0.614978075 0.171719 -0.769619823
vn 0.639180243 0.732851923 0.233188033
vn 0.564397931 0.736209214 0.373431206
vn 0.838189662 0.527358472 0.139036268
vn 0.577350557 0.710172653 0.40289095
vn 0.406456709 0.747546613 0.525325537
vn 0.813586831 0.54660368 0.198244855
vn 0.974282026 0.224649057 -0.0175331496
vn 0.958896399 -0.124358669 -0.255054265
vn 0.268801361 0.764348209 0.586103678
vn 0.194697842 0.863343954 0.465542763
vn 0.235729665 0.956340134 0.172757328
vn -0.214370728 0.808619082 0.547887206
vn -0.239862889 0.798994482 0.551428735
vn -0.632836461 0.629891455 0.450282961
vn -0.388957351 0.775086939 0.49794811
vn -0.296561092 0.95114404 0.0858864263
vn -0.0525183529 0.919017792 -0.390702188
vn 0.239328191 0.969803691 -0.0469338894
vn -0.706270576 0.496171057 -0.504971564
vn -0.880484939 0.22357136 -0.4180457
vn -0.835657001 0.49485448 -0.238320068
vn -0.250530988 0.0098077096 -0.968058884
vn 0.412406921 -0.0222854838 -0.910727084
vn 0.585492074 -0.269278824 -0.764648855
vn 0.714966238 -0.201398462 -0.669523716
vn 0.713125587 -0.403557748 -0.573230386
vn 0.0217336565 0.273805916 -0.961539388
vn 0.438314378 0.471978664 -0.764929175
vn 0.531976163 -0.214367643 -0.819175124
vn -0.341272533 0.673680484 -0.655505598
vn 0.362513334 0.777498186 -0.513887823
vn -0.658821702 0.224074259 -0.718153656
vn -0.626781046 -0.0367353335 -0.778329015
vn -0.739231467 0.304317117 -0.600772798
vn -0.827517211 0.52140224 -0.208218351
vn -0.770510018 0.636581898 0.0328295194
vn -0.769542992 0.637809932 0.0316544585
vn -0.143486723 0.210294142 0.967051148
vn -0.00798568875 0.278946102 0.960273564
vn -0.0281450823 0.464828134 0.884953439
vn 0.0329029188 0.581925929 0.812575936
vn -0.0645610541 0.775535464 0.62799418
vn 0.887577534 -0.454155624 -0.0771288276
vn 0.943167031 -0.217084363 -0.251615107
vn 0.948193669 -0.216331586 -0.232657373
vn 0.822592974 -0.568180501 0.0226229392
vn 0.530147731 -0.80884254 0.254395515
vn -0.388792872 0.490731627 0.779758036
vn -0.0929474086 0.613000035 0.784596562
vn 0.11144384 0.952515423 0.283362955
vn 0.441962332 0.807939708 0.389747024
vn 0.28209421 0.872611701 -0.398712605
vn -0.105364867 0.711072028 -0.695179701
vn -0.355590969 0.925999701 -0.126805663
vn -0.374310851 0.924341083 -0.0740613043
vn -0.355590969 0.925999701 -0.126805663
vn -0.335756272 0.924755096 -0.179152429
vn -0.642201424 -0.533695459 0.550224006
vn -0.624259591 0.402573675 0.669503152
vn -0.615327597 -0.515211463 0.59659797
vn -0.829297662 -0.162352949 0.534702659
vn -0.892264247 0.280577183 0.353752822
vn -0.919243395 0.100442149 0.38066113
vn -0.953733206 0.17075555 0.247458145
vn 0.119534373 0.741113186 0.660653353
vn 0.175320417 0.845220745 0.504841268
vn 0.390628219 0.44138521 0.807829618
vn 0.436369002 -0.00979470834 0.89971453
vn -0.723539531 0.645914555 -0.24348478
vn -0.603024006 0.790338159 -0.108294815
vn -0.723539531 0.645914555 -0.24348478
vn -0.805231154 0.46683228 -0.365609676
vn 0.842723608 0.171604306 0.510263562
vn 0.539297521 -0.0264274925 0.841700554
vn 0.523256302 0.0566787869 0.850288451
vn 0.569384456 0.0700618774 0.819080353
vn 0.502197266 0.111096583 0.857587099
vn 0.386873722 0.0514398664 0.920696855
vn 0.756136179 -0.127722874 0.641829371
vn 0.903290153 0.351752549 -0.245636001
vn 0.703857183 0.633999109 -0.320359349
vn 0.399116576 0.859654129 -0.318905532
vn 0.559005797 0.737662494 -0.378637582
vn 0.456200868 0.816199899 -0.354539901
vn 0.456083298 0.816545248 -0.353895336
vn -0.0127595663 0.423520178 -0.905796707
vn 0.480618984 0.764894068 -0.428885043
vn 0.134775713 0.656166553 -0.74248302
vn 0.16444096 0.75619936 -0.63334161
vn 0.577206075 0.751909316 -0.318536431
vn 0.745906711 0.456877261 -0.484650701
vn 0.705931008 0.683720052 -0.18490088
vn 0.523315847 0.824667096 -0.214626625
vn 0.385998935 0.851953089 -0.35380888
vn 0.188345894 0.517917514 -0.834438264
vn -0.277875453 0.252861977 -0.926739514
vn -0.259010524 0.349257678 -0.900518
vn -0.467311114 -0.00152389717 -0.884091616
vn -0.531715035 0.0252854433 -0.846545756
vn -0.412478775 -0.0487685315 -0.909660876
vn -0.642522395 0.663036764 -0.384118617
vn -0.642522395 0.663036764 -0.384118617
vn -0.732600987 0.520132422 -0.439042211
vn -0.532170773 0.785020828 -0.317075104
vn 0.924609542 0.343298346 0.165055871
vn 0.998337626 -0.0422946699 0.0391547382
vn 0.998337626 -0.0422946699 0.0391547382
vn 0.902379394 -0.420698911 -0.0934014767
vn -0.0981376246 0.37232694 0.922898471
vn -0.122878887 0.521259129 0.844505548
vn -0.343710661 0.095006682 0.934257269
vn 0.0353465341 0.443695128 0.895480394
vn -0.0515385382 0.50836283 0.859599292
vn 0.323824793 0.944579899 0.0539097674
vn 0.494776756 0.820025206 -0.287671119
vn 0.443375796 0.873712957 -0.200108707
vn 0.0264738947 0.991176844 -0.129875079
vn 0.367985755 0.715433359 0.593920529
vn 0.834516644 0.550952137 0.00580002367
vn 0.590363681 0.786362469 0.181946933
vn 0.834516644 0.550952137 0.00580002367
vn 0.956783056 0.235071793 -0.171194002
vn -0.316198945 0.567424595 -0.760294318
vn 0.0766586736 0.495560974 -0.865183651
vn -0.288385063 0.834267676 -0.469927192
vn 0.0787432641 0.135629267 -0.987625539
vn 0.445148617 0.345290661 -0.826206446
vn 0.405964136 0.617258906 -0.673932195
vn -0.730513871 0.0410070196 0.68166554
vn -0.851966619 0.00506980531 0.523571551
vn -0.851966619 0.00506980531 0.523571551
vn -0.938458145 -0.0310754608 0.343992293
vn 0.904525936 0.343726158 0.252359033
vn 0.904525936 0.343726158 0.252359033
vn 0.911671221 0.358044446 -0.201642647
vn 0.710710466 0.258471906 0.654280484
vn 0.466534674 -0.56047523 -0.684260964
vn 0.564973414 -0.548647761 -0.616271555
vn 0.564973414 -0.548647761 -0.616271555
vn 0.655246794 -0.528891146 -0.539375484
vn -0.585639417 0.555977225 -0.58984381
vn -0.632869422 0.45254308 -0.628236473
vn -0.585639417 0.555977225 -0.58984381
vn -0.529974222 0.651403606 -0.542955458
vn 0.56891942 -0.440779507 -0.694293916
vn 0.374895871 -0.523783028 -0.764921129
vn 0.274104923 -0.628308117 -0.728076518
vn -0.0392531678 -0.705062389 -0.708058059
vn -0.0536890328 -0.787962794 -0.613377631
vn 0.113597319 -0.859948218 -0.49757883
vn -0.140225068 -0.700704992 -0.699535191
vn -0.028397955 -0.7203269 -0.693053126
vn -0.158671945 -0.58543539 -0.795039952
vn -0.293598264 -0.476218164 -0.828864455
vn -0.862257302 0.314520955 0.396974653
vn -0.862257302 0.314520955 0.396974653
vn -0.549696505 0.279388428 0.787258446
vn -0.958175957 0.270630091 -0.0930489376
vn 0.283788741 0.325225592 -0.902048886
vn 0.249752775 0.283296734 -0.925940931
vn 0.373827577 0.142411277 -0.916499913
vn 0.396629423 -0.0238611978 -0.917668641
vn 0.15643473 -0.365282834 -0.917658269
vn -0.268139958 0.717766106 0.642582834
vn -0.629869878 0.751672208 0.195583194
vn -0.298468947 0.705808759 0.642456353
vn -0.625009298 0.671134472 0.398675114
vn -0.764617205 0.515537858 -0.386757255
vn -0.516848803 0.357476145 -0.777867675
vn 0.691064477 0.339210331 -0.638252378
vn 0.691064477 0.339210331 -0.638252378
vn 0.726543248 0.258425653 -0.636671841
vn 0.650204122 0.417353481 -0.634862661
vn 0.975759149 -0.193084359 0.103017241
vn 0.970189452 -0.209285975 0.122195713
vn 0.990079403 0.0918810666 -0.106304482
vn 0.270638734 0.955389261 0.118262753
vn 0.821609437 0.342125207 -0.455969483
vn 0.617053688 0.730242133 -0.293242872
vn 0.63159591 0.718644917 0.290922582
vn 0.908934474 -0.0617228225 0.412344962
vn 0.522809505 0.249423891 0.81514293
vn 0.0727542937 0.567265928 0.820314705
vn 0.0530448817 0.1926357 0.97983551
vn 0.0241107028 0.940380394 -0.339268863
vn 0.55025512 0.827283442 -0.113231562
vn 0.624928594 0.611652195 0.485124558
vn 0.770837307 -0.194371521 0.606654406
vn -0.235096544 0.97148031 0.0309118722
vn -0.681699872 0.608684838 -0.40594092
vn 0.137943342 0.91587311 0.377025366
vn 0.0243653748 0.951146841 -0.307775736
vn 0.131542712 0.7900846 -0.59871769
vn 0.633238137 -0.0490749888 0.772399604
vn 0.433223695 -0.388875842 0.813076019
vn 0.730145991 0.579536855 0.361972034
vn 0.803500652 0.210687399 0.556774139
vn 0.803500652 0.210687399 0.556774139
vn 0.732724428 -0.195954993 0.651702821
vn 0.143769741 -0.849576533 -0.507493913
vn 0.157037362 -0.732990205 -0.661864579
vn 0.157037362 -0.732990205 -0.661864579
vn 0.164400622 -0.588844419 -0.791349888
vn -0.261082321 0.965300024 0.00563322147
vn 0.0842554346 0.95468533 0.285441875
vn 0.122209273 0.97507602 -0.185179904
vn -0.400204033 0.749243915 0.527702868
vn -0.86007452 0.497552872 0.112751693
vn -0.868743956 0.425319761 0.253745943
vn 0.0251264777 0.831087947 0.555573106
vn 0.1100825 0.990767419 0.079130739
vn 0.0057117953 0.894904852 0.446220487
vn -0.150916591 0.905125976 0.397455871
vn -0.201303646 0.939022362 0.278771818
vn -0.251381069 0.832026184 0.494509727
vn -0.337871671 0.915546596 0.218213215
vn -0.487461686 0.74079144 0.462178677
vn 0.99705863 0.0758859143 -0.0107535468
vn 0.99705863 0.0758859143 -0.0107535468
vn 0.954480886 0.210190728 -0.211627111
vn 0.97961241 -0.0629873425 0.190767437
vn 0.892266154 -0.0544042252 0.448220193
vn 0.590756297 0.451366335 0.668786585
vn 0.642051399 0.258126765 0.721900702
vn 0.347901821 0.643306434 0.681998074
vn 0.437597632 0.744544446 0.504144669
vn 0.43972218 0.46445778 0.768715382
vn 0.78656286 0.313464344 0.532032788
vn 0.43972218 0.46445778 0.768715382
vn 0.00532558654 0.522970259 0.852334261
vn 0.91382587 -0.149667665 -0.37752071
vn 0.850920558 -0.317590058 -0.418414652
vn 0.777754128 -0.626586258 -0.0498813316
vn 0.813374281 0.157210171 -0.560095787
vn 0.86976862 0.161591589 -0.466251761
vn 0.602724314 0.324568689 -0.728957176
vn 0.507999599 0.40591374 -0.759717405
vn 0.18663013 0.527830482 -0.828591645
vn -0.0397019498 0.951199472 -0.306011915
vn -0.248041764 0.96855408 -0.0194498338
vn -0.0397019498 0.951199472 -0.306011915
vn 0.173633337 0.814160705 -0.554070234
vn 0.853745401 0.0566794835 -0.517596483
vn 0.857773125 0.15935427 -0.488703877
vn 0.853745401 0.0566794835 -0.517596483
vn 0.839990914 -0.0466410592 -0.540592134
vn 0.865796089 0.223429069 -0.447746128
vn 0.826269746 0.553821623 -0.102761284
vn 0.865796089 0.223429069 -0.447746128
vn 0.706417799 -0.158293217 -0.689867496
vn 0.716663122 0.330651075 -0.614055157
vn 0.474157035 0.306944966 -0.825202942
vn 0.716663122 0.330651075 -0.614055157
vn 0.884668887 0.319984555 -0.339073628
vn -0.842541754 0.493101686 0.216735065
vn -0.649643838 0.563605487 0.510207474
vn -0.842541754 0.493101686 0.216735065
vn -0.927336097 0.35932982 -0.104545899
vn 0.337758213 0.712071359 0.615527153
vn 0.41376105 0.693426728 0.589882195
vn 0.41376105 0.693426728 0.589882195
vn 0.486957937 0.670079529 0.560236871
vn -0.503636956 0.430765241 -0.748859882
vn -0.52264905 0.507869422 -0.684767544
vn -0.503636956 0.430765241 -0.748859882
vn -0.479379863 0.349174798 -0.80515337
vn -0.642218173 0.535047233 -0.548890054
vn -0.567492664 0.648385108 -0.507492781
vn -0.567492664 0.648385108 -0.507492781
vn -0.481336057 0.748662472 -0.455872864
vn -0.0479338206 0.0499927923 0.997598588
vn -0.459157526 -0.159139991 0.873984516
vn -0.0479338206 0.0499927923 0.997598588
vn 0.374224693 0.247721121 0.89363873
vn 0.649570405 -0.317228019 0.690959275
vn 0.710188985 -0.337022066 0.618100047
vn 0.929280758 -0.0123147601 0.369168937
vn 0.940344453 -0.0934997052 0.327124059
vn 0.927923143 0.3108145 -0.205798402
vn 0.869974911 0.49214071 -0.030677693
vn 0.840418994 0.282059222 -0.462750822
vn 0.655366719 -0.0325240567 -0.75461024
vn 0.162852988 -0.540788829 -0.825243235
vn 0.465523183 -0.311605245 -0.828366041
vn 0.465523183 -0.311605245 -0.828366041
vn 0.701090872 -0.0375056304 -0.71208483
vn -0.944357097 -0.234989136 -0.230151862
vn -0.944357097 -0.234989136 -0.230151862
vn -0.943370938 -0.331235707 -0.0182814505
vn -0.894203007 -0.126017064 -0.429558694
vn -0.12744154 0.991023064 0.0403986536
vn -0.349829376 0.899109006 0.263101518
vn -0.12744154 0.991023064 0.0403986536
vn 0.108646423 0.976400912 -0.186647102
vn 0.514513016 0.659456849 0.54808116
vn -0.428433836 0.752837181 0.499680549
vn 0.146642953 0.665858328 0.731524825
vn -0.460403889 0.68697691 0.562219679
vn -0.58208096 0.800733864 0.141446099
vn -0.758482277 0.607982576 0.234652355
vn -0.866088927 0.27018714 0.420581549
vn 0.140887931 0.0387110263 -0.989268482
vn 0.032779336 0.10533727 -0.993896186
vn 0.339736402 -0.384353429 -0.858400643
vn -0.263740301 0.298696339 -0.917181313
vn -0.325297147 0.0185434744 -0.94543004
vn -0.546312988 -0.124131866 -0.828331649
vn -0.28958708 -0.168130428 -0.942269325
vn -0.848242164 0.529574931 0.00595330726
vn -0.568605363 0.781097889 -0.258019298
vn -0.568605363 0.781097889 -0.258019298
vn -0.168912053 0.867698252 -0.467513144
vn 0.761348009 0.107906289 -0.639300764
vn 0.949457407 0.0860601515 -0.301868141
vn 0.949457407 0.0860601515 -0.301868141
vn 0.995410979 0.051328782 0.080761224
vn 0.355391502 -0.321821511 -0.877569258
vn 0.579898834 -0.25041768 -0.775247276
vn 0.472743869 -0.351359397 -0.808121085
vn 0.350770354 -0.447226465 -0.822768927
vn 0.574504375 -0.372859478 -0.728642941
g submesh0
f 1//1 2//2 3//3
f 4//4 5//5 6//6
f 7//7 8//8 9//9
f 10//10 11//11 12//12
f 13//13 14//14 15//15
f 16//16 17//17 18//18
f 19//19 20//20 21//21
f 22//22 23//23 24//24
f 25//25 26//26 27//27
f 28//28 29//29 30//30
f 31//31 32//32 33//33
f 34//34 35//35 36//36
f 37//37 38//38 39//39
f 40//40 41//41 42//42
f 43//43 44//44 45//45
f 46//46 47//47 48//48
f 49//49 50//50 51//51
f 52//52 53//53 54//54
f 55//55 56//56 57//57
f 58//58 59//59 60//60
f 61//61 62//62 63//63
f 64//64 65//65 66//66
f 67//67 68//68 69//69
f 70//70 71//71 72//72
f 73//73 74//74 75//75
f 76//76 77//77 78//78
f 79//79 80//80 81//81
f 82//82 83//83 84//84
f 85//85 86//86 87//87
f 88//88 89//89 90//90
f 91//91 92//92 93//93
f 94//94 95//95 96//96
f 97//97 98//98 99//99
f 100//100 101//101 102//102
f 103//103 104//104 105//105
f 106//106 107//107 108//108
f 109//109 110//110 111//111
f 112//112 113//113 114//114
f 115//115 116//116 117//117
f 118//118 119//119 120//120
f 121//121 122//122 123//123
f 124//124 125//125 126//126
f 127//127 128//128 129//129
f 130//130 131//131 132//132
f 133//133 134//134 135//135
f 136//136 137//137 138//138
f 139//139 140//140 141//141
f 142//142 143//143 144//144
f 145//145 146//146 147//147
f 148//148 149//149 150//150
f 151//151 152//152 153//153
f 154//154 155//155 156//156
f 157//157 158//158 159//159
f 160//160 161//161 162//162
f 163//163 164//164 165//165
f 166//166 167//167 168//168
f 169//169 170//170 171//171
f 172//172 173//173 174//174
f 175//175 176//176 177//177
f 178//178 179//179 180//180
f 181//181 182//182 183//183
f 184//184 185//185 186//186
f 187//187 188//188 189//189
f 190//190 191//191 192//192
f 193//193 194//194 195//195
f 196//196 197//197 198//198
f 199//199 200//200 201//201
f 202//202 203//203 204//204
f 205//205 206//206 207//207
f 208//208 209//209 210//210
f 211//211 212//212 213//213
f 214//214 215//215 216//216
f 217//217 218//218 219//219
f 220//220 221//221 222//222
f 223//223 224//224 225//225
f 226//226 227//227 228//228
f 229//229 230//230 231//231
f 232//232 233//233 234//234
f 235//235 236//236 237//237
f 238//238 239//239 240//240
f 241//241 242//242 243//243
f 244//244 245//245 246//246
f 247//247 248//248 249//249
f 250//250 251//251 252//252
f 253//253 254//254 255//255
f 256//256 257//257 258//258
f 259//259 260//260 261//261
f 262//262 263//263 264//264
f 265//265 266//266 267//267
f 268//268 269//269 270//270
f 271//271 272//272 273//273
f 274//274 275//275 276//276
f 277//277 278//278 279//279
f 280//280 281//281 282//282
f 283//283 284//284 285//285
f 286//286 287//287 288//288
f 289//289 290//290 291//291
f 292//292 293//293 294//294
f 295//295 296//296 297//297
f 298//298 299//299 300//300
f 301//301 302//302 303//303
f 304//304 305//305 306//306
f 307//307 308//308 309//309
f 310//310 311//311 312//312
f 313//313 314//314 315//315
f 316//316 317//317 318//318
f 319//319 320//320 321//321
f 322//322 323//323 324//324
f 325//325 326//326 327//327
f 328//328 329//329 330//330
f 331//331 332//332 333//333
f 334//334 335//335 336//336
f 337//337 338//338 339//339
f 340//340 341//341 342//342
f 343//343 344//344 345//345
f 346//346 347//347 348//348
f 349//349 350//350 351//351
f 352//352 353//353 354//354
f 355//355 356//356 357//357
f 358//358 359//359 360//360
f 361//361 358//358 360//360
f 361//361 362//362 358//358
f 362//362 363//363 358//358
f 362//362 361//361 364//364
f 358//358 363//363 365//365
f 365//365 363//363 366//366
f 363//363 364//364 367//367
f 366//366 363//363 367//367
f 368//368 365//365 366//366
f 369//369 365//365 368//368
f 366//366 370//370 368//368
f 371//371 370//370 366//366
f 372//372 370//370 371//371
f 367//367 373//373 366//366
f 374//374 369//369 368//368
f 370//370 374//374 368//368
f 374//374 375//375 369//369
f 376//376 364//364 361//361
f 364//364 377//377 367//367
f 376//376 377//377 364//364
f 377//377 378//378 367//367
f 378//378 377//377 379//379
f 380//380 377//377 376//376
f 381//381 373//373 367//367
f 382//382 367//367 378//378
f 381//381 383//383 373//373
f 383//383 381//381 384//384
f 373//373 383//383 384//384
f 361//361 385//385 376//376
f 385//385 361//361 360//360
f 386//386 380//380 376//376
f 387//387 380//380 386//386
f 388//388 387//387 379//379
f 389//389 376//376 385//385
f 360//360 389//389 385//385
f 390//390 376//376 389//389
f 390//390 389//389 391//391
f 389//389 360//360 392//392
f 392//392 360//360 393//393
f 391//391 389//389 394//394
f 392//392 394//394 389//389
f 391//391 394//394 395//395
f 392//392 395//395 394//394
f 395//395 392//392 396//396
f 396//396 392//392 393//393
f 396//396 393//393 397//397
f 393//393 398//398 397//397
f 395//395 396//396 399//399
f 397//397 398//398 400//400
f 400//400 401//401 397//397
f 400//400 402//402 401//401
f 400//400 403//403 402//402
f 402//402 403//403 404//404
f 402//402 404//404 405//405
f 404//404 406//406 405//405
f 405//405 406//406 407//407
f 406//406 408//408 407//407
f 409//409 407//407 408//408
f 410//410 405//405 407//407
f 409//409 410//410 407//407
f 409//409 411//411 410//410
f 411//411 409//409 412//412
f 412//412 409//409 408//408
f 408//408 413//413 412//412
f 414//414 412//412 413//413
f 415//415 411//411 412//412
f 415//415 412//412 416//416
f 411//411 415//415 417//417
f 417//417 418//418 411//411
f 417//417 419//419 418//418
f 420//420 405//405 410//410
f 410//410 421//421 420//420
f 420//420 421//421 422//422
f 423//423 405//405 420//420
f 423//423 420//420 422//422
f 423//423 402//402 405//405
f 424//424 410//410 411//411
f 421//421 410//410 424//424
f 402//402 423//423 425//425
f 425//425 401//401 402//402
f 418//418 426//426 411//411
f 427//427 424//424 411//411
f 427//427 411//411 426//426
f 427//427 428//428 424//424
f 426//426 428//428 427//427
f 424//424 429//429 421//421
f 429//429 424//424 428//428
f 430//430 429//429 428//428
f 431//431 429//429 430//430
f 426//426 418//418 432//432
f 433//433 426//426 432//432
f 421//421 429//429 434//434
f 431//431 434//434 429//429
f 432//432 418//418 435//435
f 436//436 433//433 432//432
f 436//436 432//432 435//435
f 418//418 437//437 435//435
f 418//418 419//419 437//437
f 437//437 419//419 438//438
f 438//438 419//419 439//439
f 439//439 419//419 440//440
f 441//441 439//439 440//440
f 435//435 437//437 442//442
f 438//438 442//442 437//437
f 436//436 435//435 443//443
f 442//442 438//438 444//444
f 445//445 433//433 436//436
f 445//445 446//446 433//433
f 443//443 447//447 436//436
f 443//443 448//448 447//447
f 436//436 449//449 445//445
f 449//449 436//436 447//447
f 445//445 449//449 450//450
f 449//449 447//447 450//450
f 447//447 451//451 450//450
f 452//452 447//447 448//448
f 452//452 448//448 453//453
f 451//451 447//447 454//454
f 438//438 455//455 444//444
f 455//455 438//438 454//454
f 455//455 456//456 444//444
f 457//457 455//455 454//454
f 438//438 458//458 454//454
f 438//438 439//439 458//458
f 451//451 454//454 459//459
f 458//458 459//459 454//454
f 451//451 459//459 460//460
f 461//461 451//451 460//460
f 461//461 462//462 451//451
f 439//439 463//463 458//458
f 458//458 464//464 459//459
f 463//463 464//464 458//458
f 459//459 464//464 465//465
f 464//464 463//463 465//465
f 465//465 466//466 459//459
f 459//459 466//466 467//467
f 466//466 468//468 467//467
f 465//465 463//463 469//469
f 466//466 465//465 469//469
f 470//470 463//463 439//439
f 470//470 469//469 463//463
f 471//471 470//470 439//439
f 471//471 439//439 441//441
f 471//471 472//472 470//470
f 470//470 473//473 469//469
f 471//471 473//473 472//472
f 469//469 474//474 466//466
f 468//468 466//466 474//474
f 441//441 475//475 471//471
f 441//441 476//476 475//475
f 477//477 475//475 476//476
f 476//476 478//478 477//477
f 479//479 477//477 478//478
f 471//471 475//475 480//480
f 471//471 480//480 473//473
f 480//480 479//479 473//473
f 480//480 475//475 481//481
f 481//481 479//479 480//480
f 473//473 482//482 469//469
f 474//474 469//469 482//482
f 473//473 479//479 483//483
f 482//482 473//473 483//483
f 479//479 478//478 484//484
f 483//483 479//479 484//484
f 485//485 474//474 482//482
f 486//486 482//482 483//483
f 485//485 482//482 486//486
f 483//483 487//487 486//486
f 487//487 483//483 484//484
f 484//484 488//488 487//487
f 489//489 485//485 486//486
f 490//490 474//474 485//485
f 485//485 489//489 490//490
f 489//489 491//491 490//490
f 489//489 492//492 491//491
f 493//493 492//492 489//489
f 490//490 491//491 494//494
f 494//494 495//495 490//490
f 494//494 491//491 496//496
f 496//496 497//497 494//494
f 493//493 498//498 492//492
f 493//493 499//499 498//498
f 499//499 493//493 500//500
f 499//499 501//501 498//498
f 501//501 502//502 498//498
f 501//501 499//499 503//503
f 499//499 500//500 504//504
f 499//499 504//504 503//503
f 500//500 505//505 504//504
f 503//503 504//504 506//506
f 506//506 504//504 505//505
f 505//505 507//507 506//506
f 508//508 491//491 492//492
f 492//492 509//509 508//508
f 510//510 508//508 509//509
f 510//510 511//511 508//508
f 510//510 512//512 511//511
f 491//491 508//508 513//513
f 508//508 511//511 514//514
f 513//513 508//508 514//514
f 513//513 515//515 491//491
f 516//516 515//515 513//513
f 515//515 517//517 491//491
f 513//513 514//514 518//518
f 516//516 513//513 518//518
f 518//518 519//519 516//516
f 516//516 520//520 515//515
f 521//521 515//515 520//520
f 521//521 520//520 522//522
f 516//516 522//522 520//520
f 521//521 522//522 523//523
f 524//524 523//523 522//522
f 524//524 525//525 523//523
f 511//511 526//526 514//514
f 526//526 511//511 527//527
f 527//527 511//511 528//528
f 529//529 514//514 526//526
f 518//518 514//514 529//529
f 518//518 529//529 530//530
f 518//518 530//530 519//519
f 529//529 531//531 530//530
f 531//531 529//529 532//532
f 533//533 530//530 531//531
f 531//531 534//534 533//533
f 530//530 535//535 519//519
f 535//535 530//530 533//533
f 536//536 535//535 533//533
f 536//536 533//533 537//537
f 537//537 533//533 538//538
f 533//533 539//539 538//538
f 538//538 539//539 540//540
f 541//541 538//538 540//540
f 540//540 539//539 542//542
f 541//541 540//540 542//542
f 542//542 543//543 541//541
f 543//543 542//542 544//544
f 544//544 542//542 545//545
f 544//544 546//546 543//543
f 547//547 546//546 544//544
f 548//548 547//547 544//544
f 548//548 549//549 547//547
f 546//546 550//550 543//543
f 547//547 550//550 546//546
f 550//550 551//551 543//543
f 551//551 552//552 543//543
f 547//547 553//553 550//550
f 547//547 554//554 553//553
f 554//554 547//547 555//555
f 556//556 555//555 547//547
f 555//555 556//556 557//557
f 556//556 558//558 557//557
f 547//547 559//559 556//556
f 559//559 547//547 560//560
f 551//551 561//561 552//552
f 562//562 552//552 561//561
f 563//563 551//551 550//550
f 550//550 564//564 563//563
f 561//561 565//565 562//562
f 561//561 566//566 565//565
f 567//567 566//566 561//561
f 561//561 551//551 568//568
f 568//568 567//567 561//561
f 568//568 551//551 569//569
f 569//569 551//551 563//563
f 570//570 562//562 565//565
f 562//562 570//570 571//571
f 570//570 572//572 571//571
f 573//573 567//567 568//568
f 569//569 573//573 568//568
f 565//565 574//574 570//570
f 565//565 575//575 574//574
f 572//572 570//570 576//576
f 576//576 535//535 572//572
f 570//570 577//577 576//576
f 578//578 577//577 570//570
f 576//576 579//579 535//535
f 577//577 579//579 576//576
f 580//580 535//535 579//579
f 535//535 580//580 519//519
f 579//579 577//577 581//581
f 579//579 581//581 580//580
f 582//582 581//581 577//577
f 581//581 583//583 580//580
f 584//584 583//583 581//581
f 519//519 580//580 585//585
f 583//583 586//586 580//580
f 519//519 585//585 587//587
f 585//585 586//586 587//587
f 586//586 588//588 587//587
f 589//589 588//588 586//586
f 583//583 590//590 586//586
f 586//586 590//590 589//589
f 583//583 589//589 590//590
f 589//589 583//583 591//591
f 583//583 592//592 591//591
f 593//593 589//589 591//591
f 592//592 594//594 591//591
f 593//593 595//595 589//589
f 595//595 593//593 596//596
f 593//593 597//597 596//596
f 596//596 597//597 598//598
f 599//599 595//595 596//596
f 599//599 600//600 595//595
f 601//601 596//596 598//598
f 589//589 602//602 588//588
f 602//602 589//589 595//595
f 601//601 603//603 591//591
f 604//604 591//591 603//603
f 605//605 594//594 592//592
f 606//606 605//605 592//592
f 592//592 607//607 606//606
f 594//594 605//605 566//566
f 566//566 605//605 606//606
f 594//594 608//608 591//591
f 594//594 566//566 608//608
f 608//608 609//609 591//591
f 591//591 609//609 610//610
f 566//566 611//611 608//608
f 601//601 591//591 612//612
f 591//591 610//610 612//612
f 601//601 612//612 613//613
f 612//612 610//610 614//614
f 614//614 613//613 612//612
f 614//614 615//615 613//613
f 615//615 616//616 613//613
f 617//617 613//613 616//616
f 617//617 616//616 618//618
f 619//619 614//614 610//610
f 620//620 619//619 610//610
f 620//620 610//610 611//611
f 621//621 620//620 611//611
f 615//615 614//614 622//622
f 567//567 621//621 611//611
f 611//611 566//566 567//567
f 615//615 622//622 623//623
f 623//623 624//624 615//615
f 615//615 625//625 616//616
f 626//626 625//625 615//615
f 615//615 624//624 626//626
f 625//625 627//627 616//616
f 626//626 627//627 625//625
f 624//624 623//623 628//628
f 623//623 629//629 628//628
f 630//630 629//629 623//623
f 567//567 629//629 630//630
f 567//567 631//631 629//629
f 631//631 628//628 629//629
f 631//631 567//567 573//573
f 624//624 628//628 632//632
f 632//632 628//628 633//633
f 616//616 627//627 634//634
f 635//635 616//616 634//634
f 634//634 627//627 636//636
f 635//635 637//637 616//616
f 637//637 618//618 616//616
f 638//638 631//631 573//573
f 639//639 638//638 573//573
f 569//569 639//639 573//573
f 569//569 640//640 639//639
f 641//641 640//640 569//569
f 640//640 642//642 639//639
f 642//642 638//638 639//639
f 563//563 641//641 569//569
f 641//641 563//563 643//643
f 564//564 643//643 563//563
f 641//641 643//643 644//644
f 644//644 643//643 564//564
f 564//564 645//645 644//644
f 564//564 646//646 645//645
f 646//646 564//564 647//647
f 648//648 641//641 644//644
f 649//649 641//641 648//648
f 642//642 649//649 650//650
f 649//649 648//648 650//650
f 642//642 650//650 651//651
f 652//652 642//642 651//651
f 642//642 652//652 638//638
f 653//653 638//638 652//652
f 638//638 653//653 654//654
f 654//654 631//631 638//638
f 655//655 652//652 651//651
f 652//652 655//655 656//656
f 657//657 656//656 655//655
f 656//656 657//657 654//654
f 658//658 631//631 654//654
f 657//657 658//658 654//654
f 659//659 631//631 658//658
f 658//658 660//660 659//659
f 633//633 658//658 657//657
f 661//661 658//658 633//633
f 632//632 633//633 657//657
f 657//657 662//662 632//632
f 663//663 662//662 657//657
f 664//664 663//663 651//651
f 664//664 662//662 663//663
f 664//664 651//651 665//665
f 662//662 664//664 665//665
f 666//666 632//632 662//662
f 666//666 624//624 632//632
f 667//667 666//666 662//662
f 665//665 667//667 662//662
f 624//624 666//666 668//668
f 666//666 667//667 668//668
f 669//669 668//668 667//667
f 670//670 668//668 669//669
f 670//670 624//624 668//668
f 670//670 626//626 624//624
f 670//670 671//671 626//626
f 672//672 671//671 670//670
f 667//667 665//665 673//673
f 673//673 674//674 667//667
f 673//673 665//665 675//675
f 675//675 676//676 673//673
f 674//674 673//673 676//676
f 665//665 677//677 675//675
f 675//675 678//678 676//676
f 677//677 665//665 679//679
f 679//679 680//680 677//677
f 676//676 678//678 681//681
f 681//681 678//678 680//680
f 682//682 674//674 676//676
f 681//681 682//682 676//676
f 682//682 681//681 683//683
f 681//681 684//684 683//683
f 681//681 680//680 684//684
f 680//680 679//679 685//685
f 684//684 680//680 685//685
f 685//685 686//686 684//684
f 684//684 686//686 687//687
f 688//688 684//684 687//687
f 687//687 686//686 689//689
f 665//665 690//690 679//679
f 665//665 651//651 690//690
f 691//691 674//674 682//682
f 692//692 674//674 691//691
f 692//692 691//691 693//693
f 693//693 627//627 692//692
f 627//627 693//693 636//636
f 694//694 693//693 691//691
f 693//693 694//694 636//636
f 694//694 695//695 636//636
f 696//696 695//695 694//694
f 696//696 694//694 697//697
f 691//691 698//698 694//694
f 682//682 698//698 691//691
f 694//694 698//698 697//697
f 699//699 636//636 695//695
f 699//699 635//635 636//636
f 700//700 635//635 699//699
f 695//695 700//700 699//699
f 698//698 682//682 701//701
f 701//701 682//682 702//702
f 702//702 703//703 701//701
f 704//704 703//703 702//702
f 703//703 705//705 701//701
f 635//635 700//700 706//706
f 707//707 706//706 700//700
f 706//706 637//637 635//635
f 706//706 708//708 637//637
f 708//708 706//706 707//707
f 618//618 637//637 708//708
f 618//618 708//708 709//709
f 710//710 618//618 709//709
f 710//710 711//711 618//618
f 711//711 710//710 712//712
f 713//713 712//712 710//710
f 713//713 710//710 714//714
f 713//713 715//715 712//712
f 716//716 712//712 715//715
f 707//707 700//700 717//717
f 717//717 700//700 718//718
f 700//700 695//695 718//718
f 717//717 719//719 707//707
f 720//720 719//719 717//717
f 719//719 720//720 707//707
f 718//718 721//721 717//717
f 717//717 721//721 720//720
f 707//707 720//720 722//722
f 599//599 707//707 722//722
f 723//723 707//707 599//599
f 723//723 599//599 724//724
f 724//724 599//599 725//725
f 726//726 724//724 725//725
f 596//596 725//725 599//599
f 725//725 596//596 727//727
f 728//728 725//725 727//727
f 596//596 601//601 727//727
f 727//727 601//601 613//613
f 727//727 613//613 729//729
f 730//730 727//727 729//729
f 729//729 731//731 730//730
f 732//732 731//731 729//729
f 722//722 733//733 599//599
f 733//733 722//722 734//734
f 733//733 600//600 599//599
f 735//735 600//600 733//733
f 600//600 735//735 736//736
f 736//736 737//737 600//600
f 737//737 595//595 600//600
f 737//737 736//736 738//738
f 738//738 739//739 737//737
f 737//737 739//739 595//595
f 740//740 739//739 736//736
f 736//736 741//741 740//740
f 742//742 740//740 741//741
f 733//733 743//743 735//735
f 733//733 744//744 743//743
f 744//744 745//745 743//743
f 743//743 745//745 735//735
f 746//746 595//595 739//739
f 602//602 595//595 746//746
f 736//736 735//735 747//747
f 735//735 745//745 747//747
f 602//602 746//746 748//748
f 748//748 588//588 602//602
f 739//739 740//740 749//749
f 749//749 750//750 739//739
f 739//739 750//750 746//746
f 740//740 751//751 749//749
f 751//751 750//750 749//749
f 752//752 748//748 746//746
f 750//750 753//753 746//746
f 753//753 752//752 746//746
f 751//751 754//754 750//750
f 754//754 753//753 750//750
f 755//755 753//753 754//754
f 751//751 756//756 754//754
f 751//751 740//740 756//756
f 754//754 756//756 755//755
f 748//748 752//752 757//757
f 757//757 588//588 748//748
f 752//752 753//753 758//758
f 758//758 757//757 752//752
f 740//740 759//759 756//756
f 756//756 759//759 755//755
f 740//740 760//760 759//759
f 742//742 760//760 740//740
f 753//753 755//755 761//761
f 753//753 761//761 758//758
f 759//759 760//760 762//762
f 759//759 762//762 755//755
f 755//755 763//763 761//761
f 755//755 764//764 763//763
f 755//755 762//762 764//764
f 765//765 764//764 761//761
f 766//766 758//758 761//761
f 761//761 764//764 766//766
f 767//767 757//757 758//758
f 766//766 767//767 758//758
f 767//767 430//430 757//757
f 766//766 430//430 767//767
f 430//430 588//588 757//757
f 764//764 431//431 766//766
f 766//766 431//431 430//430
f 768//768 588//588 430//430
f 587//587 588//588 768//768
f 764//764 769//769 431//431
f 769//769 434//434 431//431
f 768//768 430//430 770//770
f 770//770 430//430 428//428
f 771//771 770//770 428//428
f 772//772 771//771 428//428
f 772//772 773//773 771//771
f 773//773 772//772 774//774
f 775//775 587//587 768//768
f 768//768 776//776 775//775
f 768//768 770//770 776//776
f 777//777 587//587 775//775
f 775//775 776//776 777//777
f 519//519 587//587 777//777
f 519//519 777//777 516//516
f 777//777 776//776 516//516
f 776//776 522//522 516//516
f 776//776 770//770 778//778
f 776//776 778//778 522//522
f 778//778 771//771 522//522
f 770//770 779//779 778//778
f 779//779 771//771 778//778
f 779//779 770//770 771//771
f 771//771 780//780 522//522
f 780//780 524//524 522//522
f 781//781 524//524 780//780
f 782//782 524//524 781//781
f 524//524 782//782 783//783
f 784//784 785//785 786//786
f 787//787 784//784 786//786
f 786//786 788//788 787//787
f 788//788 786//786 789//789
f 789//789 790//790 788//788
f 789//789 786//786 791//791
f 790//790 789//789 792//792
f 793//793 792//792 789//789
f 789//789 791//791 793//793
f 788//788 794//794 787//787
f 790//790 794//794 788//788
f 787//787 794//794 795//795
f 795//795 794//794 790//790
f 795//795 796//796 787//787
f 796//796 795//795 797//797
f 787//787 796//796 798//798
f 798//798 799//799 787//787
f 798//798 800//800 799//799
f 798//798 801//801 800//800
f 798//798 802//802 801//801
f 801//801 802//802 803//803
f 804//804 800//800 801//801
f 805//805 803//803 802//802
f 803//803 804//804 806//806
f 800//800 807//807 799//799
f 807//807 808//808 799//799
f 809//809 808//808 807//807
f 810//810 809//809 807//807
f 807//807 811//811 810//810
f 810//810 811//811 812//812
f 800//800 804//804 812//812
f 813//813 810//810 812//812
f 805//805 814//814 803//803
f 803//803 814//814 804//804
f 804//804 815//815 812//812
f 814//814 815//815 804//804
f 816//816 814//814 805//805
f 817//817 816//816 805//805
f 818//818 814//814 816//816
f 816//816 819//819 818//818
f 816//816 820//820 819//819
f 821//821 815//815 814//814
f 821//821 822//822 815//815
f 812//812 815//815 823//823
f 815//815 822//822 824//824
f 823//823 815//815 824//824
f 824//824 822//822 825//825
f 825//825 823//823 824//824
f 826//826 823//823 825//825
f 827//827 825//825 822//822
f 823//823 828//828 812//812
f 823//823 829//829 828//828
f 829//829 830//830 828//828
f 829//829 831//831 830//830
f 812//812 828//828 813//813
f 831//831 832//832 830//830
f 813//813 828//828 833//833
f 833//833 828//828 830//830
f 813//813 833//833 830//830
f 830//830 834//834 813//813
f 830//830 835//835 834//834
f 832//832 836//836 830//830
f 836//836 832//832 837//837
f 837//837 832//832 838//838
f 839//839 835//835 830//830
f 839//839 840//840 835//835
f 840//840 841//841 835//835
f 842//842 835//835 841//841
f 843//843 835//835 842//842
f 843//843 844//844 835//835
f 844//844 843//843 845//845
f 841//841 840//840 846//846
f 847//847 846//846 840//840
f 847//847 840//840 848//848
f 849//849 847//847 848//848
f 847//847 849//849 850//850
f 850//850 851//851 847//847
f 851//851 850//850 852//852
f 852//852 850//850 853//853
f 854//854 852//852 853//853
f 854//854 855//855 852//852
f 852//852 855//855 856//856
f 856//856 857//857 852//852
f 858//858 857//857 856//856
f 858//858 856//856 846//846
f 846//846 856//856 859//859
f 859//859 841//841 846//846
f 856//856 860//860 859//859
f 859//859 860//860 861//861
f 861//861 860//860 862//862
f 862//862 863//863 861//861
f 863//863 864//864 861//861
f 864//864 865//865 861//861
f 866//866 861//861 865//865
f 861//861 866//866 859//859
f 841//841 859//859 866//866
f 841//841 866//866 867//867
f 841//841 867//867 868//868
f 841//841 868//868 869//869
f 868//868 870//870 869//869
f 871//871 869//869 870//870
f 872//872 869//869 871//871
f 872//872 871//871 873//873
f 872//872 873//873 874//874
f 875//875 872//872 874//874
f 876//876 874//874 873//873
f 866//866 877//877 867//867
f 877//877 866//866 865//865
f 878//878 867//867 877//877
f 877//877 865//865 879//879
f 879//879 880//880 877//877
f 880//880 881//881 877//877
f 879//879 865//865 882//882
f 865//865 883//883 882//882
f 865//865 884//884 883//883
f 879//879 882//882 885//885
f 885//885 886//886 879//879
f 886//886 885//885 887//887
f 865//865 888//888 884//884
f 865//865 889//889 888//888
f 889//889 890//890 888//888
f 890//890 891//891 888//888
f 888//888 891//891 892//892
f 893//893 888//888 892//892
f 884//884 888//888 893//893
f 893//893 892//892 894//894
f 893//893 894//894 895//895
f 894//894 896//896 895//895
f 897//897 884//884 893//893
f 898//898 897//897 893//893
f 884//884 897//897 899//899
f 900//900 896//896 894//894
f 901//901 900//900 894//894
f 900//900 901//901 902//902
f 899//899 903//903 884//884
f 903//903 883//883 884//884
f 900//900 904//904 896//896
f 905//905 896//896 904//904
f 896//896 905//905 906//906
f 900//900 907//907 904//904
f 902//902 908//908 900//900
f 907//907 900//900 908//908
f 908//908 902//902 909//909
f 902//902 910//910 909//909
f 911//911 910//910 902//902
f 911//911 912//912 910//910
f 913//913 908//908 909//909
f 907//907 908//908 913//913
f 910//910 914//914 909//909
f 914//914 913//913 909//909
f 907//907 913//913 915//915
f 915//915 916//916 907//907
f 913//913 917//917 915//915
f 913//913 914//914 917//917
f 918//918 917//917 914//914
f 915//915 917//917 919//919
f 916//916 915//915 919//919
f 920//920 918//918 914//914
f 910//910 920//920 914//914
f 916//916 921//921 907//907
f 922//922 907//907 921//921
f 921//921 923//923 922//922
f 921//921 916//916 923//923
f 924//924 922//922 923//923
f 916//916 919//919 925//925
f 919//919 926//926 925//925
f 919//919 927//927 926//926
f 928//928 926//926 927//927
f 926//926 928//928 929//929
f 926//926 929//929 925//925
f 925//925 929//929 930//930
f 930//930 929//929 931//931
f 930//930 932//932 925//925
f 931//931 932//932 930//930
f 925//925 932//932 933//933
f 933//933 916//916 925//925
f 932//932 931//931 934//934
f 931//931 935//935 934//934
f 916//916 936//936 923//923
f 916//916 933//933 936//936
f 937//937 923//923 936//936
f 937//937 936//936 933//933
f 937//937 938//938 923//923
f 933//933 939//939 937//937
f 937//937 940//940 938//938
f 937//937 939//939 941//941
f 941//941 939//939 942//942
f 943//943 941//941 942//942
f 940//940 899//899 938//938
f 899//899 940//940 935//935
f 935//935 931//931 944//944
f 935//935 944//944 899//899
f 931//931 945//945 944//944
f 946//946 899//899 944//944
f 903//903 899//899 946//946
f 946//946 947//947 903//903
f 948//948 947//947 946//946
f 948//948 946//946 949//949
f 950//950 947//947 948//948
f 950//950 951//951 947//947
f 952//952 883//883 903//903
f 883//883 952//952 953//953
f 953//953 954//954 883//883
f 954//954 953//953 955//955
f 956//956 953//953 952//952
f 957//957 953//953 956//956
f 957//957 958//958 953//953
f 959//959 956//956 952//952
f 956//956 959//959 960//960
f 960//960 959//959 961//961
f 956//956 962//962 957//957
f 957//957 963//963 958//958
f 963//963 964//964 958//958
f 957//957 962//962 965//965
f 962//962 966//966 965//965
f 957//957 965//965 967//967
f 968//968 957//957 967//967
f 968//968 969//969 957//957
f 957//957 969//969 970//970
f 967//967 971//971 968//968
f 971//971 967//967 972//972
f 967//967 973//973 972//972
f 967//967 974//974 973//973
f 973//973 974//974 975//975
f 976//976 972//972 973//973
f 976//976 977//977 972//972
f 968//968 971//971 978//978
f 978//978 971//971 979//979
f 978//978 979//979 980//980
f 981//981 980//980 979//979
f 979//979 982//982 981//981
f 983//983 980//980 981//981
f 978//978 984//984 968//968
f 978//978 980//980 984//984
f 985//985 984//984 980//980
f 986//986 984//984 985//985
f 986//986 968//968 984//984
f 987//987 986//986 985//985
f 968//968 986//986 987//987
f 969//969 968//968 987//987
f 980//980 983//983 988//988
f 988//988 983//983 989//989
f 990//990 980//980 988//988
f 985//985 980//980 991//991
f 980//980 990//990 991//991
f 991//991 992//992 985//985
f 988//988 993//993 990//990
f 988//988 994//994 993//993
f 995//995 991//991 990//990
f 985//985 995//995 996//996
f 997//997 991//991 995//995
f 998//998 995//995 985//985
f 999//999 990//990 993//993
f 995//995 990//990 1000//1000
f 1000//1000 990//990 999//999
f 1000//1000 999//999 1001//1001
f 999//999 993//993 1002//1002
f 994//994 1002//1002 993//993
f 1002//1002 1001//1001 999//999
f 1000//1000 1003//1003 995//995
f 1003//1003 996//996 995//995
f 1003//1003 1000//1000 1001//1001
f 1002//1002 994//994 1004//1004
f 1001//1001 1002//1002 1004//1004
f 994//994 1005//1005 1004//1004
f 1006//1006 1001//1001 1004//1004
f 1007//1007 1005//1005 994//994
f 1008//1008 1003//1003 1001//1001
f 1001//1001 1009//1009 1008//1008
f 1009//1009 1001//1001 1006//1006
f 1008//1008 1010//1010 1003//1003
f 1003//1003 1010//1010 996//996
f 1006//1006 1011//1011 1009//1009
f 1006//1006 1012//1012 1011//1011
f 1011//1011 1012//1012 1013//1013
f 1014//1014 1009//1009 1011//1011
f 1015//1015 1011//1011 1013//1013
f 1016//1016 1014//1014 1011//1011
f 1017//1017 1014//1014 1016//1016
f 1016//1016 1011//1011 1018//1018
f 1010//1010 1019//1019 996//996
f 1019//1019 1010//1010 1020//1020
f 1020//1020 996//996 1019//1019
f 1021//1021 1020//1020 1010//1010
f 1015//1015 1022//1022 1011//1011
f 1022//1022 1015//1015 1023//1023
f 1024//1024 1023//1023 1015//1015
f 1025//1025 1024//1024 1015//1015
f 1024//1024 1025//1025 1026//1026
f 1027//1027 1026//1026 1025//1025
f 1028//1028 1011//1011 1022//1022
f 1029//1029 1028//1028 1022//1022
f 1023//1023 1030//1030 1022//1022
f 1028//1028 1029//1029 1031//1031
f 1032//1032 1031//1031 1029//1029
f 1011//1011 1028//1028 1033//1033
f 1034//1034 1011//1011 1033//1033
f 1035//1035 1034//1034 1033//1033
f 1033//1033 1036//1036 1035//1035
f 1037//1037 1035//1035 1036//1036
f 1038//1038 1036//1036 1033//1033
f 1038//1038 1039//1039 1036//1036
f 1030//1030 1023//1023 1040//1040
f 1041//1041 1030//1030 1040//1040
f 1030//1030 1041//1041 1042//1042
f 1043//1043 1040//1040 1023//1023
f 1044//1044 1043//1043 1023//1023
f 1043//1043 1044//1044 1045//1045
f 1045//1045 1044//1044 1046//1046
f 1047//1047 1045//1045 1046//1046
f 1045//1045 1048//1048 1043//1043
f 1040//1040 1043//1043 1048//1048
f 1049//1049 1041//1041 1040//1040
f 1048//1048 1049//1049 1040//1040
f 1050//1050 1049//1049 1048//1048
f 1049//1049 1051//1051 1041//1041
f 1051//1051 1049//1049 1050//1050
f 1050//1050 1048//1048 1007//1007
f 1007//1007 1048//1048 1052//1052
f 1005//1005 1007//1007 1052//1052
f 1051//1051 1053//1053 1041//1041
f 1054//1054 1041//1041 1053//1053
f 1055//1055 1053//1053 1051//1051
f 1056//1056 1005//1005 1052//1052
f 1056//1056 1057//1057 1005//1005
f 1056//1056 1052//1052 1058//1058
f 1059//1059 1058//1058 1052//1052
f 1056//1056 1060//1060 1057//1057
f 1060//1060 1061//1061 1057//1057
f 1057//1057 1061//1061 1062//1062
f 1051//1051 1063//1063 1055//1055
f 1063//1063 1051//1051 1050//1050
f 1063//1063 1064//1064 1055//1055
f 1065//1065 1064//1064 1063//1063
f 1050//1050 1065//1065 1063//1063
f 1064//1064 1065//1065 1066//1066
f 1066//1066 1065//1065 1050//1050
f 1050//1050 1067//1067 1066//1066
f 1066//1066 1068//1068 1064//1064
f 1050//1050 1069//1069 1067//1067
f 1067//1067 1070//1070 1066//1066
f 1068//1068 1066//1066 1070//1070
f 1071//1071 1067//1067 1069//1069
f 1072//1072 1067//1067 1071//1071
f 1073//1073 1072//1072 1071//1071
f 1074//1074 1064//1064 1068//1068
f 1064//1064 1074//1074 1075//1075
f 1076//1076 1064//1064 1075//1075
f 1077//1077 1064//1064 1076//1076
f 1076//1076 1075//1075 1078//1078
f 1075//1075 1079//1079 1078//1078
f 1080//1080 1076//1076 1078//1078
f 1078//1078 1081//1081 1080//1080
f 1082//1082 1081//1081 1078//1078
f 1082//1082 1078//1078 1079//1079
f 1083//1083 1081//1081 1082//1082
f 1081//1081 1083//1083 1084//1084
f 1085//1085 1082//1082 1079//1079
f 1082//1082 1086//1086 1083//1083
f 1086//1086 1087//1087 1083//1083
f 1088//1088 1084//1084 1083//1083
f 1089//1089 1084//1084 1088//1088
f 1085//1085 1079//1079 1090//1090
f 1079//1079 1091//1091 1090//1090
f 1091//1091 1092//1092 1090//1090
f 1085//1085 1090//1090 1092//1092
f 1093//1093 1092//1092 1091//1091
f 1093//1093 1094//1094 1092//1092
f 1092//1092 1094//1094 1085//1085
f 1068//1068 1094//1094 1093//1093
f 1085//1085 1094//1094 1068//1068
f 1068//1068 1070//1070 1085//1085
f 1085//1085 1070//1070 1095//1095
f 1095//1095 1070//1070 1086//1086
f 1086//1086 1096//1096 1087//1087
f 1096//1096 1086//1086 1070//1070
f 1089//1089 1088//1088 1097//1097
f 1097//1097 1098//1098 1089//1089
f 1099//1099 1098//1098 1097//1097
f 1099//1099 1097//1097 1088//1088
f 1070//1070 1100//1100 1096//1096
f 1101//1101 1096//1096 1100//1100
f 1087//1087 1096//1096 1102//1102
f 1070//1070 1103//1103 1100//1100
f 1100//1100 1103//1103 1102//1102
f 1103//1103 1070//1070 1067//1067
f 1102//1102 1103//1103 1067//1067
f 1102//1102 1067//1067 1072//1072
f 1087//1087 1102//1102 1072//1072
f 1104//1104 1099//1099 1088//1088
f 1104//1104 1088//1088 1105//1105
f 1106//1106 1099//1099 1104//1104
f 1104//1104 1107//1107 1106//1106
f 1106//1106 1108//1108 1099//1099
f 1106//1106 1109//1109 1108//1108
f 1106//1106 1110//1110 1109//1109
f 1108//1108 1111//1111 1099//1099
f 1111//1111 1112//1112 1099//1099
f 1112//1112 1113//1113 1099//1099
f 1113//1113 1114//1114 1099//1099
f 1113//1113 1112//1112 1115//1115
f 1112//1112 1116//1116 1115//1115
f 1110//1110 1117//1117 1109//1109
f 1118//1118 1117//1117 1110//1110
f 1117//1117 1118//1118 1119//1119
f 1117//1117 1119//1119 1120//1120
f 1121//1121 1117//1117 1120//1120
f 1109//1109 1117//1117 1121//1121
f 1122//1122 1108//1108 1109//1109
f 1122//1122 1123//1123 1108//1108
f 1109//1109 1124//1124 1122//1122
f 1124//1124 1109//1109 1121//1121
f 1125//1125 1123//1123 1122//1122
f 1124//1124 1125//1125 1122//1122
f 1125//1125 1126//1126 1123//1123
f 1116//1116 1127//1127 1115//1115
f 1128//1128 1127//1127 1116//1116
f 1128//1128 1129//1129 1127//1127
f 1129//1129 1130//1130 1127//1127
f 1131//1131 1115//1115 1127//1127
f 1131//1131 1132//1132 1115//1115
f 1115//1115 1132//1132 1113//1113
f 1127//1127 1130//1130 1133//1133
f 1113//1113 1132//1132 1134//1134
f 1133//1133 1130//1130 1135//1135
f 1132//1132 1133//1133 1135//1135
f 1136//1136 1135//1135 1130//1130
f 1136//1136 1137//1137 1135//1135
f 1135//1135 1137//1137 1138//1138
f 1138//1138 1137//1137 1139//1139
f 1134//1134 1132//1132 1140//1140
f 1135//1135 1140//1140 1132//1132
f 1140//1140 1141//1141 1134//1134
f 1142//1142 1140//1140 1135//1135
f 1142//1142 1143//1143 1140//1140
f 1144//1144 1143//1143 1142//1142
f 1143//1143 1144//1144 1145//1145
f 1146//1146 1144//1144 1142//1142
f 1145//1145 1144//1144 1147//1147
f 1147//1147 1144//1144 1146//1146
f 1148//1148 1147//1147 1146//1146
f 1076//1076 1147//1147 1148//1148
f 1076//1076 1148//1148 1149//1149
f 1149//1149 1150//1150 1076//1076
f 1150//1150 1149//1149 1151//1151
f 1152//1152 1076//1076 1150//1150
f 1153//1153 1151//1151 1149//1149
f 1154//1154 1076//1076 1152//1152
f 1154//1154 1077//1077 1076//1076
f 1077//1077 1154//1154 1152//1152
f 1077//1077 1152//1152 1155//1155
f 1077//1077 1155//1155 1156//1156
f 1157//1157 1077//1077 1156//1156
f 1153//1153 1158//1158 1151//1151
f 1159//1159 1158//1158 1153//1153
f 1151//1151 1158//1158 1160//1160
f 1161//1161 1151//1151 1160//1160
f 1162//1162 1158//1158 1159//1159
f 1162//1162 1160//1160 1158//1158
f 1159//1159 1163//1163 1162//1162
f 1163//1163 1164//1164 1162//1162
f 1165//1165 1164//1164 1163//1163
f 1165//1165 1166//1166 1164//1164
f 1161//1161 1160//1160 1167//1167
f 1167//1167 1168//1168 1161//1161
f 1167//1167 1169//1169 1168//1168
f 1168//1168 1170//1170 1161//1161
f 1171//1171 1172//1172 1173//1173
f 1172//1172 1174//1174 1173//1173
f 1174//1174 1175//1175 1173//1173
f 1175//1175 1174//1174 1176//1176
f 1174//1174 1177//1177 1176//1176
f 1177//1177 1174//1174 1178//1178
f 1174//1174 1172//1172 1179//1179
f 1172//1172 1180//1180 1179//1179
f 1172//1172 1181//1181 1180//1180
f 1182//1182 1181//1181 1172//1172
f 1182//1182 1172//1172 1183//1183
f 1184//1184 1182//1182 1183//1183
f 1185//1185 1182//1182 1184//1184
f 1184//1184 1186//1186 1185//1185
f 1180//1180 1181//1181 1187//1187
f 1180//1180 1187//1187 1188//1188
f 1189//1189 1180//1180 1188//1188
f 1190//1190 1189//1189 1188//1188
f 1190//1190 1191//1191 1189//1189
f 1192//1192 1181//1181 1182//1182
f 1181//1181 1192//1192 1187//1187
f 1193//1193 1192//1192 1182//1182
f 1193//1193 1182//1182 1185//1185
f 1187//1187 1192//1192 1194//1194
f 1192//1192 1193//1193 1194//1194
f 1195//1195 1188//1188 1187//1187
f 1194//1194 1195//1195 1187//1187
f 1196//1196 1185//1185 1186//1186
f 1186//1186 1197//1197 1196//1196
f 1186//1186 1198//1198 1197//1197
f 1197//1197 1199//1199 1196//1196
f 1199//1199 1197//1197 1200//1200
f 1199//1199 1200//1200 1201//1201
f 1202//1202 1199//1199 1201//1201
f 1196//1196 1199//1199 1203//1203
f 1199//1199 1204//1204 1203//1203
f 1204//1204 1205//1205 1203//1203
f 1206//1206 1203//1203 1205//1205
f 1206//1206 1205//1205 1207//1207
f 1206//1206 1207//1207 1208//1208
f 1208//1208 1209//1209 1206//1206
f 1210//1210 1209//1209 1208//1208
f 1196//1196 1203//1203 1211//1211
f 1212//1212 1203//1203 1206//1206
f 1211//1211 1203//1203 1212//1212
f 1213//1213 1196//1196 1211//1211
f 1196//1196 1213//1213 1185//1185
f 1185//1185 1213//1213 1214//1214
f 1215//1215 1214//1214 1213//1213
f 887//887 1213//1213 1211//1211
f 1211//1211 1212//1212 887//887
f 887//887 1216//1216 1213//1213
f 1212//1212 886//886 887//887
f 1217//1217 886//886 1212//1212
f 1212//1212 1206//1206 1218//1218
f 1218//1218 1206//1206 1219//1219
f 1220//1220 1219//1219 1206//1206
f 1219//1219 1220//1220 1221//1221
f 1193//1193 1185//1185 1222//1222
f 1222//1222 883//883 1193//1193
f 883//883 1222//1222 882//882
f 1223//1223 882//882 1222//1222
f 1223//1223 1222//1222 1224//1224
f 883//883 1225//1225 1193//1193
f 1193//1193 1225//1225 1194//1194
f 1225//1225 1226//1226 1194//1194
f 1226//1226 1227//1227 1194//1194
f 1228//1228 1227//1227 1226//1226
f 1229//1229 1195//1195 1194//1194
f 1230//1230 1195//1195 1229//1229
f 1230//1230 1229//1229 1231//1231
f 1230//1230 1232//1232 1195//1195
f 1188//1188 1195//1195 1232//1232
f 1232//1232 1233//1233 1188//1188
f 1233//1233 1232//1232 1234//1234
f 1230//1230 1235//1235 1232//1232
f 1230//1230 1231//1231 1235//1235
f 1235//1235 1234//1234 1232//1232
f 1234//1234 1235//1235 1236//1236
f 1236//1236 1235//1235 1231//1231
f 1236//1236 1237//1237 1234//1234
f 1234//1234 1237//1237 1233//1233
f 1231//1231 1238//1238 1236//1236
f 1233//1233 1237//1237 1239//1239
f 1229//1229 1240//1240 1231//1231
f 969//969 1240//1240 1229//1229
f 969//969 1241//1241 1240//1240
f 1240//1240 1241//1241 1231//1231
f 969//969 987//987 1241//1241
f 1238//1238 1231//1231 1242//1242
f 1242//1242 1231//1231 1241//1241
f 1242//1242 1239//1239 1238//1238
f 987//987 1243//1243 1241//1241
f 1242//1242 1241//1241 1243//1243
f 1244//1244 1239//1239 1242//1242
f 1244//1244 1242//1242 1245//1245
f 1233//1233 1239//1239 1246//1246
f 1244//1244 1247//1247 1239//1239
f 1246//1246 1239//1239 1247//1247
f 1248//1248 1246//1246 1247//1247
f 1247//1247 1244//1244 1249//1249
f 1247//1247 1249//1249 1248//1248
f 1249//1249 1244//1244 1250//1250
f 1251//1251 1250//1250 1244//1244
f 1250//1250 1252//1252 1249//1249
f 1248//1248 1249//1249 1252//1252
f 1253//1253 1252//1252 1250//1250
f 1252//1252 1253//1253 1254//1254
f 1255//1255 1246//1246 1248//1248
f 1255//1255 1256//1256 1246//1246
f 1256//1256 1257//1257 1246//1246
f 1258//1258 1233//1233 1246//1246
f 1259//1259 1233//1233 1258//1258
f 1259//1259 1258//1258 1260//1260
f 1260//1260 1258//1258 1261//1261
f 1260//1260 1262//1262 1259//1259
f 1248//1248 1252//1252 1263//1263
f 1252//1252 1264//1264 1263//1263
f 1248//1248 1263//1263 1265//1265
f 1263//1263 1266//1266 1265//1265
f 1233//1233 1259//1259 1267//1267
f 1267//1267 1188//1188 1233//1233
f 1268//1268 1259//1259 1262//1262
f 1262//1262 1269//1269 1268//1268
f 1270//1270 1268//1268 1269//1269
f 1269//1269 1271//1271 1270//1270
f 1270//1270 1272//1272 1268//1268
f 1272//1272 1273//1273 1268//1268
f 1268//1268 1273//1273 1259//1259
f 1274//1274 1259//1259 1273//1273
f 1274//1274 1275//1275 1259//1259
f 1275//1275 1267//1267 1259//1259
f 1267//1267 1276//1276 1188//1188
f 1188//1188 1276//1276 1190//1190
f 1277//1277 1276//1276 1267//1267
f 1278//1278 1277//1277 1267//1267
f 1277//1277 1279//1279 1276//1276
f 1190//1190 1276//1276 1279//1279
f 1278//1278 1280//1280 1277//1277
f 1277//1277 1281//1281 1279//1279
f 1281//1281 1190//1190 1279//1279
f 1280//1280 1278//1278 1282//1282
f 1283//1283 1282//1282 1278//1278
f 1283//1283 1274//1274 1282//1282
f 1284//1284 1283//1283 1278//1278
f 1273//1273 1285//1285 1274//1274
f 1286//1286 1285//1285 1273//1273
f 1287//1287 1285//1285 1286//1286
f 1287//1287 1286//1286 1288//1288
f 1190//1190 1281//1281 1289//1289
f 1289//1289 1290//1290 1190//1190
f 1290//1290 1191//1191 1190//1190
f 1289//1289 1281//1281 1291//1291
f 1292//1292 1291//1291 1281//1281
f 1293//1293 1274//1274 1285//1285
f 1294//1294 1285//1285 1287//1287
f 1293//1293 1285//1285 1294//1294
f 1287//1287 1295//1295 1294//1294
f 1293//1293 1294//1294 1296//1296
f 1295//1295 1296//1296 1294//1294
f 1295//1295 1287//1287 1297//1297
f 1287//1287 1298//1298 1297//1297
f 1293//1293 1296//1296 1299//1299
f 1299//1299 1274//1274 1293//1293
f 1300//1300 1299//1299 1296//1296
f 1299//1299 1300//1300 1274//1274
f 1301//1301 1300//1300 1296//1296
f 1301//1301 1302//1302 1300//1300
f 1300//1300 1302//1302 1274//1274
f 1274//1274 1302//1302 1282//1282
f 1282//1282 1302//1302 1303//1303
f 1304//1304 1282//1282 1303//1303
f 1305//1305 1303//1303 1302//1302
f 1297//1297 1306//1306 1295//1295
f 1295//1295 1306//1306 1307//1307
f 1297//1297 1298//1298 1308//1308
f 1308//1308 1298//1298 1309//1309
f 1309//1309 1310//1310 1308//1308
f 1311//1311 1309//1309 1298//1298
f 1309//1309 1311//1311 1312//1312
f 1313//1313 1306//1306 1297//1297
f 1297//1297 1314//1314 1313//1313
f 1315//1315 1306//1306 1313//1313
f 1315//1315 1316//1316 1306//1306
f 1316//1316 1317//1317 1306//1306
f 1317//1317 1307//1307 1306//1306
f 1316//1316 1318//1318 1317//1317
f 1319//1319 1318//1318 1316//1316
f 1319//1319 1320//1320 1318//1318
f 1321//1321 1307//1307 1317//1317
f 1322//1322 1307//1307 1321//1321
f 1321//1321 1318//1318 1322//1322
f 1317//1317 1323//1323 1321//1321
f 1322//1322 1324//1324 1307//1307
f 1320//1320 1325//1325 1318//1318
f 1322//1322 1318//1318 1325//1325
f 1326//1326 1325//1325 1320//1320
f 1320//1320 1327//1327 1326//1326
f 1326//1326 1327//1327 1328//1328
f 1329//1329 1326//1326 1328//1328
f 1330//1330 1326//1326 1329//1329
f 1331//1331 1329//1329 1328//1328
f 1332//1332 1330//1330 1329//1329
f 1328//1328 1327//1327 1333//1333
f 1328//1328 1333//1333 1331//1331
f 1327//1327 1334//1334 1333//1333
f 1335//1335 1334//1334 1327//1327
f 1334//1334 1335//1335 1336//1336
f 1333//1333 1337//1337 1331//1331
f 1338//1338 1333//1333 1334//1334
f 1338//1338 1337//1337 1333//1333
f 1338//1338 1339//1339 1337//1337
f 1337//1337 1340//1340 1331//1331
f 1340//1340 1332//1332 1331//1331
f 1334//1334 1341//1341 1338//1338
f 1341//1341 1334//1334 1342//1342
f 1343//1343 1332//1332 1340//1340
f 1340//1340 1344//1344 1343//1343
f 1343//1343 1345//1345 1332//1332
f 1346//1346 1343//1343 1344//1344
f 1343//1343 1346//1346 1345//1345
f 1345//1345 1346//1346 1347//1347
f 1332//1332 1345//1345 1348//1348
f 1330//1330 1332//1332 1348//1348
f 1345//1345 1349//1349 1348//1348
f 1345//1345 1347//1347 1349//1349
f 1330//1330 1348//1348 1349//1349
f 1350//1350 1346//1346 1344//1344
f 1346//1346 1350//1350 1347//1347
f 1344//1344 1351//1351 1350//1350
f 1351//1351 1344//1344 1352//1352
f 1352//1352 1344//1344 1353//1353
f 1351//1351 1352//1352 1354//1354
f 1354//1354 1355//1355 1351//1351
f 1350//1350 1356//1356 1347//1347
f 1351//1351 1357//1357 1350//1350
f 1357//1357 1358//1358 1350//1350
f 1358//1358 1357//1357 1359//1359
f 1358//1358 1359//1359 1360//1360
f 1361//1361 1357//1357 1351//1351
f 1357//1357 1361//1361 1362//1362
f 1351//1351 1363//1363 1361//1361
f 1351//1351 1355//1355 1363//1363
f 1364//1364 1359//1359 1357//1357
f 1365//1365 1363//1363 1355//1355
f 1366//1366 1364//1364 1365//1365
f 1365//1365 1355//1355 1367//1367
f 1365//1365 1367//1367 1366//1366
f 1366//1366 1367//1367 1368//1368
f 1364//1364 1369//1369 1359//1359
f 1364//1364 1366//1366 1369//1369
f 1370//1370 1367//1367 1355//1355
f 1370//1370 1355//1355 1371//1371
f 1367//1367 1370//1370 1372//1372
f 1371//1371 1372//1372 1370//1370
f 1372//1372 1373//1373 1367//1367
f 1367//1367 1373//1373 1374//1374
f 1373//1373 1375//1375 1374//1374
f 1372//1372 1371//1371 1376//1376
f 1376//1376 1371//1371 1377//1377
f 1373//1373 1372//1372 1378//1378
f 1378//1378 1372//1372 1376//1376
f 1373//1373 1378//1378 1379//1379
f 1379//1379 1380//1380 1373//1373
f 1379//1379 1381//1381 1380//1380
f 1381//1381 1379//1379 1382//1382
f 1382//1382 1379//1379 1383//1383
f 1376//1376 1384//1384 1378//1378
f 1384//1384 1385//1385 1378//1378
f 1376//1376 1386//1386 1384//1384
f 1376//1376 1377//1377 1387//1387
f 1387//1387 1386//1386 1376//1376
f 1388//1388 1383//1383 1379//1379
f 1388//1388 1379//1379 1389//1389
f 1379//1379 1390//1390 1389//1389
f 1390//1390 1391//1391 1389//1389
f 1391//1391 1386//1386 1389//1389
f 1392//1392 1388//1388 1389//1389
f 1386//1386 1392//1392 1389//1389
f 1393//1393 1392//1392 1386//1386
f 1394//1394 1393//1393 1386//1386
f 1386//1386 1387//1387 1394//1394
f 1395//1395 1383//1383 1388//1388
f 1396//1396 1395//1395 1388//1388
f 1395//1395 1396//1396 1397//1397
f 1383//1383 1395//1395 1398//1398
f 1399//1399 1383//1383 1398//1398
f 1397//1397 1400//1400 1395//1395
f 1383//1383 1399//1399 1401//1401
f 1401//1401 1402//1402 1383//1383
f 1403//1403 1400//1400 1397//1397
f 1402//1402 1401//1401 1404//1404
f 1402//1402 1404//1404 1405//1405
f 1406//1406 1404//1404 1401//1401
f 1387//1387 1407//1407 1394//1394
f 1387//1387 1408//1408 1407//1407
f 1408//1408 1387//1387 1377//1377
f 1394//1394 1407//1407 1409//1409
f 1410//1410 1394//1394 1409//1409
f 1377//1377 1411//1411 1408//1408
f 1377//1377 1412//1412 1411//1411
f 1407//1407 1408//1408 1413//1413
f 1408//1408 1411//1411 1414//1414
f 1414//1414 1413//1413 1408//1408
f 1409//1409 1415//1415 1410//1410
f 1410//1410 1415//1415 1416//1416
f 1417//1417 1410//1410 1416//1416
f 1418//1418 1417//1417 1416//1416
f 1409//1409 1407//1407 1419//1419
f 1419//1419 1420//1420 1409//1409
f 1419//1419 1421//1421 1420//1420
f 1421//1421 1419//1419 1422//1422
f 1419//1419 1407//1407 1422//1422
f 1413//1413 1422//1422 1407//1407
f 1423//1423 1422//1422 1413//1413
f 1423//1423 1413//1413 1424//1424
f 1414//1414 1425//1425 1413//1413
f 1414//1414 1426//1426 1425//1425
f 1426//1426 1427//1427 1425//1425
f 1428//1428 1427//1427 1426//1426
f 1428//1428 1426//1426 1429//1429
f 1430//1430 1426//1426 1414//1414
f 1411//1411 1430//1430 1414//1414
f 1429//1429 1426//1426 1431//1431
f 1429//1429 1431//1431 1432//1432
f 1426//1426 1433//1433 1431//1431
f 1426//1426 1430//1430 1433//1433
f 1411//1411 1434//1434 1430//1430
f 1435//1435 1434//1434 1411//1411
f 1434//1434 1435//1435 1436//1436
f 1430//1430 1434//1434 1437//1437
f 1437//1437 1434//1434 1436//1436
f 1438//1438 1430//1430 1437//1437
f 1430//1430 1438//1438 1433//1433
f 1437//1437 1436//1436 1439//1439
f 1438//1438 1437//1437 1439//1439
f 1439//1439 1436//1436 1440//1440
f 1439//1439 1440//1440 1441//1441
f 1440//1440 1442//1442 1441//1441
f 1443//1443 1438//1438 1439//1439
f 1443//1443 1433//1433 1438//1438
f 1433//1433 1443//1443 1444//1444
f 1433//1433 1445//1445 1431//1431
f 1431//1431 1445//1445 1446//1446
f 1446//1446 1445//1445 1447//1447
f 1448//1448 1447//1447 1445//1445
f 1447//1447 1448//1448 1449//1449
f 1450//1450 1447//1447 1449//1449
f 1447//1447 1451//1451 1446//1446
f 1452//1452 1451//1451 1447//1447
f 1451//1451 1453//1453 1446//1446
f 1446//1446 1453//1453 1454//1454
f 1451//1451 1455//1455 1453//1453
f 1456//1456 1451//1451 1452//1452
f 1451//1451 1456//1456 1457//1457
f 1456//1456 1452//1452 1458//1458
f 1458//1458 1459//1459 1456//1456
f 1458//1458 1460//1460 1459//1459
f 1461//1461 1460//1460 1458//1458
f 1460//1460 1462//1462 1459//1459
f 1463//1463 1464//1464 1465//1465
f 1465//1465 1464//1464 1466//1466
f 1466//1466 1467//1467 1465//1465
f 1468//1468 1465//1465 1467//1467
f 1465//1465 1468//1468 1469//1469
f 1469//1469 1468//1468 1467//1467
f 1467//1467 1466//1466 1470//1470
f 1469//1469 1467//1467 1470//1470
f 1470//1470 1471//1471 1469//1469
f 1471//1471 1472//1472 1469//1469
f 1472//1472 1473//1473 1469//1469
f 1474//1474 1473//1473 1472//1472
f 1475//1475 1473//1473 1474//1474
f 1474//1474 1472//1472 1476//1476
f 1476//1476 1477//1477 1474//1474
f 1477//1477 1476//1476 1478//1478
f 1479//1479 1471//1471 1470//1470
f 1479//1479 1480//1480 1471//1471
f 1479//1479 1470//1470 1481//1481
f 1470//1470 1482//1482 1481//1481
f 1466//1466 1482//1482 1470//1470
f 1482//1482 1483//1483 1481//1481
f 1482//1482 1484//1484 1483//1483
f 1484//1484 1482//1482 1397//1397
f 1485//1485 1484//1484 1397//1397
f 1397//1397 1482//1482 1403//1403
f 1482//1482 1466//1466 1403//1403
f 1486//1486 1403//1403 1466//1466
f 1403//1403 1486//1486 1487//1487
f 1488//1488 1487//1487 1486//1486
f 1487//1487 1488//1488 1489//1489
f 1486//1486 1490//1490 1488//1488
f 1466//1466 1491//1491 1486//1486
f 1491//1491 1466//1466 1492//1492
f 1490//1490 1486//1486 1493//1493
f 1493//1493 1486//1486 1491//1491
f 1494//1494 1490//1490 1493//1493
f 1495//1495 1493//1493 1491//1491
f 1491//1491 1496//1496 1495//1495
f 1497//1497 1496//1496 1491//1491
f 1493//1493 1495//1495 1359//1359
f 1359//1359 1495//1495 1496//1496
f 1493//1493 1359//1359 1369//1369
f 1369//1369 1494//1494 1493//1493
f 1366//1366 1494//1494 1369//1369
f 1494//1494 1366//1366 1498//1498
f 1499//1499 1498//1498 1366//1366
f 1500//1500 1498//1498 1499//1499
f 1494//1494 1498//1498 1501//1501
f 1494//1494 1501//1501 1502//1502
f 1501//1501 1498//1498 1503//1503
f 1504//1504 1503//1503 1498//1498
f 1503//1503 1504//1504 1505//1505
f 1506//1506 1359//1359 1496//1496
f 1506//1506 1507//1507 1359//1359
f 1506//1506 1508//1508 1507//1507
f 1509//1509 1508//1508 1506//1506
f 1510//1510 1506//1506 1496//1496
f 1509//1509 1506//1506 1511//1511
f 1506//1506 1510//1510 1511//1511
f 1512//1512 1510//1510 1496//1496
f 1511//1511 1510//1510 1513//1513
f 1513//1513 1510//1510 1512//1512
f 1514//1514 1511//1511 1513//1513
f 1509//1509 1511//1511 1514//1514
f 1515//1515 1514//1514 1513//1513
f 1512//1512 1515//1515 1513//1513
f 1515//1515 1516//1516 1514//1514
f 1515//1515 1517//1517 1516//1516
f 1509//1509 1514//1514 1518//1518
f 1519//1519 1512//1512 1496//1496
f 1519//1519 1520//1520 1512//1512
f 1496//1496 1497//1497 1519//1519
f 1497//1497 1521//1521 1519//1519
f 1522//1522 1521//1521 1497//1497
f 1523//1523 1515//1515 1512//1512
f 1512//1512 1520//1520 1523//1523
f 1518//1518 1356//1356 1509//1509
f 1524//1524 1509//1509 1356//1356
f 1524//1524 1356//1356 1525//1525
f 1356//1356 1518//1518 1347//1347
f 1526//1526 1347//1347 1518//1518
f 1518//1518 1527//1527 1526//1526
f 1528//1528 1347//1347 1526//1526
f 1347//1347 1528//1528 1349//1349
f 1515//1515 1529//1529 1528//1528
f 1523//1523 1529//1529 1515//1515
f 1529//1529 1530//1530 1528//1528
f 1528//1528 1531//1531 1349//1349
f 1531//1531 1528//1528 1530//1530
f 1532//1532 1349//1349 1531//1531
f 1531//1531 1530//1530 1532//1532
f 1532//1532 1330//1330 1349//1349
f 1529//1529 1523//1523 1533//1533
f 1530//1530 1529//1529 1533//1533
f 1534//1534 1530//1530 1533//1533
f 1523//1523 1535//1535 1533//1533
f 1535//1535 1523//1523 1520//1520
f 1330//1330 1532//1532 1536//1536
f 1536//1536 1537//1537 1330//1330
f 1538//1538 1330//1330 1537//1537
f 1539//1539 1538//1538 1537//1537
f 1539//1539 1540//1540 1538//1538
f 1540//1540 1541//1541 1538//1538
f 1542//1542 1541//1541 1540//1540
f 1541//1541 1542//1542 1543//1543
f 1543//1543 1322//1322 1541//1541
f 1322//1322 1543//1543 1544//1544
f 1543//1543 1545//1545 1544//1544
f 1546//1546 1322//1322 1544//1544
f 1546//1546 1544//1544 1547//1547
f 1546//1546 1547//1547 1548//1548
f 1322//1322 1546//1546 1324//1324
f 1324//1324 1546//1546 1549//1549
f 1324//1324 1549//1549 1550//1550
f 1551//1551 1324//1324 1550//1550
f 1551//1551 1552//1552 1324//1324
f 1549//1549 1553//1553 1550//1550
f 1554//1554 1553//1553 1549//1549
f 1553//1553 1554//1554 1555//1555
f 1554//1554 1549//1549 1556//1556
f 1557//1557 1556//1556 1549//1549
f 1556//1556 1557//1557 1558//1558
f 1559//1559 1555//1555 1554//1554
f 1555//1555 1559//1559 1560//1560
f 1561//1561 1560//1560 1559//1559
f 1562//1562 1563//1563 1564//1564
f 1563//1563 1562//1562 1565//1565
f 1566//1566 1565//1565 1562//1562
f 1567//1567 1566//1566 1562//1562
f 1562//1562 1568//1568 1567//1567
f 1569//1569 1567//1567 1568//1568
f 1570//1570 1565//1565 1566//1566
f 1571//1571 1565//1565 1570//1570
f 1571//1571 1572//1572 1565//1565
f 1573//1573 1563//1563 1565//1565
f 1573//1573 1565//1565 1572//1572
f 1574//1574 1563//1563 1573//1573
f 1575//1575 1563//1563 1574//1574
f 1567//1567 1576//1576 1566//1566
f 1577//1577 1576//1576 1567//1567
f 1572//1572 1578//1578 1573//1573
f 1578//1578 1574//1574 1573//1573
f 1578//1578 1579//1579 1574//1574
f 1579//1579 1578//1578 1580//1580
f 1572//1572 1580//1580 1578//1578
f 1574//1574 1579//1579 1581//1581
f 1575//1575 1574//1574 1582//1582
f 1581//1581 1582//1582 1574//1574
f 1582//1582 1583//1583 1575//1575
f 1584//1584 1575//1575 1583//1583
f 1572//1572 1585//1585 1580//1580
f 1580//1580 1585//1585 1586//1586
f 1587//1587 1582//1582 1581//1581
f 1587//1587 1581//1581 1588//1588
f 1589//1589 1587//1587 1588//1588
f 1589//1589 1590//1590 1587//1587
f 1587//1587 1590//1590 1582//1582
f 1582//1582 1590//1590 1591//1591
f 1582//1582 1591//1591 1583//1583
f 1591//1591 1592//1592 1583//1583
f 1593//1593 1591//1591 1590//1590
f 1594//1594 1592//1592 1591//1591
f 1585//1585 1595//1595 1586//1586
f 1595//1595 1596//1596 1586//1586
f 1597//1597 1596//1596 1595//1595
f 1596//1596 1597//1597 1598//1598
f 1597//1597 1595//1595 1599//1599
f 1599//1599 1600//1600 1597//1597
f 1595//1595 1601//1601 1599//1599
f 1601//1601 1602//1602 1599//1599
f 1603//1603 1595//1595 1585//1585
f 1603//1603 1604//1604 1595//1595
f 1605//1605 1604//1604 1603//1603
f 1606//1606 1603//1603 1585//1585
f 1607//1607 1606//1606 1585//1585
f 1572//1572 1607//1607 1585//1585
f 1606//1606 1608//1608 1603//1603
f 1608//1608 1609//1609 1603//1603
f 1606//1606 1610//1610 1608//1608
f 1610//1610 1609//1609 1608//1608
f 1610//1610 1606//1606 1611//1611
f 1606//1606 1607//1607 1611//1611
f 1610//1610 1612//1612 1609//1609
f 1612//1612 1610//1610 1611//1611
f 1609//1609 1612//1612 1613//1613
f 1613//1613 1612//1612 1614//1614
f 1615//1615 1613//1613 1614//1614
f 1611//1611 1616//1616 1612//1612
f 1616//1616 1611//1611 1617//1617
f 1611//1611 1607//1607 1617//1617
f 1618//1618 1607//1607 1572//1572
f 1619//1619 1618//1618 1572//1572
f 1619//1619 1620//1620 1618//1618
f 1620//1620 1607//1607 1618//1618
f 1607//1607 1620//1620 1617//1617
f 1566//1566 1617//1617 1620//1620
f 1566//1566 1616//1616 1617//1617
f 1621//1621 1616//1616 1566//1566
f 1621//1621 1566//1566 1576//1576
f 1622//1622 1621//1621 1576//1576
f 1622//1622 1623//1623 1621//1621
f 1622//1622 1576//1576 1577//1577
f 1577//1577 1624//1624 1622//1622
f 1624//1624 1577//1577 1625//1625
f 1577//1577 1626//1626 1625//1625
f 1625//1625 1626//1626 1627//1627
f 1577//1577 1628//1628 1626//1626
f 1628//1628 1577//1577 1629//1629
f 1629//1629 679//679 1628//1628
f 1628//1628 1630//1630 1626//1626
f 679//679 1630//1630 1628//1628
f 690//690 1630//1630 679//679
f 1631//1631 1630//1630 690//690
f 651//651 1631//1631 690//690
f 651//651 1632//1632 1631//1631
f 650//650 1632//1632 651//651
f 1633//1633 1632//1632 650//650
f 1634//1634 1631//1631 1632//1632
f 1634//1634 1632//1632 1633//1633
f 1633//1633 650//650 1635//1635
f 650//650 648//648 1635//1635
f 1636//1636 1630//1630 1631//1631
f 1634//1634 1637//1637 1631//1631
f 1636//1636 1631//1631 1637//1637
f 1633//1633 1638//1638 1634//1634
f 1634//1634 1638//1638 1637//1637
f 1633//1633 1639//1639 1638//1638
f 1635//1635 1639//1639 1633//1633
f 1638//1638 1640//1640 1637//1637
f 1641//1641 1637//1637 1640//1640
f 1642//1642 1637//1637 1641//1641
f 1642//1642 1636//1636 1637//1637
f 1639//1639 1643//1643 1638//1638
f 1636//1636 1644//1644 1630//1630
f 1644//1644 1645//1645 1630//1630
f 1645//1645 1644//1644 1646//1646
f 1646//1646 1647//1647 1645//1645
f 1644//1644 1636//1636 1648//1648
f 1646//1646 1644//1644 1648//1648
f 1649//1649 1636//1636 1642//1642
f 1636//1636 1649//1649 1648//1648
f 1648//1648 1650//1650 1646//1646
f 1651//1651 1646//1646 1650//1650
f 1650//1650 1622//1622 1651//1651
f 1652//1652 1651//1651 1622//1622
f 1622//1622 1650//1650 1623//1623
f 1653//1653 1650//1650 1648//1648
f 1649//1649 1653//1653 1648//1648
f 1650//1650 1653//1653 1623//1623
f 1653//1653 1654//1654 1623//1623
f 1642//1642 1655//1655 1649//1649
f 1656//1656 1655//1655 1642//1642
f 1657//1657 1655//1655 1656//1656
f 1649//1649 1655//1655 1657//1657
f 1656//1656 1658//1658 1657//1657
f 1659//1659 1657//1657 1658//1658
f 1659//1659 1649//1649 1657//1657
f 1649//1649 1659//1659 1653//1653
f 1654//1654 1653//1653 1659//1659
f 1660//1660 1654//1654 1659//1659
f 1660//1660 1661//1661 1654//1654
f 1662//1662 1654//1654 1661//1661
f 1661//1661 1663//1663 1662//1662
f 1663//1663 1664//1664 1662//1662
f 1663//1663 1665//1665 1664//1664
f 1666//1666 1664//1664 1665//1665
f 1662//1662 1664//1664 1666//1666
f 920//920 1666//1666 1665//1665
f 1662//1662 1667//1667 1654//1654
f 1668//1668 1662//1662 1666//1666
f 1669//1669 1662//1662 1668//1668
f 1666//1666 1670//1670 1668//1668
f 1670//1670 1666//1666 1671//1671
f 1666//1666 920//920 1671//1671
f 1671//1671 1672//1672 1670//1670
f 1671//1671 920//920 1673//1673
f 1671//1671 1673//1673 1674//1674
f 920//920 910//910 1673//1673
f 1673//1673 910//910 1674//1674
f 910//910 1675//1675 1674//1674
f 1674//1674 1676//1676 1671//1671
f 1674//1674 1677//1677 1676//1676
f 1677//1677 1674//1674 1678//1678
f 1677//1677 1678//1678 1679//1679
f 1678//1678 1674//1674 1680//1680
f 1681//1681 1680//1680 1674//1674
f 1681//1681 1682//1682 1680//1680
f 1683//1683 1679//1679 1678//1678
f 1678//1678 1680//1680 1683//1683
f 1682//1682 1684//1684 1680//1680
f 1683//1683 1680//1680 1684//1684
f 1685//1685 1684//1684 1682//1682
f 1679//1679 1683//1683 1686//1686
f 1686//1686 1687//1687 1679//1679
f 1686//1686 1683//1683 1688//1688
f 1688//1688 1683//1683 1684//1684
f 1684//1684 1689//1689 1688//1688
f 1690//1690 1684//1684 1685//1685
f 1691//1691 1684//1684 1690//1690
f 1690//1690 1692//1692 1691//1691
f 1690//1690 1685//1685 1693//1693
f 1693//1693 1694//1694 1690//1690
f 1695//1695 1696//1696 1697//1697
f 1695//1695 1697//1697 1698//1698
f 1695//1695 1698//1698 1699//1699
f 1700//1700 1699//1699 1698//1698
f 1701//1701 1700//1700 1698//1698
f 1702//1702 1703//1703 1704//1704
f 1702//1702 1705//1705 1703//1703
f 1706//1706 1707//1707 1708//1708
f 1707//1707 1706//1706 1709//1709
f 1707//1707 1709//1709 1710//1710
f 1709//1709 1706//1706 1711//1711
f 1712//1712 1711//1711 1706//1706
f 1706//1706 1713//1713 1712//1712
f 1712//1712 1713//1713 1714//1714
f 1714//1714 1715//1715 1712//1712
f 1714//1714 1716//1716 1715//1715
f 1715//1715 1716//1716 1717//1717
f 1715//1715 1718//1718 1712//1712
f 1719//1719 1711//1711 1712//1712
f 1711//1711 1530//1530 1709//1709
f 1530//1530 1711//1711 1532//1532
f 1532//1532 1711//1711 1719//1719
f 1720//1720 1709//1709 1530//1530
f 1721//1721 1709//1709 1720//1720
f 1722//1722 1721//1721 1720//1720
f 1720//1720 1723//1723 1722//1722
f 1532//1532 1719//1719 1724//1724
f 1725//1725 1724//1724 1719//1719
f 1725//1725 1719//1719 1726//1726
f 1727//1727 1726//1726 1719//1719
f 1726//1726 1728//1728 1725//1725
f 1729//1729 1725//1725 1728//1728
f 1730//1730 1731//1731 1732//1732
f 1732//1732 1731//1731 1733//1733
f 1732//1732 1733//1733 1734//1734
f 1735//1735 1736//1736 1737//1737
f 1736//1736 1735//1735 1738//1738
f 1735//1735 1739//1739 1738//1738
f 1740//1740 1738//1738 1739//1739
f 1738//1738 1740//1740 1741//1741
f 1738//1738 1741//1741 1742//1742
f 1743//1743 1740//1740 1739//1739
f 1744//1744 1743//1743 1739//1739
f 1745//1745 1744//1744 1739//1739
f 1746//1746 1740//1740 1743//1743
f 1747//1747 1744//1744 1745//1745
f 1740//1740 1746//1746 1748//1748
f 1746//1746 1749//1749 1748//1748
f 1740//1740 1748//1748 1750//1750
f 1740//1740 1750//1750 1751//1751
f 1752//1752 1751//1751 1750//1750
f 1751//1751 1752//1752 1753//1753
f 1748//1748 1749//1749 1754//1754
f 1748//1748 1754//1754 1755//1755
f 1754//1754 1749//1749 1756//1756
f 1757//1757 1756//1756 1749//1749
f 1757//1757 1744//1744 1756//1756
f 1754//1754 1756//1756 1758//1758
f 1747//1747 1759//1759 1744//1744
f 1759//1759 1756//1756 1744//1744
f 1759//1759 1747//1747 1760//1760
f 1761//1761 1760//1760 1747//1747
f 1752//1752 1762//1762 1753//1753
f 1763//1763 1762//1762 1752//1752
f 1759//1759 1760//1760 1764//1764
f 1764//1764 1760//1760 1765//1765
f 1762//1762 1766//1766 1753//1753
f 1766//1766 1767//1767 1753//1753
f 1763//1763 1768//1768 1762//1762
f 1762//1762 1768//1768 1766//1766
f 1768//1768 1763//1763 1769//1769
f 1758//1758 1768//1768 1769//1769
f 1770//1770 1766//1766 1768//1768
f 1758//1758 1770//1770 1768//1768
f 1771//1771 1767//1767 1766//1766
f 1772//1772 1767//1767 1771//1771
f 1771//1771 1773//1773 1772//1772
f 1765//1765 1760//1760 1415//1415
f 1415//1415 1774//1774 1765//1765
f 1775//1775 1765//1765 1774//1774
f 1774//1774 1409//1409 1775//1775
f 1774//1774 1415//1415 1409//1409
f 1760//1760 1776//1776 1415//1415
f 1760//1760 1777//1777 1776//1776
f 1777//1777 1760//1760 1761//1761
f 1761//1761 1778//1778 1777//1777
f 1779//1779 1776//1776 1777//1777
f 1779//1779 1780//1780 1776//1776
f 1767//1767 1772//1772 1781//1781
f 1782//1782 1767//1767 1781//1781
f 1783//1783 1782//1782 1781//1781
f 1767//1767 1782//1782 1784//1784
f 1785//1785 1784//1784 1782//1782
f 1785//1785 1782//1782 1786//1786
f 1785//1785 1787//1787 1784//1784
f 1785//1785 1788//1788 1787//1787
f 1789//1789 1784//1784 1787//1787
f 1787//1787 1788//1788 1789//1789
f 1790//1790 1781//1781 1772//1772
f 1791//1791 1781//1781 1790//1790
f 1789//1789 1788//1788 1792//1792
f 1788//1788 1793//1793 1792//1792
f 1794//1794 1792//1792 1793//1793
f 1789//1789 1792//1792 1795//1795
f 1795//1795 1796//1796 1789//1789
f 1796//1796 1797//1797 1789//1789
f 1796//1796 1798//1798 1797//1797
f 1799//1799 1792//1792 1794//1794
f 1799//1799 1794//1794 1800//1800
f 1794//1794 1801//1801 1800//1800
f 1794//1794 1802//1802 1801//1801
f 1802//1802 1803//1803 1801//1801
f 1800//1800 1801//1801 1804//1804
f 1805//1805 1801//1801 1803//1803
f 1805//1805 1803//1803 1806//1806
f 1806//1806 1807//1807 1805//1805
f 1805//1805 1807//1807 1808//1808
f 1800//1800 1804//1804 1809//1809
f 1810//1810 1809//1809 1804//1804
f 1809//1809 1811//1811 1800//1800
f 1812//1812 1811//1811 1809//1809
f 1800//1800 1811//1811 1813//1813
f 1814//1814 1812//1812 1809//1809
f 1813//1813 1815//1815 1800//1800
f 1816//1816 1815//1815 1813//1813
f 1799//1799 1800//1800 1815//1815
f 1812//1812 1814//1814 1817//1817
f 1812//1812 1817//1817 1818//1818
f 1817//1817 1814//1814 1819//1819
f 1819//1819 1814//1814 1820//1820
f 1821//1821 1819//1819 1820//1820
f 1815//1815 1822//1822 1799//1799
f 1799//1799 1822//1822 1823//1823
f 1824//1824 1799//1799 1823//1823
f 1825//1825 1815//1815 1816//1816
f 1825//1825 1472//1472 1815//1815
f 1826//1826 1815//1815 1472//1472
f 1825//1825 1816//1816 1827//1827
f 1827//1827 1816//1816 1828//1828
f 1826//1826 1472//1472 1829//1829
f 1829//1829 1830//1830 1826//1826
f 1476//1476 1472//1472 1825//1825
f 1825//1825 1827//1827 1476//1476
f 1831//1831 1829//1829 1472//1472
f 1472//1472 1471//1471 1831//1831
f 1471//1471 1832//1832 1831//1831
f 1829//1829 1831//1831 1832//1832
f 1829//1829 1832//1832 1833//1833
f 1827//1827 1834//1834 1476//1476
f 1476//1476 1834//1834 1478//1478
f 1834//1834 1827//1827 1835//1835
f 1836//1836 1834//1834 1835//1835
f 1835//1835 1827//1827 1837//1837
f 1838//1838 1835//1835 1837//1837
f 1827//1827 1839//1839 1837//1837
f 1834//1834 1840//1840 1478//1478
f 1841//1841 1840//1840 1834//1834
f 1841//1841 1834//1834 1842//1842
f 1843//1843 1478//1478 1840//1840
f 1843//1843 1844//1844 1478//1478
f 1841//1841 1845//1845 1840//1840
f 1845//1845 1843//1843 1840//1840
f 1842//1842 1846//1846 1841//1841
f 1841//1841 1846//1846 1845//1845
f 1846//1846 1842//1842 1847//1847
f 1846//1846 1847//1847 1845//1845
f 1847//1847 1842//1842 1848//1848
f 1848//1848 1849//1849 1847//1847
f 1850//1850 1845//1845 1847//1847
f 1847//1847 1851//1851 1850//1850
f 1852//1852 1851//1851 1847//1847
f 1853//1853 1852//1852 1847//1847
f 1843//1843 1845//1845 1854//1854
f 1854//1854 1845//1845 1855//1855
f 1856//1856 1851//1851 1852//1852
f 1856//1856 1857//1857 1851//1851
f 1858//1858 1856//1856 1852//1852
f 1859//1859 1858//1858 1852//1852
f 1853//1853 1860//1860 1852//1852
f 1860//1860 1859//1859 1852//1852
f 1859//1859 1860//1860 1861//1861
f 1853//1853 1862//1862 1860//1860
f 1862//1862 1861//1861 1860//1860
f 1861//1861 1862//1862 1863//1863
f 1856//1856 1864//1864 1857//1857
f 1856//1856 1865//1865 1864//1864
f 1866//1866 1864//1864 1865//1865
f 1857//1857 1864//1864 1867//1867
f 1867//1867 1864//1864 1868//1868
f 1864//1864 1869//1869 1868//1868
f 1870//1870 1867//1867 1868//1868
f 1871//1871 1867//1867 1870//1870
f 1871//1871 1870//1870 1872//1872
f 1872//1872 1873//1873 1871//1871
f 1874//1874 1872//1872 1870//1870
f 1870//1870 1868//1868 1874//1874
f 1872//1872 1874//1874 1875//1875
f 1869//1869 1876//1876 1868//1868
f 1877//1877 1874//1874 1868//1868
f 1876//1876 1877//1877 1868//1868
f 1878//1878 1874//1874 1877//1877
f 1878//1878 1877//1877 1879//1879
f 1874//1874 1878//1878 1880//1880
f 1874//1874 1880//1880 1875//1875
f 1878//1878 1881//1881 1880//1880
f 1878//1878 1882//1882 1881//1881
f 1880//1880 1881//1881 1883//1883
f 1883//1883 1881//1881 1884//1884
f 1880//1880 1885//1885 1875//1875
f 1876//1876 1869//1869 1886//1886
f 1886//1886 1869//1869 1887//1887
f 1887//1887 1869//1869 1888//1888
f 1889//1889 1886//1886 1887//1887
f 1861//1861 1889//1889 1887//1887
f 1886//1886 1889//1889 1890//1890
f 1876//1876 1886//1886 1890//1890
f 1876//1876 1890//1890 1891//1891
f 1891//1891 1892//1892 1876//1876
f 1892//1892 1893//1893 1876//1876
f 1892//1892 1894//1894 1893//1893
f 1895//1895 1893//1893 1894//1894
f 1896//1896 1892//1892 1891//1891
f 1892//1892 1897//1897 1894//1894
f 1898//1898 1897//1897 1892//1892
f 1899//1899 1890//1890 1889//1889
f 1899//1899 1889//1889 1861//1861
f 1890//1890 1899//1899 1891//1891
f 1892//1892 1900//1900 1898//1898
f 1901//1901 1900//1900 1892//1892
f 1902//1902 1898//1898 1900//1900
f 1903//1903 1898//1898 1902//1902
f 1898//1898 1903//1903 1897//1897
f 1861//1861 1904//1904 1899//1899
f 1905//1905 1891//1891 1899//1899
f 1906//1906 1891//1891 1905//1905
f 1905//1905 1907//1907 1906//1906
f 1908//1908 1891//1891 1906//1906
f 1908//1908 1909//1909 1891//1891
f 1908//1908 1910//1910 1909//1909
f 1910//1910 1908//1908 1911//1911
f 1906//1906 1907//1907 1912//1912
f 1907//1907 1913//1913 1912//1912
f 1907//1907 1914//1914 1913//1913
f 1912//1912 1913//1913 1915//1915
f 1913//1913 1916//1916 1915//1915
f 1917//1917 1915//1915 1916//1916
f 1918//1918 1915//1915 1917//1917
f 1919//1919 1917//1917 1916//1916
f 1917//1917 1919//1919 1918//1918
f 1920//1920 1919//1919 1916//1916
f 1919//1919 1920//1920 1921//1921
f 1922//1922 1918//1918 1919//1919
f 1923//1923 1919//1919 1921//1921
f 1923//1923 1922//1922 1919//1919
f 1924//1924 1918//1918 1922//1922
f 1918//1918 1924//1924 1925//1925
f 1924//1924 1922//1922 1926//1926
f 1927//1927 1924//1924 1926//1926
f 1927//1927 1926//1926 1928//1928
f 1922//1922 1929//1929 1926//1926
f 1929//1929 1922//1922 1930//1930
f 1922//1922 1923//1923 1930//1930
f 1897//1897 1928//1928 1926//1926
f 1926//1926 1929//1929 1897//1897
f 1897//1897 1929//1929 1931//1931
f 1897//1897 1931//1931 1932//1932
f 1932//1932 1931//1931 1933//1933
f 1897//1897 1932//1932 1934//1934
f 1933//1933 1934//1934 1932//1932
f 1897//1897 1934//1934 1894//1894
f 1933//1933 1935//1935 1934//1934
f 1936//1936 1935//1935 1933//1933
f 1937//1937 1935//1935 1936//1936
f 1936//1936 1938//1938 1937//1937
f 1939//1939 1937//1937 1938//1938
f 1938//1938 1940//1940 1939//1939
f 1894//1894 1934//1934 1941//1941
f 1941//1941 1942//1942 1894//1894
f 1894//1894 1942//1942 1943//1943
f 1944//1944 1894//1894 1943//1943
f 1945//1945 1934//1934 1935//1935
f 1945//1945 1935//1935 1946//1946
f 1946//1946 1947//1947 1945//1945
f 1947//1947 1946//1946 1948//1948
f 1935//1935 1937//1937 1949//1949
f 1935//1935 1949//1949 1946//1946
f 1950//1950 1948//1948 1946//1946
f 1951//1951 1946//1946 1949//1949
f 1946//1946 1951//1951 1950//1950
f 1951//1951 1952//1952 1950//1950
f 1953//1953 1951//1951 1949//1949
f 1937//1937 1953//1953 1949//1949
f 1950//1950 1954//1954 1948//1948
f 1954//1954 1950//1950 1955//1955
f 1948//1948 1954//1954 1956//1956
f 1937//1937 1957//1957 1953//1953
f 1958//1958 1953//1953 1957//1957
f 1958//1958 1959//1959 1953//1953
f 1960//1960 1957//1957 1937//1937
f 1960//1960 1937//1937 1961//1961
f 1937//1937 1939//1939 1961//1961
f 1962//1962 1958//1958 1957//1957
f 1963//1963 1959//1959 1958//1958
f 1963//1963 1958//1958 1962//1962
f 1964//1964 1959//1959 1963//1963
f 1964//1964 1963//1963 1962//1962
f 1957//1957 1960//1960 1965//1965
f 1962//1962 1957//1957 1965//1965
f 1966//1966 1965//1965 1960//1960
f 1967//1967 1965//1965 1966//1966
f 1965//1965 1967//1967 1968//1968
f 1969//1969 1960//1960 1961//1961
f 1969//1969 1966//1966 1960//1960
f 1965//1965 1970//1970 1962//1962
f 1970//1970 1965//1965 1968//1968
f 1971//1971 1962//1962 1970//1970
f 1964//1964 1962//1962 1971//1971
f 1970//1970 1968//1968 1971//1971
f 1972//1972 1971//1971 1968//1968
f 1973//1973 1964//1964 1971//1971
f 1974//1974 1959//1959 1964//1964
f 1964//1964 1972//1972 1974//1974
f 1974//1974 1975//1975 1959//1959
f 1969//1969 1961//1961 1976//1976
f 1976//1976 1977//1977 1969//1969
f 1976//1976 1961//1961 1939//1939
f 1939//1939 1978//1978 1976//1976
f 1976//1976 1978//1978 1979//1979
f 1979//1979 1969//1969 1980//1980
f 1979//1979 1981//1981 1969//1969
f 1981//1981 1966//1966 1969//1969
f 1982//1982 1981//1981 1979//1979
f 1983//1983 1979//1979 1978//1978
f 1979//1979 1983//1983 1982//1982
f 1981//1981 1984//1984 1966//1966
f 1981//1981 1982//1982 1984//1984
f 1984//1984 1985//1985 1966//1966
f 1984//1984 1982//1982 1985//1985
f 1986//1986 1985//1985 1982//1982
f 1987//1987 1986//1986 1982//1982
f 1983//1983 1987//1987 1982//1982
f 1987//1987 1983//1983 1988//1988
f 1989//1989 1987//1987 1988//1988
f 1990//1990 1983//1983 1978//1978
f 1988//1988 1983//1983 1990//1990
f 1988//1988 1990//1990 1991//1991
f 1966//1966 1985//1985 1992//1992
f 1966//1966 1992//1992 1967//1967
f 1993//1993 1988//1988 1991//1991
f 1994//1994 1988//1988 1993//1993
f 1992//1992 1995//1995 1967//1967
f 1967//1967 1995//1995 1996//1996
f 1997//1997 1967//1967 1996//1996
f 1998//1998 1993//1993 1991//1991
f 1999//1999 1993//1993 1998//1998
f 2000//2000 1998//1998 1991//1991
f 1991//1991 2001//2001 2000//2000
f 2002//2002 1998//1998 2000//2000
f 2003//2003 2000//2000 2001//2001
f 2004//2004 1967//1967 1997//1997
f 2004//2004 2005//2005 1967//1967
f 1968//1968 1967//1967 2005//2005
f 1997//1997 2006//2006 2004//2004
f 2007//2007 2005//2005 2004//2004
f 2004//2004 2006//2006 2007//2007
f 2007//2007 2008//2008 2005//2005
f 2008//2008 2009//2009 2005//2005
f 2005//2005 1521//1521 1968//1968
f 1997//1997 1520//1520 2006//2006
f 1997//1997 2010//2010 1520//1520
f 1519//1519 2006//2006 1520//1520
f 2011//2011 2006//2006 1519//1519
f 2011//2011 1519//1519 1521//1521
f 2012//2012 2011//2011 1521//1521
f 1521//1521 2013//2013 1968//1968
f 1968//1968 2013//2013 1972//1972
f 2010//2010 2014//2014 1520//1520
f 1520//1520 2014//2014 1535//1535
f 2014//2014 2015//2015 1535//1535
f 2010//2010 2015//2015 2014//2014
f 2015//2015 2016//2016 1535//1535
f 2017//2017 2016//2016 2015//2015
f 1521//1521 2018//2018 2013//2013
f 1522//1522 2018//2018 1521//1521
f 1844//1844 2018//2018 1522//1522
f 1522//1522 2019//2019 1844//1844
f 1844//1844 1843//1843 2018//2018
f 2013//2013 2018//2018 1843//1843
f 1854//1854 2013//2013 1843//1843
f 1854//1854 1972//1972 2013//2013
f 2015//2015 1985//1985 2017//2017
f 2017//2017 1985//1985 2020//2020
f 2017//2017 2020//2020 2021//2021
f 2015//2015 1992//1992 1985//1985
f 2010//2010 1992//1992 2015//2015
f 2022//2022 1992//1992 2010//2010
f 2022//2022 2010//2010 2023//2023
f 2023//2023 2010//2010 2024//2024
f 1854//1854 2025//2025 1972//1972
f 2025//2025 1854//1854 2026//2026
f 1855//1855 2026//2026 1854//1854
f 2025//2025 2026//2026 2027//2027
f 1855//1855 2028//2028 2026//2026
f 2029//2029 2026//2026 2028//2028
f 2029//2029 2028//2028 2030//2030
f 2028//2028 2031//2031 2030//2030
f 2032//2032 1972//1972 2025//2025
f 2025//2025 2033//2033 2032//2032
f 2033//2033 2025//2025 2034//2034
f 2035//2035 2032//2032 2033//2033
f 2036//2036 1972//1972 2032//2032
f 1974//1974 1972//1972 2036//2036
f 1885//1885 1974//1974 2036//2036
f 1974//1974 1885//1885 2037//2037
f 1885//1885 2038//2038 2037//2037
f 2036//2036 1875//1875 1885//1885
f 2032//2032 1875//1875 2036//2036
f 2039//2039 1875//1875 2032//2032
f 2040//2040 2039//2039 2032//2032
f 2041//2041 2042//2042 2043//2043
f 2043//2043 2042//2042 2044//2044
f 2045//2045 2046//2046 2047//2047
f 2045//2045 2047//2047 2048//2048
f 2049//2049 2048//2048 2047//2047
f 2050//2050 2051//2051 2052//2052
f 2052//2052 2051//2051 2053//2053
f 2054//2054 2055//2055 2056//2056
f 2057//2057 2054//2054 2056//2056
f 2056//2056 2058//2058 2057//2057
f 2059//2059 2058//2058 2056//2056
f 2060//2060 2058//2058 2059//2059
f 2060//2060 2059//2059 2061//2061
f 2056//2056 2062//2062 2059//2059
f 2063//2063 2062//2062 2056//2056
f 2064//2064 2063//2063 2056//2056
f 1125//1125 2059//2059 2062//2062
f 2062//2062 1126//1126 1125//1125
f 1126//1126 2062//2062 2063//2063
f 2063//2063 2065//2065 1126//1126
f 2063//2063 2066//2066 2065//2065
f 2063//2063 2067//2067 2066//2066
f 2068//2068 2059//2059 1125//1125
f 2068//2068 2061//2061 2059//2059
f 1124//1124 2068//2068 1125//1125
f 1121//1121 2068//2068 1124//1124
f 2068//2068 1121//1121 2061//2061
f 2061//2061 1121//1121 2069//2069
f 1121//1121 2070//2070 2069//2069
f 2069//2069 2071//2071 2061//2061
f 2069//2069 2070//2070 2072//2072
f 2073//2073 2072//2072 2070//2070
f 2069//2069 2072//2072 2074//2074
f 2071//2071 2069//2069 2075//2075
f 2075//2075 2076//2076 2071//2071
f 2071//2071 2076//2076 2077//2077
f 2078//2078 2079//2079 2080//2080
f 2081//2081 2080//2080 2079//2079
f 2082//2082 2083//2083 2084//2084
f 2085//2085 2082//2082 2084//2084
f 2082//2082 2085//2085 2086//2086
f 2085//2085 2084//2084 2087//2087
f 2087//2087 2084//2084 1978//1978
f 2088//2088 1978//1978 2085//2085
f 1939//1939 2085//2085 1978//1978
f 1939//1939 2086//2086 2085//2085
f 1940//1940 2086//2086 1939//1939
f 2084//2084 2089//2089 1978//1978
f 1978//1978 2089//2089 1990//1990
f 2090//2090 2086//2086 1940//1940
f 2090//2090 2091//2091 2086//2086
f 2091//2091 2092//2092 2086//2086
f 2090//2090 1940//1940 2093//2093
f 2090//2090 2093//2093 2094//2094
f 2095//2095 2090//2090 2094//2094
f 2095//2095 2094//2094 2096//2096
f 2093//2093 1940//1940 2097//2097
f 2098//2098 2090//2090 2095//2095
f 2091//2091 2090//2090 2098//2098
f 2095//2095 2096//2096 2098//2098
f 2099//2099 2092//2092 2091//2091
f 2099//2099 2100//2100 2092//2092
f 2091//2091 2101//2101 2099//2099
f 2091//2091 2098//2098 2101//2101
f 2099//2099 2102//2102 2100//2100
f 2102//2102 2099//2099 2101//2101
f 2084//2084 2100//2100 2102//2102
f 2103//2103 2084//2084 2102//2102
f 2103//2103 2089//2089 2084//2084
f 2102//2102 2101//2101 2104//2104
f 2103//2103 2102//2102 2104//2104
f 2103//2103 2104//2104 2105//2105
f 2103//2103 2106//2106 2089//2089
f 2105//2105 2106//2106 2103//2103
f 2106//2106 2107//2107 2089//2089
f 2106//2106 2105//2105 2107//2107
f 2108//2108 2107//2107 2105//2105
f 2089//2089 2107//2107 2109//2109
f 1990//1990 2089//2089 2109//2109
f 2109//2109 2107//2107 2110//2110
f 2107//2107 2111//2111 2110//2110
f 2112//2112 2109//2109 2110//2110
f 1990//1990 2109//2109 2112//2112
f 1990//1990 2112//2112 1991//1991
f 2112//2112 2113//2113 1991//1991
f 2113//2113 2112//2112 2114//2114
f 2115//2115 2114//2114 2112//2112
f 2001//2001 1991//1991 2113//2113
f 2113//2113 2114//2114 2001//2001
f 2116//2116 2114//2114 2115//2115
f 2116//2116 2117//2117 2114//2114
f 2118//2118 2114//2114 2117//2117
f 2118//2118 2119//2119 2114//2114
f 2118//2118 2120//2120 2119//2119
f 2114//2114 2119//2119 2121//2121
f 2121//2121 2001//2001 2114//2114
f 2119//2119 2120//2120 2121//2121
f 2122//2122 2001//2001 2121//2121
f 2120//2120 2122//2122 2121//2121
f 2122//2122 2123//2123 2001//2001
f 2003//2003 2001//2001 2123//2123
f 2123//2123 2124//2124 2003//2003
f 2125//2125 2003//2003 2124//2124
f 2122//2122 2126//2126 2123//2123
f 2123//2123 2126//2126 2124//2124
f 2122//2122 2120//2120 2127//2127
f 2127//2127 2120//2120 2128//2128
f 2120//2120 2129//2129 2128//2128
f 2122//2122 2127//2127 2130//2130
f 2122//2122 2130//2130 2126//2126
f 2127//2127 2131//2131 2130//2130
f 2131//2131 2127//2127 2132//2132
f 2133//2133 2131//2131 2132//2132
f 2131//2131 2134//2134 2130//2130
f 2134//2134 2131//2131 2133//2133
f 2130//2130 2134//2134 2135//2135
f 2126//2126 2130//2130 2135//2135
f 2136//2136 2134//2134 2133//2133
f 2135//2135 2134//2134 2136//2136
f 2137//2137 2135//2135 2136//2136
f 2137//2137 2138//2138 2135//2135
f 2137//2137 2136//2136 2138//2138
f 2138//2138 2139//2139 2135//2135
f 2126//2126 2135//2135 2139//2139
f 2136//2136 2140//2140 2138//2138
f 2126//2126 2139//2139 2141//2141
f 2141//2141 2124//2124 2126//2126
f 2142//2142 2141//2141 2139//2139
f 2124//2124 2141//2141 2142//2142
f 2143//2143 2142//2142 2139//2139
f 2142//2142 2144//2144 2124//2124
f 2144//2144 2142//2142 2145//2145
f 2146//2146 2145//2145 2142//2142
f 2146//2146 2147//2147 2145//2145
f 2148//2148 2144//2144 2145//2145
f 2148//2148 2125//2125 2124//2124
f 2125//2125 2148//2148 2149//2149
f 2149//2149 2150//2150 2125//2125
f 2149//2149 2151//2151 2150//2150
f 2147//2147 2152//2152 2145//2145
f 2147//2147 2153//2153 2152//2152
f 2154//2154 2152//2152 2153//2153
f 2145//2145 2152//2152 2154//2154
f 2153//2153 2155//2155 2154//2154
f 2145//2145 2156//2156 2148//2148
f 2148//2148 2156//2156 2149//2149
f 2149//2149 2156//2156 2157//2157
f 2158//2158 2156//2156 2145//2145
f 2145//2145 2154//2154 2158//2158
f 2158//2158 2157//2157 2156//2156
f 2151//2151 2149//2149 2159//2159
f 2157//2157 2159//2159 2149//2149
f 2160//2160 2151//2151 2159//2159
f 2160//2160 2161//2161 2151//2151
f 2162//2162 2154//2154 2155//2155
f 2155//2155 2163//2163 2162//2162
f 2164//2164 2163//2163 2155//2155
f 2165//2165 2157//2157 2158//2158
f 2158//2158 2154//2154 2165//2165
f 2154//2154 2166//2166 2165//2165
f 2166//2166 2154//2154 2167//2167
f 2168//2168 2167//2167 2154//2154
f 2168//2168 2169//2169 2167//2167
f 2165//2165 2170//2170 2157//2157
f 2166//2166 2170//2170 2165//2165
f 2166//2166 2167//2167 2171//2171
f 2171//2171 2163//2163 2164//2164
f 2172//2172 2171//2171 2167//2167
f 2163//2163 2171//2171 2173//2173
f 2173//2173 2174//2174 2163//2163
f 2170//2170 2175//2175 2157//2157
f 2175//2175 2176//2176 2157//2157
f 2177//2177 2157//2157 2176//2176
f 2176//2176 2175//2175 2178//2178
f 2175//2175 2179//2179 2178//2178
f 2175//2175 2180//2180 2179//2179
f 2175//2175 2170//2170 2180//2180
f 2170//2170 2181//2181 2180//2180
f 2170//2170 2166//2166 2181//2181
f 2182//2182 2181//2181 2166//2166
f 2183//2183 2181//2181 2182//2182
f 2184//2184 2181//2181 2183//2183
f 2185//2185 2181//2181 2184//2184
f 2185//2185 2184//2184 2186//2186
f 2186//2186 2184//2184 2187//2187
f 2187//2187 2188//2188 2186//2186
f 2183//2183 2189//2189 2184//2184
f 2190//2190 2184//2184 2189//2189
f 2183//2183 2191//2191 2189//2189
f 2191//2191 2192//2192 2189//2189
f 2193//2193 2192//2192 2191//2191
f 2194//2194 2193//2193 2191//2191
f 2193//2193 2195//2195 2192//2192
f 2196//2196 2192//2192 2195//2195
f 2195//2195 2193//2193 2197//2197
f 2194//2194 2198//2198 2193//2193
f 2198//2198 2194//2194 2199//2199
f 2198//2198 2199//2199 2200//2200
f 2197//2197 2193//2193 2201//2201
f 2201//2201 2193//2193 2198//2198
f 2201//2201 2198//2198 2200//2200
f 2202//2202 2197//2197 2201//2201
f 2201//2201 2200//2200 2203//2203
f 2204//2204 2200//2200 2199//2199
f 2199//2199 2166//2166 2204//2204
f 2166//2166 2205//2205 2204//2204
f 2204//2204 2205//2205 2200//2200
f 2205//2205 2166//2166 2171//2171
f 2200//2200 2206//2206 2203//2203
f 2207//2207 2203//2203 2206//2206
f 2207//2207 2206//2206 2208//2208
f 2209//2209 2206//2206 2200//2200
f 2200//2200 2205//2205 2209//2209
f 2206//2206 2209//2209 2210//2210
f 2211//2211 2210//2210 2209//2209
f 2212//2212 2211//2211 2209//2209
f 2212//2212 2209//2209 2205//2205
f 2171//2171 2212//2212 2205//2205
f 2171//2171 2164//2164 2212//2212
f 2212//2212 2164//2164 2211//2211
f 2213//2213 2210//2210 2211//2211
f 2213//2213 2214//2214 2210//2210
f 2210//2210 2214//2214 2215//2215
f 2214//2214 2216//2216 2215//2215
f 2215//2215 2217//2217 2210//2210
f 2215//2215 2218//2218 2217//2217
f 2215//2215 2219//2219 2218//2218
f 2219//2219 2220//2220 2218//2218
f 2213//2213 2211//2211 2221//2221
f 2222//2222 2213//2213 2221//2221
f 2211//2211 2223//2223 2221//2221
f 2224//2224 2211//2211 2164//2164
f 2223//2223 2211//2211 2225//2225
f 2211//2211 2224//2224 2225//2225
f 2225//2225 2224//2224 2226//2226
f 2225//2225 2226//2226 2227//2227
f 2225//2225 2227//2227 2228//2228
f 2225//2225 2228//2228 2223//2223
f 2227//2227 2229//2229 2228//2228
f 2228//2228 2229//2229 2230//2230
f 2231//2231 2228//2228 2230//2230
f 2223//2223 2228//2228 2232//2232
f 2223//2223 2232//2232 2233//2233
f 2233//2233 2232//2232 2234//2234
f 2164//2164 2235//2235 2224//2224
f 2164//2164 2236//2236 2235//2235
f 2164//2164 2155//2155 2236//2236
f 2237//2237 2224//2224 2235//2235
f 2224//2224 2237//2237 2238//2238
f 2238//2238 2237//2237 2239//2239
f 2235//2235 2240//2240 2237//2237
f 2240//2240 2239//2239 2237//2237
f 2241//2241 2235//2235 2236//2236
f 2235//2235 2241//2241 2240//2240
f 2242//2242 2236//2236 2155//2155
f 2236//2236 2242//2242 2241//2241
f 2243//2243 2242//2242 2155//2155
f 2153//2153 2243//2243 2155//2155
f 2239//2239 2244//2244 2238//2238
f 2245//2245 2238//2238 2244//2244
f 2246//2246 2238//2238 2245//2245
f 2244//2244 2239//2239 2247//2247
f 2239//2239 2240//2240 2248//2248
f 2249//2249 2248//2248 2240//2240
f 2250//2250 2240//2240 2241//2241
f 2242//2242 2251//2251 2241//2241
f 2252//2252 2250//2250 2241//2241
f 2241//2241 2251//2251 2252//2252
f 2253//2253 2251//2251 2242//2242
f 2242//2242 2243//2243 2253//2253
f 2243//2243 2254//2254 2253//2253
f 2255//2255 2251//2251 2253//2253
f 2252//2252 2251//2251 2255//2255
f 2256//2256 2250//2250 2252//2252
f 2257//2257 2250//2250 2256//2256
f 2255//2255 2258//2258 2252//2252
f 2259//2259 2258//2258 2255//2255
f 2259//2259 2253//2253 2254//2254
f 2259//2259 2260//2260 2253//2253
f 2252//2252 2258//2258 2261//2261
f 2252//2252 2261//2261 2256//2256
f 2258//2258 2259//2259 2262//2262
f 2256//2256 2261//2261 2263//2263
f 2264//2264 2263//2263 2261//2261
f 2264//2264 2261//2261 2265//2265
f 2263//2263 2266//2266 2256//2256
f 2266//2266 2248//2248 2256//2256
f 2267//2267 2266//2266 2263//2263
f 2263//2263 2268//2268 2267//2267
f 2269//2269 2248//2248 2266//2266
f 2267//2267 2269//2269 2266//2266
f 2269//2269 2239//2239 2248//2248
f 2239//2239 2269//2269 2270//2270
f 2247//2247 2239//2239 2270//2270
f 2269//2269 2267//2267 2271//2271
f 2247//2247 2270//2270 2271//2271
f 2271//2271 2270//2270 2272//2272
f 2273//2273 2247//2247 2271//2271
f 2274//2274 2271//2271 2267//2267
f 2271//2271 2274//2274 2273//2273
f 2268//2268 2275//2275 2267//2267
f 2275//2275 2274//2274 2267//2267
f 2274//2274 2275//2275 2276//2276
f 2277//2277 2275//2275 2268//2268
f 2277//2277 2276//2276 2275//2275
f 2268//2268 2278//2278 2277//2277
f 2279//2279 2276//2276 2277//2277
f 2279//2279 2277//2277 2280//2280
f 2278//2278 2281//2281 2277//2277
f 2282//2282 2281//2281 2278//2278
f 2283//2283 2282//2282 2278//2278
f 2262//2262 2283//2283 2278//2278
f 2284//2284 2282//2282 2283//2283
f 2285//2285 2282//2282 2284//2284
f 2285//2285 2284//2284 2286//2286
f 2286//2286 2287//2287 2285//2285
f 2283//2283 2288//2288 2284//2284
f 2283//2283 2262//2262 2289//2289
f 2283//2283 2289//2289 2290//2290
f 2259//2259 2289//2289 2262//2262
f 2259//2259 2291//2291 2289//2289
f 2291//2291 2290//2290 2289//2289
f 2254//2254 2291//2291 2259//2259
f 2292//2292 2291//2291 2254//2254
f 2283//2283 2293//2293 2288//2288
f 2293//2293 2283//2283 2290//2290
f 2291//2291 2292//2292 2294//2294
f 2294//2294 2290//2290 2291//2291
f 2290//2290 2294//2294 2295//2295
f 2296//2296 2290//2290 2295//2295
f 2296//2296 2297//2297 2290//2290
f 2298//2298 2293//2293 2290//2290
f 2293//2293 2298//2298 2299//2299
f 2300//2300 2293//2293 2299//2299
f 2288//2288 2293//2293 2300//2300
f 2301//2301 2300//2300 2299//2299
f 2288//2288 2300//2300 1191//1191
f 2300//2300 2301//2301 1191//1191
f 2301//2301 1189//1189 1191//1191
f 1189//1189 2301//2301 2302//2302
f 2302//2302 2303//2303 1189//1189
f 2304//2304 2288//2288 1191//1191
f 2305//2305 2288//2288 2304//2304
f 2306//2306 2305//2305 2304//2304
f 1191//1191 2307//2307 2304//2304
f 2308//2308 2304//2304 2307//2307
f 1290//1290 2307//2307 1191//1191
f 2307//2307 2276//2276 2308//2308
f 2307//2307 1290//1290 2276//2276
f 1290//1290 2309//2309 2276//2276
f 2309//2309 1290//1290 1289//1289
f 2276//2276 2309//2309 2310//2310
f 2310//2310 2309//2309 1289//1289
f 2310//2310 2274//2274 2276//2276
f 2311//2311 2310//2310 1289//1289
f 1289//1289 1291//1291 2311//2311
f 2312//2312 2274//2274 2310//2310
f 2312//2312 2310//2310 2311//2311
f 2312//2312 2273//2273 2274//2274
f 2313//2313 2312//2312 2311//2311
f 2311//2311 1291//1291 2313//2313
f 2313//2313 1291//1291 2314//2314
f 1291//1291 2315//2315 2314//2314
f 2312//2312 2316//2316 2273//2273
f 2273//2273 2316//2316 2317//2317
f 2317//2317 2316//2316 2318//2318
f 2316//2316 2319//2319 2318//2318
f 2320//2320 2273//2273 2317//2317
f 2320//2320 2321//2321 2273//2273
f 2321//2321 2320//2320 2322//2322
f 2320//2320 2317//2317 2323//2323
f 2324//2324 2323//2323 2317//2317
f 2325//2325 2323//2323 2324//2324
f 2324//2324 2326//2326 2325//2325
f 2327//2327 2328//2328 2329//2329
f 2329//2329 2330//2330 2327//2327
f 2329//2329 2331//2331 2330//2330
f 2331//2331 2329//2329 2332//2332
f 2333//2333 2334//2334 2335//2335
f 2334//2334 2336//2336 2335//2335
f 2337//2337 2336//2336 2334//2334
f 2335//2335 2336//2336 2338//2338
f 2339//2339 2340//2340 2341//2341
f 2340//2340 2342//2342 2341//2341
f 2341//2341 2342//2342 626//626
f 626//626 2342//2342 627//627
f 2343//2343 2344//2344 2345//2345
f 2345//2345 2346//2346 2343//2343
f 2347//2347 2348//2348 2349//2349
f 2350//2350 2347//2347 2349//2349
f 2349//2349 2351//2351 2350//2350
f 2351//2351 2352//2352 2350//2350
f 2350//2350 2352//2352 2353//2353
f 2353//2353 2352//2352 2354//2354
f 2353//2353 2354//2354 2355//2355
f 2354//2354 2356//2356 2355//2355
f 2354//2354 2357//2357 2356//2356
f 2352//2352 2358//2358 2354//2354
f 2359//2359 2354//2354 2358//2358
f 2352//2352 2360//2360 2358//2358
f 2352//2352 2361//2361 2360//2360
f 2362//2362 2360//2360 2361//2361
f 2352//2352 2363//2363 2361//2361
f 2363//2363 2364//2364 2361//2361
f 2365//2365 2366//2366 2367//2367
f 2367//2367 2368//2368 2365//2365
f 2365//2365 2368//2368 2369//2369
f 2369//2369 2368//2368 2370//2370
f 2367//2367 2371//2371 2368//2368
f 2370//2370 2368//2368 2372//2372
f 2368//2368 2371//2371 2372//2372
f 2371//2371 2373//2373 2372//2372
f 2374//2374 2375//2375 2376//2376
f 2377//2377 2376//2376 2375//2375
f 2376//2376 2377//2377 2378//2378
f 2378//2378 2377//2377 2379//2379
f 2380//2380 2378//2378 2379//2379
f 2378//2378 2381//2381 2376//2376
f 2382//2382 2376//2376 2381//2381
f 2382//2382 2383//2383 2376//2376
f 2378//2378 2380//2380 2384//2384
f 2380//2380 2385//2385 2384//2384
f 2378//2378 2384//2384 2386//2386
f 2378//2378 2386//2386 2387//2387
f 2387//2387 2386//2386 2388//2388
f 2387//2387 2388//2388 2389//2389
f 2389//2389 2388//2388 2390//2390
f 2390//2390 2391//2391 2389//2389
f 2390//2390 2388//2388 2392//2392
f 2391//2391 2390//2390 2393//2393
f 2390//2390 2392//2392 2394//2394
f 2394//2394 2393//2393 2390//2390
f 2395//2395 2391//2391 2393//2393
f 2391//2391 2395//2395 2396//2396
f 2396//2396 2395//2395 827//827
f 2397//2397 2396//2396 827//827
f 825//825 827//827 2395//2395
f 2393//2393 825//825 2395//2395
f 2393//2393 2394//2394 2398//2398
f 2398//2398 825//825 2393//2393
f 825//825 2398//2398 2399//2399
f 2392//2392 2400//2400 2394//2394
f 2399//2399 2398//2398 2400//2400
f 2400//2400 2398//2398 2401//2401
f 2402//2402 2400//2400 2392//2392
f 2400//2400 2402//2402 2399//2399
f 2402//2402 2403//2403 2399//2399
f 2404//2404 2399//2399 2403//2403
f 2405//2405 2403//2403 2402//2402
f 2402//2402 2392//2392 2406//2406
f 2392//2392 2407//2407 2406//2406
f 2405//2405 2402//2402 2408//2408
f 2408//2408 2402//2402 2406//2406
f 2406//2406 2409//2409 2408//2408
f 2405//2405 2408//2408 2410//2410
f 2411//2411 2408//2408 2409//2409
f 2408//2408 2412//2412 2410//2410
f 2411//2411 2413//2413 2408//2408
f 2414//2414 2413//2413 2411//2411
f 2413//2413 2414//2414 2415//2415
f 2416//2416 2410//2410 2412//2412
f 2412//2412 2417//2417 2416//2416
f 2416//2416 2417//2417 2418//2418
f 2419//2419 2420//2420 2421//2421
f 2419//2419 2421//2421 2422//2422
f 2423//2423 2424//2424 2425//2425
f 2424//2424 2426//2426 2425//2425
f 2424//2424 2427//2427 2426//2426
f 2427//2427 2428//2428 2426//2426
f 2428//2428 2429//2429 2426//2426
f 2427//2427 2430//2430 2428//2428
f 2429//2429 2431//2431 2426//2426
f 2429//2429 2432//2432 2431//2431
f 2433//2433 2431//2431 2432//2432
f 2434//2434 2432//2432 2429//2429
f 2434//2434 2435//2435 2432//2432
f 2436//2436 2432//2432 2435//2435
f 2432//2432 2437//2437 2433//2433
f 2437//2437 2432//2432 2436//2436
f 2437//2437 2436//2436 2438//2438
f 2437//2437 2438//2438 2439//2439
f 2429//2429 2440//2440 2434//2434
f 2440//2440 2429//2429 2441//2441
f 2442//2442 2441//2441 2429//2429
f 2443//2443 2442//2442 2429//2429
f 2444//2444 2442//2442 2443//2443
f 2444//2444 2445//2445 2442//2442
f 2442//2442 2445//2445 2441//2441
f 2446//2446 2445//2445 2444//2444
f 2446//2446 2447//2447 2445//2445
f 2447//2447 2441//2441 2445//2445
f 2446//2446 2448//2448 2447//2447
f 2441//2441 2447//2447 2449//2449
f 2440//2440 2441//2441 2449//2449
f 2440//2440 2449//2449 2450//2450
f 2440//2440 2451//2451 2434//2434
f 2452//2452 2434//2434 2451//2451
f 2453//2453 2452//2452 2451//2451
f 2105//2105 2452//2452 2453//2453
f 2453//2453 2454//2454 2105//2105
f 2454//2454 2453//2453 2455//2455
f 2455//2455 2456//2456 2454//2454
f 2105//2105 2457//2457 2452//2452
f 2104//2104 2457//2457 2105//2105
f 2457//2457 2104//2104 2458//2458
f 2458//2458 2104//2104 2101//2101
f 2459//2459 2458//2458 2101//2101
f 2459//2459 2101//2101 2098//2098
f 2098//2098 2460//2460 2459//2459
f 2096//2096 2460//2460 2098//2098
f 2461//2461 2460//2460 2096//2096
f 2452//2452 2457//2457 2462//2462
f 2463//2463 2462//2462 2457//2457
f 2464//2464 2463//2463 2457//2457
f 2465//2465 2452//2452 2462//2462
f 2466//2466 2465//2465 2462//2462
f 2467//2467 2466//2466 2462//2462
f 2467//2467 2468//2468 2466//2466
f 2469//2469 2466//2466 2468//2468
f 2465//2465 2434//2434 2452//2452
f 2466//2466 2469//2469 2470//2470
f 2466//2466 2471//2471 2465//2465
f 2471//2471 2466//2466 2472//2472
f 2466//2466 2470//2470 2472//2472
f 2471//2471 2473//2473 2465//2465
f 2470//2470 2474//2474 2472//2472
f 2472//2472 2474//2474 2473//2473
f 2470//2470 2475//2475 2474//2474
f 2434//2434 2465//2465 2476//2476
f 2473//2473 2476//2476 2465//2465
f 2434//2434 2476//2476 2477//2477
f 2434//2434 2477//2477 2478//2478
f 2479//2479 2478//2478 2477//2477
f 2479//2479 2480//2480 2478//2478
f 2479//2479 2481//2481 2480//2480
f 2477//2477 2476//2476 2482//2482
f 2476//2476 2473//2473 2482//2482
f 2477//2477 2482//2482 2483//2483
f 2482//2482 2484//2484 2483//2483
f 2485//2485 2483//2483 2484//2484
f 2486//2486 2482//2482 2473//2473
f 2473//2473 2474//2474 2487//2487
f 2486//2486 2473//2473 2487//2487
f 2488//2488 2481//2481 2486//2486
f 2486//2486 2487//2487 2488//2488
f 2489//2489 2487//2487 2474//2474
f 2474//2474 2475//2475 2489//2489
f 2489//2489 2490//2490 2487//2487
f 2487//2487 2490//2490 2488//2488
f 2489//2489 2475//2475 2491//2491
f 2491//2491 2492//2492 2489//2489
f 2492//2492 2491//2491 2493//2493
f 2492//2492 2493//2493 2494//2494
f 2488//2488 2495//2495 2481//2481
f 2488//2488 2496//2496 2495//2495
f 2497//2497 2495//2495 2496//2496
f 2498//2498 2496//2496 2488//2488
f 2499//2499 2481//2481 2495//2495
f 2497//2497 2499//2499 2495//2495
f 2499//2499 2480//2480 2481//2481
f 2480//2480 2499//2499 2500//2500
f 2501//2501 2480//2480 2500//2500
f 2502//2502 2501//2501 2500//2500
f 2500//2500 2499//2499 2503//2503
f 2504//2504 2499//2499 2497//2497
f 2497//2497 2505//2505 2504//2504
f 2505//2505 2497//2497 2503//2503
f 2503//2503 2506//2506 2505//2505
f 2503//2503 2497//2497 2507//2507
f 2503//2503 2507//2507 2500//2500
f 2498//2498 2508//2508 2496//2496
f 2509//2509 2508//2508 2498//2498
f 2496//2496 2510//2510 2497//2497
f 2507//2507 2497//2497 2510//2510
f 2496//2496 2511//2511 2510//2510
f 2509//2509 2512//2512 2508//2508
f 2508//2508 2512//2512 2513//2513
f 2510//2510 2511//2511 2514//2514
f 2514//2514 2511//2511 2515//2515
f 2514//2514 2516//2516 2510//2510
f 2510//2510 2516//2516 2507//2507
f 2517//2517 2512//2512 2509//2509
f 2517//2517 2509//2509 2518//2518
f 2517//2517 2518//2518 2519//2519
f 2518//2518 2520//2520 2519//2519
f 2520//2520 2518//2518 2521//2521
f 2522//2522 2514//2514 2513//2513
f 2522//2522 2516//2516 2514//2514
f 2507//2507 2516//2516 2523//2523
f 2516//2516 2524//2524 2523//2523
f 2525//2525 2507//2507 2523//2523
f 2525//2525 2524//2524 2526//2526
f 2516//2516 2522//2522 2527//2527
f 2516//2516 2527//2527 2524//2524
f 2528//2528 2527//2527 2522//2522
f 2528//2528 2524//2524 2527//2527
f 2522//2522 2513//2513 2528//2528
f 2526//2526 2524//2524 2528//2528
f 2529//2529 2528//2528 2513//2513
f 2529//2529 2530//2530 2528//2528
f 2526//2526 2528//2528 2530//2530
f 2513//2513 2531//2531 2529//2529
f 2530//2530 2532//2532 2526//2526
f 2513//2513 2512//2512 2531//2531
f 2526//2526 2532//2532 2533//2533
f 2534//2534 2531//2531 2512//2512
f 2534//2534 2535//2535 2531//2531
f 2512//2512 2517//2517 2534//2534
f 2535//2535 2534//2534 2536//2536
f 2537//2537 2535//2535 2536//2536
f 2538//2538 2535//2535 2537//2537
f 2535//2535 2538//2538 2539//2539
f 2539//2539 2540//2540 2535//2535
f 2538//2538 2541//2541 2539//2539
f 2542//2542 2539//2539 2541//2541
f 2543//2543 2542//2542 2541//2541
f 2541//2541 2544//2544 2543//2543
f 2544//2544 2545//2545 2543//2543
f 2545//2545 2546//2546 2543//2543
f 2534//2534 2517//2517 2547//2547
f 2548//2548 2534//2534 2547//2547
f 2548//2548 2549//2549 2534//2534
f 2547//2547 2517//2517 2494//2494
f 2494//2494 2517//2517 2550//2550
f 2551//2551 2494//2494 2550//2550
f 2552//2552 2551//2551 2550//2550
f 2551//2551 2552//2552 2553//2553
f 2547//2547 2494//2494 2493//2493
f 2547//2547 2493//2493 2554//2554
f 2554//2554 2555//2555 2547//2547
f 2555//2555 2556//2556 2547//2547
f 2557//2557 2556//2556 2555//2555
f 2558//2558 2555//2555 2554//2554
f 2555//2555 2558//2558 2559//2559
f 2493//2493 2560//2560 2554//2554
f 2493//2493 2491//2491 2560//2560
f 2560//2560 2561//2561 2554//2554
f 2554//2554 2561//2561 2562//2562
f 2562//2562 2561//2561 2563//2563
f 2561//2561 2564//2564 2563//2563
f 2565//2565 2564//2564 2561//2561
f 2566//2566 2564//2564 2565//2565
f 2567//2567 2566//2566 2565//2565
f 2568//2568 2566//2566 2567//2567
f 2568//2568 2567//2567 2569//2569
f 2569//2569 2567//2567 2570//2570
f 2569//2569 2570//2570 2571//2571
f 2570//2570 2572//2572 2571//2571
f 2571//2571 2572//2572 2573//2573
f 2491//2491 2574//2574 2560//2560
f 2475//2475 2574//2574 2491//2491
f 2574//2574 2575//2575 2560//2560
f 2575//2575 2574//2574 2475//2475
f 2575//2575 2576//2576 2560//2560
f 2575//2575 2475//2475 2577//2577
f 2576//2576 2575//2575 2578//2578
f 2577//2577 2578//2578 2575//2575
f 2573//2573 2579//2579 2571//2571
f 2580//2580 2579//2579 2573//2573
f 2579//2579 2581//2581 2571//2571
f 2582//2582 2571//2571 2581//2581
f 2581//2581 2579//2579 2583//2583
f 2580//2580 2584//2584 2579//2579
f 2583//2583 2579//2579 2584//2584
f 2580//2580 2585//2585 2584//2584
f 2580//2580 2586//2586 2585//2585
f 2585//2585 2586//2586 2587//2587
f 2586//2586 2588//2588 2587//2587
f 2587//2587 2588//2588 2589//2589
f 2584//2584 2585//2585 2590//2590
f 2585//2585 2591//2591 2590//2590
f 2592//2592 2591//2591 2585//2585
f 2590//2590 2591//2591 2458//2458
f 2593//2593 2584//2584 2590//2590
f 2583//2583 2584//2584 2593//2593
f 2458//2458 2594//2594 2590//2590
f 2590//2590 2594//2594 2593//2593
f 2594//2594 2458//2458 2459//2459
f 2594//2594 2459//2459 2595//2595
f 2459//2459 2596//2596 2595//2595
f 2459//2459 2597//2597 2596//2596
f 793//793 2595//2595 2596//2596
f 2461//2461 793//793 2596//2596
f 2461//2461 2598//2598 793//793
f 2096//2096 2598//2598 2461//2461
f 2598//2598 792//792 793//793
f 2594//2594 2599//2599 2593//2593
f 2594//2594 2600//2600 2599//2599
f 2593//2593 2599//2599 2601//2601
f 2601//2601 2599//2599 2602//2602
f 2603//2603 2602//2602 2593//2593
f 2602//2602 2583//2583 2593//2593
f 2604//2604 2599//2599 2600//2600
f 2602//2602 2599//2599 2604//2604
f 2600//2600 2605//2605 2604//2604
f 2604//2604 2606//2606 2602//2602
f 2602//2602 2606//2606 2583//2583
f 2606//2606 2607//2607 2583//2583
f 2606//2606 2608//2608 2607//2607
f 2608//2608 2609//2609 2607//2607
f 2610//2610 2607//2607 2609//2609
f 2611//2611 2610//2610 2609//2609
f 2611//2611 2612//2612 2610//2610
f 2611//2611 2613//2613 2612//2612
f 2613//2613 2614//2614 2612//2612
f 2615//2615 2616//2616 2617//2617
f 2616//2616 2618//2618 2617//2617
f 2619//2619 2618//2618 2616//2616
f 2620//2620 2621//2621 2622//2622
f 2623//2623 2622//2622 2621//2621
f 2621//2621 2093//2093 2623//2623
f 2097//2097 2623//2623 2093//2093
f 2093//2093 2621//2621 2094//2094
f 2623//2623 2097//2097 2624//2624
f 2622//2622 2623//2623 2624//2624
f 2625//2625 2624//2624 2097//2097
f 2625//2625 2626//2626 2624//2624
f 2627//2627 2626//2626 2625//2625
f 2628//2628 2624//2624 2626//2626
f 2628//2628 2626//2626 2629//2629
f 2622//2622 2624//2624 2630//2630
f 2630//2630 2631//2631 2622//2622
f 2622//2622 2631//2631 2632//2632
f 2631//2631 2630//2630 2633//2633
f 2633//2633 2630//2630 2634//2634
f 2633//2633 2634//2634 2635//2635
f 2633//2633 2635//2635 1929//1929
f 1929//1929 2635//2635 2636//2636
f 2637//2637 2633//2633 1929//1929
f 1929//1929 2638//2638 2637//2637
f 2638//2638 1929//1929 1930//1930
f 2638//2638 1930//1930 2639//2639
f 2638//2638 2639//2639 2640//2640
f 2640//2640 2639//2639 2633//2633
f 1930//1930 2641//2641 2639//2639
f 1923//1923 2641//2641 1930//1930
f 2639//2639 2642//2642 2633//2633
f 2642//2642 2639//2639 2641//2641
f 2631//2631 2633//2633 2643//2643
f 2633//2633 2644//2644 2643//2643
f 2633//2633 2642//2642 2644//2644
f 2643//2643 2644//2644 2645//2645
f 2645//2645 2644//2644 2646//2646
f 2646//2646 2644//2644 2642//2642
f 2646//2646 2642//2642 2647//2647
f 2647//2647 2642//2642 2641//2641
f 2648//2648 2631//2631 2643//2643
f 2649//2649 2647//2647 2641//2641
f 2649//2649 2641//2641 2650//2650
f 2648//2648 2651//2651 2631//2631
f 2651//2651 2648//2648 2652//2652
f 2652//2652 2648//2648 2653//2653
f 2631//2631 2651//2651 2654//2654
f 2631//2631 2654//2654 2632//2632
f 2655//2655 2632//2632 2654//2654
f 2656//2656 2655//2655 2654//2654
f 2655//2655 2657//2657 2632//2632
f 2657//2657 2655//2655 2658//2658
f 2632//2632 2657//2657 2659//2659
f 2658//2658 2660//2660 2657//2657
f 2660//2660 2658//2658 2661//2661
f 2657//2657 2662//2662 2659//2659
f 2662//2662 2657//2657 2663//2663
f 2664//2664 2662//2662 2663//2663
f 2665//2665 2659//2659 2662//2662
f 2665//2665 2666//2666 2659//2659
f 2667//2667 2666//2666 2665//2665
f 2621//2621 2667//2667 2665//2665
f 2665//2665 2662//2662 2668//2668
f 2668//2668 2621//2621 2665//2665
f 2621//2621 2668//2668 2094//2094
f 2668//2668 2669//2669 2094//2094
f 2661//2661 2094//2094 2669//2669
f 2670//2670 2661//2661 2669//2669
f 2094//2094 2661//2661 2671//2671
f 2671//2671 2096//2096 2094//2094
f 2672//2672 2096//2096 2671//2671
f 2096//2096 2672//2672 2598//2598
f 2673//2673 2598//2598 2672//2672
f 2673//2673 792//792 2598//2598
f 2674//2674 792//792 2673//2673
f 2675//2675 2673//2673 2672//2672
f 2675//2675 2672//2672 2676//2676
f 2671//2671 2676//2676 2672//2672
f 2677//2677 2671//2671 2661//2661
f 2676//2676 2671//2671 2677//2677
f 2677//2677 2661//2661 2678//2678
f 2678//2678 2676//2676 2677//2677
f 2678//2678 2679//2679 2676//2676
f 2678//2678 2661//2661 2658//2658
f 2678//2678 2680//2680 2679//2679
f 2681//2681 2679//2679 2680//2680
f 2682//2682 2680//2680 2678//2678
f 2682//2682 2678//2678 2658//2658
f 2658//2658 2683//2683 2684//2684
f 2685//2685 2683//2683 2658//2658
f 2658//2658 2655//2655 2685//2685
f 742//742 2685//2685 2655//2655
f 742//742 2655//2655 2656//2656
f 742//742 2656//2656 2686//2686
f 2686//2686 2656//2656 2687//2687
f 2686//2686 2687//2687 2688//2688
f 742//742 741//741 2685//2685
f 2686//2686 2649//2649 742//742
f 742//742 2649//2649 760//760
f 2649//2649 2686//2686 2647//2647
f 2647//2647 2686//2686 2688//2688
f 2647//2647 2688//2688 2689//2689
f 2689//2689 2688//2688 2690//2690
f 2690//2690 2688//2688 2691//2691
f 2692//2692 760//760 2649//2649
f 762//762 760//760 2692//2692
f 2649//2649 2693//2693 2692//2692
f 2694//2694 2685//2685 741//741
f 2694//2694 2695//2695 2685//2685
f 2696//2696 2695//2695 2694//2694
f 2694//2694 2697//2697 2696//2696
f 741//741 2697//2697 2694//2694
f 2698//2698 2696//2696 2697//2697
f 741//741 2699//2699 2697//2697
f 736//736 2699//2699 741//741
f 762//762 2692//2692 2700//2700
f 2700//2700 764//764 762//762
f 2699//2699 736//736 2701//2701
f 2701//2701 736//736 747//747
f 2701//2701 2702//2702 2699//2699
f 2702//2702 2701//2701 747//747
f 2702//2702 2703//2703 2699//2699
f 2699//2699 2703//2703 2704//2704
f 2705//2705 2702//2702 747//747
f 745//745 2705//2705 747//747
f 745//745 2706//2706 2705//2705
f 745//745 2707//2707 2706//2706
f 2706//2706 2707//2707 2708//2708
f 2706//2706 2709//2709 2705//2705
f 2707//2707 2710//2710 2708//2708
f 2711//2711 2705//2705 2709//2709
f 2711//2711 2702//2702 2705//2705
f 2711//2711 2709//2709 2712//2712
f 2712//2712 2713//2713 2711//2711
f 2711//2711 2714//2714 2702//2702
f 2714//2714 2703//2703 2702//2702
f 2711//2711 2713//2713 2714//2714
f 2715//2715 2703//2703 2714//2714
f 2713//2713 2715//2715 2714//2714
f 2703//2703 2715//2715 2716//2716
f 2715//2715 2717//2717 2716//2716
f 2717//2717 2715//2715 2713//2713
f 2710//2710 2718//2718 2708//2708
f 2718//2718 2710//2710 2719//2719
f 2720//2720 2708//2708 2718//2718
f 2721//2721 2708//2708 2720//2720
f 2718//2718 2722//2722 2720//2720
f 2723//2723 2713//2713 2712//2712
f 2724//2724 2713//2713 2723//2723
f 2724//2724 2723//2723 2725//2725
f 2712//2712 2726//2726 2723//2723
f 2723//2723 2726//2726 792//792
f 792//792 2726//2726 2712//2712
f 2712//2712 2727//2727 792//792
f 792//792 2727//2727 790//790
f 2721//2721 790//790 2727//2727
f 2727//2727 2712//2712 2728//2728
f 790//790 2721//2721 2729//2729
f 2721//2721 2720//2720 2729//2729
f 2729//2729 2730//2730 790//790
f 2730//2730 2729//2729 2731//2731
f 2732//2732 2729//2729 2720//2720
f 2732//2732 2733//2733 2729//2729
f 2732//2732 2720//2720 2722//2722
f 2734//2734 2728//2728 2712//2712
f 2712//2712 2735//2735 2734//2734
f 2736//2736 2733//2733 2732//2732
f 2733//2733 2736//2736 2737//2737
f 2737//2737 2736//2736 1594//1594
f 1594//1594 2738//2738 2737//2737
f 2734//2734 2739//2739 2728//2728
f 2734//2734 2740//2740 2739//2739
f 2740//2740 2734//2734 2741//2741
f 2739//2739 2742//2742 2728//2728
f 2728//2728 2742//2742 2743//2743
f 2732//2732 2722//2722 2744//2744
f 2745//2745 2736//2736 2732//2732
f 2746//2746 2732//2732 2744//2744
f 2745//2745 2747//2747 2736//2736
f 2747//2747 1594//1594 2736//2736
f 2748//2748 2744//2744 2722//2722
f 2749//2749 2748//2748 2722//2722
f 2747//2747 2745//2745 2750//2750
f 2750//2750 2745//2745 2751//2751
f 2750//2750 2751//2751 2752//2752
f 2747//2747 2750//2750 2752//2752
f 1592//1592 2747//2747 2752//2752
f 1594//1594 2747//2747 1592//1592
f 2752//2752 2753//2753 1592//1592
f 2753//2753 2754//2754 1592//1592
f 2754//2754 2753//2753 2755//2755
f 2756//2756 2754//2754 2755//2755
f 2757//2757 2754//2754 2756//2756
f 2754//2754 2758//2758 1592//1592
f 1592//1592 2758//2758 1583//1583
f 1583//1583 2758//2758 2759//2759
f 2760//2760 1583//1583 2759//2759
f 1583//1583 2760//2760 1584//1584
f 2759//2759 2758//2758 697//697
f 697//697 2758//2758 2761//2761
f 2761//2761 2762//2762 697//697
f 2762//2762 2763//2763 697//697
f 2764//2764 2763//2763 2762//2762
f 2763//2763 2764//2764 2765//2765
f 697//697 698//698 2759//2759
f 695//695 2763//2763 2765//2765
f 695//695 2765//2765 2766//2766
f 2767//2767 2766//2766 2765//2765
f 695//695 2766//2766 2768//2768
f 695//695 2768//2768 718//718
f 698//698 2769//2769 2759//2759
f 698//698 2770//2770 2769//2769
f 2769//2769 2771//2771 2759//2759
f 2770//2770 2771//2771 2769//2769
f 2759//2759 2771//2771 2760//2760
f 2771//2771 2770//2770 2772//2772
f 2771//2771 2772//2772 2760//2760
f 2760//2760 2772//2772 1584//1584
f 2772//2772 2773//2773 1584//1584
f 2773//2773 2774//2774 1584//1584
f 2775//2775 1584//1584 2774//2774
f 2774//2774 2776//2776 2775//2775
f 718//718 2768//2768 2744//2744
f 2748//2748 718//718 2744//2744
f 2746//2746 2744//2744 2768//2768
f 2748//2748 721//721 718//718
f 2768//2768 2777//2777 2746//2746
f 2778//2778 2777//2777 2768//2768
f 2779//2779 2746//2746 2777//2777
f 721//721 2748//2748 2780//2780
f 2781//2781 2780//2780 2748//2748
f 2781//2781 2748//2748 2749//2749
f 2782//2782 2781//2781 2749//2749
f 2782//2782 2749//2749 2783//2783
f 2782//2782 2783//2783 2784//2784
f 2785//2785 721//721 2780//2780
f 720//720 721//721 2785//2785
f 2786//2786 720//720 2785//2785
f 2785//2785 2787//2787 2786//2786
f 2786//2786 2787//2787 2788//2788
f 720//720 2786//2786 2789//2789
f 2790//2790 2789//2789 2786//2786
f 720//720 2789//2789 722//722
f 2791//2791 2789//2789 2790//2790
f 2789//2789 2792//2792 722//722
f 2789//2789 2791//2791 2792//2792
f 2793//2793 722//722 2792//2792
f 2794//2794 2792//2792 2791//2791
f 2794//2794 2793//2793 2792//2792
f 2795//2795 2796//2796 2797//2797
f 2796//2796 2795//2795 2798//2798
f 2796//2796 2798//2798 2799//2799
f 2798//2798 2795//2795 2800//2800
f 2801//2801 484//484 2802//2802
f 484//484 2803//2803 2802//2802
f 478//478 2803//2803 484//484
f 2804//2804 2803//2803 478//478
f 2804//2804 478//478 2805//2805
f 2804//2804 2806//2806 2803//2803
f 2806//2806 2807//2807 2803//2803
f 644//644 2807//2807 2806//2806
f 644//644 2806//2806 648//648
f 2808//2808 648//648 2806//2806
f 2804//2804 2808//2808 2806//2806
f 2808//2808 1635//1635 648//648
f 2808//2808 2809//2809 1635//1635
f 2808//2808 2804//2804 2809//2809
f 1639//1639 1635//1635 2809//2809
f 2804//2804 1639//1639 2809//2809
f 1639//1639 2804//2804 2810//2810
f 2804//2804 2805//2805 2810//2810
f 1639//1639 2810//2810 1643//1643
f 2810//2810 2805//2805 1643//1643
f 1643//1643 2805//2805 2811//2811
f 2812//2812 2813//2813 2814//2814
f 2814//2814 2815//2815 2812//2812
f 2816//2816 2812//2812 2815//2815
f 2815//2815 1341//1341 2816//2816
f 2817//2817 2816//2816 1341//1341
f 2816//2816 2817//2817 2818//2818
f 2818//2818 2817//2817 1341//1341
f 1341//1341 1312//1312 2818//2818
f 1312//1312 2819//2819 2818//2818
f 1312//1312 1341//1341 1342//1342
f 1312//1312 2820//2820 2819//2819
f 1309//1309 1312//1312 1342//1342
f 2821//2821 2820//2820 1312//1312
f 1342//1342 2822//2822 1309//1309
f 2823//2823 2820//2820 2821//2821
f 2822//2822 1342//1342 2824//2824
f 2820//2820 2823//2823 2825//2825
f 1342//1342 2826//2826 2824//2824
f 1342//1342 2827//2827 2826//2826
f 2824//2824 2826//2826 2828//2828
f 2829//2829 2820//2820 2825//2825
f 2825//2825 2830//2830 2829//2829
f 2831//2831 2830//2830 2825//2825
f 2829//2829 2832//2832 2820//2820
f 2820//2820 2832//2832 2833//2833
f 2834//2834 2835//2835 2836//2836
f 2835//2835 2834//2834 2837//2837
f 2838//2838 2835//2835 2837//2837
f 2838//2838 2837//2837 2839//2839
f 2839//2839 2837//2837 2840//2840
f 2841//2841 2839//2839 2840//2840
f 2841//2841 2840//2840 2842//2842
f 2842//2842 2843//2843 2841//2841
f 2842//2842 2844//2844 2843//2843
f 2845//2845 2843//2843 2844//2844
f 2846//2846 2843//2843 2845//2845
f 2846//2846 2845//2845 2847//2847
f 2848//2848 2849//2849 2850//2850
f 2849//2849 2848//2848 2851//2851
f 2851//2851 2852//2852 2849//2849
f 2853//2853 2854//2854 2855//2855
f 2855//2855 2854//2854 2856//2856
f 2857//2857 2858//2858 2859//2859
f 2858//2858 2860//2860 2859//2859
f 2860//2860 2861//2861 2859//2859
f 2860//2860 2862//2862 2861//2861
f 2863//2863 2861//2861 2862//2862
f 2864//2864 2865//2865 2866//2866
f 2866//2866 2867//2867 2864//2864
f 2868//2868 2869//2869 2870//2870
f 2871//2871 2870//2870 2869//2869
f 2871//2871 2872//2872 2870//2870
f 2871//2871 2873//2873 2872//2872
f 2872//2872 2873//2873 2874//2874
f 2872//2872 2874//2874 2875//2875
f 2875//2875 2876//2876 2872//2872
f 2877//2877 2878//2878 2879//2879
f 2880//2880 2879//2879 2878//2878
f 2881//2881 2882//2882 2883//2883
f 2884//2884 2883//2883 2882//2882
f 2885//2885 2886//2886 1623//1623
f 2885//2885 1623//1623 2887//2887
f 2885//2885 2887//2887 2888//2888
f 2889//2889 2887//2887 1623//1623
f 2889//2889 1623//1623 1654//1654
f 1654//1654 1667//1667 2889//2889
f 2889//2889 2890//2890 2887//2887
f 1667//1667 2890//2890 2889//2889
f 2887//2887 2890//2890 2891//2891
f 2888//2888 2887//2887 2891//2891
f 2892//2892 2890//2890 1667//1667
f 2892//2892 2891//2891 2890//2890
f 2892//2892 2888//2888 2891//2891
f 1667//1667 2893//2893 2892//2892
f 2894//2894 2892//2892 2893//2893
f 2894//2894 2895//2895 2892//2892
f 2892//2892 2895//2895 2888//2888
f 2888//2888 2895//2895 2896//2896
f 2888//2888 2896//2896 2897//2897
f 2898//2898 2899//2899 2502//2502
f 2502//2502 2900//2900 2898//2898
f 2500//2500 2900//2900 2502//2502
f 2132//2132 2900//2900 2500//2500
f 2132//2132 2901//2901 2900//2900
f 2902//2902 2900//2900 2901//2901
f 2903//2903 2902//2902 2901//2901
f 2132//2132 2904//2904 2901//2901
f 2901//2901 2904//2904 2905//2905
f 2500//2500 2133//2133 2132//2132
f 2906//2906 2133//2133 2500//2500
f 2292//2292 2906//2906 2500//2500
f 2507//2507 2292//2292 2500//2500
f 2254//2254 2133//2133 2906//2906
f 2254//2254 2906//2906 2292//2292
f 2907//2907 2133//2133 2254//2254
f 2907//2907 2254//2254 2243//2243
f 2133//2133 2907//2907 2136//2136
f 2908//2908 2907//2907 2243//2243
f 2908//2908 2136//2136 2907//2907
f 2908//2908 2243//2243 2153//2153
f 2292//2292 2507//2507 2909//2909
f 2507//2507 2525//2525 2909//2909
f 2910//2910 2136//2136 2908//2908
f 2153//2153 2910//2910 2908//2908
f 2911//2911 2136//2136 2910//2910
f 2153//2153 2911//2911 2910//2910
f 2140//2140 2136//2136 2911//2911
f 2911//2911 2153//2153 2912//2912
f 2912//2912 2140//2140 2911//2911
f 2912//2912 2913//2913 2140//2140
f 2912//2912 2914//2914 2913//2913
f 2153//2153 2915//2915 2912//2912
f 2912//2912 2915//2915 2916//2916
f 2915//2915 2917//2917 2916//2916
f 2909//2909 2918//2918 2292//2292
f 2294//2294 2292//2292 2918//2918
f 2919//2919 2294//2294 2918//2918
f 2918//2918 2920//2920 2919//2919
f 2920//2920 2918//2918 2909//2909
f 2921//2921 2919//2919 2920//2920
f 2909//2909 2922//2922 2920//2920
f 2525//2525 2922//2922 2909//2909
f 2922//2922 2525//2525 2526//2526
f 2923//2923 2921//2921 2920//2920
f 2923//2923 2920//2920 2922//2922
f 2922//2922 2526//2526 2923//2923
f 2533//2533 2923//2923 2526//2526
f 2923//2923 2924//2924 2921//2921
f 2923//2923 2533//2533 2924//2924
f 2924//2924 2533//2533 2925//2925
f 2924//2924 2925//2925 2926//2926
f 2927//2927 2924//2924 2926//2926
f 2926//2926 2928//2928 2927//2927
f 2929//2929 2930//2930 2931//2931
f 2929//2929 2931//2931 2932//2932
f 2933//2933 2932//2932 2931//2931
f 1594//1594 2934//2934 2935//2935
f 2738//2738 1594//1594 2935//2935
f 2738//2738 2935//2935 2936//2936
f 2937//2937 2738//2738 2936//2936
f 2938//2938 2939//2939 2940//2940
f 2941//2941 2940//2940 2939//2939
f 2942//2942 2943//2943 2944//2944
f 2942//2942 2944//2944 2945//2945
f 2946//2946 2947//2947 2948//2948
f 2948//2948 2947//2947 2949//2949
f 2949//2949 2947//2947 2950//2950
f 2951//2951 2952//2952 2953//2953
f 2952//2952 2954//2954 2953//2953
f 2952//2952 1770//1770 2954//2954
f 1770//1770 2955//2955 2954//2954
f 2954//2954 2955//2955 2953//2953
f 1758//1758 2955//2955 1770//1770
f 2952//2952 2956//2956 1770//1770
f 2955//2955 1758//1758 2957//2957
f 1756//1756 2957//2957 1758//1758
f 2955//2955 2958//2958 2953//2953
f 2955//2955 2957//2957 2959//2959
f 2959//2959 2958//2958 2955//2955
f 2958//2958 2959//2959 2960//2960
f 2961//2961 2958//2958 2960//2960
f 1756//1756 2962//2962 2957//2957
f 2957//2957 2962//2962 2959//2959
f 2953//2953 2958//2958 2963//2963
f 2964//2964 2953//2953 2963//2963
f 1756//1756 2965//2965 2962//2962
f 2965//2965 1756//1756 1759//1759
f 2965//2965 1759//1759 2966//2966
f 2967//2967 2965//2965 2966//2966
f 2968//2968 2959//2959 2962//2962
f 2962//2962 2969//2969 2968//2968
f 2970//2970 2968//2968 2969//2969
f 2969//2969 2971//2971 2970//2970
f 2958//2958 2972//2972 2963//2963
f 2972//2972 2973//2973 2963//2963
f 2963//2963 2973//2973 2974//2974
f 2975//2975 2972//2972 2958//2958
f 2976//2976 2972//2972 2975//2975
f 2976//2976 2973//2973 2972//2972
f 2975//2975 2960//2960 2976//2976
f 2977//2977 2959//2959 2968//2968
f 2959//2959 2977//2977 2960//2960
f 2968//2968 2978//2978 2977//2977
f 2968//2968 2979//2979 2978//2978
f 2977//2977 2980//2980 2960//2960
f 2978//2978 2979//2979 2981//2981
f 2982//2982 2978//2978 2981//2981
f 2973//2973 2983//2983 2974//2974
f 2983//2983 2984//2984 2974//2974
f 2980//2980 2985//2985 2960//2960
f 2986//2986 2985//2985 2980//2980
f 2985//2985 2987//2987 2960//2960
f 2985//2985 2986//2986 2987//2987
f 2982//2982 2988//2988 2978//2978
f 2978//2978 2988//2988 2989//2989
f 2988//2988 2990//2990 2989//2989
f 2990//2990 2988//2988 2982//2982
f 2991//2991 2990//2990 2982//2982
f 2991//2991 2982//2982 2992//2992
f 2982//2982 2993//2993 2992//2992
f 2994//2994 2992//2992 2993//2993
f 2995//2995 2960//2960 2987//2987
f 2960//2960 2995//2995 2976//2976
f 2996//2996 2976//2976 2995//2995
f 2996//2996 2973//2973 2976//2976
f 2987//2987 2997//2997 2995//2995
f 2998//2998 2973//2973 2996//2996
f 2999//2999 2998//2998 2997//2997
f 2999//2999 3000//3000 2998//2998
f 2973//2973 2998//2998 3001//3001
f 3001//3001 2998//2998 3000//3000
f 3001//3001 3002//3002 2973//2973
f 2973//2973 3002//3002 2983//2983
f 2997//2997 2987//2987 3003//3003
f 2987//2987 2986//2986 3003//3003
f 3000//3000 3004//3004 3001//3001
f 3001//3001 3004//3004 3002//3002
f 2983//2983 3002//3002 370//370
f 370//370 3005//3005 2983//2983
f 3006//3006 3003//3003 2986//2986
f 2992//2992 3006//3006 2986//2986
f 2992//2992 3007//3007 3006//3006
f 3006//3006 3007//3007 3003//3003
f 3007//3007 2992//2992 2994//2994
f 2997//2997 3003//3003 3008//3008
f 3007//3007 3008//3008 3003//3003
f 3009//3009 3007//3007 2994//2994
f 3009//3009 3008//3008 3007//3007
f 3008//3008 3010//3010 2997//2997
f 3008//3008 3011//3011 3010//3010
f 3010//3010 2999//2999 2997//2997
f 2999//2999 3010//3010 3009//3009
f 3009//3009 2994//2994 3012//3012
f 2999//2999 3009//3009 3012//3012
f 2999//2999 3012//3012 3013//3013
f 3014//3014 3012//3012 2994//2994
f 3013//3013 3012//3012 3015//3015
f 3015//3015 3012//3012 3016//3016
f 3017//3017 3015//3015 3016//3016
f 3018//3018 3015//3015 3017//3017
f 3018//3018 3017//3017 3019//3019
f 3015//3015 3018//3018 3020//3020
f 3018//3018 3019//3019 3020//3020
f 3015//3015 3020//3020 3021//3021
f 3020//3020 3022//3022 3021//3021
f 3013//3013 3015//3015 3023//3023
f 3020//3020 3019//3019 3024//3024
f 3025//3025 3020//3020 3024//3024
f 3023//3023 3026//3026 3025//3025
f 3025//3025 3026//3026 3027//3027
f 3023//3023 3028//3028 3013//3013
f 3023//3023 3025//3025 3028//3028
f 3024//3024 3019//3019 3029//3029
f 3029//3029 3019//3019 3030//3030
f 3029//3029 3031//3031 3024//3024
f 3029//3029 3030//3030 3031//3031
f 3025//3025 3024//3024 3032//3032
f 3031//3031 3032//3032 3024//3024
f 3025//3025 1072//1072 3028//3028
f 3032//3032 1072//1072 3025//3025
f 1072//1072 1073//1073 3028//3028
f 1073//1073 3013//3013 3028//3028
f 1072//1072 3032//3032 1087//1087
f 1087//1087 3032//3032 3031//3031
f 3033//3033 3013//3013 1073//1073
f 3034//3034 1087//1087 3031//3031
f 3030//3030 3034//3034 3031//3031
f 3034//3034 1083//1083 1087//1087
f 3030//3030 1083//1083 3034//3034
f 3030//3030 1088//1088 1083//1083
f 3013//3013 3033//3033 3035//3035
f 3013//3013 3035//3035 2999//2999
f 3033//3033 3036//3036 3035//3035
f 3033//3033 3037//3037 3036//3036
f 2999//2999 3035//3035 3038//3038
f 3038//3038 3035//3035 3036//3036
f 2999//2999 3038//3038 3000//3000
f 3037//3037 3039//3039 3036//3036
f 3037//3037 375//375 3039//3039
f 3038//3038 3036//3036 3040//3040
f 3036//3036 3039//3039 3040//3040
f 3041//3041 3000//3000 3038//3038
f 3038//3038 3040//3040 3041//3041
f 3000//3000 3041//3041 3004//3004
f 3004//3004 3041//3041 3042//3042
f 3042//3042 3041//3041 3040//3040
f 3004//3004 3042//3042 3002//3002
f 3043//3043 3039//3039 375//375
f 3043//3043 375//375 374//374
f 3040//3040 3039//3039 3044//3044
f 3039//3039 3043//3043 3044//3044
f 3040//3040 3044//3044 3042//3042
f 3044//3044 3043//3043 374//374
f 3042//3042 3045//3045 3002//3002
f 3045//3045 3042//3042 3044//3044
f 3044//3044 374//374 3045//3045
f 3045//3045 370//370 3002//3002
f 370//370 3045//3045 374//374
f 370//370 372//372 3005//3005
f 372//372 3046//3046 3005//3005
f 3047//3047 3005//3005 3046//3046
f 3047//3047 3046//3046 2952//2952
f 3048//3048 3047//3047 2952//2952
f 3049//3049 3048//3048 2952//2952
f 3048//3048 3049//3049 3050//3050
f 2952//2952 3046//3046 3051//3051
f 2956//2956 2952//2952 3051//3051
f 3052//3052 2956//2956 3051//3051
f 2956//2956 3052//3052 3053//3053
f 3052//3052 1773//1773 3053//3053
f 3046//3046 372//372 1773//1773
f 3046//3046 1773//1773 3054//3054
f 3051//3051 3054//3054 3052//3052
f 3052//3052 3054//3054 1773//1773
f 3051//3051 3055//3055 3054//3054
f 1772//1772 1773//1773 372//372
f 1772//1772 372//372 3056//3056
f 3056//3056 1790//1790 1772//1772
f 3056//3056 372//372 3057//3057
f 3057//3057 372//372 371//371
f 371//371 3058//3058 3057//3057
f 371//371 382//382 3058//3058
f 382//382 1790//1790 3058//3058
f 3059//3059 3058//3058 1790//1790
f 382//382 378//378 1790//1790
f 1790//1790 378//378 1791//1791
f 1791//1791 378//378 3060//3060
f 3060//3060 3061//3061 1791//1791
f 3062//3062 1791//1791 3061//3061
f 3060//3060 378//378 3063//3063
f 3061//3061 3060//3060 3064//3064
f 3063//3063 3064//3064 3060//3060
f 3065//3065 3063//3063 378//378
f 378//378 379//379 3065//3065
f 3061//3061 3064//3064 3066//3066
f 3061//3061 3066//3066 3067//3067
f 3066//3066 1803//1803 3067//3067
f 3068//3068 1803//1803 3066//3066
f 3068//3068 3069//3069 3064//3064
f 1803//1803 3068//3068 1806//1806
f 1806//1806 3068//3068 3070//3070
f 3071//3071 3068//3068 3064//3064
f 3071//3071 3064//3064 3063//3063
f 3068//3068 3071//3071 3070//3070
f 3070//3070 3071//3071 3063//3063
f 3065//3065 379//379 3072//3072
f 379//379 387//387 3072//3072
f 3063//3063 3065//3065 3073//3073
f 3073//3073 3070//3070 3063//3063
f 3074//3074 3065//3065 3072//3072
f 3074//3074 3075//3075 3065//3065
f 3076//3076 3072//3072 387//387
f 3074//3074 3072//3072 3076//3076
f 3073//3073 3077//3077 3070//3070
f 3074//3074 3077//3077 3073//3073
f 3077//3077 3078//3078 3070//3070
f 3074//3074 3079//3079 3077//3077
f 3080//3080 3070//3070 3078//3078
f 3081//3081 3080//3080 3078//3078
f 1806//1806 3070//3070 3080//3080
f 3082//3082 1806//1806 3080//3080
f 3083//3083 1806//1806 3082//3082
f 1806//1806 3083//3083 3084//3084
f 3079//3079 3074//3074 3085//3085
f 3085//3085 3074//3074 3076//3076
f 3086//3086 3079//3079 3085//3085
f 3076//3076 3087//3087 3085//3085
f 3088//3088 3087//3087 3076//3076
f 387//387 3088//3088 3076//3076
f 387//387 386//386 3088//3088
f 386//386 399//399 3088//3088
f 3087//3087 3088//3088 399//399
f 3089//3089 3087//3087 399//399
f 396//396 3089//3089 399//399
f 3087//3087 3089//3089 3090//3090
f 1861//1861 3084//3084 3083//3083
f 3083//3083 1904//1904 1861//1861
f 1904//1904 3083//3083 3091//3091
f 1861//1861 3092//3092 3084//3084
f 3084//3084 3092//3092 3093//3093
f 3093//3093 3092//3092 3094//3094
f 1863//1863 3092//3092 1861//1861
f 1863//1863 3095//3095 3092//3092
f 3096//3096 3095//3095 1863//1863
f 3095//3095 3097//3097 3092//3092
f 3090//3090 3089//3089 3098//3098
f 3098//3098 3089//3089 3099//3099
f 3099//3099 3089//3089 396//396
f 3099//3099 3100//3100 3098//3098
f 3100//3100 3099//3099 396//396
f 3100//3100 3101//3101 3098//3098
f 3098//3098 3102//3102 3090//3090
f 3101//3101 3102//3102 3098//3098
f 3103//3103 3090//3090 3102//3102
f 3090//3090 3103//3103 3104//3104
f 3103//3103 3105//3105 3104//3104
f 3105//3105 3103//3103 3106//3106
f 3102//3102 3107//3107 3103//3103
f 3106//3106 3103//3103 3107//3107
f 3108//3108 3102//3102 3101//3101
f 3102//3102 3108//3108 3107//3107
f 3101//3101 3109//3109 3108//3108
f 3107//3107 3108//3108 3110//3110
f 3110//3110 3108//3108 3111//3111
f 3106//3106 3112//3112 3105//3105
f 3105//3105 3112//3112 3113//3113
f 3114//3114 3113//3113 3112//3112
f 3112//3112 3115//3115 3114//3114
f 3112//3112 3106//3106 3116//3116
f 3117//3117 3114//3114 3115//3115
f 3106//3106 3118//3118 3116//3116
f 3117//3117 3115//3115 3119//3119
f 3120//3120 3106//3106 3107//3107
f 3107//3107 3110//3110 3120//3120
f 3111//3111 3121//3121 3110//3110
f 3122//3122 3121//3121 3111//3111
f 3121//3121 3122//3122 3123//3123
f 3124//3124 3121//3121 3123//3123
f 3122//3122 3125//3125 3123//3123
f 3118//3118 3106//3106 3126//3126
f 3120//3120 3126//3126 3106//3106
f 3127//3127 3120//3120 3110//3110
f 3127//3127 3110//3110 3124//3124
f 3124//3124 3128//3128 3127//3127
f 3123//3123 3129//3129 3124//3124
f 3129//3129 3123//3123 3125//3125
f 3128//3128 3124//3124 3129//3129
f 3125//3125 3128//3128 3129//3129
f 3120//3120 3127//3127 3130//3130
f 3131//3131 3126//3126 3120//3120
f 3120//3120 3130//3130 3131//3131
f 3132//3132 3127//3127 3128//3128
f 3132//3132 3130//3130 3127//3127
f 3133//3133 3132//3132 3128//3128
f 3133//3133 3128//3128 3134//3134
f 3134//3134 3135//3135 3133//3133
f 3134//3134 3136//3136 3135//3135
f 3137//3137 3134//3134 3128//3128
f 3128//3128 3125//3125 3137//3137
f 3137//3137 3136//3136 3134//3134
f 3138//3138 3135//3135 3136//3136
f 3138//3138 3136//3136 3137//3137
f 3135//3135 3138//3138 3139//3139
f 3125//3125 3140//3140 3137//3137
f 3125//3125 3141//3141 3140//3140
f 3140//3140 3142//3142 3137//3137
f 3137//3137 3142//3142 3138//3138
f 3143//3143 3140//3140 3141//3141
f 3143//3143 3142//3142 3140//3140
f 3144//3144 3138//3138 3142//3142
f 3139//3139 3138//3138 3145//3145
f 3145//3145 3138//3138 3144//3144
f 3143//3143 3146//3146 3142//3142
f 3146//3146 3144//3144 3142//3142
f 3147//3147 3146//3146 3143//3143
f 3144//3144 3146//3146 3147//3147
f 3101//3101 3143//3143 3141//3141
f 3143//3143 3101//3101 3147//3147
f 3148//3148 3101//3101 3141//3141
f 3148//3148 3141//3141 3149//3149
f 3150//3150 3148//3148 3149//3149
f 3101//3101 3100//3100 3147//3147
f 3100//3100 3151//3151 3147//3147
f 3151//3151 3100//3100 396//396
f 3147//3147 3152//3152 3144//3144
f 3152//3152 3147//3147 3151//3151
f 3153//3153 3144//3144 3152//3152
f 3152//3152 3151//3151 3153//3153
f 3144//3144 3153//3153 3145//3145
f 3151//3151 396//396 3154//3154
f 3154//3154 3153//3153 3151//3151
f 3154//3154 396//396 397//397
f 3153//3153 3155//3155 3145//3145
f 3155//3155 3153//3153 3154//3154
f 397//397 3155//3155 3154//3154
f 3145//3145 3155//3155 3139//3139
f 3155//3155 397//397 3139//3139
f 3156//3156 3139//3139 397//397
f 3156//3156 397//397 401//401
f 3139//3139 3156//3156 3157//3157
f 3157//3157 3156//3156 401//401
f 3157//3157 3158//3158 3139//3139
f 3135//3135 3139//3139 3158//3158
f 3159//3159 3157//3157 401//401
f 3159//3159 3158//3158 3157//3157
f 401//401 425//425 3159//3159
f 3159//3159 3160//3160 3158//3158
f 3158//3158 3161//3161 3135//3135
f 3160//3160 3159//3159 3162//3162
f 3160//3160 3162//3162 3163//3163
f 3159//3159 425//425 3164//3164
f 3164//3164 425//425 3165//3165
f 3164//3164 3165//3165 3166//3166
f 423//423 3165//3165 425//425
f 3165//3165 3167//3167 3166//3166
f 3167//3167 3168//3168 3166//3166
f 423//423 3169//3169 3165//3165
f 3169//3169 3167//3167 3165//3165
f 422//422 3169//3169 423//423
f 3170//3170 3167//3167 3169//3169
f 3170//3170 3161//3161 3167//3167
f 3170//3170 3169//3169 422//422
f 3171//3171 3161//3161 3170//3170
f 422//422 3171//3171 3170//3170
f 3171//3171 3172//3172 3161//3161
f 3172//3172 3171//3171 3173//3173
f 3171//3171 422//422 3174//3174
f 3172//3172 3135//3135 3161//3161
f 3175//3175 3174//3174 422//422
f 422//422 421//421 3175//3175
f 3176//3176 3174//3174 3175//3175
f 3176//3176 3177//3177 3174//3174
f 3175//3175 3178//3178 3176//3176
f 3179//3179 3175//3175 421//421
f 3178//3178 3175//3175 3179//3179
f 421//421 434//434 3179//3179
f 3179//3179 434//434 3178//3178
f 3172//3172 3180//3180 3135//3135
f 3133//3133 3135//3135 3180//3180
f 3177//3177 3176//3176 3133//3133
f 3172//3172 3181//3181 3180//3180
f 3181//3181 3133//3133 3180//3180
f 3182//3182 3181//3181 3172//3172
f 3181//3181 3182//3182 3183//3183
f 3183//3183 3184//3184 3181//3181
f 3184//3184 3133//3133 3181//3181
f 3177//3177 3133//3133 3184//3184
f 3185//3185 3184//3184 3183//3183
f 3177//3177 3184//3184 3186//3186
f 3178//3178 434//434 3187//3187
f 434//434 769//769 3187//3187
f 3188//3188 3178//3178 3187//3187
f 3188//3188 3176//3176 3178//3178
f 3187//3187 769//769 3189//3189
f 3189//3189 3188//3188 3187//3187
f 769//769 3190//3190 3189//3189
f 764//764 3190//3190 769//769
f 3190//3190 3191//3191 3189//3189
f 3191//3191 3188//3188 3189//3189
f 764//764 3192//3192 3190//3190
f 3191//3191 3192//3192 3188//3188
f 3188//3188 3192//3192 3176//3176
f 2700//2700 3192//3192 764//764
f 2700//2700 3193//3193 3192//3192
f 3192//3192 3193//3193 3176//3176
f 3194//3194 3176//3176 3193//3193
f 2700//2700 2692//2692 3193//3193
f 3195//3195 3193//3193 2692//2692
f 3193//3193 3195//3195 3194//3194
f 3195//3195 2692//2692 2693//2693
f 3195//3195 2693//2693 1923//1923
f 1923//1923 2693//2693 3196//3196
f 3195//3195 1923//1923 1921//1921
f 3197//3197 3195//3195 1921//1921
f 3197//3197 3194//3194 3195//3195
f 3194//3194 3198//3198 3176//3176
f 3133//3133 3176//3176 3198//3198
f 3198//3198 3132//3132 3133//3133
f 3132//3132 3198//3198 3194//3194
f 3132//3132 3194//3194 3199//3199
f 3130//3130 3132//3132 3199//3199
f 3194//3194 3200//3200 3199//3199
f 3200//3200 3130//3130 3199//3199
f 3194//3194 3197//3197 3200//3200
f 3200//3200 3197//3197 3130//3130
f 3131//3131 3130//3130 3197//3197
f 3201//3201 3197//3197 1921//1921
f 3197//3197 3201//3201 3131//3131
f 1921//1921 3202//3202 3201//3201
f 3201//3201 3202//3202 3203//3203
f 3126//3126 3131//3131 3201//3201
f 3126//3126 3201//3201 3204//3204
f 3201//3201 3205//3205 3204//3204
f 3205//3205 3206//3206 3204//3204
f 3205//3205 3207//3207 3206//3206
f 3206//3206 3207//3207 3208//3208
f 3209//3209 3208//3208 3207//3207
f 3209//3209 3210//3210 3208//3208
f 3206//3206 3208//3208 3211//3211
f 3208//3208 3210//3210 3212//3212
f 3212//3212 3210//3210 3213//3213
f 3213//3213 3214//3214 3212//3212
f 3214//3214 3213//3213 3215//3215
f 3216//3216 3215//3215 3213//3213
f 3213//3213 3217//3217 3216//3216
f 3217//3217 3213//3213 3218//3218
f 3219//3219 3204//3204 3206//3206
f 3219//3219 3206//3206 3220//3220
f 3220//3220 3206//3206 3221//3221
f 3204//3204 3219//3219 3222//3222
f 3223//3223 3204//3204 3222//3222
f 3204//3204 3223//3223 3224//3224
f 3118//3118 3223//3223 3222//3222
f 3223//3223 3118//3118 3126//3126
f 3222//3222 3119//3119 3118//3118
f 3118//3118 3119//3119 3225//3225
f 3226//3226 3225//3225 3119//3119
f 3227//3227 3225//3225 3226//3226
f 3119//3119 3222//3222 3117//3117
f 3222//3222 3219//3219 3117//3117
f 3219//3219 3228//3228 3117//3117
f 3220//3220 3228//3228 3219//3219
f 3228//3228 3229//3229 3117//3117
f 3230//3230 3229//3229 3228//3228
f 3228//3228 3231//3231 3230//3230
f 3231//3231 3228//3228 3220//3220
f 3230//3230 3231//3231 3232//3232
f 3233//3233 3232//3232 3231//3231
f 3233//3233 3231//3231 3234//3234
f 3220//3220 3234//3234 3231//3231
f 3234//3234 3220//3220 3235//3235
f 3234//3234 3235//3235 3236//3236
f 3237//3237 3238//3238 3239//3239
f 3240//3240 3239//3239 3238//3238
f 3241//3241 3240//3240 3238//3238
f 3240//3240 3242//3242 3239//3239
f 3243//3243 3239//3239 3242//3242
f 3244//3244 3239//3239 3243//3243
f 3241//3241 3245//3245 3240//3240
f 3246//3246 3245//3245 3241//3241
f 3241//3241 3247//3247 3246//3246
f 3248//3248 3245//3245 3246//3246
f 3248//3248 3249//3249 3245//3245
f 3248//3248 3250//3250 3249//3249
f 3250//3250 3248//3248 3251//3251
f 3248//3248 3252//3252 3251//3251
f 3246//3246 3252//3252 3248//3248
f 3247//3247 3252//3252 3246//3246
f 3247//3247 3253//3253 3252//3252
f 3254//3254 3253//3253 3247//3247
f 3255//3255 3252//3252 3253//3253
f 3256//3256 3252//3252 3255//3255
f 3257//3257 3252//3252 3256//3256
f 3256//3256 3255//3255 3258//3258
f 3258//3258 3255//3255 3253//3253
f 3253//3253 3259//3259 3258//3258
f 3258//3258 3259//3259 3260//3260
f 3261//3261 3260//3260 3259//3259
f 3262//3262 3260//3260 3261//3261
f 3263//3263 3264//3264 3265//3265
f 3263//3263 3266//3266 3264//3264
f 3267//3267 3264//3264 3266//3266
f 3268//3268 3266//3266 3263//3263
f 3263//3263 3269//3269 3268//3268
f 3269//3269 3270//3270 3268//3268
f 3270//3270 3271//3271 3268//3268
f 3268//3268 3271//3271 3266//3266
f 3266//3266 3271//3271 3272//3272
f 3273//3273 3272//3272 3271//3271
f 3274//3274 3275//3275 3276//3276
f 3277//3277 3276//3276 3275//3275
f 3278//3278 3276//3276 3277//3277
f 3279//3279 3280//3280 3281//3281
f 3279//3279 3281//3281 3282//3282
f 3279//3279 3282//3282 3283//3283
f 3284//3284 3285//3285 3286//3286
f 3285//3285 3287//3287 3286//3286
f 3288//3288 3286//3286 3287//3287
f 3288//3288 3289//3289 3286//3286
f 3290//3290 3291//3291 3292//3292
f 3292//3292 3293//3293 3290//3290
f 3294//3294 3295//3295 3296//3296
f 3294//3294 3297//3297 3295//3295
f 3297//3297 3298//3298 3295//3295
f 3297//3297 3299//3299 3298//3298
f 3299//3299 3300//3300 3298//3298
f 468//468 3298//3298 3300//3300
f 468//468 3295//3295 3298//3298
f 468//468 3301//3301 3295//3295
f 3301//3301 468//468 474//474
f 3302//3302 3295//3295 3301//3301
f 3301//3301 3303//3303 3302//3302
f 3304//3304 3303//3303 3301//3301
f 3305//3305 3306//3306 3307//3307
f 3307//3307 3308//3308 3305//3305
f 3309//3309 3310//3310 3311//3311
f 3311//3311 3312//3312 3309//3309
f 3311//3311 3313//3313 3312//3312
f 3313//3313 3311//3311 3314//3314
f 3309//3309 3312//3312 3315//3315
f 3309//3309 3315//3315 3316//3316
f 3309//3309 3316//3316 3317//3317
f 3317//3317 3318//3318 3309//3309
f 3317//3317 3319//3319 3318//3318
f 3320//3320 3318//3318 3319//3319
f 3319//3319 3321//3321 3320//3320
f 3321//3321 3319//3319 3322//3322
f 3316//3316 3323//3323 3317//3317
f 3316//3316 3324//3324 3323//3323
f 3323//3323 3324//3324 3325//3325
f 3325//3325 3326//3326 3323//3323
f 3326//3326 3317//3317 3323//3323
f 3317//3317 3326//3326 3327//3327
f 3327//3327 3319//3319 3317//3317
f 3328//3328 3319//3319 3327//3327
f 3319//3319 3328//3328 3329//3329
f 3330//3330 3329//3329 3328//3328
f 3319//3319 3331//3331 3322//3322
f 3322//3322 3331//3331 3332//3332
f 3332//3332 3331//3331 3333//3333
f 3334//3334 3332//3332 3333//3333
f 3335//3335 3322//3322 3332//3332
f 3322//3322 3335//3335 3336//3336
f 3337//3337 3338//3338 3339//3339
f 3340//3340 3338//3338 3337//3337
f 3341//3341 3342//3342 3343//3343
f 3344//3344 3343//3343 3342//3342
f 3345//3345 3346//3346 3347//3347
f 3348//3348 3346//3346 3345//3345
f 3348//3348 3345//3345 3349//3349
f 3348//3348 3350//3350 3346//3346
f 606//606 3346//3346 3350//3350
f 606//606 3350//3350 575//575
f 3350//3350 3351//3351 575//575
f 3351//3351 3350//3350 3352//3352
f 3353//3353 3351//3351 3352//3352
f 606//606 575//575 3354//3354
f 3354//3354 566//566 606//606
f 575//575 565//565 3354//3354
f 565//565 566//566 3354//3354
f 3355//3355 3356//3356 3357//3357
f 3357//3357 3358//3358 3355//3355
f 3359//3359 3360//3360 3361//3361
f 3360//3360 3359//3359 3362//3362
f 3360//3360 3362//3362 3363//3363
f 3360//3360 3363//3363 3364//3364
f 3365//3365 3366//3366 3367//3367
f 3368//3368 3367//3367 3366//3366
f 3369//3369 3370//3370 3371//3371
f 3370//3370 3369//3369 3372//3372
f 3373//3373 3374//3374 3375//3375
f 3374//3374 3376//3376 3375//3375
f 3377//3377 3378//3378 3379//3379
f 3377//3377 3379//3379 3380//3380
f 3381//3381 3382//3382 3383//3383
f 3382//3382 3381//3381 1837//1837
f 3382//3382 1837//1837 3384//3384
f 3384//3384 1837//1837 1839//1839
f 1839//1839 3385//3385 3384//3384
f 3385//3385 3386//3386 3384//3384
f 3387//3387 3385//3385 1839//1839
f 3385//3385 3387//3387 3388//3388
f 3389//3389 3388//3388 3387//3387
f 3387//3387 3390//3390 3389//3389
f 3391//3391 3392//3392 3393//3393
f 3394//3394 3392//3392 3391//3391
f 3395//3395 3396//3396 2982//2982
f 2981//2981 3395//3395 2982//2982
f 2981//2981 3397//3397 3395//3395
f 3397//3397 2981//2981 3398//3398
f 3397//3397 3398//3398 3399//3399
f 3400//3400 3401//3401 3402//3402
f 3403//3403 3402//3402 3401//3401
f 3403//3403 3401//3401 3404//3404
f 3401//3401 3405//3405 3404//3404
f 3406//3406 3407//3407 3408//3408
f 3406//3406 3409//3409 3407//3407
f 1266//1266 3410//3410 3411//3411
f 1266//1266 3411//3411 1265//1265
f 1265//1265 3411//3411 3412//3412
f 1157//1157 3412//3412 3411//3411
f 3411//3411 3413//3413 1157//1157
f 1157//1157 3414//3414 3412//3412
f 1157//1157 3413//3413 1077//1077
f 3415//3415 3412//3412 3414//3414
f 1077//1077 3413//3413 1064//1064
f 3415//3415 3416//3416 3412//3412
f 3417//3417 1265//1265 3412//3412
f 3417//3417 3412//3412 3416//3416
f 1265//1265 3417//3417 3418//3418
f 3417//3417 3416//3416 3418//3418
f 1248//1248 1265//1265 3418//3418
f 3418//3418 3416//3416 3419//3419
f 3420//3420 1248//1248 3418//3418
f 3420//3420 3418//3418 3419//3419
f 1064//1064 3413//3413 3421//3421
f 1064//1064 3421//3421 1055//1055
f 3421//3421 3422//3422 1055//1055
f 3422//3422 3423//3423 1055//1055
f 3424//3424 1055//1055 3423//3423
f 3425//3425 3423//3423 3422//3422
f 3413//3413 3425//3425 3421//3421
f 3425//3425 3426//3426 3421//3421
f 3413//3413 3427//3427 3425//3425
f 3427//3427 3423//3423 3425//3425
f 3428//3428 3427//3427 3413//3413
f 3428//3428 3429//3429 3427//3427
f 3424//3424 3423//3423 3430//3430
f 3423//3423 3427//3427 3430//3430
f 3424//3424 3430//3430 3431//3431
f 3427//3427 3431//3431 3430//3430
f 3432//3432 3433//3433 3434//3434
f 3435//3435 3434//3434 3433//3433
f 3436//3436 3437//3437 3438//3438
f 3439//3439 3438//3438 3437//3437
f 3440//3440 3441//3441 3442//3442
f 3443//3443 3441//3441 3440//3440
f 3440//3440 3444//3444 3443//3443
f 3443//3443 3444//3444 3445//3445
f 3441//3441 3443//3443 3446//3446
f 3446//3446 3443//3443 987//987
f 985//985 3446//3446 987//987
f 3446//3446 985//985 3447//3447
f 985//985 996//996 3447//3447
f 996//996 3448//3448 3447//3447
f 996//996 3449//3449 3448//3448
f 3450//3450 3448//3448 3449//3449
f 3448//3448 3450//3450 3451//3451
f 3449//3449 3452//3452 3450//3450
f 3453//3453 3452//3452 3449//3449
f 3454//3454 3455//3455 3456//3456
f 3454//3454 3457//3457 3455//3455
f 3458//3458 3459//3459 3460//3460
f 3460//3460 3459//3459 3461//3461
f 3462//3462 3461//3461 3459//3459
f 3463//3463 3464//3464 3465//3465
f 3463//3463 3465//3465 3466//3466
f 3467//3467 3468//3468 3469//3469
f 3467//3467 3470//3470 3468//3468
f 3467//3467 3471//3471 3470//3470
f 3471//3471 3472//3472 3470//3470
f 3470//3470 3472//3472 3473//3473
f 3474//3474 3473//3473 3472//3472
f 3475//3475 3476//3476 3477//3477
f 3477//3477 3478//3478 3475//3475
f 3479//3479 3480//3480 3481//3481
f 3481//3481 3482//3482 3479//3479
f 3483//3483 3484//3484 3485//3485
f 3485//3485 3486//3486 3483//3483
f 3487//3487 3488//3488 3489//3489
f 3487//3487 3489//3489 3490//3490
f 3491//3491 3492//3492 3493//3493
f 3493//3493 3494//3494 3491//3491
f 3495//3495 3496//3496 3497//3497
f 3497//3497 3496//3496 3498//3498
f 3499//3499 3500//3500 3501//3501
f 3501//3501 3502//3502 3499//3499
f 3503//3503 3504//3504 3505//3505
f 3505//3505 3504//3504 3506//3506
f 3507//3507 3508//3508 3509//3509
f 3509//3509 3510//3510 3507//3507
f 3511//3511 3512//3512 3513//3513
f 3512//3512 3514//3514 3513//3513
f 3514//3514 3515//3515 3513//3513
f 3513//3513 3515//3515 3516//3516
f 3517//3517 3516//3516 3515//3515
f 3518//3518 3517//3517 3515//3515
f 3519//3519 3520//3520 3521//3521
f 3522//3522 3521//3521 3520//3520
f 3523//3523 3524//3524 3525//3525
f 3523//3523 3526//3526 3524//3524
f 3527//3527 3528//3528 3529//3529
f 3529//3529 3530//3530 3527//3527
f 3531//3531 3532//3532 3533//3533
f 3534//3534 3533//3533 3532//3532
f 3534//3534 3532//3532 3535//3535
f 3535//3535 3532//3532 3536//3536
f 3532//3532 3537//3537 3536//3536
f 3538//3538 3539//3539 3540//3540
f 3538//3538 3541//3541 3539//3539
f 3541//3541 3542//3542 3539//3539
f 3543//3543 3542//3542 3541//3541
f 3542//3542 3544//3544 3539//3539
f 3543//3543 3544//3544 3542//3542
f 3545//3545 3546//3546 3547//3547
f 3546//3546 3548//3548 3547//3547
f 3549//3549 3550//3550 3551//3551
f 3552//3552 3551//3551 3550//3550
f 3553//3553 3554//3554 3555//3555
f 3555//3555 3556//3556 3553//3553
f 3555//3555 3554//3554 3557//3557
f 3556//3556 3555//3555 3557//3557
