# tugboat_a_COL
v 2.97945118 7.95761395 -0.899446368
v 2.86515927 7.55503988 -0.910830081
v 2.85377502 7.95761395 -1.02512264
v 2.97945118 7.95761395 -0.899446368
v 3.07863832 7.77438354 -0.845952153
v 3.07863832 7.77438354 -0.845952153
v 3.07999563 7.54173994 -0.902606785
v 3.07999563 7.54173994 -0.902606785
v 2.98111987 7.44024801 -1.02679074
v 2.80028129 7.77438354 -1.12430906
v 2.85377502 7.95761395 -1.02512264
v 2.98111987 7.44024801 -1.02679074
v 2.85693669 7.54173994 -1.12566531
v 2.86515927 7.55503988 -0.910830081
v 2.85693669 7.54173994 -1.12566531
v 2.80028129 7.77438354 -1.12430906
v 3.68093061 2.85656786 4.19744396
v 3.583112 2.88762665 4.17630625
v 3.61547542 2.85738087 4.27217627
v 3.61911559 2.54310226 4.2901206
v 3.68293881 2.54156733 4.21725225
v 3.61547542 2.85738087 4.27217627
v 3.6490202 2.8496902 4.10364723
v 3.5241766 2.53829336 4.27153206
v 3.65182424 2.53522277 4.12579203
v 3.51810956 2.85131574 4.25311136
v 3.49306083 2.53194904 4.18007183
v 3.48619938 2.84443808 4.15931511
v 3.55165458 2.84362531 4.08458233
v 3.55688524 2.53041387 4.10720348
v 3.48619938 2.84443808 4.15931511
v 3.49306083 2.53194904 4.18007183
v 3.583112 2.88762665 4.17630625
v 3.51810956 2.85131574 4.25311136
v 3.583112 2.88762665 4.17630625
v 3.48619938 2.84443808 4.15931511
v 3.583112 2.88762665 4.17630625
v 3.68093061 2.85656786 4.19744396
v 3.48619938 2.84443808 4.15931511
v 3.583112 2.88762665 4.17630625
v 3.583112 2.88762665 4.17630625
v 3.6490202 2.8496902 4.10364723
v 3.68092942 2.85656834 -4.19744539
v 3.61547422 2.85738087 -4.27217722
v 3.58310962 2.88762665 -4.17630768
v 3.6191144 2.54310226 -4.29012299
v 3.68293881 2.54156733 -4.21725321
v 3.61547422 2.85738087 -4.27217722
v 3.6490202 2.8496902 -4.10365057
v 3.52417541 2.53829336 -4.27153301
v 3.65182304 2.53522277 -4.12579441
v 3.51810837 2.85131574 -4.25311327
v 3.49306083 2.53194904 -4.18007374
v 3.48619795 2.84443808 -4.15931654
v 3.55165458 2.84362531 -4.08458424
v 3.55688405 2.53041387 -4.10720587
v 3.48619795 2.84443808 -4.15931654
v 3.49306083 2.53194904 -4.18007374
v 3.51810837 2.85131574 -4.25311327
v 3.58310962 2.88762665 -4.17630768
v 3.48619795 2.84443808 -4.15931654
v 3.58310962 2.88762665 -4.17630768
v 3.68092942 2.85656834 -4.19744539
v 3.58310962 2.88762665 -4.17630768
v 3.48619795 2.84443808 -4.15931654
v 3.58310962 2.88762665 -4.17630768
v 3.6490202 2.8496902 -4.10365057
v 3.58310962 2.88762665 -4.17630768
v -8.68323135 1.80974638 2.53246236
v -9.18826675 1.97452343 3.45451021
v -10.1015511 2.07471085 2.89206076
v -9.18826675 1.97452354 -3.45450878
v -8.68323326 1.80974638 -2.53246045
v -10.1015511 2.07471085 -2.89205837
v -0.973260462 -0.894060671 -2.02615694E-16
v 7.73669338 -0.25 3.75063968
v 5.35929394 -0.25 3.95167589
v 5.35929394 -0.25 3.95167589
v -2.3871367 -0.25 3.82987785
v 3.76184249 -0.25 -3.97668028
v 7.73669338 -0.25 -3.75064087
v -7.28459644 -0.25 -2.74372435
v -4.10344601 -0.25 -3.6111443
v -4.10344553 -0.25 3.61114383
v -2.3871367 -0.25 3.82987785
v -5.78555536 -0.25 3.22776127
v -8.46945286 -0.25 2.22084951
v 8.50257778 -0.25 3.53548574
v 7.73669338 -0.25 3.75063968
v 9.13590908 -0.25 3.21765256
v 9.66755676 -0.25 2.77398801
v 10.0960102 -0.25 2.18817139
v 10.4160252 -0.25 1.5014379
v 10.62218 -0.25 0.761970222
v 10.6964893 -0.25 -1.2207031E-06
v 10.62218 -0.25 -0.76197201
v 10.4160223 -0.25 -1.50143862
v 10.0960083 -0.25 -2.18817306
v 9.66755486 -0.25 -2.7739892
v 9.13590717 -0.25 -3.21765423
v 8.50257778 -0.25 -3.53548574
v 7.73669338 -0.25 -3.75064087
v -9.44591331 -0.25 1.5963732
v -8.46945286 -0.25 2.22084951
v -10.2843781 -0.25 0.811788321
v -10.6245708 -0.25 -1.63202775E-16
v -10.2843781 -0.25 -0.811787069
v -9.44591331 -0.25 -1.5963726
v -8.46945381 -0.25 -2.22084832
v -7.28459644 -0.25 -2.74372435
v -4.10344601 -0.25 -3.6111443
v -0.660228848 -0.25 -3.93084955
v 3.76184249 -0.25 -3.97668028
v 3.76456237 0.744118333 4.50608253
v 6.76268578 0.818426788 4.41962385
v 6.7663908 1.25388026 4.43764496
v -2.4296813 0.803703606 4.36662245
v -2.3871367 -0.25 3.82987785
v 1.0622735 0.736047983 4.50100231
v -4.18152189 0.88356626 4.15358734
v -2.3871367 -0.25 3.82987785
v -4.10344553 -0.25 3.61114383
v -5.91072941 0.994625807 3.77165651
v -5.78555536 -0.25 3.22776127
v -7.46706104 1.12333977 3.27993894
v -8.46945286 -0.25 2.22084951
v -8.72707939 1.24857247 2.73035264
v -9.44591331 -0.25 1.5963732
v -8.46945286 -0.25 2.22084951
v -9.81158447 1.37279236 2.03768301
v -10.2843781 -0.25 0.811788321
v -10.8070869 1.49934471 1.11302245
v -10.6245708 -0.25 -1.63202775E-16
v -11.2865524 1.56187165 -5.2180482E-17
v -10.8070869 1.49934471 -1.11302066
v -10.2843781 -0.25 -0.811787069
v -9.81158447 1.37279236 -2.03768301
v -9.44591331 -0.25 -1.5963726
v -8.72708035 1.24857247 -2.73035145
v -8.46945381 -0.25 -2.22084832
v -7.28459644 -0.25 -2.74372435
v -7.467062 1.12333977 -3.27993703
v -7.28459644 -0.25 -2.74372435
v -5.91072941 0.994625807 -3.77165461
v -4.10344601 -0.25 -3.6111443
v -4.18152285 0.88356626 -4.15358829
v -4.10344601 -0.25 -3.6111443
v -2.42968202 0.803703606 -4.36662292
v -0.660228848 -0.25 -3.93084955
v -0.680631101 0.755129397 -4.46159554
v 3.76184249 -0.25 -3.97668028
v 3.76456118 0.744118333 -4.50608397
v 3.76168132 2.61254334 4.29963636
v 1.0707562 2.62349296 4.08588743
v 1.0680908 2.60450125 4.29579592
v 5.35317802 2.66149521 4.0636425
v 1.0707562 2.62349296 4.08588743
v 5.35955143 2.64261651 4.27346802
v 6.70678616 2.70314956 3.99178338
v 6.76268578 0.818426788 -4.41962528
v 3.76456118 0.744118333 -4.50608397
v 6.7663908 1.25388026 -4.43764639
v -5.15450621 3.07324672 3.56406736
v -5.25232553 3.10481858 3.54370475
v -5.21996164 3.07220936 3.63879633
v -5.21632147 2.7575829 3.6489563
v -5.15249729 2.75785208 3.57607174
v -5.21996164 3.07220936 3.63879633
v -5.18641663 3.06869245 3.47012925
v -5.3112607 2.75323534 3.63025379
v -5.18361187 2.75377345 3.48448348
v -5.31732702 3.06661797 3.61958742
v -5.34237528 2.74915695 3.53866577
v -5.34923744 3.06206417 3.52564931
v -5.28378153 3.06310153 3.45092034
v -5.27855158 2.74942589 3.46578121
v -5.34923744 3.06206417 3.52564931
v -5.34237528 2.74915695 3.53866577
v -5.25232553 3.10481858 3.54370475
v -5.31732702 3.06661797 3.61958742
v -5.25232553 3.10481858 3.54370475
v -5.34923744 3.06206417 3.52564931
v -5.25232553 3.10481858 3.54370475
v -5.15450621 3.07324672 3.56406736
v -5.34923744 3.06206417 3.52564931
v -5.25232553 3.10481858 3.54370475
v -5.25232553 3.10481858 3.54370475
v -5.18641663 3.06869245 3.47012925
v -5.15450716 3.07324672 -3.56406736
v -5.21996212 3.07220936 -3.63879633
v -5.25232649 3.10481858 -3.54370403
v -5.21632195 2.7575829 -3.6489563
v -5.15249872 2.75785208 -3.57607174
v -5.21996212 3.07220936 -3.63879633
v -5.1864171 3.06869245 -3.47012925
v -5.3112607 2.75323534 -3.63025379
v -5.18361378 2.75377345 -3.48448348
v -5.31732845 3.06661797 -3.61958742
v -5.34237671 2.74915695 -3.53866577
v -5.3492384 3.06206417 -3.52564931
v -5.28378344 3.06310153 -3.45092034
v -5.27855206 2.74942589 -3.46578121
v -5.3492384 3.06206417 -3.52564931
v -5.34237671 2.74915695 -3.53866577
v -5.31732845 3.06661797 -3.61958742
v -5.25232649 3.10481858 -3.54370403
v -5.3492384 3.06206417 -3.52564931
v -5.25232649 3.10481858 -3.54370403
v -5.15450716 3.07324672 -3.56406736
v -5.25232649 3.10481858 -3.54370403
v -5.3492384 3.06206417 -3.52564931
v -5.25232649 3.10481858 -3.54370403
v -5.1864171 3.06869245 -3.47012925
v -5.25232649 3.10481858 -3.54370403
v -5.45472813 3.09432054 3.48030019
v -5.55254745 3.12589288 3.45993757
v -5.52018356 3.09328341 3.55502915
v -5.51654339 2.77865696 3.56518912
v -5.45271969 2.77892613 3.49230456
v -5.52018356 3.09328341 3.55502915
v -5.48663855 3.0897665 3.38636231
v -5.6114831 2.7743094 3.54648685
v -5.48383427 2.77484727 3.40071654
v -5.61754942 3.08769178 3.53582025
v -5.64259768 2.77023101 3.4548986
v -5.64945984 3.08313799 3.44188213
v -5.58400393 3.08417535 3.36715317
v -5.5787735 2.77049971 3.38201404
v -5.64945984 3.08313799 3.44188213
v -5.64259768 2.77023101 3.4548986
v -5.55254745 3.12589288 3.45993757
v -5.61754942 3.08769178 3.53582025
v -5.55254745 3.12589288 3.45993757
v -5.64945984 3.08313799 3.44188213
v -5.55254745 3.12589288 3.45993757
v -5.45472813 3.09432054 3.48030019
v -5.64945984 3.08313799 3.44188213
v -5.55254745 3.12589288 3.45993757
v -5.55254745 3.12589288 3.45993757
v -5.48663855 3.0897665 3.38636231
v -5.45472956 3.09432054 -3.48030019
v -5.52018547 3.09328341 -3.55502987
v -5.55254889 3.12589288 -3.4599371
v -5.5165453 2.77865696 -3.56518984
v -5.45272064 2.77892613 -3.49230456
v -5.52018547 3.09328341 -3.55502987
v -5.4866395 3.08976674 -3.38636231
v -5.61148357 2.7743094 -3.54648733
v -5.48383665 2.77484727 -3.40071654
v -5.61755133 3.08769226 -3.53582096
v -5.64259958 2.77023101 -3.45489931
v -5.64946175 3.08313799 -3.44188213
v -5.58400583 3.08417535 -3.36715269
v -5.57877541 2.77049971 -3.38201404
v -5.64946175 3.08313799 -3.44188213
v -5.64259958 2.77023101 -3.45489931
v -5.61755133 3.08769226 -3.53582096
v -5.55254889 3.12589288 -3.4599371
v -5.64946175 3.08313799 -3.44188213
v -5.55254889 3.12589288 -3.4599371
v -5.45472956 3.09432054 -3.48030019
v -5.55254889 3.12589288 -3.4599371
v -5.64946175 3.08313799 -3.44188213
v -5.55254889 3.12589288 -3.4599371
v -5.4866395 3.08976674 -3.38636231
v -5.55254889 3.12589288 -3.4599371
v 3.27791691 2.85172296 4.08700657
v 3.26094294 2.88934207 4.18332243
v 3.35415697 2.85191941 4.15070295
v 3.35445738 2.53741574 4.16461515
v 3.28007507 2.536484 4.1025486
v 3.35415697 2.85191941 4.15070295
v 3.18469167 2.8519969 4.12124729
v 3.33795834 2.53897524 4.26004887
v 3.18919492 2.53711176 4.13591528
v 3.33717227 2.85238957 4.24864006
v 3.24707699 2.53960299 4.29341555
v 3.24394822 2.85266328 4.28288078
v 3.16770673 2.85246706 4.2191844
v 3.17269468 2.53867126 4.23134899
v 3.24394822 2.85266328 4.28288078
v 3.24707699 2.53960299 4.29341555
v 3.26094294 2.88934207 4.18332243
v 3.33717227 2.85238957 4.24864006
v 3.26094294 2.88934207 4.18332243
v 3.24394822 2.85266328 4.28288078
v 3.26094294 2.88934207 4.18332243
v 3.27791691 2.85172296 4.08700657
v 3.24394822 2.85266328 4.28288078
v 3.26094294 2.88934207 4.18332243
v 3.26094294 2.88934207 4.18332243
v 3.18469167 2.8519969 4.12124729
v 3.27791429 2.85172319 -4.08701038
v 3.35415578 2.85191941 -4.15070629
v 3.26094174 2.88934207 -4.18332577
v 3.35445738 2.53741574 -4.16461802
v 3.28007507 2.536484 -4.10255289
v 3.35415578 2.85191941 -4.15070629
v 3.18469048 2.8519969 -4.12125111
v 3.33795714 2.53897524 -4.2600522
v 3.18919373 2.537112 -4.13591862
v 3.33717227 2.85238957 -4.24864292
v 3.24707699 2.53960323 -4.29341793
v 3.24394703 2.85266328 -4.28288364
v 3.16770554 2.85246706 -4.21918774
v 3.17269468 2.53867149 -4.23135233
v 3.24394703 2.85266328 -4.28288364
v 3.24707699 2.53960323 -4.29341793
v 3.33717227 2.85238957 -4.24864292
v 3.26094174 2.88934207 -4.18332577
v 3.24394703 2.85266328 -4.28288364
v 3.26094174 2.88934207 -4.18332577
v 3.27791429 2.85172319 -4.08701038
v 3.26094174 2.88934207 -4.18332577
v 3.24394703 2.85266328 -4.28288364
v 3.26094174 2.88934207 -4.18332577
v 3.18469048 2.8519969 -4.12125111
v 3.26094174 2.88934207 -4.18332577
v -1.92039549 11.2382126 -0.307546377
v -1.94760978 11.1429539 -0.510655522
v -1.94760978 11.1429539 -0.600681126
v -2.10353518 11.1429539 -0.510655522
v -2.07632565 11.2382126 -0.307546377
v -2.10353518 11.1429539 -0.600681126
v 2.8059454 7.26307964 -1.39274406
v 2.56867123 7.30709839 -1.28736138
v 3.15960741 7.19746923 -1.39274406
v 3.15960741 7.19746923 -1.39274406
v 2.56867123 7.30709839 -1.28736138
v 3.50245667 7.1338644 -1.28736138
v 3.50245667 7.1338644 -1.28736138
v 2.56867123 7.30709839 -1.28736138
v 3.75481868 7.0870471 -1.1017791
v 3.75481868 7.0870471 -1.1017791
v 3.8530755 7.06881809 -0.862277806
v 3.1596086 7.19746923 -0.331811517
v 3.50245667 7.1338644 -0.437194824
v 2.8059454 7.26307964 -0.331810296
v 3.1596086 7.19746923 -0.331811517
v 3.8530755 7.06881809 -0.862277806
v 3.75481868 7.0870471 -0.622775853
v 3.50245667 7.1338644 -0.437194824
v 2.56867123 7.30709839 -1.28736138
v 2.56867123 7.30709839 -0.437193602
v 2.8059454 7.26307964 -0.331810296
v 2.56867123 7.30709839 -0.437193602
v 2.56867123 7.30709839 -1.28736138
v 2.44372869 7.33027744 -0.622775853
v 3.37197447 7.78743458 -0.699435413
v 3.38335752 7.38486052 -0.813727379
v 3.49765062 7.78743458 -0.825110435
v 3.37197447 7.78743458 -0.699435413
v 3.31847954 7.6042037 -0.600247204
v 3.31847954 7.6042037 -0.600247204
v 3.37513471 7.37156057 -0.59889096
v 3.37513471 7.37156057 -0.59889096
v 3.49931812 7.27006865 -0.697766721
v 3.59683657 7.6042037 -0.878604114
v 3.49765062 7.78743458 -0.825110435
v 3.49931812 7.27006865 -0.697766721
v 3.59819269 7.37156057 -0.821950078
v 3.38335752 7.38486052 -0.813727379
v 3.59819269 7.37156057 -0.821950078
v 3.59683657 7.6042037 -0.878604114
v 7.67725897 2.00000191 -3.98228621
v 7.67131281 2.65000248 1.44328988E-17
v 7.67129326 2.65000248 -3.89270139
v 7.67725897 2.00000167 3.98228502
v 7.67129326 2.65000248 3.8927002
v 7.67725897 2.00000191 -3.98228621
v -0.207789913 9.62060261 1.79945922
v -0.237788692 9.59060287 1.79792595
v -0.237788692 9.65060234 1.79792595
v -0.2071466 9.62060261 0.734025836
v -0.23714599 9.65060234 0.733400881
v -0.23714599 9.59060287 0.733400881
v -0.217526853 9.22811604 1.8039099
v -0.240181878 9.20546341 1.80279779
v -0.240181878 9.25076866 1.80279779
v -0.216564938 9.22811604 0.729071021
v -0.239196166 9.25076771 0.728522956
v -0.239196166 9.20546436 0.728522956
v -0.217526853 8.84893608 1.80390871
v -0.240181878 8.82628345 1.80279779
v -0.240181878 8.87158871 1.80279779
v -0.216564938 8.84893608 0.729071021
v -0.239196166 8.87158775 0.728522956
v -0.239196166 8.82628441 0.728522956
v 8.25729656 3.00862336 3.02531862
v 8.30369091 3.00978351 2.79200912
v 8.07630253 3.0921917 2.86847401
v 8.07630253 3.0921917 2.86847401
v 8.03211117 3.00299239 3.10178328
v 8.04401016 2.64920402 3.08643556
v 8.25438404 2.65446472 3.01500106
v 8.30369091 3.00978351 2.79200912
v 8.03211117 3.00299239 3.10178328
v 8.29772663 2.65554833 2.79703975
v 7.87697935 2.64502716 2.93990827
v 8.12489796 3.00531268 2.63516355
v 8.13069534 2.65137148 2.6505115
v 7.89971256 2.99968171 2.71162844
v 7.92032146 2.64611101 2.72194576
v 7.85331821 2.99852157 2.94493771
v 7.92032146 2.64611101 2.72194576
v 7.89971256 2.99968171 2.71162844
v 8.12489796 3.00531268 2.63516355
v 8.07630253 3.0921917 2.86847401
v 8.07630253 3.0921917 2.86847401
v 8.12489796 3.00531268 2.63516355
v 8.07630253 3.0921917 2.86847401
v 7.85331821 2.99852157 2.94493771
v 8.07630253 3.0921917 2.86847401
v 7.89971256 2.99968171 2.71162844
v 8.2572937 3.00862336 -3.0253222
v 8.07630062 3.0921917 -2.86847711
v 8.30368805 3.00978351 -2.79201341
v 8.03210831 3.00299239 -3.10178709
v 8.07630062 3.0921917 -2.86847711
v 8.04400921 2.64920402 -3.08643913
v 8.25438118 2.65446472 -3.01500535
v 8.03210831 3.00299239 -3.10178709
v 8.30368805 3.00978351 -2.79201341
v 7.87697935 2.64502716 -2.93991137
v 8.29772377 2.65554833 -2.79704332
v 8.124897 3.00531268 -2.63516784
v 8.13069344 2.65137148 -2.65051508
v 7.89971113 2.99968171 -2.7116313
v 7.92032003 2.64611101 -2.72194934
v 7.85331726 2.99852157 -2.94494128
v 7.92032003 2.64611101 -2.72194934
v 7.89971113 2.99968171 -2.7116313
v 8.124897 3.00531268 -2.63516784
v 8.07630062 3.0921917 -2.86847711
v 8.124897 3.00531268 -2.63516784
v 8.07630062 3.0921917 -2.86847711
v 7.85331726 2.99852157 -2.94494128
v 8.07630062 3.0921917 -2.86847711
v 7.89971113 2.99968171 -2.7116313
v 8.07630062 3.0921917 -2.86847711
v -6.31596422 1.468135 4.08105993
v -7.28695917 1.48764014 3.36335683
v -6.2183218 1.37271798 3.71605396
v -7.17342091 2.62605643 3.11808157
v -6.21775723 2.58283925 3.86238909
v -6.11610508 2.51659632 3.49060726
v -7.28695917 1.48764062 -3.36335659
v -6.31596422 1.4681356 -4.08105993
v -6.2183218 1.37271845 -3.71605372
v -6.21775723 2.58283997 -3.86238885
v -7.17342091 2.62605715 -3.11808133
v -6.11610508 2.51659679 -3.49060702
v 2.94069886 7.35738611 -0.986369014
v 2.995965 6.88457394 -0.81857723
v 2.93801069 6.88457394 -0.983680427
v 2.99864793 7.38092613 -0.821259737
v 2.98111987 7.44024801 -1.02679074
v 2.901474 6.88457394 -0.668787837
v 3.07999563 7.54173994 -0.902606785
v 2.90414596 7.43459082 -0.671460569
v 2.72947574 6.88457394 -0.64947021
v 3.07863832 7.77438354 -0.845952153
v 2.73214054 7.47661924 -0.652135015
v 2.60379934 6.88457394 -0.775146484
v 2.97945118 7.95761395 -0.899446368
v 2.60646415 7.47661924 -0.777811289
v 2.85377502 7.95761395 -1.02512264
v 2.62311816 6.88457394 -0.947144747
v 2.80028129 7.77438354 -1.12430906
v 2.62578917 7.43459082 -0.949817479
v 2.77290583 6.88457394 -1.04163516
v 2.85693669 7.54173994 -1.12566531
v 2.77558899 7.38092613 -1.0443182
v 2.93801069 6.88457394 -0.983680427
v 2.98111987 7.44024801 -1.02679074
v 2.94069886 7.35738611 -0.986369014
v -3.10449433 5.57337523 -3.24757004
v -2.09098196 6.66208601 -3.22757077
v -3.08958173 5.56004763 -3.22757006
v -2.09881902 6.67959929 -3.24757075
v -3.11940598 5.58670282 -3.22757006
v -2.10665655 6.69711161 -3.22757077
v -3.10449433 5.57337523 -3.20757008
v -2.09881902 6.67959929 -3.20757079
v -3.08958173 5.56004763 -3.22757006
v -2.09098196 6.66208601 -3.22757077
v -0.70161742 6.67959929 -3.20757079
v -0.709454954 6.66208601 -3.22757077
v 0.289146125 5.56004763 -3.22757077
v 0.304058224 5.57337523 -3.20757079
v -0.693779886 6.69711161 -3.22757077
v 0.318970323 5.58670282 -3.22757077
v -0.70161742 6.67959929 -3.24757075
v 0.304058224 5.57337523 -3.24757075
v -0.709454954 6.66208601 -3.22757077
v -2.09098196 6.66208601 -3.22757077
v -0.709454954 6.66208601 -3.22757077
v 0.289146125 5.56004763 -3.22757077
v -2.09876633 6.17851448 -3.24263167
v -0.707531095 6.16541862 -3.22757077
v -2.09290457 6.16541862 -3.22757077
v -0.701670527 6.17851448 -3.24263167
v -2.10473323 6.19184637 -3.22757077
v -2.66141772 5.59076786 -3.22757006
v -2.65094161 5.57998753 -3.24263048
v -2.09290457 6.16541862 -3.22757077
v -2.64037037 5.56912231 -3.22757077
v -2.65094161 5.57998753 -3.21251082
v -2.09876633 6.17851448 -3.21250963
v -2.64037037 5.56912231 -3.22757077
v -2.09290457 6.16541862 -3.22757077
v -0.695703745 6.19184637 -3.22757077
v -0.701670527 6.17851448 -3.21250963
v -0.707531095 6.16541862 -3.22757077
v -0.159409791 5.56838751 -3.22757077
v -0.148837283 5.57925177 -3.21251082
v -0.138358757 5.59003115 -3.22757077
v -0.148837283 5.57925177 -3.24263048
v -0.707531095 6.16541862 -3.22757077
v -0.159409791 5.56838751 -3.22757077
v -1.04044127 5.52334118 -3.22757125
v -1.01103091 6.69106245 -3.22757077
v -1.04044127 6.68767452 -3.22757077
v -1.01103091 5.51878166 -3.22757125
v -1.04044127 6.68767452 -3.22757077
v -1.04044127 5.52334118 -3.22757125
v -1.79647887 5.52334118 -3.22757077
v -1.76706839 6.69106245 -3.22757077
v -1.79647887 6.68767452 -3.22757077
v -1.76706839 5.51878166 -3.22757125
v -1.79647887 6.68767452 -3.22757077
v -1.79647887 5.52334118 -3.22757077
v -0.15292114 8.50169945 1.48757076
v -0.219862059 8.5686388 1.52757072
v -0.219861448 8.5686388 1.48757076
v -0.15292114 8.50169945 1.52757072
v -0.132921144 8.50435925 1.50757074
v -0.217202142 8.58863831 1.50757074
v -0.219861448 8.5686388 1.48757076
v -0.15292114 8.50169945 1.48757076
v -0.15292114 7.19239235 1.48757076
v -0.132921144 7.19203234 1.50757074
v -0.15292114 7.19239235 1.52757072
v -0.15292114 8.50169945 1.48757076
v -0.15292114 7.19239235 1.48757076
v -0.152921751 8.50169945 0.987570763
v -0.219862059 8.5686388 1.02757072
v -0.219862059 8.5686388 0.987570763
v -0.152921751 8.50169945 1.02757072
v -0.132921755 8.50435925 1.00757074
v -0.217202142 8.58863831 1.00757074
v -0.219862059 8.5686388 0.987570763
v -0.152921751 8.50169945 0.987570763
v -0.152921751 7.19536114 0.987570763
v -0.132921755 7.19500828 1.00757074
v -0.152921751 7.19536114 1.02757072
v -0.152921751 8.50169945 0.987570763
v -0.152921751 7.19536114 0.987570763
v -0.15292114 7.72505713 1.51221919
v -0.15292114 7.70020485 1.00701535
v -0.15292114 7.72505713 1.00701535
v -0.15292114 7.70020485 1.51221919
v -0.15292114 7.72505713 1.00701535
v -0.15292114 7.72505713 1.51221919
v -0.15292114 8.12505722 1.51221919
v -0.15292114 8.10020447 1.00701535
v -0.15292114 8.12505722 1.00701535
v -0.15292114 8.10020447 1.51221919
v -0.15292114 8.12505722 1.00701535
v -0.15292114 8.12505722 1.51221919
v 2.03404832 7.32940435 1.48757076
v 1.96780336 7.26503277 1.52757072
v 1.96780336 7.26503277 1.48757076
v 2.03404832 7.32940435 1.52757072
v 2.03138852 7.34940434 1.50757074
v 2.15087104 7.32940435 1.52757072
v 2.15087104 7.32940435 1.48757076
v 2.03404832 7.32940435 1.48757076
v 1.94849908 7.27026129 1.50757074
v 1.94849908 7.20239353 1.50757074
v 1.96780336 7.20239353 1.52757072
v 1.96780336 7.26503277 1.48757076
v 1.96780336 7.20239353 1.48757076
v 1.96780336 7.20239353 1.48757076
v 1.96780336 7.26503277 1.48757076
v 2.03404832 7.32940435 1.48757076
v 2.15353084 7.34940434 1.50757074
v 2.15087104 7.32940435 1.48757076
v 2.23781133 7.2651248 1.50757074
v 2.21781135 7.26246452 1.48757076
v 2.23781133 4.95329714 1.50757074
v 2.21781135 4.95595741 1.48757076
v 2.15353084 4.8690176 1.50757074
v 2.15087104 4.88901806 1.48757076
v 2.21781135 4.95595741 1.52757072
v 2.21781135 7.26246452 1.52757072
v 2.21781135 7.26246452 1.48757076
v 2.15087104 7.32940435 1.48757076
v 2.21781135 4.95595741 1.48757076
v 2.21781135 7.26246452 1.48757076
v 2.15087104 4.88901806 1.52757072
v 1.9800781 4.88901806 1.52757072
v 1.9800781 4.86901808 1.50757074
v 1.9800781 4.88901806 1.48757076
v 2.15087104 4.88901806 1.52757072
v 1.9800781 4.88901806 1.52757072
v 2.15087104 4.88901806 1.48757076
v 2.21781135 4.95595741 1.48757076
v 2.15087104 4.88901806 1.52757072
v 2.03404832 7.32940435 0.987570763
v 1.96780336 7.26503277 1.02757072
v 1.96780336 7.26503277 0.987570763
v 2.03404832 7.32940435 1.02757072
v 2.03138852 7.34940434 1.00757074
v 2.15087104 7.32940435 1.02757072
v 2.15087104 7.32940435 0.987570763
v 2.03404832 7.32940435 0.987570763
v 1.94849908 7.27026129 1.00757074
v 1.94849908 7.20239353 1.00757074
v 1.96780336 7.20239353 1.02757072
v 1.96780336 7.26503277 0.987570763
v 1.96780336 7.20239353 0.987570763
v 1.96780336 7.20239353 0.987570763
v 1.96780336 7.26503277 0.987570763
v 2.03404832 7.32940435 0.987570763
v 2.15353012 7.34940434 1.00757074
v 2.15087104 7.32940435 0.987570763
v 2.23781061 7.26512575 1.00757074
v 2.21781063 7.26246452 0.987570763
v 2.23781061 4.95329714 1.00757074
v 2.21781063 4.95595741 0.987570763
v 2.15353012 4.8690176 1.00757074
v 2.15087104 4.88901806 0.987570763
v 2.21781063 4.95595741 1.02757072
v 2.21781063 7.26246452 1.02757072
v 2.21781063 7.26246452 0.987570763
v 2.15087104 7.32940435 0.987570763
v 2.21781063 4.95595741 0.987570763
v 2.21781063 7.26246452 0.987570763
v 2.15087104 4.88901806 1.02757072
v 1.98007751 4.88901806 1.02757072
v 1.98007751 4.86901808 1.00757074
v 1.98007751 4.88901806 0.987570763
v 2.15087104 4.88901806 1.02757072
v 1.98007751 4.88901806 1.02757072
v 2.15087104 4.88901806 0.987570763
v 2.21781063 4.95595741 0.987570763
v 2.15087104 4.88901806 1.02757072
v 2.21781182 5.28582287 1.51221919
v 2.21781135 5.26097012 1.00701535
v 2.21781135 5.28582287 1.00701535
v 2.21781182 5.26097012 1.51221919
v 2.21781135 5.28582287 1.00701535
v 2.21781182 5.28582287 1.51221919
v 2.21781182 5.68582249 1.51221919
v 2.21781135 5.66097021 1.00701535
v 2.21781135 5.68582249 1.00701535
v 2.21781182 5.66097021 1.51221919
v 2.21781135 5.68582249 1.00701535
v 2.21781182 5.68582249 1.51221919
v 2.21781182 6.08582258 1.51221919
v 2.21781135 6.06097031 1.00701535
v 2.21781135 6.08582258 1.00701535
v 2.21781182 6.06097031 1.51221919
v 2.21781135 6.08582258 1.00701535
v 2.21781182 6.08582258 1.51221919
v 2.21781182 6.48582268 1.51221919
v 2.21781135 6.4609704 1.00701535
v 2.21781135 6.48582268 1.00701535
v 2.21781182 6.4609704 1.51221919
v 2.21781135 6.48582268 1.00701535
v 2.21781182 6.48582268 1.51221919
v 2.21781182 6.88582277 1.51221919
v 2.21781135 6.8609705 1.00701535
v 2.21781135 6.88582277 1.00701535
v 2.21781182 6.8609705 1.51221919
v 2.21781135 6.88582277 1.00701535
v 2.21781182 6.88582277 1.51221919
v -2.0466423 8.65436459 -0.555670142
v -2.00812244 10.8142405 -0.594190657
v -2.00812244 8.65469837 -0.594190657
v -2.0466423 10.8139076 -0.555670142
v -2.00812244 8.65403175 -0.517149627
v -2.00812244 10.8135738 -0.517149627
v -1.96960199 8.65436459 -0.55566895
v -1.96960199 10.8139057 -0.55566895
v -2.00812244 10.8142405 -0.594190657
v -2.00812244 8.65469837 -0.594190657
v 1.85135186 4.57775259 2.01175284
v 1.95671082 7.07775259 1.90673828
v 1.85135186 7.07775259 2.01175284
v 1.95671082 4.57775259 1.90673828
v 1.85135186 7.07775259 2.01175284
v 1.78733206 4.57775259 2.01874757
v 0.103017576 7.07775259 2.0168798
v -2.1841619 4.57775259 2.01448727
v -2.1841619 8.49781227 2.01448727
v 0.103017576 7.07775259 2.0168798
v -0.391765743 8.49781227 2.01684928
v -2.1841619 4.57775259 2.01448727
v -0.391765743 8.49781227 1.9644165
v 0.103017576 7.07775259 2.0168798
v 0.103017576 7.07775259 1.9644165
v -0.391765743 8.49781227 2.01684928
v -0.551497817 8.49781227 1.9644165
v 0.103017576 7.07775259 1.9644165
v -0.551497817 7.07775259 1.9644165
v -0.391765743 8.49781227 1.9644165
v -2.1841619 8.49781227 2.01448727
v -3.02899408 4.57775259 1.98629761
v -2.1841619 4.57775259 2.01448727
v -3.02899432 8.49781132 1.98629761
v -3.82605243 4.57775259 1.74637687
v -3.82605267 8.49781132 1.74637687
v -3.82605267 8.49781132 1.74637687
v -4.44471216 4.57775259 1.20536125
v -4.44471216 8.49781132 1.20536125
v -4.69059086 4.57775259 0.41980955
v -4.69059086 8.49781132 0.41980955
v -4.70840216 8.49781132 1.2207031E-06
v -4.70840216 4.57775259 1.2207031E-06
v -4.69059134 4.57775259 -0.419808328
v -4.69059134 8.49781132 -0.419808328
v -4.44471264 8.49781132 -1.20536196
v -4.44471264 4.57775259 -1.20536196
v -3.82605267 4.57775259 -1.74637687
v -3.82605314 8.49781132 -1.74637687
v -3.0289948 8.49781132 -1.9862982
v -3.82605314 8.49781132 -1.74637687
v -3.0289948 4.57775259 -1.98629701
v -2.18416262 8.49781227 -2.01448727
v -2.18416262 4.57775259 -2.01448727
v 1.78733206 4.57775259 2.01874757
v 1.84747493 6.7071991 2.01885128
v 1.78645265 6.7071991 2.01885128
v 2.42575979 4.57775259 2.01885128
v 1.96220815 6.7071991 1.90427125
v 2.54049253 4.57775259 1.90427244
v 2.5406487 4.57775259 1.78715324
v 1.96236444 6.7071991 1.78715324
v 1.40739739 6.7071991 1.77715325
v 1.40739739 4.57775259 1.77715325
v 1.9567095 4.57775259 -1.90673888
v 1.95671082 7.07775259 1.90673828
v 1.95671082 4.57775259 1.90673828
v 1.9567095 7.07775259 -1.90673888
v 1.85135186 4.57775259 -2.01175284
v 1.85135186 7.07775259 -2.01175284
v 1.85135186 7.07775259 -2.01175284
v 0.103017576 7.07775259 -2.01688051
v 1.78733206 4.57775259 -2.01874804
v -2.18416262 4.57775259 -2.01448727
v -2.18416262 8.49781227 -2.01448727
v 0.103017576 7.07775259 -2.01688051
v -2.18416262 4.57775259 -2.01448727
v -0.39176634 8.49781227 -2.01684999
v 0.103017576 7.07775259 -2.01688051
v -0.39176634 8.49781227 -1.9644165
v 0.103016965 7.07775259 -1.9644165
v -0.39176634 8.49781227 -2.01684999
v -0.39176634 8.49781227 -1.9644165
v -0.551498413 7.07775259 -1.9644165
v 0.103016965 7.07775259 -1.9644165
v -0.551498413 8.49781227 -1.9644165
v -0.551497817 7.07775259 1.9644165
v -0.551497817 8.49781227 1.9644165
v 1.84747493 6.7071991 -2.018852
v 1.78733206 4.57775259 -2.01874804
v 1.78645194 6.7071991 -2.018852
v 2.42575979 4.57775259 -2.018852
v 1.96220756 6.7071991 -1.90427184
v 2.54049253 4.57775259 -1.90427244
v 2.5406487 4.57775259 -1.78715384
v 1.96236384 6.7071991 -1.78715324
v 1.40739679 6.7071991 -1.77715325
v 1.40739679 4.57775259 -1.77715325
v 2.41078305 4.57775593 3.18761349
v -0.355386347 4.375 3.17915392
v 2.41069031 4.375 3.18367052
v -0.355433345 4.57775593 3.1831224
v -3.96113038 4.37500048 3.05326653
v -3.12164879 4.57775593 3.17863154
v -3.96165729 4.57775593 3.05514765
v -3.12155628 4.37500048 3.17663455
v -0.355433345 4.57775593 3.1831224
v -0.355386347 4.375 3.17915392
v -3.96165729 4.57775593 3.05514765
v -5.06749582 4.37500048 2.48011708
v -3.96113038 4.37500048 3.05326653
v -5.06872177 4.57775593 2.48154545
v -5.74793816 4.37500048 1.4359802
v -5.74961519 4.57775593 1.43644404
v -5.88170481 4.57775593 1.2207031E-06
v -5.8796649 4.37500048 1.2207031E-06
v -5.74793863 4.37500048 -1.43597901
v -5.74961519 4.57775593 -1.43644345
v -5.06872225 4.57775593 -2.48154473
v -5.0674963 4.37500048 -2.48011661
v -3.96165752 4.57775593 -3.05514836
v -3.96113062 4.37500048 -3.05326581
v 5.30442905 4.37500048 3.1360364
v 5.17700005 4.57775593 3.19210434
v 5.17688417 4.37500048 3.19014406
v 5.30540323 4.57775593 3.1369164
v 5.35456467 4.37500048 2.98670769
v 5.35654974 4.57775593 2.98681021
v 5.35640574 4.37500048 1.19904078E-16
v 5.35844421 4.57775593 1.32116533E-16
v 5.35654831 4.57775593 -2.9868114
v 5.35456371 4.37500048 -2.98670888
v 5.30540228 4.57775593 -3.13691759
v 5.3044281 4.37500048 -3.13603759
v 5.17699862 4.57775593 -3.19210505
v 5.17688274 4.37500048 -3.19014525
v 2.41069031 4.375 3.18367052
v 5.17700005 4.57775593 3.19210434
v 2.41078305 4.57775593 3.18761349
v 5.17688417 4.37500048 3.19014406
v 5.35844421 4.57775593 1.32116533E-16
v 5.30540323 4.57775593 3.1369164
v 5.35654974 4.57775593 2.98681021
v 5.17700005 4.57775593 3.19210434
v -5.88170481 4.57775593 1.2207031E-06
v -3.12164879 4.57775593 3.17863154
v -3.96165729 4.57775593 3.05514765
v -5.06872177 4.57775593 2.48154545
v -5.74961519 4.57775593 1.43644404
v 5.17699862 4.57775593 -3.19210505
v 5.30540228 4.57775593 -3.13691759
v 5.35654831 4.57775593 -2.9868114
v -3.12164903 4.57775593 -3.17863083
v -3.96165752 4.57775593 -3.05514836
v -5.06872225 4.57775593 -2.48154473
v -5.74961519 4.57775593 -1.43644345
v 5.30442905 4.37500048 3.1360364
v 5.35640574 4.37500048 1.19904078E-16
v 5.35456467 4.37500048 2.98670769
v 5.17688417 4.37500048 3.19014406
v -3.12155628 4.37500048 3.17663455
v 5.17688274 4.37500048 -3.19014525
v -3.12155652 4.37500048 -3.17663455
v 5.3044281 4.37500048 -3.13603759
v 5.35456371 4.37500048 -2.98670888
v -3.96113062 4.37500048 -3.05326581
v -5.0674963 4.37500048 -2.48011661
v -5.74793863 4.37500048 -1.43597901
v -5.8796649 4.37500048 1.2207031E-06
v -5.74793816 4.37500048 1.4359802
v -5.06749582 4.37500048 2.48011708
v -3.96113038 4.37500048 3.05326653
v 2.0962348 7.06088686 2.07022572
v 2.0070343 7.20281553 2.10947251
v 2.00695252 7.06088686 2.10810184
v 2.09691715 7.20281553 2.07084107
v 2.13133001 7.06088686 1.96569574
v 2.13271904 7.20281553 1.96576774
v 2.13261771 7.06088686 2.84217088E-16
v 2.13404608 7.20281553 2.93098864E-16
v 2.13271904 7.20281553 -1.96576715
v 2.13133001 7.06088686 -1.96569574
v 2.09691715 7.20281553 -2.07084155
v 2.0962348 7.06088686 -2.07022572
v 2.0070343 7.20281553 -2.10947323
v 2.00695252 7.06088686 -2.10810113
v 2.13271904 7.20281553 1.96576774
v 2.0070343 7.20281553 2.10947251
v 2.09691715 7.20281553 2.07084107
v 2.13404608 7.20281553 2.93098864E-16
v 2.13271904 7.20281553 -1.96576715
v 2.0070343 7.20281553 -2.10947323
v 2.09691715 7.20281553 -2.07084155
v 2.13329697 7.06088734 0.88051033
v 2.0962348 7.06088686 2.07022572
v 2.00695252 7.06088686 2.10810184
v 2.13133001 7.06088686 1.96569574
v -0.392942488 7.20281553 2.10947251
v -0.504004478 7.06088686 2.04553223
v -0.392861307 7.06088686 2.10810184
v -0.50496763 7.20281553 2.04591417
v -0.519954205 7.20281553 2.93098864E-16
v -0.518526614 7.06088686 2.84217088E-16
v -0.504005134 7.06088686 -2.04553223
v -0.504968226 7.20281553 -2.04591417
v -0.392943114 7.20281553 -2.10947251
v -0.392861933 7.06088686 -2.10810113
v -0.519954205 7.20281553 2.93098864E-16
v -0.50496763 7.20281553 2.04591417
v -0.392942488 7.20281553 2.10947251
v 2.0070343 7.20281553 2.10947251
v 2.13404608 7.20281553 2.93098864E-16
v 2.0070343 7.20281553 -2.10947323
v -0.392943114 7.20281553 -2.10947251
v -0.504968226 7.20281553 -2.04591417
v -0.392861307 7.06088686 2.10810184
v 2.13329697 7.06088734 0.88051033
v 2.00695252 7.06088686 2.10810184
v -0.504004478 7.06088686 2.04553223
v -0.518526614 7.06088686 2.84217088E-16
v -0.504005134 7.06088686 -2.04553223
v 2.13329649 7.06088734 -1.00551021
v -0.392861933 7.06088686 -2.10810113
v 2.00695252 7.06088686 -2.10810113
v -0.392942488 7.20281553 2.10947251
v 2.00695252 7.06088686 2.10810184
v 2.0070343 7.20281553 2.10947251
v -0.392861307 7.06088686 2.10810184
v -0.29586181 8.62060261 1.92476797
v -0.376434922 8.49286652 1.95726311
v -0.296472758 8.49286652 1.92422724
v -0.376434922 8.62060261 1.95726311
v -2.89126587 8.49286652 1.93835199
v -2.8913126 8.62060261 1.93957031
v -3.41842389 8.49286652 1.862041
v -3.4187429 8.62060261 1.86318719
v -3.4187429 8.62060261 1.86318719
v -4.11619234 8.49286652 1.51139891
v -3.41842389 8.49286652 1.862041
v -4.11695099 8.62060261 1.51226807
v -4.55092907 8.49286652 0.874702156
v -4.55197906 8.62060261 0.874984086
v -4.64581728 8.62060261 1.2207031E-06
v -4.64453459 8.49286652 1.2207031E-06
v -4.55092955 8.49286652 -0.874700904
v -4.55197906 8.62060261 -0.874982297
v -4.11695099 8.62060261 -1.51226747
v -4.11619234 8.49286652 -1.51139832
v -3.4187429 8.62060261 -1.86318779
v -3.41842437 8.49286652 -1.8620404
v -0.296472758 8.49286652 1.92422724
v -0.263803095 8.62060261 1.83272696
v -0.29586181 8.62060261 1.92476797
v -0.265048206 8.49286652 1.83266234
v -0.264064312 8.49286652 3.71924703E-16
v -0.262780756 8.62060261 3.79696256E-16
v -0.263803095 8.62060261 -1.83272696
v -0.265048206 8.49286652 -1.83266175
v -0.296472758 8.49286652 -1.92422664
v -0.295862406 8.62060261 -1.92476737
v -0.262780756 8.62060261 3.79696256E-16
v -0.29586181 8.62060261 1.92476797
v -0.263803095 8.62060261 1.83272696
v -0.376434922 8.62060261 1.95726311
v -2.8913126 8.62060261 1.93957031
v -4.64581728 8.62060261 1.2207031E-06
v -3.4187429 8.62060261 1.86318719
v -4.11695099 8.62060261 1.51226807
v -4.55197906 8.62060261 0.874984086
v -2.89131284 8.62060261 -1.93956971
v -0.376435548 8.62060261 -1.95726311
v -0.295862406 8.62060261 -1.92476737
v -0.263803095 8.62060261 -1.83272696
v -3.4187429 8.62060261 -1.86318779
v -4.11695099 8.62060261 -1.51226747
v -4.55197906 8.62060261 -0.874982297
v -0.296472758 8.49286652 1.92422724
v -0.264064312 8.49286652 3.71924703E-16
v -0.265048206 8.49286652 1.83266234
v -0.376434922 8.49286652 1.95726311
v -4.55092907 8.49286652 0.874702156
v -2.89126587 8.49286652 1.93835199
v -3.41842389 8.49286652 1.862041
v -4.11619234 8.49286652 1.51139891
v -0.376435548 8.49286652 -1.95726311
v -0.296472758 8.49286652 -1.92422664
v -0.265048206 8.49286652 -1.83266175
v -2.89126635 8.49286652 -1.93835199
v -3.41842437 8.49286652 -1.8620404
v -4.11619234 8.49286652 -1.51139832
v -4.55092955 8.49286652 -0.874700904
v -4.64453459 8.49286652 1.2207031E-06
v 2.41078305 4.57775593 -3.18761396
v -0.355386943 4.375 -3.17915392
v -0.355433345 4.57775593 -3.1831224
v 2.41069031 4.375 -3.18367004
v -3.12164903 4.57775593 -3.17863083
v -3.96113062 4.37500048 -3.05326581
v -3.96165752 4.57775593 -3.05514836
v -3.12155652 4.37500048 -3.17663455
v -0.355433345 4.57775593 -3.1831224
v -0.355386943 4.375 -3.17915392
v 2.41069031 4.375 -3.18367004
v 5.17699862 4.57775593 -3.19210505
v 5.17688274 4.37500048 -3.19014525
v 2.41078305 4.57775593 -3.18761396
v 2.13329649 7.06088734 -1.00551021
v 2.0962348 7.06088686 -2.07022572
v 2.13133001 7.06088686 -1.96569574
v 2.00695252 7.06088686 -2.10810113
v -0.392943114 7.20281553 -2.10947251
v 2.00695252 7.06088686 -2.10810113
v -0.392861933 7.06088686 -2.10810113
v 2.0070343 7.20281553 -2.10947323
v -0.376435548 8.49286652 -1.95726311
v -0.295862406 8.62060261 -1.92476737
v -0.296472758 8.49286652 -1.92422664
v -0.376435548 8.62060261 -1.95726311
v -2.89126635 8.49286652 -1.93835199
v -2.89131284 8.62060261 -1.93956971
v -3.41842437 8.49286652 -1.8620404
v -3.4187429 8.62060261 -1.86318779
v 11.4504881 3.00188947 1.0194453
v 11.5350657 1.98073411 2.05639958
v 11.8251705 2.03552747 1.05822718
v 11.1752386 2.94975829 1.98119795
v 10.7379856 2.79829621 0.873775542
v 10.4940577 2.79421377 1.70137799
v 10.6825485 1.79241359 1.71197581
v 10.4940577 2.79421377 1.70137799
v 10.9345016 1.79892588 0.87816608
v 11.8251705 2.03552747 1.05822718
v 11.5350657 1.98073411 2.05639958
v 11.5350657 1.98073411 2.05639958
v 10.6002903 2.85317469 3.04453826
v 10.9342279 1.90631402 3.15408778
v 11.1752386 2.94975829 1.98119795
v 10.4940577 2.79421377 1.70137799
v 10.0137234 2.74018455 2.64030337
v 10.1942606 1.76537538 2.64867187
v 10.0137234 2.74018455 2.64030337
v 10.6825485 1.79241359 1.71197581
v 11.5350657 1.98073411 2.05639958
v 10.9342279 1.90631402 3.15408778
v 10.9342279 1.90631402 3.15408778
v 10.0137234 2.74018455 2.64030337
v 10.1942606 1.76537538 2.64867187
v 10.6002903 2.85317469 3.04453826
v 11.9148998 2.06041837 -2.47031448E-06
v 11.4504881 3.00188947 1.0194453
v 11.8251705 2.03552747 1.05822718
v 11.5383959 3.02654362 -2.45362526E-06
v 10.7379856 2.79829621 0.873775542
v 10.8119965 2.84412718 -2.41816042E-06
v 10.7379827 2.79829621 -0.873779714
v 11.4504852 3.00188947 -1.01944959
v 11.8251686 2.03552747 -1.05823028
v 10.9345016 1.79892588 0.87816608
v 11.9148998 2.06041837 -2.47031448E-06
v 11.8251705 2.03552747 1.05822718
v 11.0037451 1.84306359 -2.42412079E-06
v 10.7379856 2.79829621 0.873775542
v 10.8119965 2.84412718 -2.41816042E-06
v 10.7379827 2.79829621 -0.873779714
v 10.9345016 1.79892588 -0.878169715
v 11.8251686 2.03552747 -1.05823028
v 11.5350657 1.98073411 -2.05640388
v 11.4504852 3.00188947 -1.01944959
v 11.8251686 2.03552747 -1.05823028
v 11.1752367 2.94975829 -1.98120224
v 10.7379827 2.79829621 -0.873779714
v 10.4940577 2.79421377 -1.70138228
v 10.6825485 1.79241359 -1.71197951
v 10.4940577 2.79421377 -1.70138228
v 10.9345016 1.79892588 -0.878169715
v 11.8251686 2.03552747 -1.05823028
v 11.5350657 1.98073411 -2.05640388
v 10.6002874 2.85317469 -3.04454184
v 11.5350657 1.98073411 -2.05640388
v 10.934226 1.90631437 -3.15409207
v 11.1752367 2.94975829 -1.98120224
v 10.4940577 2.79421377 -1.70138228
v 10.0137224 2.74018526 -2.64030409
v 10.1942596 1.76537538 -2.64867449
v 10.0137224 2.74018526 -2.64030409
v 10.6825485 1.79241359 -1.71197951
v 11.5350657 1.98073411 -2.05640388
v 10.934226 1.90631437 -3.15409207
v 10.934226 1.90631437 -3.15409207
v 10.0137224 2.74018526 -2.64030409
v 10.6002874 2.85317469 -3.04454184
v 10.1942596 1.76537538 -2.64867449
v -8.68323135 1.80974638 2.53246236
v -8.94781208 3.10448003 3.23958158
v -9.18826675 1.97452343 3.45451021
v -8.5101757 2.99799848 2.44459701
v -8.94781208 3.10448003 3.23958158
v -10.1015511 2.07471085 2.89206076
v -9.18826675 1.97452343 3.45451021
v -9.82635784 3.23089266 2.69344211
v -8.5101757 2.99799848 2.44459701
v -9.93651962 3.18791747 1.39458597
v -9.82635784 3.23089266 2.69344211
v -10.5724106 3.31627011 2.08307648
v -10.8751268 2.16457248 2.2577312
v -10.1015511 2.07471085 2.89206076
v -10.1465893 1.96664786 1.46208203
v -10.1015511 2.07471085 2.89206076
v -10.8751268 2.16457248 2.2577312
v -8.68323135 1.80974638 2.53246236
v -8.5101757 2.99799848 2.44459701
v -9.93651962 3.18791747 1.39458597
v -10.5724106 3.31627011 2.08307648
v -11.6111012 2.2594831 1.4068414
v -10.8751268 2.16457248 2.2577312
v -11.270565 3.40092587 1.28039515
v -10.4911385 3.26068282 0.763559878
v -9.93651962 3.18791747 1.39458597
v -10.721899 2.03556824 0.808811724
v -10.8751268 2.16457248 2.2577312
v -11.6111012 2.2594831 1.4068414
v -10.1465893 1.96664786 1.46208203
v -9.93651962 3.18791747 1.39458597
v -10.4911385 3.26068282 0.763559878
v -11.270565 3.40092587 1.28039515
v -12.0745783 2.33917046 0.0173829552
v -11.6111012 2.2594831 1.4068414
v -11.6985474 3.46979666 0.0152546521
v -10.4911385 3.26068282 0.763559878
v -10.7679071 3.32039356 1.2162327E-06
v -11.2485104 3.41417909 1.75744287E-06
v -11.6985474 3.4697969 -0.0152534032
v -10.4911385 3.26068282 -0.763558209
v -11.270566 3.40092587 -1.28039277
v -12.0745783 2.33917046 -0.0173804462
v -11.6111031 2.2594831 -1.40683961
v -8.68323326 1.80974638 -2.53246045
v -8.94781399 3.10448027 -3.2395792
v -8.51017666 2.99799848 -2.44459534
v -9.18826675 1.97452354 -3.45450878
v -10.1015511 2.07471085 -2.89205837
v -8.94781399 3.10448027 -3.2395792
v -9.18826675 1.97452354 -3.45450878
v -9.8263588 3.23089266 -2.69343948
v -8.51017666 2.99799848 -2.44459534
v -9.8263588 3.23089266 -2.69343948
v -9.93651962 3.18791747 -1.39458466
v -10.5724115 3.31627011 -2.08307457
v -10.8751268 2.16457248 -2.25772834
v -10.1015511 2.07471085 -2.89205837
v -10.1015511 2.07471085 -2.89205837
v -10.1465902 1.96664774 -1.46208036
v -10.8751268 2.16457248 -2.25772834
v -8.68323326 1.80974638 -2.53246045
v -8.51017666 2.99799848 -2.44459534
v -9.93651962 3.18791747 -1.39458466
v -11.6111031 2.2594831 -1.40683961
v -10.5724115 3.31627011 -2.08307457
v -10.8751268 2.16457248 -2.25772834
v -11.270566 3.40092587 -1.28039277
v -10.4911385 3.26068282 -0.763558209
v -9.93651962 3.18791747 -1.39458466
v -10.8751268 2.16457248 -2.25772834
v -10.721899 2.03556824 -0.80880928
v -11.6111031 2.2594831 -1.40683961
v -10.1465902 1.96664774 -1.46208036
v -9.93651962 3.18791747 -1.39458466
v -10.4911385 3.26068282 -0.763558209
v 8.50257778 -0.25 3.53548574
v 7.82861757 0.862613201 4.28240967
v 7.73669338 -0.25 3.75063968
v 8.67112923 0.903995633 4.04687977
v 9.40447807 0.944524229 3.68588138
v 9.13590908 -0.25 3.21765256
v 9.66755676 -0.25 2.77398801
v 10.0367231 0.982620835 3.16788077
v 10.5515203 1.01557434 2.48206043
v 10.0960102 -0.25 2.18817139
v 10.4160252 -0.25 1.5014379
v 10.9388399 1.04089689 1.69220817
v 10.62218 -0.25 0.761970222
v 11.19104 1.05724335 0.857045889
v 10.6964893 -0.25 -1.2207031E-06
v 11.2822828 1.06312644 -1.2207031E-06
v 11.19104 1.05724335 -0.857047737
v 10.62218 -0.25 -0.76197201
v 10.938838 1.04089689 -1.69221127
v 10.4160223 -0.25 -1.50143862
v 10.5515184 1.01557434 -2.48206353
v 10.0960083 -0.25 -2.18817306
v 9.66755486 -0.25 -2.7739892
v 10.0367212 0.982620835 -3.16788268
v 9.40447807 0.944524229 -3.68588257
v 9.13590717 -0.25 -3.21765423
v 8.50257778 -0.25 -3.53548574
v 8.67112923 0.903995633 -4.04688168
v 7.82861757 0.862613201 -4.28241062
v 7.73669338 -0.25 -3.75064087
v 7.73669338 -0.25 -3.75064087
v 6.76268578 0.818426788 -4.41962528
v 6.76268578 0.818426788 -4.41962528
v 3.76184249 -0.25 -3.97668028
v 3.76456118 0.744118333 -4.50608397
v 7.73669338 -0.25 3.75063968
v 6.76268578 0.818426788 4.41962385
v 6.76268578 0.818426788 4.41962385
v 5.35929394 -0.25 3.95167589
v 3.76456237 0.744118333 4.50608253
v 1.0622735 0.736047983 4.50100231
v 5.35929394 -0.25 3.95167589
v -2.3871367 -0.25 3.82987785
v -9.81158447 1.37279236 2.03768301
v -10.7966661 1.92366874 1.0646435
v -10.8070869 1.49934471 1.11302245
v -11.2865524 1.56187165 -5.2180482E-17
v -11.259304 1.98551416 -2.6645352E-17
v -10.7966661 1.92366874 -1.06464231
v -10.8070869 1.49934471 -1.11302066
v -9.81158447 1.37279236 -2.03768301
v 6.7663908 1.25388026 4.43764496
v 7.74433899 2.7250495 4.06117058
v 5.35955143 2.64261651 4.27346802
v 7.83384323 1.29722762 4.29268789
v 8.52255535 2.7608974 3.83302236
v 8.67577457 1.3373642 4.05024147
v 9.18299007 2.79453611 3.49433351
v 9.40631485 1.37629294 3.68333125
v 9.74203014 2.82525253 3.01740098
v 10.0333424 1.41265464 3.16215205
v 10.1974955 2.85188413 2.38403559
v 10.5468845 1.44441092 2.47017336
v 10.5428419 2.8734796 1.63881469
v 10.936203 1.46964502 1.67334104
v 10.7685614 2.88845396 0.833563209
v 11.1884565 1.48652041 0.842961431
v 10.8504763 2.89404869 -1.22517349E-06
v 11.2791643 1.49268794 -1.2207031E-06
v 11.1884565 1.48652041 -0.842963219
v 10.7685595 2.88845396 -0.833566248
v 10.936203 1.46964502 -1.67334282
v 10.5428391 2.8734796 -1.63881767
v 10.5468845 1.44441092 -2.47017574
v 10.1974945 2.85188413 -2.38403749
v 10.0333414 1.41265464 -3.16215324
v 9.74202919 2.82525253 -3.0174017
v 9.40631485 1.37629318 -3.68333244
v 9.18299007 2.79453611 -3.49433398
v 8.67577457 1.33736432 -4.05024338
v 8.52255535 2.7608974 -3.83302236
v 7.83384323 1.29722774 -4.29268932
v 7.74433899 2.7250495 -4.06117201
v 6.7663908 1.25388026 -4.43764639
v 5.35955143 2.64261651 -4.27346897
v 5.35955143 2.64261651 4.27346802
v 3.76456237 0.744118333 4.50608253
v 6.7663908 1.25388026 4.43764496
v 3.76168132 2.61254334 4.29963636
v 1.0680908 2.60450125 4.29579592
v 1.0622735 0.736047983 4.50100231
v 3.76456237 0.744118333 4.50608253
v -2.393327 2.67019057 4.14638519
v -2.4296813 0.803703606 4.36662245
v -2.393327 2.67019057 4.14638519
v -4.18152189 0.88356626 4.15358734
v -4.11419916 2.74672055 3.91777945
v -5.91072941 0.994625807 3.77165651
v -5.80292082 2.85198116 3.51672482
v -7.46706104 1.12333977 3.27993894
v -7.31158495 2.97236896 3.009408
v -8.72707939 1.24857247 2.73035264
v -8.51121426 3.08633137 2.45900989
v -9.81158447 1.37279236 2.03768301
v -9.51124287 3.19407606 1.79510248
v -10.7966661 1.92366874 1.0646435
v -10.3885508 3.29948974 0.949176013
v -10.7866755 3.35125542 -4.47034809E-09
v -11.259304 1.98551416 -2.6645352E-17
v -10.7966661 1.92366874 -1.06464231
v -10.3885508 3.29948974 -0.949174166
v -9.51124382 3.19407606 -1.79510128
v -9.81158447 1.37279236 -2.03768301
v -8.51121712 3.08633137 -2.45900869
v -8.72708035 1.24857247 -2.73035145
v -7.3115859 2.97236896 -3.00940657
v -7.467062 1.12333977 -3.27993703
v -5.80292177 2.85198116 -3.51672411
v -5.91072941 0.994625807 -3.77165461
v -4.11419964 2.74672055 -3.91778016
v -4.18152285 0.88356626 -4.15358829
v -2.39332747 2.67019057 -4.14638519
v -2.42968202 0.803703606 -4.36662292
v -2.39332747 2.67019057 -4.14638519
v -0.680631101 0.755129397 -4.46159554
v 1.0680902 2.60450125 -4.29579592
v 3.76456118 0.744118333 -4.50608397
v 3.76456118 0.744118333 -4.50608397
v 3.76168132 2.61254334 -4.29963684
v 5.35955143 2.64261651 -4.27346897
v 6.7663908 1.25388026 -4.43764639
v 10.0333424 1.41265464 3.16215205
v 10.5515203 1.01557434 2.48206043
v 10.5468845 1.44441092 2.47017336
v 10.0367231 0.982620835 3.16788077
v 9.40447807 0.944524229 3.68588138
v 9.40631485 1.37629294 3.68333125
v 8.67112923 0.903995633 4.04687977
v 8.67577457 1.3373642 4.05024147
v 7.83384323 1.29722762 4.29268789
v 7.82861757 0.862613201 4.28240967
v 6.7663908 1.25388026 4.43764496
v 6.76268578 0.818426788 4.41962385
v 10.5515203 1.01557434 2.48206043
v 10.936203 1.46964502 1.67334104
v 10.5468845 1.44441092 2.47017336
v 10.9388399 1.04089689 1.69220817
v 11.19104 1.05724335 0.857045889
v 11.1884565 1.48652041 0.842961431
v 11.2822828 1.06312644 -1.2207031E-06
v 11.2791643 1.49268794 -1.2207031E-06
v 11.1884565 1.48652041 -0.842963219
v 11.19104 1.05724335 -0.857047737
v 10.936203 1.46964502 -1.67334282
v 10.938838 1.04089689 -1.69221127
v 10.5515184 1.01557434 -2.48206353
v 10.5468845 1.44441092 -2.47017574
v -10.3885508 3.29948974 0.949176013
v -9.38124275 3.20321178 1.6316601
v -10.2207155 3.30407047 0.82329464
v -9.51124287 3.19407606 1.79510248
v -8.51121426 3.08633137 2.45900989
v -8.41165352 3.09591293 2.27535772
v -7.23648739 2.98498154 2.81413817
v -7.31158495 2.97236896 3.009408
v -5.80292082 2.85198116 3.51672482
v -5.74587011 2.86702394 3.31512189
v -10.5835009 3.35127425 -4.47034809E-09
v -10.2207155 3.30407047 0.82329464
v -10.7866755 3.35125542 -4.47034809E-09
v -10.3885508 3.29948974 -0.949174166
v -10.2207155 3.30407047 -0.823293447
v -9.38124371 3.20321178 -1.63165951
v -10.2207155 3.30407047 -0.823293447
v -9.51124382 3.19407606 -1.79510128
v -8.51121712 3.08633137 -2.45900869
v -8.41165447 3.09591293 -2.27535629
v -7.23648834 2.98498154 -2.81413627
v -7.3115859 2.97236896 -3.00940657
v -5.80292177 2.85198116 -3.51672411
v -5.74587011 2.86702394 -3.31512022
v -5.80292082 2.85198116 3.51672482
v -4.07677364 2.76377487 3.71138287
v -5.74587011 2.86702394 3.31512189
v -4.11419916 2.74672055 3.91777945
v -2.393327 2.67019057 4.14638519
v -2.37448287 2.6884799 3.93737173
v -2.37448287 2.6884799 3.93737173
v 1.0680908 2.60450125 4.29579592
v 1.0707562 2.62349296 4.08588743
v -2.393327 2.67019057 4.14638519
v 7.74433899 2.7250495 4.06117058
v 6.70678616 2.70314956 3.99178338
v 5.35955143 2.64261651 4.27346802
v 7.70199394 2.74269581 3.85554075
v 8.52255535 2.7608974 3.83302236
v 8.44595718 2.77667403 3.63767195
v 9.06780815 2.80752993 3.31921744
v 9.18299007 2.79453611 3.49433351
v 9.58825874 2.83467269 2.87567735
v 9.74203014 2.82525253 3.01740098
v 10.1974955 2.85188413 2.38403559
v 10.0174065 2.85795164 2.27911735
v 10.5428419 2.8734796 1.63881469
v 10.347126 2.8823669 1.56602776
v 10.7685614 2.88845396 0.833563209
v 10.5632029 2.89670277 0.795427203
v 10.6409912 2.90201592 -1.22547146E-06
v 10.8504763 2.89404869 -1.22517349E-06
v 10.7685595 2.88845396 -0.833566248
v 10.5632 2.89670277 -0.795429051
v 10.3471241 2.8823669 -1.56602907
v 10.5428391 2.8734796 -1.63881767
v 10.1974945 2.85188413 -2.38403749
v 10.0174055 2.85795164 -2.27911806
v 9.58825684 2.83467269 -2.87567925
v 9.74202919 2.82525253 -3.0174017
v 9.18299007 2.79453611 -3.49433398
v 9.0678072 2.80752993 -3.31921935
v 8.44595718 2.77667403 -3.63767195
v 8.52255535 2.7608974 -3.83302236
v 7.74433899 2.7250495 -4.06117201
v 7.70199394 2.74269581 -3.85554194
v 6.70678616 2.70314956 -3.99178457
v 5.35955143 2.64261651 -4.27346897
v 7.74614811 1.99587464 3.9667871
v 6.70678616 2.70314956 3.99178338
v 7.70199394 2.74269581 3.85554075
v 6.72607946 1.99585044 4.09832382
v 5.35317802 2.66149521 4.0636425
v 5.36016035 1.99582541 4.16312361
v 1.0707562 2.62349296 4.08588743
v 1.06793642 1.99580288 4.17843485
v 5.36016035 1.99582541 4.16312361
v -0.663573623 1.99581385 4.13842773
v 1.0707562 2.62349296 4.08588743
v -2.37448287 2.6884799 3.93737173
v -2.39251757 1.99584162 4.04333353
v -4.11169767 1.99588728 3.83339596
v -2.37448287 2.6884799 3.93737173
v -4.07677364 2.76377487 3.71138287
v -5.80912256 1.99594879 3.46002197
v -5.74587011 2.86702394 3.31512189
v -7.34174013 1.99601984 2.98363829
v -7.23648739 2.98498154 2.81413817
v -8.57351875 1.99608743 2.46015501
v -8.41165352 3.09591293 2.27535772
v -9.38124275 1.99615109 1.63165998
v -9.38124275 3.20321178 1.6316601
v -10.2207155 3.30407047 0.82329464
v -10.2207146 1.99621224 0.823294759
v -10.5835009 3.35127425 -4.47034809E-09
v -10.2207155 3.30407047 0.82329464
v -10.5835009 2.03975821 -2.33146828E-17
v -10.2207155 1.99621236 -0.823293805
v -10.2207155 3.30407047 -0.823293447
v -9.38124371 1.99615133 -1.63165987
v -10.2207155 3.30407047 -0.823293447
v -9.38124371 3.20321178 -1.63165951
v -8.41165447 3.09591293 -2.27535629
v -8.57351971 1.99608743 -2.46015429
v -7.23648834 2.98498154 -2.81413627
v -7.34174109 1.99601984 -2.98363709
v -5.74587011 2.86702394 -3.31512022
v -5.80912399 1.99594891 -3.46002007
v -4.07677364 2.76377487 -3.71138239
v -4.11169815 1.9958874 -3.83339596
v -2.3744843 2.6884799 -3.93737245
v -2.39251828 1.99584174 -4.04333353
v -2.3744843 2.6884799 -3.93737245
v -0.663574219 1.99581397 -4.13842773
v 1.0707556 2.62349296 -4.08588743
v 1.06793511 1.995803 -4.17843437
v 3.76054859 2.63154364 -4.08971262
v 5.36016035 1.99582565 -4.16312504
v 5.36016035 1.99582565 -4.16312504
v 6.70678616 2.70314956 -3.99178457
v 6.72607946 1.99585068 -4.09832525
v 7.74614811 1.99587476 -3.96678829
v 6.70678616 2.70314956 -3.99178457
v 7.70199394 2.74269581 -3.85554194
v 10.5515184 1.01557434 -2.48206353
v 10.0333414 1.41265464 -3.16215324
v 10.5468845 1.44441092 -2.47017574
v 10.0367212 0.982620835 -3.16788268
v 9.40447807 0.944524229 -3.68588257
v 9.40631485 1.37629318 -3.68333244
v 8.67112923 0.903995633 -4.04688168
v 8.67577457 1.33736432 -4.05024338
v 7.83384323 1.29722774 -4.29268932
v 7.82861757 0.862613201 -4.28241062
v 6.7663908 1.25388026 -4.43764639
v 6.76268578 0.818426788 -4.41962528
v -4.07677364 2.76377487 -3.71138239
v -5.80292177 2.85198116 -3.51672411
v -5.74587011 2.86702394 -3.31512022
v -4.11419964 2.74672055 -3.91778016
v -2.39332747 2.67019057 -4.14638519
v -2.3744843 2.6884799 -3.93737245
v 1.0680902 2.60450125 -4.29579592
v -2.3744843 2.6884799 -3.93737245
v 1.0707556 2.62349296 -4.08588743
v -2.39332747 2.67019057 -4.14638519
v 3.76054859 2.63154364 -4.08971262
v 1.0680902 2.60450125 -4.29579592
v 1.0707556 2.62349296 -4.08588743
v 3.76168132 2.61254334 -4.29963684
v 5.35955143 2.64261651 -4.27346897
v 6.70678616 2.70314956 -3.99178457
v -8.52817535 2.61514425 2.57933831
v -8.28098392 2.79847431 3.07516074
v -8.13062954 2.72571802 2.72445607
v -8.67246151 2.69150305 2.92916918
v -8.90953445 2.32186151 2.91747189
v -8.76989079 2.23826599 2.56741214
v -8.70418739 1.81554866 2.7000711
v -8.84509277 1.90726173 3.04758334
v -8.37700272 1.59644341 2.89592624
v -8.52245998 1.69359064 3.24202633
v -8.28098392 2.79847431 3.07516074
v -8.84509277 1.90726173 3.04758334
v -8.52245998 1.69359064 3.24202633
v -8.90953445 2.32186151 2.91747189
v -8.67246151 2.69150305 2.92916918
v -7.14736319 4.44275856 0.568225086
v -5.93540144 5.59011745 0.568225086
v -5.90885115 5.56020021 0.568225086
v -7.17685652 4.46962309 0.568225086
v -5.92212629 5.5751586 0.588226318
v -7.42391109 4.03685856 0.568225086
v -7.16210938 4.45619106 0.588225067
v -5.90885115 5.56020021 0.568225086
v -7.14736319 4.44275856 0.568225086
v -7.46039534 4.05325937 0.568225086
v -7.54393673 3.56059408 0.568225086
v -7.44215441 4.0450592 0.588225067
v -7.42391109 4.03685856 0.568225086
v -7.5836072 3.56482172 0.568225086
v -7.55763388 2.85942507 0.568225086
v -7.59763288 2.85942507 0.568225086
v -7.56377172 3.56270766 0.588225067
v -7.54393673 3.56059408 0.568225086
v -7.57763433 2.85942507 0.588225067
v -7.55763388 2.85942507 0.568225086
v -5.93540144 5.59011745 -0.568223238
v -7.14736319 4.44275856 -0.568222642
v -5.90885115 5.56020021 -0.568223238
v -7.17685652 4.46962309 -0.568222642
v -7.42391109 4.03685856 -0.568222642
v -5.92212629 5.5751586 -0.588224471
v -7.46039534 4.05325937 -0.568222642
v -7.54393673 3.56059408 -0.568222642
v -7.16210938 4.45619106 -0.588222623
v -5.90885115 5.56020021 -0.568223238
v -7.14736319 4.44275856 -0.568222642
v -7.44215441 4.0450592 -0.588222623
v -7.42391109 4.03685856 -0.568222642
v -7.5836072 3.56482172 -0.568222642
v -7.55763388 2.85942507 -0.568222642
v -7.59763288 2.85942507 -0.568222642
v -7.56377172 3.56270766 -0.588222623
v -7.54393673 3.56059408 -0.568222642
v -7.57763433 2.85942507 -0.588222623
v -7.55763388 2.85942507 -0.568222642
v 5.24942541 1.98940849 2.68813586
v 5.31467199 4.37499762 2.50326037
v 5.24942541 4.37499762 2.68813586
v 5.31467199 1.98940849 2.50325918
v 5.06433868 1.98940849 2.75278306
v 5.24942541 4.37499762 2.68813586
v 5.06433868 4.37499762 2.75278425
v 5.24942541 1.98940849 2.68813586
v -2.85217381 4.37499762 2.75037718
v 5.06433868 1.98940849 2.75278306
v 5.06433868 4.37499762 2.75278425
v -2.85217381 1.98940849 2.75037718
v -3.37640476 1.98940849 2.70311141
v -3.37640476 4.37499762 2.70311141
v -4.74666119 1.98940849 2.14164424
v -4.74666119 4.37499762 2.14164424
v -5.40291119 1.98940849 1.2383337
v -5.40291119 4.37499762 1.2383337
v -5.52791119 1.98940849 2.4414062E-06
v -5.52791119 4.37499762 2.4414062E-06
v -5.40291119 4.37499762 -1.2383306
v -5.40291119 1.98940849 -1.2383306
v -4.74666166 4.37499762 -2.14164114
v -4.74666166 1.98940849 -2.14164114
v -3.37640548 1.98940849 -2.70311022
v -3.37640548 4.37499762 -2.70311022
v -2.85217452 1.98940849 -2.75037479
v -2.85217452 4.37499762 -2.75037479
v 5.31467199 1.98940849 -2.50326037
v 5.31467199 4.37499762 2.50326037
v 5.31467199 1.98940849 2.50325918
v 5.31467199 4.37499762 -2.50326037
v 5.24942541 1.98940849 -2.68813586
v 5.24942446 4.37499762 -2.68813586
v 5.06433773 1.98940849 -2.75278378
v 5.24942446 4.37499762 -2.68813586
v 5.24942541 1.98940849 -2.68813586
v 5.06433773 4.37499762 -2.75278425
v -2.85217452 1.98940849 -2.75037479
v 5.06433773 1.98940849 -2.75278378
v -2.85217452 4.37499762 -2.75037479
v 9.79043865 2.72936893 2.08536506
v 9.69903374 2.72821164 2.18256831
v 9.65606499 2.73006392 2.30888295
v 9.70304012 2.93368697 2.29204941
v 9.79906178 2.93382621 2.13537955
v 9.74601078 3.05247593 2.20988393
v 9.63586426 3.00457358 2.5515368
v 9.97563171 3.04184103 1.93493402
v 9.99712658 3.00324893 1.950791
v 10.0170183 3.04481673 1.95976925
v 9.93437767 2.94188261 2.21342778
v 9.79906178 2.93382621 2.13537955
v 9.79043865 2.72936893 2.08536506
v 10.0002108 2.74560475 2.21114254
v 9.88012886 3.06173921 2.29041862
v 9.84250736 2.94310045 2.37233639
v 9.61144543 3.04380488 2.54018307
v 9.65287781 3.04651546 2.56472039
v 9.70304012 2.93368697 2.29204941
v 9.86558914 2.74629664 2.43507075
v 9.9569006 2.74660206 2.33753419
v 9.65606499 2.73006392 2.30888295
v 9.79043865 2.72936893 -2.08536673
v 9.65606499 2.73006392 -2.30888605
v 9.69903374 2.72821188 -2.18257141
v 9.70304012 2.93368697 -2.29205251
v 9.79906178 2.93382621 -2.13538146
v 9.74601078 3.05247593 -2.20988584
v 9.6358633 3.00457358 -2.5515399
v 9.97563171 3.04184103 -1.93493652
v 9.99712658 3.00324893 -1.95079339
v 10.0170183 3.04481721 -1.95977235
v 9.93437767 2.94188261 -2.21343017
v 9.79906178 2.93382621 -2.13538146
v 9.79043865 2.72936893 -2.08536673
v 10.0002089 2.74560475 -2.21114564
v 9.88012886 3.06173921 -2.29042101
v 9.84250736 2.94310045 -2.37233949
v 9.61144733 3.04380488 -2.54018497
v 9.65287781 3.04651546 -2.56472349
v 9.70304012 2.93368697 -2.29205251
v 9.86558914 2.74629664 -2.43507385
v 9.9569006 2.74660206 -2.33753777
v 9.65606499 2.73006392 -2.30888605
v -3.62502861 2.31786275 4.47120047
v -3.93416166 2.43599057 3.99394107
v -4.00344086 2.4995079 4.37055254
v -3.55151296 2.24986506 4.09837008
v -3.49294376 1.9122932 4.57628393
v -3.41684055 1.83635354 4.20551205
v -3.6911304 1.5227499 4.6204834
v -3.61890841 1.43918204 4.2505784
v -4.09695148 1.37951159 4.58044529
v -4.03006887 1.29142678 4.20870352
v -3.49294376 1.9122932 4.57628393
v -4.09695148 1.37951159 4.58044529
v -3.6911304 1.5227499 4.6204834
v -3.62502861 2.31786275 4.47120047
v -4.00344086 2.4995079 4.37055254
v -1.86586416 10.8152704 -0.700631082
v -1.81028318 11.0359097 -0.410705566
v -1.86586416 10.8152704 -0.410705566
v -1.81028318 11.0359097 -0.700631082
v -1.87002194 11.1234722 -0.410705566
v -1.87002194 11.1234722 -0.700631082
v -2.16628909 11.1276646 -0.410705566
v -2.16628909 11.1276646 -0.700631082
v -2.22128892 10.9959936 -0.410705566
v -2.16628909 11.1276646 -0.410705566
v -2.22128892 10.9959936 -0.700631082
v -2.14950919 10.8145056 -0.410705566
v -2.14950919 10.8145056 -0.700631082
v -2.22128892 10.9959936 -0.410705566
v -2.07274175 11.0826645 -0.330333233
v -2.14950919 10.8145056 -0.410705566
v -1.87002194 11.1234722 -0.410705566
v -1.86586416 10.8152704 -0.410705566
v -1.81028318 11.0359097 -0.410705566
v -2.14950919 10.8145056 -0.700631082
v -1.86586416 10.8152704 -0.700631082
v -2.16628909 11.1276646 -0.700631082
v -2.22128892 10.9959936 -0.700631082
v -1.87002194 11.1234722 -0.700631082
v -1.81028318 11.0359097 -0.700631082
v -2.10353518 11.1429539 -0.510655522
v -2.02557135 11.1429539 -0.465643287
v -2.07632565 11.2382126 -0.307546377
v -1.94760978 11.1429539 -0.510655522
v -1.92039549 11.2382126 -0.307546377
v -1.92039549 11.2382126 -0.803789675
v -1.94760978 11.1429539 -0.600681126
v -2.07632565 11.2382126 -0.803789675
v -2.10353518 11.1429539 -0.600681126
v -2.02557135 11.1429539 -0.645693362
v -1.82016838 11.2374802 0.248148188
v -2.02159166 11.4138966 0.248103023
v -2.0219872 11.2382698 0.248128653
v -1.76373041 11.3814211 0.247926027
v -1.82016897 11.2374802 -1.35948479
v -2.02198792 11.2382698 -1.35946536
v -2.02159238 11.4138966 -1.35943961
v -1.763731 11.3814211 -1.35926211
v -1.9338671 11.2369814 -0.555668294
v -1.76373041 11.3814211 0.247926027
v -1.82016838 11.2374802 0.248148188
v -1.87730467 11.3817034 -0.555668294
v -2.02159166 11.4138966 0.248103023
v -1.763731 11.3814211 -1.35926211
v -1.82016897 11.2374802 -1.35948479
v -2.02159238 11.4138966 -1.35943961
v -2.13569808 11.4142551 -0.555668294
v -2.0219872 11.2382698 0.248128653
v -2.02198792 11.2382698 -1.35946536
v -2.13611817 11.2379084 -0.555668294
v -1.82016838 11.2374802 0.248148188
v -1.82016897 11.2374802 -1.35948479
v -1.9338671 11.2369814 -0.555668294
v -0.448375225 6.54742527 0.231428221
v -0.465235591 4.03866959 0.243275136
v -0.44838196 4.03866959 0.243275136
v -0.465244144 6.54742527 0.231428221
v -0.477152079 4.03859043 0.231361076
v -0.477161258 6.54746771 0.219498292
v -0.477146 4.0384779 0.214515373
v -0.477135003 6.54752779 0.20265381
v -0.465217263 6.54757071 0.190776363
v -0.465230703 4.03839874 0.202613518
v -0.448389262 4.03839874 0.202612296
v -0.448400855 6.54757071 0.190776363
v -0.436483145 6.54752779 0.20265381
v -0.436472774 4.0384779 0.214515373
v -0.436466068 4.03859043 0.231361076
v -0.436456889 6.54746771 0.219498292
v -0.44838196 4.03866959 0.243275136
v -0.448375225 6.54742527 0.635113537
v -0.465235591 4.03866959 0.646960437
v -0.44838196 4.03866959 0.646960437
v -0.465244144 6.54742527 0.635113537
v -0.477152079 4.03859043 0.635046363
v -0.477161258 6.54746771 0.623182356
v -0.477146 4.0384779 0.61820066
v -0.477135003 6.54752779 0.606339097
v -0.465217263 6.54757071 0.594460428
v -0.465230703 4.03839874 0.606297612
v -0.448389262 4.03839874 0.606297612
v -0.448400855 6.54757071 0.594461679
v -0.436483145 6.54752779 0.606339097
v -0.436472774 4.0384779 0.618199468
v -0.436466068 4.03859043 0.635046363
v -0.436456889 6.54746771 0.623183608
v -0.44838196 4.03866959 0.646960437
v -2.08453369 2.18132234 4.25204897
v -1.69833672 2.38718963 4.63642406
v -1.6724987 2.31968427 4.25430489
v -2.10619807 2.25291324 4.63077784
v -2.30764937 1.86818981 4.69696474
v -2.28992915 1.78906202 4.3195343
v -2.15472341 1.37359881 4.41808081
v -2.17504263 1.46069741 4.79361677
v -1.76370537 1.17898798 4.48938942
v -1.7897656 1.27113044 4.86495781
v -1.69833672 2.38718963 4.63642406
v -2.17504263 1.46069741 4.79361677
v -1.7897656 1.27113044 4.86495781
v -2.30764937 1.86818981 4.69696474
v -2.10619807 2.25291324 4.63077784
v 10.1374063 2.46139836 3.38563228
v 9.56337643 2.534688 3.3008852
v 9.79239082 2.60223055 3.61258936
v 9.91319752 2.38943863 3.07560635
v 10.3404884 2.07080603 3.33557701
v 10.120224 1.9912622 3.02457595
v 10.2755194 1.66153955 3.49238753
v 10.0539961 1.57405531 3.18443465
v 9.98451328 1.47611022 3.76340437
v 9.75914001 1.38316691 3.45689559
v 10.3404884 2.07080603 3.33557701
v 9.98451328 1.47611022 3.76340437
v 10.2755194 1.66153955 3.49238753
v 10.1374063 2.46139836 3.38563228
v 9.79239082 2.60223055 3.61258936
v 2.23323536 6.88889933 -0.862277806
v 2.00666809 4.56876326 -1.28280818
v 1.94049978 4.56821108 -0.862277806
v 2.4269464 6.88889933 -1.35768485
v 2.40736008 7.33702421 -0.862277806
v 2.44372869 7.33027744 -1.1017791
v 2.23985219 4.57077026 -1.61685479
v 2.56867123 7.30709839 -1.28736138
v 2.71187925 6.88889933 -1.48050225
v 2.71187925 6.88889933 -1.48050225
v 2.68913865 4.57299995 -1.81015503
v 2.8059454 7.26307964 -1.39274406
v 3.13657761 6.88889933 -1.48050225
v 3.34227848 4.57411718 -1.81046438
v 3.15960741 7.19746923 -1.39274406
v 3.54829144 6.88889933 -1.35768485
v 3.54829144 6.88889933 -1.35768485
v 3.96912527 4.57515383 -1.62332094
v 3.50245667 7.1338644 -1.28736138
v 3.85134077 6.88889933 -1.14140129
v 4.32098579 4.57634687 -1.29270875
v 3.75481868 7.0870471 -1.1017791
v 3.96933413 6.88889933 -0.862277806
v 4.45526171 4.57704496 -0.862277806
v 3.8530755 7.06881809 -0.862277806
v 4.32098675 4.57634687 -0.431846917
v 3.85134196 6.88889933 -0.583153665
v 3.75481868 7.0870471 -0.622775853
v 3.96912527 4.57515383 -0.101235352
v 3.54829144 6.88889933 -0.366871327
v 3.34227848 4.57411718 0.0859082043
v 3.1365788 6.88889933 -0.244053945
v 2.68913746 4.57299995 0.0856005847
v 2.71187925 6.88889933 -0.244052723
v 2.23985291 4.57077026 -0.107700191
v 3.54829144 6.88889933 -0.366871327
v 3.50245667 7.1338644 -0.437194824
v 3.1596086 7.19746923 -0.331811517
v 3.1365788 6.88889933 -0.244053945
v 2.8059454 7.26307964 -0.331810296
v 2.71187925 6.88889933 -0.244052723
v 2.42694759 6.88889933 -0.366870105
v 2.56867123 7.30709839 -0.437193602
v 2.00666809 4.56876326 -0.441746831
v 2.27690864 6.88889933 -0.583154261
v 1.94049978 4.56821108 -0.862277806
v 2.44372869 7.33027744 -0.622775853
v 2.23323536 6.88889933 -0.862277806
v 2.40736008 7.33702421 -0.862277806
v 2.40736008 7.33702421 -0.862277806
v 2.56867123 7.30709839 -1.28736138
v 2.44372869 7.33027744 -1.1017791
v 2.44372869 7.33027744 -0.622775853
v 5.3026824 4.70450783 2.42511582
v 5.23643732 4.64013624 2.46511602
v 5.23643732 4.64013624 2.42511582
v 5.3026824 4.70450783 2.46511602
v 5.21713305 4.64536476 2.4451158
v 5.21713305 4.57749796 2.4451158
v 5.23643732 4.57749796 2.46511602
v 5.23643732 4.64013624 2.42511582
v 5.23643732 4.57749796 2.42511582
v 5.23643732 4.57749796 2.42511582
v 5.23643732 4.64013624 2.42511582
v 5.30002356 4.72450829 2.4451158
v 5.3026824 4.70450783 2.42511582
v 5.42216492 4.72450829 2.4451158
v 5.41950512 4.70450783 2.42511582
v 5.41950512 4.70450783 2.46511602
v 5.41950512 4.70450783 2.42511582
v 5.3026824 4.70450783 2.42511582
v 5.50644445 4.64022923 2.4451158
v 5.48644447 4.63756847 2.42511582
v 5.48644447 4.63756847 2.46511602
v 5.48644447 4.63756847 2.42511582
v 5.41950512 4.70450783 2.42511582
v 5.50644445 2.32840085 2.4451158
v 5.48644447 2.33106136 2.42511582
v 5.48644447 2.33106136 2.46511602
v 5.48644447 2.33106136 2.42511582
v 5.48644447 4.63756847 2.42511582
v 5.41950512 2.26412201 2.46511602
v 5.42216492 2.24412155 2.4451158
v 5.3053422 2.26412201 2.46511602
v 5.3053422 2.24412203 2.4451158
v 5.41950512 2.26412177 2.42511582
v 5.48644447 2.33106136 2.46511602
v 5.41950512 2.26412201 2.46511602
v 5.3053422 2.26412201 2.42511582
v 5.41950512 2.26412201 2.46511602
v 5.3053422 2.26412201 2.46511602
v 5.3026824 4.7045083 1.92511594
v 5.23643732 4.64013672 1.9651159
v 5.23643732 4.64013672 1.92511594
v 5.3026824 4.70450783 1.9651159
v 5.21713305 4.64536476 1.94511592
v 5.21713305 4.57749796 1.94511592
v 5.23643732 4.57749796 1.9651159
v 5.23643732 4.64013672 1.92511594
v 5.23643732 4.57749796 1.92511594
v 5.23643732 4.57749796 1.92511594
v 5.23643732 4.64013672 1.92511594
v 5.3000226 4.72450829 1.94511592
v 5.3026824 4.7045083 1.92511594
v 5.42216349 4.72450829 1.94511592
v 5.41950369 4.7045083 1.92511594
v 5.41950369 4.70450783 1.9651159
v 5.41950369 4.7045083 1.92511594
v 5.3026824 4.7045083 1.92511594
v 5.50644445 4.64022923 1.94511592
v 5.48644447 4.63756847 1.92511594
v 5.48644447 4.63756847 1.9651159
v 5.48644447 4.63756847 1.92511594
v 5.41950369 4.7045083 1.92511594
v 5.50644445 2.32840109 1.94511592
v 5.48644447 2.3310616 1.92511594
v 5.48644447 2.3310616 1.9651159
v 5.48644447 2.3310616 1.92511594
v 5.48644447 4.63756847 1.92511594
v 5.41950369 2.26412201 1.9651159
v 5.42216349 2.24412179 1.94511592
v 5.30534124 2.26412201 1.9651159
v 5.30534124 2.24412203 1.94511592
v 5.41950369 2.26412201 1.92511594
v 5.48644447 2.3310616 1.9651159
v 5.41950369 2.26412201 1.9651159
v 5.30534124 2.26412201 1.92511594
v 5.41950369 2.26412201 1.9651159
v 5.30534124 2.26412201 1.9651159
v 5.48644447 2.66092634 2.44976425
v 5.48644447 2.63607454 1.94456053
v 5.48644447 2.66092634 1.94456053
v 5.48644447 2.63607454 2.44976425
v 5.48644447 2.66092634 1.94456053
v 5.48644447 2.66092634 2.44976425
v 5.48644447 3.06092644 2.44976425
v 5.48644447 3.0360744 1.94456053
v 5.48644447 3.06092644 1.94456053
v 5.48644447 3.0360744 2.44976425
v 5.48644447 3.06092644 1.94456053
v 5.48644447 3.06092644 2.44976425
v 5.48644447 3.46092653 2.44976425
v 5.48644447 3.4360745 1.94456053
v 5.48644447 3.46092653 1.94456053
v 5.48644447 3.4360745 2.44976425
v 5.48644447 3.46092653 1.94456053
v 5.48644447 3.46092653 2.44976425
v 5.48644447 3.86092639 2.44976425
v 5.48644447 3.83607435 1.94456053
v 5.48644447 3.86092639 1.94456053
v 5.48644447 3.83607435 2.44976425
v 5.48644447 3.86092639 1.94456053
v 5.48644447 3.86092639 2.44976425
v 5.48644447 4.26092625 2.44976425
v 5.48644447 4.23607445 1.94456053
v 5.48644447 4.26092625 1.94456053
v 5.48644447 4.23607445 2.44976425
v 5.48644447 4.26092625 1.94456053
v 5.48644447 4.26092625 2.44976425
v 3.45889711 7.18720675 -0.73818785
v 3.29110527 6.71439457 -0.682921767
v 3.45620775 6.71439457 -0.74087584
v 3.29378724 7.21074677 -0.680238605
v 3.49931812 7.27006865 -0.697766721
v 3.14131522 6.71439457 -0.777411461
v 3.37513471 7.37156057 -0.59889096
v 3.14398861 7.26441145 -0.774740577
v 3.12199759 6.71439457 -0.949410975
v 3.31847954 7.6042037 -0.600247204
v 3.1246624 7.30643988 -0.946746171
v 3.24767399 6.71439457 -1.07508731
v 3.37197447 7.78743458 -0.699435413
v 3.25033855 7.30643988 -1.07242119
v 3.49765062 7.78743458 -0.825110435
v 3.41967225 6.71439457 -1.05576837
v 3.59683657 7.6042037 -0.878604114
v 3.4223454 7.26441145 -1.05309629
v 3.51416302 6.71439457 -0.905979574
v 3.59819269 7.37156057 -0.821950078
v 3.51684618 7.21074677 -0.903297722
v 3.45620775 6.71439457 -0.74087584
v 3.49931812 7.27006865 -0.697766721
v 3.45889711 7.18720675 -0.73818785
v 6.69822168 2.00000215 4.10153913
v -2.53042221 2.00000238 -2.55351284E-17
v 5.34986401 2.00000215 4.16996813
v 7.67725897 2.00000191 -3.98228621
v 7.67725897 2.00000167 3.98228502
v 5.34986401 2.00000215 4.16996813
v 1.07211053 2.00000215 4.19126225
v -0.651066899 2.00000215 4.14925671
v -2.36607361 2.00000215 4.04897594
v -4.11169767 1.99588728 3.83339596
v -5.80912256 1.99594879 3.46002197
v -7.34174013 1.99601984 2.98363829
v -8.57351875 1.99608743 2.46015501
v -9.38124275 1.99615109 1.63165998
v -10.2207146 1.99621224 0.823294759
v -10.5835009 2.03975821 -2.33146828E-17
v -10.2207155 1.99621236 -0.823293805
v -9.38124371 1.99615133 -1.63165987
v -8.57351971 1.99608743 -2.46015429
v -7.34174109 1.99601984 -2.98363709
v -5.80912399 1.99594891 -3.46002007
v -4.11169815 1.9958874 -3.83339596
v -2.36607409 2.00000215 -4.04897499
v -0.651067495 2.00000215 -4.14925575
v 1.07210994 2.00000215 -4.19126081
v 5.34986401 2.00000215 -4.16997004
v 6.69822168 2.00000215 -4.10154057
v 5.34986401 2.00000215 -4.16997004
v 7.67725897 2.00000191 -3.98228621
v 8.44595718 2.6696732 3.63767076
v 7.67131281 2.65000248 1.44328988E-17
v 7.67129326 2.65000248 3.8927002
v 9.06780815 2.70052791 3.31921744
v 9.58825874 2.72767186 2.87567735
v 10.0174065 2.75094962 2.27911735
v 10.347126 2.77536607 1.56602657
v 10.5632029 2.78970146 0.795427203
v 10.6414862 2.79504871 -1.2207031E-06
v 10.5632 2.78970146 -0.795429051
v 10.3471241 2.77536607 -1.56602776
v 10.0174055 2.75094962 -2.27911806
v 9.58825684 2.72767186 -2.87567925
v 9.0678072 2.70052791 -3.31921935
v 8.44595718 2.6696732 -3.63767195
v 7.67129326 2.65000248 -3.89270139
v -3.03856754 9.62060261 1.98168945
v -3.54983664 9.59060287 1.84506226
v -3.03561878 9.59060287 1.95183349
v -3.55958343 9.62060261 1.87343502
v -4.02382088 9.59060287 1.60764647
v -3.03561878 9.65060234 1.95183349
v -4.04106045 9.62060261 1.63219845
v -4.39666462 9.59060287 1.23602045
v -3.54983664 9.65060234 1.84506226
v -3.03561878 9.59060287 1.95183349
v -3.54983664 9.59060287 1.84506226
v -4.02382088 9.65060234 1.60764647
v -4.02382088 9.59060287 1.60764647
v -4.42146254 9.62060261 1.25290525
v -4.57717085 9.59060287 0.881744385
v -4.39666462 9.65060234 1.23602045
v -4.39666462 9.59060287 1.23602045
v -4.606143 9.62060261 0.890355229
v -4.66902924 9.59060192 1.2207031E-06
v -4.57717085 9.65060234 0.881744385
v -4.57717085 9.59060287 0.881744385
v -4.69900799 9.62060261 1.2207031E-06
v -4.66902924 9.65060234 1.2207031E-06
v -4.66902924 9.59060192 1.2207031E-06
v -4.52388763 9.59060287 -1.00400329
v -4.52388763 9.65060234 -1.00400329
v -4.22822857 9.59060287 -1.43862975
v -4.55157804 9.62060261 -1.01555598
v -4.52388763 9.59060287 -1.00400329
v -4.22822857 9.65060234 -1.43862975
v -3.79403353 9.59060287 -1.74318361
v -4.24942017 9.62060261 -1.45986569
v -4.22822857 9.59060287 -1.43862975
v -3.79403353 9.65060234 -1.74318361
v -3.30223775 9.59060287 -1.91318595
v -3.30223775 9.65060234 -1.91318595
v -3.80745435 9.62060261 -1.77001464
v -3.79403353 9.59060287 -1.74318361
v -3.30841732 9.62060261 -1.94254327
v -3.30223775 9.59060287 -1.91318595
v -3.03561878 9.65060234 1.95183349
v -0.374812603 9.59060287 1.98390377
v -3.03561878 9.59060287 1.95183349
v -0.374812603 9.65060234 1.98390377
v -3.03856754 9.62060261 1.98168945
v -0.373189688 9.62060261 2.01391721
v -3.03561878 9.59060287 1.95183349
v -0.374812603 9.59060287 1.98390377
v -0.374812603 9.65060234 1.98390377
v -0.278099984 9.59060287 1.94110596
v -0.374812603 9.59060287 1.98390377
v -0.278099984 9.65060234 1.94110596
v -0.237788692 9.59060287 1.79792595
v -0.373189688 9.62060261 2.01391721
v -0.237788692 9.65060234 1.79792595
v -0.257763654 9.62060261 1.9604944
v -0.374812603 9.59060287 1.98390377
v -0.207789913 9.62060261 1.79945922
v -0.278099984 9.59060287 1.94110596
v -0.237788692 9.59060287 1.79792595
v -2.89228153 9.59060287 -1.9648596
v -3.30223775 9.65060234 -1.91318595
v -3.30223775 9.59060287 -1.91318595
v -2.89228153 9.65060234 -1.9648596
v -0.374812603 9.59060287 -1.98390377
v -3.30841732 9.62060261 -1.94254327
v -0.374812603 9.65060234 -1.98390377
v -2.89375472 9.62060261 -1.99484921
v -3.30223775 9.59060287 -1.91318595
v -0.373190314 9.62060261 -2.01391721
v -2.89228153 9.59060287 -1.9648596
v -0.374812603 9.59060287 -1.98390377
v -0.27810058 9.59060287 -1.94110596
v -0.374812603 9.65060234 -1.98390377
v -0.374812603 9.59060287 -1.98390377
v -0.27810058 9.65060234 -1.94110596
v -0.373190314 9.62060261 -2.01391721
v -0.237810656 9.59060287 -1.83408141
v -0.25776428 9.62060261 -1.96049368
v -0.374812603 9.59060287 -1.98390377
v -0.27810058 9.59060287 -1.94110596
v -0.237810656 9.65060234 -1.83408141
v -0.23714599 9.59060287 0.733400881
v -0.23714599 9.65060234 0.733400881
v -0.2071466 9.62060261 0.734025836
v -0.207811892 9.62060261 -1.83564568
v -0.237810656 9.59060287 -1.83408141
v -0.23714599 9.59060287 0.733400881
v -0.394775391 9.61883545 1.98512328
v -0.354923099 8.61520481 1.9814831
v -0.394848615 8.61520481 1.98391962
v -0.354849845 9.61883545 1.98268545
v -0.394848615 8.61520481 1.98391962
v -0.394775391 9.61883545 1.98512328
v -4.60561132 8.61520481 0.691511214
v -4.61703253 9.61883545 0.653161585
v -4.60666132 9.61883545 0.691793203
v -4.61598253 8.61520481 0.652879596
v -4.60666132 9.61883545 0.691793203
v -4.60561132 8.61520481 0.691511214
v -2.76115417 8.61520481 1.96440792
v -2.8011713 9.61883545 1.96409416
v -2.76120043 9.61883545 1.96562612
v -2.80112457 8.61520481 1.96287596
v -2.76120043 9.61883545 1.96562612
v -2.76115417 8.61520481 1.96440792
v -3.94323015 8.61520481 1.65418327
v -3.97789931 9.61883545 1.63419795
v -3.94384646 9.61883545 1.65518308
v -3.977283 8.61520481 1.63319695
v -3.94384646 9.61883545 1.65518308
v -3.94323015 8.61520481 1.65418327
v -0.238855585 9.61883545 1.85405385
v -0.238010243 8.61520481 1.81404412
v -0.240100697 8.61520481 1.85398924
v -0.236765131 9.61883545 1.81410885
v -0.240100697 8.61520481 1.85398924
v -0.238855585 9.61883545 1.85405385
v -0.238855585 9.61883545 0.721550286
v -0.238010243 8.61520481 0.681539297
v -0.240100697 8.61520481 0.721485555
v -0.236765131 9.61883545 0.68160522
v -0.240100697 8.61520481 0.721485555
v -0.238855585 9.61883545 0.721550286
v -1.5354718 9.61883545 1.98512208
v -1.49561942 8.61520481 1.9814831
v -1.53554499 8.61520481 1.98391962
v -1.49554622 9.61883545 1.98268545
v -1.53554499 8.61520481 1.98391962
v -1.5354718 9.61883545 1.98512208
v -0.394848615 8.61520481 -1.98391962
v -0.354849845 9.61883545 -1.98268545
v -0.394775391 9.61883545 -1.98512208
v -0.354923099 8.61520481 -1.9814831
v -0.394775391 9.61883545 -1.98512208
v -0.394848615 8.61520481 -1.98391962
v -4.6066618 9.61883545 -0.691791952
v -4.61598301 8.61520481 -0.652878404
v -4.6056118 8.61520481 -0.691510618
v -4.61703253 9.61883545 -0.653159797
v -4.6056118 8.61520481 -0.691510618
v -4.6066618 9.61883545 -0.691791952
v -2.76120114 9.61883545 -1.96562552
v -2.80112481 8.61520481 -1.96287537
v -2.76115417 8.61520481 -1.96440732
v -2.80117178 9.61883545 -1.96409357
v -2.76115417 8.61520481 -1.96440732
v -2.76120114 9.61883545 -1.96562552
v -3.9438467 9.61883545 -1.65518308
v -3.97728348 8.61520481 -1.63319695
v -3.94323015 8.61520481 -1.65418267
v -3.97789931 9.61883545 -1.63419735
v -3.94323015 8.61520481 -1.65418267
v -3.9438467 9.61883545 -1.65518308
v -0.240100697 8.61520481 -1.85398924
v -0.236765131 9.61883545 -1.81410885
v -0.238855585 9.61883545 -1.85405385
v -0.238010243 8.61520481 -1.81404352
v -0.238855585 9.61883545 -1.85405385
v -0.240100697 8.61520481 -1.85398924
v -0.240100697 8.61520481 -0.721484959
v -0.236765131 9.61883545 -0.681604624
v -0.238855585 9.61883545 -0.721550286
v -0.238010243 8.61520481 -0.681539297
v -0.238855585 9.61883545 -0.721550286
v -0.240100697 8.61520481 -0.721484959
v -1.53554559 8.61520481 -1.98392022
v -1.49554622 9.61883545 -1.98268545
v -1.5354718 9.61883545 -1.98512268
v -1.49561942 8.61520481 -1.9814831
v -1.5354718 9.61883545 -1.98512268
v -1.53554559 8.61520481 -1.98392022
v -3.03982377 9.22811604 1.97292233
v -3.55191422 9.20693493 1.84493279
v -3.03772998 9.20693588 1.95172846
v -3.558846 9.22811604 1.8651098
v -4.02584505 9.20693493 1.60750854
v -3.03772998 9.24929714 1.95172846
v -4.03813076 9.22811604 1.62500238
v -4.39861917 9.20693398 1.23590446
v -3.55191422 9.24929714 1.84493279
v -3.03772998 9.20693588 1.95172846
v -3.55191422 9.20693493 1.84493279
v -4.02584505 9.2492981 1.60750854
v -4.02584505 9.20693493 1.60750854
v -4.41632748 9.22811604 1.24796379
v -4.57904291 9.20693302 0.881669879
v -4.39861917 9.2492981 1.23590446
v -4.39861917 9.20693398 1.23590446
v -4.5998106 9.22811604 0.887843013
v -4.67103291 9.20693493 1.2207031E-06
v -4.57904291 9.2493 0.881669879
v -4.57904291 9.20693302 0.881669879
v -4.6923337 9.22811604 1.2207031E-06
v -4.67103291 9.24929714 1.2207031E-06
v -4.67103291 9.20693493 1.2207031E-06
v -4.52579927 9.20693302 -1.0039196
v -4.52579927 9.24929905 -1.0039196
v -4.23020935 9.20693493 -1.43849051
v -4.54560709 9.22811604 -1.01217771
v -4.52579927 9.20693302 -1.0039196
v -4.23020935 9.2492981 -1.43849051
v -3.79608917 9.20693493 -1.74305177
v -4.24533939 9.22811604 -1.45364928
v -4.23020935 9.20693493 -1.43849051
v -3.79608917 9.24929714 -1.74305177
v -3.30433321 9.20693493 -1.9130609
v -3.30433321 9.24929714 -1.9130609
v -3.80564022 9.22811604 -1.7621454
v -3.79608917 9.20693493 -1.74305177
v -3.3087256 9.22811604 -1.93392754
v -3.30433321 9.20693493 -1.9130609
v -3.03772998 9.24929714 1.95172846
v -0.376941532 9.20693493 1.98377192
v -3.03772998 9.20693588 1.95172846
v -0.376941532 9.24929714 1.98377192
v -3.03982377 9.22811604 1.97292233
v -0.375787944 9.22811604 2.00510979
v -3.03772998 9.20693588 1.95172846
v -0.376941532 9.20693493 1.98377192
v -0.376941532 9.24929714 1.98377192
v -0.280469954 9.20692825 1.94087279
v -0.376941532 9.20693493 1.98377192
v -0.280469954 9.24930382 1.94087279
v -0.240181878 9.20546341 1.80279779
v -0.375787944 9.22811604 2.00510979
v -0.240181878 9.25076866 1.80279779
v -0.265788555 9.22811604 1.95491934
v -0.376941532 9.20693493 1.98377192
v -0.217526853 9.22811604 1.8039099
v -0.280469954 9.20692825 1.94087279
v -0.240181878 9.20546341 1.80279779
v -2.8943994 9.20693588 -1.96477044
v -3.30433321 9.24929714 -1.9130609
v -3.30433321 9.20693493 -1.9130609
v -2.8943994 9.24929714 -1.96477044
v -0.376942128 9.20693493 -1.98377192
v -3.3087256 9.22811604 -1.93392754
v -0.376942128 9.24929714 -1.98377192
v -2.89544415 9.22811604 -1.9860394
v -3.30433321 9.20693493 -1.9130609
v -0.375788569 9.22811604 -2.00510979
v -2.8943994 9.20693588 -1.96477044
v -0.376942128 9.20693493 -1.98377192
v -0.280459583 9.20692921 -1.9408716
v -0.376942128 9.24929714 -1.98377192
v -0.376942128 9.20693493 -1.98377192
v -0.280459583 9.24930382 -1.9408716
v -0.375788569 9.22811604 -2.00510979
v -0.240043327 9.20693588 -1.83407593
v -0.265780032 9.22811604 -1.95488095
v -0.376942128 9.20693493 -1.98377192
v -0.280459583 9.20692921 -1.9408716
v -0.240043327 9.24929714 -1.83407593
v -0.218742058 9.22811604 -1.83518732
v -0.240043327 9.20693588 -1.83407593
v -0.239196166 9.25076771 0.728522956
v -0.239196166 9.20546436 0.728522956
v -0.216564938 9.22811604 0.729071021
v -0.239196166 9.20546436 0.728522956
v -3.03982377 8.84893608 1.97292233
v -3.55191422 8.82775497 1.84493279
v -3.03772998 8.82775593 1.95172846
v -3.558846 8.84893608 1.8651098
v -4.02584505 8.82775497 1.60750723
v -3.03772998 8.87011623 1.95172846
v -4.03813076 8.84893608 1.62500238
v -4.39861917 8.82775402 1.23590446
v -3.55191422 8.87011719 1.84493279
v -3.03772998 8.82775593 1.95172846
v -3.55191422 8.82775497 1.84493279
v -4.02584505 8.87011719 1.60750723
v -4.02584505 8.82775497 1.60750723
v -4.41632748 8.84893608 1.24796379
v -4.57904291 8.82775211 0.881669879
v -4.39861917 8.87011814 1.23590446
v -4.39861917 8.82775402 1.23590446
v -4.5998106 8.84893608 0.887843013
v -4.67103291 8.82775497 1.2207031E-06
v -4.57904291 8.87011909 0.881669879
v -4.57904291 8.82775211 0.881669879
v -4.6923337 8.84893513 1.2207031E-06
v -4.67103291 8.87011623 1.2207031E-06
v -4.67103291 8.82775497 1.2207031E-06
v -4.52579927 8.82775307 -1.0039196
v -4.52579927 8.87011909 -1.0039196
v -4.23020935 8.82775402 -1.43849051
v -4.54560709 8.84893608 -1.01217771
v -4.52579927 8.82775307 -1.0039196
v -4.23020935 8.87011814 -1.43849051
v -3.79608917 8.82775497 -1.74305236
v -4.24533939 8.84893608 -1.45364928
v -4.23020935 8.82775402 -1.43849051
v -3.79608917 8.87011719 -1.74305236
v -3.30433321 8.82775497 -1.9130609
v -3.30433321 8.87011719 -1.9130609
v -3.80564022 8.84893608 -1.7621454
v -3.79608917 8.82775497 -1.74305236
v -3.3087256 8.84893608 -1.93392754
v -3.30433321 8.82775497 -1.9130609
v -3.03772998 8.87011623 1.95172846
v -0.376941532 8.82775497 1.98377192
v -3.03772998 8.82775593 1.95172846
v -0.376941532 8.87011719 1.98377192
v -3.03982377 8.84893608 1.97292233
v -0.375787944 8.84893608 2.00510979
v -3.03772998 8.82775593 1.95172846
v -0.376941532 8.82775497 1.98377192
v -0.376941532 8.87011719 1.98377192
v -0.280469954 8.8277483 1.9408716
v -0.376941532 8.82775497 1.98377192
v -0.280469954 8.87012386 1.9408716
v -0.240181878 8.82628345 1.80279779
v -0.375787944 8.84893608 2.00510979
v -0.240181878 8.87158871 1.80279779
v -0.265788555 8.84893608 1.95491815
v -0.376941532 8.82775497 1.98377192
v -0.217526853 8.84893608 1.80390871
v -0.280469954 8.8277483 1.9408716
v -0.240181878 8.82628345 1.80279779
v -2.8943994 8.82775593 -1.96477044
v -3.30433321 8.87011719 -1.9130609
v -3.30433321 8.82775497 -1.9130609
v -2.8943994 8.87011623 -1.96477044
v -0.376942128 8.82775497 -1.98377252
v -3.3087256 8.84893608 -1.93392754
v -0.376942128 8.87011719 -1.98377252
v -2.89544415 8.84893608 -1.9860394
v -3.30433321 8.82775497 -1.9130609
v -0.375788569 8.84893608 -2.0051105
v -2.8943994 8.82775593 -1.96477044
v -0.376942128 8.82775497 -1.98377252
v -0.280459583 8.82774925 -1.94087219
v -0.376942128 8.87011719 -1.98377252
v -0.376942128 8.82775497 -1.98377252
v -0.280459583 8.87012291 -1.94087219
v -0.375788569 8.84893608 -2.0051105
v -0.240043327 8.82775593 -1.83407652
v -0.265780032 8.84893608 -1.95488155
v -0.376942128 8.82775497 -1.98377252
v -0.280459583 8.82774925 -1.94087219
v -0.240043327 8.87011623 -1.83407652
v -0.218742058 8.84893608 -1.83518791
v -0.240043327 8.82775593 -1.83407652
v -0.239196166 8.87158775 0.728522956
v -0.239196166 8.82628441 0.728522956
v -0.216564938 8.84893608 0.729071021
v -0.239196166 8.82628441 0.728522956
v -3.10449338 5.57337523 3.20397091
v -2.09098077 6.66208601 3.22397089
v -3.08958125 5.56004763 3.22397089
v -2.0988183 6.67959929 3.20397091
v -3.11940551 5.58670282 3.22397089
v -2.10665584 6.69711161 3.22397089
v -3.10449338 5.57337523 3.24397087
v -2.0988183 6.67959929 3.24397087
v -3.08958125 5.56004763 3.22397089
v -2.09098077 6.66208601 3.22397089
v -0.701616824 6.67959929 3.24397087
v -0.709453702 6.66208601 3.22397089
v 0.289146721 5.56004763 3.22397089
v 0.30405882 5.57337523 3.24397087
v -0.69377929 6.69711161 3.22397089
v 0.318970948 5.58670282 3.22397089
v -0.701616824 6.67959929 3.20397091
v 0.30405882 5.57337523 3.20397091
v -0.709453702 6.66208601 3.22397089
v -2.09098077 6.66208601 3.22397089
v -0.709453702 6.66208601 3.22397089
v 0.289146721 5.56004763 3.22397089
v -2.09876513 6.17851448 3.20890975
v -0.707530499 6.16541862 3.22397089
v -2.09290409 6.16541862 3.22397089
v -0.701669276 6.17851448 3.20890975
v -2.10473204 6.19184637 3.22397089
v -2.66141725 5.59076786 3.22397089
v -2.65094113 5.57998753 3.20891094
v -2.09290409 6.16541862 3.22397089
v -2.64036918 5.56912231 3.22397089
v -2.65094113 5.57998753 3.2390306
v -2.09876513 6.17851448 3.23903179
v -2.64036918 5.56912231 3.22397089
v -2.09290409 6.16541862 3.22397089
v -0.695703089 6.19184637 3.22397089
v -0.701669276 6.17851448 3.23903179
v -0.707530499 6.16541862 3.22397089
v -0.159408569 5.56838751 3.22397089
v -0.148836061 5.57925177 3.2390306
v -0.138358146 5.59003115 3.22397089
v -0.148836061 5.57925177 3.20891094
v -0.707530499 6.16541862 3.22397089
v -0.159408569 5.56838751 3.22397089
v -1.04044068 5.52334118 3.22397089
v -1.0110302 6.69106245 3.22397089
v -1.04044068 6.68767452 3.22397089
v -1.0110302 5.51878166 3.22397089
v -1.04044068 6.68767452 3.22397089
v -1.04044068 5.52334118 3.22397089
v -1.79647768 5.52334118 3.22397089
v -1.76706719 6.69106245 3.22397089
v -1.79647768 6.68767452 3.22397089
v -1.76706719 5.51878166 3.22397089
v -1.79647768 6.68767452 3.22397089
v -1.79647768 5.52334118 3.22397089
v -0.4476825 8.17896175 2.39806628
v -0.362064809 8.5409174 2.00194097
v -0.359708846 8.32448864 2.23880243
v -0.838445425 7.99917746 2.59482288
v -0.623358727 8.05958652 2.52871203
v -2.77199817 8.54089737 1.99781609
v -2.86947298 8.01290894 2.60098743
v -3.3549602 8.54075336 1.92043328
v -2.77199817 8.54089737 1.99781609
v -0.838445425 8.01290894 2.60736942
v -0.362064809 8.5546484 2.01448846
v -0.838445425 7.99917746 2.59482288
v -0.623358727 8.05958652 2.52871203
v -0.623358727 8.07331753 2.54125857
v -0.4476825 8.17896175 2.39806628
v -0.4476825 8.19269371 2.41061282
v -0.359708846 8.32448864 2.23880243
v -0.359708846 8.33821964 2.25134873
v -0.362064809 8.5409174 2.00194097
v -2.77199817 8.54089737 1.99781609
v -3.5858376 8.01290894 2.50209475
v -3.8878293 8.54062843 1.71387446
v -3.8878293 8.54062939 1.71387446
v -4.25118208 8.01290894 2.23514533
v -4.25118208 8.01290894 2.23514533
v -4.33208752 8.54058552 1.36943603
v -4.33208704 8.54058552 1.36943603
v -4.84436607 8.01290894 1.74503052
v -4.60493231 8.54067039 0.895582259
v -5.22169161 8.01290894 0.985393047
v -4.69573784 8.54102612 2.4414062E-06
v -5.22169161 8.01290894 -0.985388756
v -5.22169161 8.01290894 0.985393047
v -5.22169161 8.01290894 -0.985388756
v -4.60493231 8.54067039 -0.895578623
v -4.60493231 8.54067039 -0.895578623
v -4.84436655 8.01290894 -1.74502683
v -4.33208752 8.54058552 -1.36943293
v -4.33208752 8.54058552 -1.36943293
v -4.25118208 8.01290894 -2.23514223
v -3.8878293 8.54062843 -1.71387208
v -3.58583856 8.01290894 -2.50209212
v -3.58583856 8.01290894 -2.50209212
v -3.35496044 8.54075336 -1.92043149
v -2.86947322 8.01290894 -2.60098433
v -2.86947322 8.01290894 -2.60098433
v -2.77199888 8.54089737 -1.99781311
v -0.838445425 7.99917746 -2.5948205
v -0.838445425 8.01290894 -2.60736752
v -0.838445425 7.99917746 -2.5948205
v -0.623358727 8.05958652 -2.52870846
v -0.362064809 8.5409174 -2.00193834
v -0.362064809 8.5546484 -2.01448536
v -0.4476825 8.17896175 -2.3980639
v -0.623358727 8.05958652 -2.52870846
v -0.359709471 8.32448864 -2.23879886
v -0.623358727 8.07331753 -2.54125547
v -0.4476825 8.17896175 -2.3980639
v -0.4476825 8.19269371 -2.4106102
v -0.359709471 8.32448864 -2.23879886
v -0.359709471 8.33821964 -2.25134587
v -0.362064809 8.5409174 -2.00193834
v -2.77199888 8.54089737 -1.99781311
v 3.1048882 2.116225 4.78161383
v 2.721596 2.24526858 4.3643117
v 2.71568775 2.29998493 4.74815512
v 3.11616254 2.05708289 4.40029478
v 3.25132012 1.70846188 4.85414648
v 3.26546431 1.64133453 4.47424078
v 3.06202078 1.31774545 4.92109966
v 3.07245302 1.24297392 4.54251432
v 2.6555388 1.1751169 4.94474363
v 2.66023612 1.09583712 4.56511259
v 3.25132012 1.70846188 4.85414648
v 2.6555388 1.1751169 4.94474363
v 3.06202078 1.31774545 4.92109966
v 3.1048882 2.116225 4.78161383
v 2.71568775 2.29998493 4.74815512
v -5.92315674 5.60775614 0.56590575
v -5.7785778 5.5477562 1.44446039
v -5.92315674 5.5477562 0.56590575
v -5.7785778 5.60775614 1.44446039
v -5.62491941 5.5477562 1.84881592
v -5.95281982 5.5777564 0.570390642
v -5.62491941 5.60775614 1.84881592
v -5.24467993 5.5477562 2.3609705
v -5.24467993 5.60775614 2.3609705
v -5.80769968 5.5777564 1.45252192
v -5.92315674 5.5477562 0.56590575
v -5.7785778 5.5477562 1.44446039
v -5.65162945 5.5777564 1.86274409
v -5.26627779 5.5777564 2.38179326
v -5.62491941 5.5477562 1.84881592
v -5.24467993 5.5477562 2.3609705
v -5.24467993 5.60775614 2.3609705
v -4.74816513 5.5477562 2.76245117
v -5.24467993 5.5477562 2.3609705
v -4.74816513 5.60775614 2.76245117
v -4.1704092 5.5477562 3.0258348
v -5.26627779 5.5777564 2.38179326
v -4.1704092 5.60775614 3.0258348
v -3.35200405 5.5477562 3.19921255
v -3.35200405 5.60775614 3.19921255
v -4.76381445 5.5777564 2.78814578
v -5.24467993 5.5477562 2.3609705
v -4.74816513 5.5477562 2.76245117
v -4.18038368 5.5777564 3.05412841
v -3.3549459 5.5777564 3.22906852
v -4.1704092 5.5477562 3.0258348
v -3.35200405 5.5477562 3.19921255
v -3.35200405 5.60775614 3.19921255
v -0.35589537 5.5477562 3.22457385
v -3.35200405 5.5477562 3.19921255
v -0.35589537 5.60775614 3.22457385
v -3.3549459 5.5777564 3.22906852
v -0.35594359 5.5777564 3.25457382
v -3.35200405 5.5477562 3.19921255
v -0.35589537 5.5477562 3.22457385
v -0.35589537 5.60775614 3.22457385
v 2.41178155 5.5477562 3.22906852
v -0.35589537 5.5477562 3.22457385
v 2.41178155 5.60775614 3.22906852
v -0.35594359 5.5777564 3.25457382
v 2.41173267 5.5777564 3.25906849
v -0.35589537 5.5477562 3.22457385
v 2.41178155 5.5477562 3.22906852
v 2.41178155 5.60775614 3.22906852
v 5.17945957 5.5477562 3.2335608
v 2.41178155 5.5477562 3.22906852
v 5.17945957 5.60775614 3.2335608
v 5.33372974 5.5477562 3.16348386
v 2.41173267 5.5777564 3.25906849
v 5.33372974 5.60775614 3.16348386
v 5.1812396 5.5777564 3.26356316
v 2.41178155 5.5477562 3.22906852
v 5.35422516 5.5777564 3.1827147
v 5.17945957 5.5477562 3.2335608
v 5.33372974 5.5477562 3.16348386
v 5.33372974 5.60775614 3.16348386
v 5.39799976 5.5477562 2.98893547
v 5.33372974 5.5477562 3.16348386
v 5.39799976 5.60775614 2.98893547
v 5.35422516 5.5777564 3.1827147
v 5.39812183 5.60775614 2.7969141
v 5.39812183 5.54775572 2.7969141
v 5.42812061 5.5777564 2.798347
v 5.42799854 5.5777564 2.99046874
v 5.33372974 5.5477562 3.16348386
v 5.39812183 5.54775572 2.7969141
v 5.39799976 5.5477562 2.98893547
v -5.92235804 5.20548201 0.571187735
v -5.77835941 5.16043377 1.44440055
v -5.92235804 5.15864611 0.571187735
v -5.77835941 5.20369482 1.44440055
v -5.62475348 5.16053963 1.84873044
v -5.94551373 5.18206406 0.574688733
v -5.62475348 5.20358944 1.84873044
v -5.24453974 5.16053963 2.36083746
v -5.24453974 5.20358944 2.36083746
v -5.79962635 5.18206406 1.45027459
v -5.92235804 5.15864611 0.571187735
v -5.77835941 5.16043377 1.44440055
v -5.64411259 5.18206406 1.85882437
v -5.26020241 5.18206406 2.37593627
v -5.62475348 5.16053963 1.84873044
v -5.24453974 5.16053963 2.36083746
v -5.24453974 5.20358944 2.36083746
v -4.74808407 5.16053963 2.76231933
v -5.24453974 5.16053963 2.36083746
v -4.74808407 5.20358896 2.76231933
v -4.1703639 5.16054058 3.02570796
v -5.26020241 5.18206406 2.37593627
v -4.1703639 5.20358896 3.02570796
v -3.35199308 5.16054058 3.19910526
v -3.35199308 5.20358801 3.19910526
v -4.75940466 5.18206406 2.78090572
v -5.24453974 5.16053963 2.36083746
v -4.74808407 5.16053963 2.76231933
v -4.17757082 5.18206406 3.04615235
v -3.3541162 5.18206406 3.22064328
v -4.1703639 5.16054058 3.02570796
v -3.35199308 5.16054058 3.19910526
v -3.35199308 5.20358801 3.19910526
v -0.35589537 5.16054201 3.22457385
v -3.35199308 5.16054058 3.19910526
v -0.35589537 5.20358753 3.22457385
v -3.3541162 5.18206406 3.22064328
v -0.355930179 5.18206406 3.24609733
v -3.35199308 5.16054058 3.19910526
v -0.35589537 5.16054201 3.22457385
v -0.35589537 5.20358753 3.22457385
v 2.41178155 5.16054106 3.22906852
v -0.35589537 5.16054201 3.22457385
v 2.41178155 5.20358753 3.22906852
v -0.355930179 5.18206406 3.24609733
v 2.41174746 5.18206406 3.25059199
v -0.35589537 5.16054201 3.22457385
v 2.41178155 5.16054106 3.22906852
v 2.41178155 5.20358753 3.22906852
v 5.17945242 5.16054058 3.23343492
v 2.41178155 5.16054106 3.22906852
v 5.17945242 5.20358801 3.23343492
v 5.33350134 5.16053438 3.16326046
v 2.41174746 5.18206406 3.25059199
v 5.33350134 5.20359421 3.16326046
v 5.18073654 5.18206406 3.2551012
v 2.41178155 5.16054106 3.22906852
v 5.34851503 5.18206406 3.17736554
v 5.17945242 5.16054058 3.23343492
v 5.33350134 5.16053438 3.16326046
v 5.33350134 5.20359421 3.16326046
v 5.39789581 5.16054058 2.9889307
v 5.33350134 5.16053438 3.16326046
v 5.39789581 5.20358753 2.9889307
v 5.34851503 5.18206406 3.17736554
v 5.3980217 5.20370722 2.80087757
v 5.3980217 5.16042233 2.80087757
v 5.41976976 5.18206406 2.80191278
v 5.41953182 5.18206406 2.99003649
v 5.33350134 5.16053438 3.16326046
v 5.3980217 5.16042233 2.80087757
v 5.39789581 5.16054058 2.9889307
v 5.15949392 5.57375288 3.2347424
v 5.1993084 4.57210827 3.23041987
v 5.15937805 4.57210827 3.23278308
v 5.19942427 5.57376623 3.23237896
v 5.15937805 4.57210827 3.23278308
v 5.15949392 5.57375288 3.2347424
v -5.8922801 5.61046457 0.56358397
v -5.92356062 4.57210827 0.534885228
v -5.92547846 5.6104064 0.535029292
v -5.89036322 4.57216644 0.563441157
v -5.92083597 5.6104064 0.596782207
v -5.91891813 4.57210827 0.596638143
v -5.9540329 5.61034775 0.568226278
v -5.95211601 4.57204962 0.568083465
v -5.92547846 5.6104064 0.535029292
v -5.92356062 4.57210827 0.534885228
v -3.45517612 4.57210827 3.18791628
v -3.49522567 5.57375956 3.18806148
v -3.45526838 5.57375956 3.18991327
v -3.4951334 4.57210827 3.18606567
v -3.45526838 5.57375956 3.18991327
v -3.45517612 4.57210827 3.18791628
v 2.43173027 4.57210827 3.22662592
v 2.39178634 5.57375956 3.22953844
v 2.43177676 5.57375956 3.2285974
v 2.39174128 4.57210827 3.22756696
v 2.43177676 5.57375956 3.2285974
v 2.43173027 4.57210827 3.22662592
v 5.39785814 4.57210827 0.872409642
v 5.39989662 5.57375956 0.912409663
v 5.39989662 5.57375956 0.872409642
v 5.39785576 4.57210827 0.912409663
v 5.39989662 5.57375956 0.872409642
v 5.39785814 4.57210827 0.872409642
v -5.63416624 5.57375956 1.8310827
v -5.61401463 4.57210827 1.86568594
v -5.63250971 4.57210827 1.83021843
v -5.61567116 5.57375956 1.86655021
v -5.63250971 4.57210827 1.83021843
v -5.63416624 5.57375956 1.8310827
v -4.73449135 5.57375956 2.77160025
v -4.69695425 4.57210827 2.78555655
v -4.73372555 4.57210827 2.76981187
v -4.69772005 5.57375956 2.78734493
v -4.73372555 4.57210827 2.76981187
v -4.73449135 5.57375956 2.77160025
v 3.83507252 4.57210827 3.22662473
v 3.79513001 5.57375956 3.22953725
v 3.83511901 5.57375956 3.22859621
v 3.79508352 4.57210827 3.22756577
v 3.83511901 5.57375956 3.22859621
v 3.83507252 4.57210827 3.22662473
v 0.982868016 5.57375956 3.22434068
v 1.02288878 4.57210827 3.22282457
v 0.982891202 4.57210827 3.22235703
v 1.02286553 5.57375956 3.22480822
v 0.982891202 4.57210827 3.22235703
v 0.982868016 5.57375956 3.22434068
v 5.39785814 4.57210827 2.76338625
v 5.36650801 5.60773993 2.79677606
v 5.39989805 5.60767365 2.76338625
v 5.3644681 4.57217407 2.79677606
v 5.39989805 5.60767365 2.83016586
v 5.39785814 4.57210827 2.83016586
v 5.43328762 5.60760784 2.79677606
v 5.43124819 4.57204199 2.79677606
v 5.39989805 5.60767365 2.76338625
v 5.39785814 4.57210827 2.76338625
v 5.39785814 4.57210827 1.54041255
v 5.36650801 5.60773993 1.57380247
v 5.39989662 5.60767365 1.54041255
v 5.36446714 4.57217407 1.57380247
v 5.39989662 5.60767365 1.6071924
v 5.39785814 4.57210827 1.6071924
v 5.43328762 5.60760784 1.57380247
v 5.43124676 4.57204199 1.57380247
v 5.39989662 5.60767365 1.54041255
v 5.39785814 4.57210827 1.54041255
v -5.92235804 4.83596706 0.571187735
v -5.77835941 4.79091835 1.44440055
v -5.92235804 4.78913116 0.571187735
v -5.77835941 4.8341794 1.44440055
v -5.62475348 4.79102421 1.84873044
v -5.94551373 4.81254911 0.574688733
v -5.62475348 4.83407402 1.84873044
v -5.24453974 4.79102421 2.36083746
v -5.24453974 4.83407402 2.36083746
v -5.79962635 4.81254911 1.45027459
v -5.92235804 4.78913116 0.571187735
v -5.77835941 4.79091835 1.44440055
v -5.64411259 4.81254911 1.85882437
v -5.26020241 4.81254911 2.37593627
v -5.62475348 4.79102421 1.84873044
v -5.24453974 4.79102421 2.36083746
v -5.24453974 4.83407402 2.36083746
v -4.74808407 4.79102421 2.76231933
v -5.24453974 4.79102421 2.36083746
v -4.74808407 4.83407354 2.76231933
v -4.1703639 4.79102516 3.02570796
v -5.26020241 4.81254911 2.37593627
v -4.1703639 4.83407307 3.02570796
v -3.35199308 4.79102516 3.19910526
v -3.35199308 4.83407259 3.19910526
v -4.75940466 4.81254911 2.78090692
v -5.24453974 4.79102421 2.36083746
v -4.74808407 4.79102421 2.76231933
v -4.17757082 4.81254911 3.04615235
v -3.3541162 4.81254911 3.22064328
v -4.1703639 4.79102516 3.02570796
v -3.35199308 4.79102516 3.19910526
v -3.35199308 4.83407259 3.19910526
v -0.35589537 4.79102612 3.22457385
v -3.35199308 4.79102516 3.19910526
v -0.35589537 4.83407164 3.22457385
v -3.3541162 4.81254911 3.22064328
v -0.355930179 4.81254911 3.24609733
v -3.35199308 4.79102516 3.19910526
v -0.35589537 4.79102612 3.22457385
v -0.35589537 4.83407164 3.22457385
v 2.41178155 4.79102612 3.22906852
v -0.35589537 4.79102612 3.22457385
v 2.41178155 4.83407211 3.22906852
v -0.355930179 4.81254911 3.24609733
v 2.41174746 4.81254911 3.25059199
v -0.35589537 4.79102612 3.22457385
v 2.41178155 4.79102612 3.22906852
v 2.41178155 4.83407211 3.22906852
v 5.17945242 4.79102516 3.23343492
v 2.41178155 4.79102612 3.22906852
v 5.17945242 4.83407259 3.23343492
v 5.33350134 4.79101896 3.16326046
v 2.41174746 4.81254911 3.25059199
v 5.33350134 4.83407879 3.16326046
v 5.18073654 4.81254911 3.2551012
v 2.41178155 4.79102612 3.22906852
v 5.34851503 4.81254911 3.17736554
v 5.17945242 4.79102516 3.23343492
v 5.33350134 4.79101896 3.16326046
v 5.33350134 4.83407879 3.16326046
v 5.39789581 4.79102564 2.9889307
v 5.33350134 4.79101896 3.16326046
v 5.39789581 4.83407259 2.9889307
v 5.34851503 4.81254911 3.17736554
v 5.39802074 4.83419037 2.8028636
v 5.39802074 4.79090786 2.8028636
v 5.41976738 4.81254911 2.8039
v 5.41953182 4.81254911 2.99003649
v 5.33350134 4.79101896 3.16326046
v 5.39802074 4.79090786 2.8028636
v 5.39789581 4.79102564 2.9889307
v -5.7785778 5.5477562 -1.4444598
v -5.92315674 5.60775614 -0.565904558
v -5.92315674 5.5477562 -0.565904558
v -5.7785778 5.60775614 -1.4444598
v -5.95281982 5.5777564 -0.57038939
v -5.62491941 5.5477562 -1.84881461
v -5.80770016 5.5777564 -1.45252132
v -5.92315674 5.5477562 -0.565904558
v -5.7785778 5.5477562 -1.4444598
v -5.62491941 5.60775614 -1.84881461
v -5.24468088 5.5477562 -2.36096907
v -5.24468088 5.60775614 -2.36096907
v -5.65162945 5.5777564 -1.8627423
v -5.62491941 5.5477562 -1.84881461
v -5.26627779 5.5777564 -2.38179255
v -5.24468088 5.5477562 -2.36096907
v -4.74816561 5.5477562 -2.76244998
v -5.24468088 5.60775614 -2.36096907
v -5.24468088 5.5477562 -2.36096907
v -4.74816561 5.60775614 -2.76244998
v -5.26627779 5.5777564 -2.38179255
v -4.17040968 5.5477562 -3.02583551
v -4.76381445 5.5777564 -2.78814435
v -5.24468088 5.5477562 -2.36096907
v -4.74816561 5.5477562 -2.76244998
v -4.17040968 5.60775614 -3.02583551
v -3.35200429 5.5477562 -3.19921136
v -3.35200429 5.60775614 -3.19921136
v -4.18038368 5.5777564 -3.05412889
v -4.17040968 5.5477562 -3.02583551
v -3.35494614 5.5777564 -3.2290678
v -3.35200429 5.5477562 -3.19921136
v -0.35589537 5.5477562 -3.22457385
v -3.35200429 5.60775614 -3.19921136
v -3.35200429 5.5477562 -3.19921136
v -0.35589537 5.60775614 -3.22457385
v -3.35494614 5.5777564 -3.2290678
v -0.355944216 5.5777564 -3.25457382
v -3.35200429 5.5477562 -3.19921136
v -0.35589537 5.5477562 -3.22457385
v 2.41178155 5.5477562 -3.2290678
v -0.35589537 5.60775614 -3.22457385
v -0.35589537 5.5477562 -3.22457385
v 2.41178155 5.60775614 -3.2290678
v -0.355944216 5.5777564 -3.25457382
v 2.41173267 5.5777564 -3.25906801
v -0.35589537 5.5477562 -3.22457385
v 2.41178155 5.5477562 -3.2290678
v 5.17945862 5.5477562 -3.23356199
v 2.41178155 5.60775614 -3.2290678
v 2.41178155 5.5477562 -3.2290678
v 5.17945862 5.60775614 -3.23356199
v 5.33372831 5.5477562 -3.16348577
v 2.41173267 5.5777564 -3.25906801
v 5.33372831 5.60775614 -3.16348577
v 5.18123817 5.5777564 -3.26356435
v 2.41178155 5.5477562 -3.2290678
v 5.35422421 5.5777564 -3.18271589
v 5.17945862 5.5477562 -3.23356199
v 5.33372831 5.5477562 -3.16348577
v 5.39799833 5.5477562 -2.98893738
v 5.33372831 5.60775614 -3.16348577
v 5.33372831 5.5477562 -3.16348577
v 5.39799833 5.60775614 -2.98893738
v 5.35422421 5.5777564 -3.18271589
v 5.39989662 5.5477562 1.91513461E-16
v 5.42799711 5.5777564 -2.99046922
v 5.33372831 5.5477562 -3.16348577
v 5.39799833 5.5477562 -2.98893738
v 5.39989662 5.60775614 1.95399251E-16
v 5.42989683 5.5777564 1.93733918E-16
v 5.39989662 5.5477562 1.91513461E-16
v 5.39889812 5.5477562 1.57411373
v 5.42889833 5.5777564 1.57492065
v 5.39889812 5.60775614 1.57411373
v 5.39889812 5.5477562 1.57411373
v -5.77835989 5.16043377 -1.44439876
v -5.92235804 5.20548201 -0.571187139
v -5.92235804 5.15864611 -0.571187139
v -5.77835989 5.20369482 -1.44439876
v -5.94551373 5.18206406 -0.574688077
v -5.62475348 5.16053963 -1.84872854
v -5.79962683 5.18206406 -1.45027399
v -5.92235804 5.15864611 -0.571187139
v -5.77835989 5.16043377 -1.44439876
v -5.62475348 5.20358944 -1.84872854
v -5.24454021 5.16053963 -2.36083603
v -5.24454021 5.20358944 -2.36083603
v -5.64411259 5.18206406 -1.85882318
v -5.62475348 5.16053963 -1.84872854
v -5.26020241 5.18206406 -2.37593436
v -5.24454021 5.16053963 -2.36083603
v -4.74808455 5.16053963 -2.76231861
v -5.24454021 5.20358944 -2.36083603
v -5.24454021 5.16053963 -2.36083603
v -4.74808455 5.20358896 -2.76231861
v -5.26020241 5.18206406 -2.37593436
v -4.17036438 5.16054058 -3.02570844
v -4.75940466 5.18206406 -2.78090501
v -5.24454021 5.16053963 -2.36083603
v -4.74808455 5.16053963 -2.76231861
v -4.17036438 5.20358896 -3.02570844
v -3.35199332 5.16054058 -3.19910526
v -3.35199332 5.20358801 -3.19910526
v -4.1775713 5.18206406 -3.04615164
v -4.17036438 5.16054058 -3.02570844
v -3.35411644 5.18206406 -3.22064257
v -3.35199332 5.16054058 -3.19910526
v -0.35589537 5.16054201 -3.22457385
v -3.35199332 5.20358801 -3.19910526
v -3.35199332 5.16054058 -3.19910526
v -0.35589537 5.20358753 -3.22457385
v -3.35411644 5.18206406 -3.22064257
v -0.355930775 5.18206406 -3.24609733
v -3.35199332 5.16054058 -3.19910526
v -0.35589537 5.16054201 -3.22457385
v 2.41178155 5.16054106 -3.22906852
v -0.35589537 5.20358753 -3.22457385
v -0.35589537 5.16054201 -3.22457385
v 2.41178155 5.20358753 -3.22906852
v -0.355930775 5.18206406 -3.24609733
v 2.41174746 5.18206406 -3.25059128
v -0.35589537 5.16054201 -3.22457385
v 2.41178155 5.16054106 -3.22906852
v 5.17945099 5.16054058 -3.23343611
v 2.41178155 5.20358753 -3.22906852
v 2.41178155 5.16054106 -3.22906852
v 5.17945099 5.20358801 -3.23343611
v 5.33350039 5.16053438 -3.16326165
v 2.41174746 5.18206406 -3.25059128
v 5.33350039 5.20359421 -3.16326165
v 5.18073559 5.18206406 -3.2551024
v 2.41178155 5.16054106 -3.22906852
v 5.3485136 5.18206406 -3.17736626
v 5.17945099 5.16054058 -3.23343611
v 5.33350039 5.16053438 -3.16326165
v 5.39789486 5.16054058 -2.98893189
v 5.33350039 5.20359421 -3.16326165
v 5.33350039 5.16053438 -3.16326165
v 5.39789486 5.20358753 -2.98893189
v 5.3485136 5.18206406 -3.17736626
v 5.39989424 5.15864611 1.67643676E-16
v 5.41953039 5.18206406 -2.99003768
v 5.33350039 5.16053438 -3.16326165
v 5.39789486 5.16054058 -2.98893189
v 5.39989424 5.20548201 1.70974342E-16
v 5.42331219 5.18206406 1.69309009E-16
v 5.39989424 5.15864611 1.67643676E-16
v 5.39883947 5.1596446 1.57535768
v 5.42131996 5.18206406 1.57593989
v 5.39883947 5.20448351 1.57535768
v 5.39883947 5.1596446 1.57535768
v 5.15937662 4.57210827 -3.23278379
v 5.19942331 5.57376623 -3.23238039
v 5.15949249 5.57375288 -3.2347436
v 5.19930696 4.57210827 -3.23042035
v 5.15949249 5.57375288 -3.2347436
v 5.15937662 4.57210827 -3.23278379
v -5.92356062 4.57210827 -0.534884036
v -5.89228058 5.61046457 -0.563582778
v -5.92547846 5.6104064 -0.53502804
v -5.89036369 4.57216644 -0.56343931
v -5.92083597 5.6104064 -0.596781015
v -5.91891813 4.57210827 -0.596636951
v -5.9540329 5.61034775 -0.568225682
v -5.95211601 4.57204962 -0.568082273
v -5.92547846 5.6104064 -0.53502804
v -5.92356062 4.57210827 -0.534884036
v 2.43177557 5.57375956 -3.22859788
v 2.39174008 4.57210827 -3.22756648
v 2.43173027 4.57210827 -3.22662592
v 2.39178634 5.57375956 -3.22953796
v 2.43173027 4.57210827 -3.22662592
v 2.43177557 5.57375956 -3.22859788
v 5.39989662 5.57375956 -0.872410893
v 5.39785576 4.57210827 -0.912410855
v 5.39785814 4.57210827 -0.872410893
v 5.39989662 5.57375956 -0.912410855
v 5.39785814 4.57210827 -0.872410893
v 5.39989662 5.57375956 -0.872410893
v -5.63250971 4.57210827 -1.83021724
v -5.61567116 5.57375956 -1.86654842
v -5.63416624 5.57375956 -1.83108091
v -5.61401463 4.57210827 -1.86568475
v -5.63416624 5.57375956 -1.83108091
v -5.63250971 4.57210827 -1.83021724
v 3.83511782 5.57375956 -3.2285974
v 3.79508233 4.57210827 -3.22756648
v 3.83507133 4.57210827 -3.2266252
v 3.79512858 5.57375956 -3.22953796
v 3.83507133 4.57210827 -3.2266252
v 3.83511782 5.57375956 -3.2285974
v 0.982891202 4.57210827 -3.22235584
v 1.02286494 5.57375956 -3.22480774
v 0.98286742 5.57375956 -3.2243402
v 1.02288878 4.57210827 -3.22282338
v 0.98286742 5.57375956 -3.2243402
v 0.982891202 4.57210827 -3.22235584
v 5.39989662 5.57375956 -2.77677727
v 5.39785671 4.57210827 -2.81677723
v 5.39785671 4.57210827 -2.77677727
v 5.39989662 5.57375956 -2.81677723
v 5.39785671 4.57210827 -2.77677727
v 5.39989662 5.57375956 -2.77677727
v 5.39989662 5.57375956 -1.55380368
v 5.39785671 4.57210827 -1.59380364
v 5.39785671 4.57210827 -1.55380368
v 5.39989662 5.57375956 -1.59380364
v 5.39785671 4.57210827 -1.55380368
v 5.39989662 5.57375956 -1.55380368
v -5.77835989 4.79091835 -1.44439876
v -5.92235804 4.83596706 -0.571187139
v -5.92235804 4.78913116 -0.571187139
v -5.77835989 4.8341794 -1.44439876
v -5.94551373 4.81254911 -0.574688077
v -5.62475348 4.79102421 -1.84872854
v -5.79962683 4.81254911 -1.45027399
v -5.92235804 4.78913116 -0.571187139
v -5.77835989 4.79091835 -1.44439876
v -5.62475348 4.83407402 -1.84872854
v -5.24454021 4.79102421 -2.36083603
v -5.24454021 4.83407402 -2.36083603
v -5.64411259 4.81254911 -1.85882318
v -5.62475348 4.79102421 -1.84872854
v -5.26020241 4.81254911 -2.37593436
v -5.24454021 4.79102421 -2.36083603
v -4.74808455 4.79102421 -2.76231861
v -5.24454021 4.83407402 -2.36083603
v -5.24454021 4.79102421 -2.36083603
v -4.74808455 4.83407354 -2.76231861
v -5.26020241 4.81254911 -2.37593436
v -4.17036438 4.79102516 -3.02570844
v -4.75940466 4.81254911 -2.78090501
v -5.24454021 4.79102421 -2.36083603
v -4.74808455 4.79102421 -2.76231861
v -4.17036438 4.83407307 -3.02570844
v -3.35199332 4.79102516 -3.19910526
v -3.35199332 4.83407259 -3.19910526
v -4.1775713 4.81254911 -3.04615164
v -4.17036438 4.79102516 -3.02570844
v -3.35411644 4.81254911 -3.22064257
v -3.35199332 4.79102516 -3.19910526
v -0.35589537 4.79102612 -3.22457385
v -3.35199332 4.83407259 -3.19910526
v -3.35199332 4.79102516 -3.19910526
v -0.35589537 4.83407164 -3.22457385
v -3.35411644 4.81254911 -3.22064257
v -0.355930775 4.81254911 -3.24609733
v -3.35199332 4.79102516 -3.19910526
v -0.35589537 4.79102612 -3.22457385
v 2.41178155 4.79102612 -3.22906923
v -0.35589537 4.83407164 -3.22457385
v -0.35589537 4.79102612 -3.22457385
v 2.41178155 4.83407211 -3.22906923
v -0.355930775 4.81254911 -3.24609733
v 2.41174746 4.81254911 -3.25059128
v -0.35589537 4.79102612 -3.22457385
v 2.41178155 4.79102612 -3.22906923
v 5.17945099 4.79102516 -3.23343611
v 2.41178155 4.83407211 -3.22906923
v 2.41178155 4.79102612 -3.22906923
v 5.17945099 4.83407259 -3.23343611
v 5.33350039 4.79101896 -3.16326165
v 2.41174746 4.81254911 -3.25059128
v 5.33350039 4.83407879 -3.16326165
v 5.18073559 4.81254911 -3.2551024
v 2.41178155 4.79102612 -3.22906923
v 5.3485136 4.81254911 -3.17736626
v 5.17945099 4.79102516 -3.23343611
v 5.33350039 4.79101896 -3.16326165
v 5.39789486 4.79102564 -2.98893189
v 5.33350039 4.83407879 -3.16326165
v 5.33350039 4.79101896 -3.16326165
v 5.39789486 4.83407259 -2.98893189
v 5.3485136 4.81254911 -3.17736626
v 5.39989424 4.78913116 1.4543921E-16
v 5.41953039 4.81254911 -2.99003768
v 5.33350039 4.79101896 -3.16326165
v 5.39789486 4.79102564 -2.98893189
v 5.39989424 4.83596706 1.48214765E-16
v 5.42331219 4.81254911 1.46549432E-16
v 5.39989424 4.78913116 1.4543921E-16
v 5.39884186 4.79012871 1.57367551
v 5.42132235 4.81254911 1.57425773
v 5.39884186 4.83496952 1.57367551
v 5.39884186 4.79012871 1.57367551
v -3.45517659 4.57210827 -3.19056439
v -3.49522638 5.57375956 -3.19041991
v -3.4552691 5.57375956 -3.18856859
v -3.49513388 4.57210827 -3.19241643
v -3.4552691 5.57375956 -3.18856859
v -3.45517659 4.57210827 -3.19056439
v -4.73466825 5.57373285 -2.77186465
v -4.69677782 4.57213497 -2.78851748
v -4.73390245 4.57208109 -2.77365279
v -4.69754362 5.57378626 -2.78672791
v -4.73390245 4.57208109 -2.77365279
v -4.73466825 5.57373285 -2.77186465
v -0.548970938 7.62400007 2.01396108
v -0.502653182 7.57399988 2.08943963
v -0.548970938 7.57399988 2.01396108
v -0.502653182 7.62400007 2.08943963
v -0.394664288 7.57399988 2.13849235
v -0.573932469 7.59899998 2.01535273
v -0.394664288 7.62400007 2.13849235
v 2.00875616 7.57399988 2.13849235
v 2.00875616 7.62400007 2.13849235
v -0.519788802 7.59899998 2.10532713
v -0.548970938 7.57399988 2.01396108
v -0.502653182 7.57399988 2.08943963
v -0.396167606 7.59899998 2.16349244
v 2.01025939 7.59899998 2.16349244
v -0.394664288 7.57399988 2.13849235
v 2.00875616 7.57399988 2.13849235
v 2.00875616 7.62400007 2.13849235
v 2.116745 7.57399988 2.08943963
v 2.00875616 7.57399988 2.13849235
v 2.116745 7.62400007 2.08943963
v 2.01025939 7.59899998 2.16349244
v 2.16173387 7.57399988 1.96725583
v 2.13382745 7.59899998 2.10546494
v 2.00875616 7.57399988 2.13849235
v 2.116745 7.57399988 2.08943963
v 2.16173387 7.62400007 1.96725583
v 2.18673325 7.59899998 1.96853149
v 2.16173387 7.57399988 1.96725583
v 2.16188216 7.57399988 1.85233879
v 2.18688178 7.59899998 1.85347283
v 2.16188216 7.62400007 1.85233879
v 2.16188216 7.57399988 1.85233879
v 2.13354373 7.62369776 1.85398924
v 2.15888858 7.20013952 1.88356316
v 2.16028142 7.62361717 1.88363397
v 2.13215399 7.20022011 1.85391724
v 2.16319036 7.62361717 1.82725334
v 2.16179752 7.20013952 1.82718134
v 2.18992496 7.62353659 1.85689819
v 2.18853521 7.20005894 1.85682738
v 2.16028142 7.62361717 1.88363397
v 2.15888858 7.20013952 1.88356316
v 2.13354373 7.62369776 0.64403075
v 2.15888858 7.20013952 0.673603475
v 2.16028142 7.62361717 0.673675537
v 2.13215399 7.20022011 0.643958747
v 2.16319036 7.62361717 0.617294908
v 2.16179752 7.20013952 0.617222905
v 2.18992496 7.62353659 0.646939695
v 2.18853521 7.20005894 0.646867633
v 2.16028142 7.62361717 0.673675537
v 2.15888858 7.20013952 0.673603475
v -0.502653778 7.57399988 -2.08943915
v -0.548971534 7.62400007 -2.0139606
v -0.548971534 7.57399988 -2.0139606
v -0.502653778 7.62400007 -2.08943915
v -0.573932469 7.59899998 -2.01535344
v -0.394664913 7.57399988 -2.13849235
v -0.519789398 7.59899998 -2.10532713
v -0.548971534 7.57399988 -2.0139606
v -0.502653778 7.57399988 -2.08943915
v -0.394664913 7.62400007 -2.13849235
v 2.00875616 7.57399988 -2.13849306
v 2.00875616 7.62400007 -2.13849306
v -0.396168202 7.59899998 -2.16349244
v -0.394664913 7.57399988 -2.13849235
v 2.01025939 7.59899998 -2.16349292
v 2.00875616 7.57399988 -2.13849306
v 2.116745 7.57399988 -2.08943963
v 2.00875616 7.62400007 -2.13849306
v 2.00875616 7.57399988 -2.13849306
v 2.116745 7.62400007 -2.08943963
v 2.01025939 7.59899998 -2.16349292
v 2.16173387 7.57399988 -1.96725583
v 2.13382745 7.59899998 -2.10546446
v 2.00875616 7.57399988 -2.13849306
v 2.116745 7.57399988 -2.08943963
v 2.16173387 7.62400007 -1.96725583
v 2.16265321 7.57399988 0.645778775
v 2.16265321 7.62400007 0.645778775
v 2.18765259 7.59899998 0.64617306
v 2.18673325 7.59899998 -1.96853209
v 2.16173387 7.57399988 -1.96725583
v 2.16265321 7.57399988 0.645778775
v 7.01056576 2.26443315 4.27151823
v 7.47512627 2.48007202 4.56243896
v 7.40917158 2.42479229 4.17930555
v 7.07869673 2.32435608 4.65010929
v 6.91407251 1.92482543 4.74800444
v 6.84274721 1.85714912 4.37131357
v 7.01644707 1.44283831 4.41801786
v 7.08446074 1.51840603 4.79381752
v 7.42340374 1.26476431 4.38520813
v 7.48641157 1.34513175 4.76265049
v 7.07869673 2.32435608 4.65010929
v 7.48641157 1.34513175 4.76265049
v 7.47512627 2.48007202 4.56243896
v 6.91407251 1.92482543 4.74800444
v 7.08446074 1.51840603 4.79381752
v 2.6555388 1.1751169 4.94474363
v 1.54312801 1.1452136 4.55643797
v 2.66023612 1.09583712 4.56511259
v 1.53347719 1.22755015 4.93810034
v 1.59397829 2.34963393 4.74234533
v 2.71568775 2.29998493 4.74815512
v 1.60385132 2.29666829 4.35638762
v 2.721596 2.24526858 4.3643117
v 0.505745828 2.25792098 4.34256077
v 1.59397829 2.34963393 4.74234533
v 1.60385132 2.29666829 4.35638762
v 0.487822264 2.31051707 4.72970533
v 1.53347719 1.22755015 4.93810034
v 0.452474952 1.18727136 4.92534924
v 0.468939185 1.10582745 4.54523611
v 1.54312801 1.1452136 4.55643797
v -0.557191133 2.4084568 4.28848791
v 0.487822264 2.31051707 4.72970533
v 0.505745828 2.25792098 4.34256077
v -0.580723882 2.4626193 4.67292643
v -0.668230593 1.34206951 4.86810923
v 0.452474952 1.18727136 4.92534924
v -0.646270752 1.25849116 4.48668671
v 0.468939185 1.10582745 4.54523611
v -0.668230593 1.34206951 4.86810923
v -1.76370537 1.17898798 4.48938942
v -0.646270752 1.25849116 4.48668671
v -1.7897656 1.27113044 4.86495781
v -1.69833672 2.38718963 4.63642406
v -0.580723882 2.4626193 4.67292643
v -1.6724987 2.31968427 4.25430489
v -0.557191133 2.4084568 4.28848791
v 7.40917158 2.42479229 4.17930555
v 8.71317577 2.59409237 4.2029624
v 8.57633114 2.52383184 3.83984256
v 7.47512627 2.48007202 4.56243896
v 8.80329895 1.47360015 4.43612576
v 7.48641157 1.34513175 4.76265049
v 8.67076206 1.37188566 4.07826853
v 7.42340374 1.26476431 4.38520813
v 8.57633114 2.52383184 3.83984256
v 9.79239082 2.60223055 3.61258936
v 9.56337643 2.534688 3.3008852
v 8.71317577 2.59409237 4.2029624
v 8.80329895 1.47360015 4.43612576
v 9.98451328 1.47611022 3.76340437
v 8.67076206 1.37188566 4.07826853
v 9.75914001 1.38316691 3.45689559
v -4.09695148 1.37951159 4.58044529
v -5.10272408 1.35830307 3.99802613
v -4.03006887 1.29142678 4.20870352
v -5.19211578 1.45582211 4.36555147
v -5.10341311 2.56980515 4.13842201
v -4.00344086 2.4995079 4.37055254
v -5.01155329 2.50174212 3.76553249
v -3.93416166 2.43599057 3.99394107
v -5.10272408 1.35830307 3.99802613
v -6.31596422 1.468135 4.08105993
v -6.2183218 1.37271798 3.71605396
v -5.19211578 1.45582211 4.36555147
v -6.21775723 2.58283925 3.86238909
v -5.10341311 2.56980515 4.13842201
v -6.11610508 2.51659632 3.49060726
v -5.01155329 2.50174212 3.76553249
v -7.28695917 1.48764014 3.36335683
v -8.52245998 1.69359064 3.24202633
v -8.37700272 1.59644341 2.89592624
v -6.31596422 1.468135 4.08105993
v -8.28098392 2.79847431 3.07516074
v -6.21775723 2.58283925 3.86238909
v -8.13062954 2.72571802 2.72445607
v -7.17342091 2.62605643 3.11808157
v -8.28098392 2.79847455 -3.0751605
v -8.52817535 2.61514449 -2.57933807
v -8.13062954 2.72571826 -2.72445583
v -8.67246151 2.69150329 -2.92916894
v -8.90953445 2.32186174 -2.91747165
v -8.76989079 2.23826623 -2.56741166
v -8.70418739 1.81554902 -2.70007086
v -8.84509277 1.90726209 -3.04758286
v -8.37700272 1.59644377 -2.89592576
v -8.52245998 1.693591 -3.24202609
v -8.84509277 1.90726209 -3.04758286
v -8.28098392 2.79847455 -3.0751605
v -8.52245998 1.693591 -3.24202609
v -8.90953445 2.32186174 -2.91747165
v -8.67246151 2.69150329 -2.92916894
v -3.93416166 2.43599105 -3.99394059
v -3.62502861 2.31786323 -4.47119999
v -4.00344086 2.49950838 -4.37055206
v -3.55151296 2.24986553 -4.09837008
v -3.49294376 1.91229379 -4.57628393
v -3.41684055 1.83635402 -4.20551157
v -3.6911304 1.5227505 -4.6204834
v -3.61890841 1.43918276 -4.25057793
v -4.09695148 1.37951219 -4.58044529
v -4.03006887 1.29142737 -4.20870304
v -4.09695148 1.37951219 -4.58044529
v -3.49294376 1.91229379 -4.57628393
v -3.6911304 1.5227505 -4.6204834
v -3.62502861 2.31786323 -4.47119999
v -4.00344086 2.49950838 -4.37055206
v -1.69833672 2.3871901 -4.63642359
v -2.08453369 2.18132281 -4.25204849
v -1.6724987 2.31968474 -4.25430489
v -2.10619807 2.25291371 -4.63077736
v -2.30764937 1.86819041 -4.69696474
v -2.28992915 1.7890625 -4.31953382
v -2.15472341 1.37359941 -4.41808081
v -2.17504263 1.46069801 -4.79361629
v -1.76370537 1.17898846 -4.48938942
v -1.7897656 1.27113104 -4.86495733
v -2.17504263 1.46069801 -4.79361629
v -1.69833672 2.3871901 -4.63642359
v -1.7897656 1.27113104 -4.86495733
v -2.30764937 1.86819041 -4.69696474
v -2.10619807 2.25291371 -4.63077736
v 9.56337643 2.53468847 -3.30088496
v 10.1374063 2.4613986 -3.38563204
v 9.79239082 2.60223103 -3.61258912
v 9.91319752 2.38943911 -3.07560611
v 10.3404884 2.07080626 -3.33557677
v 10.120224 1.99126267 -3.02457571
v 10.2755194 1.66154003 -3.49238729
v 10.0539961 1.57405579 -3.18443441
v 9.98451328 1.4761107 -3.76340413
v 9.75914001 1.38316739 -3.45689535
v 9.98451328 1.4761107 -3.76340413
v 10.3404884 2.07080626 -3.33557677
v 10.2755194 1.66154003 -3.49238729
v 10.1374063 2.4613986 -3.38563204
v 9.79239082 2.60223103 -3.61258912
v 2.721596 2.24526906 -4.36431122
v 3.1048882 2.11622548 -4.78161383
v 2.71568775 2.29998565 -4.74815464
v 3.11616254 2.05708313 -4.4002943
v 3.25132012 1.70846248 -4.85414648
v 3.26546431 1.64133513 -4.47424078
v 3.06202078 1.31774604 -4.92109919
v 3.07245302 1.2429744 -4.54251432
v 2.6555388 1.17511749 -4.94474363
v 2.66023612 1.09583771 -4.56511259
v 2.6555388 1.17511749 -4.94474363
v 3.25132012 1.70846248 -4.85414648
v 3.06202078 1.31774604 -4.92109919
v 3.1048882 2.11622548 -4.78161383
v 2.71568775 2.29998565 -4.74815464
v 7.47512627 2.4800725 -4.56243849
v 7.01056576 2.26443362 -4.27151823
v 7.40917158 2.42479277 -4.17930555
v 7.07869673 2.32435679 -4.65010929
v 6.91407251 1.92482603 -4.74800444
v 6.84274721 1.8571496 -4.3713131
v 7.01644707 1.44283891 -4.41801739
v 7.08446074 1.51840663 -4.79381752
v 7.42340374 1.26476479 -4.38520813
v 7.48641157 1.34513247 -4.76265049
v 7.48641157 1.34513247 -4.76265049
v 7.07869673 2.32435679 -4.65010929
v 7.47512627 2.4800725 -4.56243849
v 6.91407251 1.92482603 -4.74800444
v 7.08446074 1.51840663 -4.79381752
v 1.54312801 1.14521408 -4.55643749
v 2.6555388 1.17511749 -4.94474363
v 2.66023612 1.09583771 -4.56511259
v 1.53347719 1.22755075 -4.93810034
v 1.59397829 2.34963441 -4.74234533
v 2.71568775 2.29998565 -4.74815464
v 1.60385132 2.29666877 -4.35638762
v 2.721596 2.24526906 -4.36431122
v 1.59397829 2.34963441 -4.74234533
v 0.505745828 2.25792146 -4.34256029
v 1.60385132 2.29666877 -4.35638762
v 0.487822264 2.31051779 -4.72970486
v 1.53347719 1.22755075 -4.93810034
v 0.452474952 1.18727195 -4.92534924
v 0.468939185 1.10582805 -4.54523611
v 1.54312801 1.14521408 -4.55643749
v 0.487822264 2.31051779 -4.72970486
v -0.557191133 2.40845728 -4.28848743
v 0.505745828 2.25792146 -4.34256029
v -0.580723882 2.46261978 -4.67292595
v -0.668230593 1.3420701 -4.86810923
v 0.452474952 1.18727195 -4.92534924
v -0.646270752 1.25849175 -4.48668671
v 0.468939185 1.10582805 -4.54523611
v -1.76370537 1.17898846 -4.48938942
v -0.668230593 1.3420701 -4.86810923
v -0.646270752 1.25849175 -4.48668671
v -1.7897656 1.27113104 -4.86495733
v -1.69833672 2.3871901 -4.63642359
v -0.580723882 2.46261978 -4.67292595
v -1.6724987 2.31968474 -4.25430489
v -0.557191133 2.40845728 -4.28848743
v 8.71317577 2.59409285 -4.20296192
v 7.40917158 2.42479277 -4.17930555
v 8.57633114 2.52383232 -3.83984208
v 7.47512627 2.4800725 -4.56243849
v 8.80329895 1.47360075 -4.43612528
v 7.48641157 1.34513247 -4.76265049
v 8.67076206 1.37188625 -4.07826805
v 7.42340374 1.26476479 -4.38520813
v 9.79239082 2.60223103 -3.61258912
v 8.57633114 2.52383232 -3.83984208
v 9.56337643 2.53468847 -3.30088496
v 8.71317577 2.59409285 -4.20296192
v 8.80329895 1.47360075 -4.43612528
v 9.98451328 1.4761107 -3.76340413
v 8.67076206 1.37188625 -4.07826805
v 9.75914001 1.38316739 -3.45689535
v -5.10272408 1.35830355 -3.99802566
v -4.09695148 1.37951219 -4.58044529
v -4.03006887 1.29142737 -4.20870304
v -5.19211578 1.45582271 -4.36555099
v -5.10341311 2.56980586 -4.13842154
v -4.00344086 2.49950838 -4.37055206
v -5.01155329 2.5017426 -3.76553226
v -3.93416166 2.43599105 -3.99394059
v -6.31596422 1.4681356 -4.08105993
v -5.10272408 1.35830355 -3.99802566
v -6.2183218 1.37271845 -3.71605372
v -5.19211578 1.45582271 -4.36555099
v -6.21775723 2.58283997 -3.86238885
v -5.10341311 2.56980586 -4.13842154
v -6.11610508 2.51659679 -3.49060702
v -5.01155329 2.5017426 -3.76553226
v -8.52245998 1.693591 -3.24202609
v -7.28695917 1.48764062 -3.36335659
v -8.37700272 1.59644377 -2.89592576
v -6.31596422 1.4681356 -4.08105993
v -8.28098392 2.79847455 -3.0751605
v -6.21775723 2.58283997 -3.86238885
v -8.13062954 2.72571826 -2.72445583
v -7.17342091 2.62605715 -3.11808133
v -0.526201785 5.44824648 2.01962757
v -0.526187122 5.39847851 3.18027282
v -0.526201785 5.39844847 2.01962805
v -0.526187122 5.44827509 3.18027282
v -2.25675726 5.44824839 2.01961017
v -2.25675726 5.44824886 3.18027925
v -2.25675845 5.39845085 2.01960969
v -2.25675726 5.39845133 3.18027925
v -0.526187122 5.39847851 3.18027282
v -0.526187122 5.44827509 3.18027282
v -2.25675726 5.39845133 3.18027925
v -0.670354605 5.17947626 2.01962113
v -0.316207886 5.22927284 2.01962066
v -0.316209108 5.17947674 2.01962066
v -0.670354605 5.22927284 2.0196209
v -0.316187114 5.17947865 3.18027234
v -0.316209108 5.17947674 2.01962066
v -0.316187114 5.22927475 3.18027234
v -0.670354605 5.22927284 2.0196209
v -0.670355797 5.22927284 3.18029022
v -0.670354605 5.17947626 2.01962113
v -0.670355797 5.17947626 3.18028975
v -0.670355797 5.17947626 3.18028975
v -0.316187114 5.22927475 3.18027234
v -0.316187114 5.17947865 3.18027234
v -0.460355818 4.96047544 2.01962066
v -0.106209107 5.01027346 2.01962113
v -0.106209107 4.96047544 2.01962113
v -0.460355818 5.01027393 2.01962113
v -0.106187135 4.96047831 3.1802721
v -0.106209107 4.96047544 2.01962113
v -0.106187135 5.01027584 3.18027234
v -0.460355818 5.01027393 2.01962113
v -0.460355222 5.01027346 3.18029022
v -0.460355818 4.96047544 2.01962066
v -0.460355818 4.96047544 3.18028975
v -0.460355818 4.96047544 3.18028975
v -0.106187135 5.01027584 3.18027234
v -0.106187135 4.96047831 3.1802721
v -0.250354618 4.74147558 2.01962137
v 0.103790894 4.79127407 2.01962066
v 0.103790894 4.74147558 2.01962113
v -0.250355214 4.79127407 2.01962066
v 0.103812866 4.74147749 3.18027234
v 0.103790894 4.74147558 2.01962113
v 0.103812866 4.7912755 3.18027186
v -0.250355214 4.79127407 2.01962066
v -0.250332624 4.7912755 3.18027234
v -0.250354618 4.74147558 2.01962137
v -0.250332624 4.74147749 3.18027234
v -0.250332624 4.74147749 3.18027234
v 0.103812866 4.7912755 3.18027186
v 0.103812866 4.74147749 3.18027234
v -2.11261153 5.17945194 3.18027854
v -2.46675706 5.229249 3.18027854
v -2.46675706 5.17945194 3.1802783
v -2.11261153 5.22924805 3.18027854
v -2.46675825 5.17945099 2.01960993
v -2.46675706 5.17945194 3.1802783
v -2.46675825 5.22924852 2.01960993
v -2.11261153 5.22924805 3.18027854
v -2.11263371 5.22924566 2.01962686
v -2.11261153 5.17945194 3.18027854
v -2.1126349 5.17944956 2.01962686
v -2.1126349 5.17944956 2.01962686
v -2.46675825 5.22924852 2.01960993
v -2.46675825 5.17945099 2.01960993
v -2.32261896 4.96047783 3.18027234
v -2.67675829 5.01024961 3.18027878
v -2.67676687 4.96047783 3.18027234
v -2.32261896 5.01027584 3.18027234
v -2.6767571 4.96045208 2.01960993
v -2.67676687 4.96047783 3.18027234
v -2.67675829 5.01024961 2.01960969
v -2.32261896 5.01027584 3.18027234
v -2.32261157 5.01024961 2.01960969
v -2.32261896 4.96047783 3.18027234
v -2.32261276 4.9604516 2.01960993
v -2.32261276 4.9604516 2.01960993
v -2.67675829 5.01024961 2.01960969
v -2.6767571 4.96045208 2.01960993
v -2.532619 4.74147797 3.18027282
v -2.88676572 4.79127598 3.1802721
v -2.88676572 4.74147797 3.18027282
v -2.532619 4.79127693 3.1802721
v -2.88675833 4.74145126 2.01960921
v -2.88676572 4.74147797 3.18027282
v -2.88675833 4.79124928 2.01960921
v -2.532619 4.79127693 3.1802721
v -2.53261161 4.79124928 2.01960921
v -2.532619 4.74147797 3.18027282
v -2.532619 4.74147892 2.01960325
v -2.532619 4.74147892 2.01960325
v -2.88675833 4.79124928 2.01960921
v -2.88675833 4.74145126 2.01960921
v -0.316187114 5.17947865 3.18027234
v -0.670354605 5.17947626 2.01962113
v -0.316209108 5.17947674 2.01962066
v -0.670355797 5.17947626 3.18028975
v -0.106187135 4.96047831 3.1802721
v -0.460355818 4.96047544 2.01962066
v -0.106209107 4.96047544 2.01962113
v -0.460355818 4.96047544 3.18028975
v 0.103812866 4.74147749 3.18027234
v -0.250354618 4.74147558 2.01962137
v 0.103790894 4.74147558 2.01962113
v -0.250332624 4.74147749 3.18027234
v -0.526187122 5.39847851 3.18027282
v -2.25675845 5.39845085 2.01960969
v -0.526201785 5.39844847 2.01962805
v -2.25675726 5.39845133 3.18027925
v -2.46675825 5.17945099 2.01960993
v -2.11261153 5.17945194 3.18027854
v -2.46675706 5.17945194 3.1802783
v -2.1126349 5.17944956 2.01962686
v -2.6767571 4.96045208 2.01960993
v -2.32261896 4.96047783 3.18027234
v -2.67676687 4.96047783 3.18027234
v -2.32261276 4.9604516 2.01960993
v -2.88675833 4.74145126 2.01960921
v -2.532619 4.74147797 3.18027282
v -2.88676572 4.74147797 3.18027282
v -2.532619 4.74147892 2.01960325
v -7.98237705 2.14320898 0.521148682
v -8.30155468 2.19174981 0.521149874
v -8.30155468 2.14320898 0.521148682
v -7.98237705 2.19174933 0.521148682
v -8.30155563 2.14320898 -0.515209973
v -8.30155468 2.14320898 0.521148682
v -8.30155563 2.19174933 -0.515210569
v -7.98237705 2.19174933 0.521148682
v -7.98237848 2.19174957 -0.515211165
v -7.98237705 2.14320898 0.521148682
v -7.98237848 2.14320898 -0.515210569
v -7.98237848 2.14320898 -0.515210569
v -8.30155563 2.19174933 -0.515210569
v -8.30155563 2.14320898 -0.515209973
v -8.30155563 2.14320898 -0.515209973
v -7.98237705 2.14320898 0.521148682
v -8.30155468 2.14320898 0.521148682
v -7.98237848 2.14320898 -0.515210569
v -7.73237705 2.39320922 0.52114743
v -8.05155468 2.44174981 0.521148682
v -8.05155468 2.39320898 0.521148086
v -7.73237848 2.44174957 0.521148086
v -8.05155468 2.39320898 -0.515210569
v -8.05155468 2.39320898 0.521148086
v -8.05155563 2.44174933 -0.515211165
v -7.73237848 2.44174957 0.521148086
v -7.73237848 2.44174981 -0.515212417
v -7.73237705 2.39320922 0.52114743
v -7.73237848 2.39320946 -0.515211761
v -7.73237848 2.39320946 -0.515211761
v -8.05155563 2.44174933 -0.515211165
v -8.05155468 2.39320898 -0.515210569
v -8.05155468 2.39320898 -0.515210569
v -7.73237705 2.39320922 0.52114743
v -8.05155468 2.39320898 0.521148086
v -7.73237848 2.39320946 -0.515211761
v -7.4823761 2.64320803 0.521146834
v -7.80155325 2.69174957 0.521148086
v -7.80155325 2.64320898 0.521148086
v -7.4823761 2.6917491 0.52114743
v -7.80155325 2.64320898 -0.515211165
v -7.80155325 2.64320898 0.521148086
v -7.80155325 2.69174957 -0.515211165
v -7.4823761 2.6917491 0.52114743
v -7.48237848 2.69174957 -0.515212417
v -7.4823761 2.64320803 0.521146834
v -7.4823761 2.6432085 -0.515213013
v -7.4823761 2.6432085 -0.515213013
v -7.80155325 2.69174957 -0.515211165
v -7.80155325 2.64320898 -0.515211165
v -7.80155325 2.64320898 -0.515211165
v -7.4823761 2.64320803 0.521146834
v -7.80155325 2.64320898 0.521148086
v -7.4823761 2.6432085 -0.515213013
v -7.23237467 2.89320803 0.52114743
v -7.55155182 2.94174886 0.521148086
v -7.55155182 2.8932085 0.521148086
v -7.23237467 2.94174862 0.52114743
v -7.55154943 2.89320064 -0.515209317
v -7.55155182 2.8932085 0.521148086
v -7.55155087 2.94174099 -0.515209973
v -7.23237467 2.94174862 0.52114743
v -7.23237467 2.94174123 -0.515210569
v -7.23237467 2.89320803 0.52114743
v -7.23237371 2.89320064 -0.515210569
v -7.23237371 2.89320064 -0.515210569
v -7.55155087 2.94174099 -0.515209973
v -7.55154943 2.89320064 -0.515209317
v -7.55154943 2.89320064 -0.515209317
v -7.23237467 2.89320803 0.52114743
v -7.55155182 2.8932085 0.521148086
v -7.23237371 2.89320064 -0.515210569
v -6.98237085 3.14320827 0.521143496
v -7.30154705 3.19174433 0.521146238
v -7.30154705 3.14320374 0.521144986
v -6.98237228 3.19174886 0.5211429
v -7.30154562 3.14320421 -0.515213609
v -7.30154705 3.14320374 0.521144986
v -7.30154848 3.19174457 -0.515214205
v -6.98237228 3.19174886 0.5211429
v -6.98237085 3.19174457 -0.515215158
v -6.98237085 3.14320827 0.521143496
v -6.98237085 3.14320397 -0.515215755
v -6.98237085 3.14320397 -0.515215755
v -7.30154848 3.19174457 -0.515214205
v -7.30154562 3.14320421 -0.515213609
v -7.30154562 3.14320421 -0.515213609
v -6.98237085 3.14320827 0.521143496
v -7.30154705 3.14320374 0.521144986
v -6.98237085 3.14320397 -0.515215755
v -5.98236847 4.14320326 0.521143198
v -6.30154467 4.19174433 0.52114439
v -6.30154467 4.14320421 0.52114439
v -5.98236847 4.1917448 0.521143794
v -6.3015461 4.14320421 -0.515214503
v -6.30154467 4.14320421 0.52114439
v -6.3015461 4.1917448 -0.515214503
v -5.98236847 4.1917448 0.521143794
v -5.98237085 4.19174528 -0.515216053
v -5.98236847 4.14320326 0.521143198
v -5.98236847 4.14320374 -0.515215456
v -5.98236847 4.14320374 -0.515215456
v -6.3015461 4.1917448 -0.515214503
v -6.3015461 4.14320421 -0.515214503
v -6.3015461 4.14320421 -0.515214503
v -5.98236847 4.14320326 0.521143198
v -6.30154467 4.14320421 0.52114439
v -5.98236847 4.14320374 -0.515215456
v -6.48236847 3.64320397 0.521141946
v -6.80154467 3.6917448 0.521142542
v -6.80154467 3.64320421 0.521143198
v -6.4823699 3.6917448 0.521142542
v -6.8015461 3.64320493 -0.515215456
v -6.80154467 3.64320421 0.521143198
v -6.8015461 3.6917448 -0.515215456
v -6.4823699 3.6917448 0.521142542
v -6.48237085 3.69174528 -0.515217245
v -6.48236847 3.64320397 0.521141946
v -6.48236847 3.64320445 -0.515216649
v -6.48236847 3.64320445 -0.515216649
v -6.8015461 3.6917448 -0.515215456
v -6.8015461 3.64320493 -0.515215456
v -6.8015461 3.64320493 -0.515215456
v -6.48236847 3.64320397 0.521141946
v -6.80154467 3.64320421 0.521143198
v -6.48236847 3.64320445 -0.515216649
v -6.23236752 3.8932054 0.521142542
v -6.55154467 3.94174647 0.52114439
v -6.55154467 3.8932054 0.521142542
v -6.23236752 3.94174552 0.521141946
v -6.5515461 3.89320612 -0.515215755
v -6.55154467 3.8932054 0.521142542
v -6.5515461 3.94174576 -0.515216649
v -6.23236752 3.94174552 0.521141946
v -6.2323699 3.94174576 -0.515217245
v -6.23236752 3.8932054 0.521142542
v -6.23236847 3.89320588 -0.515217245
v -6.23236847 3.89320588 -0.515217245
v -6.5515461 3.94174576 -0.515216649
v -6.5515461 3.89320612 -0.515215755
v -6.5515461 3.89320612 -0.515215755
v -6.23236752 3.8932054 0.521142542
v -6.55154467 3.8932054 0.521142542
v -6.23236847 3.89320588 -0.515217245
v -6.73236752 3.3932054 0.521140456
v -7.05154467 3.44174695 0.521142244
v -7.05154467 3.39320588 0.52114135
v -6.73236752 3.44174647 0.521140754
v -7.05154467 3.39320636 -0.515217245
v -7.05154467 3.39320588 0.52114135
v -7.0515461 3.44174671 -0.515218198
v -6.73236752 3.44174647 0.521140754
v -6.73236847 3.44174671 -0.515218794
v -6.73236752 3.3932054 0.521140456
v -6.73236847 3.39320612 -0.515219092
v -6.73236847 3.39320612 -0.515219092
v -7.0515461 3.44174671 -0.515218198
v -7.05154467 3.39320636 -0.515217245
v -7.05154467 3.39320636 -0.515217245
v -6.73236752 3.3932054 0.521140456
v -7.05154467 3.39320588 0.52114135
v -6.73236847 3.39320612 -0.515219092
v -0.526188314 5.39847898 -3.18027306
v -0.526202977 5.44824696 -2.01962805
v -0.526202977 5.39844894 -2.01962805
v -0.526188314 5.44827557 -3.18027306
v -2.25675845 5.44824886 -2.01960969
v -2.25675845 5.44824934 -3.18027925
v -2.25675964 5.39845133 -2.01960969
v -2.25675845 5.39845181 -3.18027925
v -0.526188314 5.39847898 -3.18027306
v -2.25675845 5.39845181 -3.18027925
v -0.526188314 5.44827557 -3.18027306
v -0.670355797 5.17947674 -2.01962185
v -0.316209108 5.2292738 -2.01962113
v -0.670355797 5.2292738 -2.01962113
v -0.31621033 5.17947721 -2.01962113
v -0.316188335 5.17947912 -3.18027234
v -0.31621033 5.17947721 -2.01962113
v -0.316188335 5.22927523 -3.18027234
v -0.670355797 5.2292738 -2.01962113
v -0.670357049 5.2292738 -3.1802907
v -0.670355797 5.17947674 -2.01962185
v -0.670357049 5.17947674 -3.18029022
v -0.316188335 5.22927523 -3.18027234
v -0.670357049 5.17947674 -3.18029022
v -0.316188335 5.17947912 -3.18027234
v -0.46035704 4.96047592 -2.01962113
v -0.106210321 5.01027393 -2.01962185
v -0.46035704 5.01027441 -2.01962185
v -0.106210321 4.96047592 -2.01962185
v -0.106188349 4.96047878 -3.18027234
v -0.106210321 4.96047592 -2.01962185
v -0.106188349 5.01027632 -3.18027234
v -0.46035704 5.01027441 -2.01962185
v -0.460356444 5.01027393 -3.1802907
v -0.46035704 4.96047592 -2.01962113
v -0.46035704 4.96047592 -3.18029022
v -0.106188349 5.01027632 -3.18027234
v -0.46035704 4.96047592 -3.18029022
v -0.106188349 4.96047878 -3.18027234
v -0.25035584 4.74147654 -2.01962185
v 0.103789672 4.79127502 -2.01962113
v -0.250356436 4.79127502 -2.01962113
v 0.103789672 4.74147654 -2.01962185
v 0.103811644 4.74147892 -3.18027306
v 0.103789672 4.74147654 -2.01962185
v 0.103811644 4.79127693 -3.18027234
v -0.250356436 4.79127502 -2.01962113
v -0.250333846 4.79127598 -3.18027234
v -0.25035584 4.74147654 -2.01962185
v -0.250333846 4.74147797 -3.18027234
v 0.103811644 4.79127693 -3.18027234
v -0.250333846 4.74147797 -3.18027234
v 0.103811644 4.74147892 -3.18027306
v -2.11261296 5.17945242 -3.18027854
v -2.46675825 5.22924995 -3.18027854
v -2.11261296 5.22924852 -3.18027854
v -2.46675825 5.17945242 -3.18027854
v -2.46675968 5.17945194 -2.01960969
v -2.46675825 5.17945242 -3.18027854
v -2.46675968 5.229249 -2.01960969
v -2.11261296 5.22924852 -3.18027854
v -2.1126349 5.22924614 -2.01962662
v -2.11261296 5.17945242 -3.18027854
v -2.11263609 5.17945004 -2.01962662
v -2.46675968 5.229249 -2.01960969
v -2.11263609 5.17945004 -2.01962662
v -2.46675968 5.17945194 -2.01960969
v -2.32262015 4.96047831 -3.18027234
v -2.67675948 5.01025009 -3.18027806
v -2.32262015 5.01027632 -3.18027234
v -2.67676806 4.96047878 -3.18027186
v -2.67675829 4.96045208 -2.01960897
v -2.67676806 4.96047878 -3.18027186
v -2.67675948 5.01024961 -2.01960897
v -2.32262015 5.01027632 -3.18027234
v -2.32261276 5.01025009 -2.01960969
v -2.32262015 4.96047831 -3.18027234
v -2.32261419 4.96045208 -2.01960969
v -2.67675948 5.01024961 -2.01960897
v -2.32261419 4.96045208 -2.01960969
v -2.67675829 4.96045208 -2.01960897
v -2.53262019 4.74147892 -3.18027234
v -2.88676691 4.79127741 -3.18027186
v -2.53262019 4.79127741 -3.18027234
v -2.88676691 4.7414794 -3.18027186
v -2.88675952 4.74145126 -2.01960897
v -2.88676691 4.7414794 -3.18027186
v -2.88675952 4.79124975 -2.01960897
v -2.53262019 4.79127741 -3.18027234
v -2.5326128 4.79124975 -2.01960969
v -2.53262019 4.74147892 -3.18027234
v -2.53262019 4.7414794 -2.01960349
v -2.88675952 4.79124975 -2.01960897
v -2.53262019 4.7414794 -2.01960349
v -2.88675952 4.74145126 -2.01960897
v -0.316188335 5.17947912 -3.18027234
v -0.670355797 5.17947674 -2.01962185
v -0.670357049 5.17947674 -3.18029022
v -0.31621033 5.17947721 -2.01962113
v -0.106188349 4.96047878 -3.18027234
v -0.46035704 4.96047592 -2.01962113
v -0.46035704 4.96047592 -3.18029022
v -0.106210321 4.96047592 -2.01962185
v 0.103811644 4.74147892 -3.18027306
v -0.25035584 4.74147654 -2.01962185
v -0.250333846 4.74147797 -3.18027234
v 0.103789672 4.74147654 -2.01962185
v -0.526188314 5.39847898 -3.18027306
v -2.25675964 5.39845133 -2.01960969
v -2.25675845 5.39845181 -3.18027925
v -0.526202977 5.39844894 -2.01962805
v -2.46675968 5.17945194 -2.01960969
v -2.11261296 5.17945242 -3.18027854
v -2.11263609 5.17945004 -2.01962662
v -2.46675825 5.17945242 -3.18027854
v -2.67675829 4.96045208 -2.01960897
v -2.32262015 4.96047831 -3.18027234
v -2.32261419 4.96045208 -2.01960969
v -2.67676806 4.96047878 -3.18027186
v -2.88675952 4.74145126 -2.01960897
v -2.53262019 4.74147892 -3.18027234
v -2.53262019 4.7414794 -2.01960349
v -2.88676691 4.7414794 -3.18027186
v 2.16319036 7.62361717 0.617294908
v 2.1617682 7.63533306 0.64548707
v 2.18992496 7.62353659 0.646939695
v 2.13354373 7.62369776 0.64403075
v 2.16028142 7.62361717 0.673675537
v 2.16319036 7.62361717 1.82725334
v 2.1617682 7.63533306 1.8554455
v 2.18992496 7.62353659 1.85689819
v 2.13354373 7.62369776 1.85398924
v 2.16028142 7.62361717 1.88363397
v 5.43328762 5.60760784 1.57380247
v 5.3999238 5.62092257 1.57380247
v 5.39989662 5.60767365 1.6071924
v 5.39989662 5.60767365 1.54041255
v 5.36650801 5.60773993 1.57380247
v 5.43328762 5.60760784 2.79677606
v 5.3999238 5.62092257 2.79677606
v 5.39989805 5.60767365 2.83016586
v 5.39989805 5.60767365 2.76338625
v 5.36650801 5.60773993 2.79677606
v -5.92083597 5.6104064 -0.596781015
v -5.9540329 5.61034775 -0.568225682
v -5.92315722 5.62239695 -0.565904558
v -5.89228058 5.61046457 -0.563582778
v -5.92547846 5.6104064 -0.53502804
v -5.92083597 5.6104064 0.596782207
v -5.92315722 5.62239695 0.56590575
v -5.9540329 5.61034775 0.568226278
v -5.8922801 5.61046457 0.56358397
v -5.92547846 5.6104064 0.535029292
v -11.0132637 2.08244491 1.2207031E-06
v -10.4911385 3.26068282 -0.763558209
v -10.7679071 3.32039356 1.2162327E-06
v -10.4911385 3.26068282 0.763559878
v -10.721899 2.03556824 -0.80880928
v -10.721899 2.03556824 0.808811724
v -11.6111031 2.2594831 -1.40683961
v -11.6111012 2.2594831 1.4068414
v -12.0745783 2.33917046 -0.0173804462
v -12.0745783 2.33917046 0.0173829552
v -11.5220289 2.18613601 1.2207031E-06
v -2.06832457 5.68705988 -3.27423191
v 0.294063717 4.57817459 -3.2742269
v -3.0944891 4.57817459 -3.27422619
v -3.0944891 4.57817507 -3.17081571
v -2.06832457 5.68706036 -3.17082167
v 0.294063717 4.57817507 -3.17081761
v -0.732086778 5.68705988 -3.27423191
v -0.732086778 5.68705988 -3.17082167
v 0.294064939 4.57817411 3.27422833
v -2.06832337 5.6870594 3.27423429
v -3.09448791 4.57817411 3.27422833
v -3.09448791 4.57817411 3.17081833
v -2.06832337 5.68705988 3.17082429
v 0.294064939 4.57817411 3.17081833
v -0.732085526 5.68705845 3.27423382
v -0.732085526 5.6870594 3.17082381
v -0.439263284 4.35202551 0.613503397
v -0.450680524 4.34011126 0.208001703
v -0.438766479 4.35202599 0.208010256
v -0.438766479 4.36887693 0.208010256
v -0.451177955 4.34011078 0.613492429
v -0.439263284 4.36887693 0.613503397
v -0.468029767 4.34011078 0.613477767
v -0.467532337 4.3401103 0.207989499
v -0.479944438 4.35202551 0.613466799
v -0.479447633 4.35202503 0.207980946
v -0.479944438 4.36887693 0.613466799
v -0.479447633 4.36887741 0.207980946
v -0.468029767 4.38079166 0.613477767
v -0.467532337 4.38079214 0.207989499
v -0.451177955 4.38079166 0.613492429
v -0.450680524 4.38079166 0.208001703
v -0.439263284 4.66976452 0.613503397
v -0.450680524 4.65785027 0.208001703
v -0.438766479 4.669765 0.208010256
v -0.438766479 4.68661594 0.208010256
v -0.451177955 4.65784979 0.613492429
v -0.439263284 4.68661642 0.613503397
v -0.468029767 4.65784979 0.613477767
v -0.467532337 4.65784979 0.207989499
v -0.479944438 4.66976452 0.613466799
v -0.479447633 4.66976452 0.207980946
v -0.479944438 4.68661642 0.613466799
v -0.479447633 4.6866169 0.207980946
v -0.468029767 4.69853115 0.613477767
v -0.467532337 4.69853115 0.207989499
v -0.451177955 4.69853115 0.613492429
v -0.450680524 4.69853067 0.208001703
v -0.439263284 5.00524473 0.613503397
v -0.450680524 4.99333048 0.208001703
v -0.438766479 5.00524569 0.208010256
v -0.438766479 5.02209616 0.208010256
v -0.451177955 4.99333048 0.613492429
v -0.439263284 5.02209663 0.613503397
v -0.468029767 4.99333048 0.613477767
v -0.467532337 4.99333 0.207989499
v -0.479944438 5.00524473 0.613466799
v -0.479447633 5.00524473 0.207980946
v -0.479944438 5.02209663 0.613466799
v -0.479447633 5.02209711 0.207980946
v -0.468029767 5.03401136 0.613477767
v -0.467532337 5.03401184 0.207989499
v -0.451177955 5.03401136 0.613492429
v -0.450680524 5.03401089 0.208001703
v -0.439263284 5.28629255 0.613503397
v -0.450680524 5.27437878 0.208001703
v -0.438766479 5.28629398 0.208010256
v -0.438766479 5.30314445 0.208010256
v -0.451177955 5.27437878 0.613492429
v -0.439263284 5.30314445 0.613503397
v -0.468029767 5.27437878 0.613477767
v -0.467532337 5.27437782 0.207989499
v -0.479944438 5.28629255 0.613466799
v -0.479447633 5.28629255 0.207980946
v -0.479944438 5.30314445 0.613466799
v -0.479447633 5.30314493 0.207980946
v -0.468029767 5.31505966 0.613477767
v -0.467532337 5.31505966 0.207989499
v -0.451177955 5.31505966 0.613492429
v -0.450680524 5.31505919 0.208001703
v -0.439263284 5.62177372 0.613503397
v -0.450680524 5.60985899 0.208001703
v -0.438766479 5.62177372 0.208010256
v -0.438766479 5.63862419 0.208010256
v -0.451177955 5.60985804 0.613492429
v -0.439263284 5.63862514 0.613503397
v -0.468029767 5.60985804 0.613477767
v -0.467532337 5.60985804 0.207989499
v -0.479944438 5.62177372 0.613466799
v -0.479447633 5.62177277 0.207980946
v -0.479944438 5.63862514 0.613466799
v -0.479447633 5.63862514 0.207980946
v -0.468029767 5.6505394 0.613477767
v -0.467532337 5.65053988 0.207989499
v -0.451177955 5.6505394 0.613492429
v -0.450680524 5.6505394 0.208001703
v -0.439263284 5.92226315 0.613503397
v -0.450680524 5.91034889 0.208001703
v -0.438766479 5.92226362 0.208010256
v -0.438766479 5.93911409 0.208010256
v -0.451177955 5.91034842 0.613492429
v -0.439263284 5.93911505 0.613503397
v -0.468029767 5.91034842 0.613477767
v -0.467532337 5.91034794 0.207989499
v -0.479944438 5.92226315 0.613466799
v -0.479447633 5.92226315 0.207980946
v -0.479944438 5.93911505 0.613466799
v -0.479447633 5.93911505 0.207980946
v -0.468029767 5.9510293 0.613477767
v -0.467532337 5.95103025 0.207989499
v -0.451177955 5.9510293 0.613492429
v -0.450680524 5.95102882 0.208001703
v -0.439263284 6.25774336 0.613503397
v -0.450680524 6.24582863 0.208001703
v -0.438766479 6.25774384 0.208010256
v -0.438766479 6.27459478 0.208010256
v -0.451177955 6.24582863 0.613492429
v -0.439263284 6.27459526 0.613503397
v -0.468029767 6.24582863 0.613477767
v -0.467532337 6.24582863 0.207989499
v -0.479944438 6.25774336 0.613466799
v -0.479447633 6.25774288 0.207980946
v -0.479944438 6.27459526 0.613466799
v -0.479447633 6.27459574 0.207980946
v -0.468029767 6.28650999 0.613477767
v -0.467532337 6.28650999 0.207989499
v -0.451177955 6.28650999 0.613492429
v -0.450680524 6.28650999 0.208001703
v -5.90406179 4.23851252 0.525814474
v -8.52592659 1.99159598 0.525813639
v -5.90406179 4.57448721 0.525814533
v -5.90406179 4.23851252 0.637414515
v -5.90406179 4.57448721 0.637414515
v -8.52592659 1.99159598 0.637413681
v -8.52592659 1.65562129 0.525813639
v -8.52592659 1.65562129 0.637413621
v -8.52592659 1.99159598 -0.516551554
v -5.90406179 4.23851252 -0.51655072
v -5.90406179 4.57448721 -0.51655072
v -8.52592659 1.99159598 -0.628151596
v -5.90406179 4.57448721 -0.628150702
v -5.90406179 4.23851252 -0.628150761
v -8.52592659 1.65562129 -0.516551614
v -8.52592659 1.65562129 -0.628151596
vt 0.110162929 0.256212682
vt 0.0727064684 0.30778414
vt 0.143090874 0.25615868
vt 0.114467733 0.256732136
vt 0.0781728551 0.272093683
vt 0.0825814679 0.27361995
vt 0.0404268019 0.286833018
vt 0.0445188172 0.288944006
vt 0.00906794984 0.282806993
vt 0.175122157 0.271957099
vt 0.138788715 0.256690681
vt 0.244254544 0.282618731
vt 0.208803326 0.288756341
vt 0.216640338 0.303010702
vt 0.21289219 0.286643088
vt 0.170717835 0.273491681
vt 0.628958106 0.242827177
vt 0.626497328 0.361552119
vt 0.716217577 0.281653255
vt 0.760856152 0.0449110866
vt 0.634862542 0.0301732421
vt 0.730294406 0.25711453
vt 0.527432084 0.249900937
vt 0.8812325 0.0743270516
vt 0.507833362 0.0367529988
vt 0.833185792 0.287609398
vt 0.994019628 0.112009704
vt 0.919785619 0.337209523
vt 0.424219996 0.274257481
vt 0.385337561 0.0604299307
vt 0.320813805 0.319913268
vt 0.271111518 0.0955952406
vt 0.707553148 0.373354763
vt 0.813192427 0.310643375
vt 0.788399518 0.396050215
vt 0.911345422 0.35584873
vt 0.546073258 0.366949946
vt 0.620575964 0.269440472
vt 0.333405375 0.336917132
vt 0.426725477 0.395974457
vt 0.461999208 0.385798335
vt 0.524215877 0.279044598
vt 0.628958106 0.242827177
vt 0.716217577 0.281653255
vt 0.626497328 0.361552119
vt 0.760856152 0.0449110866
vt 0.634862542 0.0301732421
vt 0.730294406 0.25711453
vt 0.527432084 0.249900937
vt 0.8812325 0.0743270516
vt 0.507833362 0.0367529988
vt 0.833185792 0.287609398
vt 0.994019628 0.112009704
vt 0.919785619 0.337209523
vt 0.424219996 0.274257481
vt 0.385337561 0.0604299307
vt 0.320813805 0.319913268
vt 0.271111518 0.0955952406
vt 0.813192427 0.310643375
vt 0.707553148 0.373354763
vt 0.911345422 0.35584873
vt 0.788399518 0.396050215
vt 0.620575964 0.269440472
vt 0.546073258 0.366949946
vt 0.333405375 0.336917132
vt 0.426725477 0.395974457
vt 0.524215877 0.279044598
vt 0.461999208 0.385798335
vt 0.121463247 0.538753331
vt 0.00643128157 0.31704089
vt 0.00643143058 0.539914668
vt 0.00643128157 0.31704089
vt 0.121463247 0.538753331
vt 0.00643143058 0.539914668
vt 1.25066924 2.17739749
vt 0.527025819 0.737776697
vt 0.500372767 0.992198229
vt 0.500372767 1.29030538
vt 0.500372767 1.79279673
vt 0.500372767 0.992198229
vt 0.527025819 0.737776697
vt 0.638553739 3.07233381
vt 0.568927169 2.75827003
vt 0.568927169 2.75827003
vt 0.529786468 2.43788743
vt 0.638553739 3.07233381
vt 0.726941943 3.35227036
vt 0.592647433 0.40575695
vt 0.552254081 0.548603952
vt 0.651933551 0.287686408
vt 0.734419227 0.188640475
vt 0.843123078 0.108907431
vt 0.970412374 0.0494498312
vt 1.1073693 0.011260733
vt 1.25066912 -0.00231401436
vt 1.1073693 0.011260733
vt 0.970412374 0.0494498312
vt 0.843123078 0.108907431
vt 0.734419227 0.188640475
vt 0.651933551 0.287686408
vt 0.592647433 0.40575695
vt 0.552254081 0.548603952
vt 0.937528968 3.75605774
vt 0.822757363 3.57358956
vt 1.08202684 3.91283369
vt 1.25020361 3.9766314
vt 1.08202684 3.91283369
vt 0.937528968 3.75605774
vt 0.822757363 3.57358956
vt 0.726941943 3.35227036
vt 0.529786468 2.43788743
vt 0.512439132 2.11557245
vt 0.500372767 1.79279673
vt 0.55960983 0.796444297
vt 0.793018043 0.877739787
vt 0.793018043 0.796444297
vt 0.500161827 1.92511964
vt 0.249913111 2.26261592
vt 0.500162065 2.26261592
vt 0.500161827 1.58631361
vt 0.249912843 1.92511964
vt 0.249912843 1.58631361
vt 0.500161827 1.24810696
vt 0.249912843 1.24810696
vt 0.500161827 0.938700497
vt 0.249912843 0.938700497
vt 0.500161827 0.681567788
vt 0.249912843 0.446222156
vt 0.249912843 0.681567788
vt 0.500161827 0.446222097
vt 0.249912843 0.204684809
vt 0.500161827 0.204684809
vt 0.249912843 0.000514216255
vt 0.500161827 0.000361534767
vt 0.500161827 0.204684809
vt 0.249912843 0.204684809
vt 0.500161827 0.446222097
vt 0.249912843 0.446222156
vt 0.500161827 0.681567788
vt 0.249912843 0.681567788
vt 0.249912843 0.938700497
vt 0.500161827 0.938700497
vt 0.249912843 1.24810696
vt 0.500161827 1.24810696
vt 0.249912843 1.58631361
vt 0.500161827 1.58631361
vt 0.249912843 1.92511964
vt 0.500161827 1.92511964
vt 0.249913111 2.26261592
vt 0.500162065 2.26261592
vt 0.249913111 2.59915352
vt 0.497856021 2.60090137
vt 0.663853168 0.796472609
vt 0.383190542 0.877164006
vt 0.383190721 0.796472609
vt 0.830398679 0.877164006
vt 0.663853049 0.877164006
vt 0.830398798 0.796472609
vt 0.99547857 0.877164006
vt 0.793018043 0.877739787
vt 0.55960983 0.796444297
vt 0.793018043 0.796444297
vt 0.628958106 0.242827177
vt 0.626497328 0.361552119
vt 0.716217577 0.281653255
vt 0.760856152 0.0449110866
vt 0.634862542 0.0301732421
vt 0.730294406 0.25711453
vt 0.527432084 0.249900937
vt 0.8812325 0.0743270516
vt 0.507833362 0.0367529988
vt 0.833185792 0.287609398
vt 0.994019628 0.112009704
vt 0.919785619 0.337209523
vt 0.424219996 0.274257481
vt 0.385337561 0.0604299307
vt 0.320813805 0.319913268
vt 0.271111518 0.0955952406
vt 0.707553148 0.373354763
vt 0.813192427 0.310643375
vt 0.788399518 0.396050215
vt 0.911345422 0.35584873
vt 0.546073258 0.366949946
vt 0.620575964 0.269440472
vt 0.333405375 0.336917132
vt 0.426725477 0.395974457
vt 0.461999208 0.385798335
vt 0.524215877 0.279044598
vt 0.628958106 0.242827177
vt 0.716217577 0.281653255
vt 0.626497328 0.361552119
vt 0.760856152 0.0449110866
vt 0.634862542 0.0301732421
vt 0.730294406 0.25711453
vt 0.527432084 0.249900937
vt 0.8812325 0.0743270516
vt 0.507833362 0.0367529988
vt 0.833185792 0.287609398
vt 0.994019628 0.112009704
vt 0.919785619 0.337209523
vt 0.424219996 0.274257481
vt 0.385337561 0.0604299307
vt 0.320813805 0.319913268
vt 0.271111518 0.0955952406
vt 0.813192427 0.310643375
vt 0.707553148 0.373354763
vt 0.911345422 0.35584873
vt 0.788399518 0.396050215
vt 0.620575964 0.269440472
vt 0.546073258 0.366949946
vt 0.333405375 0.336917132
vt 0.426725477 0.395974457
vt 0.524215877 0.279044598
vt 0.461999208 0.385798335
vt 0.628958106 0.242827177
vt 0.626497328 0.361552119
vt 0.716217577 0.281653255
vt 0.760856152 0.0449110866
vt 0.634862542 0.0301732421
vt 0.730294406 0.25711453
vt 0.527432084 0.249900937
vt 0.8812325 0.0743270516
vt 0.507833362 0.0367529988
vt 0.833185792 0.287609398
vt 0.994019628 0.112009704
vt 0.919785619 0.337209523
vt 0.424219996 0.274257481
vt 0.385337561 0.0604299307
vt 0.320813805 0.319913268
vt 0.271111518 0.0955952406
vt 0.707553148 0.373354763
vt 0.813192427 0.310643375
vt 0.788399518 0.396050215
vt 0.911345422 0.35584873
vt 0.546073258 0.366949946
vt 0.620575964 0.269440472
vt 0.333405375 0.336917132
vt 0.426725477 0.395974457
vt 0.461999208 0.385798335
vt 0.524215877 0.279044598
vt 0.628958106 0.242827177
vt 0.716217577 0.281653255
vt 0.626497328 0.361552119
vt 0.760856152 0.0449110866
vt 0.634862542 0.0301732421
vt 0.730294406 0.25711453
vt 0.527432084 0.249900937
vt 0.8812325 0.0743270516
vt 0.507833362 0.0367529988
vt 0.833185792 0.287609398
vt 0.994019628 0.112009704
vt 0.919785619 0.337209523
vt 0.424219996 0.274257481
vt 0.385337561 0.0604299307
vt 0.320813805 0.319913268
vt 0.271111518 0.0955952406
vt 0.813192427 0.310643375
vt 0.707553148 0.373354763
vt 0.911345422 0.35584873
vt 0.788399518 0.396050215
vt 0.620575964 0.269440472
vt 0.546073258 0.366949946
vt 0.333405375 0.336917132
vt 0.426725477 0.395974457
vt 0.524215877 0.279044598
vt 0.461999208 0.385798335
vt 0.628958106 0.242827177
vt 0.626497328 0.361552119
vt 0.716217577 0.281653255
vt 0.760856152 0.0449110866
vt 0.634862542 0.0301732421
vt 0.730294406 0.25711453
vt 0.527432084 0.249900937
vt 0.8812325 0.0743270516
vt 0.507833362 0.0367529988
vt 0.833185792 0.287609398
vt 0.994019628 0.112009704
vt 0.919785619 0.337209523
vt 0.424219996 0.274257481
vt 0.385337561 0.0604299307
vt 0.320813805 0.319913268
vt 0.271111518 0.0955952406
vt 0.707553148 0.373354763
vt 0.813192427 0.310643375
vt 0.788399518 0.396050215
vt 0.911345422 0.35584873
vt 0.546073258 0.366949946
vt 0.620575964 0.269440472
vt 0.333405375 0.336917132
vt 0.426725477 0.395974457
vt 0.461999208 0.385798335
vt 0.524215877 0.279044598
vt 0.628958106 0.242827177
vt 0.716217577 0.281653255
vt 0.626497328 0.361552119
vt 0.760856152 0.0449110866
vt 0.634862542 0.0301732421
vt 0.730294406 0.25711453
vt 0.527432084 0.249900937
vt 0.8812325 0.0743270516
vt 0.507833362 0.0367529988
vt 0.833185792 0.287609398
vt 0.994019628 0.112009704
vt 0.919785619 0.337209523
vt 0.424219996 0.274257481
vt 0.385337561 0.0604299307
vt 0.320813805 0.319913268
vt 0.271111518 0.0955952406
vt 0.813192427 0.310643375
vt 0.707553148 0.373354763
vt 0.911345422 0.35584873
vt 0.788399518 0.396050215
vt 0.620575964 0.269440472
vt 0.546073258 0.366949946
vt 0.333405375 0.336917132
vt 0.426725477 0.395974457
vt 0.524215877 0.279044598
vt 0.461999208 0.385798335
vt 0.065563783 0.934148848
vt 0.0656870455 0.945549607
vt 0.0656870455 0.945549607
vt 0.0989438146 0.945094585
vt 0.098737821 0.933696449
vt 0.0989438146 0.945094585
vt 0.335154325 0.626545906
vt 0.210064679 0.523106813
vt 0.473322421 0.613876939
vt 0.465791941 0.612532079
vt 0.245172814 0.537958026
vt 0.609861851 0.599503458
vt 0.0852443278 0.493703872
vt 0.251493722 0.703579187
vt 0.160665274 0.390437186
vt 0.160125092 0.394029677
vt 0.256359458 0.35387212
vt 0.468796194 0.634250343
vt 0.426925063 0.495806724
vt 0.470658988 0.768801212
vt 0.470669985 0.62724036
vt 0.256608129 0.355750024
vt 0.352229774 0.395874202
vt 0.426603347 0.498627782
vt 1.67878807 0.543329775
vt 1.52037561 0.63803494
vt 1.40481472 0.62742722
vt 1.50967574 0.637962639
vt 1.82320261 0.527702212
vt 1.62675202 0.646315753
vt 0.110162929 0.256212682
vt 0.0727064684 0.30778414
vt 0.143090874 0.25615868
vt 0.114467733 0.256732136
vt 0.0781728551 0.272093683
vt 0.0825814679 0.27361995
vt 0.0404268019 0.286833018
vt 0.0445188172 0.288944006
vt 0.00906794984 0.282806993
vt 0.175122157 0.271957099
vt 0.138788715 0.256690681
vt 0.244254544 0.282618731
vt 0.208803326 0.288756341
vt 0.216640338 0.303010702
vt 0.21289219 0.286643088
vt 0.170717835 0.273491681
vt -8.31647776E-05 7.00561142
vt 0.22481367 4.99812937
vt 0.22477226 6.97053146
vt -8.31647776E-05 7.00561142
vt 0.22477226 6.97053146
vt -8.30669887E-05 4.99812889
vt 0.618224621 0.977686107
vt 0.600309014 0.959604204
vt 0.600310326 0.995769322
vt 0.539719701 0.976664007
vt 0.557614982 0.994749844
vt 0.557615757 0.958578408
vt 0.618224621 0.977686107
vt 0.600309014 0.959604204
vt 0.600310326 0.995769322
vt 0.539719701 0.976664007
vt 0.557614982 0.994749844
vt 0.557615757 0.958578408
vt 0.618224621 0.977686107
vt 0.600309014 0.959604204
vt 0.600310326 0.995769322
vt 0.539719701 0.976664007
vt 0.557614982 0.994749844
vt 0.557615757 0.958578408
vt 0.683647037 0.211267829
vt 0.576678872 0.237697184
vt 0.626497328 0.361552119
vt 0.666396618 0.365443528
vt 0.77306211 0.265203804
vt 0.828314722 0.0295776725
vt 0.701413274 0.00555080175
vt 0.576501429 0.207241952
vt 0.790801167 0.236033142
vt 0.569783151 0.00118565559
vt 0.949953258 0.0639423728
vt 0.469011307 0.225045621
vt 0.440708846 0.0178539753
vt 0.357720912 0.258903205
vt 0.316671878 0.0480020642
vt 0.902949929 0.277442992
vt 1.0349474 0.0948812589
vt 0.991558373 0.311166078
vt 0.475561291 0.256045401
vt 0.546073258 0.366949946
vt 0.426725477 0.395974457
vt 0.472822458 0.257918894
vt 0.749457896 0.384200066
vt 0.877162158 0.302767843
vt 0.815468132 0.405978382
vt 0.963316858 0.341068447
vt 0.683647037 0.211267829
vt 0.626497328 0.361552119
vt 0.576678872 0.237697184
vt 0.77306211 0.265203804
vt 0.666396618 0.365443528
vt 0.828314722 0.0295776725
vt 0.701413274 0.00555080175
vt 0.790801167 0.236033142
vt 0.576501429 0.207241952
vt 0.949953258 0.0639423728
vt 0.569783151 0.00118565559
vt 0.469011307 0.225045621
vt 0.440708846 0.0178539753
vt 0.357720912 0.258903205
vt 0.316671878 0.0480020642
vt 0.902949929 0.277442992
vt 1.0349474 0.0948812589
vt 0.991558373 0.311166078
vt 0.475561291 0.256045401
vt 0.546073258 0.366949946
vt 0.472822458 0.257918894
vt 0.426725477 0.395974457
vt 0.877162158 0.302767843
vt 0.749457896 0.384200066
vt 0.963316858 0.341068447
vt 0.815468132 0.405978382
vt 0.121463217 0.318201989
vt 0.121463224 0.343568712
vt 0.228476912 0.539871275
vt 0.00643129786 0.341080397
vt 0.244077206 0.543947935
vt 0.00643143058 0.539914668
vt 0.121463224 0.343568712
vt 0.121463217 0.318201989
vt 0.228476912 0.539871275
vt 0.244077206 0.543947935
vt 0.00643129786 0.341080397
vt 0.00643143058 0.539914668
vt 0.123861879 0.247785926
vt 0.0293192305 0.218863919
vt 0.0347397029 0.248005897
vt 0.122282453 0.212068975
vt 0.143354475 0.247853681
vt 0.0153736537 0.18674694
vt 0.159689069 0.214561239
vt 0.11753571 0.175271302
vt 0.00310114864 0.146460354
vt 0.195828229 0.180265382
vt 0.113220572 0.141684368
vt 0.00286642741 0.105430804
vt 0.223774061 0.14354983
vt 0.113051355 0.107420899
vt 0.223580927 0.104798995
vt 0.0146485427 0.0641339943
vt 0.195254758 0.068371512
vt 0.11699082 0.0739736259
vt 0.0283899754 0.0310596898
vt 0.158808485 0.0344578549
vt 0.121410266 0.037257053
vt 0.0336949117 0.00141841872
vt 0.142176285 0.00133543415
vt 0.122756511 0.00160526438
vt 0.288576037 0.965723991
vt 0.525845885 0.961485803
vt 0.288576066 0.961485684
vt 0.530672431 0.965724051
vt 0.288576037 0.970688105
vt 0.529138327 0.970688105
vt 0.288576037 0.975652158
vt 0.529628873 0.975652158
vt 0.288576037 0.980616331
vt 0.530127048 0.980616331
vt 0.755482316 0.975652277
vt 0.7549842 0.980616331
vt 0.996535182 0.980616331
vt 0.996535182 0.975652277
vt 0.755972683 0.970688105
vt 0.996535122 0.970688105
vt 0.755740404 0.965724051
vt 0.996535122 0.965724051
vt 0.750730217 0.961485744
vt 0.535314739 0.961485684
vt 0.76038301 0.961485803
vt 0.9963516 0.961485863
vt 0.530672431 0.965724051
vt 0.750804603 0.961492479
vt 0.535333335 0.961492419
vt 0.755740404 0.965724051
vt 0.529138327 0.970688105
vt 0.397421539 0.970688105
vt 0.398748457 0.965723991
vt 0.5259583 0.961514413
vt 0.398784101 0.961485267
vt 0.398090899 0.975652158
vt 0.529628873 0.975652158
vt 0.39877069 0.980616331
vt 0.530127048 0.980616331
vt 0.755972683 0.970688105
vt 0.755482316 0.975652277
vt 0.7549842 0.980616331
vt 0.886500299 0.980616331
vt 0.887179017 0.975652277
vt 0.887847424 0.970688105
vt 0.88712579 0.965724051
vt 0.760454953 0.961514473
vt 0.887090504 0.961485922
vt 0.750859022 0.980616331
vt 0.562767982 0.970688105
vt 0.562077343 0.980616331
vt 0.749929309 0.970688105
vt 0.563033998 0.961485028
vt 0.750777781 0.961490393
vt 0.750859022 0.980616331
vt 0.562767982 0.970688105
vt 0.562077343 0.980616331
vt 0.749929309 0.970688105
vt 0.563033998 0.961485088
vt 0.750777781 0.961490393
vt 0.373435825 0.955318153
vt 0.357128143 0.967471182
vt 0.346135288 0.955318034
vt 0.382369936 0.967471182
vt 0.39380765 0.977435291
vt 0.363090277 0.977435291
vt 0.357128143 0.98739928
vt 0.382369936 0.98739928
vt 0.701182485 0.98739922
vt 0.703166604 0.977435291
vt 0.701182485 0.967471242
vt 0.371201575 0.957494497
vt 0.699440241 0.957494497
vt 0.912438214 0.955318153
vt 0.928745866 0.967471182
vt 0.93973875 0.955318034
vt 0.903504074 0.967471182
vt 0.89206636 0.977435291
vt 0.922783732 0.977435291
vt 0.928745866 0.98739928
vt 0.903504074 0.98739928
vt 0.58541441 0.98739922
vt 0.583408892 0.977435231
vt 0.58541441 0.967471182
vt 0.914672494 0.957494497
vt 0.587178051 0.957494497
vt 0.731425107 0.98739934
vt 0.533428192 0.967471123
vt 0.533428192 0.98739928
vt 0.731425107 0.967471123
vt 0.533654869 0.957494497
vt 0.737505794 0.957494557
vt 0.731425107 0.98739934
vt 0.533428192 0.967471123
vt 0.533428192 0.98739928
vt 0.731425107 0.967471123
vt 0.533654869 0.957494497
vt 0.737505734 0.957494557
vt 0.326396823 0.95575738
vt 0.304088175 0.967471182
vt 0.299996793 0.95608443
vt 0.328682244 0.967471182
vt 0.334297538 0.977435291
vt 0.357128143 0.967471182
vt 0.352311194 0.957494557
vt 0.322829425 0.957494557
vt 0.304834306 0.977435291
vt 0.288835883 0.977435291
vt 0.288835883 0.967471182
vt 0.304683983 0.957141519
vt 0.288835883 0.957141519
vt 0.288835883 0.98739928
vt 0.304088175 0.98739928
vt 0.328682244 0.98739928
vt 0.363090277 0.977435291
vt 0.357128143 0.98739928
vt 0.39380765 0.977435291
vt 0.382369936 0.98739928
vt 0.938781977 0.977435291
vt 0.943998039 0.98739928
vt 0.969499409 0.977435291
vt 0.969239831 0.98739928
vt 0.943998039 0.967471182
vt 0.382369936 0.967471182
vt 0.373435825 0.955318153
vt 0.346135288 0.955318034
vt 0.949434876 0.957494497
vt 0.371201575 0.957494497
vt 0.969239831 0.967471182
vt 0.997038126 0.967471182
vt 0.997038126 0.977435291
vt 0.997038126 0.98739928
vt 0.968603134 0.997375846
vt 0.997038126 0.997375906
vt 0.97069639 0.956999362
vt 0.947265506 0.957124293
vt 0.966392279 0.967471182
vt 0.959477186 0.95575738
vt 0.981785834 0.967471182
vt 0.985877216 0.95608443
vt 0.957191765 0.967471182
vt 0.951576471 0.977435291
vt 0.928745866 0.967471182
vt 0.933562815 0.957494557
vt 0.963044643 0.957494557
vt 0.981039703 0.977435291
vt 0.997038126 0.977435291
vt 0.997038126 0.967471182
vt 0.981190026 0.957141519
vt 0.997038126 0.957141519
vt 0.997038126 0.98739928
vt 0.981785834 0.98739928
vt 0.957191765 0.98739928
vt 0.922783732 0.977435291
vt 0.928745866 0.98739928
vt 0.89206636 0.977435291
vt 0.903504074 0.98739928
vt 0.347092032 0.977435291
vt 0.34187597 0.98739928
vt 0.3163746 0.977435291
vt 0.316634148 0.98739928
vt 0.34187597 0.967471182
vt 0.903504074 0.967471182
vt 0.912438214 0.955318153
vt 0.93973875 0.955318034
vt 0.336439162 0.957494497
vt 0.914672375 0.957494497
vt 0.316634148 0.967471182
vt 0.288835853 0.967471182
vt 0.288835853 0.977435291
vt 0.288835853 0.98739928
vt 0.317270875 0.997375906
vt 0.288835853 0.997375906
vt 0.31517759 0.956999362
vt 0.338608503 0.957124293
vt 0.319481671 0.967471182
vt 0.731425107 0.98739934
vt 0.533428192 0.967471123
vt 0.533428192 0.98739928
vt 0.731425107 0.967471123
vt 0.533654869 0.957494497
vt 0.737505734 0.957494557
vt 0.731425107 0.98739934
vt 0.533428192 0.967471123
vt 0.533428192 0.98739928
vt 0.731425107 0.967471123
vt 0.533654869 0.957494497
vt 0.737505794 0.957494557
vt 0.731425107 0.98739934
vt 0.533428192 0.967471123
vt 0.533428192 0.98739928
vt 0.731425107 0.967471123
vt 0.533654869 0.957494497
vt 0.737505794 0.957494557
vt 0.731425107 0.98739934
vt 0.533428192 0.967471123
vt 0.533428192 0.98739928
vt 0.731425107 0.967471123
vt 0.533654869 0.957494497
vt 0.737505794 0.957494557
vt 0.731425107 0.98739934
vt 0.533428192 0.967471123
vt 0.533428192 0.98739928
vt 0.731425107 0.967471123
vt 0.533654869 0.957494497
vt 0.737505734 0.957494557
vt 0.634012938 0.967618287
vt 0.996868849 0.957710922
vt 0.634012938 0.957710803
vt 0.996868849 0.967618287
vt 0.634012938 0.977525592
vt 0.996868849 0.977525651
vt 0.634012818 0.987432957
vt 0.996868849 0.987432957
vt 0.996868849 0.9973405
vt 0.634012759 0.9973405
vt 0.916603386 0.499911964
vt 0.883598804 1.03040528
vt 0.915775001 1.02950859
vt 0.879764438 0.499896824
vt 0.915775001 1.02950859
vt 0.926805973 0.499952197
vt 1.28960109 1.02732062
vt 1.28080511 0.499596596
vt 1.42197299 1.31644022
vt 1.28489637 1.0285219
vt 1.38815534 1.31634986
vt 1.42218137 0.499896795
vt 1.37565017 1.31940365
vt 1.38530064 1.00423777
vt 1.37233222 1.00430989
vt 1.38926518 1.31866038
vt 1.33908594 1.31621003
vt 1.47851455 1.02830005
vt 1.34021509 1.02775824
vt 1.37283874 1.31632292
vt 1.76791203 1.32629991
vt 1.94668567 0.499898225
vt 1.7675879 0.499925017
vt 1.94649243 1.32660592
vt 2.12450647 0.499896854
vt 2.12401724 1.32649529
vt 2.12383294 1.32649183
vt 2.30243111 0.499895364
vt 2.30153489 1.32648563
vt 2.47929287 0.499894708
vt 2.47873759 1.3265444
vt 2.56805015 1.32625008
vt 2.56838584 0.499896795
vt 2.47929287 0.499894708
vt 2.47873759 1.3265444
vt 2.30156159 1.32648695
vt 2.30243111 0.499895364
vt 2.12450647 0.499896854
vt 2.12385988 1.32649243
vt 1.94649243 1.32660592
vt 2.12401724 1.32649529
vt 1.94668567 0.499898225
vt 1.76791215 1.32629991
vt 1.7675879 0.499925017
vt 0.377419651 0.499952257
vt 0.284575224 0.941422045
vt 0.293433189 0.941422045
vt 0.284606963 0.499952257
vt 0.256557226 0.941421986
vt 0.256578982 0.499952257
vt 0.238535643 0.49789685
vt 0.237683415 0.940408826
vt 0.142512873 0.941422045
vt 0.0452077128 0.499952257
vt 0.879764438 0.499896824
vt 0.480674863 1.03404474
vt 0.476197898 0.499896795
vt 0.883598804 1.03040528
vt 0.916603386 0.499911964
vt 0.915775001 1.02950859
vt 0.732822418 0.489700824
vt 0.790553868 0.515438676
vt 0.926805973 0.499952197
vt 1.15116704 0.812519312
vt 1.42197299 1.31644022
vt 1.28489637 1.0285219
vt 1.42218137 0.499896795
vt 1.38815534 1.31634986
vt 1.38530064 1.00423777
vt 1.37565017 1.31940353
vt 1.37233222 1.00430989
vt 1.38926542 1.31866026
vt 1.37283874 1.31632292
vt 1.34021509 1.02775824
vt 1.47851455 1.02830005
vt 1.33908594 1.31621003
vt 0.925133705 1.026124
vt 0.924001813 1.3145771
vt 0.284575224 0.941422045
vt 0.377419651 0.499952257
vt 0.293433189 0.941422045
vt 0.284606963 0.499952257
vt 0.256557226 0.941421986
vt 0.256578982 0.499952257
vt 0.238535643 0.49789685
vt 0.237683415 0.940408826
vt 0.142512873 0.941422045
vt 0.0452077128 0.499952257
vt 0.28985709 0.72823596
vt 0.995852172 0.643314064
vt 0.28985709 0.643314064
vt 0.995852172 0.72823596
vt 0.995852172 0.643314064
vt 0.825645506 0.72823596
vt 0.995852172 0.72823596
vt 0.825645506 0.643314064
vt 0.28985709 0.72823596
vt 0.28985709 0.643314064
vt 0.28985709 0.72823596
vt 0.513678133 0.643314064
vt 0.28985709 0.643314064
vt 0.513678133 0.72823596
vt 0.741063476 0.643314064
vt 0.741063476 0.72823596
vt 0.995852172 0.72823596
vt 0.995852172 0.643314064
vt 0.741063476 0.643314064
vt 0.741063476 0.72823596
vt 0.513678133 0.72823596
vt 0.513678133 0.643314064
vt 0.28985709 0.72823596
vt 0.28985709 0.643314064
vt 0.94842875 0.643314064
vt 0.995852172 0.72823596
vt 0.995852172 0.643314064
vt 0.94842875 0.72823596
vt 0.902309775 0.643314064
vt 0.902309775 0.72823596
vt 0.28985709 0.643314064
vt 0.28985709 0.72823596
vt 0.902309775 0.72823596
vt 0.902309775 0.643314064
vt 0.94842875 0.72823596
vt 0.94842875 0.643314064
vt 0.995852172 0.72823596
vt 0.995852172 0.643314064
vt 0.995852172 0.643314064
vt 0.28985709 0.72823596
vt 0.995852172 0.72823596
vt 0.28985709 0.643314064
vt -7.7130273E-05 2.00758137E-07
vt 0.982303202 0.0165846888
vt 0.935294867 0.000592507713
vt 1.00041306 0.056733001
vt -0.00088423636 2.65153527
vt 1.00041306 2.65148902
vt 0.956696093 2.91413665
vt 0.777062178 3.26028466
vt 0.449770421 3.47318101
vt 1.00041306 0.056733001
vt 0.982303202 0.0165846888
vt 0.935294867 0.000592507713
vt 1.00041306 2.65148902
vt 0.956696093 2.91413665
vt 0.777062178 3.26028466
vt 0.449770421 3.47318101
vt 0.982303202 0.0165846888
vt -7.71377236E-05 1.67768945E-07
vt 0.935294867 0.000592507713
vt 1.00041306 0.056733001
vt -0.000790947641 2.65170884
vt 1.00041306 0.056733001
vt 1.00041306 2.65148902
vt 0.982303202 0.0165846888
vt 0.935294867 0.000592507713
vt 0.956696093 2.91413665
vt 0.777062178 3.26028466
vt 0.449770421 3.47318101
vt -7.69227045E-05 3.51448178
vt 0.449770421 3.47318101
vt 0.777062178 3.26028466
vt 0.956696093 2.91413665
vt 0.94842875 0.643314064
vt 0.995852172 0.72823596
vt 0.995852172 0.643314064
vt 0.94842875 0.72823596
vt 0.902309775 0.643314064
vt 0.902309775 0.72823596
vt 0.28985709 0.643314064
vt 0.28985709 0.72823596
vt 0.902309775 0.72823596
vt 0.902309775 0.643314064
vt 0.94842875 0.72823596
vt 0.94842875 0.643314064
vt 0.995852172 0.72823596
vt 0.995852172 0.643314064
vt 0.935294867 0.000592507713
vt 1.00084949 0.0567330047
vt 0.982303202 0.0165846888
vt -7.71321356E-05 1.74579242E-07
vt 0.935294867 0.000592507713
vt 1.00084949 0.0567330047
vt 0.982303202 0.0165846888
vt 0.449770212 0.000334677607
vt 0.982303202 0.0165846888
vt 1.00041306 0.0567330047
vt 0.935294867 0.000592507713
vt 0.995852172 0.72823596
vt 0.932129264 0.643314064
vt 0.995852172 0.643314064
vt 0.91721952 0.72823596
vt 0.28985709 0.72823596
vt 0.28985709 0.643314064
vt 0.932129264 0.643314064
vt 0.91721952 0.72823596
vt 0.995852172 0.72823596
vt 0.995852172 0.643314064
vt -7.71321356E-05 1.70344563E-07
vt 0.953223109 0.00364331272
vt 1.00041306 0.056733001
vt 1.00215924 1.12873864
vt -7.70227125E-05 1.18547463
vt 1.00215924 1.12873864
vt 1.00041306 0.056733001
vt 0.953223109 0.00364331272
vt 0.980314732 0.0563815869
vt -7.71183404E-05 1.1854744
vt 0.572110355 1.12911201
vt 0.971151352 0.00669411756
vt -7.71321356E-05 1.70344563E-07
vt 0.971151352 0.00669411756
vt 0.449770302 1.18513989
vt 1.00041306 0.056733001
vt 1.00129068 1.12874126
vt 0.28985709 0.72823596
vt 1.1648134 0.644315481
vt 1.16393971 0.748329341
vt 0.28985709 0.643314064
vt 0.278219491 0.724434972
vt 0.290648639 0.643420935
vt 0.278443336 0.639654517
vt 0.30307281 0.724564254
vt 0.99437809 0.643504024
vt 0.994398773 0.728160322
vt 1.14030242 0.643402457
vt 1.14047575 0.697980464
vt 0.28985709 0.72823596
vt 0.513678133 0.643314064
vt 0.28985709 0.643314064
vt 0.513678133 0.72823596
vt 0.741063476 0.643314064
vt 0.741063476 0.72823596
vt 0.995852172 0.72823596
vt 0.995852172 0.643314064
vt 0.741063476 0.643314064
vt 0.741063476 0.72823596
vt 0.513678133 0.72823596
vt 0.513678133 0.643314064
vt 0.28985709 0.72823596
vt 0.28985709 0.643314064
vt 0.94842875 0.643314064
vt 0.902309775 0.72823596
vt 0.94842875 0.72823596
vt 0.902309775 0.643314064
vt 0.28985709 0.643314064
vt 0.28985709 0.72823596
vt 0.902309775 0.72823596
vt 0.902309775 0.643314064
vt 0.94842875 0.643314064
vt 0.94842875 0.72823596
vt -7.72494823E-05 0.000200430193
vt 0.982303202 0.0165846944
vt 0.935294867 0.000592470169
vt 0.982931614 0.055795148
vt 1.00041306 1.14648247
vt 0.00055936951 1.14876723
vt 0.956696093 1.4091301
vt 0.777062178 1.75527811
vt 0.449770421 1.96817446
vt 1.00041306 1.14648247
vt 0.982931614 0.055795148
vt 0.982303202 0.0165846944
vt 0.935294867 0.000592470169
vt 0.956696093 1.4091301
vt 0.777062178 1.75527811
vt 0.449770421 1.96817446
vt 0.982303202 0.0165846944
vt -8.43722373E-05 0.000336990313
vt 0.935294867 0.000592470169
vt 1.00041306 0.0567330122
vt 0.000568312069 1.14886045
vt 1.00041306 1.14648247
vt 0.956696093 1.4091301
vt 0.777062178 1.75527811
vt 1.00041306 0.0567330122
vt 0.982303202 0.0165846944
vt 0.935294867 0.000592470169
vt 1.00041306 1.14648247
vt 0.956696093 1.4091301
vt 0.777062178 1.75527811
vt 0.449770421 1.96817446
vt -7.69227045E-05 2.00947523
vt 0.28985709 0.72823596
vt 0.995852172 0.643314064
vt 0.995852172 0.72823596
vt 0.28985709 0.643314064
vt 0.825645506 0.72823596
vt 0.995852172 0.643314064
vt 0.995852172 0.72823596
vt 0.825645506 0.643314064
vt 0.28985709 0.72823596
vt 0.28985709 0.643314064
vt 0.995852172 0.643314064
vt 0.28985709 0.72823596
vt 0.28985709 0.643314064
vt 0.995852172 0.72823596
vt 0.449770212 0.000334677607
vt 0.982303202 0.0165846888
vt 0.935294867 0.000592507713
vt 1.00041306 0.0567330047
vt 0.28985709 0.72823596
vt 1.1648134 0.644315481
vt 0.28985709 0.643314064
vt 1.16393971 0.748329341
vt 0.290648639 0.643420935
vt 0.278219491 0.724434972
vt 0.278443336 0.639654517
vt 0.30307281 0.724564254
vt 0.99437809 0.643504024
vt 0.994398773 0.728160322
vt 1.14030242 0.643402457
vt 1.14047575 0.697980464
vt 0.138627559 0.543952584
vt 0.244076848 0.765515447
vt 0.244077206 0.543947935
vt 0.13862738 0.765510559
vt 0.0222917497 0.544219494
vt 0.0222919881 0.765244246
vt 0.121463247 0.538753331
vt 0.228476912 0.539871275
vt 0.121463217 0.318201989
vt 0.00643128157 0.31704089
vt 0.00643143058 0.539914668
vt 0.244077206 0.543947935
vt 0.13862738 0.765510559
vt 0.244076848 0.765515447
vt 0.138627559 0.543952584
vt 0.0222917497 0.544219494
vt 0.0222919881 0.765244246
vt 0.121463247 0.538753331
vt 0.228476912 0.539871275
vt 0.121463217 0.318201989
vt 0.00643128157 0.31704089
vt 0.00643143058 0.539914668
vt 0.904762149 0.479869783
vt 0.795486808 0.580220401
vt 0.794664264 0.477780998
vt 0.904762149 0.578959644
vt 0.244077176 0.567846537
vt 0.13862738 0.765510559
vt 0.244076848 0.765515447
vt 0.138627544 0.567960322
vt 0.0222919881 0.765244246
vt 0.0222917758 0.569207311
vt 0.0222919881 0.765244246
vt 0.13862738 0.765510559
vt 0.244076848 0.765515447
vt 0.121463247 0.538753331
vt 0.00643129786 0.341080397
vt 0.00643143058 0.539914668
vt 0.121463224 0.343568712
vt 0.228476912 0.539871275
vt 0.228476912 0.342271179
vt 0.228476912 0.539871275
vt 0.121463247 0.538753331
vt 0.00643143058 0.539914668
vt 0.244076848 0.765515447
vt 0.138627559 0.543952584
vt 0.244077206 0.543947935
vt 0.13862738 0.765510559
vt 0.0222917497 0.544219494
vt 0.0222919881 0.765244246
vt 0.121463247 0.538753331
vt 0.228476912 0.539871275
vt 0.121463217 0.318201989
vt 0.00643128157 0.31704089
vt 0.00643143058 0.539914668
vt 0.13862738 0.765510559
vt 0.244077206 0.543947935
vt 0.244076848 0.765515447
vt 0.138627559 0.543952584
vt 0.0222917497 0.544219494
vt 0.0222919881 0.765244246
vt 0.121463247 0.538753331
vt 0.228476912 0.539871275
vt 0.121463217 0.318201989
vt 0.00643128157 0.31704089
vt 0.00643143058 0.539914668
vt 0.904762149 0.479869783
vt 0.795486808 0.580220401
vt 0.904762149 0.578959644
vt 0.794664264 0.477780998
vt 0.794664264 0.477780998
vt 0.904762149 0.578959644
vt 0.904762149 0.479869783
vt 0.795486808 0.580220401
vt 0.138627559 0.543952584
vt 0.244076848 0.765515447
vt 0.244077206 0.543947935
vt 0.13862738 0.765510559
vt 0.0222917497 0.544219494
vt 0.0222919881 0.765244246
vt 0.138627559 0.543952584
vt 0.13862738 0.765510559
vt 0.244076848 0.765515447
vt 0.244077206 0.543947935
vt 0.121463247 0.538753331
vt 0.00643128157 0.31704089
vt 0.00643143058 0.539914668
vt 0.121463217 0.318201989
vt 0.228476912 0.317084104
vt 0.228476912 0.539871275
vt 0.138627559 0.543952584
vt 0.244076848 0.765515447
vt 0.244077206 0.543947935
vt 0.13862738 0.765510559
vt 0.0222919881 0.765244246
vt 0.0222917497 0.544219494
vt 0.121463247 0.538753331
vt 0.00643128157 0.31704089
vt 0.00643143058 0.539914668
vt 0.121463217 0.318201989
vt 0.228476912 0.317084104
vt 0.228476912 0.539871275
vt 0.138627559 0.543952584
vt 0.244076848 0.765515447
vt 0.244077206 0.543947935
vt 0.13862738 0.765510559
vt 0.0222917497 0.544219494
vt 0.0222919881 0.764980733
vt 0.0832078457 0.76538372
vt 0.13862738 0.765510559
vt 0.0222917497 0.544219494
vt 0.138627559 0.543952584
vt 0.244076848 0.765515447
vt 0.244077206 0.543947935
vt 0.794664264 0.477780998
vt 0.904762149 0.578959644
vt 0.795486808 0.580220401
vt 0.904762149 0.479869783
vt 0.244076848 0.765515447
vt 0.138627559 0.543952584
vt 0.244077206 0.543947935
vt 0.13862738 0.765510559
vt 0.0222917497 0.544219494
vt 0.138627559 0.543952584
vt 0.0222919881 0.765244246
vt 0.13862738 0.765510559
vt 0.244076848 0.765515447
vt 0.244077206 0.543947935
vt 0.00643128157 0.31704089
vt 0.121463247 0.538753331
vt 0.00643143058 0.539914668
vt 0.121463217 0.318201989
vt 0.228476912 0.317084104
vt 0.228476912 0.539871275
vt 0.244076848 0.765515447
vt 0.138627559 0.543952584
vt 0.244077206 0.543947935
vt 0.13862738 0.765510559
vt 0.0222919881 0.765244246
vt 0.0222917497 0.544219494
vt 0.00643128157 0.31704089
vt 0.121463247 0.538753331
vt 0.00643143058 0.539914668
vt 0.121463217 0.318201989
vt 0.228476912 0.317084104
vt 0.228476912 0.539871275
vt 0.249913111 4.0662117
vt 0.500162065 3.90344429
vt 0.249913111 3.90344429
vt 0.500162065 4.0662117
vt 0.500162065 4.21603966
vt 0.249913111 4.21603966
vt 0.249913111 4.3683157
vt 0.500162065 4.3683157
vt 0.500162065 4.521626
vt 0.249913111 4.521626
vt 0.249913111 4.68030167
vt 0.500162065 4.68030167
vt 0.249913111 4.84041452
vt 0.500162065 4.84041452
vt 0.249913111 4.99943638
vt 0.500162065 4.99943638
vt 0.500162065 4.84041452
vt 0.249913111 4.84041452
vt 0.500162065 4.68030167
vt 0.249913111 4.68030167
vt 0.500162065 4.521626
vt 0.249913111 4.521626
vt 0.249913111 4.3683157
vt 0.500162065 4.3683157
vt 0.500162065 4.21603966
vt 0.249913111 4.21603966
vt 0.249913111 4.0662117
vt 0.500162065 4.0662117
vt 0.500162065 3.90344429
vt 0.249913111 3.90344429
vt 0.249913111 3.69945216
vt 0.500162065 3.69945216
vt 0.500162065 3.43213463
vt 0.249913111 3.43213463
vt 0.500162065 3.12150526
vt 0.249913111 3.69945216
vt 0.500162065 3.69945216
vt 0.500162065 3.43213463
vt 0.249913111 3.43213463
vt 0.500162065 3.12150526
vt 0.500162065 2.59915352
vt 0.249913111 3.12150526
vt 0.249913111 2.59915352
vt 0.631483495 0.877739787
vt 0.453478694 0.796444297
vt 0.453478694 0.877739787
vt 0.289988697 0.877739847
vt 0.290003657 0.796444297
vt 0.453478694 0.796444297
vt 0.453478694 0.877739787
vt 0.631483495 0.877739787
vt 6.82467362E-05 3.69942427
vt 0.250536352 3.90301037
vt 0.250536352 3.69942427
vt 6.82467362E-05 3.90301037
vt 0.250536352 4.06545401
vt 6.82467362E-05 4.06545401
vt 0.250536352 4.21498394
vt 6.82467362E-05 4.21498394
vt 0.250536352 4.36695719
vt 6.82467362E-05 4.36695719
vt 0.250536352 4.51996183
vt 6.82467362E-05 4.51996183
vt 0.250536352 4.67832136
vt 6.82467362E-05 4.67832136
vt 0.250536352 4.83811522
vt 6.82467362E-05 4.83811522
vt 0.250536352 4.99966717
vt 6.83934195E-05 4.99966717
vt 6.82467362E-05 4.83811522
vt 0.250536352 4.83811522
vt 6.82467362E-05 4.67832136
vt 0.250536352 4.67832136
vt 6.82467362E-05 4.51996183
vt 0.250536352 4.51996183
vt 6.82467362E-05 4.36695719
vt 0.250536352 4.36695719
vt 6.82467362E-05 4.21498394
vt 0.250536352 4.21498394
vt 6.82467362E-05 4.06545401
vt 0.250536352 4.06545401
vt 6.82467362E-05 3.90301037
vt 0.250536352 3.90301037
vt 6.82467362E-05 3.69942427
vt 0.250536352 3.69942427
vt 0.250536352 3.43263888
vt 6.82467362E-05 3.12262797
vt 6.82467362E-05 3.43263888
vt 0.250536352 3.12262797
vt 0.250536054 2.60131574
vt 6.81000529E-05 2.26544762
vt 6.81000529E-05 2.60131574
vt 0.250536054 2.26544762
vt 6.81000529E-05 1.92862368
vt 0.250536054 1.92862368
vt 6.81000529E-05 1.59049213
vt 0.250536054 1.59049213
vt 6.81000529E-05 1.25295866
vt 0.250536054 1.25295866
vt 6.79529039E-05 0.944168031
vt 0.250535756 0.944168031
vt 6.79529039E-05 0.687547088
vt 0.250535756 0.687547088
vt 6.79529039E-05 0.452670068
vt 0.250535756 0.452670068
vt 6.79529039E-05 0.211613521
vt 0.250535756 0.211613521
vt 0.250535756 0.000530952355
vt 6.79529039E-05 0.0004768699
vt 6.79529039E-05 0.211613521
vt 0.250535756 0.211613521
vt 0.250535756 0.452670068
vt 6.79529039E-05 0.452670068
vt 0.250535756 0.687547088
vt 6.79529039E-05 0.687547088
vt 0.250535756 0.944168031
vt 6.79529039E-05 0.944168031
vt 0.250536054 1.25295866
vt 6.81000529E-05 1.25295866
vt 0.250536054 1.59049213
vt 6.81000529E-05 1.59049213
vt 0.250536054 1.92862368
vt 6.81000529E-05 1.92862368
vt 0.250536054 2.26544762
vt 6.81000529E-05 2.26544762
vt 0.250536054 2.60131574
vt 6.81000529E-05 2.60131574
vt 6.82467362E-05 3.12262797
vt 0.250536352 3.12262797
vt 0.250536352 3.43263888
vt 6.82467362E-05 3.43263888
vt 0.813438177 0.796444297
vt 0.932495058 0.877739787
vt 0.932495058 0.796444297
vt 0.813438177 0.877739787
vt 0.695184529 0.877739787
vt 0.695184529 0.796444297
vt 0.57883215 0.877739787
vt 0.57883215 0.796444297
vt 0.452430487 0.796444297
vt 0.452430487 0.877739787
vt 0.289658636 0.796444297
vt 0.289658636 0.877739787
vt 0.291031986 0.87799257
vt 0.353757322 0.796444297
vt 0.291031986 0.796648562
vt 0.353757322 0.877739787
vt 0.478097498 0.877739787
vt 0.478097498 0.796444297
vt 0.605195105 0.877739787
vt 0.605195105 0.796444297
vt 0.478097498 0.796444297
vt 0.478097498 0.877739787
vt 0.353757322 0.796444297
vt 0.353757322 0.877739787
vt 0.291031986 0.87799257
vt 0.291031986 0.796648562
vt 0.405328423 0.796472549
vt 0.539922953 0.877164006
vt 0.375134408 0.877164006
vt 0.539923072 0.796472549
vt 0.672402382 0.796472549
vt 0.672402263 0.877164006
vt 0.817981362 0.877164006
vt 0.817981482 0.796472549
vt 0.99547857 0.796472549
vt 0.99547857 0.877164006
vt 0.289784342 0.877164006
vt 0.375134408 0.877164006
vt 0.289824843 0.796472549
vt 0.405328423 0.796472549
vt 0.375134408 0.877164006
vt 0.539922953 0.877164006
vt 0.375134408 0.877164006
vt 0.539923072 0.796472549
vt 0.672402382 0.796472549
vt 0.672402263 0.877164006
vt 0.817981362 0.877164006
vt 0.817981482 0.796472549
vt 0.99547857 0.796472549
vt 0.99547857 0.877164006
vt 0.289551407 0.796472549
vt 0.490684241 0.877164006
vt 0.289551407 0.877164006
vt 0.490684479 0.796472549
vt 0.692974925 0.796472549
vt 0.692974925 0.877164006
vt 0.894789398 0.838687003
vt 0.995695949 0.799986362
vt 0.995398104 0.842216909
vt 0.894779444 0.796472609
vt 0.399649322 0.796472609
vt 0.289551407 0.877164006
vt 0.289551407 0.796472609
vt 0.399649143 0.877164006
vt 0.48655659 0.796472609
vt 0.48655659 0.877164006
vt 0.566132307 0.877164006
vt 0.566132307 0.796472609
vt 0.644947886 0.877164006
vt 0.644947886 0.796472609
vt 0.728556752 0.796472609
vt 0.728556752 0.877164006
vt 0.816513777 0.796472609
vt 0.816513777 0.877164006
vt 0.906082869 0.796472609
vt 0.906082869 0.877164006
vt 0.99430424 0.877164006
vt 0.99547857 0.796472609
vt 0.906082869 0.796472609
vt 0.906082869 0.877164006
vt 0.816513777 0.877164006
vt 0.816513777 0.796472609
vt 0.728556752 0.796472609
vt 0.728556752 0.877164006
vt 0.644947886 0.877164006
vt 0.644947886 0.796472609
vt 0.566132307 0.796472609
vt 0.566132307 0.877164006
vt 0.48655659 0.877164006
vt 0.48655659 0.796472609
vt 0.399649322 0.796472609
vt 0.399649143 0.877164006
vt 0.289551407 0.877164006
vt 0.289551407 0.796472609
vt 0.129345015 3.90092802
vt 0.250536352 3.69942427
vt 0.250536352 3.90301037
vt 0.136963472 3.6987617
vt 0.250536352 3.43263888
vt 0.144919962 3.43240118
vt 0.250536352 3.12262797
vt 0.152144268 2.60116601
vt 0.150610328 3.12261224
vt 0.148700997 2.26530433
vt 0.250536054 2.60131574
vt 0.250536054 2.26544762
vt 0.139901027 1.92918062
vt 0.125537455 1.59152579
vt 0.250536054 1.92862368
vt 0.250536054 1.59049213
vt 0.105626017 1.24966371
vt 0.250536054 1.25295866
vt 0.0815568492 0.928211391
vt 0.250535756 0.944168031
vt 0.0581045151 0.652108312
vt 0.250535756 0.687547088
vt 0.035607595 0.392435342
vt 0.250535756 0.452670068
vt 0.250535756 0.157632872
vt 0.0223976672 0.142820954
vt 0.250535756 3.12501179E-05
vt 0.250535756 0.157632872
vt 0.00401607435 0.000398081203
vt 0.0223976672 0.142820954
vt 0.250535756 0.157632872
vt 0.035607595 0.392435342
vt 0.250535756 0.157632872
vt 0.250535756 0.452670068
vt 0.250535756 0.687547088
vt 0.0581045151 0.652108312
vt 0.250535756 0.944168031
vt 0.0815568492 0.928211391
vt 0.250536054 1.25295866
vt 0.105626017 1.24966371
vt 0.250536054 1.59049213
vt 0.125537455 1.59152579
vt 0.250536054 1.92862368
vt 0.139901027 1.92918062
vt 0.250536054 2.26544762
vt 0.148700997 2.26530433
vt 0.250536054 2.60131574
vt 0.152144268 2.60116601
vt 0.250536352 3.12262797
vt 0.150610328 3.12261224
vt 0.144919962 3.43240118
vt 0.250536352 3.43263888
vt 0.136963472 3.6987617
vt 0.129345015 3.90092802
vt 0.250536352 3.69942427
vt 0.250536352 3.90301037
vt 0.932495058 0.877739787
vt 0.813438177 0.796444297
vt 0.932495058 0.796444297
vt 0.813438177 0.877739787
vt 0.695184529 0.877739787
vt 0.695184529 0.796444297
vt 0.57883215 0.877739787
vt 0.57883215 0.796444297
vt 0.452430487 0.796444297
vt 0.452430487 0.877739787
vt 0.289658636 0.796444297
vt 0.289658636 0.877739787
vt 0.490684241 0.877164006
vt 0.289551407 0.796472549
vt 0.289551407 0.877164006
vt 0.490684479 0.796472549
vt 0.692974925 0.796472549
vt 0.692974925 0.877164006
vt 0.995695949 0.799986362
vt 0.894789398 0.838687181
vt 0.995398104 0.842217147
vt 0.894779444 0.796472609
vt 0.663853049 0.877164006
vt 0.383190721 0.796472609
vt 0.383190542 0.877164006
vt 0.663853168 0.796472609
vt 0.830398798 0.796472609
vt 0.830398679 0.877164006
vt 0.442704767 0.107687168
vt 0.377599746 0.0550791994
vt 0.377599746 0.107686892
vt 0.442704767 0.0550793037
vt 0.508232832 0.0550791994
vt 0.508232832 0.107687168
vt 0.574510217 0.107684128
vt 0.574510455 0.055082202
vt 0.641376913 0.107816756
vt 0.641376913 0.0549496114
vt 0.299644738 0.151688069
vt 0.351771921 0.0245939828
vt 0.299645245 0.00204886822
vt 0.372496903 0.0768684149
vt 0.351771414 0.129142761
vt 0.639740407 0.997290075
vt 0.288379312 0.97740823
vt 0.288379312 0.997290075
vt 0.637508094 0.97740823
vt 0.288379312 0.967467368
vt 0.744231701 0.997290075
vt 0.638811231 0.967467368
vt 0.288379312 0.957526505
vt 0.639970183 0.957526505
vt 0.743366122 0.97740823
vt 0.848722935 0.997290075
vt 0.743871391 0.967467368
vt 0.744291186 0.957526505
vt 0.849224091 0.97740829
vt 0.996605635 0.997290075
vt 0.996605635 0.97740835
vt 0.848931551 0.967467427
vt 0.848660707 0.957526505
vt 0.996605635 0.967467487
vt 0.996605635 0.957526505
vt 0.288379312 0.97740823
vt 0.639740407 0.997290075
vt 0.288379312 0.997290075
vt 0.637508094 0.97740823
vt 0.744231701 0.997290075
vt 0.288379312 0.967467368
vt 0.743366122 0.97740823
vt 0.848722935 0.997290075
vt 0.638811231 0.967467368
vt 0.288379312 0.957526505
vt 0.639970183 0.957526505
vt 0.743871391 0.967467368
vt 0.744291186 0.957526505
vt 0.849224091 0.97740829
vt 0.996605635 0.997290075
vt 0.996605635 0.97740835
vt 0.848931551 0.967467427
vt 0.848660707 0.957526505
vt 0.996605635 0.967467487
vt 0.996605635 0.957526505
vt 0.569818735 -0.000254551152
vt 0.53423214 0.499109209
vt 0.569818914 0.499109656
vt 0.53423214 -0.000254930055
vt 0.620495021 -0.000254399929
vt 0.584909856 0.499109834
vt 0.620495021 0.499109834
vt 0.584909856 -0.000254399929
vt 2.31063843 0.499109775
vt 0.620495021 -0.000254399929
vt 0.620495021 0.499109834
vt 2.31064057 -0.000254398474
vt 2.42286849 -0.000254465704
vt 2.42286825 0.499109834
vt 2.74165964 -0.000254702871
vt 2.74165916 0.499109417
vt 2.98316908 -0.000255081279
vt 2.98316908 0.49910906
vt 3.24978948 -0.000255081279
vt 3.24978948 0.499109179
vt 2.98316908 0.49910906
vt 2.98316908 -0.000255081279
vt 2.74165916 0.499109417
vt 2.74165964 -0.000254702871
vt 2.42286849 -0.000254465704
vt 2.42286825 0.499109834
vt 2.31064057 -0.000254392624
vt 2.31064034 0.499109894
vt 0.53423208 -0.000254930055
vt -0.000222483577 0.499109179
vt -0.000222401621 -0.000255078077
vt 0.53423208 0.499108911
vt 0.569818735 -0.000254551152
vt 0.569818914 0.499109656
vt 0.620495021 -0.000254399929
vt 0.584909856 0.499109834
vt 0.584909856 -0.000254399929
vt 0.620495021 0.499109834
vt 2.31064057 -0.000254399929
vt 0.620495021 -0.000254399929
vt 1.8700881 0.499111831
vt 0.102002569 0.546193838
vt 0.15457952 0.548645973
vt 0.207042217 0.544309616
vt 0.193701237 0.465569824
vt 0.114136271 0.466231823
vt 0.153029278 0.414115131
vt 0.291014791 0.385472775
vt 0.0129119903 0.399602771
vt 0.0134101883 0.389304399
vt 0.0154712964 0.376905859
vt 0.104342215 0.289059997
vt 0.0339208506 0.261260629
vt 0.0214040577 0.198301792
vt 0.112007231 0.202305913
vt 0.152025864 0.344831765
vt 0.194592565 0.288201094
vt 0.292012215 0.395670116
vt 0.288684398 0.372932911
vt 0.267559499 0.258293152
vt 0.187855572 0.200970411
vt 0.150184005 0.216463685
vt 0.278687268 0.196346998
vt 0.102002569 0.546193838
vt 0.207042217 0.544309616
vt 0.15457952 0.548645973
vt 0.193701237 0.465569824
vt 0.114136271 0.466231823
vt 0.153029278 0.414115131
vt 0.291014791 0.385472775
vt 0.0129119903 0.399602771
vt 0.0134101883 0.389304399
vt 0.0154712964 0.376905859
vt 0.104342215 0.289059997
vt 0.0339208506 0.261260629
vt 0.0214040577 0.198301792
vt 0.112007231 0.202305913
vt 0.152025864 0.344831765
vt 0.194592565 0.288201094
vt 0.292012215 0.395670116
vt 0.288684398 0.372932911
vt 0.267559499 0.258293152
vt 0.187855572 0.200970411
vt 0.150184005 0.216463685
vt 0.278687268 0.196346998
vt 0.575770795 0.000849112228
vt 0.640876591 0.0534568131
vt 0.640876591 0.000849112228
vt 0.575771153 0.0534570888
vt 0.510242164 0.000849112228
vt 0.510242164 0.0534570888
vt 0.443964571 0.00085211551
vt 0.443964571 0.0534540527
vt 0.377094865 0.000719798496
vt 0.377095312 0.0535867512
vt 0.226793081 0.0768684149
vt 0.299645245 0.00204886822
vt 0.247518346 0.0245938171
vt 0.247518346 0.12914294
vt 0.299644738 0.151688069
vt 0.0974703282 0.776946068
vt 0.100370154 0.807568192
vt 0.0974703282 0.776946068
vt 0.100370154 0.807568192
vt 0.101788566 0.826920271
vt 0.101788566 0.826920271
vt 0.0985768884 0.882710338
vt 0.102045879 0.879270315
vt 0.0992095321 0.90424943
vt 0.102045879 0.879270315
vt 0.0992095321 0.90424943
vt 0.0957592577 0.929647028
vt 0.0957592577 0.929647028
vt 0.0718234628 0.894906759
vt 0.0850509405 0.863978207
vt 0.0464275852 0.878223896
vt 0.0984543413 0.825605273
vt 0.0462286249 0.826897025
vt 0.0781214088 0.811973333
vt 0.0464275852 0.878223896
vt 0.0462286249 0.826897025
vt 0.0985768884 0.882710338
vt 0.0718234628 0.894906759
vt 0.0984543413 0.825605273
vt 0.0781214088 0.811973333
vt 0.0960424989 0.90002954
vt 0.086259827 0.912764966
vt 0.0592232719 0.898461223
vt 0.0922805518 0.927644134
vt 0.0554532185 0.929009914
vt 0.0541005507 0.92729938
vt 0.0922805518 0.927644134
vt 0.0592232719 0.898461223
vt 0.0960424989 0.90002954
vt 0.086259827 0.912764966
vt 0.0489821211 0.925673425
vt 0.022518523 0.88596034
vt 0.053559877 0.889995337
vt 0.0222296193 0.932281792
vt 0.0489821211 0.925673425
vt 0.053559877 0.889995337
vt 0.022518523 0.88596034
vt 0.0222296193 0.932281792
vt 0.133142814 0.777266502
vt 0.164828941 0.922959685
vt 0.133184299 0.921528935
vt 0.16395621 0.777788877
vt 0.210776225 0.916038334
vt 0.164828941 0.922959685
vt 0.133184299 0.921528935
vt 0.210776225 0.916038334
vt 0.209618345 0.771422267
vt 0.24411349 0.916191041
vt 0.24411349 0.916191041
vt 0.245560154 0.771498442
vt 0.279712111 0.921750247
vt 0.279712111 0.921750247
vt 0.281643063 0.77660656
vt -0.00818562042 0.704718769
vt -0.00291283918 0.612640262
vt -0.00284224143 0.612644136
vt -0.00797671173 0.704621494
vt -0.00291283918 0.612640262
vt -0.00797671173 0.704621494
vt -0.00367027172 0.613060296
vt -0.0080066463 0.704635441
vt -0.0080512315 0.704656184
vt -0.00479844911 0.613686025
vt -0.00631329697 0.614526093
vt -0.00811109971 0.704684079
vt -0.00815568678 0.704704821
vt -0.00744150905 0.615151823
vt -0.00819892436 0.615571856
vt -0.00818562042 0.704718769
vt -0.00819892436 0.615571856
vt -0.00818562042 0.704718769
vt -0.00291283918 0.612640262
vt -0.00284224143 0.612644136
vt -0.00797671173 0.704621494
vt -0.00291283918 0.612640262
vt -0.00797671173 0.704621494
vt -0.00367027172 0.613060296
vt -0.0080066463 0.704635441
vt -0.0080512315 0.704656184
vt -0.00479844911 0.613686025
vt -0.00631329697 0.614526093
vt -0.00811109971 0.704684079
vt -0.00815568678 0.704704821
vt -0.00744150905 0.615151823
vt -0.00819892436 0.615571856
vt -0.00818562042 0.704718769
vt -0.00819892436 0.615571856
vt 0.442704767 0.107687168
vt 0.377599746 0.0550791994
vt 0.377599746 0.107686892
vt 0.442704767 0.0550793037
vt 0.508232832 0.0550791994
vt 0.508232832 0.107687168
vt 0.574510217 0.107684128
vt 0.574510455 0.055082202
vt 0.641376913 0.107816756
vt 0.641376913 0.0549496114
vt 0.299644738 0.151688069
vt 0.351771921 0.0245939828
vt 0.299645245 0.00204886822
vt 0.372496903 0.0768684149
vt 0.351771414 0.129142761
vt 0.575770795 0.000849112228
vt 0.640876591 0.0534568131
vt 0.640876591 0.000849112228
vt 0.575771153 0.0534570888
vt 0.510242164 0.000849112228
vt 0.510242164 0.0534570888
vt 0.443964571 0.00085211551
vt 0.443964571 0.0534540527
vt 0.377094865 0.000719798496
vt 0.377095312 0.0535867512
vt 0.226793081 0.0768684149
vt 0.299645245 0.00204886822
vt 0.247518346 0.0245938171
vt 0.247518346 0.12914294
vt 0.299644738 0.151688069
vt -4.39886935E-06 0.499856412
vt 0.127209544 9.53073613E-05
vt -4.39886935E-06 9.53073613E-05
vt 0.182039231 0.499856412
vt -0.000287391304 0.652439356
vt 0.127354011 0.64563036
vt 0.236868918 9.53073613E-05
vt 0.236327782 0.637501836
vt 0.339322627 0.499856412
vt 0.34040603 0.499908179
vt 0.339322627 9.53073613E-05
vt 0.34040603 0.626819253
vt 0.468904048 0.499856412
vt 0.468904048 9.53073613E-05
vt 0.469804257 0.61361289
vt 0.605470955 0.499856412
vt 0.60698992 0.499908179
vt 0.605470955 9.53073613E-05
vt 0.60698992 0.599042535
vt 0.742857337 0.499856412
vt 0.742857337 9.53073613E-05
vt 0.742180943 0.586167574
vt 0.874395013 0.499856412
vt 0.874395013 9.53073613E-05
vt 0.875316262 0.580664039
vt 1.00854838 9.53073613E-05
vt 1.00854838 0.499856412
vt 1.00845301 0.586165309
vt 1.14497709 9.53073613E-05
vt 1.14497709 0.499856412
vt 1.28230011 9.53073613E-05
vt 1.28230011 0.499856412
vt 1.41210949 9.53073613E-05
vt 1.41210949 0.499856412
vt 1.51341808 9.53073613E-05
vt 1.14364576 0.499908179
vt 1.14364576 0.599005342
vt 1.28083122 0.613531351
vt 1.28083122 0.499908179
vt 1.41022491 0.626726151
vt 1.41022491 0.499908179
vt 1.51341808 0.499856412
vt 1.51427972 0.637583971
vt 1.62253571 9.53073613E-05
vt 1.62253571 0.499856412
vt 1.75005662 9.53073613E-05
vt 1.62319541 0.646191359
vt 1.75005662 0.499856412
vt 1.75069404 0.654862881
vt -0.00214604987 0.652513981
vt 0.127354011 0.504884541
vt 0.12983951 0.645704508
vt -0.090878129 0.651565731
vt 0.326396823 0.95575738
vt 0.304088175 0.967471182
vt 0.299996793 0.95608443
vt 0.328682244 0.967471182
vt 0.304834306 0.977435291
vt 0.288835883 0.977435291
vt 0.288835883 0.967471182
vt 0.304683983 0.957141519
vt 0.288835883 0.957141519
vt 0.288835883 0.98739928
vt 0.304088175 0.98739928
vt 0.334297538 0.977435291
vt 0.328682244 0.98739928
vt 0.363090277 0.977435291
vt 0.357128143 0.98739928
vt 0.357128143 0.967471182
vt 0.352311194 0.957494557
vt 0.322829425 0.957494557
vt 0.39380765 0.977435291
vt 0.382369936 0.98739928
vt 0.382369936 0.967471182
vt 0.373435825 0.955318153
vt 0.346135288 0.955318034
vt 0.938781977 0.977435291
vt 0.943998039 0.98739928
vt 0.943998039 0.967471182
vt 0.949434876 0.957494497
vt 0.371201575 0.957494497
vt 0.969239831 0.967471182
vt 0.969499409 0.977435291
vt 0.997038126 0.967471182
vt 0.997038126 0.977435291
vt 0.969239831 0.98739928
vt 0.944965184 0.99955219
vt 0.973506927 0.999552369
vt 0.997038126 0.98739928
vt 0.968378246 0.997375906
vt 0.997038126 0.997375906
vt 0.959477186 0.95575738
vt 0.981785834 0.967471182
vt 0.985877216 0.95608443
vt 0.957191765 0.967471182
vt 0.981039703 0.977435291
vt 0.997038126 0.977435291
vt 0.997038126 0.967471182
vt 0.981190026 0.957141519
vt 0.997038126 0.957141519
vt 0.997038126 0.98739928
vt 0.981785834 0.98739928
vt 0.951576471 0.977435291
vt 0.957191765 0.98739928
vt 0.922783732 0.977435291
vt 0.928745866 0.98739928
vt 0.928745866 0.967471182
vt 0.933562815 0.957494557
vt 0.963044643 0.957494557
vt 0.89206636 0.977435291
vt 0.903504074 0.98739928
vt 0.903504074 0.967471182
vt 0.912438214 0.955318153
vt 0.93973875 0.955318034
vt 0.347092032 0.977435291
vt 0.34187597 0.98739928
vt 0.34187597 0.967471182
vt 0.336439162 0.957494497
vt 0.914672375 0.957494497
vt 0.316634148 0.967471182
vt 0.3163746 0.977435291
vt 0.288835853 0.967471182
vt 0.288835853 0.977435291
vt 0.316634148 0.98739928
vt 0.340908855 0.99955219
vt 0.312367111 0.999552369
vt 0.288835853 0.98739928
vt 0.317495733 0.997375906
vt 0.288835853 0.997375906
vt 0.731425107 0.98739934
vt 0.533428192 0.967471123
vt 0.533428192 0.98739928
vt 0.731425107 0.967471123
vt 0.533654869 0.957494497
vt 0.737505734 0.957494557
vt 0.731425107 0.98739934
vt 0.533428192 0.967471123
vt 0.533428192 0.98739928
vt 0.731425107 0.967471123
vt 0.533654869 0.957494497
vt 0.737505794 0.957494557
vt 0.731425107 0.98739934
vt 0.533428192 0.967471123
vt 0.533428192 0.98739928
vt 0.731425107 0.967471123
vt 0.533654869 0.957494497
vt 0.737505794 0.957494557
vt 0.731425107 0.98739934
vt 0.533428192 0.967471123
vt 0.533428192 0.98739928
vt 0.731425107 0.967471123
vt 0.533654869 0.957494497
vt 0.737505794 0.957494557
vt 0.731425107 0.98739934
vt 0.533428192 0.967471123
vt 0.533428192 0.98739928
vt 0.731425107 0.967471123
vt 0.533654869 0.957494497
vt 0.737505734 0.957494557
vt 0.123861879 0.247785926
vt 0.0293192305 0.218863919
vt 0.0347397029 0.248005897
vt 0.122282453 0.212068975
vt 0.143354475 0.247853681
vt 0.0153736537 0.18674694
vt 0.159689069 0.214561239
vt 0.11753571 0.175271302
vt 0.00310114864 0.146460354
vt 0.195828229 0.180265382
vt 0.113220572 0.141684368
vt 0.00286642741 0.105430804
vt 0.223774061 0.14354983
vt 0.113051355 0.107420899
vt 0.223580927 0.104798995
vt 0.0146485427 0.0641339943
vt 0.195254758 0.068371512
vt 0.11699082 0.0739736259
vt 0.0283899754 0.0310596898
vt 0.158808485 0.0344578549
vt 0.121410266 0.037257053
vt 0.0336949117 0.00141841872
vt 0.142176285 0.00133543415
vt 0.122756511 0.00160526438
vt 0.0574905835 5.65768147
vt 1.50059986 2.41760397
vt 0.0334671997 5.18672562
vt 1.50059986 5.99954414
vt 0.0993449092 5.99953461
vt 0.0247131567 4.63008595
vt 0.0260437559 3.6870234
vt 0.0408866778 3.08114648
vt 0.0762546957 2.47749186
vt 0.152164698 1.86290574
vt 0.283528447 1.26531255
vt 0.45109877 0.725766242
vt 0.635203779 0.292096555
vt 0.866870046 -0.0815247968
vt 1.17336392 -0.42460078
vt 1.48458624 -0.570092797
vt 1.17336392 -0.42460078
vt 0.866870046 -0.0815247968
vt 0.635203779 0.292096555
vt 0.45109877 0.725766242
vt 0.283528447 1.26531255
vt 0.152164698 1.86290574
vt 0.0762546957 2.47749186
vt 0.0408866778 3.08114648
vt 0.0260437559 3.6870234
vt 0.0247131567 4.63008595
vt 0.0574905835 5.65768147
vt 0.0334671997 5.18672562
vt 0.0993449092 5.99953461
vt 0.191606447 7.26097775
vt 1.50333428 6.99809361
vt 0.100195415 6.99952126
vt 0.305829346 7.47108269
vt 0.465068936 7.64701271
vt 0.679391563 7.79226351
vt 0.935440719 7.90377712
vt 1.212147 7.97682905
vt 1.49682307 8.00329494
vt 1.212147 7.97682905
vt 0.935440719 7.90377712
vt 0.679391563 7.79226351
vt 0.465068936 7.64701271
vt 0.305829346 7.47108269
vt 0.191606447 7.26097775
vt 0.100195415 6.99952126
vt 0.288451374 0.967285156
vt 0.387833267 0.957354128
vt 0.288451374 0.957354188
vt 0.387261748 0.967285156
vt 0.525061965 0.957354128
vt 0.288451374 0.977216244
vt 0.524626374 0.967285156
vt 0.662308097 0.957354188
vt 0.389228463 0.977216244
vt 0.288451374 0.997059464
vt 0.390740216 0.997059464
vt 0.526125669 0.977216244
vt 0.527526677 0.997059464
vt 0.662187457 0.967285156
vt 0.765655935 0.957354188
vt 0.662602544 0.977216244
vt 0.66349256 0.997059464
vt 0.765856147 0.967285156
vt 0.950918496 0.957354069
vt 0.765167177 0.977216244
vt 0.765508592 0.997059464
vt 0.950990677 0.967285156
vt 0.950742126 0.977216244
vt 0.95066309 0.997059464
vt 0.731415749 0.997059464
vt 0.73089087 0.977216244
vt 0.595745623 0.997059464
vt 0.731185317 0.967285156
vt 0.731099784 0.957354188
vt 0.59454155 0.977216244
vt 0.458863676 0.997059464
vt 0.593518496 0.967285156
vt 0.593815744 0.957354128
vt 0.457376957 0.977216244
vt 0.322714329 0.997059464
vt 0.321956515 0.977216244
vt 0.455588371 0.967285156
vt 0.456108093 0.957354188
vt 0.320937067 0.967285156
vt 0.321233332 0.957354128
vt 0.959129572 0.977216244
vt 0.288451374 0.997059464
vt 0.959773898 0.997059464
vt 0.288451374 0.977216244
vt 0.958156705 0.967285156
vt 0.288451374 0.967285156
vt 0.958439469 0.957354188
vt 0.288451374 0.957354188
vt 0.996342182 0.977216244
vt 0.951804101 0.997059524
vt 0.996342182 0.997059464
vt 0.951264977 0.977216244
vt 0.90139854 0.997059584
vt 0.996342182 0.967285156
vt 0.898176968 0.977216244
vt 0.950855017 0.967285156
vt 0.996342182 0.957354188
vt 0.891224861 0.967285156
vt 0.950974047 0.957354188
vt 0.893244743 0.957354188
vt 0.923205554 0.997059464
vt 0.996342182 0.977216244
vt 0.996342182 0.997059464
vt 0.921916962 0.977216244
vt 0.288451374 0.997059464
vt 0.996342182 0.967285156
vt 0.288451374 0.977216244
vt 0.919971228 0.967285156
vt 0.996342182 0.957354188
vt 0.288451374 0.967285156
vt 0.920536816 0.957354188
vt 0.288451374 0.957354188
vt 0.951804101 0.997059524
vt 0.996342182 0.977216244
vt 0.996342182 0.997059464
vt 0.951264977 0.977216244
vt 0.996342182 0.967285156
vt 0.913724899 0.997059584
vt 0.950855017 0.967285156
vt 0.996342182 0.957354188
vt 0.950974047 0.957354188
vt 0.910438538 0.977216244
vt 0.538481534 0.997059584
vt 0.53716743 0.977216244
vt 0.53433156 0.967285156
vt 0.903346598 0.967285156
vt 0.905407131 0.957354188
vt 0.535155535 0.957354188
vt 0.471929461 0.957482576
vt 0.697115898 0.977342546
vt 0.697115898 0.957482517
vt 0.471929461 0.977342546
vt 0.697115898 0.997202575
vt 0.471929461 0.997202575
vt 0.471929461 0.957482576
vt 0.697115898 0.977342546
vt 0.697115898 0.957482517
vt 0.471929461 0.977342546
vt 0.697115898 0.997202575
vt 0.471929461 0.997202575
vt 0.471929461 0.957482576
vt 0.697115898 0.977342546
vt 0.697115898 0.957482517
vt 0.471929461 0.977342546
vt 0.697115898 0.997202575
vt 0.471929461 0.997202575
vt 0.471929461 0.957482576
vt 0.697115898 0.977342546
vt 0.697115898 0.957482517
vt 0.471929461 0.977342546
vt 0.697115898 0.997202575
vt 0.471929461 0.997202575
vt 0.471929461 0.957482576
vt 0.697115898 0.977342546
vt 0.697115898 0.957482517
vt 0.471929461 0.977342546
vt 0.697115898 0.997202575
vt 0.471929461 0.997202575
vt 0.471929461 0.957482576
vt 0.697115898 0.977342546
vt 0.697115898 0.957482517
vt 0.471929461 0.977342546
vt 0.697115898 0.997202575
vt 0.471929461 0.997202575
vt 0.471929461 0.957482576
vt 0.697115898 0.977342546
vt 0.697115898 0.957482517
vt 0.471929461 0.977342546
vt 0.697115898 0.997202575
vt 0.471929461 0.997202575
vt 0.697115898 0.957482517
vt 0.471929461 0.977342546
vt 0.471929461 0.957482576
vt 0.697115898 0.977342546
vt 0.471929461 0.997202575
vt 0.697115898 0.997202575
vt 0.697115898 0.957482517
vt 0.471929461 0.977342546
vt 0.471929461 0.957482576
vt 0.697115898 0.977342546
vt 0.471929461 0.997202575
vt 0.697115898 0.997202575
vt 0.697115898 0.957482517
vt 0.471929461 0.977342546
vt 0.471929461 0.957482576
vt 0.697115898 0.977342546
vt 0.471929461 0.997202575
vt 0.697115898 0.997202575
vt 0.697115898 0.957482517
vt 0.471929461 0.977342546
vt 0.471929461 0.957482576
vt 0.697115898 0.977342546
vt 0.471929461 0.997202575
vt 0.697115898 0.997202575
vt 0.697115898 0.957482517
vt 0.471929461 0.977342546
vt 0.471929461 0.957482576
vt 0.697115898 0.977342546
vt 0.471929461 0.997202575
vt 0.697115898 0.997202575
vt 0.697115898 0.957482517
vt 0.471929461 0.977342546
vt 0.471929461 0.957482576
vt 0.697115898 0.977342546
vt 0.471929461 0.997202575
vt 0.697115898 0.997202575
vt 0.697115898 0.957482517
vt 0.471929461 0.977342546
vt 0.471929461 0.957482576
vt 0.697115898 0.977342546
vt 0.471929461 0.997202575
vt 0.697115898 0.997202575
vt 0.288451374 0.967285156
vt 0.387833267 0.957354128
vt 0.288451374 0.957354188
vt 0.387261748 0.967285156
vt 0.525061965 0.957354128
vt 0.288451374 0.977216244
vt 0.524626374 0.967285156
vt 0.662308097 0.957354188
vt 0.389228463 0.977216244
vt 0.288451374 0.997059464
vt 0.390740216 0.997059464
vt 0.526125669 0.977216244
vt 0.527526677 0.997059464
vt 0.662187457 0.967285156
vt 0.765655935 0.957354188
vt 0.662602544 0.977216244
vt 0.66349256 0.997059464
vt 0.765856147 0.967285156
vt 0.950918496 0.957354069
vt 0.765167177 0.977216244
vt 0.765508592 0.997059464
vt 0.950990677 0.967285156
vt 0.950742126 0.977216244
vt 0.95066309 0.997059464
vt 0.731415749 0.997059464
vt 0.73089087 0.977216244
vt 0.595745623 0.997059464
vt 0.731185317 0.967285156
vt 0.731099784 0.957354188
vt 0.59454155 0.977216244
vt 0.458863676 0.997059464
vt 0.593518496 0.967285156
vt 0.593815744 0.957354128
vt 0.457376957 0.977216244
vt 0.322714329 0.997059464
vt 0.321956515 0.977216244
vt 0.455588371 0.967285156
vt 0.456108093 0.957354188
vt 0.320937067 0.967285156
vt 0.321233332 0.957354128
vt 0.959129572 0.977216244
vt 0.288451374 0.997059464
vt 0.959773898 0.997059464
vt 0.288451374 0.977216244
vt 0.958156705 0.967285156
vt 0.288451374 0.967285156
vt 0.958439469 0.957354188
vt 0.288451374 0.957354188
vt 0.996342182 0.977216244
vt 0.951804101 0.997059524
vt 0.996342182 0.997059464
vt 0.951264977 0.977216244
vt 0.90139854 0.997059584
vt 0.996342182 0.967285156
vt 0.898176968 0.977216244
vt 0.950855017 0.967285156
vt 0.996342182 0.957354188
vt 0.891224861 0.967285156
vt 0.950974047 0.957354188
vt 0.893244743 0.957354188
vt 0.923205554 0.997059464
vt 0.996342182 0.977216244
vt 0.996342182 0.997059464
vt 0.921916962 0.977216244
vt 0.288451374 0.997059464
vt 0.996342182 0.967285156
vt 0.288451374 0.977216244
vt 0.919971228 0.967285156
vt 0.996342182 0.957354188
vt 0.288451374 0.967285156
vt 0.920536816 0.957354188
vt 0.288451374 0.957354188
vt 0.951804101 0.997059524
vt 0.996342182 0.977216244
vt 0.996342182 0.997059464
vt 0.951264977 0.977216244
vt 0.996342182 0.967285156
vt 0.913724899 0.997059584
vt 0.950855017 0.967285156
vt 0.996342182 0.957354188
vt 0.950974047 0.957354188
vt 0.910438538 0.977216244
vt 0.903346598 0.967285156
vt 0.905407131 0.957354188
vt 0.53716743 0.977216244
vt 0.538481534 0.997059584
vt 0.53433156 0.967285156
vt 0.535155535 0.957354188
vt 0.288451374 0.967285156
vt 0.387833267 0.957354128
vt 0.288451374 0.957354188
vt 0.387261748 0.967285156
vt 0.525061965 0.957354128
vt 0.288451374 0.977216244
vt 0.524626374 0.967285156
vt 0.662308097 0.957354188
vt 0.389228463 0.977216244
vt 0.288451374 0.997059464
vt 0.390740216 0.997059464
vt 0.526125669 0.977216244
vt 0.527526677 0.997059464
vt 0.662187457 0.967285156
vt 0.765655935 0.957354188
vt 0.662602544 0.977216244
vt 0.66349256 0.997059464
vt 0.765856147 0.967285156
vt 0.950918496 0.957354069
vt 0.765167177 0.977216244
vt 0.765508592 0.997059464
vt 0.950990677 0.967285156
vt 0.950742126 0.977216244
vt 0.95066309 0.997059464
vt 0.731415749 0.997059464
vt 0.73089087 0.977216244
vt 0.595745623 0.997059464
vt 0.731185317 0.967285156
vt 0.731099784 0.957354188
vt 0.59454155 0.977216244
vt 0.458863676 0.997059464
vt 0.593518496 0.967285156
vt 0.593815744 0.957354128
vt 0.457376957 0.977216244
vt 0.322714329 0.997059464
vt 0.321956515 0.977216244
vt 0.455588371 0.967285156
vt 0.456108093 0.957354188
vt 0.320937067 0.967285156
vt 0.321233332 0.957354128
vt 0.959129572 0.977216244
vt 0.288451374 0.997059464
vt 0.959773898 0.997059464
vt 0.288451374 0.977216244
vt 0.958156705 0.967285156
vt 0.288451374 0.967285156
vt 0.958439469 0.957354188
vt 0.288451374 0.957354188
vt 0.996342182 0.977216244
vt 0.951804101 0.997059524
vt 0.996342182 0.997059464
vt 0.951264977 0.977216244
vt 0.90139854 0.997059584
vt 0.996342182 0.967285156
vt 0.898176968 0.977216244
vt 0.950855017 0.967285156
vt 0.996342182 0.957354188
vt 0.891224861 0.967285156
vt 0.950974047 0.957354188
vt 0.893244743 0.957354188
vt 0.923205554 0.997059464
vt 0.996342182 0.977216244
vt 0.996342182 0.997059464
vt 0.921916962 0.977216244
vt 0.288451374 0.997059464
vt 0.996342182 0.967285156
vt 0.288451374 0.977216244
vt 0.919971228 0.967285156
vt 0.996342182 0.957354188
vt 0.288451374 0.967285156
vt 0.920536816 0.957354188
vt 0.288451374 0.957354188
vt 0.951804101 0.997059524
vt 0.996342182 0.977216244
vt 0.996342182 0.997059464
vt 0.951264977 0.977216244
vt 0.996342182 0.967285156
vt 0.913724899 0.997059584
vt 0.950855017 0.967285156
vt 0.996342182 0.957354188
vt 0.950974047 0.957354188
vt 0.910438538 0.977216244
vt 0.903346598 0.967285156
vt 0.905407131 0.957354188
vt 0.53716743 0.977216244
vt 0.538481534 0.997059584
vt 0.53433156 0.967285156
vt 0.535155535 0.957354188
vt 0.288576037 0.965723991
vt 0.525845885 0.961485803
vt 0.288576066 0.961485684
vt 0.530672431 0.965724051
vt 0.288576037 0.970688105
vt 0.529138327 0.970688105
vt 0.288576037 0.975652158
vt 0.529628873 0.975652158
vt 0.288576037 0.980616331
vt 0.530127048 0.980616331
vt 0.755482316 0.975652277
vt 0.7549842 0.980616331
vt 0.996535182 0.980616331
vt 0.996535182 0.975652277
vt 0.755972683 0.970688105
vt 0.996535122 0.970688105
vt 0.755740404 0.965724051
vt 0.996535122 0.965724051
vt 0.750730217 0.961485744
vt 0.535314739 0.961485684
vt 0.76038301 0.961485803
vt 0.9963516 0.961485863
vt 0.530672431 0.965724051
vt 0.750804603 0.961492479
vt 0.535333335 0.961492419
vt 0.755740404 0.965724051
vt 0.529138327 0.970688105
vt 0.397421539 0.970688105
vt 0.398748457 0.965723991
vt 0.5259583 0.961514413
vt 0.398784101 0.961485267
vt 0.398090899 0.975652158
vt 0.529628873 0.975652158
vt 0.39877069 0.980616331
vt 0.530127048 0.980616331
vt 0.755972683 0.970688105
vt 0.755482316 0.975652277
vt 0.7549842 0.980616331
vt 0.886500299 0.980616331
vt 0.887179017 0.975652277
vt 0.887847424 0.970688105
vt 0.88712579 0.965724051
vt 0.760454953 0.961514473
vt 0.887090504 0.961485922
vt 0.750859022 0.980616331
vt 0.562767982 0.970688105
vt 0.562077343 0.980616331
vt 0.749929309 0.970688105
vt 0.563033998 0.961485028
vt 0.750777781 0.961490393
vt 0.750859022 0.980616331
vt 0.562767982 0.970688105
vt 0.562077343 0.980616331
vt 0.749929309 0.970688105
vt 0.563033998 0.961485088
vt 0.750777781 0.961490393
vt 0.668648899 0.0277256612
vt 0.500723064 0.000931645627
vt 0.601133287 0.000194393098
vt 0.752058089 0.150015131
vt 0.724031985 0.0827037394
vt 0.499846995 0.770462632
vt 0.750500023 0.770462632
vt 0.499931574 0.971423268
vt 0.499846995 0.770462632
vt 0.752058089 0.150015131
vt 0.500723064 0.000931645627
vt 0.75505811 0.149415538
vt 0.726571023 0.0809970722
vt 0.724031985 0.0827037394
vt 0.670336902 0.0251741465
vt 0.668648899 0.0277256612
vt 0.601710796 -0.00280993385
vt 0.601133287 0.000194393098
vt 0.497723073 -0.00204635225
vt 0.496847004 0.770457268
vt 0.750415504 0.971423268
vt 0.499931574 1.17930126
vt 0.499931574 1.17930126
vt 0.750415504 1.17930126
vt 0.750415504 1.17930126
vt 0.499931455 1.39145517
vt 0.499931455 1.39145517
vt 0.750349462 1.40299678
vt 0.499931455 1.59124589
vt 0.750597954 1.63016009
vt 0.49993223 1.86023462
vt 0.750597954 1.63016009
vt 0.750415504 1.86023486
vt 0.750597954 1.63016009
vt 0.499931455 1.59124589
vt 0.499931455 1.59124589
vt 0.750349462 1.40299678
vt 0.499931455 1.39145517
vt 0.499931455 1.39145517
vt 0.750415504 1.17930126
vt 0.499931574 1.17930126
vt 0.750415504 0.971423268
vt 0.750415504 0.971423268
vt 0.499931574 0.971423268
vt 0.750500023 0.770462632
vt 0.750500023 0.770462632
vt 0.499846995 0.770462632
vt 0.752058089 0.150015131
vt 0.752058089 0.150015131
vt 0.75505811 0.149415538
vt 0.726571023 0.0809970722
vt 0.500723064 0.000931645627
vt 0.500723064 0.000931645627
vt 0.668648899 0.0277256612
vt 0.724031985 0.0827037394
vt 0.601133287 0.000194393098
vt 0.724031985 0.0827037394
vt 0.670336902 0.0251741465
vt 0.668648899 0.0277256612
vt 0.601710796 -0.00280993385
vt 0.601133287 0.000194393098
vt 0.497723073 -0.00204635225
vt 0.496847004 0.770457268
vt 0.575770795 0.000849112228
vt 0.640876591 0.0534568131
vt 0.640876591 0.000849112228
vt 0.575771153 0.0534570888
vt 0.510242164 0.000849112228
vt 0.510242164 0.0534570888
vt 0.443964571 0.00085211551
vt 0.443964571 0.0534540527
vt 0.377094865 0.000719798496
vt 0.377095312 0.0535867512
vt 0.226793081 0.0768684149
vt 0.299645245 0.00204886822
vt 0.247518346 0.0245938171
vt 0.247518346 0.12914294
vt 0.299644738 0.151688069
vt 0.996606886 0.97723341
vt 0.709022522 0.99718374
vt 0.996606886 0.99718374
vt 0.707841158 0.97723341
vt 0.569321454 0.99718374
vt 0.996606886 0.967230499
vt 0.567438602 0.97723341
vt 0.360013008 0.99718374
vt 0.3586815 0.97723341
vt 0.708298087 0.967230499
vt 0.996606886 0.95718801
vt 0.708047628 0.95718801
vt 0.566642642 0.967230499
vt 0.357741475 0.967230499
vt 0.566875339 0.95718801
vt 0.358016163 0.95718801
vt 0.996606886 0.977068543
vt 0.85563761 0.99718374
vt 0.996606886 0.99718374
vt 0.851927221 0.977068543
vt 0.647791982 0.99718374
vt 0.996606886 0.967068315
vt 0.643707156 0.977068543
vt 0.368335843 0.99718374
vt 0.366162598 0.977068543
vt 0.848160267 0.967068315
vt 0.996606886 0.95718801
vt 0.849260807 0.95718801
vt 0.639074147 0.967068315
vt 0.363483638 0.967068315
vt 0.64042747 0.95718801
vt 0.364266038 0.95718801
vt 0.996606886 0.977275491
vt 0.288417965 0.99718374
vt 0.996606886 0.99718374
vt 0.288417965 0.977275491
vt 0.996606886 0.96727401
vt 0.288417965 0.96727401
vt 0.996606886 0.95718801
vt 0.288417965 0.95718801
vt 0.996606886 0.976936638
vt 0.288417965 0.99718374
vt 0.996606886 0.99718374
vt 0.288417965 0.976936638
vt 0.996606886 0.966935039
vt 0.288417965 0.966935039
vt 0.996606886 0.95718801
vt 0.288417965 0.95718801
vt 0.996606886 0.97744298
vt 0.335439056 0.99718374
vt 0.996606886 0.99718374
vt 0.338024199 0.97744298
vt 0.298682988 0.99718374
vt 0.996606886 0.967442751
vt 0.299462914 0.97744298
vt 0.344308794 0.967442751
vt 0.996606886 0.95718801
vt 0.301261902 0.967442751
vt 0.342474312 0.95718801
vt 0.300736785 0.95718801
vt 0.986749232 0.977151752
vt 0.957161129 0.99718374
vt 0.987251818 0.99718374
vt 0.955627859 0.977151752
vt 0.985602736 0.96715039
vt 0.912763298 0.977151752
vt 0.914198101 0.99718374
vt 0.909570575 0.96715039
vt 0.95221591 0.96715039
vt 0.985937476 0.95718801
vt 0.910502732 0.95718801
vt 0.953212082 0.95718801
vt 0.996606886 0.97723341
vt 0.70911634 0.99718374
vt 0.996606886 0.99718374
vt 0.707935333 0.97723341
vt 0.569321454 0.99718374
vt 0.996606886 0.967230499
vt 0.567438602 0.97723341
vt 0.360013008 0.99718374
vt 0.3586815 0.97723341
vt 0.708346725 0.967230499
vt 0.996606886 0.95718801
vt 0.708141744 0.95718801
vt 0.566642642 0.967230499
vt 0.357741475 0.967230499
vt 0.566875339 0.95718801
vt 0.358016163 0.95718801
vt 0.996606886 0.977068543
vt 0.85563761 0.99718374
vt 0.996606886 0.99718374
vt 0.851927221 0.977068543
vt 0.647791982 0.99718374
vt 0.996606886 0.967068315
vt 0.643707156 0.977068543
vt 0.368335843 0.99718374
vt 0.366162598 0.977068543
vt 0.848160267 0.967068315
vt 0.996606886 0.95718801
vt 0.849260807 0.95718801
vt 0.639074147 0.967068315
vt 0.363483638 0.967068315
vt 0.64042747 0.95718801
vt 0.364266038 0.95718801
vt 0.996606886 0.977275491
vt 0.288417965 0.99718374
vt 0.996606886 0.99718374
vt 0.288417965 0.977275491
vt 0.996606886 0.96727401
vt 0.288417965 0.96727401
vt 0.996606886 0.95718801
vt 0.288417965 0.95718801
vt 0.996606886 0.976936638
vt 0.288417965 0.99718374
vt 0.996606886 0.99718374
vt 0.288417965 0.976936638
vt 0.996606886 0.966935039
vt 0.288417965 0.966935039
vt 0.996606886 0.95718801
vt 0.288417965 0.95718801
vt 0.996606886 0.97744298
vt 0.335439056 0.99718374
vt 0.996606886 0.99718374
vt 0.338024199 0.97744298
vt 0.298682988 0.99718374
vt 0.996606886 0.967442751
vt 0.299462914 0.97744298
vt 0.344308794 0.967442751
vt 0.996606886 0.95718801
vt 0.301261902 0.967442751
vt 0.342474312 0.95718801
vt 0.300736785 0.95718801
vt 0.986749232 0.977151752
vt 0.957161129 0.99718374
vt 0.987251818 0.99718374
vt 0.955627859 0.977151752
vt 0.985602736 0.96715039
vt 0.913649201 0.977151752
vt 0.915086031 0.99718374
vt 0.910451889 0.96715045
vt 0.95221591 0.96715039
vt 0.985937476 0.95718801
vt 0.911385417 0.95718801
vt 0.953212082 0.95718801
vt 0.288810939 0.957388163
vt 0.551334262 0.977313817
vt 0.551334262 0.957388163
vt 0.288810998 0.977313817
vt 0.551334262 0.997239292
vt 0.288810998 0.997239292
vt 0.288810939 0.967351019
vt 0.551334262 0.957388163
vt 0.288810939 0.957388163
vt 0.551334262 0.967351019
vt 0.288810998 0.977313817
vt 0.551334262 0.977313817
vt 0.288810998 0.987276614
vt 0.551334262 0.987276614
vt 0.288810998 0.997239292
vt 0.551334262 0.997239292
vt 0.288810939 0.957388163
vt 0.551334262 0.977313817
vt 0.551334262 0.957388163
vt 0.288810998 0.977313817
vt 0.551334262 0.997239292
vt 0.288810998 0.997239292
vt 0.288810939 0.957388163
vt 0.551334262 0.977313817
vt 0.551334262 0.957388163
vt 0.288810998 0.977313817
vt 0.551334262 0.997239292
vt 0.288810998 0.997239292
vt 0.288810939 0.957388163
vt 0.551334262 0.977313817
vt 0.551334262 0.957388163
vt 0.288810998 0.977313817
vt 0.551334262 0.997239292
vt 0.288810998 0.997239292
vt 0.288810939 0.957388163
vt 0.551334262 0.977313817
vt 0.551334262 0.957388163
vt 0.288810998 0.977313817
vt 0.551334262 0.997239292
vt 0.288810998 0.997239292
vt 0.288810939 0.957388163
vt 0.551334262 0.977313817
vt 0.551334262 0.957388163
vt 0.288810998 0.977313817
vt 0.551334262 0.997239292
vt 0.288810998 0.997239292
vt 0.288810939 0.957388163
vt 0.551334262 0.977313817
vt 0.551334262 0.957388163
vt 0.288810998 0.977313817
vt 0.551334262 0.997239292
vt 0.288810998 0.997239292
vt 0.288810939 0.957388163
vt 0.551334262 0.977313817
vt 0.551334262 0.957388163
vt 0.288810998 0.977313817
vt 0.551334262 0.997239292
vt 0.288810998 0.997239292
vt 0.288810939 0.957388163
vt 0.551334262 0.967351019
vt 0.551334262 0.957388163
vt 0.288810939 0.967351019
vt 0.551334262 0.977313817
vt 0.288810998 0.977313817
vt 0.551334262 0.987276614
vt 0.288810998 0.987276614
vt 0.551334262 0.997239292
vt 0.288810998 0.997239292
vt 0.288810939 0.957388163
vt 0.551334262 0.967351019
vt 0.551334262 0.957388163
vt 0.288810939 0.967351019
vt 0.551334262 0.977313817
vt 0.288810998 0.977313817
vt 0.551334262 0.987276614
vt 0.288810998 0.987276614
vt 0.551334262 0.997239292
vt 0.288810998 0.997239292
vt 0.996606886 0.97723341
vt 0.70911634 0.99718374
vt 0.996606886 0.99718374
vt 0.707935333 0.97723341
vt 0.569321454 0.99718374
vt 0.996606886 0.967230499
vt 0.567438602 0.97723341
vt 0.360013008 0.99718374
vt 0.3586815 0.97723341
vt 0.708346725 0.967230499
vt 0.996606886 0.95718801
vt 0.708141804 0.95718801
vt 0.566642642 0.967230499
vt 0.357741475 0.967230499
vt 0.566875339 0.95718801
vt 0.358016163 0.95718801
vt 0.996606886 0.977068543
vt 0.85563761 0.99718374
vt 0.996606886 0.99718374
vt 0.851927221 0.977068543
vt 0.647791982 0.99718374
vt 0.996606886 0.967068315
vt 0.643707156 0.977068543
vt 0.368335843 0.99718374
vt 0.366162598 0.977068543
vt 0.848160267 0.967068315
vt 0.996606886 0.95718801
vt 0.849260807 0.95718801
vt 0.639074147 0.967068315
vt 0.363483638 0.967068315
vt 0.64042747 0.95718801
vt 0.364266038 0.95718801
vt 0.996606886 0.977275491
vt 0.288417965 0.99718374
vt 0.996606886 0.99718374
vt 0.288417965 0.977275491
vt 0.996606886 0.96727401
vt 0.288417965 0.96727401
vt 0.996606886 0.95718801
vt 0.288417965 0.95718801
vt 0.996606886 0.976936638
vt 0.288417965 0.99718374
vt 0.996606886 0.99718374
vt 0.288417965 0.976936638
vt 0.996606886 0.966935039
vt 0.288417965 0.966935039
vt 0.996606886 0.95718801
vt 0.288417965 0.95718801
vt 0.996606886 0.97744298
vt 0.335439056 0.99718374
vt 0.996606886 0.99718374
vt 0.338024199 0.97744298
vt 0.298682988 0.99718374
vt 0.996606886 0.967442751
vt 0.299462914 0.97744298
vt 0.344308794 0.967442751
vt 0.996606886 0.95718801
vt 0.301261902 0.967442751
vt 0.342474312 0.95718801
vt 0.300736785 0.95718801
vt 0.986749232 0.977151752
vt 0.957161129 0.99718374
vt 0.987251818 0.99718374
vt 0.955627859 0.977151752
vt 0.985602736 0.96715039
vt 0.914092541 0.977151692
vt 0.915530384 0.99718374
vt 0.910893023 0.96715039
vt 0.95221591 0.96715039
vt 0.985937476 0.95718801
vt 0.911827147 0.957187951
vt 0.953212082 0.95718801
vt 0.709022522 0.99718374
vt 0.996606886 0.97723341
vt 0.996606886 0.99718374
vt 0.707841158 0.97723341
vt 0.996606886 0.967230499
vt 0.569321454 0.99718374
vt 0.708298087 0.967230499
vt 0.996606886 0.95718801
vt 0.708047628 0.95718801
vt 0.567438602 0.97723341
vt 0.360013008 0.99718374
vt 0.3586815 0.97723341
vt 0.566642642 0.967230499
vt 0.566875339 0.95718801
vt 0.357741475 0.967230499
vt 0.358016163 0.95718801
vt 0.85563761 0.99718374
vt 0.996606886 0.977068543
vt 0.996606886 0.99718374
vt 0.851927221 0.977068543
vt 0.996606886 0.967068315
vt 0.647791982 0.99718374
vt 0.848160267 0.967068315
vt 0.996606886 0.95718801
vt 0.849260807 0.95718801
vt 0.643707156 0.977068543
vt 0.368335843 0.99718374
vt 0.366162598 0.977068543
vt 0.639074147 0.967068315
vt 0.64042747 0.95718801
vt 0.363483638 0.967068315
vt 0.364266038 0.95718801
vt 0.288417965 0.99718374
vt 0.996606886 0.977275491
vt 0.996606886 0.99718374
vt 0.288417965 0.977275491
vt 0.996606886 0.96727401
vt 0.288417965 0.96727401
vt 0.996606886 0.95718801
vt 0.288417965 0.95718801
vt 0.288417965 0.99718374
vt 0.996606886 0.976936638
vt 0.996606886 0.99718374
vt 0.288417965 0.976936638
vt 0.996606886 0.966935039
vt 0.288417965 0.966935039
vt 0.996606886 0.95718801
vt 0.288417965 0.95718801
vt 0.335439056 0.99718374
vt 0.996606886 0.97744298
vt 0.996606886 0.99718374
vt 0.338024199 0.97744298
vt 0.298682988 0.99718374
vt 0.996606886 0.967442751
vt 0.299462914 0.97744298
vt 0.344308794 0.967442751
vt 0.996606886 0.95718801
vt 0.301261902 0.967442751
vt 0.342474312 0.95718801
vt 0.300736785 0.95718801
vt 0.957161129 0.99718374
vt 0.986749232 0.977151752
vt 0.987251818 0.99718374
vt 0.955627859 0.977151752
vt 0.985602736 0.96715039
vt 0.288417965 0.99718374
vt 0.95221591 0.96715039
vt 0.985937476 0.95718801
vt 0.953212082 0.95718801
vt 0.288417965 0.977151752
vt 0.288417965 0.96715039
vt 0.288417965 0.95718801
vt 0.638529718 0.95718801
vt 0.638005137 0.96715045
vt 0.639801979 0.977151752
vt 0.640609503 0.997183681
vt 0.70911634 0.99718374
vt 0.996606886 0.97723341
vt 0.996606886 0.99718374
vt 0.707935333 0.97723341
vt 0.996606886 0.967230499
vt 0.569321454 0.99718374
vt 0.708346725 0.967230499
vt 0.996606886 0.95718801
vt 0.708141744 0.95718801
vt 0.567438602 0.97723341
vt 0.360013008 0.99718374
vt 0.3586815 0.97723341
vt 0.566642642 0.967230499
vt 0.566875339 0.95718801
vt 0.357741475 0.967230499
vt 0.358016163 0.95718801
vt 0.85563761 0.99718374
vt 0.996606886 0.977068543
vt 0.996606886 0.99718374
vt 0.851927221 0.977068543
vt 0.996606886 0.967068315
vt 0.647791982 0.99718374
vt 0.848160267 0.967068315
vt 0.996606886 0.95718801
vt 0.849260807 0.95718801
vt 0.643707156 0.977068543
vt 0.368335843 0.99718374
vt 0.366162598 0.977068543
vt 0.639074147 0.967068315
vt 0.64042747 0.95718801
vt 0.363483638 0.967068315
vt 0.364266038 0.95718801
vt 0.288417965 0.99718374
vt 0.996606886 0.977275491
vt 0.996606886 0.99718374
vt 0.288417965 0.977275491
vt 0.996606886 0.96727401
vt 0.288417965 0.96727401
vt 0.996606886 0.95718801
vt 0.288417965 0.95718801
vt 0.288417965 0.99718374
vt 0.996606886 0.976936638
vt 0.996606886 0.99718374
vt 0.288417965 0.976936638
vt 0.996606886 0.966935039
vt 0.288417965 0.966935039
vt 0.996606886 0.95718801
vt 0.288417965 0.95718801
vt 0.335439056 0.99718374
vt 0.996606886 0.97744298
vt 0.996606886 0.99718374
vt 0.338024199 0.97744298
vt 0.298682988 0.99718374
vt 0.996606886 0.967442751
vt 0.299462914 0.97744298
vt 0.344308794 0.967442751
vt 0.996606886 0.95718801
vt 0.301261902 0.967442751
vt 0.342474312 0.95718801
vt 0.300736785 0.95718801
vt 0.957161129 0.99718374
vt 0.986749232 0.977151752
vt 0.987251818 0.99718374
vt 0.955627859 0.977151752
vt 0.985602736 0.96715039
vt 0.288417965 0.99718374
vt 0.95221591 0.96715039
vt 0.985937476 0.95718801
vt 0.953212082 0.95718801
vt 0.288417965 0.977151752
vt 0.288417965 0.96715039
vt 0.288417965 0.95718801
vt 0.638806999 0.95718801
vt 0.638281941 0.96715039
vt 0.640080273 0.977151752
vt 0.640888393 0.99718374
vt 0.551334262 0.957388163
vt 0.288810998 0.977313817
vt 0.288810939 0.957388163
vt 0.551334262 0.977313817
vt 0.288810998 0.997239292
vt 0.551334262 0.997239292
vt 0.551334262 0.957388163
vt 0.288810939 0.967351019
vt 0.288810939 0.957388163
vt 0.551334262 0.967351019
vt 0.288810998 0.977313817
vt 0.551334262 0.977313817
vt 0.288810998 0.987276614
vt 0.551334262 0.987276614
vt 0.288810998 0.997239292
vt 0.551334262 0.997239292
vt 0.551334262 0.957388163
vt 0.288810998 0.977313817
vt 0.288810939 0.957388163
vt 0.551334262 0.977313817
vt 0.288810998 0.997239292
vt 0.551334262 0.997239292
vt 0.551334262 0.957388163
vt 0.288810998 0.977313817
vt 0.288810939 0.957388163
vt 0.551334262 0.977313817
vt 0.288810998 0.997239292
vt 0.551334262 0.997239292
vt 0.551334262 0.957388163
vt 0.288810998 0.977313817
vt 0.288810939 0.957388163
vt 0.551334262 0.977313817
vt 0.288810998 0.997239292
vt 0.551334262 0.997239292
vt 0.551334262 0.957388163
vt 0.288810998 0.977313817
vt 0.288810939 0.957388163
vt 0.551334262 0.977313817
vt 0.288810998 0.997239292
vt 0.551334262 0.997239292
vt 0.551334262 0.957388163
vt 0.288810998 0.977313817
vt 0.288810939 0.957388163
vt 0.551334262 0.977313817
vt 0.288810998 0.997239292
vt 0.551334262 0.997239292
vt 0.551334262 0.957388163
vt 0.288810998 0.977313817
vt 0.288810939 0.957388163
vt 0.551334262 0.977313817
vt 0.288810998 0.997239292
vt 0.551334262 0.997239292
vt 0.551334262 0.957388163
vt 0.288810998 0.977313817
vt 0.288810939 0.957388163
vt 0.551334262 0.977313817
vt 0.288810998 0.997239292
vt 0.551334262 0.997239292
vt 0.70911634 0.99718374
vt 0.996606886 0.97723341
vt 0.996606886 0.99718374
vt 0.707935333 0.97723341
vt 0.996606886 0.967230499
vt 0.569321454 0.99718374
vt 0.708346725 0.967230499
vt 0.996606886 0.95718801
vt 0.708141804 0.95718801
vt 0.567438602 0.97723341
vt 0.360013008 0.99718374
vt 0.3586815 0.97723341
vt 0.566642642 0.967230499
vt 0.566875339 0.95718801
vt 0.357741475 0.967230499
vt 0.358016163 0.95718801
vt 0.85563761 0.99718374
vt 0.996606886 0.977068543
vt 0.996606886 0.99718374
vt 0.851927221 0.977068543
vt 0.996606886 0.967068315
vt 0.647791982 0.99718374
vt 0.848160267 0.967068315
vt 0.996606886 0.95718801
vt 0.849260807 0.95718801
vt 0.643707156 0.977068543
vt 0.368335843 0.99718374
vt 0.366162598 0.977068543
vt 0.639074147 0.967068315
vt 0.64042747 0.95718801
vt 0.363483638 0.967068315
vt 0.364266038 0.95718801
vt 0.288417965 0.99718374
vt 0.996606886 0.977275491
vt 0.996606886 0.99718374
vt 0.288417965 0.977275491
vt 0.996606886 0.96727401
vt 0.288417965 0.96727401
vt 0.996606886 0.95718801
vt 0.288417965 0.95718801
vt 0.288417965 0.99718374
vt 0.996606886 0.976936638
vt 0.996606886 0.99718374
vt 0.288417965 0.976936638
vt 0.996606886 0.966935039
vt 0.288417965 0.966935039
vt 0.996606886 0.95718801
vt 0.288417965 0.95718801
vt 0.335439056 0.99718374
vt 0.996606886 0.97744298
vt 0.996606886 0.99718374
vt 0.338024199 0.97744298
vt 0.298682988 0.99718374
vt 0.996606886 0.967442751
vt 0.299462914 0.97744298
vt 0.344308794 0.967442751
vt 0.996606886 0.95718801
vt 0.301261902 0.967442751
vt 0.342474312 0.95718801
vt 0.300736785 0.95718801
vt 0.957161129 0.99718374
vt 0.986749232 0.977151752
vt 0.987251818 0.99718374
vt 0.955627859 0.977151752
vt 0.985602736 0.96715039
vt 0.288417965 0.99718374
vt 0.95221591 0.96715039
vt 0.985937476 0.95718801
vt 0.953212082 0.95718801
vt 0.288417965 0.977151752
vt 0.288417965 0.96715039
vt 0.288417965 0.95718801
vt 0.63843292 0.95718801
vt 0.637908399 0.96715039
vt 0.639704823 0.977151752
vt 0.640512109 0.997183681
vt 0.288810939 0.957388163
vt 0.551334262 0.977313817
vt 0.551334262 0.957388163
vt 0.288810998 0.977313817
vt 0.551334262 0.997239292
vt 0.288810998 0.997239292
vt 0.288810909 0.95386827
vt 0.551334262 0.972332418
vt 0.551334262 0.95386827
vt 0.288810939 0.972332418
vt 0.551334262 0.992257893
vt 0.288810998 0.992257893
vt 0.996175408 0.977140248
vt 0.943168581 0.997145891
vt 0.996175408 0.997145891
vt 0.941352367 0.977140248
vt 0.912260473 0.997145891
vt 0.996175408 0.967137635
vt 0.908687115 0.977140248
vt 0.288434356 0.997145891
vt 0.288434356 0.977140248
vt 0.937747836 0.967137516
vt 0.996175408 0.957456887
vt 0.938792944 0.957456887
vt 0.900680423 0.967137516
vt 0.288434356 0.967137516
vt 0.903002083 0.957456887
vt 0.288434356 0.957456887
vt 0.996175408 0.977140248
vt 0.960312486 0.997145832
vt 0.996175408 0.997145832
vt 0.958128095 0.977140248
vt 0.996175408 0.967137635
vt 0.921037138 0.997145832
vt 0.953683019 0.967137516
vt 0.996175408 0.957456887
vt 0.95497191 0.957456887
vt 0.916987896 0.977140248
vt 0.907923639 0.967137516
vt 0.910551965 0.957456887
vt 0.841289997 0.957456887
vt 0.83895427 0.967137456
vt 0.84700942 0.977140188
vt 0.850607812 0.997145832
vt 0.735010982 0.967039526
vt 0.887108505 0.957456887
vt 0.735010982 0.957456887
vt 0.88710773 0.96704042
vt 0.735011458 0.977023244
vt 0.887107491 0.97704196
vt 0.73501122 0.987045288
vt 0.887107968 0.987044334
vt 0.735010386 0.997097313
vt 0.887108088 0.997097313
vt 0.735010982 0.967039526
vt 0.887108505 0.957456887
vt 0.735010982 0.957456887
vt 0.88710773 0.967040479
vt 0.735011458 0.977023244
vt 0.887107491 0.97704196
vt 0.73501122 0.987045228
vt 0.887107968 0.987044394
vt 0.735010386 0.997097313
vt 0.887108088 0.997097313
vt 0.943168581 0.997145891
vt 0.996175408 0.977140248
vt 0.996175408 0.997145891
vt 0.941352367 0.977140248
vt 0.996175408 0.967137635
vt 0.912260473 0.997145891
vt 0.937747836 0.967137516
vt 0.996175408 0.957456887
vt 0.938792944 0.957456887
vt 0.908687115 0.977140248
vt 0.288434356 0.997145891
vt 0.288434356 0.977140248
vt 0.900680423 0.967137516
vt 0.903002083 0.957456887
vt 0.288434356 0.967137516
vt 0.288434356 0.957456887
vt 0.960312486 0.997145891
vt 0.996175408 0.977140248
vt 0.996175408 0.997145891
vt 0.958128095 0.977140248
vt 0.996175408 0.967137635
vt 0.921037138 0.997145891
vt 0.953683019 0.967137516
vt 0.996175408 0.957456887
vt 0.95497191 0.957456887
vt 0.916987896 0.977140248
vt 0.483688414 0.997145891
vt 0.482438624 0.977140248
vt 0.479640901 0.967137456
vt 0.907923639 0.967137516
vt 0.910551965 0.957456887
vt 0.48045215 0.957456887
vt 0.442704767 0.107687168
vt 0.377599746 0.0550791994
vt 0.377599746 0.107686892
vt 0.442704767 0.0550793037
vt 0.508232832 0.0550791994
vt 0.508232832 0.107687168
vt 0.574510217 0.107684128
vt 0.574510455 0.055082202
vt 0.641376913 0.107816756
vt 0.641376913 0.0549496114
vt 0.351771414 0.129142761
vt 0.299645245 0.00204886822
vt 0.299644738 0.151688069
vt 0.372496903 0.0768684149
vt 0.351771921 0.0245939828
vt 0.288684398 0.372932911
vt 0.0222919881 0.765244246
vt 0.0214040577 0.198301792
vt 0.121463217 0.318201989
vt 0.244077206 0.543947935
vt 0.292012215 0.395670116
vt 0.13862738 0.765510559
vt 0.114136271 0.466231823
vt 0.695184529 0.877739787
vt 0.00643143058 0.539914668
vt 0.121463217 0.318201989
vt 0.452430487 0.796444297
vt 0.228476912 0.539871275
vt 0.57883215 0.796444297
vt 0.695184529 0.796444297
vt 0.138627559 0.543952584
vt 0.249913111 4.68030167
vt 0.57883215 0.877739787
vt 0.57883215 0.796444297
vt 0.249912843 0.000514216255
vt 0.500161827 0.000361534767
vt 0.452430487 0.877739787
vt 0.500162065 4.68030167
vt 0.995324254 0.877739787
vt 0.249912843 1.92511964
vt 0.692974925 0.841831565
vt 0.249912843 0.938700497
vt 0.289551407 0.841831565
vt 0.289551407 0.877164006
vt 0.500161827 1.92511964
vt 0.692974925 0.877164006
vt 0.500161827 1.24810696
vt 0.0462286249 0.826897025
vt 0.2545681 0.0916124433
vt 0.486227483 0.669959307
vt 0.0992095321 0.90424943
vt 0.2545681 0.0916124582
vt 0.102045879 0.879270315
vt 0.485482186 0.377435267
vt 0.0718234628 0.894906759
vt 1.8700881 0.499111831
vt 0.399649143 0.877164006
vt 0.566132307 0.877164006
vt 2.31064057 0.499109834
vt 2.31064057 -0.000254398474
vt 0.48655659 0.841831565
vt 0.500831604 -0.134507358
vt 0.644947886 0.841831565
vt 0.00643143058 0.539914668
vt 0.794664264 0.477780998
vt 0.0222917497 0.544219494
vt 0.13862738 0.765510559
vt 0.121463247 0.538753331
vt 0.121463247 0.538753331
vt 0.795486808 0.580220401
vt 0.00643128157 0.31704089
vt 0.904762149 0.479869783
vt 0.244077206 0.543947935
vt 0.138627559 0.543952584
vt 0.794664264 0.477780998
vt 0.228476912 0.342271179
vt 0.228476912 0.539871275
vt 0.13862738 0.765510559
vt 0.904762149 0.578959644
vt 0.13862738 0.765510559
vt 0.28985709 0.72823596
vt -7.71321356E-05 1.70344563E-07
vt 0.0222917497 0.544219494
vt 0.449770212 0.000334677607
vt 0.138627559 0.543952584
vt 0.995852172 0.643314064
vt 0.121463247 0.538753331
vt 0.377599746 0.0550791994
vt 0.442704767 0.107687168
vt 0.377599746 0.107686892
vt 0.442704767 0.0550793037
vt 0.508232832 0.0550791994
vt 0.508232832 0.107687168
vt 0.574510217 0.107684128
vt 0.574510455 0.055082202
vt 0.641376913 0.107816756
vt 0.641376913 0.0549496114
vt 0.351771921 0.0245939828
vt 0.299644738 0.151688069
vt 0.299645245 0.00204886822
vt 0.372496903 0.0768684149
vt 0.351771414 0.129142761
vt 0.640876591 0.0534568131
vt 0.575770795 0.000849112228
vt 0.640876591 0.000849112228
vt 0.575771153 0.0534570888
vt 0.510242164 0.000849112228
vt 0.510242164 0.0534570888
vt 0.443964571 0.00085211551
vt 0.443964571 0.0534540527
vt 0.377094865 0.000719798496
vt 0.377095312 0.0535867512
vt 0.299645245 0.00204886822
vt 0.226793081 0.0768684149
vt 0.247518346 0.0245938171
vt 0.247518346 0.12914294
vt 0.299644738 0.151688069
vt 0.377599746 0.0550791994
vt 0.442704767 0.107687168
vt 0.377599746 0.107686892
vt 0.442704767 0.0550793037
vt 0.508232832 0.0550791994
vt 0.508232832 0.107687168
vt 0.574510217 0.107684128
vt 0.574510455 0.055082202
vt 0.641376913 0.107816756
vt 0.641376913 0.0549496114
vt 0.351771921 0.0245939828
vt 0.299644738 0.151688069
vt 0.299645245 0.00204886822
vt 0.372496903 0.0768684149
vt 0.351771414 0.129142761
vt 0.640876591 0.0534568131
vt 0.575770795 0.000849112228
vt 0.640876591 0.000849112228
vt 0.575771153 0.0534570888
vt 0.510242164 0.000849112228
vt 0.510242164 0.0534570888
vt 0.443964571 0.00085211551
vt 0.443964571 0.0534540527
vt 0.377094865 0.000719798496
vt 0.377095312 0.0535867512
vt 0.299645245 0.00204886822
vt 0.226793081 0.0768684149
vt 0.247518346 0.0245938171
vt 0.247518346 0.12914294
vt 0.299644738 0.151688069
vt 0.640876591 0.0534568131
vt 0.575770795 0.000849112228
vt 0.640876591 0.000849112228
vt 0.575771153 0.0534570888
vt 0.510242164 0.000849112228
vt 0.510242164 0.0534570888
vt 0.443964571 0.00085211551
vt 0.443964571 0.0534540527
vt 0.377094865 0.000719798496
vt 0.377095312 0.0535867512
vt 0.299645245 0.00204886822
vt 0.226793081 0.0768684149
vt 0.247518346 0.0245938171
vt 0.247518346 0.12914294
vt 0.299644738 0.151688069
vt 0.377599746 0.0550791994
vt 0.442704767 0.107687168
vt 0.377599746 0.107686892
vt 0.442704767 0.0550793037
vt 0.508232832 0.0550791994
vt 0.508232832 0.107687168
vt 0.574510217 0.107684128
vt 0.574510455 0.055082202
vt 0.641376913 0.107816756
vt 0.641376913 0.0549496114
vt 0.299645245 0.00204886822
vt 0.351771414 0.129142761
vt 0.299644738 0.151688069
vt 0.372496903 0.0768684149
vt 0.351771921 0.0245939828
vt 0.0222919881 0.765244246
vt 0.288684398 0.372932911
vt 0.0214040577 0.198301792
vt 0.121463217 0.318201989
vt 0.244077206 0.543947935
vt 0.292012215 0.395670116
vt 0.13862738 0.765510559
vt 0.114136271 0.466231823
vt 0.00643143058 0.539914668
vt 0.695184529 0.877739787
vt 0.121463217 0.318201989
vt 0.452430487 0.796444297
vt 0.228476912 0.539871275
vt 0.57883215 0.796444297
vt 0.695184529 0.796444297
vt 0.138627559 0.543952584
vt 0.57883215 0.877739787
vt 0.249913111 4.68030167
vt 0.57883215 0.796444297
vt 0.249912843 0.000514216255
vt 0.500161827 0.000361534767
vt 0.452430487 0.877739787
vt 0.500162065 4.68030167
vt 0.995324254 0.877739787
vt 0.692974925 0.841831565
vt 0.249912843 1.92511964
vt 0.249912843 0.938700497
vt 0.289551407 0.841831565
vt 0.289551407 0.877164006
vt 0.500161827 1.92511964
vt 0.692974925 0.877164006
vt 0.500161827 1.24810696
vt 0.2545681 0.0916124433
vt 0.0462286249 0.826897025
vt 0.486227483 0.669959307
vt 0.0992095321 0.90424943
vt 0.2545681 0.0916124582
vt 0.102045879 0.879270315
vt 0.485482186 0.377435267
vt 0.0718234628 0.894906759
vt 0.399649143 0.877164006
vt 1.8700881 0.499111831
vt 0.566132307 0.877164006
vt 2.31064057 0.499109834
vt 2.31064057 -0.000254398474
vt 0.48655659 0.841831565
vt 0.500831604 -0.134507358
vt 0.644947886 0.841831565
vt 0.794664264 0.477780998
vt 0.00643143058 0.539914668
vt 0.0222917497 0.544219494
vt 0.13862738 0.765510559
vt 0.121463247 0.538753331
vt 0.121463247 0.538753331
vt 0.795486808 0.580220401
vt 0.00643128157 0.31704089
vt 0.244077206 0.543947935
vt 0.904762149 0.479869783
vt 0.138627559 0.543952584
vt 0.794664264 0.477780998
vt 0.228476912 0.342271179
vt 0.228476912 0.539871275
vt 0.13862738 0.765510559
vt 0.904762149 0.578959644
vt 0.28985709 0.72823596
vt 0.13862738 0.765510559
vt -7.71321356E-05 1.70344563E-07
vt 0.0222917497 0.544219494
vt 0.449770212 0.000334677607
vt 0.138627559 0.543952584
vt 0.995852172 0.643314064
vt 0.121463247 0.538753331
vt 0.935947478 0.224855557
vt 0.691602707 0.234754071
vt 0.935584724 0.234754026
vt 0.691632748 0.225163549
vt 0.691632748 0.225163549
vt 0.935947478 0.224855557
vt 0.691602707 0.234754071
vt 0.935584724 0.234754026
vt 0.680741131 0.223931491
vt 0.690060854 0.223931491
vt 0.946445882 0.22393173
vt 0.946445942 0.151443958
vt 0.935947478 0.224855557
vt 0.946445882 0.22393173
vt 0.937126338 0.151443958
vt 0.691602707 0.234754071
vt 0.935584724 0.234754026
vt 0.691632748 0.225163549
vt 0.935554922 0.150212556
vt 0.69152534 0.150780708
vt 0.93558526 0.140622422
vt 0.691603184 0.140622348
vt 0.68074137 0.15144366
vt 0.690060854 0.223931491
vt 0.680741131 0.223931491
vt 0.946445942 0.151443958
vt 0.935947478 0.224855557
vt 0.946445882 0.22393173
vt 0.937126338 0.151443958
vt 0.691602707 0.234754071
vt 0.935584724 0.234754026
vt 0.691632748 0.225163549
vt 0.935554922 0.150212556
vt 0.69152534 0.150780708
vt 0.93558526 0.140622422
vt 0.691603184 0.140622348
vt 0.68074137 0.15144366
vt 0.690060854 0.223931491
vt 0.680741131 0.223931491
vt 0.946445942 0.151443958
vt 0.935947478 0.224855557
vt 0.946445882 0.22393173
vt 0.937126338 0.151443958
vt 0.691602707 0.234754071
vt 0.935584724 0.234754026
vt 0.691632748 0.225163549
vt 0.935554922 0.150212556
vt 0.69152534 0.150780708
vt 0.93558526 0.140622422
vt 0.691603184 0.140622348
vt 0.68074137 0.15144366
vt 0.690060854 0.223931491
vt 0.680741131 0.223931491
vt 0.946445942 0.151443958
vt 0.935947478 0.224855557
vt 0.946445882 0.22393173
vt 0.937126338 0.151443958
vt 0.691602707 0.234754071
vt 0.935584724 0.234754026
vt 0.691632748 0.225163549
vt 0.935554922 0.150212556
vt 0.69152534 0.150780708
vt 0.93558526 0.140622422
vt 0.691603184 0.140622348
vt 0.68074137 0.15144366
vt 0.690060854 0.223931491
vt 0.680741131 0.223931491
vt 0.946445942 0.151443958
vt 0.935947478 0.224855557
vt 0.946445882 0.22393173
vt 0.937126338 0.151443958
vt 0.691602707 0.234754071
vt 0.935584724 0.234754026
vt 0.691632748 0.225163549
vt 0.935554922 0.150212556
vt 0.69152534 0.150780708
vt 0.93558526 0.140622422
vt 0.691603184 0.140622348
vt 0.68074137 0.15144366
vt 0.690060854 0.223931491
vt 0.680741131 0.223931491
vt 0.946445942 0.151443958
vt 0.935947478 0.224855557
vt 0.946445882 0.22393173
vt 0.937126338 0.151443958
vt 0.691602707 0.234754071
vt 0.935584724 0.234754026
vt 0.691632748 0.225163549
vt 0.935554922 0.150212556
vt 0.69152534 0.150780708
vt 0.93558526 0.140622422
vt 0.691603184 0.140622348
vt 0.68074137 0.15144366
vt 0.690060854 0.223931491
vt 0.680741131 0.223931491
vt 0.692163825 0.223935068
vt 0.935023665 0.15144068
vt 0.935023665 0.223935068
vt 0.692163944 0.15144068
vt 0.692163825 0.223935068
vt 0.935023665 0.15144068
vt 0.935023665 0.223935068
vt 0.692163944 0.15144068
vt 0.692163825 0.223935068
vt 0.935023665 0.15144068
vt 0.935023665 0.223935068
vt 0.692163944 0.15144068
vt 0.692163825 0.223935068
vt 0.692163825 0.223935068
vt 0.935023665 0.223935068
vt 0.935023665 0.223935068
vt 0.692163825 0.223935068
vt 0.935023665 0.15144068
vt 0.935023665 0.223935068
vt 0.692163944 0.15144068
vt 0.692163825 0.223935068
vt 0.935023665 0.15144068
vt 0.935023665 0.223935068
vt 0.692163944 0.15144068
vt 0.692163825 0.223935068
vt 0.935023665 0.15144068
vt 0.935023665 0.223935068
vt 0.692163944 0.15144068
vt 0.946445942 0.151443958
vt 0.935947478 0.224855557
vt 0.946445882 0.22393173
vt 0.937126338 0.151443958
vt 0.691602707 0.234754071
vt 0.935584724 0.234754026
vt 0.691632748 0.225163549
vt 0.935554922 0.150212556
vt 0.69152534 0.150780708
vt 0.93558526 0.140622422
vt 0.691603184 0.140622348
vt 0.68074137 0.15144366
vt 0.690060854 0.223931491
vt 0.680741131 0.223931491
vt 0.692163825 0.223935068
vt 0.935023665 0.15144068
vt 0.935023665 0.223935068
vt 0.692163944 0.15144068
vt 0.946445942 0.151443958
vt 0.935947478 0.224855557
vt 0.946445882 0.22393173
vt 0.937126338 0.151443958
vt 0.691602707 0.234754071
vt 0.935584724 0.234754026
vt 0.691632748 0.225163549
vt 0.935554922 0.150212556
vt 0.69152534 0.150780708
vt 0.93558526 0.140622422
vt 0.691603184 0.140622348
vt 0.68074137 0.15144366
vt 0.690060854 0.223931491
vt 0.680741131 0.223931491
vt 0.692163825 0.223935068
vt 0.935023665 0.15144068
vt 0.935023665 0.223935068
vt 0.692163944 0.15144068
vt 0.946445942 0.151443958
vt 0.935947478 0.224855557
vt 0.946445882 0.22393173
vt 0.937126338 0.151443958
vt 0.691602707 0.234754071
vt 0.935584724 0.234754026
vt 0.691632748 0.225163549
vt 0.935554922 0.150212556
vt 0.69152534 0.150780708
vt 0.93558526 0.140622422
vt 0.691603184 0.140622348
vt 0.68074137 0.15144366
vt 0.690060854 0.223931491
vt 0.680741131 0.223931491
vt 0.692163825 0.223935068
vt 0.935023665 0.15144068
vt 0.935023665 0.223935068
vt 0.692163944 0.15144068
vt 0.946445942 0.151443958
vt 0.935947478 0.224855557
vt 0.946445882 0.22393173
vt 0.937126338 0.151443958
vt 0.691602707 0.234754071
vt 0.935584724 0.234754026
vt 0.691632748 0.225163549
vt 0.935554922 0.150212556
vt 0.69152534 0.150780708
vt 0.93558526 0.140622422
vt 0.691603184 0.140622348
vt 0.68074137 0.15144366
vt 0.690060854 0.223931491
vt 0.680741131 0.223931491
vt 0.692163825 0.223935068
vt 0.935023665 0.15144068
vt 0.935023665 0.223935068
vt 0.692163944 0.15144068
vt 0.946445942 0.151443958
vt 0.935947478 0.224855557
vt 0.946445882 0.22393173
vt 0.937126338 0.151443958
vt 0.691602707 0.234754071
vt 0.935584724 0.234754026
vt 0.691632748 0.225163549
vt 0.935554922 0.150212556
vt 0.69152534 0.150780708
vt 0.93558526 0.140622422
vt 0.691603184 0.140622348
vt 0.68074137 0.15144366
vt 0.690060854 0.223931491
vt 0.680741131 0.223931491
vt 0.692163825 0.223935068
vt 0.935023665 0.15144068
vt 0.935023665 0.223935068
vt 0.692163944 0.15144068
vt 0.946445942 0.151443958
vt 0.935947478 0.224855557
vt 0.946445882 0.22393173
vt 0.937126338 0.151443958
vt 0.691602707 0.234754071
vt 0.935584724 0.234754026
vt 0.691632748 0.225163549
vt 0.935554922 0.150212556
vt 0.69152534 0.150780708
vt 0.93558526 0.140622422
vt 0.691603184 0.140622348
vt 0.68074137 0.15144366
vt 0.690060854 0.223931491
vt 0.680741131 0.223931491
vt 0.692163825 0.223935068
vt 0.935023665 0.15144068
vt 0.935023665 0.223935068
vt 0.692163944 0.15144068
vt 0.946445942 0.151443958
vt 0.935947478 0.224855557
vt 0.946445882 0.22393173
vt 0.937126338 0.151443958
vt 0.691602707 0.234754071
vt 0.935584724 0.234754026
vt 0.691632748 0.225163549
vt 0.935554922 0.150212556
vt 0.69152534 0.150780708
vt 0.93558526 0.140622422
vt 0.691603184 0.140622348
vt 0.68074137 0.15144366
vt 0.690060854 0.223931491
vt 0.680741131 0.223931491
vt 0.692163825 0.223935068
vt 0.935023665 0.15144068
vt 0.935023665 0.223935068
vt 0.692163944 0.15144068
vt 0.946445942 0.151443958
vt 0.935947478 0.224855557
vt 0.946445882 0.22393173
vt 0.937126338 0.151443958
vt 0.691602707 0.234754071
vt 0.935584724 0.234754026
vt 0.691632748 0.225163549
vt 0.935554922 0.150212556
vt 0.69152534 0.150780708
vt 0.93558526 0.140622422
vt 0.691603184 0.140622348
vt 0.68074137 0.15144366
vt 0.690060854 0.223931491
vt 0.680741131 0.223931491
vt 0.692163825 0.223935068
vt 0.935023665 0.15144068
vt 0.935023665 0.223935068
vt 0.692163944 0.15144068
vt 0.946445942 0.151443958
vt 0.935947478 0.224855557
vt 0.946445882 0.22393173
vt 0.937126338 0.151443958
vt 0.691602707 0.234754071
vt 0.935584724 0.234754026
vt 0.691632748 0.225163549
vt 0.935554922 0.150212556
vt 0.69152534 0.150780708
vt 0.93558526 0.140622422
vt 0.691603184 0.140622348
vt 0.68074137 0.15144366
vt 0.690060854 0.223931491
vt 0.680741131 0.223931491
vt 0.692163825 0.223935068
vt 0.935023665 0.15144068
vt 0.935023665 0.223935068
vt 0.692163944 0.15144068
vt 0.691602707 0.234754071
vt 0.935947478 0.224855557
vt 0.935584724 0.234754026
vt 0.691632748 0.225163549
vt 0.691632748 0.225163549
vt 0.935947478 0.224855557
vt 0.691602707 0.234754071
vt 0.935584724 0.234754026
vt 0.680741131 0.223931491
vt 0.946445882 0.22393173
vt 0.690060854 0.223931491
vt 0.946445942 0.151443958
vt 0.935947478 0.224855557
vt 0.937126338 0.151443958
vt 0.946445882 0.22393173
vt 0.691602707 0.234754071
vt 0.935584724 0.234754026
vt 0.691632748 0.225163549
vt 0.935554922 0.150212556
vt 0.69152534 0.150780708
vt 0.93558526 0.140622422
vt 0.691603184 0.140622348
vt 0.690060854 0.223931491
vt 0.68074137 0.15144366
vt 0.680741131 0.223931491
vt 0.946445942 0.151443958
vt 0.935947478 0.224855557
vt 0.937126338 0.151443958
vt 0.946445882 0.22393173
vt 0.691602707 0.234754071
vt 0.935584724 0.234754026
vt 0.691632748 0.225163549
vt 0.935554922 0.150212556
vt 0.69152534 0.150780708
vt 0.93558526 0.140622422
vt 0.691603184 0.140622348
vt 0.690060854 0.223931491
vt 0.68074137 0.15144366
vt 0.680741131 0.223931491
vt 0.946445942 0.151443958
vt 0.935947478 0.224855557
vt 0.937126338 0.151443958
vt 0.946445882 0.22393173
vt 0.691602707 0.234754071
vt 0.935584724 0.234754026
vt 0.691632748 0.225163549
vt 0.935554922 0.150212556
vt 0.69152534 0.150780708
vt 0.93558526 0.140622422
vt 0.691603184 0.140622348
vt 0.690060854 0.223931491
vt 0.68074137 0.15144366
vt 0.680741131 0.223931491
vt 0.946445942 0.151443958
vt 0.935947478 0.224855557
vt 0.937126338 0.151443958
vt 0.946445882 0.22393173
vt 0.691602707 0.234754071
vt 0.935584724 0.234754026
vt 0.691632748 0.225163549
vt 0.935554922 0.150212556
vt 0.69152534 0.150780708
vt 0.93558526 0.140622422
vt 0.691603184 0.140622348
vt 0.690060854 0.223931491
vt 0.68074137 0.15144366
vt 0.680741131 0.223931491
vt 0.946445942 0.151443958
vt 0.935947478 0.224855557
vt 0.937126338 0.151443958
vt 0.946445882 0.22393173
vt 0.691602707 0.234754071
vt 0.935584724 0.234754026
vt 0.691632748 0.225163549
vt 0.935554922 0.150212556
vt 0.69152534 0.150780708
vt 0.93558526 0.140622422
vt 0.691603184 0.140622348
vt 0.690060854 0.223931491
vt 0.68074137 0.15144366
vt 0.680741131 0.223931491
vt 0.946445942 0.151443958
vt 0.935947478 0.224855557
vt 0.937126338 0.151443958
vt 0.946445882 0.22393173
vt 0.691602707 0.234754071
vt 0.935584724 0.234754026
vt 0.691632748 0.225163549
vt 0.935554922 0.150212556
vt 0.69152534 0.150780708
vt 0.93558526 0.140622422
vt 0.691603184 0.140622348
vt 0.690060854 0.223931491
vt 0.68074137 0.15144366
vt 0.680741131 0.223931491
vt 0.692163825 0.223935068
vt 0.935023665 0.15144068
vt 0.692163944 0.15144068
vt 0.935023665 0.223935068
vt 0.692163825 0.223935068
vt 0.935023665 0.15144068
vt 0.692163944 0.15144068
vt 0.935023665 0.223935068
vt 0.692163825 0.223935068
vt 0.935023665 0.15144068
vt 0.692163944 0.15144068
vt 0.935023665 0.223935068
vt 0.692163825 0.223935068
vt 0.692163825 0.223935068
vt 0.935023665 0.223935068
vt 0.935023665 0.223935068
vt 0.692163825 0.223935068
vt 0.935023665 0.15144068
vt 0.692163944 0.15144068
vt 0.935023665 0.223935068
vt 0.692163825 0.223935068
vt 0.935023665 0.15144068
vt 0.692163944 0.15144068
vt 0.935023665 0.223935068
vt 0.692163825 0.223935068
vt 0.935023665 0.15144068
vt 0.692163944 0.15144068
vt 0.935023665 0.223935068
vt 0.604314089 0.98012954
vt 0.62274617 0.978519142
vt 0.621135294 0.960087121
vt 0.624357104 0.996951759
vt 0.64117825 0.976907551
vt 0.641653359 0.978551447
vt 0.66008538 0.976941049
vt 0.658474565 0.958509147
vt 0.661696434 0.995373785
vt 0.678517461 0.975329459
vt 0.367033124 0.963855267
vt 0.367033362 0.977161884
vt 0.380349398 0.977170944
vt 0.353717208 0.977171898
vt 0.36703372 0.990487576
vt 0.381514907 0.960375309
vt 0.381515265 0.973681927
vt 0.394831419 0.973691463
vt 0.36819911 0.973692417
vt 0.381515503 0.987008095
vt 0.371843696 0.976191044
vt 0.383232355 0.989430428
vt 0.384157538 0.977117538
vt 0.385083318 0.964802742
vt 0.396471381 0.978042126
vt 0.374596238 0.97271204
vt 0.362282395 0.973638535
vt 0.363208294 0.985951424
vt 0.361356139 0.961324215
vt 0.349968553 0.974564075
vt 0.121463247 0.538513899
vt 0.228476912 0.317084104
vt 0.228476912 0.539605737
vt 0.228476912 0.317084104
vt 0.121463217 0.318201989
vt 0.121463217 0.318201989
vt 0.00643128157 0.31704089
vt 0.00643128157 0.31704089
vt 0.00643143058 0.539914668
vt 0.00643143058 0.539914668
vt 0.0665266514 0.539307952
vt 0.251916766 0.399805665
vt 0.500831604 -0.134507358
vt 0.500831604 0.631895661
vt 0.500831604 0.631895661
vt 0.251916766 0.399805665
vt 0.500831604 -0.134507358
vt 0.251916766 0.0975829363
vt 0.251916766 0.0975829363
vt 0.500831604 -0.134507358
vt 0.251916766 0.399805665
vt 0.500831604 0.631895661
vt 0.500831604 0.631895661
vt 0.251916766 0.399805665
vt 0.500831604 -0.134507358
vt 0.251916766 0.0975829363
vt 0.251916766 0.0975829363
vt 0.245907456 0.70836997
vt 0.372953713 0.708351612
vt 0.372953713 0.708351612
vt 0.372953713 0.708351612
vt 0.245907456 0.70836997
vt 0.245907456 0.70836997
vt 0.245907456 0.70836997
vt 0.372953713 0.708351612
vt 0.245907456 0.70836997
vt 0.372953713 0.708351612
vt 0.245907456 0.70836997
vt 0.372953713 0.708351612
vt 0.245907456 0.70836997
vt 0.372953713 0.708351612
vt 0.245907456 0.70836997
vt 0.372953713 0.708351612
vt 0.245907456 0.70836997
vt 0.372953713 0.708351612
vt 0.372953713 0.708351612
vt 0.372953713 0.708351612
vt 0.245907456 0.70836997
vt 0.245907456 0.70836997
vt 0.245907456 0.70836997
vt 0.372953713 0.708351612
vt 0.245907456 0.70836997
vt 0.372953713 0.708351612
vt 0.245907456 0.70836997
vt 0.372953713 0.708351612
vt 0.245907456 0.70836997
vt 0.372953713 0.708351612
vt 0.245907456 0.70836997
vt 0.372953713 0.708351612
vt 0.245907456 0.70836997
vt 0.372953713 0.708351612
vt 0.372953713 0.708351612
vt 0.372953713 0.708351612
vt 0.245907456 0.70836997
vt 0.245907456 0.70836997
vt 0.245907456 0.70836997
vt 0.372953713 0.708351612
vt 0.245907456 0.70836997
vt 0.372953713 0.708351612
vt 0.245907456 0.70836997
vt 0.372953713 0.708351612
vt 0.245907456 0.70836997
vt 0.372953713 0.708351612
vt 0.245907456 0.70836997
vt 0.372953713 0.708351612
vt 0.245907456 0.70836997
vt 0.372953713 0.708351612
vt 0.372953713 0.708351612
vt 0.372953713 0.708351612
vt 0.245907456 0.70836997
vt 0.245907456 0.70836997
vt 0.245907456 0.70836997
vt 0.372953713 0.708351612
vt 0.245907456 0.70836997
vt 0.372953713 0.708351612
vt 0.245907456 0.70836997
vt 0.372953713 0.708351612
vt 0.245907456 0.70836997
vt 0.372953713 0.708351612
vt 0.245907456 0.70836997
vt 0.372953713 0.708351612
vt 0.245907456 0.70836997
vt 0.372953713 0.708351612
vt 0.372953713 0.708351612
vt 0.372953713 0.708351612
vt 0.245907456 0.70836997
vt 0.245907456 0.70836997
vt 0.245907456 0.70836997
vt 0.372953713 0.708351612
vt 0.245907456 0.70836997
vt 0.372953713 0.708351612
vt 0.245907456 0.70836997
vt 0.372953713 0.708351612
vt 0.245907456 0.70836997
vt 0.372953713 0.708351612
vt 0.245907456 0.70836997
vt 0.372953713 0.708351612
vt 0.245907456 0.70836997
vt 0.372953713 0.708351612
vt 0.372953713 0.708351612
vt 0.372953713 0.708351612
vt 0.245907456 0.70836997
vt 0.245907456 0.70836997
vt 0.245907456 0.70836997
vt 0.372953713 0.708351612
vt 0.245907456 0.70836997
vt 0.372953713 0.708351612
vt 0.245907456 0.70836997
vt 0.372953713 0.708351612
vt 0.245907456 0.70836997
vt 0.372953713 0.708351612
vt 0.245907456 0.70836997
vt 0.372953713 0.708351612
vt 0.245907456 0.70836997
vt 0.372953713 0.708351612
vt 0.372953713 0.708351612
vt 0.372953713 0.708351612
vt 0.245907456 0.70836997
vt 0.245907456 0.70836997
vt 0.245907456 0.70836997
vt 0.372953713 0.708351612
vt 0.245907456 0.70836997
vt 0.372953713 0.708351612
vt 0.245907456 0.70836997
vt 0.372953713 0.708351612
vt 0.245907456 0.70836997
vt 0.372953713 0.708351612
vt 0.245907456 0.70836997
vt 0.372953713 0.708351612
vt 0.309612215 0.711648047
vt 0.841986537 0.658700347
vt 0.309612215 0.658700407
vt 0.309612215 0.711648047
vt 0.309612215 0.658700407
vt 0.841986537 0.658700347
vt 0.841986537 0.711648107
vt 0.841986537 0.711648107
vt 0.841986954 0.791339517
vt 0.309612215 0.727511227
vt 0.309612453 0.791339457
vt 0.841986954 0.791339517
vt 0.309612453 0.791339457
vt 0.309612215 0.727511227
vt 0.841986537 0.727511406
vt 0.841986537 0.727511406
g submesh0
f 1/1 2/2 3/3
f 2/2 4/4 5/5
f 2/2 6/6 7/7
f 2/2 8/8 9/9
f 10/10 11/11 2/2
f 12/12 13/13 14/14
f 15/15 16/16 14/14
f 17/17 18/18 19/19
f 17/17 20/20 21/21
f 20/20 17/17 22/22
f 21/21 23/23 17/17
f 22/22 24/24 20/20
f 23/23 21/21 25/25
f 24/24 22/22 26/26
f 26/26 27/27 24/24
f 27/27 26/26 28/28
f 25/25 29/29 23/23
f 29/29 25/25 30/30
f 30/30 31/31 29/29
f 31/31 30/30 32/32
f 22/22 33/33 34/34
f 26/26 35/35 36/36
f 23/23 37/37 38/38
f 39/39 40/40 29/29
f 29/29 41/41 42/42
f 43/43 44/44 45/45
f 46/46 43/43 47/47
f 43/43 46/46 48/48
f 49/49 47/47 43/43
f 50/50 48/48 46/46
f 47/47 49/49 51/51
f 48/48 50/50 52/52
f 53/53 52/52 50/50
f 52/52 53/53 54/54
f 55/55 51/51 49/49
f 51/51 55/55 56/56
f 57/57 56/56 55/55
f 56/56 57/57 58/58
f 48/48 59/59 60/60
f 52/52 61/61 62/62
f 49/49 63/63 64/64
f 65/65 55/55 66/66
f 55/55 67/67 68/68
f 69/69 70/70 71/71
f 72/72 73/73 74/74
f 75/75 76/76 77/77
f 75/75 78/78 79/79
f 75/75 80/80 81/81
f 75/75 82/82 83/83
f 84/84 75/75 85/85
f 75/75 84/84 86/86
f 87/87 75/75 86/86
f 75/75 88/88 89/89
f 75/75 90/90 88/88
f 75/75 91/91 90/90
f 91/91 75/75 92/92
f 93/93 92/92 75/75
f 94/94 93/93 75/75
f 95/95 94/94 75/75
f 95/95 75/75 96/96
f 96/96 75/75 97/97
f 97/97 75/75 98/98
f 99/99 98/98 75/75
f 75/75 100/100 99/99
f 75/75 101/101 100/100
f 75/75 102/102 101/101
f 103/103 75/75 104/104
f 75/75 103/103 105/105
f 106/106 75/75 105/105
f 106/106 107/107 75/75
f 75/75 107/107 108/108
f 108/108 109/109 75/75
f 75/75 109/109 110/110
f 75/75 111/111 112/112
f 112/112 113/113 75/75
f 114/114 115/115 116/116
f 117/117 118/118 119/119
f 120/120 121/121 117/117
f 121/121 120/120 122/122
f 123/123 122/122 120/120
f 122/122 123/123 124/124
f 125/125 124/124 123/123
f 124/124 125/125 126/126
f 127/127 126/126 125/125
f 127/127 128/128 129/129
f 128/128 127/127 130/130
f 130/130 131/131 128/128
f 131/131 130/130 132/132
f 132/132 133/133 131/131
f 133/133 132/132 134/134
f 135/135 133/133 134/134
f 133/133 135/135 136/136
f 137/137 136/136 135/135
f 136/136 137/137 138/138
f 139/139 138/138 137/137
f 138/138 139/139 140/140
f 139/139 141/141 140/140
f 141/141 139/139 142/142
f 143/143 142/142 144/144
f 144/144 145/145 143/143
f 145/145 144/144 146/146
f 147/147 146/146 148/148
f 148/148 149/149 147/147
f 149/149 148/148 150/150
f 150/150 151/151 149/149
f 151/151 150/150 152/152
f 153/153 154/154 155/155
f 153/153 156/156 157/157
f 156/156 153/153 158/158
f 158/158 159/159 156/156
f 160/160 161/161 162/162
f 163/163 164/164 165/165
f 163/163 166/166 167/167
f 166/166 163/163 168/168
f 167/167 169/169 163/163
f 168/168 170/170 166/166
f 169/169 167/167 171/171
f 170/170 168/168 172/172
f 172/172 173/173 170/170
f 173/173 172/172 174/174
f 171/171 175/175 169/169
f 175/175 171/171 176/176
f 176/176 177/177 175/175
f 177/177 176/176 178/178
f 168/168 179/179 180/180
f 172/172 181/181 182/182
f 169/169 183/183 184/184
f 185/185 186/186 175/175
f 175/175 187/187 188/188
f 189/189 190/190 191/191
f 192/192 189/189 193/193
f 189/189 192/192 194/194
f 195/195 193/193 189/189
f 196/196 194/194 192/192
f 193/193 195/195 197/197
f 194/194 196/196 198/198
f 199/199 198/198 196/196
f 198/198 199/199 200/200
f 201/201 197/197 195/195
f 197/197 201/201 202/202
f 203/203 202/202 201/201
f 202/202 203/203 204/204
f 194/194 205/205 206/206
f 198/198 207/207 208/208
f 195/195 209/209 210/210
f 211/211 201/201 212/212
f 201/201 213/213 214/214
f 215/215 216/216 217/217
f 215/215 218/218 219/219
f 218/218 215/215 220/220
f 219/219 221/221 215/215
f 220/220 222/222 218/218
f 221/221 219/219 223/223
f 222/222 220/220 224/224
f 224/224 225/225 222/222
f 225/225 224/224 226/226
f 223/223 227/227 221/221
f 227/227 223/223 228/228
f 228/228 229/229 227/227
f 229/229 228/228 230/230
f 220/220 231/231 232/232
f 224/224 233/233 234/234
f 221/221 235/235 236/236
f 237/237 238/238 227/227
f 227/227 239/239 240/240
f 241/241 242/242 243/243
f 244/244 241/241 245/245
f 241/241 244/244 246/246
f 247/247 245/245 241/241
f 248/248 246/246 244/244
f 245/245 247/247 249/249
f 246/246 248/248 250/250
f 251/251 250/250 248/248
f 250/250 251/251 252/252
f 253/253 249/249 247/247
f 249/249 253/253 254/254
f 255/255 254/254 253/253
f 254/254 255/255 256/256
f 246/246 257/257 258/258
f 250/250 259/259 260/260
f 247/247 261/261 262/262
f 263/263 253/253 264/264
f 253/253 265/265 266/266
f 267/267 268/268 269/269
f 267/267 270/270 271/271
f 270/270 267/267 272/272
f 271/271 273/273 267/267
f 272/272 274/274 270/270
f 273/273 271/271 275/275
f 274/274 272/272 276/276
f 276/276 277/277 274/274
f 277/277 276/276 278/278
f 275/275 279/279 273/273
f 279/279 275/275 280/280
f 280/280 281/281 279/279
f 281/281 280/280 282/282
f 272/272 283/283 284/284
f 276/276 285/285 286/286
f 273/273 287/287 288/288
f 289/289 290/290 279/279
f 279/279 291/291 292/292
f 293/293 294/294 295/295
f 296/296 293/293 297/297
f 293/293 296/296 298/298
f 299/299 297/297 293/293
f 300/300 298/298 296/296
f 297/297 299/299 301/301
f 298/298 300/300 302/302
f 303/303 302/302 300/300
f 302/302 303/303 304/304
f 305/305 301/301 299/299
f 301/301 305/305 306/306
f 307/307 306/306 305/305
f 306/306 307/307 308/308
f 298/298 309/309 310/310
f 302/302 311/311 312/312
f 299/299 313/313 314/314
f 315/315 305/305 316/316
f 305/305 317/317 318/318
f 319/319 320/320 321/321
f 322/322 323/323 324/324
f 325/325 326/326 327/327
f 328/328 329/329 330/330
f 331/331 332/332 333/333
f 334/334 332/332 335/335
f 332/332 336/336 337/337
f 332/332 338/338 339/339
f 340/340 332/332 341/341
f 341/341 332/332 342/342
f 343/343 344/344 345/345
f 346/346 347/347 348/348
f 349/349 350/350 351/351
f 350/350 352/352 353/353
f 350/350 354/354 355/355
f 350/350 356/356 357/357
f 358/358 359/359 350/350
f 360/360 361/361 362/362
f 363/363 364/364 362/362
f 365/365 366/366 367/367
f 366/366 368/368 369/369
f 368/368 366/366 370/370
f 371/371 372/372 373/373
f 374/374 375/375 376/376
f 377/377 378/378 379/379
f 380/380 381/381 382/382
f 383/383 384/384 385/385
f 386/386 387/387 388/388
f 389/389 390/390 391/391
f 389/389 392/392 393/393
f 389/389 394/394 395/395
f 395/395 396/396 389/389
f 394/394 389/389 397/397
f 396/396 395/395 398/398
f 397/397 399/399 394/394
f 398/398 400/400 396/396
f 400/400 398/398 401/401
f 401/401 402/402 400/400
f 402/402 401/401 403/403
f 399/399 397/397 404/404
f 404/404 405/405 399/399
f 405/405 404/404 406/406
f 407/407 408/408 396/396
f 402/402 409/409 410/410
f 397/397 411/411 412/412
f 404/404 413/413 414/414
f 415/415 416/416 417/417
f 415/415 418/418 419/419
f 420/420 415/415 421/421
f 415/415 420/420 422/422
f 423/423 421/421 415/415
f 424/424 422/422 420/420
f 421/421 423/423 425/425
f 426/426 425/425 423/423
f 425/425 426/426 427/427
f 428/428 427/427 426/426
f 427/427 428/428 429/429
f 422/422 424/424 430/430
f 431/431 430/430 424/424
f 430/430 431/431 432/432
f 433/433 423/423 434/434
f 428/428 435/435 436/436
f 422/422 437/437 438/438
f 430/430 439/439 440/440
f 441/441 442/442 443/443
f 444/444 445/445 446/446
f 447/447 448/448 449/449
f 450/450 451/451 452/452
f 453/453 454/454 455/455
f 454/454 453/453 456/456
f 457/457 456/456 453/453
f 456/456 458/458 454/454
f 456/456 457/457 459/459
f 458/458 456/456 460/460
f 459/459 460/460 456/456
f 460/460 461/461 458/458
f 460/460 459/459 462/462
f 461/461 460/460 463/463
f 462/462 463/463 460/460
f 463/463 464/464 461/461
f 463/463 462/462 465/465
f 464/464 463/463 466/466
f 465/465 466/466 463/463
f 466/466 465/465 467/467
f 466/466 468/468 464/464
f 469/469 466/466 467/467
f 468/468 466/466 470/470
f 466/466 469/469 470/470
f 470/470 471/471 468/468
f 472/472 470/470 469/469
f 471/471 470/470 473/473
f 470/470 472/472 473/473
f 473/473 474/474 471/471
f 475/475 473/473 472/472
f 474/474 473/473 476/476
f 473/473 475/475 476/476
f 477/477 478/478 479/479
f 478/478 477/477 480/480
f 481/481 480/480 477/477
f 480/480 481/481 482/482
f 483/483 482/482 481/481
f 482/482 483/483 484/484
f 485/485 484/484 483/483
f 484/484 485/485 486/486
f 486/486 487/487 484/484
f 487/487 486/486 488/488
f 489/489 487/487 488/488
f 487/487 489/489 490/490
f 491/491 484/484 487/487
f 490/490 491/491 487/487
f 484/484 491/491 482/482
f 491/491 490/490 492/492
f 493/493 482/482 491/491
f 492/492 493/493 491/491
f 482/482 493/493 480/480
f 493/493 492/492 494/494
f 495/495 480/480 493/493
f 480/480 495/495 496/496
f 494/494 497/497 493/493
f 497/497 494/494 498/498
f 499/499 500/500 501/501
f 500/500 499/499 502/502
f 503/503 502/502 499/499
f 499/499 504/504 503/503
f 504/504 499/499 505/505
f 506/506 505/505 499/499
f 505/505 506/506 507/507
f 508/508 503/503 504/504
f 503/503 508/508 509/509
f 510/510 509/509 508/508
f 509/509 510/510 511/511
f 509/509 512/512 503/503
f 502/502 503/503 512/512
f 511/511 513/513 509/509
f 512/512 509/509 513/513
f 513/513 511/511 514/514
f 515/515 513/513 514/514
f 513/513 515/515 516/516
f 516/516 512/512 513/513
f 512/512 516/516 517/517
f 517/517 502/502 512/512
f 502/502 517/517 518/518
f 518/518 519/519 502/502
f 519/519 518/518 520/520
f 521/521 522/522 523/523
f 522/522 521/521 524/524
f 524/524 525/525 522/522
f 525/525 524/524 526/526
f 527/527 528/528 529/529
f 528/528 527/527 530/530
f 530/530 531/531 528/528
f 531/531 530/530 532/532
f 533/533 534/534 535/535
f 534/534 533/533 536/536
f 537/537 534/534 536/536
f 534/534 537/537 538/538
f 537/537 539/539 538/538
f 539/539 537/537 540/540
f 537/537 541/541 540/540
f 541/541 537/537 542/542
f 536/536 542/542 537/537
f 542/542 536/536 543/543
f 544/544 543/543 536/536
f 543/543 544/544 545/545
f 546/546 547/547 548/548
f 547/547 546/546 549/549
f 550/550 547/547 549/549
f 547/547 550/550 551/551
f 550/550 552/552 551/551
f 552/552 550/550 553/553
f 550/550 554/554 553/553
f 554/554 550/550 555/555
f 549/549 555/555 550/550
f 555/555 549/549 556/556
f 557/557 556/556 549/549
f 556/556 557/557 558/558
f 559/559 560/560 561/561
f 560/560 559/559 562/562
f 562/562 563/563 560/560
f 563/563 562/562 564/564
f 565/565 566/566 567/567
f 566/566 565/565 568/568
f 568/568 569/569 566/566
f 569/569 568/568 570/570
f 571/571 572/572 573/573
f 572/572 571/571 574/574
f 575/575 572/572 574/574
f 576/576 575/575 574/574
f 574/574 577/577 576/576
f 577/577 574/574 578/578
f 572/572 575/575 579/579
f 580/580 572/572 579/579
f 572/572 580/580 581/581
f 581/581 582/582 572/572
f 582/582 581/581 583/583
f 579/579 584/584 580/580
f 584/584 579/579 585/585
f 575/575 585/585 579/579
f 585/585 575/575 586/586
f 587/587 586/586 575/575
f 575/575 576/576 587/587
f 586/586 587/587 588/588
f 589/589 588/588 587/587
f 576/576 589/589 587/587
f 588/588 589/589 590/590
f 591/591 590/590 589/589
f 590/590 591/591 592/592
f 593/593 592/592 591/591
f 592/592 593/593 594/594
f 589/589 595/595 591/591
f 595/595 593/593 591/591
f 589/589 576/576 596/596
f 595/595 589/589 596/596
f 576/576 597/597 596/596
f 597/597 576/576 598/598
f 596/596 599/599 595/595
f 599/599 596/596 600/600
f 593/593 595/595 601/601
f 602/602 593/593 601/601
f 593/593 602/602 603/603
f 603/603 594/594 593/593
f 594/594 603/603 604/604
f 604/604 605/605 594/594
f 605/605 604/604 606/606
f 607/607 595/595 608/608
f 595/595 607/607 609/609
f 610/610 611/611 612/612
f 611/611 610/610 613/613
f 614/614 611/611 613/613
f 615/615 614/614 613/613
f 613/613 616/616 615/615
f 616/616 613/613 617/617
f 611/611 614/614 618/618
f 619/619 611/611 618/618
f 611/611 619/619 620/620
f 620/620 621/621 611/611
f 621/621 620/620 622/622
f 618/618 623/623 619/619
f 623/623 618/618 624/624
f 614/614 624/624 618/618
f 624/624 614/614 625/625
f 626/626 625/625 614/614
f 614/614 615/615 626/626
f 625/625 626/626 627/627
f 628/628 627/627 626/626
f 615/615 628/628 626/626
f 627/627 628/628 629/629
f 630/630 629/629 628/628
f 629/629 630/630 631/631
f 632/632 631/631 630/630
f 631/631 632/632 633/633
f 628/628 634/634 630/630
f 634/634 632/632 630/630
f 628/628 615/615 635/635
f 634/634 628/628 635/635
f 615/615 636/636 635/635
f 636/636 615/615 637/637
f 635/635 638/638 634/634
f 638/638 635/635 639/639
f 632/632 634/634 640/640
f 641/641 632/632 640/640
f 632/632 641/641 642/642
f 642/642 633/633 632/632
f 633/633 642/642 643/643
f 643/643 644/644 633/633
f 644/644 643/643 645/645
f 646/646 634/634 647/647
f 634/634 646/646 648/648
f 649/649 650/650 651/651
f 650/650 649/649 652/652
f 652/652 653/653 650/650
f 653/653 652/652 654/654
f 655/655 656/656 657/657
f 656/656 655/655 658/658
f 658/658 659/659 656/656
f 659/659 658/658 660/660
f 661/661 662/662 663/663
f 662/662 661/661 664/664
f 664/664 665/665 662/662
f 665/665 664/664 666/666
f 667/667 668/668 669/669
f 668/668 667/667 670/670
f 670/670 671/671 668/668
f 671/671 670/670 672/672
f 673/673 674/674 675/675
f 674/674 673/673 676/676
f 676/676 677/677 674/674
f 677/677 676/676 678/678
f 679/679 680/680 681/681
f 680/680 679/679 682/682
f 683/683 682/682 679/679
f 682/682 683/683 684/684
f 685/685 684/684 683/683
f 684/684 685/685 686/686
f 685/685 687/687 686/686
f 687/687 685/685 688/688
f 689/689 690/690 691/691
f 690/690 689/689 692/692
f 693/693 694/694 689/689
f 693/693 695/695 694/694
f 694/694 695/695 696/696
f 697/697 698/698 699/699
f 698/698 697/697 700/700
f 701/701 702/702 703/703
f 702/702 701/701 704/704
f 705/705 706/706 707/707
f 706/706 705/705 708/708
f 709/709 710/710 711/711
f 710/710 709/709 712/712
f 712/712 713/713 710/710
f 713/713 712/712 714/714
f 715/715 716/716 713/713
f 716/716 715/715 717/717
f 717/717 718/718 716/716
f 718/718 717/717 719/719
f 720/720 718/718 719/719
f 718/718 720/720 721/721
f 720/720 722/722 721/721
f 722/722 720/720 723/723
f 724/724 722/722 723/723
f 722/722 724/724 725/725
f 724/724 726/726 725/725
f 726/726 724/724 727/727
f 728/728 726/726 729/729
f 726/726 728/728 730/730
f 731/731 730/730 728/728
f 730/730 731/731 732/732
f 733/733 734/734 735/735
f 734/734 733/733 736/736
f 736/736 737/737 734/734
f 737/737 736/736 738/738
f 739/739 737/737 738/738
f 737/737 739/739 740/740
f 739/739 741/741 740/740
f 741/741 739/739 742/742
f 743/743 744/744 745/745
f 744/744 743/743 746/746
f 747/747 746/746 743/743
f 746/746 747/747 748/748
f 749/749 747/747 750/750
f 750/750 747/747 751/751
f 750/750 751/751 752/752
f 753/753 754/754 755/755
f 754/754 753/753 756/756
f 757/757 758/758 759/759
f 758/758 757/757 760/760
f 761/761 762/762 763/763
f 762/762 761/761 764/764
f 764/764 765/765 762/762
f 765/765 764/764 766/766
f 767/767 768/768 769/769
f 768/768 767/767 770/770
f 771/771 770/770 767/767
f 770/770 771/771 772/772
f 771/771 773/773 772/772
f 773/773 771/771 774/774
f 775/775 773/773 774/774
f 773/773 775/775 776/776
f 777/777 778/778 779/779
f 778/778 777/777 780/780
f 781/781 782/782 783/783
f 782/782 781/781 784/784
f 784/784 785/785 782/782
f 785/785 784/784 786/786
f 787/787 788/788 789/789
f 788/788 787/787 790/790
f 790/790 791/791 788/788
f 791/791 790/790 792/792
f 793/793 791/791 792/792
f 791/791 793/793 794/794
f 793/793 795/795 794/794
f 795/795 793/793 796/796
f 797/797 795/795 796/796
f 795/795 797/797 798/798
f 799/799 798/798 797/797
f 798/798 799/799 800/800
f 801/801 802/802 803/803
f 802/802 801/801 804/804
f 805/805 804/804 801/801
f 804/804 805/805 806/806
f 807/807 806/806 805/805
f 806/806 807/807 808/808
f 807/807 809/809 808/808
f 809/809 807/807 810/810
f 810/810 811/811 809/809
f 811/811 810/810 812/812
f 812/812 813/813 811/811
f 813/813 812/812 814/814
f 815/815 816/816 817/817
f 816/816 815/815 818/818
f 819/819 820/820 821/821
f 819/819 822/822 820/820
f 819/819 823/823 822/822
f 822/822 823/823 824/824
f 823/823 825/825 824/824
f 825/825 823/823 826/826
f 827/827 826/826 823/823
f 819/819 828/828 823/823
f 829/829 828/828 819/819
f 829/829 819/819 830/830
f 823/823 828/828 831/831
f 832/832 823/823 831/831
f 823/823 832/832 833/833
f 834/834 823/823 833/833
f 835/835 836/836 837/837
f 835/835 838/838 836/836
f 836/836 838/838 839/839
f 836/836 839/839 840/840
f 840/840 839/839 841/841
f 836/836 840/840 842/842
f 836/836 842/842 843/843
f 839/839 844/844 841/841
f 844/844 839/839 845/845
f 845/845 839/839 846/846
f 846/846 839/839 847/847
f 848/848 847/847 839/839
f 849/849 848/848 839/839
f 839/839 850/850 849/849
f 851/851 852/852 853/853
f 852/852 851/851 854/854
f 855/855 854/854 851/851
f 854/854 855/855 856/856
f 857/857 856/856 855/855
f 856/856 857/857 858/858
f 857/857 859/859 858/858
f 859/859 857/857 860/860
f 860/860 861/861 859/859
f 861/861 860/860 862/862
f 862/862 863/863 861/861
f 863/863 862/862 864/864
f 865/865 866/866 867/867
f 866/866 865/865 868/868
f 869/869 870/870 868/868
f 870/870 869/869 871/871
f 872/872 873/873 874/874
f 873/873 872/872 875/875
f 876/876 877/877 878/878
f 877/877 876/876 879/879
f 880/880 877/877 879/879
f 877/877 880/880 881/881
f 880/880 882/882 881/881
f 882/882 880/880 883/883
f 884/884 882/882 883/883
f 882/882 884/884 885/885
f 886/886 887/887 888/888
f 886/886 888/888 889/889
f 886/886 889/889 890/890
f 886/886 890/890 891/891
f 886/886 891/891 892/892
f 886/886 892/892 893/893
f 894/894 895/895 896/896
f 894/894 897/897 895/895
f 895/895 897/897 898/898
f 899/899 895/895 898/898
f 900/900 895/895 899/899
f 900/900 899/899 901/901
f 900/900 901/901 902/902
f 903/903 904/904 905/905
f 904/904 903/903 906/906
f 907/907 908/908 909/909
f 908/908 907/907 910/910
f 910/910 911/911 908/908
f 911/911 910/910 912/912
f 912/912 913/913 911/911
f 913/913 912/912 914/914
f 915/915 916/916 917/917
f 916/916 915/915 918/918
f 918/918 919/919 916/916
f 919/919 918/918 920/920
f 921/921 919/919 920/920
f 919/919 921/921 922/922
f 921/921 923/923 922/922
f 923/923 921/921 924/924
f 925/925 923/923 924/924
f 923/923 925/925 926/926
f 927/927 926/926 925/925
f 926/926 927/927 928/928
f 929/929 930/930 931/931
f 930/930 929/929 932/932
f 933/933 930/930 932/932
f 930/930 933/933 934/934
f 933/933 935/935 934/934
f 935/935 933/933 936/936
f 937/937 935/935 936/936
f 935/935 937/937 938/938
f 939/939 940/940 941/941
f 939/939 942/942 940/940
f 939/939 943/943 942/942
f 939/939 944/944 943/943
f 944/944 945/945 943/943
f 945/945 944/944 946/946
f 947/947 946/946 944/944
f 939/939 948/948 944/944
f 939/939 949/949 948/948
f 939/939 950/950 949/949
f 939/939 951/951 950/950
f 952/952 944/944 948/948
f 944/944 952/952 953/953
f 954/954 944/944 953/953
f 955/955 956/956 957/957
f 955/955 958/958 956/956
f 956/956 958/958 959/959
f 959/959 958/958 960/960
f 961/961 959/959 960/960
f 959/959 961/961 962/962
f 956/956 959/959 963/963
f 956/956 963/963 964/964
f 956/956 964/964 965/965
f 963/963 959/959 966/966
f 959/959 967/967 966/966
f 967/967 959/959 968/968
f 968/968 959/959 969/969
f 970/970 969/969 959/959
f 971/971 972/972 973/973
f 972/972 971/971 974/974
f 975/975 976/976 977/977
f 976/976 975/975 978/978
f 979/979 978/978 975/975
f 978/978 979/979 980/980
f 981/981 982/982 983/983
f 982/982 981/981 984/984
f 985/985 986/986 987/987
f 986/986 985/985 988/988
f 989/989 990/990 991/991
f 990/990 989/989 992/992
f 993/993 994/994 995/995
f 994/994 993/993 996/996
f 997/997 996/996 993/993
f 996/996 997/997 998/998
f 999/999 998/998 997/997
f 998/998 999/999 1000/1000
f 1001/1001 1002/1002 1003/1003
f 1002/1002 1001/1001 1004/1004
f 1005/1005 1004/1004 1001/1001
f 1004/1004 1005/1005 1006/1006
f 1005/1005 1007/1007 1008/1008
f 1007/1007 1005/1005 1009/1009
f 1010/1010 1007/1007 1009/1009
f 1007/1007 1010/1010 1011/1011
f 1012/1012 1013/1013 1014/1014
f 1013/1013 1012/1012 1015/1015
f 1016/1016 1013/1013 1015/1015
f 1013/1013 1016/1016 1017/1017
f 1016/1016 1018/1018 1019/1019
f 1018/1018 1016/1016 1020/1020
f 1021/1021 1018/1018 1020/1020
f 1018/1018 1021/1021 1022/1022
f 1023/1023 1024/1024 1025/1025
f 1024/1024 1023/1023 1026/1026
f 1027/1027 1028/1028 1029/1029
f 1028/1028 1027/1027 1030/1030
f 1030/1030 1031/1031 1028/1028
f 1031/1031 1030/1030 1032/1032
f 1030/1030 1033/1033 1032/1032
f 1033/1033 1030/1030 1034/1034
f 1027/1027 1034/1034 1030/1030
f 1034/1034 1027/1027 1035/1035
f 1036/1036 1037/1037 1038/1038
f 1037/1037 1036/1036 1039/1039
f 1040/1040 1039/1039 1036/1036
f 1039/1039 1040/1040 1041/1041
f 1042/1042 1039/1039 1041/1041
f 1039/1039 1042/1042 1043/1043
f 1043/1043 1037/1037 1039/1039
f 1037/1037 1043/1043 1044/1044
f 1045/1045 1046/1046 1047/1047
f 1046/1046 1045/1045 1048/1048
f 1048/1048 1049/1049 1046/1046
f 1049/1049 1048/1048 1050/1050
f 1051/1051 1049/1049 1052/1052
f 1049/1049 1051/1051 1053/1053
f 1051/1051 1054/1054 1053/1053
f 1054/1054 1051/1051 1055/1055
f 1056/1056 1057/1057 1058/1058
f 1057/1057 1056/1056 1059/1059
f 1056/1056 1060/1060 1059/1059
f 1060/1060 1056/1056 1061/1061
f 1062/1062 1060/1060 1063/1063
f 1060/1060 1062/1062 1064/1064
f 1062/1062 1065/1065 1064/1064
f 1065/1065 1062/1062 1066/1066
f 1067/1067 1068/1068 1069/1069
f 1068/1068 1067/1067 1070/1070
f 1071/1071 1072/1072 1073/1073
f 1072/1072 1071/1071 1074/1074
f 1075/1075 1076/1076 1077/1077
f 1076/1076 1075/1075 1078/1078
f 1079/1079 1078/1078 1075/1075
f 1080/1080 1081/1081 1079/1079
f 1081/1081 1080/1080 1082/1082
f 1083/1083 1081/1081 1082/1082
f 1081/1081 1083/1083 1084/1084
f 1085/1085 1086/1086 1087/1087
f 1086/1086 1085/1085 1088/1088
f 1085/1085 1089/1089 1088/1088
f 1089/1089 1085/1085 1090/1090
f 1091/1091 1092/1092 1093/1093
f 1092/1092 1091/1091 1094/1094
f 1091/1091 1095/1095 1094/1094
f 1095/1095 1091/1091 1096/1096
f 1097/1097 1098/1098 1099/1099
f 1098/1098 1097/1097 1100/1100
f 1097/1097 1101/1101 1100/1100
f 1101/1101 1097/1097 1102/1102
f 1103/1103 1104/1104 1105/1105
f 1104/1104 1103/1103 1106/1106
f 1106/1106 1103/1103 1107/1107
f 1106/1106 1107/1107 1108/1108
f 1106/1106 1108/1108 1109/1109
f 1110/1110 1109/1109 1108/1108
f 1110/1110 1108/1108 1111/1111
f 1110/1110 1111/1111 1112/1112
f 1112/1112 1113/1113 1110/1110
f 1113/1113 1112/1112 1114/1114
f 1115/1115 1116/1116 1117/1117
f 1116/1116 1115/1115 1118/1118
f 1119/1119 1120/1120 1121/1121
f 1120/1120 1119/1119 1122/1122
f 1122/1122 1123/1123 1120/1120
f 1124/1124 1125/1125 1123/1123
f 1125/1125 1124/1124 1126/1126
f 1124/1124 1127/1127 1126/1126
f 1127/1127 1124/1124 1128/1128
f 1129/1129 1130/1130 1131/1131
f 1130/1130 1129/1129 1132/1132
f 1133/1133 1130/1130 1132/1132
f 1130/1130 1133/1133 1134/1134
f 1135/1135 1136/1136 1137/1137
f 1136/1136 1135/1135 1138/1138
f 1139/1139 1136/1136 1138/1138
f 1136/1136 1139/1139 1140/1140
f 1141/1141 1142/1142 1143/1143
f 1142/1142 1141/1141 1144/1144
f 1145/1145 1142/1142 1144/1144
f 1142/1142 1145/1145 1146/1146
f 1147/1147 1148/1148 1149/1149
f 1148/1148 1147/1147 1150/1150
f 1147/1147 1151/1151 1150/1150
f 1151/1151 1147/1147 1152/1152
f 1153/1153 1151/1151 1152/1152
f 1151/1151 1153/1153 1154/1154
f 1153/1153 1155/1155 1154/1154
f 1155/1155 1153/1153 1156/1156
f 1157/1157 1155/1155 1156/1156
f 1155/1155 1157/1157 1158/1158
f 1159/1159 1158/1158 1157/1157
f 1158/1158 1159/1159 1160/1160
f 1161/1161 1160/1160 1159/1159
f 1160/1160 1161/1161 1162/1162
f 1161/1161 1163/1163 1162/1162
f 1163/1163 1161/1161 1164/1164
f 1164/1164 1165/1165 1163/1163
f 1165/1165 1164/1164 1166/1166
f 1166/1166 1167/1167 1165/1165
f 1167/1167 1166/1166 1168/1168
f 1169/1169 1167/1167 1168/1168
f 1167/1167 1169/1169 1170/1170
f 1169/1169 1171/1171 1170/1170
f 1171/1171 1169/1169 1172/1172
f 1173/1173 1171/1171 1172/1172
f 1171/1171 1173/1173 1174/1174
f 1173/1173 1175/1175 1174/1174
f 1175/1175 1173/1173 1176/1176
f 1175/1175 1177/1177 1178/1178
f 1179/1179 1177/1177 1180/1180
f 1180/1180 1181/1181 1179/1179
f 1182/1182 1148/1148 1183/1183
f 1182/1182 1184/1184 1185/1185
f 1186/1186 1185/1185 1184/1184
f 1187/1187 1188/1188 1186/1186
f 1188/1188 1187/1187 1189/1189
f 1190/1190 1191/1191 1192/1192
f 1191/1191 1193/1193 1192/1192
f 1193/1193 1191/1191 1194/1194
f 1195/1195 1193/1193 1194/1194
f 1193/1193 1195/1195 1196/1196
f 1195/1195 1197/1197 1196/1196
f 1198/1198 1199/1199 1200/1200
f 1199/1199 1198/1198 1201/1201
f 1201/1201 1202/1202 1199/1199
f 1202/1202 1201/1201 1203/1203
f 1203/1203 1204/1204 1202/1202
f 1204/1204 1203/1203 1205/1205
f 1205/1205 1206/1206 1204/1204
f 1206/1206 1205/1205 1207/1207
f 1207/1207 1208/1208 1206/1206
f 1208/1208 1207/1207 1209/1209
f 1209/1209 1210/1210 1208/1208
f 1210/1210 1209/1209 1211/1211
f 1211/1211 1212/1212 1210/1210
f 1212/1212 1211/1211 1213/1213
f 1213/1213 1214/1214 1212/1212
f 1214/1214 1213/1213 1215/1215
f 1216/1216 1214/1214 1215/1215
f 1214/1214 1216/1216 1217/1217
f 1218/1218 1217/1217 1216/1216
f 1217/1217 1218/1218 1219/1219
f 1220/1220 1219/1219 1218/1218
f 1219/1219 1220/1220 1221/1221
f 1222/1222 1221/1221 1220/1220
f 1221/1221 1222/1222 1223/1223
f 1224/1224 1223/1223 1222/1222
f 1223/1223 1224/1224 1225/1225
f 1226/1226 1225/1225 1224/1224
f 1225/1225 1226/1226 1227/1227
f 1228/1228 1227/1227 1226/1226
f 1227/1227 1228/1228 1229/1229
f 1230/1230 1229/1229 1228/1228
f 1229/1229 1230/1230 1231/1231
f 1232/1232 1233/1233 1234/1234
f 1233/1233 1232/1232 1235/1235
f 1236/1236 1233/1233 1235/1235
f 1236/1236 1237/1237 1238/1238
f 1237/1237 1236/1236 1239/1239
f 1239/1239 1240/1240 1237/1237
f 1241/1241 1242/1242 1240/1240
f 1242/1242 1241/1241 1243/1243
f 1243/1243 1244/1244 1242/1242
f 1244/1244 1243/1243 1245/1245
f 1245/1245 1246/1246 1244/1244
f 1246/1246 1245/1245 1247/1247
f 1247/1247 1248/1248 1246/1246
f 1248/1248 1247/1247 1249/1249
f 1249/1249 1250/1250 1248/1248
f 1250/1250 1249/1249 1251/1251
f 1251/1251 1252/1252 1250/1250
f 1252/1252 1251/1251 1253/1253
f 1254/1254 1252/1252 1253/1253
f 1252/1252 1254/1254 1255/1255
f 1254/1254 1256/1256 1255/1255
f 1256/1256 1254/1254 1257/1257
f 1258/1258 1256/1256 1257/1257
f 1256/1256 1258/1258 1259/1259
f 1260/1260 1259/1259 1258/1258
f 1259/1259 1260/1260 1261/1261
f 1262/1262 1261/1261 1260/1260
f 1261/1261 1262/1262 1263/1263
f 1264/1264 1263/1263 1262/1262
f 1263/1263 1264/1264 1265/1265
f 1266/1266 1265/1265 1264/1264
f 1265/1265 1266/1266 1267/1267
f 1268/1268 1267/1267 1266/1266
f 1267/1267 1268/1268 1269/1269
f 1269/1269 1270/1270 1271/1271
f 1272/1272 1271/1271 1270/1270
f 1271/1271 1272/1272 1273/1273
f 1274/1274 1272/1272 1275/1275
f 1276/1276 1274/1274 1275/1275
f 1274/1274 1276/1276 1277/1277
f 1278/1278 1279/1279 1280/1280
f 1279/1279 1278/1278 1281/1281
f 1278/1278 1282/1282 1281/1281
f 1282/1282 1278/1278 1283/1283
f 1283/1283 1284/1284 1282/1282
f 1284/1284 1283/1283 1285/1285
f 1286/1286 1284/1284 1285/1285
f 1284/1284 1286/1286 1287/1287
f 1288/1288 1287/1287 1286/1286
f 1287/1287 1288/1288 1289/1289
f 1290/1290 1291/1291 1292/1292
f 1291/1291 1290/1290 1293/1293
f 1294/1294 1291/1291 1293/1293
f 1291/1291 1294/1294 1295/1295
f 1296/1296 1295/1295 1294/1294
f 1295/1295 1296/1296 1297/1297
f 1296/1296 1298/1298 1297/1297
f 1298/1298 1296/1296 1299/1299
f 1299/1299 1300/1300 1298/1298
f 1300/1300 1299/1299 1301/1301
f 1302/1302 1300/1300 1301/1301
f 1300/1300 1302/1302 1303/1303
f 1304/1304 1305/1305 1306/1306
f 1305/1305 1304/1304 1307/1307
f 1308/1308 1305/1305 1307/1307
f 1305/1305 1308/1308 1309/1309
f 1308/1308 1310/1310 1309/1309
f 1310/1310 1308/1308 1311/1311
f 1312/1312 1310/1310 1311/1311
f 1310/1310 1312/1312 1313/1313
f 1314/1314 1304/1304 1315/1315
f 1304/1304 1314/1314 1316/1316
f 1314/1314 1317/1317 1316/1316
f 1317/1317 1314/1314 1318/1318
f 1319/1319 1317/1317 1320/1320
f 1317/1317 1319/1319 1321/1321
f 1319/1319 1322/1322 1321/1321
f 1322/1322 1319/1319 1323/1323
f 1324/1324 1322/1322 1323/1323
f 1322/1322 1324/1324 1325/1325
f 1324/1324 1326/1326 1325/1325
f 1326/1326 1324/1324 1327/1327
f 1328/1328 1329/1329 1330/1330
f 1329/1329 1328/1328 1331/1331
f 1332/1332 1329/1329 1331/1331
f 1329/1329 1332/1332 1333/1333
f 1334/1334 1335/1335 1336/1336
f 1335/1335 1334/1334 1337/1337
f 1338/1338 1339/1339 1340/1340
f 1339/1339 1338/1338 1341/1341
f 1342/1342 1341/1341 1338/1338
f 1341/1341 1342/1342 1343/1343
f 1342/1342 1344/1344 1343/1343
f 1344/1344 1342/1342 1345/1345
f 1345/1345 1346/1346 1344/1344
f 1346/1346 1345/1345 1347/1347
f 1348/1348 1346/1346 1347/1347
f 1346/1346 1348/1348 1349/1349
f 1350/1350 1349/1349 1348/1348
f 1349/1349 1350/1350 1351/1351
f 1352/1352 1351/1351 1350/1350
f 1351/1351 1352/1352 1353/1353
f 1352/1352 1354/1354 1353/1353
f 1354/1354 1352/1352 1355/1355
f 1356/1356 1354/1354 1355/1355
f 1354/1354 1356/1356 1357/1357
f 1356/1356 1358/1358 1357/1357
f 1358/1358 1356/1356 1359/1359
f 1360/1360 1358/1358 1359/1359
f 1358/1358 1360/1360 1361/1361
f 1360/1360 1362/1362 1361/1361
f 1362/1362 1360/1360 1363/1363
f 1364/1364 1362/1362 1363/1363
f 1362/1362 1364/1364 1365/1365
f 1364/1364 1366/1366 1365/1365
f 1366/1366 1364/1364 1367/1367
f 1368/1368 1366/1366 1367/1367
f 1366/1366 1368/1368 1369/1369
f 1368/1368 1370/1370 1369/1369
f 1370/1370 1368/1368 1371/1371
f 1372/1372 1373/1373 1374/1374
f 1373/1373 1372/1372 1375/1375
f 1375/1375 1376/1376 1373/1373
f 1376/1376 1375/1375 1377/1377
f 1377/1377 1378/1378 1376/1376
f 1379/1379 1378/1378 1380/1380
f 1381/1381 1382/1382 1379/1379
f 1382/1382 1381/1381 1383/1383
f 1384/1384 1383/1383 1381/1381
f 1385/1385 1386/1386 1384/1384
f 1386/1386 1385/1385 1387/1387
f 1388/1388 1387/1387 1385/1385
f 1387/1387 1388/1388 1389/1389
f 1390/1390 1389/1389 1388/1388
f 1389/1389 1390/1390 1391/1391
f 1392/1392 1391/1391 1390/1390
f 1391/1391 1392/1392 1393/1393
f 1394/1394 1393/1393 1392/1392
f 1393/1393 1394/1394 1395/1395
f 1394/1394 1396/1396 1395/1395
f 1396/1396 1394/1394 1397/1397
f 1397/1397 1398/1398 1399/1399
f 1398/1398 1397/1397 1400/1400
f 1401/1401 1398/1398 1400/1400
f 1398/1398 1401/1401 1402/1402
f 1403/1403 1404/1404 1401/1401
f 1404/1404 1403/1403 1405/1405
f 1403/1403 1406/1406 1405/1405
f 1406/1406 1403/1403 1407/1407
f 1407/1407 1408/1408 1406/1406
f 1408/1408 1407/1407 1409/1409
f 1409/1409 1410/1410 1408/1408
f 1410/1410 1409/1409 1411/1411
f 1411/1411 1412/1412 1410/1410
f 1412/1412 1411/1411 1413/1413
f 1413/1413 1414/1414 1412/1412
f 1414/1414 1413/1413 1415/1415
f 1416/1416 1415/1415 1417/1417
f 1417/1417 1418/1418 1416/1416
f 1418/1418 1417/1417 1419/1419
f 1419/1419 1420/1420 1418/1418
f 1420/1420 1419/1419 1421/1421
f 1420/1420 1422/1422 1423/1423
f 1424/1424 1423/1423 1422/1422
f 1425/1425 1426/1426 1424/1424
f 1426/1426 1425/1425 1427/1427
f 1428/1428 1429/1429 1430/1430
f 1429/1429 1428/1428 1431/1431
f 1432/1432 1429/1429 1431/1431
f 1429/1429 1432/1432 1433/1433
f 1434/1434 1433/1433 1432/1432
f 1433/1433 1434/1434 1435/1435
f 1434/1434 1436/1436 1435/1435
f 1436/1436 1434/1434 1437/1437
f 1437/1437 1438/1438 1436/1436
f 1438/1438 1437/1437 1439/1439
f 1440/1440 1441/1441 1442/1442
f 1441/1441 1440/1440 1443/1443
f 1440/1440 1444/1444 1443/1443
f 1444/1444 1440/1440 1445/1445
f 1446/1446 1447/1447 1448/1448
f 1447/1447 1446/1446 1449/1449
f 1450/1450 1451/1451 1452/1452
f 1451/1451 1450/1450 1453/1453
f 1450/1450 1454/1454 1453/1453
f 1454/1454 1450/1450 1455/1455
f 1456/1456 1457/1457 1458/1458
f 1457/1457 1456/1456 1459/1459
f 1456/1456 1460/1460 1459/1459
f 1460/1460 1456/1456 1461/1461
f 1462/1462 1460/1460 1461/1461
f 1460/1460 1462/1462 1463/1463
f 1464/1464 1463/1463 1462/1462
f 1463/1463 1464/1464 1465/1465
f 1466/1466 1467/1467 1468/1468
f 1466/1466 1469/1469 1467/1467
f 1466/1466 1470/1470 1469/1469
f 1471/1471 1472/1472 1473/1473
f 1472/1472 1471/1471 1474/1474
f 1474/1474 1475/1475 1472/1472
f 1476/1476 1474/1474 1471/1471
f 1475/1475 1474/1474 1477/1477
f 1477/1477 1478/1478 1475/1475
f 1478/1478 1477/1477 1479/1479
f 1474/1474 1476/1476 1480/1480
f 1480/1480 1477/1477 1474/1474
f 1481/1481 1480/1480 1476/1476
f 1482/1482 1479/1479 1477/1477
f 1477/1477 1480/1480 1482/1482
f 1479/1479 1482/1482 1483/1483
f 1480/1480 1481/1481 1484/1484
f 1484/1484 1482/1482 1480/1480
f 1485/1485 1484/1484 1481/1481
f 1484/1484 1485/1485 1486/1486
f 1487/1487 1483/1483 1482/1482
f 1482/1482 1484/1484 1487/1487
f 1486/1486 1487/1487 1484/1484
f 1483/1483 1487/1487 1488/1488
f 1487/1487 1486/1486 1489/1489
f 1489/1489 1488/1488 1487/1487
f 1488/1488 1489/1489 1490/1490
f 1491/1491 1492/1492 1493/1493
f 1492/1492 1491/1491 1494/1494
f 1494/1494 1495/1495 1492/1492
f 1496/1496 1494/1494 1491/1491
f 1495/1495 1494/1494 1497/1497
f 1497/1497 1498/1498 1495/1495
f 1494/1494 1496/1496 1499/1499
f 1499/1499 1497/1497 1494/1494
f 1500/1500 1499/1499 1496/1496
f 1499/1499 1500/1500 1501/1501
f 1501/1501 1502/1502 1499/1499
f 1497/1497 1499/1499 1502/1502
f 1502/1502 1501/1501 1503/1503
f 1498/1498 1497/1497 1504/1504
f 1502/1502 1504/1504 1497/1497
f 1504/1504 1505/1505 1498/1498
f 1505/1505 1504/1504 1506/1506
f 1503/1503 1507/1507 1502/1502
f 1504/1504 1502/1502 1507/1507
f 1507/1507 1506/1506 1504/1504
f 1507/1507 1503/1503 1508/1508
f 1506/1506 1507/1507 1509/1509
f 1508/1508 1509/1509 1507/1507
f 1509/1509 1508/1508 1510/1510
f 1511/1511 1512/1512 1513/1513
f 1512/1512 1511/1511 1514/1514
f 1515/1515 1516/1516 1517/1517
f 1516/1516 1515/1515 1518/1518
f 1519/1519 1520/1520 1521/1521
f 1520/1520 1519/1519 1522/1522
f 1519/1519 1523/1523 1522/1522
f 1523/1523 1519/1519 1524/1524
f 1524/1524 1525/1525 1523/1523
f 1525/1525 1524/1524 1526/1526
f 1526/1526 1527/1527 1525/1525
f 1527/1527 1526/1526 1528/1528
f 1528/1528 1529/1529 1527/1527
f 1529/1529 1528/1528 1530/1530
f 1531/1531 1529/1529 1530/1530
f 1529/1529 1531/1531 1532/1532
f 1533/1533 1532/1532 1531/1531
f 1532/1532 1533/1533 1534/1534
f 1533/1533 1535/1535 1534/1534
f 1535/1535 1533/1533 1536/1536
f 1536/1536 1537/1537 1535/1535
f 1537/1537 1536/1536 1538/1538
f 1539/1539 1540/1540 1541/1541
f 1540/1540 1539/1539 1542/1542
f 1543/1543 1542/1542 1539/1539
f 1542/1542 1543/1543 1544/1544
f 1545/1545 1546/1546 1547/1547
f 1546/1546 1545/1545 1548/1548
f 1549/1549 1548/1548 1550/1550
f 1548/1548 1549/1549 1551/1551
f 1552/1552 1553/1553 1554/1554
f 1552/1552 1554/1554 1555/1555
f 1552/1552 1555/1555 1556/1556
f 1555/1555 1557/1557 1556/1556
f 1558/1558 1557/1557 1555/1555
f 1559/1559 1556/1556 1557/1557
f 1556/1556 1559/1559 1560/1560
f 1561/1561 1560/1560 1559/1559
f 1557/1557 1561/1561 1559/1559
f 1561/1561 1562/1562 1560/1560
f 1563/1563 1560/1560 1562/1562
f 1562/1562 1564/1564 1563/1563
f 1564/1564 1562/1562 1565/1565
f 1561/1561 1557/1557 1566/1566
f 1562/1562 1561/1561 1566/1566
f 1565/1565 1562/1562 1567/1567
f 1567/1567 1562/1562 1566/1566
f 1566/1566 1558/1558 1567/1567
f 1568/1568 1566/1566 1557/1557
f 1557/1557 1558/1558 1568/1568
f 1566/1566 1568/1568 1569/1569
f 1568/1568 1558/1558 1569/1569
f 1558/1558 1566/1566 1569/1569
f 1570/1570 1567/1567 1558/1558
f 1565/1565 1567/1567 1571/1571
f 1570/1570 1571/1571 1567/1567
f 1565/1565 1571/1571 1572/1572
f 1571/1571 1570/1570 1573/1573
f 1574/1574 1575/1575 1576/1576
f 1574/1574 1577/1577 1575/1575
f 1574/1574 1578/1578 1577/1577
f 1577/1577 1578/1578 1579/1579
f 1579/1579 1580/1580 1577/1577
f 1578/1578 1581/1581 1579/1579
f 1581/1581 1578/1578 1582/1582
f 1583/1583 1581/1581 1582/1582
f 1583/1583 1579/1579 1581/1581
f 1584/1584 1583/1583 1582/1582
f 1585/1585 1584/1584 1582/1582
f 1586/1586 1584/1584 1585/1585
f 1584/1584 1586/1586 1587/1587
f 1579/1579 1583/1583 1588/1588
f 1583/1583 1584/1584 1588/1588
f 1587/1587 1589/1589 1584/1584
f 1589/1589 1588/1588 1584/1584
f 1580/1580 1588/1588 1589/1589
f 1588/1588 1590/1590 1579/1579
f 1580/1580 1579/1579 1590/1590
f 1590/1590 1588/1588 1591/1591
f 1590/1590 1591/1591 1580/1580
f 1588/1588 1580/1580 1591/1591
f 1592/1592 1580/1580 1589/1589
f 1587/1587 1593/1593 1589/1589
f 1593/1593 1592/1592 1589/1589
f 1587/1587 1594/1594 1593/1593
f 1592/1592 1593/1593 1595/1595
f 1596/1596 1597/1597 1598/1598
f 1597/1597 1596/1596 1599/1599
f 1600/1600 1599/1599 1596/1596
f 1599/1599 1600/1600 1601/1601
f 1602/1602 1601/1601 1600/1600
f 1601/1601 1602/1602 1603/1603
f 1604/1604 1603/1603 1602/1602
f 1603/1603 1604/1604 1605/1605
f 1606/1606 1607/1607 1608/1608
f 1606/1606 1609/1609 1607/1607
f 1607/1607 1609/1609 1610/1610
f 1611/1611 1612/1612 1613/1613
f 1612/1612 1611/1611 1614/1614
f 1614/1614 1615/1615 1612/1612
f 1615/1615 1614/1614 1616/1616
f 1615/1615 1616/1616 1617/1617
f 1618/1618 1617/1617 1616/1616
f 1618/1618 1619/1619 1620/1620
f 1619/1619 1618/1618 1621/1621
f 1621/1621 1622/1622 1619/1619
f 1622/1622 1621/1621 1623/1623
f 1624/1624 1625/1625 1617/1617
f 1625/1625 1624/1624 1626/1626
f 1617/1617 1625/1625 1627/1627
f 1626/1626 1628/1628 1625/1625
f 1627/1627 1625/1625 1628/1628
f 1627/1627 1628/1628 1629/1629
f 1630/1630 1628/1628 1626/1626
f 1628/1628 1630/1630 1631/1631
f 1632/1632 1631/1631 1630/1630
f 1630/1630 1633/1633 1632/1632
f 1631/1631 1632/1632 1634/1634
f 1635/1635 1631/1631 1634/1634
f 1636/1636 1637/1637 1638/1638
f 1639/1639 1638/1638 1637/1637
f 1638/1638 1639/1639 1640/1640
f 1641/1641 1640/1640 1642/1642
f 1642/1642 1643/1643 1641/1641
f 1643/1643 1644/1644 1638/1638
f 1643/1643 1642/1642 1645/1645
f 1644/1644 1643/1643 1645/1645
f 1646/1646 1647/1647 1648/1648
f 1646/1646 1649/1649 1647/1647
f 1650/1650 1651/1651 1652/1652
f 1650/1650 1652/1652 1653/1653
f 1654/1654 1655/1655 1656/1656
f 1655/1655 1654/1654 1657/1657
f 1657/1657 1658/1658 1655/1655
f 1654/1654 1659/1659 1657/1657
f 1659/1659 1654/1654 1660/1660
f 1661/1661 1657/1657 1659/1659
f 1658/1658 1657/1657 1662/1662
f 1657/1657 1661/1661 1662/1662
f 1662/1662 1663/1663 1658/1658
f 1664/1664 1662/1662 1661/1661
f 1663/1663 1662/1662 1665/1665
f 1662/1662 1664/1664 1665/1665
f 1665/1665 1666/1666 1663/1663
f 1667/1667 1665/1665 1664/1664
f 1666/1666 1665/1665 1668/1668
f 1665/1665 1667/1667 1668/1668
f 1669/1669 1670/1670 1671/1671
f 1670/1670 1669/1669 1672/1672
f 1672/1672 1673/1673 1670/1670
f 1673/1673 1672/1672 1674/1674
f 1674/1674 1675/1675 1673/1673
f 1675/1675 1674/1674 1676/1676
f 1677/1677 1675/1675 1676/1676
f 1675/1675 1677/1677 1678/1678
f 1677/1677 1679/1679 1678/1678
f 1679/1679 1677/1677 1680/1680
f 1681/1681 1679/1679 1680/1680
f 1679/1679 1681/1681 1682/1682
f 1681/1681 1683/1683 1682/1682
f 1683/1683 1681/1681 1684/1684
f 1685/1685 1684/1684 1669/1669
f 1684/1684 1685/1685 1683/1683
f 1686/1686 1687/1687 1688/1688
f 1687/1687 1686/1686 1689/1689
f 1689/1689 1690/1690 1687/1687
f 1690/1690 1689/1689 1691/1691
f 1691/1691 1692/1692 1690/1690
f 1692/1692 1691/1691 1693/1693
f 1694/1694 1692/1692 1693/1693
f 1692/1692 1694/1694 1695/1695
f 1694/1694 1696/1696 1695/1695
f 1696/1696 1694/1694 1697/1697
f 1698/1698 1696/1696 1697/1697
f 1696/1696 1698/1698 1699/1699
f 1698/1698 1700/1700 1699/1699
f 1700/1700 1698/1698 1701/1701
f 1702/1702 1701/1701 1686/1686
f 1701/1701 1702/1702 1700/1700
f 1703/1703 1704/1704 1705/1705
f 1704/1704 1703/1703 1706/1706
f 1703/1703 1707/1707 1706/1706
f 1707/1707 1703/1703 1708/1708
f 1709/1709 1707/1707 1708/1708
f 1707/1707 1709/1709 1710/1710
f 1711/1711 1710/1710 1709/1709
f 1710/1710 1711/1711 1712/1712
f 1713/1713 1714/1714 1715/1715
f 1713/1713 1716/1716 1714/1714
f 1713/1713 1717/1717 1716/1716
f 1718/1718 1719/1719 1720/1720
f 1719/1719 1718/1718 1721/1721
f 1722/1722 1721/1721 1718/1718
f 1721/1721 1722/1722 1723/1723
f 1724/1724 1723/1723 1722/1722
f 1723/1723 1724/1724 1725/1725
f 1726/1726 1725/1725 1724/1724
f 1725/1725 1726/1726 1727/1727
f 1728/1728 1729/1729 1730/1730
f 1728/1728 1731/1731 1729/1729
f 1729/1729 1731/1731 1732/1732
f 1733/1733 1734/1734 1735/1735
f 1734/1734 1733/1733 1736/1736
f 1737/1737 1736/1736 1733/1733
f 1736/1736 1737/1737 1738/1738
f 1734/1734 1736/1736 1739/1739
f 1736/1736 1738/1738 1740/1740
f 1741/1741 1739/1739 1736/1736
f 1740/1740 1742/1742 1736/1736
f 1739/1739 1741/1741 1743/1743
f 1742/1742 1740/1740 1744/1744
f 1745/1745 1743/1743 1741/1741
f 1744/1744 1745/1745 1742/1742
f 1743/1743 1745/1745 1746/1746
f 1745/1745 1744/1744 1747/1747
f 1748/1748 1746/1746 1745/1745
f 1747/1747 1749/1749 1745/1745
f 1746/1746 1748/1748 1750/1750
f 1749/1749 1747/1747 1751/1751
f 1752/1752 1750/1750 1748/1748
f 1751/1751 1752/1752 1749/1749
f 1750/1750 1752/1752 1753/1753
f 1752/1752 1751/1751 1754/1754
f 1755/1755 1753/1753 1752/1752
f 1754/1754 1755/1755 1752/1752
f 1753/1753 1755/1755 1756/1756
f 1755/1755 1754/1754 1757/1757
f 1755/1755 1758/1758 1756/1756
f 1757/1757 1759/1759 1755/1755
f 1758/1758 1755/1755 1759/1759
f 1759/1759 1757/1757 1760/1760
f 1759/1759 1761/1761 1758/1758
f 1761/1761 1759/1759 1762/1762
f 1762/1762 1763/1763 1761/1761
f 1763/1763 1762/1762 1764/1764
f 1764/1764 1765/1765 1763/1763
f 1765/1765 1764/1764 1766/1766
f 1766/1766 1767/1767 1765/1765
f 1760/1760 1768/1768 1759/1759
f 1768/1768 1760/1760 1769/1769
f 1770/1770 1768/1768 1769/1769
f 1768/1768 1770/1770 1771/1771
f 1772/1772 1771/1771 1770/1770
f 1771/1771 1772/1772 1773/1773
f 1767/1767 1766/1766 1774/1774
f 1775/1775 1773/1773 1772/1772
f 1773/1773 1775/1775 1774/1774
f 1774/1774 1776/1776 1767/1767
f 1775/1775 1777/1777 1774/1774
f 1776/1776 1774/1774 1777/1777
f 1777/1777 1778/1778 1776/1776
f 1777/1777 1775/1775 1779/1779
f 1778/1778 1777/1777 1780/1780
f 1779/1779 1780/1780 1777/1777
f 1780/1780 1779/1779 1781/1781
f 1782/1782 1783/1783 1784/1784
f 1783/1783 1782/1782 1785/1785
f 1786/1786 1787/1787 1788/1788
f 1787/1787 1786/1786 1789/1789
f 1789/1789 1790/1790 1787/1787
f 1791/1791 1787/1787 1790/1790
f 1787/1787 1791/1791 1792/1792
f 1792/1792 1793/1793 1787/1787
f 1793/1793 1792/1792 1794/1794
f 1790/1790 1795/1795 1791/1791
f 1795/1795 1790/1790 1796/1796
f 1797/1797 1796/1796 1790/1790
f 1790/1790 1789/1789 1797/1797
f 1796/1796 1797/1797 1798/1798
f 1799/1799 1798/1798 1797/1797
f 1798/1798 1799/1799 1800/1800
f 1801/1801 1797/1797 1789/1789
f 1797/1797 1801/1801 1799/1799
f 1789/1789 1802/1802 1801/1801
f 1802/1802 1789/1789 1803/1803
f 1804/1804 1800/1800 1799/1799
f 1800/1800 1804/1804 1805/1805
f 1806/1806 1799/1799 1801/1801
f 1799/1799 1806/1806 1804/1804
f 1801/1801 1807/1807 1806/1806
f 1807/1807 1801/1801 1808/1808
f 1809/1809 1805/1805 1804/1804
f 1805/1805 1809/1809 1810/1810
f 1811/1811 1804/1804 1806/1806
f 1804/1804 1811/1811 1809/1809
f 1806/1806 1812/1812 1811/1811
f 1812/1812 1806/1806 1813/1813
f 1814/1814 1809/1809 1811/1811
f 1809/1809 1814/1814 1815/1815
f 1815/1815 1810/1810 1809/1809
f 1816/1816 1815/1815 1814/1814
f 1815/1815 1816/1816 1817/1817
f 1810/1810 1815/1815 1818/1818
f 1817/1817 1818/1818 1815/1815
f 1818/1818 1819/1819 1810/1810
f 1819/1819 1818/1818 1820/1820
f 1818/1818 1817/1817 1821/1821
f 1821/1821 1822/1822 1818/1818
f 1822/1822 1821/1821 1823/1823
f 1824/1824 1825/1825 1826/1826
f 1825/1825 1824/1824 1827/1827
f 1827/1827 1828/1828 1825/1825
f 1829/1829 1825/1825 1828/1828
f 1825/1825 1829/1829 1830/1830
f 1830/1830 1831/1831 1825/1825
f 1831/1831 1830/1830 1832/1832
f 1828/1828 1833/1833 1829/1829
f 1833/1833 1828/1828 1834/1834
f 1835/1835 1834/1834 1828/1828
f 1828/1828 1827/1827 1835/1835
f 1834/1834 1835/1835 1836/1836
f 1837/1837 1836/1836 1835/1835
f 1836/1836 1837/1837 1838/1838
f 1839/1839 1835/1835 1827/1827
f 1835/1835 1839/1839 1837/1837
f 1827/1827 1840/1840 1839/1839
f 1840/1840 1827/1827 1841/1841
f 1842/1842 1838/1838 1837/1837
f 1838/1838 1842/1842 1843/1843
f 1844/1844 1837/1837 1839/1839
f 1837/1837 1844/1844 1842/1842
f 1839/1839 1845/1845 1844/1844
f 1845/1845 1839/1839 1846/1846
f 1847/1847 1843/1843 1842/1842
f 1843/1843 1847/1847 1848/1848
f 1849/1849 1842/1842 1844/1844
f 1842/1842 1849/1849 1847/1847
f 1844/1844 1850/1850 1849/1849
f 1850/1850 1844/1844 1851/1851
f 1852/1852 1847/1847 1849/1849
f 1847/1847 1852/1852 1853/1853
f 1853/1853 1848/1848 1847/1847
f 1854/1854 1853/1853 1852/1852
f 1853/1853 1854/1854 1855/1855
f 1848/1848 1853/1853 1856/1856
f 1855/1855 1856/1856 1853/1853
f 1856/1856 1857/1857 1848/1848
f 1857/1857 1856/1856 1858/1858
f 1856/1856 1855/1855 1859/1859
f 1859/1859 1860/1860 1856/1856
f 1860/1860 1859/1859 1861/1861
f 1862/1862 1863/1863 1864/1864
f 1863/1863 1862/1862 1865/1865
f 1865/1865 1866/1866 1863/1863
f 1866/1866 1865/1865 1867/1867
f 1868/1868 1869/1869 1870/1870
f 1869/1869 1868/1868 1871/1871
f 1871/1871 1872/1872 1869/1869
f 1872/1872 1871/1871 1873/1873
f 1874/1874 1875/1875 1876/1876
f 1875/1875 1874/1874 1877/1877
f 1877/1877 1878/1878 1875/1875
f 1878/1878 1877/1877 1879/1879
f 1880/1880 1881/1881 1882/1882
f 1881/1881 1880/1880 1883/1883
f 1883/1883 1884/1884 1881/1881
f 1884/1884 1883/1883 1885/1885
f 1886/1886 1887/1887 1888/1888
f 1887/1887 1886/1886 1889/1889
f 1889/1889 1890/1890 1887/1887
f 1890/1890 1889/1889 1891/1891
f 1892/1892 1893/1893 1894/1894
f 1893/1893 1892/1892 1895/1895
f 1896/1896 1895/1895 1892/1892
f 1895/1895 1897/1897 1893/1893
f 1895/1895 1896/1896 1898/1898
f 1897/1897 1895/1895 1899/1899
f 1898/1898 1899/1899 1895/1895
f 1899/1899 1900/1900 1897/1897
f 1899/1899 1898/1898 1901/1901
f 1900/1900 1899/1899 1902/1902
f 1901/1901 1902/1902 1899/1899
f 1902/1902 1903/1903 1900/1900
f 1902/1902 1901/1901 1904/1904
f 1903/1903 1902/1902 1905/1905
f 1904/1904 1905/1905 1902/1902
f 1905/1905 1904/1904 1906/1906
f 1905/1905 1907/1907 1903/1903
f 1908/1908 1905/1905 1906/1906
f 1907/1907 1905/1905 1909/1909
f 1905/1905 1908/1908 1909/1909
f 1909/1909 1910/1910 1907/1907
f 1911/1911 1909/1909 1908/1908
f 1910/1910 1909/1909 1912/1912
f 1909/1909 1911/1911 1912/1912
f 1912/1912 1913/1913 1910/1910
f 1914/1914 1912/1912 1911/1911
f 1913/1913 1912/1912 1915/1915
f 1912/1912 1914/1914 1915/1915
f 1916/1916 1917/1917 1918/1918
f 1916/1916 1919/1919 1917/1917
f 1919/1919 1916/1916 1920/1920
f 1921/1921 1917/1917 1922/1922
f 1917/1917 1923/1923 1922/1922
f 1923/1923 1917/1917 1924/1924
f 1917/1917 1925/1925 1924/1924
f 1925/1925 1917/1917 1926/1926
f 1917/1917 1927/1927 1926/1926
f 1927/1927 1917/1917 1928/1928
f 1917/1917 1929/1929 1928/1928
f 1917/1917 1930/1930 1929/1929
f 1931/1931 1930/1930 1917/1917
f 1932/1932 1931/1931 1917/1917
f 1917/1917 1933/1933 1932/1932
f 1917/1917 1934/1934 1933/1933
f 1917/1917 1935/1935 1934/1934
f 1917/1917 1936/1936 1935/1935
f 1917/1917 1937/1937 1936/1936
f 1917/1917 1938/1938 1937/1937
f 1917/1917 1939/1939 1938/1938
f 1917/1917 1940/1940 1939/1939
f 1917/1917 1941/1941 1940/1940
f 1917/1917 1942/1942 1943/1943
f 1917/1917 1944/1944 1942/1942
f 1945/1945 1946/1946 1947/1947
f 1945/1945 1948/1948 1946/1946
f 1949/1949 1946/1946 1948/1948
f 1949/1949 1950/1950 1946/1946
f 1946/1946 1950/1950 1951/1951
f 1946/1946 1951/1951 1952/1952
f 1946/1946 1952/1952 1953/1953
f 1946/1946 1953/1953 1954/1954
f 1946/1946 1954/1954 1955/1955
f 1946/1946 1955/1955 1956/1956
f 1957/1957 1946/1946 1956/1956
f 1957/1957 1958/1958 1946/1946
f 1959/1959 1946/1946 1958/1958
f 1959/1959 1960/1960 1946/1946
f 1961/1961 1962/1962 1963/1963
f 1962/1962 1961/1961 1964/1964
f 1964/1964 1965/1965 1962/1962
f 1966/1966 1964/1964 1961/1961
f 1965/1965 1964/1964 1967/1967
f 1967/1967 1968/1968 1965/1965
f 1964/1964 1966/1966 1969/1969
f 1969/1969 1967/1967 1964/1964
f 1970/1970 1969/1969 1966/1966
f 1969/1969 1970/1970 1971/1971
f 1971/1971 1972/1972 1969/1969
f 1967/1967 1969/1969 1972/1972
f 1972/1972 1971/1971 1973/1973
f 1968/1968 1967/1967 1974/1974
f 1972/1972 1974/1974 1967/1967
f 1974/1974 1975/1975 1968/1968
f 1973/1973 1976/1976 1972/1972
f 1974/1974 1972/1972 1976/1976
f 1976/1976 1973/1973 1977/1977
f 1975/1975 1974/1974 1978/1978
f 1976/1976 1978/1978 1974/1974
f 1978/1978 1979/1979 1975/1975
f 1977/1977 1980/1980 1976/1976
f 1978/1978 1976/1976 1980/1980
f 1980/1980 1977/1977 1981/1981
f 1979/1979 1978/1978 1982/1982
f 1980/1980 1982/1982 1978/1978
f 1981/1981 1983/1983 1980/1980
f 1982/1982 1980/1980 1983/1983
f 1983/1983 1981/1981 1984/1984
f 1985/1985 1983/1983 1984/1984
f 1983/1983 1985/1985 1986/1986
f 1986/1986 1982/1982 1983/1983
f 1987/1987 1986/1986 1985/1985
f 1988/1988 1979/1979 1982/1982
f 1982/1982 1986/1986 1988/1988
f 1979/1979 1988/1988 1989/1989
f 1986/1986 1987/1987 1990/1990
f 1990/1990 1988/1988 1986/1986
f 1991/1991 1990/1990 1987/1987
f 1992/1992 1989/1989 1988/1988
f 1988/1988 1990/1990 1992/1992
f 1989/1989 1992/1992 1993/1993
f 1990/1990 1991/1991 1994/1994
f 1994/1994 1992/1992 1990/1990
f 1995/1995 1994/1994 1991/1991
f 1994/1994 1995/1995 1996/1996
f 1997/1997 1993/1993 1992/1992
f 1992/1992 1994/1994 1997/1997
f 1996/1996 1997/1997 1994/1994
f 1993/1993 1997/1997 1998/1998
f 1997/1997 1996/1996 1999/1999
f 1999/1999 1998/1998 1997/1997
f 1998/1998 1999/1999 2000/2000
f 2001/2001 2002/2002 2003/2003
f 2002/2002 2001/2001 2004/2004
f 2005/2005 2004/2004 2001/2001
f 2004/2004 2005/2005 2006/2006
f 2007/2007 2006/2006 2005/2005
f 2006/2006 2007/2007 2008/2008
f 2009/2009 2010/2010 2011/2011
f 2010/2010 2009/2009 2012/2012
f 2012/2012 2013/2013 2010/2010
f 2014/2014 2012/2012 2009/2009
f 2013/2013 2012/2012 2015/2015
f 2012/2012 2014/2014 2016/2016
f 2016/2016 2015/2015 2012/2012
f 2017/2017 2016/2016 2014/2014
f 2015/2015 2016/2016 2018/2018
f 2016/2016 2017/2017 2019/2019
f 2019/2019 2018/2018 2016/2016
f 2018/2018 2019/2019 2020/2020
f 2021/2021 2022/2022 2023/2023
f 2022/2022 2021/2021 2024/2024
f 2025/2025 2024/2024 2021/2021
f 2024/2024 2026/2026 2022/2022
f 2024/2024 2025/2025 2027/2027
f 2026/2026 2024/2024 2028/2028
f 2027/2027 2028/2028 2024/2024
f 2028/2028 2029/2029 2026/2026
f 2028/2028 2027/2027 2030/2030
f 2029/2029 2028/2028 2031/2031
f 2030/2030 2031/2031 2028/2028
f 2031/2031 2030/2030 2032/2032
f 2033/2033 2034/2034 2035/2035
f 2034/2034 2033/2033 2036/2036
f 2036/2036 2037/2037 2034/2034
f 2038/2038 2036/2036 2033/2033
f 2037/2037 2036/2036 2039/2039
f 2039/2039 2040/2040 2037/2037
f 2040/2040 2039/2039 2041/2041
f 2036/2036 2038/2038 2042/2042
f 2042/2042 2039/2039 2036/2036
f 2043/2043 2042/2042 2038/2038
f 2042/2042 2043/2043 2044/2044
f 2045/2045 2042/2042 2044/2044
f 2046/2046 2041/2041 2039/2039
f 2039/2039 2042/2042 2046/2046
f 2042/2042 2045/2045 2046/2046
f 2041/2041 2046/2046 2047/2047
f 2045/2045 2047/2047 2046/2046
f 2047/2047 2045/2045 2048/2048
f 2049/2049 2050/2050 2051/2051
f 2050/2050 2049/2049 2052/2052
f 2052/2052 2053/2053 2050/2050
f 2053/2053 2052/2052 2054/2054
f 2055/2055 2056/2056 2057/2057
f 2056/2056 2055/2055 2058/2058
f 2058/2058 2059/2059 2056/2056
f 2059/2059 2058/2058 2060/2060
f 2061/2061 2062/2062 2063/2063
f 2062/2062 2061/2061 2064/2064
f 2064/2064 2065/2065 2062/2062
f 2065/2065 2064/2064 2066/2066
f 2067/2067 2068/2068 2069/2069
f 2068/2068 2067/2067 2070/2070
f 2070/2070 2071/2071 2068/2068
f 2071/2071 2070/2070 2072/2072
f 2073/2073 2074/2074 2075/2075
f 2074/2074 2073/2073 2076/2076
f 2076/2076 2077/2077 2074/2074
f 2077/2077 2076/2076 2078/2078
f 2079/2079 2080/2080 2081/2081
f 2080/2080 2079/2079 2082/2082
f 2082/2082 2083/2083 2080/2080
f 2083/2083 2082/2082 2084/2084
f 2085/2085 2086/2086 2087/2087
f 2086/2086 2085/2085 2088/2088
f 2088/2088 2089/2089 2086/2086
f 2089/2089 2088/2088 2090/2090
f 2091/2091 2092/2092 2093/2093
f 2092/2092 2091/2091 2094/2094
f 2094/2094 2095/2095 2092/2092
f 2095/2095 2094/2094 2096/2096
f 2097/2097 2098/2098 2099/2099
f 2098/2098 2097/2097 2100/2100
f 2100/2100 2101/2101 2098/2098
f 2101/2101 2100/2100 2102/2102
f 2103/2103 2104/2104 2105/2105
f 2104/2104 2103/2103 2106/2106
f 2106/2106 2107/2107 2104/2104
f 2107/2107 2106/2106 2108/2108
f 2109/2109 2110/2110 2111/2111
f 2110/2110 2109/2109 2112/2112
f 2112/2112 2113/2113 2110/2110
f 2113/2113 2112/2112 2114/2114
f 2115/2115 2116/2116 2117/2117
f 2116/2116 2115/2115 2118/2118
f 2118/2118 2119/2119 2116/2116
f 2119/2119 2118/2118 2120/2120
f 2121/2121 2122/2122 2123/2123
f 2122/2122 2121/2121 2124/2124
f 2124/2124 2125/2125 2122/2122
f 2125/2125 2124/2124 2126/2126
f 2127/2127 2128/2128 2129/2129
f 2128/2128 2127/2127 2130/2130
f 2130/2130 2131/2131 2128/2128
f 2131/2131 2130/2130 2132/2132
f 2133/2133 2134/2134 2135/2135
f 2134/2134 2133/2133 2136/2136
f 2136/2136 2137/2137 2134/2134
f 2138/2138 2136/2136 2133/2133
f 2137/2137 2136/2136 2139/2139
f 2139/2139 2140/2140 2137/2137
f 2136/2136 2138/2138 2141/2141
f 2141/2141 2139/2139 2136/2136
f 2142/2142 2141/2141 2138/2138
f 2141/2141 2142/2142 2143/2143
f 2143/2143 2144/2144 2141/2141
f 2139/2139 2141/2141 2144/2144
f 2144/2144 2143/2143 2145/2145
f 2140/2140 2139/2139 2146/2146
f 2144/2144 2146/2146 2139/2139
f 2146/2146 2147/2147 2140/2140
f 2145/2145 2148/2148 2144/2144
f 2146/2146 2144/2144 2148/2148
f 2148/2148 2145/2145 2149/2149
f 2147/2147 2146/2146 2150/2150
f 2148/2148 2150/2150 2146/2146
f 2150/2150 2151/2151 2147/2147
f 2149/2149 2152/2152 2148/2148
f 2150/2150 2148/2148 2152/2152
f 2152/2152 2149/2149 2153/2153
f 2151/2151 2150/2150 2154/2154
f 2152/2152 2154/2154 2150/2150
f 2153/2153 2155/2155 2152/2152
f 2154/2154 2152/2152 2155/2155
f 2155/2155 2153/2153 2156/2156
f 2157/2157 2155/2155 2156/2156
f 2155/2155 2157/2157 2158/2158
f 2158/2158 2154/2154 2155/2155
f 2159/2159 2158/2158 2157/2157
f 2160/2160 2151/2151 2154/2154
f 2154/2154 2158/2158 2160/2160
f 2151/2151 2160/2160 2161/2161
f 2158/2158 2159/2159 2162/2162
f 2162/2162 2160/2160 2158/2158
f 2163/2163 2162/2162 2159/2159
f 2164/2164 2161/2161 2160/2160
f 2160/2160 2162/2162 2164/2164
f 2161/2161 2164/2164 2165/2165
f 2162/2162 2163/2163 2166/2166
f 2166/2166 2164/2164 2162/2162
f 2167/2167 2166/2166 2163/2163
f 2166/2166 2167/2167 2168/2168
f 2169/2169 2165/2165 2164/2164
f 2164/2164 2166/2166 2169/2169
f 2168/2168 2169/2169 2166/2166
f 2165/2165 2169/2169 2170/2170
f 2169/2169 2168/2168 2171/2171
f 2171/2171 2170/2170 2169/2169
f 2170/2170 2171/2171 2172/2172
f 2173/2173 2174/2174 2175/2175
f 2174/2174 2173/2173 2176/2176
f 2177/2177 2176/2176 2173/2173
f 2176/2176 2177/2177 2178/2178
f 2179/2179 2178/2178 2177/2177
f 2178/2178 2179/2179 2180/2180
f 2181/2181 2182/2182 2183/2183
f 2182/2182 2181/2181 2184/2184
f 2184/2184 2185/2185 2182/2182
f 2186/2186 2184/2184 2181/2181
f 2185/2185 2184/2184 2187/2187
f 2184/2184 2186/2186 2188/2188
f 2188/2188 2187/2187 2184/2184
f 2189/2189 2188/2188 2186/2186
f 2187/2187 2188/2188 2190/2190
f 2188/2188 2189/2189 2191/2191
f 2191/2191 2190/2190 2188/2188
f 2190/2190 2191/2191 2192/2192
f 2193/2193 2194/2194 2195/2195
f 2194/2194 2193/2193 2196/2196
f 2197/2197 2196/2196 2193/2193
f 2196/2196 2198/2198 2194/2194
f 2196/2196 2197/2197 2199/2199
f 2198/2198 2196/2196 2200/2200
f 2199/2199 2200/2200 2196/2196
f 2200/2200 2201/2201 2198/2198
f 2200/2200 2199/2199 2202/2202
f 2201/2201 2200/2200 2203/2203
f 2202/2202 2203/2203 2200/2200
f 2203/2203 2202/2202 2204/2204
f 2205/2205 2206/2206 2207/2207
f 2206/2206 2205/2205 2208/2208
f 2208/2208 2209/2209 2206/2206
f 2210/2210 2208/2208 2205/2205
f 2209/2209 2208/2208 2211/2211
f 2211/2211 2212/2212 2209/2209
f 2212/2212 2211/2211 2213/2213
f 2208/2208 2210/2210 2214/2214
f 2214/2214 2211/2211 2208/2208
f 2215/2215 2213/2213 2211/2211
f 2211/2211 2214/2214 2215/2215
f 2213/2213 2215/2215 2216/2216
f 2210/2210 2217/2217 2214/2214
f 2217/2217 2215/2215 2214/2214
f 2217/2217 2210/2210 2218/2218
f 2215/2215 2217/2217 2219/2219
f 2219/2219 2216/2216 2215/2215
f 2216/2216 2219/2219 2220/2220
f 2221/2221 2222/2222 2223/2223
f 2222/2222 2221/2221 2224/2224
f 2224/2224 2225/2225 2222/2222
f 2226/2226 2224/2224 2221/2221
f 2225/2225 2224/2224 2227/2227
f 2227/2227 2228/2228 2225/2225
f 2224/2224 2226/2226 2229/2229
f 2229/2229 2227/2227 2224/2224
f 2230/2230 2229/2229 2226/2226
f 2229/2229 2230/2230 2231/2231
f 2231/2231 2232/2232 2229/2229
f 2227/2227 2229/2229 2232/2232
f 2232/2232 2231/2231 2233/2233
f 2228/2228 2227/2227 2234/2234
f 2232/2232 2234/2234 2227/2227
f 2234/2234 2235/2235 2228/2228
f 2233/2233 2236/2236 2232/2232
f 2234/2234 2232/2232 2236/2236
f 2236/2236 2233/2233 2237/2237
f 2235/2235 2234/2234 2238/2238
f 2236/2236 2238/2238 2234/2234
f 2238/2238 2239/2239 2235/2235
f 2237/2237 2240/2240 2236/2236
f 2238/2238 2236/2236 2240/2240
f 2240/2240 2237/2237 2241/2241
f 2239/2239 2238/2238 2242/2242
f 2240/2240 2242/2242 2238/2238
f 2241/2241 2243/2243 2240/2240
f 2242/2242 2240/2240 2243/2243
f 2243/2243 2241/2241 2244/2244
f 2245/2245 2243/2243 2244/2244
f 2243/2243 2245/2245 2246/2246
f 2246/2246 2242/2242 2243/2243
f 2247/2247 2246/2246 2245/2245
f 2248/2248 2239/2239 2242/2242
f 2242/2242 2246/2246 2248/2248
f 2239/2239 2248/2248 2249/2249
f 2246/2246 2247/2247 2250/2250
f 2250/2250 2248/2248 2246/2246
f 2251/2251 2250/2250 2247/2247
f 2252/2252 2249/2249 2248/2248
f 2248/2248 2250/2250 2252/2252
f 2249/2249 2252/2252 2253/2253
f 2250/2250 2251/2251 2254/2254
f 2254/2254 2252/2252 2250/2250
f 2255/2255 2254/2254 2251/2251
f 2254/2254 2255/2255 2256/2256
f 2257/2257 2253/2253 2252/2252
f 2252/2252 2254/2254 2257/2257
f 2256/2256 2257/2257 2254/2254
f 2253/2253 2257/2257 2258/2258
f 2257/2257 2256/2256 2259/2259
f 2259/2259 2258/2258 2257/2257
f 2258/2258 2259/2259 2260/2260
f 2261/2261 2262/2262 2263/2263
f 2262/2262 2261/2261 2264/2264
f 2265/2265 2264/2264 2261/2261
f 2264/2264 2265/2265 2266/2266
f 2267/2267 2266/2266 2265/2265
f 2266/2266 2267/2267 2268/2268
f 2269/2269 2270/2270 2271/2271
f 2270/2270 2269/2269 2272/2272
f 2272/2272 2273/2273 2270/2270
f 2274/2274 2272/2272 2269/2269
f 2273/2273 2272/2272 2275/2275
f 2272/2272 2274/2274 2276/2276
f 2276/2276 2275/2275 2272/2272
f 2277/2277 2276/2276 2274/2274
f 2275/2275 2276/2276 2278/2278
f 2276/2276 2277/2277 2279/2279
f 2279/2279 2278/2278 2276/2276
f 2278/2278 2279/2279 2280/2280
f 2281/2281 2282/2282 2283/2283
f 2282/2282 2281/2281 2284/2284
f 2285/2285 2284/2284 2281/2281
f 2284/2284 2286/2286 2282/2282
f 2284/2284 2285/2285 2287/2287
f 2286/2286 2284/2284 2288/2288
f 2287/2287 2288/2288 2284/2284
f 2288/2288 2289/2289 2286/2286
f 2288/2288 2287/2287 2290/2290
f 2289/2289 2288/2288 2291/2291
f 2290/2290 2291/2291 2288/2288
f 2291/2291 2290/2290 2292/2292
f 2293/2293 2294/2294 2295/2295
f 2294/2294 2293/2293 2296/2296
f 2296/2296 2297/2297 2294/2294
f 2298/2298 2296/2296 2293/2293
f 2297/2297 2296/2296 2299/2299
f 2299/2299 2300/2300 2297/2297
f 2300/2300 2299/2299 2301/2301
f 2296/2296 2298/2298 2302/2302
f 2302/2302 2299/2299 2296/2296
f 2303/2303 2301/2301 2299/2299
f 2299/2299 2302/2302 2303/2303
f 2301/2301 2303/2303 2304/2304
f 2298/2298 2305/2305 2302/2302
f 2305/2305 2303/2303 2302/2302
f 2305/2305 2298/2298 2306/2306
f 2303/2303 2305/2305 2307/2307
f 2307/2307 2304/2304 2303/2303
f 2304/2304 2307/2307 2308/2308
f 2309/2309 2310/2310 2311/2311
f 2310/2310 2309/2309 2312/2312
f 2313/2313 2312/2312 2309/2309
f 2312/2312 2313/2313 2314/2314
f 2315/2315 2314/2314 2313/2313
f 2314/2314 2315/2315 2316/2316
f 2317/2317 2316/2316 2315/2315
f 2316/2316 2317/2317 2318/2318
f 2318/2318 2319/2319 2316/2316
f 2319/2319 2318/2318 2320/2320
f 2321/2321 2319/2319 2320/2320
f 2319/2319 2321/2321 2322/2322
f 2323/2323 2316/2316 2319/2319
f 2322/2322 2323/2323 2319/2319
f 2316/2316 2323/2323 2314/2314
f 2323/2323 2322/2322 2324/2324
f 2325/2325 2314/2314 2323/2323
f 2324/2324 2325/2325 2323/2323
f 2314/2314 2325/2325 2312/2312
f 2325/2325 2324/2324 2326/2326
f 2327/2327 2312/2312 2325/2325
f 2312/2312 2327/2327 2328/2328
f 2326/2326 2329/2329 2325/2325
f 2329/2329 2326/2326 2330/2330
f 2331/2331 2332/2332 2333/2333
f 2332/2332 2331/2331 2334/2334
f 2335/2335 2334/2334 2331/2331
f 2331/2331 2336/2336 2335/2335
f 2336/2336 2331/2331 2337/2337
f 2338/2338 2337/2337 2331/2331
f 2337/2337 2338/2338 2339/2339
f 2340/2340 2335/2335 2336/2336
f 2335/2335 2340/2340 2341/2341
f 2342/2342 2341/2341 2340/2340
f 2341/2341 2342/2342 2343/2343
f 2341/2341 2344/2344 2335/2335
f 2334/2334 2335/2335 2344/2344
f 2343/2343 2345/2345 2341/2341
f 2344/2344 2341/2341 2345/2345
f 2345/2345 2343/2343 2346/2346
f 2347/2347 2345/2345 2346/2346
f 2345/2345 2347/2347 2348/2348
f 2348/2348 2344/2344 2345/2345
f 2344/2344 2348/2348 2349/2349
f 2349/2349 2334/2334 2344/2344
f 2334/2334 2349/2349 2350/2350
f 2350/2350 2351/2351 2334/2334
f 2351/2351 2350/2350 2352/2352
f 2353/2353 2354/2354 2355/2355
f 2354/2354 2353/2353 2356/2356
f 2356/2356 2357/2357 2354/2354
f 2357/2357 2356/2356 2358/2358
f 2359/2359 2360/2360 2361/2361
f 2360/2360 2359/2359 2362/2362
f 2362/2362 2363/2363 2360/2360
f 2363/2363 2362/2362 2364/2364
f 2365/2365 2366/2366 2367/2367
f 2365/2365 2368/2368 2366/2366
f 2365/2365 2369/2369 2368/2368
f 2366/2366 2368/2368 2370/2370
f 2370/2370 2368/2368 2371/2371
f 2371/2371 2372/2372 2370/2370
f 2372/2372 2371/2371 2373/2373
f 2374/2374 2373/2373 2371/2371
f 2375/2375 2373/2373 2374/2374
f 2371/2371 2376/2376 2374/2374
f 2377/2377 2374/2374 2376/2376
f 2374/2374 2377/2377 2378/2378
f 2379/2379 2378/2378 2377/2377
f 2380/2380 2374/2374 2378/2378
f 2378/2378 2379/2379 2380/2380
f 2375/2375 2374/2374 2380/2380
f 2381/2381 2380/2380 2379/2379
f 2380/2380 2381/2381 2382/2382
f 2375/2375 2380/2380 2382/2382
f 2383/2383 2382/2382 2381/2381
f 2382/2382 2383/2383 2375/2375
f 2384/2384 2375/2375 2383/2383
f 2371/2371 2372/2372 2385/2385
f 2372/2372 2371/2371 2385/2385
f 2386/2386 2385/2385 2372/2372
f 2385/2385 2387/2387 2372/2372
f 2385/2385 2386/2386 2388/2388
f 2387/2387 2385/2385 2389/2389
f 2390/2390 2388/2388 2386/2386
f 2389/2389 2391/2391 2387/2387
f 2388/2388 2390/2390 2392/2392
f 2391/2391 2389/2389 2392/2392
f 2393/2393 2392/2392 2390/2390
f 2392/2392 2393/2393 2391/2391
f 2392/2392 2393/2393 2394/2394
f 2393/2393 2392/2392 2394/2394
f 2395/2395 2394/2394 2393/2393
f 2394/2394 2395/2395 2393/2393
f 2395/2395 2396/2396 2397/2397
f 2398/2398 2395/2395 2397/2397
f 2396/2396 2395/2395 2399/2399
f 2395/2395 2398/2398 2400/2400
f 2399/2399 2401/2401 2396/2396
f 2401/2401 2400/2400 2398/2398
f 2401/2401 2399/2399 2402/2402
f 2400/2400 2401/2401 2403/2403
f 2402/2402 2404/2404 2401/2401
f 2404/2404 2403/2403 2401/2401
f 2404/2404 2402/2402 2405/2405
f 2403/2403 2404/2404 2405/2405
f 2405/2405 2406/2406 2404/2404
f 2407/2407 2405/2405 2404/2404
f 2406/2406 2405/2405 2408/2408
f 2405/2405 2407/2407 2408/2408
f 2409/2409 2408/2408 2407/2407
f 2408/2408 2410/2410 2406/2406
f 2408/2408 2409/2409 2411/2411
f 2410/2410 2408/2408 2411/2411
f 2412/2412 2411/2411 2409/2409
f 2411/2411 2413/2413 2410/2410
f 2414/2414 2410/2410 2413/2413
f 2413/2413 2415/2415 2414/2414
f 2412/2412 2416/2416 2411/2411
f 2417/2417 2413/2413 2411/2411
f 2418/2418 2416/2416 2412/2412
f 2418/2418 2412/2412 2419/2419
f 2418/2418 2420/2420 2416/2416
f 2415/2415 2413/2413 2421/2421
f 2421/2421 2422/2422 2415/2415
f 2423/2423 2421/2421 2413/2413
f 2422/2422 2421/2421 2423/2423
f 2423/2423 2413/2413 2417/2417
f 2423/2423 2424/2424 2422/2422
f 2424/2424 2423/2423 2425/2425
f 2423/2423 2417/2417 2425/2425
f 2425/2425 2426/2426 2424/2424
f 2426/2426 2425/2425 2417/2417
f 2417/2417 2427/2427 2426/2426
f 2428/2428 2429/2429 2430/2430
f 2429/2429 2428/2428 2431/2431
f 2432/2432 2431/2431 2428/2428
f 2431/2431 2432/2432 2433/2433
f 2434/2434 2433/2433 2432/2432
f 2433/2433 2434/2434 2435/2435
f 2436/2436 2435/2435 2434/2434
f 2435/2435 2436/2436 2437/2437
f 2438/2438 2439/2439 2440/2440
f 2438/2438 2441/2441 2439/2439
f 2439/2439 2441/2441 2442/2442
f 2443/2443 2444/2444 2445/2445
f 2444/2444 2443/2443 2446/2446
f 2446/2446 2447/2447 2444/2444
f 2448/2448 2446/2446 2443/2443
f 2447/2447 2446/2446 2449/2449
f 2449/2449 2450/2450 2447/2447
f 2450/2450 2449/2449 2451/2451
f 2446/2446 2448/2448 2452/2452
f 2452/2452 2449/2449 2446/2446
f 2453/2453 2452/2452 2448/2448
f 2452/2452 2453/2453 2454/2454
f 2455/2455 2451/2451 2449/2449
f 2449/2449 2452/2452 2455/2455
f 2454/2454 2455/2455 2452/2452
f 2451/2451 2455/2455 2456/2456
f 2455/2455 2454/2454 2457/2457
f 2457/2457 2456/2456 2455/2455
f 2456/2456 2457/2457 2458/2458
f 2459/2459 2460/2460 2461/2461
f 2460/2460 2459/2459 2462/2462
f 2462/2462 2463/2463 2460/2460
f 2464/2464 2462/2462 2459/2459
f 2463/2463 2462/2462 2465/2465
f 2465/2465 2466/2466 2463/2463
f 2466/2466 2465/2465 2467/2467
f 2462/2462 2464/2464 2468/2468
f 2468/2468 2465/2465 2462/2462
f 2469/2469 2468/2468 2464/2464
f 2468/2468 2469/2469 2470/2470
f 2471/2471 2467/2467 2465/2465
f 2465/2465 2468/2468 2471/2471
f 2470/2470 2471/2471 2468/2468
f 2467/2467 2471/2471 2472/2472
f 2471/2471 2470/2470 2473/2473
f 2473/2473 2472/2472 2471/2471
f 2472/2472 2473/2473 2474/2474
f 2475/2475 2476/2476 2477/2477
f 2476/2476 2475/2475 2478/2478
f 2479/2479 2478/2478 2475/2475
f 2478/2478 2479/2479 2480/2480
f 2481/2481 2480/2480 2479/2479
f 2480/2480 2481/2481 2482/2482
f 2483/2483 2484/2484 2485/2485
f 2484/2484 2483/2483 2486/2486
f 2487/2487 2486/2486 2483/2483
f 2486/2486 2487/2487 2488/2488
f 2489/2489 2488/2488 2487/2487
f 2488/2488 2489/2489 2490/2490
f 2491/2491 2492/2492 2493/2493
f 2492/2492 2491/2491 2494/2494
f 2494/2494 2495/2495 2492/2492
f 2496/2496 2494/2494 2491/2491
f 2495/2495 2494/2494 2497/2497
f 2494/2494 2496/2496 2498/2498
f 2498/2498 2497/2497 2494/2494
f 2499/2499 2498/2498 2496/2496
f 2497/2497 2498/2498 2500/2500
f 2498/2498 2499/2499 2501/2501
f 2501/2501 2500/2500 2498/2498
f 2500/2500 2501/2501 2502/2502
f 2503/2503 2504/2504 2505/2505
f 2504/2504 2503/2503 2506/2506
f 2507/2507 2506/2506 2503/2503
f 2508/2508 2504/2504 2506/2506
f 2504/2504 2508/2508 2509/2509
f 2506/2506 2510/2510 2508/2508
f 2506/2506 2507/2507 2511/2511
f 2510/2510 2506/2506 2511/2511
f 2512/2512 2511/2511 2507/2507
f 2511/2511 2513/2513 2510/2510
f 2511/2511 2512/2512 2514/2514
f 2513/2513 2511/2511 2514/2514
f 2515/2515 2516/2516 2517/2517
f 2516/2516 2515/2515 2518/2518
f 2518/2518 2519/2519 2516/2516
f 2520/2520 2518/2518 2515/2515
f 2519/2519 2518/2518 2521/2521
f 2521/2521 2522/2522 2519/2519
f 2522/2522 2521/2521 2523/2523
f 2518/2518 2520/2520 2524/2524
f 2524/2524 2521/2521 2518/2518
f 2525/2525 2524/2524 2520/2520
f 2524/2524 2525/2525 2526/2526
f 2527/2527 2523/2523 2521/2521
f 2521/2521 2524/2524 2527/2527
f 2526/2526 2527/2527 2524/2524
f 2523/2523 2527/2527 2528/2528
f 2527/2527 2526/2526 2529/2529
f 2529/2529 2528/2528 2527/2527
f 2528/2528 2529/2529 2530/2530
f 2531/2531 2532/2532 2533/2533
f 2532/2532 2531/2531 2534/2534
f 2534/2534 2535/2535 2532/2532
f 2536/2536 2534/2534 2531/2531
f 2535/2535 2534/2534 2537/2537
f 2537/2537 2538/2538 2535/2535
f 2538/2538 2537/2537 2539/2539
f 2534/2534 2536/2536 2540/2540
f 2540/2540 2537/2537 2534/2534
f 2541/2541 2540/2540 2536/2536
f 2540/2540 2541/2541 2542/2542
f 2543/2543 2539/2539 2537/2537
f 2537/2537 2540/2540 2543/2543
f 2542/2542 2543/2543 2540/2540
f 2539/2539 2543/2543 2544/2544
f 2543/2543 2542/2542 2545/2545
f 2545/2545 2544/2544 2543/2543
f 2544/2544 2545/2545 2546/2546
f 2547/2547 2548/2548 2549/2549
f 2548/2548 2547/2547 2550/2550
f 2551/2551 2550/2550 2547/2547
f 2550/2550 2551/2551 2552/2552
f 2553/2553 2552/2552 2551/2551
f 2552/2552 2553/2553 2554/2554
f 2555/2555 2556/2556 2557/2557
f 2556/2556 2555/2555 2558/2558
f 2559/2559 2558/2558 2555/2555
f 2558/2558 2559/2559 2560/2560
f 2561/2561 2560/2560 2559/2559
f 2560/2560 2561/2561 2562/2562
f 2563/2563 2564/2564 2565/2565
f 2564/2564 2563/2563 2566/2566
f 2566/2566 2567/2567 2564/2564
f 2568/2568 2566/2566 2563/2563
f 2567/2567 2566/2566 2569/2569
f 2566/2566 2568/2568 2570/2570
f 2570/2570 2569/2569 2566/2566
f 2571/2571 2570/2570 2568/2568
f 2569/2569 2570/2570 2572/2572
f 2570/2570 2571/2571 2573/2573
f 2573/2573 2572/2572 2570/2570
f 2572/2572 2573/2573 2574/2574
f 2575/2575 2576/2576 2577/2577
f 2576/2576 2575/2575 2578/2578
f 2579/2579 2578/2578 2575/2575
f 2580/2580 2576/2576 2578/2578
f 2576/2576 2580/2580 2581/2581
f 2578/2578 2582/2582 2580/2580
f 2578/2578 2579/2579 2583/2583
f 2582/2582 2578/2578 2583/2583
f 2584/2584 2583/2583 2579/2579
f 2583/2583 2585/2585 2582/2582
f 2583/2583 2584/2584 2586/2586
f 2585/2585 2583/2583 2586/2586
f 2587/2587 2588/2588 2589/2589
f 2588/2588 2587/2587 2590/2590
f 2590/2590 2591/2591 2588/2588
f 2591/2591 2590/2590 2592/2592
f 2593/2593 2594/2594 2595/2595
f 2594/2594 2593/2593 2596/2596
f 2597/2597 2596/2596 2593/2593
f 2596/2596 2597/2597 2598/2598
f 2599/2599 2598/2598 2597/2597
f 2598/2598 2599/2599 2600/2600
f 2601/2601 2600/2600 2599/2599
f 2600/2600 2601/2601 2602/2602
f 2603/2603 2604/2604 2605/2605
f 2604/2604 2603/2603 2606/2606
f 2606/2606 2607/2607 2604/2604
f 2607/2607 2606/2606 2608/2608
f 2609/2609 2610/2610 2611/2611
f 2610/2610 2609/2609 2612/2612
f 2612/2612 2613/2613 2610/2610
f 2613/2613 2612/2612 2614/2614
f 2615/2615 2616/2616 2617/2617
f 2616/2616 2615/2615 2618/2618
f 2618/2618 2619/2619 2616/2616
f 2619/2619 2618/2618 2620/2620
f 2621/2621 2622/2622 2623/2623
f 2622/2622 2621/2621 2624/2624
f 2624/2624 2625/2625 2622/2622
f 2625/2625 2624/2624 2626/2626
f 2627/2627 2628/2628 2629/2629
f 2628/2628 2627/2627 2630/2630
f 2630/2630 2631/2631 2628/2628
f 2631/2631 2630/2630 2632/2632
f 2633/2633 2634/2634 2635/2635
f 2634/2634 2633/2633 2636/2636
f 2636/2636 2637/2637 2634/2634
f 2637/2637 2636/2636 2638/2638
f 2639/2639 2640/2640 2641/2641
f 2640/2640 2639/2639 2642/2642
f 2642/2642 2643/2643 2640/2640
f 2643/2643 2642/2642 2644/2644
f 2645/2645 2646/2646 2647/2647
f 2646/2646 2645/2645 2648/2648
f 2648/2648 2649/2649 2646/2646
f 2649/2649 2648/2648 2650/2650
f 2650/2650 2651/2651 2649/2649
f 2651/2651 2650/2650 2652/2652
f 2652/2652 2653/2653 2651/2651
f 2653/2653 2652/2652 2654/2654
f 2655/2655 2656/2656 2657/2657
f 2656/2656 2655/2655 2658/2658
f 2658/2658 2659/2659 2656/2656
f 2659/2659 2658/2658 2660/2660
f 2660/2660 2661/2661 2659/2659
f 2661/2661 2660/2660 2662/2662
f 2662/2662 2663/2663 2661/2661
f 2663/2663 2662/2662 2664/2664
f 2665/2665 2666/2666 2667/2667
f 2666/2666 2665/2665 2668/2668
f 2668/2668 2669/2669 2666/2666
f 2670/2670 2668/2668 2665/2665
f 2669/2669 2668/2668 2671/2671
f 2671/2671 2672/2672 2669/2669
f 2672/2672 2671/2671 2673/2673
f 2668/2668 2670/2670 2674/2674
f 2674/2674 2671/2671 2668/2668
f 2675/2675 2674/2674 2670/2670
f 2674/2674 2675/2675 2676/2676
f 2677/2677 2673/2673 2671/2671
f 2671/2671 2674/2674 2677/2677
f 2676/2676 2677/2677 2674/2674
f 2673/2673 2677/2677 2678/2678
f 2677/2677 2676/2676 2679/2679
f 2679/2679 2678/2678 2677/2677
f 2678/2678 2679/2679 2680/2680
f 2681/2681 2682/2682 2683/2683
f 2682/2682 2681/2681 2684/2684
f 2684/2684 2685/2685 2682/2682
f 2686/2686 2684/2684 2681/2681
f 2685/2685 2684/2684 2687/2687
f 2687/2687 2688/2688 2685/2685
f 2688/2688 2687/2687 2689/2689
f 2684/2684 2686/2686 2690/2690
f 2690/2690 2687/2687 2684/2684
f 2691/2691 2690/2690 2686/2686
f 2690/2690 2691/2691 2692/2692
f 2693/2693 2689/2689 2687/2687
f 2687/2687 2690/2690 2693/2693
f 2692/2692 2693/2693 2690/2690
f 2689/2689 2693/2693 2694/2694
f 2693/2693 2692/2692 2695/2695
f 2695/2695 2694/2694 2693/2693
f 2694/2694 2695/2695 2696/2696
f 2697/2697 2698/2698 2699/2699
f 2698/2698 2697/2697 2700/2700
f 2701/2701 2700/2700 2697/2697
f 2700/2700 2701/2701 2702/2702
f 2703/2703 2702/2702 2701/2701
f 2702/2702 2703/2703 2704/2704
f 2705/2705 2706/2706 2707/2707
f 2706/2706 2705/2705 2708/2708
f 2709/2709 2708/2708 2705/2705
f 2708/2708 2709/2709 2710/2710
f 2711/2711 2710/2710 2709/2709
f 2710/2710 2711/2711 2712/2712
f 2713/2713 2714/2714 2715/2715
f 2714/2714 2713/2713 2716/2716
f 2716/2716 2717/2717 2714/2714
f 2718/2718 2716/2716 2713/2713
f 2717/2717 2716/2716 2719/2719
f 2716/2716 2718/2718 2720/2720
f 2720/2720 2719/2719 2716/2716
f 2721/2721 2720/2720 2718/2718
f 2719/2719 2720/2720 2722/2722
f 2720/2720 2721/2721 2723/2723
f 2723/2723 2722/2722 2720/2720
f 2722/2722 2723/2723 2724/2724
f 2725/2725 2726/2726 2727/2727
f 2726/2726 2725/2725 2728/2728
f 2729/2729 2728/2728 2725/2725
f 2730/2730 2726/2726 2728/2728
f 2726/2726 2730/2730 2731/2731
f 2728/2728 2732/2732 2730/2730
f 2728/2728 2729/2729 2733/2733
f 2732/2732 2728/2728 2733/2733
f 2734/2734 2733/2733 2729/2729
f 2733/2733 2735/2735 2732/2732
f 2733/2733 2734/2734 2736/2736
f 2735/2735 2733/2733 2736/2736
f 2737/2737 2738/2738 2739/2739
f 2738/2738 2737/2737 2740/2740
f 2740/2740 2741/2741 2738/2738
f 2742/2742 2740/2740 2737/2737
f 2741/2741 2740/2740 2743/2743
f 2743/2743 2744/2744 2741/2741
f 2744/2744 2743/2743 2745/2745
f 2740/2740 2742/2742 2746/2746
f 2746/2746 2743/2743 2740/2740
f 2747/2747 2746/2746 2742/2742
f 2746/2746 2747/2747 2748/2748
f 2749/2749 2745/2745 2743/2743
f 2743/2743 2746/2746 2749/2749
f 2748/2748 2749/2749 2746/2746
f 2745/2745 2749/2749 2750/2750
f 2749/2749 2748/2748 2751/2751
f 2751/2751 2750/2750 2749/2749
f 2750/2750 2751/2751 2752/2752
f 2753/2753 2754/2754 2755/2755
f 2754/2754 2753/2753 2756/2756
f 2756/2756 2757/2757 2754/2754
f 2758/2758 2756/2756 2753/2753
f 2757/2757 2756/2756 2759/2759
f 2759/2759 2760/2760 2757/2757
f 2760/2760 2759/2759 2761/2761
f 2756/2756 2758/2758 2762/2762
f 2762/2762 2759/2759 2756/2756
f 2763/2763 2762/2762 2758/2758
f 2762/2762 2763/2763 2764/2764
f 2765/2765 2761/2761 2759/2759
f 2759/2759 2762/2762 2765/2765
f 2764/2764 2765/2765 2762/2762
f 2761/2761 2765/2765 2766/2766
f 2765/2765 2764/2764 2767/2767
f 2767/2767 2766/2766 2765/2765
f 2766/2766 2767/2767 2768/2768
f 2769/2769 2770/2770 2771/2771
f 2770/2770 2769/2769 2772/2772
f 2772/2772 2773/2773 2770/2770
f 2773/2773 2772/2772 2774/2774
f 2774/2774 2775/2775 2773/2773
f 2775/2775 2774/2774 2776/2776
f 2777/2777 2778/2778 2779/2779
f 2778/2778 2777/2777 2780/2780
f 2780/2780 2781/2781 2778/2778
f 2781/2781 2780/2780 2782/2782
f 2782/2782 2783/2783 2781/2781
f 2783/2783 2782/2782 2784/2784
f 2785/2785 2786/2786 2787/2787
f 2786/2786 2785/2785 2788/2788
f 2789/2789 2788/2788 2785/2785
f 2788/2788 2790/2790 2786/2786
f 2788/2788 2789/2789 2791/2791
f 2790/2790 2788/2788 2792/2792
f 2791/2791 2792/2792 2788/2788
f 2792/2792 2793/2793 2790/2790
f 2792/2792 2791/2791 2794/2794
f 2793/2793 2792/2792 2795/2795
f 2794/2794 2795/2795 2792/2792
f 2795/2795 2794/2794 2796/2796
f 2797/2797 2798/2798 2799/2799
f 2798/2798 2797/2797 2800/2800
f 2800/2800 2801/2801 2798/2798
f 2802/2802 2800/2800 2797/2797
f 2801/2801 2800/2800 2803/2803
f 2803/2803 2804/2804 2801/2801
f 2804/2804 2803/2803 2805/2805
f 2800/2800 2802/2802 2806/2806
f 2806/2806 2803/2803 2800/2800
f 2807/2807 2805/2805 2803/2803
f 2803/2803 2806/2806 2807/2807
f 2805/2805 2807/2807 2808/2808
f 2807/2807 2809/2809 2808/2808
f 2809/2809 2807/2807 2810/2810
f 2806/2806 2810/2810 2807/2807
f 2810/2810 2806/2806 2811/2811
f 2802/2802 2811/2811 2806/2806
f 2811/2811 2802/2802 2812/2812
f 2813/2813 2814/2814 2815/2815
f 2814/2814 2813/2813 2816/2816
f 2816/2816 2817/2817 2814/2814
f 2818/2818 2816/2816 2813/2813
f 2817/2817 2816/2816 2819/2819
f 2819/2819 2820/2820 2817/2817
f 2820/2820 2819/2819 2821/2821
f 2816/2816 2818/2818 2822/2822
f 2822/2822 2819/2819 2816/2816
f 2823/2823 2822/2822 2818/2818
f 2822/2822 2823/2823 2824/2824
f 2825/2825 2821/2821 2819/2819
f 2819/2819 2822/2822 2825/2825
f 2824/2824 2825/2825 2822/2822
f 2821/2821 2825/2825 2826/2826
f 2825/2825 2824/2824 2827/2827
f 2827/2827 2826/2826 2825/2825
f 2826/2826 2827/2827 2828/2828
f 2829/2829 2830/2830 2831/2831
f 2830/2830 2829/2829 2832/2832
f 2832/2832 2833/2833 2830/2830
f 2834/2834 2832/2832 2829/2829
f 2833/2833 2832/2832 2835/2835
f 2835/2835 2836/2836 2833/2833
f 2836/2836 2835/2835 2837/2837
f 2832/2832 2834/2834 2838/2838
f 2838/2838 2835/2835 2832/2832
f 2839/2839 2838/2838 2834/2834
f 2838/2838 2839/2839 2840/2840
f 2841/2841 2837/2837 2835/2835
f 2835/2835 2838/2838 2841/2841
f 2840/2840 2841/2841 2838/2838
f 2837/2837 2841/2841 2842/2842
f 2841/2841 2840/2840 2843/2843
f 2843/2843 2842/2842 2841/2841
f 2842/2842 2843/2843 2844/2844
f 2845/2845 2846/2846 2847/2847
f 2846/2846 2845/2845 2848/2848
f 2848/2848 2849/2849 2846/2846
f 2849/2849 2848/2848 2850/2850
f 2850/2850 2851/2851 2849/2849
f 2851/2851 2850/2850 2852/2852
f 2853/2853 2854/2854 2855/2855
f 2854/2854 2853/2853 2856/2856
f 2856/2856 2857/2857 2854/2854
f 2857/2857 2856/2856 2858/2858
f 2858/2858 2859/2859 2857/2857
f 2859/2859 2858/2858 2860/2860
f 2861/2861 2862/2862 2863/2863
f 2862/2862 2861/2861 2864/2864
f 2865/2865 2864/2864 2861/2861
f 2864/2864 2866/2866 2862/2862
f 2864/2864 2865/2865 2867/2867
f 2866/2866 2864/2864 2868/2868
f 2867/2867 2868/2868 2864/2864
f 2868/2868 2869/2869 2866/2866
f 2868/2868 2867/2867 2870/2870
f 2869/2869 2868/2868 2871/2871
f 2870/2870 2871/2871 2868/2868
f 2871/2871 2870/2870 2872/2872
f 2873/2873 2874/2874 2875/2875
f 2874/2874 2873/2873 2876/2876
f 2876/2876 2877/2877 2874/2874
f 2878/2878 2876/2876 2873/2873
f 2877/2877 2876/2876 2879/2879
f 2879/2879 2880/2880 2877/2877
f 2880/2880 2879/2879 2881/2881
f 2876/2876 2878/2878 2882/2882
f 2882/2882 2879/2879 2876/2876
f 2883/2883 2881/2881 2879/2879
f 2879/2879 2882/2882 2883/2883
f 2881/2881 2883/2883 2884/2884
f 2883/2883 2885/2885 2884/2884
f 2885/2885 2883/2883 2886/2886
f 2882/2882 2886/2886 2883/2883
f 2886/2886 2882/2882 2887/2887
f 2878/2878 2887/2887 2882/2882
f 2887/2887 2878/2878 2888/2888
f 2889/2889 2890/2890 2891/2891
f 2890/2890 2889/2889 2892/2892
f 2892/2892 2893/2893 2890/2890
f 2893/2893 2892/2892 2894/2894
f 2895/2895 2896/2896 2897/2897
f 2896/2896 2895/2895 2898/2898
f 2898/2898 2899/2899 2896/2896
f 2899/2899 2898/2898 2900/2900
f 2900/2900 2901/2901 2899/2899
f 2901/2901 2900/2900 2902/2902
f 2902/2902 2903/2903 2901/2901
f 2903/2903 2902/2902 2904/2904
f 2905/2905 2906/2906 2907/2907
f 2906/2906 2905/2905 2908/2908
f 2908/2908 2909/2909 2906/2906
f 2909/2909 2908/2908 2910/2910
f 2911/2911 2912/2912 2913/2913
f 2912/2912 2911/2911 2914/2914
f 2914/2914 2915/2915 2912/2912
f 2915/2915 2914/2914 2916/2916
f 2917/2917 2918/2918 2919/2919
f 2918/2918 2917/2917 2920/2920
f 2920/2920 2921/2921 2918/2918
f 2921/2921 2920/2920 2922/2922
f 2923/2923 2924/2924 2925/2925
f 2924/2924 2923/2923 2926/2926
f 2926/2926 2927/2927 2924/2924
f 2927/2927 2926/2926 2928/2928
f 2929/2929 2930/2930 2931/2931
f 2930/2930 2929/2929 2932/2932
f 2932/2932 2933/2933 2930/2930
f 2933/2933 2932/2932 2934/2934
f 2935/2935 2936/2936 2937/2937
f 2936/2936 2935/2935 2938/2938
f 2938/2938 2939/2939 2936/2936
f 2939/2939 2938/2938 2940/2940
f 2941/2941 2942/2942 2943/2943
f 2942/2942 2941/2941 2944/2944
f 2944/2944 2945/2945 2942/2942
f 2945/2945 2944/2944 2946/2946
f 2947/2947 2948/2948 2949/2949
f 2948/2948 2947/2947 2950/2950
f 2950/2950 2951/2951 2948/2948
f 2952/2952 2950/2950 2947/2947
f 2951/2951 2950/2950 2953/2953
f 2953/2953 2954/2954 2951/2951
f 2954/2954 2953/2953 2955/2955
f 2950/2950 2952/2952 2956/2956
f 2956/2956 2953/2953 2950/2950
f 2957/2957 2956/2956 2952/2952
f 2956/2956 2957/2957 2958/2958
f 2959/2959 2955/2955 2953/2953
f 2953/2953 2956/2956 2959/2959
f 2958/2958 2959/2959 2956/2956
f 2955/2955 2959/2959 2960/2960
f 2959/2959 2958/2958 2961/2961
f 2961/2961 2960/2960 2959/2959
f 2960/2960 2961/2961 2962/2962
f 2963/2963 2964/2964 2965/2965
f 2964/2964 2963/2963 2966/2966
f 2966/2966 2967/2967 2964/2964
f 2968/2968 2966/2966 2963/2963
f 2967/2967 2966/2966 2969/2969
f 2969/2969 2970/2970 2967/2967
f 2970/2970 2969/2969 2971/2971
f 2966/2966 2968/2968 2972/2972
f 2972/2972 2969/2969 2966/2966
f 2973/2973 2972/2972 2968/2968
f 2972/2972 2973/2973 2974/2974
f 2975/2975 2971/2971 2969/2969
f 2969/2969 2972/2972 2975/2975
f 2974/2974 2975/2975 2972/2972
f 2971/2971 2975/2975 2976/2976
f 2975/2975 2974/2974 2977/2977
f 2977/2977 2976/2976 2975/2975
f 2976/2976 2977/2977 2978/2978
f 2979/2979 2980/2980 2981/2981
f 2980/2980 2979/2979 2982/2982
f 2982/2982 2983/2983 2980/2980
f 2983/2983 2982/2982 2984/2984
f 2984/2984 2985/2985 2983/2983
f 2985/2985 2984/2984 2986/2986
f 2987/2987 2988/2988 2989/2989
f 2988/2988 2987/2987 2990/2990
f 2990/2990 2991/2991 2988/2988
f 2991/2991 2990/2990 2992/2992
f 2992/2992 2993/2993 2991/2991
f 2993/2993 2992/2992 2994/2994
f 2995/2995 2996/2996 2997/2997
f 2996/2996 2995/2995 2998/2998
f 2999/2999 2998/2998 2995/2995
f 2998/2998 3000/3000 2996/2996
f 2998/2998 2999/2999 3001/3001
f 3000/3000 2998/2998 3002/3002
f 3001/3001 3002/3002 2998/2998
f 3002/3002 3003/3003 3000/3000
f 3002/3002 3001/3001 3004/3004
f 3003/3003 3002/3002 3005/3005
f 3004/3004 3005/3005 3002/3002
f 3005/3005 3004/3004 3006/3006
f 3007/3007 3008/3008 3009/3009
f 3008/3008 3007/3007 3010/3010
f 3010/3010 3011/3011 3008/3008
f 3012/3012 3010/3010 3007/3007
f 3011/3011 3010/3010 3013/3013
f 3013/3013 3014/3014 3011/3011
f 3014/3014 3013/3013 3015/3015
f 3010/3010 3012/3012 3016/3016
f 3016/3016 3013/3013 3010/3010
f 3017/3017 3015/3015 3013/3013
f 3013/3013 3016/3016 3017/3017
f 3015/3015 3017/3017 3018/3018
f 3017/3017 3019/3019 3018/3018
f 3019/3019 3017/3017 3020/3020
f 3016/3016 3020/3020 3017/3017
f 3020/3020 3016/3016 3021/3021
f 3012/3012 3021/3021 3016/3016
f 3021/3021 3012/3012 3022/3022
f 3023/3023 3024/3024 3025/3025
f 3024/3024 3023/3023 3026/3026
f 3026/3026 3027/3027 3024/3024
f 3027/3027 3026/3026 3028/3028
f 3029/3029 3030/3030 3031/3031
f 3030/3030 3029/3029 3032/3032
f 3032/3032 3033/3033 3030/3030
f 3033/3033 3032/3032 3034/3034
f 3035/3035 3036/3036 3037/3037
f 3036/3036 3035/3035 3038/3038
f 3038/3038 3039/3039 3036/3036
f 3040/3040 3038/3038 3035/3035
f 3039/3039 3038/3038 3041/3041
f 3041/3041 3042/3042 3039/3039
f 3042/3042 3041/3041 3043/3043
f 3038/3038 3040/3040 3044/3044
f 3044/3044 3041/3041 3038/3038
f 3045/3045 3044/3044 3040/3040
f 3044/3044 3045/3045 3046/3046
f 3047/3047 3043/3043 3041/3041
f 3041/3041 3044/3044 3047/3047
f 3046/3046 3047/3047 3044/3044
f 3043/3043 3047/3047 3048/3048
f 3047/3047 3046/3046 3049/3049
f 3049/3049 3048/3048 3047/3047
f 3048/3048 3049/3049 3050/3050
f 3051/3051 3052/3052 3053/3053
f 3052/3052 3051/3051 3054/3054
f 3055/3055 3054/3054 3051/3051
f 3054/3054 3056/3056 3052/3052
f 3054/3054 3055/3055 3057/3057
f 3058/3058 3057/3057 3055/3055
f 3057/3057 3058/3058 3059/3059
f 3056/3056 3054/3054 3060/3060
f 3057/3057 3060/3060 3054/3054
f 3059/3059 3061/3061 3057/3057
f 3060/3060 3057/3057 3061/3061
f 3061/3061 3059/3059 3062/3062
f 3063/3063 3061/3061 3062/3062
f 3061/3061 3063/3063 3064/3064
f 3064/3064 3060/3060 3061/3061
f 3060/3060 3064/3064 3065/3065
f 3065/3065 3056/3056 3060/3060
f 3056/3056 3065/3065 3066/3066
f 3067/3067 3068/3068 3069/3069
f 3068/3068 3067/3067 3070/3070
f 3071/3071 3070/3070 3067/3067
f 3070/3070 3071/3071 3072/3072
f 3073/3073 3072/3072 3071/3071
f 3072/3072 3073/3073 3074/3074
f 3075/3075 3074/3074 3073/3073
f 3074/3074 3075/3075 3076/3076
f 3077/3077 3078/3078 3079/3079
f 3078/3078 3077/3077 3080/3080
f 3081/3081 3080/3080 3077/3077
f 3080/3080 3081/3081 3082/3082
f 3083/3083 3082/3082 3081/3081
f 3082/3082 3083/3083 3084/3084
f 3085/3085 3084/3084 3083/3083
f 3084/3084 3085/3085 3086/3086
f 3087/3087 3088/3088 3089/3089
f 3088/3088 3087/3087 3090/3090
f 3090/3090 3091/3091 3088/3088
f 3092/3092 3090/3090 3087/3087
f 3091/3091 3090/3090 3093/3093
f 3093/3093 3094/3094 3091/3091
f 3094/3094 3093/3093 3095/3095
f 3090/3090 3092/3092 3096/3096
f 3096/3096 3093/3093 3090/3090
f 3097/3097 3096/3096 3092/3092
f 3096/3096 3097/3097 3098/3098
f 3099/3099 3095/3095 3093/3093
f 3093/3093 3096/3096 3099/3099
f 3098/3098 3099/3099 3096/3096
f 3095/3095 3099/3099 3100/3100
f 3099/3099 3098/3098 3101/3101
f 3101/3101 3100/3100 3099/3099
f 3100/3100 3101/3101 3102/3102
f 3103/3103 3104/3104 3105/3105
f 3104/3104 3103/3103 3106/3106
f 3106/3106 3107/3107 3104/3104
f 3108/3108 3106/3106 3103/3103
f 3107/3107 3106/3106 3109/3109
f 3109/3109 3110/3110 3107/3107
f 3110/3110 3109/3109 3111/3111
f 3106/3106 3108/3108 3112/3112
f 3112/3112 3109/3109 3106/3106
f 3113/3113 3112/3112 3108/3108
f 3112/3112 3113/3113 3114/3114
f 3115/3115 3112/3112 3114/3114
f 3116/3116 3111/3111 3109/3109
f 3109/3109 3112/3112 3116/3116
f 3112/3112 3115/3115 3116/3116
f 3111/3111 3116/3116 3117/3117
f 3115/3115 3117/3117 3116/3116
f 3117/3117 3115/3115 3118/3118
f 3119/3119 3120/3120 3121/3121
f 3120/3120 3119/3119 3122/3122
f 3119/3119 3123/3123 3122/3122
f 3123/3123 3119/3119 3124/3124
f 3125/3125 3123/3123 3124/3124
f 3123/3123 3125/3125 3126/3126
f 3127/3127 3126/3126 3125/3125
f 3126/3126 3127/3127 3128/3128
f 3129/3129 3130/3130 3131/3131
f 3129/3129 3132/3132 3130/3130
f 3130/3130 3132/3132 3133/3133
f 3134/3134 3135/3135 3136/3136
f 3135/3135 3134/3134 3137/3137
f 3134/3134 3138/3138 3137/3137
f 3138/3138 3134/3134 3139/3139
f 3139/3139 3140/3140 3138/3138
f 3140/3140 3139/3139 3141/3141
f 3142/3142 3143/3143 3144/3144
f 3143/3143 3142/3142 3145/3145
f 3145/3145 3146/3146 3143/3143
f 3146/3146 3145/3145 3147/3147
f 3148/3148 3146/3146 3147/3147
f 3146/3146 3148/3148 3149/3149
f 3150/3150 3151/3151 3152/3152
f 3151/3151 3150/3150 3153/3153
f 3154/3154 3151/3151 3153/3153
f 3151/3151 3154/3154 3155/3155
f 3156/3156 3155/3155 3154/3154
f 3155/3155 3156/3156 3157/3157
f 3158/3158 3159/3159 3160/3160
f 3159/3159 3158/3158 3161/3161
f 3158/3158 3162/3162 3161/3161
f 3162/3162 3158/3158 3163/3163
f 3163/3163 3164/3164 3162/3162
f 3164/3164 3163/3163 3165/3165
f 3166/3166 3167/3167 3168/3168
f 3167/3167 3166/3166 3169/3169
f 3169/3169 3170/3170 3167/3167
f 3170/3170 3169/3169 3171/3171
f 3171/3171 3172/3172 3170/3170
f 3172/3172 3171/3171 3173/3173
f 3174/3174 3175/3175 3176/3176
f 3175/3175 3174/3174 3177/3177
f 3178/3178 3175/3175 3177/3177
f 3175/3175 3178/3178 3179/3179
f 3180/3180 3179/3179 3178/3178
f 3179/3179 3180/3180 3181/3181
f 3182/3182 3183/3183 3184/3184
f 3183/3183 3182/3182 3185/3185
f 3182/3182 3186/3186 3185/3185
f 3186/3186 3182/3182 3187/3187
f 3187/3187 3188/3188 3186/3186
f 3188/3188 3187/3187 3189/3189
f 3190/3190 3191/3191 3192/3192
f 3191/3191 3190/3190 3193/3193
f 3193/3193 3194/3194 3191/3191
f 3194/3194 3193/3193 3195/3195
f 3195/3195 3196/3196 3194/3194
f 3196/3196 3195/3195 3197/3197
f 3198/3198 3199/3199 3200/3200
f 3199/3199 3198/3198 3201/3201
f 3201/3201 3202/3202 3199/3199
f 3202/3202 3201/3201 3203/3203
f 3203/3203 3204/3204 3202/3202
f 3204/3204 3203/3203 3205/3205
f 3206/3206 3207/3207 3208/3208
f 3207/3207 3206/3206 3209/3209
f 3210/3210 3207/3207 3209/3209
f 3207/3207 3210/3210 3211/3211
f 3210/3210 3212/3212 3211/3211
f 3212/3212 3210/3210 3213/3213
f 3213/3213 3214/3214 3212/3212
f 3214/3214 3213/3213 3215/3215
f 3216/3216 3217/3217 3218/3218
f 3216/3216 3219/3219 3217/3217
f 3217/3217 3219/3219 3220/3220
f 3221/3221 3222/3222 3223/3223
f 3222/3222 3221/3221 3224/3224
f 3224/3224 3225/3225 3222/3222
f 3225/3225 3224/3224 3226/3226
f 3226/3226 3227/3227 3225/3225
f 3227/3227 3226/3226 3228/3228
f 3228/3228 3229/3229 3227/3227
f 3229/3229 3228/3228 3230/3230
f 3231/3231 3232/3232 3233/3233
f 3231/3231 3234/3234 3232/3232
f 3231/3231 3235/3235 3234/3234
f 3236/3236 3237/3237 3238/3238
f 3237/3237 3236/3236 3239/3239
f 3240/3240 3237/3237 3239/3239
f 3237/3237 3240/3240 3241/3241
f 3240/3240 3242/3242 3241/3241
f 3242/3242 3240/3240 3243/3243
f 3243/3243 3244/3244 3242/3242
f 3244/3244 3243/3243 3245/3245
f 3246/3246 3247/3247 3248/3248
f 3246/3246 3249/3249 3247/3247
f 3247/3247 3249/3249 3250/3250
f 3251/3251 3252/3252 3253/3253
f 3252/3252 3251/3251 3254/3254
f 3254/3254 3255/3255 3252/3252
f 3255/3255 3254/3254 3256/3256
f 3256/3256 3257/3257 3255/3255
f 3257/3257 3256/3256 3258/3258
f 3258/3258 3259/3259 3257/3257
f 3259/3259 3258/3258 3260/3260
f 3261/3261 3262/3262 3263/3263
f 3261/3261 3264/3264 3262/3262
f 3261/3261 3265/3265 3264/3264
f 3266/3266 3267/3267 3268/3268
f 3267/3267 3266/3266 3269/3269
f 3269/3269 3270/3270 3267/3267
f 3270/3270 3269/3269 3271/3271
f 3271/3271 3272/3272 3270/3270
f 3272/3272 3271/3271 3273/3273
f 3273/3273 3274/3274 3272/3272
f 3274/3274 3273/3273 3275/3275
f 3276/3276 3277/3277 3278/3278
f 3276/3276 3279/3279 3277/3277
f 3276/3276 3280/3280 3279/3279
f 3281/3281 3282/3282 3283/3283
f 3282/3282 3281/3281 3284/3284
f 3285/3285 3282/3282 3284/3284
f 3282/3282 3285/3285 3286/3286
f 3285/3285 3287/3287 3286/3286
f 3287/3287 3285/3285 3288/3288
f 3288/3288 3289/3289 3287/3287
f 3289/3289 3288/3288 3290/3290
f 3291/3291 3292/3292 3293/3293
f 3291/3291 3294/3294 3292/3292
f 3291/3291 3295/3295 3294/3294
f 3296/3296 3297/3297 3298/3298
f 3297/3297 3296/3296 3299/3299
f 3300/3300 3297/3297 3299/3299
f 3297/3297 3300/3300 3301/3301
f 3302/3302 3301/3301 3300/3300
f 3301/3301 3302/3302 3303/3303
f 3304/3304 3305/3305 3306/3306
f 3305/3305 3304/3304 3307/3307
f 3308/3308 3307/3307 3304/3304
f 3307/3307 3308/3308 3309/3309
f 3308/3308 3310/3310 3309/3309
f 3310/3310 3308/3308 3311/3311
f 3312/3312 3313/3313 3314/3314
f 3313/3313 3312/3312 3315/3315
f 3312/3312 3316/3316 3315/3315
f 3316/3316 3312/3312 3317/3317
f 3317/3317 3318/3318 3316/3316
f 3318/3318 3317/3317 3319/3319
f 3320/3320 3321/3321 3322/3322
f 3321/3321 3320/3320 3323/3323
f 3324/3324 3321/3321 3323/3323
f 3321/3321 3324/3324 3325/3325
f 3326/3326 3325/3325 3324/3324
f 3325/3325 3326/3326 3327/3327
f 3328/3328 3329/3329 3330/3330
f 3329/3329 3328/3328 3331/3331
f 3332/3332 3331/3331 3328/3328
f 3331/3331 3332/3332 3333/3333
f 3334/3334 3333/3333 3332/3332
f 3333/3333 3334/3334 3335/3335
f 3336/3336 3337/3337 3338/3338
f 3337/3337 3336/3336 3339/3339
f 3336/3336 3340/3340 3339/3339
f 3340/3340 3336/3336 3341/3341
f 3341/3341 3342/3342 3340/3340
f 3342/3342 3341/3341 3343/3343
f 3344/3344 3345/3345 3346/3346
f 3345/3345 3344/3344 3347/3347
f 3348/3348 3345/3345 3347/3347
f 3345/3345 3348/3348 3349/3349
f 3350/3350 3349/3349 3348/3348
f 3349/3349 3350/3350 3351/3351
f 3352/3352 3353/3353 3354/3354
f 3353/3353 3352/3352 3355/3355
f 3356/3356 3355/3355 3352/3352
f 3355/3355 3356/3356 3357/3357
f 3358/3358 3357/3357 3356/3356
f 3357/3357 3358/3358 3359/3359
f 3360/3360 3361/3361 3362/3362
f 3361/3361 3360/3360 3363/3363
f 3364/3364 3363/3363 3360/3360
f 3363/3363 3364/3364 3365/3365
f 3366/3366 3365/3365 3364/3364
f 3365/3365 3366/3366 3367/3367
f 3368/3368 3369/3369 3370/3370
f 3369/3369 3368/3368 3371/3371
f 3372/3372 3371/3371 3368/3368
f 3371/3371 3372/3372 3373/3373
f 3374/3374 3373/3373 3372/3372
f 3373/3373 3374/3374 3375/3375
f 3373/3373 3376/3376 3377/3377
f 3376/3376 3373/3373 3378/3378
f 3379/3379 3380/3380 3381/3381
f 3380/3380 3379/3379 3382/3382
f 3380/3380 3383/3383 3384/3384
f 3383/3383 3380/3380 3385/3385
f 3386/3386 3385/3385 3380/3380
f 3385/3385 3386/3386 3387/3387
f 3388/3388 3387/3387 3386/3386
f 3387/3387 3388/3388 3389/3389
f 3390/3390 3391/3391 3387/3387
f 3391/3391 3390/3390 3392/3392
f 3393/3393 3394/3394 3395/3395
f 3394/3394 3393/3393 3396/3396
f 3394/3394 3397/3397 3398/3398
f 3397/3397 3394/3394 3399/3399
f 3400/3400 3399/3399 3394/3394
f 3399/3399 3400/3400 3401/3401
f 3402/3402 3401/3401 3400/3400
f 3401/3401 3402/3402 3403/3403
f 3404/3404 3405/3405 3401/3401
f 3405/3405 3404/3404 3406/3406
f 3407/3407 3408/3408 3409/3409
f 3408/3408 3407/3407 3410/3410
f 3408/3408 3411/3411 3412/3412
f 3411/3411 3408/3408 3413/3413
f 3414/3414 3413/3413 3408/3408
f 3413/3413 3414/3414 3415/3415
f 3416/3416 3415/3415 3414/3414
f 3415/3415 3416/3416 3417/3417
f 3418/3418 3419/3419 3415/3415
f 3419/3419 3418/3418 3420/3420
f 3421/3421 3422/3422 3423/3423
f 3422/3422 3421/3421 3424/3424
f 3422/3422 3425/3425 3426/3426
f 3425/3425 3422/3422 3427/3427
f 3428/3428 3427/3427 3422/3422
f 3427/3427 3428/3428 3429/3429
f 3430/3430 3429/3429 3428/3428
f 3429/3429 3430/3430 3431/3431
f 3432/3432 3433/3433 3429/3429
f 3433/3433 3432/3432 3434/3434
f 3435/3435 3436/3436 3437/3437
f 3436/3436 3435/3435 3438/3438
f 3436/3436 3439/3439 3440/3440
f 3439/3439 3436/3436 3441/3441
f 3442/3442 3441/3441 3436/3436
f 3441/3441 3442/3442 3443/3443
f 3444/3444 3443/3443 3442/3442
f 3443/3443 3444/3444 3445/3445
f 3446/3446 3447/3447 3443/3443
f 3447/3447 3446/3446 3448/3448
f 3449/3449 3450/3450 3451/3451
f 3450/3450 3449/3449 3452/3452
f 3450/3450 3453/3453 3454/3454
f 3453/3453 3450/3450 3455/3455
f 3456/3456 3455/3455 3450/3450
f 3455/3455 3456/3456 3457/3457
f 3458/3458 3457/3457 3456/3456
f 3457/3457 3458/3458 3459/3459
f 3460/3460 3461/3461 3457/3457
f 3461/3461 3460/3460 3462/3462
f 3463/3463 3464/3464 3465/3465
f 3464/3464 3463/3463 3466/3466
f 3467/3467 3468/3468 3469/3469
f 3468/3468 3467/3467 3470/3470
f 3471/3471 3472/3472 3473/3473
f 3472/3472 3471/3471 3474/3474
f 3475/3475 3476/3476 3477/3477
f 3476/3476 3475/3475 3478/3478
f 3479/3479 3480/3480 3481/3481
f 3480/3480 3479/3479 3482/3482
f 3483/3483 3484/3484 3485/3485
f 3484/3484 3483/3483 3486/3486
f 3487/3487 3488/3488 3489/3489
f 3488/3488 3487/3487 3490/3490
f 3491/3491 3492/3492 3493/3493
f 3492/3492 3491/3491 3494/3494
f 3492/3492 3495/3495 3496/3496
f 3495/3495 3492/3492 3497/3497
f 3498/3498 3497/3497 3492/3492
f 3497/3497 3498/3498 3499/3499
f 3500/3500 3499/3499 3498/3498
f 3499/3499 3500/3500 3501/3501
f 3502/3502 3503/3503 3499/3499
f 3503/3503 3502/3502 3504/3504
f 3505/3505 3506/3506 3507/3507
f 3506/3506 3505/3505 3508/3508
f 3509/3509 3510/3510 3511/3511
f 3510/3510 3509/3509 3512/3512
f 3510/3510 3513/3513 3514/3514
f 3513/3513 3510/3510 3515/3515
f 3516/3516 3515/3515 3510/3510
f 3515/3515 3516/3516 3517/3517
f 3518/3518 3517/3517 3516/3516
f 3517/3517 3518/3518 3519/3519
f 3520/3520 3521/3521 3517/3517
f 3521/3521 3520/3520 3522/3522
f 3523/3523 3524/3524 3525/3525
f 3524/3524 3523/3523 3526/3526
f 3527/3527 3528/3528 3529/3529
f 3528/3528 3527/3527 3530/3530
f 3528/3528 3531/3531 3532/3532
f 3531/3531 3528/3528 3533/3533
f 3534/3534 3533/3533 3528/3528
f 3533/3533 3534/3534 3535/3535
f 3536/3536 3535/3535 3534/3534
f 3535/3535 3536/3536 3537/3537
f 3538/3538 3539/3539 3535/3535
f 3539/3539 3538/3538 3540/3540
f 3541/3541 3542/3542 3543/3543
f 3542/3542 3541/3541 3544/3544
f 3545/3545 3546/3546 3547/3547
f 3546/3546 3545/3545 3548/3548
f 3546/3546 3549/3549 3550/3550
f 3549/3549 3546/3546 3551/3551
f 3552/3552 3551/3551 3546/3546
f 3551/3551 3552/3552 3553/3553
f 3554/3554 3553/3553 3552/3552
f 3553/3553 3554/3554 3555/3555
f 3556/3556 3557/3557 3553/3553
f 3557/3557 3556/3556 3558/3558
f 3559/3559 3560/3560 3561/3561
f 3560/3560 3559/3559 3562/3562
f 3563/3563 3564/3564 3565/3565
f 3564/3564 3563/3563 3566/3566
f 3564/3564 3567/3567 3568/3568
f 3567/3567 3564/3564 3569/3569
f 3570/3570 3569/3569 3564/3564
f 3569/3569 3570/3570 3571/3571
f 3572/3572 3571/3571 3570/3570
f 3571/3571 3572/3572 3573/3573
f 3574/3574 3575/3575 3571/3571
f 3575/3575 3574/3574 3576/3576
f 3577/3577 3578/3578 3579/3579
f 3578/3578 3577/3577 3580/3580
f 3581/3581 3582/3582 3583/3583
f 3582/3582 3581/3581 3584/3584
f 3582/3582 3585/3585 3586/3586
f 3585/3585 3582/3582 3587/3587
f 3588/3588 3587/3587 3582/3582
f 3587/3587 3588/3588 3589/3589
f 3590/3590 3589/3589 3588/3588
f 3589/3589 3590/3590 3591/3591
f 3592/3592 3593/3593 3589/3589
f 3593/3593 3592/3592 3594/3594
f 3595/3595 3596/3596 3597/3597
f 3596/3596 3595/3595 3598/3598
f 3599/3599 3600/3600 3601/3601
f 3600/3600 3599/3599 3602/3602
f 3600/3600 3603/3603 3604/3604
f 3603/3603 3600/3600 3605/3605
f 3606/3606 3605/3605 3600/3600
f 3605/3605 3606/3606 3607/3607
f 3608/3608 3607/3607 3606/3606
f 3607/3607 3608/3608 3609/3609
f 3610/3610 3611/3611 3607/3607
f 3611/3611 3610/3610 3612/3612
f 3613/3613 3614/3614 3615/3615
f 3614/3614 3613/3613 3616/3616
f 3617/3617 3618/3618 3619/3619
f 3618/3618 3617/3617 3620/3620
f 3618/3618 3621/3621 3622/3622
f 3621/3621 3618/3618 3623/3623
f 3624/3624 3623/3623 3618/3618
f 3623/3623 3624/3624 3625/3625
f 3626/3626 3625/3625 3624/3624
f 3625/3625 3626/3626 3627/3627
f 3628/3628 3629/3629 3625/3625
f 3629/3629 3628/3628 3630/3630
f 3631/3631 3632/3632 3633/3633
f 3632/3632 3631/3631 3634/3634
f 3635/3635 3636/3636 3637/3637
f 3636/3636 3635/3635 3638/3638
f 3636/3636 3639/3639 3640/3640
f 3639/3639 3636/3636 3641/3641
f 3642/3642 3641/3641 3636/3636
f 3641/3641 3642/3642 3643/3643
f 3644/3644 3643/3643 3642/3642
f 3643/3643 3644/3644 3645/3645
f 3646/3646 3647/3647 3643/3643
f 3647/3647 3646/3646 3648/3648
f 3649/3649 3650/3650 3651/3651
f 3650/3650 3649/3649 3652/3652
f 3653/3653 3654/3654 3655/3655
f 3654/3654 3653/3653 3656/3656
f 3656/3656 3657/3657 3654/3654
f 3657/3657 3656/3656 3658/3658
f 3658/3658 3659/3659 3657/3657
f 3659/3659 3658/3658 3660/3660
f 3658/3658 3661/3661 3662/3662
f 3661/3661 3658/3658 3663/3663
f 3664/3664 3665/3665 3666/3666
f 3665/3665 3664/3664 3667/3667
f 3668/3668 3665/3665 3669/3669
f 3665/3665 3668/3668 3670/3670
f 3670/3670 3671/3671 3665/3665
f 3671/3671 3670/3670 3672/3672
f 3672/3672 3673/3673 3671/3671
f 3673/3673 3672/3672 3674/3674
f 3675/3675 3676/3676 3672/3672
f 3676/3676 3675/3675 3677/3677
f 3678/3678 3679/3679 3680/3680
f 3679/3679 3678/3678 3681/3681
f 3682/3682 3679/3679 3683/3683
f 3679/3679 3682/3682 3684/3684
f 3684/3684 3685/3685 3679/3679
f 3685/3685 3684/3684 3686/3686
f 3686/3686 3687/3687 3685/3685
f 3687/3687 3686/3686 3688/3688
f 3689/3689 3690/3690 3686/3686
f 3690/3690 3689/3689 3691/3691
f 3692/3692 3693/3693 3694/3694
f 3693/3693 3692/3692 3695/3695
f 3696/3696 3693/3693 3697/3697
f 3693/3693 3696/3696 3698/3698
f 3698/3698 3699/3699 3693/3693
f 3699/3699 3698/3698 3700/3700
f 3700/3700 3701/3701 3699/3699
f 3701/3701 3700/3700 3702/3702
f 3703/3703 3704/3704 3700/3700
f 3704/3704 3703/3703 3705/3705
f 3706/3706 3707/3707 3708/3708
f 3707/3707 3706/3706 3709/3709
f 3710/3710 3707/3707 3711/3711
f 3707/3707 3710/3710 3712/3712
f 3712/3712 3713/3713 3707/3707
f 3713/3713 3712/3712 3714/3714
f 3714/3714 3715/3715 3713/3713
f 3715/3715 3714/3714 3716/3716
f 3717/3717 3718/3718 3714/3714
f 3718/3718 3717/3717 3719/3719
f 3720/3720 3721/3721 3722/3722
f 3721/3721 3720/3720 3723/3723
f 3724/3724 3721/3721 3725/3725
f 3721/3721 3724/3724 3726/3726
f 3726/3726 3727/3727 3721/3721
f 3727/3727 3726/3726 3728/3728
f 3728/3728 3729/3729 3727/3727
f 3729/3729 3728/3728 3730/3730
f 3731/3731 3732/3732 3728/3728
f 3732/3732 3731/3731 3733/3733
f 3734/3734 3735/3735 3736/3736
f 3735/3735 3734/3734 3737/3737
f 3738/3738 3735/3735 3739/3739
f 3735/3735 3738/3738 3740/3740
f 3740/3740 3741/3741 3735/3735
f 3741/3741 3740/3740 3742/3742
f 3742/3742 3743/3743 3741/3741
f 3743/3743 3742/3742 3744/3744
f 3745/3745 3746/3746 3742/3742
f 3746/3746 3745/3745 3747/3747
f 3748/3748 3749/3749 3750/3750
f 3749/3749 3748/3748 3751/3751
f 3752/3752 3753/3753 3754/3754
f 3753/3753 3752/3752 3755/3755
f 3756/3756 3757/3757 3758/3758
f 3757/3757 3756/3756 3759/3759
f 3760/3760 3761/3761 3762/3762
f 3761/3761 3760/3760 3763/3763
f 3764/3764 3765/3765 3766/3766
f 3765/3765 3764/3764 3767/3767
f 3768/3768 3769/3769 3770/3770
f 3769/3769 3768/3768 3771/3771
f 3772/3772 3773/3773 3774/3774
f 3773/3773 3772/3772 3775/3775
f 3776/3776 3777/3777 3778/3778
f 3779/3779 3777/3777 3776/3776
f 3778/3778 3777/3777 3780/3780
f 3780/3780 3777/3777 3779/3779
f 3781/3781 3782/3782 3783/3783
f 3784/3784 3782/3782 3781/3781
f 3783/3783 3782/3782 3785/3785
f 3785/3785 3782/3782 3784/3784
f 3786/3786 3787/3787 3788/3788
f 3789/3789 3787/3787 3786/3786
f 3788/3788 3787/3787 3790/3790
f 3790/3790 3787/3787 3789/3789
f 3791/3791 3792/3792 3793/3793
f 3794/3794 3792/3792 3791/3791
f 3793/3793 3792/3792 3795/3795
f 3795/3795 3792/3792 3794/3794
f 3796/3796 3797/3797 3798/3798
f 3799/3799 3796/3796 3798/3798
f 3797/3797 3800/3800 3798/3798
f 3800/3800 3799/3799 3798/3798
f 3801/3801 3802/3802 3803/3803
f 3804/3804 3802/3802 3801/3801
f 3803/3803 3802/3802 3805/3805
f 3805/3805 3802/3802 3804/3804
f 3806/3806 3807/3807 3808/3808
f 3809/3809 3806/3806 3808/3808
f 3807/3807 3806/3806 3810/3810
f 3806/3806 3809/3809 3811/3811
f 3806/3806 3812/3812 3810/3810
f 3806/3806 3811/3811 3813/3813
f 3806/3806 3814/3814 3812/3812
f 3806/3806 3813/3813 3815/3815
f 3806/3806 3816/3816 3814/3814
f 3806/3806 3815/3815 3816/3816
f 3817/3817 3818/3818 3819/3819
f 3820/3820 3817/3817 3819/3819
f 3817/3817 3820/3820 3821/3821
f 3822/3822 3821/3821 3820/3820
f 3818/3818 3817/3817 3823/3823
f 3821/3821 3823/3823 3817/3817
f 3821/3821 3822/3822 3824/3824
f 3818/3818 3824/3824 3822/3822
f 3823/3823 3821/3821 3824/3824
f 3824/3824 3818/3818 3823/3823
f 3825/3825 3826/3826 3827/3827
f 3826/3826 3828/3828 3827/3827
f 3828/3828 3826/3826 3829/3829
f 3829/3829 3830/3830 3828/3828
f 3826/3826 3825/3825 3831/3831
f 3831/3831 3829/3829 3826/3826
f 3830/3830 3829/3829 3832/3832
f 3832/3832 3825/3825 3830/3830
f 3829/3829 3831/3831 3832/3832
f 3825/3825 3832/3832 3831/3831
f 3833/3833 3834/3834 3835/3835
f 3836/3836 3833/3833 3835/3835
f 3834/3834 3833/3833 3837/3837
f 3833/3833 3836/3836 3838/3838
f 3839/3839 3834/3834 3837/3837
f 3834/3834 3839/3839 3840/3840
f 3841/3841 3840/3840 3839/3839
f 3840/3840 3841/3841 3842/3842
f 3843/3843 3842/3842 3841/3841
f 3842/3842 3843/3843 3844/3844
f 3845/3845 3844/3844 3843/3843
f 3844/3844 3845/3845 3846/3846
f 3836/3836 3847/3847 3838/3838
f 3847/3847 3846/3846 3845/3845
f 3847/3847 3836/3836 3848/3848
f 3846/3846 3847/3847 3848/3848
f 3849/3849 3850/3850 3851/3851
f 3852/3852 3849/3849 3851/3851
f 3850/3850 3849/3849 3853/3853
f 3849/3849 3852/3852 3854/3854
f 3855/3855 3850/3850 3853/3853
f 3850/3850 3855/3855 3856/3856
f 3857/3857 3856/3856 3855/3855
f 3856/3856 3857/3857 3858/3858
f 3859/3859 3858/3858 3857/3857
f 3858/3858 3859/3859 3860/3860
f 3861/3861 3860/3860 3859/3859
f 3860/3860 3861/3861 3862/3862
f 3852/3852 3863/3863 3854/3854
f 3863/3863 3862/3862 3861/3861
f 3863/3863 3852/3852 3864/3864
f 3862/3862 3863/3863 3864/3864
f 3865/3865 3866/3866 3867/3867
f 3868/3868 3865/3865 3867/3867
f 3866/3866 3865/3865 3869/3869
f 3865/3865 3868/3868 3870/3870
f 3871/3871 3866/3866 3869/3869
f 3866/3866 3871/3871 3872/3872
f 3873/3873 3872/3872 3871/3871
f 3872/3872 3873/3873 3874/3874
f 3875/3875 3874/3874 3873/3873
f 3874/3874 3875/3875 3876/3876
f 3877/3877 3876/3876 3875/3875
f 3876/3876 3877/3877 3878/3878
f 3868/3868 3879/3879 3870/3870
f 3879/3879 3878/3878 3877/3877
f 3879/3879 3868/3868 3880/3880
f 3878/3878 3879/3879 3880/3880
f 3881/3881 3882/3882 3883/3883
f 3884/3884 3881/3881 3883/3883
f 3882/3882 3881/3881 3885/3885
f 3881/3881 3884/3884 3886/3886
f 3887/3887 3882/3882 3885/3885
f 3882/3882 3887/3887 3888/3888
f 3889/3889 3888/3888 3887/3887
f 3888/3888 3889/3889 3890/3890
f 3891/3891 3890/3890 3889/3889
f 3890/3890 3891/3891 3892/3892
f 3893/3893 3892/3892 3891/3891
f 3892/3892 3893/3893 3894/3894
f 3884/3884 3895/3895 3886/3886
f 3895/3895 3894/3894 3893/3893
f 3895/3895 3884/3884 3896/3896
f 3894/3894 3895/3895 3896/3896
f 3897/3897 3898/3898 3899/3899
f 3900/3900 3897/3897 3899/3899
f 3898/3898 3897/3897 3901/3901
f 3897/3897 3900/3900 3902/3902
f 3903/3903 3898/3898 3901/3901
f 3898/3898 3903/3903 3904/3904
f 3905/3905 3904/3904 3903/3903
f 3904/3904 3905/3905 3906/3906
f 3907/3907 3906/3906 3905/3905
f 3906/3906 3907/3907 3908/3908
f 3909/3909 3908/3908 3907/3907
f 3908/3908 3909/3909 3910/3910
f 3900/3900 3911/3911 3902/3902
f 3911/3911 3910/3910 3909/3909
f 3911/3911 3900/3900 3912/3912
f 3910/3910 3911/3911 3912/3912
f 3913/3913 3914/3914 3915/3915
f 3916/3916 3913/3913 3915/3915
f 3914/3914 3913/3913 3917/3917
f 3913/3913 3916/3916 3918/3918
f 3919/3919 3914/3914 3917/3917
f 3914/3914 3919/3919 3920/3920
f 3921/3921 3920/3920 3919/3919
f 3920/3920 3921/3921 3922/3922
f 3923/3923 3922/3922 3921/3921
f 3922/3922 3923/3923 3924/3924
f 3925/3925 3924/3924 3923/3923
f 3924/3924 3925/3925 3926/3926
f 3916/3916 3927/3927 3918/3918
f 3927/3927 3926/3926 3925/3925
f 3927/3927 3916/3916 3928/3928
f 3926/3926 3927/3927 3928/3928
f 3929/3929 3930/3930 3931/3931
f 3932/3932 3929/3929 3931/3931
f 3930/3930 3929/3929 3933/3933
f 3929/3929 3932/3932 3934/3934
f 3935/3935 3930/3930 3933/3933
f 3930/3930 3935/3935 3936/3936
f 3937/3937 3936/3936 3935/3935
f 3936/3936 3937/3937 3938/3938
f 3939/3939 3938/3938 3937/3937
f 3938/3938 3939/3939 3940/3940
f 3941/3941 3940/3940 3939/3939
f 3940/3940 3941/3941 3942/3942
f 3932/3932 3943/3943 3934/3934
f 3943/3943 3942/3942 3941/3941
f 3943/3943 3932/3932 3944/3944
f 3942/3942 3943/3943 3944/3944
f 3945/3945 3946/3946 3947/3947
f 3947/3947 3948/3948 3945/3945
f 3946/3946 3949/3949 3947/3947
f 3948/3948 3947/3947 3949/3949
f 3949/3949 3946/3946 3950/3950
f 3950/3950 3948/3948 3949/3949
f 3946/3946 3945/3945 3951/3951
f 3951/3951 3950/3950 3946/3946
f 3948/3948 3950/3950 3952/3952
f 3952/3952 3945/3945 3948/3948
f 3945/3945 3952/3952 3951/3951
f 3950/3950 3951/3951 3952/3952
f 3953/3953 3954/3954 3955/3955
f 3955/3955 3956/3956 3953/3953
f 3954/3954 3957/3957 3955/3955
f 3956/3956 3955/3955 3957/3957
f 3957/3957 3954/3954 3958/3958
f 3958/3958 3956/3956 3957/3957
f 3954/3954 3953/3953 3959/3959
f 3959/3959 3958/3958 3954/3954
f 3956/3956 3958/3958 3960/3960
f 3960/3960 3953/3953 3956/3956
f 3953/3953 3960/3960 3959/3959
f 3958/3958 3959/3959 3960/3960
